rank_scope,rank_scope_position,bestseller_rank,rank_delta,trend_score,niche_score,product_id,merchant_id,offer_key,title,brand,seller_name,price,original_price,price_delta_percent,stock_status,sales_signal,sales_signal_days,sales_signal_min,sales_signal_daily_min,rating,review_count,review_delta,question_count,campaigns,delivery_summary,detail_status,detail_age_days,url
kozmetik:makyaj,1,733,1,197.7,74.5,471651377,743162,471651377:743162,WIWIFY Su Bazlı Yoğun Nemlendirici Yüz Kremi 100 ml Tüm Cilt Tipleri 24 Saat Etkili,WIWIFY,,199.9,419.9,0,InStock,Son 3 günde 5B+ ürün satıldı!,3,5000,1666.7,4.5,,,,"[""Son 10 Günün En Düşük Fiyatı"",""Süper Fırsat Ürünü""]",,listing_only,,https://www.trendyol.com/wiwify/su-bazli-yogun-nemlendirici-yuz-kremi-100-ml-tum-cilt-tipleri-24-saat-etkili-p-471651377?boutiqueId=61&merchantId=743162
kozmetik:kozmetik-vitrini,4,4,4,175.3,73,94542562,138065,94542562:138065,Bargello 122 Kadın 50 ml Parfüm Edp Orıental,Bargello,Bargello,370,600,0,InStock,Son 3 günde 10B+ ürün satıldı!,3,10000,3333.3,4.508920616293979,23536,2,8803,"[""Kargo Bedava"",""Son 10 Günün En Düşük Fiyatı"",""Son 10 günün en düşük fiyatı""]",,refreshed,0,https://www.trendyol.com/bargello/122-kadin-50-ml-parfum-edp-oriental-p-94542562?boutiqueId=61&merchantId=138065
kozmetik:kozmetik-vitrini,8,8,4,173.6,71,279708971,122143,279708971:122143,"Imprime Muse Edp Kadın Parfüm 50ml | Çiçeksi, Meyveli | Frenk Üzümü, Lavanta, Yasemin, Vanilya, Misk, Amber",Imprime,Imprimé,579,1099,0,InStock,Son 3 günde 5B+ ürün satıldı!,3,5000,1666.7,4.161566208983011,10748,66,1572,"[""Kargo Bedava"",""Son 10 Günün En Düşük Fiyatı"",""Süper Fırsat Ürünü"",""Son 10 günün en düşük fiyatı""]",21 saat 54 dakika içinde sipariş verirsen yarın kargoda!,refreshed,0,https://www.trendyol.com/imprime/muse-edp-kadin-parfum-50ml-ciceksi-meyveli-frenk-uzumu-lavanta-yasemin-vanilya-misk-amber-p-279708971?boutiqueId=61&merchantId=122143
kozmetik:makyaj,10,742,,166.8,70,249124486,107819,249124486:107819,NYX Professional Makeup Bare With Me Kapatıcı Serum 02 Light Concealer,NYX Professional Makeup,L'Oreal,749.99,1499.99,-50,InStock,"Son 3 günde 1,5B+ ürün satıldı!",3,1500,500,4.6,9528,0,767,"[""Sepette %50 İndirim"",""Kargo Bedava""]",21 saat 52 dakika içinde sipariş verirsen Yarın kargoda,carried_forward,2,https://www.trendyol.com/nyx-professional-makeup/bare-with-me-kapatici-serum-02-light-concealer-p-249124486?boutiqueId=61&merchantId=107819
kozmetik:kozmetik-vitrini,10,10,183,166,76.4,1138203586,743162,1138203586:743162,"WIWIFY Su Bazlı Günlük Nemlendirici Jel Krem 100 ML | Hyaluronic Acid, Prebiyotik, Squalene, Niacinamide",WIWIFY,Wiwify,199.9,419.9,0,InStock,Son 3 günde 2B+ ürün satıldı!,3,2000,666.7,4.465648854961834,903,19,81,"[""Son 10 Günün En Düşük Fiyatı"",""Süper Fırsat Ürünü"",""Kargo Bedava"",""Son 10 günün en düşük fiyatı""]",21 saat 54 dakika içinde sipariş verirsen yarın kargoda!,refreshed,0,https://www.trendyol.com/wiwify/su-bazli-gunluk-nemlendirici-jel-krem-100-ml-hyaluronic-acid-prebiyotik-squalene-niacinamide-p-1138203586?boutiqueId=61&merchantId=743162
kozmetik:makyaj,2,734,,162.1,74,696721509,1142754,696721509:1142754,VULLY 24k Altın Parçacıklı Arındırıcı Nemlendirici Gözenek Sıkılaştırıcı Yüz Temizleme Jeli 200 Ml,VULLY,,399.2,499,,InStock,Son 3 günde 5B+ ürün satıldı!,3,5000,1666.7,4.4,,,,"[""Sepette %20 İndirim"",""Kargo Bedava""]",,listing_only,,https://www.trendyol.com/vully/24k-altin-parcacikli-arindirici-nemlendirici-gozenek-sikilastirici-yuz-temizleme-jeli-200-ml-p-696721509?boutiqueId=61&merchantId=1142754
kozmetik:kozmetik-vitrini,1,1,5,158.6,74.5,1016742922,1279865,1016742922:1279865,Embeauty Ultra Siyah Dolgunlaştırıcı Maskara – Hacim ve Uzunluk Etkili,Embeauty,Viel Kozmetik,229,275.72,0,InStock,Son 3 günde 10B+ ürün satıldı!,3,10000,3333.3,4.237485634018644,16387,56,1478,"[""Son 10 Günün En Düşük Fiyatı"",""Süper Fırsat Ürünü"",""Kargo Bedava"",""Trendyol Plus'a Özel""]",,refreshed,0,https://www.trendyol.com/embeauty/ultra-siyah-dolgunlastirici-maskara-hacim-ve-uzunluk-etkili-p-1016742922?boutiqueId=61&merchantId=1279865
kozmetik:kozmetik-vitrini,6,6,99,155.7,63.7,32332095,117151,32332095:117151,Bargello ERKEK PARFÜM 561 FRESH 50 ML EDP 8691841304531,Bargello,ONLİNE PARFUM,370,600,0,InStock,Son 3 günde 1B+ ürün satıldı!,3,1000,333.3,4.521724696020252,12520,-6,1455,"[""Kargo Bedava"",""Son 10 Günün En Düşük Fiyatı"",""Son 10 günün en düşük fiyatı""]",,refreshed,0,https://www.trendyol.com/bargello/erkek-parfum-561-fresh-50-ml-edp-8691841304531-p-32332095?boutiqueId=61&merchantId=117151
kozmetik:makyaj,19,751,-6,152.9,57.2,805657975,106684,805657975:106684,"Skin Sensual SPF50+ PA++++ Kapatıcı BB Krem Light 50 ml | Leke Karşıtı, Aydınlık Cilt Görünümü | UVA+UVB Koruma",Skin Sensual,Kozmetix House,331.6,829,0,InStock,Son 3 günde 1B+ ürün satıldı!,3,1000,333.3,4.4,18809,0,,"[""Sepette %60 İndirim""]",Tahmini Teslim:,carried_forward,11,https://www.trendyol.com/skin-sensual/spf50-pa-kapatici-bb-krem-light-50-ml-leke-karsiti-aydinlik-cilt-gorunumu-uva-uvb-koruma-p-805657975?boutiqueId=61&merchantId=106684
kozmetik:kozmetik-vitrini,7,7,20,146.3,45.2,307859093,387700,307859093:387700,KIKO Glossy Lip Set - Dudak Parlatıcısı Seti,KIKO,Kiko Milano,1598,2897,0,InStock,Son 3 günde 500+ ürün satıldı!,3,500,166.7,4.768569984840829,2460,3,275,"[""Kargo Bedava"",""Son 10 Günün En Düşük Fiyatı"",""Süper Fırsat Ürünü"",""Son 10 günün en düşük fiyatı""]",21 saat 54 dakika içinde sipariş verirsen yarın kargoda!,refreshed,0,https://www.trendyol.com/kiko/glossy-lip-set-dudak-parlaticisi-seti-p-307859093?boutiqueId=61&merchantId=387700
kozmetik:kozmetik-vitrini,22,22,59,144.2,64,338514842,122143,338514842:122143,"Imprime Cherié Edp Kadın Parfüm 50ml | Çiçeksi Ve Fresh | Çilek, Ananas, Şakayık, Müge, Yasemin, Amber",Imprime,Imprimé,579,1099,0,InStock,Son 3 günde 2B+ ürün satıldı!,3,2000,666.7,4.043752702118462,7194,10,1207,"[""Kargo Bedava"",""Son 10 Günün En Düşük Fiyatı"",""Süper Fırsat Ürünü"",""Son 10 günün en düşük fiyatı""]",21 saat 54 dakika içinde sipariş verirsen yarın kargoda!,refreshed,0,https://www.trendyol.com/imprime/cherie-edp-kadin-parfum-50ml-ciceksi-ve-fresh-cilek-ananas-sakayik-muge-yasemin-amber-p-338514842?boutiqueId=61&merchantId=122143
kozmetik:kozmetik-vitrini,472,472,-53,143.6,44.4,802277773,1158462,802277773:1158462,NIVOSHE Ağız Kokusu Giderici Sprey Ağız Kokusu Önleyici Sprey Ağız Kokusu Spreyi Propolis05,NIVOSHE,DEVACOS SAĞLIKLI YAŞAM ÜRÜNLERİ,1,299,0,InStock,Son 3 günde 1B+ ürün satıldı!,3,1000,333.3,4.1,2522,0,1097,[],11 saat 55 dakika içinde sipariş verirsen en geç yarın kargoda!,carried_forward,4,https://www.trendyol.com/nivoshe/agiz-kokusu-giderici-sprey-agiz-kokusu-onleyici-sprey-agiz-kokusu-spreyi-propolis05-p-802277773?boutiqueId=61&merchantId=1158462
kozmetik:makyaj,3,735,-2,143.6,73.5,318291787,556702,318291787:556702,Cream Co. Su Bazlı Moisturizer Nemlendirici Aydınlatıcı Yüz Kremi | Hyaluronik Asit | 50 ML | Tüm Cilt Tipleri,Cream Co.,,309.9,,0,InStock,Son 3 günde 2B+ ürün satıldı!,3,2000,666.7,4.6,,,,"[""Son 10 Günün En Düşük Fiyatı""]",,listing_only,,https://www.trendyol.com/cream-co/su-bazli-moisturizer-nemlendirici-aydinlatici-yuz-kremi-hyaluronik-asit-50-ml-tum-cilt-tipleri-p-318291787?boutiqueId=61&merchantId=556702
kozmetik:makyaj,4,736,-1,139.1,73,792461685,529402,792461685:529402,New Well Lıft me up Volume Mascara 8 ml,New Well,,499.9,,0,InStock,Son 3 günde 2B+ ürün satıldı!,3,2000,666.7,4.3,,,,"[""Son 10 Günün En Düşük Fiyatı"",""Süper Fırsat Ürünü""]",,listing_only,,https://www.trendyol.com/new-well/lift-me-up-volume-mascara-8-ml-p-792461685?boutiqueId=61&merchantId=529402
kozmetik:makyaj,5,737,0,138.6,72.5,6427232,104886,6427232:104886,Missha Ton Eşitleyici Aydınlatıcı Güneş Kremi 50ml A'PIEU Power Block Tone Up Base Pink SPF50+/PA++++,Missha,,570.62,,0.5,InStock,Son 3 günde 2B+ ürün satıldı!,3,2000,666.7,4.6,,,,"[""Kargo Bedava""]",,listing_only,,https://www.trendyol.com/missha/ton-esitleyici-aydinlatici-gunes-kremi-50ml-a-pieu-power-block-tone-up-base-pink-spf50-pa-p-6427232?boutiqueId=61&merchantId=104886
kozmetik:makyaj,7,739,1,135.6,71.5,4693899,105008,4693899:105008,Bioderma Sensibio Foaming Gel Hassas ve Normal Ciltler Durulanan Micellar Yüz Temizleme Jeli 500 ml,Bioderma,,999,1039,-3.8,InStock,Son 3 günde 2B+ ürün satıldı!,3,2000,666.7,4.5,,,,"[""Kargo Bedava"",""Son 10 Günün En Düşük Fiyatı""]",,listing_only,,https://www.trendyol.com/bioderma/sensibio-foaming-gel-hassas-ve-normal-ciltler-durulanan-micellar-yuz-temizleme-jeli-500-ml-p-4693899?boutiqueId=61&merchantId=105008
kozmetik:makyaj,6,738,-2,130.9,72,951788369,107302,951788369:107302,Sinoz Avokado Bomb Göz Çevresi Bakım Kremi - Nemlendirici Canlandırıcı Kırışıklık Karşıtı 15 ml,Sinoz,,439,,9.7,InStock,Son 3 günde 2B+ ürün satıldı!,3,2000,666.7,4.4,,,,"[""Kargo Bedava""]",,listing_only,,https://www.trendyol.com/sinoz/avokado-bomb-goz-cevresi-bakim-kremi-nemlendirici-canlandirici-kirisiklik-karsiti-15-ml-p-951788369?boutiqueId=61&merchantId=107302
kozmetik:kozmetik-vitrini,25,25,-12,125.4,62.5,729812633,139435,729812633:139435,TDRS Narcotic 100 ML Bergamot Özel Seri Uzun Süre Kalıcı Erkek Parfüm,TDRS,Tudors,393.56,586.31,0,InStock,Son 3 günde 2B+ ürün satıldı!,3,2000,666.7,4.227615566146869,11549,11,1398,"[""Son 10 Günün En Düşük Fiyatı"",""Süper Fırsat Ürünü"",""Kargo Bedava"",""Son 10 günün en düşük fiyatı"",""Trendyol Plus'a Özel""]",,refreshed,0,https://www.trendyol.com/tdrs/narcotic-100-ml-bergamot-ozel-seri-uzun-sure-kalici-erkek-parfum-p-729812633?boutiqueId=61&merchantId=139435
kozmetik:kozmetik-vitrini,35,35,-30,122.3,60.3,844065301,989677,844065301:989677,"ILLUSIONE Lumiére Edp Kadın Parfüm 50ml | Tatlı - Vanilya - Gurme | Narenciye, Müge, Orkide, Misk",ILLUSIONE,ILLUSIONE,479,1199,0,InStock,"Son 3 günde 1,5B+ ürün satıldı!",3,1500,500,4.135729613733906,2482,8,531,"[""Kargo Bedava"",""Son 10 Günün En Düşük Fiyatı"",""Süper Fırsat Ürünü"",""Son 10 günün en düşük fiyatı""]",,refreshed,0,https://www.trendyol.com/illusione/lumiere-edp-kadin-parfum-50ml-tatli-vanilya-gurme-narenciye-muge-orkide-misk-p-844065301?boutiqueId=61&merchantId=989677
kozmetik:kozmetik-vitrini,648,648,-48,122.3,22,1125408597,1055691,1125408597:1055691,LOVECRA Papatya Yüz Temizleme Köpüğü Gözenek Temizleyici Kan Dolaşımı Destekleyici Kuru Hassas Cilt Tipleri İçin 150 ml,LOVECRA,,1,389.99,0,InStock,Son 3 günde 250+ ürün satıldı!,3,250,83.3,4.5,,,,"[""Kargo Bedava""]",,listing_only,,https://www.trendyol.com/lovecra/papatya-yuz-temizleme-kopugu-gozenek-temizleyici-kan-dolasimi-destekleyici-kuru-hassas-cilt-tipleri-icin-150-ml-p-1125408597?boutiqueId=61&merchantId=1055691
kozmetik:makyaj,9,741,4,121.1,70.5,824080398,830154,824080398:830154,"CALLİEL Ton Eşitleyici , Aydınlatıcı Spf 50+ Renkli Güneş Kremi Glutatyon, Hyaluronik Asit Etkili 50 ml",CALLİEL,,195.92,,0,InStock,"Son 3 günde 1,5B+ ürün satıldı!",3,1500,500,4.2,,,,[],,listing_only,,https://www.trendyol.com/calliel/ton-esitleyici-aydinlatici-spf-50-renkli-gunes-kremi-glutatyon-hyaluronik-asit-etkili-50-ml-p-824080398?boutiqueId=61&merchantId=830154
kozmetik:makyaj,8,740,3,118.8,71.2,946244764,830154,946244764:830154,CALLİEL Günlük Renkli Likit Güneş Kremi Hafif Yapı Ton Eşitleyen +SPF 50 – 01 - 50 ml,CALLİEL,,278.05,,39.1,InStock,"Son 3 günde 1,5B+ ürün satıldı!",3,1500,500,4.1,,,,[],,listing_only,,https://www.trendyol.com/calliel/gunluk-renkli-likit-gunes-kremi-hafif-yapi-ton-esitleyen-spf-50-01-50-ml-p-946244764?boutiqueId=61&merchantId=830154
kozmetik:kozmetik-vitrini,9,9,12,116.7,70.8,871346073,556702,871346073:556702,Cream Co. Allık Ruj Göz Farı Glow Tint Soft Mocha | Nemlendirici Makyaj | Nude | Hyaluronik Asit Peptit,Cream Co.,Cream Co.,199.9,,0,InStock,"Son 3 günde 1,5B+ ürün satıldı!",3,1500,500,4.430977443609023,5115,16,373,"[""Kargo Bedava"",""Trendyol Plus'a Özel""]",,refreshed,0,https://www.trendyol.com/cream-co/allik-ruj-goz-fari-glow-tint-soft-mocha-nemlendirici-makyaj-nude-hyaluronik-asit-peptit-p-871346073?boutiqueId=61&merchantId=556702
kozmetik:kozmetik-vitrini,12,12,-2,116.6,69,847241440,830154,847241440:830154,CALLİEL Sivilce Ve Siyah Nokta Karşıtı Arındırıcı Salisilik Asit Tonik 200 Ml,CALLİEL,Calliel,256.74,,28.4,InStock,Son 3 günde 2B+ ürün satıldı!,3,2000,666.7,4.254142011834319,6740,25,5294,"[""Kargo Bedava"",""Trendyol Plus'a Özel""]",,refreshed,0,https://www.trendyol.com/calliel/sivilce-ve-siyah-nokta-karsiti-arindirici-salisilik-asit-tonik-200-ml-p-847241440?boutiqueId=61&merchantId=830154
kozmetik:makyaj,11,743,-2,116.4,69.5,821572273,891275,821572273:891275,"Kremi Dudak Bakım Parlatıcı Lip Balm Peach, Pembe Nude, Nemlendirici, Peptit, Seramid, E Vitamini 13ml",Kremi,,199.9,,0,InStock,"Son 3 günde 1,5B+ ürün satıldı!",3,1500,500,4.6,,,,[],,listing_only,,https://www.trendyol.com/kremi/dudak-bakim-parlatici-lip-balm-peach-pembe-nude-nemlendirici-peptit-seramid-e-vitamini-13ml-p-821572273?boutiqueId=61&merchantId=891275
kozmetik:makyaj,12,744,0,116.3,69,820137010,105153,820137010:105153,Maybelline New York Super Lock Brow Glue Kaş Sabitleyici Maskara,Maybelline New York,,640,,15.9,InStock,"Son 3 günde 1,5B+ ürün satıldı!",3,1500,500,4.4,,,,"[""Kargo Bedava""]",,listing_only,,https://www.trendyol.com/maybelline-new-york/super-lock-brow-glue-kas-sabitleyici-maskara-p-820137010?boutiqueId=61&merchantId=105153
kozmetik:makyaj,16,748,,115.6,58.7,6317259,214643,6317259:214643,Bioderma Photoderm Spot SPF 50+ Leke Karşıtı Tüm Ciltler için Yüz & Vücut Güneş Kremi 150 ML,Bioderma,,1185,1399,,InStock,Son 3 günde 1B+ ürün satıldı!,3,1000,333.3,4.4,,,,"[""Kargo Bedava"",""Son 10 Günün En Düşük Fiyatı"",""Süper Fırsat Ürünü""]",,listing_only,,https://www.trendyol.com/bioderma/photoderm-spot-spf-50-leke-karsiti-tum-ciltler-icin-yuz-vucut-gunes-kremi-150-ml-p-6317259?boutiqueId=61&merchantId=214643
kozmetik:makyaj,14,746,1,115.4,68,9482017,105153,9482017:105153,L'Oreal Paris Telescopic Maskara - Siyah,L'Oreal Paris Telescopic,,500,,0,InStock,"Son 3 günde 1,5B+ ürün satıldı!",3,1500,500,4.5,,,,"[""Kargo Bedava""]",,listing_only,,https://www.trendyol.com/l-oreal-paris/telescopic-maskara-siyah-p-9482017?boutiqueId=61&merchantId=105153
kozmetik:makyaj,13,745,4,115,68.5,132469,104937,132469:104937,"Bioderma Sebium Foaming Gel Karma, Yağlı ve Akneye Eğilimli Ciltler için Yüz Temizleme Jeli 400 ml",Bioderma,,909,,0,InStock,"Son 3 günde 1,5B+ ürün satıldı!",3,1500,500,4.5,,,,"[""Kargo Bedava""]",,listing_only,,https://www.trendyol.com/bioderma/sebium-foaming-gel-karma-yagli-ve-akneye-egilimli-ciltler-icin-yuz-temizleme-jeli-400-ml-p-132469?boutiqueId=61&merchantId=104937
kozmetik:makyaj,26,758,,114.2,35,848200678,107819,848200678:107819,NYX Professional Makeup Buttermelt Blush 12 Saate Kadar Kalıcı Kremsi Pudra Allık - 04 U Know Butta,NYX Professional Makeup,L'Oreal,574.99,1149.99,-50,InStock,Son 3 günde 500+ ürün satıldı!,3,500,166.7,4.6,3010,0,258,"[""Sepette %50 İndirim""]",21 saat 52 dakika içinde sipariş verirsen Yarın kargoda,carried_forward,2,https://www.trendyol.com/nyx-professional-makeup/buttermelt-blush-12-saate-kadar-kalici-kremsi-pudra-allik-04-u-know-butta-p-848200678?boutiqueId=61&merchantId=107819
kozmetik:kozmetik-vitrini,2,2,15,113,75.4,1174062985,830154,1174062985:830154,"CALLİEL Yoğun Nemlendirici, Yumuşatıcı, Işıltı Verici Tinted Dudak Bakım Maskesi",CALLİEL,Calliel,199.9,,0,InStock,Son 3 günde 1B+ ürün satıldı!,3,1000,333.3,4.3023622047244094,344,19,94,"[""Kargo Bedava""]",21 saat 54 dakika içinde sipariş verirsen yarın kargoda!,refreshed,0,https://www.trendyol.com/calliel/yogun-nemlendirici-yumusatici-isilti-verici-tinted-dudak-bakim-maskesi-p-1174062985?boutiqueId=61&merchantId=830154
kozmetik:kozmetik-vitrini,463,463,-198,112.6,54.4,993932462,897822,993932462:897822,Biorgin Collagen+Biotin Anti Hairloss Şampuan 400ML,Biorgin,Biorgin Cosmetic,279,649,0,InStock,Son 3 günde 2B+ ürün satıldı!,3,2000,666.7,3.9,1565,0,535,"[""Son 10 Günün En Düşük Fiyatı"",""Süper Fırsat Ürünü""]",,carried_forward,2,https://www.trendyol.com/biorgin/collagen-biotin-anti-hairloss-sampuan-400ml-p-993932462?boutiqueId=61&merchantId=897822
kozmetik:kozmetik-vitrini,137,137,-41,110.8,41.7,88741299,1124646,88741299:1124646,"Aqua Di Polo 1987 La Rocca Sense EDP Kadın Parfüm 50 ml | Çiçeksi, Oryantal | Portakal Çiçeği, Kahve, Yasemin, Vanilya",Aqua Di Polo 1987,Aqua di Polo 1987,349,899.5,0,InStock,Son 3 günde 1B+ ürün satıldı!,3,1000,333.3,4.308647322073047,13122,3,1008,"[""Son 10 Günün En Düşük Fiyatı"",""Süper Fırsat Ürünü"",""Kargo Bedava"",""Son 10 günün en düşük fiyatı""]",21 saat 52 dakika içinde sipariş verirsen yarın kargoda!,refreshed,0,https://www.trendyol.com/aqua-di-polo-1987/la-rocca-sense-edp-kadin-parfum-50-ml-ciceksi-oryantal-portakal-cicegi-kahve-yasemin-vanilya-p-88741299?boutiqueId=61&merchantId=1124646
kozmetik:kozmetik-vitrini,302,302,-30,110,20.8,208525561,391189,208525561:391189,s'hevec Gözenek Sıkılaştırıcı ve Leke Karşıtı Glikolik Asit 200 ml Vegan Tonik Glyc–Alright,s'hevec Gözenek,She Vec,269.9,819.9,0,InStock,Son 3 günde 500+ ürün satıldı!,3,500,166.7,4.5,20930,0,9533,"[""Son 10 Günün En Düşük Fiyatı"",""Süper Fırsat Ürünü""]",,carried_forward,2,https://www.trendyol.com/s-hevec/gozenek-sikilastirici-ve-leke-karsiti-glikolik-asit-200-ml-vegan-tonik-glyc-alright-p-208525561?boutiqueId=61&merchantId=391189
kozmetik:kozmetik-vitrini,5,5,14,108.8,43.3,744329848,837861,744329848:837861,"L'Aden Cosmetics Anında Soyucu Ginseng Peeling Ölü Deri Arındırıcı, Yenileyici, Aydınlatıcı Vücut, Yüz Peelingi",L'Aden Cosmetics,LAden Cosmetics,450,,93.3,InStock,Son 3 günde 500+ ürün satıldı!,3,500,166.7,4.174164362905252,6392,4,2231,"[""Kargo Bedava""]",,refreshed,0,https://www.trendyol.com/l-aden-cosmetics/aninda-soyucu-ginseng-peeling-olu-deri-arindirici-yenileyici-aydinlatici-vucut-yuz-peelingi-p-744329848?boutiqueId=61&merchantId=837861
kozmetik:kozmetik-vitrini,17,17,14,105.8,66.7,945832144,830154,945832144:830154,"CALLİEL Aydınlatıcı, Leke Ve Siyah Nokta Karşıtı Kojik Asit Tonik 200 ml",CALLİEL,Calliel,299.9,,9,InStock,Son 3 günde 5B+ ürün satıldı!,3,5000,1666.7,4.210754700927422,5266,38,6301,"[""Kargo Bedava"",""Trendyol Plus'a Özel""]",,refreshed,0,https://www.trendyol.com/calliel/aydinlatici-leke-ve-siyah-nokta-karsiti-kojik-asit-tonik-200-ml-p-945832144?boutiqueId=61&merchantId=830154
kozmetik:kozmetik-vitrini,15,15,-1,104.8,72.7,1130961717,758938,1130961717:758938,PİRAYE AKSESUAR DIY Kirpik - Takma Kirpik 600 Adet Kirpik Seti Kitap Model 30-40-50-60-80-100 D Farklı Boylar,PİRAYE AKSESUAR,HaLVeY Kozmetik,414,,,InStock,Son 3 günde 2B+ ürün satıldı!,3,2000,666.7,3.6391018619934283,1251,45,594,"[""Kargo Bedava"",""Sepette %1 İndirim"",""Trendyol Plus'a Özel""]",21 saat 54 dakika içinde sipariş verirsen yarın kargoda!,refreshed,0,https://www.trendyol.com/piraye-aksesuar/diy-kirpik-takma-kirpik-600-adet-kirpik-seti-kitap-model-30-40-50-60-80-100-d-farkli-boylar-p-1130961717?boutiqueId=61&merchantId=758938
kozmetik:kozmetik-vitrini,406,406,-256,103,45.4,795812872,856334,795812872:856334,ÖZDEN ÖZDOĞAN Bb Krem Bebeksi Latte 02 Spf 30 (50ML),ÖZDEN ÖZDOĞAN,ÖZDEN ÖZDOĞAN,499,1247.5,-60,InStock,Son 3 günde 1B+ ürün satıldı!,3,1000,333.3,4.6,1933,0,444,"[""Sepette %60 İndirim"",""Kargo Bedava""]",,carried_forward,2,https://www.trendyol.com/ozden-ozdogan/bb-krem-bebeksi-latte-02-spf-30-50ml-p-795812872?boutiqueId=61&merchantId=856334
kozmetik:kozmetik-vitrini,18,18,7,102.8,67.2,1087380299,443728,1087380299:443728,Qremfi Sıfır Gözenek Siyah Nokta Mavi Kil Maskesi | AHA + BHA+PHA 100 ml,Qremfi,FREEWALK,314.9,,0,InStock,Son 3 günde 2B+ ürün satıldı!,3,2000,666.7,4.097504798464492,4016,13,1519,"[""Kargo Bedava"",""Trendyol Plus'a Özel""]",,refreshed,0,https://www.trendyol.com/qremfi/sifir-gozenek-siyah-nokta-mavi-kil-maskesi-aha-bha-pha-100-ml-p-1087380299?boutiqueId=61&merchantId=443728
kozmetik:makyaj,56,788,4,101.7,20.8,805657858,106684,805657858:106684,"Skin Sensual SPF50+ PA++++ Kapatıcı BB Krem Medium 50 ml | Leke Karşıtı, Aydınlık Cilt Görünümü | UVA+UVB Koruma",Skin Sensual,,331.6,829,0,InStock,Son 3 günde 500+ ürün satıldı!,3,500,166.7,4.4,,,,"[""Sepette %60 İndirim""]",,listing_only,,https://www.trendyol.com/skin-sensual/spf50-pa-kapatici-bb-krem-medium-50-ml-leke-karsiti-aydinlik-cilt-gorunumu-uva-uvb-koruma-p-805657858?boutiqueId=61&merchantId=106684
kozmetik:kozmetik-vitrini,19,19,-10,101.5,30.6,47152313,391407,47152313:391407,Kiehl's Creamy Eye Treatment Avokado Yağı ve Kafein İçeren Yoğun Nemlendirici Göz Kremi 14 ml,Kiehl's,KIEHL’S,1820,2600,0,InStock,Son 3 günde 250+ ürün satıldı!,3,250,83.3,4.476127320954907,1469,0,730,"[""Kargo Bedava"",""Son 10 Günün En Düşük Fiyatı"",""Son 10 günün en düşük fiyatı""]",,refreshed,0,https://www.trendyol.com/kiehl-s/creamy-eye-treatment-avokado-yagi-ve-kafein-iceren-yogun-nemlendirici-goz-kremi-14-ml-p-47152313?boutiqueId=61&merchantId=391407
kozmetik:kozmetik-vitrini,360,360,114,100.9,50,41708616,138065,41708616:138065,Bargello 561 Erkek 50 ml Parfüm Edp Fresh,Bargello,,370,600,0,InStock,Son 3 günde 2B+ ürün satıldı!,3,2000,666.7,4.5,,,,"[""Kargo Bedava"",""Son 10 Günün En Düşük Fiyatı""]",,listing_only,,https://www.trendyol.com/bargello/561-erkek-50-ml-parfum-edp-fresh-p-41708616?boutiqueId=61&merchantId=138065
kozmetik:makyaj,15,747,5,100.3,59.2,741191337,1319448,741191337:1319448,"Dermoten Göz Altı Kremi | Kırışıklık, Kararma, Kuruluk İçin Aydınlatıcı Nemlendirici Göz Çevresi Kremi 15 ml",Dermoten,FEMED SAĞLIK,440,,,InStock,Son 3 günde 1B+ ürün satıldı!,3,1000,333.3,4.5,16051,0,2146,"[""Kargo Bedava""]",Tahmini Teslim:,carried_forward,13,https://www.trendyol.com/dermoten/goz-alti-kremi-kirisiklik-kararma-kuruluk-icin-aydinlatici-nemlendirici-goz-cevresi-kremi-15-ml-p-741191337?boutiqueId=61&merchantId=1319448
kozmetik:kozmetik-vitrini,209,209,8,99.8,20.8,716412326,529402,716412326:529402,New Well Ter Önleyici Beyazlatıcı Roll-on 50 ml,New Well,NEW WELL,209.9,499.9,0,InStock,Son 3 günde 500+ ürün satıldı!,3,500,166.7,4.46,15371,-28,1819,"[""Son 10 Günün En Düşük Fiyatı"",""Süper Fırsat Ürünü"",""Kargo Bedava"",""Trendyol Plus'a Özel""]",,refreshed,0,https://www.trendyol.com/new-well/ter-onleyici-beyazlatici-roll-on-50-ml-p-716412326?boutiqueId=61&merchantId=529402
kozmetik:makyaj,48,780,-3,98.4,21.8,949454065,106684,949454065:106684,"Skin Sensual SPF50+ PA++++ Kapatıcı BB Krem ExtraLight 50ml | Leke Karşıtı, Aydınlık Cilt Görünümü|UVA+UVB Koruma",Skin Sensual,,319.6,799,0,InStock,Son 3 günde 500+ ürün satıldı!,3,500,166.7,4.3,,,,"[""Sepette %60 İndirim""]",,listing_only,,https://www.trendyol.com/skin-sensual/spf50-pa-kapatici-bb-krem-extralight-50ml-leke-karsiti-aydinlik-cilt-gorunumu-uva-uvb-koruma-p-949454065?boutiqueId=61&merchantId=106684
kozmetik:kozmetik-vitrini,3,3,22,95.5,32,881739852,318526,881739852:318526,WOU World of Unique Ter Önleyici Beyazlatıcı Roll-on 75ml.3 Adet Özel Set,WOU World of Unique,WOU World of Unique,305.9,,5.8,InStock,,,,,4.3834196891191715,487,21,145,"[""Sepette %10 İndirim"",""Sepette %7 İndirim"",""89 TL Kupon"",""Kargo Bedava"",""Son 10 Günün En Düşük Fiyatı""]",21 saat 54 dakika içinde sipariş verirsen yarın kargoda!,refreshed,0,https://www.trendyol.com/wou-world-of-unique/ter-onleyici-beyazlatici-roll-on-75ml-3-adet-ozel-set-p-881739852?boutiqueId=61&merchantId=318526
kozmetik:kozmetik-vitrini,398,398,-154,95.4,28.2,1178140199,852527,1178140199:852527,Embeauty Cherki Glow Argan Yağı İçerikli Besleyici Saç Parfümü 100 ml,Embeauty,Embeauty Tr,249,699,0,InStock,Son 3 günde 500+ ürün satıldı!,3,500,166.7,3.9,680,0,53,"[""Son 10 Günün En Düşük Fiyatı""]",,carried_forward,2,https://www.trendyol.com/embeauty/cherki-glow-argan-yagi-icerikli-besleyici-sac-parfumu-100-ml-p-1178140199?boutiqueId=61&merchantId=852527
kozmetik:makyaj,18,750,6,95.3,57.7,146937253,164987,146937253:164987,The Purest Solutions 24 Saat Etkili Günlük Yoğun Nemlendirici Cilt Bakım Kremi 50 ml,The Purest Solutions,,284.9,,0,InStock,Son 3 günde 1B+ ürün satıldı!,3,1000,333.3,4.6,,,,[],,listing_only,,https://www.trendyol.com/the-purest-solutions/24-saat-etkili-gunluk-yogun-nemlendirici-cilt-bakim-kremi-50-ml-p-146937253?boutiqueId=61&merchantId=164987
kozmetik:makyaj,17,749,,95.2,58.2,371995279,164987,371995279:164987,The Purest Solutions Yağlı Ve Karma Ciltler Için Siyah Nokta Karşıtı Temizleme Jeli 200 ml,The Purest Solutions,The Purest Solutions,284.9,289.84,0,InStock,Son 3 günde 1B+ ürün satıldı!,3,1000,333.3,4.5,7186,0,3950,"[""Son 10 Günün En Düşük Fiyatı""]",,carried_forward,2,https://www.trendyol.com/the-purest-solutions/yagli-ve-karma-ciltler-icin-siyah-nokta-karsiti-temizleme-jeli-200-ml-p-371995279?boutiqueId=61&merchantId=164987
kozmetik:kozmetik-vitrini,23,23,13,95,63.5,84812163,4473,84812163:4473,Flormar Nemlendirici Parlak Ruj- Sheer Up Lipstick - 013 Gaia - 8682536012119,Flormar,Flormar,379.99,399.99,0,InStock,"Son 3 günde 1,5B+ ürün satıldı!",3,1500,500,4.654572940287226,7408,7,377,"[""Kargo Bedava"",""Son 10 Günün En Düşük Fiyatı"",""Son 10 günün en düşük fiyatı""]",21 saat 54 dakika içinde sipariş verirsen yarın kargoda!,refreshed,0,https://www.trendyol.com/flormar/nemlendirici-parlak-ruj-sheer-up-lipstick-013-gaia-8682536012119-p-84812163?boutiqueId=61&merchantId=4473
kozmetik:kozmetik-vitrini,259,259,-24,94.7,24.5,844048329,989677,844048329:989677,"ILLUSIONE Mirage Edp Kadın Parfüm 50ml | Çiçeksi -Odunsu- Kremsi | Portakal Çiçeği, Sümbülteber, Vanilya, Misk",ILLUSIONE,ILLUSIONE,479,1199,0,InStock,Son 3 günde 500+ ürün satıldı!,3,500,166.7,3.9724527049452374,1944,6,404,"[""Kargo Bedava"",""Son 10 Günün En Düşük Fiyatı"",""Süper Fırsat Ürünü"",""Son 10 günün en düşük fiyatı""]",,refreshed,0,https://www.trendyol.com/illusione/mirage-edp-kadin-parfum-50ml-ciceksi-odunsu-kremsi-portakal-cicegi-sumbulteber-vanilya-misk-p-844048329?boutiqueId=61&merchantId=989677
kozmetik:kozmetik-vitrini,104,104,62,94,45.3,279725317,122143,279725317:122143,"Imprime Interne Edp Kadın Parfüm 50ml | Meyveli Ve Çiçeksi | Bergamot, Şeftali, Yasemin, Zambak, Misk, Amber",Imprime,Imprimé,539,1099,0,InStock,Son 3 günde 1B+ ürün satıldı!,3,1000,333.3,4.250892567348264,1969,9,556,"[""Kargo Bedava"",""Son 10 Günün En Düşük Fiyatı"",""Süper Fırsat Ürünü"",""Son 10 günün en düşük fiyatı""]",21 saat 52 dakika içinde sipariş verirsen yarın kargoda!,refreshed,0,https://www.trendyol.com/imprime/interne-edp-kadin-parfum-50ml-meyveli-ve-ciceksi-bergamot-seftali-yasemin-zambak-misk-amber-p-279725317?boutiqueId=61&merchantId=122143
kozmetik:kozmetik-vitrini,250,250,57,91.2,44.4,279691123,122143,279691123:122143,"Imprime Priére Edp Kadın Parfüm 50ml | Baharatlı Ve Çiçeksi | Erik, Karanfil, Gül, Şeftali, Vanilya, Amber",Imprime,Imprimé,579,1099,0,InStock,Son 3 günde 1B+ ürün satıldı!,3,1000,333.3,4.138364779874214,2542,,588,"[""Kargo Bedava"",""Son 10 Günün En Düşük Fiyatı"",""Süper Fırsat Ürünü"",""Son 10 günün en düşük fiyatı""]",,refreshed,0,https://www.trendyol.com/imprime/priere-edp-kadin-parfum-50ml-baharatli-ve-ciceksi-erik-karanfil-gul-seftali-vanilya-amber-p-279691123?boutiqueId=61&merchantId=122143
kozmetik:kozmetik-vitrini,322,322,91,90.4,14.1,985360761,106684,985360761:106684,Skin Sensual Magic Eye Duo Repair & CC Göz Altı Kapatıcısı 15 ml | Onarıcı & Aydınlatıcı | Medium to Dark,Skin Sensual,Kozmetix House,339.6,849,0,InStock,Son 3 günde 250+ ürün satıldı!,3,250,83.3,4.1,,,199,"[""Sepette %60 İndirim""]",Tahmini Teslim:,carried_forward,27,https://www.trendyol.com/skin-sensual/magic-eye-duo-repair-cc-goz-alti-kapaticisi-15-ml-onarici-aydinlatici-medium-to-dark-p-985360761?boutiqueId=61&merchantId=106684
kozmetik:kozmetik-vitrini,309,309,-120,88.9,23.8,298038935,743162,298038935:743162,"WIWIFY Arındırıcı, Tazeleyici Yüz Temizleme Jeli (Aloe Vera Ve Papatya Özlü + Hyaluronic Acid)",WIWIFY,Wiwify,199.9,429.9,0,InStock,Son 3 günde 500+ ürün satıldı!,3,500,166.7,4.5,2407,0,439,"[""Son 10 Günün En Düşük Fiyatı"",""Süper Fırsat Ürünü""]",,carried_forward,2,https://www.trendyol.com/wiwify/arindirici-tazeleyici-yuz-temizleme-jeli-aloe-vera-ve-papatya-ozlu-hyaluronic-acid-p-298038935?boutiqueId=61&merchantId=743162
kozmetik:kozmetik-vitrini,276,276,-62,88.7,25.1,737137031,743162,737137031:743162,WIWIFY Yoğun Nemlendirici ve Onarıcı Hyaluronic Acid Serum (Hyaluronic Acid 2% + Vitamin B5),WIWIFY,Wiwify,199.9,439.9,0,InStock,Son 3 günde 500+ ürün satıldı!,3,500,166.7,4.445454545454545,1650,2,374,"[""Son 10 Günün En Düşük Fiyatı"",""Süper Fırsat Ürünü"",""Kargo Bedava"",""Son 10 günün en düşük fiyatı""]",,refreshed,0,https://www.trendyol.com/wiwify/yogun-nemlendirici-ve-onarici-hyaluronic-acid-serum-hyaluronic-acid-2-vitamin-b5-p-737137031?boutiqueId=61&merchantId=743162
kozmetik:kozmetik-vitrini,370,370,-268,88.7,1.3,175538058,106684,175538058:106684,Skin Sensual Vita-C Aydınlatıcı Cilt Bakım Serumu 30 ml | %10 Vitamin C & Postbiotic | Leke Karşıtı,Skin Sensual,Kozmetix House,299.6,749,3.7,InStock,,,,,4.4,3880,0,1313,"[""Sepette %60 İndirim""]",11 saat 54 dakika içinde sipariş verirsen en geç yarın kargoda!,carried_forward,29,https://www.trendyol.com/skin-sensual/vita-c-aydinlatici-cilt-bakim-serumu-30-ml-10-vitamin-c-postbiotic-leke-karsiti-p-175538058?boutiqueId=61&merchantId=106684
kozmetik:kozmetik-vitrini,264,264,-32,88.5,25.3,298054475,743162,298054475:743162,"WIWIFY Gözenek Sıkılaştırıcı, Akne Karşıtı, Ton Eşitleyici Niacinamide Serum (Niacinamide 5%+ZincPca 1%)",WIWIFY,Wiwify,199.9,439.9,0,InStock,Son 3 günde 500+ ürün satıldı!,3,500,166.7,4.29483600837404,1566,0,467,"[""Son 10 Günün En Düşük Fiyatı"",""Süper Fırsat Ürünü"",""Kargo Bedava"",""Son 10 günün en düşük fiyatı""]",21 saat 50 dakika içinde sipariş verirsen yarın kargoda!,refreshed,0,https://www.trendyol.com/wiwify/gozenek-sikilastirici-akne-karsiti-ton-esitleyici-niacinamide-serum-niacinamide-5-zincpca-1-p-298054475?boutiqueId=61&merchantId=743162
kozmetik:kozmetik-vitrini,362,362,,87.9,28.3,1080575935,897822,1080575935:897822,Biorgin Besleyici Onarıcı Dökülme Karşıtı Kemik İlikli Saç Maskesi 250ML,Biorgin,,279,649,,InStock,Son 3 günde 500+ ürün satıldı!,3,500,166.7,3.9,,,,"[""Son 10 Günün En Düşük Fiyatı"",""Süper Fırsat Ürünü""]",,listing_only,,https://www.trendyol.com/biorgin/besleyici-onarici-dokulme-karsiti-kemik-ilikli-sac-maskesi-250ml-p-1080575935?boutiqueId=61&merchantId=897822
kozmetik:makyaj,22,754,-1,87.1,55.7,711058,149326,711058:149326,La Roche Posay Yağlı ve Akneye Eğilim Gösteren Cilt Tipleri İçin Effaclar Yüz Temizleyici ve Arındırıcı Jel 400 ml,La Roche Posay,,902,,0,InStock,Son 3 günde 1B+ ürün satıldı!,3,1000,333.3,4.5,,,,"[""Kargo Bedava""]",,listing_only,,https://www.trendyol.com/la-roche-posay/yagli-ve-akneye-egilim-gosteren-cilt-tipleri-icin-effaclar-yuz-temizleyici-ve-arindirici-jel-400-ml-p-711058?boutiqueId=61&merchantId=149326
kozmetik:kozmetik-vitrini,404,404,27,87,3,175554084,106684,175554084:106684,Skin Sensual Hydra Skin Yoğun Nemlendirici Cilt Bakım Serumu 30 ml | %2 Hyaluronic Acid & Provitamin B5,Skin Sensual,,279.6,699,,InStock,,,,,4.4,,,,"[""Sepette %60 İndirim""]",,listing_only,,https://www.trendyol.com/skin-sensual/hydra-skin-yogun-nemlendirici-cilt-bakim-serumu-30-ml-2-hyaluronic-acid-provitamin-b5-p-175554084?boutiqueId=61&merchantId=106684
kozmetik:makyaj,49,781,15,86.9,22.8,249620628,107819,249620628:107819,NYX Professional Makeup Bare With Me Kapatıcı Serum 03 Vanilla Concealer,NYX Professional Makeup,eczamall,749.99,1499.99,0,InStock,Son 3 günde 500+ ürün satıldı!,3,500,166.7,4.6,3729,0,236,"[""Sepette %50 İndirim"",""Kargo Bedava""]",12 saat 49 dakika içinde sipariş verirsen en geç bugün kargoda!,carried_forward,3,https://www.trendyol.com/nyx-professional-makeup/bare-with-me-kapatici-serum-03-vanilla-concealer-p-249620628?boutiqueId=61&merchantId=107819
kozmetik:kozmetik-vitrini,443,443,-284,86.8,22.3,849999017,107819,849999017:107819,NYX Professional Makeup Buttermelt Blush Kremsi Pembe Pudra Allık - 09 Feelin Butta,NYX Professional Makeup,L'Oreal,574.99,1149.99,0,InStock,Son 3 günde 500+ ürün satıldı!,3,500,166.7,4.5,,,160,"[""Sepette %50 İndirim""]",3 saat 54 dakika içinde sipariş verirsen en geç bugün kargoda!,carried_forward,15,https://www.trendyol.com/nyx-professional-makeup/buttermelt-blush-kremsi-pembe-pudra-allik-09-feelin-butta-p-849999017?boutiqueId=61&merchantId=107819
kozmetik:makyaj,20,752,2,86,57.3,872060967,908896,872060967:908896,mia klinika Su Bazlı Güçlendirici Keratin ve Biotin İçeren Besleyici Kaş Ve Kirpik Serumu,mia klinika,,349.9,,0,InStock,Son 3 günde 1B+ ürün satıldı!,3,1000,333.3,4.1,,,,[],,listing_only,,https://www.trendyol.com/mia-klinika/su-bazli-guclendirici-keratin-ve-biotin-iceren-besleyici-kas-ve-kirpik-serumu-p-872060967?boutiqueId=61&merchantId=908896
kozmetik:kozmetik-vitrini,418,418,-83,84.9,5.2,843760219,989677,843760219:989677,"ILLUSIONE Fortune Edp Kadın Parfüm 50ml | Vanilya-Çiçeksi-Amber | Narenciye, Paçuli, Sedir, Sandal",ILLUSIONE,,479,1199,0,InStock,,,,,4.1,,,,"[""Kargo Bedava"",""Son 10 Günün En Düşük Fiyatı"",""Süper Fırsat Ürünü""]",,listing_only,,https://www.trendyol.com/illusione/fortune-edp-kadin-parfum-50ml-vanilya-ciceksi-amber-narenciye-paculi-sedir-sandal-p-843760219?boutiqueId=61&merchantId=989677
kozmetik:kozmetik-vitrini,467,467,-17,83.6,21.1,1083994295,989677,1083994295:989677,"ILLUSIONE Soléna EDP Kadın Parfüm 50ml | Baharatlı-tatlı-vanilya| Narenciye, Gül, Vanilya",ILLUSIONE,,479,1199,0,InStock,Son 3 günde 250+ ürün satıldı!,3,250,83.3,4.1,,,,"[""Kargo Bedava"",""Son 10 Günün En Düşük Fiyatı"",""Süper Fırsat Ürünü""]",,listing_only,,https://www.trendyol.com/illusione/solena-edp-kadin-parfum-50ml-baharatli-tatli-vanilya-narenciye-gul-vanilya-p-1083994295?boutiqueId=61&merchantId=989677
kozmetik:kozmetik-vitrini,14,14,15,83.4,36.1,970253240,891275,970253240:891275,Kremi Allık Ruj Göz Farı Kiss&Blush | Nemlendirici Makyaj Makeup | Stick | Seramid Skualen Vitamin E,Kremi,Kremi,284.9,299.9,0,InStock,Son 3 günde 250+ ürün satıldı!,3,250,83.3,4.284515636918383,606,2,74,"[""Son 10 Günün En Düşük Fiyatı"",""Kargo Bedava"",""Trendyol Plus'a Özel""]",,refreshed,0,https://www.trendyol.com/kremi/allik-ruj-goz-fari-kiss-blush-nemlendirici-makyaj-makeup-stick-seramid-skualen-vitamin-e-p-970253240?boutiqueId=61&merchantId=891275
kozmetik:makyaj,23,755,23,83,55.2,879196612,830154,879196612:830154,CALLİEL Gözenek Karşıtı Tonik Seti,CALLİEL,,467.09,,14.3,InStock,Son 3 günde 1B+ ürün satıldı!,3,1000,333.3,4.3,,,,"[""Kargo Bedava""]",,listing_only,,https://www.trendyol.com/calliel/gozenek-karsiti-tonik-seti-p-879196612?boutiqueId=61&merchantId=830154
kozmetik:kozmetik-vitrini,532,532,62,82.1,23.7,338516375,122143,338516375:122143,"Imprime Mer Edp Erkek Parfüm 100ml | Marin Ve Fresh | Deniz, Bergamot, Nilüfer, Paçuli, Sandal Ağacı",Imprime,,639,1199,0,InStock,Son 3 günde 500+ ürün satıldı!,3,500,166.7,4.3,,,,"[""Kargo Bedava"",""Son 10 Günün En Düşük Fiyatı"",""Süper Fırsat Ürünü""]",,listing_only,,https://www.trendyol.com/imprime/mer-edp-erkek-parfum-100ml-marin-ve-fresh-deniz-bergamot-nilufer-paculi-sandal-agaci-p-338516375?boutiqueId=61&merchantId=122143
kozmetik:kozmetik-vitrini,24,24,-1,81.9,68.1,971350517,830154,971350517:830154,CALLİEL Aydınlatıcı ve Canlandırıcı Leke Karşıtı Bakım Seti,CALLİEL,Calliel,484.97,,28.7,InStock,"Son 3 günde 1,5B+ ürün satıldı!",3,1500,500,4.258407079646017,1305,14,920,"[""Kargo Bedava"",""Trendyol Plus'a Özel""]",,refreshed,0,https://www.trendyol.com/calliel/aydinlatici-ve-canlandirici-leke-karsiti-bakim-seti-p-971350517?boutiqueId=61&merchantId=830154
kozmetik:kozmetik-vitrini,334,334,-203,81.9,41.7,6394920,135081,6394920:135081,Radix Saç Dökülmesine Karşı Serum Sprey (%5 Procapil) - Anti Hair Loss Lotion 60ML,Radix,JUVERA & RADIX - Juveco,422.44,649.9,52.5,InStock,Son 3 günde 1B+ ürün satıldı!,3,1000,333.3,3.9,6054,0,2944,"[""Sepette %35 İndirim"",""Kargo Bedava"",""Süper Fırsat Ürünü""]",,carried_forward,2,https://www.trendyol.com/radix/sac-dokulmesine-karsi-serum-sprey-5-procapil-anti-hair-loss-lotion-60ml-p-6394920?boutiqueId=61&merchantId=135081
kozmetik:kozmetik-vitrini,13,13,20,81.7,35.3,983343487,1046771,983343487:1046771,MAQYA KOZMETİK 14 Parça Kavanoz Kutulu Makyaj Sünger Seti,MAQYA KOZMETİK,ARLEN BAKIM VE KOZMETİK,133.99,,0,InStock,Son 3 günde 250+ ürün satıldı!,3,250,83.3,4.321243523316062,881,2,268,"[""Sepette %2 İndirim"",""Kargo Bedava""]",,refreshed,0,https://www.trendyol.com/maqya-kozmetik/14-parca-kavanoz-kutulu-makyaj-sunger-seti-p-983343487?boutiqueId=61&merchantId=1046771
kozmetik:kozmetik-vitrini,517,517,-82,81.6,6.7,298035587,743162,298035587:743162,WIWIFY Gözenek Sıkılaştırıcı Akne Karşıtı Yenileyici Red Peeling Serum (AHA 10%+BHA 2%) 30 Ml,WIWIFY,,199.9,479.9,0,InStock,,,,,4.4,,,,"[""Son 10 Günün En Düşük Fiyatı"",""Süper Fırsat Ürünü""]",,listing_only,,https://www.trendyol.com/wiwify/gozenek-sikilastirici-akne-karsiti-yenileyici-red-peeling-serum-aha-10-bha-2-30-ml-p-298035587?boutiqueId=61&merchantId=743162
kozmetik:kozmetik-vitrini,448,448,50,81.3,8.7,985369784,106684,985369784:106684,Skin Sensual Magic Milk 3-in-1: Base & Moisturizer & Mask 50ml,Skin Sensual,,399.6,999,,InStock,,,,,4.3,,,,"[""Sepette %60 İndirim"",""Kargo Bedava""]",,listing_only,,https://www.trendyol.com/skin-sensual/magic-milk-3-in-1-base-moisturizer-mask-50ml-p-985369784?boutiqueId=61&merchantId=106684
kozmetik:kozmetik-vitrini,29,29,34,81,31.3,98901173,104886,98901173:104886,"Missha Kolay Uygulanabilen, Kalıcı, Doğal Görünüm Sunan Likit Bronzer Juicy-Pang Water Bronzer (BR02)",Missha,Missha Türkiye,299.92,374.9,0,InStock,Son 3 günde 500+ ürün satıldı!,3,500,166.7,4.594304509651173,6797,5,519,"[""Son 10 Günün En Düşük Fiyatı"",""Kargo Bedava"",""Son 10 günün en düşük fiyatı""]",,refreshed,0,https://www.trendyol.com/missha/kolay-uygulanabilen-kalici-dogal-gorunum-sunan-likit-bronzer-juicy-pang-water-bronzer-br02-p-98901173?boutiqueId=61&merchantId=104886
kozmetik:makyaj,141,873,68,80.6,0,848192755,107819,848192755:107819,NYX Professional Makeup Buttermelt Blush Kremsi Pembe Pudra Allık - 08 Getting Butta,NYX Professional Makeup,,574.99,1149.99,0,InStock,,,,,4.7,,,,"[""Sepette %50 İndirim""]",,listing_only,,https://www.trendyol.com/nyx-professional-makeup/buttermelt-blush-kremsi-pembe-pudra-allik-08-getting-butta-p-848192755?boutiqueId=61&merchantId=107819
kozmetik:makyaj,201,933,-22,80.6,9.4,1165705814,106684,1165705814:106684,Skin Sensual Magic Sun Block Milk SPF 50+ Yeni Nesil Filtreli Yüz Güneş Kremi 50 ml | UVA + UVB Geniş Spektrum,Skin Sensual,,399.6,999,0,InStock,,,,,4.3,,,,"[""Sepette %60 İndirim"",""Kargo Bedava""]",,listing_only,,https://www.trendyol.com/skin-sensual/magic-sun-block-milk-spf-50-yeni-nesil-filtreli-yuz-gunes-kremi-50-ml-uva-uvb-genis-spektrum-p-1165705814?boutiqueId=61&merchantId=106684
kozmetik:makyaj,121,853,90,80.3,9.7,1114297614,106684,1114297614:106684,"Skin Sensual BB Krem Light 30ml SPF50 PA++++ | Leke Karşıtı, Aydınlık Cilt Görünümü | UVA/UVB Koruma",Skin Sensual,,279.6,699,,InStock,,,,,4.2,,,,"[""Sepette %60 İndirim""]",,listing_only,,https://www.trendyol.com/skin-sensual/bb-krem-light-30ml-spf50-pa-leke-karsiti-aydinlik-cilt-gorunumu-uva-uvb-koruma-p-1114297614?boutiqueId=61&merchantId=106684
kozmetik:makyaj,70,802,22,80.2,14.4,900760236,107819,900760236:107819,NYX Professional Makeup Buttermelt Blush Kremsi Pudra Allık - 02 Butta Together,NYX Professional Makeup,L'Oreal,574.99,1149.99,0,InStock,Son 3 günde 250+ ürün satıldı!,3,250,83.3,4.7,1787,0,108,"[""Sepette %50 İndirim""]",Tahmini Teslim:,carried_forward,12,https://www.trendyol.com/nyx-professional-makeup/buttermelt-blush-kremsi-pudra-allik-02-butta-together-p-900760236?boutiqueId=61&merchantId=107819
kozmetik:kozmetik-vitrini,11,11,134,80,28.5,1083435975,791156,1083435975:791156,The Ceel Sigara İçenler İçin Beyazlatmaya Yardımcı ve Ferahlatıcı Diş Macunu Bromelain İçerikli 75 gr,The Ceel,The Ceel,207.58,209.68,0,InStock,,,,,4.203059805285118,417,0,60,"[""Son 10 Günün En Düşük Fiyatı"",""Kargo Bedava"",""Son 10 günün en düşük fiyatı""]",21 saat 54 dakika içinde sipariş verirsen yarın kargoda!,refreshed,0,https://www.trendyol.com/the-ceel/sigara-icenler-icin-beyazlatmaya-yardimci-ve-ferahlatici-dis-macunu-bromelain-icerikli-75-gr-p-1083435975?boutiqueId=61&merchantId=791156
kozmetik:kozmetik-vitrini,193,193,-93,80,51.5,890669535,1279865,890669535:1279865,Embeauty Kepek Kaşıntı Ve Egzama Karşıtı 9 Aktifli Kepek Karşıtı Tuzsuz Sampuan 400 ml,Embeauty,Viel Kozmetik,229,291.72,0,InStock,Son 3 günde 2B+ ürün satıldı!,3,2000,666.7,3.9749322493224932,3669,4,1420,"[""Son 10 Günün En Düşük Fiyatı"",""Süper Fırsat Ürünü"",""Kargo Bedava"",""Trendyol Plus'a Özel""]",,refreshed,0,https://www.trendyol.com/embeauty/kepek-kasinti-ve-egzama-karsiti-9-aktifli-kepek-karsiti-tuzsuz-sampuan-400-ml-p-890669535?boutiqueId=61&merchantId=1279865
kozmetik:kozmetik-vitrini,394,394,15,79.8,4.8,377529510,743162,377529510:743162,"WIWIFY Göz Altı Torbalanma, Koyu Halkalara Karşı Aydınlatıcı Göz Çevresi Serum (Caffeine%5+C Vitamini%4)",WIWIFY,,199.9,439.9,0,InStock,,,,,4.1,,,,"[""Son 10 Günün En Düşük Fiyatı"",""Süper Fırsat Ürünü""]",,listing_only,,https://www.trendyol.com/wiwify/goz-alti-torbalanma-koyu-halkalara-karsi-aydinlatici-goz-cevresi-serum-caffeine-5-c-vitamini-4-p-377529510?boutiqueId=61&merchantId=743162
kozmetik:kozmetik-vitrini,265,265,-124,79.3,20.8,471707076,743162,471707076:743162,"WIWIFY Leke Karşıtı, Yüksek Korumalı Güneş Kremi Spf 50+ Pa++++ (ALOE VERA ÖZLÜ) 50ml",WIWIFY,Wiwify,284.5,479.9,0,InStock,Son 3 günde 500+ ürün satıldı!,3,500,166.7,4.243718099725167,6089,-4,1441,"[""Son 10 Günün En Düşük Fiyatı"",""Süper Fırsat Ürünü"",""Kargo Bedava"",""Son 10 günün en düşük fiyatı""]",21 saat 50 dakika içinde sipariş verirsen yarın kargoda!,refreshed,0,https://www.trendyol.com/wiwify/leke-karsiti-yuksek-korumali-gunes-kremi-spf-50-pa-aloe-vera-ozlu-50ml-p-471707076?boutiqueId=61&merchantId=743162
kozmetik:kozmetik-vitrini,151,151,-15,79,20.6,1106952165,743162,1106952165:743162,"WIWIFY Hydrating Lip Balm SPF 15, Şeffaf & Parlak Bitişli Güneş Korumalı Dudak Bakımı",WIWIFY,Wiwify,179.9,399.9,0,InStock,Son 3 günde 250+ ürün satıldı!,3,250,83.3,4.587044534412955,300,0,2,"[""Son 10 Günün En Düşük Fiyatı"",""Süper Fırsat Ürünü"",""Kargo Bedava"",""Son 10 günün en düşük fiyatı""]",,refreshed,0,https://www.trendyol.com/wiwify/hydrating-lip-balm-spf-15-seffaf-parlak-bitisli-gunes-korumali-dudak-bakimi-p-1106952165?boutiqueId=61&merchantId=743162
kozmetik:kozmetik-vitrini,440,440,,79,11,1114298107,106684,1114298107:106684,"Skin Sensual BB Krem Medium 30ml SPF50 PA++++ | Leke Karşıtı, Aydınlık Cilt Görünümü | UVA/UVB Koruma",Skin Sensual,,279.6,699,,InStock,,,,,4.3,,,,"[""Sepette %60 İndirim""]",,listing_only,,https://www.trendyol.com/skin-sensual/bb-krem-medium-30ml-spf50-pa-leke-karsiti-aydinlik-cilt-gorunumu-uva-uvb-koruma-p-1114298107?boutiqueId=61&merchantId=106684
kozmetik:kozmetik-vitrini,73,73,-39,78.5,50,841178228,650812,841178228:650812,Jeven Brus Kiss Me Erkek Parfüm - Edp 50 ml,Jeven Brus,Jeven Brus Parfüm,1570,1890,0,InStock,Son 3 günde 2B+ ürün satıldı!,3,2000,666.7,4.224614489380273,8894,23,1471,"[""Kargo Bedava"",""Son 10 Günün En Düşük Fiyatı"",""Süper Fırsat Ürünü"",""Son 10 günün en düşük fiyatı""]",,refreshed,0,https://www.trendyol.com/jeven-brus/kiss-me-erkek-parfum-edp-50-ml-p-841178228?boutiqueId=61&merchantId=650812
kozmetik:kozmetik-vitrini,315,315,252,78,50,695807899,106852,695807899:106852,Siveno %100 Doğal Roll-on Beyazlatıcı Etkili Deodorant Ter Kokusu Önleyici Bitkisel Lekesiz Vegan 50 ml,Siveno,,244.23,294.23,41.9,InStock,Son 3 günde 2B+ ürün satıldı!,3,2000,666.7,4.5,,,,[],,listing_only,,https://www.trendyol.com/siveno/100-dogal-roll-on-beyazlatici-etkili-deodorant-ter-kokusu-onleyici-bitkisel-lekesiz-vegan-50-ml-p-695807899?boutiqueId=61&merchantId=106852
kozmetik:kozmetik-vitrini,96,96,8,77.4,36.4,1125077331,743162,1125077331:743162,"WIWIFY Pure Balance Yüz Yıkama Jeli Akne ve Yağlanma Karşıtı Sebum Dengeleyici, Nemledirici Etkili",WIWIFY,Wiwify,199.9,439.9,0,InStock,Son 3 günde 500+ ürün satıldı!,3,500,166.7,4.315476190476192,63,0,6,"[""Son 10 Günün En Düşük Fiyatı"",""Süper Fırsat Ürünü"",""Kargo Bedava"",""Son 10 günün en düşük fiyatı""]",21 saat 53 dakika içinde sipariş verirsen yarın kargoda!,refreshed,0,https://www.trendyol.com/wiwify/pure-balance-yuz-yikama-jeli-akne-ve-yaglanma-karsiti-sebum-dengeleyici-nemledirici-etkili-p-1125077331?boutiqueId=61&merchantId=743162
kozmetik:kozmetik-vitrini,630,630,12,77.2,4.3,49724352,932912,49724352:932912,Wella Koleston Naturals 8/1 Açık Küllü Kumral Saç Boyası,Wella,,156.07,321.8,0,InStock,,,,,4.6,,,,"[""Süper Fırsat Ürünü""]",,listing_only,,https://www.trendyol.com/wella/koleston-naturals-8-1-acik-kullu-kumral-sac-boyasi-p-49724352?boutiqueId=61&merchantId=932912
kozmetik:kozmetik-vitrini,699,699,-361,76.9,6.6,231694,155235,231694:155235,Otacı Bitkisel Saç Şekillendirici Yumuşak & Orta Tutuş 150 ml,Otacı,,250.63,539,0,InStock,,,,,4.3,,,,[],,listing_only,,https://www.trendyol.com/otaci/bitkisel-sac-sekillendirici-yumusak-orta-tutus-150-ml-p-231694?boutiqueId=61&merchantId=155235
kozmetik:kozmetik-vitrini,327,327,,76.8,6.7,1233488,932912,1233488:932912,Wella Koleston Single Tüp Saç Boyası 7/77 Işıltılı Kahve,Wella,,83.61,179.8,,InStock,,,,,4.4,,,,"[""Süper Fırsat Ürünü""]",,listing_only,,https://www.trendyol.com/wella/koleston-single-tup-sac-boyasi-7-77-isiltili-kahve-p-1233488?boutiqueId=61&merchantId=932912
kozmetik:makyaj,137,869,,76.7,3.3,737326285,107819,737326285:107819,NYX Professional Makeup Bare With Me Kapatıcı Serum 2.5 Medium Vanilla Concealer,NYX Professional Makeup,,749.99,1499.99,,InStock,,,,,4.6,,,,"[""Sepette %50 İndirim"",""Kargo Bedava""]",,listing_only,,https://www.trendyol.com/nyx-professional-makeup/bare-with-me-kapatici-serum-2-5-medium-vanilla-concealer-p-737326285?boutiqueId=61&merchantId=107819
kozmetik:makyaj,83,815,33,76.6,18,958333900,107819,958333900:107819,NYX Professional Makeup Smushy Yumuşacık Mat Dudak Balmı - 05 Snuggle Szn,NYX Professional Makeup,L'Oreal,349.99,699.99,0,InStock,Son 3 günde 250+ ürün satıldı!,3,250,83.3,4.3,641,0,107,"[""Sepette %50 İndirim""]",21 saat 49 dakika içinde sipariş verirsen en geç yarın kargoda!,carried_forward,3,https://www.trendyol.com/nyx-professional-makeup/smushy-yumusacik-mat-dudak-balmi-05-snuggle-szn-p-958333900?boutiqueId=61&merchantId=107819
kozmetik:kozmetik-vitrini,381,381,163,76.5,21,237074676,301311,237074676:301311,Bargello 122 Kadın Parfüm 50 ML Oriental EDP - 122,Bargello,,370,600,0,InStock,Son 3 günde 500+ ürün satıldı!,3,500,166.7,4.5,,,,"[""Kargo Bedava"",""Son 10 Günün En Düşük Fiyatı""]",,listing_only,,https://www.trendyol.com/bargello/122-kadin-parfum-50-ml-oriental-edp-122-p-237074676?boutiqueId=61&merchantId=301311
kozmetik:kozmetik-vitrini,354,354,-176,76.1,13.9,831391742,115550,831391742:115550,DKDENT %93 Maksimum Beyazlatıcı Diş Macunu 75 ml,DKDENT,Dermokil,187.96,469.9,39,InStock,,,,,4.4,101,0,21,"[""Sepette %60 İndirim"",""Süper Fırsat Ürünü""]",Tahmini Teslim:,carried_forward,27,https://www.trendyol.com/dkdent/93-maksimum-beyazlatici-dis-macunu-75-ml-p-831391742?boutiqueId=61&merchantId=115550
kozmetik:kozmetik-vitrini,384,384,-90,76.1,13.9,1110660415,106593,1110660415:106593,LUMIÈRE Lumiere Red Rouge Saç Ve Vücut Spreyi 200 ml,LUMIÈRE,Sanipak,199.96,499.9,-60,InStock,,,,,3.9,102,0,11,"[""Sepette %60 İndirim""]",21 saat 49 dakika içinde sipariş verirsen en geç yarın kargoda!,carried_forward,3,https://www.trendyol.com/lumiere/lumiere-red-rouge-sac-ve-vucut-spreyi-200-ml-p-1110660415?boutiqueId=61&merchantId=106593
kozmetik:makyaj,266,998,,76.1,3.9,249620093,107819,249620093:107819,NYX Professional Makeup Bare With Me Kapatıcı Serum 04 Beige Concealer,NYX Professional Makeup,,749.99,1499.99,,InStock,,,,,4.6,,,,"[""Sepette %50 İndirim"",""Kargo Bedava""]",,listing_only,,https://www.trendyol.com/nyx-professional-makeup/bare-with-me-kapatici-serum-04-beige-concealer-p-249620093?boutiqueId=61&merchantId=107819
kozmetik:kozmetik-vitrini,78,78,1,75.7,6.7,878842175,1124648,878842175:1124648,"Pierre Cardin Amour Infini EDP Kadın Parfüm 50 ml|Çiçeksi|Frenk Üzümü, Bergamot, Yasemin, Portakal Çiçeği, Vanilya",Pierre Cardin,Pierre Cardin Parfum,569,1195,0,InStock,,,,,3.862980769230769,807,6,58,"[""Kargo Bedava"",""Son 10 Günün En Düşük Fiyatı"",""Süper Fırsat Ürünü"",""Son 10 günün en düşük fiyatı""]",21 saat 53 dakika içinde sipariş verirsen yarın kargoda!,refreshed,0,https://www.trendyol.com/pierre-cardin/amour-infini-edp-kadin-parfum-50-ml-ciceksi-frenk-uzumu-bergamot-yasemin-portakal-cicegi-vanilya-p-878842175?boutiqueId=61&merchantId=1124648
kozmetik:kozmetik-vitrini,505,505,-63,75.7,41.7,366783052,674296,366783052:674296,Mad Parfüm Mad A118 Selective 50 ml Kadın Parfüm,Mad Parfüm,,449.99,599.99,0,InStock,Son 3 günde 1B+ ürün satıldı!,3,1000,333.3,4.2,,,,"[""Kargo Bedava""]",,listing_only,,https://www.trendyol.com/mad-parfum/mad-a118-selective-50-ml-kadin-parfum-p-366783052?boutiqueId=61&merchantId=674296
kozmetik:kozmetik-vitrini,244,244,77,75.5,20,992534437,122143,992534437:122143,"Imprime Chérie Bloom EDP Kadın Parfüm 50ml | Meyveli ve Vanilyalı | Şeftali, Müge, Vanilya, Misk",Imprime,Imprimé,539,1099,0,InStock,Son 3 günde 250+ ürün satıldı!,3,250,83.3,3.806451612903226,351,4,136,"[""Kargo Bedava"",""Son 10 Günün En Düşük Fiyatı"",""Süper Fırsat Ürünü"",""Son 10 günün en düşük fiyatı""]",21 saat 50 dakika içinde sipariş verirsen yarın kargoda!,refreshed,0,https://www.trendyol.com/imprime/cherie-bloom-edp-kadin-parfum-50ml-meyveli-ve-vanilyali-seftali-muge-vanilya-misk-p-992534437?boutiqueId=61&merchantId=122143
kozmetik:kozmetik-vitrini,715,715,,75.5,6,50785921,932912,50785921:932912,Wella Koleston Naturals 2/8 Böğürtlen Siyah Saç Boyası,Wella,,158.21,326.2,,InStock,,,,,4.7,,,,"[""Süper Fırsat Ürünü""]",,listing_only,,https://www.trendyol.com/wella/koleston-naturals-2-8-bogurtlen-siyah-sac-boyasi-p-50785921?boutiqueId=61&merchantId=932912
kozmetik:kozmetik-vitrini,645,645,-74,74.8,5.2,1233491,932912,1233491:932912,Wella Koleston Single Tüp Saç Boyası 8/1 Açık Küllü Kumral,Wella,Wella,89.9,179.8,0,InStock,,,,,4.5,,,197,"[""Sepette %50 İndirim"",""Süper Fırsat Ürünü""]",11 saat 53 dakika içinde sipariş verirsen en geç yarın kargoda!,carried_forward,28,https://www.trendyol.com/wella/koleston-single-tup-sac-boyasi-8-1-acik-kullu-kumral-p-1233491?boutiqueId=61&merchantId=932912
kozmetik:kozmetik-vitrini,435,435,-59,74.6,19,1042692280,122143,1042692280:122143,"Imprime Orenda EDP Kadın Parfüm 50ml | Aromatik & Gurman | Vanilya, Kakao, Portakal, Bergamot, Lavanta",Imprime,Imprimé,559,1099,0,InStock,Son 3 günde 250+ ürün satıldı!,3,250,83.3,4.1,470,0,83,"[""Kargo Bedava"",""Son 10 Günün En Düşük Fiyatı"",""Süper Fırsat Ürünü""]",10 saat 50 dakika içinde sipariş verirsen en geç bugün kargoda!,carried_forward,3,https://www.trendyol.com/imprime/orenda-edp-kadin-parfum-50ml-aromatik-gurman-vanilya-kakao-portakal-bergamot-lavanta-p-1042692280?boutiqueId=61&merchantId=122143
kozmetik:kozmetik-vitrini,642,642,-189,74.4,5.6,71996544,932912,71996544:932912,Wella Koleston Naturals 7/1 Kumral Saç Boyası,Wella,,150,300,-7.2,InStock,,,,,4.6,,,,"[""Sepette %50 İndirim"",""Süper Fırsat Ürünü""]",,listing_only,,https://www.trendyol.com/wella/koleston-naturals-7-1-kumral-sac-boyasi-p-71996544?boutiqueId=61&merchantId=932912
kozmetik:makyaj,205,937,,74.1,5.9,936126410,107819,936126410:107819,NYX Professional Makeup Buttermelt Highlighter Kremsi Pudra Aydınlatıcı - 15 U Butta Werk,NYX Professional Makeup,,574.99,1149.99,,InStock,,,,,4.7,,,,"[""Sepette %50 İndirim""]",,listing_only,,https://www.trendyol.com/nyx-professional-makeup/buttermelt-highlighter-kremsi-pudra-aydinlatici-15-u-butta-werk-p-936126410?boutiqueId=61&merchantId=107819
kozmetik:makyaj,237,969,,73.9,6.1,958331252,107819,958331252:107819,NYX Professional Makeup Smushy Yumuşacık Mat Dudak Balmı - 11 Squeeze N' Sizzle,NYX Professional Makeup,,349.99,699.99,,InStock,,,,,4.4,,,,"[""Sepette %50 İndirim""]",,listing_only,,https://www.trendyol.com/nyx-professional-makeup/smushy-yumusacik-mat-dudak-balmi-11-squeeze-n-sizzle-p-958331252?boutiqueId=61&merchantId=107819
kozmetik:kozmetik-vitrini,690,690,-88,73.8,9.7,238937,155235,238937:155235,Otacı Bitkisel Saç Şekillendirici Orta & Sert Tutuş 150ML,Otacı,Otacı Bitkisel,250.63,539,0,InStock,,,,,4.5,346,0,192,[],Tahmini Teslim:,carried_forward,10,https://www.trendyol.com/otaci/bitkisel-sac-sekillendirici-orta-sert-tutus-150ml-p-238937?boutiqueId=61&merchantId=155235
kozmetik:kozmetik-vitrini,32,32,27,73.6,59,93595097,138065,93595097:138065,Bargello 384 Kadın 50 ml Parfüm Edp Floral,Bargello,Bargello,600,,0,InStock,"Son 3 günde 1,5B+ ürün satıldı!",3,1500,500,4.476879265922343,11936,-14,4280,"[""Kargo Bedava""]",,refreshed,0,https://www.trendyol.com/bargello/384-kadin-50-ml-parfum-edp-floral-p-93595097?boutiqueId=61&merchantId=138065
kozmetik:kozmetik-vitrini,326,326,-93,73.4,22.4,355302247,674296,355302247:674296,Mad Parfüm Mad W217 Selective 50 ml Kadın Parfüm,Mad Parfüm,MAD PARFÜM,379.99,599.99,-36.7,InStock,Son 3 günde 500+ ürün satıldı!,3,500,166.7,4.3,3538,0,1623,"[""Kargo Bedava""]",,carried_forward,2,https://www.trendyol.com/mad-parfum/mad-w217-selective-50-ml-kadin-parfum-p-355302247?boutiqueId=61&merchantId=674296
kozmetik:kozmetik-vitrini,135,135,273,73.1,50.8,730736975,107819,730736975:107819,"Garnier Micellar Makyaj Temizleme Suyu 700ML, 24 Saat Nemlendirme, Hassas Ciltler için, Vegan & Cruelty Free",Garnier,L'Oreal,299,849.9,0,InStock,Son 3 günde 500+ ürün satıldı!,3,500,166.7,0,0,,2,"[""Son 10 Günün En Düşük Fiyatı"",""Süper Fırsat Ürünü"",""Kargo Bedava"",""Son 10 günün en düşük fiyatı""]",21 saat 52 dakika içinde sipariş verirsen Yarın kargoda,refreshed,0,https://www.trendyol.com/garnier/micellar-makyaj-temizleme-suyu-700ml-24-saat-nemlendirme-hassas-ciltler-icin-vegan-cruelty-free-p-730736975?boutiqueId=61&merchantId=107819
kozmetik:kozmetik-vitrini,555,555,-68,73,41.7,358492333,674296,358492333:674296,Mad Parfüm Mad Z101 Selective 50 ml Kadın Parfüm,Mad Parfüm,MAD PARFÜM,449.99,599.99,0,InStock,Son 3 günde 1B+ ürün satıldı!,3,1000,333.3,4.2,8357,0,4124,"[""Kargo Bedava""]",Tahmini Teslim:,carried_forward,27,https://www.trendyol.com/mad-parfum/mad-z101-selective-50-ml-kadin-parfum-p-358492333?boutiqueId=61&merchantId=674296
kozmetik:kozmetik-vitrini,466,466,-94,72.9,20.8,831432424,1279865,831432424:1279865,Embeauty Kolajen Ve Keratin Saç Dökülmesine Karşı Hızlı Sac Uzatan Dolgunlaştırıcı Besleyici Şampuan 2li Set,Embeauty,,499,749,0,InStock,Son 3 günde 500+ ürün satıldı!,3,500,166.7,4.2,,,,"[""Kargo Bedava"",""Son 10 Günün En Düşük Fiyatı"",""Süper Fırsat Ürünü""]",,listing_only,,https://www.trendyol.com/embeauty/kolajen-ve-keratin-sac-dokulmesine-karsi-hizli-sac-uzatan-dolgunlastirici-besleyici-sampuan-2li-set-p-831432424?boutiqueId=61&merchantId=1279865
kozmetik:kozmetik-vitrini,677,677,0,72.7,41.7,355132936,674296,355132936:674296,Mad Parfüm Mad P102 Selective 50 ml Erkek Parfüm,Mad Parfüm,,449.99,599.99,0,InStock,Son 3 günde 1B+ ürün satıldı!,3,1000,333.3,4.5,,,,"[""Kargo Bedava""]",,listing_only,,https://www.trendyol.com/mad-parfum/mad-p102-selective-50-ml-erkek-parfum-p-355132936?boutiqueId=61&merchantId=674296
kozmetik:makyaj,21,753,8,72.5,68.3,1056523627,333578,1056523627:333578,Muson Very Vanta Mascara,Muson,MUSON,208.62,,0,InStock,Son 3 günde 1B+ ürün satıldı!,3,1000,333.3,3.6,171,0,9,[],11 saat 58 dakika içinde sipariş verirsen en geç yarın kargoda!,carried_forward,16,https://www.trendyol.com/muson/very-vanta-mascara-p-1056523627?boutiqueId=61&merchantId=333578
kozmetik:kozmetik-vitrini,625,625,,72.1,7.9,827316321,237229,827316321:237229,"SAINT DE LUMIERE LUMIWHITE Leke Karşıtı, Cilt Tonu Eşitleyici ve Aydınlatıcı Serum 30ml - Akne, Hamilelik ve Güneş",SAINT DE LUMIERE,,485,970,,InStock,,,,,4.4,,,,"[""Kargo Bedava""]",,listing_only,,https://www.trendyol.com/saint-de-lumiere/lumiwhite-leke-karsiti-cilt-tonu-esitleyici-ve-aydinlatici-serum-30ml-akne-hamilelik-ve-gunes-p-827316321?boutiqueId=61&merchantId=237229
kozmetik:kozmetik-vitrini,498,498,57,71.5,41.9,663751330,674296,663751330:674296,Mad Parfüm Mad V109 Selective 50 ml Kadın Parfüm,Mad Parfüm,MAD PARFÜM,449.99,599.99,0,InStock,Son 3 günde 1B+ ürün satıldı!,3,1000,333.3,4.4,5317,0,2347,"[""Kargo Bedava""]",Tahmini Teslim:,carried_forward,25,https://www.trendyol.com/mad-parfum/mad-v109-selective-50-ml-kadin-parfum-p-663751330?boutiqueId=61&merchantId=674296
kozmetik:kozmetik-vitrini,433,433,183,71.4,41.9,358483483,674296,358483483:674296,Mad Parfüm Mad B103 Selective 50 ml Kadın Parfüm,Mad Parfüm,MAD PARFÜM,449.99,599.99,0,InStock,Son 3 günde 1B+ ürün satıldı!,3,1000,333.3,4.4,5218,0,2234,"[""Kargo Bedava""]",11 saat 50 dakika içinde sipariş verirsen en geç yarın kargoda!,carried_forward,3,https://www.trendyol.com/mad-parfum/mad-b103-selective-50-ml-kadin-parfum-p-358483483?boutiqueId=61&merchantId=674296
kozmetik:kozmetik-vitrini,20,20,8,71.2,28.4,897985046,891275,897985046:891275,"Kremi Dudak Bakım Parlatıcı Lip Balm Bordo, Cherry Coke, Nemlendirici, Peptit, Seramid, E Vitamini 13ml",Kremi,Kremi,199.9,,0,InStock,Son 3 günde 250+ ürün satıldı!,3,250,83.3,4.524544179523143,2385,6,100,"[""Kargo Bedava"",""Trendyol Plus'a Özel""]",,refreshed,0,https://www.trendyol.com/kremi/dudak-bakim-parlatici-lip-balm-bordo-cherry-coke-nemlendirici-peptit-seramid-e-vitamini-13ml-p-897985046?boutiqueId=61&merchantId=891275
kozmetik:kozmetik-vitrini,637,637,-32,71.1,42.2,354099434,674296,354099434:674296,Mad Parfüm Mad G103 Selective 50 ml Kadın Parfüm,Mad Parfüm,MAD PARFÜM,449.99,599.99,0,InStock,Son 3 günde 1B+ ürün satıldı!,3,1000,333.3,4.5,4804,0,1845,"[""Kargo Bedava""]",Tahmini Teslim:,carried_forward,5,https://www.trendyol.com/mad-parfum/mad-g103-selective-50-ml-kadin-parfum-p-354099434?boutiqueId=61&merchantId=674296
kozmetik:makyaj,28,760,0,70.6,31.8,5042612,4473,5042612:4473,Flormar Suya Dayanıklı Dudak Kalemi (DOĞAL KOYU KAHVE) - Waterproof Lipliner - -245 Natural - 8690604567607,Flormar,,189.99,199.99,0,InStock,Son 3 günde 500+ ürün satıldı!,3,500,166.7,4.6,,,,"[""Son 10 Günün En Düşük Fiyatı""]",,listing_only,,https://www.trendyol.com/flormar/suya-dayanikli-dudak-kalemi-dogal-koyu-kahve-waterproof-lipliner-245-natural-8690604567607-p-5042612?boutiqueId=61&merchantId=4473
kozmetik:kozmetik-vitrini,364,364,2,70.3,21.6,1059150937,122143,1059150937:122143,"Imprime Claire EDP Kadın Parfüm 50ml | Oryantal & Çiçeksi | Mandalina, Yasemin, Gül, Şeftali, Misk, Amber",Imprime,Imprimé,579,1099,0,InStock,Son 3 günde 250+ ürün satıldı!,3,250,83.3,4.2,226,0,57,"[""Kargo Bedava"",""Son 10 Günün En Düşük Fiyatı"",""Süper Fırsat Ürünü""]",10 saat 49 dakika içinde sipariş verirsen en geç bugün kargoda!,carried_forward,3,https://www.trendyol.com/imprime/claire-edp-kadin-parfum-50ml-oryantal-ciceksi-mandalina-yasemin-gul-seftali-misk-amber-p-1059150937?boutiqueId=61&merchantId=122143
kozmetik:makyaj,112,844,39,70,24.6,926032762,107819,926032762:107819,NYX Professional Makeup Face Glue Primer Nemlendirici Makyaj Bazı & Setting Spray Makyaj Sabitleme Spreyi,NYX Professional Makeup,L'Oreal,829.5,1659,-50,InStock,Son 3 günde 250+ ürün satıldı!,3,250,83.3,4.6,94,0,16,"[""Sepette %50 İndirim"",""Kargo Bedava""]",21 saat 49 dakika içinde sipariş verirsen Yarın kargoda,carried_forward,2,https://www.trendyol.com/nyx-professional-makeup/face-glue-primer-nemlendirici-makyaj-bazi-setting-spray-makyaj-sabitleme-spreyi-p-926032762?boutiqueId=61&merchantId=107819
kozmetik:kozmetik-vitrini,270,270,16,69.6,50.4,277595826,106776,277595826:106776,MAMAAURA Hamileler Için Çatlak Önleyici - Maximum Elasticity Cream 150 ml,MAMAAURA,DermoMarket,432.57,480.57,,InStock,Son 3 günde 5B+ ürün satıldı!,3,5000,1666.7,4.421254240998139,5037,12,1309,"[""Kargo Bedava""]",21 saat 50 dakika içinde sipariş verirsen Yarın kargoda,refreshed,0,https://www.trendyol.com/mamaaura/hamileler-icin-catlak-onleyici-maximum-elasticity-cream-150-ml-p-277595826?boutiqueId=61&merchantId=106776
kozmetik:kozmetik-vitrini,563,563,-362,69.6,23,88898765,107374,88898765:107374,"Swissoderm Dökülme Karşıtı Doğal Şampuan 300ml | Biotinli, Bitkisel Özlü, Normal-Kuru Saçlar, Uzamayı Destekler",Swissoderm,Ekokimya,439,659,0,InStock,Son 3 günde 500+ ürün satıldı!,3,500,166.7,4.4,3051,0,885,"[""Kargo Bedava"",""Son 10 Günün En Düşük Fiyatı""]",21 saat 50 dakika içinde sipariş verirsen Yarın kargoda,carried_forward,2,https://www.trendyol.com/swissoderm/dokulme-karsiti-dogal-sampuan-300ml-biotinli-bitkisel-ozlu-normal-kuru-saclar-uzamayi-destekler-p-88898765?boutiqueId=61&merchantId=107374
kozmetik:makyaj,63,795,0,69.6,20.8,90840851,108362,90840851:108362,"Clinique Moisture Surge™ 100 Saat Etkili Nemlendirici Yüz Kremi 15ml | Aloe Vera Bioferment, Hyalüronik Asit",Clinique,,511,730,0,InStock,Son 3 günde 500+ ürün satıldı!,3,500,166.7,4.4,,,,"[""Sepette %30 İndirim"",""Kargo Bedava""]",,listing_only,,https://www.trendyol.com/clinique/moisture-surge-100-saat-etkili-nemlendirici-yuz-kremi-15ml-aloe-vera-bioferment-hyaluronik-asit-p-90840851?boutiqueId=61&merchantId=108362
kozmetik:makyaj,25,757,-2,69.3,33.3,880137840,830154,880137840:830154,"CALLİEL Tint Repair Centella Özlü Bariyer Onarıcı, Yatıştırıcı, Kızarıklık Karşıtı Ton Eşitleyici Krem 50 ml",CALLİEL,,271.91,,36,InStock,Son 3 günde 500+ ürün satıldı!,3,500,166.7,4.1,,,,[],,listing_only,,https://www.trendyol.com/calliel/tint-repair-centella-ozlu-bariyer-onarici-yatistirici-kizariklik-karsiti-ton-esitleyici-krem-50-ml-p-880137840?boutiqueId=61&merchantId=830154
kozmetik:kozmetik-vitrini,179,179,118,69,28.5,766807504,138065,766807504:138065,Bargello 393 Kadın 50 ml Parfüm Edp Floral,Bargello,Bargello,370,600,0,InStock,Son 3 günde 500+ ürün satıldı!,3,500,166.7,4.534782608695651,619,4,224,"[""Kargo Bedava"",""Son 10 Günün En Düşük Fiyatı"",""Son 10 günün en düşük fiyatı""]",21 saat 51 dakika içinde sipariş verirsen yarın kargoda!,refreshed,0,https://www.trendyol.com/bargello/393-kadin-50-ml-parfum-edp-floral-p-766807504?boutiqueId=61&merchantId=138065
kozmetik:kozmetik-vitrini,202,202,-54,68.8,14.1,84813692,334474,84813692:334474,Bargello 561 Erkek Parfüm Fresh Edp 50 ml - Brgpen561,Bargello,Bargello Perfume Pendik Şubesi,370,600,0,InStock,Son 3 günde 250+ ürün satıldı!,3,250,83.3,4.58058702368692,1959,0,97,"[""Kargo Bedava"",""Son 10 Günün En Düşük Fiyatı"",""Son 10 günün en düşük fiyatı""]",,refreshed,0,https://www.trendyol.com/bargello/561-erkek-parfum-fresh-edp-50-ml-brgpen561-p-84813692?boutiqueId=61&merchantId=334474
kozmetik:kozmetik-vitrini,16,16,4,68.7,26.3,1125011158,318526,1125011158:318526,"WOU World of Unique Kadın Deodorant Sprey ,Pudrasız,48 Saat Etkin Vegan,Alkol İçermez,150ml",WOU World of Unique,WOU World of Unique,229,,23.2,InStock,,,,,4.216691068814057,391,1,64,"[""Sepette %7 İndirim"",""Kargo Bedava""]",21 saat 54 dakika içinde sipariş verirsen yarın kargoda!,refreshed,0,https://www.trendyol.com/wou-world-of-unique/kadin-deodorant-sprey-pudrasiz-48-saat-etkin-vegan-alkol-icermez-150ml-p-1125011158?boutiqueId=61&merchantId=318526
kozmetik:kozmetik-vitrini,131,131,271,68.7,44.6,942013706,743162,942013706:743162,WIWIFY Yatıştırıcı Onarıcı Yüksek Korumalı Centella Soothing Sun Serum Spf 50+ Pa++++ 50ml Güneş Kremi,WIWIFY,Wiwify,299.9,399.9,-25,InStock,Son 3 günde 1B+ ürün satıldı!,3,1000,333.3,4.420980302336234,2421,40,437,"[""Son 10 Günün En Düşük Fiyatı"",""Süper Fırsat Ürünü"",""Kargo Bedava"",""Son 10 günün en düşük fiyatı"",""Trendyol Plus'a Özel""]",,refreshed,0,https://www.trendyol.com/wiwify/yatistirici-onarici-yuksek-korumali-centella-soothing-sun-serum-spf-50-pa-50ml-gunes-kremi-p-942013706?boutiqueId=61&merchantId=743162
kozmetik:makyaj,27,759,-1,68.5,32.3,759361649,556702,759361649:556702,Cream Co. Su Bazlı Bariyer Güçlendirici Cloud Moisturizer Nemlendirici Yüz Kremi 50 ML Tüm Cilt Tipleri,Cream Co.,,309.9,,0,InStock,Son 3 günde 500+ ürün satıldı!,3,500,166.7,4.4,,,,"[""Son 10 Günün En Düşük Fiyatı""]",,listing_only,,https://www.trendyol.com/cream-co/su-bazli-bariyer-guclendirici-cloud-moisturizer-nemlendirici-yuz-kremi-50-ml-tum-cilt-tipleri-p-759361649?boutiqueId=61&merchantId=556702
kozmetik:kozmetik-vitrini,254,254,-91,68.3,23.6,1173636417,122143,1173636417:122143,"Imprime Vanilla Cashmere EDP Kadın Parfüm 48 ml | Oryantal & Vanilya | Vanilya, Sandal Ağacı, Kaşmir, Yasemin",Imprime,Imprimé,579,1099,0,InStock,Son 3 günde 250+ ürün satıldı!,3,250,83.3,3.8626373626373627,127,1,25,"[""Kargo Bedava"",""Son 10 Günün En Düşük Fiyatı"",""Süper Fırsat Ürünü"",""Son 10 günün en düşük fiyatı""]",21 saat 50 dakika içinde sipariş verirsen Yarın kargoda,refreshed,0,https://www.trendyol.com/imprime/vanilla-cashmere-edp-kadin-parfum-48-ml-oryantal-vanilya-vanilya-sandal-agaci-kasmir-yasemin-p-1173636417?boutiqueId=61&merchantId=122143
kozmetik:kozmetik-vitrini,369,369,-75,68.3,4,298114550,743162,298114550:743162,"WIWIFY Arındırıcı, Cilt Yenileyici Siyah Nokta Ve Karşıtı Glikolik Tonik (Glycolic Acid 5% + BHA)",WIWIFY,Wiwify,276.9,479.9,0,InStock,,,,,4.4,1762,0,667,"[""Son 10 Günün En Düşük Fiyatı"",""Süper Fırsat Ürünü""]",,carried_forward,2,https://www.trendyol.com/wiwify/arindirici-cilt-yenileyici-siyah-nokta-ve-karsiti-glikolik-tonik-glycolic-acid-5-bha-p-298114550?boutiqueId=61&merchantId=743162
kozmetik:kozmetik-vitrini,26,26,25,68.1,35.1,114903408,166958,114903408:166958,"Bioderma Atoderm Intensive Balm Atopi Eğilimli Cilt Bebek,Çocuk,Yetişkin Seyahat Boy Nemlendirici Krem 45 ml",Bioderma,BIODERMA,363.3,379,-4.1,InStock,Son 3 günde 500+ ürün satıldı!,3,500,166.7,4.5820895522388065,2897,3,1642,"[""Kargo Bedava"",""Son 10 Günün En Düşük Fiyatı"",""Son 10 günün en düşük fiyatı""]",21 saat 54 dakika içinde sipariş verirsen Yarın kargoda,refreshed,0,https://www.trendyol.com/bioderma/atoderm-intensive-balm-atopi-egilimli-cilt-bebek-cocuk-yetiskin-seyahat-boy-nemlendirici-krem-45-ml-p-114903408?boutiqueId=61&merchantId=166958
kozmetik:kozmetik-vitrini,281,281,-34,68,50.2,875712530,650812,875712530:650812,Jeven Brus Libido Erkek Parfüm - Extrait de Parfum 50 ml,Jeven Brus,Jeven Brus Parfüm,1640,1890,0,InStock,"Son 3 günde 1,5B+ ürün satıldı!",3,1500,500,4.002529404325281,5324,23,528,"[""Kargo Bedava"",""Son 10 Günün En Düşük Fiyatı"",""Son 10 günün en düşük fiyatı""]",,refreshed,0,https://www.trendyol.com/jeven-brus/libido-erkek-parfum-extrait-de-parfum-50-ml-p-875712530?boutiqueId=61&merchantId=650812
kozmetik:kozmetik-vitrini,474,474,-58,67.9,13.4,366396426,674296,366396426:674296,Mad Parfüm Mad W214 Selective 50 ml Kadın Parfüm,Mad Parfüm,,379.99,599.99,0,InStock,Son 3 günde 250+ ürün satıldı!,3,250,83.3,4,,,,"[""Kargo Bedava""]",,listing_only,,https://www.trendyol.com/mad-parfum/mad-w214-selective-50-ml-kadin-parfum-p-366396426?boutiqueId=61&merchantId=674296
kozmetik:kozmetik-vitrini,703,703,-289,67.5,10.7,1032364222,122143,1032364222:122143,"Imprime Muse Bloom EDP Kadın Parfüm 50 ml | Çiçeksi & Misk | Bergamot, Müge, Menekşe, Vanilya, Misk",Imprime,,569,1099,0,InStock,,,,,4,,,,"[""Kargo Bedava"",""Son 10 Günün En Düşük Fiyatı"",""Süper Fırsat Ürünü""]",,listing_only,,https://www.trendyol.com/imprime/muse-bloom-edp-kadin-parfum-50-ml-ciceksi-misk-bergamot-muge-menekse-vanilya-misk-p-1032364222?boutiqueId=61&merchantId=122143
kozmetik:kozmetik-vitrini,21,21,102,67.4,44.2,947383025,468928,947383025:468928,Revolution Forever Flawless Far Paleti Nova Green,Revolution,Watsons,459.32,,2.1,InStock,Son 3 günde 500+ ürün satıldı!,3,500,166.7,4.361462728551336,432,4,34,"[""Kargo Bedava""]",21 saat 54 dakika içinde sipariş verirsen yarın kargoda!,refreshed,0,https://www.trendyol.com/revolution/forever-flawless-far-paleti-nova-green-p-947383025?boutiqueId=61&merchantId=468928
kozmetik:kozmetik-vitrini,450,450,77,67.3,50,3706799,370301,3706799:370301,Wefood Organik Hindistan Cevizi Yağı 150 ml (Soğuk Sıkım),Wefood,Wefood,229,245.1,0,InStock,Son 3 günde 2B+ ürün satıldı!,3,2000,666.7,4.6,6836,0,2319,"[""Son 10 Günün En Düşük Fiyatı""]",Tahmini Teslim:,carried_forward,5,https://www.trendyol.com/wefood/organik-hindistan-cevizi-yagi-150-ml-soguk-sikim-p-3706799?boutiqueId=61&merchantId=370301
kozmetik:kozmetik-vitrini,548,548,90,66.6,10.4,764129318,107302,764129318:107302,Sinoz Pure Cica Tiger Grass Anında Ton Eşitleyici Onarıcı Yüz Bakım Kremi 15 ml,Sinoz,,349,479.4,0,InStock,Son 3 günde 250+ ürün satıldı!,3,250,83.3,4.2,,,,"[""Son 10 Günün En Düşük Fiyatı"",""Süper Fırsat Ürünü""]",,listing_only,,https://www.trendyol.com/sinoz/pure-cica-tiger-grass-aninda-ton-esitleyici-onarici-yuz-bakim-kremi-15-ml-p-764129318?boutiqueId=61&merchantId=107302
kozmetik:kozmetik-vitrini,495,495,-7,66.1,45.6,985289220,110268,985289220:110268,HC Care Süper Duo 20 Dakikada Yoğun Onarıcı & Nemlendirici Saç Maskesi,HC Care,,99,129,0,InStock,Son 3 günde 1B+ ürün satıldı!,3,1000,333.3,4.6,,,,"[""Son 10 Günün En Düşük Fiyatı"",""Süper Fırsat Ürünü""]",,listing_only,,https://www.trendyol.com/hc-care/super-duo-20-dakikada-yogun-onarici-nemlendirici-sac-maskesi-p-985289220?boutiqueId=61&merchantId=110268
kozmetik:kozmetik-vitrini,682,682,27,66,51.7,930355531,237664,930355531:237664,Egş DERMA delete ATKUYRUK ÖZLÜ ŞAMPUAN Dökülmelere Karşı Hızlı Sac Uzatan Onarcı Karışım,Egş DERMA delete,,501.92,575,-12.7,InStock,"Son 3 günde 1,5B+ ürün satıldı!",3,1500,500,3.9,,,,"[""Kargo Bedava"",""Son 10 Günün En Düşük Fiyatı""]",,listing_only,,https://www.trendyol.com/egs-derma-delete/atkuyruk-ozlu-sampuan-dokulmelere-karsi-hizli-sac-uzatan-onarci-karisim-p-930355531?boutiqueId=61&merchantId=237664
kozmetik:makyaj,195,927,64,66,14,1098057951,107819,1098057951:107819,NYX Professional Makeup Make’ Em Wonder Yumuşak Mat Bitişli Fondöten 06 - Light,NYX Professional Makeup,L'Oreal,499.99,999.99,0,InStock,,,,,4,99,0,60,"[""Sepette %50 İndirim""]",1 saat 51 dakika içinde sipariş verirsen en geç bugün kargoda!,carried_forward,6,https://www.trendyol.com/nyx-professional-makeup/make-em-wonder-yumusak-mat-bitisli-fondoten-06-light-p-1098057951?boutiqueId=61&merchantId=107819
kozmetik:kozmetik-vitrini,37,37,-3,65.4,48.2,820191405,107819,820191405:107819,L'Oreal Paris Glotion All-In-One Doğal Işıltı 901 - Fair Glow 40 ml,L'Oreal Paris Glotion,L'Oreal,599.9,674.96,0,InStock,Son 3 günde 1B+ ürün satıldı!,3,1000,333.3,4.45939926180476,8940,5,1591,"[""89 TL Kupon"",""Son 10 Günün En Düşük Fiyatı"",""Kargo Bedava"",""Son 10 günün en düşük fiyatı""]",21 saat 54 dakika içinde sipariş verirsen Yarın kargoda,refreshed,0,https://www.trendyol.com/l-oreal-paris/glotion-all-in-one-dogal-isilti-901-fair-glow-40-ml-p-820191405?boutiqueId=61&merchantId=107819
kozmetik:makyaj,138,870,-61,65.2,3.8,839504662,210033,839504662:210033,Lancome Hypnose Drama Anında Dolgunluk ve Hacim Etkili Maskara 01 3614273987714,Lancome,,1799,2950,0,InStock,,,,,4.1,,,,"[""Kargo Bedava"",""Son 10 Günün En Düşük Fiyatı""]",,listing_only,,https://www.trendyol.com/lancome/hypnose-drama-aninda-dolgunluk-ve-hacim-etkili-maskara-01-3614273987714-p-839504662?boutiqueId=61&merchantId=210033
kozmetik:makyaj,43,775,1,64.9,24.3,144443692,391407,144443692:391407,Kiehl's Ultra Facial Cream & Avokadolu Göz Kremi Favori Nem İkilisi Seti,Kiehl's Ultra,,1690,2190,0,InStock,Son 3 günde 500+ ürün satıldı!,3,500,166.7,4.4,,,,"[""Kargo Bedava"",""Son 10 Günün En Düşük Fiyatı""]",,listing_only,,https://www.trendyol.com/kiehl-s/ultra-facial-cream-avokadolu-goz-kremi-favori-nem-ikilisi-seti-p-144443692?boutiqueId=61&merchantId=391407
kozmetik:kozmetik-vitrini,319,319,,64,4.1,378733343,743162,378733343:743162,"WIWIFY Leke Karşıtı, Cilt Tonu Eşitleyici, Aydınlatıcı Arbutin Serum (Arbutin 2% + Hyaluronic Acid)",WIWIFY,,278.5,449.9,,InStock,,,,,4.3,,,,"[""Son 10 Günün En Düşük Fiyatı"",""Süper Fırsat Ürünü""]",,listing_only,,https://www.trendyol.com/wiwify/leke-karsiti-cilt-tonu-esitleyici-aydinlatici-arbutin-serum-arbutin-2-hyaluronic-acid-p-378733343?boutiqueId=61&merchantId=743162
kozmetik:kozmetik-vitrini,678,678,-96,63.6,20.8,354098178,674296,354098178:674296,Mad Parfüm Mad W213 Selective 50 ml Kadın Parfüm,Mad Parfüm,MAD PARFÜM,449.99,599.99,0,InStock,Son 3 günde 500+ ürün satıldı!,3,500,166.7,4.4,6053,0,2373,"[""Kargo Bedava""]",11 saat 49 dakika içinde sipariş verirsen en geç yarın kargoda!,carried_forward,9,https://www.trendyol.com/mad-parfum/mad-w213-selective-50-ml-kadin-parfum-p-354098178?boutiqueId=61&merchantId=674296
kozmetik:kozmetik-vitrini,549,549,,63.5,21.1,1163621425,743162,1163621425:743162,"WIWIFY Centella Calming Yüz Yıkama Jeli Hassasiyet ve Kızarıklık Karşıtı, Yatıştırıcı, Nemlendirici Etkili",WIWIFY,,199.9,439.9,,InStock,,,,,4.8,,,,"[""Son 10 Günün En Düşük Fiyatı"",""Süper Fırsat Ürünü""]",,listing_only,,https://www.trendyol.com/wiwify/centella-calming-yuz-yikama-jeli-hassasiyet-ve-kizariklik-karsiti-yatistirici-nemlendirici-etkili-p-1163621425?boutiqueId=61&merchantId=743162
kozmetik:makyaj,86,818,-20,63.5,13.2,78900707,210033,78900707:210033,Lancome Lash Idole Lifting Etkili Hacim veren Maskara 01 Siyah 3614273066365,Lancome,,1799,2650,0,InStock,Son 3 günde 250+ ürün satıldı!,3,250,83.3,4.3,,,,"[""Kargo Bedava"",""Son 10 Günün En Düşük Fiyatı""]",,listing_only,,https://www.trendyol.com/lancome/lash-idole-lifting-etkili-hacim-veren-maskara-01-siyah-3614273066365-p-78900707?boutiqueId=61&merchantId=210033
kozmetik:kozmetik-vitrini,180,180,2,63.3,41.7,79731620,145234,79731620:145234,S'GLAM Kaş Şekilendirici Brow Wax,S'GLAM,SGLAM,196,229,0,InStock,Son 3 günde 1B+ ürün satıldı!,3,1000,333.3,4.4614525139664805,10617,-4,756,"[""Son 10 Günün En Düşük Fiyatı"",""Kargo Bedava"",""Son 10 günün en düşük fiyatı""]",,refreshed,0,https://www.trendyol.com/s-glam/kas-sekilendirici-brow-wax-p-79731620?boutiqueId=61&merchantId=145234
kozmetik:kozmetik-vitrini,368,368,-48,63.3,20.9,135884530,107109,135884530:107109,"Yves Rocher Yüz Yıkama Jeli-Karma,Yağlı,Sivilce Eğilimli Cilt-Pure Menthe Arındırıcı Botanik Kompleks 390ml",Yves Rocher,Yves Rocher,712.42,949.9,0,InStock,Son 3 günde 500+ ürün satıldı!,3,500,166.7,4.6,5516,0,703,"[""Sepette %25 İndirim"",""Kargo Bedava""]",11 saat 52 dakika içinde sipariş verirsen en geç yarın kargoda!,carried_forward,21,https://www.trendyol.com/yves-rocher/yuz-yikama-jeli-karma-yagli-sivilce-egilimli-cilt-pure-menthe-arindirici-botanik-kompleks-390ml-p-135884530?boutiqueId=61&merchantId=107109
kozmetik:kozmetik-vitrini,627,627,,63.3,6.2,827330417,237229,827330417:237229,"SAINT DE LUMIERE LUMIBOOST 72 Saat Etkili Nem Koruyucu Nemlendirici, Yaşlanma Karşıtı Krem 50ml-Kolajen,B5,Hyaluronik",SAINT DE LUMIERE,,599,990,,InStock,,,,,4.4,,,,"[""Kargo Bedava""]",,listing_only,,https://www.trendyol.com/saint-de-lumiere/lumiboost-72-saat-etkili-nem-koruyucu-nemlendirici-yaslanma-karsiti-krem-50ml-kolajen-b5-hyaluronik-p-827330417?boutiqueId=61&merchantId=237229
kozmetik:kozmetik-vitrini,576,576,,63,42,3952782,106852,3952782:106852,Siveno %100 Doğal Roll-on Erkek Deodorant Ter Kokusu Önleyici Bitkisel Leke Bırakmayan Vegan 50 ml,Siveno,,249.9,299.9,,InStock,Son 3 günde 1B+ ürün satıldı!,3,1000,333.3,4.6,,,,[],,listing_only,,https://www.trendyol.com/siveno/100-dogal-roll-on-erkek-deodorant-ter-kokusu-onleyici-bitkisel-leke-birakmayan-vegan-50-ml-p-3952782?boutiqueId=61&merchantId=106852
kozmetik:kozmetik-vitrini,693,693,-12,62.8,21.3,355160074,674296,355160074:674296,Mad Parfüm Mad A114 Selective 50 ml Erkek Parfüm,Mad Parfüm,,449.99,599.99,0,InStock,Son 3 günde 500+ ürün satıldı!,3,500,166.7,4.5,,,,"[""Kargo Bedava""]",,listing_only,,https://www.trendyol.com/mad-parfum/mad-a114-selective-50-ml-erkek-parfum-p-355160074?boutiqueId=61&merchantId=674296
kozmetik:kozmetik-vitrini,497,497,-61,62.7,0,782967405,188199,782967405:188199,"Clasy Care Face Up Skin Gözenek Sıkılaştırıcı, Onarıcı, Kırışıklık Karşıtı Cilt Kremi 40ml",Clasy Care,Clasy Care,399,588.72,0,InStock,,,,,4.2,6526,0,4393,"[""Kargo Bedava"",""Son 10 Günün En Düşük Fiyatı"",""Süper Fırsat Ürünü""]",Tahmini Teslim:,carried_forward,20,https://www.trendyol.com/clasy-care/face-up-skin-gozenek-sikilastirici-onarici-kirisiklik-karsiti-cilt-kremi-40ml-p-782967405?boutiqueId=61&merchantId=188199
kozmetik:kozmetik-vitrini,170,170,-2,62.6,5.1,760402945,1081577,760402945:1081577,Golden Rose Emily Dudak Kalemi 3'lü Set No:203-217-226,Golden Rose,Golden Rose,178.8,286.88,,InStock,,,,,4.638983050847457,1311,1,116,"[""Son 10 Günün En Düşük Fiyatı"",""Süper Fırsat Ürünü"",""Kargo Bedava"",""Son 10 günün en düşük fiyatı"",""Trendyol Plus'a Özel""]",21 saat 51 dakika içinde sipariş verirsen Yarın kargoda,refreshed,0,https://www.trendyol.com/golden-rose/emily-dudak-kalemi-3-lu-set-no-203-217-226-p-760402945?boutiqueId=61&merchantId=1081577
kozmetik:kozmetik-vitrini,375,375,-22,62.6,12,133768162,287195,133768162:287195,TTO Gece Kremi Akneye Eğilimli Cilt Bakımı 30 ml %20 Azelaik Asit Dermodicos Plus,TTO,,805,1150,0,InStock,Son 3 günde 250+ ürün satıldı!,3,250,83.3,4.3,,,,"[""Sepette %30 İndirim"",""Kargo Bedava""]",,listing_only,,https://www.trendyol.com/tto/gece-kremi-akneye-egilimli-cilt-bakimi-30-ml-20-azelaik-asit-dermodicos-plus-p-133768162?boutiqueId=61&merchantId=287195
kozmetik:makyaj,146,878,96,62.6,3.9,1063215454,107819,1063215454:107819,Maybelline New York Lash Sensational Body Maskara - Hacimli ve Gün Boyu Kalkık Görünen Kirpikler,Maybelline New York,,599.9,944.96,0,InStock,,,,,4.1,,,,"[""89 TL Kupon"",""Son 10 Günün En Düşük Fiyatı"",""Süper Fırsat Ürünü""]",,listing_only,,https://www.trendyol.com/maybelline-new-york/lash-sensational-body-maskara-hacimli-ve-gun-boyu-kalkik-gorunen-kirpikler-p-1063215454?boutiqueId=61&merchantId=107819
kozmetik:kozmetik-vitrini,711,711,-22,62.4,21.8,354100227,674296,354100227:674296,Mad Parfüm Mad C123 Selective 50 ml Kadın Parfüm,Mad Parfüm,MAD PARFÜM,449.99,599.99,0,InStock,Son 3 günde 500+ ürün satıldı!,3,500,166.7,4.2,4284,0,,"[""Kargo Bedava""]",Tahmini Teslim:,carried_forward,12,https://www.trendyol.com/mad-parfum/mad-c123-selective-50-ml-kadin-parfum-p-354100227?boutiqueId=61&merchantId=674296
kozmetik:kozmetik-vitrini,185,185,,62.3,8.1,992551078,743162,992551078:743162,WIWIFY Yoğun Nemlendirici & Onarıcı Vücut Kremi (Intensive Moisturizing Body Lotion %5 Urea + Ceramide),WIWIFY,Wiwify,279.9,469.9,,InStock,,,,,4.594948550046773,539,,80,"[""Son 10 Günün En Düşük Fiyatı"",""Süper Fırsat Ürünü"",""Kargo Bedava"",""Son 10 günün en düşük fiyatı""]",21 saat 51 dakika içinde sipariş verirsen yarın kargoda!,refreshed,0,https://www.trendyol.com/wiwify/yogun-nemlendirici-onarici-vucut-kremi-intensive-moisturizing-body-lotion-5-urea-ceramide-p-992551078?boutiqueId=61&merchantId=743162
kozmetik:makyaj,115,847,4,62.2,12.4,809735594,107109,809735594:107109,Yves Rocher Arındırıcı Gözenek sıkılaştırıcı Tonik-Süksinik Asit&Çinko-Sebo Active Clear Botanik Kompleks-150ml,Yves Rocher,Yves Rocher,419.9,599.9,0,InStock,Son 3 günde 250+ ürün satıldı!,3,250,83.3,4.5,3206,0,549,"[""Kargo Bedava""]",11 saat 50 dakika içinde sipariş verirsen en geç yarın kargoda!,carried_forward,3,https://www.trendyol.com/yves-rocher/arindirici-gozenek-sikilastirici-tonik-suksinik-asit-cinko-sebo-active-clear-botanik-kompleks-150ml-p-809735594?boutiqueId=61&merchantId=107109
kozmetik:kozmetik-vitrini,68,68,-4,61.9,58,1073360532,1168206,1073360532:1168206,Pantene Molecular Bond Repair Yıpranmış Saçlar İçin Bağ Onarıcı Durulanmayan Saç Bakım Kremi 90 ml,Pantene,P&G Türkiye,220.37,259,0,InStock,"Son 3 günde 1,5B+ ürün satıldı!",3,1500,500,4.589506172839506,567,8,148,"[""Son 10 Günün En Düşük Fiyatı"",""Kargo Bedava"",""Son 10 günün en düşük fiyatı""]",21 saat 53 dakika içinde sipariş verirsen yarın kargoda!,refreshed,0,https://www.trendyol.com/pantene/molecular-bond-repair-yipranmis-saclar-icin-bag-onarici-durulanmayan-sac-bakim-kremi-90-ml-p-1073360532?boutiqueId=61&merchantId=1168206
kozmetik:kozmetik-vitrini,359,359,-95,61.9,19.4,354098882,674296,354098882:674296,Mad Parfüm Mad W191 Selective 50 ml Erkek Parfüm,Mad Parfüm,MAD PARFÜM,379.99,599.99,-36.7,InStock,Son 3 günde 250+ ürün satıldı!,3,250,83.3,4.3,424,0,184,"[""Kargo Bedava""]",,carried_forward,2,https://www.trendyol.com/mad-parfum/mad-w191-selective-50-ml-erkek-parfum-p-354098882?boutiqueId=61&merchantId=674296
kozmetik:kozmetik-vitrini,434,434,34,61.3,22.4,762335248,109162,762335248:109162,Maru.Derm Karma Ve Yağlı Ciltlere Özel Salisilik Asit Yüz Temizleme Jeli 200 ML,Maru.Derm Karma,,188.41,249.9,0,InStock,Son 3 günde 500+ ürün satıldı!,3,500,166.7,4.3,,,,"[""Son 10 Günün En Düşük Fiyatı"",""Süper Fırsat Ürünü""]",,listing_only,,https://www.trendyol.com/maru-derm/karma-ve-yagli-ciltlere-ozel-salisilik-asit-yuz-temizleme-jeli-200-ml-p-762335248?boutiqueId=61&merchantId=109162
kozmetik:kozmetik-vitrini,706,706,-148,61.2,23,354112840,674296,354112840:674296,Mad Parfüm Mad A115 Selective 50 ml Erkek Parfüm,Mad Parfüm,,449.99,599.99,0,InStock,Son 3 günde 500+ ürün satıldı!,3,500,166.7,4.4,,,,"[""Kargo Bedava""]",,listing_only,,https://www.trendyol.com/mad-parfum/mad-a115-selective-50-ml-erkek-parfum-p-354112840?boutiqueId=61&merchantId=674296
kozmetik:makyaj,110,842,,61.2,15.4,938143886,210033,938143886:210033,Lancome Lash Idole Lifting Etkili Hacim veren Maskara 02 Kahverengi 3614274306477,Lancome,,1799,2650,0,InStock,Son 3 günde 250+ ürün satıldı!,3,250,83.3,4.3,,,,"[""Kargo Bedava"",""Son 10 Günün En Düşük Fiyatı""]",,listing_only,,https://www.trendyol.com/lancome/lash-idole-lifting-etkili-hacim-veren-maskara-02-kahverengi-3614274306477-p-938143886?boutiqueId=61&merchantId=210033
kozmetik:kozmetik-vitrini,702,702,-75,61,23.2,354099798,674296,354099798:674296,Mad Parfüm Mad L101 Selective 50 ml Kadın Parfüm,Mad Parfüm,,449.99,599.99,0,InStock,Son 3 günde 500+ ürün satıldı!,3,500,166.7,4.3,,,,"[""Kargo Bedava""]",,listing_only,,https://www.trendyol.com/mad-parfum/mad-l101-selective-50-ml-kadin-parfum-p-354099798?boutiqueId=61&merchantId=674296
kozmetik:kozmetik-vitrini,222,222,-47,60.7,55.7,1090635124,1279865,1090635124:1279865,Embeauty Keratin Boost Onarıcı Dolgunlaştırıcı Saç Bakım Kremi 200 ml,Embeauty,Viel Kozmetik,229,258.4,0,InStock,"Son 3 günde 1,5B+ ürün satıldı!",3,1500,500,4.310198300283286,1081,1,298,"[""Son 10 Günün En Düşük Fiyatı"",""Kargo Bedava"",""Trendyol Plus'a Özel""]",,refreshed,0,https://www.trendyol.com/embeauty/keratin-boost-onarici-dolgunlastirici-sac-bakim-kremi-200-ml-p-1090635124?boutiqueId=61&merchantId=1279865
kozmetik:kozmetik-vitrini,620,620,-9,60.7,23.5,683006884,674296,683006884:674296,Mad Parfüm Mad P107 Selective 50 ml Kadın Parfüm,Mad Parfüm,MAD PARFÜM,449.99,599.99,0,InStock,Son 3 günde 500+ ürün satıldı!,3,500,166.7,4.3,2606,0,984,"[""Kargo Bedava""]",Tahmini Teslim:,carried_forward,5,https://www.trendyol.com/mad-parfum/mad-p107-selective-50-ml-kadin-parfum-p-683006884?boutiqueId=61&merchantId=674296
kozmetik:kozmetik-vitrini,522,522,-331,60.6,11.4,805653879,935151,805653879:935151,The Vivia Leke Karşıtı Yüksek Koruyucu Spf50 Yüz Güneş Kremi Tüm Cilt Tipleri 50 ml,The Vivia,The Vivia,1374.74,1897,1.9,InStock,Son 3 günde 250+ ürün satıldı!,3,250,83.3,4.5,4176,0,694,"[""Kargo Bedava"",""Son 10 Günün En Düşük Fiyatı"",""Süper Fırsat Ürünü""]",Tahmini Teslim:,carried_forward,23,https://www.trendyol.com/the-vivia/leke-karsiti-yuksek-koruyucu-spf50-yuz-gunes-kremi-tum-cilt-tipleri-50-ml-p-805653879?boutiqueId=61&merchantId=935151
kozmetik:kozmetik-vitrini,646,646,-58,60.1,10.4,358483236,674296,358483236:674296,Mad Parfüm Mad Y101 Selective 50 ml Kadın Parfüm,Mad Parfüm,,449.99,599.99,0,InStock,Son 3 günde 250+ ürün satıldı!,3,250,83.3,4.4,,,,"[""Kargo Bedava""]",,listing_only,,https://www.trendyol.com/mad-parfum/mad-y101-selective-50-ml-kadin-parfum-p-358483236?boutiqueId=61&merchantId=674296
kozmetik:kozmetik-vitrini,513,513,126,60,20.8,146987534,164987,146987534:164987,"The Purest Solutions Yüksek Koruma ve Nemlendirici Etkili Güneş Koruyucu Krem SPF 50, 50 ml",The Purest Solutions,,323.14,399.9,0,InStock,Son 3 günde 500+ ürün satıldı!,3,500,166.7,4.5,,,,"[""Son 10 Günün En Düşük Fiyatı"",""Süper Fırsat Ürünü""]",,listing_only,,https://www.trendyol.com/the-purest-solutions/yuksek-koruma-ve-nemlendirici-etkili-gunes-koruyucu-krem-spf-50-50-ml-p-146987534?boutiqueId=61&merchantId=164987
kozmetik:kozmetik-vitrini,662,662,-12,60,24.2,799697929,674296,799697929:674296,Mad Parfüm Mad B107 Selective 50 ml Kadın Parfüm,Mad Parfüm,,449.99,599.99,0,InStock,Son 3 günde 500+ ürün satıldı!,3,500,166.7,4.4,,,,"[""Kargo Bedava""]",,listing_only,,https://www.trendyol.com/mad-parfum/mad-b107-selective-50-ml-kadin-parfum-p-799697929?boutiqueId=61&merchantId=674296
kozmetik:kozmetik-vitrini,488,488,24,59.8,10.4,355160378,674296,355160378:674296,Mad Parfüm Mad N101 Selective 50 ml Kadın Parfüm,Mad Parfüm,,449.99,599.99,0,InStock,Son 3 günde 250+ ürün satıldı!,3,250,83.3,4.2,,,,"[""Kargo Bedava""]",,listing_only,,https://www.trendyol.com/mad-parfum/mad-n101-selective-50-ml-kadin-parfum-p-355160378?boutiqueId=61&merchantId=674296
kozmetik:kozmetik-vitrini,533,533,-32,59.8,24.4,355117737,674296,355117737:674296,Mad Parfüm Mad V102 Selective 50 ml Kadın Parfüm,Mad Parfüm,,449.99,599.99,0,InStock,Son 3 günde 500+ ürün satıldı!,3,500,166.7,4.4,2017,0,,"[""Kargo Bedava""]",,carried_forward,31,https://www.trendyol.com/mad-parfum/mad-v102-selective-50-ml-kadin-parfum-p-355117737?boutiqueId=61&merchantId=674296
kozmetik:kozmetik-vitrini,81,81,-33,59,16.1,766554206,236430,766554206:236430,Yves Saint Laurent Libre Travel Set - Libre EDP 30 ml & 10 ml Parfüm Seti,Yves Saint Laurent,YVES SAINT LAURENT BEAUTY,3750,5400,0,InStock,Son 3 günde 250+ ürün satıldı!,3,250,83.3,4.429581614614024,1084,3,99,"[""Kargo Bedava"",""Son 10 Günün En Düşük Fiyatı"",""Son 10 günün en düşük fiyatı""]",,refreshed,0,https://www.trendyol.com/yves-saint-laurent/libre-travel-set-libre-edp-30-ml-10-ml-parfum-seti-p-766554206?boutiqueId=61&merchantId=236430
kozmetik:kozmetik-vitrini,86,86,124,59,47.5,957655203,164987,957655203:164987,The Purest Solutions 72 Saat Etkili Sebum Dengeleyici Su Bazlı Günlük Nemlendirici Krem 50ml,The Purest Solutions,The Purest Solutions,286.4,349.9,0,InStock,Son 3 günde 1B+ ürün satıldı!,3,1000,333.3,4.30661231884058,1057,1,595,"[""Son 10 Günün En Düşük Fiyatı"",""Süper Fırsat Ürünü"",""Kargo Bedava"",""Son 10 günün en düşük fiyatı""]",,refreshed,0,https://www.trendyol.com/the-purest-solutions/72-saat-etkili-sebum-dengeleyici-su-bazli-gunluk-nemlendirici-krem-50ml-p-957655203?boutiqueId=61&merchantId=164987
kozmetik:kozmetik-vitrini,524,524,13,58.9,11.8,367272,245935,367272:245935,Ducray Anaphase Densifying Saç Dökülmesine Karşı Şampuan İncelmiş ve Seyrekleşmiş Saçlar için 400 ml,Ducray,,850,1150,-14.1,InStock,Son 3 günde 250+ ürün satıldı!,3,250,83.3,4.1,,,,"[""Kargo Bedava"",""Süper Fırsat Ürünü""]",,listing_only,,https://www.trendyol.com/ducray/anaphase-densifying-sac-dokulmesine-karsi-sampuan-incelmis-ve-seyreklesmis-saclar-icin-400-ml-p-367272?boutiqueId=61&merchantId=245935
kozmetik:kozmetik-vitrini,537,537,-40,58.9,1.1,3735178,106782,3735178:106782,Arifoğlu Hint Yağı Soğuk Sıkım 50ml %100 Saf ve Doğal Castor Oil Ricinus communis L.,Arifoğlu,Arifoğlu Doğal,189.7,271,0,InStock,,,,,4.6,4079,0,2399,"[""Sepette %30 İndirim""]",1 saat 48 dakika içinde sipariş verirsen en geç bugün kargoda!,carried_forward,9,https://www.trendyol.com/arifoglu/hint-yagi-soguk-sikim-50ml-100-saf-ve-dogal-castor-oil-ricinus-communis-l-p-3735178?boutiqueId=61&merchantId=106782
kozmetik:kozmetik-vitrini,145,145,-20,58.7,47.6,1059190418,789349,1059190418:789349,"Imprime Sue EDP Kadın Parfüm 50ml | Çiçeksi & Pudralı | Şakayık, Limon, Gül, Müge, Manolya, Misk",Imprime,Millstone,574.01,700,0,InStock,Son 3 günde 1B+ ürün satıldı!,3,1000,333.3,3.8568726355611602,1020,8,153,"[""20 TL Kupon"",""Kargo Bedava"",""Son 10 Günün En Düşük Fiyatı"",""Süper Fırsat Ürünü"",""Son 10 günün en düşük fiyatı""]",21 saat 52 dakika içinde sipariş verirsen Yarın kargoda,refreshed,0,https://www.trendyol.com/imprime/sue-edp-kadin-parfum-50ml-ciceksi-pudrali-sakayik-limon-gul-muge-manolya-misk-p-1059190418?boutiqueId=61&merchantId=789349
kozmetik:kozmetik-vitrini,90,90,54,58.5,33.1,1178138296,1279865,1178138296:1279865,Embeauty Bella Glow Argan Yağı İçerikli Besleyici Saç Parfümü 100 ml,Embeauty,Viel Kozmetik,229,338.7,0,InStock,Son 3 günde 500+ ürün satıldı!,3,500,166.7,4.55793991416309,165,2,13,"[""Son 10 Günün En Düşük Fiyatı"",""Süper Fırsat Ürünü"",""Kargo Bedava"",""Trendyol Plus'a Özel""]",,refreshed,0,https://www.trendyol.com/embeauty/bella-glow-argan-yagi-icerikli-besleyici-sac-parfumu-100-ml-p-1178138296?boutiqueId=61&merchantId=1279865
kozmetik:kozmetik-vitrini,134,134,5,58.5,51.5,373045375,1108779,373045375:1108779,Mila Care Health&Beauty Bee Venom Arı Zehri Kremi 100ml,Mila Care Health&Beauty,Mila Care Health&Beauty,659,,0,InStock,Son 3 günde 2B+ ürün satıldı!,3,2000,666.7,4.085800027281407,3634,3,1142,"[""20 TL Kupon"",""Kargo Bedava"",""Trendyol Plus'a Özel""]",,refreshed,0,https://www.trendyol.com/mila-care-health-beauty/bee-venom-ari-zehri-kremi-100ml-p-373045375?boutiqueId=61&merchantId=1108779
kozmetik:makyaj,32,764,-22,58.3,29.8,780950160,791156,780950160:791156,The Ceel Arındırıcı ve Aydınlatıcı Yüz Peelingi Aloe Vera Özlü Coenzyme Q10 100 ml,The Ceel,,278.69,,0,InStock,Son 3 günde 500+ ürün satıldı!,3,500,166.7,4.3,,,,[],,listing_only,,https://www.trendyol.com/the-ceel/arindirici-ve-aydinlatici-yuz-peelingi-aloe-vera-ozlu-coenzyme-q10-100-ml-p-780950160?boutiqueId=61&merchantId=791156
kozmetik:kozmetik-vitrini,61,61,-26,58.2,51.8,900146299,830154,900146299:830154,"CALLİEL Siyah Nokta Karşıtı, Onarıcı Blackhead Bubble 120 Ml",CALLİEL,Calliel,233.03,,17.8,InStock,Son 3 günde 2B+ ürün satıldı!,3,2000,666.7,4.201046232150431,3341,19,1572,"[""Kargo Bedava"",""Son 10 Günün En Düşük Fiyatı"",""Trendyol Plus'a Özel""]",21 saat 53 dakika içinde sipariş verirsen yarın kargoda!,refreshed,0,https://www.trendyol.com/calliel/siyah-nokta-karsiti-onarici-blackhead-bubble-120-ml-p-900146299?boutiqueId=61&merchantId=830154
kozmetik:kozmetik-vitrini,177,177,49,58,20.8,275460270,164987,275460270:164987,"The Purest Solutions Leke Karşıtı ve Cilt Tonu Eşitleyici Renkli Güneş Koruyucu Krem SPF 50, 50 ml",The Purest Solutions,The Purest Solutions,338.54,399.9,0,InStock,Son 3 günde 500+ ürün satıldı!,3,500,166.7,4.416030304852384,19677,-55,5576,"[""Son 10 Günün En Düşük Fiyatı"",""Süper Fırsat Ürünü"",""Kargo Bedava""]",,refreshed,0,https://www.trendyol.com/the-purest-solutions/leke-karsiti-ve-cilt-tonu-esitleyici-renkli-gunes-koruyucu-krem-spf-50-50-ml-p-275460270?boutiqueId=61&merchantId=164987
kozmetik:kozmetik-vitrini,235,235,-64,57.9,18.8,770016146,210033,770016146:210033,Lancome Teint Idole Ultra Wear Care & Glow Parlaklık veren Serum Kapatıcı 120n Concealer 3614273988476,Lancome,LANCOME,1799,2650,0,InStock,Son 3 günde 250+ ürün satıldı!,3,250,83.3,4.154195011337868,505,2,47,"[""Kargo Bedava"",""Son 10 Günün En Düşük Fiyatı"",""Son 10 günün en düşük fiyatı""]",,refreshed,0,https://www.trendyol.com/lancome/teint-idole-ultra-wear-care-glow-parlaklik-veren-serum-kapatici-120n-concealer-3614273988476-p-770016146?boutiqueId=61&merchantId=210033
kozmetik:kozmetik-vitrini,613,613,-54,57.9,11.4,2933677,105029,2933677:105029,Urban Care Expert Biotin Ve Kafein Dökülme Karşıtı Saç Bakım Şampuanı-hızlı Uzamaya Yardımcı-350 ml,Urban Care,,199,264.6,0,InStock,Son 3 günde 250+ ürün satıldı!,3,250,83.3,4.3,,,,"[""Son 10 Günün En Düşük Fiyatı"",""Süper Fırsat Ürünü""]",,listing_only,,https://www.trendyol.com/urban-care/expert-biotin-ve-kafein-dokulme-karsiti-sac-bakim-sampuani-hizli-uzamaya-yardimci-350-ml-p-2933677?boutiqueId=61&merchantId=105029
kozmetik:kozmetik-vitrini,660,660,-57,57.8,11.8,355134927,674296,355134927:674296,Mad Parfüm Mad Y102 Selective 50 ml Kadın Parfüm,Mad Parfüm,MAD PARFÜM,449.99,599.99,0,InStock,Son 3 günde 250+ ürün satıldı!,3,250,83.3,4.3,3751,0,1404,"[""Kargo Bedava""]",11 saat 48 dakika içinde sipariş verirsen en geç yarın kargoda!,carried_forward,9,https://www.trendyol.com/mad-parfum/mad-y102-selective-50-ml-kadin-parfum-p-355134927?boutiqueId=61&merchantId=674296
kozmetik:kozmetik-vitrini,118,118,118,57.6,53.4,945615429,830154,945615429:830154,CALLİEL Ton Eşitleyici Gözenek Sıkılaştırıcı Mandelik Asit Tonik 200 Ml,CALLİEL,Calliel,197.9,199.9,0,InStock,Son 3 günde 2B+ ürün satıldı!,3,2000,666.7,4.1998371998372,2126,7,2264,"[""Son 10 Günün En Düşük Fiyatı"",""Kargo Bedava"",""Son 10 günün en düşük fiyatı""]",21 saat 52 dakika içinde sipariş verirsen yarın kargoda!,refreshed,0,https://www.trendyol.com/calliel/ton-esitleyici-gozenek-sikilastirici-mandelik-asit-tonik-200-ml-p-945615429?boutiqueId=61&merchantId=830154
kozmetik:kozmetik-vitrini,653,653,59,57.6,11.9,358483196,674296,358483196:674296,Mad Parfüm Mad W201 Selective 50 ml Kadın Parfüm,Mad Parfüm,,449.99,599.99,0,InStock,Son 3 günde 250+ ürün satıldı!,3,250,83.3,4.4,,,,"[""Kargo Bedava""]",,listing_only,,https://www.trendyol.com/mad-parfum/mad-w201-selective-50-ml-kadin-parfum-p-358483196?boutiqueId=61&merchantId=674296
kozmetik:kozmetik-vitrini,578,578,93,57.1,1.2,31431902,108328,31431902:108328,Agarta Saç Dökülmesine Karşı Bitkisel Tuzsuz Şampuan 400 ml (Biberiye özlü),Agarta,,171.98,239.99,0,InStock,,,,,4.3,,,,"[""Son 10 Günün En Düşük Fiyatı""]",,listing_only,,https://www.trendyol.com/agarta/sac-dokulmesine-karsi-bitkisel-tuzsuz-sampuan-400-ml-biberiye-ozlu-p-31431902?boutiqueId=61&merchantId=108328
kozmetik:makyaj,24,756,1,57,76.3,1188237919,154207,1188237919:154207,MOZIUR Protez Tırnak Kalıcı Oje Buffer 100-180,MOZIUR,Zerre İthalat,9.52,,0,InStock,Son 3 günde 1B+ ürün satıldı!,3,1000,333.3,4.5,10,0,3,[],Tahmini Teslim:,carried_forward,5,https://www.trendyol.com/moziur/protez-tirnak-kalici-oje-buffer-100-180-p-1188237919?boutiqueId=61&merchantId=154207
kozmetik:kozmetik-vitrini,41,41,3,56.7,25.8,1098960917,658288,1098960917:658288,Deftion Profesyonel Büyük Boy Makyaj ve Seyahat Çantası - Su Geçirmez Geniş Bavul ve Banyo Organizeri,Deftion,Deftion Official Store,199,299,0,InStock,Son 3 günde 250+ ürün satıldı!,3,250,83.3,4.492505353319058,246,1,23,"[""Son 10 Günün En Düşük Fiyatı"",""Süper Fırsat Ürünü"",""Kargo Bedava"",""Son 10 günün en düşük fiyatı""]",,refreshed,0,https://www.trendyol.com/deftion/profesyonel-buyuk-boy-makyaj-ve-seyahat-cantasi-su-gecirmez-genis-bavul-ve-banyo-organizeri-p-1098960917?boutiqueId=61&merchantId=658288
kozmetik:makyaj,30,762,0,56.3,32.9,746303091,1206457,746303091:1206457,Flormar Jel Görünüm Veren Son Kat Tırnak Cilası - Gel Look Top Coat - 000 - 8682536059275,Flormar,,151.46,,0,InStock,Son 3 günde 500+ ürün satıldı!,3,500,166.7,4.6,,,,[],,listing_only,,https://www.trendyol.com/flormar/jel-gorunum-veren-son-kat-tirnak-cilasi-gel-look-top-coat-000-8682536059275-p-746303091?boutiqueId=61&merchantId=1206457
kozmetik:makyaj,33,765,2,56.2,37,1046396994,468928,1046396994:468928,PURE BEAUTY BB Krem SPF50 PA++++ Ivory 30 ml,PURE BEAUTY,,349,394.18,0,InStock,Son 3 günde 500+ ürün satıldı!,3,500,166.7,4.3,,,,"[""Son 10 Günün En Düşük Fiyatı""]",,listing_only,,https://www.trendyol.com/pure-beauty/bb-krem-spf50-pa-ivory-30-ml-p-1046396994?boutiqueId=61&merchantId=468928
kozmetik:kozmetik-vitrini,75,75,-28,56.1,53.9,683006907,674296,683006907:674296,Mad Parfüm Mad P105 Selective 50 ml Kadın Parfüm,Mad Parfüm,MAD PARFÜM,599.99,,0,InStock,Son 3 günde 2B+ ürün satıldı!,3,2000,666.7,4.261943451413715,1834,13,912,"[""Kargo Bedava""]",,refreshed,0,https://www.trendyol.com/mad-parfum/mad-p105-selective-50-ml-kadin-parfum-p-683006907?boutiqueId=61&merchantId=674296
kozmetik:kozmetik-vitrini,175,175,50,56,46.8,922042173,1081577,922042173:1081577,Golden Rose Max Hold Brow Glue - Şeffaf Kaş Sabitleyici,Golden Rose,Golden Rose,240.49,281.19,0,InStock,Son 3 günde 1B+ ürün satıldı!,3,1000,333.3,4.202916666666667,1264,4,76,"[""Son 10 Günün En Düşük Fiyatı"",""Kargo Bedava"",""Son 10 günün en düşük fiyatı""]",21 saat 51 dakika içinde sipariş verirsen Yarın kargoda,refreshed,0,https://www.trendyol.com/golden-rose/max-hold-brow-glue-seffaf-kas-sabitleyici-p-922042173?boutiqueId=61&merchantId=1081577
kozmetik:kozmetik-vitrini,84,84,-46,55.7,3.5,679461509,228122,679461509:228122,GulFlower 18'li Glitter Göz Farı,GulFlower,Tekin Onur Kozmetik,199,281.06,0,InStock,,,,,4.617618270799348,2041,35,277,"[""Sepette %5 İndirim"",""Kargo Bedava""]",,refreshed,0,https://www.trendyol.com/gulflower/18-li-glitter-goz-fari-p-679461509?boutiqueId=61&merchantId=228122
kozmetik:kozmetik-vitrini,247,247,35,55.7,54.3,941026728,707288,941026728:707288,"ORNATE Yoğun Nemlendirici Vücut Sütü Losyonu Tüy Azaltıcı, Onarıcı 4d Hyaluronik Asit 250 ml Vegan",ORNATE,Beauty Stock,319.99,,28,InStock,Son 3 günde 2B+ ürün satıldı!,3,2000,666.7,4.416996047430831,1626,7,267,"[""Sepette %7 İndirim"",""275,04 TL Kupon"",""225,99 TL Kupon"",""Kargo Bedava"",""Son 10 Günün En Düşük Fiyatı"",""Trendyol Plus'a Özel""]",21 saat 50 dakika içinde sipariş verirsen yarın kargoda!,refreshed,0,https://www.trendyol.com/ornate/yogun-nemlendirici-vucut-sutu-losyonu-tuy-azaltici-onarici-4d-hyaluronik-asit-250-ml-vegan-p-941026728?boutiqueId=61&merchantId=707288
kozmetik:kozmetik-vitrini,55,55,-39,55.6,54.4,900381109,1224693,900381109:1224693,"icollagen Kolajen, Isırgan Otu, Prebiyotik Şampuan - Dökülen Ve Geç Uzayan Yağlanma Karşıtı",icollagen,Doctamin iCollagen,280,,-3.4,InStock,Son 3 günde 5B+ ürün satıldı!,3,5000,1666.7,4.361822125813449,1574,18,519,"[""Sepette %25 İndirim"",""Kargo Bedava"",""Son 10 Günün En Düşük Fiyatı"",""Trendyol Plus'a Özel""]",,refreshed,0,https://www.trendyol.com/icollagen/kolajen-isirgan-otu-prebiyotik-sampuan-dokulen-ve-gec-uzayan-yaglanma-karsiti-p-900381109?boutiqueId=61&merchantId=1224693
kozmetik:kozmetik-vitrini,574,574,124,55.6,10.4,691063557,107109,691063557:107109,"Yves Rocher Güçlendirici Prebiyotik Şampuan-Saç Dökülmesine Karşı/Anti-Chute-SLS,SLES içermez,Vegan-300ml",Yves Rocher,,559.92,699.9,0,InStock,Son 3 günde 250+ ürün satıldı!,3,250,83.3,4.3,,,,"[""Sepette %20 İndirim"",""Kargo Bedava""]",,listing_only,,https://www.trendyol.com/yves-rocher/guclendirici-prebiyotik-sampuan-sac-dokulmesine-karsi-anti-chute-sls-sles-icermez-vegan-300ml-p-691063557?boutiqueId=61&merchantId=107109
kozmetik:kozmetik-vitrini,491,491,-312,54.9,55.1,861750881,495718,861750881:495718,Embeauty 9 Aktifli Aşırı Yıpranmış Ve Dökülen Saçlar Için Hızlı Saç Uzatan Besleyici Onarıcı Saç Maskesi,Embeauty,Viel Kozmetik,172,,,InStock,Son 3 günde 2B+ ürün satıldı!,3,2000,666.7,4.3,1298,0,313,[],Tahmini Teslim:,carried_forward,9,https://www.trendyol.com/embeauty/9-aktifli-asiri-yipranmis-ve-dokulen-saclar-icin-hizli-sac-uzatan-besleyici-onarici-sac-maskesi-p-861750881?boutiqueId=61&merchantId=495718
kozmetik:kozmetik-vitrini,583,583,-326,54.9,55.1,797836542,755049,797836542:755049,Ravla Çörek Otu Yağı - 50 ml,Ravla,Ravla,443,,0,InStock,Son 3 günde 2B+ ürün satıldı!,3,2000,666.7,4.7,1280,0,618,"[""Kargo Bedava""]",,carried_forward,2,https://www.trendyol.com/ravla/corek-otu-yagi-50-ml-p-797836542?boutiqueId=61&merchantId=755049
kozmetik:kozmetik-vitrini,330,330,,54.8,25.2,1133055032,969762,1133055032:969762,BYS Australia BYS Tinted Serum Stick Blush Baby Pink (Pembe) – Nemlendiricili ve Işıltı Veren Stick Allık,BYS Australia,,499.5,999,,InStock,,,,,4.3,,,,"[""Sepette %50 İndirim"",""Kargo Bedava""]",,listing_only,,https://www.trendyol.com/bys-australia/bys-tinted-serum-stick-blush-baby-pink-pembe-nemlendiricili-ve-isilti-veren-stick-allik-p-1133055032?boutiqueId=61&merchantId=969762
kozmetik:kozmetik-vitrini,453,453,,54.8,21.1,4381953,106852,4381953:106852,Siveno %100 Doğal Roll-on Sportif Sporcu Deodorant Ter Kokusu Önleyici Bitkisel Lekesiz Vegan 50 ml,Siveno,,249.9,299.9,,InStock,Son 3 günde 500+ ürün satıldı!,3,500,166.7,4.6,,,,[],,listing_only,,https://www.trendyol.com/siveno/100-dogal-roll-on-sportif-sporcu-deodorant-ter-kokusu-onleyici-bitkisel-lekesiz-vegan-50-ml-p-4381953?boutiqueId=61&merchantId=106852
kozmetik:kozmetik-vitrini,496,496,20,54.6,4,37845651,105008,37845651:105008,"Bioderma Atoderm Intensive Eye Kuru, Atopi Eğilimli Cilt Hyalüronik Asit İçeren Nemlendirici Göz Kremi 100ml",Bioderma,MLSECZA,1049,1469,0,InStock,,,,,4.6,1753,0,1632,"[""Kargo Bedava"",""Son 10 Günün En Düşük Fiyatı"",""Süper Fırsat Ürünü""]",11 saat 51 dakika içinde sipariş verirsen en geç yarın kargoda!,carried_forward,20,https://www.trendyol.com/bioderma/atoderm-intensive-eye-kuru-atopi-egilimli-cilt-hyaluronik-asit-iceren-nemlendirici-goz-kremi-100ml-p-37845651?boutiqueId=61&merchantId=105008
kozmetik:kozmetik-vitrini,373,373,-173,54.4,10.5,991253088,1168206,991253088:1168206,Pantene Nem Yüklemesi Heat & Glow Durulanmayan Krem 135ml,Pantene,P&G Türkiye,212.97,327.14,-34.9,InStock,,,,,4.6,275,0,86,[],,carried_forward,2,https://www.trendyol.com/pantene/nem-yuklemesi-heat-glow-durulanmayan-krem-135ml-p-991253088?boutiqueId=61&merchantId=1168206
kozmetik:kozmetik-vitrini,657,657,-5,54.4,10.4,146987854,164987,146987854:164987,"The Purest Solutions Kırışıklık Karşıtı, Onarıcı Retinol (a Vitamini) Gece Serumu 30 ml (1% Retinol + Ceramide)",The Purest Solutions,,324.74,399.9,0,InStock,Son 3 günde 250+ ürün satıldı!,3,250,83.3,4.5,,,,"[""Son 10 Günün En Düşük Fiyatı"",""Süper Fırsat Ürünü""]",,listing_only,,https://www.trendyol.com/the-purest-solutions/kirisiklik-karsiti-onarici-retinol-a-vitamini-gece-serumu-30-ml-1-retinol-ceramide-p-146987854?boutiqueId=61&merchantId=164987
kozmetik:kozmetik-vitrini,692,692,-35,54.4,15.1,663683971,674296,663683971:674296,Mad Parfüm Mad C119 Selective 50 ml Kadın Parfüm,Mad Parfüm,,449.99,599.99,0,InStock,Son 3 günde 250+ ürün satıldı!,3,250,83.3,4.5,,,,"[""Kargo Bedava""]",,listing_only,,https://www.trendyol.com/mad-parfum/mad-c119-selective-50-ml-kadin-parfum-p-663683971?boutiqueId=61&merchantId=674296
kozmetik:makyaj,55,787,-1,54.2,20.8,316637901,1028724,316637901:1028724,Nail Master Kalıcı Oje Protez Tırnak Top Coat Rubber Base Coat Primer 3lü Set,Nail Master,,163.65,193.88,0,InStock,Son 3 günde 500+ ürün satıldı!,3,500,166.7,4.4,,,,"[""Son 10 Günün En Düşük Fiyatı"",""Süper Fırsat Ürünü""]",,listing_only,,https://www.trendyol.com/nail-master/kalici-oje-protez-tirnak-top-coat-rubber-base-coat-primer-3lu-set-p-316637901?boutiqueId=61&merchantId=1028724
kozmetik:kozmetik-vitrini,427,427,-350,53.9,21.2,1263243,104968,1263243:104968,"Garnier Micellar Makyaj Temizleme Suyu 400ML, 24 Saat Nemlendirme, Hassas Ciltler için",Garnier,Happy Center,263.99,313.99,-15.9,InStock,Son 3 günde 500+ ürün satıldı!,3,500,166.7,4.7,5119,0,310,"[""Süper Fırsat Ürünü""]",,carried_forward,2,https://www.trendyol.com/garnier/micellar-makyaj-temizleme-suyu-400ml-24-saat-nemlendirme-hassas-ciltler-icin-p-1263243?boutiqueId=61&merchantId=104968
kozmetik:makyaj,171,903,9,53.9,1.1,136484142,107109,136484142:107109,Yves Rocher Antioksidan Yüz Yıkama Jeli-Normal ve Kuru Cilt-Pure Algue Nemlendirici Botanik Kompleks 390ml,Yves Rocher,,712.42,949.9,,InStock,,,,,4.6,,,,"[""Sepette %25 İndirim"",""Kargo Bedava""]",,listing_only,,https://www.trendyol.com/yves-rocher/antioksidan-yuz-yikama-jeli-normal-ve-kuru-cilt-pure-algue-nemlendirici-botanik-kompleks-390ml-p-136484142?boutiqueId=61&merchantId=107109
kozmetik:kozmetik-vitrini,374,374,-105,53.6,6.4,1068908,592566,1068908:592566,Bioxcin Forte 300 ml Şampuan - Yoğun Dökülme Şampuanı Tüm Saç Tipleri,Bioxcin,Evdeki Eczanem,218.39,311.99,-30,InStock,,,,,4.3,891,0,439,"[""Sepette %30 İndirim""]",8 saat 49 dakika içinde sipariş verirsen en geç bugün kargoda!,carried_forward,3,https://www.trendyol.com/bioxcin/forte-300-ml-sampuan-yogun-dokulme-sampuani-tum-sac-tipleri-p-1068908?boutiqueId=61&merchantId=592566
kozmetik:makyaj,225,957,,53.6,6.4,52406288,108362,52406288:108362,Clinique Moisture Surge™ Intense 72 Saat Nem Koruma Teknolojili Yoğun Nemlendirici Yüz Kremi 30 ml,Clinique,,997.5,1425,,InStock,,,,,4.7,,,,"[""Sepette %30 İndirim"",""Kargo Bedava""]",,listing_only,,https://www.trendyol.com/clinique/moisture-surge-intense-72-saat-nem-koruma-teknolojili-yogun-nemlendirici-yuz-kremi-30-ml-p-52406288?boutiqueId=61&merchantId=108362
kozmetik:makyaj,227,959,36,53.6,16.4,1142282751,107819,1142282751:107819,NYX Professional Makeup Wonder Snatch Nemlendirme Etkili Kapatıcı - 08 Vanilla,NYX Professional Makeup,L'Oreal,449.99,749.99,-40,InStock,,,,,4.2,49,0,31,"[""Sepette %40 İndirim""]",21 saat 49 dakika içinde sipariş verirsen Yarın kargoda,carried_forward,2,https://www.trendyol.com/nyx-professional-makeup/wonder-snatch-nemlendirme-etkili-kapatici-08-vanilla-p-1142282751?boutiqueId=61&merchantId=107819
kozmetik:kozmetik-vitrini,39,39,16,53.5,59,985330523,106684,985330523:106684,Skin Sensual Magic Eye Duo Repair & CC Göz Altı Kapatıcısı 15 ml | Onarıcı & Aydınlatıcı | Light to Medium,Skin Sensual,Kozmetix House,849,,0,InStock,"Son 3 günde 1,5B+ ürün satıldı!",3,1500,500,4.19438496312158,2082,13,500,"[""Sepette %60 İndirim"",""Kargo Bedava"",""Son 10 Günün En Düşük Fiyatı""]",,refreshed,0,https://www.trendyol.com/skin-sensual/magic-eye-duo-repair-cc-goz-alti-kapaticisi-15-ml-onarici-aydinlatici-light-to-medium-p-985330523?boutiqueId=61&merchantId=106684
kozmetik:kozmetik-vitrini,249,249,103,53.5,51.5,132494,104937,132494:104937,La Roche Posay Cicaplast Balm B5+ Tahriş Olmuş Ciltlere Yatıştırıcı ve Bariyer Onarıcı Yüz& Vücut Bakım Kremi 100ml,La Roche Posay,Sachane,1388.89,,,InStock,"Son 3 günde 1,5B+ ürün satıldı!",3,1500,500,4.559702520314007,3615,-12,2266,"[""Kargo Bedava"",""Trendyol Plus'a Özel""]",,refreshed,0,https://www.trendyol.com/la-roche-posay/cicaplast-balm-b5-tahris-olmus-ciltlere-yatistirici-ve-bariyer-onarici-yuz-vucut-bakim-kremi-100ml-p-132494?boutiqueId=61&merchantId=104937
kozmetik:kozmetik-vitrini,400,400,,53.5,12,88743341,108358,88743341:108358,Kalyon Tırnak Sertleştirici+5 Adet Krong,Kalyon,,180.04,279,,InStock,,,,,4.5,,,,"[""Son 10 Günün En Düşük Fiyatı"",""Süper Fırsat Ürünü""]",,listing_only,,https://www.trendyol.com/kalyon/tirnak-sertlestirici-5-adet-krong-p-88743341?boutiqueId=61&merchantId=108358
kozmetik:kozmetik-vitrini,476,476,117,53.5,10.4,275547698,164987,275547698:164987,The Purest Solutions Yağlı Ve Karma Ciltler Için Matlaştırıcı Dry-Touch Güneş Koruyucu Krem 50 ml,The Purest Solutions,,327.44,399.9,0,InStock,Son 3 günde 250+ ürün satıldı!,3,250,83.3,4.4,,,,"[""Son 10 Günün En Düşük Fiyatı"",""Süper Fırsat Ürünü""]",,listing_only,,https://www.trendyol.com/the-purest-solutions/yagli-ve-karma-ciltler-icin-matlastirici-dry-touch-gunes-koruyucu-krem-50-ml-p-275547698?boutiqueId=61&merchantId=164987
kozmetik:kozmetik-vitrini,171,171,2,53.4,51.6,904256818,1080836,904256818:1080836,gloceans feel the glow Biberiye Suyu Dökülme Karşıtı Ve Saç Uzamasını Destekleyici Saç Toniği %100 Doğal Ve Saf 100 ml,gloceans feel the glow,GLOCEANS,345.9,,0,InStock,"Son 3 günde 1,5B+ ürün satıldı!",3,1500,500,4.202758055707265,3557,5,1476,"[""Kargo Bedava""]",,refreshed,0,https://www.trendyol.com/gloceans-feel-the-glow/biberiye-suyu-dokulme-karsiti-ve-sac-uzamasini-destekleyici-sac-tonigi-100-dogal-ve-saf-100-ml-p-904256818?boutiqueId=61&merchantId=1080836
kozmetik:kozmetik-vitrini,187,187,115,53.4,51.6,354099502,674296,354099502:674296,Mad Parfüm Mad H103 Selective 50 ml Kadın Parfüm,Mad Parfüm,MAD PARFÜM,599.99,,57.9,InStock,"Son 3 günde 1,5B+ ürün satıldı!",3,1500,500,4.283176943699732,3588,6,1082,"[""Kargo Bedava""]",,refreshed,0,https://www.trendyol.com/mad-parfum/mad-h103-selective-50-ml-kadin-parfum-p-354099502?boutiqueId=61&merchantId=674296
kozmetik:kozmetik-vitrini,31,31,118,52.9,33.8,1123206342,1242817,1123206342:1242817,İnowia YUZA-Eyeliner Stamp-Çift Taraflı Suya dayanıklı,İnowia,INOWIA,556.18,,4.5,InStock,Son 3 günde 500+ ürün satıldı!,3,500,166.7,4.116286644951139,2091,3,322,"[""Kargo Bedava"",""Trendyol Plus'a Özel""]",21 saat 54 dakika içinde sipariş verirsen Yarın kargoda,refreshed,0,https://www.trendyol.com/inowia/yuza-eyeliner-stamp-cift-tarafli-suya-dayanikli-p-1123206342?boutiqueId=61&merchantId=1242817
kozmetik:kozmetik-vitrini,105,105,69,52.7,52.3,926947332,830154,926947332:830154,CALLİEL Aydınlatıcı Leke Karşıtı Cilt Tonu Eşitleyici ve Parlatıcı Rice Tonik 200 Ml,CALLİEL,Calliel,195.92,,0,InStock,"Son 3 günde 1,5B+ ürün satıldı!",3,1500,500,4.1069767441860465,2898,12,2526,"[""Kargo Bedava""]",21 saat 53 dakika içinde sipariş verirsen yarın kargoda!,refreshed,0,https://www.trendyol.com/calliel/aydinlatici-leke-karsiti-cilt-tonu-esitleyici-ve-parlatici-rice-tonik-200-ml-p-926947332?boutiqueId=61&merchantId=830154
kozmetik:kozmetik-vitrini,161,161,-47,52.7,57.3,1145363142,1142754,1145363142:1142754,VULLY Glow Chanera Argan yağlı besleyici ve Panthenol içerikli ışıltı veren Saç Parfümü 100 Ml,VULLY,ORABELLA KOZMETİK,499,,0,InStock,Son 3 günde 2B+ ürün satıldı!,3,2000,666.7,4.055182699478001,695,10,130,"[""Sepette %20 İndirim"",""Kargo Bedava"",""Trendyol Plus'a Özel""]",21 saat 52 dakika içinde sipariş verirsen yarın kargoda!,refreshed,0,https://www.trendyol.com/vully/glow-chanera-argan-yagli-besleyici-ve-panthenol-icerikli-isilti-veren-sac-parfumu-100-ml-p-1145363142?boutiqueId=61&merchantId=1142754
kozmetik:kozmetik-vitrini,694,694,-47,52.6,2.4,355135474,674296,355135474:674296,Mad Parfüm Mad D114 Selective 50 ml Kadın Parfüm,Mad Parfüm,,449.99,599.99,0,InStock,,,,,4.2,,,,"[""Kargo Bedava""]",,listing_only,,https://www.trendyol.com/mad-parfum/mad-d114-selective-50-ml-kadin-parfum-p-355135474?boutiqueId=61&merchantId=674296
kozmetik:kozmetik-vitrini,48,48,17,52.5,42.7,4050157,104886,4050157:104886,"Missha Pirinç Özlü, Ölü Derileri Arındıran, Aydınlatıcı,Peeling Etkili Maske Pure Source Pocket Pack (RİCE)",Missha,Missha Türkiye,66.47,69.9,0,InStock,Son 3 günde 1B+ ürün satıldı!,3,1000,333.3,4.512505789717462,7411,-12,925,"[""Son 10 Günün En Düşük Fiyatı"",""Kargo Bedava"",""Son 10 günün en düşük fiyatı""]",,refreshed,0,https://www.trendyol.com/missha/pirinc-ozlu-olu-derileri-arindiran-aydinlatici-peeling-etkili-maske-pure-source-pocket-pack-rice-p-4050157?boutiqueId=61&merchantId=104886
kozmetik:kozmetik-vitrini,666,666,17,52.3,24.6,819550765,138065,819550765:138065,Bargello 122 Edp Oriental Kadın Parfüm 2 Adet 50 ml,Bargello,,740,900,0,InStock,Son 3 günde 500+ ürün satıldı!,3,500,166.7,4.6,,,,"[""Kargo Bedava"",""Son 10 Günün En Düşük Fiyatı""]",,listing_only,,https://www.trendyol.com/bargello/122-edp-oriental-kadin-parfum-2-adet-50-ml-p-819550765?boutiqueId=61&merchantId=138065
kozmetik:kozmetik-vitrini,712,712,-39,52.1,7.9,898213805,287195,898213805:287195,TTO Yüz Temizleme Köpüğü Arındırıcı 200 ml Çay Ağacı Yağlı X Aplikatörlü Yağlı Ciltler,TTO,,244.3,349,-1.9,InStock,,,,,4.5,,,,"[""Sepette %30 İndirim""]",,listing_only,,https://www.trendyol.com/tto/yuz-temizleme-kopugu-arindirici-200-ml-cay-agaci-yagli-x-aplikatorlu-yagli-ciltler-p-898213805?boutiqueId=61&merchantId=287195
kozmetik:kozmetik-vitrini,329,329,-68,52,3,1165908229,481835,1165908229:481835,ELENSILIA %80 Fransız Kolajeni Ve Haloxyl Içeren Kırışıklık Karşıtı Göz Kremi 10g,ELENSILIA,K-LAND,299.92,399.9,-25,InStock,,,,,4.3,2392,0,23,"[""Sepette %25 İndirim""]",,carried_forward,2,https://www.trendyol.com/elensilia/80-fransiz-kolajeni-ve-haloxyl-iceren-kirisiklik-karsiti-goz-kremi-10g-p-1165908229?boutiqueId=61&merchantId=481835
kozmetik:makyaj,74,806,,52,12.6,98901142,104886,98901142:104886,Missha Ciltle Bütünleşen Kalıcı Likit Aydınlatıcı Juicy-Pang Water Highlighter (PK01),Missha,Missha Türkiye,299.92,374.9,0,InStock,Son 3 günde 250+ ürün satıldı!,3,250,83.3,4.5,2996,0,222,"[""Son 10 Günün En Düşük Fiyatı""]",,carried_forward,2,https://www.trendyol.com/missha/ciltle-butunlesen-kalici-likit-aydinlatici-juicy-pang-water-highlighter-pk01-p-98901142?boutiqueId=61&merchantId=104886
kozmetik:kozmetik-vitrini,425,425,-108,51.8,10.4,45945681,104968,45945681:104968,Harrem Gül Mayası Aydınlatıcı Gözenek Sıkılaştırıcı Ve Arındırıcı Tonik,Harrem,Harrem,328.69,389.99,0,InStock,Son 3 günde 250+ ürün satıldı!,3,250,83.3,4.5,9932,0,3155,"[""Son 10 Günün En Düşük Fiyatı"",""Süper Fırsat Ürünü""]",2 saat 52 dakika içinde sipariş verirsen en geç bugün kargoda!,carried_forward,3,https://www.trendyol.com/harrem/gul-mayasi-aydinlatici-gozenek-sikilastirici-ve-arindirici-tonik-p-45945681?boutiqueId=61&merchantId=104968
kozmetik:kozmetik-vitrini,411,411,-70,51.7,21.4,470296885,1028724,470296885:1028724,"Master Lashes Kirpik Lifting Seti Yapıştırıcılı 10ml Lash Lift, Kaş & Kirpik Perma Seti Full Set",Master Lashes,Doğanlı Kozmetik,425.05,493.91,0,InStock,Son 3 günde 500+ ürün satıldı!,3,500,166.7,4,4776,0,1501,"[""Kargo Bedava"",""Son 10 Günün En Düşük Fiyatı""]",3 saat 51 dakika içinde sipariş verirsen en geç bugün kargoda!,carried_forward,8,https://www.trendyol.com/master-lashes/kirpik-lifting-seti-yapistiricili-10ml-lash-lift-kas-kirpik-perma-seti-full-set-p-470296885?boutiqueId=61&merchantId=1028724
kozmetik:kozmetik-vitrini,399,399,-277,51.6,58.4,1146364787,1279865,1146364787:1279865,Embeauty Advanced PDRN Dökülme Karşıtı & Saç Uzamasını Destekleyici Saç Toniği 120 ml,Embeauty,Viel Kozmetik,352.73,,54,InStock,Son 3 günde 2B+ ürün satıldı!,3,2000,666.7,4.2,504,0,173,"[""Son 10 Günün En Düşük Fiyatı"",""Süper Fırsat Ürünü""]",,carried_forward,2,https://www.trendyol.com/embeauty/advanced-pdrn-dokulme-karsiti-sac-uzamasini-destekleyici-sac-tonigi-120-ml-p-1146364787?boutiqueId=61&merchantId=1279865
kozmetik:kozmetik-vitrini,600,600,-2,51.5,21.5,875718490,650812,875718490:650812,Jeven Brus Girl Magnet Erkek Parfüm - Extrait de Parfum 50 ml,Jeven Brus,Jeven Brus Parfüm,1630,1890,0,InStock,Son 3 günde 500+ ürün satıldı!,3,500,166.7,4.3,4625,0,438,"[""Kargo Bedava"",""Son 10 Günün En Düşük Fiyatı""]",21 saat 50 dakika içinde sipariş verirsen en geç yarın kargoda!,carried_forward,3,https://www.trendyol.com/jeven-brus/girl-magnet-erkek-parfum-extrait-de-parfum-50-ml-p-875718490?boutiqueId=61&merchantId=650812
kozmetik:makyaj,108,840,24,51.2,11.4,6427226,104886,6427226:104886,"Missha Meyve Özlü, Nemli ve Parlak Bitişli, Doğal Görünümlü Likit Allık APIEU Juicy-Pang Water Blusher BE01",Missha,,299.22,364.9,0,InStock,Son 3 günde 250+ ürün satıldı!,3,250,83.3,4.5,,,,"[""Son 10 Günün En Düşük Fiyatı"",""Süper Fırsat Ürünü""]",,listing_only,,https://www.trendyol.com/missha/meyve-ozlu-nemli-ve-parlak-bitisli-dogal-gorunumlu-likit-allik-apieu-juicy-pang-water-blusher-be01-p-6427226?boutiqueId=61&merchantId=104886
kozmetik:kozmetik-vitrini,605,605,45,51,47.4,959950627,104937,959950627:104937,Vichy Dercos Anti Dandruff Kuru Saçlar İçin Kepeklenmeye Karşı Etkili Saç Bakım Şampuanı Refill 390 ml,Vichy,,1069.2,1188,,InStock,Son 3 günde 1B+ ürün satıldı!,3,1000,333.3,4.6,,,,"[""Kargo Bedava""]",,listing_only,,https://www.trendyol.com/vichy/dercos-anti-dandruff-kuru-saclar-icin-kepeklenmeye-karsi-etkili-sac-bakim-sampuani-refill-390-ml-p-959950627?boutiqueId=61&merchantId=104937
kozmetik:kozmetik-vitrini,181,181,-86,50.9,2.2,4569875,130546,4569875:130546,OGX Argan Oil of Morocco Yenileyici Sülfatsız Saç Bakım Yağı 100 ml,OGX,MY GRUP KOZMETİK,345.85,449.9,0,InStock,,,,,4.5529148892951445,2972,-4,689,"[""Son 10 Günün En Düşük Fiyatı"",""Süper Fırsat Ürünü"",""Kargo Bedava"",""Son 10 günün en düşük fiyatı""]",,refreshed,0,https://www.trendyol.com/ogx/argan-oil-of-morocco-yenileyici-sulfatsiz-sac-bakim-yagi-100-ml-p-4569875?boutiqueId=61&merchantId=130546
kozmetik:kozmetik-vitrini,363,363,121,50.8,9.2,816394568,111789,816394568:111789,Balmy 3'lü XXLarge Banyo Lifi Seti,Balmy,BALMY,192.5,275,-30,InStock,,,,,4.6,399,0,25,"[""Sepette %30 İndirim""]",Tahmini Teslim:,carried_forward,3,https://www.trendyol.com/balmy/3-lu-xxlarge-banyo-lifi-seti-p-816394568?boutiqueId=61&merchantId=111789
kozmetik:kozmetik-vitrini,117,117,18,50.7,41.7,1263063,107819,1263063:107819,Maybelline New York Lash Sensational Yelpaze Etkili Intense Black Maskara - Ekstra Siyah,Maybelline New York,L'Oreal,619.95,,0,InStock,Son 3 günde 1B+ ürün satıldı!,3,1000,333.3,4.671142987944453,17818,-12,1028,"[""92 TL Kupon"",""Kargo Bedava""]",21 saat 52 dakika içinde sipariş verirsen Yarın kargoda,refreshed,0,https://www.trendyol.com/maybelline-new-york/lash-sensational-yelpaze-etkili-intense-black-maskara-ekstra-siyah-p-1263063?boutiqueId=61&merchantId=107819
kozmetik:makyaj,80,812,-1,50.7,11.8,241064132,1028724,241064132:1028724,Nail Master Hızlı Kalıcı Oje Çıkarıcı (sökücü) Magic Remover 15ml,Nail Master,,130.96,159.47,0,InStock,Son 3 günde 250+ ürün satıldı!,3,250,83.3,3.9,,,,"[""Son 10 Günün En Düşük Fiyatı"",""Süper Fırsat Ürünü""]",,listing_only,,https://www.trendyol.com/nail-master/hizli-kalici-oje-cikarici-sokucu-magic-remover-15ml-p-241064132?boutiqueId=61&merchantId=1028724
kozmetik:kozmetik-vitrini,34,34,3,50.5,28.8,35563984,113082,35563984:113082,Tala Ruşur Taşı Beyazlatıcı Ölü Derilerden Arındırıcı Yüz Ve Vücut Peelingi 6 Adet (İRAN HAMAM TAŞI),Tala,Tala,155.95,,4,InStock,Son 3 günde 500+ ürün satıldı!,3,500,166.7,4.140963078906178,5837,0,1279,"[""Kargo Bedava""]",,refreshed,0,https://www.trendyol.com/tala/rusur-tasi-beyazlatici-olu-derilerden-arindirici-yuz-ve-vucut-peelingi-6-adet-iran-hamam-tasi-p-35563984?boutiqueId=61&merchantId=113082
kozmetik:kozmetik-vitrini,714,714,-15,50.2,4.8,846195059,674296,846195059:674296,Mad Parfüm Mad W152 Selective 50 ml Kadın Parfüm,Mad Parfüm,,449.99,599.99,0,InStock,,,,,4.2,,,,"[""Kargo Bedava""]",,listing_only,,https://www.trendyol.com/mad-parfum/mad-w152-selective-50-ml-kadin-parfum-p-846195059?boutiqueId=61&merchantId=674296
kozmetik:makyaj,29,761,2,50.2,41.5,1130899457,107819,1130899457:107819,Maybelline New York Lash Sensational Sky Tubes Maskara - Limitsiz Uzunluk ve Hacim Etkisi Veren Tubing Maskara,Maybelline New York,L'Oreal,699.95,,0.1,InStock,Son 3 günde 500+ ürün satıldı!,3,500,166.7,4.6,305,0,46,"[""104 TL Kupon"",""Kargo Bedava""]",21 saat 51 dakika içinde sipariş verirsen en geç yarın kargoda!,carried_forward,3,https://www.trendyol.com/maybelline-new-york/lash-sensational-sky-tubes-maskara-limitsiz-uzunluk-ve-hacim-etkisi-veren-tubing-maskara-p-1130899457?boutiqueId=61&merchantId=107819
kozmetik:kozmetik-vitrini,380,380,,50,,1189150422,742918,1189150422:742918,Victoria's Secret Velvet Petals Mini Vücut Spreyi,Victoria's Secret Velvet,,500,1000,,InStock,,,,,,,,,"[""Sepette %50 İndirim"",""Kargo Bedava""]",,listing_only,,https://www.trendyol.com/victoria-s-secret/velvet-petals-mini-vucut-spreyi-p-1189150422?boutiqueId=61&merchantId=742918
kozmetik:kozmetik-vitrini,461,461,-66,50,24.2,788014387,783683,788014387:783683,"Skin401 START %5 Azelaik Asit Yatıştırıcı Günlük Bakım Serum 30 ml – Leke ve Kızarıklık Karşıtı, Akneye Eğilimli Ciltler İçin",Skin401,Skin401,299.2,352,0,InStock,Son 3 günde 500+ ürün satıldı!,3,500,166.7,4.3,2138,0,1363,"[""Süper Fırsat Ürünü""]",Tahmini Teslim:,carried_forward,7,https://www.trendyol.com/skin401/start-5-azelaik-asit-yatistirici-gunluk-bakim-serum-30-ml-leke-ve-kizariklik-karsiti-akneye-egilimli-ciltler-icin-p-788014387?boutiqueId=61&merchantId=783683
kozmetik:kozmetik-vitrini,561,561,-214,50,20.8,820125823,107819,820125823:107819,L'Oreal Paris L'oréal Paris Glotion All-In-One Doğal Işıltı 902 - Light Glow,L'Oreal Paris L'oréal,Daily Glow Shop,599.9,674.96,0,InStock,Son 3 günde 500+ ürün satıldı!,3,500,166.7,4.5,6661,0,,"[""89 TL Kupon"",""Son 10 Günün En Düşük Fiyatı""]",Tahmini Teslim:,carried_forward,12,https://www.trendyol.com/l-oreal-paris/l-oreal-paris-glotion-all-in-one-dogal-isilti-902-light-glow-p-820125823?boutiqueId=61&merchantId=107819
kozmetik:makyaj,31,763,-4,50,37.7,1130046928,132140,1130046928:132140,Güzellik Deposu Takma Kirpik Seti 580 Parça 30D/40D/50D/60D/80D/100D Komple Set,Güzellik Deposu,,455.3,459.9,0,InStock,Son 3 günde 500+ ürün satıldı!,3,500,166.7,4.3,,,,"[""Sepette %1 İndirim"",""Kargo Bedava""]",,listing_only,,https://www.trendyol.com/guzellik-deposu/takma-kirpik-seti-580-parca-30d-40d-50d-60d-80d-100d-komple-set-p-1130046928?boutiqueId=61&merchantId=132140
kozmetik:kozmetik-vitrini,59,59,21,49.8,56.2,1138309399,830154,1138309399:830154,"CALLİEL 72 Saat Yoğun Nemlendirme Etikili, 20 SPF, 4D Hyaluronic Acid ve Cica Complex, Bariyer Destekleyici Nemlendirici 90 ML",CALLİEL,Calliel,197.9,199.9,0,InStock,"Son 3 günde 1,5B+ ürün satıldı!",3,1500,500,4.124450031426775,932,9,245,"[""Son 10 Günün En Düşük Fiyatı"",""Kargo Bedava"",""Son 10 günün en düşük fiyatı""]",21 saat 53 dakika içinde sipariş verirsen yarın kargoda!,refreshed,0,https://www.trendyol.com/calliel/72-saat-yogun-nemlendirme-etikili-20-spf-4d-hyaluronic-acid-ve-cica-complex-bariyer-destekleyici-nemlendirici-90-ml-p-1138309399?boutiqueId=61&merchantId=830154
kozmetik:kozmetik-vitrini,121,121,-5,49.8,16.1,1044043582,1279865,1044043582:1279865,Embeauty Ultra Siyah Dolgunlaştırıcı Maskara – Hacim ve Uzunluk Etkili 2 Adet,Embeauty,Viel Kozmetik,499,633.79,0,InStock,Son 3 günde 250+ ürün satıldı!,3,250,83.3,4.20008302200083,1093,1,148,"[""Kargo Bedava"",""Son 10 Günün En Düşük Fiyatı"",""Süper Fırsat Ürünü"",""Son 10 günün en düşük fiyatı"",""Trendyol Plus'a Özel""]",,refreshed,0,https://www.trendyol.com/embeauty/ultra-siyah-dolgunlastirici-maskara-hacim-ve-uzunluk-etkili-2-adet-p-1044043582?boutiqueId=61&merchantId=1279865
kozmetik:kozmetik-vitrini,141,141,44,49.8,60.2,1165573238,1158462,1165573238:1158462,NIVOSHE 75ML Diş Beyazlatıcı Jel Parlatıcı Jel 75 ML Teeth Whitening Gel 75ML,NIVOSHE,DEVACOS SAĞLIKLI YAŞAM ÜRÜNLERİ,440.08,,19.5,InStock,Son 3 günde 2B+ ürün satıldı!,3,2000,666.7,4.420253164556962,299,5,193,"[""Kargo Bedava""]",21 saat 52 dakika içinde sipariş verirsen Yarın kargoda,refreshed,0,https://www.trendyol.com/nivoshe/75ml-dis-beyazlatici-jel-parlatici-jel-75-ml-teeth-whitening-gel-75ml-p-1165573238?boutiqueId=61&merchantId=1158462
kozmetik:makyaj,52,784,,49.3,28.7,795545227,1028724,795545227:1028724,Nail Master 3 Gr Takma Tırnak Tips Yapıştırıcı,Nail Master,,16.13,19.87,0,InStock,Son 3 günde 500+ ürün satıldı!,3,500,166.7,4.1,,,,"[""Son 10 Günün En Düşük Fiyatı""]",,listing_only,,https://www.trendyol.com/nail-master/3-gr-takma-tirnak-tips-yapistirici-p-795545227?boutiqueId=61&merchantId=1028724
kozmetik:kozmetik-vitrini,508,508,-119,49.1,0.9,784465302,107109,784465302:107109,Yves Rocher Vücut Losyonu - Nemlendirici Besleyici Egzotik Vanilya-390ml,Yves Rocher,Yves Rocher,543.92,679.9,0,InStock,,,,,4.5,4398,0,189,"[""Sepette %20 İndirim"",""Kargo Bedava""]",11 saat 51 dakika içinde sipariş verirsen en geç yarın kargoda!,carried_forward,8,https://www.trendyol.com/yves-rocher/vucut-losyonu-nemlendirici-besleyici-egzotik-vanilya-390ml-p-784465302?boutiqueId=61&merchantId=107109
kozmetik:makyaj,61,793,8,49,26.4,1081714443,107819,1081714443:107819,L'Oreal Paris Telescopic Extensionist Siyah Maskara,L'Oreal Paris Telescopic,,847.9,1012.46,0,InStock,Son 3 günde 500+ ürün satıldı!,3,500,166.7,4.4,,,,"[""127 TL Kupon"",""Kargo Bedava"",""Son 10 Günün En Düşük Fiyatı"",""Süper Fırsat Ürünü""]",,listing_only,,https://www.trendyol.com/l-oreal-paris/telescopic-extensionist-siyah-maskara-p-1081714443?boutiqueId=61&merchantId=107819
kozmetik:makyaj,34,766,,48.9,30.2,963552003,287195,963552003:287195,TTO Yüz Temizleme Köpüğü Nemlendirici 200 ml Hyaluronik Asitli Tüm Cilt Tipleri İçin,TTO,,269,,,InStock,Son 3 günde 500+ ürün satıldı!,3,500,166.7,4.4,,,,[],,listing_only,,https://www.trendyol.com/tto/yuz-temizleme-kopugu-nemlendirici-200-ml-hyaluronik-asitli-tum-cilt-tipleri-icin-p-963552003?boutiqueId=61&merchantId=287195
kozmetik:kozmetik-vitrini,129,129,25,48.8,41.7,785110471,1096785,785110471:1096785,"L'Oreal Paris Panorama Hacim Veren Maskara Siyah, 1.4 Kat* Daha Büyük Görünen Gözler, Panoramik Hacim",L'Oreal Paris Panorama,TWİN BEAUTY,758.5,,,InStock,Son 3 günde 1B+ ürün satıldı!,3,1000,333.3,4.517665215234525,10448,9,679,"[""Kargo Bedava""]",21 saat 52 dakika içinde sipariş verirsen yarın kargoda!,refreshed,0,https://www.trendyol.com/l-oreal-paris/panorama-hacim-veren-maskara-siyah-1-4-kat-daha-buyuk-gorunen-gozler-panoramik-hacim-p-785110471?boutiqueId=61&merchantId=1096785
kozmetik:kozmetik-vitrini,413,413,77,48.8,20.8,112079,105053,112079:105053,Avon Incandessence Kadın Parfüm Edp 50 Ml.,Avon,Favoriyum,508.9,561.9,0,InStock,Son 3 günde 500+ ürün satıldı!,3,500,166.7,4.5,7535,0,615,"[""Kargo Bedava"",""Son 10 Günün En Düşük Fiyatı""]",2 saat 48 dakika içinde sipariş verirsen en geç bugün kargoda!,carried_forward,9,https://www.trendyol.com/avon/incandessence-kadin-parfum-edp-50-ml-p-112079?boutiqueId=61&merchantId=105053
kozmetik:kozmetik-vitrini,195,195,,48.7,10.9,45315855,104886,45315855:104886,Missha Aydınlık Görünüm Sunan Güneş Koruyucu A'PIEU Pure Block Tone-Up Sun Base EX SPF50+/PA+++ 50ml,Missha,Missha Türkiye,590.66,694.9,,InStock,Son 3 günde 250+ ürün satıldı!,3,250,83.3,4.539233038348082,4884,,2151,"[""Kargo Bedava"",""Son 10 Günün En Düşük Fiyatı"",""Son 10 günün en düşük fiyatı""]",,refreshed,0,https://www.trendyol.com/missha/aydinlik-gorunum-sunan-gunes-koruyucu-a-pieu-pure-block-tone-up-sun-base-ex-spf50-pa-50ml-p-45315855?boutiqueId=61&merchantId=104886
kozmetik:kozmetik-vitrini,148,148,,48.4,10.2,762583611,209502,762583611:209502,Oripeaux Leke Karşıtı Aydınlatıcı C Vitamini Cilt Serumu 30 ml (%11Cvit. 7%Niac. 5%Fer. Ac. 3%Hya.Acid.),Oripeaux,Oripeaux,499,699,,InStock,,,,,4.296137339055795,300,,120,"[""Kargo Bedava"",""Son 10 Günün En Düşük Fiyatı"",""Süper Fırsat Ürünü"",""Trendyol Plus'a Özel""]",,refreshed,0,https://www.trendyol.com/oripeaux/leke-karsiti-aydinlatici-c-vitamini-cilt-serumu-30-ml-11cvit-7-niac-5-fer-ac-3-hya-acid-p-762583611?boutiqueId=61&merchantId=209502
kozmetik:kozmetik-vitrini,200,200,22,48.3,42.2,36381584,245935,36381584:245935,Avene Cicalfate+ Hassas ve Yıpranmış Ciltler için Yatıştırıcı ve Onarıcı Bakım Kremi 40 ml,Avene,Kozvit,529.99,541.99,0,InStock,Son 3 günde 1B+ ürün satıldı!,3,1000,333.3,4.319720643939394,4818,1,2910,"[""Kargo Bedava"",""Son 10 Günün En Düşük Fiyatı"",""Son 10 günün en düşük fiyatı""]",21 saat 51 dakika içinde sipariş verirsen yarın kargoda!,refreshed,0,https://www.trendyol.com/avene/cicalfate-hassas-ve-yipranmis-ciltler-icin-yatistirici-ve-onarici-bakim-kremi-40-ml-p-36381584?boutiqueId=61&merchantId=245935
kozmetik:kozmetik-vitrini,486,486,-429,48.3,20.8,290535806,107819,290535806:107819,Maybelline New York Super Stay Vinyl Ink Uzun Süre Kalıcı Likit Parlak Ruj 15 Peachy,Maybelline New York,L'Oreal,629.96,683.96,0,InStock,Son 3 günde 500+ ürün satıldı!,3,500,166.7,4.5,,,335,"[""94 TL Kupon"",""Kargo Bedava"",""Son 10 Günün En Düşük Fiyatı""]",3 saat 57 dakika içinde sipariş verirsen en geç bugün kargoda!,carried_forward,15,https://www.trendyol.com/maybelline-new-york/super-stay-vinyl-ink-uzun-sure-kalici-likit-parlak-ruj-15-peachy-p-290535806?boutiqueId=61&merchantId=107819
kozmetik:kozmetik-vitrini,297,297,57,48.2,41.7,37119219,105053,37119219:105053,Avon Wish Of Love Kadın Parfüm Edt 50 Ml. Üçlü Set,Avon,AvonShop,849.9,,49.7,InStock,Son 3 günde 1B+ ürün satıldı!,3,1000,333.3,4.6500649387317186,8696,-11,578,"[""Kargo Bedava""]",21 saat 49 dakika içinde sipariş verirsen yarın kargoda!,refreshed,0,https://www.trendyol.com/avon/wish-of-love-kadin-parfum-edt-50-ml-uclu-set-p-37119219?boutiqueId=61&merchantId=105053
kozmetik:kozmetik-vitrini,27,27,5,47.7,19.8,822166685,1072118,822166685:1072118,MUJGAN 12'li Dudak Kalemi,MUJGAN,DGN TAKIKOZMETİK,173,,0,InStock,,,,,4.0072689511941855,511,1,170,"[""30 TL Kupon"",""Kargo Bedava"",""Son 10 Günün En Düşük Fiyatı"",""Trendyol Plus'a Özel""]",21 saat 54 dakika içinde sipariş verirsen yarın kargoda!,refreshed,0,https://www.trendyol.com/mujgan/12-li-dudak-kalemi-p-822166685?boutiqueId=61&merchantId=1072118
kozmetik:kozmetik-vitrini,377,377,-67,47.7,41.7,720423548,343124,720423548:343124,"POP Beauty Kaş Sabitleyici Ve Şekillendirici, Kaş Fırçası, Tarağı Ve Sabitleyici Jel (laminasyon Etk",POP Beauty,POP Beauty,499.99,,0,InStock,Son 3 günde 1B+ ürün satıldı!,3,1000,333.3,4.4,7672,0,612,"[""Kargo Bedava""]",11 saat 53 dakika içinde sipariş verirsen en geç yarın kargoda!,carried_forward,4,https://www.trendyol.com/pop-beauty/kas-sabitleyici-ve-sekillendirici-kas-fircasi-taragi-ve-sabitleyici-jel-laminasyon-etk-p-720423548?boutiqueId=61&merchantId=343124
kozmetik:kozmetik-vitrini,581,581,,47.7,21.5,723066656,1153330,723066656:1153330,eliamora Yoğun Nemlendirici Serum Besleyici Onarıcı,eliamora,,450,500,,InStock,Son 3 günde 500+ ürün satıldı!,3,500,166.7,4.2,,,,"[""Kargo Bedava""]",,listing_only,,https://www.trendyol.com/eliamora/yogun-nemlendirici-serum-besleyici-onarici-p-723066656?boutiqueId=61&merchantId=1153330
kozmetik:makyaj,202,934,63,47.7,7.3,834813725,104736,834813725:104736,Mac Fıx Original Çok Yönlü Makyaj Spreyi Cildi Hazırlar & Sabitler 100 ml,Mac,,1574.25,2099,0,InStock,,,,,4.6,,,,"[""Sepette %25 İndirim"",""Kargo Bedava"",""Süper Fırsat Ürünü""]",,listing_only,,https://www.trendyol.com/mac/fix-original-cok-yonlu-makyaj-spreyi-cildi-hazirlar-sabitler-100-ml-p-834813725?boutiqueId=61&merchantId=104736
kozmetik:kozmetik-vitrini,44,44,13,47.5,44.7,285913280,111600,285913280:111600,COSMED Temizleme Yağı - Çift Aşamalı Temizlik/ Atopia CLEANSING OIL 200 ML,COSMED,Cosmed Cosmeceuticals,499,,27.4,InStock,Son 3 günde 1B+ ürün satıldı!,3,1000,333.3,4.478356746161385,7058,-6,1271,"[""Kargo Bedava"",""Trendyol Plus'a Özel""]",,refreshed,0,https://www.trendyol.com/cosmed/temizleme-yagi-cift-asamali-temizlik-atopia-cleansing-oil-200-ml-p-285913280?boutiqueId=61&merchantId=111600
kozmetik:kozmetik-vitrini,285,285,-166,47.4,41.7,251165087,1128156,251165087:1128156,NYX Professional Makeup Bare With Me Kapatıcı Serum 01 Fair Concealer,NYX Professional Makeup,DALSEO,749,,,InStock,Son 3 günde 1B+ ürün satıldı!,3,1000,333.3,4.5634280865507,6964,-2,515,"[""Kargo Bedava"",""Sepette %50 İndirim""]",21 saat 50 dakika içinde sipariş verirsen Yarın kargoda,refreshed,0,https://www.trendyol.com/nyx-professional-makeup/bare-with-me-kapatici-serum-01-fair-concealer-p-251165087?boutiqueId=61&merchantId=1128156
kozmetik:makyaj,249,981,,47.4,7.6,844113468,104736,844113468:104736,Mac MACximal Mini Mac Silky Matte Lipstick - Mehr 1.8g,Mac,,674.25,899,,InStock,,,,,4.5,,,,"[""Sepette %25 İndirim"",""Kargo Bedava"",""Süper Fırsat Ürünü""]",,listing_only,,https://www.trendyol.com/mac/macximal-mini-mac-silky-matte-lipstick-mehr-1-8g-p-844113468?boutiqueId=61&merchantId=104736
kozmetik:kozmetik-vitrini,228,228,168,47.3,41.7,847267079,830154,847267079:830154,CALLİEL Leke Karşıtı Gözenek Sıkılaştırıcı Glikolik Asit Tonik 200 Ml,CALLİEL,Calliel,199.9,,0,InStock,Son 3 günde 1B+ ürün satıldı!,3,1000,333.3,4.315437753416429,6684,210,5115,"[""Kargo Bedava""]",21 saat 51 dakika içinde sipariş verirsen yarın kargoda!,refreshed,0,https://www.trendyol.com/calliel/leke-karsiti-gozenek-sikilastirici-glikolik-asit-tonik-200-ml-p-847267079?boutiqueId=61&merchantId=830154
kozmetik:kozmetik-vitrini,303,303,-84,47.1,44.8,772110476,908896,772110476:908896,mia klinika Akne Karşıtı Sivilce Kurutucu Losyon,mia klinika,Mia Klinika,319.59,331.55,0,InStock,Son 3 günde 1B+ ürün satıldı!,3,1000,333.3,4.1,2293,0,1090,"[""Son 10 Günün En Düşük Fiyatı""]",,carried_forward,2,https://www.trendyol.com/mia-klinika/akne-karsiti-sivilce-kurutucu-losyon-p-772110476?boutiqueId=61&merchantId=908896
kozmetik:kozmetik-vitrini,661,661,36,46.9,12,154292033,109162,154292033:109162,Maru.Derm Hassas Ve Atopik Ciltler Için Yüz Temizleme Jeli 400 ML,Maru.Derm Hassas,,299.9,349.9,0,InStock,Son 3 günde 250+ ürün satıldı!,3,250,83.3,4.5,,,,"[""Son 10 Günün En Düşük Fiyatı""]",,listing_only,,https://www.trendyol.com/maru-derm/hassas-ve-atopik-ciltler-icin-yuz-temizleme-jeli-400-ml-p-154292033?boutiqueId=61&merchantId=109162
kozmetik:kozmetik-vitrini,30,30,-14,46.7,27.9,1044487898,1031124,1044487898:1031124,THE BATH FACTORY Liberty Duş Jeli + Vücut Spreyi + Vücut Losyonu + Vücut Peelingi,THE BATH FACTORY,The Bath Factory,1058,,0,InStock,Son 3 günde 250+ ürün satıldı!,3,250,83.3,4.372278664731495,658,1,127,"[""Kargo Bedava""]",,refreshed,0,https://www.trendyol.com/the-bath-factory/liberty-dus-jeli-vucut-spreyi-vucut-losyonu-vucut-peelingi-p-1044487898?boutiqueId=61&merchantId=1031124
kozmetik:kozmetik-vitrini,551,551,-65,46.7,19.8,826529937,104886,826529937:104886,PERIPERA Renklendirici ve Sabitleyici Kaş Maskarası Speedy Skinny Brow Mascara 03 Natural,PERIPERA,,386.02,494.9,0,InStock,Son 3 günde 250+ ürün satıldı!,3,250,83.3,3.9,,,,"[""Kargo Bedava"",""Son 10 Günün En Düşük Fiyatı""]",,listing_only,,https://www.trendyol.com/peripera/renklendirici-ve-sabitleyici-kas-maskarasi-speedy-skinny-brow-mascara-03-natural-p-826529937?boutiqueId=61&merchantId=104886
kozmetik:kozmetik-vitrini,424,424,34,46.4,17,920722116,1028724,920722116:1028724,Nail Master 24'Lü Küt Takma Tırnak French,Nail Master,Doğanlı Kozmetik,97.27,119.72,0,InStock,Son 3 günde 250+ ürün satıldı!,3,250,83.3,4.5,841,0,173,"[""Son 10 Günün En Düşük Fiyatı"",""Süper Fırsat Ürünü""]",11 saat 48 dakika içinde sipariş verirsen en geç yarın kargoda!,carried_forward,9,https://www.trendyol.com/nail-master/24-lu-kut-takma-tirnak-french-p-920722116?boutiqueId=61&merchantId=1028724
kozmetik:kozmetik-vitrini,431,431,-181,46.4,41.9,456483016,650379,456483016:650379,Holika Holika Aloe Soothing Essence Waterproof Sun Cream Spf50 - Aloe Yatıştırıcı Özlü Güneş Kremi 70ml,Holika Holika,Ledoria Kozmetik,645.4,,5.1,InStock,Son 3 günde 1B+ ürün satıldı!,3,1000,333.3,4.6,5182,0,2279,"[""Kargo Bedava""]",21 saat 50 dakika içinde sipariş verirsen Yarın kargoda,carried_forward,2,https://www.trendyol.com/holika-holika/aloe-soothing-essence-waterproof-sun-cream-spf50-aloe-yatistirici-ozlu-gunes-kremi-70ml-p-456483016?boutiqueId=61&merchantId=650379
kozmetik:kozmetik-vitrini,312,312,-38,46.3,15.4,520578710,1269461,520578710:1269461,TTO Saç ve Vücut Şampuanı Arındırıcı Bakım 400 + 100 ml Salisilik ve Azelaik Asit Thermal Black,TTO,NSH MEDİKAL,725,875,,InStock,Son 3 günde 250+ ürün satıldı!,3,250,83.3,4.2,1352,0,1291,"[""Kargo Bedava"",""Son 10 Günün En Düşük Fiyatı""]",21 saat 49 dakika içinde sipariş verirsen Yarın kargoda,carried_forward,2,https://www.trendyol.com/tto/sac-ve-vucut-sampuani-arindirici-bakim-400-100-ml-salisilik-ve-azelaik-asit-thermal-black-p-520578710?boutiqueId=61&merchantId=1269461
kozmetik:kozmetik-vitrini,83,83,223,46,14.9,132491,214643,132491:214643,"Bioderma Sebium Foaming Gel Karma, Yağlı ve Akne Eğilimli Ciltler İçin Yüz ve Vücut Temizleme Jeli 100 ml",Bioderma,Farmakozmetika Sağlık Ürünleri,451,539,0,InStock,Son 3 günde 250+ ürün satıldı!,3,250,83.3,4.4645252382633265,1539,,722,"[""Kargo Bedava"",""Son 10 Günün En Düşük Fiyatı"",""Süper Fırsat Ürünü"",""Son 10 günün en düşük fiyatı""]",21 saat 53 dakika içinde sipariş verirsen yarın kargoda!,refreshed,0,https://www.trendyol.com/bioderma/sebium-foaming-gel-karma-yagli-ve-akne-egilimli-ciltler-icin-yuz-ve-vucut-temizleme-jeli-100-ml-p-132491?boutiqueId=61&merchantId=214643
kozmetik:kozmetik-vitrini,405,405,-40,46,59,1039098286,1028724,1039098286:1028724,Master Lashes 100/180 Çift Taraflı Kağıt Törpü Profesyonel Törpü Kalıcı Oje Protez Tırnak (1 Adet),Master Lashes,Doğanlı Kozmetik,13.9,,0,InStock,"Son 3 günde 1,5B+ ürün satıldı!",3,1500,500,4.6,423,0,44,[],Tahmini Teslim:,carried_forward,5,https://www.trendyol.com/master-lashes/100-180-cift-tarafli-kagit-torpu-profesyonel-torpu-kalici-oje-protez-tirnak-1-adet-p-1039098286?boutiqueId=61&merchantId=1028724
kozmetik:kozmetik-vitrini,40,40,46,45.9,47.5,35297773,378048,35297773:378048,Elidor Saç Bakım Şampuanı Güçlü ve Parlak 650 ml x3,Elidor,Unilever,599,,38.6,InStock,Son 3 günde 1B+ ürün satıldı!,3,1000,333.3,4.7602589296035145,4454,0,310,"[""Kargo Bedava"",""Trendyol Plus'a Özel""]",21 saat 54 dakika içinde sipariş verirsen yarın kargoda!,refreshed,0,https://www.trendyol.com/elidor/sac-bakim-sampuani-guclu-ve-parlak-650-ml-x3-p-35297773?boutiqueId=61&merchantId=378048
kozmetik:kozmetik-vitrini,436,436,138,45.9,52.8,1103229850,1055691,1103229850:1055691,LOVECRA Aloe Vera Yüz Temizleme Köpüğü Gözenek Arındırıcı Derinlemesine Temizlik Canlılık 150 ml,LOVECRA,LOVECRA,349.36,389.99,0,InStock,Son 3 günde 1B+ ürün satıldı!,3,1000,333.3,4.3,227,0,110,"[""Son 10 Günün En Düşük Fiyatı""]",11 saat 52 dakika içinde sipariş verirsen en geç yarın kargoda!,carried_forward,30,https://www.trendyol.com/lovecra/aloe-vera-yuz-temizleme-kopugu-gozenek-arindirici-derinlemesine-temizlik-canlilik-150-ml-p-1103229850?boutiqueId=61&merchantId=1055691
kozmetik:kozmetik-vitrini,557,557,-125,45.8,42.5,40970378,222445,40970378:222445,"Madetoll Cica Krem Su Bazlı, Nemlendirici, Yenileyici, Yatıştırıcı Etkili Cilt Bakım Kremi 37 gr",Madetoll,BuyByGo,274.9,,0,InStock,Son 3 günde 1B+ ürün satıldı!,3,1000,333.3,4.5,4420,0,2373,[],2 saat 52 dakika içinde sipariş verirsen en geç bugün kargoda!,carried_forward,8,https://www.trendyol.com/madetoll/cica-krem-su-bazli-nemlendirici-yenileyici-yatistirici-etkili-cilt-bakim-kremi-37-gr-p-40970378?boutiqueId=61&merchantId=222445
kozmetik:kozmetik-vitrini,328,328,-44,45.6,9.4,832546019,481835,832546019:481835,CELLRE Çift Katmanlı 3ü Bir Arada Kolajen Bakuchiol Shot Collachiol Mist Tonik+Serum+Krem 145 ML,CELLRE,K-LAND,2242.5,2990,-25,InStock,,,,,4.6,380,0,249,"[""Sepette %25 İndirim"",""Kargo Bedava""]",,carried_forward,2,https://www.trendyol.com/cellre/cift-katmanli-3u-bir-arada-kolajen-bakuchiol-shot-collachiol-mist-tonik-serum-krem-145-ml-p-832546019?boutiqueId=61&merchantId=481835
kozmetik:kozmetik-vitrini,483,483,20,45.6,24.3,771252667,1028724,771252667:1028724,Nail Master 240 Adet Zararsız Takma Tırnak Yapıştırıcı Protez Yapıştırıcı Jel Sticker Tak Çıkar Yapıştırma Bandı,Nail Master,Doğanlı Kozmetik,41.55,46.54,0,InStock,Son 3 günde 500+ ürün satıldı!,3,500,166.7,4.1,2079,0,383,"[""Son 10 Günün En Düşük Fiyatı""]",3 saat 51 dakika içinde sipariş verirsen en geç bugün kargoda!,carried_forward,8,https://www.trendyol.com/nail-master/240-adet-zararsiz-takma-tirnak-yapistirici-protez-yapistirici-jel-sticker-tak-cikar-yapistirma-bandi-p-771252667?boutiqueId=61&merchantId=1028724
kozmetik:kozmetik-vitrini,500,500,-51,45.5,20.8,44292035,164987,44292035:164987,"The Purest Solutions Gözenek, Ve Siyah Nokta Karşıtı Niacinamide Serum 30 ML (Niacinamide 5% & Zinc Pca 1%)",The Purest Solutions,The Purest Solutions,284.9,299.9,0,InStock,Son 3 günde 500+ ürün satıldı!,3,500,166.7,4.4,10412,0,10244,"[""Son 10 Günün En Düşük Fiyatı""]",11 saat 53 dakika içinde sipariş verirsen en geç yarın kargoda!,carried_forward,29,https://www.trendyol.com/the-purest-solutions/gozenek-ve-siyah-nokta-karsiti-niacinamide-serum-30-ml-niacinamide-5-zinc-pca-1-p-44292035?boutiqueId=61&merchantId=164987
kozmetik:makyaj,97,829,91,45.5,14.1,786140381,145234,786140381:145234,S'GLAM Liquid Foundation – LIGHT,S'GLAM Liquid,SGLAM,509,599,0,InStock,Son 3 günde 250+ ürün satıldı!,3,250,83.3,4.4430628272251305,1971,3,557,"[""Kargo Bedava"",""Son 10 Günün En Düşük Fiyatı"",""Süper Fırsat Ürünü"",""Son 10 günün en düşük fiyatı""]",,refreshed,0,https://www.trendyol.com/s-glam/liquid-foundation-light-p-786140381?boutiqueId=61&merchantId=145234
kozmetik:kozmetik-vitrini,379,379,-57,45.3,0,468695116,1239899,468695116:1239899,IKT Hair Wax Stick Saç Sabitleyici 75 G,IKT,Mithora,144.53,164,0,InStock,,,,,4,15010,0,2353,"[""Son 10 Günün En Düşük Fiyatı""]",11 saat 51 dakika içinde sipariş verirsen en geç yarın kargoda!,carried_forward,3,https://www.trendyol.com/ikt/hair-wax-stick-sac-sabitleyici-75-g-p-468695116?boutiqueId=61&merchantId=1239899
kozmetik:kozmetik-vitrini,191,191,-48,44.9,43.4,898551092,1315683,898551092:1315683,La Roche Posay Anthelios Uvmune Anti Dark Spots Fluid Lekeli Ciltler İçin Yüksek Koruma SPF50+ Yüz Güneş Kremi 50ml,La Roche Posay,Yıldırım ecza,769,,-3.8,InStock,Son 3 günde 1B+ ürün satıldı!,3,1000,333.3,4.1740125057190784,3370,10,2215,"[""Kargo Bedava"",""Sepette %1 İndirim"",""Trendyol Plus'a Özel""]",,refreshed,0,https://www.trendyol.com/la-roche-posay/anthelios-uvmune-anti-dark-spots-fluid-lekeli-ciltler-icin-yuksek-koruma-spf50-yuz-gunes-kremi-50ml-p-898551092?boutiqueId=61&merchantId=1315683
kozmetik:kozmetik-vitrini,332,332,,44.9,5.1,775783550,885839,775783550:885839,"FRANKLY %0,1 Retinol İçeren Kırışıklık Karşıtı ve Yenileyici Retinol Krem 30 mL",FRANKLY,,791.2,989,,InStock,,,,,4.6,,,,"[""Sepette %20 İndirim"",""Kargo Bedava""]",,listing_only,,https://www.trendyol.com/frankly/0-1-retinol-iceren-kirisiklik-karsiti-ve-yenileyici-retinol-krem-30-ml-p-775783550?boutiqueId=61&merchantId=885839
kozmetik:kozmetik-vitrini,567,567,,44.9,10.4,2835740,107819,2835740:107819,Maybelline New York Super Stay Matte Ink Unnude Likit Mat Ruj - 65 Seductress - Nude 5 ml,Maybelline New York,,577.46,643.46,0,InStock,Son 3 günde 250+ ürün satıldı!,3,250,83.3,4.6,,,,"[""86 TL Kupon"",""Son 10 Günün En Düşük Fiyatı""]",,listing_only,,https://www.trendyol.com/maybelline-new-york/super-stay-matte-ink-unnude-likit-mat-ruj-65-seductress-nude-5-ml-p-2835740?boutiqueId=61&merchantId=107819
kozmetik:kozmetik-vitrini,674,674,35,44.6,0,4280902,105053,4280902:105053,Avon Attraction Kadın Parfüm Edp 50 Ml.,Avon,,719.9,819.9,0,InStock,,,,,4.4,,,,"[""Kargo Bedava""]",,listing_only,,https://www.trendyol.com/avon/attraction-kadin-parfum-edp-50-ml-p-4280902?boutiqueId=61&merchantId=105053
kozmetik:makyaj,37,769,-1,44.6,27.3,873671804,214643,873671804:214643,Alix Avien Makyaj Sabitleyici Sprey - Make Up Fixing Spray 75 ML,Alix Avien,,489.9,,0,InStock,Son 3 günde 500+ ürün satıldı!,3,500,166.7,4.3,,,,"[""Kargo Bedava""]",,listing_only,,https://www.trendyol.com/alix-avien/makyaj-sabitleyici-sprey-make-up-fixing-spray-75-ml-p-873671804?boutiqueId=61&merchantId=214643
kozmetik:makyaj,161,893,-2,44.6,10.4,890739770,236430,890739770:236430,Yves Saint Laurent Make Me Blush Pudra Allık 37 Peachy Nude 3614274254334,Yves Saint Laurent,,2700,3600,0,InStock,,,,,4.5,,,,"[""Kargo Bedava"",""Son 10 Günün En Düşük Fiyatı""]",,listing_only,,https://www.trendyol.com/yves-saint-laurent/make-me-blush-pudra-allik-37-peachy-nude-3614274254334-p-890739770?boutiqueId=61&merchantId=236430
kozmetik:kozmetik-vitrini,357,357,70,44.5,10.5,175154373,468928,175154373:468928,Revolution Reloaded Just My Type Highlight,Revolution,Watsons,223.2,249,-10.4,InStock,Son 3 günde 250+ ürün satıldı!,3,250,83.3,4.6,5534,0,587,"[""Son 10 Günün En Düşük Fiyatı""]",21 saat 51 dakika içinde sipariş verirsen en geç yarın kargoda!,carried_forward,3,https://www.trendyol.com/revolution/reloaded-just-my-type-highlight-p-175154373?boutiqueId=61&merchantId=468928
kozmetik:kozmetik-vitrini,388,388,325,44.5,16.7,4381952,106852,4381952:106852,Siveno %100 Doğal Roll On Teen Girl Genç Kız Deodorant Ter Kokusu Önleyici Bitkisel Lekesiz Vegan 50 ml,Siveno,,249.9,299.9,25.6,InStock,Son 3 günde 250+ ürün satıldı!,3,250,83.3,4.6,,,,[],,listing_only,,https://www.trendyol.com/siveno/100-dogal-roll-on-teen-girl-genc-kiz-deodorant-ter-kokusu-onleyici-bitkisel-lekesiz-vegan-50-ml-p-4381952?boutiqueId=61&merchantId=106852
kozmetik:kozmetik-vitrini,571,571,-54,44.5,5.6,937692208,1127053,937692208:1127053,Lotravia Dermaroller 0.5 Mm Ekonomik – 540 Iğneli Cilt Yenileyici Roller ve Cilt Bakım Spreyi 2’li Set,Lotravia,,198.99,248.99,0,InStock,,,,,4.2,,,,[],,listing_only,,https://www.trendyol.com/lotravia/dermaroller-0-5-mm-ekonomik-540-igneli-cilt-yenileyici-roller-ve-cilt-bakim-spreyi-2-li-set-p-937692208?boutiqueId=61&merchantId=1127053
kozmetik:kozmetik-vitrini,709,709,2,44.4,10.6,971782882,674296,971782882:674296,Mad Parfüm Mad G112 Selective 50 ml Kadın Parfüm,Mad Parfüm,,449.99,599.99,0,InStock,,,,,4.2,,,,"[""Kargo Bedava""]",,listing_only,,https://www.trendyol.com/mad-parfum/mad-g112-selective-50-ml-kadin-parfum-p-971782882?boutiqueId=61&merchantId=674296
kozmetik:makyaj,188,920,-4,44.4,0,2757382,4473,2757382:4473,Flormar Ultra Ince Uçlu Eyeliner (SİYAH) - Ultra Thin Eyeliner - 001 Black - 8690604478491,Flormar,,299.99,339.99,0,InStock,,,,,4.4,,,,"[""Son 10 Günün En Düşük Fiyatı""]",,listing_only,,https://www.trendyol.com/flormar/ultra-ince-uclu-eyeliner-siyah-ultra-thin-eyeliner-001-black-8690604478491-p-2757382?boutiqueId=61&merchantId=4473
kozmetik:kozmetik-vitrini,166,166,-74,44.3,44,1066169890,773793,1066169890:773793,KOREACO Matcha Mucize Bubble Clay Yüz Maskesi | Gözenek Temizleyici Yenileyici Köpüren Yüz Maskesi 100 ml,KOREACO,KOZMETIK-MHR,599,,106.6,InStock,Son 3 günde 1B+ ürün satıldı!,3,1000,333.3,4.164182751038358,2870,9,595,"[""Kargo Bedava""]",21 saat 51 dakika içinde sipariş verirsen Yarın kargoda,refreshed,0,https://www.trendyol.com/koreaco/matcha-mucize-bubble-clay-yuz-maskesi-gozenek-temizleyici-yenileyici-kopuren-yuz-maskesi-100-ml-p-1066169890?boutiqueId=61&merchantId=773793
kozmetik:kozmetik-vitrini,232,232,69,44.3,44.1,90899295,108362,90899295:108362,"Clinique Moisture Surge™ 100 Saat Etkili Nemlendirici Yüz Kremi 30ml | Aloe Vera Bioferment, Hyalüronik Asit",Clinique,CLINIQUE,1425,,42.9,InStock,Son 3 günde 1B+ ürün satıldı!,3,1000,333.3,4.577166600712308,2812,-22,359,"[""Sepette %30 İndirim"",""Kargo Bedava""]",21 saat 50 dakika içinde sipariş verirsen yarın kargoda!,refreshed,0,https://www.trendyol.com/clinique/moisture-surge-100-saat-etkili-nemlendirici-yuz-kremi-30ml-aloe-vera-bioferment-hyaluronik-asit-p-90899295?boutiqueId=61&merchantId=108362
kozmetik:kozmetik-vitrini,36,36,231,44.2,60.1,971342862,830154,971342862:830154,CALLİEL Leke ve Akne Karşıtı Aydınlatıcı Bakım Seti,CALLİEL,Calliel,380.21,384.05,0,InStock,Son 3 günde 1B+ ürün satıldı!,3,1000,333.3,4.257471264367816,208,2,138,"[""Kargo Bedava"",""Son 10 Günün En Düşük Fiyatı"",""Son 10 günün en düşük fiyatı""]",,refreshed,0,https://www.trendyol.com/calliel/leke-ve-akne-karsiti-aydinlatici-bakim-seti-p-971342862?boutiqueId=61&merchantId=830154
kozmetik:makyaj,244,976,,44.2,11.8,983162113,891275,983162113:891275,"Kremi Makyaj Süngeri, Ürün Emmez, Kuru Islak Kullanım, Yıkanabilir Fondöten BB Krem Süngeri Angled Sponge",Kremi,,184.9,249.9,,InStock,,,,,4.5,,,,"[""Son 10 Günün En Düşük Fiyatı""]",,listing_only,,https://www.trendyol.com/kremi/makyaj-sungeri-urun-emmez-kuru-islak-kullanim-yikanabilir-fondoten-bb-krem-sungeri-angled-sponge-p-983162113?boutiqueId=61&merchantId=891275
kozmetik:kozmetik-vitrini,106,106,56,44.1,44.2,5476272,104736,5476272:104736,Mac Kirpik Kıvırıcı / Full Lash Curler 773602276219,Mac,Mac,1899,,0,InStock,Son 3 günde 1B+ ürün satıldı!,3,1000,333.3,4.2701271186440675,2696,0,271,"[""Sepette %25 İndirim"",""Kargo Bedava"",""Süper Fırsat Ürünü""]",,refreshed,0,https://www.trendyol.com/mac/kirpik-kivirici-full-lash-curler-773602276219-p-5476272?boutiqueId=61&merchantId=104736
kozmetik:kozmetik-vitrini,396,396,-66,44,20.8,735885774,529402,735885774:529402,New Well Ton Eşitleyici yüksek Koruma Etkili Spf50+ Aydınlatıcı Pembe Yüz Güneş Kremi 50 Ml,New Well,Eylo pazarlama,209.9,,-58,InStock,Son 3 günde 500+ ürün satıldı!,3,500,166.7,4.4,29061,0,6525,"[""Son 10 Günün En Düşük Fiyatı""]",52 dakika 13 saniye içinde sipariş verirsen en geç bugün kargoda!,carried_forward,10,https://www.trendyol.com/new-well/ton-esitleyici-yuksek-koruma-etkili-spf50-aydinlatici-pembe-yuz-gunes-kremi-50-ml-p-735885774?boutiqueId=61&merchantId=529402
kozmetik:kozmetik-vitrini,93,93,-30,43.9,44.4,848718397,791156,848718397:791156,The Ceel 3’lü Saç Bakım Seti – Dökülmeye Eğilimli ve Yıpranmış Saçlar İçin,The Ceel,The Ceel,561.9,,0,InStock,Son 3 günde 1B+ ürün satıldı!,3,1000,333.3,4.343885174990169,2566,22,1712,"[""Kargo Bedava"",""Trendyol Plus'a Özel""]",21 saat 53 dakika içinde sipariş verirsen yarın kargoda!,refreshed,0,https://www.trendyol.com/the-ceel/3-lu-sac-bakim-seti-dokulmeye-egilimli-ve-yipranmis-saclar-icin-p-848718397?boutiqueId=61&merchantId=791156
kozmetik:kozmetik-vitrini,308,308,,43.9,12.1,956196279,115550,956196279:115550,DKDENT %93 Maksimum Leke Giderici Diş Macunu 75 ml,DKDENT,,173.75,234.95,,InStock,,,,,4.3,,,,"[""Son 10 Günün En Düşük Fiyatı"",""Süper Fırsat Ürünü""]",,listing_only,,https://www.trendyol.com/dkdent/93-maksimum-leke-giderici-dis-macunu-75-ml-p-956196279?boutiqueId=61&merchantId=115550
kozmetik:makyaj,262,994,,43.8,2.7,666675178,104886,666675178:104886,Missha Nemli Bitiş Ve Işıltılı Görünüm Sunan Göz Farı M Dewy Glossy Eyes (WHİTE BEACH),Missha,,413.26,494.9,,InStock,,,,,4.4,,,,"[""Kargo Bedava"",""Son 10 Günün En Düşük Fiyatı""]",,listing_only,,https://www.trendyol.com/missha/nemli-bitis-ve-isiltili-gorunum-sunan-goz-fari-m-dewy-glossy-eyes-white-beach-p-666675178?boutiqueId=61&merchantId=104886
kozmetik:kozmetik-vitrini,28,28,-21,43.7,21.3,964366493,4473,964366493:4473,Flormar Color Treasure Hacim Veren & Yüksek Pigmentli Renkli Maskara (002 Ruby) 8682536100359,Flormar,Flormar,409.99,,0.8,InStock,,,,,4.340110905730129,288,2,17,"[""Kargo Bedava"",""Sepette %30 İndirim""]",21 saat 54 dakika içinde sipariş verirsen yarın kargoda!,refreshed,0,https://www.trendyol.com/flormar/color-treasure-hacim-veren-yuksek-pigmentli-renkli-maskara-002-ruby-8682536100359-p-964366493?boutiqueId=61&merchantId=4473
kozmetik:kozmetik-vitrini,62,62,-40,43.7,61.3,1109549494,365501,1109549494:365501,La Roche Posay Yağlı Ciltler İçin Onarıcı Bakım Seti: Cicaplast Baume 40ml & Effaclar Yüz Temizleyici 50ml,La Roche Posay,La Roche Posay,674.9,,0,InStock,"Son 3 günde 1,5B+ ürün satıldı!",3,1500,500,4.511278195488722,217,1,108,"[""Kargo Bedava"",""Son 10 Günün En Düşük Fiyatı""]",21 saat 53 dakika içinde sipariş verirsen yarın kargoda!,refreshed,0,https://www.trendyol.com/la-roche-posay/yagli-ciltler-icin-onarici-bakim-seti-cicaplast-baume-40ml-effaclar-yuz-temizleyici-50ml-p-1109549494?boutiqueId=61&merchantId=365501
kozmetik:kozmetik-vitrini,552,552,-4,43.6,44.7,767471886,674296,767471886:674296,Mad Parfüm Mad V112 Selective 100 ml Kadın Parfüm,Mad Parfüm,MAD PARFÜM,899.99,,0,InStock,Son 3 günde 1B+ ürün satıldı!,3,1000,333.3,4.5,2319,0,723,"[""Kargo Bedava""]",Tahmini Teslim:,carried_forward,5,https://www.trendyol.com/mad-parfum/mad-v112-selective-100-ml-kadin-parfum-p-767471886?boutiqueId=61&merchantId=674296
kozmetik:kozmetik-vitrini,274,274,-47,43.5,44.9,187961048,651821,187961048:651821,Motto Plus Professional Dökülme Önleyici Şok Bakım & Saç Vitamini 5li Ampul,Motto Plus Professional,depommarket,315,,0,InStock,Son 3 günde 1B+ ürün satıldı!,3,1000,333.3,4.0680582735377255,2245,-3,3145,"[""310 TL Kupon"",""1.399 TL Kupon"",""449 TL Kupon"",""3.100 TL Kupon"",""Kargo Bedava"",""Son 10 Günün En Düşük Fiyatı"",""Trendyol Plus'a Özel""]",,refreshed,0,https://www.trendyol.com/motto-plus-professional/dokulme-onleyici-sok-bakim-sac-vitamini-5li-ampul-p-187961048?boutiqueId=61&merchantId=651821
kozmetik:kozmetik-vitrini,621,621,4,43.2,3.3,1078961192,710642,1078961192:710642,True Bee Karınca Yumurtası Yağı | Tüy Azaltıcı Gözenek Arındırıcı Batık Oluşumunu Engellemeye Yardımcı Serum,True Bee,,136.37,163.35,0,InStock,,,,,3.9,,,,"[""Son 10 Günün En Düşük Fiyatı"",""Süper Fırsat Ürünü""]",,listing_only,,https://www.trendyol.com/true-bee/karinca-yumurtasi-yagi-tuy-azaltici-gozenek-arindirici-batik-olusumunu-engellemeye-yardimci-serum-p-1078961192?boutiqueId=61&merchantId=710642
kozmetik:makyaj,46,778,-3,43.1,22.8,747851457,205639,747851457:205639,Note Cosmetics 3 in 1 Healthy Skin Tinted Moisturizer 50 SPF Ton Eşitleyici Aydınlatıcı Krem - 10 Medium,Note Cosmetics,,1228.29,,185.7,InStock,Son 3 günde 500+ ürün satıldı!,3,500,166.7,4.5,,,,"[""Sepette %65 İndirim"",""Kargo Bedava"",""Süper Fırsat Ürünü""]",,listing_only,,https://www.trendyol.com/note-cosmetics/3-in-1-healthy-skin-tinted-moisturizer-50-spf-ton-esitleyici-aydinlatici-krem-10-medium-p-747851457?boutiqueId=61&merchantId=205639
kozmetik:kozmetik-vitrini,211,211,-123,43,25.3,1068311,571412,1068311:571412,"NIVEA Kadın Sprey Deodorant Pearl&Beauty 150ml, 72 Saat Anti Perspirant Koruma, Alkolsüz, Çiçeksi Koku",NIVEA,NIVEA,155.63,171.12,0,InStock,Son 3 günde 500+ ürün satıldı!,3,500,166.7,4.581650726177825,1560,1,156,"[""Son 10 Günün En Düşük Fiyatı"",""Kargo Bedava"",""Son 10 günün en düşük fiyatı""]",21 saat 51 dakika içinde sipariş verirsen Yarın kargoda,refreshed,0,https://www.trendyol.com/nivea/kadin-sprey-deodorant-pearl-beauty-150ml-72-saat-anti-perspirant-koruma-alkolsuz-ciceksi-koku-p-1068311?boutiqueId=61&merchantId=571412
kozmetik:kozmetik-vitrini,415,415,-100,43,10.4,578704,105029,578704:105029,Urban Care Expert Biotin Ve Kafein Dökülme Karşıtı Saç Bakim Toniği- Hızlı Uzamaya Yardımcı 200 ml-Vegan,Urban Care,Urban Care,199,215.54,0,InStock,Son 3 günde 250+ ürün satıldı!,3,250,83.3,4.3,7895,0,4060,"[""Son 10 Günün En Düşük Fiyatı""]",1 saat 48 dakika içinde sipariş verirsen en geç bugün kargoda!,carried_forward,9,https://www.trendyol.com/urban-care/expert-biotin-ve-kafein-dokulme-karsiti-sac-bakim-tonigi-hizli-uzamaya-yardimci-200-ml-vegan-p-578704?boutiqueId=61&merchantId=105029
kozmetik:kozmetik-vitrini,469,469,101,42.9,10.4,44349861,164987,44349861:164987,The Purest Solutions Aha & Bha Canlandırıcı & Cilt Tonu Eşitleyici Kırmızı Peeling Cilt Serumu 30 ml (aha 10% + Bha 2%),The Purest Solutions,,284.9,299.9,0,InStock,Son 3 günde 250+ ürün satıldı!,3,250,83.3,4.5,,,,"[""Son 10 Günün En Düşük Fiyatı""]",,listing_only,,https://www.trendyol.com/the-purest-solutions/aha-bha-canlandirici-cilt-tonu-esitleyici-kirmizi-peeling-cilt-serumu-30-ml-aha-10-bha-2-p-44349861?boutiqueId=61&merchantId=164987
kozmetik:kozmetik-vitrini,224,224,-127,42.8,45.5,1072042577,1279865,1072042577:1279865,Embeauty Brow Lock Fıx Laminasyon Etkili Kaş Sabitleyici Maskara (Şeffaf Biotin & B5 İçerikli),Embeauty,Viel Kozmetik,229,,0,InStock,Son 3 günde 1B+ ürün satıldı!,3,1000,333.3,3.93751676052561,1869,5,438,"[""Kargo Bedava"",""Son 10 Günün En Düşük Fiyatı""]",,refreshed,0,https://www.trendyol.com/embeauty/brow-lock-fix-laminasyon-etkili-kas-sabitleyici-maskara-seffaf-biotin-b5-icerikli-p-1072042577?boutiqueId=61&merchantId=1279865
kozmetik:kozmetik-vitrini,336,336,,42.8,7.4,864991652,526177,864991652:526177,Bibimcos Rice Extract Toner 150ml - Aydınlatıcı & Nemlendirici Pirinç Toniği,Bibimcos,,399,499.9,,InStock,,,,,4.5,,,,"[""Kargo Bedava"",""Son 10 Günün En Düşük Fiyatı"",""Süper Fırsat Ürünü""]",,listing_only,,https://www.trendyol.com/bibimcos/rice-extract-toner-150ml-aydinlatici-nemlendirici-pirinc-tonigi-p-864991652?boutiqueId=61&merchantId=526177
kozmetik:kozmetik-vitrini,146,146,-58,42.7,21.9,1135607585,476096,1135607585:476096,SECRET OF LOVE Bebe Soft Peeling Etkili Duş Jeli Arındırıcı ve Nemlendirici Formül 250 ml,SECRET OF LOVE,SECRET OF LOVE,199.9,249.9,0,InStock,Son 3 günde 250+ ürün satıldı!,3,250,83.3,4.3428571428571425,208,13,10,"[""Son 10 Günün En Düşük Fiyatı"",""Süper Fırsat Ürünü"",""Kargo Bedava"",""Son 10 günün en düşük fiyatı""]",,refreshed,0,https://www.trendyol.com/secret-of-love/bebe-soft-peeling-etkili-dus-jeli-arindirici-ve-nemlendirici-formul-250-ml-p-1135607585?boutiqueId=61&merchantId=476096
kozmetik:makyaj,58,790,-3,42.7,20.8,803185134,812642,803185134:812642,AcarlarTicaret 19 Parça Lüx Keseli Makyaj Fırça Seti Makyaj Süngeri Ve Fırça Seti,AcarlarTicaret,,173.15,174.9,0,InStock,Son 3 günde 500+ ürün satıldı!,3,500,166.7,3.7,,,,"[""Sepette %1 İndirim""]",,listing_only,,https://www.trendyol.com/acarlarticaret/19-parca-lux-keseli-makyaj-firca-seti-makyaj-sungeri-ve-firca-seti-p-803185134?boutiqueId=61&merchantId=812642
kozmetik:kozmetik-vitrini,207,207,-3,42.6,20.8,782969121,969326,782969121:969326,"Clasy Care Face Up Skin Kremi, Izi Ve 40ml",Clasy Care,TURAN BİLGİSAYAR,398,,2.1,InStock,Son 3 günde 500+ ürün satıldı!,3,500,166.7,3.9988655700510494,18924,9,10000,"[""Kargo Bedava"",""Sepette %1 İndirim"",""Son 10 Günün En Düşük Fiyatı""]",21 saat 51 dakika içinde sipariş verirsen Yarın kargoda,refreshed,0,https://www.trendyol.com/clasy-care/face-up-skin-kremi-izi-ve-40ml-p-782969121?boutiqueId=61&merchantId=969326
kozmetik:kozmetik-vitrini,115,115,85,42.5,62.5,1053255031,1257068,1053255031:1257068,"Genel Markalar Saç Şekillendirici Sihirli Tarak, Dalgalı ve Kıvırcık Saçlar için Mucizevi Tasarım",Genel Markalar,Zerina Saç Aksesuar,11.36,,-8.1,InStock,"Son 3 günde 1,5B+ ürün satıldı!",3,1500,500,3.441919191919192,151,0,120,"[""Kargo Bedava""]",,refreshed,0,https://www.trendyol.com/genel-markalar/sac-sekillendirici-sihirli-tarak-dalgali-ve-kivircik-saclar-icin-mucizevi-tasarim-p-1053255031?boutiqueId=61&merchantId=1257068
kozmetik:kozmetik-vitrini,53,53,45,42.4,13.6,74878952,468928,74878952:468928,Revolution Forever Flawless Paleti Affinity 18'li Far Paleti,Revolution,Watsons,488.93,551.9,0,InStock,Son 3 günde 250+ ürün satıldı!,3,250,83.3,4.56532877882152,2236,-2,135,"[""Son 10 Günün En Düşük Fiyatı"",""Kargo Bedava"",""Son 10 günün en düşük fiyatı""]",21 saat 53 dakika içinde sipariş verirsen yarın kargoda!,refreshed,0,https://www.trendyol.com/revolution/forever-flawless-paleti-affinity-18-li-far-paleti-p-74878952?boutiqueId=61&merchantId=468928
kozmetik:kozmetik-vitrini,164,164,56,42.3,20.8,788015692,791156,788015692:791156,The Ceel Tüy İnceltici ve Nemlendirici Süt Isırgan Otu & Hyaluronik Asit Özlü 60 ml,The Ceel,The Ceel,275.04,,0,InStock,Son 3 günde 500+ ürün satıldı!,3,500,166.7,4.206843289345556,17383,13,6293,"[""Sepette %1 İndirim"",""Kargo Bedava"",""Trendyol Plus'a Özel""]",21 saat 52 dakika içinde sipariş verirsen yarın kargoda!,refreshed,0,https://www.trendyol.com/the-ceel/tuy-inceltici-ve-nemlendirici-sut-isirgan-otu-hyaluronik-asit-ozlu-60-ml-p-788015692?boutiqueId=61&merchantId=791156
kozmetik:kozmetik-vitrini,428,428,-2,42.3,10.4,1262981,105153,1262981:105153,Maybelline New York Instant Anti Age Eraser Kapatıcı 01 Light - Kusurları Kapatan ve Koyu Halkaları Gizleyen Kapatıcı,Maybelline New York,tekbutik,499.9,535,,InStock,Son 3 günde 250+ ürün satıldı!,3,250,83.3,4.5,8731,0,2080,"[""Kargo Bedava"",""Son 10 Günün En Düşük Fiyatı""]",50 dakika 25 saniye içinde sipariş verirsen en geç bugün kargoda!,carried_forward,6,https://www.trendyol.com/maybelline-new-york/instant-anti-age-eraser-kapatici-01-light-kusurlari-kapatan-ve-koyu-halkalari-gizleyen-kapatici-p-1262981?boutiqueId=61&merchantId=105153
kozmetik:makyaj,45,777,-11,42.3,29.2,1106914024,743162,1106914024:743162,WIWIFY Su Bazlı Yoğun Nemlendirici Yüz Kremi 100 ML X2 Adet,WIWIFY,,414.89,459.9,0,InStock,Son 3 günde 500+ ürün satıldı!,3,500,166.7,4.5,,,,"[""Kargo Bedava"",""Son 10 Günün En Düşük Fiyatı""]",,listing_only,,https://www.trendyol.com/wiwify/su-bazli-yogun-nemlendirici-yuz-kremi-100-ml-x2-adet-p-1106914024?boutiqueId=61&merchantId=743162
kozmetik:kozmetik-vitrini,501,501,-50,42,10.4,31503930,702831,31503930:702831,Nascita 3 BOYUTLU PROFESYONEL SAC FIRCASI.NASFPRO00002,Nascita,Emuse Center,150.66,162.82,0,InStock,Son 3 günde 250+ ürün satıldı!,3,250,83.3,4.6,6280,0,368,"[""Son 10 Günün En Düşük Fiyatı""]",Tahmini Teslim:,carried_forward,6,https://www.trendyol.com/nascita/3-boyutlu-profesyonel-sac-fircasi-nasfpro00002-p-31503930?boutiqueId=61&merchantId=702831
kozmetik:kozmetik-vitrini,340,340,28,41.9,46.5,988457635,953676,988457635:953676,Flormar Volume Up Mascara Yoğun Hacim ve Lifting Etkili Kat Kat Uygulanabilir Maskara,Flormar,ONDOKUZ,424.68,,,InStock,Son 3 günde 1B+ ürün satıldı!,3,1000,333.3,4.3,1410,0,113,"[""Kargo Bedava""]",9 saat 50 dakika içinde sipariş verirsen en geç bugün kargoda!,carried_forward,3,https://www.trendyol.com/flormar/volume-up-mascara-yogun-hacim-ve-lifting-etkili-kat-kat-uygulanabilir-maskara-p-988457635?boutiqueId=61&merchantId=953676
kozmetik:kozmetik-vitrini,371,371,-75,41.9,15.6,674567900,495718,674567900:495718,Bioderma Sebium Kerato+ Salisilik Asit İçeren Sivilce Akne Lekesi Siyah Nokta Karşıtı Nemlendirici Krem 30ml,Bioderma,Daffne,934.5,1074,0,InStock,Son 3 günde 250+ ürün satıldı!,3,250,83.3,4.3,1252,0,1807,"[""Kargo Bedava"",""Son 10 Günün En Düşük Fiyatı""]",,carried_forward,2,https://www.trendyol.com/bioderma/sebium-kerato-salisilik-asit-iceren-sivilce-akne-lekesi-siyah-nokta-karsiti-nemlendirici-krem-30ml-p-674567900?boutiqueId=61&merchantId=495718
kozmetik:makyaj,60,792,-4,41.8,20.8,815768416,115975,815768416:115975,Arap Makyaj Dünyası Yoğun Kapatıcı Fondöten Lıght,Arap Makyaj Dünyası,,799.99,,0,InStock,Son 3 günde 500+ ürün satıldı!,3,500,166.7,4.3,,,,"[""Kargo Bedava""]",,listing_only,,https://www.trendyol.com/arap-makyaj-dunyasi/yogun-kapatici-fondoten-light-p-815768416?boutiqueId=61&merchantId=115975
kozmetik:kozmetik-vitrini,80,80,-26,41.6,46.7,940580468,556702,940580468:556702,Cream Co. İkili Moisturizer Canlandırıcı Cilt Tonu Eşitleyici Aydınlatıcı Su Bazlı Nemlendirici Yüz Kremi Seti,Cream Co.,Cream Co.,499.9,,0,InStock,Son 3 günde 1B+ ürün satıldı!,3,1000,333.3,4.677057356608479,1323,17,133,"[""Kargo Bedava"",""Trendyol Plus'a Özel""]",21 saat 53 dakika içinde sipariş verirsen yarın kargoda!,refreshed,0,https://www.trendyol.com/cream-co/ikili-moisturizer-canlandirici-cilt-tonu-esitleyici-aydinlatici-su-bazli-nemlendirici-yuz-kremi-seti-p-940580468?boutiqueId=61&merchantId=556702
kozmetik:kozmetik-vitrini,580,580,-105,41.6,46.7,1093215130,204149,1093215130:204149,VULLY Panthenol Plus 48 Saate Kadar Yoğun Nemlendirici ve Onarıcı Yüz & Vücut Kremi 250 ml,VULLY,ORABELLA KOZMETİK,432,,0,InStock,Son 3 günde 1B+ ürün satıldı!,3,1000,333.3,4.3,1323,0,382,"[""Kargo Bedava""]",Tahmini Teslim:,carried_forward,4,https://www.trendyol.com/vully/panthenol-plus-48-saate-kadar-yogun-nemlendirici-ve-onarici-yuz-vucut-kremi-250-ml-p-1093215130?boutiqueId=61&merchantId=204149
kozmetik:kozmetik-vitrini,343,343,-301,41.3,13.7,1090880691,481835,1090880691:481835,"ELENSILIA Pdrn Somon DNA, Traneksamik Asit ve Kolajen İçeren Kırışıklık Karşıtı Pdr-Lagen Göz Kremi",ELENSILIA,K-LAND,999.75,1333,-25,InStock,,,,,4.6,108,0,122,"[""Sepette %25 İndirim"",""Kargo Bedava""]",,carried_forward,2,https://www.trendyol.com/elensilia/pdrn-somon-dna-traneksamik-asit-ve-kolajen-iceren-kirisiklik-karsiti-pdr-lagen-goz-kremi-p-1090880691?boutiqueId=61&merchantId=481835
kozmetik:kozmetik-vitrini,194,194,-73,41.2,47.1,1039596250,556702,1039596250:556702,Cream Co. Allık Ruj Göz Farı Glow Tint Dusty Rose Nemlendirici Makyaj | Gülkurusu | Hyaluronik Asit Peptit,Cream Co.,Cream Co.,199.9,,0,InStock,Son 3 günde 1B+ ürün satıldı!,3,1000,333.3,4.4854517611026035,1176,4,90,"[""Kargo Bedava"",""Trendyol Plus'a Özel""]",,refreshed,0,https://www.trendyol.com/cream-co/allik-ruj-goz-fari-glow-tint-dusty-rose-nemlendirici-makyaj-gulkurusu-hyaluronik-asit-peptit-p-1039596250?boutiqueId=61&merchantId=556702
kozmetik:makyaj,66,798,,41.2,10.4,44174552,164987,44174552:164987,The Purest Solutions Yoğun Nemlendirme ve Dolgunlaştırıcı Etkili Yenileyici Cilt Bakım Serumu (Hyaluronic Acid %2 + B5),The Purest Solutions,,284.9,299.9,,InStock,Son 3 günde 250+ ürün satıldı!,3,250,83.3,4.5,,,,"[""Son 10 Günün En Düşük Fiyatı""]",,listing_only,,https://www.trendyol.com/the-purest-solutions/yogun-nemlendirme-ve-dolgunlastirici-etkili-yenileyici-cilt-bakim-serumu-hyaluronic-acid-2-b5-p-44174552?boutiqueId=61&merchantId=164987
kozmetik:kozmetik-vitrini,153,153,30,41.1,7.8,991893615,1028724,991893615:1028724,Nail Master 24'Lü Badem Takma Tırnak French,Nail Master,Doğanlı Kozmetik,104.73,129.08,0,InStock,,,,,4.230392156862745,598,2,227,"[""Son 10 Günün En Düşük Fiyatı"",""Süper Fırsat Ürünü"",""Kargo Bedava"",""Son 10 günün en düşük fiyatı""]",,refreshed,0,https://www.trendyol.com/nail-master/24-lu-badem-takma-tirnak-french-p-991893615?boutiqueId=61&merchantId=1028724
kozmetik:kozmetik-vitrini,197,197,-113,41.1,22.3,2074787,640622,2074787:640622,Dax Supergro 198 gr - Yavaş Uzayan Saçlara Özel Saç Bakım Yağı,Dax,Soho N.Y.C & DAX,520.54,543.91,0,InStock,Son 3 günde 500+ ürün satıldı!,3,500,166.7,4.419186322621499,3639,0,2095,"[""20 TL Kupon"",""Kargo Bedava"",""Son 10 Günün En Düşük Fiyatı"",""Son 10 günün en düşük fiyatı""]",21 saat 51 dakika içinde sipariş verirsen yarın kargoda!,refreshed,0,https://www.trendyol.com/dax/supergro-198-gr-yavas-uzayan-saclara-ozel-sac-bakim-yagi-p-2074787?boutiqueId=61&merchantId=640622
kozmetik:kozmetik-vitrini,541,541,20,41.1,20.8,41161878,113082,41161878:113082,Tala Karınca Yumurtası Yağı Tüy Azaltıcı Tüy İnceltici Tüy Dökücü 20 Ml,Tala,Tala,167.64,,0,InStock,Son 3 günde 500+ ürün satıldı!,3,500,166.7,4.2,12627,0,3881,"[""Son 10 Günün En Düşük Fiyatı""]",50 dakika 58 saniye içinde sipariş verirsen en geç bugün kargoda!,carried_forward,6,https://www.trendyol.com/tala/karinca-yumurtasi-yagi-tuy-azaltici-tuy-inceltici-tuy-dokucu-20-ml-p-41161878?boutiqueId=61&merchantId=113082
kozmetik:makyaj,51,783,-9,41.1,20.8,138201157,4473,138201157:4473,Flormar Mat Kalıcı Göz Kalemi (BORDO) - Extreme Tattoo Gel Pencil - 005 Very Berry - 8682536028875,Flormar,,349.99,,0,InStock,Son 3 günde 500+ ürün satıldı!,3,500,166.7,4.6,,,,[],,listing_only,,https://www.trendyol.com/flormar/mat-kalici-goz-kalemi-bordo-extreme-tattoo-gel-pencil-005-very-berry-8682536028875-p-138201157?boutiqueId=61&merchantId=4473
kozmetik:kozmetik-vitrini,286,286,-106,41,20.8,345504716,716097,345504716:716097,Baga Dış Genital Bölge Beyazlatıcı Krem 100 ml,Baga,FORNAX,289,,52.9,InStock,Son 3 günde 500+ ürün satıldı!,3,500,166.7,4.023087234993298,12239,-5,7176,"[""Kargo Bedava"",""Trendyol Plus'a Özel""]",,refreshed,0,https://www.trendyol.com/baga/dis-genital-bolge-beyazlatici-krem-100-ml-p-345504716?boutiqueId=61&merchantId=716097
kozmetik:makyaj,35,767,,41,35.6,649015862,529402,649015862:529402,New Well Sıvı Allık (mat) No04,New Well,Rosewel Beauty,299.9,,0,InStock,Son 3 günde 500+ ürün satıldı!,3,500,166.7,4.2,686,0,59,"[""Son 10 Günün En Düşük Fiyatı"",""Süper Fırsat Ürünü""]",51 dakika 19 saniye içinde sipariş verirsen en geç bugün kargoda!,carried_forward,3,https://www.trendyol.com/new-well/sivi-allik-mat-no04-p-649015862?boutiqueId=61&merchantId=529402
kozmetik:kozmetik-vitrini,173,173,93,40.9,22.9,153287876,109162,153287876:109162,Maru.Derm Hyalüronik Asit Nemlendirici Yüz Bakım Kremi 200 ML,Maru.Derm,MARUDERM,282.12,295.95,0,InStock,Son 3 günde 500+ ürün satıldı!,3,500,166.7,4.401393859483896,3068,-1,2092,"[""Son 10 Günün En Düşük Fiyatı"",""Kargo Bedava"",""Son 10 günün en düşük fiyatı"",""Trendyol Plus'a Özel""]",,refreshed,0,https://www.trendyol.com/maru-derm/hyaluronik-asit-nemlendirici-yuz-bakim-kremi-200-ml-p-153287876?boutiqueId=61&merchantId=109162
kozmetik:kozmetik-vitrini,479,479,53,40.8,9.2,874998219,369129,874998219:369129,"Celenzea Arı Zehri Kremi Yorgunluğa Karşı Destekleyici, Kas ve Eklem Bakımı İçin Etkili Doğal Bee Venom 100ml",Celenzea,,199.99,249.99,0,InStock,,,,,4.5,,,,"[""Son 10 Günün En Düşük Fiyatı"",""Süper Fırsat Ürünü""]",,listing_only,,https://www.trendyol.com/celenzea/ari-zehri-kremi-yorgunluga-karsi-destekleyici-kas-ve-eklem-bakimi-icin-etkili-dogal-bee-venom-100ml-p-874998219?boutiqueId=61&merchantId=369129
kozmetik:makyaj,258,990,,40.8,4.2,786141737,145234,786141737:145234,S'GLAM Liquid Foundation – MEDIUM,S'GLAM Liquid,,509,599,,InStock,,,,,4.4,,,,"[""Kargo Bedava"",""Son 10 Günün En Düşük Fiyatı"",""Süper Fırsat Ürünü""]",,listing_only,,https://www.trendyol.com/s-glam/liquid-foundation-medium-p-786141737?boutiqueId=61&merchantId=145234
kozmetik:kozmetik-vitrini,139,139,271,40.7,20.8,151226419,111600,151226419:111600,COSMED Temizleme Yağı /Atopia CLEANSING OIL 400 ML,COSMED,Cosmed Cosmeceuticals,528.67,534.01,0,InStock,Son 3 günde 500+ ürün satıldı!,3,500,166.7,4.567106510169862,8384,-22,1808,"[""Kargo Bedava"",""Son 10 Günün En Düşük Fiyatı"",""Son 10 günün en düşük fiyatı""]",,refreshed,0,https://www.trendyol.com/cosmed/temizleme-yagi-atopia-cleansing-oil-400-ml-p-151226419?boutiqueId=61&merchantId=111600
kozmetik:kozmetik-vitrini,219,219,-62,40.7,20.8,780589053,969326,780589053:969326,Flormar Doğal Formüllü Kirpik Uzatıcı Maskara (Siyah) - Longer Than Ever Mascara - 001 Black - 8682536067119,Flormar,TURAN BİLGİSAYAR,499,,10.6,InStock,Son 3 günde 500+ ürün satıldı!,3,500,166.7,4.609371864338752,11024,3,501,"[""Kargo Bedava"",""Son 10 Günün En Düşük Fiyatı""]",21 saat 51 dakika içinde sipariş verirsen Yarın kargoda,refreshed,0,https://www.trendyol.com/flormar/dogal-formullu-kirpik-uzatici-maskara-siyah-longer-than-ever-mascara-001-black-8682536067119-p-780589053?boutiqueId=61&merchantId=969326
kozmetik:kozmetik-vitrini,299,299,28,40.7,20.8,316160450,1271415,316160450:1271415,rise and shine Antiperspirant Whitening Roll-on - 75 ml,rise and shine,KİRAZZZ,188,,5.6,InStock,Son 3 günde 500+ ürün satıldı!,3,500,166.7,4.422743447100688,11050,1,1733,"[""1.749 TL Kupon"",""Kargo Bedava"",""Son 10 Günün En Düşük Fiyatı"",""Trendyol Plus'a Özel""]",21 saat 49 dakika içinde sipariş verirsen Yarın kargoda,refreshed,0,https://www.trendyol.com/rise-and-shine/antiperspirant-whitening-roll-on-75-ml-p-316160450?boutiqueId=61&merchantId=1271415
kozmetik:kozmetik-vitrini,313,313,44,40.7,20.8,5770567,1315683,5770567:1315683,La Roche Posay Anthelios Uvmune 400 Invisible Fluid Tüm Cilt Tipleri İçin Yüksek Koruma SPF50+ Yüz Güneş Kremi 50ML,La Roche Posay,La Roche Posay,769,,-3.8,InStock,Son 3 günde 500+ ürün satıldı!,3,500,166.7,4.2,11232,0,8440,"[""Kargo Bedava""]",Tahmini Teslim:,carried_forward,3,https://www.trendyol.com/la-roche-posay/anthelios-uvmune-400-invisible-fluid-tum-cilt-tipleri-icin-yuksek-koruma-spf50-yuz-gunes-kremi-50ml-p-5770567?boutiqueId=61&merchantId=1315683
kozmetik:kozmetik-vitrini,446,446,114,40.5,20.8,178722343,104886,178722343:104886,Missha Avantajlı Pirinç Özlü Aydınlatıcı ve Nemlendirici Yaprak Maske Seti (5ad) Airy Fit Sheet Mask Rice,Missha,,277.97,,-0.5,InStock,Son 3 günde 500+ ürün satıldı!,3,500,166.7,4.6,,,,[],,listing_only,,https://www.trendyol.com/missha/avantajli-pirinc-ozlu-aydinlatici-ve-nemlendirici-yaprak-maske-seti-5ad-airy-fit-sheet-mask-rice-p-178722343?boutiqueId=61&merchantId=104886
kozmetik:kozmetik-vitrini,494,494,-134,40.5,12,7142353,1155933,7142353:1155933,TTO Yüz Temizleme Jeli Akneye ve Kızarıklığa Eğilimli Ciltler 200 ml Çay Ağacı Yağı Hassas Ciltler,TTO,,579,629,,InStock,Son 3 günde 250+ ürün satıldı!,3,250,83.3,4.5,,,,"[""Kargo Bedava""]",,listing_only,,https://www.trendyol.com/tto/yuz-temizleme-jeli-akneye-ve-kizarikliga-egilimli-ciltler-200-ml-cay-agaci-yagi-hassas-ciltler-p-7142353?boutiqueId=61&merchantId=1155933
kozmetik:kozmetik-vitrini,70,70,-30,40.4,20.8,354236050,145234,354236050:145234,S'GLAM Transparan Pudra (Baking Powder),S'GLAM Transparan,SGLAM,419,,0,InStock,Son 3 günde 500+ ürün satıldı!,3,500,166.7,4.546511627906977,10221,-1,2676,"[""Kargo Bedava""]",,refreshed,0,https://www.trendyol.com/s-glam/transparan-pudra-baking-powder-p-354236050?boutiqueId=61&merchantId=145234
kozmetik:kozmetik-vitrini,127,127,86,40.4,20.8,108534731,107109,108534731:107109,Yves Rocher Arındırıcı Siyah Nokta Karşıtı Kömür Maske-Süksinik Asit-Sebo Active Clear Botanik Kompleks-75ml,Yves Rocher,Yves Rocher,699.9,,0,InStock,Son 3 günde 500+ ürün satıldı!,3,500,166.7,4.471529110684581,10200,-18,943,"[""Sepette %25 İndirim"",""Kargo Bedava"",""Son 10 Günün En Düşük Fiyatı""]",21 saat 52 dakika içinde sipariş verirsen Yarın kargoda,refreshed,0,https://www.trendyol.com/yves-rocher/arindirici-siyah-nokta-karsiti-komur-maske-suksinik-asit-sebo-active-clear-botanik-kompleks-75ml-p-108534731?boutiqueId=61&merchantId=107109
kozmetik:kozmetik-vitrini,132,132,2,40.4,20.8,146981093,164987,146981093:164987,"The Purest Solutions Arındırıcı ve Aydınlatıcı Enzim Toz Peeling 55 gr (%0,6 Azelaic Acid & Malic Acid)",The Purest Solutions,The Purest Solutions,499.9,,8.4,InStock,Son 3 günde 500+ ürün satıldı!,3,500,166.7,4.586687947035526,10076,-25,6414,"[""Kargo Bedava""]",21 saat 52 dakika içinde sipariş verirsen yarın kargoda!,refreshed,0,https://www.trendyol.com/the-purest-solutions/arindirici-ve-aydinlatici-enzim-toz-peeling-55-gr-0-6-azelaic-acid-malic-acid-p-146981093?boutiqueId=61&merchantId=164987
kozmetik:kozmetik-vitrini,345,345,-116,40.4,20.8,190898590,736424,190898590:736424,Licape Çay Ağacı Özlü Yüz Temizleme Jeli 400ml,Licape,Licape,425,,-28,InStock,Son 3 günde 500+ ürün satıldı!,3,500,166.7,4.5,10295,0,1948,"[""Kargo Bedava""]",,carried_forward,2,https://www.trendyol.com/licape/cay-agaci-ozlu-yuz-temizleme-jeli-400ml-p-190898590?boutiqueId=61&merchantId=736424
kozmetik:kozmetik-vitrini,647,647,-52,40.4,47.9,843306899,791156,843306899:791156,"Ceelini El ve Ayak Tırnak Bakım Serumu Çay Ağacı , Salisik Asit Özlü Serum 30 ml",Ceelini,The Ceel,297.11,,25.5,InStock,Son 3 günde 1B+ ürün satıldı!,3,1000,333.3,4.4,933,0,357,[],11 saat 57 dakika içinde sipariş verirsen en geç yarın kargoda!,carried_forward,3,https://www.trendyol.com/ceelini/el-ve-ayak-tirnak-bakim-serumu-cay-agaci-salisik-asit-ozlu-serum-30-ml-p-843306899?boutiqueId=61&merchantId=791156
kozmetik:kozmetik-vitrini,283,283,-62,40.3,23.4,409911,4473,409911:4473,Flormar Mat Bitişli Suya Dayanıklı Göz Kalemi (SİYAH) - Waterproof Eyeliner - 101 Black Ice - 8690604109012,Flormar,Flormar,189.99,199,0,InStock,Son 3 günde 500+ ürün satıldı!,3,500,166.7,4.293820933165195,2689,2,178,"[""Son 10 Günün En Düşük Fiyatı"",""Kargo Bedava"",""Son 10 günün en düşük fiyatı"",""Trendyol Plus'a Özel""]",21 saat 50 dakika içinde sipariş verirsen yarın kargoda!,refreshed,0,https://www.trendyol.com/flormar/mat-bitisli-suya-dayanikli-goz-kalemi-siyah-waterproof-eyeliner-101-black-ice-8690604109012-p-409911?boutiqueId=61&merchantId=4473
kozmetik:kozmetik-vitrini,385,385,-115,40.3,21.6,372016846,164987,372016846:164987,The Purest Solutions Kuru ve Karma Ciltler için Nemlendirici ve Bariyer Onarıcı Temizleme Jeli 200 ml,The Purest Solutions,The Purest Solutions,288.44,296.59,0,InStock,Son 3 günde 500+ ürün satıldı!,3,500,166.7,4.5,4513,0,2038,"[""Son 10 Günün En Düşük Fiyatı""]",,carried_forward,2,https://www.trendyol.com/the-purest-solutions/kuru-ve-karma-ciltler-icin-nemlendirici-ve-bariyer-onarici-temizleme-jeli-200-ml-p-372016846?boutiqueId=61&merchantId=164987
kozmetik:kozmetik-vitrini,481,481,139,40.2,10.4,6796839,105053,6796839:105053,Avon Celebre Kadın Parfüm Edt 50 Ml.,Avon,,374.9,393.9,,InStock,Son 3 günde 250+ ürün satıldı!,3,250,83.3,4.5,,,,"[""Kargo Bedava"",""Son 10 Günün En Düşük Fiyatı""]",,listing_only,,https://www.trendyol.com/avon/celebre-kadin-parfum-edt-50-ml-p-6796839?boutiqueId=61&merchantId=105053
kozmetik:kozmetik-vitrini,156,156,454,40.1,25.5,834880690,1194314,834880690:1194314,WOU World of Unique Wou Şekillendirici Jel Tarak 260 ml,WOU World of Unique,Kozfa Store,198.5,212.24,,InStock,Son 3 günde 500+ ürün satıldı!,3,500,166.7,4.182022471910113,1456,,327,"[""Son 10 Günün En Düşük Fiyatı"",""Sepette %30 İndirim"",""485,67 TL Kupon"",""150,38 TL Kupon"",""Kargo Bedava"",""Son 10 günün en düşük fiyatı"",""Trendyol Plus'a Özel""]",21 saat 52 dakika içinde sipariş verirsen Yarın kargoda,refreshed,0,https://www.trendyol.com/wou-world-of-unique/wou-sekillendirici-jel-tarak-260-ml-p-834880690?boutiqueId=61&merchantId=1194314
kozmetik:kozmetik-vitrini,234,234,,40.1,10.6,988039626,164987,988039626:164987,"The Purest Solutions Cilt Tonu Eşitleyici & Leke Karşıtı Serum Fondöten SPF 50+, 30 ml – Açık / Orta Ton",The Purest Solutions,The Purest Solutions,341.05,429.9,,InStock,,,,,3.8641509433962264,266,,153,"[""Son 10 Günün En Düşük Fiyatı"",""Süper Fırsat Ürünü"",""Kargo Bedava"",""Son 10 günün en düşük fiyatı""]",,refreshed,0,https://www.trendyol.com/the-purest-solutions/cilt-tonu-esitleyici-leke-karsiti-serum-fondoten-spf-50-30-ml-acik-orta-ton-p-988039626?boutiqueId=61&merchantId=164987
kozmetik:kozmetik-vitrini,442,442,58,39.9,20.8,103384378,107819,103384378:107819,"Garnier Micellar Makyaj Temizleme Suyu 200ML, 24 Saat Nemlendirme, Hassas Ciltler,Vegan&Cruelty Free",Garnier,L'Oreal,199.9,,0,InStock,Son 3 günde 500+ ürün satıldı!,3,500,166.7,4.6,8847,0,433,[],1 saat 50 dakika içinde sipariş verirsen en geç bugün kargoda!,carried_forward,6,https://www.trendyol.com/garnier/micellar-makyaj-temizleme-suyu-200ml-24-saat-nemlendirme-hassas-ciltler-vegan-cruelty-free-p-103384378?boutiqueId=61&merchantId=107819
kozmetik:kozmetik-vitrini,665,665,-14,39.9,20.8,138203087,4473,138203087:4473,Flormar Suya Dayanıklı Jel Göz Kalemi (SİYAH)-extreme Tattoo Gel Pencil-006 Onyx-8682536028882,Flormar,Flormar,349.99,,0,InStock,Son 3 günde 500+ ürün satıldı!,3,500,166.7,4.5,8793,0,637,[],Tahmini Teslim:,carried_forward,5,https://www.trendyol.com/flormar/suya-dayanikli-jel-goz-kalemi-siyah-extreme-tattoo-gel-pencil-006-onyx-8682536028882-p-138203087?boutiqueId=61&merchantId=4473
kozmetik:kozmetik-vitrini,277,277,322,39.8,3.7,4049731,104886,4049731:104886,Missha 3 Kat Güçlü Kirpik Kıvırıcı 3-wave Eyelash Curler,Missha,Missha Türkiye,315.74,364.9,0,InStock,,,,,3.8832684824902723,1922,-3,182,"[""Son 10 Günün En Düşük Fiyatı"",""Sepette %25 İndirim"",""150,06 TL Kupon"",""1.899 TL Kupon"",""159 TL Kupon"",""799 TL Kupon"",""Kargo Bedava"",""Son 10 günün en düşük fiyatı"",""Trendyol Plus'a Özel""]",,refreshed,0,https://www.trendyol.com/missha/3-kat-guclu-kirpik-kivirici-3-wave-eyelash-curler-p-4049731?boutiqueId=61&merchantId=104886
kozmetik:kozmetik-vitrini,521,521,-64,39.8,48.6,1033261181,908896,1033261181:908896,mia klinika Arındırıcı ve Aydınlatıcı Enzim Peeling Toz Temizleyici,mia klinika,Mia Klinika,349,,0,InStock,Son 3 günde 1B+ ürün satıldı!,3,1000,333.3,4.4,772,0,308,[],52 dakika 41 saniye içinde sipariş verirsen en geç bugün kargoda!,carried_forward,17,https://www.trendyol.com/mia-klinika/arindirici-ve-aydinlatici-enzim-peeling-toz-temizleyici-p-1033261181?boutiqueId=61&merchantId=908896
kozmetik:makyaj,44,776,,39.8,23.8,35542117,105053,35542117:105053,Avon True Nourishing Dudak Yağı 7 Ml. Blossom,Avon,AvonShop,319.9,,79.9,InStock,Son 3 günde 500+ ürün satıldı!,3,500,166.7,4.7,8530,0,378,[],,carried_forward,2,https://www.trendyol.com/avon/true-nourishing-dudak-yagi-7-ml-blossom-p-35542117?boutiqueId=61&merchantId=105053
kozmetik:kozmetik-vitrini,518,518,-71,39.7,20.8,475302391,635253,475302391:635253,Mary & May Tranexamic Acid+glutathion Koyu Halka Karşıtı Aydınlatıcı Göz Çevresi Kremi 12 Gr,Mary &,NAD KOZMETİK,689,,90.6,InStock,Son 3 günde 500+ ürün satıldı!,3,500,166.7,4.2,8246,0,2382,"[""Kargo Bedava"",""Son 10 Günün En Düşük Fiyatı""]",21 saat 53 dakika içinde sipariş verirsen en geç yarın kargoda!,carried_forward,3,https://www.trendyol.com/mary-may/tranexamic-acid-glutathion-koyu-halka-karsiti-aydinlatici-goz-cevresi-kremi-12-gr-p-475302391?boutiqueId=61&merchantId=635253
kozmetik:kozmetik-vitrini,52,52,,39.6,5.4,4050554,104886,4050554:104886,Missha Nemli Ve Pürüzsüz Görünüm Sunan Cushion Fondöten Magic Cushion Moist Up SPF 50+/PA+++ (No.23),Missha,Missha Türkiye,505.66,594.9,,InStock,,,,,4.393355801636976,1178,,1053,"[""Kargo Bedava"",""Son 10 Günün En Düşük Fiyatı"",""Son 10 günün en düşük fiyatı""]",,refreshed,0,https://www.trendyol.com/missha/nemli-ve-puruzsuz-gorunum-sunan-cushion-fondoten-magic-cushion-moist-up-spf-50-pa-no-23-p-4050554?boutiqueId=61&merchantId=104886
kozmetik:kozmetik-vitrini,109,109,-66,39.6,48.7,971697551,830154,971697551:830154,CALLİEL Leke Karşıtı Ton Eşitleyici ve Gözenek Sıkılaştırıcı Bakım Seti,CALLİEL,Calliel,434.68,,8.1,InStock,Son 3 günde 1B+ ürün satıldı!,3,1000,333.3,4.266294227188081,732,6,495,"[""Kargo Bedava"",""Trendyol Plus'a Özel""]",,refreshed,0,https://www.trendyol.com/calliel/leke-karsiti-ton-esitleyici-ve-gozenek-sikilastirici-bakim-seti-p-971697551?boutiqueId=61&merchantId=830154
kozmetik:kozmetik-vitrini,447,447,-98,39.4,12.2,1068395,571412,1068395:571412,"NIVEA Kuru Ciltler için Besleyici ve Nemlendirici Vücut Sütü 400 ml,Büyük Boy",NIVEA,NIVEA,235.42,253.14,3.3,InStock,Son 3 günde 250+ ürün satıldı!,3,250,83.3,4.6,3378,0,562,"[""Sepette %7 İndirim""]",11 saat 50 dakika içinde sipariş verirsen en geç yarın kargoda!,carried_forward,4,https://www.trendyol.com/nivea/kuru-ciltler-icin-besleyici-ve-nemlendirici-vucut-sutu-400-ml-buyuk-boy-p-1068395?boutiqueId=61&merchantId=571412
kozmetik:makyaj,42,774,-2,39.4,24.8,870668810,891275,870668810:891275,"Kremi Dudak Bakım Parlatıcı Lip Balm Coffee, Kahve, Nemlendirici, Peptit, Seramid, E Vitamini 13ml",Kremi,,199.9,,0,InStock,Son 3 günde 500+ ürün satıldı!,3,500,166.7,4.5,,,,[],,listing_only,,https://www.trendyol.com/kremi/dudak-bakim-parlatici-lip-balm-coffee-kahve-nemlendirici-peptit-seramid-e-vitamini-13ml-p-870668810?boutiqueId=61&merchantId=891275
kozmetik:kozmetik-vitrini,189,189,101,39.3,21.8,1068907,214643,1068907:214643,Bioderma Sensibio H2O Hassas ve Normal Ciltler için Micellar Arındırıcı Makyaj Temizleme Suyu 500 ML,Bioderma,Farmakozmetika Sağlık Ürünleri,979,999,-2,InStock,Son 3 günde 500+ ürün satıldı!,3,500,166.7,4.688204456094365,4208,-6,2038,"[""Kargo Bedava"",""Son 10 Günün En Düşük Fiyatı"",""Son 10 günün en düşük fiyatı""]",21 saat 51 dakika içinde sipariş verirsen yarın kargoda!,refreshed,0,https://www.trendyol.com/bioderma/sensibio-h2o-hassas-ve-normal-ciltler-icin-micellar-arindirici-makyaj-temizleme-suyu-500-ml-p-1068907?boutiqueId=61&merchantId=214643
kozmetik:kozmetik-vitrini,269,269,191,39.3,49,917751067,361197,917751067:361197,Dr.Melaxin Kırışıklık Karşıtı & Sıkılaştırıcı Rebornic Teknolojili Kalsiyum | Yüz & Göz Çevresi Kremi 50ml,Dr.Melaxin,7co,1392.56,,6.8,InStock,Son 3 günde 1B+ ürün satıldı!,3,1000,333.3,4.5497237569060776,675,21,463,"[""Kargo Bedava""]",,refreshed,0,https://www.trendyol.com/dr-melaxin/kirisiklik-karsiti-sikilastirici-rebornic-teknolojili-kalsiyum-yuz-goz-cevresi-kremi-50ml-p-917751067?boutiqueId=61&merchantId=361197
kozmetik:kozmetik-vitrini,618,618,-110,39.3,49,1129696830,1058193,1129696830:1058193,Ph Lab pHLab Micro Spicule Retinal PDRN Shot,Ph Lab,pH Lab,809,,0,InStock,Son 3 günde 1B+ ürün satıldı!,3,1000,333.3,4.4,674,0,594,"[""Kargo Bedava""]",Tahmini Teslim:,carried_forward,25,https://www.trendyol.com/ph-lab/phlab-micro-spicule-retinal-pdrn-shot-p-1129696830?boutiqueId=61&merchantId=1058193
kozmetik:kozmetik-vitrini,333,333,47,39.2,20.8,47215147,571412,47215147:571412,"NIVEA Q10 Sıkılaştırıcı Vücut Losyonu 250ml, 7 Günde Sıkılaştırıcı, C Vitamini, Nemlendirici, X2 Adet",NIVEA,NIVEA,251.33,,0,InStock,Son 3 günde 500+ ürün satıldı!,3,500,166.7,4.6,7274,0,2296,[],Tahmini Teslim:,carried_forward,5,https://www.trendyol.com/nivea/q10-sikilastirici-vucut-losyonu-250ml-7-gunde-sikilastirici-c-vitamini-nemlendirici-x2-adet-p-47215147?boutiqueId=61&merchantId=571412
kozmetik:makyaj,62,794,-3,39.1,20.8,870669244,891275,870669244:891275,"Kremi Dudak Bakım Parlatıcı Lip Balm Kırmızı, Çilek, Nemlendirici, Peptit, Seramid, E Vitamini 13ml",Kremi,,199.9,,0,InStock,Son 3 günde 500+ ürün satıldı!,3,500,166.7,4.6,,,,[],,listing_only,,https://www.trendyol.com/kremi/dudak-bakim-parlatici-lip-balm-kirmizi-cilek-nemlendirici-peptit-seramid-e-vitamini-13ml-p-870669244?boutiqueId=61&merchantId=891275
kozmetik:makyaj,186,918,,39.1,0,647438499,1122035,647438499:1122035,New Well Sıvı Allık (sedefli) No03,New Well,,185.94,199.9,0,InStock,,,,,4.4,,,,"[""Son 10 Günün En Düşük Fiyatı""]",,listing_only,,https://www.trendyol.com/new-well/sivi-allik-sedefli-no03-p-647438499?boutiqueId=61&merchantId=1122035
kozmetik:kozmetik-vitrini,38,38,,39,19.4,1186114580,4473,1186114580:4473,Flormar Extreme Tattoo Uzun Süre Sabitleyici Etkili Transparan Jel Kaş Wax'ı,Flormar,Flormar,399.99,489.99,-18.4,InStock,,,,,3.9525547445255476,119,,8,"[""Kargo Bedava"",""Son 10 Günün En Düşük Fiyatı"",""Süper Fırsat Ürünü"",""Trendyol Plus'a Özel""]",21 saat 54 dakika içinde sipariş verirsen yarın kargoda!,refreshed,0,https://www.trendyol.com/flormar/extreme-tattoo-uzun-sure-sabitleyici-etkili-transparan-jel-kas-wax-i-p-1186114580?boutiqueId=61&merchantId=4473
kozmetik:kozmetik-vitrini,66,66,19,39,20.8,99009180,104886,99009180:104886,"Missha Meyve Özlü, Nemli ve Parlak Bitişli, Doğal Görünümlü Likit Allık Juicy-Pang Water Blusher (SPK01)",Missha,Missha Türkiye,298.93,,-0.3,InStock,Son 3 günde 500+ ürün satıldı!,3,500,166.7,4.518824276512746,6712,3,620,"[""Kargo Bedava""]",,refreshed,0,https://www.trendyol.com/missha/meyve-ozlu-nemli-ve-parlak-bitisli-dogal-gorunumlu-likit-allik-juicy-pang-water-blusher-spk01-p-99009180?boutiqueId=61&merchantId=104886
kozmetik:kozmetik-vitrini,402,402,-73,39,15.4,881145362,164987,881145362:164987,The Purest Solutions Siyah Nokta Karşıtı Yağlı Ciltler İçin Salisilik Asit Arındırıcı Temizleme Jeli 400 ml,The Purest Solutions,,421.39,467.17,0,InStock,Son 3 günde 250+ ürün satıldı!,3,250,83.3,4.6,,,,"[""Kargo Bedava"",""Son 10 Günün En Düşük Fiyatı""]",,listing_only,,https://www.trendyol.com/the-purest-solutions/siyah-nokta-karsiti-yagli-ciltler-icin-salisilik-asit-arindirici-temizleme-jeli-400-ml-p-881145362?boutiqueId=61&merchantId=164987
kozmetik:kozmetik-vitrini,335,335,42,38.9,20.8,851615150,107302,851615150:107302,Sinoz Pink Touch Anında Ton Eşitleyici Leke Karşıtı SPF50+ Pembe Sıvı Yüz Güneş Kremi PA++++ 50ml,Sinoz,Sinoz Kozmetik,489,,15.5,InStock,Son 3 günde 500+ ürün satıldı!,3,500,166.7,4.4,6613,0,2443,"[""Kargo Bedava""]",11 saat 51 dakika içinde sipariş verirsen en geç yarın kargoda!,carried_forward,10,https://www.trendyol.com/sinoz/pink-touch-aninda-ton-esitleyici-leke-karsiti-spf50-pembe-sivi-yuz-gunes-kremi-pa-50ml-p-851615150?boutiqueId=61&merchantId=107302
kozmetik:kozmetik-vitrini,33,33,-5,38.8,13.7,1178126,109236,1178126:109236,Estee Lauder Double Wear Stay-in-Place Fondöten SPF10 Canlı Mat Bitiş (2N1 DESERT BEIGE) 30ml,Estee Lauder,ESTEE LAUDER,3810,,0,InStock,,,,,4.462040816326531,1271,1,504,"[""Sepette %30 İndirim"",""Kargo Bedava""]",,refreshed,0,https://www.trendyol.com/estee-lauder/double-wear-stay-in-place-fondoten-spf10-canli-mat-bitis-2n1-desert-beige-30ml-p-1178126?boutiqueId=61&merchantId=109236
kozmetik:kozmetik-vitrini,262,262,15,38.8,35.9,1174688260,1019054,1174688260:1019054,Lunova Anında Işıltı ve Gün Boyu Yoğun Nemlendirici Yüz Spreyi | Seramid Kompleksi Face Mist Therapy | 50ml,Lunova,Lunova Skin,490,580,0,InStock,Son 3 günde 500+ ürün satıldı!,3,500,166.7,4.698275862068965,73,4,34,"[""Kargo Bedava"",""Son 10 Günün En Düşük Fiyatı"",""Süper Fırsat Ürünü"",""Trendyol Plus'a Özel""]",,refreshed,0,https://www.trendyol.com/lunova/aninda-isilti-ve-gun-boyu-yogun-nemlendirici-yuz-spreyi-seramid-kompleksi-face-mist-therapy-50ml-p-1174688260?boutiqueId=61&merchantId=1019054
kozmetik:kozmetik-vitrini,458,458,168,38.8,21.8,3748255,149326,3748255:149326,CeraVe Kuru ve Çok Kuru Ciltler için Seramid & Hyalüronik Asit İçeren Nemlendirici Yüz & Vücut Kremi 340 gr,CeraVe,CeraVe,889,902,,InStock,Son 3 günde 500+ ürün satıldı!,3,500,166.7,4.4,4300,0,2217,"[""Kargo Bedava"",""Son 10 Günün En Düşük Fiyatı""]",2 saat 45 dakika içinde sipariş verirsen en geç bugün kargoda!,carried_forward,7,https://www.trendyol.com/cerave/kuru-ve-cok-kuru-ciltler-icin-seramid-hyaluronik-asit-iceren-nemlendirici-yuz-vucut-kremi-340-gr-p-3748255?boutiqueId=61&merchantId=149326
kozmetik:makyaj,143,875,111,38.7,1.6,2913247,107819,2913247:107819,Maybelline New York Super Stay Matte Ink Unnude Likit Mat Ruj - 70 Amazonian - Kahverengi,Maybelline New York,,577.46,643.46,0,InStock,,,,,4.7,,,,"[""86 TL Kupon"",""Son 10 Günün En Düşük Fiyatı""]",,listing_only,,https://www.trendyol.com/maybelline-new-york/super-stay-matte-ink-unnude-likit-mat-ruj-70-amazonian-kahverengi-p-2913247?boutiqueId=61&merchantId=107819
kozmetik:kozmetik-vitrini,287,287,-7,38.6,22.7,2505392,245935,2505392:245935,Avene Cleanance Yağlı ve Akneye Eğilimli Ciltler için Matlaştırıcı Yüz Temizleme Jeli 400 ml,Avene,Kozvit,582,595,0,InStock,Son 3 günde 500+ ürün satıldı!,3,500,166.7,4.536532352449423,3258,-1,1452,"[""Kargo Bedava"",""Son 10 Günün En Düşük Fiyatı"",""Son 10 günün en düşük fiyatı""]",21 saat 50 dakika içinde sipariş verirsen yarın kargoda!,refreshed,0,https://www.trendyol.com/avene/cleanance-yagli-ve-akneye-egilimli-ciltler-icin-matlastirici-yuz-temizleme-jeli-400-ml-p-2505392?boutiqueId=61&merchantId=245935
kozmetik:kozmetik-vitrini,372,372,-94,38.6,6.4,774102071,885839,774102071:885839,FRANKLY CICAHAE Centella Asiatica İçeren Nemlendirici ve Yatıştırıcı Güneş Kremi SPF50+ PA++++ 50 mL,FRANKLY,Frankly Türkiye,789.65,929,-15,InStock,,,,,4.7,878,0,530,"[""Sepette %15 İndirim"",""Kargo Bedava""]",Tahmini Teslim:,carried_forward,12,https://www.trendyol.com/frankly/cicahae-centella-asiatica-iceren-nemlendirici-ve-yatistirici-gunes-kremi-spf50-pa-50-ml-p-774102071?boutiqueId=61&merchantId=885839
kozmetik:kozmetik-vitrini,296,296,239,38.5,21.8,369709924,111600,369709924:111600,COSMED Koltukaltı Leke Karşıtı - Ter Kokusu Önleyici Deodorant/Alight DEODORANT DRY SERUM 50ML,COSMED,Cosmed Cosmeceuticals,315,318.43,-2.1,InStock,Son 3 günde 500+ ürün satıldı!,3,500,166.7,4.308255563531945,4296,0,531,"[""Son 10 Günün En Düşük Fiyatı"",""Kargo Bedava"",""Son 10 günün en düşük fiyatı""]",,refreshed,0,https://www.trendyol.com/cosmed/koltukalti-leke-karsiti-ter-kokusu-onleyici-deodorant-alight-deodorant-dry-serum-50ml-p-369709924?boutiqueId=61&merchantId=111600
kozmetik:kozmetik-vitrini,452,452,-138,38.5,20.8,5217311,107819,5217311:107819,L'Oreal Paris Infaillible Tüm Yüze Uygulanabilir Kapatıcı 322 Neutre Concealer,L'Oreal Paris Infaillible,L'Oreal,719.96,,0,InStock,Son 3 günde 500+ ürün satıldı!,3,500,166.7,4.5,5913,0,1108,"[""107 TL Kupon"",""Kargo Bedava""]",21 saat 49 dakika içinde sipariş verirsen en geç yarın kargoda!,carried_forward,3,https://www.trendyol.com/l-oreal-paris/infaillible-tum-yuze-uygulanabilir-kapatici-322-neutre-concealer-p-5217311?boutiqueId=61&merchantId=107819
kozmetik:kozmetik-vitrini,389,389,-63,38.4,20.8,1290709,1115102,1290709:1115102,Morfose Saç Spreyi Ultra Strong 400 ml,Morfose,EMEK TOPTAN GROSS,182,,1.2,InStock,Son 3 günde 500+ ürün satıldı!,3,500,166.7,4.6,5747,0,1045,"[""Son 10 Günün En Düşük Fiyatı""]",12 saat 49 dakika içinde sipariş verirsen en geç bugün kargoda!,carried_forward,3,https://www.trendyol.com/morfose/sac-spreyi-ultra-strong-400-ml-p-1290709?boutiqueId=61&merchantId=1115102
kozmetik:kozmetik-vitrini,624,624,-51,38.4,20.8,777619668,1194314,777619668:1194314,"WOU World of Unique Stick Krem, Koltuk Altı Terleme Önleyici 48 Saat Etkin Koruma Vegan, Kadın Koltuk Altı Stick 75ml",WOU World of Unique,WOU World of Unique,205.61,,0,InStock,Son 3 günde 500+ ürün satıldı!,3,500,166.7,4.4,5732,0,801,[],Tahmini Teslim:,carried_forward,4,https://www.trendyol.com/wou-world-of-unique/stick-krem-koltuk-alti-terleme-onleyici-48-saat-etkin-koruma-vegan-kadin-koltuk-alti-stick-75ml-p-777619668?boutiqueId=61&merchantId=1194314
kozmetik:makyaj,47,779,,38.3,22.4,778803362,365501,778803362:365501,La Roche Posay Yağlı ve Akneye Eğilimli Ciltler İçin Effaclar Yüz Temizleme Jeli Yeniden Dolum Paketi- Refill 400ml,La Roche Posay,,899.9,,,InStock,Son 3 günde 500+ ürün satıldı!,3,500,166.7,4.7,,,,"[""Kargo Bedava""]",,listing_only,,https://www.trendyol.com/la-roche-posay/yagli-ve-akneye-egilimli-ciltler-icin-effaclar-yuz-temizleme-jeli-yeniden-dolum-paketi-refill-400ml-p-778803362?boutiqueId=61&merchantId=365501
kozmetik:kozmetik-vitrini,342,342,243,38.2,20.9,810237451,969326,810237451:969326,Flormar Doğal Bitişli Kapatıcı (SOĞUK ALT TON) - Stay Perfect Concealer - 001 Fair -8682536085441,Flormar,TWİN BEAUTY,399,,,InStock,Son 3 günde 500+ ürün satıldı!,3,500,166.7,4.4,,,571,"[""Kargo Bedava""]",11 saat 53 dakika içinde sipariş verirsen en geç yarın kargoda!,carried_forward,18,https://www.trendyol.com/flormar/dogal-bitisli-kapatici-soguk-alt-ton-stay-perfect-concealer-001-fair-8682536085441-p-810237451?boutiqueId=61&merchantId=969326
kozmetik:kozmetik-vitrini,401,401,-7,38.2,12.7,510499,108358,510499:108358,Kalyon Tırnak Besleyici,Kalyon,ÇİZGİ KOZMETİK,187.4,199.9,0,InStock,Son 3 günde 250+ ürün satıldı!,3,250,83.3,4.6,2889,0,579,"[""Son 10 Günün En Düşük Fiyatı""]",11 saat 51 dakika içinde sipariş verirsen en geç yarın kargoda!,carried_forward,4,https://www.trendyol.com/kalyon/tirnak-besleyici-p-510499?boutiqueId=61&merchantId=108358
kozmetik:makyaj,193,925,-69,38.2,2.9,820165977,107819,820165977:107819,L'Oreal Paris Glotion All-ın-one Doğal Işıltı 903 - Medium Glow 40 ml,L'Oreal Paris Glotion,,599.9,674.96,0,InStock,,,,,4.5,,,,"[""89 TL Kupon"",""Son 10 Günün En Düşük Fiyatı""]",,listing_only,,https://www.trendyol.com/l-oreal-paris/glotion-all-in-one-dogal-isilti-903-medium-glow-40-ml-p-820165977?boutiqueId=61&merchantId=107819
kozmetik:kozmetik-vitrini,304,304,30,38.1,21.1,104587791,333578,104587791:333578,Muson Natural Illumination Foundation - Light.30 ml,Muson,MUSON,710.75,,0,InStock,Son 3 günde 500+ ürün satıldı!,3,500,166.7,4.4,5222,0,1810,"[""Kargo Bedava""]",Tahmini Teslim:,carried_forward,5,https://www.trendyol.com/muson/natural-illumination-foundation-light-30-ml-p-104587791?boutiqueId=61&merchantId=333578
kozmetik:kozmetik-vitrini,417,417,-219,38.1,21,34176565,383473,34176565:383473,Görkito Makyaj Süngeri,Görkito,Görkito,249.9,,2,InStock,Son 3 günde 500+ ürün satıldı!,3,500,166.7,4.6,5289,0,312,[],,carried_forward,2,https://www.trendyol.com/gorkito/makyaj-sungeri-p-34176565?boutiqueId=61&merchantId=383473
kozmetik:kozmetik-vitrini,562,562,154,38.1,10.4,302153143,712258,302153143:712258,Agarta Doğal Misvak Özlü Diş Macunu 100 ml,Agarta,XPECTUS,162,167,-3,InStock,Son 3 günde 250+ ürün satıldı!,3,250,83.3,4.5,7324,0,1193,"[""Son 10 Günün En Düşük Fiyatı""]",11 saat 52 dakika içinde sipariş verirsen en geç yarın kargoda!,carried_forward,22,https://www.trendyol.com/agarta/dogal-misvak-ozlu-dis-macunu-100-ml-p-302153143?boutiqueId=61&merchantId=712258
kozmetik:kozmetik-vitrini,267,267,-9,38,21.2,32097172,105153,32097172:105153,L'Oreal Paris L'Oréal Paris True Match Bakım Yapan Fondöten 1N IVORY,L'Oreal Paris,Daily Glow Shop,735,,0,InStock,Son 3 günde 500+ ürün satıldı!,3,500,166.7,4.369754552652415,5119,3,1717,"[""Kargo Bedava""]",21 saat 50 dakika içinde sipariş verirsen Yarın kargoda,refreshed,0,https://www.trendyol.com/l-oreal-paris/l-oreal-paris-true-match-bakim-yapan-fondoten-1n-ivory-p-32097172?boutiqueId=61&merchantId=105153
kozmetik:kozmetik-vitrini,437,437,120,37.8,12.4,1058507,105008,1058507:105008,Bioderma Sebium Lotion Salisilik Asit İçeren Gözenek Sıkılaştırıcı Siyah Nokta Karşıtı Tonik 200 ml,Bioderma,Sachane,839,889,0,InStock,Son 3 günde 250+ ürün satıldı!,3,250,83.3,4.5,3216,0,2415,"[""Kargo Bedava"",""Son 10 Günün En Düşük Fiyatı""]",Tahmini Teslim:,carried_forward,12,https://www.trendyol.com/bioderma/sebium-lotion-salisilik-asit-iceren-gozenek-sikilastirici-siyah-nokta-karsiti-tonik-200-ml-p-1058507?boutiqueId=61&merchantId=105008
kozmetik:kozmetik-vitrini,236,236,-28,37.7,21.5,831398103,148155,831398103:148155,BAHELS Papatya Desen Makyaj Çantası,BAHELS,BAHELS,137.1,,0,InStock,Son 3 günde 500+ ürün satıldı!,3,500,166.7,4.53409669211196,4658,6,285,"[""Kargo Bedava""]",,refreshed,0,https://www.trendyol.com/bahels/papatya-desen-makyaj-cantasi-p-831398103?boutiqueId=61&merchantId=148155
kozmetik:kozmetik-vitrini,451,451,32,37.6,21.5,659630648,107302,659630648:107302,Sinoz Yağlı ve Karma Ciltler İçin Sebum Dengeleyici Yüz Temizleme Jeli 400 ml,Sinoz,Sinoz Kozmetik,359,,4.2,InStock,Son 3 günde 500+ ürün satıldı!,3,500,166.7,4.5,4600,0,1354,"[""Kargo Bedava""]",11 saat 51 dakika içinde sipariş verirsen en geç yarın kargoda!,carried_forward,21,https://www.trendyol.com/sinoz/yagli-ve-karma-ciltler-icin-sebum-dengeleyici-yuz-temizleme-jeli-400-ml-p-659630648?boutiqueId=61&merchantId=107302
kozmetik:kozmetik-vitrini,272,272,-61,37.4,21.8,4380989,4473,4380989:4473,Flormar Suya Dayanıklı Dudak Kalemi (KAHVE) - Waterproof Lipliner - 244 Chocolate Fondue - 8690604567591,Flormar,Flormar,189.99,,0,InStock,Son 3 günde 500+ ürün satıldı!,3,500,166.7,4.638303341902313,4283,2,101,"[""Sepette %30 İndirim"",""Kargo Bedava""]",21 saat 50 dakika içinde sipariş verirsen yarın kargoda!,refreshed,0,https://www.trendyol.com/flormar/suya-dayanikli-dudak-kalemi-kahve-waterproof-lipliner-244-chocolate-fondue-8690604567591-p-4380989?boutiqueId=61&merchantId=4473
kozmetik:kozmetik-vitrini,577,577,-114,37.4,10.4,641085197,107819,641085197:107819,L'Oreal Paris SPF 50+ UV Korumalı Aydınlatıcı C ve E Vitaminleri İçeren Yüz Güneş Kremi 50ml,L'Oreal Paris SPF,L'Oreal,599,,0,InStock,Son 3 günde 250+ ürün satıldı!,3,250,83.3,4.6,14221,0,3083,"[""89 TL Kupon""]",11 saat 51 dakika içinde sipariş verirsen en geç yarın kargoda!,carried_forward,4,https://www.trendyol.com/l-oreal-paris/spf-50-uv-korumali-aydinlatici-c-ve-e-vitaminleri-iceren-yuz-gunes-kremi-50ml-p-641085197?boutiqueId=61&merchantId=107819
kozmetik:makyaj,57,789,,37.3,21.8,267748711,1333694,267748711:1333694,Beauty of Joseon Relief Sun Rice Probiotics Spf 50 Pa Aydınlatıcı Kimyasal Filtreli Uv Koruyucu Güneş Kremi 50ml,Beauty of Joseon,,649,,,InStock,Son 3 günde 500+ ürün satıldı!,3,500,166.7,4.5,,,,"[""Kargo Bedava""]",,listing_only,,https://www.trendyol.com/beauty-of-joseon/relief-sun-rice-probiotics-spf-50-pa-aydinlatici-kimyasal-filtreli-uv-koruyucu-gunes-kremi-50ml-p-267748711?boutiqueId=61&merchantId=1333694
kozmetik:makyaj,77,809,-9,37.3,10.4,81492615,105153,81492615:105153,Maybelline New York Lash Sensational Sky High Maskara - Kirpiklerde Limitsiz Uzunluk ve Hacim Etkisi,Maybelline New York,,550,,0,InStock,Son 3 günde 250+ ürün satıldı!,3,250,83.3,4.5,,,721,"[""Kargo Bedava""]",11 saat 56 dakika içinde sipariş verirsen en geç yarın kargoda!,carried_forward,17,https://www.trendyol.com/maybelline-new-york/lash-sensational-sky-high-maskara-kirpiklerde-limitsiz-uzunluk-ve-hacim-etkisi-p-81492615?boutiqueId=61&merchantId=105153
kozmetik:kozmetik-vitrini,79,79,-20,37.1,22,178645665,107819,178645665:107819,L'Oreal Paris L'oréal Paris Revitalift Filler Dolgunlaştırıcı Tonik 200ml - Hyaluronik Asit,L'Oreal Paris,L'Oreal,112.45,,0,InStock,Son 3 günde 500+ ürün satıldı!,3,500,166.7,4.507980266976205,3968,0,643,"[""16 TL Kupon"",""Kargo Bedava""]",21 saat 53 dakika içinde sipariş verirsen Yarın kargoda,refreshed,0,https://www.trendyol.com/l-oreal-paris/l-oreal-paris-revitalift-filler-dolgunlastirici-tonik-200ml-hyaluronik-asit-p-178645665?boutiqueId=61&merchantId=107819
kozmetik:kozmetik-vitrini,223,223,70,37.1,0,754863810,126383,754863810:126383,KOREACO Aha & Bha Canlandırıcı & Gözenek Sıkılaştırıcı Ve Nemlendirici (AHA%10-BHA%2) Ampoule,KOREACO,KOREACO,295,299,0,InStock,,,,,3.990145201027415,29948,1,10000,"[""Son 10 Günün En Düşük Fiyatı"",""Kargo Bedava"",""Trendyol Plus'a Özel""]",21 saat 51 dakika içinde sipariş verirsen yarın kargoda!,refreshed,0,https://www.trendyol.com/koreaco/aha-bha-canlandirici-gozenek-sikilastirici-ve-nemlendirici-aha-10-bha-2-ampoule-p-754863810?boutiqueId=61&merchantId=126383
kozmetik:kozmetik-vitrini,245,245,-38,37.1,22.1,167751697,908896,167751697:908896,mia klinika Akneli Sivilceli ve Yağlı Ciltler İçin Bariyer Güçlendirici Nemlendirici Krem,mia klinika,Mia Klinika,289,,0,InStock,Son 3 günde 500+ ürün satıldı!,3,500,166.7,4.255181736257134,3907,-2,3720,"[""Kargo Bedava"",""Trendyol Plus'a Özel""]",,refreshed,0,https://www.trendyol.com/mia-klinika/akneli-sivilceli-ve-yagli-ciltler-icin-bariyer-guclendirici-nemlendirici-krem-p-167751697?boutiqueId=61&merchantId=908896
kozmetik:kozmetik-vitrini,366,366,79,37.1,22,205456960,650379,205456960:650379,Barulab Greentea Hyrdo Calming Sun Cream - Yeşil Çaylı Kimyasal Filtreli Güneş Kremi 60ml,Barulab,Ledoria Kozmetik,599,,0.8,InStock,Son 3 günde 500+ ürün satıldı!,3,500,166.7,4.7,3975,0,1518,"[""Kargo Bedava""]",11 saat 52 dakika içinde sipariş verirsen en geç yarın kargoda!,carried_forward,17,https://www.trendyol.com/barulab/greentea-hyrdo-calming-sun-cream-yesil-cayli-kimyasal-filtreli-gunes-kremi-60ml-p-205456960?boutiqueId=61&merchantId=650379
kozmetik:kozmetik-vitrini,507,507,-78,37.1,22.1,128207285,953676,128207285:953676,Flormar Nemlendirici Parlak Ruj- Sheer Up Lipstick - 003 Pinky Nude - 8682536012010,Flormar,Favoriyum,349,,,InStock,Son 3 günde 500+ ürün satıldı!,3,500,166.7,4.7,3943,0,181,[],11 saat 53 dakika içinde sipariş verirsen en geç yarın kargoda!,carried_forward,25,https://www.trendyol.com/flormar/nemlendirici-parlak-ruj-sheer-up-lipstick-003-pinky-nude-8682536012010-p-128207285?boutiqueId=61&merchantId=953676
kozmetik:kozmetik-vitrini,95,95,156,37,10.4,1264767,736424,1264767:736424,Flormar Antioksidan İçeren Aydınlatıcı Makyaj Bazı - Illuminating Primer Make-Up Base - 001 - 8690604164660,Flormar,Cansu Beauty,375,,,InStock,Son 3 günde 250+ ürün satıldı!,3,250,83.3,4.394916003536693,12646,-8,1376,"[""Kargo Bedava""]",21 saat 53 dakika içinde sipariş verirsen Yarın kargoda,refreshed,0,https://www.trendyol.com/flormar/antioksidan-iceren-aydinlatici-makyaj-bazi-illuminating-primer-make-up-base-001-8690604164660-p-1264767?boutiqueId=61&merchantId=736424
kozmetik:kozmetik-vitrini,167,167,88,37,10.4,472903893,716097,472903893:716097,Baga Kırmızı Kil Maskesi,Baga,FORNAX,192,,-2.1,InStock,Son 3 günde 250+ ürün satıldı!,3,250,83.3,4.136560757589167,12829,-18,5730,"[""Sepette %7 İndirim"",""Kargo Bedava""]",,refreshed,0,https://www.trendyol.com/baga/kirmizi-kil-maskesi-p-472903893?boutiqueId=61&merchantId=716097
kozmetik:kozmetik-vitrini,586,586,-62,37,10.4,652356011,456514,652356011:456514,IKT Stick Wax Ve Ahşap Topuz Fırçası,IKT,OKUR KOZMETİK,199.99,,0,InStock,Son 3 günde 250+ ürün satıldı!,3,250,83.3,4.1,12648,0,2123,[],11 saat 53 dakika içinde sipariş verirsen en geç yarın kargoda!,carried_forward,23,https://www.trendyol.com/ikt/stick-wax-ve-ahsap-topuz-fircasi-p-652356011?boutiqueId=61&merchantId=456514
kozmetik:makyaj,89,821,5,37,10.4,649396624,105153,649396624:105153,Maybelline New York Lash Sensational Sky High Kahverengi Maskara,Maybelline New York,,609.9,623.28,-2.1,InStock,Son 3 günde 250+ ürün satıldı!,3,250,83.3,4.5,,,,"[""Kargo Bedava"",""Son 10 Günün En Düşük Fiyatı""]",,listing_only,,https://www.trendyol.com/maybelline-new-york/lash-sensational-sky-high-kahverengi-maskara-p-649396624?boutiqueId=61&merchantId=105153
kozmetik:kozmetik-vitrini,339,339,-26,36.9,1.4,39494096,148927,39494096:148927,"Le Petit Professional Lash Lift Kirpik Lifting-Kirpik Perma Seti (Full Set) I Pro Salon Etkisi, Evde 10 Dakikada Lifting & Kaş Laminasyonu",Le Petit Professional Lash Lift,Venzen Cosmetic,549.91,599.91,0,InStock,,,,,4.2,3716,0,1624,"[""Kargo Bedava""]",3 saat 51 dakika içinde sipariş verirsen en geç bugün kargoda!,carried_forward,6,https://www.trendyol.com/le-petit-professional-lash-lift/kirpik-lifting-kirpik-perma-seti-full-set-i-pro-salon-etkisi-evde-10-dakikada-lifting-kas-laminasyonu-p-39494096?boutiqueId=61&merchantId=148927
kozmetik:kozmetik-vitrini,107,107,16,36.8,22.3,31632972,1223110,31632972:1223110,"Bioderma Pigmentbio Sensitive Areas Leke ve Kararma Karşıtı Aydınlatıcı Krem Hassas, Genital Bölgeler 75 ML",Bioderma,The Beuaty Lab,1475,,,InStock,Son 3 günde 500+ ürün satıldı!,3,500,166.7,3.8840019333011115,3659,0,3114,"[""Kargo Bedava""]",21 saat 52 dakika içinde sipariş verirsen Yarın kargoda,refreshed,0,https://www.trendyol.com/bioderma/pigmentbio-sensitive-areas-leke-ve-kararma-karsiti-aydinlatici-krem-hassas-genital-bolgeler-75-ml-p-31632972?boutiqueId=61&merchantId=1223110
kozmetik:kozmetik-vitrini,205,205,66,36.8,7.5,761690347,1081577,761690347:1081577,Golden Rose Long Lasting Lip Pencil - 203 - Dudak Kalemi 3'lü Adet,Golden Rose,Golden Rose,167.2,195.03,,InStock,,,,,4.617670682730924,649,7,75,"[""Son 10 Günün En Düşük Fiyatı"",""Sepette %15 İndirim"",""Kargo Bedava"",""Son 10 günün en düşük fiyatı"",""Trendyol Plus'a Özel""]",21 saat 51 dakika içinde sipariş verirsen Yarın kargoda,refreshed,0,https://www.trendyol.com/golden-rose/long-lasting-lip-pencil-203-dudak-kalemi-3-lu-adet-p-761690347?boutiqueId=61&merchantId=1081577
kozmetik:kozmetik-vitrini,292,292,59,36.8,22.3,806079282,107819,806079282:107819,Maybelline New York Lasting Drama Automatic Liner Göz Kalemi- Brown Sugar Kahverengi,Maybelline New York,L'Oreal,349,,24.7,InStock,Son 3 günde 500+ ürün satıldı!,3,500,166.7,4.5404368358913825,3655,3,156,"[""52 TL Kupon"",""Kargo Bedava"",""Son 10 Günün En Düşük Fiyatı""]",21 saat 50 dakika içinde sipariş verirsen Yarın kargoda,refreshed,0,https://www.trendyol.com/maybelline-new-york/lasting-drama-automatic-liner-goz-kalemi-brown-sugar-kahverengi-p-806079282?boutiqueId=61&merchantId=107819
kozmetik:kozmetik-vitrini,71,71,59,36.7,22.5,4360139,1215847,4360139:1215847,KIKO Ruj - Smart Fusion Lipstick 405 Vintage Rose 8025272631426,KIKO,Multiverse Drop,521,,-1,InStock,Son 3 günde 500+ ürün satıldı!,3,500,166.7,4.5631750385736325,3530,-4,193,"[""Kargo Bedava"",""Son 10 Günün En Düşük Fiyatı""]",21 saat 53 dakika içinde sipariş verirsen Yarın kargoda,refreshed,0,https://www.trendyol.com/kiko/ruj-smart-fusion-lipstick-405-vintage-rose-8025272631426-p-4360139?boutiqueId=61&merchantId=1215847
kozmetik:kozmetik-vitrini,162,162,28,36.7,22.4,7103580,110268,7103580:110268,HC Care Ovex Hızlı Saç Kurtarma & Canlandırıcı Maske – Yumuşaklık ve Yoğun Onarım,HC Care,HC CARE,347,,0,InStock,Son 3 günde 500+ ürün satıldı!,3,500,166.7,4.619698617368338,3557,1,915,"[""Kargo Bedava"",""Trendyol Plus'a Özel""]",21 saat 52 dakika içinde sipariş verirsen Yarın kargoda,refreshed,0,https://www.trendyol.com/hc-care/ovex-hizli-sac-kurtarma-canlandirici-maske-yumusaklik-ve-yogun-onarim-p-7103580?boutiqueId=61&merchantId=110268
kozmetik:kozmetik-vitrini,361,361,112,36.7,17.9,953795412,106852,953795412:106852,Siveno %100 Doğal Nioli Suyu Kötü Koku Önleyici Arındırıcı Ferahlatıcı İntim Bakım Toniği 150 ml,Siveno,Siveno,173.84,193.16,0,InStock,Son 3 günde 250+ ürün satıldı!,3,250,83.3,4.3,649,0,191,"[""Sepette %10 İndirim""]",Tahmini Teslim:,carried_forward,5,https://www.trendyol.com/siveno/100-dogal-nioli-suyu-kotu-koku-onleyici-arindirici-ferahlatici-intim-bakim-tonigi-150-ml-p-953795412?boutiqueId=61&merchantId=106852
kozmetik:kozmetik-vitrini,196,196,67,36.5,15.3,1132442645,1019054,1132442645:1019054,"Lunova Mini Milk Therapy Serum 75 ML | Yoğun Nem, Bariyer Güçlendirme, SPF ve Makyaj Bazı Serum",Lunova,Lunova Skin,430.47,550.75,-21.8,InStock,,,,,4.452229299363057,67,0,32,"[""Kargo Bedava"",""Son 10 Günün En Düşük Fiyatı"",""Süper Fırsat Ürünü"",""Trendyol Plus'a Özel""]",,refreshed,0,https://www.trendyol.com/lunova/mini-milk-therapy-serum-75-ml-yogun-nem-bariyer-guclendirme-spf-ve-makyaj-bazi-serum-p-1132442645?boutiqueId=61&merchantId=1019054
kozmetik:kozmetik-vitrini,208,208,54,36.5,22.7,4050975,104886,4050975:104886,Missha Kirpiklere Zarar Vermeden Şekil Veren Kirpik Kıvırıcı Perfect Eyelash Curler,Missha,Missha Türkiye,150.06,,-0.5,InStock,Son 3 günde 500+ ürün satıldı!,3,500,166.7,4.359611992945327,3292,-2,163,"[""Sepette %25 İndirim"",""1.469 TL Kupon"",""1.899 TL Kupon"",""159 TL Kupon"",""499,99 TL Kupon"",""Kargo Bedava"",""Son 10 Günün En Düşük Fiyatı"",""Trendyol Plus'a Özel""]",,refreshed,0,https://www.trendyol.com/missha/kirpiklere-zarar-vermeden-sekil-veren-kirpik-kivirici-perfect-eyelash-curler-p-4050975?boutiqueId=61&merchantId=104886
kozmetik:kozmetik-vitrini,358,358,-142,36.4,22.8,840702945,143746,840702945:143746,ORNATE Karınca Yumurtası Bakım Yağı 20 ml Vegan Formic Asit Aloe Vera Kuru Ve Hassas Ciltler,ORNATE,Ornate,130.93,,0.7,InStock,Son 3 günde 500+ ürün satıldı!,3,500,166.7,4.2,3205,0,1018,[],,carried_forward,2,https://www.trendyol.com/ornate/karinca-yumurtasi-bakim-yagi-20-ml-vegan-formic-asit-aloe-vera-kuru-ve-hassas-ciltler-p-840702945?boutiqueId=61&merchantId=143746
kozmetik:kozmetik-vitrini,439,439,-18,36.3,22.9,132366,106336,132366:106336,Vichy Dercos Energisant ENERGY+ Niasinamid İçeren Koparak Saç Dökülmesine Karşı Etkili Şampuan 400 ml,Vichy,Vichy,1379.9,,0,InStock,Son 3 günde 500+ ürün satıldı!,3,500,166.7,4.2,3085,0,1931,"[""Kargo Bedava""]",9 saat 52 dakika içinde sipariş verirsen en geç bugün kargoda!,carried_forward,3,https://www.trendyol.com/vichy/dercos-energisant-energy-niasinamid-iceren-koparak-sac-dokulmesine-karsi-etkili-sampuan-400-ml-p-132366?boutiqueId=61&merchantId=106336
kozmetik:kozmetik-vitrini,731,731,,36.2,10.4,138202956,4473,138202956:4473,Flormar Suya Dayanıklı Jel Göz Kalemi (KOYU KAHVE) - Extreme Tattoo Gel Pencil - 002 Walnut - 8682536028844,Flormar,,349.99,,0,InStock,Son 3 günde 250+ ürün satıldı!,3,250,83.3,4.6,,,,[],,listing_only,,https://www.trendyol.com/flormar/suya-dayanikli-jel-goz-kalemi-koyu-kahve-extreme-tattoo-gel-pencil-002-walnut-8682536028844-p-138202956?boutiqueId=61&merchantId=4473
kozmetik:makyaj,109,841,-26,36.2,10.4,1264674,1179711,1264674:1179711,Flormar Yarı Mat Bitişli Eyeliner (SİYAH) - Eyeliner Pen - 001 Black - 8690604109609,Flormar,,280,,0,InStock,Son 3 günde 250+ ürün satıldı!,3,250,83.3,4.4,,,,[],,listing_only,,https://www.trendyol.com/flormar/yari-mat-bitisli-eyeliner-siyah-eyeliner-pen-001-black-8690604109609-p-1264674?boutiqueId=61&merchantId=1179711
kozmetik:kozmetik-vitrini,138,138,68,36.1,10.4,4283174,1122035,4283174:1122035,New Well Kontür - Prof. Contour Stick - Çift Taraflı 8680923304953,New Well,HÜRNEW,199.9,,0,InStock,Son 3 günde 250+ ürün satıldı!,3,250,83.3,4.268590385578367,9815,-38,1615,"[""Kargo Bedava"",""Trendyol Plus'a Özel""]",,refreshed,0,https://www.trendyol.com/new-well/kontur-prof-contour-stick-cift-tarafli-8680923304953-p-4283174?boutiqueId=61&merchantId=1122035
kozmetik:kozmetik-vitrini,352,352,6,36.1,10.4,341718546,107302,341718546:107302,Sinoz Gözenek Sıkılaştırıcı Arındırıcı Canlandırıcı Peeling Etkili %5Glikolik Asit İçeren Glow Tonik 200ml,Sinoz,,299,,2.4,InStock,Son 3 günde 250+ ürün satıldı!,3,250,83.3,4.5,,,,[],,listing_only,,https://www.trendyol.com/sinoz/gozenek-sikilastirici-arindirici-canlandirici-peeling-etkili-5glikolik-asit-iceren-glow-tonik-200ml-p-341718546?boutiqueId=61&merchantId=107302
kozmetik:makyaj,38,770,-6,36.1,33.1,1144251469,556702,1144251469:556702,Cream Co. Çift Taraflı Makyaj Fırçası | Dual-Ended Allık Kontür Fondöten Kapatıcı | Çok Amaçlı Makeup Brush,Cream Co.,,329.9,,0,InStock,Son 3 günde 500+ ürün satıldı!,3,500,166.7,4.6,,,,[],,listing_only,,https://www.trendyol.com/cream-co/cift-tarafli-makyaj-fircasi-dual-ended-allik-kontur-fondoten-kapatici-cok-amacli-makeup-brush-p-1144251469?boutiqueId=61&merchantId=556702
kozmetik:makyaj,75,807,-23,36.1,10.4,1147185852,104968,1147185852:104968,"JEONJU Leke Karşıtı.Nemlendirici,Yüksek Korumalı Paris Işıltısı Pirinç Güneş Sprey",JEONJU,,299.99,,0,InStock,Son 3 günde 250+ ürün satıldı!,3,250,83.3,4.3,,,,[],,listing_only,,https://www.trendyol.com/jeonju/leke-karsiti-nemlendirici-yuksek-korumali-paris-isiltisi-pirinc-gunes-sprey-p-1147185852?boutiqueId=61&merchantId=104968
kozmetik:kozmetik-vitrini,46,46,-11,36,6.9,225916446,468928,225916446:468928,Revolution Cheek Kit Brozlaştırıcı Ve Aydınlatıcı 4'Lü Allık Paleti,Revolution,Watsons,267.16,299.9,0,InStock,,,,,4.51847389558233,1368,3,95,"[""Son 10 Günün En Düşük Fiyatı"",""Sepette %1 İndirim"",""Kargo Bedava"",""Son 10 günün en düşük fiyatı""]",,refreshed,0,https://www.trendyol.com/revolution/cheek-kit-brozlastirici-ve-aydinlatici-4-lu-allik-paleti-p-225916446?boutiqueId=61&merchantId=468928
kozmetik:kozmetik-vitrini,91,91,-4,36,69,1188234275,154207,1188234275:154207,MOZIUR Tırnak Bakım Törpüsü 100-180 Kalıcı Oje Protez Tırnak,MOZIUR,Zerre İthalat,10.9,,0,InStock,"Son 3 günde 1,5B+ ürün satıldı!",3,1500,500,4.711864406779661,23,7,4,"[""Kargo Bedava""]",,refreshed,0,https://www.trendyol.com/moziur/tirnak-bakim-torpusu-100-180-kalici-oje-protez-tirnak-p-1188234275?boutiqueId=61&merchantId=154207
kozmetik:kozmetik-vitrini,212,212,-21,36,23.2,885400816,107819,885400816:107819,"L'Oreal Paris Lumi Blush Likit Allık 630 Glowy True Rose - Pembe Tonlu, Aydınlık, Canlı ve Doğal Işıltı Veren",L'Oreal Paris Lumi,L'Oreal,529.9,,0,InStock,Son 3 günde 500+ ürün satıldı!,3,500,166.7,4.627575871112776,2875,6,128,"[""79 TL Kupon"",""Kargo Bedava""]",21 saat 51 dakika içinde sipariş verirsen Yarın kargoda,refreshed,0,https://www.trendyol.com/l-oreal-paris/lumi-blush-likit-allik-630-glowy-true-rose-pembe-tonlu-aydinlik-canli-ve-dogal-isilti-veren-p-885400816?boutiqueId=61&merchantId=107819
kozmetik:kozmetik-vitrini,355,355,123,36,23.1,167743320,908896,167743320:908896,mia klinika Bariyer Güçlendirici Onarıcı Canlandırıcı Ve Nemlendirici Krem,mia klinika,Mia Klinika,289,,0,InStock,Son 3 günde 500+ ürün satıldı!,3,500,166.7,4.4,2907,0,1960,[],51 dakika 4 saniye içinde sipariş verirsen en geç bugün kargoda!,carried_forward,10,https://www.trendyol.com/mia-klinika/bariyer-guclendirici-onarici-canlandirici-ve-nemlendirici-krem-p-167743320?boutiqueId=61&merchantId=908896
kozmetik:kozmetik-vitrini,535,535,,36,10.4,810237319,969326,810237319:969326,Flormar Doğal Bitişli Kapatıcı (SICAK ALT TON) - Stay Perfect Concealer - 002 Light - 8682536085465,Flormar,,414,,,InStock,Son 3 günde 250+ ürün satıldı!,3,250,83.3,4.4,,,,"[""Kargo Bedava""]",,listing_only,,https://www.trendyol.com/flormar/dogal-bitisli-kapatici-sicak-alt-ton-stay-perfect-concealer-002-light-8682536085465-p-810237319?boutiqueId=61&merchantId=969326
kozmetik:kozmetik-vitrini,392,392,63,35.9,0,3781805,4473,3781805:4473,Flormar Yumuşak Dokulu Stik Kontür (KOYU TON) - Stick Contour - 003 Medıum Deep - 8690604554874,Flormar,,469.99,493.99,0,InStock,,,,,4.6,,,,"[""Kargo Bedava"",""Son 10 Günün En Düşük Fiyatı""]",,listing_only,,https://www.trendyol.com/flormar/yumusak-dokulu-stik-kontur-koyu-ton-stick-contour-003-medium-deep-8690604554874-p-3781805?boutiqueId=61&merchantId=4473
kozmetik:kozmetik-vitrini,114,114,13,35.8,52.5,1114214923,1174892,1114214923:1174892,The Ordinary Rice Lipids + Ectoin Microemulsion - Nemlendirici Emülsiyon 60ml,The Ordinary,The Ordinary,795,,0,InStock,Son 3 günde 1B+ ürün satıldı!,3,1000,333.3,4.414201183431953,249,1,260,"[""Kargo Bedava"",""Son 10 Günün En Düşük Fiyatı""]",21 saat 52 dakika içinde sipariş verirsen yarın kargoda!,refreshed,0,https://www.trendyol.com/the-ordinary/rice-lipids-ectoin-microemulsion-nemlendirici-emulsiyon-60ml-p-1114214923?boutiqueId=61&merchantId=1174892
kozmetik:kozmetik-vitrini,462,462,-299,35.7,23.5,376347970,285256,376347970:285256,The Touch By Seda Altın Saç Bakım Suyu,The Touch By Seda Altın,The Touch by Seda Altın,309,,-7.5,InStock,Son 3 günde 500+ ürün satıldı!,3,500,166.7,4.6,2626,0,232,[],Tahmini Teslim:,carried_forward,20,https://www.trendyol.com/the-touch-by-seda-altin/sac-bakim-suyu-p-376347970?boutiqueId=61&merchantId=285256
kozmetik:kozmetik-vitrini,482,482,107,35.7,23.5,3748256,196129,3748256:196129,CeraVe Normal ve Yağlıya Dönük Ciltler İçin Niasinamid İçerikli Yağdan Arındıran Köpüren Temizleyici 473 ml,CeraVe,Eczasepeti,945,,,InStock,Son 3 günde 500+ ürün satıldı!,3,500,166.7,4.5,2603,0,1490,"[""Kargo Bedava""]",Tahmini Teslim:,carried_forward,6,https://www.trendyol.com/cerave/normal-ve-yagliya-donuk-ciltler-icin-niasinamid-icerikli-yagdan-arindiran-kopuren-temizleyici-473-ml-p-3748256?boutiqueId=61&merchantId=196129
kozmetik:makyaj,85,817,,35.7,10.4,279847702,108362,279847702:108362,"Clinique Almost Lipstick Ruj - Black Honey 1.9g | Parlak, Nemli Ve Doğal Görünüm",Clinique,CLINIQUE,1770,,0,InStock,Son 3 günde 250+ ürün satıldı!,3,250,83.3,4.447543071663203,8709,-26,374,"[""Sepette %35 İndirim"",""Kargo Bedava""]",21 saat 49 dakika içinde sipariş verirsen yarın kargoda!,refreshed,0,https://www.trendyol.com/clinique/almost-lipstick-ruj-black-honey-1-9g-parlak-nemli-ve-dogal-gorunum-p-279847702?boutiqueId=61&merchantId=108362
kozmetik:makyaj,103,835,-4,35.7,10.4,728854,702831,728854:702831,Nascita PROFESYONEL OVAL YAPILI KAPATICI FIRCASI .NASBRUSH0136,Nascita,,160,,0,InStock,Son 3 günde 250+ ürün satıldı!,3,250,83.3,4.7,,,,"[""Son 10 Günün En Düşük Fiyatı""]",,listing_only,,https://www.trendyol.com/nascita/profesyonel-oval-yapili-kapatici-fircasi-nasbrush0136-p-728854?boutiqueId=61&merchantId=702831
kozmetik:makyaj,175,907,-3,35.7,0,2279200,107819,2279200:107819,L'Oreal Paris Nem Terapisi Aloe Vera Suyu İçeren Normalden Karmaya Cilt İçin Su Bazlı Nemlendirici Yüz Kremi 70ml,L'Oreal Paris Nem,,599.9,629.96,0,InStock,,,,,4.6,,,,"[""89 TL Kupon"",""Son 10 Günün En Düşük Fiyatı""]",,listing_only,,https://www.trendyol.com/l-oreal-paris/nem-terapisi-aloe-vera-suyu-iceren-normalden-karmaya-cilt-icin-su-bazli-nemlendirici-yuz-kremi-70ml-p-2279200?boutiqueId=61&merchantId=107819
kozmetik:kozmetik-vitrini,266,266,21,35.6,10.4,195744175,135081,195744175:135081,JUVERA Cosmeceuticals Glikolik Asit Içerikli Gözenek Sıkılaştırıcı Arındırıcı Ve Kararma Karşıtı Tonik 200ml,JUVERA Cosmeceuticals,JUVERA & RADIX - Juveco,604.5,,0,InStock,Son 3 günde 250+ ürün satıldı!,3,250,83.3,4.270728476821192,8413,2,3756,"[""Sepette %67 İndirim"",""Süper Fırsat Ürünü"",""Kargo Bedava""]",,refreshed,0,https://www.trendyol.com/juvera-cosmeceuticals/glikolik-asit-icerikli-gozenek-sikilastirici-arindirici-ve-kararma-karsiti-tonik-200ml-p-195744175?boutiqueId=61&merchantId=135081
kozmetik:kozmetik-vitrini,489,489,-114,35.6,4.4,37826836,104937,37826836:104937,Kerastase Genesis Bain Nutri-Fortifiant Dökülme Karşıtı Güçlendirici Şampuan 250 ml,Kerastase,Sachane,1998,2220,2.2,InStock,,,,,4.3,1585,0,1074,"[""Kargo Bedava""]",11 saat 51 dakika içinde sipariş verirsen en geç yarın kargoda!,carried_forward,3,https://www.trendyol.com/kerastase/genesis-bain-nutri-fortifiant-dokulme-karsiti-guclendirici-sampuan-250-ml-p-37826836?boutiqueId=61&merchantId=104937
kozmetik:kozmetik-vitrini,111,111,67,35.5,52.8,1159346501,1279715,1159346501:1279715,"Vivante Retinal (%0,1) Shot Corrector Booster Krem Niacinamide %5 Pantehnol %1 Matrixyl %3",Vivante,VİVANTE,999,,0,InStock,Son 3 günde 1B+ ürün satıldı!,3,1000,333.3,4.394658753709199,224,14,92,"[""Sepette %30 İndirim"",""Kargo Bedava""]",,refreshed,0,https://www.trendyol.com/vivante/retinal-0-1-shot-corrector-booster-krem-niacinamide-5-pantehnol-1-matrixyl-3-p-1159346501?boutiqueId=61&merchantId=1279715
kozmetik:kozmetik-vitrini,152,152,167,35.5,23.7,928299511,310522,928299511:310522,"Alix Avien Küçük Boy Çantalı Seyahat Makyaj Fırça Seti - 10 Çeşit Fırça Ucu, Aplikatör",Alix Avien,Alix Avien,949.9,,0,InStock,Son 3 günde 500+ ürün satıldı!,3,500,166.7,4.331049723756906,2487,12,289,"[""Kargo Bedava""]",21 saat 52 dakika içinde sipariş verirsen Yarın kargoda,refreshed,0,https://www.trendyol.com/alix-avien/kucuk-boy-cantali-seyahat-makyaj-firca-seti-10-cesit-firca-ucu-aplikator-p-928299511?boutiqueId=61&merchantId=310522
kozmetik:kozmetik-vitrini,252,252,-125,35.5,23.6,35297736,378048,35297736:378048,Clear Women Kepeğe Karşı Etkili Şampuan Yumuşak ve Parlak 600 ml x3,Clear,Unilever,527.01,,0,InStock,Son 3 günde 500+ ürün satıldı!,3,500,166.7,4.727710379356827,2517,2,158,"[""Kargo Bedava"",""Trendyol Plus'a Özel""]",21 saat 50 dakika içinde sipariş verirsen yarın kargoda!,refreshed,0,https://www.trendyol.com/clear/women-kepege-karsi-etkili-sampuan-yumusak-ve-parlak-600-ml-x3-p-35297736?boutiqueId=61&merchantId=378048
kozmetik:kozmetik-vitrini,356,356,279,35.5,10.4,3778815,315841,3778815:315841,Marvis Whitening Mint Diş Macunu 85 ml – Doğal Beyazlık ve Uzun Süre Ferahlık,Marvis,,585.7,,-8.3,InStock,Son 3 günde 250+ ürün satıldı!,3,250,83.3,4.4,,,,"[""Kargo Bedava""]",,listing_only,,https://www.trendyol.com/marvis/whitening-mint-dis-macunu-85-ml-dogal-beyazlik-ve-uzun-sure-ferahlik-p-3778815?boutiqueId=61&merchantId=315841
kozmetik:makyaj,41,773,7,35.5,28.2,963255857,1019054,963255857:1019054,"Lunova Milk Therapy Serum 150 ML | Yoğun Nem, Bariyer Güçlendirme, Makyaj Bazı Serum",Lunova,,990,,0,InStock,Son 3 günde 500+ ürün satıldı!,3,500,166.7,4.4,,,,"[""Kargo Bedava"",""Son 10 Günün En Düşük Fiyatı"",""Süper Fırsat Ürünü""]",,listing_only,,https://www.trendyol.com/lunova/milk-therapy-serum-150-ml-yogun-nem-bariyer-guclendirme-makyaj-bazi-serum-p-963255857?boutiqueId=61&merchantId=1019054
kozmetik:makyaj,214,946,13,35.5,8.3,274965439,667920,274965439:667920,beaulis Close It Likit Kapatıcı 132 Pale Almond,beaulis,PlnDesign,171.54,199,,InStock,,,,,4.3,518,0,440,"[""Son 10 Günün En Düşük Fiyatı""]",Tahmini Teslim:,carried_forward,5,https://www.trendyol.com/beaulis/close-it-likit-kapatici-132-pale-almond-p-274965439?boutiqueId=61&merchantId=667920
kozmetik:kozmetik-vitrini,112,112,456,35.4,6.7,85044,214643,85044:214643,Bioderma Sensibio H2O Hassas ve Normal Ciltler için Micellar Arındırıcı Makyaj Temizleme Suyu 100 ML,Bioderma,Farmakozmetika Sağlık Ürünleri,358,407.45,0,InStock,,,,,4.643732970027248,828,,283,"[""Kargo Bedava"",""Son 10 Günün En Düşük Fiyatı"",""Son 10 günün en düşük fiyatı""]",21 saat 52 dakika içinde sipariş verirsen yarın kargoda!,refreshed,0,https://www.trendyol.com/bioderma/sensibio-h2o-hassas-ve-normal-ciltler-icin-micellar-arindirici-makyaj-temizleme-suyu-100-ml-p-85044?boutiqueId=61&merchantId=214643
kozmetik:kozmetik-vitrini,136,136,-8,35.3,23.8,678433335,207099,678433335:207099,Neva Kaş Açıcı Krem 15 ml,Neva,PİGMENT KOZMETİK LTD. ŞTİ.,180,,-0.6,InStock,Son 3 günde 500+ ürün satıldı!,3,500,166.7,4.337261785356068,2370,0,1249,"[""Kargo Bedava""]",21 saat 52 dakika içinde sipariş verirsen yarın kargoda!,refreshed,0,https://www.trendyol.com/neva/kas-acici-krem-15-ml-p-678433335?boutiqueId=61&merchantId=207099
kozmetik:kozmetik-vitrini,527,527,-360,35.3,14.7,1135762011,1080836,1135762011:1080836,gloceans feel the glow Gül Suyu Gözenek Sıkılaştırıcı Aydınlatıcı Ve Arındırıcı Tonik %100 Doğal Ve Saf 100 ml,gloceans feel the glow,GLOCEANS,287.92,359.9,0,InStock,,,,,4.7,80,0,22,"[""Sepette %20 İndirim""]",52 dakika 23 saniye içinde sipariş verirsen en geç bugün kargoda!,carried_forward,20,https://www.trendyol.com/gloceans-feel-the-glow/gul-suyu-gozenek-sikilastirici-aydinlatici-ve-arindirici-tonik-100-dogal-ve-saf-100-ml-p-1135762011?boutiqueId=61&merchantId=1080836
kozmetik:kozmetik-vitrini,182,182,-107,35.2,24,896257220,1125806,896257220:1125806,EPİFY Epify Cilt Beyazlatıcı Peeling Etkili Glutatyon Shot,EPİFY,Epify,579,,0,InStock,Son 3 günde 500+ ürün satıldı!,3,500,166.7,3.473341729638959,2253,3,1805,"[""Kargo Bedava""]",,refreshed,0,https://www.trendyol.com/epify/epify-cilt-beyazlatici-peeling-etkili-glutatyon-shot-p-896257220?boutiqueId=61&merchantId=1125806
kozmetik:kozmetik-vitrini,659,659,-6,35.2,18.5,284581151,324694,284581151:324694,Softto Plus Doğal Görünüm Sağlayan Saç Siyahlaştırıcı Black Hair Şampuan 350 ml,Softto Plus,,362.71,399,0,InStock,Son 3 günde 250+ ürün satıldı!,3,250,83.3,4.3,,,,"[""Kargo Bedava"",""Son 10 Günün En Düşük Fiyatı""]",,listing_only,,https://www.trendyol.com/softto-plus/dogal-gorunum-saglayan-sac-siyahlastirici-black-hair-sampuan-350-ml-p-284581151?boutiqueId=61&merchantId=324694
kozmetik:makyaj,53,785,-2,35.2,23.9,472209542,1028724,472209542:1028724,Nail Master Protez Tırnak Tips Yapıştırıcısı Fırçalı 10gr,Nail Master,,44.42,,0,InStock,Son 3 günde 500+ ürün satıldı!,3,500,166.7,4.1,,,,[],,listing_only,,https://www.trendyol.com/nail-master/protez-tirnak-tips-yapistiricisi-fircali-10gr-p-472209542?boutiqueId=61&merchantId=1028724
kozmetik:makyaj,117,849,37,35.2,10.4,334596227,194370,334596227:194370,Licape İki Aşamalı Cilt Ve Makyaj Temizleme Yağı 200 ml,Licape,,288.84,,0.5,InStock,Son 3 günde 250+ ürün satıldı!,3,250,83.3,4.5,,,,"[""1 TL Kupon""]",,listing_only,,https://www.trendyol.com/licape/iki-asamali-cilt-ve-makyaj-temizleme-yagi-200-ml-p-334596227?boutiqueId=61&merchantId=194370
kozmetik:kozmetik-vitrini,695,695,,35.1,4.9,868577241,1154366,868577241:1154366,"Orginx Vitamin C & Propolis Ağız Spreyi - Ağız Kokusu Giderici, Ferah Nefes, Doğal Koruma 50 ml",Orginx,,351,390,,InStock,,,,,4.6,,,,"[""Sepette %10 İndirim"",""Kargo Bedava""]",,listing_only,,https://www.trendyol.com/orginx/vitamin-c-propolis-agiz-spreyi-agiz-kokusu-giderici-ferah-nefes-dogal-koruma-50-ml-p-868577241?boutiqueId=61&merchantId=1154366
kozmetik:makyaj,264,996,,35,2.9,648981956,107819,648981956:107819,Maybelline New York Super Stay Vinyl Ink Uzun Süre Kalıcı Likit Parlak Ruj 115 Peppy,Maybelline New York,,629.96,683.96,,InStock,,,,,4.5,,,,"[""94 TL Kupon"",""Kargo Bedava"",""Son 10 Günün En Düşük Fiyatı""]",,listing_only,,https://www.trendyol.com/maybelline-new-york/super-stay-vinyl-ink-uzun-sure-kalici-likit-parlak-ruj-115-peppy-p-648981956?boutiqueId=61&merchantId=107819
kozmetik:makyaj,92,824,-10,34.9,10.4,831855324,205639,831855324:205639,Note Cosmetics 3 in 1 Glowing Skin Tinted Moisturizer 50 SPF Işıltılı Aydınlatıcı Krem,Note Cosmetics,,1228.29,,185.7,InStock,Son 3 günde 250+ ürün satıldı!,3,250,83.3,4.4,,,,"[""Sepette %65 İndirim"",""Kargo Bedava"",""Süper Fırsat Ürünü""]",,listing_only,,https://www.trendyol.com/note-cosmetics/3-in-1-glowing-skin-tinted-moisturizer-50-spf-isiltili-aydinlatici-krem-p-831855324?boutiqueId=61&merchantId=205639
kozmetik:kozmetik-vitrini,347,347,75,34.8,2.4,85074,149326,85074:149326,Bioderma Sensibio H2O Micellar Makyaj Temizleme Suyu 2'li Set Hassas ve Tüm Ciltler Yüz ve Göz Çevresi 500ml,Bioderma,Eczasepeti,1539,1659,0,InStock,,,,,4.8,2784,0,1828,"[""Kargo Bedava"",""Son 10 Günün En Düşük Fiyatı""]",11 saat 55 dakika içinde sipariş verirsen en geç yarın kargoda!,carried_forward,3,https://www.trendyol.com/bioderma/sensibio-h2o-micellar-makyaj-temizleme-suyu-2-li-set-hassas-ve-tum-ciltler-yuz-ve-goz-cevresi-500ml-p-85074?boutiqueId=61&merchantId=149326
kozmetik:kozmetik-vitrini,429,429,40,34.8,10.4,106299203,333578,106299203:333578,Muson Natural Illumination Foundation -medium 30ml,Muson,,713.08,,0,InStock,Son 3 günde 250+ ürün satıldı!,3,250,83.3,4.4,,,,"[""Kargo Bedava""]",,listing_only,,https://www.trendyol.com/muson/natural-illumination-foundation-medium-30ml-p-106299203?boutiqueId=61&merchantId=333578
kozmetik:kozmetik-vitrini,484,484,-23,34.8,10.4,349289009,4473,349289009:4473,Flormar Kalıcı Mat Dudak Tint'i (Kırmızı) - Water Lip Stain - 002 Love Craft - 8682536042178,Flormar,Flormar,314.99,,0,InStock,Son 3 günde 250+ ürün satıldı!,3,250,83.3,4.5,6730,0,231,"[""Son 10 Günün En Düşük Fiyatı""]",Tahmini Teslim:,carried_forward,9,https://www.trendyol.com/flormar/kalici-mat-dudak-tint-i-kirmizi-water-lip-stain-002-love-craft-8682536042178-p-349289009?boutiqueId=61&merchantId=4473
kozmetik:kozmetik-vitrini,278,278,-179,34.7,10.4,309122502,592566,309122502:592566,Bioxcin Keratin Argan Onarıcı Saç Bakım Yağı 150 ml - Yıpranmış ve Hassas Saçlar,Bioxcin,Bioxcin,443.99,,,InStock,Son 3 günde 250+ ürün satıldı!,3,250,83.3,4.624180809947909,6624,-2,1805,"[""Sepette %30 İndirim"",""Kargo Bedava""]",,refreshed,0,https://www.trendyol.com/bioxcin/keratin-argan-onarici-sac-bakim-yagi-150-ml-yipranmis-ve-hassas-saclar-p-309122502?boutiqueId=61&merchantId=592566
kozmetik:kozmetik-vitrini,612,612,,34.7,2.3,163926165,468928,163926165:468928,Opalescence Büyük Boy Hassas Dişler Için Beyazlatıcı Diş Macunu 133 Gr,Opalescence,,557.91,599.9,,InStock,,,,,4.5,,,,"[""Sepette %7 İndirim""]",,listing_only,,https://www.trendyol.com/opalescence/buyuk-boy-hassas-disler-icin-beyazlatici-dis-macunu-133-gr-p-163926165?boutiqueId=61&merchantId=468928
kozmetik:kozmetik-vitrini,617,617,31,34.7,5.4,338886535,1028724,338886535:1028724,Nail Master 500 Lü Tips Protez Tırnak Kemik,Nail Master,,152.05,169.09,0,InStock,,,,,4.6,,,,"[""Son 10 Günün En Düşük Fiyatı""]",,listing_only,,https://www.trendyol.com/nail-master/500-lu-tips-protez-tirnak-kemik-p-338886535?boutiqueId=61&merchantId=1028724
kozmetik:kozmetik-vitrini,85,85,335,34.6,29.4,887972886,1225461,887972886:1225461,Tangle Teezer Ultimate Detangler Chrome Champagne Gold Islak & Kuru Düz ve Kıvırcık Saçlar için Saç Fırçası-Tarak,Tangle Teezer,Tangle Teezer,1579,1659,0,InStock,Son 3 günde 500+ ürün satıldı!,3,500,166.7,4.619047619047619,482,5,149,"[""Kargo Bedava"",""Son 10 Günün En Düşük Fiyatı"",""Son 10 günün en düşük fiyatı""]",21 saat 53 dakika içinde sipariş verirsen yarın kargoda!,refreshed,0,https://www.trendyol.com/tangle-teezer/ultimate-detangler-chrome-champagne-gold-islak-kuru-duz-ve-kivircik-saclar-icin-sac-fircasi-tarak-p-887972886?boutiqueId=61&merchantId=1225461
kozmetik:kozmetik-vitrini,538,538,45,34.6,5.8,48227667,156433,48227667:156433,KOLPED Koltuk Altı Pedi Ter Emici Yapraklar 42 Adet ( 3 Kutu),KOLPED,dryandsoft,192,214.23,0,InStock,,,,,4.2,1053,0,140,"[""Son 10 Günün En Düşük Fiyatı""]",1 saat 47 dakika içinde sipariş verirsen en geç bugün kargoda!,carried_forward,7,https://www.trendyol.com/kolped/koltuk-alti-pedi-ter-emici-yapraklar-42-adet-3-kutu-p-48227667?boutiqueId=61&merchantId=156433
kozmetik:kozmetik-vitrini,725,725,-20,34.6,10.4,462164605,556702,462164605:556702,Cream Co. Leke Karşıtı Cilt Tonu Eşitleyici Aydınlatıcı C Vitamini Arbutin SOS Serum | Tüm Cilt Tipleri,Cream Co.,Cream Co.,289.9,,0,InStock,Son 3 günde 250+ ürün satıldı!,3,250,83.3,4.4,6328,0,3329,[],11 saat 54 dakika içinde sipariş verirsen en geç yarın kargoda!,carried_forward,25,https://www.trendyol.com/cream-co/leke-karsiti-cilt-tonu-esitleyici-aydinlatici-c-vitamini-arbutin-sos-serum-tum-cilt-tipleri-p-462164605?boutiqueId=61&merchantId=556702
kozmetik:makyaj,90,822,,34.6,21.8,1086340166,903143,1086340166:903143,NYX Professional Makeup Wonder Snatch Sabitleyici Toz Pudra - 01 Sugar Serve,NYX Professional Makeup,L'Oreal,1490,1690,0,InStock,Son 3 günde 250+ ürün satıldı!,3,250,83.3,4.3,210,0,45,"[""100 TL Kupon"",""Kargo Bedava""]",21 saat 51 dakika içinde sipariş verirsen en geç yarın kargoda!,carried_forward,3,https://www.trendyol.com/nyx-professional-makeup/wonder-snatch-sabitleyici-toz-pudra-01-sugar-serve-p-1086340166?boutiqueId=61&merchantId=903143
kozmetik:kozmetik-vitrini,133,133,-70,34.5,12.3,760115395,209502,760115395:209502,Oripeaux SPF 50+ P+++ Mavi Işık Korumalı Su Bazlı Leke Karşıtı Güneş Kremi UV-A UV-B 50 Ml,Oripeaux,Oripeaux,790,949.8,58.3,InStock,,,,,4.547244094488189,163,1,105,"[""Kargo Bedava"",""Son 10 Günün En Düşük Fiyatı"",""Süper Fırsat Ürünü"",""Trendyol Plus'a Özel""]",,refreshed,0,https://www.trendyol.com/oripeaux/spf-50-p-mavi-isik-korumali-su-bazli-leke-karsiti-gunes-kremi-uv-a-uv-b-50-ml-p-760115395?boutiqueId=61&merchantId=209502
kozmetik:kozmetik-vitrini,348,348,-85,34.5,24.7,1066170057,126383,1066170057:126383,KOREACO Red Dragon Bubble Clay Yüz Maskesi | Tazelenme Parlaklık Nemli ve İpeksi Köpüren Yüz Maskesi 100 ml,KOREACO,KOREACO,285,,0,InStock,Son 3 günde 500+ ürün satıldı!,3,500,166.7,4.2,1865,0,400,[],,carried_forward,2,https://www.trendyol.com/koreaco/red-dragon-bubble-clay-yuz-maskesi-tazelenme-parlaklik-nemli-ve-ipeksi-kopuren-yuz-maskesi-100-ml-p-1066170057?boutiqueId=61&merchantId=126383
kozmetik:kozmetik-vitrini,650,650,-33,34.5,10.4,251977911,123975,251977911:123975,Biobotanica Silver Turunculaşma Karşıtı Mor Şampuan 500 Ml,Biobotanica,,199.9,,0,InStock,Son 3 günde 250+ ürün satıldı!,3,250,83.3,4.3,,,,"[""Son 10 Günün En Düşük Fiyatı""]",,listing_only,,https://www.trendyol.com/biobotanica/silver-turunculasma-karsiti-mor-sampuan-500-ml-p-251977911?boutiqueId=61&merchantId=123975
kozmetik:kozmetik-vitrini,679,679,-48,34.5,24.7,885633782,138065,885633782:138065,Bargello 444 KADIN 50 ml PARFÜM EDP ORIENTAL,Bargello,Bargello,600,,0,InStock,Son 3 günde 500+ ürün satıldı!,3,500,166.7,4.5,1841,0,629,"[""Kargo Bedava""]",11 saat 52 dakika içinde sipariş verirsen en geç yarın kargoda!,carried_forward,4,https://www.trendyol.com/bargello/444-kadin-50-ml-parfum-edp-oriental-p-885633782?boutiqueId=61&merchantId=138065
kozmetik:kozmetik-vitrini,126,126,195,34.4,10.4,1116227440,224434,1116227440:224434,TGC Hair Care Cosmetic TGC Bitkisel Saç Bakım Yağı,TGC Hair Care Cosmetic,TGC Hair Care & Cosmetic,400,,-57.9,InStock,Son 3 günde 250+ ürün satıldı!,3,250,83.3,4.746823069403715,6043,51,1200,"[""Kargo Bedava"",""449 TL Kupon"",""700 TL Kupon"",""100 TL Kupon"",""Son 10 Günün En Düşük Fiyatı"",""Trendyol Plus'a Özel""]",,refreshed,0,https://www.trendyol.com/tgc-hair-care-cosmetic/tgc-bitkisel-sac-bakim-yagi-p-1116227440?boutiqueId=61&merchantId=224434
kozmetik:kozmetik-vitrini,626,626,-211,34.4,24.8,971346872,733266,971346872:733266,LumenaScent L101 Kadın Parfüm Floral Edp 50 ml,LumenaScent,FarmaStar,499,,12.3,InStock,Son 3 günde 500+ ürün satıldı!,3,500,166.7,4,1821,0,279,"[""Kargo Bedava""]",Tahmini Teslim:,carried_forward,6,https://www.trendyol.com/lumenascent/l101-kadin-parfum-floral-edp-50-ml-p-971346872?boutiqueId=61&merchantId=733266
kozmetik:kozmetik-vitrini,633,633,-55,34.4,24.8,241714397,106852,241714397:106852,Siveno %100 Doğal Zeytinyağlı Çocuk Köpük Kastil Sabun Yoğun Nemlendirici Arındırıcı Bitkisel Vegan 250ml,Siveno,,199.9,,0,InStock,Son 3 günde 500+ ürün satıldı!,3,500,166.7,4.6,,,,[],,listing_only,,https://www.trendyol.com/siveno/100-dogal-zeytinyagli-cocuk-kopuk-kastil-sabun-yogun-nemlendirici-arindirici-bitkisel-vegan-250ml-p-241714397?boutiqueId=61&merchantId=106852
kozmetik:kozmetik-vitrini,707,707,,34.4,17.2,876260418,1047156,876260418:1047156,DentiGo Diş Fırçası Başlığı - OralB | Braun Uyumlu - Elektrikli Diş Fırçası Yedek Başlıkları - 4'lü Paket,DentiGo,,69.74,74.99,,InStock,Son 3 günde 250+ ürün satıldı!,3,250,83.3,4.4,,,,"[""Sepette %7 İndirim""]",,listing_only,,https://www.trendyol.com/dentigo/dis-fircasi-basligi-oralb-braun-uyumlu-elektrikli-dis-fircasi-yedek-basliklari-4-lu-paket-p-876260418?boutiqueId=61&merchantId=1047156
kozmetik:kozmetik-vitrini,172,172,-39,34.2,25,936185837,107819,936185837:107819,NYX Professional Makeup Buttermelt Highlighter Kremsi Pudra Aydınlatıcı - 05 Bright & Butta,NYX Professional Makeup,L'Oreal,1149.99,,0,InStock,Son 3 günde 500+ ürün satıldı!,3,500,166.7,4.563725490196078,1694,4,83,"[""Sepette %50 İndirim"",""Kargo Bedava""]",21 saat 51 dakika içinde sipariş verirsen Yarın kargoda,refreshed,0,https://www.trendyol.com/nyx-professional-makeup/buttermelt-highlighter-kremsi-pudra-aydinlatici-05-bright-butta-p-936185837?boutiqueId=61&merchantId=107819
kozmetik:kozmetik-vitrini,430,430,37,34.2,15.3,858305830,4473,858305830:4473,Flormar Nemlendirici Parlak Ruj- Sheer up Lipstick- 018 Enchanted Kiss- 8682536097864,Flormar,Flormar,379.99,399.99,0,InStock,Son 3 günde 250+ ürün satıldı!,3,250,83.3,4.5,1358,0,210,"[""Kargo Bedava"",""Son 10 Günün En Düşük Fiyatı""]",11 saat 52 dakika içinde sipariş verirsen en geç yarın kargoda!,carried_forward,23,https://www.trendyol.com/flormar/nemlendirici-parlak-ruj-sheer-up-lipstick-018-enchanted-kiss-8682536097864-p-858305830?boutiqueId=61&merchantId=4473
kozmetik:kozmetik-vitrini,454,454,-296,34.2,54.2,1178144297,1279865,1178144297:1279865,Embeauty Barbiyies Glow Argan Yağı İçerikli Besleyici Saç Parfümü 100 ml,Embeauty,Viel Kozmetik,368.36,,60.9,InStock,Son 3 günde 1B+ ürün satıldı!,3,1000,333.3,4.7,153,0,16,"[""Son 10 Günün En Düşük Fiyatı"",""Süper Fırsat Ürünü""]",,carried_forward,2,https://www.trendyol.com/embeauty/barbiyies-glow-argan-yagi-icerikli-besleyici-sac-parfumu-100-ml-p-1178144297?boutiqueId=61&merchantId=1279865
kozmetik:kozmetik-vitrini,478,478,16,34.2,1.5,37595114,140057,37595114:140057,MAR’LE %100 Doğal At Kılı Selülit Fırçası (SAKLAMA KESESİ HEDİYELİ),MAR’LE %100,MAR’LE,345.4,366.47,0,InStock,,,,,4.7,3619,0,359,"[""Son 10 Günün En Düşük Fiyatı""]",11 saat 47 dakika içinde sipariş verirsen en geç yarın kargoda!,carried_forward,7,https://www.trendyol.com/mar-le/100-dogal-at-kili-selulit-fircasi-saklama-kesesi-hediyeli-p-37595114?boutiqueId=61&merchantId=140057
kozmetik:kozmetik-vitrini,631,631,-105,34.2,10.4,2368484,1284572,2368484:1284572,Lierac Phytolastil Gel 200 ml Çatlak Jeli,Lierac,,1790,,,InStock,Son 3 günde 250+ ürün satıldı!,3,250,83.3,4.3,,,,"[""Kargo Bedava""]",,listing_only,,https://www.trendyol.com/lierac/phytolastil-gel-200-ml-catlak-jeli-p-2368484?boutiqueId=61&merchantId=1284572
kozmetik:kozmetik-vitrini,669,669,,34.2,2.8,763263320,107950,763263320:107950,Dermoten 72 Saat Etkili Yoğun Nemlendirici Cilt Bakım Kremi 50 ml,Dermoten,,287.46,309.1,,InStock,,,,,4.6,,,,"[""Sepette %7 İndirim"",""20 TL Kupon""]",,listing_only,,https://www.trendyol.com/dermoten/72-saat-etkili-yogun-nemlendirici-cilt-bakim-kremi-50-ml-p-763263320?boutiqueId=61&merchantId=107950
kozmetik:kozmetik-vitrini,154,154,154,34.1,25.1,844932737,109162,844932737:109162,Maru.Derm Vücut Kremi | %10 Urea (ÜRE) Yoğun Nemlendirici Vücut Kremi 400 ml,Maru.Derm,MARUDERM,299.9,,0,InStock,Son 3 günde 500+ ürün satıldı!,3,500,166.7,4.445960125918154,1667,6,571,"[""Kargo Bedava"",""Trendyol Plus'a Özel""]",21 saat 52 dakika içinde sipariş verirsen yarın kargoda!,refreshed,0,https://www.trendyol.com/maru-derm/vucut-kremi-10-urea-ure-yogun-nemlendirici-vucut-kremi-400-ml-p-844932737?boutiqueId=61&merchantId=109162
kozmetik:kozmetik-vitrini,349,349,-161,34.1,10.5,346906687,194370,346906687:194370,Licape İki Aşamalı Cilt Ve Makyaj Temizleme Yağı 400 ml,Licape,Licape,475,,-0.2,InStock,Son 3 günde 250+ ürün satıldı!,3,250,83.3,4.6,5514,0,747,"[""Kargo Bedava""]",,carried_forward,2,https://www.trendyol.com/licape/iki-asamali-cilt-ve-makyaj-temizleme-yagi-400-ml-p-346906687?boutiqueId=61&merchantId=194370
kozmetik:kozmetik-vitrini,408,408,-27,34.1,2.6,53753406,110245,53753406:110245,Slazenger Active Sport Gold Erkek 125 Ml Parfüm + 150 Ml Deodorant Set,Slazenger,DAĞDEVİREN GROSS,700,750,0,InStock,,,,,4.5,2682,0,501,"[""Kargo Bedava"",""Son 10 Günün En Düşük Fiyatı""]",Tahmini Teslim:,carried_forward,5,https://www.trendyol.com/slazenger/active-sport-gold-erkek-125-ml-parfum-150-ml-deodorant-set-p-53753406?boutiqueId=61&merchantId=110245
kozmetik:kozmetik-vitrini,717,717,-300,34.1,8.6,194182279,150480,194182279:150480,Wella Koleston Peroksit %6 Sıvı Oksidasyon Kremi 50 ML,Wella,Wella,81.62,93.47,,InStock,,,,,4.6,471,0,18,"[""15 TL Kupon"",""Son 10 Günün En Düşük Fiyatı""]",Tahmini Teslim:,carried_forward,3,https://www.trendyol.com/wella/koleston-peroksit-6-sivi-oksidasyon-kremi-50-ml-p-194182279?boutiqueId=61&merchantId=150480
kozmetik:makyaj,71,803,-10,34.1,15.5,819518048,1121776,819518048:1121776,ZEYNABEAUTY 12 Renk Neon Yağlı Göz Kalemi Seti | Yoğun Pigmentli | Yumuşak Sürüm | Renkli Eyeliner,ZEYNABEAUTY,,228,240,26.6,InStock,Son 3 günde 250+ ürün satıldı!,3,250,83.3,4.5,,,,"[""Sepette %5 İndirim""]",,listing_only,,https://www.trendyol.com/zeynabeauty/12-renk-neon-yagli-goz-kalemi-seti-yogun-pigmentli-yumusak-surum-renkli-eyeliner-p-819518048?boutiqueId=61&merchantId=1121776
kozmetik:kozmetik-vitrini,409,409,15,34,10.6,816962541,1142754,816962541:1142754,Laventin Dökülen Ve Geç Uzayan Saçlar Için 11 Aktif Içerikli Saç Dökülmesi Karşıtı Şampuan 400 ml,Laventin,HeKa STORE,299.9,,0,InStock,Son 3 günde 250+ ürün satıldı!,3,250,83.3,4,5286,0,1706,[],11 saat 50 dakika içinde sipariş verirsen en geç yarın kargoda!,carried_forward,3,https://www.trendyol.com/laventin/dokulen-ve-gec-uzayan-saclar-icin-11-aktif-icerikli-sac-dokulmesi-karsiti-sampuan-400-ml-p-816962541?boutiqueId=61&merchantId=1142754
kozmetik:makyaj,165,897,82,34,2.7,664977,1081577,664977:1081577,Golden Rose False Lashes Mascara - Black - Hacim ve Uzunluk Veren Siyah Maskara,Golden Rose,,293,314.15,-6.7,InStock,,,,,4.5,,,,"[""Son 10 Günün En Düşük Fiyatı""]",,listing_only,,https://www.trendyol.com/golden-rose/false-lashes-mascara-black-hacim-ve-uzunluk-veren-siyah-maskara-p-664977?boutiqueId=61&merchantId=1081577
kozmetik:kozmetik-vitrini,314,314,195,33.9,10.7,706313909,110268,706313909:110268,"HC Care Complex, Ovex, 2'li Bitkisel Saç Bakım Seti",HC Care,,726,,0,InStock,Son 3 günde 250+ ürün satıldı!,3,250,83.3,4.7,,,,"[""Kargo Bedava""]",,listing_only,,https://www.trendyol.com/hc-care/complex-ovex-2-li-bitkisel-sac-bakim-seti-p-706313909?boutiqueId=61&merchantId=110268
kozmetik:kozmetik-vitrini,87,87,-52,33.8,21.2,990960829,526177,990960829:526177,Mjcare Nose Patch - Siyah Nokta ve Gözenek İçin Temizleyici Burun Bandı 20'li,Mjcare,Limonian Turkey,322.1,360,-23.3,InStock,Son 3 günde 250+ ürün satıldı!,3,250,83.3,4.43265306122449,249,4,20,"[""Son 10 Günün En Düşük Fiyatı"",""Kargo Bedava"",""Son 10 günün en düşük fiyatı"",""Trendyol Plus'a Özel""]",21 saat 53 dakika içinde sipariş verirsen yarın kargoda!,refreshed,0,https://www.trendyol.com/mjcare/nose-patch-siyah-nokta-ve-gozenek-icin-temizleyici-burun-bandi-20-li-p-990960829?boutiqueId=61&merchantId=526177
kozmetik:kozmetik-vitrini,229,229,31,33.8,25.4,996722646,1031124,996722646:1031124,THE BATH FACTORY Liberty Vücut Losyonu 200 ml,THE BATH FACTORY,The Bath Factory,349,,0,InStock,Son 3 günde 500+ ürün satıldı!,3,500,166.7,4.494851605087826,1530,4,149,"[""Kargo Bedava""]",,refreshed,0,https://www.trendyol.com/the-bath-factory/liberty-vucut-losyonu-200-ml-p-996722646?boutiqueId=61&merchantId=1031124
kozmetik:kozmetik-vitrini,341,341,-8,33.8,10.7,639368080,638780,639368080:638780,BEYZANA Yeşim %100 Doğal Taş Masaj Aleti Ve Kalp Gua Sha Yüz Bakım Taşı,BEYZANA,BEYZANA,127.94,,13.5,InStock,Son 3 günde 250+ ürün satıldı!,3,250,83.3,4.1,5124,0,814,[],21 saat 50 dakika içinde sipariş verirsen en geç yarın kargoda!,carried_forward,3,https://www.trendyol.com/beyzana/yesim-100-dogal-tas-masaj-aleti-ve-kalp-gua-sha-yuz-bakim-tasi-p-639368080?boutiqueId=61&merchantId=638780
kozmetik:kozmetik-vitrini,459,459,-31,33.8,25.3,906087869,106852,906087869:106852,Siveno %100 Doğal Biberiye Suyu Saç Dökülmesi Karşıtı ve Hızlı Saç Uzatma Etkili Saç Toniği 150 ml,Siveno,Siveno,199.9,,0,InStock,Son 3 günde 500+ ürün satıldı!,3,500,166.7,4.4,1541,0,526,[],11 saat 53 dakika içinde sipariş verirsen en geç yarın kargoda!,carried_forward,4,https://www.trendyol.com/siveno/100-dogal-biberiye-suyu-sac-dokulmesi-karsiti-ve-hizli-sac-uzatma-etkili-sac-tonigi-150-ml-p-906087869?boutiqueId=61&merchantId=106852
kozmetik:kozmetik-vitrini,519,519,-39,33.8,3.2,976775297,806570,976775297:806570,Lien Beaute Kraliçe Arı Tüy Azaltıcı ve Ton Eşitleyici Serum Formik Asit Papaya Zerdeçal Limon Otu,Lien Beaute,,210.17,225.99,0,InStock,,,,,4.4,,,,"[""Sepette %7 İndirim""]",,listing_only,,https://www.trendyol.com/lien-beaute/kralice-ari-tuy-azaltici-ve-ton-esitleyici-serum-formik-asit-papaya-zerdecal-limon-otu-p-976775297?boutiqueId=61&merchantId=806570
kozmetik:kozmetik-vitrini,553,553,-28,33.8,20.8,788405388,403514,788405388:403514,"NIVEA MEN Erkek Sprey Deodorant Fresh Active 200ml, 48 Saat Ter Koruması, Avantajlı Boy, X3 Adet",NIVEA,NIVEA,392.53,436.15,-10,InStock,Son 3 günde 250+ ürün satıldı!,3,250,83.3,4.6,284,0,42,"[""Sepette %10 İndirim"",""Kargo Bedava""]",21 saat 52 dakika içinde sipariş verirsen en geç yarın kargoda!,carried_forward,3,https://www.trendyol.com/nivea/men-erkek-sprey-deodorant-fresh-active-200ml-48-saat-ter-korumasi-avantajli-boy-x3-adet-p-788405388?boutiqueId=61&merchantId=403514
kozmetik:makyaj,36,768,-3,33.8,40.3,1106945296,1028724,1106945296:1028724,Nail Master Protez Tırnak Kalıcı Oje Buffer 100-180 (1 Adet),Nail Master,,9.95,,0,InStock,Son 3 günde 500+ ürün satıldı!,3,500,166.7,4.2,,,,[],,listing_only,,https://www.trendyol.com/nail-master/protez-tirnak-kalici-oje-buffer-100-180-1-adet-p-1106945296?boutiqueId=61&merchantId=1028724
kozmetik:kozmetik-vitrini,261,261,71,33.7,25.5,838318036,138065,838318036:138065,Bargello Only One Erkek 50 ml Parfüm Edp,Bargello,Bargello,600,,100,InStock,Son 3 günde 500+ ürün satıldı!,3,500,166.7,4.050881277020286,1478,7,482,"[""Kargo Bedava""]",,refreshed,0,https://www.trendyol.com/bargello/only-one-erkek-50-ml-parfum-edp-p-838318036?boutiqueId=61&merchantId=138065
kozmetik:kozmetik-vitrini,696,696,,33.7,3.3,929242034,571412,929242034:571412,"NIVEA Luminous630 Skin Glow Anında Aydınlatıcı Serum 30ml, Niasinamid",NIVEA,,252.18,271.16,,InStock,,,,,4.4,,,,"[""Sepette %7 İndirim""]",,listing_only,,https://www.trendyol.com/nivea/luminous630-skin-glow-aninda-aydinlatici-serum-30ml-niasinamid-p-929242034?boutiqueId=61&merchantId=571412
kozmetik:makyaj,170,902,35,33.7,2,32041635,107819,32041635:107819,L'Oreal Paris True Match Bakım Yapan Fondöten - 2N Nötr Alt Ton,L'Oreal Paris True,,869.9,922.46,0,InStock,,,,,4.6,,,,"[""130 TL Kupon"",""Kargo Bedava"",""Son 10 Günün En Düşük Fiyatı""]",,listing_only,,https://www.trendyol.com/l-oreal-paris/true-match-bakim-yapan-fondoten-2n-notr-alt-ton-p-32041635?boutiqueId=61&merchantId=107819
kozmetik:kozmetik-vitrini,124,124,22,33.6,10.9,776223857,856334,776223857:856334,ÖZDEN ÖZDOĞAN Gül Mayası Aydınlatıcı ve Gözenek Sıkılaştırıcı Tonik 200 ml.,ÖZDEN ÖZDOĞAN,ÖZDEN ÖZDOĞAN,699.99,,0,InStock,Son 3 günde 250+ ürün satıldı!,3,250,83.3,4.573336300912531,4839,4,1210,"[""Sepette %60 İndirim"",""Kargo Bedava""]",,refreshed,0,https://www.trendyol.com/ozden-ozdogan/gul-mayasi-aydinlatici-ve-gozenek-sikilastirici-tonik-200-ml-p-776223857?boutiqueId=61&merchantId=856334
kozmetik:kozmetik-vitrini,511,511,,33.6,11,344624729,716097,344624729:716097,Baga Nioli Yağı Formüllü Ph Dengeleyici Enfeksiyon Giderici Koku Önleyici Genital Bölge Temizleme Köpüğü,Baga,,259.47,,,InStock,Son 3 günde 250+ ürün satıldı!,3,250,83.3,4.5,,,,"[""Sepette %7 İndirim""]",,listing_only,,https://www.trendyol.com/baga/nioli-yagi-formullu-ph-dengeleyici-enfeksiyon-giderici-koku-onleyici-genital-bolge-temizleme-kopugu-p-344624729?boutiqueId=61&merchantId=716097
kozmetik:makyaj,255,987,-45,33.6,9.8,951780978,107302,951780978:107302,Sinoz Vitamin Kokteyl-Nemlendirici Besleyici Onarıcı Yüz Kremi (Vitamin C+ B3 +B5 +E) ve Makyaj Bazı 50Ml,Sinoz,Sinoz Kozmetik,328,378.68,-13.4,InStock,,,,,4.5,338,0,114,"[""Son 10 Günün En Düşük Fiyatı""]",8 saat 49 dakika içinde sipariş verirsen en geç bugün kargoda!,carried_forward,3,https://www.trendyol.com/sinoz/vitamin-kokteyl-nemlendirici-besleyici-onarici-yuz-kremi-vitamin-c-b3-b5-e-ve-makyaj-bazi-50ml-p-951780978?boutiqueId=61&merchantId=107302
kozmetik:kozmetik-vitrini,150,150,20,33.5,11.1,806014667,387700,806014667:387700,"KIKO Renkli Dudak Nemlendiricisi-Coloured Balm-08 Almond- Shea Yağı ve Besleyici A,E,C Vitaminleri",KIKO,Kiko Milano,749,,0,InStock,Son 3 günde 250+ ürün satıldı!,3,250,83.3,4.564434578862992,4637,4,226,"[""149 TL Kupon"",""Kargo Bedava"",""Trendyol Plus'a Özel""]",21 saat 52 dakika içinde sipariş verirsen yarın kargoda!,refreshed,0,https://www.trendyol.com/kiko/renkli-dudak-nemlendiricisi-coloured-balm-08-almond-shea-yagi-ve-besleyici-a-e-c-vitaminleri-p-806014667?boutiqueId=61&merchantId=387700
kozmetik:kozmetik-vitrini,321,321,-46,33.5,3.5,329090366,132640,329090366:132640,Nascita Açılır/kapanır Yüz Ustura Seti 2'li - 16,Nascita,altıntepeshop,139.45,149.95,-7,InStock,,,,,4.4,2067,0,341,"[""Sepette %7 İndirim""]",21 saat 49 dakika içinde sipariş verirsen Yarın kargoda,carried_forward,2,https://www.trendyol.com/nascita/acilir-kapanir-yuz-ustura-seti-2-li-16-p-329090366?boutiqueId=61&merchantId=132640
kozmetik:kozmetik-vitrini,530,530,-65,33.5,11.1,47228999,571412,47228999:571412,NIVEA Q10 Sıkılaştırıcı C Vitamini Vücut Losyonu 250ml ve Nemlendirici Kiraz Çiçeği Vücut Losyonu 400ml,NIVEA,,374.16,,7.3,InStock,Son 3 günde 250+ ürün satıldı!,3,250,83.3,4.7,,,,[],,listing_only,,https://www.trendyol.com/nivea/q10-sikilastirici-c-vitamini-vucut-losyonu-250ml-ve-nemlendirici-kiraz-cicegi-vucut-losyonu-400ml-p-47228999?boutiqueId=61&merchantId=571412
kozmetik:kozmetik-vitrini,560,560,-363,33.5,5.1,924805033,217992,924805033:217992,MATSU Salted Spirit Saç & Vücut Misti 50 ml | Ahududu & Vanilya,MATSU,Matsu Professional,530.9,580.9,-22.7,InStock,,,,,4.2,1307,0,137,"[""Kargo Bedava""]",54 dakika 13 saniye içinde sipariş verirsen en geç bugün kargoda!,carried_forward,16,https://www.trendyol.com/matsu/salted-spirit-sac-vucut-misti-50-ml-ahududu-vanilya-p-924805033?boutiqueId=61&merchantId=217992
kozmetik:kozmetik-vitrini,641,641,-19,33.5,6.8,4486273,1081577,4486273:1081577,Golden Rose Lipliner - 212 - Dudak Kalemi,Golden Rose,,172.01,191.8,0,InStock,,,,,4.4,,,,"[""Son 10 Günün En Düşük Fiyatı""]",,listing_only,,https://www.trendyol.com/golden-rose/lipliner-212-dudak-kalemi-p-4486273?boutiqueId=61&merchantId=1081577
kozmetik:kozmetik-vitrini,729,729,-725,33.5,11,281950,803859,281950:803859,Essence I Love Crazy Volume Hacim Maskara,Essence,essence,302.9,,0,InStock,Son 3 günde 250+ ürün satıldı!,3,250,83.3,4.505340453938585,4686,4,333,"[""Kargo Bedava"",""Trendyol Plus'a Özel""]",,refreshed,0,https://www.trendyol.com/essence/i-love-crazy-volume-hacim-maskara-p-281950?boutiqueId=61&merchantId=803859
kozmetik:kozmetik-vitrini,65,65,59,33.4,25.8,1100692352,774845,1100692352:774845,NUTRAX Nutraxmen Kalıcı Erkek Parfüm EDP 50 ml Odunsu Baharatlı,NUTRAX,NUTRAX,940,,0,InStock,Son 3 günde 500+ ürün satıldı!,3,500,166.7,4.218937875751503,1347,5,355,"[""Kargo Bedava"",""Trendyol Plus'a Özel""]",,refreshed,0,https://www.trendyol.com/nutrax/nutraxmen-kalici-erkek-parfum-edp-50-ml-odunsu-baharatli-p-1100692352?boutiqueId=61&merchantId=774845
kozmetik:kozmetik-vitrini,100,100,146,33.4,11.2,3184549,969053,3184549:969053,Cosrx Advanced Snail 96 Mucin Power Essence 100ml - Salyangoz Özlü Nemlendirici ve Besleyici Esans,Cosrx,From Korea,685,,,InStock,Son 3 günde 250+ ürün satıldı!,3,250,83.3,4.441058228504734,4468,0,3301,"[""Kargo Bedava"",""Son 10 Günün En Düşük Fiyatı""]",,refreshed,0,https://www.trendyol.com/cosrx/advanced-snail-96-mucin-power-essence-100ml-salyangoz-ozlu-nemlendirici-ve-besleyici-esans-p-3184549?boutiqueId=61&merchantId=969053
kozmetik:kozmetik-vitrini,391,391,-32,33.4,11.2,791287969,337532,791287969:337532,Bioxcin Kaş Kirpik Serumu - Kolajen Hyaluronik Asit Hint Yağı Keratin Peptidleri B5 Biocomplex B11,Bioxcin,Pharmasya Kozmetik ve Sağlık,419.49,,-3.1,InStock,Son 3 günde 250+ ürün satıldı!,3,250,83.3,4.1,4479,0,1113,"[""Kargo Bedava""]",2 saat 51 dakika içinde sipariş verirsen en geç bugün kargoda!,carried_forward,3,https://www.trendyol.com/bioxcin/kas-kirpik-serumu-kolajen-hyaluronik-asit-hint-yagi-keratin-peptidleri-b5-biocomplex-b11-p-791287969?boutiqueId=61&merchantId=337532
kozmetik:kozmetik-vitrini,147,147,84,33.3,11.3,31072925,783049,31072925:783049,Bio-Oil Çatlak Karşıtı Nemlendirici Cilt Bakım Yağı 125 ml Leke Karşıtı Hamilelik Çatlakları İçin Vitamin E,Bio-Oil,SAGLIKOLSUN,349.72,,,InStock,Son 3 günde 250+ ürün satıldı!,3,250,83.3,4.3913657216798025,4347,-11,1818,"[""70 TL Kupon"",""20 TL Kupon"",""Kargo Bedava"",""Son 10 Günün En Düşük Fiyatı"",""Trendyol Plus'a Özel""]",21 saat 52 dakika içinde sipariş verirsen yarın kargoda!,refreshed,0,https://www.trendyol.com/bio-oil/catlak-karsiti-nemlendirici-cilt-bakim-yagi-125-ml-leke-karsiti-hamilelik-catlaklari-icin-vitamin-e-p-31072925?boutiqueId=61&merchantId=783049
kozmetik:kozmetik-vitrini,248,248,30,33.3,11.3,5297992,126700,5297992:126700,Golden Rose Long Lasting Lip Pencil - 203 - Dudak Kalemi,Golden Rose,GENÇSAYAR,73.82,,-1.6,InStock,Son 3 günde 250+ ürün satıldı!,3,250,83.3,4.659342177998894,4361,0,321,"[""Kargo Bedava"",""Trendyol Plus'a Özel""]",21 saat 50 dakika içinde sipariş verirsen yarın kargoda!,refreshed,0,https://www.trendyol.com/golden-rose/long-lasting-lip-pencil-203-dudak-kalemi-p-5297992?boutiqueId=61&merchantId=126700
kozmetik:kozmetik-vitrini,295,295,164,33.3,11.3,3748245,851567,3748245:851567,CeraVe Moisturising Cream Kuru ve Çok Kuru Ciltler İçin Nemlendirici Krem 50 ml,CeraVe,DermoVita Dermocosmetıcs,369.22,,-17.9,InStock,Son 3 günde 250+ ürün satıldı!,3,250,83.3,4.452862998385294,4403,-18,2301,"[""Kargo Bedava"",""789,90 TL Kupon"",""50 TL Kupon"",""Son 10 Günün En Düşük Fiyatı""]",,refreshed,0,https://www.trendyol.com/cerave/moisturising-cream-kuru-ve-cok-kuru-ciltler-icin-nemlendirici-krem-50-ml-p-3748245?boutiqueId=61&merchantId=851567
kozmetik:kozmetik-vitrini,216,216,37,33.2,26,947441664,164987,947441664:164987,The Purest Solutions Hidrokolloid Akne ve Sivilce Karşıtı & Yatıştırıcı Bant 36'lı Patch,The Purest Solutions,The Purest Solutions,199.9,,0,InStock,Son 3 günde 500+ ürün satıldı!,3,500,166.7,3.9036357218496294,1278,0,164,"[""Kargo Bedava""]",21 saat 51 dakika içinde sipariş verirsen yarın kargoda!,refreshed,0,https://www.trendyol.com/the-purest-solutions/hidrokolloid-akne-ve-sivilce-karsiti-yatistirici-bant-36-li-patch-p-947441664?boutiqueId=61&merchantId=164987
kozmetik:kozmetik-vitrini,570,570,-555,33.2,11.4,762249386,214643,762249386:214643,Bioderma Pigmentbio Foaming Cream Leke Karşıtı ve Peeling Etkili Aydınlatıcı Yıkama Jeli 500 ML,Bioderma,Farmakozmetika Sağlık Ürünleri,1260,,0,InStock,Son 3 günde 250+ ürün satıldı!,3,250,83.3,4.4,4227,0,3155,"[""Kargo Bedava""]",,carried_forward,2,https://www.trendyol.com/bioderma/pigmentbio-foaming-cream-leke-karsiti-ve-peeling-etkili-aydinlatici-yikama-jeli-500-ml-p-762249386?boutiqueId=61&merchantId=214643
kozmetik:kozmetik-vitrini,595,595,-31,33.2,26,754766166,852210,754766166:852210,GIGI MILANO Erkek Parfüm - Las Vegas Night Pour Homme Erkek Parfüm 50 Ml Afrodizyak erkek parfüm,GIGI MILANO,Gigi Milano,1980,,0,InStock,Son 3 günde 500+ ürün satıldı!,3,500,166.7,4.5,1277,0,,"[""Kargo Bedava""]",Tahmini Teslim:,carried_forward,11,https://www.trendyol.com/gigi-milano/erkek-parfum-las-vegas-night-pour-homme-erkek-parfum-50-ml-afrodizyak-erkek-parfum-p-754766166?boutiqueId=61&merchantId=852210
kozmetik:kozmetik-vitrini,523,523,-2,33.1,0,6646561,736424,6646561:736424,Flormar Asansörlü Aydınlatıcı Kaş Kalemi Uçuk Kahve -brow Up Highlighter Pencil-000 Champagne-8690604622269,Flormar,Flormar,337,,0,InStock,,,,,4.6,13892,0,366,[],Tahmini Teslim:,carried_forward,5,https://www.trendyol.com/flormar/asansorlu-aydinlatici-kas-kalemi-ucuk-kahve-brow-up-highlighter-pencil-000-champagne-8690604622269-p-6646561?boutiqueId=61&merchantId=736424
kozmetik:kozmetik-vitrini,572,572,32,33.1,11.5,87664864,310522,87664864:310522,Alix Avien Fondöten Fırçası - Foundation Brush,Alix Avien,Alix Avien,649.9,,0,InStock,Son 3 günde 250+ ürün satıldı!,3,250,83.3,4.6,4114,0,284,"[""Kargo Bedava""]",11 saat 50 dakika içinde sipariş verirsen en geç yarın kargoda!,carried_forward,9,https://www.trendyol.com/alix-avien/fondoten-fircasi-foundation-brush-p-87664864?boutiqueId=61&merchantId=310522
kozmetik:kozmetik-vitrini,652,652,,33.1,18.5,829236310,1168206,829236310:1168206,Gillette Proglide Tıraş Makinesi ve Yedek Bıçağı 4'lü + Tıraş Bıçağı Standı,Gillette,,658.42,707.98,,InStock,Son 3 günde 250+ ürün satıldı!,3,250,83.3,4.5,,,,"[""Sepette %7 İndirim"",""Kargo Bedava""]",,listing_only,,https://www.trendyol.com/gillette/proglide-tiras-makinesi-ve-yedek-bicagi-4-lu-tiras-bicagi-standi-p-829236310?boutiqueId=61&merchantId=1168206
kozmetik:kozmetik-vitrini,142,142,112,33,26.1,58750958,468928,58750958:468928,Opalescence Diş Macunu Beyazlatıcı 133 gr - 2 Adet Büyük Boy,Opalescence,Watsons,977.66,,0,InStock,Son 3 günde 500+ ürün satıldı!,3,500,166.7,4.586402266288951,1224,-1,151,"[""Kargo Bedava""]",,refreshed,0,https://www.trendyol.com/opalescence/dis-macunu-beyazlatici-133-gr-2-adet-buyuk-boy-p-58750958?boutiqueId=61&merchantId=468928
kozmetik:kozmetik-vitrini,591,591,-4,33,26.2,917843780,365501,917843780:365501,La Roche Posay Güneş Korumalı Cilt Bakım Seti: Effaclar Yüz Temizleme Jeli 400 ml & Anthelios Yüz Güneş Kremi 15ml,La Roche Posay,La Roche Posay,999.9,,0,InStock,Son 3 günde 500+ ürün satıldı!,3,500,166.7,4.5,1214,0,432,"[""Kargo Bedava""]",11 saat 56 dakika içinde sipariş verirsen en geç yarın kargoda!,carried_forward,23,https://www.trendyol.com/la-roche-posay/gunes-korumali-cilt-bakim-seti-effaclar-yuz-temizleme-jeli-400-ml-anthelios-yuz-gunes-kremi-15ml-p-917843780?boutiqueId=61&merchantId=365501
kozmetik:kozmetik-vitrini,64,64,-26,32.9,26.3,175354560,468928,175354560:468928,Revolution Reloaded Dare To Divulge Aydınlatıcı,Revolution,Watsons,249.9,,0.4,InStock,Son 3 günde 500+ ürün satıldı!,3,500,166.7,4.59834871296746,1171,3,201,"[""Sepette %7 İndirim"",""Kargo Bedava""]",21 saat 53 dakika içinde sipariş verirsen yarın kargoda!,refreshed,0,https://www.trendyol.com/revolution/reloaded-dare-to-divulge-aydinlatici-p-175354560?boutiqueId=61&merchantId=468928
kozmetik:kozmetik-vitrini,393,393,,32.9,4.1,161201384,138932,161201384:138932,Palmolive Moments Böğürtlen ve Orkide Özleri ile Nemlendirici Banyo ve Duş Jeli 500 ml x4 + Seyahat Kiti,Palmolive,,325.5,350,,InStock,,,,,4.8,,,,"[""Sepette %7 İndirim""]",,listing_only,,https://www.trendyol.com/palmolive/moments-bogurtlen-ve-orkide-ozleri-ile-nemlendirici-banyo-ve-dus-jeli-500-ml-x4-seyahat-kiti-p-161201384?boutiqueId=61&merchantId=138932
kozmetik:kozmetik-vitrini,640,640,-10,32.9,26.2,782194275,109162,782194275:109162,Maru.Derm Maruderm Azelaik Asit Solüsyon %10 Aydınlatıcı Leke Karşıtı Cilt Bakım Serumu 30 ml,Maru.Derm Maruderm,MARUDERM,293.18,,0,InStock,Son 3 günde 500+ ürün satıldı!,3,500,166.7,4.3,1185,0,1599,[],11 saat 53 dakika içinde sipariş verirsen en geç yarın kargoda!,carried_forward,15,https://www.trendyol.com/maru-derm/maruderm-azelaik-asit-solusyon-10-aydinlatici-leke-karsiti-cilt-bakim-serumu-30-ml-p-782194275?boutiqueId=61&merchantId=109162
kozmetik:kozmetik-vitrini,473,473,-286,32.8,28.4,857264549,1065469,857264549:1065469,Flormar Hacim Veren Besleyici Maskara (SİYAH) - Carefull Volume - 000 Black - 8682536084093,Flormar,Flormar,390,397.9,,InStock,Son 3 günde 500+ ürün satıldı!,3,500,166.7,4.3,633,0,48,"[""Kargo Bedava"",""Son 10 Günün En Düşük Fiyatı""]",,carried_forward,2,https://www.trendyol.com/flormar/hacim-veren-besleyici-maskara-siyah-carefull-volume-000-black-8682536084093-p-857264549?boutiqueId=61&merchantId=1065469
kozmetik:kozmetik-vitrini,403,403,-175,32.7,11.9,136542720,1304552,136542720:1304552,COSMED Arındırıcı ve Aydınlatıcı Toz Temizleyici/ Alight ENZYME PEELING POWDER 75GR,COSMED,Allita Kozmetik,699,,0,InStock,Son 3 günde 250+ ürün satıldı!,3,250,83.3,4.5,3668,0,1332,"[""Kargo Bedava""]",,carried_forward,2,https://www.trendyol.com/cosmed/arindirici-ve-aydinlatici-toz-temizleyici-alight-enzyme-peeling-powder-75gr-p-136542720?boutiqueId=61&merchantId=1304552
kozmetik:makyaj,95,827,-19,32.7,11.9,130502789,1096785,130502789:1096785,Flormar Nemlendirici Parlak Ruj- Sheer Up Lipstick - 009 Baby Girl - 8682536012072,Flormar,Flormar,378.5,,-0.3,InStock,Son 3 günde 250+ ürün satıldı!,3,250,83.3,4.6,3672,0,194,"[""Kargo Bedava""]",11 saat 53 dakika içinde sipariş verirsen en geç yarın kargoda!,carried_forward,28,https://www.trendyol.com/flormar/nemlendirici-parlak-ruj-sheer-up-lipstick-009-baby-girl-8682536012072-p-130502789?boutiqueId=61&merchantId=1096785
kozmetik:kozmetik-vitrini,568,568,,32.6,26.6,195626735,378048,195626735:378048,Clear Men Kepeğe Karşı Etkili Şampuan Cool Sport Menthol 350 ml x3,Clear,,459,,,InStock,Son 3 günde 500+ ürün satıldı!,3,500,166.7,4.7,,,,"[""Kargo Bedava""]",,listing_only,,https://www.trendyol.com/clear/men-kepege-karsi-etkili-sampuan-cool-sport-menthol-350-ml-x3-p-195626735?boutiqueId=61&merchantId=378048
kozmetik:kozmetik-vitrini,720,720,-13,32.6,8.6,76159593,179281,76159593:179281,Prokudent Ekstra Ferahlık Verici Ağız Spreyi 15 ml,Prokudent,HIZLI TOPTAN,119.86,135,0,InStock,,,,,4.1,475,0,98,"[""Son 10 Günün En Düşük Fiyatı""]",1 saat 53 dakika içinde sipariş verirsen en geç bugün kargoda!,carried_forward,24,https://www.trendyol.com/prokudent/ekstra-ferahlik-verici-agiz-spreyi-15-ml-p-76159593?boutiqueId=61&merchantId=179281
kozmetik:makyaj,93,825,-35,32.6,12,897607168,556702,897607168:556702,Cream Co. Nemlendirici Parlatıcı 3in1 Lip Balm | Dudak Bakım | Cupcake Rose Gülkurusu Hyaluronik Asit Seramid,Cream Co.,,269.9,,0,InStock,Son 3 günde 250+ ürün satıldı!,3,250,83.3,4.3,,,,[],,listing_only,,https://www.trendyol.com/cream-co/nemlendirici-parlatici-3in1-lip-balm-dudak-bakim-cupcake-rose-gulkurusu-hyaluronik-asit-seramid-p-897607168?boutiqueId=61&merchantId=556702
kozmetik:kozmetik-vitrini,675,675,-438,32.5,1.2,111675,105053,111675:105053,Avon Perceive Kadın Parfüm Edp 50 Ml.,Avon,Ume Kozmetik,564.9,586.9,,InStock,,,,,4.5,3999,0,444,"[""Kargo Bedava"",""Son 10 Günün En Düşük Fiyatı""]",2 saat 52 dakika içinde sipariş verirsen en geç bugün kargoda!,carried_forward,10,https://www.trendyol.com/avon/perceive-kadin-parfum-edp-50-ml-p-111675?boutiqueId=61&merchantId=105053
kozmetik:makyaj,197,929,-14,32.5,2.5,165549916,4473,165549916:4473,Flormar Nemlendirici Parlak Ruj (Mor-Kahve) - Sheer Up Sls. - 012 Intense Love - 8682536012102,Flormar,,379.99,399.99,0,InStock,,,,,4.7,,,,"[""Kargo Bedava"",""Son 10 Günün En Düşük Fiyatı""]",,listing_only,,https://www.trendyol.com/flormar/nemlendirici-parlak-ruj-mor-kahve-sheer-up-sls-012-intense-love-8682536012102-p-165549916?boutiqueId=61&merchantId=4473
kozmetik:kozmetik-vitrini,471,471,-323,32.4,4.6,78685184,998533,78685184:998533,Eyüp Sabri Tuncer Japon Kiraz Çiçeği Kolonyası 1 lt - Koruma Kilitli Kapak,Eyüp Sabri Tuncer,HORON TOPTAN,292.95,315,1,InStock,,,,,4.6,1484,0,206,"[""Sepette %7 İndirim""]",11 saat 53 dakika içinde sipariş verirsen en geç yarın kargoda!,carried_forward,18,https://www.trendyol.com/eyup-sabri-tuncer/japon-kiraz-cicegi-kolonyasi-1-lt-koruma-kilitli-kapak-p-78685184?boutiqueId=61&merchantId=998533
kozmetik:kozmetik-vitrini,475,475,-101,32.4,22.1,46662736,154491,46662736:154491,Silva Kağıt Sabun 5'li (5 PAKET X 20 ADET),Silva,Silva,251.1,279,-10,InStock,Son 3 günde 250+ ürün satıldı!,3,250,83.3,4.8,192,0,40,"[""Sepette %10 İndirim""]",12 saat 52 dakika içinde sipariş verirsen en geç bugün kargoda!,carried_forward,3,https://www.trendyol.com/silva/kagit-sabun-5-li-5-paket-x-20-adet-p-46662736?boutiqueId=61&merchantId=154491
kozmetik:kozmetik-vitrini,596,596,-119,32.4,26.8,830149257,324180,830149257:324180,Efsun Natural Kantaron Yağlı Bakım Kremi %100 Doğal Akne Ve Leke Karşıtı Nemlendirici Onarıcı Natural 29ml,Efsun Natural,Efsun Natural,398.9,,0,InStock,Son 3 günde 500+ ürün satıldı!,3,500,166.7,4.6,1015,0,783,"[""Son 10 Günün En Düşük Fiyatı"",""Süper Fırsat Ürünü""]",1 saat 52 dakika içinde sipariş verirsen en geç bugün kargoda!,carried_forward,20,https://www.trendyol.com/efsun-natural/kantaron-yagli-bakim-kremi-100-dogal-akne-ve-leke-karsiti-nemlendirici-onarici-natural-29ml-p-830149257?boutiqueId=61&merchantId=324180
kozmetik:kozmetik-vitrini,108,108,95,32.3,26.9,866179587,685806,866179587:685806,DEMPOWER Şarjlı Ayak Törpüsü - Pedikür ve Ayak Bakım Aleti,DEMPOWER,İndirimSevinci,328,,0,InStock,Son 3 günde 500+ ürün satıldı!,3,500,166.7,4.027586206896552,992,2,342,"[""Sepette %7 İndirim"",""1.199 TL Kupon"",""15 TL Kupon"",""Kargo Bedava"",""Son 10 Günün En Düşük Fiyatı"",""Trendyol Plus'a Özel""]",,refreshed,0,https://www.trendyol.com/dempower/sarjli-ayak-torpusu-pedikur-ve-ayak-bakim-aleti-p-866179587?boutiqueId=61&merchantId=685806
kozmetik:kozmetik-vitrini,529,529,-53,32.3,12.2,1061861026,104968,1061861026:104968,JEONJU Pirinç Mayası Yüz Temizleme Jeli,JEONJU,Happy Center,299.99,,0,InStock,Son 3 günde 250+ ürün satıldı!,3,250,83.3,4.4,3322,0,709,[],12 saat 49 dakika içinde sipariş verirsen en geç bugün kargoda!,carried_forward,3,https://www.trendyol.com/jeonju/pirinc-mayasi-yuz-temizleme-jeli-p-1061861026?boutiqueId=61&merchantId=104968
kozmetik:kozmetik-vitrini,588,588,,32.3,26.9,982098565,107819,982098565:107819,Elseve Growth Booster Dökülme Karşıtı Saç Derisi Serumu 102ml,Elseve,,489.9,,,InStock,Son 3 günde 500+ ürün satıldı!,3,500,166.7,4.2,,,,[],,listing_only,,https://www.trendyol.com/elseve/growth-booster-dokulme-karsiti-sac-derisi-serumu-102ml-p-982098565?boutiqueId=61&merchantId=107819
kozmetik:kozmetik-vitrini,608,608,-75,32.3,12.2,732116882,556702,732116882:556702,Cream Co. Akne Karşıtı Gözenek Sıkılaştırıcı BHA PHA Niacinamide Tonik | Arındırıcı | Salisilik Asit | 200ML,Cream Co.,Cream Co.,269.9,,0,InStock,Son 3 günde 250+ ürün satıldı!,3,250,83.3,4.4,3321,0,1702,[],Tahmini Teslim:,carried_forward,6,https://www.trendyol.com/cream-co/akne-karsiti-gozenek-sikilastirici-bha-pha-niacinamide-tonik-arindirici-salisilik-asit-200ml-p-732116882?boutiqueId=61&merchantId=556702
kozmetik:kozmetik-vitrini,713,713,1,32.3,12.3,80032381,197243,80032381:197243,Omega Plus Bad Girl Gece Mavisi Geçici-renkli Amonyaksız Saç Boyası 250 ml,Omega Plus,kozmopol,192.91,,0,InStock,Son 3 günde 250+ ürün satıldı!,3,250,83.3,4.3,,,882,[],11 saat 54 dakika içinde sipariş verirsen en geç yarın kargoda!,carried_forward,21,https://www.trendyol.com/omega-plus/bad-girl-gece-mavisi-gecici-renkli-amonyaksiz-sac-boyasi-250-ml-p-80032381?boutiqueId=61&merchantId=197243
kozmetik:kozmetik-vitrini,99,99,,32.2,22.8,976670125,526177,976670125:526177,Mjcare Miracle Foot Peeling Pack - Çorap Tipi Ayak Peeling Maskesi 3'lü,Mjcare,Limonian Turkey,492.18,550,,InStock,Son 3 günde 250+ ürün satıldı!,3,250,83.3,4.625,156,,44,"[""Kargo Bedava"",""Son 10 Günün En Düşük Fiyatı"",""Son 10 günün en düşük fiyatı""]",,refreshed,0,https://www.trendyol.com/mjcare/miracle-foot-peeling-pack-corap-tipi-ayak-peeling-maskesi-3-lu-p-976670125?boutiqueId=61&merchantId=526177
kozmetik:kozmetik-vitrini,198,198,-60,32.2,27,786879237,1158462,786879237:1158462,NIVOSHE Ayak Kokusu Giderici Sprey Ayak Ayakkabı Terleme Ter Önleyici Ve Nemlendirici Ayakkabı Koku Spreyi,NIVOSHE,DEVACOS SAĞLIKLI YAŞAM ÜRÜNLERİ,234,,9.3,InStock,Son 3 günde 500+ ürün satıldı!,3,500,166.7,4.333333333333334,954,0,383,"[""319 TL Kupon"",""15 TL Kupon"",""151,57 TL Kupon"",""211,53 TL Kupon"",""20 TL Kupon"",""Kargo Bedava"",""Son 10 Günün En Düşük Fiyatı"",""Trendyol Plus'a Özel""]",,refreshed,0,https://www.trendyol.com/nivoshe/ayak-kokusu-giderici-sprey-ayak-ayakkabi-terleme-ter-onleyici-ve-nemlendirici-ayakkabi-koku-spreyi-p-786879237?boutiqueId=61&merchantId=1158462
kozmetik:kozmetik-vitrini,503,503,-98,32.2,13.6,820077851,105153,820077851:105153,L'Oreal Paris Infaillible 24H Brow Lamination Şeffaf Kaş Sabitleyici,L'Oreal Paris Infaillible,Daily Glow Shop,598.24,605.41,0,InStock,Son 3 günde 250+ ürün satıldı!,3,250,83.3,4.5,2275,0,85,"[""Kargo Bedava"",""Son 10 Günün En Düşük Fiyatı""]",11 saat 50 dakika içinde sipariş verirsen en geç yarın kargoda!,carried_forward,3,https://www.trendyol.com/l-oreal-paris/infaillible-24h-brow-lamination-seffaf-kas-sabitleyici-p-820077851?boutiqueId=61&merchantId=105153
kozmetik:makyaj,81,813,-6,32.2,12.3,805747594,107819,805747594:107819,Maybelline New York Lasting Drama Automatic Liner Göz Kalemi- Midnight Black - Siyah,Maybelline New York,,349,,24.7,InStock,Son 3 günde 250+ ürün satıldı!,3,250,83.3,4.5,,,,"[""52 TL Kupon""]",,listing_only,,https://www.trendyol.com/maybelline-new-york/lasting-drama-automatic-liner-goz-kalemi-midnight-black-siyah-p-805747594?boutiqueId=61&merchantId=107819
kozmetik:makyaj,100,832,,32.2,12.3,814330140,107819,814330140:107819,L'Oreal Paris Infaillible Makyaj Sabitleyici Sprey 75 ml - Makyajı Sabitleyen 36 Saate Kadar Kalıcı Sprey,L'Oreal Paris Infaillible,L'Oreal,575.96,,0,InStock,Son 3 günde 250+ ürün satıldı!,3,250,83.3,4.2,3224,0,205,"[""86 TL Kupon""]",1 saat 50 dakika içinde sipariş verirsen en geç bugün kargoda!,carried_forward,6,https://www.trendyol.com/l-oreal-paris/infaillible-makyaj-sabitleyici-sprey-75-ml-makyaji-sabitleyen-36-saate-kadar-kalici-sprey-p-814330140?boutiqueId=61&merchantId=107819
kozmetik:kozmetik-vitrini,101,101,-56,32.1,27,928922095,1983,928922095:1983,Helen's Home Bölmeli Makyaj Çantası Düzenleyici Seyahat Tipi Çanta Organizer,Helen's Home Bölmeli,Helen's Home,278,,4.6,InStock,Son 3 günde 500+ ürün satıldı!,3,500,166.7,4.288461538461538,944,8,52,"[""Kargo Bedava"",""Trendyol Plus'a Özel""]",,refreshed,0,https://www.trendyol.com/helen-s-home/bolmeli-makyaj-cantasi-duzenleyici-seyahat-tipi-canta-organizer-p-928922095?boutiqueId=61&merchantId=1983
kozmetik:kozmetik-vitrini,103,103,39,32.1,27.1,954976526,830154,954976526:830154,"CALLİEL Görünmeyen, Şeffaf & Doğal Bitişli Nemlendirici Etkili 50 SPF Makyaj Bazı 80 Ml",CALLİEL,Calliel,264.7,,32.4,InStock,Son 3 günde 500+ ürün satıldı!,3,500,166.7,4.279241306638568,929,23,375,"[""Kargo Bedava"",""Son 10 Günün En Düşük Fiyatı"",""Trendyol Plus'a Özel""]",21 saat 53 dakika içinde sipariş verirsen yarın kargoda!,refreshed,0,https://www.trendyol.com/calliel/gorunmeyen-seffaf-dogal-bitisli-nemlendirici-etkili-50-spf-makyaj-bazi-80-ml-p-954976526?boutiqueId=61&merchantId=830154
kozmetik:kozmetik-vitrini,49,49,40,32,14.1,174801440,468928,174801440:468928,Revolution Reloaded Palette Affection Sıcak Ve Işıltılı Ton 15'Li Far Paleti,Revolution,Watsons,296.9,299.9,0,InStock,Son 3 günde 250+ ürün satıldı!,3,250,83.3,4.565108094519859,2261,2,172,"[""Son 10 Günün En Düşük Fiyatı"",""Kargo Bedava"",""Son 10 günün en düşük fiyatı""]",,refreshed,0,https://www.trendyol.com/revolution/reloaded-palette-affection-sicak-ve-isiltili-ton-15-li-far-paleti-p-174801440?boutiqueId=61&merchantId=468928
kozmetik:kozmetik-vitrini,120,120,-3,32,23.8,984248054,1081577,984248054:1081577,Golden Rose Mood Defining Lipliner - 07 Taupe Brown - Kahverengi Dudak Kalemi,Golden Rose,Golden Rose,161.51,181.87,0,InStock,Son 3 günde 250+ ürün satıldı!,3,250,83.3,4.668202764976958,119,4,22,"[""Son 10 Günün En Düşük Fiyatı"",""Kargo Bedava"",""Son 10 günün en düşük fiyatı""]",21 saat 52 dakika içinde sipariş verirsen Yarın kargoda,refreshed,0,https://www.trendyol.com/golden-rose/mood-defining-lipliner-07-taupe-brown-kahverengi-dudak-kalemi-p-984248054?boutiqueId=61&merchantId=1081577
kozmetik:kozmetik-vitrini,57,57,13,31.9,56.4,1164644079,1003094,1164644079:1003094,CAVALYN Profesyonel İpek Kirpik Seti Doğal Görünümlü Kirpik Uygulama Kiti,CAVALYN,Cavalyn,449.9,,7.2,InStock,Son 3 günde 1B+ ürün satıldı!,3,1000,333.3,4.528,79,4,67,"[""Kargo Bedava""]",,refreshed,0,https://www.trendyol.com/cavalyn/profesyonel-ipek-kirpik-seti-dogal-gorunumlu-kirpik-uygulama-kiti-p-1164644079?boutiqueId=61&merchantId=1003094
kozmetik:kozmetik-vitrini,569,569,-169,31.9,27.2,982021345,830154,982021345:830154,CALLİEL Cilde Nüfuzu Kolaylaştıran Pamuk Tonik Pad 160 Adet,CALLİEL,Calliel,194.23,,20.6,InStock,Son 3 günde 500+ ürün satıldı!,3,500,166.7,4.5,893,0,96,"[""Sepette %7 İndirim""]",4 saat 47 dakika içinde sipariş verirsen en geç bugün kargoda!,carried_forward,7,https://www.trendyol.com/calliel/cilde-nufuzu-kolaylastiran-pamuk-tonik-pad-160-adet-p-982021345?boutiqueId=61&merchantId=830154
kozmetik:kozmetik-vitrini,689,689,,31.9,5.1,949467309,470117,949467309:470117,Agarta 3'Lü Set Doğal Florürsüz Misvak Aktif Nane Diş Macunu,Agarta,,400.93,431.11,,InStock,,,,,4.5,,,,"[""Sepette %7 İndirim"",""Kargo Bedava""]",,listing_only,,https://www.trendyol.com/agarta/3-lu-set-dogal-florursuz-misvak-aktif-nane-dis-macunu-p-949467309?boutiqueId=61&merchantId=470117
kozmetik:makyaj,128,860,-3,31.8,0,138200299,4473,138200299:4473,Flormar Işıltılı Kalıcı Göz Kalemi (BAKIR) - Extreme Tattoo Gel Pencil - 001 Glitzy Brown - 8682536028837,Flormar,,349.99,,0,InStock,,,,,4.6,,,,[],,listing_only,,https://www.trendyol.com/flormar/isiltili-kalici-goz-kalemi-bakir-extreme-tattoo-gel-pencil-001-glitzy-brown-8682536028837-p-138200299?boutiqueId=61&merchantId=4473
kozmetik:kozmetik-vitrini,628,628,1,31.7,4.3,81446294,208349,81446294:208349,Master Lashes Ipek Kirpik Yapıştırıcısı Orjinal Kore 5ml,Master Lashes,,177.81,189.08,0,InStock,,,,,3.9,,,,"[""Son 10 Günün En Düşük Fiyatı""]",,listing_only,,https://www.trendyol.com/master-lashes/ipek-kirpik-yapistiricisi-orjinal-kore-5ml-p-81446294?boutiqueId=61&merchantId=208349
kozmetik:kozmetik-vitrini,698,698,-66,31.7,27.5,892034432,1174892,892034432:1174892,The Ordinary Hyaluronic Acid 2% + B5 - Derinlemesine Nemlendirici Serum 30ml,The Ordinary,The Ordinary,595,,0,InStock,Son 3 günde 500+ ürün satıldı!,3,500,166.7,4.4,824,0,574,"[""Kargo Bedava""]",Tahmini Teslim:,carried_forward,7,https://www.trendyol.com/the-ordinary/hyaluronic-acid-2-b5-derinlemesine-nemlendirici-serum-30ml-p-892034432?boutiqueId=61&merchantId=1174892
kozmetik:makyaj,64,796,-15,31.7,12.8,134476073,1234176,134476073:1234176,SELİNBEAUTY Miracle Cc Krem 50 ml,SELİNBEAUTY,Selin Beauty,481.19,,0,InStock,Son 3 günde 250+ ürün satıldı!,3,250,83.3,4.5,2794,0,613,"[""Kargo Bedava""]",Tahmini Teslim:,carried_forward,3,https://www.trendyol.com/selinbeauty/miracle-cc-krem-50-ml-p-134476073?boutiqueId=61&merchantId=1234176
kozmetik:makyaj,162,894,,31.7,0,442953234,1096785,442953234:1096785,Flormar Yoğun Pigmentli Likit Allık (GÜL KURUSU) - Mood Booster Lbl. - 003 Thats Rosewood - 8682536043724,Flormar,Flormar,429.9,,,InStock,,,,,4.5,9248,0,226,"[""Kargo Bedava""]",9 saat 50 dakika içinde sipariş verirsen en geç bugün kargoda!,carried_forward,3,https://www.trendyol.com/flormar/yogun-pigmentli-likit-allik-gul-kurusu-mood-booster-lbl-003-thats-rosewood-8682536043724-p-442953234?boutiqueId=61&merchantId=1096785
kozmetik:kozmetik-vitrini,732,732,-13,31.6,3.7,804060378,145234,804060378:145234,S'GLAM MAKYAJ SÜNGERİ VE MEDIUM PUDRA SÜNGERİ SETİ,S'GLAM MAKYAJ,SGLAM,302,319,0,InStock,,,,,4.7,1936,0,126,"[""Son 10 Günün En Düşük Fiyatı""]",1 saat 51 dakika içinde sipariş verirsen en geç bugün kargoda!,carried_forward,10,https://www.trendyol.com/s-glam/makyaj-sungeri-ve-medium-pudra-sungeri-seti-p-804060378?boutiqueId=61&merchantId=145234
kozmetik:makyaj,168,900,-15,31.6,0,2951199,1161543,2951199:1161543,Skinfood Salmon Concealer Kapatıcı Krem (01) 10G,Skinfood,,565,,,InStock,,,,,4.5,,,,"[""Kargo Bedava""]",,listing_only,,https://www.trendyol.com/skinfood/salmon-concealer-kapatici-krem-01-10g-p-2951199?boutiqueId=61&merchantId=1161543
kozmetik:kozmetik-vitrini,143,143,155,31.5,27.7,947763056,1028724,947763056:1028724,Nail Master Yapışkan Tabaka Temizleyici Kalıcı Oje Protez Tırnak Jel Kat Temizleme Cleanser Tüysüz Mendil Seti,Nail Master,Doğanlı Kozmetik,121.61,,0,InStock,Son 3 günde 500+ ürün satıldı!,3,500,166.7,4.548387096774194,775,5,90,"[""Kargo Bedava"",""Trendyol Plus'a Özel""]",,refreshed,0,https://www.trendyol.com/nail-master/yapiskan-tabaka-temizleyici-kalici-oje-protez-tirnak-jel-kat-temizleme-cleanser-tuysuz-mendil-seti-p-947763056?boutiqueId=61&merchantId=1028724
kozmetik:kozmetik-vitrini,310,310,83,31.5,13.1,148371923,105008,148371923:105008,"Bioderma Sensibio Foaming Gel Hassas, Normal Ciltler için Durulanan Micellar Temizleme Jeli 100 ml",Bioderma,,685.65,,,InStock,Son 3 günde 250+ ürün satıldı!,3,250,83.3,4.5,,,,"[""Kargo Bedava""]",,listing_only,,https://www.trendyol.com/bioderma/sensibio-foaming-gel-hassas-normal-ciltler-icin-durulanan-micellar-temizleme-jeli-100-ml-p-148371923?boutiqueId=61&merchantId=105008
kozmetik:makyaj,68,800,0,31.5,13.1,759107405,791156,759107405:791156,"The Ceel Sebum Dengeleyici, AydınlatıcıEtkili Tüm Cilt Tiplerine Uygun Centella Özlü Yüz Yıkama Jeli 200 ml",The Ceel,,253.69,,1,InStock,Son 3 günde 250+ ürün satıldı!,3,250,83.3,4.3,,,,"[""Son 10 Günün En Düşük Fiyatı""]",,listing_only,,https://www.trendyol.com/the-ceel/sebum-dengeleyici-aydinlaticietkili-tum-cilt-tiplerine-uygun-centella-ozlu-yuz-yikama-jeli-200-ml-p-759107405?boutiqueId=61&merchantId=791156
kozmetik:makyaj,118,850,-5,31.5,13.1,5217314,107819,5217314:107819,L'Oreal Paris Infaillible Tüm Yüze Uygulanabilir Kapatıcı 327 CoolRose Concealer,L'Oreal Paris Infaillible,L'Oreal,719.96,,0,InStock,Son 3 günde 250+ ürün satıldı!,3,250,83.3,4.5,2619,0,412,"[""107 TL Kupon"",""Kargo Bedava""]",11 saat 53 dakika içinde sipariş verirsen en geç yarın kargoda!,carried_forward,29,https://www.trendyol.com/l-oreal-paris/infaillible-tum-yuze-uygulanabilir-kapatici-327-coolrose-concealer-p-5217314?boutiqueId=61&merchantId=107819
kozmetik:kozmetik-vitrini,123,123,82,31.4,2.9,4049809,104886,4049809:104886,Missha Işıltılı ve Aydınlık Görünüm Sağlayan Makyaj Bazı M B.B Boomer 20ml,Missha,Missha Türkiye,335.66,350.79,0,InStock,,,,,4.35834680212422,2445,0,577,"[""Son 10 Günün En Düşük Fiyatı"",""Sepette %25 İndirim"",""Sepette %50 İndirim"",""688,66 TL Kupon"",""250 TL Kupon"",""Kargo Bedava"",""Son 10 günün en düşük fiyatı"",""Trendyol Plus'a Özel""]",,refreshed,0,https://www.trendyol.com/missha/isiltili-ve-aydinlik-gorunum-saglayan-makyaj-bazi-m-b-b-boomer-20ml-p-4049809?boutiqueId=61&merchantId=104886
kozmetik:kozmetik-vitrini,300,300,249,31.4,27.8,900145643,830154,900145643:830154,"CALLİEL Leke Karşıtı Etkili, Aydınlatıcı Cilt Tonu Eşitleyici Blemish Bubble 120 Ml",CALLİEL,Calliel,199.9,,0,InStock,Son 3 günde 500+ ürün satıldı!,3,500,166.7,4.232176656151419,760,29,558,"[""Kargo Bedava"",""Son 10 Günün En Düşük Fiyatı""]",21 saat 49 dakika içinde sipariş verirsen yarın kargoda!,refreshed,0,https://www.trendyol.com/calliel/leke-karsiti-etkili-aydinlatici-cilt-tonu-esitleyici-blemish-bubble-120-ml-p-900145643?boutiqueId=61&merchantId=830154
kozmetik:kozmetik-vitrini,546,546,-53,31.4,13.1,6062531,488161,6062531:488161,Igora Royal Özel Seriler 0-22 Turuncu Azaltıcı Saç Boyası 60ml,Igora,MAS BEAUTY,472,,0,InStock,Son 3 günde 250+ ürün satıldı!,3,250,83.3,4.3,2567,0,2072,"[""Kargo Bedava""]",11 saat 53 dakika içinde sipariş verirsen en geç yarın kargoda!,carried_forward,24,https://www.trendyol.com/igora/royal-ozel-seriler-0-22-turuncu-azaltici-sac-boyasi-60ml-p-6062531?boutiqueId=61&merchantId=488161
kozmetik:kozmetik-vitrini,658,658,-116,31.4,20.1,75774797,179281,75774797:179281,"ISANA Yuvarlak Pamuk Makyaj Temizleme İçin, 140 adet",ISANA,,102.3,110,0,InStock,Son 3 günde 250+ ürün satıldı!,3,250,83.3,4.7,,,,"[""Sepette %7 İndirim""]",,listing_only,,https://www.trendyol.com/isana/yuvarlak-pamuk-makyaj-temizleme-icin-140-adet-p-75774797?boutiqueId=61&merchantId=179281
kozmetik:kozmetik-vitrini,670,670,-260,31.4,5.6,86328838,197243,86328838:197243,Omega Plus Bad Girl Mor Geçici-renkli Amonyaksız Saç Boyası 250 ml,Omega Plus,kozmopol,183.31,197.11,-8.2,InStock,,,,,4.3,1107,0,247,"[""Sepette %7 İndirim""]",11 saat 51 dakika içinde sipariş verirsen en geç yarın kargoda!,carried_forward,4,https://www.trendyol.com/omega-plus/bad-girl-mor-gecici-renkli-amonyaksiz-sac-boyasi-250-ml-p-86328838?boutiqueId=61&merchantId=197243
kozmetik:makyaj,267,999,-169,31.4,0,728921090,1084029,728921090:1084029,eliamora Bb Krem +50 Spf Yüksek Koruyucu Light,eliamora,Eczamed,565.97,,0,InStock,,,,,4.4,8530,0,2803,"[""Kargo Bedava""]",21 saat 50 dakika içinde sipariş verirsen en geç yarın kargoda!,carried_forward,3,https://www.trendyol.com/eliamora/bb-krem-50-spf-yuksek-koruyucu-light-p-728921090?boutiqueId=61&merchantId=1084029
kozmetik:kozmetik-vitrini,203,203,-22,31.3,11.2,888165744,137544,888165744:137544,İndirimKap Paslanmaz Çelik Dil Temizleyici Saklama Kutulu Dil Sıyırıcı Plak Temizleme Ağız Bakım Fırçası,İndirimKap,Eymen Ticaret,174.92,199.99,0,InStock,,,,,4.439698492462312,221,0,32,"[""Sepette %7 İndirim"",""Kargo Bedava"",""Trendyol Plus'a Özel""]",,refreshed,0,https://www.trendyol.com/indirimkap/paslanmaz-celik-dil-temizleyici-saklama-kutulu-dil-siyirici-plak-temizleme-agiz-bakim-fircasi-p-888165744?boutiqueId=61&merchantId=137544
kozmetik:kozmetik-vitrini,226,226,-15,31.3,0,675164191,120843,675164191:120843,"Narcissa Sıkılaştıran Yengeç Jeli - , Sıkılaştırıcı, Selülit Ve Çatlak Giderici Jel 250ml",Narcissa,ONUR MARKET,333.33,,-3.9,InStock,,,,,4.226676482398608,8229,-69,4268,"[""Kargo Bedava""]",,refreshed,0,https://www.trendyol.com/narcissa/sikilastiran-yengec-jeli-sikilastirici-selulit-ve-catlak-giderici-jel-250ml-p-675164191?boutiqueId=61&merchantId=120843
kozmetik:kozmetik-vitrini,382,382,-188,31.3,13.7,797086527,885839,797086527:885839,"FRANKLY Renk Tonu Eşitleyici, Yaşlanma ve Gözenek Karşıtı Bakım Seti",FRANKLY,Frankly Türkiye,1290.3,1518,6.2,InStock,,,,,4.8,107,0,93,"[""Sepette %15 İndirim"",""Kargo Bedava""]",Tahmini Teslim:,carried_forward,27,https://www.trendyol.com/frankly/renk-tonu-esitleyici-yaslanma-ve-gozenek-karsiti-bakim-seti-p-797086527?boutiqueId=61&merchantId=885839
kozmetik:kozmetik-vitrini,390,390,-59,31.3,27.9,140511531,105029,140511531:105029,Urban Care Style Guide Islak Görünüm Sağlayan Wax - Güçlü Tutuş - Vegan - 100 ml 8680690705946,Urban Care,NEHİR STORES,274.76,,0,InStock,Son 3 günde 500+ ürün satıldı!,3,500,166.7,4.4,736,0,594,[],21 saat 50 dakika içinde sipariş verirsen en geç yarın kargoda!,carried_forward,3,https://www.trendyol.com/urban-care/style-guide-islak-gorunum-saglayan-wax-guclu-tutus-vegan-100-ml-8680690705946-p-140511531?boutiqueId=61&merchantId=105029
kozmetik:kozmetik-vitrini,685,685,-664,31.3,4.9,47457863,1155933,47457863:1155933,TTO Yüz Temizleme Jeli 500 ml Normal Akneli Rozalı Ciltler İçin Arındırıcı,TTO,TTO-JEOMED,755,805,,InStock,,,,,4.6,1353,0,756,"[""Kargo Bedava""]",57 dakika 7 saniye içinde sipariş verirsen en geç bugün kargoda!,carried_forward,28,https://www.trendyol.com/tto/yuz-temizleme-jeli-500-ml-normal-akneli-rozali-ciltler-icin-arindirici-p-47457863?boutiqueId=61&merchantId=1155933
kozmetik:kozmetik-vitrini,163,163,30,31.2,28,208551428,179281,208551428:179281,ISANA TIRAS BICAGI 6 BICAKLI SISTEM PACE MINI,ISANA,Rossmann,334,,0,InStock,Son 3 günde 500+ ürün satıldı!,3,500,166.7,4.428892215568863,715,1,258,"[""Kargo Bedava""]",21 saat 52 dakika içinde sipariş verirsen Yarın kargoda,refreshed,0,https://www.trendyol.com/isana/tiras-bicagi-6-bicakli-sistem-pace-mini-p-208551428?boutiqueId=61&merchantId=179281
kozmetik:kozmetik-vitrini,288,288,40,31.2,13.4,450534669,741333,450534669:741333,La Rachel Saç Dökülmesine Karşı Patentli Içeriğe Sahip Yeni Saç Oluşumunu Sağlayan Bilimsel Saç Serumu,La Rachel,La Rachel-Paris,437.87,,-20.2,InStock,Son 3 günde 250+ ürün satıldı!,3,250,83.3,4.2398891966759,2379,-53,1380,"[""Kargo Bedava"",""Trendyol Plus'a Özel""]",21 saat 50 dakika içinde sipariş verirsen yarın kargoda!,refreshed,0,https://www.trendyol.com/la-rachel/sac-dokulmesine-karsi-patentli-icerige-sahip-yeni-sac-olusumunu-saglayan-bilimsel-sac-serumu-p-450534669?boutiqueId=61&merchantId=741333
kozmetik:kozmetik-vitrini,687,687,-23,31.2,13.4,469836113,111134,469836113:111134,RESH LAB Unscented Cica Calming Daily Cream - Bariyer Onarıcı Nemlendirici Krem 50ml,RESH LAB,,638.95,,-7.4,InStock,Son 3 günde 250+ ürün satıldı!,3,250,83.3,4.5,,,,"[""Kargo Bedava""]",,listing_only,,https://www.trendyol.com/resh-lab/unscented-cica-calming-daily-cream-bariyer-onarici-nemlendirici-krem-50ml-p-469836113?boutiqueId=61&merchantId=111134
kozmetik:makyaj,241,973,,31.2,18.8,1155626229,210033,1155626229:210033,Lancome Lancôme Skin Science Club Beauty Box - Çanta Hediyeli 8690595236070,Lancome,LANCOME,1999,2499,0,InStock,,,,,3.883720930232558,24,1,0,"[""Kargo Bedava"",""Son 10 Günün En Düşük Fiyatı"",""Sepette %40 İndirim"",""Son 10 günün en düşük fiyatı""]",,refreshed,0,https://www.trendyol.com/lancome/lancome-skin-science-club-beauty-box-canta-hediyeli-8690595236070-p-1155626229?boutiqueId=61&merchantId=210033
kozmetik:makyaj,263,995,-100,31.2,2.7,250724045,154207,250724045:154207,d dece Primer Base Coat Top Coat Seti – Kalıcı Oje & Protez Tırnak İçin 3’lü Kat Seti 10ml,d dece,,127.53,132.77,0,InStock,,,,,4.3,,,,"[""Son 10 Günün En Düşük Fiyatı""]",,listing_only,,https://www.trendyol.com/d-dece/primer-base-coat-top-coat-seti-kalici-oje-protez-tirnak-icin-3-lu-kat-seti-10ml-p-250724045?boutiqueId=61&merchantId=154207
kozmetik:kozmetik-vitrini,243,243,276,31.1,28.1,1089826379,361197,1089826379:361197,Dr.Melaxin Kalsiyum İçerikli | Kırışıklık Karşıtı | Sıkılaştırıcı | Multi Balm 9gr,Dr.Melaxin,7co,917.53,,-8.2,InStock,Son 3 günde 500+ ürün satıldı!,3,500,166.7,4.448795180722891,701,39,211,"[""Kargo Bedava""]",,refreshed,0,https://www.trendyol.com/dr-melaxin/kalsiyum-icerikli-kirisiklik-karsiti-sikilastirici-multi-balm-9gr-p-1089826379?boutiqueId=61&merchantId=361197
kozmetik:kozmetik-vitrini,273,273,216,31.1,18.9,1133206753,1168742,1133206753:1168742,Mas'dala EGAR Profesyonel İpek Kirpik Seti Doğal Görünümlü Kirpik Uygulama Kiti,Mas'dala EGAR,Masdala EGAR,425.7,450.64,0,InStock,Son 3 günde 250+ ürün satıldı!,3,250,83.3,4.314789687924017,483,9,242,"[""Kargo Bedava"",""Son 10 Günün En Düşük Fiyatı"",""Son 10 günün en düşük fiyatı""]",21 saat 50 dakika içinde sipariş verirsen yarın kargoda!,refreshed,0,https://www.trendyol.com/mas-dala-egar/profesyonel-ipek-kirpik-seti-dogal-gorunumlu-kirpik-uygulama-kiti-p-1133206753?boutiqueId=61&merchantId=1168742
kozmetik:kozmetik-vitrini,722,722,-63,31.1,0,200363055,407401,200363055:407401,"JEJUDO 36 adet şeffaf bant, Hidrokolloid bant, Akne Bandı, Akne yaması",JEJUDO,,199.99,,16.1,InStock,,,,,3.9,,,,[],,listing_only,,https://www.trendyol.com/jejudo/36-adet-seffaf-bant-hidrokolloid-bant-akne-bandi-akne-yamasi-p-200363055?boutiqueId=61&merchantId=407401
kozmetik:kozmetik-vitrini,383,383,182,31,13.5,738912455,783683,738912455:783683,"Skin401 %2 Salisilik Asit BHA Tonik 200 ml – Arındırıcı, Siyah Nokta ve Gözenek Karşıtı, Sebum Dengeleyici",Skin401,Skin401,293.27,,0,InStock,Son 3 günde 250+ ürün satıldı!,3,250,83.3,4.3,2284,0,1370,[],11 saat 51 dakika içinde sipariş verirsen en geç yarın kargoda!,carried_forward,3,https://www.trendyol.com/skin401/2-salisilik-asit-bha-tonik-200-ml-arindirici-siyah-nokta-ve-gozenek-karsiti-sebum-dengeleyici-p-738912455?boutiqueId=61&merchantId=783683
kozmetik:kozmetik-vitrini,492,492,18,31,13.6,828915927,1149965,828915927:1149965,Avon Imarı Naturelle Kadın EDT,Avon,AvonShop,367.5,,,InStock,Son 3 günde 250+ ürün satıldı!,3,250,83.3,4.3,2233,0,211,"[""Kargo Bedava""]",1 saat 52 dakika içinde sipariş verirsen en geç bugün kargoda!,carried_forward,3,https://www.trendyol.com/avon/imari-naturelle-kadin-edt-p-828915927?boutiqueId=61&merchantId=1149965
kozmetik:kozmetik-vitrini,119,119,9,30.9,0,387050503,1115102,387050503:1115102,Golden Rose Emily Dudak Kalemi 3'lü Set No:203-222-226,Golden Rose,Osv Store,180,,-1,InStock,,,,,4.587923025879229,7312,-30,550,"[""Kargo Bedava"",""Son 10 Günün En Düşük Fiyatı""]",21 saat 52 dakika içinde sipariş verirsen yarın kargoda!,refreshed,0,https://www.trendyol.com/golden-rose/emily-dudak-kalemi-3-lu-set-no-203-222-226-p-387050503?boutiqueId=61&merchantId=1115102
kozmetik:kozmetik-vitrini,210,210,178,30.9,4,2870713,852603,2870713:852603,Cosrx Salicylic Acid Daily Gentle Cleanser 150ml - Jel Yüz Temizleyici,Cosrx,Cosrx Türkiye,385,404.66,0,InStock,,,,,4.5412303664921465,1772,-10,897,"[""Kargo Bedava"",""Son 10 Günün En Düşük Fiyatı"",""Son 10 günün en düşük fiyatı""]",,refreshed,0,https://www.trendyol.com/cosrx/salicylic-acid-daily-gentle-cleanser-150ml-jel-yuz-temizleyici-p-2870713?boutiqueId=61&merchantId=852603
kozmetik:kozmetik-vitrini,305,305,-24,30.9,28.3,1080497921,105153,1080497921:105153,L'Oreal Paris Revitalift Filler Glassy Skin Cam Cilt Görünümü Veren[Hyaluronik Asit] İçeren Nemlendirici Krem 50ml,L'Oreal Paris Revitalift,Daily Glow Shop,595.85,,0,InStock,Son 3 günde 500+ ürün satıldı!,3,500,166.7,4.4,659,0,389,"[""Kargo Bedava""]",21 saat 49 dakika içinde sipariş verirsen Yarın kargoda,carried_forward,2,https://www.trendyol.com/l-oreal-paris/revitalift-filler-glassy-skin-cam-cilt-gorunumu-veren-hyaluronik-asit-iceren-nemlendirici-krem-50ml-p-1080497921?boutiqueId=61&merchantId=105153
kozmetik:kozmetik-vitrini,325,325,-136,30.9,4.2,158325418,104886,158325418:104886,Missha Makyaj Temizleme Pamuğu 400 Adet Ultra Giant Cotton Pads,Missha,Missha Türkiye,355.88,374.9,0,InStock,,,,,4.7,1667,0,119,"[""Kargo Bedava"",""Son 10 Günün En Düşük Fiyatı""]",Tahmini Teslim:,carried_forward,5,https://www.trendyol.com/missha/makyaj-temizleme-pamugu-400-adet-ultra-giant-cotton-pads-p-158325418?boutiqueId=61&merchantId=104886
kozmetik:kozmetik-vitrini,599,599,-69,30.9,13.6,34463249,108880,34463249:108880,OGX Biotin & Kolajen Dolgunlaştırıcı Sülfatsız Şampuan 385 ml x2,OGX,,631.37,,31.4,InStock,Son 3 günde 250+ ürün satıldı!,3,250,83.3,4.4,,,,"[""Kargo Bedava""]",,listing_only,,https://www.trendyol.com/ogx/biotin-kolajen-dolgunlastirici-sulfatsiz-sampuan-385-ml-x2-p-34463249?boutiqueId=61&merchantId=108880
kozmetik:kozmetik-vitrini,656,656,,30.9,9.1,866951074,120331,866951074:120331,Croc Büyük Boy Bigudi 6Lı + (Saç Pensi 12Li) Cırtlı - Yapışkanlı Saç Bigudisi Mor (1215A),Croc,,301.5,335,,InStock,,,,,4.5,,,,"[""Sepette %10 İndirim""]",,listing_only,,https://www.trendyol.com/croc/buyuk-boy-bigudi-6li-sac-pensi-12li-cirtli-yapiskanli-sac-bigudisi-mor-1215a-p-866951074?boutiqueId=61&merchantId=120331
kozmetik:kozmetik-vitrini,213,213,,30.8,0.2,641272351,111600,641272351:111600,COSMED Yatıştırıcı Onarıcı Bariyer Kremi /Atopia 4C CICA CREAM 40 GR,COSMED,Cosmed Cosmeceuticals,342.05,345.51,,InStock,,,,,4.418336839774112,5276,,2089,"[""Son 10 Günün En Düşük Fiyatı"",""Kargo Bedava"",""Son 10 günün en düşük fiyatı""]",,refreshed,0,https://www.trendyol.com/cosmed/yatistirici-onarici-bariyer-kremi-atopia-4c-cica-cream-40-gr-p-641272351?boutiqueId=61&merchantId=111600
kozmetik:kozmetik-vitrini,609,609,31,30.8,28.4,1033265240,908896,1033265240:908896,mia klinika 72 Saat Etkili Su Bazlı Yoğun Nemlendirici Yüz Kremi,mia klinika,Mia Klinika,329,,0,InStock,Son 3 günde 500+ ürün satıldı!,3,500,166.7,4.4,639,0,233,[],Tahmini Teslim:,carried_forward,5,https://www.trendyol.com/mia-klinika/72-saat-etkili-su-bazli-yogun-nemlendirici-yuz-kremi-p-1033265240?boutiqueId=61&merchantId=908896
kozmetik:kozmetik-vitrini,704,704,-132,30.8,13.7,862790901,117151,862790901:117151,Bargello Just Feel Kadın Parfüm Edp 50 ml,Bargello,,300,,0,InStock,Son 3 günde 250+ ürün satıldı!,3,250,83.3,4.1,,,,[],,listing_only,,https://www.trendyol.com/bargello/just-feel-kadin-parfum-edp-50-ml-p-862790901?boutiqueId=61&merchantId=117151
kozmetik:makyaj,54,786,-13,30.8,28.4,1108843707,556702,1108843707:556702,Cream Co. Leke Karşıtı Aydınlatıcı Nemlendirici SPF50 Güneş Kremi | Niasinamid Hyalüronik Asit Peptit Seramid,Cream Co.,Cream Co.,289.6,,0,InStock,Son 3 günde 500+ ürün satıldı!,3,500,166.7,4.3,642,0,176,[],11 saat 57 dakika içinde sipariş verirsen en geç yarın kargoda!,carried_forward,10,https://www.trendyol.com/cream-co/leke-karsiti-aydinlatici-nemlendirici-spf50-gunes-kremi-niasinamid-hyaluronik-asit-peptit-seramid-p-1108843707?boutiqueId=61&merchantId=556702
kozmetik:makyaj,101,833,-23,30.8,13.8,421356030,1028724,421356030:1028724,Nail Master Kalıcı Oje Ve Protez Tırnak Jel Kurutucu Led Lamba 48w (NORMAL OJE KURUTMAZ),Nail Master,,349.08,,0,InStock,Son 3 günde 250+ ürün satıldı!,3,250,83.3,4.3,,,,[],,listing_only,,https://www.trendyol.com/nail-master/kalici-oje-ve-protez-tirnak-jel-kurutucu-led-lamba-48w-normal-oje-kurutmaz-p-421356030?boutiqueId=61&merchantId=1028724
kozmetik:makyaj,105,837,15,30.8,13.8,1262975,107819,1262975:107819,Maybelline New York Lash Sensational Yelpaze Etkili Siyah Maskara,Maybelline New York,L'Oreal,629.96,,0,InStock,Son 3 günde 250+ ürün satıldı!,3,250,83.3,4.6,2149,0,263,"[""94 TL Kupon"",""Kargo Bedava""]",11 saat 58 dakika içinde sipariş verirsen en geç yarın kargoda!,carried_forward,11,https://www.trendyol.com/maybelline-new-york/lash-sensational-yelpaze-etkili-siyah-maskara-p-1262975?boutiqueId=61&merchantId=107819
kozmetik:makyaj,111,843,-18,30.8,15.9,157528078,1028724,157528078:1028724,Nail Master Protez Tırnak Kalıcı Oje Full Set,Nail Master,,1599,1633.4,0,InStock,Son 3 günde 250+ ürün satıldı!,3,250,83.3,3.9,,,,"[""Kargo Bedava"",""Son 10 Günün En Düşük Fiyatı""]",,listing_only,,https://www.trendyol.com/nail-master/protez-tirnak-kalici-oje-full-set-p-157528078?boutiqueId=61&merchantId=1028724
kozmetik:makyaj,260,992,12,30.8,2,749788569,4473,749788569:4473,Flormar Besleyici Dudak Parlatıcısı - Dewy Lip Glaze - 021 Shine Today-8682536069380,Flormar,Flormar,349.99,359.99,-2.8,InStock,,,,,4.7,3139,0,156,"[""Son 10 Günün En Düşük Fiyatı""]",9 saat 48 dakika içinde sipariş verirsen en geç bugün kargoda!,carried_forward,3,https://www.trendyol.com/flormar/besleyici-dudak-parlaticisi-dewy-lip-glaze-021-shine-today-8682536069380-p-749788569?boutiqueId=61&merchantId=4473
kozmetik:kozmetik-vitrini,227,227,-18,30.7,13.8,270114277,942892,270114277:942892,ALFAGİFT Elektrikli USB Tırnak Törpü Seti Manikür Pedikür Protez Tırnak Ayak Nasır Ve Tırnak Mantar Makinesi,ALFAGİFT,Saravita,349.99,,0,InStock,Son 3 günde 250+ ürün satıldı!,3,250,83.3,3.7492928773463614,2103,0,836,"[""Sepette %7 İndirim"",""Sepette %3 İndirim"",""Kargo Bedava"",""Trendyol Plus'a Özel""]",,refreshed,0,https://www.trendyol.com/alfagift/elektrikli-usb-tirnak-torpu-seti-manikur-pedikur-protez-tirnak-ayak-nasir-ve-tirnak-mantar-makinesi-p-270114277?boutiqueId=61&merchantId=942892
kozmetik:kozmetik-vitrini,611,611,-21,30.7,13.8,846397384,107819,846397384:107819,Maybelline New York Lifter Liner Dudak Kalemi- 05 On It,Maybelline New York,L'Oreal,499.95,,0,InStock,Son 3 günde 250+ ürün satıldı!,3,250,83.3,4.6,2100,0,113,"[""74 TL Kupon""]",11 saat 48 dakika içinde sipariş verirsen en geç yarın kargoda!,carried_forward,9,https://www.trendyol.com/maybelline-new-york/lifter-liner-dudak-kalemi-05-on-it-p-846397384?boutiqueId=61&merchantId=107819
kozmetik:kozmetik-vitrini,649,649,25,30.7,28.5,917385346,361197,917385346:361197,"Dr.Melaxin Leke Karşıtı & Aydınlatıcı Güneş Kremi Çil Ve Koyu Leke Karşıtı, Spf50 /pa 50ml",Dr.Melaxin Leke,,949.05,,12.7,InStock,Son 3 günde 500+ ürün satıldı!,3,500,166.7,4.7,,,,"[""Kargo Bedava""]",,listing_only,,https://www.trendyol.com/dr-melaxin/leke-karsiti-aydinlatici-gunes-kremi-cil-ve-koyu-leke-karsiti-spf50-pa-50ml-p-917385346?boutiqueId=61&merchantId=361197
kozmetik:makyaj,94,826,-20,30.7,15.9,1051438132,1046771,1051438132:1046771,MAQYA KOZMETİK Fix Özel Keseli 13'lü Fırça Seti YEŞİL ve 4LÜ Sert Plastik Kutulu Makyaj Süngeri Seti 17 PARÇA,MAQYA KOZMETİK,,195.51,199.5,-2,InStock,Son 3 günde 250+ ürün satıldı!,3,250,83.3,3.7,,,,"[""Sepette %2 İndirim""]",,listing_only,,https://www.trendyol.com/maqya-kozmetik/fix-ozel-keseli-13-lu-firca-seti-yesil-ve-4lu-sert-plastik-kutulu-makyaj-sungeri-seti-17-parca-p-1051438132?boutiqueId=61&merchantId=1046771
kozmetik:makyaj,82,814,-12,30.6,14,955629063,126063,955629063:126063,Pastelya SİYAH- Suya Dayanıklı Çift Taraflı Eyeliner Damga Kalem Sağ Ve Sol Göz Uyumlu -(Bilgiler Açıklama Kısmında),Pastelya,,316.41,,9.8,InStock,Son 3 günde 250+ ürün satıldı!,3,250,83.3,3.5,,,,[],,listing_only,,https://www.trendyol.com/pastelya/siyah-suya-dayanikli-cift-tarafli-eyeliner-damga-kalem-sag-ve-sol-goz-uyumlu-bilgiler-aciklama-kisminda-p-955629063?boutiqueId=61&merchantId=126063
kozmetik:kozmetik-vitrini,516,516,-105,30.5,14,922442376,908896,922442376:908896,mia klinika Tiger Grass Ton Eşitleyici Kızarıklık Karşıtı 50 Spf Cica Krem 30 ml,mia klinika,Mia Klinika,349,,0,InStock,Son 3 günde 250+ ürün satıldı!,3,250,83.3,4.1,1977,0,,[],Tahmini Teslim:,carried_forward,12,https://www.trendyol.com/mia-klinika/tiger-grass-ton-esitleyici-kizariklik-karsiti-50-spf-cica-krem-30-ml-p-922442376?boutiqueId=61&merchantId=908896
kozmetik:kozmetik-vitrini,701,701,-93,30.5,14,467979111,145234,467979111:145234,S'GLAM Makyaj Süngeri,S'GLAM Makyaj,SGLAM,188.75,,0,InStock,Son 3 günde 250+ ürün satıldı!,3,250,83.3,4.5,1983,0,199,[],1 saat 53 dakika içinde sipariş verirsen en geç bugün kargoda!,carried_forward,28,https://www.trendyol.com/s-glam/makyaj-sungeri-p-467979111?boutiqueId=61&merchantId=145234
kozmetik:makyaj,158,890,,30.5,0,290335122,107819,290335122:107819,Maybelline New York Super Stay Vinyl Ink Uzun Süre Kalıcı Likit Parlak Ruj 35 Cheeky,Maybelline New York,,628.97,,,InStock,,,,,4.5,,,,"[""94 TL Kupon"",""Kargo Bedava""]",,listing_only,,https://www.trendyol.com/maybelline-new-york/super-stay-vinyl-ink-uzun-sure-kalici-likit-parlak-ruj-35-cheeky-p-290335122?boutiqueId=61&merchantId=107819
kozmetik:kozmetik-vitrini,256,256,-51,30.4,28.7,992534265,789349,992534265:789349,"Imprime Muse Intense EDP Kadın Parfüm 50 ml | Çiçeksi ve Gurman | Frenk Üzümü, Çikolata, Vanilya, Pralin",Imprime,Millstone,649,,-13.4,InStock,Son 3 günde 500+ ürün satıldı!,3,500,166.7,4.052966101694916,576,4,157,"[""20 TL Kupon"",""Kargo Bedava"",""Son 10 Günün En Düşük Fiyatı""]",21 saat 50 dakika içinde sipariş verirsen Yarın kargoda,refreshed,0,https://www.trendyol.com/imprime/muse-intense-edp-kadin-parfum-50-ml-ciceksi-ve-gurman-frenk-uzumu-cikolata-vanilya-pralin-p-992534265?boutiqueId=61&merchantId=789349
kozmetik:makyaj,113,845,-4,30.4,0,34361280,529402,34361280:529402,New Well Bitkisel Maskara - Bio-Herbal Bitkisel Mascara 7 in 1 8680923313184,New Well,,299.9,,0,InStock,,,,,4.2,,,,"[""Son 10 Günün En Düşük Fiyatı"",""Süper Fırsat Ürünü""]",,listing_only,,https://www.trendyol.com/new-well/bitkisel-maskara-bio-herbal-bitkisel-mascara-7-in-1-8680923313184-p-34361280?boutiqueId=61&merchantId=529402
kozmetik:kozmetik-vitrini,293,293,-124,30.3,14.3,905023641,1060158,905023641:1060158,PHELSİUM Dökülme Karşıtı Kemik İlikli Bakım Şampuanı 500 ml,PHELSİUM,Online Sipariş,359,,12.5,InStock,Son 3 günde 250+ ürün satıldı!,3,250,83.3,4.190476190476191,1832,3,827,"[""Kargo Bedava"",""Sepette %18 İndirim""]",,refreshed,0,https://www.trendyol.com/phelsium/dokulme-karsiti-kemik-ilikli-bakim-sampuani-500-ml-p-905023641?boutiqueId=61&merchantId=1060158
kozmetik:kozmetik-vitrini,455,455,1,30.3,14.3,1103793175,126383,1103793175:126383,KOREACO Pirinç Özlü Mucize Bubble Clay Yüz Maskesi | Beyazlatıcı Aydınlatıcı Köpüren Yüz Maskesi 100 ml,KOREACO,,299,,0,InStock,Son 3 günde 250+ ürün satıldı!,3,250,83.3,4.4,,,,"[""Son 10 Günün En Düşük Fiyatı""]",,listing_only,,https://www.trendyol.com/koreaco/pirinc-ozlu-mucize-bubble-clay-yuz-maskesi-beyazlatici-aydinlatici-kopuren-yuz-maskesi-100-ml-p-1103793175?boutiqueId=61&merchantId=126383
kozmetik:kozmetik-vitrini,643,643,,30.3,0,79702648,707288,79702648:707288,ORNATE Boşnak Beyazlatıcı Nemlendirici Leke Kremi (BOSNİAN CREAM) 50ml,ORNATE,,289.99,,,InStock,,,,,4.1,,,,[],,listing_only,,https://www.trendyol.com/ornate/bosnak-beyazlatici-nemlendirici-leke-kremi-bosnian-cream-50ml-p-79702648?boutiqueId=61&merchantId=707288
kozmetik:kozmetik-vitrini,673,673,-123,30.3,28.9,1151876054,1058193,1151876054:1058193,"Ph Lab pHLab Hair Exosome, NAD+ & Triple PDRN Scalp Shot",Ph Lab,pH Lab,889,,0,InStock,Son 3 günde 500+ ürün satıldı!,3,500,166.7,4,551,0,382,"[""Kargo Bedava""]",Tahmini Teslim:,carried_forward,8,https://www.trendyol.com/ph-lab/phlab-hair-exosome-nad-triple-pdrn-scalp-shot-p-1151876054?boutiqueId=61&merchantId=1058193
kozmetik:makyaj,190,922,,30.3,0,722580301,630280,722580301:630280,Batekso Beyaz Papatya Desenli Makyaj Çantası - Büyük Boy,Batekso,,159.9,,0,InStock,,,,,4.8,,,,[],,listing_only,,https://www.trendyol.com/batekso/beyaz-papatya-desenli-makyaj-cantasi-buyuk-boy-p-722580301?boutiqueId=61&merchantId=630280
kozmetik:kozmetik-vitrini,174,174,105,30.2,14.3,177348930,106684,177348930:106684,Skin Sensual Daily Hydrating Moisturizer Cream Jojoba Oil Shea Butter 24 Saat Etkili Nemlendirici,Skin Sensual,Kozmetix House,699,,150,InStock,Son 3 günde 250+ ürün satıldı!,3,250,83.3,4.44057881773399,1821,2,387,"[""Sepette %60 İndirim"",""Sepette %2 İndirim"",""Kargo Bedava""]",,refreshed,0,https://www.trendyol.com/skin-sensual/daily-hydrating-moisturizer-cream-jojoba-oil-shea-butter-24-saat-etkili-nemlendirici-p-177348930?boutiqueId=61&merchantId=106684
kozmetik:kozmetik-vitrini,456,456,,30.2,14.4,952254431,791156,952254431:791156,The Ceel Saf Nioli Suyu Kötü Koku Önleyici İntim Bakım Toniği 100 ml,The Ceel,,263.04,,,InStock,Son 3 günde 250+ ürün satıldı!,3,250,83.3,4.4,,,,[],,listing_only,,https://www.trendyol.com/the-ceel/saf-nioli-suyu-kotu-koku-onleyici-intim-bakim-tonigi-100-ml-p-952254431?boutiqueId=61&merchantId=791156
kozmetik:kozmetik-vitrini,558,558,-67,30.2,21.4,1126250362,1168206,1126250362:1168206,Pantene Grow Abundant Sac Dökülmesine Karsı Sac Derisi Serumu 60ml,Pantene,P&G Türkiye,371.07,399,26.7,InStock,Son 3 günde 250+ ürün satıldı!,3,250,83.3,4.7,236,0,111,"[""Sepette %7 İndirim"",""Kargo Bedava""]",Tahmini Teslim:,carried_forward,30,https://www.trendyol.com/pantene/grow-abundant-sac-dokulmesine-karsi-sac-derisi-serumu-60ml-p-1126250362?boutiqueId=61&merchantId=1168206
kozmetik:kozmetik-vitrini,606,606,-53,30.2,14.4,464947503,1277709,464947503:1277709,TTO Yüz Temizleme Köpüğü Demodex'e Eğilimli Ciltler İçin 200 ml Aplikatörlü Thermal,TTO,ELF PHARMA,746.5,,0.2,InStock,Son 3 günde 250+ ürün satıldı!,3,250,83.3,4.6,1802,0,1013,"[""Kargo Bedava""]",11 saat 52 dakika içinde sipariş verirsen en geç yarın kargoda!,carried_forward,24,https://www.trendyol.com/tto/yuz-temizleme-kopugu-demodex-e-egilimli-ciltler-icin-200-ml-aplikatorlu-thermal-p-464947503?boutiqueId=61&merchantId=1277709
kozmetik:kozmetik-vitrini,636,636,20,30.2,11.6,1120452505,1072750,1120452505:1072750,"7GO 7GMF1 Şarjlı Ağız Duşu (Water Flosser) – 300ml Su Haznesi, 5 Başlıklı IPX6 Su Geçirmez Diş Temiz",7GO,7GO,1499,1699,18.7,InStock,,,,,4.5,197,0,191,"[""Kargo Bedava""]",10 saat 50 dakika içinde sipariş verirsen en geç bugün kargoda!,carried_forward,3,https://www.trendyol.com/7go/7gmf1-sarjli-agiz-dusu-water-flosser-300ml-su-haznesi-5-baslikli-ipx6-su-gecirmez-dis-temiz-p-1120452505?boutiqueId=61&merchantId=1072750
kozmetik:kozmetik-vitrini,502,502,-90,30.1,16,279082346,445169,279082346:445169,Kerastase Genesis Sérum Anti-Chute Fortifiant Güçsüz Saçlar Için Dökülme Karşıtı Serum 90ml,Kerastase,Salon Hair MAC,3050,3100,-1.6,InStock,Son 3 günde 250+ ürün satıldı!,3,250,83.3,4.2,1114,0,957,"[""Kargo Bedava""]",Tahmini Teslim:,carried_forward,5,https://www.trendyol.com/kerastase/genesis-serum-anti-chute-fortifiant-gucsuz-saclar-icin-dokulme-karsiti-serum-90ml-p-279082346?boutiqueId=61&merchantId=445169
kozmetik:kozmetik-vitrini,547,547,-313,30.1,4.4,409674,4473,409674:4473,Flormar Suya Dayanıklı Göz Kalemi - Koyu Kahverengi Waterproof,Flormar,Flormar,189.99,198.99,0,InStock,,,,,4.4,1597,0,76,"[""Son 10 Günün En Düşük Fiyatı""]",,carried_forward,2,https://www.trendyol.com/flormar/suya-dayanikli-goz-kalemi-koyu-kahverengi-waterproof-p-409674?boutiqueId=61&merchantId=4473
kozmetik:kozmetik-vitrini,585,585,-212,30.1,14.5,889164044,1087953,889164044:1087953,Flormar Baked Blush-on Yüksek Pigmentli & Doğal Işıltılı Fırınlanmış Allık,Flormar,Trendsin Evim,405,,0.7,InStock,Son 3 günde 250+ ürün satıldı!,3,250,83.3,4.5,1747,0,17,"[""Kargo Bedava""]",Tahmini Teslim:,carried_forward,26,https://www.trendyol.com/flormar/baked-blush-on-yuksek-pigmentli-dogal-isiltili-firinlanmis-allik-p-889164044?boutiqueId=61&merchantId=1087953
kozmetik:kozmetik-vitrini,490,490,196,30,0,256377241,1131837,256377241:1131837,Flormar Klasik Parlak Bitişli Yüksek Pigmentli Oje-nail Enamel- 077 Lıght Pınk New- 8682536035743,Flormar,,74.99,,,InStock,,,,,4.7,,,,[],,listing_only,,https://www.trendyol.com/flormar/klasik-parlak-bitisli-yuksek-pigmentli-oje-nail-enamel-077-light-pink-new-8682536035743-p-256377241?boutiqueId=61&merchantId=1131837
kozmetik:kozmetik-vitrini,376,376,-31,29.9,29.3,33351950,365501,33351950:365501,La Roche Posay Yağlı Ciltler İçin Güneş Seti: Anthelios Yüz Güneş Kremi SPF50+ 50ml & Effaclar Temizleme Jeli 50ml,La Roche Posay,La Roche Posay,879.9,,0,InStock,Son 3 günde 500+ ürün satıldı!,3,500,166.7,4.5,495,0,210,"[""Kargo Bedava""]",11 saat 56 dakika içinde sipariş verirsen en geç yarın kargoda!,carried_forward,23,https://www.trendyol.com/la-roche-posay/yagli-ciltler-icin-gunes-seti-anthelios-yuz-gunes-kremi-spf50-50ml-effaclar-temizleme-jeli-50ml-p-33351950?boutiqueId=61&merchantId=365501
kozmetik:kozmetik-vitrini,573,573,-74,29.9,0.1,762301016,109162,762301016:109162,Maru.Derm Yağ Bazlı Temizleyici - Yüz Ve Vücut Için Temizleme Yağı 200 ML,Maru.Derm Yağ,,194.49,,2,InStock,,,,,4.4,,,,[],,listing_only,,https://www.trendyol.com/maru-derm/yag-bazli-temizleyici-yuz-ve-vucut-icin-temizleme-yagi-200-ml-p-762301016?boutiqueId=61&merchantId=109162
kozmetik:kozmetik-vitrini,268,268,-27,29.8,29.4,1129696080,1058193,1129696080:1058193,Ph Lab pHLab Micro Spicule NAD+ PDRN Regenerating Shot,Ph Lab,pH Lab,839,,0,InStock,Son 3 günde 500+ ürün satıldı!,3,500,166.7,4.3263506063947075,483,2,360,"[""Kargo Bedava""]",,refreshed,0,https://www.trendyol.com/ph-lab/phlab-micro-spicule-nad-pdrn-regenerating-shot-p-1129696080?boutiqueId=61&merchantId=1058193
kozmetik:kozmetik-vitrini,545,545,-40,29.8,14.8,87502008,176850,87502008:176850,Genel Markalar Bit Spreyi Ve Şampuan Tarak Set,Genel Markalar,Onlinedermo,159,,0,InStock,Son 3 günde 250+ ürün satıldı!,3,250,83.3,4.4,1584,0,939,[],11 saat 51 dakika içinde sipariş verirsen en geç yarın kargoda!,carried_forward,3,https://www.trendyol.com/genel-markalar/bit-spreyi-ve-sampuan-tarak-set-p-87502008?boutiqueId=61&merchantId=176850
kozmetik:kozmetik-vitrini,676,676,0,29.8,14.7,160838387,908896,160838387:908896,"mia klinika Yağlı Akneli, Sivilceli Ve Kusurlu Ciltler İçin Yüz Yıkama Jeli",mia klinika,,279,,0,InStock,Son 3 günde 250+ ürün satıldı!,3,250,83.3,4.3,,,,[],,listing_only,,https://www.trendyol.com/mia-klinika/yagli-akneli-sivilceli-ve-kusurlu-ciltler-icin-yuz-yikama-jeli-p-160838387?boutiqueId=61&merchantId=908896
kozmetik:kozmetik-vitrini,238,238,-87,29.7,29.5,1136086325,830154,1136086325:830154,"CALLİEL SPF 50 Tüm Ciltler, Yüksek Koruma ve Nemlendirici Etkili Leke Karşıtı Güneş Kremi 80 ML",CALLİEL,Calliel,234.93,,18.7,InStock,Son 3 günde 500+ ürün satıldı!,3,500,166.7,4.175026680896478,461,20,180,"[""Kargo Bedava"",""Son 10 Günün En Düşük Fiyatı"",""Trendyol Plus'a Özel""]",21 saat 50 dakika içinde sipariş verirsen yarın kargoda!,refreshed,0,https://www.trendyol.com/calliel/spf-50-tum-ciltler-yuksek-koruma-ve-nemlendirici-etkili-leke-karsiti-gunes-kremi-80-ml-p-1136086325?boutiqueId=61&merchantId=830154
kozmetik:kozmetik-vitrini,301,301,-45,29.7,29.4,1145363788,1142754,1145363788:1142754,VULLY Glow Hera Argan yağlı besleyici ve Panthenol içerikli ışıltı veren Saç Parfümü 100 Ml,VULLY,ORABELLA KOZMETİK,499,,0,InStock,Son 3 günde 500+ ürün satıldı!,3,500,166.7,3.9,472,0,43,"[""Sepette %20 İndirim"",""Kargo Bedava""]",,carried_forward,2,https://www.trendyol.com/vully/glow-hera-argan-yagli-besleyici-ve-panthenol-icerikli-isilti-veren-sac-parfumu-100-ml-p-1145363788?boutiqueId=61&merchantId=1142754
kozmetik:kozmetik-vitrini,350,350,34,29.7,14.8,39346042,212174,39346042:212174,Genel Markalar Taze Misvak - Vakumlu Taze Misvak 5 Adet,Genel Markalar,Hicaz Pazarı Antalya,90.49,,-24.6,InStock,Son 3 günde 250+ ürün satıldı!,3,250,83.3,3.9,1572,0,443,[],10 saat 51 dakika içinde sipariş verirsen en geç bugün kargoda!,carried_forward,3,https://www.trendyol.com/genel-markalar/taze-misvak-vakumlu-taze-misvak-5-adet-p-39346042?boutiqueId=61&merchantId=212174
kozmetik:makyaj,106,838,-11,29.7,14.9,1091527848,556702,1091527848:556702,Cream Co. Leke Karşıtı Cilt Tonu Eşitleyici C Vitamini Nemlendirici Kapsül Yüz Kremi 50 ML | Tüm Cilt Tipleri,Cream Co.,,329.9,,0,InStock,Son 3 günde 250+ ürün satıldı!,3,250,83.3,4.2,,,,[],,listing_only,,https://www.trendyol.com/cream-co/leke-karsiti-cilt-tonu-esitleyici-c-vitamini-nemlendirici-kapsul-yuz-kremi-50-ml-tum-cilt-tipleri-p-1091527848?boutiqueId=61&merchantId=556702
kozmetik:makyaj,252,984,,29.7,4.5,32066675,104886,32066675:104886,"Missha Mükemmel Kapatıcı, Çok Fonksiyonlu BB MISSHA M Perfect Cover BB Cream Ex SPF42PA+++ No.25 20ml",Missha,,346.05,361.16,,InStock,,,,,4.4,,,,"[""Son 10 Günün En Düşük Fiyatı""]",,listing_only,,https://www.trendyol.com/missha/mukemmel-kapatici-cok-fonksiyonlu-bb-missha-m-perfect-cover-bb-cream-ex-spf42pa-no-25-20ml-p-32066675?boutiqueId=61&merchantId=104886
kozmetik:kozmetik-vitrini,412,412,54,29.6,15,901085661,1125806,901085661:1125806,EPİFY Epify Tüy Azaltıcı Papaya Sütü Epilasyon Sonrası Kıl Kökü Azaltıcı Papaya Gel,EPİFY,Epify,579,,0,InStock,Son 3 günde 250+ ürün satıldı!,3,250,83.3,3.8,1495,0,1992,"[""Kargo Bedava""]",Tahmini Teslim:,carried_forward,3,https://www.trendyol.com/epify/epify-tuy-azaltici-papaya-sutu-epilasyon-sonrasi-kil-koku-azaltici-papaya-gel-p-901085661?boutiqueId=61&merchantId=1125806
kozmetik:kozmetik-vitrini,438,438,-150,29.6,29.6,1145365033,1142754,1145365033:1142754,VULLY Glow Libera Argan yağlı besleyici ve Panthenol içerikli ışıltı veren Saç Parfümü 100 Ml,VULLY,ORABELLA KOZMETİK,499,,0,InStock,Son 3 günde 500+ ürün satıldı!,3,500,166.7,3.9,452,0,46,"[""Sepette %20 İndirim"",""Kargo Bedava""]",,carried_forward,2,https://www.trendyol.com/vully/glow-libera-argan-yagli-besleyici-ve-panthenol-icerikli-isilti-veren-sac-parfumu-100-ml-p-1145365033?boutiqueId=61&merchantId=1142754
kozmetik:makyaj,91,823,40,29.6,15,900571618,1082858,900571618:1082858,NYX Professional Makeup Face Glue Setting Spray Makyaj Sabitleme Spreyi,NYX Professional Makeup,Favoriyum,494.99,,,InStock,Son 3 günde 250+ ürün satıldı!,3,250,83.3,4.3,1493,0,168,"[""Kargo Bedava""]",12 saat 49 dakika içinde sipariş verirsen en geç bugün kargoda!,carried_forward,3,https://www.trendyol.com/nyx-professional-makeup/face-glue-setting-spray-makyaj-sabitleme-spreyi-p-900571618?boutiqueId=61&merchantId=1082858
kozmetik:kozmetik-vitrini,144,144,21,29.5,15,2870702,468928,2870702:468928,Cosrx Low Ph Good Morning Gel Cleanser 150ml,Cosrx,Watsons,379.9,,5.6,InStock,Son 3 günde 250+ ürün satıldı!,3,250,83.3,4.564522268747619,1481,-1,918,"[""Kargo Bedava""]",,refreshed,0,https://www.trendyol.com/cosrx/low-ph-good-morning-gel-cleanser-150ml-p-2870702?boutiqueId=61&merchantId=468928
kozmetik:kozmetik-vitrini,188,188,229,29.4,0.6,825535454,670880,825535454:670880,"NIVEA Q10 7 Günde Sıkılaştırıcı Vücut Bakım Losyonu 250ml, C Vitamini, Nemlendirici, Kolajen, X2 Adet",NIVEA,Köyceğiz Market,264.69,,7.5,InStock,,,,,4.608907600265899,4682,8,1192,"[""Sepette %7 İndirim"",""4 TL Kupon"",""Kargo Bedava""]",21 saat 51 dakika içinde sipariş verirsen Yarın kargoda,refreshed,0,https://www.trendyol.com/nivea/q10-7-gunde-sikilastirici-vucut-bakim-losyonu-250ml-c-vitamini-nemlendirici-kolajen-x2-adet-p-825535454?boutiqueId=61&merchantId=670880
kozmetik:kozmetik-vitrini,72,72,56,29.3,5.7,4051058,104886,4051058:104886,Missha Katlanabilir Profesyonel Kaş Usturası - Jileti Folding Eyebrow Trimmer 2 Adet,Missha,Missha Türkiye,156.65,164.9,-5,InStock,,,,,4.452132288946911,1078,-12,116,"[""Son 10 Günün En Düşük Fiyatı"",""Sepette %7 İndirim"",""10 TL Kupon"",""110 TL Kupon"",""Kargo Bedava"",""Son 10 günün en düşük fiyatı""]",,refreshed,0,https://www.trendyol.com/missha/katlanabilir-profesyonel-kas-usturasi-jileti-folding-eyebrow-trimmer-2-adet-p-4051058?boutiqueId=61&merchantId=104886
kozmetik:kozmetik-vitrini,623,623,-185,29.3,0.7,76158664,155078,76158664:155078,Gillette Sensor3 Tıraş Makinesi + 6 Yedek Tıraş Bıçağı,Gillette,,349.9,,0,InStock,,,,,4.5,,,,[],,listing_only,,https://www.trendyol.com/gillette/sensor3-tiras-makinesi-6-yedek-tiras-bicagi-p-76158664?boutiqueId=61&merchantId=155078
kozmetik:kozmetik-vitrini,664,664,-84,29.3,15.3,1135169672,1279865,1135169672:1279865,Embeauty Reactivate Saç Uzatan & Dökülme Karşıtı Güçlendirici Complex Serum 50 ML,Embeauty,,339.61,,0,InStock,Son 3 günde 250+ ürün satıldı!,3,250,83.3,4.1,,,,"[""Son 10 Günün En Düşük Fiyatı"",""Süper Fırsat Ürünü""]",,listing_only,,https://www.trendyol.com/embeauty/reactivate-sac-uzatan-dokulme-karsiti-guclendirici-complex-serum-50-ml-p-1135169672?boutiqueId=61&merchantId=1279865
kozmetik:kozmetik-vitrini,700,700,,29.3,0.7,662236,205639,662236:205639,Note Cosmetics Mineral Concealer Spf 15 Yoğun Kapatıcı Metal Başlıklı Göz Altı Kapatıcısı - 201 Açık,Note Cosmetics,,1085.43,,185.7,InStock,,,,,4.4,,,,"[""Sepette %65 İndirim"",""Kargo Bedava"",""Süper Fırsat Ürünü""]",,listing_only,,https://www.trendyol.com/note-cosmetics/mineral-concealer-spf-15-yogun-kapatici-metal-baslikli-goz-alti-kapaticisi-201-acik-p-662236?boutiqueId=61&merchantId=205639
kozmetik:makyaj,157,889,3,29.3,0.7,5217313,107819,5217313:107819,L'Oreal Paris L'Oréal Paris Infaillible 24H Tüm Yüze Uygulanabilir Kapatıcı - 326 Vanilla,L'Oreal Paris L'Oréal,,719.96,,0,InStock,,,,,4.4,,,,"[""107 TL Kupon"",""Kargo Bedava""]",,listing_only,,https://www.trendyol.com/l-oreal-paris/l-oreal-paris-infaillible-24h-tum-yuze-uygulanabilir-kapatici-326-vanilla-p-5217313?boutiqueId=61&merchantId=107819
kozmetik:kozmetik-vitrini,671,671,-231,29.2,15.4,155796537,105029,155796537:105029,Urban Care Style Guide Deniz Tuzu Etkili Doğal Dalga Sağlayan Saç Spreyi-vegan-200ml-Sea Salt Spray-Doğal Şekil,Urban Care,Urban Care,267,,0,InStock,Son 3 günde 250+ ürün satıldı!,3,250,83.3,4.3,1353,0,2290,[],1 saat 54 dakika içinde sipariş verirsen en geç bugün kargoda!,carried_forward,22,https://www.trendyol.com/urban-care/style-guide-deniz-tuzu-etkili-dogal-dalga-saglayan-sac-spreyi-vegan-200ml-sea-salt-spray-dogal-sekil-p-155796537?boutiqueId=61&merchantId=105029
kozmetik:makyaj,133,865,-23,29.2,0.8,771930938,556702,771930938:556702,Cream Co. Cilt Tonu Eşitleyici Aydınlatıcı Bariyer Güçlendirici Su Bazlı Nemlendirici Yüz Kremi İkili,Cream Co.,,499.9,,0,InStock,,,,,4.6,,,,"[""Kargo Bedava""]",,listing_only,,https://www.trendyol.com/cream-co/cilt-tonu-esitleyici-aydinlatici-bariyer-guclendirici-su-bazli-nemlendirici-yuz-kremi-ikili-p-771930938?boutiqueId=61&merchantId=556702
kozmetik:kozmetik-vitrini,239,239,77,29.1,0.9,145758980,1257116,145758980:1257116,Motto Plus Professional 2'li Brezilya Fönü Şampuan Keratin Saç Düzleştirici Botox Bakım Seti (400ML ŞAMPUAN + 400ML KERATİN),Motto Plus Professional,KBR,525,,0,InStock,,,,,4.137760022041603,4385,2,3424,"[""Kargo Bedava""]",21 saat 50 dakika içinde sipariş verirsen Yarın kargoda,refreshed,0,https://www.trendyol.com/motto-plus-professional/2-li-brezilya-fonu-sampuan-keratin-sac-duzlestirici-botox-bakim-seti-400ml-sampuan-400ml-keratin-p-145758980?boutiqueId=61&merchantId=1257116
kozmetik:kozmetik-vitrini,470,470,-101,29.1,0.9,465053750,135383,465053750:135383,LANBENA Siyah Nokta Maskesi & 60 Adet Siyah Nokta Bandı Nose Plants,LANBENA,,600,,0,InStock,,,,,4.4,,,,"[""Kargo Bedava""]",,listing_only,,https://www.trendyol.com/lanbena/siyah-nokta-maskesi-60-adet-siyah-nokta-bandi-nose-plants-p-465053750?boutiqueId=61&merchantId=135383
kozmetik:kozmetik-vitrini,708,708,-12,29.1,0.9,815786692,115975,815786692:115975,Arap Makyaj Dünyası Yoğun Kapatıcı Fondöten - Medium,Arap Makyaj Dünyası,Arap Makyaj Dünyası,799.99,,0,InStock,,,,,4.3,4284,0,3790,"[""Kargo Bedava""]",8 saat 50 dakika içinde sipariş verirsen en geç yarın kargoda!,carried_forward,31,https://www.trendyol.com/arap-makyaj-dunyasi/yogun-kapatici-fondoten-medium-p-815786692?boutiqueId=61&merchantId=115975
kozmetik:makyaj,198,930,-23,29.1,0.9,824138993,145234,824138993:145234,S'GLAM PINK TRANSPARAN PUDRA,S'GLAM PINK,,399,,0,InStock,,,,,4.4,,,,"[""Kargo Bedava""]",,listing_only,,https://www.trendyol.com/s-glam/pink-transparan-pudra-p-824138993?boutiqueId=61&merchantId=145234
kozmetik:kozmetik-vitrini,298,298,-55,29,30.2,1157874477,856334,1157874477:856334,ÖZDEN ÖZDOĞAN Pink Touch Tone-Up SPF 50 PA+++ Ton Eşitleyici Güneş Kremi 50 ml,ÖZDEN ÖZDOĞAN,ÖZDEN ÖZDOĞAN,699.99,,0,InStock,Son 3 günde 500+ ürün satıldı!,3,500,166.7,4.4287690179806365,382,3,160,"[""Sepette %60 İndirim"",""640 TL Kupon"",""438,78 TL Kupon"",""20 TL Kupon"",""Kargo Bedava"",""Trendyol Plus'a Özel""]",,refreshed,0,https://www.trendyol.com/ozden-ozdogan/pink-touch-tone-up-spf-50-pa-ton-esitleyici-gunes-kremi-50-ml-p-1157874477?boutiqueId=61&merchantId=856334
kozmetik:kozmetik-vitrini,338,338,144,29,9.1,1071762699,217992,1071762699:217992,MATSU Pillow Saç ve Vücut Misti 50 ml | Tatlı Notalar | Hair and Body Mist,MATSU,eczamall,568.09,618.09,-11.1,InStock,,,,,3.6,403,0,49,"[""Kargo Bedava""]",2 saat 50 dakika içinde sipariş verirsen en geç bugün kargoda!,carried_forward,9,https://www.trendyol.com/matsu/pillow-sac-ve-vucut-misti-50-ml-tatli-notalar-hair-and-body-mist-p-1071762699?boutiqueId=61&merchantId=217992
kozmetik:makyaj,142,874,-19,29,1,1262976,107819,1262976:107819,Maybelline New York Lash Sensational Yelpaze Etkili Suya Dayanıklı Siyah Maskara,Maybelline New York,L'Oreal,629.96,,0,InStock,,,,,4.5,4229,0,404,"[""94 TL Kupon"",""Kargo Bedava""]",21 saat 49 dakika içinde sipariş verirsen en geç yarın kargoda!,carried_forward,3,https://www.trendyol.com/maybelline-new-york/lash-sensational-yelpaze-etkili-suya-dayanikli-siyah-maskara-p-1262976?boutiqueId=61&merchantId=107819
kozmetik:makyaj,181,913,-19,29,1,2835726,1044116,2835726:1044116,Maybelline New York Instant Anti Age Eraser Kapatıcı - 00 Ivory,Maybelline New York,alin’,505,,-1.2,InStock,,,,,4.4,4187,0,1088,"[""Kargo Bedava""]",Tahmini Teslim:,carried_forward,12,https://www.trendyol.com/maybelline-new-york/instant-anti-age-eraser-kapatici-00-ivory-p-2835726?boutiqueId=61&merchantId=1044116
kozmetik:kozmetik-vitrini,316,316,-272,28.9,1.1,647438404,529402,647438404:529402,New Well Sıvı Allık (sedefli) No01,New Well,NEW WELL,299.9,,114.2,InStock,,,,,4.4,,,181,"[""Son 10 Günün En Düşük Fiyatı"",""Süper Fırsat Ürünü""]",11 saat 55 dakika içinde sipariş verirsen en geç yarın kargoda!,carried_forward,21,https://www.trendyol.com/new-well/sivi-allik-sedefli-no01-p-647438404?boutiqueId=61&merchantId=529402
kozmetik:kozmetik-vitrini,512,512,-209,28.9,15.7,1133750226,1264974,1133750226:1264974,AVEONIX Shine Veil Parlak Ruj 01 Nemlendirici Pürüzsüz Dolgun Dudak Etkili Lipstick,AVEONIX,Duru Kozmetik ve Sağlıklı Yaşam,349,,0,InStock,Son 3 günde 250+ ürün satıldı!,3,250,83.3,4.4,1221,0,339,[],Tahmini Teslim:,carried_forward,3,https://www.trendyol.com/aveonix/shine-veil-parlak-ruj-01-nemlendirici-puruzsuz-dolgun-dudak-etkili-lipstick-p-1133750226?boutiqueId=61&merchantId=1264974
kozmetik:kozmetik-vitrini,710,710,-416,28.9,1.1,85961,1081577,85961:1081577,Golden Rose Essential High Definition Lift Up & Great Volume Mascara - Black - Lift Up Ekstra Hacim Veren Siyah Maskara,Golden Rose,Negoria,245,,0,InStock,,,,,4.4,4128,0,303,[],Tahmini Teslim:,carried_forward,5,https://www.trendyol.com/golden-rose/essential-high-definition-lift-up-great-volume-mascara-black-lift-up-ekstra-hacim-veren-siyah-maskara-p-85961?boutiqueId=61&merchantId=1081577
kozmetik:makyaj,65,797,38,28.9,15.6,126662331,107819,126662331:107819,Maybelline New York Lash Sensational Sky High Maskara 7.2 ml & Mini Sky High Maskara 4.5 ml,Maybelline New York,,799,,14.3,InStock,Son 3 günde 250+ ürün satıldı!,3,250,83.3,4.6,,,,"[""119 TL Kupon"",""Kargo Bedava""]",,listing_only,,https://www.trendyol.com/maybelline-new-york/lash-sensational-sky-high-maskara-7-2-ml-mini-sky-high-maskara-4-5-ml-p-126662331?boutiqueId=61&merchantId=107819
kozmetik:makyaj,191,923,39,28.9,1.1,337429797,107819,337429797:107819,Maybelline New York Lash Sensational Sky High Cosmic Black Maskara,Maybelline New York,,698.95,,0,InStock,,,,,4.6,,,,"[""104 TL Kupon"",""Kargo Bedava""]",,listing_only,,https://www.trendyol.com/maybelline-new-york/lash-sensational-sky-high-cosmic-black-maskara-p-337429797?boutiqueId=61&merchantId=107819
kozmetik:kozmetik-vitrini,727,727,,28.8,1.2,32041644,105153,32041644:105153,L'Oreal Paris True Match Bakım Yapan Fondöten - 1.5N Nötr Alt Ton,L'Oreal Paris True,,690,,0,InStock,,,,,4.5,,,,"[""Kargo Bedava""]",,listing_only,,https://www.trendyol.com/l-oreal-paris/true-match-bakim-yapan-fondoten-1-5n-notr-alt-ton-p-32041644?boutiqueId=61&merchantId=105153
kozmetik:makyaj,155,887,12,28.8,8.3,1096028237,1081577,1096028237:1081577,Golden Rose Longest Lash Tubing Mascara - Siyah - Ekstra Uzunluk ve Takma Kirpik Etkili Siyah Maskara,Golden Rose,Golden Rose,346.9,373.23,0,InStock,,,,,4,521,0,49,"[""Son 10 Günün En Düşük Fiyatı""]",11 saat 51 dakika içinde sipariş verirsen en geç yarın kargoda!,carried_forward,10,https://www.trendyol.com/golden-rose/longest-lash-tubing-mascara-siyah-ekstra-uzunluk-ve-takma-kirpik-etkili-siyah-maskara-p-1096028237?boutiqueId=61&merchantId=1081577
kozmetik:kozmetik-vitrini,686,686,-19,28.7,1.3,7142491,1277709,7142491:1277709,TTO Yüz Temizleme Köpüğü Derin Temizlik ve Nemlendirme 200 ml Çay Ağacı Yağı ve Aloe Vera Thermal,TTO,,732.5,,0,InStock,,,,,4.5,,,,"[""Kargo Bedava""]",,listing_only,,https://www.trendyol.com/tto/yuz-temizleme-kopugu-derin-temizlik-ve-nemlendirme-200-ml-cay-agaci-yagi-ve-aloe-vera-thermal-p-7142491?boutiqueId=61&merchantId=1277709
kozmetik:kozmetik-vitrini,331,331,108,28.6,16,470330933,1304552,470330933:1304552,COSMED Nemlendirici Etkili Nazik Yüz Temizleme Jeli /Day to Day GENTLE CLEANSING GEL 400 ML,COSMED,,699,,,InStock,Son 3 günde 250+ ürün satıldı!,3,250,83.3,4.5,,,,"[""Kargo Bedava""]",,listing_only,,https://www.trendyol.com/cosmed/nemlendirici-etkili-nazik-yuz-temizleme-jeli-day-to-day-gentle-cleansing-gel-400-ml-p-470330933?boutiqueId=61&merchantId=1304552
kozmetik:kozmetik-vitrini,544,544,-6,28.6,6.4,805887532,1168206,805887532:1168206,Oral-B Pro Cross Action X-Filament Siyah Şarjlı Diş Fırçası Yedek Başlığı 4 Adet,Oral-B Pro,,740.9,779.9,-5,InStock,,,,,4.7,,,,"[""Sepette %5 İndirim"",""Kargo Bedava""]",,listing_only,,https://www.trendyol.com/oral-b/pro-cross-action-x-filament-siyah-sarjli-dis-fircasi-yedek-basligi-4-adet-p-805887532?boutiqueId=61&merchantId=1168206
kozmetik:makyaj,153,885,3,28.6,1.4,848182549,107819,848182549:107819,Maybelline New York Lash Sensational Sky High Burgundy Haze Maskara,Maybelline New York,,699.95,,0,InStock,,,,,4.3,,,,"[""104 TL Kupon"",""Kargo Bedava""]",,listing_only,,https://www.trendyol.com/maybelline-new-york/lash-sensational-sky-high-burgundy-haze-maskara-p-848182549?boutiqueId=61&merchantId=107819
kozmetik:makyaj,231,963,-40,28.6,1.4,49712374,107819,49712374:107819,Maybelline New York Baby Skin Gözenek Gizleyici Makyaj Bazı - Pore Eraser,Maybelline New York,L'Oreal,449.96,,0,InStock,,,,,4.4,3770,0,518,"[""67 TL Kupon""]",1 saat 50 dakika içinde sipariş verirsen en geç bugün kargoda!,carried_forward,6,https://www.trendyol.com/maybelline-new-york/baby-skin-gozenek-gizleyici-makyaj-bazi-pore-eraser-p-49712374?boutiqueId=61&merchantId=107819
kozmetik:makyaj,232,964,-25,28.6,1.4,35806981,105053,35806981:105053,Avon True Nourishing Dudak Yağı 7 Ml. Shimmering Petal,Avon,,206.97,,0,InStock,,,,,4.6,,,,[],,listing_only,,https://www.trendyol.com/avon/true-nourishing-dudak-yagi-7-ml-shimmering-petal-p-35806981?boutiqueId=61&merchantId=105053
kozmetik:kozmetik-vitrini,531,531,130,28.5,16.1,4050773,104886,4050773:104886,Missha Yarı Mat Görünümlü Uzun Süre Kalıcı Cushion Fondöten Magic Cushion Cover Lasting SPF50+/PA+++ No.21,Missha,,469.97,,0,InStock,Son 3 günde 250+ ürün satıldı!,3,250,83.3,4.3,,,,"[""Kargo Bedava""]",,listing_only,,https://www.trendyol.com/missha/yari-mat-gorunumlu-uzun-sure-kalici-cushion-fondoten-magic-cushion-cover-lasting-spf50-pa-no-21-p-4050773?boutiqueId=61&merchantId=104886
kozmetik:kozmetik-vitrini,663,663,,28.5,16.1,1096761604,117671,1096761604:117671,"Ashley Joy Ultra Parlaklık, Elektriklenme Karşıtı, Isı ve Neme Karşı Glow Etkili Koruyucu Saç Spreyi 150 ml",Ashley Joy,,556.9,,,InStock,Son 3 günde 250+ ürün satıldı!,3,250,83.3,4.4,,,,"[""Kargo Bedava""]",,listing_only,,https://www.trendyol.com/ashley-joy/ultra-parlaklik-elektriklenme-karsiti-isi-ve-neme-karsi-glow-etkili-koruyucu-sac-spreyi-150-ml-p-1096761604?boutiqueId=61&merchantId=117671
kozmetik:makyaj,159,891,-31,28.5,10.6,1081709359,779636,1081709359:779636,L'Oreal Paris Panorama Chromatic Maskara Bordeaux Cashmere,L'Oreal Paris Panorama,,704,774.9,,InStock,,,,,4.2,,,,"[""Kargo Bedava"",""Son 10 Günün En Düşük Fiyatı""]",,listing_only,,https://www.trendyol.com/l-oreal-paris/panorama-chromatic-maskara-bordeaux-cashmere-p-1081709359?boutiqueId=61&merchantId=779636
kozmetik:kozmetik-vitrini,159,159,-48,28.4,16.1,825533621,571412,825533621:571412,"NIVEA Yatıştırıcı Micellar Makyaj Temizleme Suyu Ve Aqua Rose Tonik 200ml, Pamuk Hediyeli Çeyiz Seti",NIVEA,NIVEA,304.19,,13.6,InStock,Son 3 günde 250+ ürün satıldı!,3,250,83.3,4.551379638439581,1078,1,113,"[""Kargo Bedava"",""Trendyol Plus'a Özel""]",21 saat 52 dakika içinde sipariş verirsen Yarın kargoda,refreshed,0,https://www.trendyol.com/nivea/yatistirici-micellar-makyaj-temizleme-suyu-ve-aqua-rose-tonik-200ml-pamuk-hediyeli-ceyiz-seti-p-825533621?boutiqueId=61&merchantId=571412
kozmetik:kozmetik-vitrini,290,290,47,28.4,18.6,929624244,145234,929624244:145234,S'GLAM WHITE SWAN TRANSPARAN PUDRA,S'GLAM WHITE,SGLAM,399,409,0,InStock,Son 3 günde 250+ ürün satıldı!,3,250,83.3,4.394123606889564,535,6,212,"[""Kargo Bedava"",""Son 10 Günün En Düşük Fiyatı"",""Son 10 günün en düşük fiyatı""]",,refreshed,0,https://www.trendyol.com/s-glam/white-swan-transparan-pudra-p-929624244?boutiqueId=61&merchantId=145234
kozmetik:kozmetik-vitrini,311,311,-19,28.4,8.6,842669752,525991,842669752:525991,Oral-B Diş Macunu - Şarjlı Diş Fırçaları için 4 Adet Muadil Pricesion Clean Yedek Başlık - 1 Adet Kapak,Oral-B Diş,hopsepete,185.07,199,-7,InStock,,,,,4.4,479,0,366,"[""Sepette %7 İndirim""]",,carried_forward,2,https://www.trendyol.com/oral-b/dis-macunu-sarjli-dis-fircalari-icin-4-adet-muadil-pricesion-clean-yedek-baslik-1-adet-kapak-p-842669752?boutiqueId=61&merchantId=525991
kozmetik:makyaj,104,836,-32,28.4,16.2,1146336295,1279865,1146336295:1279865,kyza skin Pearlized Glow BB Cream Light 01 SPF 50+ | Yoğun Işıltılı Cilt Görünümü 30 ml,kyza skin,,350,,0,InStock,Son 3 günde 250+ ürün satıldı!,3,250,83.3,4,,,,"[""Kargo Bedava""]",,listing_only,,https://www.trendyol.com/kyza-skin/pearlized-glow-bb-cream-light-01-spf-50-yogun-isiltili-cilt-gorunumu-30-ml-p-1146336295?boutiqueId=61&merchantId=1279865
kozmetik:makyaj,265,997,-27,28.4,1.6,871362598,556702,871362598:556702,Cream Co. Allık Ruj Göz Farı Glow Tint Rich Berry | Nemlendirici Makyaj | Pembe Bordo | Hyaluronik Asit Peptit,Cream Co.,,199.9,,0,InStock,,,,,4.4,,,,[],,listing_only,,https://www.trendyol.com/cream-co/allik-ruj-goz-fari-glow-tint-rich-berry-nemlendirici-makyaj-pembe-bordo-hyaluronik-asit-peptit-p-871362598?boutiqueId=61&merchantId=556702
kozmetik:kozmetik-vitrini,542,542,,28.3,1.7,242032693,383473,242032693:383473,Görkito Makyaj Süngeri - Lila,Görkito,,272.75,,0,InStock,,,,,4.5,,,,[],,listing_only,,https://www.trendyol.com/gorkito/makyaj-sungeri-lila-p-242032693?boutiqueId=61&merchantId=383473
kozmetik:kozmetik-vitrini,554,554,34,28.3,16.3,937504591,107819,937504591:107819,Elseve Dream Long Isı Koruyucu & Pürüzsüzleştirici Sprey Serum 150 Ml,Elseve,L'Oreal,349.9,,0,InStock,Son 3 günde 250+ ürün satıldı!,3,250,83.3,4.5,1037,0,185,[],1 saat 45 dakika içinde sipariş verirsen en geç bugün kargoda!,carried_forward,7,https://www.trendyol.com/elseve/dream-long-isi-koruyucu-puruzsuzlestirici-sprey-serum-150-ml-p-937504591?boutiqueId=61&merchantId=107819
kozmetik:kozmetik-vitrini,593,593,-192,28.3,16.3,816219059,1279865,816219059:1279865,Embeauty Cilt Yenileyici -Bariyer Güçlendirici ve Hyalüronik Asit-Panthenol içerikli Yoğun Nemlendirici Krem,Embeauty,,260.87,,0,InStock,Son 3 günde 250+ ürün satıldı!,3,250,83.3,4.3,,,,"[""Son 10 Günün En Düşük Fiyatı""]",,listing_only,,https://www.trendyol.com/embeauty/cilt-yenileyici-bariyer-guclendirici-ve-hyaluronik-asit-panthenol-icerikli-yogun-nemlendirici-krem-p-816219059?boutiqueId=61&merchantId=1279865
kozmetik:kozmetik-vitrini,597,597,-35,28.3,16.2,856093802,155056,856093802:155056,Oral White Diş Beyazlatıcı Diş Silgisi,Oral White,Oral White TR,129.99,,0,InStock,Son 3 günde 250+ ürün satıldı!,3,250,83.3,3.9,1049,0,167,[],2 saat 52 dakika içinde sipariş verirsen en geç bugün kargoda!,carried_forward,3,https://www.trendyol.com/oral-white/dis-beyazlatici-dis-silgisi-p-856093802?boutiqueId=61&merchantId=155056
kozmetik:makyaj,122,854,23,28.3,1.7,2784098,1305928,2784098:1305928,Mac M·A·CXIMAL Silky Matte Lipstick Nemlendirme Etkili Yoğun Renk Sağlayan Ruj - Velvet Teddy,Mac,MacHub,730,,0,InStock,,,,,4.6,3399,0,669,"[""Kargo Bedava""]",Tahmini Teslimat: 30 gün içinde,carried_forward,3,https://www.trendyol.com/mac/m-a-cximal-silky-matte-lipstick-nemlendirme-etkili-yogun-renk-saglayan-ruj-velvet-teddy-p-2784098?boutiqueId=61&merchantId=1305928
kozmetik:makyaj,139,871,2,28.3,1.7,1021191,858428,1021191:858428,NYX Professional Makeup Suya Dayanıklı Epic Ink Siyah Eyeliner,NYX Professional Makeup,L'Oreal,592.23,,,InStock,,,,,4.3,3421,0,153,"[""Kargo Bedava""]",21 saat 49 dakika içinde sipariş verirsen Yarın kargoda,carried_forward,2,https://www.trendyol.com/nyx-professional-makeup/suya-dayanikli-epic-ink-siyah-eyeliner-p-1021191?boutiqueId=61&merchantId=858428
kozmetik:makyaj,224,956,-2,28.3,1.7,329406276,145234,329406276:145234,S'GLAM Bb Krem Spf 30 Lıght 50ml,S'GLAM Bb,,469,,0,InStock,,,,,4.5,,,,"[""Kargo Bedava""]",,listing_only,,https://www.trendyol.com/s-glam/bb-krem-spf-30-light-50ml-p-329406276?boutiqueId=61&merchantId=145234
kozmetik:makyaj,251,983,,28.3,1.7,85082,149326,85082:149326,Bioderma Sensibio Foaming Gel Hassas ve Normal Ciltler için Durulanan Micellar Yüz Temizleme Jeli 200 ml,Bioderma,,869,,,InStock,,,,,4.5,,,,"[""Kargo Bedava""]",,listing_only,,https://www.trendyol.com/bioderma/sensibio-foaming-gel-hassas-ve-normal-ciltler-icin-durulanan-micellar-yuz-temizleme-jeli-200-ml-p-85082?boutiqueId=61&merchantId=149326
kozmetik:kozmetik-vitrini,169,169,-86,28.2,20.2,333070623,661897,333070623:661897,Genel Markalar MAYKİS Şeffaf Makyaj Çantası Taşıma Saplı Geniş Hacimli Kozmetik Çantası 24x17x7 cm,Genel Markalar,Maykis,167.71,174.26,0,InStock,Son 3 günde 250+ ürün satıldı!,3,250,83.3,4.662116040955631,333,3,57,"[""Son 10 Günün En Düşük Fiyatı"",""Kargo Bedava"",""Trendyol Plus'a Özel""]",,refreshed,0,https://www.trendyol.com/genel-markalar/maykis-seffaf-makyaj-cantasi-tasima-sapli-genis-hacimli-kozmetik-cantasi-24x17x7-cm-p-333070623?boutiqueId=61&merchantId=661897
kozmetik:makyaj,212,944,,28.2,1.8,6646567,4473,6646567:4473,Flormar 4'lü Makyaj Fırçası Seti (Allık-Fondöten-Far-Crease) - Makeup Brush Set - 8690604597772,Flormar,Flormar,629.99,,-3.1,InStock,,,,,4.7,3374,0,153,"[""Kargo Bedava""]",11 saat 47 dakika içinde sipariş verirsen en geç yarın kargoda!,carried_forward,7,https://www.trendyol.com/flormar/4-lu-makyaj-fircasi-seti-allik-fondoten-far-crease-makeup-brush-set-8690604597772-p-6646567?boutiqueId=61&merchantId=4473
kozmetik:kozmetik-vitrini,122,122,-53,28.1,1.9,3911060,468928,3911060:468928,Genel Markalar Reloaded Velvet Rose 15'Li Far Paleti,Genel Markalar,Watsons,299.9,,1.1,InStock,,,,,4.604178221482714,3222,-1,186,"[""Kargo Bedava""]",21 saat 52 dakika içinde sipariş verirsen yarın kargoda!,refreshed,0,https://www.trendyol.com/genel-markalar/reloaded-velvet-rose-15-li-far-paleti-p-3911060?boutiqueId=61&merchantId=468928
kozmetik:makyaj,99,831,-14,28.1,16.5,980932327,891275,980932327:891275,"Kremi BB Krem SPF50 Yüksek Kapatıcı, Nemlendirici, Ton Eşitleyici, Aydınlatıcı - Light(Açık)50ml",Kremi,Kremi,349.9,,0,InStock,Son 3 günde 250+ ürün satıldı!,3,250,83.3,4.2,972,0,255,"[""Son 10 Günün En Düşük Fiyatı""]",11 saat 55 dakika içinde sipariş verirsen en geç yarın kargoda!,carried_forward,11,https://www.trendyol.com/kremi/bb-krem-spf50-yuksek-kapatici-nemlendirici-ton-esitleyici-aydinlatici-light-acik-50ml-p-980932327?boutiqueId=61&merchantId=891275
kozmetik:makyaj,203,935,14,28.1,1.9,5217312,107819,5217312:107819,L'Oreal Paris Tüm Yüze Uygulanabilir Kapatıcı - Infaillible More Than Concealer 323 Fawn,L'Oreal Paris Tüm,,719.96,,0,InStock,,,,,4.3,,,,"[""107 TL Kupon"",""Kargo Bedava""]",,listing_only,,https://www.trendyol.com/l-oreal-paris/tum-yuze-uygulanabilir-kapatici-infaillible-more-than-concealer-323-fawn-p-5217312?boutiqueId=61&merchantId=107819
kozmetik:makyaj,235,967,,28.1,1.9,806013597,387700,806013597:387700,"KIKO Renkli Dudak Nemlendiricisi-Coloured Balm-06 Blackberry- Shea Yağı ve Besleyici A,E,C Vitaminleri",KIKO,,749,,,InStock,,,,,4.7,,,,"[""149 TL Kupon"",""Kargo Bedava""]",,listing_only,,https://www.trendyol.com/kiko/renkli-dudak-nemlendiricisi-coloured-balm-06-blackberry-shea-yagi-ve-besleyici-a-e-c-vitaminleri-p-806013597?boutiqueId=61&merchantId=387700
kozmetik:makyaj,248,980,,28.1,1.9,274286591,107819,274286591:107819,Garnier Micellar Kusursuz Makyaj Temizleme Suyu 200ML 2'li Set,Garnier,L'Oreal,385.74,,0,InStock,,,,,4.6,3280,0,166,[],21 saat 49 dakika içinde sipariş verirsen en geç yarın kargoda!,carried_forward,3,https://www.trendyol.com/garnier/micellar-kusursuz-makyaj-temizleme-suyu-200ml-2-li-set-p-274286591?boutiqueId=61&merchantId=107819
kozmetik:makyaj,144,876,-7,28,2,6646607,4473,6646607:4473,Flormar Ikili Kalemtıraş - Duo Sharpener - 050 - 8690604598601,Flormar,,166.99,,0,InStock,,,,,4.7,,,,"[""Son 10 Günün En Düşük Fiyatı""]",,listing_only,,https://www.trendyol.com/flormar/ikili-kalemtiras-duo-sharpener-050-8690604598601-p-6646607?boutiqueId=61&merchantId=4473
kozmetik:makyaj,187,919,,28,2,648965033,105153,648965033:105153,Maybelline New York Super Stay Vinyl Ink Uzun Süre Kalıcı Likit Parlak Ruj 120 Punchy,Maybelline New York,,563,,,InStock,,,,,4.6,,,,"[""Kargo Bedava""]",,listing_only,,https://www.trendyol.com/maybelline-new-york/super-stay-vinyl-ink-uzun-sure-kalici-likit-parlak-ruj-120-punchy-p-648965033?boutiqueId=61&merchantId=105153
kozmetik:kozmetik-vitrini,158,158,-29,27.9,31.2,1154028547,1119222,1154028547:1119222,Tikatti Takma Kirpik 600 Demet Kirpik Seti Kitap Model 30-40-50-60-80-100 D 6 Farklı Hacim,Tikatti,DİAR KOZMETİK,475,,0,InStock,Son 3 günde 500+ ürün satıldı!,3,500,166.7,4.337595907928389,280,9,126,"[""Kargo Bedava""]",,refreshed,0,https://www.trendyol.com/tikatti/takma-kirpik-600-demet-kirpik-seti-kitap-model-30-40-50-60-80-100-d-6-farkli-hacim-p-1154028547?boutiqueId=61&merchantId=1119222
kozmetik:kozmetik-vitrini,584,584,7,27.9,2.1,115462376,783049,115462376:783049,Sebamed Güneş Kremi SPF 50+ 50 ml UVA UVB Filtreli E Vitamini Üçlü Yüksek Koruma Çok Yönlü Yüz ve Vücut,Sebamed,Eczanedeyim,349.99,,0,InStock,,,,,4.3,3047,0,1394,[],2 saat 52 dakika içinde sipariş verirsen en geç bugün kargoda!,carried_forward,8,https://www.trendyol.com/sebamed/gunes-kremi-spf-50-50-ml-uva-uvb-filtreli-e-vitamini-uclu-yuksek-koruma-cok-yonlu-yuz-ve-vucut-p-115462376?boutiqueId=61&merchantId=783049
kozmetik:kozmetik-vitrini,705,705,-605,27.9,2.1,833526816,126383,833526816:126383,"Viejo Koltuk Altı, El, Ayak Terleme Antiperspirant Beyazlatıcı Etkili Unisex Roll-on 50 ml",Viejo,KOREACO,258.44,,-13.6,InStock,,,,,4.5,3057,0,520,"[""Son 10 Günün En Düşük Fiyatı""]",Tahmini Teslim:,carried_forward,27,https://www.trendyol.com/viejo/koltuk-alti-el-ayak-terleme-antiperspirant-beyazlatici-etkili-unisex-roll-on-50-ml-p-833526816?boutiqueId=61&merchantId=126383
kozmetik:makyaj,176,908,,27.9,2.1,183358724,107819,183358724:107819,Garnier Micellar Makyaj Temizleme Suyu 100 Ml,Garnier,L'Oreal,114.95,,0,InStock,,,,,4.5,3034,0,85,[],21 saat 50 dakika içinde sipariş verirsen Yarın kargoda,carried_forward,2,https://www.trendyol.com/garnier/micellar-makyaj-temizleme-suyu-100-ml-p-183358724?boutiqueId=61&merchantId=107819
kozmetik:makyaj,210,942,-14,27.9,2.1,262125576,4473,262125576:4473,Flormar Klasik Parlak Bitişli Yüksek Pigmentli Oje -nail Enamel- 352 Blackstar Red New- 8682536035934,Flormar,Yaşayan Işıltı Kozmetik,115,,0,InStock,,,,,4.8,3085,0,45,[],Tahmini Teslim:,carried_forward,26,https://www.trendyol.com/flormar/klasik-parlak-bitisli-yuksek-pigmentli-oje-nail-enamel-352-blackstar-red-new-8682536035934-p-262125576?boutiqueId=61&merchantId=4473
kozmetik:kozmetik-vitrini,67,67,-26,27.8,27.5,924134029,1168206,924134029:1168206,Pantene Güç ve Parlaklık Şampuan 800ml + Saç Kremi 500ml MEGA BOY,Pantene,P&G Türkiye,356.12,399,-16.7,InStock,Son 3 günde 250+ ürün satıldı!,3,250,83.3,4.678260869565217,40,4,15,"[""Sepette %7 İndirim"",""Kargo Bedava""]",,refreshed,0,https://www.trendyol.com/pantene/guc-ve-parlaklik-sampuan-800ml-sac-kremi-500ml-mega-boy-p-924134029?boutiqueId=61&merchantId=1168206
kozmetik:kozmetik-vitrini,149,149,15,27.8,16.8,339594943,1028724,339594943:1028724,"Nail Master M550 Kalıcı Oje 7,3ml Koyu Bordo",Nail Master,Doğanlı Kozmetik,89.73,,0,InStock,Son 3 günde 250+ ürün satıldı!,3,250,83.3,4.199749530369442,889,4,113,"[""Kargo Bedava"",""Trendyol Plus'a Özel""]",,refreshed,0,https://www.trendyol.com/nail-master/m550-kalici-oje-7-3ml-koyu-bordo-p-339594943?boutiqueId=61&merchantId=1028724
kozmetik:kozmetik-vitrini,155,155,6,27.8,16.8,962591397,556702,962591397:556702,Cream Co. Aydınlatıcı Kırışıklık Karşıtı Cilt Tonu Eşitleyici Su Bazlı Nemlendirici Göz Kremi İkili,Cream Co.,Cream Co.,449.9,,0,InStock,Son 3 günde 250+ ürün satıldı!,3,250,83.3,4.488721804511278,904,1,126,"[""Kargo Bedava"",""Trendyol Plus'a Özel""]",21 saat 52 dakika içinde sipariş verirsen yarın kargoda!,refreshed,0,https://www.trendyol.com/cream-co/aydinlatici-kirisiklik-karsiti-cilt-tonu-esitleyici-su-bazli-nemlendirici-goz-kremi-ikili-p-962591397?boutiqueId=61&merchantId=556702
kozmetik:kozmetik-vitrini,279,279,-1,27.8,2.2,88039952,217992,88039952:217992,MATSU Intensive Repair Saç Maskesi 350 ml | Yıpranmış Saçlar İçin Onarım,MATSU,Matsu Professional,553.26,,-20.5,InStock,,,,,4.473134653034588,2984,-18,805,"[""Kargo Bedava"",""Son 10 Günün En Düşük Fiyatı""]",,refreshed,0,https://www.trendyol.com/matsu/intensive-repair-sac-maskesi-350-ml-yipranmis-saclar-icin-onarim-p-88039952?boutiqueId=61&merchantId=217992
kozmetik:kozmetik-vitrini,485,485,-37,27.8,2.2,85429,783049,85429:783049,Sebamed Güneş Losyonu SPF 50+ 150 ml UVA UVB Filtreli E Vitamini Üçlü Yüksek Koruma Çok Yönlü Yüz ve Vücut,Sebamed,DermoShine Kozmetik,489.03,,0,InStock,,,,,4.1,2965,0,3221,"[""Kargo Bedava""]",11 saat 50 dakika içinde sipariş verirsen en geç yarın kargoda!,carried_forward,3,https://www.trendyol.com/sebamed/gunes-losyonu-spf-50-150-ml-uva-uvb-filtreli-e-vitamini-uclu-yuksek-koruma-cok-yonlu-yuz-ve-vucut-p-85429?boutiqueId=61&merchantId=783049
kozmetik:makyaj,72,804,24,27.8,16.8,1167213922,107035,1167213922:107035,Bobbi Brown Vitamin Enriched Face Base+ Nemlendirici Makyaj Bazı​ 15 ML,Bobbi Brown,Bobbi Brown,1750,,0,InStock,Son 3 günde 250+ ürün satıldı!,3,250,83.3,4.651263537906138,895,0,218,"[""Sepette %25 İndirim"",""Kargo Bedava"",""Süper Fırsat Ürünü""]",,refreshed,0,https://www.trendyol.com/bobbi-brown/vitamin-enriched-face-base-nemlendirici-makyaj-bazi-15-ml-p-1167213922?boutiqueId=61&merchantId=107035
kozmetik:makyaj,250,982,-32,27.8,2.2,303656881,4473,303656881:4473,Flormar Doğal Görünüm Veren Fırça Kapaklı & Yumuşak Uçlu Kaş Kalemi - 401 Beige - 8690604109418,Flormar,,231.99,,0,InStock,,,,,4.6,,,,[],,listing_only,,https://www.trendyol.com/flormar/dogal-gorunum-veren-firca-kapakli-yumusak-uclu-kas-kalemi-401-beige-8690604109418-p-303656881?boutiqueId=61&merchantId=4473
kozmetik:kozmetik-vitrini,237,237,313,27.7,2.3,307162325,207100,307162325:207100,Yves Rocher Sabitleyici Toz Pudra-Vegan-8.5g-70328,Yves Rocher,GüçlüSpor Giyim,802,,,InStock,,,,,4.512076224241081,2886,,179,"[""Kargo Bedava"",""Sepette %25 İndirim"",""Trendyol Plus'a Özel""]",21 saat 50 dakika içinde sipariş verirsen yarın kargoda!,refreshed,0,https://www.trendyol.com/yves-rocher/sabitleyici-toz-pudra-vegan-8-5g-70328-p-307162325?boutiqueId=61&merchantId=207100
kozmetik:kozmetik-vitrini,284,284,-69,27.7,31.5,895628961,1174892,895628961:1174892,The Ordinary Glycolic Acid 7% Exfoliating Toner - Aydınlatmaya ve Pürüzsüzleştirmeye Yardımcı Tonik 240ml,The Ordinary,The Ordinary,1120,,0,InStock,Son 3 günde 500+ ürün satıldı!,3,500,166.7,4.535714285714285,259,0,256,"[""Kargo Bedava"",""Sepette %1 İndirim""]",21 saat 50 dakika içinde sipariş verirsen yarın kargoda!,refreshed,0,https://www.trendyol.com/the-ordinary/glycolic-acid-7-exfoliating-toner-aydinlatmaya-ve-puruzsuzlestirmeye-yardimci-tonik-240ml-p-895628961?boutiqueId=61&merchantId=1174892
kozmetik:kozmetik-vitrini,441,441,5,27.7,16.9,885896576,556702,885896576:556702,Cream Co. Leke Karşıtı Nemlendirici Yüz Temizleme Jeli Niacinamide Hyalüronik Asit | 400 ML | Tüm Cilt Tipleri,Cream Co.,Cream Co.,419.9,,0,InStock,Son 3 günde 250+ ürün satıldı!,3,250,83.3,4.3,873,0,337,"[""Kargo Bedava""]",11 saat 50 dakika içinde sipariş verirsen en geç yarın kargoda!,carried_forward,3,https://www.trendyol.com/cream-co/leke-karsiti-nemlendirici-yuz-temizleme-jeli-niacinamide-hyaluronik-asit-400-ml-tum-cilt-tipleri-p-885896576?boutiqueId=61&merchantId=556702
kozmetik:kozmetik-vitrini,465,465,6,27.7,16.8,865200580,1031124,865200580:1031124,THE BATH FACTORY Sweet Vanilla Vücut Spreyi 200 ml,THE BATH FACTORY,The Bath Factory,395,,0,InStock,Son 3 günde 250+ ürün satıldı!,3,250,83.3,4.2,885,0,133,"[""Kargo Bedava""]",11 saat 52 dakika içinde sipariş verirsen en geç yarın kargoda!,carried_forward,10,https://www.trendyol.com/the-bath-factory/sweet-vanilla-vucut-spreyi-200-ml-p-865200580?boutiqueId=61&merchantId=1031124
kozmetik:kozmetik-vitrini,225,225,-149,27.6,16.9,132654534,104937,132654534:104937,Olaplex No3+ Complete Repair Treatment 100 ML,Olaplex,Sachane,1850.29,,5.7,InStock,Son 3 günde 250+ ürün satıldı!,3,250,83.3,4.06712962962963,860,3,1063,"[""Kargo Bedava"",""Son 10 Günün En Düşük Fiyatı""]",,refreshed,0,https://www.trendyol.com/olaplex/no3-complete-repair-treatment-100-ml-p-132654534?boutiqueId=61&merchantId=104937
kozmetik:kozmetik-vitrini,307,307,181,27.6,31.6,942494752,361197,942494752:361197,Dr.Melaxin Kalsiyum İçerikli Göz Altı Pedi – Sarkma ve Kırışıklık Karşıtı | Rebornic Teknolojisi 60 Adet,Dr.Melaxin Kalsiyum,7co,1291.09,,-7.7,InStock,Son 3 günde 500+ ürün satıldı!,3,500,166.7,4.6,253,0,99,"[""Kargo Bedava""]",Tahmini Teslim:,carried_forward,11,https://www.trendyol.com/dr-melaxin/kalsiyum-icerikli-goz-alti-pedi-sarkma-ve-kirisiklik-karsiti-rebornic-teknolojisi-60-adet-p-942494752?boutiqueId=61&merchantId=361197
kozmetik:kozmetik-vitrini,510,510,,27.5,9.4,652847130,783049,652847130:783049,Dermoskin Be Bright Tranexamic Acid Leke Karşıtı Serum | Kırışıklık Karşıtı | Hyaluronik Asit | 30 ml,Dermoskin,,809,869,,InStock,,,,,4.3,,,,"[""Kargo Bedava"",""Son 10 Günün En Düşük Fiyatı""]",,listing_only,,https://www.trendyol.com/dermoskin/be-bright-tranexamic-acid-leke-karsiti-serum-kirisiklik-karsiti-hyaluronik-asit-30-ml-p-652847130?boutiqueId=61&merchantId=783049
kozmetik:makyaj,40,772,-1,27.5,36.7,177500697,154207,177500697:154207,Genel Markalar 10'lu Kaş Kirpik Tarama Fırçası,Genel Markalar,Zerre İthalat,14.9,,0,InStock,Son 3 günde 500+ ürün satıldı!,3,500,166.7,4.3,249,0,42,[],13 saat 50 dakika içinde sipariş verirsen en geç bugün kargoda!,carried_forward,3,https://www.trendyol.com/genel-markalar/10-lu-kas-kirpik-tarama-fircasi-p-177500697?boutiqueId=61&merchantId=154207
kozmetik:makyaj,114,846,-26,27.5,2.5,1069005,571412,1069005:571412,"NIVEA Çift Fazlı Göz Makyaj Temizleyici 125 ml,Biotin,Kirpik Bakımı,Suya Dayanıklı Maskara ve Makyaj",NIVEA,,159.52,,0,InStock,,,,,4.7,,,,[],,listing_only,,https://www.trendyol.com/nivea/cift-fazli-goz-makyaj-temizleyici-125-ml-biotin-kirpik-bakimi-suya-dayanikli-maskara-ve-makyaj-p-1069005?boutiqueId=61&merchantId=571412
kozmetik:kozmetik-vitrini,82,82,50,27.4,17.1,970253213,891275,970253213:891275,Kremi Allık Ruj Göz Farı Kiss&Blush | Nemlendirici Makyaj Makeup | Stick | Seramid Skualen Vitamin E,Kremi,Kremi,284.9,,0,InStock,Son 3 günde 250+ ürün satıldı!,3,250,83.3,4.221288515406163,810,2,75,"[""Kargo Bedava"",""Trendyol Plus'a Özel""]",,refreshed,0,https://www.trendyol.com/kremi/allik-ruj-goz-fari-kiss-blush-nemlendirici-makyaj-makeup-stick-seramid-skualen-vitamin-e-p-970253213?boutiqueId=61&merchantId=891275
kozmetik:kozmetik-vitrini,88,88,-35,27.4,17.2,891538884,630280,891538884:630280,Batekso Çıtır Kiraz Desenli Makyaj Çantası - Büyük Boy,Batekso,Batekso,159.9,,0,InStock,Son 3 günde 250+ ürün satıldı!,3,250,83.3,4.793893129770993,795,9,64,"[""Kargo Bedava""]",,refreshed,0,https://www.trendyol.com/batekso/citir-kiraz-desenli-makyaj-cantasi-buyuk-boy-p-891538884?boutiqueId=61&merchantId=630280
kozmetik:kozmetik-vitrini,721,721,-56,27.4,2.6,128464575,205639,128464575:205639,Note Cosmetics Brow Master Kaş Sabitleyici Ve Şekillendirici Wax - Renksiz,Note Cosmetics,Note Cosmetics,799.71,,185.7,InStock,,,,,4.4,2666,0,203,"[""Sepette %65 İndirim"",""Süper Fırsat Ürünü""]",Tahmini Teslim:,carried_forward,18,https://www.trendyol.com/note-cosmetics/brow-master-kas-sabitleyici-ve-sekillendirici-wax-renksiz-p-128464575?boutiqueId=61&merchantId=205639
kozmetik:makyaj,182,914,,27.4,2.6,138022652,160140,138022652:160140,"NS reliable Ns Captain Seyahat Makyaj Organizatörü Makyaj Çantası,çok Fonksiyonlu Kozmetik Çanta siyah",NS reliable,NAMLI ÇANTA,299.9,,0,InStock,,,,,4.5,2684,0,164,[],8 saat 51 dakika içinde sipariş verirsen en geç bugün kargoda!,carried_forward,3,https://www.trendyol.com/ns-reliable/ns-captain-seyahat-makyaj-organizatoru-makyaj-cantasi-cok-fonksiyonlu-kozmetik-canta-siyah-p-138022652?boutiqueId=61&merchantId=160140
kozmetik:makyaj,221,953,-29,27.4,2.6,90206962,953676,90206962:953676,Flormar Nemlendirici Parlak Ruj (Pembe) - Sheer Up Lipstick New - 011 Rosy Lust - 8682536012096,Flormar,,370,,,InStock,,,,,4.7,,,,"[""Kargo Bedava""]",,listing_only,,https://www.trendyol.com/flormar/nemlendirici-parlak-ruj-pembe-sheer-up-lipstick-new-011-rosy-lust-8682536012096-p-90206962?boutiqueId=61&merchantId=953676
kozmetik:kozmetik-vitrini,509,509,-24,27.3,2.7,668535699,109162,668535699:109162,Maru.Derm Glikolik Asit %7 Aydınlatıcı & Leke Karşıtı Tonik 250 ML,Maru.Derm Glikolik,MARUDERM,293.22,,0,InStock,,,,,4.4,2566,0,1672,[],Tahmini Teslim:,carried_forward,6,https://www.trendyol.com/maru-derm/glikolik-asit-7-aydinlatici-leke-karsiti-tonik-250-ml-p-668535699?boutiqueId=61&merchantId=109162
kozmetik:kozmetik-vitrini,282,282,85,27.1,2.9,751362699,217992,751362699:217992,MATSU Harmony Saç Parfümü 50 ml | Çiçeksi & Meyvemsi Notalar,MATSU,Matsu Professional,610.04,,8.9,InStock,,,,,4.248337028824834,2420,36,336,"[""Kargo Bedava"",""Son 10 Günün En Düşük Fiyatı""]",21 saat 50 dakika içinde sipariş verirsen yarın kargoda!,refreshed,0,https://www.trendyol.com/matsu/harmony-sac-parfumu-50-ml-ciceksi-meyvemsi-notalar-p-751362699?boutiqueId=61&merchantId=217992
kozmetik:kozmetik-vitrini,324,324,-49,27.1,2.9,83043458,205639,83043458:205639,Note Cosmetics Translucent Setting Powder Makyaj Sabitleyici Toz Pudra - Transparan,Note Cosmetics,Note Cosmetics,1074.75,,150,InStock,,,,,4.5,2473,0,461,"[""Sepette %60 İndirim"",""Kargo Bedava"",""Süper Fırsat Ürünü""]",Tahmini Teslim:,carried_forward,3,https://www.trendyol.com/note-cosmetics/translucent-setting-powder-makyaj-sabitleyici-toz-pudra-transparan-p-83043458?boutiqueId=61&merchantId=205639
kozmetik:kozmetik-vitrini,176,176,59,27,17.6,1077934435,791156,1077934435:791156,"The Ceel Kaş & Kirpik Bakım Serumu Peptit Kompleks, Arginine,Castor Oil, Biotin 6 ML",The Ceel,The Ceel,276.49,,37.2,InStock,Son 3 günde 250+ ürün satıldı!,3,250,83.3,4.391812865497076,709,12,243,"[""Kargo Bedava"",""Trendyol Plus'a Özel""]",21 saat 51 dakika içinde sipariş verirsen yarın kargoda!,refreshed,0,https://www.trendyol.com/the-ceel/kas-kirpik-bakim-serumu-peptit-kompleks-arginine-castor-oil-biotin-6-ml-p-1077934435?boutiqueId=61&merchantId=791156
kozmetik:kozmetik-vitrini,419,419,53,27,17.6,904547145,155056,904547145:155056,Oral White Ultra Soft 4290 Hassas Diş Fırçası,Oral White,Oral White TR,159.99,,0,InStock,Son 3 günde 250+ ürün satıldı!,3,250,83.3,4.6,713,0,378,[],12 saat 49 dakika içinde sipariş verirsen en geç bugün kargoda!,carried_forward,3,https://www.trendyol.com/oral-white/ultra-soft-4290-hassas-dis-fircasi-p-904547145?boutiqueId=61&merchantId=155056
kozmetik:kozmetik-vitrini,540,540,-241,27,17.6,880656807,1142754,880656807:1142754,Laventin Biberiye - Argan - Keratin içeren Besleyici Ve Onarıcı Saç Bakım Spreyi 200 ml,Laventin,ORABELLA KOZMETİK,299.9,,0,InStock,Son 3 günde 250+ ürün satıldı!,3,250,83.3,4.3,716,0,219,[],,carried_forward,2,https://www.trendyol.com/laventin/biberiye-argan-keratin-iceren-besleyici-ve-onarici-sac-bakim-spreyi-200-ml-p-880656807?boutiqueId=61&merchantId=1142754
kozmetik:makyaj,88,820,-17,27,17.5,1108843741,556702,1108843741:556702,Cream Co. Ton Eşitleyici Aydınlatıcı Pink SPF50 Güneş Kremi Leke Karşıtı | Peptit Niasinamid Hyalüronik Asit,Cream Co.,Cream Co.,299.9,,0,InStock,Son 3 günde 250+ ürün satıldı!,3,250,83.3,4.3,720,0,220,[],11 saat 58 dakika içinde sipariş verirsen en geç yarın kargoda!,carried_forward,10,https://www.trendyol.com/cream-co/ton-esitleyici-aydinlatici-pink-spf50-gunes-kremi-leke-karsiti-peptit-niasinamid-hyaluronik-asit-p-1108843741?boutiqueId=61&merchantId=556702
kozmetik:kozmetik-vitrini,214,214,-19,26.9,32.2,1154679007,107819,1154679007:107819,Maybelline New York Lifter Gel Ekstra Parlak ve Nemlendirici Dudak Parlatıcısı -06 Strawberry Shake,Maybelline New York,L'Oreal,379.96,,0,InStock,Son 3 günde 500+ ürün satıldı!,3,500,166.7,4.58125,211,2,22,"[""56 TL Kupon"",""Kargo Bedava""]",21 saat 51 dakika içinde sipariş verirsen Yarın kargoda,refreshed,0,https://www.trendyol.com/maybelline-new-york/lifter-gel-ekstra-parlak-ve-nemlendirici-dudak-parlaticisi-06-strawberry-shake-p-1154679007?boutiqueId=61&merchantId=107819
kozmetik:kozmetik-vitrini,275,275,-4,26.9,3.1,123183560,1028724,123183560:1028724,Nail Master Protez Tırnak Jel (builder Gel) 15ml 908-rakı Beyazı,Nail Master,Doğanlı Kozmetik,122.52,,0,InStock,,,,,4.027047913446677,2311,-1,379,"[""Kargo Bedava"",""Trendyol Plus'a Özel""]",,refreshed,0,https://www.trendyol.com/nail-master/protez-tirnak-jel-builder-gel-15ml-908-raki-beyazi-p-123183560?boutiqueId=61&merchantId=1028724
kozmetik:kozmetik-vitrini,543,543,-20,26.9,17.7,84635173,908896,84635173:908896,mia klinika Cilt Aydınlatıcı C Vitamini Serumu,mia klinika,Mia Klinika,199,,0,InStock,Son 3 günde 250+ ürün satıldı!,3,250,83.3,4.3,698,0,517,[],51 dakika 23 saniye içinde sipariş verirsen en geç bugün kargoda!,carried_forward,6,https://www.trendyol.com/mia-klinika/cilt-aydinlatici-c-vitamini-serumu-p-84635173?boutiqueId=61&merchantId=908896
kozmetik:kozmetik-vitrini,601,601,92,26.9,17.7,1040945321,107302,1040945321:107302,Sinoz Avokado Bomb Yüz Bakım Kremi - Kuru Ciltler İçin Nemlendirici ve Canlandırıcı 50 ml,Sinoz,Sinoz Kozmetik,469,,2.7,InStock,Son 3 günde 250+ ürün satıldı!,3,250,83.3,4.5,687,0,281,"[""Kargo Bedava""]",11 saat 47 dakika içinde sipariş verirsen en geç yarın kargoda!,carried_forward,11,https://www.trendyol.com/sinoz/avokado-bomb-yuz-bakim-kremi-kuru-ciltler-icin-nemlendirici-ve-canlandirici-50-ml-p-1040945321?boutiqueId=61&merchantId=107302
kozmetik:kozmetik-vitrini,504,504,-2,26.8,17.8,1130870772,1058193,1130870772:1058193,Ph Lab pHLab PDRN Destekli NAD+ & Retinal Duo Shot,Ph Lab,,1598,,0,InStock,Son 3 günde 250+ ürün satıldı!,3,250,83.3,4.4,,,,"[""Kargo Bedava""]",,listing_only,,https://www.trendyol.com/ph-lab/phlab-pdrn-destekli-nad-retinal-duo-shot-p-1130870772?boutiqueId=61&merchantId=1058193
kozmetik:kozmetik-vitrini,559,559,,26.8,3.2,803685550,107302,803685550:107302,Sinoz Hydrapro Kuru ve Hassas Ciltler İçin Nemlendiricili Yüz Temizleme Jeli 400 ml,Sinoz,,359,,,InStock,,,,,4.5,,,,"[""Kargo Bedava""]",,listing_only,,https://www.trendyol.com/sinoz/hydrapro-kuru-ve-hassas-ciltler-icin-nemlendiricili-yuz-temizleme-jeli-400-ml-p-803685550?boutiqueId=61&merchantId=107302
kozmetik:kozmetik-vitrini,604,604,-48,26.8,3.2,202718,553906,202718:553906,"Osis Thrill Elastik Lifli Gum Şekillendirici Orta Tutuş 100ml | Parlaklık Veren Gum Wax, Saç Sakızı",Osis,BOL KAZAN,711,,-6.2,InStock,,,,,4.5,2232,0,648,"[""Kargo Bedava""]",11 saat 50 dakika içinde sipariş verirsen en geç yarın kargoda!,carried_forward,9,https://www.trendyol.com/osis/thrill-elastik-lifli-gum-sekillendirici-orta-tutus-100ml-parlaklik-veren-gum-wax-sac-sakizi-p-202718?boutiqueId=61&merchantId=553906
kozmetik:kozmetik-vitrini,289,289,-237,26.7,32.4,152900780,451556,152900780:451556,Morfose Saç Spreyi 400 ml Turuncu,Morfose,MORFOSE,157.18,,-1.1,InStock,Son 3 günde 500+ ürün satıldı!,3,500,166.7,4.56980056980057,199,-1,18,"[""Kargo Bedava"",""Son 10 Günün En Düşük Fiyatı"",""Trendyol Plus'a Özel""]",21 saat 50 dakika içinde sipariş verirsen Yarın kargoda,refreshed,0,https://www.trendyol.com/morfose/sac-spreyi-400-ml-turuncu-p-152900780?boutiqueId=61&merchantId=451556
kozmetik:kozmetik-vitrini,564,564,72,26.6,3.4,77968455,1028724,77968455:1028724,Nail Master Protez Tırnak Jel (Builder Gel) 15ml 903-naturel Pink,Nail Master,,116.58,,0,InStock,,,,,4.1,,,,"[""Son 10 Günün En Düşük Fiyatı""]",,listing_only,,https://www.trendyol.com/nail-master/protez-tirnak-jel-builder-gel-15ml-903-naturel-pink-p-77968455?boutiqueId=61&merchantId=1028724
kozmetik:kozmetik-vitrini,603,603,-22,26.5,3.5,765871940,908896,765871940:908896,"mia klinika Cilt Beyazlatıcı, Ton Eşitlemeye Yardımcı Leke Kremi",mia klinika,,299,,0,InStock,,,,,4.2,,,,[],,listing_only,,https://www.trendyol.com/mia-klinika/cilt-beyazlatici-ton-esitlemeye-yardimci-leke-kremi-p-765871940?boutiqueId=61&merchantId=908896
kozmetik:kozmetik-vitrini,140,140,-89,26.4,21.3,1107462415,154207,1107462415:154207,MOZIUR Kalıcı Oje ve BUILDER JEL Protez Tırnak Seti,MOZIUR,Zerre İthalat,1599,1649.9,0,InStock,Son 3 günde 250+ ürün satıldı!,3,250,83.3,4.15954415954416,246,5,137,"[""Kargo Bedava"",""Son 10 Günün En Düşük Fiyatı"",""Son 10 günün en düşük fiyatı""]",,refreshed,0,https://www.trendyol.com/moziur/kalici-oje-ve-builder-jel-protez-tirnak-seti-p-1107462415?boutiqueId=61&merchantId=154207
kozmetik:kozmetik-vitrini,183,183,,26.4,32.8,1092552554,2442,1092552554:2442,"L'Occitane Shea El Kremi, %20 Shea Yağı İçeren Besleyici ve Nemlendirici, 150 ml",L'Occitane,L'Occitane En Provence,1880,,,InStock,Son 3 günde 500+ ürün satıldı!,3,500,166.7,4.27054794520548,181,,65,"[""Sepette %15 İndirim"",""Kargo Bedava""]",21 saat 51 dakika içinde sipariş verirsen Yarın kargoda,refreshed,0,https://www.trendyol.com/l-occitane/shea-el-kremi-20-shea-yagi-iceren-besleyici-ve-nemlendirici-150-ml-p-1092552554?boutiqueId=61&merchantId=2442
kozmetik:kozmetik-vitrini,528,528,-137,26.4,18.2,1098081098,107819,1098081098:107819,"Garnier C Vitamini Fresh & Bright Aydınlatıcı Nemlendirici Sorbe Yüz Kremi 85 ML, Vegan & Cruelty Free",Garnier,L'Oreal,299,,0,InStock,Son 3 günde 250+ ürün satıldı!,3,250,83.3,4.3,595,0,259,[],21 saat 49 dakika içinde sipariş verirsen en geç yarın kargoda!,carried_forward,3,https://www.trendyol.com/garnier/c-vitamini-fresh-bright-aydinlatici-nemlendirici-sorbe-yuz-kremi-85-ml-vegan-cruelty-free-p-1098081098?boutiqueId=61&merchantId=107819
kozmetik:kozmetik-vitrini,680,680,-66,26.4,3.6,37492775,105029,37492775:105029,"Urban Care Twisted Curls Hibiscus & Shea Butter Durulanmayan Bakım Kremi 175 ml - Kıvırcık, Curly",Urban Care,Urban Care,249,,0,InStock,,,,,4.5,2005,0,588,[],1 saat 54 dakika içinde sipariş verirsen en geç bugün kargoda!,carried_forward,15,https://www.trendyol.com/urban-care/twisted-curls-hibiscus-shea-butter-durulanmayan-bakim-kremi-175-ml-kivircik-curly-p-37492775?boutiqueId=61&merchantId=105029
kozmetik:kozmetik-vitrini,726,726,,26.4,3.6,744135406,122143,744135406:122143,Imprime Mini Parfüm Deneme Seti 8 X 2ml,Imprime,,249,,,InStock,,,,,3.9,,,,[],,listing_only,,https://www.trendyol.com/imprime/mini-parfum-deneme-seti-8-x-2ml-p-744135406?boutiqueId=61&merchantId=122143
kozmetik:makyaj,140,872,,26.4,3.6,302220122,205639,302220122:205639,Note Cosmetics Flawless Eyeshadow Mat Ve Işıltılı Toz Göz Far Paleti - 01 Canlı Renkler,Note Cosmetics,,874.75,,150,InStock,,,,,4.5,,,,"[""Sepette %60 İndirim"",""Süper Fırsat Ürünü""]",,listing_only,,https://www.trendyol.com/note-cosmetics/flawless-eyeshadow-mat-ve-isiltili-toz-goz-far-paleti-01-canli-renkler-p-302220122?boutiqueId=61&merchantId=205639
kozmetik:kozmetik-vitrini,102,102,133,26.3,3.7,55417174,1015650,55417174:1015650,beaulis Fake It Maskara Hacimli Ve Uzun Kirpikler - 100 Black,beaulis,LUNA_KOZMETİK,186.76,,-6.6,InStock,,,,,4.525152017689332,1952,-6,215,"[""Sepette %3 İndirim"",""Kargo Bedava""]",21 saat 52 dakika içinde sipariş verirsen yarın kargoda!,refreshed,0,https://www.trendyol.com/beaulis/fake-it-maskara-hacimli-ve-uzun-kirpikler-100-black-p-55417174?boutiqueId=61&merchantId=1015650
kozmetik:kozmetik-vitrini,444,444,-248,26.3,32.8,849561974,875815,849561974:875815,"Anyong Sivilce Karşıtı, Yatıştırıcı Azelaik Asit %5 Serum 30 ml (Centella Özü & Prebiyotik)",Anyong,Anyong,299.9,,0,InStock,Son 3 günde 500+ ürün satıldı!,3,500,166.7,4.5,177,0,185,[],,carried_forward,2,https://www.trendyol.com/anyong/sivilce-karsiti-yatistirici-azelaik-asit-5-serum-30-ml-centella-ozu-prebiyotik-p-849561974?boutiqueId=61&merchantId=875815
kozmetik:kozmetik-vitrini,480,480,1,26.3,18.3,1052976682,1153330,1052976682:1153330,New Well Glow Creamy Highlighter Doğal Işıltılı Krem Aydınlatıcı 30 ML Pearl 01,New Well,TWİN BEAUTY,349.9,,,InStock,Son 3 günde 250+ ürün satıldı!,3,250,83.3,4.1,583,0,313,[],2 saat 51 dakika içinde sipariş verirsen en geç bugün kargoda!,carried_forward,3,https://www.trendyol.com/new-well/glow-creamy-highlighter-dogal-isiltili-krem-aydinlatici-30-ml-pearl-01-p-1052976682?boutiqueId=61&merchantId=1153330
kozmetik:makyaj,39,771,,26.3,40.4,1135584473,4473,1135584473:4473,Flormar Extreme Tattoo Mat Asansörlü Kalemtıraşlı Jel Göz Kalemi & Far Stick - 002 Burgundy,Flormar,Flormar,449.99,,0,InStock,Son 3 günde 500+ ürün satıldı!,3,500,166.7,4.6,97,0,21,"[""Kargo Bedava""]",,carried_forward,2,https://www.trendyol.com/flormar/extreme-tattoo-mat-asansorlu-kalemtirasli-jel-goz-kalemi-far-stick-002-burgundy-p-1135584473?boutiqueId=61&merchantId=4473
kozmetik:makyaj,253,985,3,26.3,3.7,925998484,4473,925998484:4473,Flormar Kıvrım Ve Hacim Veren Maskara Suya Dayanıklı (Kahverengi) - Hero Volume & Curl Mascara-8682536093569,Flormar,,459.99,,0,InStock,,,,,4.2,,,,"[""Kargo Bedava""]",,listing_only,,https://www.trendyol.com/flormar/kivrim-ve-hacim-veren-maskara-suya-dayanikli-kahverengi-hero-volume-curl-mascara-8682536093569-p-925998484?boutiqueId=61&merchantId=4473
kozmetik:kozmetik-vitrini,610,610,-89,26.2,4.8,31167585,150480,31167585:150480,Gabrini Hd Matte Professional Foundation No:1,Gabrini,Eylo pazarlama,166.17,167.85,,InStock,,,,,4.3,1402,0,1027,"[""15 TL Kupon""]",45 dakika 58 saniye içinde sipariş verirsen en geç bugün kargoda!,carried_forward,7,https://www.trendyol.com/gabrini/hd-matte-professional-foundation-no-1-p-31167585?boutiqueId=61&merchantId=150480
kozmetik:kozmetik-vitrini,619,619,-33,26.2,3.8,168971785,208349,168971785:208349,Master Lashes Ipek Kirpik Sökücü Çıkarıcı Remover Krem 5gr,Master Lashes,,148.88,,2,InStock,,,,,4.2,,,,[],,listing_only,,https://www.trendyol.com/master-lashes/ipek-kirpik-sokucu-cikarici-remover-krem-5gr-p-168971785?boutiqueId=61&merchantId=208349
kozmetik:makyaj,73,805,133,26.2,22,1019669791,107819,1019669791:107819,L'Oreal Paris Telescopic Gold Maskara & Bare With Me 01 Kapatıcı Makyaj Seti & Matte Ink 15 Mini,L'Oreal Paris Telescopic,,1246.5,1294.55,0,InStock,Son 3 günde 250+ ürün satıldı!,3,250,83.3,4.3,,,,"[""150 TL Kupon"",""Kargo Bedava"",""Son 10 Günün En Düşük Fiyatı""]",,listing_only,,https://www.trendyol.com/l-oreal-paris/telescopic-gold-maskara-bare-with-me-01-kapatici-makyaj-seti-matte-ink-15-mini-p-1019669791?boutiqueId=61&merchantId=107819
kozmetik:makyaj,87,819,-1,26.2,18.4,1039596243,556702,1039596243:556702,Cream Co. Allık Ruj Göz Farı Glow Tint Baby Pink Nemlendirici Makyaj | Pastel Pembe Hyaluronik Asit Peptit,Cream Co.,Cream Co.,199.9,,0,InStock,Son 3 günde 250+ ürün satıldı!,3,250,83.3,4.3,561,0,70,[],Tahmini Teslim:,carried_forward,5,https://www.trendyol.com/cream-co/allik-ruj-goz-fari-glow-tint-baby-pink-nemlendirici-makyaj-pastel-pembe-hyaluronik-asit-peptit-p-1039596243?boutiqueId=61&merchantId=556702
kozmetik:makyaj,215,947,11,26.2,15.6,1175172093,1299683,1175172093:1299683,Genel Markalar Profesyonel kirpik seti 800 adet,Genel Markalar,RK Cosmetics,450,510,,InStock,,,,,3.7,62,0,29,"[""Kargo Bedava"",""Son 10 Günün En Düşük Fiyatı""]",9 saat 50 dakika içinde sipariş verirsen en geç bugün kargoda!,carried_forward,3,https://www.trendyol.com/genel-markalar/profesyonel-kirpik-seti-800-adet-p-1175172093?boutiqueId=61&merchantId=1299683
kozmetik:kozmetik-vitrini,165,165,,26.1,18.4,35802666,547837,35802666:547837,Versace Crystal Noir Edp Kadın Parfümü 30ml,Versace,VERSACE,2550,,,InStock,Son 3 günde 250+ ürün satıldı!,3,250,83.3,3.9839901477832513,556,,81,"[""Kargo Bedava""]",,refreshed,0,https://www.trendyol.com/versace/crystal-noir-edp-kadin-parfumu-30ml-p-35802666?boutiqueId=61&merchantId=547837
kozmetik:kozmetik-vitrini,590,590,-512,26.1,3.9,208560043,1304552,208560043:1304552,COSMED Siyah Nokta Karşıtı Salisilik Asit ve Sülfür içerikli Kil Maskesi/SALICYLIC SULFUR MASK,COSMED,Cosmed Cosmeceuticals,749,,,InStock,,,,,4.2,1808,0,554,"[""Kargo Bedava""]",Tahmini Teslim:,carried_forward,20,https://www.trendyol.com/cosmed/siyah-nokta-karsiti-salisilik-asit-ve-sulfur-icerikli-kil-maskesi-salicylic-sulfur-mask-p-208560043?boutiqueId=61&merchantId=1304552
kozmetik:makyaj,119,851,,26.1,3.9,91604434,966403,91604434:966403,Redist Makyaj Sabitleyici Sprey – Gün Boyu Kalıcı Ve Taze Görünüm Için 300 ml Vegan,Redist,Markam Shop,199,,0,InStock,,,,,4.2,1845,0,300,[],,carried_forward,2,https://www.trendyol.com/redist/makyaj-sabitleyici-sprey-gun-boyu-kalici-ve-taze-gorunum-icin-300-ml-vegan-p-91604434?boutiqueId=61&merchantId=966403
kozmetik:makyaj,126,858,129,26.1,3.9,767447481,1124759,767447481:1124759,KIKO Dudak Parlatıcısı-3D Hydra Lip Gloss Limited Edition-44 Disruptive Brown-Besleyici ve Nemlendirici,KIKO,AYC KOZMETİK,900,,,InStock,,,,,4.7,1814,0,98,"[""Kargo Bedava""]",9 saat 49 dakika içinde sipariş verirsen en geç bugün kargoda!,carried_forward,3,https://www.trendyol.com/kiko/dudak-parlaticisi-3d-hydra-lip-gloss-limited-edition-44-disruptive-brown-besleyici-ve-nemlendirici-p-767447481?boutiqueId=61&merchantId=1124759
kozmetik:makyaj,166,898,-39,26.1,3.9,716537258,811143,716537258:811143,QBEE PROFESSIONAL 30ml Protez Tırnak Jeli Builder Gel Cover Peach TPO&HEMA FREE,QBEE PROFESSIONAL,,349,,0,InStock,,,,,4.5,,,,[],,listing_only,,https://www.trendyol.com/qbee-professional/30ml-protez-tirnak-jeli-builder-gel-cover-peach-tpo-hema-free-p-716537258?boutiqueId=61&merchantId=811143
kozmetik:makyaj,207,939,,26.1,3.9,342388,205639,342388:205639,Note Cosmetics Detox & Protect Foundation Spf 15 Yoğun Kapatıcı Saten Bitişli Fondöten - 02 Natural Beige,Note Cosmetics,Note Cosmetics,799.75,,0,InStock,,,,,4.2,1806,0,842,"[""Sepette %60 İndirim"",""Süper Fırsat Ürünü""]",21 saat 49 dakika içinde sipariş verirsen Yarın kargoda,carried_forward,2,https://www.trendyol.com/note-cosmetics/detox-protect-foundation-spf-15-yogun-kapatici-saten-bitisli-fondoten-02-natural-beige-p-342388?boutiqueId=61&merchantId=205639
kozmetik:kozmetik-vitrini,251,251,38,26,18.6,898053091,969762,898053091:969762,DEOPROCE Salyangoz Müsini Içeren Aydınlatıcı Ve Kırışıklık Karşıtı Premium Yüz Bakım Kremi 30ml,DEOPROCE,Deoproce I Silkia,1211.2,,0,InStock,Son 3 günde 250+ ürün satıldı!,3,250,83.3,4.567179487179487,538,1,242,"[""Sepette %51 İndirim"",""Kargo Bedava""]",,refreshed,0,https://www.trendyol.com/deoproce/salyangoz-musini-iceren-aydinlatici-ve-kirisiklik-karsiti-premium-yuz-bakim-kremi-30ml-p-898053091?boutiqueId=61&merchantId=969762
kozmetik:kozmetik-vitrini,320,320,5,25.9,18.7,7048320,1272356,7048320:1272356,Morfose Ossion Mat Saç Şekillendirici Wax 100 ml,Morfose,MORFOSE,135.65,,,InStock,Son 3 günde 250+ ürün satıldı!,3,250,83.3,4.4,513,0,305,[],11 saat 51 dakika içinde sipariş verirsen en geç yarın kargoda!,carried_forward,9,https://www.trendyol.com/morfose/ossion-mat-sac-sekillendirici-wax-100-ml-p-7048320?boutiqueId=61&merchantId=1272356
kozmetik:kozmetik-vitrini,337,337,-32,25.9,4.1,802087534,691473,802087534:691473,Yves Rocher Comme une Evidence EDP- Comme Une Evidence- Kadın Parfüm-50ml,Yves Rocher,ZENIQ LİVİNG,1514,,2.3,InStock,,,,,4.4,1737,0,321,"[""Kargo Bedava""]",8 saat 50 dakika içinde sipariş verirsen en geç bugün kargoda!,carried_forward,3,https://www.trendyol.com/yves-rocher/comme-une-evidence-edp-comme-une-evidence-kadin-parfum-50ml-p-802087534?boutiqueId=61&merchantId=691473
kozmetik:makyaj,150,882,-33,25.9,4.1,834902526,148155,834902526:148155,BAHELS Viral Leopar Desen Makyaj Çantası,BAHELS,,189.39,,0,InStock,,,,,4.7,,,,"[""Süper Fırsat Ürünü""]",,listing_only,,https://www.trendyol.com/bahels/viral-leopar-desen-makyaj-cantasi-p-834902526?boutiqueId=61&merchantId=148155
kozmetik:makyaj,156,888,-27,25.9,4.1,929668243,205639,929668243:205639,Note Cosmetics 3 in 1 Healthy Skin Light Tinted Moisturizer SPF 50 Renk Ton Eşitleyici Aydınlatıcı Krem 00 Açık Ton,Note Cosmetics,Note Cosmetics,1228.29,,185.7,InStock,,,,,4.4,1710,0,673,"[""Sepette %65 İndirim"",""Kargo Bedava"",""Süper Fırsat Ürünü""]",21 saat 49 dakika içinde sipariş verirsen en geç yarın kargoda!,carried_forward,3,https://www.trendyol.com/note-cosmetics/3-in-1-healthy-skin-light-tinted-moisturizer-spf-50-renk-ton-esitleyici-aydinlatici-krem-00-acik-ton-p-929668243?boutiqueId=61&merchantId=205639
kozmetik:makyaj,226,958,-29,25.9,4.1,339616411,1028724,339616411:1028724,"Nail Master M501 Kalıcı Oje 7,3ml Rakı Beyazı Koyu",Nail Master,,87.43,,0.4,InStock,,,,,4.4,,,,[],,listing_only,,https://www.trendyol.com/nail-master/m501-kalici-oje-7-3ml-raki-beyazi-koyu-p-339616411?boutiqueId=61&merchantId=1028724
kozmetik:kozmetik-vitrini,397,397,-97,25.8,4.2,106593396,709195,106593396:709195,beaulis Marka: Close It Likit Kapatıcı 130 Porcelain - TYBOK56M3V311H1L93,beaulis,AKCAETİCARET,197,,,InStock,,,,,4.3,1670,0,897,[],,carried_forward,2,https://www.trendyol.com/beaulis/marka-close-it-likit-kapatici-130-porcelain-tybok56m3v311h1l93-p-106593396?boutiqueId=61&merchantId=709195
kozmetik:makyaj,131,863,,25.8,4.2,892687891,684923,892687891:684923,NYX Professional Makeup Face Glue Primer 12 Saate Kadar Kalıcı Nemlendirici Makyaj Bazı,NYX Professional Makeup,Favoriyum,501.6,,-0.7,InStock,,,,,4.4,1670,0,240,"[""Kargo Bedava""]",12 saat 50 dakika içinde sipariş verirsen en geç bugün kargoda!,carried_forward,3,https://www.trendyol.com/nyx-professional-makeup/face-glue-primer-12-saate-kadar-kalici-nemlendirici-makyaj-bazi-p-892687891?boutiqueId=61&merchantId=684923
kozmetik:kozmetik-vitrini,215,215,-18,25.7,4.3,111314051,1015650,111314051:1015650,beaulis Finish It Transparan Sabitleyici Pudra 540 - 2050000097508,beaulis,LUNA_KOZMETİK,193,,,InStock,,,,,4.359562093739309,1610,-1,452,"[""Kargo Bedava""]",,refreshed,0,https://www.trendyol.com/beaulis/finish-it-transparan-sabitleyici-pudra-540-2050000097508-p-111314051?boutiqueId=61&merchantId=1015650
kozmetik:kozmetik-vitrini,353,353,181,25.7,4.3,943019021,707288,943019021:707288,"ORNATE Cherry Lip Oil Gloss Dolgunlaştırıcı Efekt Nemlendirici, Parlatıcı Simli Dudak Yağı Kiraz 5 ml",ORNATE,,205.05,,7.6,InStock,,,,,4.5,,,,[],,listing_only,,https://www.trendyol.com/ornate/cherry-lip-oil-gloss-dolgunlastirici-efekt-nemlendirici-parlatici-simli-dudak-yagi-kiraz-5-ml-p-943019021?boutiqueId=61&merchantId=707288
kozmetik:kozmetik-vitrini,719,719,-526,25.7,18.8,71624930,1072118,71624930:1072118,tnl shop Et Itici Portakal Çubuğu 100lü,tnl shop,DGN TAKIKOZMETİK,71,,-0.7,InStock,Son 3 günde 250+ ürün satıldı!,3,250,83.3,4.7,498,0,28,"[""20 TL Kupon""]",11 saat 52 dakika içinde sipariş verirsen en geç yarın kargoda!,carried_forward,18,https://www.trendyol.com/tnl-shop/et-itici-portakal-cubugu-100lu-p-71624930?boutiqueId=61&merchantId=1072118
kozmetik:makyaj,189,921,34,25.7,4.3,930555767,684923,930555767:684923,Flormar Puffy Nemlendirici Etkili &Parlak Bitişli Sünger Aplikatörlü Likit Allık-003 Rosy Glow-8682536093903,Flormar,NEHİR STORES,300.1,,,InStock,,,,,4.5,1646,0,102,[],21 saat 49 dakika içinde sipariş verirsen Yarın kargoda,carried_forward,2,https://www.trendyol.com/flormar/puffy-nemlendirici-etkili-parlak-bitisli-sunger-aplikatorlu-likit-allik-003-rosy-glow-8682536093903-p-930555767?boutiqueId=61&merchantId=684923
kozmetik:kozmetik-vitrini,410,410,-20,25.6,4.4,34738745,112732,34738745:112732,Sea Color Yoğun Saç Açıcı Seti,Sea Color,,130,,0,InStock,,,,,4,,,,"[""1 TL Kupon""]",,listing_only,,https://www.trendyol.com/sea-color/yogun-sac-acici-seti-p-34738745?boutiqueId=61&merchantId=112732
kozmetik:kozmetik-vitrini,487,487,-116,25.6,4.4,92629442,1179323,92629442:1179323,Bio Keratin Gold Brezilya Fönü Keratini Mini 3'lü Set 150 ml.,Bio Keratin Gold,Bio Keratin Gold,193,,0,InStock,,,,,4,1574,0,1377,[],11 saat 54 dakika içinde sipariş verirsen en geç yarın kargoda!,carried_forward,22,https://www.trendyol.com/bio-keratin-gold/brezilya-fonu-keratini-mini-3-lu-set-150-ml-p-92629442?boutiqueId=61&merchantId=1179323
kozmetik:kozmetik-vitrini,499,499,,25.6,4.4,867237829,781333,867237829:781333,"Rivance Saç Dökülme ve Yağlanma Karşıtı, Güçlendirici, Canlandırıcı Sülfatsız Bambu Özlü Biberiye Şampuanı",Rivance,,186.32,,,InStock,,,,,3.9,,,,[],,listing_only,,https://www.trendyol.com/rivance/sac-dokulme-ve-yaglanma-karsiti-guclendirici-canlandirici-sulfatsiz-bambu-ozlu-biberiye-sampuani-p-867237829?boutiqueId=61&merchantId=781333
kozmetik:kozmetik-vitrini,598,598,35,25.6,4.4,72593349,305805,72593349:305805,EVVAHE DOĞAL Karanfil Krem (40ml),EVVAHE DOĞAL,,399,,0,InStock,,,,,4.7,,,,"[""Kargo Bedava""]",,listing_only,,https://www.trendyol.com/evvahe-dogal/karanfil-krem-40ml-p-72593349?boutiqueId=61&merchantId=305805
kozmetik:makyaj,200,932,41,25.6,4.4,87663483,310522,87663483:310522,Alix Avien Allık Fırçası - Blusher Brush,Alix Avien,,549.99,,0,InStock,,,,,4.6,,,,"[""Kargo Bedava""]",,listing_only,,https://www.trendyol.com/alix-avien/allik-fircasi-blusher-brush-p-87663483?boutiqueId=61&merchantId=310522
kozmetik:makyaj,209,941,,25.6,8.9,354545687,107599,354545687:107599,Nascita 2li Kirpik Yapıştırıcısı (SİYAH) - 01,Nascita,Cosmetica,95.45,99.9,0,InStock,,,,,4.1,436,0,97,"[""Son 10 Günün En Düşük Fiyatı""]",Tahmini Teslim:,carried_forward,22,https://www.trendyol.com/nascita/2li-kirpik-yapistiricisi-siyah-01-p-354545687?boutiqueId=61&merchantId=107599
kozmetik:makyaj,238,970,,25.6,9.4,31185738,104886,31185738:104886,Missha Hassas Makyaj Kalemleri için Kalemtıraş Easy Pencil Sharpener,Missha,,85.42,89.9,,InStock,,,,,4.7,,,,"[""Son 10 Günün En Düşük Fiyatı""]",,listing_only,,https://www.trendyol.com/missha/hassas-makyaj-kalemleri-icin-kalemtiras-easy-pencil-sharpener-p-31185738?boutiqueId=61&merchantId=104886
kozmetik:kozmetik-vitrini,257,257,150,25.5,4.5,75777020,952221,75777020:952221,ISANA Med Vücut Losyonu Üre Kuru Cilt Tipi 250 Ml,ISANA,AD ASTRA KOZMETİK,319,,,InStock,,,,,4.387841477491343,1520,,681,"[""Sepette %7 İndirim"",""Kargo Bedava""]",,refreshed,0,https://www.trendyol.com/isana/med-vucut-losyonu-ure-kuru-cilt-tipi-250-ml-p-75777020?boutiqueId=61&merchantId=952221
kozmetik:kozmetik-vitrini,323,323,-28,25.5,19.1,990037847,441519,990037847:441519,Karseell SET Maca Özü Onarıcı Repair Kolajen Saç Maskesi 250 ml + Argan Yağı 50 ml Karsel,Karseell,FUA GLOBAL,1500,,0,InStock,Son 3 günde 250+ ürün satıldı!,3,250,83.3,4.4,467,0,226,"[""Kargo Bedava""]",,carried_forward,2,https://www.trendyol.com/karseell/set-maca-ozu-onarici-repair-kolajen-sac-maskesi-250-ml-argan-yagi-50-ml-karsel-p-990037847?boutiqueId=61&merchantId=441519
kozmetik:makyaj,59,791,48,25.5,33.7,1010561147,107819,1010561147:107819,L'Oreal Paris Telescopic Gold Maskara + Bare With Me Kapatıcı 02 + Matte Ink Mini Ruj 15,L'Oreal Paris Telescopic,L'Oreal,1299,,1.6,InStock,Son 3 günde 500+ ürün satıldı!,3,500,166.7,4.6,137,0,14,"[""150 TL Kupon"",""Kargo Bedava""]",21 saat 49 dakika içinde sipariş verirsen Yarın kargoda,carried_forward,2,https://www.trendyol.com/l-oreal-paris/telescopic-gold-maskara-bare-with-me-kapatici-02-matte-ink-mini-ruj-15-p-1010561147?boutiqueId=61&merchantId=107819
kozmetik:makyaj,125,857,-14,25.5,4.5,871346124,556702,871346124:556702,Cream Co. Allık Ruj Göz Farı Glow Tint Warm Peach | Nemlendirici Makyaj | Şeftali | Hyaluronik Asit Peptit,Cream Co.,Cream Co.,199.9,,0,InStock,,,,,4.4,1554,0,147,[],11 saat 45 dakika içinde sipariş verirsen en geç yarın kargoda!,carried_forward,7,https://www.trendyol.com/cream-co/allik-ruj-goz-fari-glow-tint-warm-peach-nemlendirici-makyaj-seftali-hyaluronik-asit-peptit-p-871346124?boutiqueId=61&merchantId=556702
kozmetik:kozmetik-vitrini,220,220,-68,25.4,19.2,924057556,1174892,924057556:1174892,The Ordinary Natural Moisturizing Factors + HA - Yüz Nemlendiricisi 30ml,The Ordinary,The Ordinary,445,,0,InStock,Son 3 günde 250+ ürün satıldı!,3,250,83.3,4.113272311212815,449,0,225,"[""Sepette %30 İndirim"",""Sepette %15 İndirim"",""25 TL Kupon"",""Kargo Bedava"",""Trendyol Plus'a Özel""]",21 saat 51 dakika içinde sipariş verirsen yarın kargoda!,refreshed,0,https://www.trendyol.com/the-ordinary/natural-moisturizing-factors-ha-yuz-nemlendiricisi-30ml-p-924057556?boutiqueId=61&merchantId=1174892
kozmetik:makyaj,76,808,,25.4,19.2,1121508195,204149,1121508195:204149,"VULLY Brow Fixer 7 ml – Şeffaf Kaş Sabitleyici Maskara, 24H Laminasyon Etkisi, Biotin & Panthenol",VULLY,ORABELLA KOZMETİK,440,,,InStock,Son 3 günde 250+ ürün satıldı!,3,250,83.3,3.9,448,0,69,"[""Kargo Bedava""]",Tahmini Teslim:,carried_forward,19,https://www.trendyol.com/vully/brow-fixer-7-ml-seffaf-kas-sabitleyici-maskara-24h-laminasyon-etkisi-biotin-panthenol-p-1121508195?boutiqueId=61&merchantId=204149
kozmetik:kozmetik-vitrini,89,89,-33,25.2,4.8,844056625,638780,844056625:638780,"BEYZANA YENİ Buz Küpü Yüz, Gözler ve Boyun Masajı Cilt Bakımı, Göz Torbalarını Giderme Silikon Buz Kalıbı",BEYZANA,BEYZANA,144.55,,0,InStock,,,,,4.128580946035977,1404,0,247,"[""Kargo Bedava"",""Trendyol Plus'a Özel""]",21 saat 53 dakika içinde sipariş verirsen Yarın kargoda,refreshed,0,https://www.trendyol.com/beyzana/yeni-buz-kupu-yuz-gozler-ve-boyun-masaji-cilt-bakimi-goz-torbalarini-giderme-silikon-buz-kalibi-p-844056625?boutiqueId=61&merchantId=638780
kozmetik:kozmetik-vitrini,423,423,256,25.2,4.8,943019014,707288,943019014:707288,"ORNATE Cookie Lip Oil Gloss Dolgunlaştırıcı Efekt , Nemlendirici, Parlatıcı Simli Dudak Yağı Kurabiye 5 ml",ORNATE,,203.51,,6.9,InStock,,,,,4.5,,,,[],,listing_only,,https://www.trendyol.com/ornate/cookie-lip-oil-gloss-dolgunlastirici-efekt-nemlendirici-parlatici-simli-dudak-yagi-kurabiye-5-ml-p-943019014?boutiqueId=61&merchantId=707288
kozmetik:kozmetik-vitrini,668,668,-234,25.2,19.4,867108754,781333,867108754:781333,Rivance Dökülme Karşıtı Ve Hızlı Saç Uzamasına Yardımcı Canlandırıcı %100 Doğal Saç Toniği,Rivance,Rivance,232.51,,16.3,InStock,Son 3 günde 250+ ürün satıldı!,3,250,83.3,4.1,423,0,244,[],14 saat 50 dakika içinde sipariş verirsen en geç bugün kargoda!,carried_forward,3,https://www.trendyol.com/rivance/dokulme-karsiti-ve-hizli-sac-uzamasina-yardimci-canlandirici-100-dogal-sac-tonigi-p-867108754?boutiqueId=61&merchantId=781333
kozmetik:kozmetik-vitrini,688,688,-191,25.2,7.8,832705124,378048,832705124:378048,Vaseline Gluta Hya Serum Etkili UV Losyon Leke Karşıtı ve Aydınlatıcı 200 ml,Vaseline,Unilever,251.06,258.82,-5.7,InStock,,,,,4.4,595,0,599,"[""Sepette %3 İndirim""]",Tahmini Teslim:,carried_forward,16,https://www.trendyol.com/vaseline/gluta-hya-serum-etkili-uv-losyon-leke-karsiti-ve-aydinlatici-200-ml-p-832705124?boutiqueId=61&merchantId=378048
kozmetik:makyaj,79,811,-21,25.2,19.3,1039610423,556702,1039610423:556702,Cream Co. Likit Bronzer Glow Sculpt Horizon | Kontür Nötr Açık Kahve | Yüz Şekillendirici Nemlendirici Makyaj,Cream Co.,Cream Co.,199.9,,0,InStock,Son 3 günde 250+ ürün satıldı!,3,250,83.3,4.253092293054234,430,0,56,"[""Kargo Bedava"",""Trendyol Plus'a Özel""]",,refreshed,0,https://www.trendyol.com/cream-co/likit-bronzer-glow-sculpt-horizon-kontur-notr-acik-kahve-yuz-sekillendirici-nemlendirici-makyaj-p-1039610423?boutiqueId=61&merchantId=556702
kozmetik:makyaj,84,816,-17,25.2,19.3,140011384,1085971,140011384:1085971,Genel Markalar Tırnak Süs Damgalama French Stamper Aleti,Genel Markalar,,33.66,,0,InStock,Son 3 günde 250+ ürün satıldı!,3,250,83.3,4.1,,,,"[""Sepette %7 İndirim""]",,listing_only,,https://www.trendyol.com/genel-markalar/tirnak-sus-damgalama-french-stamper-aleti-p-140011384?boutiqueId=61&merchantId=1085971
kozmetik:makyaj,220,952,,25.2,4.8,885400900,107819,885400900:107819,L'Oreal Paris L'Oréal Paris Lumi Blush Likit Allık - 635 Glowy Worth It Medium,L'Oreal Paris L'Oréal,,529.9,,,InStock,,,,,4.5,,,,"[""79 TL Kupon""]",,listing_only,,https://www.trendyol.com/l-oreal-paris/l-oreal-paris-lumi-blush-likit-allik-635-glowy-worth-it-medium-p-885400900?boutiqueId=61&merchantId=107819
kozmetik:kozmetik-vitrini,113,113,-47,25,5,2426144,450266,2426144:450266,Bioblas Argan Saç Bakım Yağı – Besleyici Onarım & İpeksi Yumuşaklık 100 ml,Bioblas,AZİZDEN,199.9,,0,InStock,,,,,4.580751755472945,1329,0,569,"[""Sepette %15 İndirim"",""Sepette %30 İndirim"",""129,30 TL Kupon"",""443,99 TL Kupon"",""469 TL Kupon"",""Kargo Bedava"",""Son 10 Günün En Düşük Fiyatı""]",21 saat 52 dakika içinde sipariş verirsen Yarın kargoda,refreshed,0,https://www.trendyol.com/bioblas/argan-sac-bakim-yagi-besleyici-onarim-ipeksi-yumusaklik-100-ml-p-2426144?boutiqueId=61&merchantId=450266
kozmetik:kozmetik-vitrini,587,587,-65,25,5,249789762,763934,249789762:763934,"Goodal Yeşil Mandalina Özlü, Aydınlatıcı Göz Altı Maskesi GOODAL Green Tangerine Vita C Eye Gel Patch α",Goodal,Yeppuda Korean Cosmetics,1149,,0,InStock,,,,,4.5,1344,0,579,"[""Kargo Bedava""]",8 saat 50 dakika içinde sipariş verirsen en geç yarın kargoda!,carried_forward,31,https://www.trendyol.com/goodal/yesil-mandalina-ozlu-aydinlatici-goz-alti-maskesi-goodal-green-tangerine-vita-c-eye-gel-patch-p-249789762?boutiqueId=61&merchantId=763934
kozmetik:makyaj,96,828,-23,24.9,19.6,952224915,757582,952224915:757582,La Roche Posay Saf C Vitamini İçerikli Işıltı Veren Hassas Ciltler Dahil Tüm Ciltler İçin Yüz Temizleme Jeli 200 ml,La Roche Posay,La Roche Posay,838.9,,,InStock,Son 3 günde 250+ ürün satıldı!,3,250,83.3,4.4,393,0,266,"[""Kargo Bedava""]",Tahmini Teslim:,carried_forward,6,https://www.trendyol.com/la-roche-posay/saf-c-vitamini-icerikli-isilti-veren-hassas-ciltler-dahil-tum-ciltler-icin-yuz-temizleme-jeli-200-ml-p-952224915?boutiqueId=61&merchantId=757582
kozmetik:makyaj,216,948,-35,24.9,5.1,971357643,556702,971357643:556702,Cream Co. Gözenek Sıkılaştırıcı Ferahlatıcı Yüz Spreyi | Heartleaf Face Mist | Niacinamide | Tüm Cilt Tipleri,Cream Co.,,259.9,,0,InStock,,,,,4.3,,,,[],,listing_only,,https://www.trendyol.com/cream-co/gozenek-sikilastirici-ferahlatici-yuz-spreyi-heartleaf-face-mist-niacinamide-tum-cilt-tipleri-p-971357643?boutiqueId=61&merchantId=556702
kozmetik:kozmetik-vitrini,97,97,-23,24.8,5.2,208029821,115294,208029821:115294,La Cire Kaş Şekillendirici Wax 50 Ml,La Cire,parfummoda,99.9,,0,InStock,,,,,4.226228030644434,1266,1,188,"[""Kargo Bedava""]",21 saat 53 dakika içinde sipariş verirsen yarın kargoda!,refreshed,0,https://www.trendyol.com/la-cire/kas-sekillendirici-wax-50-ml-p-208029821?boutiqueId=61&merchantId=115294
kozmetik:kozmetik-vitrini,365,365,,24.8,12.2,1141098376,636222,1141098376:636222,oral clean OralClean Paslanmaz Çelik Dil Temizleyici 2’li Set Dil Sıyırıcı Tongue Cleaner Ağız ve Dil Hijyen Aparatı Ferah Nefes,oral clean,,148.71,159.9,,InStock,,,,,4.8,,,,"[""Sepette %7 İndirim""]",,listing_only,,https://www.trendyol.com/oral-clean/oralclean-paslanmaz-celik-dil-temizleyici-2-li-set-dil-siyirici-tongue-cleaner-agiz-ve-dil-hijyen-aparati-ferah-nefes-p-1141098376?boutiqueId=61&merchantId=636222
kozmetik:kozmetik-vitrini,536,536,91,24.8,19.8,1153169922,690747,1153169922:690747,KORELYA Soyulabilir Dudak Dövmesi 5 g | Canlı Kırmızı,KORELYA,GELLO TR,329.9,,0,InStock,Son 3 günde 250+ ürün satıldı!,3,250,83.3,4.2,,,18,[],11 saat 54 dakika içinde sipariş verirsen en geç yarın kargoda!,carried_forward,22,https://www.trendyol.com/korelya/soyulabilir-dudak-dovmesi-5-g-canli-kirmizi-p-1153169922?boutiqueId=61&merchantId=690747
kozmetik:kozmetik-vitrini,550,550,-426,24.8,5.2,344172206,113082,344172206:113082,Tala Pirinç Sabunu Doğal Cilt Beyazlatıcı Aydınlatıcı 150 Gr,Tala,,182.49,,1.2,InStock,,,,,4.4,1245,0,,"[""Son 10 Günün En Düşük Fiyatı""]",Tahmini Teslim:,carried_forward,30,https://www.trendyol.com/tala/pirinc-sabunu-dogal-cilt-beyazlatici-aydinlatici-150-gr-p-344172206?boutiqueId=61&merchantId=113082
kozmetik:makyaj,102,834,21,24.8,19.7,997194163,4473,997194163:4473,Flormar Üçgen Yumuşak Pamuksu Dokulu Kompakt Pudra Süngeri,Flormar,Flormar,149.99,,20,InStock,Son 3 günde 250+ ürün satıldı!,3,250,83.3,4.6,382,0,15,"[""Son 10 Günün En Düşük Fiyatı"",""Süper Fırsat Ürünü""]",,carried_forward,2,https://www.trendyol.com/flormar/ucgen-yumusak-pamuksu-dokulu-kompakt-pudra-sungeri-p-997194163?boutiqueId=61&merchantId=4473
kozmetik:kozmetik-vitrini,258,258,25,24.7,19.9,959856336,556702,959856336:556702,Cream Co. Sivilce & Akne & Siyah Nokta Karşıtı Yüz Temizleme Jeli | Niacinamide Çay Ağacı Yağı | 100 ML,Cream Co.,Cream Co.,185.59,,0,InStock,Son 3 günde 250+ ürün satıldı!,3,250,83.3,4.231386025200458,367,1,112,"[""Kargo Bedava"",""Trendyol Plus'a Özel""]",,refreshed,0,https://www.trendyol.com/cream-co/sivilce-akne-siyah-nokta-karsiti-yuz-temizleme-jeli-niacinamide-cay-agaci-yagi-100-ml-p-959856336?boutiqueId=61&merchantId=556702
kozmetik:kozmetik-vitrini,351,351,-78,24.7,19.9,971382590,139340,971382590:139340,dp Daily Perfection Saç Bakım Yağı Argan Yağlı ve E Vitaminli 100 ml,dp Daily Perfection,dp Daily Perfection,129.3,,0,InStock,Son 3 günde 250+ ürün satıldı!,3,250,83.3,4.5,367,0,74,[],21 saat 49 dakika içinde sipariş verirsen Yarın kargoda,carried_forward,2,https://www.trendyol.com/dp-daily-perfection/sac-bakim-yagi-argan-yagli-ve-e-vitaminli-100-ml-p-971382590?boutiqueId=61&merchantId=139340
kozmetik:kozmetik-vitrini,632,632,-8,24.7,5.3,877720947,1083177,877720947:1083177,Sleepy Bio Natural Premium Plus Hijyenik Ped Mega Paket Gece 30X3 (90 Adet),Sleepy,DAĞDEVİREN GROSS,407.77,,0,InStock,,,,,4.6,1231,0,228,"[""Kargo Bedava""]",11 saat 52 dakika içinde sipariş verirsen en geç yarın kargoda!,carried_forward,10,https://www.trendyol.com/sleepy/bio-natural-premium-plus-hijyenik-ped-mega-paket-gece-30x3-90-adet-p-877720947?boutiqueId=61&merchantId=1083177
kozmetik:makyaj,180,912,-7,24.7,5.3,339596673,1028724,339596673:1028724,"Nail Master M141 Kalıcı Oje 7,3ml Kireç Beyazı",Nail Master,,98.33,,9.9,InStock,,,,,4.5,,,,[],,listing_only,,https://www.trendyol.com/nail-master/m141-kalici-oje-7-3ml-kirec-beyazi-p-339596673?boutiqueId=61&merchantId=1028724
kozmetik:makyaj,234,966,,24.7,5.3,339597053,1028724,339597053:1028724,"Nail Master M503 Kalıcı Oje 7,3ml French Pembesi",Nail Master,,89.28,,1.4,InStock,,,,,4.4,,,,[],,listing_only,,https://www.trendyol.com/nail-master/m503-kalici-oje-7-3ml-french-pembesi-p-339597053?boutiqueId=61&merchantId=1028724
kozmetik:kozmetik-vitrini,178,178,146,24.6,5.4,930555734,1286190,930555734:1286190,Flormar Puffy Nemlendirici Etkili&Parlak Bitişli Sünger Aplikatörlü Likit Allık-002Peachy Glow-8682536093880,Flormar,Turhan Group,294,,-2,InStock,,,,,4.2957805907173,1180,4,56,"[""Kargo Bedava""]",21 saat 51 dakika içinde sipariş verirsen Yarın kargoda,refreshed,0,https://www.trendyol.com/flormar/puffy-nemlendirici-etkili-parlak-bitisli-sunger-aplikatorlu-likit-allik-002peachy-glow-8682536093880-p-930555734?boutiqueId=61&merchantId=1286190
kozmetik:kozmetik-vitrini,318,318,-49,24.6,20,1120926033,443728,1120926033:443728,Qremfi Gül Maya Pembe Kil Maskesi 100 ml | Arındırıcı ve Dengeli Görünüm Bakımı,Qremfi,FREEWALK,329.9,,26.2,InStock,Son 3 günde 250+ ürün satıldı!,3,250,83.3,4.4,353,0,319,[],,carried_forward,2,https://www.trendyol.com/qremfi/gul-maya-pembe-kil-maskesi-100-ml-arindirici-ve-dengeli-gorunum-bakimi-p-1120926033?boutiqueId=61&merchantId=443728
kozmetik:kozmetik-vitrini,422,422,-25,24.6,20,984758068,205639,984758068:205639,Note Cosmetics Liquid Blush Nemlendirici Etkili Likit Allık - 30 Berry (Işıltılı),Note Cosmetics,Note Cosmetics,771.14,,185.7,InStock,Son 3 günde 250+ ürün satıldı!,3,250,83.3,4.5,353,0,57,"[""Sepette %65 İndirim"",""Süper Fırsat Ürünü""]",21 saat 49 dakika içinde sipariş verirsen en geç yarın kargoda!,carried_forward,3,https://www.trendyol.com/note-cosmetics/liquid-blush-nemlendirici-etkili-likit-allik-30-berry-isiltili-p-984758068?boutiqueId=61&merchantId=205639
kozmetik:kozmetik-vitrini,221,221,-163,24.5,20.1,1046346713,107302,1046346713:107302,Sinoz Avokado Bomb Yoğun Nemlendirici Yüz Kremi & Göz Kremi 2'li Bakım Seti,Sinoz,Sinoz Kozmetik,698,,0,InStock,Son 3 günde 250+ ürün satıldı!,3,250,83.3,4.408114558472554,350,0,112,"[""Kargo Bedava""]",,refreshed,0,https://www.trendyol.com/sinoz/avokado-bomb-yogun-nemlendirici-yuz-kremi-goz-kremi-2-li-bakim-seti-p-1046346713?boutiqueId=61&merchantId=107302
kozmetik:makyaj,160,892,,24.5,5.5,1133800909,1264974,1133800909:1264974,AVEONIX Shine Veil Parlak Ruj 03 Nemlendirici Pürüzsüz Dolgun Dudak Etkili Lipstick,AVEONIX,,349,,0,InStock,,,,,4.3,,,,[],,listing_only,,https://www.trendyol.com/aveonix/shine-veil-parlak-ruj-03-nemlendirici-puruzsuz-dolgun-dudak-etkili-lipstick-p-1133800909?boutiqueId=61&merchantId=1264974
kozmetik:makyaj,199,931,-55,24.5,5.5,870866168,205639,870866168:205639,Note Cosmetics First Class Hacim ve Uzatma Etkili Maskara - Siyah,Note Cosmetics,Note Cosmetics,1099.75,,150,InStock,,,,,4.3,1150,0,92,"[""Sepette %60 İndirim"",""Kargo Bedava"",""Süper Fırsat Ürünü""]",8 saat 52 dakika içinde sipariş verirsen en geç yarın kargoda!,carried_forward,31,https://www.trendyol.com/note-cosmetics/first-class-hacim-ve-uzatma-etkili-maskara-siyah-p-870866168?boutiqueId=61&merchantId=205639
kozmetik:kozmetik-vitrini,718,718,-23,24.4,5.6,123364076,1028724,123364076:1028724,Nail Master Protez Tırnak Jeli ( Builder Gel ) 15 ml 911 Açık Nude,Nail Master,,118.42,,0,InStock,,,,,4.3,,,,"[""Son 10 Günün En Düşük Fiyatı""]",,listing_only,,https://www.trendyol.com/nail-master/protez-tirnak-jeli-builder-gel-15-ml-911-acik-nude-p-123364076?boutiqueId=61&merchantId=1028724
kozmetik:makyaj,194,926,,24.4,5.6,95508823,1072118,95508823:1072118,Magic Aliver Expres 3-5 Dk Kalıcı Oje /protez Tırnak Çıkarıcı Jel 15ml/bitkisel Reçine,Magic,DGN TAKIKOZMETİK,160,,0.1,InStock,,,,,3.8,1128,0,228,"[""30 TL Kupon""]",11 saat 53 dakika içinde sipariş verirsen en geç yarın kargoda!,carried_forward,4,https://www.trendyol.com/magic/aliver-expres-3-5-dk-kalici-oje-protez-tirnak-cikarici-jel-15ml-bitkisel-recine-p-95508823?boutiqueId=61&merchantId=1072118
kozmetik:makyaj,218,950,-41,24.4,5.6,825517895,205639,825517895:205639,Note Cosmetics New Era Skin Protecting Concealer Nemli Bitişli Göz Altı Kapatıcısı - 20 Light Beige,Note Cosmetics,Note Cosmetics,999.71,,185.7,InStock,,,,,4.3,,,251,"[""Sepette %65 İndirim"",""Süper Fırsat Ürünü""]",Tahmini Teslim:,carried_forward,24,https://www.trendyol.com/note-cosmetics/new-era-skin-protecting-concealer-nemli-bitisli-goz-alti-kapaticisi-20-light-beige-p-825517895?boutiqueId=61&merchantId=205639
kozmetik:kozmetik-vitrini,246,246,-144,24.3,5.7,353751631,565865,353751631:565865,Agarta Doğal El Yapımı Cilt Beyazlatıcı Pirinç Sabunu 150 Gr,Agarta,AGARTA BİTKİSEL KOZMETİK,90.11,,0,InStock,,,,,4.451752280364858,1096,0,349,"[""Sepette %1 İndirim"",""Kargo Bedava"",""Trendyol Plus'a Özel""]",,refreshed,0,https://www.trendyol.com/agarta/dogal-el-yapimi-cilt-beyazlatici-pirinc-sabunu-150-gr-p-353751631?boutiqueId=61&merchantId=565865
kozmetik:kozmetik-vitrini,460,460,-42,24.3,20.2,882844550,104886,882844550:104886,PERIPERA Renklendirici ve Sabitleyici Kaş Maskarası Speedy Skinny Brow Mascara 05 Peony Ash,PERIPERA,,386.02,,0,InStock,Son 3 günde 250+ ürün satıldı!,3,250,83.3,3.6,,,,"[""Kargo Bedava""]",,listing_only,,https://www.trendyol.com/peripera/renklendirici-ve-sabitleyici-kas-maskarasi-speedy-skinny-brow-mascara-05-peony-ash-p-882844550?boutiqueId=61&merchantId=104886
kozmetik:kozmetik-vitrini,47,47,22,24.2,21.8,954172044,109236,954172044:109236,Estee Lauder Onarım & Kolajen 3'lüsü - Advanced Night Repair Serum 20ml+ Supreme Krem 5ml+ Göz Kremi 5ml,Estee Lauder,ESTEE LAUDER,3290,,0,InStock,Son 3 günde 250+ ürün satıldı!,3,250,83.3,4.20536756126021,322,0,109,"[""Sepette %25 İndirim"",""Kargo Bedava""]",,refreshed,0,https://www.trendyol.com/estee-lauder/onarim-kolajen-3-lusu-advanced-night-repair-serum-20ml-supreme-krem-5ml-goz-kremi-5ml-p-954172044?boutiqueId=61&merchantId=109236
kozmetik:kozmetik-vitrini,190,190,2,24.2,5.8,123335589,1305654,123335589:1305654,L'oreal Professionnel Serie Expert Absolut Repair Yıpranmış Saçlar Için Onarıcı Şampuan 500ml,L'oreal Professionnel,Art-Jee Derma,1219,,0,InStock,,,,,4.426086956521738,1059,1,337,"[""Kargo Bedava"",""Süper Fırsat Ürünü"",""Trendyol Plus'a Özel""]",21 saat 51 dakika içinde sipariş verirsen Yarın kargoda,refreshed,0,https://www.trendyol.com/l-oreal-professionnel/serie-expert-absolut-repair-yipranmis-saclar-icin-onarici-sampuan-500ml-p-123335589?boutiqueId=61&merchantId=1305654
kozmetik:kozmetik-vitrini,344,344,12,24.2,20.4,279937901,305805,279937901:305805,EVVAHE DOĞAL Misvak Vakumlu (yaş),EVVAHE DOĞAL,Evvahe Doğal,169,,0,InStock,Son 3 günde 250+ ürün satıldı!,3,250,83.3,4.2,316,0,83,[],21 saat 51 dakika içinde sipariş verirsen en geç yarın kargoda!,carried_forward,3,https://www.trendyol.com/evvahe-dogal/misvak-vakumlu-yas-p-279937901?boutiqueId=61&merchantId=305805
kozmetik:makyaj,222,954,-27,24.2,5.8,5297991,1115102,5297991:1115102,Golden Rose Long Lasting Lip Pencil - 208 - Dudak Kalemi,Golden Rose,Osv Store,74,,0,InStock,,,,,4.6,1055,0,77,[],4 saat 53 dakika içinde sipariş verirsen en geç bugün kargoda!,carried_forward,8,https://www.trendyol.com/golden-rose/long-lasting-lip-pencil-208-dudak-kalemi-p-5297991?boutiqueId=61&merchantId=1115102
kozmetik:makyaj,230,962,,24.2,5.8,947449216,891275,947449216:891275,Kremi Cooling Eye Cream Göz Kremi |Göz Çevresi Nemlendirici Aydınlatıcı| Avokado Kafein Gingseng Moringa,Kremi,Kremi,299.9,,0,InStock,,,,,4,1068,0,225,[],Tahmini Teslim:,carried_forward,5,https://www.trendyol.com/kremi/cooling-eye-cream-goz-kremi-goz-cevresi-nemlendirici-aydinlatici-avokado-kafein-gingseng-moringa-p-947449216?boutiqueId=61&merchantId=891275
kozmetik:kozmetik-vitrini,128,128,-84,24.1,5.9,3157446,114953,3157446:114953,Catherine Arley No 5 Pudra Compact Powder Pudra 05,Catherine Arley,MELCEYKOZMETİK,261.55,,0,InStock,,,,,4.550998381003778,1016,0,440,"[""15 TL Kupon"",""Sepette %50 İndirim"",""Kargo Bedava""]",21 saat 52 dakika içinde sipariş verirsen yarın kargoda!,refreshed,0,https://www.trendyol.com/catherine-arley/no-5-pudra-compact-powder-pudra-05-p-3157446?boutiqueId=61&merchantId=114953
kozmetik:kozmetik-vitrini,92,92,34,24,20.5,887969830,1225461,887969830:1225461,Tangle Teezer Ultimate Detangler Chrome Choc Bronze Islak & Kuru Düz ve Kıvırcık Saçlar için Saç Fırçası-Tarak,Tangle Teezer,Tangle Teezer,1578.9,,-4.9,InStock,Son 3 günde 250+ ürün satıldı!,3,250,83.3,4.609236234458259,303,3,84,"[""Kargo Bedava""]",21 saat 53 dakika içinde sipariş verirsen yarın kargoda!,refreshed,0,https://www.trendyol.com/tangle-teezer/ultimate-detangler-chrome-choc-bronze-islak-kuru-duz-ve-kivircik-saclar-icin-sac-fircasi-tarak-p-887969830?boutiqueId=61&merchantId=1225461
kozmetik:kozmetik-vitrini,271,271,-75,24,7,761567736,111600,761567736:111600,COSMED Tırnak Dokusunu ve Kütikül Yapısını Destekleyen Bakım Balmı/Body Elixir NAIL & CUTICLE BALSAM 15ML,COSMED,Cosmed Cosmeceuticals,279.15,281.97,-3,InStock,,,,,4.445046439628483,757,7,125,"[""Son 10 Günün En Düşük Fiyatı"",""Kargo Bedava"",""Son 10 günün en düşük fiyatı""]",,refreshed,0,https://www.trendyol.com/cosmed/tirnak-dokusunu-ve-kutikul-yapisini-destekleyen-bakim-balmi-body-elixir-nail-cuticle-balsam-15ml-p-761567736?boutiqueId=61&merchantId=111600
kozmetik:kozmetik-vitrini,477,477,-237,24,20.6,917331073,361197,917331073:361197,"Dr.Melaxin TX CREAM Derin Koyu Lekeler, Güneş Lekeleri İçin Anti Melasma Leke Kremi&Ton Eşitleyici 50ml",Dr.Melaxin TX,7co,1433.62,,3.9,InStock,Son 3 günde 250+ ürün satıldı!,3,250,83.3,4.5,302,0,223,"[""Kargo Bedava""]",,carried_forward,2,https://www.trendyol.com/dr-melaxin/tx-cream-derin-koyu-lekeler-gunes-lekeleri-icin-anti-melasma-leke-kremi-ton-esitleyici-50ml-p-917331073?boutiqueId=61&merchantId=361197
kozmetik:makyaj,167,899,-2,24,6,956655883,107819,956655883:107819,Maybelline New York Fit Me Nude Cilt Bakımı Etkili Nemlendirici SPF50 BB Krem - 10,Maybelline New York,L'Oreal,337.46,,0,InStock,,,,,4.3,1008,0,208,"[""50 TL Kupon""]",21 saat 49 dakika içinde sipariş verirsen en geç yarın kargoda!,carried_forward,3,https://www.trendyol.com/maybelline-new-york/fit-me-nude-cilt-bakimi-etkili-nemlendirici-spf50-bb-krem-10-p-956655883?boutiqueId=61&merchantId=107819
kozmetik:makyaj,228,960,,23.9,6.1,892373762,107819,892373762:107819,L'Oreal Paris Plump Ambition Hyaluron Lip Oil Besleyici ve Nemlendirici Dudak Parlatıcısı - 601 Wort It,L'Oreal Paris Plump,,652.46,,,InStock,,,,,4.5,,,,"[""97 TL Kupon"",""Kargo Bedava""]",,listing_only,,https://www.trendyol.com/l-oreal-paris/plump-ambition-hyaluron-lip-oil-besleyici-ve-nemlendirici-dudak-parlaticisi-601-wort-it-p-892373762?boutiqueId=61&merchantId=107819
kozmetik:makyaj,236,968,-46,23.9,6.1,1019884416,106263,1019884416:106263,"Takıştır Takma Kirpik Seti Yapıştırıcı, Sabitleyici, Cımbız Ve Kirpik Fırçasıyla 580 Adet Kirpik Tutamı",Takıştır,,599.99,,0,InStock,,,,,4.2,,,,"[""Kargo Bedava""]",,listing_only,,https://www.trendyol.com/takistir/takma-kirpik-seti-yapistirici-sabitleyici-cimbiz-ve-kirpik-fircasiyla-580-adet-kirpik-tutami-p-1019884416?boutiqueId=61&merchantId=106263
kozmetik:kozmetik-vitrini,51,51,71,23.8,20.8,141321976,468928,141321976:468928,Revolution Reloaded Iconic 3.0 15'Li Mat Ve Işıltılı Far Paleti,Revolution,Watsons,299.9,,2.4,InStock,Son 3 günde 250+ ürün satıldı!,3,250,83.3,4.3327239488117,283,8,30,"[""Kargo Bedava""]",,refreshed,0,https://www.trendyol.com/revolution/reloaded-iconic-3-0-15-li-mat-ve-isiltili-far-paleti-p-141321976?boutiqueId=61&merchantId=468928
kozmetik:kozmetik-vitrini,651,651,21,23.8,9,1076062828,871483,1076062828:871483,HİROS'H 5’li Profesyonel Siyah Tarak Seti Kuaför Tipi Saç Açma Ve Şekillendirme Tarak Seti,HİROS'H 5’li,,120.35,123.77,0,InStock,,,,,3.8,,,,"[""Son 10 Günün En Düşük Fiyatı""]",,listing_only,,https://www.trendyol.com/hiros-h/5-li-profesyonel-siyah-tarak-seti-kuafor-tipi-sac-acma-ve-sekillendirme-tarak-seti-p-1076062828?boutiqueId=61&merchantId=871483
kozmetik:makyaj,78,810,22,23.7,20.9,1154683162,107819,1154683162:107819,Maybelline New York Lifter Gel Ekstra Parlak ve Nemlendirici Dudak Parlatıcısı - 07 Vanilla Horchata,Maybelline New York,L'Oreal,379.96,,0,InStock,Son 3 günde 250+ ürün satıldı!,3,250,83.3,4.6,,,11,"[""56 TL Kupon""]",11 saat 52 dakika içinde sipariş verirsen en geç yarın kargoda!,carried_forward,17,https://www.trendyol.com/maybelline-new-york/lifter-gel-ekstra-parlak-ve-nemlendirici-dudak-parlaticisi-07-vanilla-horchata-p-1154683162?boutiqueId=61&merchantId=107819
kozmetik:kozmetik-vitrini,74,74,-18,23.6,6.4,920166375,1135365,920166375:1135365,"wimi Yüz Ve Boyun Kırşıklık Giderici 3 Modlu Ems Güzellik Cihazı ( Gıdık, Sarkma, Kırışıklık )",wimi,Wunitech Prime,454,,,InStock,,,,,4.172243554580363,881,10,846,"[""Kargo Bedava""]",21 saat 53 dakika içinde sipariş verirsen Yarın kargoda,refreshed,0,https://www.trendyol.com/wimi/yuz-ve-boyun-kirsiklik-giderici-3-modlu-ems-guzellik-cihazi-gidik-sarkma-kirisiklik-p-920166375?boutiqueId=61&merchantId=1135365
kozmetik:makyaj,148,880,-33,23.6,6.4,959858941,556702,959858941:556702,Cream Co. Leke Karşıtı Nemlendirici Yüz Temizleme Jeli Niacinamide Hyalüronik Asit | 100 ML | Tüm Cilt Tipleri,Cream Co.,,189.7,,0,InStock,,,,,4.3,,,,[],,listing_only,,https://www.trendyol.com/cream-co/leke-karsiti-nemlendirici-yuz-temizleme-jeli-niacinamide-hyaluronik-asit-100-ml-tum-cilt-tipleri-p-959858941?boutiqueId=61&merchantId=556702
kozmetik:makyaj,254,986,-25,23.6,6.4,32008901,107819,32008901:107819,Maybelline New York Express Brow Ultra Slim Kaş Kalemi - 05 Deep Brown,Maybelline New York,,314.96,,0,InStock,,,,,4.6,,,,"[""47 TL Kupon""]",,listing_only,,https://www.trendyol.com/maybelline-new-york/express-brow-ultra-slim-kas-kalemi-05-deep-brown-p-32008901?boutiqueId=61&merchantId=107819
kozmetik:kozmetik-vitrini,94,94,-21,23.5,6.5,861906772,107280,861906772:107280,Celimax Retinol Gözenek Sıkılaştırıcı Serum 30ml F7927AXNS,Celimax,SooBeauty,819,,0.5,InStock,,,,,4.41111111111111,872,0,1098,"[""Kargo Bedava""]",,refreshed,0,https://www.trendyol.com/celimax/retinol-gozenek-sikilastirici-serum-30ml-f7927axns-p-861906772?boutiqueId=61&merchantId=107280
kozmetik:kozmetik-vitrini,445,445,-53,23.5,21.1,1057524891,4473,1057524891:4473,Flormar Kremsi Dokulu & Mat Bitişli/Işıltılı 9'lu Kompakt Göz Farı Paleti - 004 FOLLOW YOUR HEART,Flormar,Flormar,449.99,,0.2,InStock,Son 3 günde 250+ ürün satıldı!,3,250,83.3,4.5,261,0,15,"[""Kargo Bedava""]",Tahmini Teslim:,carried_forward,4,https://www.trendyol.com/flormar/kremsi-dokulu-mat-bitisli-isiltili-9-lu-kompakt-goz-fari-paleti-004-follow-your-heart-p-1057524891?boutiqueId=61&merchantId=4473
kozmetik:kozmetik-vitrini,639,639,-455,23.5,6.5,49503159,451556,49503159:451556,Morfose Ultra Strong Saç Köpüğü 200 ml,Morfose,MORFOSE,188.9,,2.6,InStock,,,,,4.3,872,0,528,[],11 saat 52 dakika içinde sipariş verirsen en geç yarın kargoda!,carried_forward,28,https://www.trendyol.com/morfose/ultra-strong-sac-kopugu-200-ml-p-49503159?boutiqueId=61&merchantId=451556
kozmetik:makyaj,211,943,-65,23.5,6.5,810695635,871483,810695635:871483,HİROS'H 20 Parça Lüx Makyaj Fırçası Seti Makyaj Süngeri Kaş Fırçası Üçgen Pudra Süngeri,HİROS'H 20,,169.9,,0,InStock,,,,,3.6,,,,[],,listing_only,,https://www.trendyol.com/hiros-h/20-parca-lux-makyaj-fircasi-seti-makyaj-sungeri-kas-fircasi-ucgen-pudra-sungeri-p-810695635?boutiqueId=61&merchantId=871483
kozmetik:kozmetik-vitrini,157,157,-48,23.4,21.1,1160237449,1119222,1160237449:1119222,"Kifi 280'li İpek Takma Kirpik Seti,Yapıştırıcı Sabitleyici Çıkarıcı Ve Takma Kirpik Cımbızı",Kifi,DİAR KOZMETİK,334.98,,3.8,InStock,Son 3 günde 250+ ürün satıldı!,3,250,83.3,4.204986149584488,255,3,137,"[""Kargo Bedava""]",21 saat 52 dakika içinde sipariş verirsen yarın kargoda!,refreshed,0,https://www.trendyol.com/kifi/280-li-ipek-takma-kirpik-seti-yapistirici-sabitleyici-cikarici-ve-takma-kirpik-cimbizi-p-1160237449?boutiqueId=61&merchantId=1119222
kozmetik:kozmetik-vitrini,395,395,-156,23.4,22.2,1148779287,176633,1148779287:176633,Propia Keralith Saç Dökülmesine Karşı Serum 100 ml | 1.5% Kopexil™ Dökülme Karşıtı Saç Bakım Serumu,Propia,Propia,748.49,756.05,0,InStock,Son 3 günde 250+ ürün satıldı!,3,250,83.3,4.4,187,0,41,"[""Kargo Bedava"",""Son 10 Günün En Düşük Fiyatı""]",21 saat 50 dakika içinde sipariş verirsen Yarın kargoda,carried_forward,2,https://www.trendyol.com/propia/keralith-sac-dokulmesine-karsi-serum-100-ml-1-5-kopexil-dokulme-karsiti-sac-bakim-serumu-p-1148779287?boutiqueId=61&merchantId=176633
kozmetik:kozmetik-vitrini,526,526,5,23.4,35.8,1149217185,163501,1149217185:163501,Zubio Ağız Kokusu Giderici ve Önleyici Sprey | Çinko | Prebiyotik | Alkolsüz | 20 ml,Zubio,Zubio | Soltis,410,,0,InStock,Son 3 günde 500+ ürün satıldı!,3,500,166.7,4,75,0,51,"[""Kargo Bedava""]",Tahmini Teslim:,carried_forward,11,https://www.trendyol.com/zubio/agiz-kokusu-giderici-ve-onleyici-sprey-cinko-prebiyotik-alkolsuz-20-ml-p-1149217185?boutiqueId=61&merchantId=163501
kozmetik:kozmetik-vitrini,723,723,-16,23.3,6.7,982459687,112732,982459687:112732,MAXX DELUXE Oryal Mavi 500 Gr + Oksindan 1000 ml 30V,MAXX DELUXE,,438.46,,-5.5,InStock,,,,,4.2,,,,"[""4 TL Kupon"",""Kargo Bedava""]",,listing_only,,https://www.trendyol.com/maxx-deluxe/oryal-mavi-500-gr-oksindan-1000-ml-30v-p-982459687?boutiqueId=61&merchantId=112732
kozmetik:makyaj,127,859,53,23.3,7.1,182351832,825517,182351832:825517,Mac Yumuşak Uçlu Göz Kalemi - Eye Kohl - Costa Riche 1.36 G,Mac,,2984,2995,0,InStock,,,,,4.5,,,,"[""75 TL Kupon"",""Kargo Bedava""]",,listing_only,,https://www.trendyol.com/mac/yumusak-uclu-goz-kalemi-eye-kohl-costa-riche-1-36-g-p-182351832?boutiqueId=61&merchantId=825517
kozmetik:kozmetik-vitrini,622,622,-53,23.2,6.8,475734310,315133,475734310:315133,Bepanthol Derma Cilt Bakım Kremi 30 G 3 Adet Cilt Bakım Kremi 3.5 G,Bepanthol,Bepanthol,359.5,,0,InStock,,,,,4.6,791,0,455,"[""Kargo Bedava""]",11 saat 49 dakika içinde sipariş verirsen en geç yarın kargoda!,carried_forward,9,https://www.trendyol.com/bepanthol/derma-cilt-bakim-kremi-30-g-3-adet-cilt-bakim-kremi-3-5-g-p-475734310?boutiqueId=61&merchantId=315133
kozmetik:makyaj,246,978,,23.2,6.8,931226804,1085971,931226804:1085971,QNAİL PROFESSİONAL Protez Tırnak 500'lü Kemik Yarım Ay Tips,QNAİL PROFESSİONAL,,174.9,,0,InStock,,,,,4.6,,,,[],,listing_only,,https://www.trendyol.com/qnail-professional/protez-tirnak-500-lu-kemik-yarim-ay-tips-p-931226804?boutiqueId=61&merchantId=1085971
kozmetik:kozmetik-vitrini,54,54,113,23.1,36,1142734332,1031124,1142734332:1031124,THE BATH FACTORY Hot Crush Vücut Spreyi 200 ml,THE BATH FACTORY,The Bath Factory,399,,10.1,InStock,Son 3 günde 500+ ürün satıldı!,3,500,166.7,4.173913043478262,70,2,18,"[""Kargo Bedava""]",,refreshed,0,https://www.trendyol.com/the-bath-factory/hot-crush-vucut-spreyi-200-ml-p-1142734332?boutiqueId=61&merchantId=1031124
kozmetik:kozmetik-vitrini,464,464,-287,23,7,856992229,1333694,856992229:1333694,Beauty of Joseon Relief Sun Aqua Fresh Rice B5 SPF50+ PA++ Nemlendirici Yatıştırıcı Hafif UV Koruyucu 50ml,Beauty of Joseon,ORİJİNAL AL,699,,,InStock,,,,,4.5,754,0,612,"[""Kargo Bedava""]",9 saat 51 dakika içinde sipariş verirsen en geç bugün kargoda!,carried_forward,3,https://www.trendyol.com/beauty-of-joseon/relief-sun-aqua-fresh-rice-b5-spf50-pa-nemlendirici-yatistirici-hafif-uv-koruyucu-50ml-p-856992229?boutiqueId=61&merchantId=1333694
kozmetik:kozmetik-vitrini,468,468,132,23,7,1019764745,1279865,1019764745:1279865,"Embeauty Velvet Cherry No:5 Glossoil - Nemlendirici, Dolgunlaştırıcı Dudak Parlatıcısı",Embeauty,,229,,0,InStock,,,,,4.3,,,,[],,listing_only,,https://www.trendyol.com/embeauty/velvet-cherry-no-5-glossoil-nemlendirici-dolgunlastirici-dudak-parlaticisi-p-1019764745?boutiqueId=61&merchantId=1279865
kozmetik:makyaj,135,867,-78,23,7,951361694,630280,951361694:630280,Batekso Pembe Pötikare Kurdele Desenli Makyaj Çantası - Büyük Boy,Batekso,Batekso,159.9,,0,InStock,,,,,4.7,753,0,73,[],11 saat 53 dakika içinde sipariş verirsen en geç yarın kargoda!,carried_forward,15,https://www.trendyol.com/batekso/pembe-potikare-kurdele-desenli-makyaj-cantasi-buyuk-boy-p-951361694?boutiqueId=61&merchantId=630280
kozmetik:makyaj,147,879,,23,7,793430329,1202705,793430329:1202705,"KIKO Dudak Parlatıcısı-3D Hydra Lip Gloss Limited Edition-45 Enchanting Rosewood-Besleyici, Nemlendirici",KIKO,,965,,,InStock,,,,,4.6,,,,"[""Kargo Bedava""]",,listing_only,,https://www.trendyol.com/kiko/dudak-parlaticisi-3d-hydra-lip-gloss-limited-edition-45-enchanting-rosewood-besleyici-nemlendirici-p-793430329?boutiqueId=61&merchantId=1202705
kozmetik:makyaj,204,936,46,23,7,877379642,1047812,877379642:1047812,KIKO DUDAK KALEMİ - Smart Fusion Lip Pencil - 34 Chestnut,KIKO,,511.2,,0,InStock,,,,,4.7,,,,"[""Kargo Bedava""]",,listing_only,,https://www.trendyol.com/kiko/dudak-kalemi-smart-fusion-lip-pencil-34-chestnut-p-877379642?boutiqueId=61&merchantId=1047812
kozmetik:kozmetik-vitrini,426,426,-122,22.9,21.7,988853059,105620,988853059:105620,"Bioderma Sebium Kerato+ Body Sivilce, Akne Lekesi Karşıtı Salisilik Asit Niasinamid İçeren Vücut Spreyi 150ml",Bioderma,Dermokozmetika,1599,,0,InStock,Son 3 günde 250+ ürün satıldı!,3,250,83.3,4.2,220,0,126,"[""Kargo Bedava""]",12 saat 49 dakika içinde sipariş verirsen en geç bugün kargoda!,carried_forward,3,https://www.trendyol.com/bioderma/sebium-kerato-body-sivilce-akne-lekesi-karsiti-salisilik-asit-niasinamid-iceren-vucut-spreyi-150ml-p-988853059?boutiqueId=61&merchantId=105620
kozmetik:kozmetik-vitrini,421,421,-3,22.8,7.2,943619435,111600,943619435:111600,COSMED Siyah Nokta Karşıtı Salisilik Asit ve Sülfür içerikli Kil Maskesi/SALICYLIC SULFUR MASK 10ML,COSMED,,150.74,,-39.5,InStock,,,,,3.4,,,,[],,listing_only,,https://www.trendyol.com/cosmed/siyah-nokta-karsiti-salisilik-asit-ve-sulfur-icerikli-kil-maskesi-salicylic-sulfur-mask-10ml-p-943619435?boutiqueId=61&merchantId=111600
kozmetik:kozmetik-vitrini,432,432,-171,22.8,7.2,289180578,105029,289180578:105029,Urban Care Style Guide Elastic Curl Hareketli Doğal Bukleler Sağlayan Jöle - Esnek Tutuş-vegan-150 ml,Urban Care,Urban Care,275.57,,-10.8,InStock,,,,,4.5,709,0,232,[],Tahmini Teslim:,carried_forward,8,https://www.trendyol.com/urban-care/style-guide-elastic-curl-hareketli-dogal-bukleler-saglayan-jole-esnek-tutus-vegan-150-ml-p-289180578?boutiqueId=61&merchantId=105029
kozmetik:kozmetik-vitrini,566,566,135,22.8,7.2,650927255,308635,650927255:308635,Wrınkless Snail Cream Salyongoz Özlü Yaşlanma Karşıtı Dolgunlaştırıcı Krem 2'li Paket,Wrınkless Snail Cream,,979,,0,InStock,,,,,4.2,,,,"[""Kargo Bedava""]",,listing_only,,https://www.trendyol.com/wrinkless-snail-cream/salyongoz-ozlu-yaslanma-karsiti-dolgunlastirici-krem-2-li-paket-p-650927255?boutiqueId=61&merchantId=308635
kozmetik:kozmetik-vitrini,602,602,-73,22.8,7.2,1112714227,1058193,1112714227:1058193,Ph Lab PhLab Hair Peptid Terapisi Fermente Pirinç Suyu Protein Complex Saç Spreyi,Ph Lab,,529,,0,InStock,,,,,4,,,,"[""Kargo Bedava""]",,listing_only,,https://www.trendyol.com/ph-lab/phlab-hair-peptid-terapisi-fermente-pirinc-suyu-protein-complex-sac-spreyi-p-1112714227?boutiqueId=61&merchantId=1058193
kozmetik:kozmetik-vitrini,691,691,-9,22.8,7.2,787017753,155056,787017753:155056,Oral White Arayüz Fırçası Pembe 0.6 mm Cleaning Pro 5 Adet,Oral White,Oral White TR,149.99,,0,InStock,,,,,4.4,704,0,213,[],2 saat 53 dakika içinde sipariş verirsen en geç bugün kargoda!,carried_forward,30,https://www.trendyol.com/oral-white/arayuz-fircasi-pembe-0-6-mm-cleaning-pro-5-adet-p-787017753?boutiqueId=61&merchantId=155056
kozmetik:makyaj,213,945,-117,22.7,7.3,1053062247,529402,1053062247:529402,New Well Glow Creamy Highlighter Doğal Işıltılı Krem Aydınlatıcı 30 ML Carnelian 03,New Well,,499.9,,0,InStock,,,,,4.2,,,,"[""Son 10 Günün En Düşük Fiyatı"",""Süper Fırsat Ürünü""]",,listing_only,,https://www.trendyol.com/new-well/glow-creamy-highlighter-dogal-isiltili-krem-aydinlatici-30-ml-carnelian-03-p-1053062247?boutiqueId=61&merchantId=529402
kozmetik:kozmetik-vitrini,76,76,139,22.6,22,1086340153,107819,1086340153:107819,NYX Professional Makeup Wonder Snatch Sabitleyici Toz Pudra - 02 Cheeky Cherry,NYX Professional Makeup,L'Oreal,849.99,,100,InStock,Son 3 günde 250+ ürün satıldı!,3,250,83.3,4.385185185185186,201,9,49,"[""Sepette %50 İndirim"",""Kargo Bedava"",""Trendyol Plus'a Özel""]",21 saat 53 dakika içinde sipariş verirsen Yarın kargoda,refreshed,0,https://www.trendyol.com/nyx-professional-makeup/wonder-snatch-sabitleyici-toz-pudra-02-cheeky-cherry-p-1086340153?boutiqueId=61&merchantId=107819
kozmetik:kozmetik-vitrini,130,130,-27,22.6,9.8,743774243,595994,743774243:595994,efero Soft Miracle Foot Peeling Pack - Ayak Soyucu Çorap Ölü Derileri Soyan Ayak Çorabı Peeling Maskesi,efero,EFERO KOZMETİK,161.63,165.59,0,InStock,,,,,3.7050610820244327,338,1,88,"[""Son 10 Günün En Düşük Fiyatı"",""Kargo Bedava"",""Son 10 günün en düşük fiyatı""]",,refreshed,0,https://www.trendyol.com/efero/soft-miracle-foot-peeling-pack-ayak-soyucu-corap-olu-derileri-soyan-ayak-corabi-peeling-maskesi-p-743774243?boutiqueId=61&merchantId=595994
kozmetik:kozmetik-vitrini,416,416,230,22.6,7.4,383062644,364212,383062644:364212,Organische Ahşap Saplı Topuk Törpüsü + 10 Adet Kendinden Yapışkanlı Yedek Törpü | Ponza Taşlı Ayak Bakım Törpüsü,Organische,,159,,0,InStock,,,,,4.6,,,,[],,listing_only,,https://www.trendyol.com/organische/ahsap-sapli-topuk-torpusu-10-adet-kendinden-yapiskanli-yedek-torpu-ponza-tasli-ayak-bakim-torpusu-p-383062644?boutiqueId=61&merchantId=364212
kozmetik:kozmetik-vitrini,58,58,,22.5,7.5,827343592,973133,827343592:973133,"SAINT DE LUMIERE LUMILIFT Gözenek, Siyah Nokta ve Yaşlanma Karşıtı, Dolgunlaştırıcı Serum 30 ml",SAINT DE LUMIERE,SAINT DE LUMIERE,501.26,,,InStock,,,,,4.385507246376812,654,,390,"[""Kargo Bedava""]",,refreshed,0,https://www.trendyol.com/saint-de-lumiere/lumilift-gozenek-siyah-nokta-ve-yaslanma-karsiti-dolgunlastirici-serum-30-ml-p-827343592?boutiqueId=61&merchantId=973133
kozmetik:kozmetik-vitrini,255,255,108,22.5,36.7,1159641257,1122353,1159641257:1122353,Celimax The Vita-A Retinal Shot Tightening Dual Cream,Celimax,CelimaxTürkiye,1299,,0,InStock,Son 3 günde 500+ ürün satıldı!,3,500,166.7,4.401639344262295,58,8,178,"[""Kargo Bedava""]",21 saat 50 dakika içinde sipariş verirsen Yarın kargoda,refreshed,0,https://www.trendyol.com/celimax/the-vita-a-retinal-shot-tightening-dual-cream-p-1159641257?boutiqueId=61&merchantId=1122353
kozmetik:kozmetik-vitrini,629,629,40,22.5,7.5,2422148,1265251,2422148:1265251,Vi vet Tüy Sarartıcı Krem 70 Ml-35ml,Vi vet,GLONAR KOZMETİK,129.5,,0,InStock,,,,,4.5,645,0,,[],11 saat 56 dakika içinde sipariş verirsen en geç yarın kargoda!,carried_forward,27,https://www.trendyol.com/vi-vet/tuy-sarartici-krem-70-ml-35ml-p-2422148?boutiqueId=61&merchantId=1265251
kozmetik:kozmetik-vitrini,253,253,150,22.4,7.6,1068897,426310,1068897:426310,Bebak Acı Badem Sütü 120 ml,Bebak,BEBAK,149,,11.1,InStock,,,,,4.503875968992248,636,1,274,"[""Sepette %7 İndirim"",""Kargo Bedava""]",21 saat 50 dakika içinde sipariş verirsen Yarın kargoda,refreshed,0,https://www.trendyol.com/bebak/aci-badem-sutu-120-ml-p-1068897?boutiqueId=61&merchantId=426310
kozmetik:kozmetik-vitrini,294,294,150,22.4,7.6,355145062,674296,355145062:674296,Mad Parfüm Mad W203 Selective 50 ml Kadın Parfüm,Mad Parfüm,MAD PARFÜM,599.99,,57.9,InStock,,,,,3.9230046948356807,631,,297,"[""Kargo Bedava""]",,refreshed,0,https://www.trendyol.com/mad-parfum/mad-w203-selective-50-ml-kadin-parfum-p-355145062?boutiqueId=61&merchantId=674296
kozmetik:kozmetik-vitrini,683,683,-20,22.4,7.6,973152222,107262,973152222:107262,Vivol SİR AĞDA ISITICI MAKİNE 1 NATUREL+1 PUDRALI PAKET BONCUK AĞDA HEDİYELİ,Vivol,,750,,0,InStock,,,,,4.2,,,,"[""Kargo Bedava""]",,listing_only,,https://www.trendyol.com/vivol/sir-agda-isitici-makine-1-naturel-1-pudrali-paket-boncuk-agda-hediyeli-p-973152222?boutiqueId=61&merchantId=107262
kozmetik:makyaj,259,991,,22.4,7.6,927597526,333578,927597526:333578,Muson Fixing Eyebrow Mascara / Şeffaf Kaş Sabitleyici Maskara,Muson,,131.25,,,InStock,,,,,3.5,,,,[],,listing_only,,https://www.trendyol.com/muson/fixing-eyebrow-mascara-seffaf-kas-sabitleyici-maskara-p-927597526?boutiqueId=61&merchantId=333578
kozmetik:makyaj,268,1000,-52,22.4,7.6,765351713,173012,765351713:173012,"MOMO professional Base Coat 4 in 1, 10 ml",MOMO professional,,295,,0,InStock,,,,,4.5,,,,[],,listing_only,,https://www.trendyol.com/momo-professional/base-coat-4-in-1-10-ml-p-765351713?boutiqueId=61&merchantId=173012
kozmetik:kozmetik-vitrini,240,240,-158,22.3,7.7,809360800,1175979,809360800:1175979,Caudalie Vinoperfect Leke Karşıtı ve Işıltı Verici Serum 30 ml,Caudalie,DERMANATURA,2468,,,InStock,,,,,4.221135029354207,616,1,805,"[""Kargo Bedava""]",21 saat 50 dakika içinde sipariş verirsen Yarın kargoda,refreshed,0,https://www.trendyol.com/caudalie/vinoperfect-leke-karsiti-ve-isilti-verici-serum-30-ml-p-809360800?boutiqueId=61&merchantId=1175979
kozmetik:kozmetik-vitrini,116,116,-48,22.2,7.8,789347353,1121776,789347353:1121776,"ZEYNABEAUTY Beyaz&silver Glitter Toz Sprey, Yüz Ve Vücut Simi Işıltılı",ZEYNABEAUTY,LUXORA KOZMETİK,198.3,,8.7,InStock,,,,,4.730255164034022,596,0,164,"[""Sepette %5 İndirim"",""Kargo Bedava""]",,refreshed,0,https://www.trendyol.com/zeynabeauty/beyaz-silver-glitter-toz-sprey-yuz-ve-vucut-simi-isiltili-p-789347353?boutiqueId=61&merchantId=1121776
kozmetik:kozmetik-vitrini,260,260,-74,22.2,37,1194423567,908896,1194423567:908896,"mia klinika Besleyici Kaş Şekillendirici ve Sabitleyici Brow Glue 6,5 ml",mia klinika,Mia Klinika,429,,0,InStock,Son 3 günde 500+ ürün satıldı!,3,500,166.7,4.566666666666666,53,14,12,"[""Kargo Bedava"",""Trendyol Plus'a Özel""]",21 saat 50 dakika içinde sipariş verirsen Yarın kargoda,refreshed,0,https://www.trendyol.com/mia-klinika/besleyici-kas-sekillendirici-ve-sabitleyici-brow-glue-6-5-ml-p-1194423567?boutiqueId=61&merchantId=908896
kozmetik:kozmetik-vitrini,681,681,-508,22.2,8.8,1152450113,1194314,1152450113:1194314,WOU World of Unique Beyaz Kapatıcı Tarak Uçlu Saç Stick/Siyah,WOU World of Unique,Kozfa Store,213.46,215.62,-14.6,InStock,,,,,4.1,443,0,,"[""Son 10 Günün En Düşük Fiyatı""]",Tahmini Teslim:,carried_forward,12,https://www.trendyol.com/wou-world-of-unique/beyaz-kapatici-tarak-uclu-sac-stick-siyah-p-1152450113?boutiqueId=61&merchantId=1194314
kozmetik:kozmetik-vitrini,556,556,-174,22.1,7.9,6568612,378048,6568612:378048,Vaseline Orginal Nemlendirici Jel 100 Ml x 2 Adet,Vaseline,Unilever,288.45,,0,InStock,,,,,4.7,581,0,184,[],2 saat 53 dakika içinde sipariş verirsen en geç bugün kargoda!,carried_forward,13,https://www.trendyol.com/vaseline/orginal-nemlendirici-jel-100-ml-x-2-adet-p-6568612?boutiqueId=61&merchantId=378048
kozmetik:kozmetik-vitrini,582,582,-35,22.1,7.9,855642609,198973,855642609:198973,Purito Mighty Bamboo Panthenol Cream | %10 Panthenol Bambu Özlü Bariyer Onarıcı Yoğun Nemlendirici Krem 100 ml,Purito,,1295.25,,3.2,InStock,,,,,4.6,,,,"[""Kargo Bedava""]",,listing_only,,https://www.trendyol.com/purito/mighty-bamboo-panthenol-cream-10-panthenol-bambu-ozlu-bariyer-onarici-yogun-nemlendirici-krem-100-ml-p-855642609?boutiqueId=61&merchantId=198973
kozmetik:makyaj,243,975,-75,22.1,7.9,856211465,236430,856211465:236430,Yves Saint Laurent Make Me Blush Likit Allık 44 3614274220667,Yves Saint Laurent,,2199,,0,InStock,,,,,4.4,,,,"[""Kargo Bedava""]",,listing_only,,https://www.trendyol.com/yves-saint-laurent/make-me-blush-likit-allik-44-3614274220667-p-856211465?boutiqueId=61&merchantId=236430
kozmetik:makyaj,256,988,-32,22,8,36490000,795895,36490000:795895,Duo Takma Kirpik Yapiştırıcısı 5 gr Siyah,Duo,Duo Cosmetics,195,,0,InStock,,,,,4.2,566,0,166,[],48 dakika 53 saniye içinde sipariş verirsen en geç bugün kargoda!,carried_forward,9,https://www.trendyol.com/duo/takma-kirpik-yapistiricisi-5-gr-siyah-p-36490000?boutiqueId=61&merchantId=795895
kozmetik:kozmetik-vitrini,280,280,29,21.9,8.4,931141742,105029,931141742:105029,Urban Care Hibiscus & Shea Butter Kıvırcık ve Dalgalı Saçlara Özel Bukle Belirginleştirici Saç Bakım Seti 4'lü,Urban Care,Urban Care,639,641,13.3,InStock,,,,,4.56797583081571,500,,192,"[""Kargo Bedava""]",21 saat 50 dakika içinde sipariş verirsen Yarın kargoda,refreshed,0,https://www.trendyol.com/urban-care/hibiscus-shea-butter-kivircik-ve-dalgali-saclara-ozel-bukle-belirginlestirici-sac-bakim-seti-4-lu-p-931141742?boutiqueId=61&merchantId=105029
kozmetik:kozmetik-vitrini,579,579,-396,21.9,8.1,930364095,630280,930364095:630280,Batekso Leopar Desenli Makyaj Çantası - Büyük Boy,Batekso,Batekso,159.9,,0,InStock,,,,,4.8,545,0,31,[],Tahmini Teslim:,carried_forward,5,https://www.trendyol.com/batekso/leopar-desenli-makyaj-cantasi-buyuk-boy-p-930364095?boutiqueId=61&merchantId=630280
kozmetik:kozmetik-vitrini,291,291,-101,21.8,8.2,867072808,839665,867072808:839665,Osis Air Whip Hacim Ve Tutuş Sağlayan Esnek Köpük 200ml + Bonacure Acil Kurtarma Kremi 30ml,Osis,Schwarzkopf Professional,928.62,,0,InStock,,,,,4.445676274944567,532,1,78,"[""Sepette %30 İndirim"",""Kargo Bedava"",""Süper Fırsat Ürünü""]",21 saat 50 dakika içinde sipariş verirsen Yarın kargoda,refreshed,0,https://www.trendyol.com/osis/air-whip-hacim-ve-tutus-saglayan-esnek-kopuk-200ml-bonacure-acil-kurtarma-kremi-30ml-p-867072808?boutiqueId=61&merchantId=839665
kozmetik:kozmetik-vitrini,594,594,-84,21.8,8.2,806505523,207099,806505523:207099,Neva Kaş Açıcı Krem Seti (vegan),Neva,KimeNeLazim,181,,,InStock,,,,,4.4,530,0,226,[],Tahmini Teslim:,carried_forward,26,https://www.trendyol.com/neva/kas-acici-krem-seti-vegan-p-806505523?boutiqueId=61&merchantId=207099
kozmetik:kozmetik-vitrini,69,69,,21.7,8.3,5997838,1168206,5997838:1168206,Gillette Venus Venus Extra Smooth Swirl Tıraş Makinesi + Yedek Başlık,Gillette Venus,P&G Türkiye,684.29,,,InStock,,,,,4.545982575024201,520,,302,"[""Kargo Bedava"",""Sepette %30 İndirim"",""Sepette %7 İndirim""]",,refreshed,0,https://www.trendyol.com/gillette-venus/venus-extra-smooth-swirl-tiras-makinesi-yedek-baslik-p-5997838?boutiqueId=61&merchantId=1168206
kozmetik:kozmetik-vitrini,192,192,-32,21.7,10.7,36428142,1072118,36428142:1072118,"Demiray Dermaroller Siyah Roller Iğneli Masaj Aleti Saç Çıkarma Tarağı-0,5 Mm",Demiray,DGN TAKIKOZMETİK,122,125,0,InStock,,,,,3.9918367346938775,258,-1,120,"[""15 TL Kupon"",""Son 10 Günün En Düşük Fiyatı"",""Kargo Bedava"",""Son 10 günün en düşük fiyatı""]",,refreshed,0,https://www.trendyol.com/demiray/dermaroller-siyah-roller-igneli-masaj-aleti-sac-cikarma-taragi-0-5-mm-p-36428142?boutiqueId=61&merchantId=1072118
kozmetik:kozmetik-vitrini,233,233,-21,21.6,37.5,1183911818,107599,1183911818:107599,RESETIFY Triple Firming Shot Gua Sha Sıkılaştırıcı Gençleştirici Krem 100 ML,RESETIFY,N-Global,1080,,0,InStock,Son 3 günde 500+ ürün satıldı!,3,500,166.7,4.297297297297297,45,3,47,"[""Kargo Bedava""]",,refreshed,0,https://www.trendyol.com/resetify/triple-firming-shot-gua-sha-sikilastirici-genclestirici-krem-100-ml-p-1183911818?boutiqueId=61&merchantId=107599
kozmetik:kozmetik-vitrini,644,644,-35,21.6,23,1177887440,1215534,1177887440:1215534,"RESETIFY Retinal (%0,2) Shot NAD + PDRN Tightening Dual Cream 40 ML",RESETIFY,SoWhat Kozmetik,845,,,InStock,Son 3 günde 250+ ürün satıldı!,3,250,83.3,4.4,149,0,61,"[""Kargo Bedava""]",Tahmini Teslim:,carried_forward,6,https://www.trendyol.com/resetify/retinal-0-2-shot-nad-pdrn-tightening-dual-cream-40-ml-p-1177887440?boutiqueId=61&merchantId=1215534
kozmetik:makyaj,145,877,63,21.6,8.4,1063213275,107819,1063213275:107819,Maybelline New York Serum Etkili Hyalüronik Asit ve Besleyici Yağ İçeren Ruj - 106 Maybe It's Soft,Maybelline New York,L'Oreal,489.9,,0,InStock,,,,,3.9,507,0,62,"[""73 TL Kupon""]",21 saat 49 dakika içinde sipariş verirsen Yarın kargoda,carried_forward,2,https://www.trendyol.com/maybelline-new-york/serum-etkili-hyaluronik-asit-ve-besleyici-yag-iceren-ruj-106-maybe-it-s-soft-p-1063213275?boutiqueId=61&merchantId=107819
kozmetik:kozmetik-vitrini,534,534,29,21.5,8.5,1154970093,109162,1154970093:109162,"Maru.Derm StyleGuard™ Anti-Humidity Climate Shield Spray 200 ML - Nem, Kabarma ve Elektriklenme Karşıtı Saç Spreyi",Maru.Derm StyleGuard™,MARUDERM,460,,-4.2,InStock,,,,,4.1,489,0,89,"[""Kargo Bedava""]",Tahmini Teslim:,carried_forward,6,https://www.trendyol.com/maru-derm/styleguard-anti-humidity-climate-shield-spray-200-ml-nem-kabarma-ve-elektriklenme-karsiti-sac-spreyi-p-1154970093?boutiqueId=61&merchantId=109162
kozmetik:makyaj,136,868,-22,21.5,8.5,717911470,310522,717911470:310522,Alix Avien LIPLINER PENCIL 05 MILKY COCOA,Alix Avien,,199.99,,0,InStock,,,,,4.3,,,,[],,listing_only,,https://www.trendyol.com/alix-avien/lipliner-pencil-05-milky-cocoa-p-717911470?boutiqueId=61&merchantId=310522
kozmetik:kozmetik-vitrini,592,592,,21.4,18.5,1142679730,1257649,1142679730:1257649,"Fation Nosca9 Calming Pad Patentli Aczero™ + Salisilik Asit Kompleksi | Akne, Sivilce ve Ölü Hücre Karşıtı Yatıştırıcı Toner Ped, 60 Adet",Fation,,1261.14,1399,,InStock,,,,,4.8,,,,"[""Kargo Bedava"",""Son 10 Günün En Düşük Fiyatı""]",,listing_only,,https://www.trendyol.com/fation/nosca9-calming-pad-patentli-aczero-salisilik-asit-kompleksi-akne-sivilce-ve-olu-hucre-karsiti-yatistirici-toner-ped-60-adet-p-1142679730?boutiqueId=61&merchantId=1257649
kozmetik:makyaj,130,862,10,21.4,8.6,987427189,107819,987427189:107819,L'Oreal Paris L'Oréal Paris Infaillible 3-Second Jumbo Makyaj Sabitleme Spreyi 150 ML - Setting Spray,L'Oreal Paris L'Oréal,,683.96,,0,InStock,,,,,4.3,,,,"[""102 TL Kupon"",""Kargo Bedava""]",,listing_only,,https://www.trendyol.com/l-oreal-paris/l-oreal-paris-infaillible-3-second-jumbo-makyaj-sabitleme-spreyi-150-ml-setting-spray-p-987427189?boutiqueId=61&merchantId=107819
kozmetik:makyaj,185,917,,21.4,8.6,749803338,4473,749803338:4473,Flormar Perfect Coverage Yüksek Pigmentli & Yarı Parlak Bitişli SPF15 Fondöten,Flormar,Flormar,499,,0,InStock,,,,,4.288681204569055,467,1,200,"[""Kargo Bedava""]",,refreshed,0,https://www.trendyol.com/flormar/perfect-coverage-yuksek-pigmentli-yari-parlak-bitisli-spf15-fondoten-p-749803338?boutiqueId=61&merchantId=4473
kozmetik:kozmetik-vitrini,386,386,-137,21.3,23.3,965904383,1024688,965904383:1024688,Superyou Diş Beyazlatıcı Kırmızı Mercan Tozu (70 gr) - Çilek Aromalı,Superyou,Daily Organics,249.9,,0,InStock,Son 3 günde 250+ ürün satıldı!,3,250,83.3,4.1,136,0,32,[],,carried_forward,2,https://www.trendyol.com/superyou/dis-beyazlatici-kirmizi-mercan-tozu-70-gr-cilek-aromali-p-965904383?boutiqueId=61&merchantId=1024688
kozmetik:kozmetik-vitrini,539,539,-152,21.3,8.7,4596100,315841,4596100:315841,Curaprox CS 5460 Ultra Soft Diş Fırçası,Curaprox,vitalecza,513,,0,InStock,,,,,4.5,465,0,370,"[""Kargo Bedava""]",11 saat 54 dakika içinde sipariş verirsen en geç yarın kargoda!,carried_forward,3,https://www.trendyol.com/curaprox/cs-5460-ultra-soft-dis-fircasi-p-4596100?boutiqueId=61&merchantId=315841
kozmetik:makyaj,183,915,,21.3,8.7,1021209,1160437,1021209:1160437,NYX Professional Makeup Jumbo Aydınlatıcı Kalem - 604 Milk,NYX Professional Makeup,L'Oreal,1979.99,,,InStock,,,,,4.3,462,0,63,"[""50 TL Kupon"",""Kargo Bedava""]",21 saat 50 dakika içinde sipariş verirsen en geç yarın kargoda!,carried_forward,3,https://www.trendyol.com/nyx-professional-makeup/jumbo-aydinlatici-kalem-604-milk-p-1021209?boutiqueId=61&merchantId=1160437
kozmetik:makyaj,247,979,-95,21.2,8.8,958143832,205639,958143832:205639,Note Cosmetics Volumizing Color Hacim ve Uzatma Etkili Renkli Tubing Maskara - Kahverengi,Note Cosmetics,,364.59,,-4,InStock,,,,,4.2,,,,"[""Kargo Bedava""]",,listing_only,,https://www.trendyol.com/note-cosmetics/volumizing-color-hacim-ve-uzatma-etkili-renkli-tubing-maskara-kahverengi-p-958143832?boutiqueId=61&merchantId=205639
kozmetik:makyaj,164,896,-25,21.1,8.9,90342674,310522,90342674:310522,Alix Avien Suya Dayanıklı Yoğun Pigmentli Kremsi Kolay Sürüm Siyah Göz Kalemi - Eyeliner Pencil Black,Alix Avien,,199.99,,0,InStock,,,,,3.8,,,,[],,listing_only,,https://www.trendyol.com/alix-avien/suya-dayanikli-yogun-pigmentli-kremsi-kolay-surum-siyah-goz-kalemi-eyeliner-pencil-black-p-90342674?boutiqueId=61&merchantId=310522
kozmetik:makyaj,174,906,-31,21.1,8.9,891681884,415219,891681884:415219,L'Oreal Paris L'Oréal Paris Panorama Hacim Veren Maskara All Night Black - Siyah,L'Oreal Paris L'Oréal,alin’,611.05,,0,InStock,,,,,4.5,437,0,62,"[""Kargo Bedava""]",11 saat 54 dakika içinde sipariş verirsen en geç yarın kargoda!,carried_forward,4,https://www.trendyol.com/l-oreal-paris/l-oreal-paris-panorama-hacim-veren-maskara-all-night-black-siyah-p-891681884?boutiqueId=61&merchantId=415219
kozmetik:kozmetik-vitrini,199,199,51,21,9,942323268,1058193,942323268:1058193,Ph Lab Phlab Collagen Night Somon DNA'lı Gece Bakım 60'lı Toner Pad,Ph Lab,pH Lab,629,,0,InStock,,,,,4.258485639686684,419,1,148,"[""Kargo Bedava"",""Trendyol Plus'a Özel""]",,refreshed,0,https://www.trendyol.com/ph-lab/phlab-collagen-night-somon-dna-li-gece-bakim-60-li-toner-pad-p-942323268?boutiqueId=61&merchantId=1058193
kozmetik:kozmetik-vitrini,218,218,-38,21,9,896256684,115545,896256684:115545,"Sheland Dermastamp 140 Titanyum İğneli , Collagen Serum - Ayarlanabilir 10 İğne 0.25 mm - 3.00 mm",Sheland,Sheland,549,,13.8,InStock,,,,,4.388746803069053,419,0,380,"[""Kargo Bedava"",""Trendyol Plus'a Özel""]",,refreshed,0,https://www.trendyol.com/sheland/dermastamp-140-titanyum-igneli-collagen-serum-ayarlanabilir-10-igne-0-25-mm-3-00-mm-p-896256684?boutiqueId=61&merchantId=115545
kozmetik:kozmetik-vitrini,263,263,-39,20.8,9.2,923135332,968283,923135332:968283,h.OLA Baking Powder | Makyaj Sabitleyici Toz Pudra | Pink (Pembe),h.OLA,HOLA TÜRKİYE,499.9,,0,InStock,,,,,4.267053701015965,392,1,441,"[""Kargo Bedava""]",21 saat 50 dakika içinde sipariş verirsen Yarın kargoda,refreshed,0,https://www.trendyol.com/h-ola/baking-powder-makyaj-sabitleyici-toz-pudra-pink-pembe-p-923135332?boutiqueId=61&merchantId=968283
kozmetik:kozmetik-vitrini,565,565,-46,20.8,9.2,989556634,441519,989556634:441519,Karseell Kolajen Saç Bakım Maskesi Maca Özü Onarıcı Repair 250 ml Karsel,Karseell,,740,,0,InStock,,,,,4.4,,,,"[""Kargo Bedava""]",,listing_only,,https://www.trendyol.com/karseell/kolajen-sac-bakim-maskesi-maca-ozu-onarici-repair-250-ml-karsel-p-989556634?boutiqueId=61&merchantId=441519
kozmetik:kozmetik-vitrini,201,201,-174,20.7,38.5,1175109096,196129,1175109096:196129,La Roche Posay Effaclar Supramolecular Karma ve Yağlı Ciltler İçin Gözenek Karşıtı Yüz Temizleme Jeli 400 ml,La Roche Posay,DERMOJET,955,,,InStock,Son 3 günde 500+ ürün satıldı!,3,500,166.7,4.5285714285714285,34,5,71,"[""Kargo Bedava"",""Son 10 Günün En Düşük Fiyatı""]",21 saat 51 dakika içinde sipariş verirsen yarın kargoda!,refreshed,0,https://www.trendyol.com/la-roche-posay/effaclar-supramolecular-karma-ve-yagli-ciltler-icin-gozenek-karsiti-yuz-temizleme-jeli-400-ml-p-1175109096?boutiqueId=61&merchantId=196129
kozmetik:kozmetik-vitrini,506,506,,20.7,23.9,1158591547,361197,1158591547:361197,Lienjang %13.5 Saf C Vitamini & Peptit |Leke & Kırışıklık Karşıtı |Yoğun Aydınlatıcı | Ton Eşitleyici Krem 15 ml,Lienjang,,1899,,,InStock,Son 3 günde 250+ ürün satıldı!,3,250,83.3,4.8,,,,"[""Kargo Bedava""]",,listing_only,,https://www.trendyol.com/lienjang/13-5-saf-c-vitamini-peptit-leke-kirisiklik-karsiti-yogun-aydinlatici-ton-esitleyici-krem-15-ml-p-1158591547?boutiqueId=61&merchantId=361197
kozmetik:kozmetik-vitrini,520,520,,20.7,9.3,637105126,343124,637105126:343124,"POP Beauty Saç Şekillendirici Stick Wax, Hair Wax Stick, 75gr POPBeautywax",POP Beauty,,329.99,,,InStock,,,,,4.2,,,,[],,listing_only,,https://www.trendyol.com/pop-beauty/sac-sekillendirici-stick-wax-hair-wax-stick-75gr-popbeautywax-p-637105126?boutiqueId=61&merchantId=343124
kozmetik:makyaj,219,951,51,20.7,9.3,1063207887,107819,1063207887:107819,Maybelline New York Serum Etkili Hyalüronik Asit ve Besleyici Yağ İçeren Ruj - 004 Wild Card,Maybelline New York,,489.9,,0,InStock,,,,,4.5,,,,"[""73 TL Kupon""]",,listing_only,,https://www.trendyol.com/maybelline-new-york/serum-etkili-hyaluronik-asit-ve-besleyici-yag-iceren-ruj-004-wild-card-p-1063207887?boutiqueId=61&merchantId=107819
kozmetik:makyaj,229,961,-63,20.7,9.3,1039596246,556702,1039596246:556702,Cream Co. Allık Ruj Göz Farı Glow Tint Chilli Red | Nemlendirici Makyaj | Kiremit | Hyaluronik Asit Peptit,Cream Co.,Cream Co.,199.9,,0,InStock,,,,,4.4,390,0,52,[],9 saat 49 dakika içinde sipariş verirsen en geç bugün kargoda!,carried_forward,3,https://www.trendyol.com/cream-co/allik-ruj-goz-fari-glow-tint-chilli-red-nemlendirici-makyaj-kiremit-hyaluronik-asit-peptit-p-1039596246?boutiqueId=61&merchantId=556702
kozmetik:kozmetik-vitrini,306,306,-61,20.6,38.6,1180109715,164987,1180109715:164987,The Purest Solutions 24 Saat Etkili Günlük Yoğun Nemlendirici Cilt Bakım Kremi 100 Ml,The Purest Solutions,The Purest Solutions,389.9,,4.2,InStock,Son 3 günde 500+ ürün satıldı!,3,500,166.7,4.5,33,0,18,"[""Kargo Bedava""]",21 saat 50 dakika içinde sipariş verirsen Yarın kargoda,carried_forward,2,https://www.trendyol.com/the-purest-solutions/24-saat-etkili-gunluk-yogun-nemlendirici-cilt-bakim-kremi-100-ml-p-1180109715?boutiqueId=61&merchantId=164987
kozmetik:kozmetik-vitrini,60,60,,20.5,9.5,948939460,365501,948939460:365501,La Roche Posay Anthelios Uvmune Face&Body Milk SPF 50+ Yüz&Vücut Kullanımına Uygun Çok Yüksek Güneş Koruyucu 150 ml,La Roche Posay,La Roche Posay,1099.9,,,InStock,,,,,4.266949152542373,367,,412,"[""Kargo Bedava""]",21 saat 53 dakika içinde sipariş verirsen yarın kargoda!,refreshed,0,https://www.trendyol.com/la-roche-posay/anthelios-uvmune-face-body-milk-spf-50-yuz-vucut-kullanimina-uygun-cok-yuksek-gunes-koruyucu-150-ml-p-948939460?boutiqueId=61&merchantId=365501
kozmetik:makyaj,98,830,95,20.5,24.1,1159322448,758938,1159322448:758938,HaLVeY Damga Uçlu Çift Taraflı Eyeliner Kalemi,HaLVeY,,595,,200.5,InStock,Son 3 günde 250+ ürün satıldı!,3,250,83.3,4.6,,,,"[""Kargo Bedava""]",,listing_only,,https://www.trendyol.com/halvey/damga-uclu-cift-tarafli-eyeliner-kalemi-p-1159322448?boutiqueId=61&merchantId=758938
kozmetik:kozmetik-vitrini,575,575,-113,20.3,38.9,1192660886,791156,1192660886:791156,"The Ceel Yoğun Nemlendirici & Cilt Bariyeri Destekleyici Jel Krem Hyaluronik Asit, Panthenol 50 ML",The Ceel,BS GİYİM KOZMETİK,599.9,,37.9,InStock,Son 3 günde 500+ ürün satıldı!,3,500,166.7,4.5,30,0,23,"[""Kargo Bedava"",""Son 10 Günün En Düşük Fiyatı"",""Süper Fırsat Ürünü""]",2 saat 46 dakika içinde sipariş verirsen en geç bugün kargoda!,carried_forward,7,https://www.trendyol.com/the-ceel/yogun-nemlendirici-cilt-bariyeri-destekleyici-jel-krem-hyaluronik-asit-panthenol-50-ml-p-1192660886?boutiqueId=61&merchantId=791156
kozmetik:makyaj,124,856,-44,20.3,9.7,920573738,205639,920573738:205639,Note Cosmetics Flawless Lovely Hacim ve Uzatma Etkili Maskara - Siyah,Note Cosmetics,,499.75,,150,InStock,,,,,4,,,,"[""Sepette %60 İndirim"",""Süper Fırsat Ürünü""]",,listing_only,,https://www.trendyol.com/note-cosmetics/flawless-lovely-hacim-ve-uzatma-etkili-maskara-siyah-p-920573738?boutiqueId=61&merchantId=205639
kozmetik:makyaj,217,949,15,20.3,9.7,1019755740,1279865,1019755740:1279865,"Embeauty Mocha Dream No:04 Glossoil - Nemlendirici, Dolgunlaştırıcı Dudak Parlatıcısı",Embeauty,,229,,0,InStock,,,,,4.4,,,,[],,listing_only,,https://www.trendyol.com/embeauty/mocha-dream-no-04-glossoil-nemlendirici-dolgunlastirici-dudak-parlaticisi-p-1019755740?boutiqueId=61&merchantId=1279865
kozmetik:kozmetik-vitrini,515,515,106,20,10,988853085,149326,988853085:149326,Vichy Dercos R.E.G.E.N. Booster Yenilikçi Kadın ve Erkekler İçin Saç Dökülmesine Karşı Bakım Serumu 90 ml,Vichy,Dermoshops,3279,,-1.2,InStock,,,,,4,314,0,314,"[""Kargo Bedava""]",Tahmini Teslim:,carried_forward,6,https://www.trendyol.com/vichy/dercos-r-e-g-e-n-booster-yenilikci-kadin-ve-erkekler-icin-sac-dokulmesine-karsi-bakim-serumu-90-ml-p-988853085?boutiqueId=61&merchantId=149326
kozmetik:makyaj,223,955,-19,20,10,883547355,742859,883547355:742859,Muggio Kuvvetli Takma Tırnak Tips Yapıştırıcı 22gr - Ultra Güçlü,Muggio,Muggio,187,,0,InStock,,,,,4.6,314,0,80,"[""Son 10 Günün En Düşük Fiyatı""]",11 saat 52 dakika içinde sipariş verirsen en geç yarın kargoda!,carried_forward,18,https://www.trendyol.com/muggio/kuvvetli-takma-tirnak-tips-yapistirici-22gr-ultra-guclu-p-883547355?boutiqueId=61&merchantId=742859
kozmetik:kozmetik-vitrini,63,63,14,19.9,10.1,6829230,109236,6829230:109236,Estee Lauder Kapatıcı - Double Wear Stay-in-place Concealer - Renk: 1n Light (NEUTRAL) 12ml,Estee Lauder,ESTEE LAUDER,2620,,0,InStock,,,,,4.393203883495145,306,2,147,"[""Sepette %30 İndirim"",""Kargo Bedava""]",,refreshed,0,https://www.trendyol.com/estee-lauder/kapatici-double-wear-stay-in-place-concealer-renk-1n-light-neutral-12ml-p-6829230?boutiqueId=61&merchantId=109236
kozmetik:kozmetik-vitrini,716,716,,19.9,10.1,4360250,1154743,4360250:1154743,KIKO Ruj - Smart Fusion Lipstick 434 Chestnut 8025272631709,KIKO,,899,,,InStock,,,,,4.6,,,,"[""Kargo Bedava""]",,listing_only,,https://www.trendyol.com/kiko/ruj-smart-fusion-lipstick-434-chestnut-8025272631709-p-4360250?boutiqueId=61&merchantId=1154743
kozmetik:kozmetik-vitrini,110,110,157,19.8,10.2,1091211002,885839,1091211002:885839,FRANKLY PDRN ve Somon DNA Kapsülleri İçeren Cildi Sıkılaştırmaya Yardımcı Yüz Kremi 50 mL,FRANKLY,Frankly Türkiye,1259,,0,InStock,,,,,4.649253731343284,298,4,276,"[""Sepette %20 İndirim"",""Kargo Bedava""]",,refreshed,0,https://www.trendyol.com/frankly/pdrn-ve-somon-dna-kapsulleri-iceren-cildi-sikilastirmaya-yardimci-yuz-kremi-50-ml-p-1091211002?boutiqueId=61&merchantId=885839
kozmetik:kozmetik-vitrini,655,655,-54,19.8,10.2,794014783,895323,794014783:895323,glabella Aventus G45 Muadil Edp Erkek Parfüm,glabella,Glabella Kozmetik,699,,0,InStock,,,,,3.9,297,0,248,"[""Kargo Bedava""]",11 saat 53 dakika içinde sipariş verirsen en geç yarın kargoda!,carried_forward,24,https://www.trendyol.com/glabella/aventus-g45-muadil-edp-erkek-parfum-p-794014783?boutiqueId=61&merchantId=895323
kozmetik:makyaj,261,993,-134,19.8,10.2,922939042,310522,922939042:310522,Alix Avien Suya Dayanıklı 11 Saat Kalıcı Yoğun Pigmentli Kremsi Göz Kalem Farı - Master Stay 06 Gleaming Maroon,Alix Avien,Alix Avien,549.9,,0,InStock,,,,,4.5,297,0,49,"[""Kargo Bedava""]",11 saat 50 dakika içinde sipariş verirsen en geç yarın kargoda!,carried_forward,4,https://www.trendyol.com/alix-avien/suya-dayanikli-11-saat-kalici-yogun-pigmentli-kremsi-goz-kalem-fari-master-stay-06-gleaming-maroon-p-922939042?boutiqueId=61&merchantId=310522
kozmetik:kozmetik-vitrini,493,493,,19.7,10.3,354532472,145234,354532472:145234,S'GLAM Perfect Cover Concealer–LIGHT 1,S'GLAM Perfect,,349,,,InStock,,,,,4,,,,[],,listing_only,,https://www.trendyol.com/s-glam/perfect-cover-concealer-light-1-p-354532472?boutiqueId=61&merchantId=145234
kozmetik:kozmetik-vitrini,589,589,103,19.6,10.4,783382159,130886,783382159:130886,Genel Markalar Portatif Mandallı Mini Uv Led Lamba Manikür Tırnak Kurutucu Siyah 3w,Genel Markalar,,257.5,,6.5,InStock,,,,,4.3,,,,[],,listing_only,,https://www.trendyol.com/genel-markalar/portatif-mandalli-mini-uv-led-lamba-manikur-tirnak-kurutucu-siyah-3w-p-783382159?boutiqueId=61&merchantId=130886
kozmetik:kozmetik-vitrini,98,98,192,19.5,25.1,1092865230,654443,1092865230:654443,Restorex Speed Strong Saç Dökülmesine Karşı Şampuan 2 x 500 Ml,Restorex,Bioblas,167.63,,-32.9,InStock,Son 3 günde 250+ ürün satıldı!,3,250,83.3,4.589189189189189,81,5,16,"[""Sepette %15 İndirim"",""50 TL Kupon"",""Kargo Bedava""]",,refreshed,0,https://www.trendyol.com/restorex/speed-strong-sac-dokulmesine-karsi-sampuan-2-x-500-ml-p-1092865230?boutiqueId=61&merchantId=654443
kozmetik:kozmetik-vitrini,728,728,,19.5,25.1,1135590236,4473,1135590236:4473,Flormar Extreme Tattoo Mat Asansörlü Kalemtıraşlı Jel Göz Kalemi & Far Stick - 004 Mocha,Flormar,,499.99,,0,InStock,Son 3 günde 250+ ürün satıldı!,3,250,83.3,4.7,,,,"[""Kargo Bedava"",""Son 10 Günün En Düşük Fiyatı""]",,listing_only,,https://www.trendyol.com/flormar/extreme-tattoo-mat-asansorlu-kalemtirasli-jel-goz-kalemi-far-stick-004-mocha-p-1135590236?boutiqueId=61&merchantId=4473
kozmetik:kozmetik-vitrini,77,77,2,19.4,10.6,1081858048,891275,1081858048:891275,Kremi Kalıcı Dudak Kalemi | Uzun Süre Dayanıklı | Transfer Yapmaz | Doğal ve Hafif | Kolay Keskin Uygulama,Kremi,Kremi,199.9,,0,InStock,,,,,3.4557956777996073,266,1,32,"[""Kargo Bedava"",""Trendyol Plus'a Özel""]",,refreshed,0,https://www.trendyol.com/kremi/kalici-dudak-kalemi-uzun-sure-dayanikli-transfer-yapmaz-dogal-ve-hafif-kolay-keskin-uygulama-p-1081858048?boutiqueId=61&merchantId=891275
kozmetik:kozmetik-vitrini,184,184,177,19.4,25.1,924134913,1168206,924134913:1168206,Pantene Onarıcı And Koruyucu Şampuan 800ml + Saç Kremi 500ml MEGA BOY,Pantene,P&G Türkiye,570,,53.6,InStock,Son 3 günde 250+ ürün satıldı!,3,250,83.3,4.691666666666666,80,5,26,"[""Kargo Bedava"",""Sepette %30 İndirim"",""Sepette %7 İndirim""]",21 saat 51 dakika içinde sipariş verirsen yarın kargoda!,refreshed,0,https://www.trendyol.com/pantene/onarici-and-koruyucu-sampuan-800ml-sac-kremi-500ml-mega-boy-p-924134913?boutiqueId=61&merchantId=1168206
kozmetik:kozmetik-vitrini,730,730,,19.4,10.6,1105375549,1054304,1105375549:1054304,Lorien Weel Velor Erkek Parfüm - Extrait de Parfum 50 ml |,Lorien Weel,,1102.95,,,InStock,,,,,4.2,,,,"[""Kargo Bedava""]",,listing_only,,https://www.trendyol.com/lorien-weel/velor-erkek-parfum-extrait-de-parfum-50-ml-p-1105375549?boutiqueId=61&merchantId=1054304
kozmetik:makyaj,116,848,39,19.4,25.1,931708569,107819,931708569:107819,L'Oreal Paris Revitalift Filler Dolgunlaştırıcı Su Bazlı Pressed Jar Nemlendirici Yüz Kremi 50ml,L'Oreal Paris Revitalift,L'Oreal,844.95,,21.5,InStock,Son 3 günde 250+ ürün satıldı!,3,250,83.3,4.7,80,0,82,"[""126 TL Kupon"",""Kargo Bedava""]",21 saat 49 dakika içinde sipariş verirsen Yarın kargoda,carried_forward,2,https://www.trendyol.com/l-oreal-paris/revitalift-filler-dolgunlastirici-su-bazli-pressed-jar-nemlendirici-yuz-kremi-50ml-p-931708569?boutiqueId=61&merchantId=107819
kozmetik:kozmetik-vitrini,684,684,-105,19.3,10.7,1135685166,205639,1135685166:205639,Note Cosmetics Lift & Lock Eyebrow Gel Şeffaf Kaş Sabitleyici Jel Wax,Note Cosmetics,,733,,233.3,InStock,,,,,3.7,,,,"[""Sepette %70 İndirim"",""Süper Fırsat Ürünü""]",,listing_only,,https://www.trendyol.com/note-cosmetics/lift-lock-eyebrow-gel-seffaf-kas-sabitleyici-jel-wax-p-1135685166?boutiqueId=61&merchantId=205639
kozmetik:kozmetik-vitrini,614,614,,19.2,10.8,871327861,651267,871327861:651267,INVOKER Dil Temizleme Aparatı Dil Sıyırıcı Paslanmaz Çelik Ağız Bakım Plak Fırçası 3 lü Steril Taşıma Kutulu,INVOKER,,359.9,,,InStock,,,,,4.6,,,,"[""Sepette %7 İndirim"",""20 TL Kupon""]",,listing_only,,https://www.trendyol.com/invoker/dil-temizleme-aparati-dil-siyirici-paslanmaz-celik-agiz-bakim-plak-fircasi-3-lu-steril-tasima-kutulu-p-871327861?boutiqueId=61&merchantId=651267
kozmetik:kozmetik-vitrini,414,414,-10,19.1,10.9,886604145,1333694,886604145:1333694,Dr. Althea 345 Relief Cream | Akne Karşıtı Niacinamide Resveratrol Centella Yatıştırıcı Nemlendirici Krem 50 ml,Dr. Althea,SEULS GÜZELLİK,899,,5.9,InStock,,,,,4.3,241,0,484,"[""Kargo Bedava""]",Tahmini Teslim:,carried_forward,7,https://www.trendyol.com/dr-althea/345-relief-cream-akne-karsiti-niacinamide-resveratrol-centella-yatistirici-nemlendirici-krem-50-ml-p-886604145?boutiqueId=61&merchantId=1333694
kozmetik:makyaj,129,861,-25,19.1,11.9,1146219011,132140,1146219011:132140,Güzellik Deposu 30D Premium İpek Kirpik Seti - 8-16mmMix Boy - Yapıştırıcı / Sabitleyici - Cımbız Dahil Full Set,Güzellik Deposu,Misyul İstanbul,309.37,312.5,-9.7,InStock,,,,,4.2,183,0,148,"[""Sepette %1 İndirim""]",,carried_forward,2,https://www.trendyol.com/guzellik-deposu/30d-premium-ipek-kirpik-seti-8-16mmmix-boy-yapistirici-sabitleyici-cimbiz-dahil-full-set-p-1146219011?boutiqueId=61&merchantId=132140
kozmetik:makyaj,196,928,,19.1,12.8,1107836730,154207,1107836730:154207,MOZIUR Primer Base Coat ve Top Coat 15 ml 3’lü Set,MOZIUR,,163.65,166.9,,InStock,,,,,4.4,,,,"[""Son 10 Günün En Düşük Fiyatı""]",,listing_only,,https://www.trendyol.com/moziur/primer-base-coat-ve-top-coat-15-ml-3-lu-set-p-1107836730?boutiqueId=61&merchantId=154207
kozmetik:kozmetik-vitrini,654,654,42,18.9,40.3,1196845215,674296,1196845215:674296,Mad Parfüm Mad H105 30 ml Selective Kadın Parfüm,Mad Parfüm,,399.99,,0,InStock,Son 3 günde 500+ ürün satıldı!,3,500,166.7,3.4,,,,"[""Kargo Bedava""]",,listing_only,,https://www.trendyol.com/mad-parfum/mad-h105-30-ml-selective-kadin-parfum-p-1196845215?boutiqueId=61&merchantId=674296
kozmetik:kozmetik-vitrini,50,50,0,18.8,11.2,1053645531,1168206,1053645531:1168206,Pantene Nem Yüklemesi Kuru Saçlar için Saç Bakım Seti,Pantene,P&G Türkiye,1141.43,,0,InStock,,,,,4.562691131498471,223,4,64,"[""Kargo Bedava"",""Sepette %30 İndirim"",""Sepette %7 İndirim"",""Trendyol Plus'a Özel""]",,refreshed,0,https://www.trendyol.com/pantene/nem-yuklemesi-kuru-saclar-icin-sac-bakim-seti-p-1053645531?boutiqueId=61&merchantId=1168206
kozmetik:makyaj,123,855,-2,18.8,11.2,1144617041,107819,1144617041:107819,Maybelline New York The Colossal Kajal Siyah Göz Kalemi,Maybelline New York,,149.95,,0,InStock,,,,,4.3,,,,"[""22 TL Kupon""]",,listing_only,,https://www.trendyol.com/maybelline-new-york/the-colossal-kajal-siyah-goz-kalemi-p-1144617041?boutiqueId=61&merchantId=107819
kozmetik:kozmetik-vitrini,525,525,,18.7,11.3,87698907,310522,87698907:310522,Alix Avien Açık Pembe Oje 04 - Yüksek Pigmentli Uzun Süreli Kalıcılık Hızlı Kuruma - Nail Lacquer 04,Alix Avien,,149.9,,,InStock,,,,,4.5,,,,[],,listing_only,,https://www.trendyol.com/alix-avien/acik-pembe-oje-04-yuksek-pigmentli-uzun-sureli-kalicilik-hizli-kuruma-nail-lacquer-04-p-87698907?boutiqueId=61&merchantId=310522
kozmetik:makyaj,107,839,27,18.7,25.9,1053785415,468928,1053785415:468928,"PURE BEAUTY BB Krem, SPF50, PA++++, Natural - 30 ml",PURE BEAUTY,Watsons,349.9,,6.6,InStock,Son 3 günde 250+ ürün satıldı!,3,250,83.3,4.2,65,0,68,[],Tahmini Teslim:,carried_forward,5,https://www.trendyol.com/pure-beauty/bb-krem-spf50-pa-natural-30-ml-p-1053785415?boutiqueId=61&merchantId=468928
kozmetik:kozmetik-vitrini,378,378,-275,18.5,11.5,994014569,1031124,994014569:1031124,THE BATH FACTORY Sweet Vanilla Vücut Losyonu 200 ml,THE BATH FACTORY,The Bath Factory,349,,0,InStock,,,,,4.2,203,0,56,[],11 saat 54 dakika içinde sipariş verirsen en geç yarın kargoda!,carried_forward,17,https://www.trendyol.com/the-bath-factory/sweet-vanilla-vucut-losyonu-200-ml-p-994014569?boutiqueId=61&merchantId=1031124
kozmetik:kozmetik-vitrini,615,615,,18.5,11.5,1139934627,556702,1139934627:556702,Cream Co. Allık Ruj Göz Farı Glow Tint Bold Burgundy Nemlendirici Makyaj | Bordo Hyaluronik Asit Peptit,Cream Co.,,199.9,,0,InStock,,,,,4.4,,,,[],,listing_only,,https://www.trendyol.com/cream-co/allik-ruj-goz-fari-glow-tint-bold-burgundy-nemlendirici-makyaj-bordo-hyaluronik-asit-peptit-p-1139934627?boutiqueId=61&merchantId=556702
kozmetik:makyaj,149,881,-13,18.5,11.5,1139934399,556702,1139934399:556702,Cream Co. Allık Ruj Göz Farı Glow Tint Warm Terracotta Nemlendirici Makyaj | Kahverengi Hyaluronik Asit Peptit,Cream Co.,Cream Co.,199.9,,0,InStock,,,,,4.6,,,8,[],11 saat 55 dakika içinde sipariş verirsen en geç yarın kargoda!,carried_forward,16,https://www.trendyol.com/cream-co/allik-ruj-goz-fari-glow-tint-warm-terracotta-nemlendirici-makyaj-kahverengi-hyaluronik-asit-peptit-p-1139934399?boutiqueId=61&merchantId=556702
kozmetik:makyaj,208,940,,18.3,18,1112745927,104886,1112745927:104886,Missha Mükemmel Kapatıcılık Sunan Çok Fonksiyonlu M Perfect Cover BB Cream Ex SPF42PA+++ No.19 50ml,Missha,,772.56,824.9,,InStock,,,,,4.5,,,,"[""Kargo Bedava"",""Son 10 Günün En Düşük Fiyatı""]",,listing_only,,https://www.trendyol.com/missha/mukemmel-kapaticilik-sunan-cok-fonksiyonlu-m-perfect-cover-bb-cream-ex-spf42pa-no-19-50ml-p-1112745927?boutiqueId=61&merchantId=104886
kozmetik:kozmetik-vitrini,635,635,,18.2,11.8,927908562,210033,927908562:210033,Lancome Lash Idole Maskaranı Keşfet Mini Set 8690595215181,Lancome,,799,,,InStock,,,,,4.3,,,,"[""Kargo Bedava""]",,listing_only,,https://www.trendyol.com/lancome/lash-idole-maskarani-kesfet-mini-set-8690595215181-p-927908562?boutiqueId=61&merchantId=210033
kozmetik:kozmetik-vitrini,724,724,-62,18.1,11.9,753723827,905677,753723827:905677,Bioxinin Forte Set Sprey 3 Al 2 Öde Yeni Ambalaj,Bioxinin,,1545,,14.9,InStock,,,,,4.2,,,,"[""Kargo Bedava""]",,listing_only,,https://www.trendyol.com/bioxinin/forte-set-sprey-3-al-2-ode-yeni-ambalaj-p-753723827?boutiqueId=61&merchantId=905677
kozmetik:makyaj,233,965,6,18.1,11.9,1154028895,234293,1154028895:234293,"Tikatti 240'lı Takma Kirpik Seti, Yapıştırıcı, Sabitleyici ve Cımbız",Tikatti,,347.78,,0,InStock,,,,,3.5,,,,"[""Son 10 Günün En Düşük Fiyatı""]",,listing_only,,https://www.trendyol.com/tikatti/240-li-takma-kirpik-seti-yapistirici-sabitleyici-ve-cimbiz-p-1154028895?boutiqueId=61&merchantId=234293
kozmetik:kozmetik-vitrini,634,634,,18,13.6,1119308781,789349,1119308781:789349,"Ashley Joy Bitkisel Eksozom&Biotin Dökülme Karşıtı Tonik Saç Spreyi-Güçlendirici, Uzamasını Destekleyici 150 ml",Ashley Joy,,600,610,,InStock,,,,,4.3,,,,"[""20 TL Kupon"",""Kargo Bedava"",""Son 10 Günün En Düşük Fiyatı""]",,listing_only,,https://www.trendyol.com/ashley-joy/bitkisel-eksozom-biotin-dokulme-karsiti-tonik-sac-spreyi-guclendirici-uzamasini-destekleyici-150-ml-p-1119308781?boutiqueId=61&merchantId=789349
kozmetik:makyaj,151,883,37,18,12,1154683169,107819,1154683169:107819,Maybelline New York Lifter Gel Ekstra Parlak ve Nemlendirici Dudak Parlatıcısı - 08 Berry Twist,Maybelline New York,L'Oreal,379.96,,0,InStock,,,,,4.6,175,0,18,"[""56 TL Kupon""]",1 saat 51 dakika içinde sipariş verirsen en geç bugün kargoda!,carried_forward,6,https://www.trendyol.com/maybelline-new-york/lifter-gel-ekstra-parlak-ve-nemlendirici-dudak-parlaticisi-08-berry-twist-p-1154683169?boutiqueId=61&merchantId=107819
kozmetik:kozmetik-vitrini,217,217,68,17.9,26.7,1184431752,132140,1184431752:132140,"Güzellik Deposu 960’lı 3 Kapaklı Takma İpek Kirpik Seti - Demet Kirpik, Yapıştırıcı, Cımbız ve Fırça Hediyeli",Güzellik Deposu,Misyul İstanbul,657.2,,0,InStock,Son 3 günde 250+ ürün satıldı!,3,250,83.3,4.32051282051282,51,4,49,"[""Sepette %1 İndirim"",""Kargo Bedava""]",21 saat 51 dakika içinde sipariş verirsen Yarın kargoda,refreshed,0,https://www.trendyol.com/guzellik-deposu/960-li-3-kapakli-takma-ipek-kirpik-seti-demet-kirpik-yapistirici-cimbiz-ve-firca-hediyeli-p-1184431752?boutiqueId=61&merchantId=132140
kozmetik:kozmetik-vitrini,616,616,-129,17.9,12.1,99772682,1174892,99772682:1174892,The Ordinary 100% Plant-Derived Squalane 30ml. - Hafif Yapılı Nemlendirici Serum,The Ordinary,The Ordinary,695,,0,InStock,,,,,4.6,170,0,145,"[""Kargo Bedava""]",Tahmini Teslim:,carried_forward,5,https://www.trendyol.com/the-ordinary/100-plant-derived-squalane-30ml-hafif-yapili-nemlendirici-serum-p-99772682?boutiqueId=61&merchantId=1174892
kozmetik:kozmetik-vitrini,387,387,153,17.6,12.4,1027317771,969173,1027317771:969173,Celimax Retinal Shot Tightening Booster 15ml,Celimax,Globalcare Türkiye,920,,0,InStock,,,,,4.3,159,0,302,"[""Kargo Bedava""]",Tahmini Teslim:,carried_forward,6,https://www.trendyol.com/celimax/retinal-shot-tightening-booster-15ml-p-1027317771?boutiqueId=61&merchantId=969173
kozmetik:kozmetik-vitrini,168,168,,17.5,27,1142675118,1257649,1142675118:1257649,"Fation Nosca9 Deep Pore Cleansing Foam | Nano-retinal RX™ & %0.5 BHA ile Gözenek ve Siyah Nokta Karşıtı Köpük, 150ml",Fation,Miinova,1002.01,,,InStock,Son 3 günde 250+ ürün satıldı!,3,250,83.3,4.546875,46,,20,"[""Kargo Bedava""]",21 saat 51 dakika içinde sipariş verirsen Yarın kargoda,refreshed,0,https://www.trendyol.com/fation/nosca9-deep-pore-cleansing-foam-nano-retinal-rx-0-5-bha-ile-gozenek-ve-siyah-nokta-karsiti-kopuk-150ml-p-1142675118?boutiqueId=61&merchantId=1257649
kozmetik:kozmetik-vitrini,407,407,18,17.3,12.7,970474955,111600,970474955:111600,COSMED Azelaik Asit ve Yeşil Çay İçeren Leke Karşıtı Serum/Skinologist 10% AZELAIC SOLUTION 15ML,COSMED,,775,,23.9,InStock,,,,,4,,,,"[""Kargo Bedava""]",,listing_only,,https://www.trendyol.com/cosmed/azelaik-asit-ve-yesil-cay-iceren-leke-karsiti-serum-skinologist-10-azelaic-solution-15ml-p-970474955?boutiqueId=61&merchantId=111600
kozmetik:kozmetik-vitrini,697,697,-17,17.3,12.7,1133757142,1264974,1133757142:1264974,AVEONIX Doğal Işıltı Veren Shine Veil Lip Gloss 06 Parlak Bitişli Dolgun Dudak Parlatıcısı,AVEONIX,Duru Kozmetik ve Sağlıklı Yaşam,329,,0,InStock,,,,,4.4,146,0,35,[],Tahmini Teslim:,carried_forward,11,https://www.trendyol.com/aveonix/dogal-isilti-veren-shine-veil-lip-gloss-06-parlak-bitisli-dolgun-dudak-parlaticisi-p-1133757142?boutiqueId=61&merchantId=1264974
kozmetik:kozmetik-vitrini,231,231,,17.2,12.8,805580265,616327,805580265:616327,Oral-B Pro 3D White X-Filament Şarjlı Diş Fırçası Yedek Başlığı 4 Adet,Oral-B,Bittigibi,719,,,InStock,,,,,4.6775,140,,130,"[""Sepette %7 İndirim"",""Kargo Bedava""]",21 saat 51 dakika içinde sipariş verirsen Yarın kargoda,refreshed,0,https://www.trendyol.com/oral-b/pro-3d-white-x-filament-sarjli-dis-fircasi-yedek-basligi-4-adet-p-805580265?boutiqueId=61&merchantId=616327
kozmetik:makyaj,134,866,-29,17.2,12.8,1167637677,107819,1167637677:107819,Maybelline New York Super Stay Peel Off Soyulabilen Dudak Tinti - 24 Saate Kadar Kalıcı Dudak Renklendirme - 02 Haze,Maybelline New York,L'Oreal,499,,0,InStock,,,,,4.1,141,0,16,"[""74 TL Kupon""]",21 saat 49 dakika içinde sipariş verirsen en geç yarın kargoda!,carried_forward,3,https://www.trendyol.com/maybelline-new-york/super-stay-peel-off-soyulabilen-dudak-tinti-24-saate-kadar-kalici-dudak-renklendirme-02-haze-p-1167637677?boutiqueId=61&merchantId=107819
kozmetik:kozmetik-vitrini,204,204,-28,16.7,13.3,824194769,138932,824194769:138932,Palmolive Massage 500 ml+ Palmolive Natural Almond + PO Moments 500 ml,Palmolive,Colgate-Palmolive Kişisel Bakım Merkezi,283.32,,0,InStock,,,,,4.646496815286624,122,3,17,"[""Kargo Bedava""]",21 saat 51 dakika içinde sipariş verirsen Yarın kargoda,refreshed,0,https://www.trendyol.com/palmolive/massage-500-ml-palmolive-natural-almond-po-moments-500-ml-p-824194769?boutiqueId=61&merchantId=138932
kozmetik:makyaj,178,910,-20,16.6,13.4,1135584602,4473,1135584602:4473,Flormar Extreme Tattoo Işıltılı Asansörlü Kalemtıraşlı Jel Göz Kalemi & Far Stick - 005 Bronze,Flormar,,499.99,,0,InStock,,,,,4.6,,,,"[""Kargo Bedava"",""Son 10 Günün En Düşük Fiyatı""]",,listing_only,,https://www.trendyol.com/flormar/extreme-tattoo-isiltili-asansorlu-kalemtirasli-jel-goz-kalemi-far-stick-005-bronze-p-1135584602?boutiqueId=61&merchantId=4473
kozmetik:makyaj,179,911,,16.6,13.4,1010572615,107819,1010572615:107819,L'Oreal Paris Telescopic Gold Maskara + Bare With Me Kapatıcı 03 + Matte Ink Mini Ruj 15,L'Oreal Paris Telescopic,,1299,,,InStock,,,,,4.7,,,,"[""150 TL Kupon"",""Kargo Bedava""]",,listing_only,,https://www.trendyol.com/l-oreal-paris/telescopic-gold-maskara-bare-with-me-kapatici-03-matte-ink-mini-ruj-15-p-1010572615?boutiqueId=61&merchantId=107819
kozmetik:kozmetik-vitrini,346,346,-88,16.5,19.1,1161469452,710642,1161469452:710642,"True Bee Saç Kökünden Ucuna Kadar Derin Etki Sunan Hızlı Uzatma, Beyaz Engelleme, Gürleştirme Etkili Kompleks Bakım Spreyi",True Bee,DailyDream,179.9,190.5,-5.6,InStock,,,,,4.2,22,0,20,"[""Son 10 Günün En Düşük Fiyatı""]",9 saat 50 dakika içinde sipariş verirsen en geç bugün kargoda!,carried_forward,3,https://www.trendyol.com/true-bee/sac-kokunden-ucuna-kadar-derin-etki-sunan-hizli-uzatma-beyaz-engelleme-gurlestirme-etkili-kompleks-bakim-spreyi-p-1161469452?boutiqueId=61&merchantId=710642
kozmetik:makyaj,177,909,-51,16.4,13.6,1096159691,1085971,1096159691:1085971,QNAİL PROFESSİONAL Gökkuşağı Tırnak Süsleme Beyaz İnci Tozu / Fırçalı Tırnak Pigmenti Nail Art,QNAİL PROFESSİONAL,ADEN MAC KOZMETİK,41.27,,0,InStock,,,,,3.7,110,0,40,[],8 saat 50 dakika içinde sipariş verirsen en geç bugün kargoda!,carried_forward,3,https://www.trendyol.com/qnail-professional/gokkusagi-tirnak-susleme-beyaz-inci-tozu-fircali-tirnak-pigmenti-nail-art-p-1096159691?boutiqueId=61&merchantId=1085971
kozmetik:makyaj,257,989,-81,16.4,14.6,1152623375,132140,1152623375:132140,Güzellik Deposu Kendinden Yapışkanlı Anime Takma Kirpik Seti Yapıştırıcısız Doğal Görünüm Mix Boy V Kirpik,Güzellik Deposu,Misyul İstanbul,269.77,272.5,-1,InStock,,,,,3.7,83,0,76,"[""Sepette %1 İndirim""]",,carried_forward,2,https://www.trendyol.com/guzellik-deposu/kendinden-yapiskanli-anime-takma-kirpik-seti-yapistiricisiz-dogal-gorunum-mix-boy-v-kirpik-p-1152623375?boutiqueId=61&merchantId=132140
kozmetik:kozmetik-vitrini,241,241,-168,16.3,14.7,1151257347,1258214,1151257347:1258214,Koreagen Lip Stain Soyulabilir Ruj Kalıcı Dudak Dövmesi Bulaşmayan Dudak Renklendirici 6-12 Saat Kalıcı Peel Off Lip Tint,Koreagen,Kozmo Global,282.57,285.42,-1,InStock,,,,,3.692982456140351,80,4,17,"[""Son 10 Günün En Düşük Fiyatı"",""Kargo Bedava"",""Trendyol Plus'a Özel""]",21 saat 50 dakika içinde sipariş verirsen Yarın kargoda,refreshed,0,https://www.trendyol.com/koreagen/lip-stain-soyulabilir-ruj-kalici-dudak-dovmesi-bulasmayan-dudak-renklendirici-6-12-saat-kalici-peel-off-lip-tint-p-1151257347?boutiqueId=61&merchantId=1258214
kozmetik:makyaj,172,904,-23,16.3,13.7,1127017951,4473,1127017951:4473,Flormar Good Vibes Yüksek Pigmentli & Parlak Bitişli Nefes Alabilen Oje,Flormar,,49.99,,0,InStock,,,,,4.4,,,,[],,listing_only,,https://www.trendyol.com/flormar/good-vibes-yuksek-pigmentli-parlak-bitisli-nefes-alabilen-oje-p-1127017951?boutiqueId=61&merchantId=4473
kozmetik:makyaj,169,901,,16.2,13.8,1174048545,329842,1174048545:329842,"NİVİXE LASHES PRO DİZAYN 640'lı Takma Kirpik Seti, Yapıştırıcı, Sabitleyici, Cımbız ve Kirpik Fırçası",NİVİXE,Trend Store,649,,,InStock,,,,,4.747826086956522,106,0,36,"[""25 TL Kupon"",""Kargo Bedava"",""Trendyol Plus'a Özel""]",21 saat 49 dakika içinde sipariş verirsen Yarın kargoda,refreshed,0,https://www.trendyol.com/nivixe/lashes-pro-dizayn-640-li-takma-kirpik-seti-yapistirici-sabitleyici-cimbiz-ve-kirpik-fircasi-p-1174048545?boutiqueId=61&merchantId=329842
kozmetik:makyaj,173,905,28,16.2,19.1,1046403880,468928,1046403880:468928,PURE BEAUTY CC Krem SPF50 PA++++ Ivory 30 ml,PURE BEAUTY,Watsons,339.86,358.85,0,InStock,,,,,3.9,22,0,41,"[""Son 10 Günün En Düşük Fiyatı""]",1 saat 46 dakika içinde sipariş verirsen en geç bugün kargoda!,carried_forward,14,https://www.trendyol.com/pure-beauty/cc-krem-spf50-pa-ivory-30-ml-p-1046403880?boutiqueId=61&merchantId=468928
kozmetik:kozmetik-vitrini,607,607,-346,15.8,14.2,1175931997,1279865,1175931997:1279865,La Vielle Red Desire Intense Body Mist 200 ml,La Vielle,Viel Kozmetik,350,,0,InStock,,,,,4,94,0,8,"[""Kargo Bedava""]",Tahmini Teslim:,carried_forward,5,https://www.trendyol.com/la-vielle/red-desire-intense-body-mist-200-ml-p-1175931997?boutiqueId=61&merchantId=1279865
kozmetik:makyaj,163,895,-51,15.7,14.3,872525914,1127779,872525914:1127779,Melek Aksesuar Büyük Pro Makyaj Süngeri Yumuşak Armut Sünger Beauty Blender 1 Adet,Melek Aksesuar,,17.26,,,InStock,,,,,4.2,,,,[],,listing_only,,https://www.trendyol.com/melek-aksesuar/buyuk-pro-makyaj-sungeri-yumusak-armut-sunger-beauty-blender-1-adet-p-872525914?boutiqueId=61&merchantId=1127779
kozmetik:kozmetik-vitrini,42,42,,15.5,18.5,1114297315,106684,1114297315:106684,"Skin Sensual BB Krem Extra Light 30ml SPF50 PA++++ | Leke Karşıtı, Aydınlık Cilt Görünümü | UVA/UVB Koruma",Skin Sensual,Kozmetix House,699,,,InStock,,,,,4.052380952380952,86,,84,"[""Sepette %60 İndirim"",""Kargo Bedava"",""Son 10 Günün En Düşük Fiyatı""]",,refreshed,0,https://www.trendyol.com/skin-sensual/bb-krem-extra-light-30ml-spf50-pa-leke-karsiti-aydinlik-cilt-gorunumu-uva-uvb-koruma-p-1114297315?boutiqueId=61&merchantId=106684
kozmetik:kozmetik-vitrini,638,638,46,15.1,44.1,1197208698,830154,1197208698:830154,CALLİEL Tranexamic Acid %3.5 Kararma ve Leke Karşıtı Aydınlatıcı Bakım Kremi 80 ML,CALLİEL,,299.9,,-40,InStock,Son 3 günde 500+ ürün satıldı!,3,500,166.7,4.3,,,,[],,listing_only,,https://www.trendyol.com/calliel/tranexamic-acid-3-5-kararma-ve-leke-karsiti-aydinlatici-bakim-kremi-80-ml-p-1197208698?boutiqueId=61&merchantId=830154
kozmetik:makyaj,50,782,-12,15.1,44.1,1117423886,1028724,1117423886:1028724,nailway Tırnak Bakım Törpüsü 100-180 Kalıcı Oje Protez Tırnak (1 Adet),nailway,Doğanlı Kozmetik,11.18,,0,InStock,Son 3 günde 500+ ürün satıldı!,3,500,166.7,4.9,6,0,3,[],11 saat 51 dakika içinde sipariş verirsen en geç bugün kargoda!,carried_forward,3,https://www.trendyol.com/nailway/tirnak-bakim-torpusu-100-180-kalici-oje-protez-tirnak-1-adet-p-1117423886?boutiqueId=61&merchantId=1028724
kozmetik:kozmetik-vitrini,367,367,,14.7,15.3,1142680244,1257649,1142680244:1257649,"Fation MelaZERO Dark Spot Toning Ampoule | 6'lı Aydınlatıcı Aktif ile Leke ve Hiperpigmentasyon Karşıtı Ampul, 32ml",Fation,,1518.01,,,InStock,,,,,4.7,,,,"[""Kargo Bedava""]",,listing_only,,https://www.trendyol.com/fation/melazero-dark-spot-toning-ampoule-6-li-aydinlatici-aktif-ile-leke-ve-hiperpigmentasyon-karsiti-ampul-32ml-p-1142680244?boutiqueId=61&merchantId=1257649
kozmetik:kozmetik-vitrini,420,420,-183,14.7,29.8,1194722168,1080836,1194722168:1080836,gloceans feel the glow Dökülen ve Geç Uzayan Saçlar İçin Yoğun Onarıcı Saç Maskesi 350 ml,gloceans feel the glow,GLOCEANS,689,,0,InStock,Son 3 günde 250+ ürün satıldı!,3,250,83.3,4.7,20,0,16,"[""Kargo Bedava""]",,carried_forward,2,https://www.trendyol.com/gloceans-feel-the-glow/dokulen-ve-gec-uzayan-saclar-icin-yogun-onarici-sac-maskesi-350-ml-p-1194722168?boutiqueId=61&merchantId=1080836
kozmetik:kozmetik-vitrini,43,43,,14.2,19.3,1133893532,597984,1133893532:597984,Kerastase Genesis & Nutritive Magic Night Duo Saç Bakım Seti 120ml,Kerastase,KERASTASE,4700,,,InStock,,,,,4.14,58,,28,"[""Kargo Bedava"",""Son 10 Günün En Düşük Fiyatı""]",,refreshed,0,https://www.trendyol.com/kerastase/genesis-nutritive-magic-night-duo-sac-bakim-seti-120ml-p-1133893532?boutiqueId=61&merchantId=597984
kozmetik:makyaj,245,977,-42,14.2,15.8,1135672316,106263,1135672316:106263,"Takıştır Kahverengi Takma Kirpik Seti Yapıştırıcı, Sabitleyici, Cımbız Ve Kirpik Fırçasıyla 580 Adet Kirpik Tutamı",Takıştır,Takıştır,599.99,,0,InStock,,,,,4.2,58,0,45,"[""Kargo Bedava""]",11 saat 49 dakika içinde sipariş verirsen en geç bugün kargoda!,carried_forward,3,https://www.trendyol.com/takistir/kahverengi-takma-kirpik-seti-yapistirici-sabitleyici-cimbiz-ve-kirpik-fircasiyla-580-adet-kirpik-tutami-p-1135672316?boutiqueId=61&merchantId=106263
kozmetik:kozmetik-vitrini,317,317,33,13.9,16.1,1090939369,1333694,1090939369:1333694,Arencia Vitamin C Booster Shot Vitamin C Complex %5+ Glutathione Serum 30 ml,Arencia,SEUL SHOP,899,,-5.3,InStock,,,,,4.4,54,0,,"[""Kargo Bedava""]",Tahmini Teslim:,carried_forward,12,https://www.trendyol.com/arencia/vitamin-c-booster-shot-vitamin-c-complex-5-glutathione-serum-30-ml-p-1090939369?boutiqueId=61&merchantId=1333694
kozmetik:makyaj,240,972,-9,13.7,16.3,1163621549,556702,1163621549:556702,Cream Co. Glow Tint Soft Mocha & Dusty Rose Makyaj Seti | Nude & Gülkurusu Allık Ruj Göz Farı | Makyaj,Cream Co.,Cream Co.,381.9,,0,InStock,,,,,4.6,50,0,7,"[""Kargo Bedava""]",9 saat 49 dakika içinde sipariş verirsen en geç bugün kargoda!,carried_forward,3,https://www.trendyol.com/cream-co/glow-tint-soft-mocha-dusty-rose-makyaj-seti-nude-gulkurusu-allik-ruj-goz-fari-makyaj-p-1163621549?boutiqueId=61&merchantId=556702
kozmetik:makyaj,192,924,7,13.3,16.7,1109275808,154207,1109275808:154207,MOZIUR 500'lü Yarım Ay Tips Yapıştırma Seti - KEMİK,MOZIUR,,299.9,,9.8,InStock,,,,,3.8,,,,[],,listing_only,,https://www.trendyol.com/moziur/500-lu-yarim-ay-tips-yapistirma-seti-kemik-p-1109275808?boutiqueId=61&merchantId=154207
kozmetik:kozmetik-vitrini,242,242,-83,13.2,18.2,1175767972,871483,1175767972:871483,HİROS'H Profesyonel Topuz Fırçası Renkli Stick Wax ve Metal Uçlu Krepe Tarak Seti 3'lü Set,HİROS'H Profesyonel,HİROSH,193.08,195.89,0,InStock,,,,,3.806451612903226,29,2,24,"[""Son 10 Günün En Düşük Fiyatı"",""Kargo Bedava"",""Son 10 günün en düşük fiyatı""]",,refreshed,0,https://www.trendyol.com/hiros-h/profesyonel-topuz-fircasi-renkli-stick-wax-ve-metal-uclu-krepe-tarak-seti-3-lu-set-p-1175767972?boutiqueId=61&merchantId=871483
kozmetik:makyaj,67,799,,13.1,31.5,1189128072,205639,1189128072:205639,Note Cosmetics Desired Lash Mascara Uzunluk ve Yoğun Hacim Etkili Maskara - Siyah,Note Cosmetics,,999.78,,122.2,InStock,Son 3 günde 250+ ürün satıldı!,3,250,83.3,3.6,,,,"[""Sepette %55 İndirim"",""Kargo Bedava"",""Süper Fırsat Ürünü""]",,listing_only,,https://www.trendyol.com/note-cosmetics/desired-lash-mascara-uzunluk-ve-yogun-hacim-etkili-maskara-siyah-p-1189128072?boutiqueId=61&merchantId=205639
kozmetik:kozmetik-vitrini,206,206,,12.8,17.2,1071125161,1168206,1071125161:1168206,Orkid Ultra Gece Extra (Boy 4) 16 Adet Süper Ekonomik Hijyenik Ped x3,Orkid,P&G Türkiye,449.83,,,InStock,,,,,4.664233576642336,39,,10,"[""Sepette %40 İndirim"",""Kargo Bedava""]",21 saat 51 dakika içinde sipariş verirsen yarın kargoda!,refreshed,0,https://www.trendyol.com/orkid/ultra-gece-extra-boy-4-16-adet-super-ekonomik-hijyenik-ped-x3-p-1071125161?boutiqueId=61&merchantId=1168206
kozmetik:kozmetik-vitrini,230,230,8,12.8,31.8,1186679823,346231,1186679823:346231,mimtec Şarjlı Ağız Duşu - 320ml Su Hazneli 5 Başlık 4 Çalışma Modlu Su Geçirmez Ağız Diş Dil Temizleyici Beyaz,mimtec,Mimtec,1099.9,,0.3,InStock,Son 3 günde 250+ ürün satıldı!,3,250,83.3,4.823529411764706,11,1,24,"[""Kargo Bedava"",""Peşin Fiyatına 3 Taksit"",""Trendyol Plus'a Özel""]",,refreshed,0,https://www.trendyol.com/mimtec/sarjli-agiz-dusu-320ml-su-hazneli-5-baslik-4-calisma-modlu-su-gecirmez-agiz-dis-dil-temizleyici-beyaz-p-1186679823?boutiqueId=61&merchantId=346231
kozmetik:makyaj,69,801,-7,12.2,32.4,1187237349,556702,1187237349:556702,Cream Co. PDRN Kolajen Nemlendirici Yüz Kremi | Peptit NAD+ Argireline Sıkılaştırıcı Kırışıklık Karşıtı 50 ml,Cream Co.,Cream Co.,329.9,,0,InStock,Son 3 günde 250+ ürün satıldı!,3,250,83.3,4.6,9,0,28,[],Tahmini Teslim:,carried_forward,6,https://www.trendyol.com/cream-co/pdrn-kolajen-nemlendirici-yuz-kremi-peptit-nad-argireline-sikilastirici-kirisiklik-karsiti-50-ml-p-1187237349?boutiqueId=61&merchantId=556702
kozmetik:kozmetik-vitrini,514,514,-18,12.1,17.9,1025416924,700860,1025416924:700860,DERMASTUDİO Lavanta Yağlı Saç Spreyi – Doğal ve Güvenli Saç Bakımı,DERMASTUDİO,,149,,,InStock,,,,,4.3,,,,[],,listing_only,,https://www.trendyol.com/dermastudio/lavanta-yagli-sac-spreyi-dogal-ve-guvenli-sac-bakimi-p-1025416924?boutiqueId=61&merchantId=700860
kozmetik:kozmetik-vitrini,672,672,-213,12,18,1183840669,781333,1183840669:781333,"Rivance Kojic Acid Kil Maskesi, Arındırıcı Cilt Tonu Eşitleyici Doğal İçerikli 120 ml",Rivance,,272.83,,36.5,InStock,,,,,3.9,,,,[],,listing_only,,https://www.trendyol.com/rivance/kojic-acid-kil-maskesi-arindirici-cilt-tonu-esitleyici-dogal-icerikli-120-ml-p-1183840669?boutiqueId=61&merchantId=781333
kozmetik:makyaj,184,916,,11.9,18.1,849774934,985332,849774934:985332,Papilion Pudra Özlü Ph Dengeli Nemlendirici Makyaj Temizleme Mendili 20x3 60 Yaprak,Papilion,,109.99,,,InStock,,,,,4.4,,,,[],,listing_only,,https://www.trendyol.com/papilion/pudra-ozlu-ph-dengeli-nemlendirici-makyaj-temizleme-mendili-20x3-60-yaprak-p-849774934?boutiqueId=61&merchantId=985332
kozmetik:kozmetik-vitrini,186,186,,11.8,32.8,1192643135,858234,1192643135:858234,Beauty Collection Serumia Metal Uçlu Hazneli Saç Dibi Serum ve Bakım Yağı Uygulama Tarağı Şeffaf,Beauty Collection,Beauty Collection,349,,,InStock,Son 3 günde 250+ ürün satıldı!,3,250,83.3,4.6923076923076925,8,,7,"[""Kargo Bedava""]",21 saat 51 dakika içinde sipariş verirsen Yarın kargoda,refreshed,0,https://www.trendyol.com/beauty-collection/serumia-metal-uclu-hazneli-sac-dibi-serum-ve-bakim-yagi-uygulama-taragi-seffaf-p-1192643135?boutiqueId=61&merchantId=858234
kozmetik:kozmetik-vitrini,449,449,-191,11.6,18.4,1165746461,1281606,1165746461:1281606,"LUMİNYA Pirinç Sabunu 100 g | Cilt Temizleyici, Aydınlık Görünüm ve Ton Eşitleyici",LUMİNYA,Luminya Kozmetik,349,,18.3,InStock,,,,,4.7,27,0,28,[],Tahmini Teslim:,carried_forward,11,https://www.trendyol.com/luminya/pirinc-sabunu-100-g-cilt-temizleyici-aydinlik-gorunum-ve-ton-esitleyici-p-1165746461?boutiqueId=61&merchantId=1281606
kozmetik:makyaj,120,852,-30,11.5,18.5,1123530828,4473,1123530828:4473,Flormar Good Vibes Yüksek Pigmentli & Parlak Bitişli Nefes Alabilen Oje,Flormar,Flormar,49.99,,0,InStock,,,,,4.6,26,0,10,[],9 saat 51 dakika içinde sipariş verirsen en geç bugün kargoda!,carried_forward,3,https://www.trendyol.com/flormar/good-vibes-yuksek-pigmentli-parlak-bitisli-nefes-alabilen-oje-p-1123530828?boutiqueId=61&merchantId=4473
kozmetik:makyaj,239,971,-27,11.3,18.7,1125560025,1168742,1125560025:1168742,Mas'dala EGAR Doğal Görünümlü 10’lu Takma Kirpik Seti 3D Dolgun ve Yumuşak İpek Etkili Bakışlar,Mas'dala EGAR Doğal,Masdala EGAR,199.9,,0,InStock,,,,,3.8,25,0,25,[],11 saat 53 dakika içinde sipariş verirsen en geç yarın kargoda!,carried_forward,4,https://www.trendyol.com/mas-dala-egar/dogal-gorunumlu-10-lu-takma-kirpik-seti-3d-dolgun-ve-yumusak-ipek-etkili-bakislar-p-1125560025?boutiqueId=61&merchantId=1168742
kozmetik:kozmetik-vitrini,457,457,-190,10.4,19.6,1165745626,1281606,1165745626:1281606,"LUMİNYA Kojik Asit Sabunu 100 g | Leke Karşıtı Bakım, Aydınlatıcı ve Ton Dengeleyici",LUMİNYA,Luminya Kozmetik,349,,18.3,InStock,,,,,4.6,19,0,38,[],11 saat 51 dakika içinde sipariş verirsen en geç yarın kargoda!,carried_forward,10,https://www.trendyol.com/luminya/kojik-asit-sabunu-100-g-leke-karsiti-bakim-aydinlatici-ve-ton-dengeleyici-p-1165745626?boutiqueId=61&merchantId=1281606
kozmetik:makyaj,154,886,97,8.9,21.1,1191952139,154207,1191952139:154207,MOZIUR Kalıcı Oje Uygulamaları için Yapışkan Tabaka Temizleyici 250ml Cleanser/Tüysüz Mendil Seti,MOZIUR,,110.94,,2,InStock,,,,,4.9,,,,[],,listing_only,,https://www.trendyol.com/moziur/kalici-oje-uygulamalari-icin-yapiskan-tabaka-temizleyici-250ml-cleanser-tuysuz-mendil-seti-p-1191952139?boutiqueId=61&merchantId=154207
kozmetik:makyaj,152,884,-102,8.6,21.4,1142239907,205639,1142239907:205639,Note Cosmetics Aura Silk Lipstick 07 Classy Nude Kremsi Yarı Parlak Ruj - Nude,Note Cosmetics,Note Cosmetics,899.75,,150,InStock,,,,,4.5,11,0,3,"[""Sepette %60 İndirim"",""Kargo Bedava"",""Süper Fırsat Ürünü""]",Tahmini Teslim:,carried_forward,3,https://www.trendyol.com/note-cosmetics/aura-silk-lipstick-07-classy-nude-kremsi-yari-parlak-ruj-nude-p-1142239907?boutiqueId=61&merchantId=205639
kozmetik:kozmetik-vitrini,56,56,,8.5,24.4,1190810252,762068,1190810252:762068,Lalive Lenfatik Yüz Fırçası Doğal Ahşap Gövdeli (Kiraz Ağacı),Lalive,Lalive,753.51,775.94,,InStock,,,,,4.25,4,,1,"[""50 TL Kupon"",""Kargo Bedava"",""Son 10 Günün En Düşük Fiyatı"",""Son 10 günün en düşük fiyatı""]",21 saat 53 dakika içinde sipariş verirsen Yarın kargoda,refreshed,0,https://www.trendyol.com/lalive/lenfatik-yuz-fircasi-dogal-ahsap-govdeli-kiraz-agaci-p-1190810252?boutiqueId=61&merchantId=762068
kozmetik:kozmetik-vitrini,45,45,,6.8,25.7,1186680375,346231,1186680375:346231,mimtec Şarjlı Ağız Duşu - 320ml Su Hazneli 5 Başlık 4 Çalışma Modlu Su Geçirmez Ağız Diş Dil Temizleyici Siyah,mimtec,Mimtec,1096.9,,,InStock,,,,,5,6,,17,"[""Kargo Bedava"",""Peşin Fiyatına 3 Taksit"",""Trendyol Plus'a Özel""]",,refreshed,0,https://www.trendyol.com/mimtec/sarjli-agiz-dusu-320ml-su-hazneli-5-baslik-4-calisma-modlu-su-gecirmez-agiz-dis-dil-temizleyici-siyah-p-1186680375?boutiqueId=61&merchantId=346231
kozmetik:makyaj,206,938,-15,6.8,23.2,1171365927,1183233,1171365927:1183233,FESTİLO 48 Adet Silikon Tırnak Yapıştırıcı Çift Taraflı Şeffaf Jel Takma Tırnak Bandı,FESTİLO,FESTİLO,13.86,,-44.3,InStock,,,,,4.6,6,0,10,[],11 saat 55 dakika içinde sipariş verirsen en geç yarın kargoda!,carried_forward,16,https://www.trendyol.com/festilo/48-adet-silikon-tirnak-yapistirici-cift-tarafli-seffaf-jel-takma-tirnak-bandi-p-1171365927?boutiqueId=61&merchantId=1183233
kozmetik:makyaj,242,974,,6.8,23.2,1178660922,830154,1178660922:830154,"CALLİEL Nemlendirici, Koyu Halka ve Kırışıklık Karşıtı Toz Göz Çevresi Kremi",CALLİEL,,299.9,,50,InStock,,,,,3.5,,,,[],,listing_only,,https://www.trendyol.com/calliel/nemlendirici-koyu-halka-ve-kirisiklik-karsiti-toz-goz-cevresi-kremi-p-1178660922?boutiqueId=61&merchantId=830154
kozmetik:makyaj,132,864,,5.6,24.4,1190461930,758938,1190461930:758938,HaLVeY Takma Kirpik 600 Adet Kirpik Seti 30-40-50-60-80-100D Farklı Boylar ( Ürün İle Birlikte Çift Taraflı Eyeliner Hediye Gönderilecektir ),HaLVeY,HaLVeY Kozmetik,589,,55.4,InStock,,,,,5,4,3,5,"[""Kargo Bedava""]",,refreshed,0,https://www.trendyol.com/halvey/takma-kirpik-600-adet-kirpik-seti-30-40-50-60-80-100d-farkli-boylar-urun-ile-birlikte-cift-tarafli-eyeliner-hediye-gonderilecektir-p-1190461930?boutiqueId=61&merchantId=758938
kozmetik:kozmetik-vitrini,667,667,-82,4.8,25.2,1195956769,930650,1195956769:930650,"Sibelon Taş Sticker Yapışkanlı Saç, Yüz, Tırnak Vücut Ve Süs Taşı Dekor Işıltılı inci Boncuk Makyaj Nail Art Okul Defter Kitap Süs",Sibelon,,172.99,,0,InStock,,,,,5,,,,[],,listing_only,,https://www.trendyol.com/sibelon/tas-sticker-yapiskanli-sac-yuz-tirnak-vucut-ve-sus-tasi-dekor-isiltili-inci-boncuk-makyaj-nail-art-okul-defter-kitap-sus-p-1195956769?boutiqueId=61&merchantId=930650
kozmetik:kozmetik-vitrini,125,125,,0,30,1189150336,742918,1189150336:742918,Victoria's Secret Bare Vanilla Mini Vücut Spreyi,Victoria's Secret Bare,VICTORIA’S SECRET,1000,,,InStock,,,,,0,0,,1,"[""Sepette %50 İndirim"",""Kargo Bedava"",""Sepette %25 İndirim"",""100 TL Kupon"",""Trendyol Plus'a Özel""]",,refreshed,0,https://www.trendyol.com/victoria-s-secret/bare-vanilla-mini-vucut-spreyi-p-1189150336?boutiqueId=61&merchantId=742918
kozmetik:kozmetik-vitrini,160,160,-98,0,30,1199486213,864624,1199486213:864624,"INO Beauty Cosmos - Stick Ruj & Allık 4,5Gr",INO Beauty,INO Beauty,1190,,0,InStock,,,,,0,0,0,2,"[""Sepette %30 İndirim"",""Kargo Bedava""]",21 saat 52 dakika içinde sipariş verirsen Yarın kargoda,refreshed,0,https://www.trendyol.com/ino-beauty/cosmos-stick-ruj-allik-4-5gr-p-1199486213?boutiqueId=61&merchantId=864624
