rank_scope,rank_scope_position,bestseller_rank,rank_delta,trend_score,niche_score,product_id,merchant_id,offer_key,title,brand,seller_name,price,original_price,price_delta_percent,stock_status,sales_signal,sales_signal_days,sales_signal_min,sales_signal_daily_min,rating,review_count,review_delta,question_count,campaigns,delivery_summary,detail_status,detail_age_days,url
kozmetik:kozmetik-vitrini,20,20,199,136.4,66.9,41194137,138065,41194137:138065,Bargello 709 Erkek Parfüm Edp Orıental 50 ml,Bargello,Bargello,370,600,0,InStock,Son 3 günde 2B+ ürün satıldı!,3,2000,666.7,4.5378987415861864,3245,3,1433,"[""Kargo Bedava"",""Son 10 Günün En Düşük Fiyatı"",""Son 10 günün en düşük fiyatı""]",Tahmini Teslim:,refreshed,0,https://www.trendyol.com/bargello/709-erkek-parfum-edp-oriental-50-ml-p-41194137?boutiqueId=61&merchantId=138065
kozmetik:kozmetik-vitrini,129,129,166,36.3,22.9,132366,106336,132366:106336,Vichy Dercos Energisant ENERGY+ Niasinamid İçeren Koparak Saç Dökülmesine Karşı Etkili Şampuan 400 ml,Vichy,DERMOAKTİF,1384.9,,15.4,InStock,Son 3 günde 500+ ürün satıldı!,3,500,166.7,4.1923012552301255,3100,-5,1929,"[""Kargo Bedava"",""Son 10 Günün En Düşük Fiyatı""]",3 saat 55 dakika içinde sipariş verirsen en geç bugün kargoda!,refreshed,0,https://www.trendyol.com/vichy/dercos-energisant-energy-niasinamid-iceren-koparak-sac-dokulmesine-karsi-etkili-sampuan-400-ml-p-132366?boutiqueId=61&merchantId=106336
kozmetik:kozmetik-vitrini,83,83,145,33,72,1188234275,154207,1188234275:154207,MOZIUR Tırnak Bakım Törpüsü 100-180 Kalıcı Oje Protez Tırnak,MOZIUR,Zerre İthalat,9.85,,0,InStock,"Son 3 günde 1,5B+ ürün satıldı!",3,1500,500,4.84,9,0,2,"[""149,90 TL Kupon"",""Kargo Bedava""]",11 saat 56 dakika içinde sipariş verirsen en geç yarın kargoda!,refreshed,0,https://www.trendyol.com/moziur/tirnak-bakim-torpusu-100-180-kalici-oje-protez-tirnak-p-1188234275?boutiqueId=61&merchantId=154207
kozmetik:kozmetik-vitrini,109,109,142,27.9,2.1,183358724,107819,183358724:107819,Garnier Micellar Makyaj Temizleme Suyu 100 Ml,Garnier,L'Oreal,110.35,,0,InStock,,,,,4.529445073612685,3047,6,85,"[""Kargo Bedava""]",11 saat 55 dakika içinde sipariş verirsen en geç yarın kargoda!,refreshed,0,https://www.trendyol.com/garnier/micellar-makyaj-temizleme-suyu-100-ml-p-183358724?boutiqueId=61&merchantId=107819
kozmetik:kozmetik-vitrini,133,133,135,47.7,14.7,844932737,109162,844932737:109162,Maru.Derm Vücut Kremi | %10 Urea (ÜRE) Yoğun Nemlendirici Vücut Kremi 400 ml,Maru.Derm,MARUDERM,286.8,349,0,InStock,Son 3 günde 250+ ürün satıldı!,3,250,83.3,4.444404462036705,1637,1,568,"[""Son 10 Günün En Düşük Fiyatı"",""Süper Fırsat Ürünü"",""Sepette %20 İndirim"",""30 TL Kupon"",""Kargo Bedava"",""Son 10 günün en düşük fiyatı"",""Trendyol Plus'a Özel""]",11 saat 55 dakika içinde sipariş verirsen en geç yarın kargoda!,refreshed,0,https://www.trendyol.com/maru-derm/vucut-kremi-10-urea-ure-yogun-nemlendirici-vucut-kremi-400-ml-p-844932737?boutiqueId=61&merchantId=109162
kozmetik:kozmetik-vitrini,114,114,130,35.8,10.4,138203087,4473,138203087:4473,Flormar Suya Dayanıklı Jel Göz Kalemi (SİYAH)-extreme Tattoo Gel Pencil-006 Onyx-8682536028882,Flormar,Flormar,349,,0,InStock,Son 3 günde 250+ ürün satıldı!,3,250,83.3,4.53132988340919,8893,0,645,"[""Kargo Bedava""]",Tahmini Teslim:,refreshed,0,https://www.trendyol.com/flormar/suya-dayanikli-jel-goz-kalemi-siyah-extreme-tattoo-gel-pencil-006-onyx-8682536028882-p-138203087?boutiqueId=61&merchantId=4473
kozmetik:kozmetik-vitrini,121,121,127,35.9,14.9,1068311,712258,1068311:712258,"NIVEA Kadın Sprey Deodorant Pearl&Beauty 150ml, 72 Saat Anti Perspirant Koruma, Alkolsüz, Çiçeksi Koku",NIVEA,XPECTUS,166,177,0,InStock,Son 3 günde 250+ ürün satıldı!,3,250,83.3,4.581805106076951,1547,0,155,"[""Son 10 Günün En Düşük Fiyatı"",""Sepette %55 İndirim"",""Kargo Bedava"",""Son 10 günün en düşük fiyatı""]",11 saat 55 dakika içinde sipariş verirsen en geç yarın kargoda!,refreshed,0,https://www.trendyol.com/nivea/kadin-sprey-deodorant-pearl-beauty-150ml-72-saat-anti-perspirant-koruma-alkolsuz-ciceksi-koku-p-1068311?boutiqueId=61&merchantId=712258
kozmetik:kozmetik-vitrini,160,160,119,32,15,996722646,1031124,996722646:1031124,THE BATH FACTORY Liberty Vücut Losyonu 200 ml,THE BATH FACTORY,The Bath Factory,313.21,320.96,-37.2,InStock,Son 3 günde 250+ ürün satıldı!,3,250,83.3,4.493408662900188,1494,1,144,"[""Son 10 Günün En Düşük Fiyatı"",""Kargo Bedava"",""Son 10 günün en düşük fiyatı""]",11 saat 54 dakika içinde sipariş verirsen en geç yarın kargoda!,refreshed,0,https://www.trendyol.com/the-bath-factory/liberty-vucut-losyonu-200-ml-p-996722646?boutiqueId=61&merchantId=1031124
kozmetik:kozmetik-vitrini,89,89,117,21.5,15.2,1151257347,1258214,1151257347:1258214,Koreagen Lip Stain Soyulabilir Ruj Kalıcı Dudak Dövmesi Bulaşmayan Dudak Renklendirici 6-12 Saat Kalıcı Peel Off Lip Tint,Koreagen,Kozmo Global,288.3,308.88,-9.8,InStock,,,,,3.7032967032967035,70,5,11,"[""Son 10 Günün En Düşük Fiyatı"",""Kargo Bedava"",""Trendyol Plus'a Özel""]",11 saat 56 dakika içinde sipariş verirsen en geç yarın kargoda!,refreshed,0,https://www.trendyol.com/koreagen/lip-stain-soyulabilir-ruj-kalici-dudak-dovmesi-bulasmayan-dudak-renklendirici-6-12-saat-kalici-peel-off-lip-tint-p-1151257347?boutiqueId=61&merchantId=1258214
kozmetik:kozmetik-vitrini,164,164,109,35.8,10.4,103384378,107819,103384378:107819,"Garnier Micellar Makyaj Temizleme Suyu 200ML, 24 Saat Nemlendirme, Hassas Ciltler,Vegan&Cruelty Free",Garnier,L'Oreal,199,,0,InStock,Son 3 günde 250+ ürün satıldı!,3,250,83.3,4.579607109448082,8905,0,436,"[""Kargo Bedava""]",11 saat 54 dakika içinde sipariş verirsen en geç yarın kargoda!,refreshed,0,https://www.trendyol.com/garnier/micellar-makyaj-temizleme-suyu-200ml-24-saat-nemlendirme-hassas-ciltler-vegan-cruelty-free-p-103384378?boutiqueId=61&merchantId=107819
kozmetik:kozmetik-vitrini,171,171,109,44.6,20.8,47215147,571412,47215147:571412,"NIVEA Q10 Sıkılaştırıcı Vücut Losyonu 250ml, 7 Günde Sıkılaştırıcı, C Vitamini, Nemlendirici, X2 Adet",NIVEA,NIVEA,251.67,266.02,0,InStock,Son 3 günde 500+ ürün satıldı!,3,500,166.7,4.59491620898465,7278,-2,2298,"[""Son 10 Günün En Düşük Fiyatı"",""Kargo Bedava"",""Son 10 günün en düşük fiyatı""]",11 saat 54 dakika içinde sipariş verirsen en geç yarın kargoda!,refreshed,0,https://www.trendyol.com/nivea/q10-sikilastirici-vucut-losyonu-250ml-7-gunde-sikilastirici-c-vitamini-nemlendirici-x2-adet-p-47215147?boutiqueId=61&merchantId=571412
kozmetik:kozmetik-vitrini,81,81,104,33.1,11.5,87664864,310522,87664864:310522,Alix Avien Fondöten Fırçası - Foundation Brush,Alix Avien,Alix Avien,464.22,,-28.6,InStock,Son 3 günde 250+ ürün satıldı!,3,250,83.3,4.597230236583958,4111,41,284,"[""Kargo Bedava""]",11 saat 56 dakika içinde sipariş verirsen en geç yarın kargoda!,refreshed,0,https://www.trendyol.com/alix-avien/fondoten-fircasi-foundation-brush-p-87664864?boutiqueId=61&merchantId=310522
kozmetik:kozmetik-vitrini,141,141,100,27.9,31.3,1147187328,104968,1147187328:104968,"JEONJU Antioksidan,Yoğun Nemlendirici,Leke bakımı Resveratrol Sprey",JEONJU,Happy Center,299.99,,0,InStock,Son 3 günde 500+ ürün satıldı!,3,500,166.7,4.2746331236897275,276,1,98,"[""Kargo Bedava"",""Trendyol Plus'a Özel""]",11 saat 55 dakika içinde sipariş verirsen en geç yarın kargoda!,refreshed,0,https://www.trendyol.com/jeonju/antioksidan-yogun-nemlendirici-leke-bakimi-resveratrol-sprey-p-1147187328?boutiqueId=61&merchantId=104968
kozmetik:kozmetik-vitrini,156,156,91,29.7,0.3,32097172,105153,32097172:105153,L'Oreal Paris L'Oréal Paris True Match Bakım Yapan Fondöten 1N IVORY,L'Oreal Paris,Daily Glow Shop,735,,,InStock,,,,,4.37290439510648,5136,-2,1731,"[""Kargo Bedava""]",11 saat 54 dakika içinde sipariş verirsen en geç yarın kargoda!,refreshed,0,https://www.trendyol.com/l-oreal-paris/l-oreal-paris-true-match-bakim-yapan-fondoten-1n-ivory-p-32097172?boutiqueId=61&merchantId=105153
kozmetik:kozmetik-vitrini,203,203,91,27,3,32442436,451556,32442436:451556,Morfose Milk Therapy Saç Maskesi 500 ml,Morfose,MORFOSE,311.25,,0,InStock,,,,,4.413943355119826,2396,-2,726,"[""Kargo Bedava""]",11 saat 53 dakika içinde sipariş verirsen en geç yarın kargoda!,refreshed,0,https://www.trendyol.com/morfose/milk-therapy-sac-maskesi-500-ml-p-32442436?boutiqueId=61&merchantId=451556
kozmetik:kozmetik-vitrini,198,198,87,19.2,10.8,1057524891,4473,1057524891:4473,Flormar Kremsi Dokulu & Mat Bitişli/Işıltılı 9'lu Kompakt Göz Farı Paleti - 004 FOLLOW YOUR HEART,Flormar,Flormar,499,,0,InStock,,,,,4.477759472817133,251,0,15,"[""Kargo Bedava"",""Trendyol Plus'a Özel""]",Tahmini Teslim:,refreshed,0,https://www.trendyol.com/flormar/kremsi-dokulu-mat-bitisli-isiltili-9-lu-kompakt-goz-fari-paleti-004-follow-your-heart-p-1057524891?boutiqueId=61&merchantId=4473
kozmetik:kozmetik-vitrini,111,111,86,23.2,21.3,886604145,1321266,886604145:1321266,Dr. Althea 345 Relief Cream | Akne Karşıtı Niacinamide Resveratrol Centella Yatıştırıcı Nemlendirici Krem 50 ml,Dr. Althea,SEUL SHOP,899,,-5.3,InStock,Son 3 günde 250+ ürün satıldı!,3,250,83.3,4.287234042553192,242,1,483,"[""Kargo Bedava"",""Sepette %20 İndirim"",""342,36 TL Kupon"",""Trendyol Plus'a Özel""]",Tahmini Teslim:,refreshed,0,https://www.trendyol.com/dr-althea/345-relief-cream-akne-karsiti-niacinamide-resveratrol-centella-yatistirici-nemlendirici-krem-50-ml-p-886604145?boutiqueId=61&merchantId=1321266
kozmetik:kozmetik-vitrini,99,99,85,33.2,26,1063917638,1279865,1063917638:1279865,La Vielle Daydream Bare Vanilla 200 ml,La Vielle,Viel Kozmetik,350,,0,InStock,Son 3 günde 500+ ürün satıldı!,3,500,166.7,3.6925960637300843,1277,1,259,"[""Kargo Bedava"",""Trendyol Plus'a Özel""]",Tahmini Teslim:,refreshed,0,https://www.trendyol.com/la-vielle/daydream-bare-vanilla-200-ml-p-1063917638?boutiqueId=61&merchantId=1279865
kozmetik:kozmetik-vitrini,96,96,83,17.3,12.7,1179507562,224434,1179507562:224434,TGC Hair Care Cosmetic TGC Eşek Sütlü Ballı Kabak Lifli Peeling Sabunu 120 gr,TGC Hair Care Cosmetic,TGC Hair Care & Cosmetic,225,,-31.6,InStock,,,,,4.762135922330097,143,5,45,"[""Sepette %11 İndirim"",""5 TL Kupon"",""15 TL Kupon"",""Kargo Bedava"",""Trendyol Plus'a Özel""]",Tahmini Teslim:,refreshed,0,https://www.trendyol.com/tgc-hair-care-cosmetic/tgc-esek-sutlu-balli-kabak-lifli-peeling-sabunu-120-gr-p-1179507562?boutiqueId=61&merchantId=224434
kozmetik:kozmetik-vitrini,188,188,83,42.8,45.5,1066170057,126383,1066170057:126383,KOREACO Red Dragon Bubble Clay Yüz Maskesi | Tazelenme Parlaklık Nemli ve İpeksi Köpüren Yüz Maskesi 100 ml,KOREACO,KOREACO,299,,10,InStock,Son 3 günde 1B+ ürün satıldı!,3,1000,333.3,4.196411885628855,1836,3,399,"[""Kargo Bedava"",""Trendyol Plus'a Özel""]",11 saat 53 dakika içinde sipariş verirsen en geç yarın kargoda!,refreshed,0,https://www.trendyol.com/koreaco/red-dragon-bubble-clay-yuz-maskesi-tazelenme-parlaklik-nemli-ve-ipeksi-kopuren-yuz-maskesi-100-ml-p-1066170057?boutiqueId=61&merchantId=126383
kozmetik:kozmetik-vitrini,115,115,80,49.7,15.6,674567900,105008,674567900:105008,Bioderma Sebium Kerato+ Salisilik Asit İçeren Sivilce Akne Lekesi Siyah Nokta Karşıtı Nemlendirici Krem 30ml,Bioderma,Recete,950,1199,0,InStock,Son 3 günde 250+ ürün satıldı!,3,250,83.3,4.337966985230235,1248,3,1796,"[""Kargo Bedava"",""Son 10 Günün En Düşük Fiyatı"",""Süper Fırsat Ürünü"",""Son 10 günün en düşük fiyatı""]",2 saat 55 dakika içinde sipariş verirsen en geç bugün kargoda!,refreshed,0,https://www.trendyol.com/bioderma/sebium-kerato-salisilik-asit-iceren-sivilce-akne-lekesi-siyah-nokta-karsiti-nemlendirici-krem-30ml-p-674567900?boutiqueId=61&merchantId=105008
kozmetik:kozmetik-vitrini,157,157,79,44.2,44.1,926947332,830154,926947332:830154,CALLİEL Aydınlatıcı Leke Karşıtı Cilt Tonu Eşitleyici ve Parlatıcı Rice Tonik 200 Ml,CALLİEL,Calliel,199.9,,-50,InStock,Son 3 günde 1B+ ürün satıldı!,3,1000,333.3,4.101517138040831,2799,8,2485,"[""Kargo Bedava"",""Son 10 Günün En Düşük Fiyatı""]",4 saat 54 dakika içinde sipariş verirsen en geç bugün kargoda!,refreshed,0,https://www.trendyol.com/calliel/aydinlatici-leke-karsiti-cilt-tonu-esitleyici-ve-parlatici-rice-tonik-200-ml-p-926947332?boutiqueId=61&merchantId=830154
kozmetik:kozmetik-vitrini,187,187,79,26.4,4.8,3748248,245935,3748248:245935,CeraVe Normal ve Kuruya Dönük Ciltler İçin Seramid ve Hyalüronik Asit İçeren Nemlendiren Temizleyici 236 ml,CeraVe,Kozvit,790,799.9,,InStock,,,,,4.344694035631294,1421,-6,947,"[""Kargo Bedava"",""Son 10 Günün En Düşük Fiyatı"",""Son 10 günün en düşük fiyatı""]",2 saat 53 dakika içinde sipariş verirsen en geç bugün kargoda!,refreshed,0,https://www.trendyol.com/cerave/normal-ve-kuruya-donuk-ciltler-icin-seramid-ve-hyaluronik-asit-iceren-nemlendiren-temizleyici-236-ml-p-3748248?boutiqueId=61&merchantId=245935
kozmetik:kozmetik-vitrini,75,75,75,25.8,4.2,1069183,107819,1069183:107819,Elseve Mucizevi Yağ Her Saç Tipi İçin [Çiçek Özü Yağları] İçeren Saç Güzelleştirici Krem 150ml,Elseve,L'Oreal,224.95,,0,InStock,,,,,4.62726638772664,1656,0,332,"[""Kargo Bedava""]",11 saat 56 dakika içinde sipariş verirsen en geç yarın kargoda!,refreshed,0,https://www.trendyol.com/elseve/mucizevi-yag-her-sac-tipi-icin-cicek-ozu-yaglari-iceren-sac-guzellestirici-krem-150ml-p-1069183?boutiqueId=61&merchantId=107819
kozmetik:kozmetik-vitrini,158,158,71,29.6,29.6,1145363788,1142754,1145363788:1142754,VULLY Glow Hera Argan yağlı besleyici ve Panthenol içerikli ışıltı veren Saç Parfümü 100 Ml,VULLY,ORABELLA KOZMETİK,499,,0,InStock,Son 3 günde 500+ ürün satıldı!,3,500,166.7,3.937209302325581,448,0,39,"[""Sepette %20 İndirim"",""Kargo Bedava"",""Trendyol Plus'a Özel""]",Tahmini Teslim:,refreshed,0,https://www.trendyol.com/vully/glow-hera-argan-yagli-besleyici-ve-panthenol-icerikli-isilti-veren-sac-parfumu-100-ml-p-1145363788?boutiqueId=61&merchantId=1142754
kozmetik:kozmetik-vitrini,51,51,71,37.1,22,178645665,107819,178645665:107819,L'Oreal Paris L'oréal Paris Revitalift Filler Dolgunlaştırıcı Tonik 200ml - Hyaluronik Asit,L'Oreal Paris,L'Oreal,103.45,,0,InStock,Son 3 günde 500+ ürün satıldı!,3,500,166.7,4.510558287532543,3993,-4,645,"[""15 TL Kupon"",""Sepette %2 İndirim"",""Kargo Bedava""]",11 saat 57 dakika içinde sipariş verirsen en geç yarın kargoda!,refreshed,0,https://www.trendyol.com/l-oreal-paris/l-oreal-paris-revitalift-filler-dolgunlastirici-tonik-200ml-hyaluronik-asit-p-178645665?boutiqueId=61&merchantId=107819
kozmetik:kozmetik-vitrini,123,123,70,15.6,14.4,1175931997,1279865,1175931997:1279865,La Vielle Red Desire Intense Body Mist 200 ml,La Vielle,Viel Kozmetik,350,,0,InStock,,,,,4.034782608695652,88,0,7,"[""Kargo Bedava"",""Trendyol Plus'a Özel""]",Tahmini Teslim:,refreshed,0,https://www.trendyol.com/la-vielle/red-desire-intense-body-mist-200-ml-p-1175931997?boutiqueId=61&merchantId=1279865
kozmetik:kozmetik-vitrini,161,161,70,51.8,11.4,369709924,111600,369709924:111600,COSMED Koltukaltı Leke Karşıtı - Ter Kokusu Önleyici Deodorant/Alight DEODORANT DRY SERUM 50ML,COSMED,Cosmed Cosmeceuticals,324.9,399,0,InStock,Son 3 günde 250+ ürün satıldı!,3,250,83.3,4.311159107271418,4292,0,529,"[""Son 10 Günün En Düşük Fiyatı"",""Süper Fırsat Ürünü"",""Kargo Bedava"",""Son 10 günün en düşük fiyatı""]",Tahmini Teslim:,refreshed,0,https://www.trendyol.com/cosmed/koltukalti-leke-karsiti-ter-kokusu-onleyici-deodorant-alight-deodorant-dry-serum-50ml-p-369709924?boutiqueId=61&merchantId=111600
kozmetik:kozmetik-vitrini,144,144,68,45.6,24,202718,553906,202718:553906,"Osis Thrill Elastik Lifli Gum Şekillendirici Orta Tutuş 100ml | Parlaklık Veren Gum Wax, Saç Sakızı",Osis,BOL KAZAN,671,750,0,InStock,Son 3 günde 500+ ürün satıldı!,3,500,166.7,4.461169944528492,2232,0,648,"[""Kargo Bedava"",""Son 10 Günün En Düşük Fiyatı"",""Sepette %25 İndirim"",""683 TL Kupon"",""100 TL Kupon"",""Son 10 günün en düşük fiyatı"",""Trendyol Plus'a Özel""]",11 saat 55 dakika içinde sipariş verirsen en geç yarın kargoda!,refreshed,0,https://www.trendyol.com/osis/thrill-elastik-lifli-gum-sekillendirici-orta-tutus-100ml-parlaklik-veren-gum-wax-sac-sakizi-p-202718?boutiqueId=61&merchantId=553906
kozmetik:kozmetik-vitrini,229,229,68,27.7,31.5,932890409,908896,932890409:908896,"mia klinika Kedili Şeffaf Akne, Sivilce Bandı 20 Adet",mia klinika,Mia Klinika,189,,0,InStock,Son 3 günde 500+ ürün satıldı!,3,500,166.7,3.955116696588869,264,0,52,"[""Kargo Bedava"",""Trendyol Plus'a Özel""]",52 dakika 50 saniye içinde sipariş verirsen en geç bugün kargoda!,refreshed,0,https://www.trendyol.com/mia-klinika/kedili-seffaf-akne-sivilce-bandi-20-adet-p-932890409?boutiqueId=61&merchantId=908896
kozmetik:kozmetik-vitrini,216,216,66,46.1,42.2,354099434,674296,354099434:674296,Mad Parfüm Mad G103 Selective 50 ml Kadın Parfüm,Mad Parfüm,MAD PARFÜM,599.99,,0,InStock,Son 3 günde 1B+ ürün satıldı!,3,1000,333.3,4.454769534138526,4795,3,1840,"[""Kargo Bedava""]",Tahmini Teslim:,refreshed,0,https://www.trendyol.com/mad-parfum/mad-g103-selective-50-ml-kadin-parfum-p-354099434?boutiqueId=61&merchantId=674296
kozmetik:kozmetik-vitrini,24,24,66,68.1,36,848200678,107819,848200678:107819,NYX Professional Makeup Buttermelt Blush 12 Saate Kadar Kalıcı Kremsi Pudra Allık - 04 U Know Butta,NYX Professional Makeup,L'Oreal,1149.99,,0,InStock,Son 3 günde 500+ ürün satıldı!,3,500,166.7,4.638542086186066,2989,2,252,"[""Sepette %40 İndirim"",""Kargo Bedava""]",11 saat 58 dakika içinde sipariş verirsen en geç yarın kargoda!,refreshed,0,https://www.trendyol.com/nyx-professional-makeup/buttermelt-blush-12-saate-kadar-kalici-kremsi-pudra-allik-04-u-know-butta-p-848200678?boutiqueId=61&merchantId=107819
kozmetik:kozmetik-vitrini,169,169,64,30.2,16.8,962591397,556702,962591397:556702,Cream Co. Aydınlatıcı Kırışıklık Karşıtı Cilt Tonu Eşitleyici Su Bazlı Nemlendirici Göz Kremi İkili,Cream Co.,Cream Co.,429,439.97,0,InStock,Son 3 günde 250+ ürün satıldı!,3,250,83.3,4.4949720670391065,882,5,122,"[""Kargo Bedava"",""Trendyol Plus'a Özel""]",11 saat 54 dakika içinde sipariş verirsen en geç yarın kargoda!,refreshed,0,https://www.trendyol.com/cream-co/aydinlatici-kirisiklik-karsiti-cilt-tonu-esitleyici-su-bazli-nemlendirici-goz-kremi-ikili-p-962591397?boutiqueId=61&merchantId=556702
kozmetik:kozmetik-vitrini,200,200,64,24.2,5.8,48227667,156433,48227667:156433,KOLPED Koltuk Altı Pedi Ter Emici Yapraklar 42 Adet ( 3 Kutu),KOLPED,dryandsoft,214.23,,0,InStock,,,,,4.206749049429658,1053,1,140,"[""Kargo Bedava""]",1 saat 53 dakika içinde sipariş verirsen en geç bugün kargoda!,refreshed,0,https://www.trendyol.com/kolped/koltuk-alti-pedi-ter-emici-yapraklar-42-adet-3-kutu-p-48227667?boutiqueId=61&merchantId=156433
kozmetik:kozmetik-vitrini,146,146,62,27.8,2.2,98901142,104886,98901142:104886,Missha Ciltle Bütünleşen Kalıcı Likit Aydınlatıcı Juicy-Pang Water Highlighter (PK01),Missha,Missha Türkiye,374.9,,0,InStock,,,,,4.5290825504697185,2989,4,221,"[""Kargo Bedava"",""Trendyol Plus'a Özel""]",1 saat 55 dakika içinde sipariş verirsen en geç bugün kargoda!,refreshed,0,https://www.trendyol.com/missha/ciltle-butunlesen-kalici-likit-aydinlatici-juicy-pang-water-highlighter-pk01-p-98901142?boutiqueId=61&merchantId=104886
kozmetik:kozmetik-vitrini,108,108,62,35.8,23.4,409911,4473,409911:4473,Flormar Mat Bitişli Suya Dayanıklı Göz Kalemi (SİYAH) - Waterproof Eyeliner - 101 Black Ice - 8690604109012,Flormar,Flormar,199,,0,InStock,Son 3 günde 500+ ürün satıldı!,3,500,166.7,4.297139734013481,2674,1,176,"[""Kargo Bedava"",""Son 10 Günün En Düşük Fiyatı""]",Tahmini Teslim:,refreshed,0,https://www.trendyol.com/flormar/mat-bitisli-suya-dayanikli-goz-kalemi-siyah-waterproof-eyeliner-101-black-ice-8690604109012-p-409911?boutiqueId=61&merchantId=4473
kozmetik:kozmetik-vitrini,215,215,61,37.3,10.4,1069292,105053,1069292:105053,Avon Wish Of Love Kadın Parfüm Edt 50 Ml.,Avon,AvonShop,309.9,,0,InStock,Son 3 günde 250+ ürün satıldı!,3,250,83.3,4.54147039981912,13837,-18,1022,"[""Kargo Bedava""]",1 saat 53 dakika içinde sipariş verirsen en geç bugün kargoda!,refreshed,0,https://www.trendyol.com/avon/wish-of-love-kadin-parfum-edt-50-ml-p-1069292?boutiqueId=61&merchantId=105053
kozmetik:kozmetik-vitrini,25,25,60,77.2,59.5,971350517,830154,971350517:830154,CALLİEL Aydınlatıcı ve Canlandırıcı Leke Karşıtı Bakım Seti,CALLİEL,Calliel,384.55,408.32,-39,InStock,Son 3 günde 1B+ ürün satıldı!,3,1000,333.3,4.259373792037109,1220,7,864,"[""Kargo Bedava"",""Son 10 Günün En Düşük Fiyatı"",""Son 10 günün en düşük fiyatı""]",4 saat 58 dakika içinde sipariş verirsen en geç bugün kargoda!,refreshed,0,https://www.trendyol.com/calliel/aydinlatici-ve-canlandirici-leke-karsiti-bakim-seti-p-971350517?boutiqueId=61&merchantId=830154
kozmetik:kozmetik-vitrini,110,110,59,38.4,20.8,777619668,1194314,777619668:1194314,"WOU World of Unique Stick Krem, Koltuk Altı Terleme Önleyici 48 Saat Etkin Koruma Vegan, Kadın Koltuk Altı Stick 75ml",WOU World of Unique,Kozfa Store,249.9,,20.1,InStock,Son 3 günde 500+ ürün satıldı!,3,500,166.7,4.396492728828058,5711,2,799,"[""Sepette %55 İndirim"",""Kargo Bedava"",""Son 10 Günün En Düşük Fiyatı""]",Tahmini Teslim:,refreshed,0,https://www.trendyol.com/wou-world-of-unique/stick-krem-koltuk-alti-terleme-onleyici-48-saat-etkin-koruma-vegan-kadin-koltuk-alti-stick-75ml-p-777619668?boutiqueId=61&merchantId=1194314
kozmetik:kozmetik-vitrini,206,206,59,12.8,17.2,1159641257,1122353,1159641257:1122353,Celimax The Vita-A Retinal Shot Tightening Dual Cream,Celimax,CelimaxTürkiye,1299,,0,InStock,,,,,4.370786516853933,39,1,139,"[""Kargo Bedava"",""949,99 TL Kupon"",""900 TL Kupon"",""Son 10 Günün En Düşük Fiyatı"",""Trendyol Plus'a Özel""]",11 saat 53 dakika içinde sipariş verirsen en geç yarın kargoda!,refreshed,0,https://www.trendyol.com/celimax/the-vita-a-retinal-shot-tightening-dual-cream-p-1159641257?boutiqueId=61&merchantId=1122353
kozmetik:kozmetik-vitrini,176,176,59,31.8,27.4,728932556,1153330,728932556:1153330,eliamora Bb Krem +50 Spf Yüksek Koruyucu Dark,eliamora,Hızlıca,304,,0,InStock,Son 3 günde 500+ ürün satıldı!,3,500,166.7,4.015495296070836,851,0,952,"[""Kargo Bedava"",""Trendyol Plus'a Özel""]",54 dakika 14 saniye içinde sipariş verirsen en geç bugün kargoda!,refreshed,0,https://www.trendyol.com/eliamora/bb-krem-50-spf-yuksek-koruyucu-dark-p-728932556?boutiqueId=61&merchantId=1153330
kozmetik:kozmetik-vitrini,21,21,59,70.8,14.5,32332095,117151,32332095:117151,Bargello ERKEK PARFÜM 561 FRESH 50 ML EDP 8691841304531,Bargello,ONLİNE PARFUM,600,,0,InStock,,,,,4.523907243997537,12682,-37,1466,"[""Kargo Bedava""]",4 saat 58 dakika içinde sipariş verirsen en geç bugün kargoda!,refreshed,0,https://www.trendyol.com/bargello/erkek-parfum-561-fresh-50-ml-edp-8691841304531-p-32332095?boutiqueId=61&merchantId=117151
kozmetik:kozmetik-vitrini,48,48,57,26.6,33.6,1154679007,107819,1154679007:107819,"Maybelline New York Lifter Gel Ekstra Parlak ve Nemlendirici Dudak Parlatıcısı -06 Strawberry Shake, 24 Saat Nemlendirme",Maybelline New York,L'Oreal,379.96,,0,InStock,Son 3 günde 500+ ürün satıldı!,3,500,166.7,4.615658362989324,192,3,18,"[""56 TL Kupon"",""Kargo Bedava""]",11 saat 57 dakika içinde sipariş verirsen en geç yarın kargoda!,refreshed,0,https://www.trendyol.com/maybelline-new-york/lifter-gel-ekstra-parlak-ve-nemlendirici-dudak-parlaticisi-06-strawberry-shake-24-saat-nemlendirme-p-1154679007?boutiqueId=61&merchantId=107819
kozmetik:kozmetik-vitrini,95,95,56,35.4,23.7,928299511,310522,928299511:310522,"Alix Avien Küçük Boy Çantalı Seyahat Makyaj Fırça Seti - 10 Çeşit Fırça Ucu, Aplikatör",Alix Avien,Alix Avien,949.9,,0,InStock,Son 3 günde 500+ ürün satıldı!,3,500,166.7,4.326354119253527,2442,7,285,"[""Kargo Bedava""]",11 saat 56 dakika içinde sipariş verirsen en geç yarın kargoda!,refreshed,0,https://www.trendyol.com/alix-avien/kucuk-boy-cantali-seyahat-makyaj-firca-seti-10-cesit-firca-ucu-aplikator-p-928299511?boutiqueId=61&merchantId=310522
kozmetik:kozmetik-vitrini,199,199,55,36.9,22.2,355134927,674296,355134927:674296,Mad Parfüm Mad Y102 Selective 50 ml Kadın Parfüm,Mad Parfüm,MAD PARFÜM,599.99,,0,InStock,Son 3 günde 500+ ürün satıldı!,3,500,166.7,4.336671435383882,3751,1,1404,"[""Kargo Bedava""]",,refreshed,0,https://www.trendyol.com/mad-parfum/mad-y102-selective-50-ml-kadin-parfum-p-355134927?boutiqueId=61&merchantId=674296
kozmetik:kozmetik-vitrini,107,107,54,24.1,5.9,856093802,155056,856093802:155056,Oral White Diş Beyazlatıcı Diş Silgisi,Oral White,Oral White TR,129.99,,0,InStock,,,,,3.900345337937839,1040,-1,166,"[""Kargo Bedava""]",2 saat 56 dakika içinde sipariş verirsen en geç bugün kargoda!,refreshed,0,https://www.trendyol.com/oral-white/dis-beyazlatici-dis-silgisi-p-856093802?boutiqueId=61&merchantId=155056
kozmetik:kozmetik-vitrini,3,3,53,121.8,57,1081709360,107819,1081709360:107819,L'Oreal Paris Panorama Chromatic Maskara Brun Leather,L'Oreal Paris Panorama,L'Oreal,789,1012.46,0,InStock,Son 3 günde 500+ ürün satıldı!,3,500,166.7,4.471311475409836,148,0,16,"[""150 TL Kupon"",""Kargo Bedava"",""Son 10 Günün En Düşük Fiyatı"",""Süper Fırsat Ürünü"",""Son 10 günün en düşük fiyatı""]",11 saat 58 dakika içinde sipariş verirsen en geç yarın kargoda!,refreshed,0,https://www.trendyol.com/l-oreal-paris/panorama-chromatic-maskara-brun-leather-p-1081709360?boutiqueId=61&merchantId=107819
kozmetik:kozmetik-vitrini,84,84,52,60.2,11.2,5297992,1115102,5297992:1115102,Golden Rose Long Lasting Lip Pencil - 203 - Dudak Kalemi,Golden Rose,Osv Store,72.5,99,0,InStock,Son 3 günde 250+ ürün satıldı!,3,250,83.3,4.661954601060215,4460,0,324,"[""Son 10 Günün En Düşük Fiyatı"",""Süper Fırsat Ürünü"",""Kargo Bedava"",""Son 10 günün en düşük fiyatı"",""Trendyol Plus'a Özel""]",4 saat 56 dakika içinde sipariş verirsen en geç bugün kargoda!,refreshed,0,https://www.trendyol.com/golden-rose/long-lasting-lip-pencil-203-dudak-kalemi-p-5297992?boutiqueId=61&merchantId=1115102
kozmetik:kozmetik-vitrini,22,22,51,70.3,68.1,1154028547,1119222,1154028547:1119222,Tikatti Takma Kirpik 600 Demet Kirpik Seti Kitap Model 30-40-50-60-80-100 D 6 Farklı Hacim,Tikatti,DİAR KOZMETİK,430,,3.6,InStock,Son 3 günde 1B+ ürün satıldı!,3,1000,333.3,4.225806451612903,158,2,89,"[""Kargo Bedava"",""Son 10 Günün En Düşük Fiyatı""]",2 saat 58 dakika içinde sipariş verirsen en geç bugün kargoda!,refreshed,0,https://www.trendyol.com/tikatti/takma-kirpik-600-demet-kirpik-seti-kitap-model-30-40-50-60-80-100-d-6-farkli-hacim-p-1154028547?boutiqueId=61&merchantId=1119222
kozmetik:kozmetik-vitrini,217,217,50,29.1,0.9,145758980,112718,145758980:112718,Motto Plus Professional 2'li Brezilya Fönü Şampuan Keratin Saç Düzleştirici Botox Bakım Seti (400ML ŞAMPUAN + 400ML KERATİN),Motto Plus Professional,Motto Plus Professional,499,,0,InStock,,,,,4.141221900427527,4401,-6,3414,"[""Kargo Bedava""]",1 saat 53 dakika içinde sipariş verirsen en geç bugün kargoda!,refreshed,0,https://www.trendyol.com/motto-plus-professional/2-li-brezilya-fonu-sampuan-keratin-sac-duzlestirici-botox-bakim-seti-400ml-sampuan-400ml-keratin-p-145758980?boutiqueId=61&merchantId=112718
kozmetik:kozmetik-vitrini,177,177,49,29.2,17.8,159186217,468928,159186217:468928,"Round Lab Birch Juice Moisturizing Sunscreen Nemlendirici, Aydınlatıcı Güneş Kremi 50 ml",Round Lab,Watsons,699.9,717.9,-2.6,InStock,Son 3 günde 250+ ürün satıldı!,3,250,83.3,4.468048359240069,661,4,780,"[""Kargo Bedava"",""Son 10 Günün En Düşük Fiyatı"",""Son 10 günün en düşük fiyatı""]",11 saat 54 dakika içinde sipariş verirsen en geç yarın kargoda!,refreshed,0,https://www.trendyol.com/round-lab/birch-juice-moisturizing-sunscreen-nemlendirici-aydinlatici-gunes-kremi-50-ml-p-159186217?boutiqueId=61&merchantId=468928
kozmetik:kozmetik-vitrini,33,33,49,34.6,32.5,824194769,138932,824194769:138932,Palmolive Massage 500 ml+ Palmolive Natural Almond + PO Moments 500 ml,Palmolive,Colgate-Palmolive Kişisel Bakım Merkezi,299.9,,4.2,InStock,Son 3 günde 250+ ürün satıldı!,3,250,83.3,4.647272727272727,112,0,17,"[""Kargo Bedava""]",11 saat 57 dakika içinde sipariş verirsen en geç yarın kargoda!,refreshed,0,https://www.trendyol.com/palmolive/massage-500-ml-palmolive-natural-almond-po-moments-500-ml-p-824194769?boutiqueId=61&merchantId=138932
kozmetik:kozmetik-vitrini,119,119,45,33.6,11,776223857,856334,776223857:856334,ÖZDEN ÖZDOĞAN Gül Mayası Aydınlatıcı ve Gözenek Sıkılaştırıcı Tonik 200 ml.,ÖZDEN ÖZDOĞAN,ÖZDEN ÖZDOĞAN,699.99,,0,InStock,Son 3 günde 250+ ürün satıldı!,3,250,83.3,4.571684387241186,4816,0,1203,"[""Sepette %60 İndirim"",""599,99 TL Kupon"",""207,82 TL Kupon"",""Kargo Bedava"",""Son 10 Günün En Düşük Fiyatı"",""Trendyol Plus'a Özel""]",11 saat 55 dakika içinde sipariş verirsen en geç yarın kargoda!,refreshed,0,https://www.trendyol.com/ozden-ozdogan/gul-mayasi-aydinlatici-ve-gozenek-sikilastirici-tonik-200-ml-p-776223857?boutiqueId=61&merchantId=856334
kozmetik:kozmetik-vitrini,90,90,45,36.9,22.3,2074787,640622,2074787:640622,Dax Supergro 198 gr - Yavaş Uzayan Saçlara Özel Saç Bakım Yağı,Dax,Soho N.Y.C & DAX,543.91,,0,InStock,Son 3 günde 500+ ürün satıldı!,3,500,166.7,4.421823334907889,3683,-4,2089,"[""Kargo Bedava"",""Sepette %20 İndirim"",""Sepette %50 İndirim"",""2.290 TL Kupon"",""799 TL Kupon"",""Son 10 Günün En Düşük Fiyatı"",""Trendyol Plus'a Özel""]",11 saat 56 dakika içinde sipariş verirsen en geç yarın kargoda!,refreshed,0,https://www.trendyol.com/dax/supergro-198-gr-yavas-uzayan-saclara-ozel-sac-bakim-yagi-p-2074787?boutiqueId=61&merchantId=640622
kozmetik:kozmetik-vitrini,181,181,44,22.2,7.8,924135795,968283,924135795:968283,h.OLA Cover All Yoğun Kapatıcı | Full Coverage Concealer | Vanilla Light,h.OLA,HOLA TÜRKİYE,429.9,,0,InStock,,,,,3.9513618677042803,602,3,409,"[""Kargo Bedava""]",11 saat 54 dakika içinde sipariş verirsen en geç yarın kargoda!,refreshed,0,https://www.trendyol.com/h-ola/cover-all-yogun-kapatici-full-coverage-concealer-vanilla-light-p-924135795?boutiqueId=61&merchantId=968283
kozmetik:kozmetik-vitrini,240,240,43,27.2,2.8,820032774,820065,820032774:820065,Rexona Clinical Protection Kadın Stick Deodorant Confidence 3x Güçlü Koruma 45 ml,Rexona,ÖZBİLİCİ,418.65,,,InStock,,,,,4.587611002815681,2522,1,221,"[""Kargo Bedava"",""Sepette %26 İndirim""]",11 saat 52 dakika içinde sipariş verirsen en geç yarın kargoda!,refreshed,0,https://www.trendyol.com/rexona/clinical-protection-kadin-stick-deodorant-confidence-3x-guclu-koruma-45-ml-p-820032774?boutiqueId=61&merchantId=820065
kozmetik:kozmetik-vitrini,91,91,42,56.2,10.4,1264767,4473,1264767:4473,Flormar Antioksidan İçeren Aydınlatıcı Makyaj Bazı - Illuminating Primer Make-Up Base - 001 - 8690604164660,Flormar,Flormar,399.99,495,0,InStock,Son 3 günde 250+ ürün satıldı!,3,250,83.3,4.397431386347643,12750,-7,1384,"[""Kargo Bedava"",""Süper Fırsat Ürünü"",""Trendyol Plus'a Özel""]",Tahmini Teslim:,refreshed,0,https://www.trendyol.com/flormar/antioksidan-iceren-aydinlatici-makyaj-bazi-illuminating-primer-make-up-base-001-8690604164660-p-1264767?boutiqueId=61&merchantId=4473
kozmetik:kozmetik-vitrini,72,72,41,31.9,27.3,954976526,830154,954976526:830154,"CALLİEL Görünmeyen, Şeffaf & Doğal Bitişli Nemlendirici Etkili 50 SPF Makyaj Bazı 80 Ml",CALLİEL,Calliel,419.9,,110.1,InStock,Son 3 günde 500+ ürün satıldı!,3,500,166.7,4.275959367945824,880,5,367,"[""Kargo Bedava"",""Trendyol Plus'a Özel""]",4 saat 56 dakika içinde sipariş verirsen en geç bugün kargoda!,refreshed,0,https://www.trendyol.com/calliel/gorunmeyen-seffaf-dogal-bitisli-nemlendirici-etkili-50-spf-makyaj-bazi-80-ml-p-954976526?boutiqueId=61&merchantId=830154
kozmetik:kozmetik-vitrini,138,138,40,25.8,4.2,892687891,107819,892687891:107819,NYX Professional Makeup Face Glue Primer 12 Saate Kadar Kalıcı Nemlendirici Makyaj Bazı,NYX Professional Makeup,L'Oreal,829.99,,0,InStock,,,,,4.413526868437307,1658,2,239,"[""Sepette %35 İndirim"",""Kargo Bedava""]",11 saat 55 dakika içinde sipariş verirsen en geç yarın kargoda!,refreshed,0,https://www.trendyol.com/nyx-professional-makeup/face-glue-primer-12-saate-kadar-kalici-nemlendirici-makyaj-bazi-p-892687891?boutiqueId=61&merchantId=107819
kozmetik:kozmetik-vitrini,30,30,40,42.5,32.1,1086340166,107819,1086340166:107819,NYX Professional Makeup Wonder Snatch Sabitleyici Toz Pudra - 01 Sugar Serve,NYX Professional Makeup,L'Oreal,849.99,,0,InStock,Son 3 günde 250+ ürün satıldı!,3,250,83.3,4.33411214953271,195,1,43,"[""Sepette %40 İndirim"",""Kargo Bedava""]",11 saat 57 dakika içinde sipariş verirsen en geç yarın kargoda!,refreshed,0,https://www.trendyol.com/nyx-professional-makeup/wonder-snatch-sabitleyici-toz-pudra-01-sugar-serve-p-1086340166?boutiqueId=61&merchantId=107819
kozmetik:kozmetik-vitrini,209,209,40,35.6,23.5,683006884,674296,683006884:674296,Mad Parfüm Mad P107 Selective 50 ml Kadın Parfüm,Mad Parfüm,MAD PARFÜM,599.99,,0,InStock,Son 3 günde 500+ ürün satıldı!,3,500,166.7,4.321849929211893,2590,0,982,"[""Kargo Bedava""]",Tahmini Teslim:,refreshed,0,https://www.trendyol.com/mad-parfum/mad-p107-selective-50-ml-kadin-parfum-p-683006884?boutiqueId=61&merchantId=674296
kozmetik:kozmetik-vitrini,143,143,39,49.8,55.2,1166153947,691163,1166153947:691163,Xoom Liberty Body Mist 30 ML - Gün Boyu Tazelik,Xoom,SoWhat Kozmetik,530.4,,56.5,InStock,"Son 3 günde 1,5B+ ürün satıldı!",3,1500,500,4.774076755973932,1264,10,43,"[""15 TL Kupon"",""Kargo Bedava"",""Trendyol Plus'a Özel""]",11 saat 55 dakika içinde sipariş verirsen en geç yarın kargoda!,refreshed,0,https://www.trendyol.com/xoom/liberty-body-mist-30-ml-gun-boyu-tazelik-p-1166153947?boutiqueId=61&merchantId=691163
kozmetik:kozmetik-vitrini,243,243,39,20.4,9.6,943976242,650379,943976242:650379,Barulab RICERAMIDE CREAM IN CLEANSING PAD - Pirinç Özlü Temizleme Pedi 30 Adet,Barulab,Ledoria Kozmetik,417.91,,0,InStock,,,,,4.765432098765432,351,0,66,"[""Kargo Bedava"",""963,88 TL Kupon"",""219,10 TL Kupon"",""413,01 TL Kupon""]",Tahmini Teslim:,refreshed,0,https://www.trendyol.com/barulab/riceramide-cream-in-cleansing-pad-pirinc-ozlu-temizleme-pedi-30-adet-p-943976242?boutiqueId=61&merchantId=650379
kozmetik:kozmetik-vitrini,37,37,38,29.2,13.3,46616305,1072118,46616305:1072118,Gomax Çantalı 13 Parça Manikür Pedikür Seti Bakım El Ayak Tırnak Makası Törpü Cımbız Pense Akne Iğnesi,Gomax,DGN TAKIKOZMETİK,184,,-1.6,InStock,,,,,3.329132690882135,784,-5,104,"[""30 TL Kupon"",""Sepette %5 İndirim"",""40 TL Kupon"",""Kargo Bedava"",""Son 10 Günün En Düşük Fiyatı""]",2 saat 57 dakika içinde sipariş verirsen en geç bugün kargoda!,refreshed,0,https://www.trendyol.com/gomax/cantali-13-parca-manikur-pedikur-seti-bakim-el-ayak-tirnak-makasi-torpu-cimbiz-pense-akne-ignesi-p-46616305?boutiqueId=61&merchantId=1072118
kozmetik:kozmetik-vitrini,68,68,38,60,50,94542562,138065,94542562:138065,Bargello 122 Kadın 50 ml Parfüm Edp Orıental,Bargello,Bargello,600,,0,InStock,"Son 3 günde 1,5B+ ürün satıldı!",3,1500,500,4.5109147496028035,23614,-9,8812,"[""Kargo Bedava""]",Tahmini Teslim:,refreshed,0,https://www.trendyol.com/bargello/122-kadin-50-ml-parfum-edp-oriental-p-94542562?boutiqueId=61&merchantId=138065
kozmetik:kozmetik-vitrini,139,139,37,20.4,9.6,890660405,310522,890660405:310522,Alix Avien Gözenek Karşıtı Parlak Cilt Görünümlü Su Bazlı Makyaj Bazı - Pürüzsüz Etki - Luminios Face Primer,Alix Avien,Alix Avien,451.99,,0,InStock,,,,,4.3997113997114,355,1,122,"[""Kargo Bedava"",""Sepette %40 İndirim"",""Sepette %15 İndirim"",""Sepette %35 İndirim"",""Trendyol Plus'a Özel""]",11 saat 55 dakika içinde sipariş verirsen en geç yarın kargoda!,refreshed,0,https://www.trendyol.com/alix-avien/gozenek-karsiti-parlak-cilt-gorunumlu-su-bazli-makyaj-bazi-puruzsuz-etki-luminios-face-primer-p-890660405?boutiqueId=61&merchantId=310522
kozmetik:kozmetik-vitrini,118,118,34,43.9,61.1,1165573238,1158462,1165573238:1158462,NIVOSHE 75ML Diş Beyazlatıcı Jel Parlatıcı Jel 75 ML Teeth Whitening Gel 75ML,NIVOSHE,DEVACOS SAĞLIKLI YAŞAM ÜRÜNLERİ,441.7,,0,InStock,"Son 3 günde 1,5B+ ürün satıldı!",3,1500,500,4.570945945945946,230,8,169,"[""Kargo Bedava""]",Tahmini Teslim:,refreshed,0,https://www.trendyol.com/nivoshe/75ml-dis-beyazlatici-jel-parlatici-jel-75-ml-teeth-whitening-gel-75ml-p-1165573238?boutiqueId=61&merchantId=1158462
kozmetik:kozmetik-vitrini,82,82,32,23.4,19.6,1125560025,1168742,1125560025:1168742,Mas'dala EGAR Doğal Görünümlü 10’lu Takma Kirpik Seti 3D Dolgun ve Yumuşak İpek Etkili Bakışlar,Mas'dala EGAR,Masdala EGAR,255.77,293.92,-14.7,InStock,,,,,3.9473684210526314,19,0,22,"[""Son 10 Günün En Düşük Fiyatı"",""Kargo Bedava"",""Trendyol Plus'a Özel""]",11 saat 56 dakika içinde sipariş verirsen en geç yarın kargoda!,refreshed,0,https://www.trendyol.com/mas-dala-egar/dogal-gorunumlu-10-lu-takma-kirpik-seti-3d-dolgun-ve-yumusak-ipek-etkili-bakislar-p-1125560025?boutiqueId=61&merchantId=1168742
kozmetik:kozmetik-vitrini,134,134,32,25.8,18.7,7048320,451556,7048320:451556,Morfose Ossion Mat Saç Şekillendirici Wax 100 ml,Morfose,MORFOSE,147,,0,InStock,Son 3 günde 250+ ürün satıldı!,3,250,83.3,4.371621621621622,512,0,305,"[""Sepette %25 İndirim"",""Sepette %1 İndirim"",""100 TL Kupon"",""1.908 TL Kupon"",""052,42 TL Kupon"",""599 TL Kupon"",""Kargo Bedava"",""Trendyol Plus'a Özel""]",11 saat 55 dakika içinde sipariş verirsen en geç yarın kargoda!,refreshed,0,https://www.trendyol.com/morfose/ossion-mat-sac-sekillendirici-wax-100-ml-p-7048320?boutiqueId=61&merchantId=451556
kozmetik:kozmetik-vitrini,239,239,31,49.9,55.1,1093215130,1142754,1093215130:1142754,VULLY Panthenol Plus 48 Saate Kadar Yoğun Nemlendirici ve Onarıcı Yüz & Vücut Kremi 250 ml,VULLY,ORABELLA KOZMETİK,365.51,,-18.6,InStock,"Son 3 günde 1,5B+ ürün satıldı!",3,1500,500,4.299375,1287,4,378,"[""Kargo Bedava""]",Tahmini Teslim:,refreshed,0,https://www.trendyol.com/vully/panthenol-plus-48-saate-kadar-yogun-nemlendirici-ve-onarici-yuz-vucut-kremi-250-ml-p-1093215130?boutiqueId=61&merchantId=1142754
kozmetik:kozmetik-vitrini,136,136,31,24.4,5.6,95508823,1072118,95508823:1072118,Magic Aliver Expres 3-5 Dk Kalıcı Oje /protez Tırnak Çıkarıcı Jel 15ml/bitkisel Reçine,Magic,DGN TAKIKOZMETİK,159.9,,0,InStock,,,,,3.767515923566879,1126,0,229,"[""30 TL Kupon"",""15 TL Kupon"",""103,80 TL Kupon"",""Kargo Bedava"",""Son 10 Günün En Düşük Fiyatı"",""Trendyol Plus'a Özel""]",2 saat 55 dakika içinde sipariş verirsen en geç bugün kargoda!,refreshed,0,https://www.trendyol.com/magic/aliver-expres-3-5-dk-kalici-oje-protez-tirnak-cikarici-jel-15ml-bitkisel-recine-p-95508823?boutiqueId=61&merchantId=1072118
kozmetik:kozmetik-vitrini,162,162,31,24.2,5.8,338941851,1195398,338941851:1195398,"OMORFİA Kırmızı Kore Ginseng Özlü Anında Ölü Derilerden Arındıran, Yenileyici Aydınlatıcı Peeling 100 ml",OMORFİA,Omorfia Global,589.9,,0,InStock,,,,,4.144991698948534,1065,-2,890,"[""Kargo Bedava"",""649,90 TL Kupon"",""Son 10 Günün En Düşük Fiyatı""]",11 saat 54 dakika içinde sipariş verirsen en geç yarın kargoda!,refreshed,0,https://www.trendyol.com/omorfia/kirmizi-kore-ginseng-ozlu-aninda-olu-derilerden-arindiran-yenileyici-aydinlatici-peeling-100-ml-p-338941851?boutiqueId=61&merchantId=1195398
kozmetik:kozmetik-vitrini,112,112,28,32,28.1,971697551,830154,971697551:830154,CALLİEL Leke Karşıtı Ton Eşitleyici ve Gözenek Sıkılaştırıcı Bakım Seti,CALLİEL,Calliel,410.33,414.47,-34.9,InStock,Son 3 günde 500+ ürün satıldı!,3,500,166.7,4.260487144790257,689,2,472,"[""Kargo Bedava"",""Son 10 Günün En Düşük Fiyatı"",""Sepette %3 İndirim"",""Son 10 günün en düşük fiyatı""]",4 saat 55 dakika içinde sipariş verirsen en geç bugün kargoda!,refreshed,0,https://www.trendyol.com/calliel/leke-karsiti-ton-esitleyici-ve-gozenek-sikilastirici-bakim-seti-p-971697551?boutiqueId=61&merchantId=830154
kozmetik:kozmetik-vitrini,71,71,26,60.6,50,847241440,830154,847241440:830154,CALLİEL Sivilce Ve Siyah Nokta Karşıtı Arındırıcı Salisilik Asit Tonik 200 Ml,CALLİEL,Calliel,399.9,,100.1,InStock,Son 3 günde 2B+ ürün satıldı!,3,2000,666.7,4.2538028597505315,6598,7,5211,"[""Kargo Bedava"",""Sepette %1 İndirim"",""Trendyol Plus'a Özel""]",4 saat 56 dakika içinde sipariş verirsen en geç bugün kargoda!,refreshed,0,https://www.trendyol.com/calliel/sivilce-ve-siyah-nokta-karsiti-arindirici-salisilik-asit-tonik-200-ml-p-847241440?boutiqueId=61&merchantId=830154
kozmetik:kozmetik-vitrini,117,117,24,42.5,20.8,782969121,1188325,782969121:1188325,"Clasy Care Face Up Skin Kremi, Izi Ve 40ml",Clasy Care,Almira Milano,389,,8.4,InStock,Son 3 günde 500+ ürün satıldı!,3,500,166.7,3.9993776740567872,18864,8,10000,"[""Kargo Bedava"",""Son 10 Günün En Düşük Fiyatı""]",11 saat 55 dakika içinde sipariş verirsen en geç yarın kargoda!,refreshed,0,https://www.trendyol.com/clasy-care/face-up-skin-kremi-izi-ve-40ml-p-782969121?boutiqueId=61&merchantId=1188325
kozmetik:kozmetik-vitrini,59,59,24,77.2,6.5,920166375,820695,920166375:820695,"wimi Yüz Ve Boyun Kırşıklık Giderici 3 Modlu Ems Güzellik Cihazı ( Gıdık, Sarkma, Kırışıklık )",wimi,Vimi,454,980,0,InStock,,,,,4.158105022831052,857,0,828,"[""Kargo Bedava""]",11 saat 57 dakika içinde sipariş verirsen en geç yarın kargoda!,refreshed,0,https://www.trendyol.com/wimi/yuz-ve-boyun-kirsiklik-giderici-3-modlu-ems-guzellik-cihazi-gidik-sarkma-kirisiklik-p-920166375?boutiqueId=61&merchantId=820695
kozmetik:kozmetik-vitrini,104,104,24,24.3,5.7,4051058,104886,4051058:104886,Missha Katlanabilir Profesyonel Kaş Usturası - Jileti Folding Eyebrow Trimmer 2 Adet,Missha,Missha Türkiye,164.9,,0,InStock,,,,,4.4562091503267975,1092,-1,119,"[""Kargo Bedava"",""Trendyol Plus'a Özel""]",1 saat 56 dakika içinde sipariş verirsen en geç bugün kargoda!,refreshed,0,https://www.trendyol.com/missha/katlanabilir-profesyonel-kas-usturasi-jileti-folding-eyebrow-trimmer-2-adet-p-4051058?boutiqueId=61&merchantId=104886
kozmetik:kozmetik-vitrini,43,43,23,62.1,53.5,785110471,107819,785110471:107819,"L'Oreal Paris Panorama Hacim Veren Maskara Siyah, 1.4 Kat* Daha Büyük Görünen Gözler, Panoramik Hacim",L'Oreal Paris Panorama,L'Oreal,787.46,,0,InStock,Son 3 günde 2B+ ürün satıldı!,3,2000,666.7,4.521707629716324,10352,2,679,"[""150 TL Kupon"",""Kargo Bedava""]",11 saat 57 dakika içinde sipariş verirsen en geç yarın kargoda!,refreshed,0,https://www.trendyol.com/l-oreal-paris/panorama-hacim-veren-maskara-siyah-1-4-kat-daha-buyuk-gorunen-gozler-panoramik-hacim-p-785110471?boutiqueId=61&merchantId=107819
kozmetik:kozmetik-vitrini,10,10,23,119.3,40.2,860418402,775953,860418402:775953,Bambus Home Kadın Makyaj Çantası Iki Geniş Bölmeli Askılı Katlanabilir Bakım Seyahat Organizer,Bambus Home,Bambuss,195.15,299.9,0,InStock,Son 3 günde 250+ ürün satıldı!,3,250,83.3,4.411764705882353,336,1,51,"[""Son 10 Günün En Düşük Fiyatı"",""Kargo Bedava"",""Son 10 günün en düşük fiyatı""]",1 saat 58 dakika içinde sipariş verirsen en geç bugün kargoda!,refreshed,0,https://www.trendyol.com/bambus-home/kadin-makyaj-cantasi-iki-genis-bolmeli-askili-katlanabilir-bakim-seyahat-organizer-p-860418402?boutiqueId=61&merchantId=775953
kozmetik:kozmetik-vitrini,102,102,22,37.6,50.7,1145365033,1142754,1145365033:1142754,VULLY Glow Libera Argan yağlı besleyici ve Panthenol içerikli ışıltı veren Saç Parfümü 100 Ml,VULLY,ORABELLA KOZMETİK,499,,0,InStock,Son 3 günde 1B+ ürün satıldı!,3,1000,333.3,3.9490683229813666,411,1,39,"[""Sepette %20 İndirim"",""Kargo Bedava"",""Trendyol Plus'a Özel""]",Tahmini Teslim:,refreshed,0,https://www.trendyol.com/vully/glow-libera-argan-yagli-besleyici-ve-panthenol-icerikli-isilti-veren-sac-parfumu-100-ml-p-1145365033?boutiqueId=61&merchantId=1142754
kozmetik:kozmetik-vitrini,55,55,22,28.4,3.2,74878952,468928,74878952:468928,Revolution Forever Flawless Paleti Affinity 18'li Far Paleti,Revolution,Watsons,619.9,629.9,0,InStock,,,,,4.5732954545454545,2254,0,137,"[""Kargo Bedava"",""Son 10 Günün En Düşük Fiyatı"",""Son 10 günün en düşük fiyatı""]",11 saat 57 dakika içinde sipariş verirsen en geç yarın kargoda!,refreshed,0,https://www.trendyol.com/revolution/forever-flawless-paleti-affinity-18-li-far-paleti-p-74878952?boutiqueId=61&merchantId=468928
kozmetik:kozmetik-vitrini,93,93,22,64.8,18.4,1115494332,111163,1115494332:111163,Bio Asia Profesyonel Ayak Topuk Törpüsü – Sertleşmiş Deriyi Arındıran Çift Yüzeyli Ahşap Törpü,Bio Asia,Bio Asia,74.9,159.9,0,InStock,,,,,4.685185185185185,27,0,10,"[""Süper Fırsat Ürünü"",""Sepette %1 İndirim"",""851,29 TL Kupon"",""166,54 TL Kupon"",""Kargo Bedava"",""Son 10 Günün En Düşük Fiyatı"",""Trendyol Plus'a Özel""]",Tahmini Teslim:,refreshed,0,https://www.trendyol.com/bio-asia/profesyonel-ayak-topuk-torpusu-sertlesmis-deriyi-arindiran-cift-yuzeyli-ahsap-torpu-p-1115494332?boutiqueId=61&merchantId=111163
kozmetik:kozmetik-vitrini,2,2,20,104.1,44.5,757281271,106997,757281271:106997,Ixora Kadın Parfüm Red 50 ml Edp,Ixora,İxora,153.78,160.25,-10.4,InStock,Son 3 günde 250+ ürün satıldı!,3,250,83.3,4.160550458715596,305,1,160,"[""Son 10 Günün En Düşük Fiyatı"",""Kargo Bedava"",""Son 10 günün en düşük fiyatı""]",11 saat 58 dakika içinde sipariş verirsen en geç yarın kargoda!,refreshed,0,https://www.trendyol.com/ixora/kadin-parfum-red-50-ml-edp-p-757281271?boutiqueId=61&merchantId=106997
kozmetik:kozmetik-vitrini,223,223,20,16.7,13.3,1110108915,1083177,1110108915:1083177,Eyüp Sabri Tuncer İngiliz Karbonatlı Diş Macunu 90 ml,Eyüp Sabri Tuncer,DAĞDEVİREN GROSS,171.73,,-1.7,InStock,,,,,4.5256410256410255,122,1,29,"[""Kargo Bedava"",""Trendyol Plus'a Özel""]",11 saat 53 dakika içinde sipariş verirsen en geç yarın kargoda!,refreshed,0,https://www.trendyol.com/eyup-sabri-tuncer/ingiliz-karbonatli-dis-macunu-90-ml-p-1110108915?boutiqueId=61&merchantId=1083177
kozmetik:kozmetik-vitrini,135,135,20,101.4,10.4,449034123,1084029,449034123:1084029,eliamora Cilt Beyazlatıcı Cilt Tonu Eşitleyici Leke Kremi Ton 30+Spf,eliamora,Eczamed,185,499,0,InStock,Son 3 günde 250+ ürün satıldı!,3,250,83.3,3.948187607880483,19330,-172,8558,"[""Süper Fırsat Ürünü"",""Kargo Bedava""]",11 saat 55 dakika içinde sipariş verirsen en geç yarın kargoda!,refreshed,0,https://www.trendyol.com/eliamora/cilt-beyazlatici-cilt-tonu-esitleyici-leke-kremi-ton-30-spf-p-449034123?boutiqueId=61&merchantId=1084029
kozmetik:kozmetik-vitrini,154,154,19,36.5,22.7,1061861026,104968,1061861026:104968,JEONJU Pirinç Mayası Yüz Temizleme Jeli,JEONJU,Happy Center,299.99,,1.7,InStock,Son 3 günde 500+ ürün satıldı!,3,500,166.7,4.390932982917215,3302,33,709,"[""Kargo Bedava""]",11 saat 54 dakika içinde sipariş verirsen en geç yarın kargoda!,refreshed,0,https://www.trendyol.com/jeonju/pirinc-mayasi-yuz-temizleme-jeli-p-1061861026?boutiqueId=61&merchantId=104968
kozmetik:kozmetik-vitrini,46,46,18,45,45.3,904256818,1080836,904256818:1080836,gloceans feel the glow Biberiye Suyu Dökülme Karşıtı Ve Saç Uzamasını Destekleyici Saç Toniği %100 Doğal Ve Saf 100 ml,gloceans feel the glow,GLOCEANS,345.9,,0,InStock,Son 3 günde 1B+ ürün satıldı!,3,1000,333.3,4.2008928571428585,3523,5,1462,"[""Sepette %35 İndirim"",""274,90 TL Kupon"",""644,90 TL Kupon"",""Kargo Bedava"",""Trendyol Plus'a Özel""]",1 saat 57 dakika içinde sipariş verirsen en geç bugün kargoda!,refreshed,0,https://www.trendyol.com/gloceans-feel-the-glow/biberiye-suyu-dokulme-karsiti-ve-sac-uzamasini-destekleyici-sac-tonigi-100-dogal-ve-saf-100-ml-p-904256818?boutiqueId=61&merchantId=1080836
kozmetik:kozmetik-vitrini,80,80,18,43.1,45.2,985330523,106684,985330523:106684,Skin Sensual Magic Eye Duo Repair & CC Göz Altı Kapatıcısı 15 ml | Onarıcı & Aydınlatıcı | Light to Medium,Skin Sensual,Kozmetix House,799,,0,InStock,Son 3 günde 1B+ ürün satıldı!,3,1000,333.3,4.192165558019217,2029,2,485,"[""Sepette %55 İndirim"",""Kargo Bedava"",""Süper Fırsat Ürünü""]",11 saat 56 dakika içinde sipariş verirsen en geç yarın kargoda!,refreshed,0,https://www.trendyol.com/skin-sensual/magic-eye-duo-repair-cc-goz-alti-kapaticisi-15-ml-onarici-aydinlatici-light-to-medium-p-985330523?boutiqueId=61&merchantId=106684
kozmetik:kozmetik-vitrini,86,86,18,35.6,13.8,270114277,942892,270114277:942892,ALFAGİFT Elektrikli USB Tırnak Törpü Seti Manikür Pedikür Protez Tırnak Ayak Nasır Ve Tırnak Mantar Makinesi,ALFAGİFT,Saravita,332.74,349.99,0,InStock,Son 3 günde 250+ ürün satıldı!,3,250,83.3,3.751303441084463,2090,-5,823,"[""Son 10 Günün En Düşük Fiyatı"",""598,52 TL Kupon"",""30 TL Kupon"",""40 TL Kupon"",""Kargo Bedava"",""Son 10 günün en düşük fiyatı"",""Trendyol Plus'a Özel""]",1 saat 56 dakika içinde sipariş verirsen en geç bugün kargoda!,refreshed,0,https://www.trendyol.com/alfagift/elektrikli-usb-tirnak-torpu-seti-manikur-pedikur-protez-tirnak-ayak-nasir-ve-tirnak-mantar-makinesi-p-270114277?boutiqueId=61&merchantId=942892
kozmetik:kozmetik-vitrini,19,19,17,95.5,72,1130961717,628771,1130961717:628771,PİRAYE AKSESUAR DIY Kirpik - Takma Kirpik 600 Adet Kirpik Seti Kitap Model 30-40-50-60-80-100 D Farklı Boylar,PİRAYE AKSESUAR,Cavalyn,417,,,InStock,Son 3 günde 2B+ ürün satıldı!,3,2000,666.7,3.8197628458498025,859,7,496,"[""Kargo Bedava"",""Sepette %1 İndirim"",""20 TL Kupon"",""Son 10 Günün En Düşük Fiyatı""]",11 saat 58 dakika içinde sipariş verirsen en geç yarın kargoda!,refreshed,0,https://www.trendyol.com/piraye-aksesuar/diy-kirpik-takma-kirpik-600-adet-kirpik-seti-kitap-model-30-40-50-60-80-100-d-farkli-boylar-p-1130961717?boutiqueId=61&merchantId=628771
kozmetik:kozmetik-vitrini,44,44,17,50.9,44.7,371995279,164987,371995279:164987,The Purest Solutions Yağlı Ve Karma Ciltler Için Siyah Nokta Karşıtı Temizleme Jeli 200 ml,The Purest Solutions,The Purest Solutions,289.84,299.64,0,InStock,Son 3 günde 1B+ ürün satıldı!,3,1000,333.3,4.525695354033439,7307,-3,4027,"[""Son 10 Günün En Düşük Fiyatı"",""Kargo Bedava"",""Son 10 günün en düşük fiyatı""]",11 saat 57 dakika içinde sipariş verirsen en geç yarın kargoda!,refreshed,0,https://www.trendyol.com/the-purest-solutions/yagli-ve-karma-ciltler-icin-siyah-nokta-karsiti-temizleme-jeli-200-ml-p-371995279?boutiqueId=61&merchantId=164987
kozmetik:kozmetik-vitrini,8,8,16,77.6,37.4,942506491,1031124,942506491:1031124,THE BATH FACTORY Liçi Aromalı Duş Jeli + Liçi Aromalı Peeling + Liçi Aromalı Vücut Losyonu,THE BATH FACTORY,The Bath Factory,499,,0,InStock,,,,,4.692307692307692,49,0,34,"[""Kargo Bedava""]",11 saat 58 dakika içinde sipariş verirsen en geç yarın kargoda!,refreshed,0,https://www.trendyol.com/the-bath-factory/lici-aromali-dus-jeli-lici-aromali-peeling-lici-aromali-vucut-losyonu-p-942506491?boutiqueId=61&merchantId=1031124
kozmetik:kozmetik-vitrini,13,13,15,79.6,37.5,822166685,1046771,822166685:1046771,MUJGAN 12'li Dudak Kalemi,MUJGAN,ARLEN BAKIM VE KOZMETİK,166,,0,InStock,Son 3 günde 250+ ürün satıldı!,3,250,83.3,3.992196209587514,474,2,165,"[""Sepette %2 İndirim"",""30 TL Kupon"",""Kargo Bedava""]",11 saat 58 dakika içinde sipariş verirsen en geç yarın kargoda!,refreshed,0,https://www.trendyol.com/mujgan/12-li-dudak-kalemi-p-822166685?boutiqueId=61&merchantId=1046771
kozmetik:kozmetik-vitrini,38,38,15,52.8,47.7,279708971,122143,279708971:122143,"Imprime Muse Edp Kadın Parfüm 50ml | Çiçeksi, Meyveli | Frenk Üzümü, Lavanta, Yasemin, Vanilya, Misk, Amber",Imprime,Imprimé,1099,,0,InStock,Son 3 günde 1B+ ürün satıldı!,3,1000,333.3,4.165694907187054,10530,0,1534,"[""494 TL Kupon"",""Kargo Bedava""]",57 dakika 45 saniye içinde sipariş verirsen en geç bugün kargoda!,refreshed,0,https://www.trendyol.com/imprime/muse-edp-kadin-parfum-50ml-ciceksi-meyveli-frenk-uzumu-lavanta-yasemin-vanilya-misk-amber-p-279708971?boutiqueId=61&merchantId=122143
kozmetik:kozmetik-vitrini,101,101,15,36.2,10.4,354236050,145234,354236050:145234,S'GLAM Transparan Pudra (Baking Powder),S'GLAM Transparan,SGLAM,499,,0,InStock,Son 3 günde 250+ ürün satıldı!,3,250,83.3,4.547329718950583,10228,-10,2674,"[""Kargo Bedava""]",1 saat 56 dakika içinde sipariş verirsen en geç bugün kargoda!,refreshed,0,https://www.trendyol.com/s-glam/transparan-pudra-baking-powder-p-354236050?boutiqueId=61&merchantId=145234
kozmetik:kozmetik-vitrini,130,130,14,32.7,26.5,1039596250,556702,1039596250:556702,Cream Co. Allık Ruj Göz Farı Glow Tint Dusty Rose Nemlendirici Makyaj | Gülkurusu | Hyaluronik Asit Peptit,Cream Co.,Cream Co.,199.9,,0,InStock,Son 3 günde 500+ ürün satıldı!,3,500,166.7,4.490534979423869,1108,6,88,"[""Kargo Bedava""]",11 saat 55 dakika içinde sipariş verirsen en geç yarın kargoda!,refreshed,0,https://www.trendyol.com/cream-co/allik-ruj-goz-fari-glow-tint-dusty-rose-nemlendirici-makyaj-gulkurusu-hyaluronik-asit-peptit-p-1039596250?boutiqueId=61&merchantId=556702
kozmetik:kozmetik-vitrini,32,32,14,63.3,29.8,820191405,105153,820191405:105153,L'Oreal Paris Glotion All-In-One Doğal Işıltı 901 - Fair Glow 40 ml,L'Oreal Paris Glotion,Daily Glow Shop,500,540,0,InStock,Son 3 günde 500+ ürün satıldı!,3,500,166.7,4.46039065001601,8908,2,1579,"[""Kargo Bedava""]",11 saat 57 dakika içinde sipariş verirsen en geç yarın kargoda!,refreshed,0,https://www.trendyol.com/l-oreal-paris/glotion-all-in-one-dogal-isilti-901-fair-glow-40-ml-p-820191405?boutiqueId=61&merchantId=105153
kozmetik:kozmetik-vitrini,66,66,14,22,8,789347353,1121776,789347353:1121776,"ZEYNABEAUTY Beyaz&silver Glitter Toz Sprey, Yüz Ve Vücut Simi Işıltılı",ZEYNABEAUTY,LUXORA KOZMETİK,195.86,,1.6,InStock,,,,,4.723650385604113,566,1,162,"[""Kargo Bedava""]",1 saat 57 dakika içinde sipariş verirsen en geç bugün kargoda!,refreshed,0,https://www.trendyol.com/zeynabeauty/beyaz-silver-glitter-toz-sprey-yuz-ve-vucut-simi-isiltili-p-789347353?boutiqueId=61&merchantId=1121776
kozmetik:kozmetik-vitrini,220,220,14,41,0,578704,105029,578704:105029,Urban Care Expert Biotin Ve Kafein Dökülme Karşıtı Saç Bakim Toniği- Hızlı Uzamaya Yardımcı 200 ml-Vegan,Urban Care,Urban Care,215.54,239,,InStock,,,,,4.292203852570908,7923,-20,4074,"[""Son 10 Günün En Düşük Fiyatı"",""Sepette %15 İndirim"",""Kargo Bedava"",""Son 10 günün en düşük fiyatı"",""Trendyol Plus'a Özel""]",11 saat 53 dakika içinde sipariş verirsen en geç yarın kargoda!,refreshed,0,https://www.trendyol.com/urban-care/expert-biotin-ve-kafein-dokulme-karsiti-sac-bakim-tonigi-hizli-uzamaya-yardimci-200-ml-vegan-p-578704?boutiqueId=61&merchantId=105029
kozmetik:kozmetik-vitrini,61,61,13,19.5,10.5,141321976,468928,141321976:468928,Revolution Reloaded Iconic 3.0 15'Li Mat Ve Işıltılı Far Paleti,Revolution,Watsons,329.9,,5.7,InStock,,,,,4.383742911153119,274,0,29,"[""Sepette %35 İndirim"",""Sepette %55 İndirim"",""Kargo Bedava"",""Son 10 Günün En Düşük Fiyatı"",""Trendyol Plus'a Özel""]",11 saat 57 dakika içinde sipariş verirsen en geç yarın kargoda!,refreshed,0,https://www.trendyol.com/revolution/reloaded-iconic-3-0-15-li-mat-ve-isiltili-far-paleti-p-141321976?boutiqueId=61&merchantId=468928
kozmetik:kozmetik-vitrini,253,253,13,39.8,20.8,151226419,1304552,151226419:1304552,COSMED Temizleme Yağı /Atopia CLEANSING OIL 400 ML,COSMED,Allita Kozmetik,699,,0,InStock,Son 3 günde 500+ ürün satıldı!,3,500,166.7,4.568058861718243,8494,-21,1840,"[""Kargo Bedava""]",Tahmini Teslim:,refreshed,0,https://www.trendyol.com/cosmed/temizleme-yagi-atopia-cleansing-oil-400-ml-p-151226419?boutiqueId=61&merchantId=1304552
kozmetik:kozmetik-vitrini,113,113,12,37.5,5.5,175354560,468928,175354560:468928,Revolution Reloaded Dare To Divulge Aydınlatıcı,Revolution,Watsons,299.9,344.89,0,InStock,,,,,4.591745400298359,1159,0,197,"[""Son 10 Günün En Düşük Fiyatı"",""Sepette %40 İndirim"",""108 TL Kupon"",""Kargo Bedava"",""Son 10 günün en düşük fiyatı""]",11 saat 55 dakika içinde sipariş verirsen en geç yarın kargoda!,refreshed,0,https://www.trendyol.com/revolution/reloaded-dare-to-divulge-aydinlatici-p-175354560?boutiqueId=61&merchantId=468928
kozmetik:kozmetik-vitrini,127,127,12,34.3,10.4,1290709,1253656,1290709:1253656,Morfose Saç Spreyi Ultra Strong 400 ml,Morfose,EMEK TOPTAN GROSS,154.61,,-16.9,InStock,Son 3 günde 250+ ürün satıldı!,3,250,83.3,4.5940381344552845,5775,-3,1050,"[""Kargo Bedava""]",2 saat 55 dakika içinde sipariş verirsen en geç bugün kargoda!,refreshed,0,https://www.trendyol.com/morfose/sac-spreyi-ultra-strong-400-ml-p-1290709?boutiqueId=61&merchantId=1253656
kozmetik:kozmetik-vitrini,31,31,12,68.5,51.2,146981093,164987,146981093:164987,"The Purest Solutions Arındırıcı ve Aydınlatıcı Enzim Toz Peeling 55 gr (%0,6 Azelaic Acid & Malic Acid)",The Purest Solutions,The Purest Solutions,366.14,372.53,0,InStock,Son 3 günde 1B+ ürün satıldı!,3,1000,333.3,4.590893190298507,10300,-14,6545,"[""Kargo Bedava"",""Son 10 Günün En Düşük Fiyatı"",""Son 10 günün en düşük fiyatı""]",11 saat 57 dakika içinde sipariş verirsen en geç yarın kargoda!,refreshed,0,https://www.trendyol.com/the-purest-solutions/arindirici-ve-aydinlatici-enzim-toz-peeling-55-gr-0-6-azelaic-acid-malic-acid-p-146981093?boutiqueId=61&merchantId=164987
kozmetik:kozmetik-vitrini,192,192,11,38.1,21.1,875712530,650812,875712530:650812,Jeven Brus Libido Erkek Parfüm - Extrait de Parfum 50 ml,Jeven Brus,Jeven Brus Parfüm,1890,,0,InStock,Son 3 günde 500+ ürün satıldı!,3,500,166.7,4.012595119391236,5187,8,513,"[""Kargo Bedava""]",2 saat 53 dakika içinde sipariş verirsen en geç bugün kargoda!,refreshed,0,https://www.trendyol.com/jeven-brus/libido-erkek-parfum-extrait-de-parfum-50-ml-p-875712530?boutiqueId=61&merchantId=650812
kozmetik:kozmetik-vitrini,180,180,11,15.2,29.4,1181251468,107599,1181251468:107599,BOOM Ampoule Scalp Brush Dökülme Karşıtı ve Hızlı Uzama Ampul 150 ML,BOOM,ENUCUZAVN,1288,,0,InStock,Son 3 günde 250+ ürün satıldı!,3,250,83.3,4.814814814814815,23,1,23,"[""Kargo Bedava"",""100 TL Kupon"",""295 TL Kupon"",""Son 10 Günün En Düşük Fiyatı"",""Trendyol Plus'a Özel""]",11 saat 54 dakika içinde sipariş verirsen en geç yarın kargoda!,refreshed,0,https://www.trendyol.com/boom/ampoule-scalp-brush-dokulme-karsiti-ve-hizli-uzama-ampul-150-ml-p-1181251468?boutiqueId=61&merchantId=107599
kozmetik:kozmetik-vitrini,105,105,10,34.4,24.8,885633782,138065,885633782:138065,Bargello 444 KADIN 50 ml PARFÜM EDP ORIENTAL,Bargello,Bargello,600,,0,InStock,Son 3 günde 500+ ürün satıldı!,3,500,166.7,4.5070306038047985,1801,8,625,"[""Kargo Bedava""]",Tahmini Teslim:,refreshed,0,https://www.trendyol.com/bargello/444-kadin-50-ml-parfum-edp-oriental-p-885633782?boutiqueId=61&merchantId=138065
kozmetik:kozmetik-vitrini,39,39,10,27,25.1,1039610423,556702,1039610423:556702,Cream Co. Likit Bronzer Glow Sculpt Horizon | Kontür Nötr Açık Kahve | Yüz Şekillendirici Nemlendirici Makyaj,Cream Co.,Cream Co.,199.9,,0,InStock,Son 3 günde 250+ ürün satıldı!,3,250,83.3,4.244053774560497,399,2,55,"[""Kargo Bedava""]",11 saat 57 dakika içinde sipariş verirsen en geç yarın kargoda!,refreshed,0,https://www.trendyol.com/cream-co/likit-bronzer-glow-sculpt-horizon-kontur-notr-acik-kahve-yuz-sekillendirici-nemlendirici-makyaj-p-1039610423?boutiqueId=61&merchantId=556702
kozmetik:kozmetik-vitrini,34,34,10,45.2,34,940580468,556702,940580468:556702,Cream Co. İkili Moisturizer Canlandırıcı Cilt Tonu Eşitleyici Aydınlatıcı Su Bazlı Nemlendirici Yüz Kremi Seti,Cream Co.,Cream Co.,499.9,,0,InStock,Son 3 günde 500+ ürün satıldı!,3,500,166.7,4.68392106114526,1288,1,130,"[""Kargo Bedava"",""Trendyol Plus'a Özel""]",11 saat 57 dakika içinde sipariş verirsen en geç yarın kargoda!,refreshed,0,https://www.trendyol.com/cream-co/ikili-moisturizer-canlandirici-cilt-tonu-esitleyici-aydinlatici-su-bazli-nemlendirici-yuz-kremi-seti-p-940580468?boutiqueId=61&merchantId=556702
kozmetik:kozmetik-vitrini,246,246,10,24.7,5.3,877720947,1083177,877720947:1083177,Sleepy Bio Natural Premium Plus Hijyenik Ped Mega Paket Gece 30X3 (90 Adet),Sleepy,DAĞDEVİREN GROSS,303.83,,,InStock,,,,,4.610191082802547,1231,1,228,"[""Kargo Bedava""]",11 saat 52 dakika içinde sipariş verirsen en geç yarın kargoda!,refreshed,0,https://www.trendyol.com/sleepy/bio-natural-premium-plus-hijyenik-ped-mega-paket-gece-30x3-90-adet-p-877720947?boutiqueId=61&merchantId=1083177
kozmetik:kozmetik-vitrini,241,241,10,39.4,20.8,720423548,343124,720423548:343124,"POP Beauty Kaş Sabitleyici Ve Şekillendirici, Kaş Fırçası, Tarağı Ve Sabitleyici Jel (laminasyon Etk",POP Beauty,POP Beauty,499.99,,0,InStock,Son 3 günde 500+ ürün satıldı!,3,500,166.7,4.412630339724184,7690,-19,611,"[""Kargo Bedava"",""Trendyol Plus'a Özel""]",11 saat 52 dakika içinde sipariş verirsen en geç yarın kargoda!,refreshed,0,https://www.trendyol.com/pop-beauty/kas-sabitleyici-ve-sekillendirici-kas-fircasi-taragi-ve-sabitleyici-jel-laminasyon-etk-p-720423548?boutiqueId=61&merchantId=343124
kozmetik:kozmetik-vitrini,120,120,9,24.8,5.2,208029821,115294,208029821:115294,La Cire Kaş Şekillendirici Wax 50 Ml,La Cire,parfummoda,99.9,,0,InStock,,,,,4.231791113147045,1249,-1,183,"[""Kargo Bedava""]",11 saat 55 dakika içinde sipariş verirsen en geç yarın kargoda!,refreshed,0,https://www.trendyol.com/la-cire/kas-sekillendirici-wax-50-ml-p-208029821?boutiqueId=61&merchantId=115294
kozmetik:kozmetik-vitrini,247,247,9,40.5,20.8,79731620,145234,79731620:145234,S'GLAM Kaş Şekilendirici Brow Wax,S'GLAM,SGLAM,229,,0,InStock,Son 3 günde 500+ ürün satıldı!,3,500,166.7,4.465699725597805,10624,-14,761,"[""Kargo Bedava""]",1 saat 52 dakika içinde sipariş verirsen en geç bugün kargoda!,refreshed,0,https://www.trendyol.com/s-glam/kas-sekilendirici-brow-wax-p-79731620?boutiqueId=61&merchantId=145234
kozmetik:kozmetik-vitrini,70,70,8,30.1,29.1,1073360532,1168206,1073360532:1168206,Pantene Molecular Bond Repair Yıpranmış Saçlar İçin Bağ Onarıcı Durulanmayan Saç Bakım Kremi 90 ml,Pantene,P&G Türkiye,355.71,,0,InStock,Son 3 günde 500+ ürün satıldı!,3,500,166.7,4.599767981438514,518,4,144,"[""Sepette %25 İndirim"",""Kargo Bedava""]",Tahmini Teslim:,refreshed,0,https://www.trendyol.com/pantene/molecular-bond-repair-yipranmis-saclar-icin-bag-onarici-durulanmayan-sac-bakim-kremi-90-ml-p-1073360532?boutiqueId=61&merchantId=1168206
kozmetik:kozmetik-vitrini,94,94,8,36,23.2,1066169890,126383,1066169890:126383,KOREACO Matcha Mucize Bubble Clay Yüz Maskesi | Gözenek Temizleyici Yenileyici Köpüren Yüz Maskesi 100 ml,KOREACO,KOREACO,299,,0,InStock,Son 3 günde 500+ ürün satıldı!,3,500,166.7,4.167963846346975,2830,4,590,"[""Kargo Bedava"",""Trendyol Plus'a Özel""]",11 saat 56 dakika içinde sipariş verirsen en geç yarın kargoda!,refreshed,0,https://www.trendyol.com/koreaco/matcha-mucize-bubble-clay-yuz-maskesi-gozenek-temizleyici-yenileyici-kopuren-yuz-maskesi-100-ml-p-1066169890?boutiqueId=61&merchantId=126383
kozmetik:kozmetik-vitrini,92,92,8,52.3,57.7,1145363142,1142754,1145363142:1142754,VULLY Glow Chanera Argan yağlı besleyici ve Panthenol içerikli ışıltı veren Saç Parfümü 100 Ml,VULLY,ORABELLA KOZMETİK,499,,0,InStock,Son 3 günde 2B+ ürün satıldı!,3,2000,666.7,4.073913043478261,614,3,113,"[""Sepette %20 İndirim"",""Kargo Bedava"",""Trendyol Plus'a Özel""]",Tahmini Teslim:,refreshed,0,https://www.trendyol.com/vully/glow-chanera-argan-yagli-besleyici-ve-panthenol-icerikli-isilti-veren-sac-parfumu-100-ml-p-1145363142?boutiqueId=61&merchantId=1142754
kozmetik:kozmetik-vitrini,219,219,8,27.6,17,1138203586,1319448,1138203586:1319448,"WIWIFY Su Bazlı Günlük Nemlendirici Jel Krem 100 ML | Hyaluronic Acid, Prebiyotik, Squalene, Niacinamide",WIWIFY,Kozmetik Dünyanız,410,,0,InStock,Son 3 günde 250+ ürün satıldı!,3,250,83.3,4.463013698630137,852,2,63,"[""Kargo Bedava"",""Trendyol Plus'a Özel""]",11 saat 53 dakika içinde sipariş verirsen en geç yarın kargoda!,refreshed,0,https://www.trendyol.com/wiwify/su-bazli-gunluk-nemlendirici-jel-krem-100-ml-hyaluronic-acid-prebiyotik-squalene-niacinamide-p-1138203586?boutiqueId=61&merchantId=1319448
kozmetik:kozmetik-vitrini,267,267,8,11.7,19.6,1165745626,1281606,1165745626:1281606,"LUMİNYA Safran Kojik Asit Sabunu 100 g | Leke Karşıtı Bakım, Aydınlatıcı ve Ton Dengeleyici",LUMİNYA,Luminya Kozmetik,295,299,0,InStock,,,,,4.657894736842105,19,0,38,"[""Son 10 Günün En Düşük Fiyatı"",""Sepette %3 İndirim"",""189,90 TL Kupon"",""Kargo Bedava"",""Son 10 günün en düşük fiyatı"",""Trendyol Plus'a Özel""]",11 saat 51 dakika içinde sipariş verirsen en geç yarın kargoda!,refreshed,0,https://www.trendyol.com/luminya/safran-kojik-asit-sabunu-100-g-leke-karsiti-bakim-aydinlatici-ve-ton-dengeleyici-p-1165745626?boutiqueId=61&merchantId=1281606
kozmetik:kozmetik-vitrini,126,126,8,33.9,3.4,329090366,132640,329090366:132640,Nascita Açılır/kapanır Yüz Ustura Seti 2'li - 16,Nascita,altıntepeshop,152,164,,InStock,,,,,4.424565756823822,2091,-4,339,"[""Son 10 Günün En Düşük Fiyatı"",""Sepette %20 İndirim"",""Sepette %1 İndirim"",""164,90 TL Kupon"",""199 TL Kupon"",""Kargo Bedava"",""Son 10 günün en düşük fiyatı"",""Trendyol Plus'a Özel""]",11 saat 55 dakika içinde sipariş verirsen en geç yarın kargoda!,refreshed,0,https://www.trendyol.com/nascita/acilir-kapanir-yuz-ustura-seti-2-li-16-p-329090366?boutiqueId=61&merchantId=132640
kozmetik:kozmetik-vitrini,116,116,7,22.4,22.2,1156901845,164987,1156901845:164987,"The Purest Solutions Nem Etkili Micellar Makyaj Temizleme Suyu, 400 ml",The Purest Solutions,The Purest Solutions,199.9,,0,InStock,Son 3 günde 250+ ürün satıldı!,3,250,83.3,4.353092783505154,187,1,51,"[""Kargo Bedava""]",11 saat 55 dakika içinde sipariş verirsen en geç yarın kargoda!,refreshed,0,https://www.trendyol.com/the-purest-solutions/nem-etkili-micellar-makyaj-temizleme-suyu-400-ml-p-1156901845?boutiqueId=61&merchantId=164987
kozmetik:kozmetik-vitrini,279,279,7,19.3,10.7,1044090268,754566,1044090268:754566,LUSS ARTIST TOUCH DUDAK KALEMİ 110,LUSS,LUSS,184.25,,16.5,InStock,,,,,4.314345991561181,259,1,23,"[""199,99 TL Kupon"",""499,90 TL Kupon"",""179,91 TL Kupon"",""Kargo Bedava"",""Trendyol Plus'a Özel""]",1 saat 51 dakika içinde sipariş verirsen en geç bugün kargoda!,refreshed,0,https://www.trendyol.com/luss/artist-touch-dudak-kalemi-110-p-1044090268?boutiqueId=61&merchantId=754566
kozmetik:kozmetik-vitrini,1,1,6,124.3,66.6,871346073,556702,871346073:556702,Cream Co. Allık Ruj Göz Farı Glow Tint Soft Mocha | Nemlendirici Makyaj | Nude | Hyaluronik Asit Peptit,Cream Co.,Cream Co.,199.9,,0,InStock,Son 3 günde 1B+ ürün satıldı!,3,1000,333.3,4.430002064835847,5013,5,369,"[""Kargo Bedava""]",11 saat 58 dakika içinde sipariş verirsen en geç yarın kargoda!,refreshed,0,https://www.trendyol.com/cream-co/allik-ruj-goz-fari-glow-tint-soft-mocha-nemlendirici-makyaj-nude-hyaluronik-asit-peptit-p-871346073?boutiqueId=61&merchantId=556702
kozmetik:kozmetik-vitrini,5,5,6,97.6,39.5,983343487,1046771,983343487:1046771,MAQYA KOZMETİK 14 Parça Kavanoz Kutulu Makyaj Sünger Seti,MAQYA KOZMETİK,ARLEN BAKIM VE KOZMETİK,136.61,,0,InStock,Son 3 günde 250+ ürün satıldı!,3,250,83.3,4.327505043712172,850,2,257,"[""Sepette %2 İndirim"",""Kargo Bedava"",""Trendyol Plus'a Özel""]",11 saat 58 dakika içinde sipariş verirsen en geç yarın kargoda!,refreshed,0,https://www.trendyol.com/maqya-kozmetik/14-parca-kavanoz-kutulu-makyaj-sunger-seti-p-983343487?boutiqueId=61&merchantId=1046771
kozmetik:kozmetik-vitrini,184,184,6,21.4,8.6,104655415,2727,104655415:2727,Pierre Cardin Porcelain Edition Compact Powder - Pudra -Beige-434,Pierre Cardin,Miorre,338,,0,InStock,,,,,4.3915094339622645,478,0,226,"[""Sepette %55 İndirim"",""Sepette %45 İndirim"",""Sepette %1 İndirim"",""Kargo Bedava""]",11 saat 54 dakika içinde sipariş verirsen en geç yarın kargoda!,refreshed,0,https://www.trendyol.com/pierre-cardin/porcelain-edition-compact-powder-pudra-beige-434-p-104655415?boutiqueId=61&merchantId=2727
kozmetik:kozmetik-vitrini,284,284,5,34.4,24.8,177348930,106684,177348930:106684,Skin Sensual Daily Hydrating Moisturizer Cream Jojoba Oil Shea Butter 24 Saat Etkili Nemlendirici,Skin Sensual,Kozmetix House,699,,0,InStock,Son 3 günde 500+ ürün satıldı!,3,500,166.7,4.438645542093819,1810,2,382,"[""Sepette %55 İndirim"",""Süper Fırsat Ürünü"",""Sepette %2 İndirim"",""Kargo Bedava""]",11 saat 51 dakika içinde sipariş verirsen en geç yarın kargoda!,refreshed,0,https://www.trendyol.com/skin-sensual/daily-hydrating-moisturizer-cream-jojoba-oil-shea-butter-24-saat-etkili-nemlendirici-p-177348930?boutiqueId=61&merchantId=106684
kozmetik:kozmetik-vitrini,15,15,5,72.9,24.6,1108843741,556702,1108843741:556702,Cream Co. Ton Eşitleyici Aydınlatıcı Pink SPF50 Güneş Kremi Leke Karşıtı | Peptit Niasinamid Hyalüronik Asit,Cream Co.,Cream Co.,299.9,,0,InStock,,,,,4.25319006044325,720,1,220,"[""Kargo Bedava"",""Trendyol Plus'a Özel""]",11 saat 58 dakika içinde sipariş verirsen en geç yarın kargoda!,refreshed,0,https://www.trendyol.com/cream-co/ton-esitleyici-aydinlatici-pink-spf50-gunes-kremi-leke-karsiti-peptit-niasinamid-hyaluronik-asit-p-1108843741?boutiqueId=61&merchantId=556702
kozmetik:kozmetik-vitrini,218,218,5,12.8,18.2,922292889,623326,922292889:623326,Muggio Dermaroller ve Duş Masaj Tarağı 2'li Saç ve Vücut Yenileyici Terapi Seti,Muggio,Organiflex,197,199,0,InStock,,,,,4.375,29,0,20,"[""Son 10 Günün En Düşük Fiyatı"",""Kargo Bedava"",""Trendyol Plus'a Özel""]",11 saat 53 dakika içinde sipariş verirsen en geç yarın kargoda!,refreshed,0,https://www.trendyol.com/muggio/dermaroller-ve-dus-masaj-taragi-2-li-sac-ve-vucut-yenileyici-terapi-seti-p-922292889?boutiqueId=61&merchantId=623326
kozmetik:kozmetik-vitrini,14,14,5,79,35.5,2779642,205639,2779642:205639,Note Cosmetics Perfecting Pen Aydınlatıcı Etkili Kalem Göz Altı Kapatıcısı - 01 Light Rose,Note Cosmetics,Note Cosmetics,199.9,,19.2,InStock,Son 3 günde 250+ ürün satıldı!,3,250,83.3,4.192111029948868,723,-1,167,"[""Kargo Bedava""]",Tahmini Teslim:,refreshed,0,https://www.trendyol.com/note-cosmetics/perfecting-pen-aydinlatici-etkili-kalem-goz-alti-kapaticisi-01-light-rose-p-2779642?boutiqueId=61&merchantId=205639
kozmetik:kozmetik-vitrini,67,67,4,28.3,16.3,937504591,107819,937504591:107819,Elseve Dream Long Isı Koruyucu & Pürüzsüzleştirici Sprey Serum 150 Ml,Elseve,L'Oreal,344.94,,0,InStock,Son 3 günde 250+ ürün satıldı!,3,250,83.3,4.510321651464234,1035,40,185,"[""Sepette %5 İndirim"",""Kargo Bedava""]",11 saat 57 dakika içinde sipariş verirsen en geç yarın kargoda!,refreshed,0,https://www.trendyol.com/elseve/dream-long-isi-koruyucu-puruzsuzlestirici-sprey-serum-150-ml-p-937504591?boutiqueId=61&merchantId=107819
kozmetik:kozmetik-vitrini,11,11,4,121.6,69.5,1016742922,1279865,1016742922:1279865,Embeauty Ultra Siyah Dolgunlaştırıcı Maskara – Hacim ve Uzunluk Etkili,Embeauty,Viel Kozmetik,449,,23.4,InStock,Son 3 günde 5B+ ürün satıldı!,3,5000,1666.7,4.234031292381992,15985,25,1449,"[""Kargo Bedava"",""Son 10 Günün En Düşük Fiyatı"",""Trendyol Plus'a Özel""]",Tahmini Teslim:,refreshed,0,https://www.trendyol.com/embeauty/ultra-siyah-dolgunlastirici-maskara-hacim-ve-uzunluk-etkili-p-1016742922?boutiqueId=61&merchantId=1279865
kozmetik:kozmetik-vitrini,159,159,4,30.6,0,99009180,104886,99009180:104886,"Missha Meyve Özlü, Nemli ve Parlak Bitişli, Doğal Görünümlü Likit Allık Juicy-Pang Water Blusher (SPK01)",Missha,Missha Türkiye,374.9,,0,InStock,,,,,4.520178149427377,6700,0,617,"[""Kargo Bedava"",""Trendyol Plus'a Özel""]",1 saat 54 dakika içinde sipariş verirsen en geç bugün kargoda!,refreshed,0,https://www.trendyol.com/missha/meyve-ozlu-nemli-ve-parlak-bitisli-dogal-gorunumlu-likit-allik-juicy-pang-water-blusher-spk01-p-99009180?boutiqueId=61&merchantId=104886
kozmetik:kozmetik-vitrini,153,153,3,34.3,10.4,35563984,113082,35563984:113082,Tala Ruşur Taşı Beyazlatıcı Ölü Derilerden Arındırıcı Yüz Ve Vücut Peelingi 6 Adet (İRAN HAMAM TAŞI),Tala,Tala,262.95,,0,InStock,Son 3 günde 250+ ürün satıldı!,3,250,83.3,4.1451150753304375,5843,-1,1276,"[""Kargo Bedava"",""Trendyol Plus'a Özel""]",54 dakika 51 saniye içinde sipariş verirsen en geç bugün kargoda!,refreshed,0,https://www.trendyol.com/tala/rusur-tasi-beyazlatici-olu-derilerden-arindirici-yuz-ve-vucut-peelingi-6-adet-iran-hamam-tasi-p-35563984?boutiqueId=61&merchantId=113082
kozmetik:kozmetik-vitrini,28,28,3,57.3,22.3,322582956,628667,322582956:628667,bs bubbles cosmetic 75gr Diş Beyazlatma Tozu Aktif Karbon Lansman Fiyatı,bs bubbles cosmetic,BUBBLES KOZMETİK,139,,0,InStock,Son 3 günde 250+ ürün satıldı!,3,250,83.3,3.619109437881345,4338,-3,1291,"[""Kargo Bedava"",""Trendyol Plus'a Özel""]",11 saat 57 dakika içinde sipariş verirsen en geç yarın kargoda!,refreshed,0,https://www.trendyol.com/bs-bubbles-cosmetic/75gr-dis-beyazlatma-tozu-aktif-karbon-lansman-fiyati-p-322582956?boutiqueId=61&merchantId=628667
kozmetik:kozmetik-vitrini,7,7,2,114.7,82.8,1174062985,830154,1174062985:830154,"CALLİEL Yoğun Nemlendirici, Yumuşatıcı, Işıltı Verici Tinted Dudak Bakım Maskesi",CALLİEL,Calliel,419.9,,110.1,InStock,Son 3 günde 2B+ ürün satıldı!,3,2000,666.7,4.174242424242424,218,5,80,"[""Kargo Bedava"",""Trendyol Plus'a Özel""]",11 saat 58 dakika içinde sipariş verirsen en geç yarın kargoda!,refreshed,0,https://www.trendyol.com/calliel/yogun-nemlendirici-yumusatici-isilti-verici-tinted-dudak-bakim-maskesi-p-1174062985?boutiqueId=61&merchantId=830154
kozmetik:kozmetik-vitrini,36,36,2,33.7,25.9,151613026,357668,151613026:357668,MUJGAN Fix Özel 13'lü Fırça Seti Siyah,MUJGAN,Ucuz Al,128.99,,0,InStock,Son 3 günde 250+ ürün satıldı!,3,250,83.3,3.646979865771812,488,0,84,"[""Sepette %1 İndirim"",""174,90 TL Kupon"",""142 TL Kupon"",""30 TL Kupon"",""Kargo Bedava"",""Trendyol Plus'a Özel""]",1 saat 57 dakika içinde sipariş verirsen en geç bugün kargoda!,refreshed,0,https://www.trendyol.com/mujgan/fix-ozel-13-lu-firca-seti-siyah-p-151613026?boutiqueId=61&merchantId=357668
kozmetik:kozmetik-vitrini,221,221,2,107.5,20.8,316160450,1305096,316160450:1305096,rise and shine Antiperspirant Whitening Roll-on - 75 ml,rise and shine,LUNESSA KOZMETİK,199,599,0,InStock,Son 3 günde 500+ ürün satıldı!,3,500,166.7,4.426927329379837,11036,0,1870,"[""Son 10 Günün En Düşük Fiyatı"",""Kargo Bedava"",""Trendyol Plus'a Özel""]",11 saat 53 dakika içinde sipariş verirsen en geç yarın kargoda!,refreshed,0,https://www.trendyol.com/rise-and-shine/antiperspirant-whitening-roll-on-75-ml-p-316160450?boutiqueId=61&merchantId=1305096
kozmetik:kozmetik-vitrini,49,49,1,47.6,42.2,84812163,4473,84812163:4473,Flormar Nemlendirici Parlak Ruj- Sheer Up Lipstick - 013 Gaia - 8682536012119,Flormar,Flormar,419.99,,0,InStock,Son 3 günde 1B+ ürün satıldı!,3,1000,333.3,4.658548499651082,7359,6,372,"[""Kargo Bedava"",""Trendyol Plus'a Özel""]",Tahmini Teslim:,refreshed,0,https://www.trendyol.com/flormar/nemlendirici-parlak-ruj-sheer-up-lipstick-013-gaia-8682536012119-p-84812163?boutiqueId=61&merchantId=4473
kozmetik:kozmetik-vitrini,16,16,1,106.7,68.3,1087380299,443728,1087380299:443728,Qremfi Sıfır Gözenek Siyah Nokta Mavi Kil Maskesi | AHA + BHA+PHA 100 ml,Qremfi,FREEWALK,314.9,,21.4,InStock,Son 3 günde 2B+ ürün satıldı!,3,2000,666.7,4.108895916403135,3838,5,1444,"[""Kargo Bedava"",""Trendyol Plus'a Özel""]",11 saat 58 dakika içinde sipariş verirsen en geç yarın kargoda!,refreshed,0,https://www.trendyol.com/qremfi/sifir-gozenek-siyah-nokta-mavi-kil-maskesi-aha-bha-pha-100-ml-p-1087380299?boutiqueId=61&merchantId=443728
kozmetik:kozmetik-vitrini,264,264,1,16.2,28.4,1183911818,1014410,1183911818:1014410,RESETIFY Triple Firming Shot Gua Sha Sıkılaştırıcı Gençleştirici Krem 100 ML,RESETIFY,Resetify,1380,,0,InStock,Son 3 günde 250+ ürün satıldı!,3,250,83.3,4.725,31,3,34,"[""Kargo Bedava""]",Tahmini Teslim:,refreshed,0,https://www.trendyol.com/resetify/triple-firming-shot-gua-sha-sikilastirici-genclestirici-krem-100-ml-p-1183911818?boutiqueId=61&merchantId=1014410
kozmetik:kozmetik-vitrini,29,29,1,106.5,18.3,970253240,891275,970253240:891275,Kremi Allık Ruj Göz Farı Kiss&Blush | Nemlendirici Makyaj Makeup | Stick | Seramid Skualen Vitamin E,Kremi,Kremi,299.9,794.9,0,InStock,,,,,4.292161520190024,587,1,72,"[""Son 10 Günün En Düşük Fiyatı"",""Sepette %1 İndirim"",""Kargo Bedava"",""Trendyol Plus'a Özel""]",3 saat 57 dakika içinde sipariş verirsen en geç bugün kargoda!,refreshed,0,https://www.trendyol.com/kremi/allik-ruj-goz-fari-kiss-blush-nemlendirici-makyaj-makeup-stick-seramid-skualen-vitamin-e-p-970253240?boutiqueId=61&merchantId=891275
kozmetik:kozmetik-vitrini,50,50,1,22.4,7.6,958333900,107819,958333900:107819,NYX Professional Makeup Smushy Yumuşacık Mat Dudak Balmı - 05 Snuggle Szn,NYX Professional Makeup,L'Oreal,699.99,,0,InStock,,,,,4.288428324697755,635,0,107,"[""Sepette %40 İndirim"",""Kargo Bedava""]",11 saat 57 dakika içinde sipariş verirsen en geç yarın kargoda!,refreshed,0,https://www.trendyol.com/nyx-professional-makeup/smushy-yumusacik-mat-dudak-balmi-05-snuggle-szn-p-958333900?boutiqueId=61&merchantId=107819
kozmetik:kozmetik-vitrini,197,197,1,34.8,10.4,3706799,370301,3706799:370301,Wefood Organik Hindistan Cevizi Yağı 150 ml (Soğuk Sıkım),Wefood,Wefood,299,,0,InStock,Son 3 günde 250+ ürün satıldı!,3,250,83.3,4.597407698350353,6840,-8,2325,"[""Sepette %5 İndirim"",""Kargo Bedava""]",1 saat 53 dakika içinde sipariş verirsen en geç bugün kargoda!,refreshed,0,https://www.trendyol.com/wefood/organik-hindistan-cevizi-yagi-150-ml-soguk-sikim-p-3706799?boutiqueId=61&merchantId=370301
kozmetik:kozmetik-vitrini,137,137,0,36,23.2,885400816,107819,885400816:107819,"L'Oreal Paris Lumi Blush Likit Allık 630 Glowy True Rose - Pembe Tonlu, Aydınlık, Canlı ve Doğal Işıltı Veren",L'Oreal Paris Lumi,L'Oreal,479.96,,0,InStock,Son 3 günde 500+ ürün satıldı!,3,500,166.7,4.63004569687738,2846,2,126,"[""119 TL Kupon"",""Sepette %5 İndirim"",""Kargo Bedava"",""Son 10 Günün En Düşük Fiyatı""]",11 saat 55 dakika içinde sipariş verirsen en geç yarın kargoda!,refreshed,0,https://www.trendyol.com/l-oreal-paris/lumi-blush-likit-allik-630-glowy-true-rose-pembe-tonlu-aydinlik-canli-ve-dogal-isilti-veren-p-885400816?boutiqueId=61&merchantId=107819
kozmetik:kozmetik-vitrini,42,42,-1,55.4,58.6,900381109,1224693,900381109:1224693,"icollagen Kolajen, Isırgan Otu, Prebiyotik Şampuan - Dökülen Ve Geç Uzayan Yağlanma Karşıtı",icollagen,Doctamin iCollagen,450,,0,InStock,Son 3 günde 5B+ ürün satıldı!,3,5000,1666.7,4.390760346487006,1482,5,458,"[""Kargo Bedava"",""Sepette %18 İndirim"",""Trendyol Plus'a Özel""]",Tahmini Teslim:,refreshed,0,https://www.trendyol.com/icollagen/kolajen-isirgan-otu-prebiyotik-sampuan-dokulen-ve-gec-uzayan-yaglanma-karsiti-p-900381109?boutiqueId=61&merchantId=1224693
kozmetik:kozmetik-vitrini,235,235,-3,26.9,17.6,904547145,155056,904547145:155056,Oral White Ultra Soft 4290 Hassas Diş Fırçası,Oral White,Oral White TR,159.99,,0,InStock,Son 3 günde 250+ ürün satıldı!,3,250,83.3,4.578355586788475,702,5,365,"[""Kargo Bedava""]",2 saat 52 dakika içinde sipariş verirsen en geç bugün kargoda!,refreshed,0,https://www.trendyol.com/oral-white/ultra-soft-4290-hassas-dis-fircasi-p-904547145?boutiqueId=61&merchantId=155056
kozmetik:kozmetik-vitrini,106,106,-3,18.7,11.3,888165744,137544,888165744:137544,İndirimKap Paslanmaz Çelik Dil Temizleyici Saklama Kutulu Dil Sıyırıcı Plak Temizleme Ağız Bakım Fırçası,İndirimKap,Eymen Ticaret,199.99,,0,InStock,,,,,4.449612403100775,214,1,31,"[""Kargo Bedava""]",56 dakika 1 saniye içinde sipariş verirsen en geç bugün kargoda!,refreshed,0,https://www.trendyol.com/indirimkap/paslanmaz-celik-dil-temizleyici-saklama-kutulu-dil-siyirici-plak-temizleme-agiz-bakim-fircasi-p-888165744?boutiqueId=61&merchantId=137544
kozmetik:kozmetik-vitrini,18,18,-4,69.2,50,1167637677,107819,1167637677:107819,Maybelline New York Super Stay Peel Off Soyulabilen Dudak Tinti - 24 Saate Kadar Kalıcı Dudak Renklendirme - 02 Haze,Maybelline New York,L'Oreal,499,,32.5,InStock,Son 3 günde 500+ ürün satıldı!,3,500,166.7,4.101694915254238,126,1,15,"[""74 TL Kupon"",""Kargo Bedava""]",11 saat 58 dakika içinde sipariş verirsen en geç yarın kargoda!,refreshed,0,https://www.trendyol.com/maybelline-new-york/super-stay-peel-off-soyulabilen-dudak-tinti-24-saate-kadar-kalici-dudak-renklendirme-02-haze-p-1167637677?boutiqueId=61&merchantId=107819
kozmetik:kozmetik-vitrini,163,163,-6,20.7,9.3,923135332,968283,923135332:968283,h.OLA Baking Powder | Makyaj Sabitleyici Toz Pudra | Pink (Pembe),h.OLA,HOLA TÜRKİYE,429.9,,0,InStock,,,,,4.266272189349112,385,17,436,"[""Kargo Bedava""]",11 saat 54 dakika içinde sipariş verirsen en geç yarın kargoda!,refreshed,0,https://www.trendyol.com/h-ola/baking-powder-makyaj-sabitleyici-toz-pudra-pink-pembe-p-923135332?boutiqueId=61&merchantId=968283
kozmetik:kozmetik-vitrini,231,231,-6,27.7,16.9,885896576,556702,885896576:556702,Cream Co. Leke Karşıtı Nemlendirici Yüz Temizleme Jeli Niacinamide Hyalüronik Asit | 400 ML | Tüm Cilt Tipleri,Cream Co.,Cream Co.,419.9,,0,InStock,Son 3 günde 250+ ürün satıldı!,3,250,83.3,4.3019309537741375,863,2,335,"[""Kargo Bedava"",""Trendyol Plus'a Özel""]",11 saat 52 dakika içinde sipariş verirsen en geç yarın kargoda!,refreshed,0,https://www.trendyol.com/cream-co/leke-karsiti-nemlendirici-yuz-temizleme-jeli-niacinamide-hyaluronik-asit-400-ml-tum-cilt-tipleri-p-885896576?boutiqueId=61&merchantId=556702
kozmetik:kozmetik-vitrini,236,236,-6,47.9,18.7,1133756838,1264974,1133756838:1264974,AVEONIX Shine Veil Parlak Ruj 05 Nemlendirici Pürüzsüz Dolgun Dudak Etkili Lipstick,AVEONIX,Duru Kozmetik ve Sağlıklı Yaşam,272.37,349,-22,InStock,Son 3 günde 250+ ürün satıldı!,3,250,83.3,4.532237673830594,524,1,160,"[""Son 10 Günün En Düşük Fiyatı"",""Süper Fırsat Ürünü"",""Kargo Bedava"",""Son 10 günün en düşük fiyatı""]",Tahmini Teslim:,refreshed,0,https://www.trendyol.com/aveonix/shine-veil-parlak-ruj-05-nemlendirici-puruzsuz-dolgun-dudak-etkili-lipstick-p-1133756838?boutiqueId=61&merchantId=1264974
kozmetik:kozmetik-vitrini,64,64,-7,34.5,19.1,1175767972,871483,1175767972:871483,HİROS'H Profesyonel Topuz Fırçası Renkli Stick Wax ve Metal Uçlu Krepe Tarak Seti 3'lü Set,HİROS'H Profesyonel,HİROSH,198.5,259.9,0,InStock,,,,,3.951219512195122,22,1,15,"[""Kargo Bedava""]",11 saat 57 dakika içinde sipariş verirsen en geç yarın kargoda!,refreshed,0,https://www.trendyol.com/hiros-h/profesyonel-topuz-fircasi-renkli-stick-wax-ve-metal-uclu-krepe-tarak-seti-3-lu-set-p-1175767972?boutiqueId=61&merchantId=871483
kozmetik:kozmetik-vitrini,23,23,-10,93.6,63.9,945832144,830154,945832144:830154,"CALLİEL Aydınlatıcı, Leke Ve Siyah Nokta Karşıtı Kojik Asit Tonik 200 ml",CALLİEL,Calliel,419.9,,52,InStock,Son 3 günde 5B+ ürün satıldı!,3,5000,1666.7,4.220007315288954,4989,15,6095,"[""Kargo Bedava"",""Sepette %1 İndirim"",""Trendyol Plus'a Özel""]",4 saat 58 dakika içinde sipariş verirsen en geç bugün kargoda!,refreshed,0,https://www.trendyol.com/calliel/aydinlatici-leke-ve-siyah-nokta-karsiti-kojik-asit-tonik-200-ml-p-945832144?boutiqueId=61&merchantId=830154
kozmetik:kozmetik-vitrini,73,73,-10,31.2,27.9,891538884,630280,891538884:630280,Batekso Çıtır Kiraz Desenli Makyaj Çantası - Büyük Boy,Batekso,Batekso,159.9,,0,InStock,Son 3 günde 500+ ürün satıldı!,3,500,166.7,4.786713286713287,729,3,62,"[""Kargo Bedava""]",11 saat 56 dakika içinde sipariş verirsen en geç yarın kargoda!,refreshed,0,https://www.trendyol.com/batekso/citir-kiraz-desenli-makyaj-cantasi-buyuk-boy-p-891538884?boutiqueId=61&merchantId=630280
kozmetik:kozmetik-vitrini,17,17,-12,80.6,26.9,744329848,837861,744329848:837861,"L'Aden Cosmetics Anında Soyucu Ginseng Peeling Ölü Deri Arındırıcı, Yenileyici, Aydınlatıcı Vücut, Yüz Peelingi",L'Aden Cosmetics,LAden Cosmetics,450,,0,InStock,Son 3 günde 250+ ürün satıldı!,3,250,83.3,4.175122611195671,6344,1,2215,"[""Kargo Bedava""]",1 saat 58 dakika içinde sipariş verirsen en geç bugün kargoda!,refreshed,0,https://www.trendyol.com/l-aden-cosmetics/aninda-soyucu-ginseng-peeling-olu-deri-arindirici-yenileyici-aydinlatici-vucut-yuz-peelingi-p-744329848?boutiqueId=61&merchantId=837861
kozmetik:kozmetik-vitrini,204,204,-13,34.6,13,138022652,160140,138022652:160140,"NS reliable Ns Captain Seyahat Makyaj Organizatörü Makyaj Çantası,çok Fonksiyonlu Kozmetik Çanta siyah",NS reliable,NAMLI ÇANTA,194,199.9,0,InStock,Son 3 günde 250+ ürün satıldı!,3,250,83.3,4.542870243007795,2680,1,162,"[""Son 10 Günün En Düşük Fiyatı"",""Kargo Bedava"",""Son 10 günün en düşük fiyatı""]",11 saat 53 dakika içinde sipariş verirsen en geç yarın kargoda!,refreshed,0,https://www.trendyol.com/ns-reliable/ns-captain-seyahat-makyaj-organizatoru-makyaj-cantasi-cok-fonksiyonlu-kozmetik-canta-siyah-p-138022652?boutiqueId=61&merchantId=160140
kozmetik:kozmetik-vitrini,98,98,-14,31.8,12.7,114903408,168252,114903408:168252,"Bioderma Atoderm Intensive Balm Atopi Eğilimli Cilt Bebek,Çocuk,Yetişkin Seyahat Boy Nemlendirici Krem 45 ml",Bioderma,OnurFarmakozmetik,308.85,,0,InStock,Son 3 günde 250+ ürün satıldı!,3,250,83.3,4.585027168444355,2879,3,1645,"[""999 TL Kupon"",""309,90 TL Kupon"",""Kargo Bedava"",""Son 10 Günün En Düşük Fiyatı"",""Trendyol Plus'a Özel""]",2 saat 56 dakika içinde sipariş verirsen en geç bugün kargoda!,refreshed,0,https://www.trendyol.com/bioderma/atoderm-intensive-balm-atopi-egilimli-cilt-bebek-cocuk-yetiskin-seyahat-boy-nemlendirici-krem-45-ml-p-114903408?boutiqueId=61&merchantId=168252
kozmetik:kozmetik-vitrini,125,125,-16,21,9,896256684,115545,896256684:115545,"Sheland Dermastamp 140 Titanyum İğneli , Collagen Serum - Ayarlanabilir 10 İğne 0.25 mm - 3.00 mm",Sheland,Sheland,451.13,,0,InStock,,,,,4.389033942558747,417,2,369,"[""Kargo Bedava"",""418,25 TL Kupon"",""60 TL Kupon"",""Son 10 Günün En Düşük Fiyatı"",""Trendyol Plus'a Özel""]",11 saat 55 dakika içinde sipariş verirsen en geç yarın kargoda!,refreshed,0,https://www.trendyol.com/sheland/dermastamp-140-titanyum-igneli-collagen-serum-ayarlanabilir-10-igne-0-25-mm-3-00-mm-p-896256684?boutiqueId=61&merchantId=115545
kozmetik:kozmetik-vitrini,226,226,-16,30.8,28.4,905842320,246399,905842320:246399,Orbitmoon 1 Adet Dış Mekan Çok Dilimli Taşınabilir Kamp Çocuk Tuvalet Pratik Çiçek Desenli Sihirli Sabun,Orbitmoon,Koza Gift,12.3,,0,InStock,Son 3 günde 500+ ürün satıldı!,3,500,166.7,3.9610604805302403,635,2,196,"[""Kargo Bedava""]",11 saat 52 dakika içinde sipariş verirsen en geç yarın kargoda!,refreshed,0,https://www.trendyol.com/orbitmoon/1-adet-dis-mekan-cok-dilimli-tasinabilir-kamp-cocuk-tuvalet-pratik-cicek-desenli-sihirli-sabun-p-905842320?boutiqueId=61&merchantId=246399
kozmetik:kozmetik-vitrini,201,201,-16,29.8,0.2,339265578,285716,339265578:285716,Loris Javou Midnight Kadın Edp Parfüm 100 ml,Loris,LORİS PARFUM,990,,0,InStock,,,,,4.0839620345582865,5348,1,1214,"[""Kargo Bedava""]",11 saat 53 dakika içinde sipariş verirsen en geç yarın kargoda!,refreshed,0,https://www.trendyol.com/loris/javou-midnight-kadin-edp-parfum-100-ml-p-339265578?boutiqueId=61&merchantId=285716
kozmetik:kozmetik-vitrini,233,233,-18,43.8,44.5,802277773,1158462,802277773:1158462,NIVOSHE Ağız Kokusu Giderici Sprey Ağız Kokusu Önleyici Sprey Ağız Kokusu Spreyi Propolis05,NIVOSHE,DEVACOS SAĞLIKLI YAŞAM ÜRÜNLERİ,435.08,,11.9,InStock,Son 3 günde 1B+ ürün satıldı!,3,1000,333.3,4.1143695014662764,2479,9,1087,"[""Kargo Bedava""]",52 dakika 46 saniye içinde sipariş verirsen en geç bugün kargoda!,refreshed,0,https://www.trendyol.com/nivoshe/agiz-kokusu-giderici-sprey-agiz-kokusu-onleyici-sprey-agiz-kokusu-spreyi-propolis05-p-802277773?boutiqueId=61&merchantId=1158462
kozmetik:kozmetik-vitrini,298,298,-18,31.9,12.7,167743320,908896,167743320:908896,mia klinika Bariyer Güçlendirici Onarıcı Canlandırıcı Ve Nemlendirici Krem,mia klinika,Mia Klinika,279,,0,InStock,Son 3 günde 250+ ürün satıldı!,3,250,83.3,4.368855682265042,2907,2,1960,"[""Kargo Bedava"",""Trendyol Plus'a Özel""]",51 dakika 4 saniye içinde sipariş verirsen en geç bugün kargoda!,refreshed,0,https://www.trendyol.com/mia-klinika/bariyer-guclendirici-onarici-canlandirici-ve-nemlendirici-krem-p-167743320?boutiqueId=61&merchantId=908896
kozmetik:kozmetik-vitrini,76,76,-19,46.9,41.7,6394920,135081,6394920:135081,Radix Saç Dökülmesine Karşı Serum Sprey (%5 Procapil) - Anti Hair Loss Lotion 60ML,Radix,JUVERA & RADIX - Juveco,649.9,,132.2,InStock,Son 3 günde 1B+ ürün satıldı!,3,1000,333.3,3.9365781710914454,6040,1,2954,"[""Sepette %35 İndirim"",""Kargo Bedava"",""Süper Fırsat Ürünü""]",2 saat 56 dakika içinde sipariş verirsen en geç bugün kargoda!,refreshed,0,https://www.trendyol.com/radix/sac-dokulmesine-karsi-serum-sprey-5-procapil-anti-hair-loss-lotion-60ml-p-6394920?boutiqueId=61&merchantId=135081
kozmetik:kozmetik-vitrini,142,142,-23,23.1,10,333070623,661897,333070623:661897,Genel Markalar MAYKİS Şeffaf Makyaj Çantası Taşıma Saplı Geniş Hacimli Kozmetik Çantası 24x17x7 cm,Genel Markalar,Maykis,174.26,179.87,0,InStock,,,,,4.678308823529412,314,1,55,"[""Son 10 Günün En Düşük Fiyatı"",""Kargo Bedava"",""Son 10 günün en düşük fiyatı""]",11 saat 55 dakika içinde sipariş verirsen en geç yarın kargoda!,refreshed,0,https://www.trendyol.com/genel-markalar/maykis-seffaf-makyaj-cantasi-tasima-sapli-genis-hacimli-kozmetik-cantasi-24x17x7-cm-p-333070623?boutiqueId=61&merchantId=661897
kozmetik:kozmetik-vitrini,214,214,-24,30.6,0,309122502,337532,309122502:337532,Bioxcin Keratin Argan Onarıcı Saç Bakım Yağı 150 ml - Yıpranmış ve Hassas Saçlar,Bioxcin,Pharmasya Kozmetik ve Sağlık,350.99,,0.3,InStock,,,,,4.625534053782358,6675,347,1818,"[""Kargo Bedava""]",2 saat 53 dakika içinde sipariş verirsen en geç bugün kargoda!,refreshed,0,https://www.trendyol.com/bioxcin/keratin-argan-onarici-sac-bakim-yagi-150-ml-yipranmis-ve-hassas-saclar-p-309122502?boutiqueId=61&merchantId=337532
kozmetik:kozmetik-vitrini,60,60,-26,20.5,9.5,949600035,107819,949600035:107819,NYX Professional Makeup Brow Glue Crazy Lift Laminasyon Etkili Kaş Jeli,NYX Professional Makeup,L'Oreal,1099.99,,0,InStock,,,,,4.012622720897617,368,1,16,"[""Sepette %35 İndirim"",""Kargo Bedava""]",11 saat 57 dakika içinde sipariş verirsen en geç yarın kargoda!,refreshed,0,https://www.trendyol.com/nyx-professional-makeup/brow-glue-crazy-lift-laminasyon-etkili-kas-jeli-p-949600035?boutiqueId=61&merchantId=107819
kozmetik:kozmetik-vitrini,211,211,-29,20.8,9.2,1071762699,908788,1071762699:908788,MATSU Pillow Saç ve Vücut Misti 50 ml | Tatlı Notalar | Hair and Body Mist,MATSU,BUKOZMETİK,599,,-20,InStock,,,,,3.6334355828220857,401,1,48,"[""Kargo Bedava"",""Sepette %25 İndirim"",""50 TL Kupon"",""75 TL Kupon"",""1.449 TL Kupon"",""663,12 TL Kupon"",""Son 10 Günün En Düşük Fiyatı""]",11 saat 53 dakika içinde sipariş verirsen en geç yarın kargoda!,refreshed,0,https://www.trendyol.com/matsu/pillow-sac-ve-vucut-misti-50-ml-tatli-notalar-hair-and-body-mist-p-1071762699?boutiqueId=61&merchantId=908788
kozmetik:kozmetik-vitrini,85,85,-30,24.9,5.1,760402945,1115102,760402945:1115102,Golden Rose Emily Dudak Kalemi 3'lü Set No:203-217-226,Golden Rose,Osv Store,195.9,,1.5,InStock,,,,,4.6416952054794525,1301,1,115,"[""Sepette %1 İndirim"",""Kargo Bedava"",""Son 10 Günün En Düşük Fiyatı"",""Trendyol Plus'a Özel""]",4 saat 56 dakika içinde sipariş verirsen en geç bugün kargoda!,refreshed,0,https://www.trendyol.com/golden-rose/emily-dudak-kalemi-3-lu-set-no-203-217-226-p-760402945?boutiqueId=61&merchantId=1115102
kozmetik:kozmetik-vitrini,35,35,-31,60.1,49.2,729812633,139435,729812633:139435,TDRS Narcotic 100 ML Bergamot Özel Seri Uzun Süre Kalıcı Erkek Parfüm,TDRS,Tudors,586.31,592.31,0,InStock,Son 3 günde 1B+ ürün satıldı!,3,1000,333.3,4.232173790907814,11437,6,1388,"[""Kargo Bedava"",""Son 10 Günün En Düşük Fiyatı"",""Trendyol Plus'a Özel""]",2 saat 57 dakika içinde sipariş verirsen en geç bugün kargoda!,refreshed,0,https://www.trendyol.com/tdrs/narcotic-100-ml-bergamot-ozel-seri-uzun-sure-kalici-erkek-parfum-p-729812633?boutiqueId=61&merchantId=139435
kozmetik:kozmetik-vitrini,193,193,-31,59.6,50.4,277595826,120843,277595826:120843,MAMAAURA Hamileler Için Çatlak Önleyici - Maximum Elasticity Cream 150 ml,MAMAAURA,ONUR MARKET,423.29,,26.5,InStock,Son 3 günde 2B+ ürün satıldı!,3,2000,666.7,4.426354845963571,4951,6,1236,"[""50 TL Kupon"",""Kargo Bedava"",""Son 10 Günün En Düşük Fiyatı"",""Trendyol Plus'a Özel""]",11 saat 53 dakika içinde sipariş verirsen en geç yarın kargoda!,refreshed,0,https://www.trendyol.com/mamaaura/hamileler-icin-catlak-onleyici-maximum-elasticity-cream-150-ml-p-277595826?boutiqueId=61&merchantId=120843
kozmetik:kozmetik-vitrini,173,173,-31,40.7,20.8,780589053,779636,780589053:779636,Flormar Doğal Formüllü Kirpik Uzatıcı Maskara (Siyah) - Longer Than Ever Mascara - 001 Black - 8682536067119,Flormar,KAYI KOZ MED,495,,,InStock,Son 3 günde 500+ ürün satıldı!,3,500,166.7,4.609001264222504,10981,2,499,"[""Kargo Bedava"",""150 TL Kupon"",""789 TL Kupon"",""107 TL Kupon"",""Son 10 Günün En Düşük Fiyatı"",""Trendyol Plus'a Özel""]",1 saat 54 dakika içinde sipariş verirsen en geç bugün kargoda!,refreshed,0,https://www.trendyol.com/flormar/dogal-formullu-kirpik-uzatici-maskara-siyah-longer-than-ever-mascara-001-black-8682536067119-p-780589053?boutiqueId=61&merchantId=779636
kozmetik:kozmetik-vitrini,207,207,-31,27.4,4.3,1046389,205520,1046389:205520,"Bepanthol Sensidermi Krem 50g Çok Kuru, Atopik, Egzamalı Ciltler için Kızarıklık ve Giderici",Bepanthol,Eczanedeyim,394.37,401,-4.3,InStock,,,,,4.567674484317604,1643,2,1255,"[""Kargo Bedava"",""Son 10 Günün En Düşük Fiyatı"",""Son 10 günün en düşük fiyatı"",""Trendyol Plus'a Özel""]",2 saat 53 dakika içinde sipariş verirsen en geç bugün kargoda!,refreshed,0,https://www.trendyol.com/bepanthol/sensidermi-krem-50g-cok-kuru-atopik-egzamali-ciltler-icin-kizariklik-ve-giderici-p-1046389?boutiqueId=61&merchantId=205520
kozmetik:kozmetik-vitrini,53,53,-33,31.6,22.7,1146219011,132140,1146219011:132140,Güzellik Deposu 30D Premium İpek Kirpik Seti - 8-16mmMix Boy - Yapıştırıcı / Sabitleyici - Cımbız Dahil Full Set,Güzellik Deposu,Misyul İstanbul,349.9,387.3,0,InStock,Son 3 günde 250+ ürün satıldı!,3,250,83.3,4.140287769784172,163,4,141,"[""Sepette %1 İndirim"",""20 TL Kupon"",""Kargo Bedava"",""Son 10 Günün En Düşük Fiyatı""]",11 saat 57 dakika içinde sipariş verirsen en geç yarın kargoda!,refreshed,0,https://www.trendyol.com/guzellik-deposu/30d-premium-ipek-kirpik-seti-8-16mmmix-boy-yapistirici-sabitleyici-cimbiz-dahil-full-set-p-1146219011?boutiqueId=61&merchantId=132140
kozmetik:kozmetik-vitrini,178,178,-33,16.2,13.8,984248054,1081577,984248054:1081577,Golden Rose Mood Defining Lipliner No:07 Taupe Brown,Golden Rose,Golden Rose,181.87,,0,InStock,,,,,4.750000000000001,105,2,20,"[""Kargo Bedava""]",11 saat 54 dakika içinde sipariş verirsen en geç yarın kargoda!,refreshed,0,https://www.trendyol.com/golden-rose/mood-defining-lipliner-no-07-taupe-brown-p-984248054?boutiqueId=61&merchantId=1081577
kozmetik:kozmetik-vitrini,232,232,-33,28.6,19.2,1133206753,1168742,1133206753:1168742,Mas'dala EGAR Profesyonel İpek Kirpik Seti Doğal Görünümlü Kirpik Uygulama Kiti,Mas'dala EGAR,Masdala EGAR,459.84,475.08,0,InStock,Son 3 günde 250+ ürün satıldı!,3,250,83.3,4.316964285714286,449,1,228,"[""Kargo Bedava"",""Son 10 Günün En Düşük Fiyatı"",""Son 10 günün en düşük fiyatı""]",11 saat 52 dakika içinde sipariş verirsen en geç yarın kargoda!,refreshed,0,https://www.trendyol.com/mas-dala-egar/profesyonel-ipek-kirpik-seti-dogal-gorunumlu-kirpik-uygulama-kiti-p-1133206753?boutiqueId=61&merchantId=1168742
kozmetik:kozmetik-vitrini,41,41,-34,24.9,9.6,1026632918,107109,1026632918:107109,Yves Rocher Kolay Saç Tarama Spreyi - Tüm Saçlar/ Douceur -Vegan -150ml,Yves Rocher,Yves Rocher,649.9,,25,InStock,,,,,4.619001919385797,1289,21,59,"[""Sepette %20 İndirim"",""Kargo Bedava"",""Sepette %25 İndirim"",""5 TL Kupon"",""577,94 TL Kupon"",""50 TL Kupon"",""889 TL Kupon""]",11 saat 57 dakika içinde sipariş verirsen en geç yarın kargoda!,refreshed,0,https://www.trendyol.com/yves-rocher/kolay-sac-tarama-spreyi-tum-saclar-douceur-vegan-150ml-p-1026632918?boutiqueId=61&merchantId=107109
kozmetik:kozmetik-vitrini,97,97,-37,58,52,900146299,830154,900146299:830154,"CALLİEL Siyah Nokta Karşıtı, Onarıcı Blackhead Bubble 120 Ml",CALLİEL,Calliel,369,,84.6,InStock,Son 3 günde 2B+ ürün satıldı!,3,2000,666.7,4.203547805171377,3164,8,1491,"[""Kargo Bedava"",""Trendyol Plus'a Özel""]",Tahmini Teslim:,refreshed,0,https://www.trendyol.com/calliel/siyah-nokta-karsiti-onarici-blackhead-bubble-120-ml-p-900146299?boutiqueId=61&merchantId=830154
kozmetik:kozmetik-vitrini,103,103,-38,23.4,6.6,860172708,713034,860172708:713034,MOEN Profesyonel Diş Beyazlatma Seti 16 Led,MOEN,MOEN GLOBAL,1290,,43.4,InStock,,,,,4.373702422145329,849,1,1359,"[""Kargo Bedava"",""999 TL Kupon"",""50 TL Kupon"",""74,96 TL Kupon"",""Son 10 Günün En Düşük Fiyatı"",""Trendyol Plus'a Özel""]",11 saat 56 dakika içinde sipariş verirsen en geç yarın kargoda!,refreshed,0,https://www.trendyol.com/moen/profesyonel-dis-beyazlatma-seti-16-led-p-860172708?boutiqueId=61&merchantId=713034
kozmetik:kozmetik-vitrini,191,191,-40,28.3,1.7,59269653,1072118,59269653:1072118,MUJGAN Siyah Saplı 10'lu Makyaj Fırça Seti,MUJGAN,DGN TAKIKOZMETİK,191,,0,InStock,,,,,3.4103177314656645,3473,141,702,"[""30 TL Kupon"",""Sepette %2 İndirim"",""Sepette %1 İndirim"",""142 TL Kupon"",""181,27 TL Kupon"",""10 TL Kupon"",""Kargo Bedava"",""Trendyol Plus'a Özel""]",2 saat 53 dakika içinde sipariş verirsen en geç bugün kargoda!,refreshed,0,https://www.trendyol.com/mujgan/siyah-sapli-10-lu-makyaj-firca-seti-p-59269653?boutiqueId=61&merchantId=1072118
kozmetik:kozmetik-vitrini,128,128,-40,48.4,56.6,1138309399,830154,1138309399:830154,"CALLİEL 72 Saat Yoğun Nemlendirme Etikili, 20 SPF, 4D Hyaluronic Acid ve Cica Complex, Bariyer Destekleyici Nemlendirici 90 ML",CALLİEL,Calliel,405,,102.6,InStock,"Son 3 günde 1,5B+ ürün satıldı!",3,1500,500,4.133333333333332,841,5,223,"[""Kargo Bedava"",""Son 10 Günün En Düşük Fiyatı"",""Trendyol Plus'a Özel""]",4 saat 55 dakika içinde sipariş verirsen en geç bugün kargoda!,refreshed,0,https://www.trendyol.com/calliel/72-saat-yogun-nemlendirme-etikili-20-spf-4d-hyaluronic-acid-ve-cica-complex-bariyer-destekleyici-nemlendirici-90-ml-p-1138309399?boutiqueId=61&merchantId=830154
kozmetik:kozmetik-vitrini,165,165,-41,48,11.9,132494,245935,132494:245935,La Roche Posay Cicaplast Balm B5+ Tahriş Olmuş Ciltlere Yatıştırıcı ve Bariyer Onarıcı Yüz& Vücut Bakım Kremi 100ml,La Roche Posay,Kozvit,1259.93,1488.27,,InStock,Son 3 günde 250+ ürün satıldı!,3,250,83.3,4.5625517812758885,3645,175,2278,"[""Kargo Bedava"",""Son 10 Günün En Düşük Fiyatı"",""Süper Fırsat Ürünü"",""Son 10 günün en düşük fiyatı""]",2 saat 54 dakika içinde sipariş verirsen en geç bugün kargoda!,refreshed,0,https://www.trendyol.com/la-roche-posay/cicaplast-balm-b5-tahris-olmus-ciltlere-yatistirici-ve-bariyer-onarici-yuz-vucut-bakim-kremi-100ml-p-132494?boutiqueId=61&merchantId=245935
kozmetik:kozmetik-vitrini,195,195,-41,46.9,41.7,354098178,674296,354098178:674296,Mad Parfüm Mad W213 Selective 50 ml Kadın Parfüm,Mad Parfüm,MAD PARFÜM,599.99,,0,InStock,Son 3 günde 1B+ ürün satıldı!,3,1000,333.3,4.4227365554799185,6049,1,2372,"[""Kargo Bedava""]",Tahmini Teslim:,refreshed,0,https://www.trendyol.com/mad-parfum/mad-w213-selective-50-ml-kadin-parfum-p-354098178?boutiqueId=61&merchantId=674296
kozmetik:kozmetik-vitrini,213,213,-41,22.5,12.5,1027317771,969173,1027317771:969173,Celimax Retinal Shot Tightening Booster 15ml,Celimax,Globalcare Türkiye,900,947,0,InStock,,,,,4.357142857142857,155,1,288,"[""Kargo Bedava"",""810 TL Kupon"",""820 TL Kupon"",""Son 10 Günün En Düşük Fiyatı""]",11 saat 53 dakika içinde sipariş verirsen en geç yarın kargoda!,refreshed,0,https://www.trendyol.com/celimax/retinal-shot-tightening-booster-15ml-p-1027317771?boutiqueId=61&merchantId=969173
kozmetik:kozmetik-vitrini,79,79,-42,55.7,26.2,1133750226,1264974,1133750226:1264974,AVEONIX Shine Veil Parlak Ruj 01 Nemlendirici Pürüzsüz Dolgun Dudak Etkili Lipstick,AVEONIX,Duru Kozmetik ve Sağlıklı Yaşam,269.74,349,-22.7,InStock,Son 3 günde 500+ ürün satıldı!,3,500,166.7,4.374339259971168,1200,2,337,"[""Son 10 Günün En Düşük Fiyatı"",""Süper Fırsat Ürünü"",""Kargo Bedava"",""Son 10 günün en düşük fiyatı""]",Tahmini Teslim:,refreshed,0,https://www.trendyol.com/aveonix/shine-veil-parlak-ruj-01-nemlendirici-puruzsuz-dolgun-dudak-etkili-lipstick-p-1133750226?boutiqueId=61&merchantId=1264974
kozmetik:kozmetik-vitrini,185,185,-43,20.3,24.2,1185666558,224434,1185666558:224434,TGC Hair Care Cosmetic Yüz Maskesi Seti 3'lü Sheet Mask Niasinamid C Vitamini Hyalüronik Asit Aydınlatıcı Kağıt Maske,TGC Hair Care Cosmetic,TGC Hair Care & Cosmetic,250,,-28.4,InStock,Son 3 günde 250+ ürün satıldı!,3,250,83.3,4.870967741935484,104,3,54,"[""Sepette %25 İndirim"",""Sepette %20 İndirim"",""314,90 TL Kupon"",""Kargo Bedava"",""Trendyol Plus'a Özel""]",Tahmini Teslim:,refreshed,0,https://www.trendyol.com/tgc-hair-care-cosmetic/yuz-maskesi-seti-3-lu-sheet-mask-niasinamid-c-vitamini-hyaluronik-asit-aydinlatici-kagit-maske-p-1185666558?boutiqueId=61&merchantId=224434
kozmetik:kozmetik-vitrini,276,276,-43,21.1,8.9,924057556,1174892,924057556:1174892,The Ordinary Natural Moisturizing Factors + HA - Yüz Nemlendiricisi 30ml,The Ordinary,The Ordinary,445,,0,InStock,,,,,4.11715976331361,439,2,219,"[""Sepette %20 İndirim"",""445 TL Kupon"",""Kargo Bedava"",""Trendyol Plus'a Özel""]",Tahmini Teslim:,refreshed,0,https://www.trendyol.com/the-ordinary/natural-moisturizing-factors-ha-yuz-nemlendiricisi-30ml-p-924057556?boutiqueId=61&merchantId=1174892
kozmetik:kozmetik-vitrini,196,196,-47,32.3,12.3,274286591,107819,274286591:107819,Garnier Micellar Kusursuz Makyaj Temizleme Suyu 200ML 2'li Set,Garnier,L'Oreal,300.75,,0,InStock,Son 3 günde 250+ ürün satıldı!,3,250,83.3,4.584251968503937,3275,150,163,"[""Kargo Bedava""]",11 saat 53 dakika içinde sipariş verirsen en geç yarın kargoda!,refreshed,0,https://www.trendyol.com/garnier/micellar-kusursuz-makyaj-temizleme-suyu-200ml-2-li-set-p-274286591?boutiqueId=61&merchantId=107819
kozmetik:kozmetik-vitrini,174,174,-48,50.6,41.7,788015692,791156,788015692:791156,The Ceel Tüy İnceltici ve Nemlendirici Süt Isırgan Otu & Hyaluronik Asit Özlü 60 ml,The Ceel,The Ceel,414,,0,InStock,Son 3 günde 1B+ ürün satıldı!,3,1000,333.3,4.206860390379217,17293,5,6252,"[""Kargo Bedava"",""Sepette %1 İndirim""]",11 saat 54 dakika içinde sipariş verirsen en geç yarın kargoda!,refreshed,0,https://www.trendyol.com/the-ceel/tuy-inceltici-ve-nemlendirici-sut-isirgan-otu-hyaluronik-asit-ozlu-60-ml-p-788015692?boutiqueId=61&merchantId=791156
kozmetik:kozmetik-vitrini,56,56,-49,12.2,32.4,1184421386,365501,1184421386:365501,La Roche Posay Effaclar Supramolecular Karma ve Yağlı Ciltler İçin Yağ İçermeyen Gözenek Karşıtı Nemlendirici 40 ml,La Roche Posay,La Roche Posay,999,,0,InStock,Son 3 günde 250+ ürün satıldı!,3,250,83.3,4.647058823529412,9,1,27,"[""Kargo Bedava""]",Tahmini Teslim:,refreshed,0,https://www.trendyol.com/la-roche-posay/effaclar-supramolecular-karma-ve-yagli-ciltler-icin-yag-icermeyen-gozenek-karsiti-nemlendirici-40-ml-p-1184421386?boutiqueId=61&merchantId=365501
kozmetik:kozmetik-vitrini,124,124,-57,20.1,9.9,962519111,124339,962519111:124339,Diana Monroe 9'lu Göz Farı Paleti,Diana Monroe,DIANA MONROE,399,,0,InStock,,,,,4.563714902807775,320,1,23,"[""Sepette %25 İndirim"",""Kargo Bedava""]",Tahmini Teslim:,refreshed,0,https://www.trendyol.com/diana-monroe/9-lu-goz-fari-paleti-p-962519111?boutiqueId=61&merchantId=124339
kozmetik:kozmetik-vitrini,249,249,-57,32.1,27.1,866179587,685806,866179587:685806,DEMPOWER Şarjlı Ayak Törpüsü - Pedikür ve Ayak Bakım Aleti,DEMPOWER,İndirimSevinci,328,,0,InStock,Son 3 günde 500+ ürün satıldı!,3,500,166.7,4.049577464788732,938,1,326,"[""Sepette %1 İndirim"",""1.499 TL Kupon"",""159 TL Kupon"",""Kargo Bedava""]",1 saat 52 dakika içinde sipariş verirsen en geç bugün kargoda!,refreshed,0,https://www.trendyol.com/dempower/sarjli-ayak-torpusu-pedikur-ve-ayak-bakim-aleti-p-866179587?boutiqueId=61&merchantId=685806
kozmetik:kozmetik-vitrini,194,194,-63,27.1,2.9,844065301,1194094,844065301:1194094,"ILLUSIONE Lumiére Edp Kadın Parfüm 50ml | Tatlı - Vanilya - Gurme | Narenciye, Müge, Orkide, Misk",ILLUSIONE,ILLUSIONE PERFUME,1199,,0,InStock,,,,,4.145334434351775,2438,2,519,"[""Sepette %35 İndirim"",""Kargo Bedava"",""Trendyol Plus'a Özel""]",53 dakika 46 saniye içinde sipariş verirsen en geç bugün kargoda!,refreshed,0,https://www.trendyol.com/illusione/lumiere-edp-kadin-parfum-50ml-tatli-vanilya-gurme-narenciye-muge-orkide-misk-p-844065301?boutiqueId=61&merchantId=1194094
kozmetik:kozmetik-vitrini,262,262,-66,23.6,6.4,1068908,592566,1068908:592566,Bioxcin Forte 300 ml Şampuan - Yoğun Dökülme Şampuanı Tüm Saç Tipleri,Bioxcin,Bioxcin,311.99,,25,InStock,,,,,4.3543010752688165,897,123,445,"[""Sepette %20 İndirim"",""Kargo Bedava""]",Tahmini Teslim:,refreshed,0,https://www.trendyol.com/bioxcin/forte-300-ml-sampuan-yogun-dokulme-sampuani-tum-sac-tipleri-p-1068908?boutiqueId=61&merchantId=592566
kozmetik:kozmetik-vitrini,242,242,-69,31.9,27.3,865200580,1031124,865200580:1031124,THE BATH FACTORY Sweet Vanilla Vücut Spreyi 200 ml,THE BATH FACTORY,The Bath Factory,499,,44.6,InStock,Son 3 günde 500+ ürün satıldı!,3,500,166.7,4.218819599109131,885,2,133,"[""Kargo Bedava""]",11 saat 52 dakika içinde sipariş verirsen en geç yarın kargoda!,refreshed,0,https://www.trendyol.com/the-bath-factory/sweet-vanilla-vucut-spreyi-200-ml-p-865200580?boutiqueId=61&merchantId=1031124
kozmetik:kozmetik-vitrini,250,250,-69,42.7,45.6,971346872,733266,971346872:733266,LumenaScent L101 Kadın Parfüm Floral Edp 50 ml,LumenaScent,FarmaStar,449,,0,InStock,Son 3 günde 1B+ ürün satıldı!,3,1000,333.3,4.00615085788281,1793,1,272,"[""Kargo Bedava"",""Trendyol Plus'a Özel""]",Tahmini Teslim:,refreshed,0,https://www.trendyol.com/lumenascent/l101-kadin-parfum-floral-edp-50-ml-p-971346872?boutiqueId=61&merchantId=733266
kozmetik:kozmetik-vitrini,77,77,-71,35.5,23.7,848718397,791156,848718397:791156,The Ceel 3’lü Saç Bakım Seti – Dökülmeye Eğilimli ve Yıpranmış Saçlar İçin,The Ceel,The Ceel,999.9,,121,InStock,Son 3 günde 500+ ürün satıldı!,3,500,166.7,4.347109120521172,2485,1,1693,"[""150 TL Kupon"",""Kargo Bedava""]",11 saat 56 dakika içinde sipariş verirsen en geç yarın kargoda!,refreshed,0,https://www.trendyol.com/the-ceel/3-lu-sac-bakim-seti-dokulmeye-egilimli-ve-yipranmis-saclar-icin-p-848718397?boutiqueId=61&merchantId=791156
kozmetik:kozmetik-vitrini,172,172,-76,12.8,17.2,1147624627,2727,1147624627:2727,Pierre Cardin Color Travel Eyeshadow Pen-Green to Gold-106,Pierre Cardin,Miorre,273,,0,InStock,,,,,4.628571428571429,39,1,1,"[""Sepette %55 İndirim"",""Sepette %2 İndirim"",""Kargo Bedava""]",11 saat 54 dakika içinde sipariş verirsen en geç yarın kargoda!,refreshed,0,https://www.trendyol.com/pierre-cardin/color-travel-eyeshadow-pen-green-to-gold-106-p-1147624627?boutiqueId=61&merchantId=2727
kozmetik:kozmetik-vitrini,277,277,-82,19.4,10.6,991253088,1168206,991253088:1168206,Pantene Nem Yüklemesi Heat & Glow Durulanmayan Krem 135ml,Pantene,P&G Türkiye,327.14,,33.3,InStock,,,,,4.568396226415095,266,7,84,"[""Sepette %25 İndirim"",""Kargo Bedava""]",Tahmini Teslim:,refreshed,0,https://www.trendyol.com/pantene/nem-yuklemesi-heat-glow-durulanmayan-krem-135ml-p-991253088?boutiqueId=61&merchantId=1168206
kozmetik:kozmetik-vitrini,268,268,-83,29.4,29.8,1183220792,691163,1183220792:691163,"Xoom Liberty Kalıcı Etkili Duş Jeli 200 ML – Cildi nemlendiren , Kalıcı Koku",Xoom,SoWhat Kozmetik,294,,,InStock,Son 3 günde 500+ ürün satıldı!,3,500,166.7,4.849344978165939,425,127,8,"[""15 TL Kupon"",""Kargo Bedava"",""Son 10 Günün En Düşük Fiyatı""]",11 saat 51 dakika içinde sipariş verirsen en geç yarın kargoda!,refreshed,0,https://www.trendyol.com/xoom/liberty-kalici-etkili-dus-jeli-200-ml-cildi-nemlendiren-kalici-koku-p-1183220792?boutiqueId=61&merchantId=691163
kozmetik:kozmetik-vitrini,245,245,-84,29.3,15.3,923135727,968283,923135727:968283,h.OLA Baking Powder | Makyaj Sabitleyici Toz Pudra | Transparent,h.OLA,HOLA TÜRKİYE,429.9,,0,InStock,Son 3 günde 250+ ürün satıldı!,3,250,83.3,4.414797323888233,1387,32,488,"[""Kargo Bedava""]",11 saat 52 dakika içinde sipariş verirsen en geç yarın kargoda!,refreshed,0,https://www.trendyol.com/h-ola/baking-powder-makyaj-sabitleyici-toz-pudra-transparent-p-923135727?boutiqueId=61&merchantId=968283
kozmetik:kozmetik-vitrini,147,147,-84,38.5,20.8,1116227440,224434,1116227440:224434,TGC Hair Care Cosmetic TGC Bitkisel Saç Bakım Yağı,TGC Hair Care Cosmetic,TGC Hair Care & Cosmetic,400,,-57.9,InStock,Son 3 günde 500+ ürün satıldı!,3,500,166.7,4.752511300853842,5916,16,1158,"[""Kargo Bedava"",""763,69 TL Kupon"",""311 TL Kupon"",""Son 10 Günün En Düşük Fiyatı"",""Trendyol Plus'a Özel""]",Tahmini Teslim:,refreshed,0,https://www.trendyol.com/tgc-hair-care-cosmetic/tgc-bitkisel-sac-bakim-yagi-p-1116227440?boutiqueId=61&merchantId=224434
kozmetik:kozmetik-vitrini,292,292,-85,25.3,4.7,952212200,549340,952212200:549340,lykd Makyaj Sabitleyici Sprey Dewy,lykd,PlnDesign,298,,,InStock,,,,,4.366118175018698,1469,1,596,"[""11 TL Kupon"",""Kargo Bedava"",""Son 10 Günün En Düşük Fiyatı""]",11 saat 51 dakika içinde sipariş verirsen en geç yarın kargoda!,refreshed,0,https://www.trendyol.com/lykd/makyaj-sabitleyici-sprey-dewy-p-952212200?boutiqueId=61&merchantId=549340
kozmetik:kozmetik-vitrini,100,100,-91,57.7,12.3,2505392,104937,2505392:104937,Avene Cleanance Yağlı ve Akneye Eğilimli Ciltler için Matlaştırıcı Yüz Temizleme Jeli 400 ml,Avene,Sachane,746,1000,,InStock,Son 3 günde 250+ ürün satıldı!,3,250,83.3,4.53939899833055,3277,182,1455,"[""Kargo Bedava"",""Son 10 Günün En Düşük Fiyatı"",""Süper Fırsat Ürünü"",""Son 10 günün en düşük fiyatı""]",11 saat 56 dakika içinde sipariş verirsen en geç yarın kargoda!,refreshed,0,https://www.trendyol.com/avene/cleanance-yagli-ve-akneye-egilimli-ciltler-icin-matlastirici-yuz-temizleme-jeli-400-ml-p-2505392?boutiqueId=61&merchantId=104937
kozmetik:kozmetik-vitrini,278,278,-94,48,20.8,851615150,107302,851615150:107302,Sinoz Pink Touch Anında Ton Eşitleyici Leke Karşıtı SPF50+ Pembe Sıvı Yüz Güneş Kremi PA++++ 50ml,Sinoz,Sinoz Kozmetik,453.39,499,0,InStock,Son 3 günde 500+ ürün satıldı!,3,500,166.7,4.395690018250738,6613,7,2443,"[""Kargo Bedava"",""Son 10 Günün En Düşük Fiyatı"",""Son 10 günün en düşük fiyatı""]",11 saat 51 dakika içinde sipariş verirsen en geç yarın kargoda!,refreshed,0,https://www.trendyol.com/sinoz/pink-touch-aninda-ton-esitleyici-leke-karsiti-spf50-pembe-sivi-yuz-gunes-kremi-pa-50ml-p-851615150?boutiqueId=61&merchantId=107302
kozmetik:kozmetik-vitrini,299,299,-94,14.2,15.8,1147632967,2727,1147632967:2727,Pierre Cardin Color Travel Eyeshadow Pen-Violet to Bronze-115,Pierre Cardin,Miorre,273,,0,InStock,,,,,4.58252427184466,59,2,0,"[""Sepette %55 İndirim"",""Sepette %2 İndirim"",""Kargo Bedava""]",11 saat 51 dakika içinde sipariş verirsen en geç yarın kargoda!,refreshed,0,https://www.trendyol.com/pierre-cardin/color-travel-eyeshadow-pen-violet-to-bronze-115-p-1147632967?boutiqueId=61&merchantId=2727
kozmetik:kozmetik-vitrini,190,190,-95,29.7,14.9,906087869,106852,906087869:106852,Siveno %100 Doğal Biberiye Suyu Saç Dökülmesi Karşıtı ve Hızlı Saç Uzatma Etkili Saç Toniği 150 ml,Siveno,Siveno,199.9,,9.8,InStock,Son 3 günde 250+ ürün satıldı!,3,250,83.3,4.413828689370485,1534,1,519,"[""Kargo Bedava""]",11 saat 53 dakika içinde sipariş verirsen en geç yarın kargoda!,refreshed,0,https://www.trendyol.com/siveno/100-dogal-biberiye-suyu-sac-dokulmesi-karsiti-ve-hizli-sac-uzatma-etkili-sac-tonigi-150-ml-p-906087869?boutiqueId=61&merchantId=106852
kozmetik:kozmetik-vitrini,208,208,-96,44.7,43.6,840702945,143746,840702945:143746,ORNATE Karınca Yumurtası Bakım Yağı 20 ml Vegan Formic Asit Aloe Vera Kuru Ve Hassas Ciltler,ORNATE,Ornate,199.99,,0,InStock,Son 3 günde 1B+ ürün satıldı!,3,1000,333.3,4.253857893844328,3184,1,1018,"[""Kargo Bedava"",""Trendyol Plus'a Özel""]",11 saat 53 dakika içinde sipariş verirsen en geç yarın kargoda!,refreshed,0,https://www.trendyol.com/ornate/karinca-yumurtasi-bakim-yagi-20-ml-vegan-formic-asit-aloe-vera-kuru-ve-hassas-ciltler-p-840702945?boutiqueId=61&merchantId=143746
kozmetik:kozmetik-vitrini,212,212,-98,33.8,25.4,1063918151,1279865,1063918151:1279865,La Vielle Midnight Bloom Floral Body Mist 200 ml,La Vielle,Viel Kozmetik,350,,0,InStock,Son 3 günde 500+ ürün satıldı!,3,500,166.7,3.7947133539306557,1515,13,269,"[""Kargo Bedava"",""Son 10 Günün En Düşük Fiyatı"",""Trendyol Plus'a Özel""]",Tahmini Teslim:,refreshed,0,https://www.trendyol.com/la-vielle/midnight-bloom-floral-body-mist-200-ml-p-1063918151?boutiqueId=61&merchantId=1279865
kozmetik:kozmetik-vitrini,291,291,-98,20.3,9.7,238937,155235,238937:155235,Otacı Bitkisel Saç Şekillendirici Orta & Sert Tutuş 150ML,Otacı,Otacı Bitkisel,539,,122.2,InStock,,,,,4.458646616541353,346,6,192,"[""Sepette %50 İndirim"",""Kargo Bedava"",""Son 10 Günün En Düşük Fiyatı""]",Tahmini Teslim:,refreshed,0,https://www.trendyol.com/otaci/bitkisel-sac-sekillendirici-orta-sert-tutus-150ml-p-238937?boutiqueId=61&merchantId=155235
kozmetik:kozmetik-vitrini,270,270,-105,39.5,12.2,6646567,4473,6646567:4473,Flormar 4'lü Makyaj Fırçası Seti (Allık-Fondöten-Far-Crease) - Makeup Brush Set - 8690604597772,Flormar,Flormar,649.99,699.99,14,InStock,Son 3 günde 250+ ürün satıldı!,3,250,83.3,4.694444444444445,3373,40,153,"[""Kargo Bedava"",""Son 10 Günün En Düşük Fiyatı"",""Trendyol Plus'a Özel""]",Tahmini Teslim:,refreshed,0,https://www.trendyol.com/flormar/4-lu-makyaj-fircasi-seti-allik-fondoten-far-crease-makeup-brush-set-8690604597772-p-6646567?boutiqueId=61&merchantId=4473
kozmetik:kozmetik-vitrini,300,300,-105,20.9,9.1,867108754,781333,867108754:781333,Rivance Dökülme Karşıtı Ve Hızlı Saç Uzamasına Yardımcı Canlandırıcı %100 Doğal Saç Toniği,Rivance,Rivance,178.5,,-1,InStock,,,,,4.100496277915632,409,26,233,"[""Kargo Bedava""]",4 saat 51 dakika içinde sipariş verirsen en geç bugün kargoda!,refreshed,0,https://www.trendyol.com/rivance/dokulme-karsiti-ve-hizli-sac-uzamasina-yardimci-canlandirici-100-dogal-sac-tonigi-p-867108754?boutiqueId=61&merchantId=781333
kozmetik:kozmetik-vitrini,274,274,-106,35.2,24,187961048,651821,187961048:651821,Motto Plus Professional Dökülme Önleyici Şok Bakım & Saç Vitamini 5li Ampul,Motto Plus Professional,depommarket,311,,,InStock,Son 3 günde 500+ ürün satıldı!,3,500,166.7,4.070557491289199,2271,55,3123,"[""Kargo Bedava""]",11 saat 51 dakika içinde sipariş verirsen en geç yarın kargoda!,refreshed,0,https://www.trendyol.com/motto-plus-professional/dokulme-onleyici-sok-bakim-sac-vitamini-5li-ampul-p-187961048?boutiqueId=61&merchantId=651821
kozmetik:kozmetik-vitrini,228,228,-108,81.4,5.8,947449216,891275,947449216:891275,Kremi Cooling Eye Cream Göz Kremi |Göz Çevresi Nemlendirici Aydınlatıcı| Avokado Kafein Gingseng Moringa,Kremi,Kremi,299.9,699.9,0,InStock,,,,,4.038407494145199,1061,1,223,"[""Son 10 Günün En Düşük Fiyatı"",""Sepette %1 İndirim"",""Kargo Bedava"",""Trendyol Plus'a Özel""]",3 saat 52 dakika içinde sipariş verirsen en geç bugün kargoda!,refreshed,0,https://www.trendyol.com/kremi/cooling-eye-cream-goz-kremi-goz-cevresi-nemlendirici-aydinlatici-avokado-kafein-gingseng-moringa-p-947449216?boutiqueId=61&merchantId=891275
kozmetik:kozmetik-vitrini,182,182,-113,37.5,21.7,871006089,1319448,871006089:1319448,Embeauty Besleyici Keratin Kolajen Saç Bakım Sütü 200 ML,Embeauty,Kozmetik Dünyanız,330,,0,InStock,Son 3 günde 500+ ürün satıldı!,3,500,166.7,4.339514978601997,4410,3,804,"[""Sepette %20 İndirim"",""Sepette %60 İndirim"",""599,99 TL Kupon"",""321,82 TL Kupon"",""449,90 TL Kupon"",""Kargo Bedava"",""Son 10 Günün En Düşük Fiyatı"",""Trendyol Plus'a Özel""]",11 saat 54 dakika içinde sipariş verirsen en geç yarın kargoda!,refreshed,0,https://www.trendyol.com/embeauty/besleyici-keratin-kolajen-sac-bakim-sutu-200-ml-p-871006089?boutiqueId=61&merchantId=1319448
kozmetik:kozmetik-vitrini,152,152,-120,22.5,7.5,1158214714,224434,1158214714:224434,TGC Hair Care Cosmetic TGC Şampuan,TGC Hair Care Cosmetic,TGC Hair Care & Cosmetic,450,,-54.5,InStock,,,,,4.72508896797153,641,9,111,"[""Kargo Bedava"",""Sepette %18 İndirim"",""Sepette %20 İndirim"",""Sepette %25 İndirim"",""Trendyol Plus'a Özel""]",Tahmini Teslim:,refreshed,0,https://www.trendyol.com/tgc-hair-care-cosmetic/tgc-sampuan-p-1158214714?boutiqueId=61&merchantId=224434
kozmetik:kozmetik-vitrini,293,293,-124,17.2,12.8,1177887440,107599,1177887440:107599,"RESETIFY Retinal (%0,2) Shot NAD + PDRN Tightening Dual Cream 40 ML",RESETIFY,ENUCUZAVN,733,,-14.8,InStock,,,,,4.445086705202312,140,13,52,"[""Kargo Bedava"",""174 TL Kupon"",""50 TL Kupon"",""Son 10 Günün En Düşük Fiyatı"",""Trendyol Plus'a Özel""]",11 saat 51 dakika içinde sipariş verirsen en geç yarın kargoda!,refreshed,0,https://www.trendyol.com/resetify/retinal-0-2-shot-nad-pdrn-tightening-dual-cream-40-ml-p-1177887440?boutiqueId=61&merchantId=107599
kozmetik:kozmetik-vitrini,297,297,-124,22.4,7.6,1068897,426310,1068897:426310,Bebak Acı Badem Sütü 120 ml,Bebak,BEBAK,149,,0,InStock,,,,,4.509218612818262,630,10,271,"[""20 TL Kupon"",""Kargo Bedava"",""Son 10 Günün En Düşük Fiyatı"",""Trendyol Plus'a Özel""]",11 saat 51 dakika içinde sipariş verirsen en geç yarın kargoda!,refreshed,0,https://www.trendyol.com/bebak/aci-badem-sutu-120-ml-p-1068897?boutiqueId=61&merchantId=426310
kozmetik:kozmetik-vitrini,150,150,-125,56.5,50,841178228,650812,841178228:650812,Jeven Brus Kiss Me Erkek Parfüm - Edp 50 ml,Jeven Brus,Jeven Brus Parfüm,1890,,0,InStock,"Son 3 günde 1,5B+ ürün satıldı!",3,1500,500,4.227313701923077,8700,16,1413,"[""Kargo Bedava""]",2 saat 54 dakika içinde sipariş verirsen en geç bugün kargoda!,refreshed,0,https://www.trendyol.com/jeven-brus/kiss-me-erkek-parfum-edp-50-ml-p-841178228?boutiqueId=61&merchantId=650812
kozmetik:kozmetik-vitrini,155,155,-129,38.5,0,123722379,1255498,123722379:1255498,Dermoten Repage Yaşlanma Karşıtı Kolajen & Kırmızı Yosun Cilt Bakım Kremi 50 ml,Dermoten,FEMED SAĞLIK,285,306,-6.9,InStock,,,,,4.680033698399326,9012,282,1120,"[""20 TL Kupon"",""Son 10 Günün En Düşük Fiyatı"",""Sepette %1 İndirim"",""Kargo Bedava"",""Son 10 günün en düşük fiyatı""]",Tahmini Teslim:,refreshed,0,https://www.trendyol.com/dermoten/repage-yaslanma-karsiti-kolajen-kirmizi-yosun-cilt-bakim-kremi-50-ml-p-123722379?boutiqueId=61&merchantId=1255498
kozmetik:kozmetik-vitrini,222,222,-135,32.6,26.5,353751631,565865,353751631:565865,Agarta Doğal El Yapımı Cilt Beyazlatıcı Pirinç Sabunu 150 Gr,Agarta,AGARTA BİTKİSEL KOZMETİK,90.11,,5.1,InStock,Son 3 günde 500+ ürün satıldı!,3,500,166.7,4.453883495145631,1093,1,347,"[""Sepette %1 İndirim"",""Kargo Bedava"",""Trendyol Plus'a Özel""]",11 saat 53 dakika içinde sipariş verirsen en geç yarın kargoda!,refreshed,0,https://www.trendyol.com/agarta/dogal-el-yapimi-cilt-beyazlatici-pirinc-sabunu-150-gr-p-353751631?boutiqueId=61&merchantId=565865
kozmetik:kozmetik-vitrini,294,294,-136,38,21.1,1263243,107819,1263243:107819,"Garnier Micellar Makyaj Temizleme Suyu 400ML, 24 Saat Nemlendirme, Hassas Ciltler için",Garnier,L'Oreal,286.15,,0,InStock,Son 3 günde 500+ ürün satıldı!,3,500,166.7,4.680834706205381,5148,228,306,"[""Kargo Bedava"",""Son 10 Günün En Düşük Fiyatı""]",11 saat 51 dakika içinde sipariş verirsen en geç yarın kargoda!,refreshed,0,https://www.trendyol.com/garnier/micellar-makyaj-temizleme-suyu-400ml-24-saat-nemlendirme-hassas-ciltler-icin-p-1263243?boutiqueId=61&merchantId=107819
kozmetik:kozmetik-vitrini,259,259,-165,33.1,26,947441664,164987,947441664:164987,The Purest Solutions Hidrokolloid Akne ve Sivilce Karşıtı & Yatıştırıcı Bant 36'lı Patch,The Purest Solutions,The Purest Solutions,199.9,,2.6,InStock,Son 3 günde 500+ ürün satıldı!,3,500,166.7,3.9055232558139537,1256,47,162,"[""Kargo Bedava""]",11 saat 52 dakika içinde sipariş verirsen en geç yarın kargoda!,refreshed,0,https://www.trendyol.com/the-purest-solutions/hidrokolloid-akne-ve-sivilce-karsiti-yatistirici-bant-36-li-patch-p-947441664?boutiqueId=61&merchantId=164987
kozmetik:kozmetik-vitrini,283,283,-192,14.4,15.6,2959708,847455,2959708:847455,Neutrogena Norveç Formülü Hızlı Emilen Ekspres Vücut Spreyi 200 ml,Neutrogena,Novelty,488.88,,,InStock,,,,,4.650793650793651,62,1,9,"[""Kargo Bedava"",""Sepette %20 İndirim"",""809,48 TL Kupon"",""199,99 TL Kupon"",""50 TL Kupon"",""Son 10 Günün En Düşük Fiyatı"",""Trendyol Plus'a Özel""]",11 saat 51 dakika içinde sipariş verirsen en geç yarın kargoda!,refreshed,0,https://www.trendyol.com/neutrogena/norvec-formulu-hizli-emilen-ekspres-vucut-spreyi-200-ml-p-2959708?boutiqueId=61&merchantId=847455
kozmetik:kozmetik-vitrini,273,273,-196,28,17.9,1089826379,361197,1089826379:361197,Dr.Melaxin Kalsiyum İçerikli | Kırışıklık Karşıtı | Sıkılaştırıcı | Multi Balm 9gr,Dr.Melaxin,7co,913.28,925.33,-1.3,InStock,Son 3 günde 250+ ürün satıldı!,3,250,83.3,4.441860465116279,648,24,206,"[""Kargo Bedava"",""Son 10 Günün En Düşük Fiyatı"",""Son 10 günün en düşük fiyatı""]",1 saat 51 dakika içinde sipariş verirsen en geç bugün kargoda!,refreshed,0,https://www.trendyol.com/dr-melaxin/kalsiyum-icerikli-kirisiklik-karsiti-sikilastirici-multi-balm-9gr-p-1089826379?boutiqueId=61&merchantId=361197
kozmetik:kozmetik-vitrini,234,234,-202,29.9,14.6,936185837,107819,936185837:107819,NYX Professional Makeup Buttermelt Highlighter Kremsi Pudra Aydınlatıcı - 05 Bright & Butta,NYX Professional Makeup,L'Oreal,1149.99,,0,InStock,Son 3 günde 250+ ürün satıldı!,3,250,83.3,4.573319027181688,1669,1,81,"[""Sepette %40 İndirim"",""Kargo Bedava""]",11 saat 52 dakika içinde sipariş verirsen en geç yarın kargoda!,refreshed,0,https://www.trendyol.com/nyx-professional-makeup/buttermelt-highlighter-kremsi-pudra-aydinlatici-05-bright-butta-p-936185837?boutiqueId=61&merchantId=107819
kozmetik:kozmetik-vitrini,285,285,-237,18.1,11.9,1040409524,1292245,1040409524:1292245,"Trade Bazaar 800 Parça Kendin Yap Kirpik Seti – 9-16mm Küme Kirpikler, Cımbız, Fırça ve Yapıştırıcı ile Birlikte",Trade Bazaar,RK Cosmetics,470,,,InStock,,,,,3.8452380952380953,184,34,116,"[""Kargo Bedava"",""Sepette %1 İndirim"",""20 TL Kupon"",""37 TL Kupon"",""Son 10 Günün En Düşük Fiyatı""]",11 saat 51 dakika içinde sipariş verirsen en geç yarın kargoda!,refreshed,0,https://www.trendyol.com/trade-bazaar/800-parca-kendin-yap-kirpik-seti-9-16mm-kume-kirpikler-cimbiz-firca-ve-yapistirici-ile-birlikte-p-1040409524?boutiqueId=61&merchantId=1292245
