rank_scope,rank_scope_position,bestseller_rank,rank_delta,trend_score,niche_score,product_id,merchant_id,offer_key,title,brand,seller_name,price,original_price,price_delta_percent,stock_status,sales_signal,sales_signal_days,sales_signal_min,sales_signal_daily_min,rating,review_count,review_delta,question_count,campaigns,delivery_summary,detail_status,detail_age_days,url
cocuk:cocuk-oyuncak,48,156,,60.1,16.5,881786508,357670,881786508:357670,YAHO OYUNCAĞIN DOĞAL HALİ Ahşap 10 mm Renkli Boncuk (50 adet),YAHO OYUNCAĞIN DOĞAL HALİ,Yüce Oyuncak,21.72,39.9,,InStock,,,,,4.37984496124031,64,,23,"[""Son 10 Günün En Düşük Fiyatı"",""Süper Fırsat Ürünü"",""Kargo Bedava"",""Son 10 günün en düşük fiyatı""]",Tahmini Teslim:,refreshed,0,https://www.trendyol.com/yaho-oyuncagin-dogal-hali/ahsap-10-mm-renkli-boncuk-50-adet-p-881786508?boutiqueId=61&merchantId=357670
cocuk:cocuk-oyuncak,159,267,,60.6,12.7,922134851,968,922134851:968,HOBBY HOUSE Led Ocaklı Ahşap Oyuncak Mutfak Tezgahı - Pembe,HOBBY HOUSE,Trendyol,1799,3172.24,,InStock,,,,,4.401869158878505,144,,,"[""Son 10 Günün En Düşük Fiyatı"",""Son 10 günün en düşük fiyatı""]",Tahmini Teslim:,refreshed,0,https://www.trendyol.com/hobby-house/led-ocakli-ahsap-oyuncak-mutfak-tezgahi-pembe-p-922134851?boutiqueId=689716&merchantId=968
cocuk:cocuk-oyuncak,73,181,-15,60,11.9,884847125,109643,884847125:109643,UNO Kart Oyunu W2087,UNO,Rüya Gezegeni,74.99,129,0,InStock,,,,,3.7551622418879056,184,0,55,"[""Son 10 Günün En Düşük Fiyatı"",""Sepette %1 İndirim"",""435 TL Kupon"",""199,99 TL Kupon"",""300,05 TL Kupon"",""Kargo Bedava"",""Son 10 günün en düşük fiyatı"",""Trendyol Plus'a Özel""]",Tahmini Teslim:,refreshed,0,https://www.trendyol.com/uno/kart-oyunu-w2087-p-884847125?boutiqueId=61&merchantId=109643
cocuk:cocuk-oyuncak,125,233,40,49.2,20.8,1182871494,517848,1182871494:517848,FBZhome 2 Adet Magnetic Cars Manyetik Araç Oyun Seti - Manyetik Yapı Blokları Araba Eklentisi,FBZhome,FBZHOME,299.9,499.9,0,InStock,,,,,4.173913043478261,13,0,,"[""Kargo Bedava""]",Tahmini Teslim:,refreshed,0,https://www.trendyol.com/fbzhome/2-adet-magnetic-cars-manyetik-arac-oyun-seti-manyetik-yapi-bloklari-araba-eklentisi-p-1182871494?boutiqueId=61&merchantId=517848
cocuk:genel-cocuk,86,86,,56.8,11.4,901584036,969444,901584036:969444,CRASSİ Erkek Çocuk T-Shirt Okulluk,CRASSİ,CRASSI,179.28,289.99,,InStock,,,,,4.4609756097560975,208,,,"[""Son 10 Günün En Düşük Fiyatı"",""Süper Fırsat Ürünü"",""Kargo Bedava"",""Son 10 günün en düşük fiyatı""]",Tahmini Teslim:,refreshed,0,https://www.trendyol.com/crassi/erkek-cocuk-t-shirt-okulluk-p-901584036?boutiqueId=61&merchantId=969444
cocuk:genel-cocuk,103,103,,53.4,12.7,120594621,497870,120594621:497870,Genel Markalar Penye Polo Yaka Turuncu Okul T-shirt,Genel Markalar,FATELLA FASHION,280.54,439,,InStock,,,,,4.078189300411523,144,,,"[""Son 10 Günün En Düşük Fiyatı"",""Kargo Bedava"",""Son 10 günün en düşük fiyatı""]",Tahmini Teslim:,refreshed,0,https://www.trendyol.com/genel-markalar/penye-polo-yaka-turuncu-okul-t-shirt-p-120594621?boutiqueId=61&merchantId=497870
cocuk:cocuk-oyuncak,192,300,,55.3,9.3,43760183,158005,43760183:158005,Solo Test Zeka Oyunu Oyuncağı,Solo,COŞKUN AVM,32.71,49.98,,InStock,,,,,4.163934426229508,391,,,"[""Son 10 Günün En Düşük Fiyatı"",""Kargo Bedava"",""Son 10 günün en düşük fiyatı""]",Tahmini Teslim:,refreshed,0,https://www.trendyol.com/solo/test-zeka-oyunu-oyuncagi-p-43760183?boutiqueId=61&merchantId=158005
cocuk:genel-cocuk,98,98,,52,10.4,938406717,106292,938406717:106292,Tonny Black Çocuk Unisex Bej Leopar Termo Taban Yıldız Detaylı Bağcıklı ve Cırtlı Spor Ayakkabı,Tonny Black,Tonny Black,675.97,999.95,,InStock,,,,,4.354014598540146,282,,,"[""Kargo Bedava"",""Son 10 Günün En Düşük Fiyatı"",""Süper Fırsat Ürünü"",""Son 10 günün en düşük fiyatı""]",Tahmini Teslim:,refreshed,0,https://www.trendyol.com/tonny-black/cocuk-unisex-bej-leopar-termo-taban-yildiz-detayli-bagcikli-ve-cirtli-spor-ayakkabi-p-938406717?boutiqueId=61&merchantId=106292
cocuk:cocuk-oyuncak,142,250,68,48.3,7.3,219048657,1241759,219048657:1241759,LEGO ® City Polis Arabası 60312 - 5+ Yaratıcı Oyuncak Yapım Seti (94Parça),LEGO,A-World,520.02,699,,InStock,,,,,4.7928159076330985,687,0,,"[""Kargo Bedava"",""Son 10 Günün En Düşük Fiyatı"",""Son 10 günün en düşük fiyatı""]",Tahmini Teslim:,refreshed,0,https://www.trendyol.com/lego/city-polis-arabasi-60312-5-yaratici-oyuncak-yapim-seti-94parca-p-219048657?boutiqueId=61&merchantId=1241759
cocuk:cocuk-oyuncak,189,297,,45.7,9.1,865430663,357670,865430663:357670,YAHO OYUNCAĞIN DOĞAL HALİ Ahşap Kuş Evi Boyama(ETKİNLİK IÇİN),YAHO OYUNCAĞIN DOĞAL HALİ,Yüce Oyuncak,37.53,49.9,,InStock,,,,,4.412816691505216,412,,,"[""Son 10 Günün En Düşük Fiyatı"",""Kargo Bedava"",""Son 10 günün en düşük fiyatı""]",Tahmini Teslim:,refreshed,0,https://www.trendyol.com/yaho-oyuncagin-dogal-hali/ahsap-kus-evi-boyama-etkinlik-icin-p-865430663?boutiqueId=61&merchantId=357670
cocuk:genel-cocuk,72,72,16,44.3,9.9,968596595,4227,968596595:4227,Katia & Bony Çocuk 10'lu Karışık Sürpriz Paket Step Çorap,Katia & Bony,Katia and Bony,148.43,195.9,-35.4,InStock,,,,,3.7996146435452793,329,6,,"[""Sepette %2 İndirim"",""Kargo Bedava"",""Trendyol Plus'a Özel""]",Tahmini Teslim:,refreshed,0,https://www.trendyol.com/katia-bony/cocuk-10-lu-karisik-surpriz-paket-step-corap-p-968596595?boutiqueId=61&merchantId=4227
cocuk:cocuk-oyuncak,71,179,9,45.9,4.4,72392826,816959,72392826:816959,Genel Markalar Ahşap Kızma Birader Kutu Oyunu,Genel Markalar,212toyzz,116.38,146.02,0,InStock,,,,,4.405678851174935,1594,0,247,"[""Sepette %2 İndirim"",""Kargo Bedava""]",Tahmini Teslim:,refreshed,0,https://www.trendyol.com/genel-markalar/ahsap-kizma-birader-kutu-oyunu-p-72392826?boutiqueId=61&merchantId=816959
cocuk:genel-cocuk,56,56,,31.6,18.4,1143845707,752303,1143845707:752303,KİNKU Merdivenli Small Duck Kaydıraklı Sevimli Ördekler Müziklü- Pilli -Işıklı,KİNKU,KİNKU,399,499,0,InStock,,,,,4.333333333333333,27,1,10,"[""Kargo Bedava"",""Son 10 Günün En Düşük Fiyatı"",""Son 10 günün en düşük fiyatı""]",Tahmini Teslim:,refreshed,0,https://www.trendyol.com/kinku/merdivenli-small-duck-kaydirakli-sevimli-ordekler-muziklu-pilli-isikli-p-1143845707?boutiqueId=61&merchantId=752303
cocuk:cocuk-oyuncak,174,282,-2,42.1,7.9,748680297,4415,748680297:4415,Mochi Diş Kaşıyıcı-Lila,Mochi,Minycenter - Carters Oshkosh Skip Hop,279.92,349.9,0,InStock,,,,,4.5005359056806,580,0,,"[""Son 10 Günün En Düşük Fiyatı"",""Kargo Bedava"",""Son 10 günün en düşük fiyatı""]",Tahmini Teslim:,refreshed,0,https://www.trendyol.com/mochi/dis-kasiyici-lila-p-748680297?boutiqueId=61&merchantId=4415
cocuk:cocuk-oyuncak,33,141,2,42.8,25.5,1146498214,788392,1146498214:788392,Hombak Çocuklar İçin 56 Farklı Resimli Projeksiyonlu Eğitici El Feneri - Yeşil Renk,Hombak,Hombak,168.44,199.99,-15.8,InStock,,,,,4.1647058823529415,41,0,,"[""Son 10 Günün En Düşük Fiyatı"",""Süper Fırsat Ürünü"",""Kargo Bedava"",""Son 10 günün en düşük fiyatı""]",Tahmini Teslim:,refreshed,0,https://www.trendyol.com/hombak/cocuklar-icin-56-farkli-resimli-projeksiyonlu-egitici-el-feneri-yesil-renk-p-1146498214?boutiqueId=61&merchantId=788392
cocuk:cocuk-oyuncak,87,195,20,27.9,12.7,973753247,744768,973753247:744768,Nandy Home Taçlı Penguen Model Karakter Figürü 3D Yapı Oyuncakları,Nandy Home,Nandy Kids,124.79,139.51,-2,InStock,,,,,4.668571428571428,145,0,20,"[""Son 10 Günün En Düşük Fiyatı"",""Kargo Bedava"",""Son 10 günün en düşük fiyatı"",""Trendyol Plus'a Özel""]",Tahmini Teslim:,refreshed,0,https://www.trendyol.com/nandy-home/tacli-penguen-model-karakter-figuru-3d-yapi-oyuncaklari-p-973753247?boutiqueId=61&merchantId=744768
cocuk:cocuk-oyuncak,177,285,,16.5,23.8,1124302030,1230100,1124302030:1230100,PAKİTO Anahtar Yapboz 240 Parça | Renkli Birleştirmeli Yapı-Şekil Oyuncağı Puzzle Eğitici Blok Seti (Saklama Kaplı),PAKİTO,LUMO STORE,179.4,199.95,,InStock,,,,,4.9,5,,,"[""Son 10 Günün En Düşük Fiyatı"",""Sepette %25 İndirim"",""Sepette %15 İndirim"",""Kargo Bedava"",""Son 10 günün en düşük fiyatı""]",Tahmini Teslim:,refreshed,0,https://www.trendyol.com/pakito/anahtar-yapboz-240-parca-renkli-birlestirmeli-yapi-sekil-oyuncagi-puzzle-egitici-blok-seti-saklama-kapli-p-1124302030?boutiqueId=61&merchantId=1230100
cocuk:genel-cocuk,96,96,74,32.4,7.5,756293477,110160,756293477:110160,Dragora SİYAH ALT EŞOFMAN OKUL VE GÜNDELİK İKİ İPLİK İÇİ ŞARDONLU,Dragora,SANTRAL BEBE,180.2,199.9,,InStock,,,,,3.905309734513274,653,3,,"[""Son 10 Günün En Düşük Fiyatı"",""Süper Fırsat Ürünü"",""Kargo Bedava"",""Trendyol Plus'a Özel""]",Tahmini Teslim:,refreshed,0,https://www.trendyol.com/dragora/siyah-alt-esofman-okul-ve-gundelik-iki-iplik-ici-sardonlu-p-756293477?boutiqueId=61&merchantId=110160
cocuk:genel-cocuk,52,52,12,24.9,14.7,1112597590,1230100,1112597590:1230100,PAKİTO Potalı Top Yuvarlama Kulesi | Renkli Eğitici Dikkat Geliştirici Top Kaydırma Oyuncağı,PAKİTO,LUMO STORE,180.81,199.95,0,InStock,,,,,3.9647058823529413,80,2,14,"[""Son 10 Günün En Düşük Fiyatı"",""Kargo Bedava"",""Son 10 günün en düşük fiyatı""]",Tahmini Teslim:,refreshed,0,https://www.trendyol.com/pakito/potali-top-yuvarlama-kulesi-renkli-egitici-dikkat-gelistirici-top-kaydirma-oyuncagi-p-1112597590?boutiqueId=61&merchantId=1230100
cocuk:cocuk-oyuncak,8,116,10,93,31.1,973845507,744768,973845507:744768,Nandy Home Tavşan Model Karakter Figürü 3D Yapı Oyuncakları,Nandy Home,Nandy Kids,123,135.3,-2,InStock,,,,,4.629101283880171,304,2,55,"[""Son 10 Günün En Düşük Fiyatı"",""Kargo Bedava"",""Son 10 günün en düşük fiyatı""]",Tahmini Teslim:,refreshed,0,https://www.trendyol.com/nandy-home/tavsan-model-karakter-figuru-3d-yapi-oyuncaklari-p-973845507?boutiqueId=61&merchantId=744768
cocuk:cocuk-oyuncak,113,221,11,17.4,21.1,1148817352,1230100,1148817352:1230100,PAKİTO Eğlenceli Geometrik Şekiller İpe Boncuk Dizme Oyunu | Renk Eşleştirme Eğitici Motor Beceri Oyuncağı,PAKİTO,LUMO STORE,182.88,199.95,0,InStock,,,,,4.28,12,0,,"[""Son 10 Günün En Düşük Fiyatı"",""Kargo Bedava"",""Son 10 günün en düşük fiyatı""]",Tahmini Teslim:,refreshed,0,https://www.trendyol.com/pakito/eglenceli-geometrik-sekiller-ipe-boncuk-dizme-oyunu-renk-eslestirme-egitici-motor-beceri-oyuncagi-p-1148817352?boutiqueId=61&merchantId=1230100
cocuk:cocuk-oyuncak,43,151,3,20.2,21.4,1145835057,947235,1145835057:947235,M&H 42 Parça Ayıcık Geometrik Şekil Eşleştirme Oyunu - 16 Görevli Eğitici ve Öğretici Zeka Oyunu,M&H,Kangamom,127.81,139,0,InStock,,,,,4.333333333333333,32,0,18,"[""Son 10 Günün En Düşük Fiyatı"",""Sepette %30 İndirim"",""Kargo Bedava"",""Son 10 günün en düşük fiyatı""]",Tahmini Teslim:,refreshed,0,https://www.trendyol.com/m-h/42-parca-ayicik-geometrik-sekil-eslestirme-oyunu-16-gorevli-egitici-ve-ogretici-zeka-oyunu-p-1145835057?boutiqueId=61&merchantId=947235
cocuk:cocuk-oyuncak,164,272,18,30.8,7.3,36887207,126134,36887207:126134,Jenga Denge Oyunu Eğitici Zeka Oyunu - Ailece Oynanır - Çocuklar İçin Kutu Oyunu,Jenga,Sera Oyun Aletleri,159.63,173.61,-8.3,InStock,,,,,3.7171314741035855,682,0,,"[""Son 10 Günün En Düşük Fiyatı"",""Kargo Bedava"",""Son 10 günün en düşük fiyatı""]",Tahmini Teslim:,refreshed,0,https://www.trendyol.com/jenga/denge-oyunu-egitici-zeka-oyunu-ailece-oynanir-cocuklar-icin-kutu-oyunu-p-36887207?boutiqueId=61&merchantId=126134
cocuk:genel-cocuk,3,3,4,118.5,46.2,955779223,947235,955779223:947235,ankahometoys Puzzle City 3D Yapı Blokları - 128 Parça Eğitici Şehir Kurma ve Tasarım Seti,ankahometoys,Kangamom,125.99,137.01,0,InStock,Son 3 günde 500+ ürün satıldı!,3,500,166.7,4.393092862624712,3280,7,286,"[""Son 10 Günün En Düşük Fiyatı"",""Sepette %20 İndirim"",""Sepette %30 İndirim"",""Sepette %25 İndirim"",""Kargo Bedava"",""Son 10 günün en düşük fiyatı"",""Trendyol Plus'a Özel""]",Tahmini Teslim:,refreshed,0,https://www.trendyol.com/ankahometoys/puzzle-city-3d-yapi-bloklari-128-parca-egitici-sehir-kurma-ve-tasarim-seti-p-955779223?boutiqueId=61&merchantId=947235
cocuk:cocuk-oyuncak,7,115,2,90.6,34.8,904133582,421779,904133582:421779,Fatih FATİH 4 RENK OYUN HAMURU 400 GR,Fatih,Karakalem,110.49,119.99,0,InStock,,,,,4.596,121,2,17,"[""Son 10 Günün En Düşük Fiyatı"",""125 TL Kupon"",""130,58 TL Kupon"",""161,99 TL Kupon"",""Kargo Bedava"",""Son 10 günün en düşük fiyatı""]",Tahmini Teslim:,refreshed,0,https://www.trendyol.com/fatih/fatih-4-renk-oyun-hamuru-400-gr-p-904133582?boutiqueId=61&merchantId=421779
cocuk:cocuk-oyuncak,160,268,23,29.1,8.6,864913901,314010,864913901:314010,SAZE Esnek Tırtıl + Bultak 14 parça +Sevimli Kule 6 + 10 ADET HAVUZ TOPU HEDİYEMİZDİR GELİŞİM SETİ 4 LÜ,SAZE,ŞAZE SHOP,422,457.43,0,InStock,,,,,4.655244029075805,468,0,,"[""Kargo Bedava"",""Son 10 Günün En Düşük Fiyatı"",""Son 10 günün en düşük fiyatı""]",Tahmini Teslim:,refreshed,0,https://www.trendyol.com/saze/esnek-tirtil-bultak-14-parca-sevimli-kule-6-10-adet-havuz-topu-hediyemizdir-gelisim-seti-4-lu-p-864913901?boutiqueId=61&merchantId=314010
cocuk:genel-cocuk,79,79,19,23.2,13.8,797365927,416518,797365927:416518,Puma teamGOAL Backpack Core,Puma,Korayspor,929,999,,InStock,,,,,4.624087591240876,106,2,,"[""Kargo Bedava"",""Son 10 Günün En Düşük Fiyatı"",""Son 10 günün en düşük fiyatı""]",Tahmini Teslim:,refreshed,0,https://www.trendyol.com/puma/teamgoal-backpack-core-p-797365927?boutiqueId=61&merchantId=416518
cocuk:genel-cocuk,70,70,37,20.1,16.2,926925903,635989,926925903:635989,Genel Markalar 5 Çift Aksesuar Fiyonklu Kız Bebek Çorabı Kutusu 0-6 Ay,Genel Markalar,Baby Socks & Aksesuar,156.51,166.99,0,InStock,,,,,4.333333333333333,52,0,20,"[""Son 10 Günün En Düşük Fiyatı"",""Kargo Bedava"",""Son 10 günün en düşük fiyatı""]",Tahmini Teslim:,refreshed,0,https://www.trendyol.com/genel-markalar/5-cift-aksesuar-fiyonklu-kiz-bebek-corabi-kutusu-0-6-ay-p-926925903?boutiqueId=61&merchantId=635989
cocuk:genel-cocuk,57,57,-2,21.7,14.5,1108810016,1230100,1108810016:1230100,PAKİTO Blok Boru 72 Parça | Puzzle Renkli Eğitici Birleştirme Oyuncak Seti,PAKİTO,LUMO STORE,187.57,199.95,0,InStock,,,,,4.708074534161491,86,1,,"[""Son 10 Günün En Düşük Fiyatı"",""Kargo Bedava"",""Son 10 günün en düşük fiyatı""]",Tahmini Teslim:,refreshed,0,https://www.trendyol.com/pakito/blok-boru-72-parca-puzzle-renkli-egitici-birlestirme-oyuncak-seti-p-1108810016?boutiqueId=61&merchantId=1230100
cocuk:cocuk-oyuncak,130,238,12,20.2,15.7,1071656852,968,1071656852:968,LEGO ® Botanicals Papatyalar 11508 - 9+ Yaratıcı Oyuncak Yapım Seti (133 Parça),LEGO,Trendyol,611.55,650.19,-24.7,InStock,,,,,4.651282051282052,60,1,,"[""Son 10 Günün En Düşük Fiyatı"",""Son 10 günün en düşük fiyatı""]",Tahmini Teslim:,refreshed,0,https://www.trendyol.com/lego/botanicals-papatyalar-11508-9-yaratici-oyuncak-yapim-seti-133-parca-p-1071656852?boutiqueId=690823&merchantId=968
cocuk:cocuk-oyuncak,53,161,-11,19.2,15.9,1145055127,1253027,1145055127:1253027,POPPYTOYS 3.5m Esnek Yarış-Araba Pisti Kıvrılabilir Mavi Renk - Super Speed Racing,POPPYTOYS,POPPY TOYS,199.01,209.65,0,InStock,,,,,4.301587301587301,57,1,,"[""Son 10 Günün En Düşük Fiyatı"",""Kargo Bedava"",""Son 10 günün en düşük fiyatı""]",Tahmini Teslim:,refreshed,0,https://www.trendyol.com/poppytoys/3-5m-esnek-yaris-araba-pisti-kivrilabilir-mavi-renk-super-speed-racing-p-1145055127?boutiqueId=61&merchantId=1253027
cocuk:genel-cocuk,69,69,16,12.6,22.4,1189059540,700356,1189059540:700356,Toum Super Star Design Sırt Okul Çantası,Toum,TOUM,551,579.9,0,InStock,,,,,4.090909090909091,8,1,,"[""Kargo Bedava"",""Son 10 Günün En Düşük Fiyatı"",""Son 10 günün en düşük fiyatı""]",Tahmini Teslim:,refreshed,0,https://www.trendyol.com/toum/super-star-design-sirt-okul-cantasi-p-1189059540?boutiqueId=61&merchantId=700356
cocuk:genel-cocuk,34,34,27,27.3,42.2,1143017363,224156,1143017363:224156,kinderos Beli Lastikli Kaşkorse Çocuk Okul Pantolonu - 26Y 1075,kinderos,kinderos,389.9,409.9,0,InStock,Son 3 günde 250+ ürün satıldı!,3,250,83.3,4.285714285714286,5,3,12,"[""Kargo Bedava"",""Son 10 Günün En Düşük Fiyatı"",""Son 10 günün en düşük fiyatı""]",Tahmini Teslim:,refreshed,0,https://www.trendyol.com/kinderos/beli-lastikli-kaskorse-cocuk-okul-pantolonu-26y-1075-p-1143017363?boutiqueId=61&merchantId=224156
cocuk:cocuk-oyuncak,167,275,10,19.9,14.9,1042498675,931256,1042498675:931256,tutobaby Montessori Dönence Atlıkarınca Oyuncağı (Vakumlu Masa Oyuncağı),tutobaby,TuTobaby,380,399,0,InStock,,,,,4.740458015267175,77,2,,"[""Kargo Bedava"",""Son 10 Günün En Düşük Fiyatı"",""Sepette %2 İndirim"",""Sepette %25 İndirim"",""Sepette %20 İndirim"",""Sepette %3 İndirim"",""Sepette %30 İndirim"",""747,99 TL Kupon"",""599 TL Kupon"",""339,91 TL Kupon"",""499 TL Kupon"",""Son 10 günün en düşük fiyatı""]",Tahmini Teslim:,refreshed,0,https://www.trendyol.com/tutobaby/montessori-donence-atlikarinca-oyuncagi-vakumlu-masa-oyuncagi-p-1042498675?boutiqueId=61&merchantId=931256
cocuk:genel-cocuk,78,78,-5,17.6,17,978588971,107400,978588971:107400,Wia Kids Kalp Desenli Kız Çocuk Beslenme Çantası,Wia,CambridgePoloClub,332.86,349.04,0,InStock,,,,,4.763440860215052,41,0,,"[""Son 10 Günün En Düşük Fiyatı"",""Kargo Bedava"",""Son 10 günün en düşük fiyatı""]",Tahmini Teslim:,refreshed,0,https://www.trendyol.com/wia/kids-kalp-desenli-kiz-cocuk-beslenme-cantasi-p-978588971?boutiqueId=61&merchantId=107400
cocuk:genel-cocuk,84,84,20,19.2,15.2,938870282,561148,938870282:561148,Spiderman Anaokulu Kreş Ve Günlük Kullanım Sırt Çantası 2-5 Yaş - 3d Kabartmalı,Spiderman,7K AVM,260,272.07,,InStock,,,,,4.289308176100629,69,0,,"[""Son 10 Günün En Düşük Fiyatı"",""Kargo Bedava"",""Son 10 günün en düşük fiyatı""]",Tahmini Teslim:,refreshed,0,https://www.trendyol.com/spiderman/anaokulu-kres-ve-gunluk-kullanim-sirt-cantasi-2-5-yas-3d-kabartmali-p-938870282?boutiqueId=61&merchantId=561148
cocuk:cocuk-oyuncak,22,130,5,62.4,21.3,827089760,931256,827089760:931256,tutobaby Ördek Şekilli Montessori Duyusal Gözlem Beceri Geliştirme Ve Diş Kaşıyıcı Oyuncağı,tutobaby,TuTobaby,395,410,0,InStock,,,,,4.781376518218623,679,2,,"[""Kargo Bedava""]",Tahmini Teslim:,refreshed,0,https://www.trendyol.com/tutobaby/ordek-sekilli-montessori-duyusal-gozlem-beceri-gelistirme-ve-dis-kasiyici-oyuncagi-p-827089760?boutiqueId=61&merchantId=931256
cocuk:cocuk-oyuncak,169,277,-29,18.6,15,974160102,744768,974160102:744768,Nandy Home Fil Model Karakter Figürü 3D Yapı Oyuncakları,Nandy Home,Nandy Kids,130.96,135.9,0,InStock,,,,,4.743589743589744,74,1,13,"[""Son 10 Günün En Düşük Fiyatı"",""Kargo Bedava"",""Son 10 günün en düşük fiyatı""]",Tahmini Teslim:,refreshed,0,https://www.trendyol.com/nandy-home/fil-model-karakter-figuru-3d-yapi-oyuncaklari-p-974160102?boutiqueId=61&merchantId=744768
cocuk:genel-cocuk,48,48,-2,8.6,25.4,1175605581,224156,1175605581:224156,kinderos Beli Lastikli Kaşkorse Çocuk Okul Şort Etek - 26Y 1077,kinderos,kinderos,387.9,399.9,0,InStock,,,,,4.3,4,1,,"[""Kargo Bedava"",""Son 10 Günün En Düşük Fiyatı"",""Son 10 günün en düşük fiyatı""]",Tahmini Teslim:,refreshed,0,https://www.trendyol.com/kinderos/beli-lastikli-kaskorse-cocuk-okul-sort-etek-26y-1077-p-1175605581?boutiqueId=61&merchantId=224156
cocuk:genel-cocuk,68,68,23,9.8,22.8,1100361370,4227,1100361370:4227,Katia & Bony Kız Çocuk Kedi Desenli Mus Dizaltı Çorap Siyah,Katia &,Katia and Bony,162.21,166.5,0,InStock,,,,,4.571428571428571,7,0,,"[""Sepette %2 İndirim"",""Kargo Bedava"",""Trendyol Plus'a Özel""]",Tahmini Teslim:,refreshed,0,https://www.trendyol.com/katia-bony/kiz-cocuk-kedi-desenli-mus-dizalti-corap-siyah-p-1100361370?boutiqueId=61&merchantId=4227
cocuk:genel-cocuk,89,89,53,29,3.4,794279138,655506,794279138:655506,Lui Baby Anne Bebek Bakım Sırt Çantası Termal Biberonluk Ve Bebek Arabası Askı Aparatı Hediye,Lui Baby,Lui Baby,646.77,662.72,-49.1,InStock,,,,,4.488130968622101,2120,6,,"[""Sepette %1 İndirim"",""60 TL Kupon"",""Kargo Bedava"",""Trendyol Plus'a Özel""]",Tahmini Teslim:,refreshed,0,https://www.trendyol.com/lui-baby/anne-bebek-bakim-sirt-cantasi-termal-biberonluk-ve-bebek-arabasi-aski-aparati-hediye-p-794279138?boutiqueId=61&merchantId=655506
cocuk:cocuk-oyuncak,55,163,11,23.3,9.1,930522411,342606,930522411:342606,Genel Markalar Köpük Baloncuklu Işıklı Pilli Tabanca – Mavi,Genel Markalar,GLOBAL CENTER,287.9,295,-2.4,InStock,,,,,3.5597560975609754,407,1,,"[""Son 10 Günün En Düşük Fiyatı"",""Kargo Bedava"",""Son 10 günün en düşük fiyatı""]",Tahmini Teslim:,refreshed,0,https://www.trendyol.com/genel-markalar/kopuk-baloncuklu-isikli-pilli-tabanca-mavi-p-930522411?boutiqueId=61&merchantId=342606
cocuk:cocuk-oyuncak,88,196,35,24.2,7.7,750851820,484762,750851820:484762,"ALYÜZ Mıknatıslı Ahşap Balık Tutma Oyunu, Eğitici, Montessori, Balık Yakalama",ALYÜZ,ALYÜZ TİCARET,178.38,181.79,0,InStock,,,,,4.622119815668203,605,0,47,"[""Son 10 Günün En Düşük Fiyatı"",""249,99 TL Kupon"",""Kargo Bedava"",""Son 10 günün en düşük fiyatı"",""Trendyol Plus'a Özel""]",Tahmini Teslim:,refreshed,0,https://www.trendyol.com/alyuz/miknatisli-ahsap-balik-tutma-oyunu-egitici-montessori-balik-yakalama-p-750851820?boutiqueId=61&merchantId=484762
cocuk:genel-cocuk,73,73,-51,25.7,6.1,991500434,126620,991500434:126620,yükselen zeka Keçemino Etkinlik Halısı - Çiftlik,yükselen zeka,YÜKSELEN ZEKA,392.22,399.21,0,InStock,,,,,4.609458023379384,957,1,,"[""Kargo Bedava"",""Son 10 Günün En Düşük Fiyatı"",""Son 10 günün en düşük fiyatı""]",Tahmini Teslim:,refreshed,0,https://www.trendyol.com/yukselen-zeka/kecemino-etkinlik-halisi-ciftlik-p-991500434?boutiqueId=61&merchantId=126620
cocuk:cocuk-oyuncak,86,194,-7,20.7,11,930523305,342606,930523305:342606,bolfer Köpük Baloncuklu Işıklı Pilli Tabanca – Pembe,bolfer,GLOBAL CENTER,292,297,-5.8,InStock,,,,,3.3661327231121283,238,1,144,"[""Son 10 Günün En Düşük Fiyatı"",""Kargo Bedava"",""Son 10 günün en düşük fiyatı""]",Tahmini Teslim:,refreshed,0,https://www.trendyol.com/bolfer/kopuk-baloncuklu-isikli-pilli-tabanca-pembe-p-930523305?boutiqueId=61&merchantId=342606
cocuk:genel-cocuk,66,66,22,29.4,1.6,790178927,126620,790178927:126620,yükselen zeka İlk Magnet Puzzle Bebek (12-36 Ay),yükselen zeka,YÜKSELEN ZEKA,216,218.18,-39.8,InStock,,,,,4.665397429795336,3591,0,,"[""Son 10 Günün En Düşük Fiyatı"",""Kargo Bedava"",""Son 10 günün en düşük fiyatı""]",Tahmini Teslim:,refreshed,0,https://www.trendyol.com/yukselen-zeka/ilk-magnet-puzzle-bebek-12-36-ay-p-790178927?boutiqueId=61&merchantId=126620
cocuk:cocuk-oyuncak,134,242,91,15,16,1140839920,947235,1140839920:947235,M&H 2'li Oyun Seti Buz Krallığı ve Frogg Denge Oyunu - Eğitici ve Öğretici Oyun Seti,M&H,Kangamom,197,199,-1,InStock,,,,,4.078260869565217,55,0,,"[""Son 10 Günün En Düşük Fiyatı"",""Kargo Bedava"",""Son 10 günün en düşük fiyatı""]",Tahmini Teslim:,refreshed,0,https://www.trendyol.com/m-h/2-li-oyun-seti-buz-kralligi-ve-frogg-denge-oyunu-egitici-ve-ogretici-oyun-seti-p-1140839920?boutiqueId=61&merchantId=947235
cocuk:cocuk-oyuncak,80,188,116,17.8,12.4,832504796,293033,832504796:293033,TOMBİ-X Bambu Pipet Çubuk 300 Parça Hafıza Kurma Dikkat Çocuk Beceri Gelişim Oyunu 3+ Yaş,TOMBİ-X,happiness,199.54,199.9,-0.2,InStock,,,,,4.373801916932908,158,0,,"[""Kargo Bedava"",""Trendyol Plus'a Özel""]",Tahmini Teslim:,refreshed,0,https://www.trendyol.com/tombi-x/bambu-pipet-cubuk-300-parca-hafiza-kurma-dikkat-cocuk-beceri-gelisim-oyunu-3-yas-p-832504796?boutiqueId=61&merchantId=293033
cocuk:genel-cocuk,65,65,-25,31.4,0,114296689,1267202,114296689:1267202,Genel Markalar 5 Li Beyaz Hobistan Bebek Atlet Body Ribana Beyaz Modaicon,Genel Markalar,LİFA KİDS,266,266.31,-1.5,InStock,,,,,4.0263767720828785,8077,0,1515,"[""Sepette %1 İndirim"",""Kargo Bedava""]",Tahmini Teslim:,refreshed,0,https://www.trendyol.com/genel-markalar/5-li-beyaz-hobistan-bebek-atlet-body-ribana-beyaz-modaicon-p-114296689?boutiqueId=61&merchantId=1267202
cocuk:genel-cocuk,1,1,0,137.7,74.8,959516754,357212,959516754:357212,Go Toys Go Magnetic Series 72 Parça Manyetik Yapı Blokları Original - Mıknatıslı Manyetik Bloklar,Go Toys,Shopist,2140,,0,InStock,Son 3 günde 2B+ ürün satıldı!,3,2000,666.7,4.2536384096024005,5197,27,676,"[""Sepette %30 İndirim"",""Kargo Bedava"",""Peşin Fiyatına 3 Taksit""]",Tahmini Teslim:,refreshed,0,https://www.trendyol.com/go-toys/go-magnetic-series-72-parca-manyetik-yapi-bloklari-original-miknatisli-manyetik-bloklar-p-959516754?boutiqueId=61&merchantId=357212
cocuk:genel-cocuk,2,2,0,120.5,67.8,118658789,852489,118658789:852489,Dragora Ribana Bel Canvas Okul Pantolonu (BİR BÜYÜK BEDEN ALINMASI TAVSİYE EDİLİR),Dragora,FEK-BAG,313.85,,0,InStock,Son 3 günde 1B+ ürün satıldı!,3,1000,333.3,4.245483330229094,3042,24,1333,"[""Kargo Bedava""]",Tahmini Teslim:,refreshed,0,https://www.trendyol.com/dragora/ribana-bel-canvas-okul-pantolonu-bir-buyuk-beden-alinmasi-tavsiye-edilir-p-118658789?boutiqueId=61&merchantId=852489
cocuk:genel-cocuk,4,4,0,104.5,49.7,1081617521,1218056,1081617521:1218056,Mino Makers 78 Parça Manyetik Yapı Blokları - Çocuklar İçin 3 Boyutlu Renkli Mıknatıslı 78 Parça Manyetik Blok Oyun Seti,Mino Makers,Mino Makers,1795,,0,InStock,Son 3 günde 500+ ürün satıldı!,3,500,166.7,4.481237322515213,1039,11,252,"[""Sepette %20 İndirim"",""Kargo Bedava"",""Sepette %30 İndirim"",""Peşin Fiyatına 3 Taksit"",""Trendyol Plus'a Özel""]",Tahmini Teslim:,refreshed,0,https://www.trendyol.com/mino-makers/78-parca-manyetik-yapi-bloklari-cocuklar-icin-3-boyutlu-renkli-miknatisli-78-parca-manyetik-blok-oyun-seti-p-1081617521?boutiqueId=61&merchantId=1218056
cocuk:genel-cocuk,6,6,-3,94,55.2,1176673908,371498,1176673908:371498,LE STYLE DE MARIE Tokyo Renkli Kore Çanta 3’lü Okul Seti – Beslenme Çantası ve Kalemlik,LE STYLE DE MARIE,ROCKY,1349.88,,9.1,InStock,Son 3 günde 500+ ürün satıldı!,3,500,166.7,4.762886597938144,160,15,61,"[""Kargo Bedava"",""Peşin Fiyatına 3 Taksit""]",Tahmini Teslim:,refreshed,0,https://www.trendyol.com/le-style-de-marie/tokyo-renkli-kore-canta-3-lu-okul-seti-beslenme-cantasi-ve-kalemlik-p-1176673908?boutiqueId=61&merchantId=371498
cocuk:genel-cocuk,7,7,4,99.5,47.2,1010359257,357212,1010359257:357212,Go Toys Go Magnetic Series 2 Adet Araba Eklentisi Manyetik Oyuncak - Mıknatıslı Manyetik Bloklar,Go Toys,Shopist,385,,0,InStock,Son 3 günde 500+ ürün satıldı!,3,500,166.7,4.317138103161398,1391,3,169,"[""Sepette %30 İndirim"",""Kargo Bedava""]",Tahmini Teslim:,refreshed,0,https://www.trendyol.com/go-toys/go-magnetic-series-2-adet-araba-eklentisi-manyetik-oyuncak-miknatisli-manyetik-bloklar-p-1010359257?boutiqueId=61&merchantId=357212
cocuk:genel-cocuk,8,8,6,94.2,50,289617527,1188,289617527:1188,Defacto Baskılı 7'li Pamuklu Patik Çorap Erkek Çocuk W8900A6NS,Defacto,DeFacto,349.99,,0,InStock,Son 3 günde 500+ ürün satıldı!,3,500,166.7,4.672937771345875,535,3,20,"[""Sepette %40 İndirim"",""Trendyol Plus'a Özel""]",Tahmini Teslim:,refreshed,0,https://www.trendyol.com/defacto/baskili-7-li-pamuklu-patik-corap-erkek-cocuk-w8900a6ns-p-289617527?boutiqueId=61&merchantId=1188
cocuk:genel-cocuk,9,9,0,93.6,48.1,1107131330,357212,1107131330:357212,Go Toys Go Track Mavi Renk Esnek Yarış-Aksiyon Pisti 4.5 Mt - Flex track,Go Toys,Shopist,399,,0,InStock,Son 3 günde 500+ ürün satıldı!,3,500,166.7,4.26809901914993,804,3,154,"[""Sepette %30 İndirim"",""Kargo Bedava""]",Tahmini Teslim:,refreshed,0,https://www.trendyol.com/go-toys/go-track-mavi-renk-esnek-yaris-aksiyon-pisti-4-5-mt-flex-track-p-1107131330?boutiqueId=61&merchantId=357212
cocuk:genel-cocuk,10,10,-4,92.7,46.4,977371,408958,977371:408958,Hasbro 4 Renk 448gr Oyun Hamuru - 1 Adet,Hasbro,hepeğitim,130.58,,0,InStock,Son 3 günde 500+ ürün satıldı!,3,500,166.7,4.669432918395575,1117,1,296,"[""Sepette %30 İndirim"",""137 TL Kupon"",""100 TL Kupon"",""Kargo Bedava"",""Son 10 Günün En Düşük Fiyatı"",""Trendyol Plus'a Özel""]",Tahmini Teslim:,refreshed,0,https://www.trendyol.com/hasbro/4-renk-448gr-oyun-hamuru-1-adet-p-977371?boutiqueId=61&merchantId=408958
cocuk:genel-cocuk,11,11,-3,89.4,47.3,753596418,131547,753596418:131547,Roxbros Okul Sırt Çantası Laptop Bölmeli Günlük Çanta Genç Kız Erkek Siyah Ilkokul - Ortakul - Lise,Roxbros,Kahrıman Çanta,1299,,0,InStock,Son 3 günde 500+ ürün satıldı!,3,500,166.7,4.710419485791611,759,0,474,"[""Kargo Bedava"",""Peşin Fiyatına 3 Taksit""]",Tahmini Teslim:,refreshed,0,https://www.trendyol.com/roxbros/okul-sirt-cantasi-laptop-bolmeli-gunluk-canta-genc-kiz-erkek-siyah-ilkokul-ortakul-lise-p-753596418?boutiqueId=61&merchantId=131547
cocuk:genel-cocuk,12,12,3,85.1,49.1,37997190,416518,37997190:416518,Puma Phase II Sırt Çantası,Puma,Korayspor,1228.78,,-18,InStock,Son 3 günde 500+ ürün satıldı!,3,500,166.7,4.59563543003851,393,1,171,"[""Kargo Bedava"",""Peşin Fiyatına 3 Taksit""]",Tahmini Teslim:,refreshed,0,https://www.trendyol.com/puma/phase-ii-sirt-cantasi-p-37997190?boutiqueId=61&merchantId=416518
cocuk:genel-cocuk,13,13,0,83.7,48,3129037,4227,3129037:4227,Katia & Bony Kız Çocuk Family Kurdeleli Beyaz Basic Dizaltı Okul Çorabı,Katia &,Katia and Bony,199.16,,-10.7,InStock,Son 3 günde 500+ ürün satıldı!,3,500,166.7,4.747817652764306,463,-5,36,"[""Sepette %20 İndirim"",""Süper Fırsat Ürünü"",""Kargo Bedava"",""Trendyol Plus'a Özel""]",Tahmini Teslim:,refreshed,0,https://www.trendyol.com/katia-bony/kiz-cocuk-family-kurdeleli-beyaz-basic-dizalti-okul-corabi-p-3129037?boutiqueId=61&merchantId=4227
cocuk:genel-cocuk,14,14,-4,76.1,38.4,853993145,1201011,853993145:1201011,Genel Markalar ÇOCUK UNİSEX BEYAZ OKUL LAKOSU UZUN KOLLU C16,Genel Markalar,Zumino,222.65,,,InStock,Son 3 günde 250+ ürün satıldı!,3,250,83.3,4.085664335664336,313,3,82,"[""Kargo Bedava""]",Tahmini Teslim:,refreshed,0,https://www.trendyol.com/genel-markalar/cocuk-unisex-beyaz-okul-lakosu-uzun-kollu-c16-p-853993145?boutiqueId=61&merchantId=1201011
cocuk:genel-cocuk,15,15,7,73.7,38.3,94554107,1188,94554107:1188,Defacto 5'li Pamuklu Çizgili Patik Çorap Erkek Çocuk N1919A6NS,Defacto,DeFacto,249.99,,0,InStock,Son 3 günde 250+ ürün satıldı!,3,250,83.3,4.660332541567697,279,1,19,"[""Sepette %50 İndirim"",""Trendyol Plus'a Özel""]",Tahmini Teslim:,refreshed,0,https://www.trendyol.com/defacto/5-li-pamuklu-cizgili-patik-corap-erkek-cocuk-n1919a6ns-p-94554107?boutiqueId=61&merchantId=1188
cocuk:genel-cocuk,16,16,-4,73.6,35.9,31082631,1201011,31082631:1201011,Genel Markalar Beyaz Kısa Kol 6-16 Yaş Çocuk Okul Lakos Tişört/t-shirt - 80238-beyaz,Genel Markalar,Zumino,257,,,InStock,Son 3 günde 250+ ürün satıldı!,3,250,83.3,4.154015401540154,481,3,160,"[""Kargo Bedava""]",Tahmini Teslim:,refreshed,0,https://www.trendyol.com/genel-markalar/beyaz-kisa-kol-6-16-yas-cocuk-okul-lakos-tisort-t-shirt-80238-beyaz-p-31082631?boutiqueId=61&merchantId=1201011
cocuk:genel-cocuk,17,17,2,65.9,41.2,971399014,809868,971399014:809868,Roomys Kawaii Kore Tarzı Beslenme Çantası İthal Yüksek Kalite Isı Yalıtımlı,Roomys,ROOMYS,539,,0,InStock,Son 3 günde 250+ ürün satıldı!,3,250,83.3,4.611650485436893,92,5,37,"[""Kargo Bedava""]",Tahmini Teslim:,refreshed,0,https://www.trendyol.com/roomys/kawaii-kore-tarzi-beslenme-cantasi-ithal-yuksek-kalite-isi-yalitimli-p-971399014?boutiqueId=61&merchantId=809868
cocuk:genel-cocuk,18,18,-2,73.5,31.1,118635846,852489,118635846:852489,Genel Markalar Ribana Bel Canvas Okul Pantolonu (BİR BÜYÜK BEDEN ALINMASI TAVSİYE EDİLİR),Genel Markalar,FEK-BAG,328.87,,0,InStock,Son 3 günde 250+ ürün satıldı!,3,250,83.3,4.181516936671576,1479,0,658,"[""Kargo Bedava""]",Tahmini Teslim:,refreshed,0,https://www.trendyol.com/genel-markalar/ribana-bel-canvas-okul-pantolonu-bir-buyuk-beden-alinmasi-tavsiye-edilir-p-118635846?boutiqueId=61&merchantId=852489
cocuk:genel-cocuk,19,19,9,54.5,47.6,971519832,392,971519832:392,ebebek Hello Baby HelloBaby Cool Dino Eşofman Takımı,ebebek Hello Baby,ebebek,481.49,,25.5,InStock,Son 3 günde 250+ ürün satıldı!,3,250,83.3,4.416666666666667,10,2,15,"[""Sepette %20 İndirim"",""Kargo Bedava"",""Trendyol Plus'a Özel""]",Tahmini Teslim:,refreshed,0,https://www.trendyol.com/ebebek-hello-baby/hellobaby-cool-dino-esofman-takimi-p-971519832?boutiqueId=61&merchantId=392
cocuk:genel-cocuk,20,20,0,66.5,33,45297437,107400,45297437:107400,Cambridge Polo Club Wia Termoslu Beslenme Çantası Siyah (1),Cambridge Polo Club,CambridgePoloClub,249,,0,InStock,Son 3 günde 250+ ürün satıldı!,3,250,83.3,4.578647106764466,627,-7,89,"[""Sepette %25 İndirim"",""Kargo Bedava"",""Trendyol Plus'a Özel""]",Tahmini Teslim:,refreshed,0,https://www.trendyol.com/cambridge-polo-club/wia-termoslu-beslenme-cantasi-siyah-1-p-45297437?boutiqueId=61&merchantId=107400
cocuk:genel-cocuk,21,21,14,68.8,28.3,894860281,126620,894860281:126620,yükselen zeka İlk Pofidik Magnet Puzzle - Çiftlik Hayvanları,yükselen zeka,YÜKSELEN ZEKA,399,,0,InStock,Son 3 günde 250+ ürün satıldı!,3,250,83.3,4.684033613445378,2121,1,117,"[""Sepette %25 İndirim"",""Süper Fırsat Ürünü"",""Kargo Bedava""]",Tahmini Teslim:,refreshed,0,https://www.trendyol.com/yukselen-zeka/ilk-pofidik-magnet-puzzle-ciftlik-hayvanlari-p-894860281?boutiqueId=61&merchantId=126620
cocuk:genel-cocuk,22,22,5,69.5,25,316612628,357212,316612628:357212,Go Toys Vakum Molekül 25 Parça Yapı Taşları Fidget Duyusal Eğitici Oyuncak Squigz,Go Toys,Shopist,235,,0,InStock,Son 3 günde 250+ ürün satıldı!,3,250,83.3,4.44980911744891,4709,-3,245,"[""Sepette %30 İndirim"",""Kargo Bedava""]",Tahmini Teslim:,refreshed,0,https://www.trendyol.com/go-toys/vakum-molekul-25-parca-yapi-taslari-fidget-duyusal-egitici-oyuncak-squigz-p-316612628?boutiqueId=61&merchantId=357212
cocuk:genel-cocuk,23,23,2,63.8,28.3,87502008,176850,87502008:176850,Genel Markalar Bit Spreyi Ve Şampuan Tarak Set,Genel Markalar,EliteSepet,174,,3.6,InStock,Son 3 günde 250+ ürün satıldı!,3,250,83.3,4.4368283473714785,1585,0,937,"[""Sepette %2 İndirim"",""Kargo Bedava"",""Trendyol Plus'a Özel""]",Tahmini Teslim:,refreshed,0,https://www.trendyol.com/genel-markalar/bit-spreyi-ve-sampuan-tarak-set-p-87502008?boutiqueId=61&merchantId=176850
cocuk:genel-cocuk,24,24,8,60.7,28.9,85637037,916075,85637037:916075,Tutku 6'lı Çocuk Penye Atlet,Tutku,TUTKU ELİT,395,,0,InStock,Son 3 günde 250+ ürün satıldı!,3,250,83.3,4.479732388823298,1174,-1,546,"[""Kargo Bedava"",""660 TL Kupon"",""Son 10 Günün En Düşük Fiyatı"",""Trendyol Plus'a Özel""]",Tahmini Teslim:,refreshed,0,https://www.trendyol.com/tutku/6-li-cocuk-penye-atlet-p-85637037?boutiqueId=61&merchantId=916075
cocuk:genel-cocuk,25,25,-4,50.9,36.2,1142311061,1048417,1142311061:1048417,ADİL OYUNCAK 72 Parça Manyetik Yapı Blokları | Montessori Eğitici Oyuncak | 3D Mıknatıslı Blok Seti,ADİL OYUNCAK,KÜRE EKSPRES,1279,,0,InStock,Son 3 günde 250+ ürün satıldı!,3,250,83.3,4.148325358851674,123,1,,"[""Kargo Bedava""]",Tahmini Teslim:,refreshed,0,https://www.trendyol.com/adil-oyuncak/72-parca-manyetik-yapi-bloklari-montessori-egitici-oyuncak-3d-miknatisli-blok-seti-p-1142311061?boutiqueId=61&merchantId=1048417
cocuk:genel-cocuk,26,26,5,60.8,23.7,749526377,203783,749526377:203783,BGK 5 Çift Dinazor Desenli Çocuk Çorabı,BGK,BGK,189.99,,0,InStock,Son 3 günde 250+ ürün satıldı!,3,250,83.3,4.160936909709105,3831,0,,"[""Kargo Bedava""]",Tahmini Teslim:,refreshed,0,https://www.trendyol.com/bgk/5-cift-dinazor-desenli-cocuk-corabi-p-749526377?boutiqueId=61&merchantId=203783
cocuk:genel-cocuk,27,27,-3,59.3,22.8,412331987,4227,412331987:4227,Katia & Bony İçi Havlu Çocuk Tayt Siyah,Katia &,Katia and Bony,149.59,,0,InStock,Son 3 günde 250+ ürün satıldı!,3,250,83.3,4.56842229014813,4375,-5,,"[""Sepette %2 İndirim"",""Kargo Bedava"",""Trendyol Plus'a Özel""]",Tahmini Teslim:,refreshed,0,https://www.trendyol.com/katia-bony/ici-havlu-cocuk-tayt-siyah-p-412331987?boutiqueId=61&merchantId=4227
cocuk:genel-cocuk,28,28,-10,51.9,27.7,115467713,107400,115467713:107400,Cambridge Polo Club 3'lü Set İlkokul Çantası,Cambridge Polo Club,CambridgePoloClub,569,,-1.7,InStock,Son 3 günde 250+ ürün satıldı!,3,250,83.3,4.26239907727797,930,-4,,"[""Kargo Bedava""]",Tahmini Teslim:,refreshed,0,https://www.trendyol.com/cambridge-polo-club/3-lu-set-ilkokul-cantasi-p-115467713?boutiqueId=61&merchantId=107400
cocuk:genel-cocuk,29,29,0,47,30.1,984561641,104936,984561641:104936,Dark Seer Kids DS 2110 Beyaz Pudra Çocuk Sneaker,Dark Seer,Dark Seer,954.75,,0,InStock,Son 3 günde 250+ ürün satıldı!,3,250,83.3,4.491745283018868,404,3,,"[""Kargo Bedava"",""Trendyol Plus'a Özel""]",Tahmini Teslim:,refreshed,0,https://www.trendyol.com/dark-seer/kids-ds-2110-beyaz-pudra-cocuk-sneaker-p-984561641?boutiqueId=61&merchantId=104936
cocuk:genel-cocuk,30,30,-13,49.6,25,118475282,892989,118475282:892989,Dragora Erkek Ribana Bel Canvas Okul Pantolonu SİYAH (BİR BÜYÜK BEDEN ALINMASI TAVSİYE EDİLİR),Dragora,YHM SALES,350,,0,InStock,Son 3 günde 250+ ürün satıldı!,3,250,83.3,4.3835420393559925,1493,2,,"[""Kargo Bedava"",""Trendyol Plus'a Özel""]",Tahmini Teslim:,refreshed,0,https://www.trendyol.com/dragora/erkek-ribana-bel-canvas-okul-pantolonu-siyah-bir-buyuk-beden-alinmasi-tavsiye-edilir-p-118475282?boutiqueId=61&merchantId=892989
cocuk:genel-cocuk,31,31,0,36.4,35.6,1165369422,517848,1165369422:517848,icone life 72 Parça Manyetik Yapı Blokları - Çocuklar için Renkli 3 Boyutlu Karo Oyun Seti Oyuncak Yap-Boz,icone life,FBZHOME,1099.9,,0,InStock,Son 3 günde 250+ ürün satıldı!,3,250,83.3,4.726190476190476,60,3,,"[""Kargo Bedava"",""Trendyol Plus'a Özel""]",Tahmini Teslim:,refreshed,0,https://www.trendyol.com/icone-life/72-parca-manyetik-yapi-bloklari-cocuklar-icin-renkli-3-boyutlu-karo-oyun-seti-oyuncak-yap-boz-p-1165369422?boutiqueId=61&merchantId=517848
cocuk:genel-cocuk,32,32,35,35.1,34.5,880180037,416518,880180037:416518,"Puma Classic Backpacks, Plain, Main Compartment",Puma,Korayspor,1169,,-3.3,InStock,Son 3 günde 250+ ürün satıldı!,3,250,83.3,4.354838709677419,73,10,,"[""Kargo Bedava""]",Tahmini Teslim:,refreshed,0,https://www.trendyol.com/puma/classic-backpacks-plain-main-compartment-p-880180037?boutiqueId=61&merchantId=416518
cocuk:genel-cocuk,33,33,1,48.7,18.9,876839630,736424,876839630:736424,Magly Manyetik Yapı Blokları – Çocuklar İçin Renkli 3 Boyutlu 72 Parça Manyetik Karo Oyun Seti,Magly,Cansu Beauty,1999,,,InStock,Son 3 günde 250+ ürün satıldı!,3,250,83.3,4.722226730503936,6513,4,,"[""Kargo Bedava""]",Tahmini Teslim:,refreshed,0,https://www.trendyol.com/magly/manyetik-yapi-bloklari-cocuklar-icin-renkli-3-boyutlu-72-parca-manyetik-karo-oyun-seti-p-876839630?boutiqueId=61&merchantId=736424
cocuk:genel-cocuk,35,35,-5,30.5,31.6,971393914,809868,971393914:809868,Roomys Kawaii Kore Tarzı Beslenme Çantası İthal Yüksek Kalite Isı Yalıtımlı,Roomys,ROOMYS,539,,0,InStock,Son 3 günde 250+ ürün satıldı!,3,250,83.3,4.737623762376238,108,1,17,"[""Kargo Bedava""]",Tahmini Teslim:,refreshed,0,https://www.trendyol.com/roomys/kawaii-kore-tarzi-beslenme-cantasi-ithal-yuksek-kalite-isi-yalitimli-p-971393914?boutiqueId=61&merchantId=809868
cocuk:genel-cocuk,37,37,7,18.6,23.9,1183064934,357212,1183064934:357212,Go Toys Kinetik Top Duyusal Oyuncak - SpinnBall Stret Oyuncak 1 Adet,Go Toys,Shopist,235,,0,InStock,,,,,3.8974358974358974,37,0,14,"[""Sepette %30 İndirim"",""Kargo Bedava""]",Tahmini Teslim:,refreshed,0,https://www.trendyol.com/go-toys/kinetik-top-duyusal-oyuncak-spinnball-stret-oyuncak-1-adet-p-1183064934?boutiqueId=61&merchantId=357212
cocuk:genel-cocuk,38,38,18,29.4,10.6,762229547,811610,762229547:811610,Erdenay Tekstil Karışık Renkli Kız Çocuk Külot 6'lı Sevimli Kediler,Erdenay Tekstil,ERDENAY,199.99,,0,InStock,,,,,4.456296296296297,1510,8,,"[""Kargo Bedava""]",Tahmini Teslim:,refreshed,0,https://www.trendyol.com/erdenay-tekstil/karisik-renkli-kiz-cocuk-kulot-6-li-sevimli-kediler-p-762229547?boutiqueId=61&merchantId=811610
cocuk:genel-cocuk,39,39,25,16.4,21.1,1086299043,230389,1086299043:230389,3MODA Erkek Çocuk Ribana Bel Joger Pantolon,3MODA,3MODA,349.33,,0,InStock,,,,,4.595238095238095,63,5,110,"[""Kargo Bedava""]",Tahmini Teslim:,refreshed,0,https://www.trendyol.com/3moda/erkek-cocuk-ribana-bel-joger-pantolon-p-1086299043?boutiqueId=61&merchantId=230389
cocuk:genel-cocuk,40,40,20,20.9,14.1,971161885,1127325,971161885:1127325,Circle Toys Eğitici Ahşap Ksilofon – 8 Tonlu Renkli Müzik Oyuncağı,Circle Toys,Circle Toys,190.66,,-43.2,InStock,,,,,4.370546318289786,407,1,31,"[""Kargo Bedava""]",Tahmini Teslim:,refreshed,0,https://www.trendyol.com/circle-toys/egitici-ahsap-ksilofon-8-tonlu-renkli-muzik-oyuncagi-p-971161885?boutiqueId=61&merchantId=1127325
cocuk:genel-cocuk,41,41,2,13.7,20.8,969100402,1188,969100402:1188,Defacto Kız Çocuk 7'li Pamuklu Patik Çorap F8690A8NS,Defacto,DeFacto,349.99,,0,InStock,,,,,4.558823529411765,51,0,,"[""Sepette %50 İndirim"",""Trendyol Plus'a Özel""]",Tahmini Teslim:,refreshed,0,https://www.trendyol.com/defacto/kiz-cocuk-7-li-pamuklu-patik-corap-f8690a8ns-p-969100402?boutiqueId=61&merchantId=1188
cocuk:genel-cocuk,42,42,5,15.1,18.9,1082805603,415082,1082805603:415082,MutluBiDünya 5 Adet Çiçek Figürlü Lastik Toka,MutluBiDünya,MutluBiDünya,74.95,,0,InStock,,,,,4.298507462686567,76,0,11,"[""Kargo Bedava""]",Tahmini Teslim:,refreshed,0,https://www.trendyol.com/mutlubidunya/5-adet-cicek-figurlu-lastik-toka-p-1082805603?boutiqueId=61&merchantId=415082
cocuk:genel-cocuk,43,43,59,21.3,12.2,921665093,203783,921665093:203783,BGK 5 Çift Kız Çocuk Kurdale Desenli Çorap,BGK,BGK,189.99,,0,InStock,,,,,4.304770318021202,454,1,,"[""Kargo Bedava""]",Tahmini Teslim:,refreshed,0,https://www.trendyol.com/bgk/5-cift-kiz-cocuk-kurdale-desenli-corap-p-921665093?boutiqueId=61&merchantId=203783
cocuk:genel-cocuk,44,44,13,14.5,18.5,820037611,548118,820037611:548118,Relaxion Rlx-3324 Okul Çantası Termal Besleme Çantası SİYAH,Relaxion,Visees,325,,0,InStock,,,,,4.621621621621622,64,1,,"[""Kargo Bedava""]",Tahmini Teslim:,refreshed,0,https://www.trendyol.com/relaxion/rlx-3324-okul-cantasi-termal-besleme-cantasi-siyah-p-820037611?boutiqueId=61&merchantId=548118
cocuk:genel-cocuk,45,45,23,28.1,4.4,800440450,203783,800440450:203783,BGK 5 Çift Zürafa Desenli Çocuk Çorap,BGK,BGK,189.99,,0,InStock,,,,,4.114634509453625,3279,0,199,"[""Kargo Bedava""]",Tahmini Teslim:,refreshed,0,https://www.trendyol.com/bgk/5-cift-zurafa-desenli-cocuk-corap-p-800440450?boutiqueId=61&merchantId=203783
cocuk:genel-cocuk,46,46,,14.4,17.6,851564114,4442,851564114:4442,Penti Erkek Çocuk Blue Solid 3lü Çok Renkli Boxer,Penti,Penti,399.99,,,InStock,,,,,4.680555555555555,63,,6,"[""Kargo Bedava""]",,refreshed,0,https://www.trendyol.com/penti/erkek-cocuk-blue-solid-3lu-cok-renkli-boxer-p-851564114?boutiqueId=61&merchantId=4442
cocuk:genel-cocuk,47,47,91,11.5,20,1183606969,1067636,1183606969:1067636,LE STYLE DE MARIE Tokyo Renkli Kore Çanta 3’lü Okul Seti – Beslenme Çantası ve Kalemlik,LE STYLE DE MARIE,LE STYLE DE MARIE,1649.99,,39,InStock,,,,,4.75,26,17,28,"[""Kargo Bedava""]",Tahmini Teslim:,refreshed,0,https://www.trendyol.com/le-style-de-marie/tokyo-renkli-kore-canta-3-lu-okul-seti-beslenme-cantasi-ve-kalemlik-p-1183606969?boutiqueId=61&merchantId=1067636
cocuk:genel-cocuk,49,49,7,20.5,10,733391217,4227,733391217:4227,Katia & Bony Kız Çocuk Mus Külotlu Çorap Beyaz,Katia &,Katia and Bony,181.38,,0,InStock,,,,,4.5361527967257835,368,-1,,"[""Sepette %2 İndirim"",""Kargo Bedava"",""Trendyol Plus'a Özel""]",Tahmini Teslim:,refreshed,0,https://www.trendyol.com/katia-bony/kiz-cocuk-mus-kulotlu-corap-beyaz-p-733391217?boutiqueId=61&merchantId=4227
cocuk:genel-cocuk,50,50,11,21.9,8.1,757437741,717818,757437741:717818,Sekk O Sevgiliye Özel Hediyelik Çilek Tavşan Peluş Oyuncak 35 Cm Özel Tasarım-fermuarlı Yapısıyla,Sekk O,Sekk O,349.84,,0,InStock,,,,,4.358102059086841,538,0,,"[""Kargo Bedava""]",Tahmini Teslim:,refreshed,0,https://www.trendyol.com/sekk-o/sevgiliye-ozel-hediyelik-cilek-tavsan-pelus-oyuncak-35-cm-ozel-tasarim-fermuarli-yapisiyla-p-757437741?boutiqueId=61&merchantId=717818
cocuk:genel-cocuk,51,51,24,17.8,12.2,1039450514,1179105,1039450514:1179105,Lemut Blockland 400 Parça ( KUTUSUZ ) pixel Yaratıcı tasarım yapı inşaa eğitici Oyuncak minecraft,Lemut,Nevline,185,,0,InStock,,,,,4.622837370242214,168,0,42,"[""Sepette %25 İndirim"",""Süper Fırsat Ürünü"",""Kargo Bedava""]",Tahmini Teslim:,refreshed,0,https://www.trendyol.com/lemut/blockland-400-parca-kutusuz-pixel-yaratici-tasarim-yapi-insaa-egitici-oyuncak-minecraft-p-1039450514?boutiqueId=61&merchantId=1179105
cocuk:genel-cocuk,53,53,-5,9.6,20.4,881691921,163,881691921:163,U.S. Polo Assn. Erkek Çocuk Lacivert Sweatshirt 50290732-VR033,U.S. Polo Assn. Erkek,U.S. Polo Assn.,2299.95,,0,InStock,,,,,4.7894736842105265,15,1,6,"[""Sepette %62 İndirim"",""Kargo Bedava""]",Tahmini Teslim:,refreshed,0,https://www.trendyol.com/u-s-polo-assn/erkek-cocuk-lacivert-sweatshirt-50290732-vr033-p-881691921?boutiqueId=61&merchantId=163
cocuk:genel-cocuk,54,54,-15,18.3,11.7,945760388,109643,945760388:109643,Genel Markalar 1 Adet Mini Kedi Patisi-Yapışabilen Sukuşi - Squishy Pati- Muhteşem Hisli Pati -3 cm Stres Oyuncak,Genel Markalar,Rüya Gezegeni,34,,0,InStock,,,,,3.8983451536643026,191,1,199,"[""10 TL Kupon"",""Sepette %1 İndirim"",""Kargo Bedava"",""Trendyol Plus'a Özel""]",Tahmini Teslim:,refreshed,0,https://www.trendyol.com/genel-markalar/1-adet-mini-kedi-patisi-yapisabilen-sukusi-squishy-pati-muhtesem-hisli-pati-3-cm-stres-oyuncak-p-945760388?boutiqueId=61&merchantId=109643
cocuk:genel-cocuk,55,55,,0,30,1072931204,392,1072931204:392,ebebek Hello Baby HelloBaby Erkek Bebek Eşofman Alt Ottoman Ribanalı Paça,ebebek Hello Baby,ebebek,374.49,,,InStock,,,,,4.666666666666667,0,,5,"[""Sepette %40 İndirim"",""Kargo Bedava""]",Tahmini Teslim:,refreshed,0,https://www.trendyol.com/ebebek-hello-baby/hellobaby-erkek-bebek-esofman-alt-ottoman-ribanali-paca-p-1072931204?boutiqueId=61&merchantId=392
cocuk:genel-cocuk,58,58,-13,15.7,14.3,756571675,4442,756571675:4442,Penti Kız Çocuk Navy Ribbon Pantolon Çorabı,Penti,Penti,149.99,,0,InStock,,,,,4.748633879781422,91,2,,"[""Kargo Bedava""]",Tahmini Teslim:,refreshed,0,https://www.trendyol.com/penti/kiz-cocuk-navy-ribbon-pantolon-corabi-p-756571675?boutiqueId=61&merchantId=4442
cocuk:genel-cocuk,59,59,-9,12.8,17.2,962179036,971140,962179036:971140,RELAXUS Kore Tarzı Aksesuarlı Kız Çocuk İlkokul Ortaokul Çantası Sırt Çantası,RELAXUS,Relaxus,1515.84,,-42.4,InStock,,,,,4.666666666666667,39,1,35,"[""Kargo Bedava""]",Tahmini Teslim:,refreshed,0,https://www.trendyol.com/relaxus/kore-tarzi-aksesuarli-kiz-cocuk-ilkokul-ortaokul-cantasi-sirt-cantasi-p-962179036?boutiqueId=61&merchantId=971140
cocuk:genel-cocuk,60,60,-8,18.8,11.2,874397997,307398,874397997:307398,Gizem iç giyim 6'LI PAKET ERKEK ÇOCUK ATLET PAMUKLU RAHAT PREMİUM KALIP,Gizem iç giyim,Gizemiç giyim,329,,0,InStock,,,,,4.426470588235294,226,5,,"[""Kargo Bedava"",""Trendyol Plus'a Özel""]",Tahmini Teslim:,refreshed,0,https://www.trendyol.com/gizem-ic-giyim/6-li-paket-erkek-cocuk-atlet-pamuklu-rahat-premium-kalip-p-874397997?boutiqueId=61&merchantId=307398
cocuk:genel-cocuk,61,61,21,16.7,13.3,140586907,1201011,140586907:1201011,Genel Markalar Kırmızı Polo Yaka Uzun Kol Çocuk Genç Okul Tişört,Genel Markalar,Zumino,299.9,,,InStock,,,,,4.226495726495727,122,2,51,"[""Kargo Bedava""]",Tahmini Teslim:,refreshed,0,https://www.trendyol.com/genel-markalar/kirmizi-polo-yaka-uzun-kol-cocuk-genc-okul-tisort-p-140586907?boutiqueId=61&merchantId=1201011
cocuk:genel-cocuk,62,62,9,12.7,17.3,958403272,392,958403272:392,ebebek Hello Baby HelloBaby Basic Eşofman Alt,ebebek Hello Baby,ebebek,267.49,,37.5,InStock,,,,,4.735294117647059,38,1,6,"[""Sepette %20 İndirim"",""Kargo Bedava""]",Tahmini Teslim:,refreshed,0,https://www.trendyol.com/ebebek-hello-baby/hellobaby-basic-esofman-alt-p-958403272?boutiqueId=61&merchantId=392
cocuk:genel-cocuk,63,63,80,14.5,15.5,905002250,4442,905002250:4442,Penti Erkek Çocuk Lines 3lü Tenis Beyaz Soket Çorap,Penti,Penti,199.99,,0,InStock,,,,,4.8936170212765955,64,1,3,"[""Kargo Bedava""]",Tahmini Teslim:,refreshed,0,https://www.trendyol.com/penti/erkek-cocuk-lines-3lu-tenis-beyaz-soket-corap-p-905002250?boutiqueId=61&merchantId=4442
cocuk:genel-cocuk,64,64,5,27.9,2.1,333202282,662772,333202282:662772,merfbaby Cotton Oyuncaklı Ana Kucağı - Gri,merfbaby,MerfBaby,1699,,0,InStock,,,,,4.788745737021599,3036,1,,"[""Kargo Bedava"",""Sepette %1 İndirim"",""349,90 TL Kupon"",""15 TL Kupon"",""848,74 TL Kupon"",""Son 10 Günün En Düşük Fiyatı"",""Trendyol Plus'a Özel""]",Tahmini Teslim:,refreshed,0,https://www.trendyol.com/merfbaby/cotton-oyuncakli-ana-kucagi-gri-p-333202282?boutiqueId=61&merchantId=662772
cocuk:genel-cocuk,67,67,-26,20.8,9.2,982881458,152772,982881458:152772,Serstil 6 Parça Anne Bebek Doğum ve Hastane Çıkış Çantası Seti - Pembe Puantiyeli,Serstil,ESTİ,199.95,,0,InStock,,,,,4.662511984659636,392,1,35,"[""Sepette %1 İndirim"",""Kargo Bedava""]",Tahmini Teslim:,refreshed,0,https://www.trendyol.com/serstil/6-parca-anne-bebek-dogum-ve-hastane-cikis-cantasi-seti-pembe-puantiyeli-p-982881458?boutiqueId=61&merchantId=152772
cocuk:genel-cocuk,71,71,-36,10.7,19.3,1123317212,769726,1123317212:769726,OYUNKAFASI 20 Adet Suda Büyüyen Dinazor Yumurtası – 3 cm Çatlayan Sürpriz Dinazor Yumurta Hediyelik Oyuncak,OYUNKAFASI,OYUNKAFASI,383,,-0.5,InStock,,,,,3.967741935483871,21,0,18,"[""Sepette %1 İndirim"",""Kargo Bedava"",""Trendyol Plus'a Özel""]",Tahmini Teslim:,refreshed,0,https://www.trendyol.com/oyunkafasi/20-adet-suda-buyuyen-dinazor-yumurtasi-3-cm-catlayan-surpriz-dinazor-yumurta-hediyelik-oyuncak-p-1123317212?boutiqueId=61&merchantId=769726
cocuk:genel-cocuk,74,74,-11,9.4,20.6,1104982370,982060,1104982370:982060,H&M Kız Çocuk Pembe Kalp Desenli Gabardin Ceket,H&M,H&M,1099,,0,InStock,,,,,4.6571428571428575,14,0,,"[""Kargo Bedava""]",Tahmini Teslim:,refreshed,0,https://www.trendyol.com/h-m/kiz-cocuk-pembe-kalp-desenli-gabardin-ceket-p-1104982370?boutiqueId=61&merchantId=982060
cocuk:genel-cocuk,75,75,-13,23.1,6.9,778107234,4227,778107234:4227,Katia & Bony İçi Havlu Çocuk Tayt Krem Melanj,Katia &,Katia and Bony,158.92,,0,InStock,,,,,4.6163424124513615,780,1,,"[""Sepette %2 İndirim"",""Kargo Bedava"",""Trendyol Plus'a Özel""]",Tahmini Teslim:,refreshed,0,https://www.trendyol.com/katia-bony/ici-havlu-cocuk-tayt-krem-melanj-p-778107234?boutiqueId=61&merchantId=4227
cocuk:genel-cocuk,76,76,89,12.6,17.4,971679543,809868,971679543:809868,Roomys Kawaii Kore Tarzı Beslenme Çantası İthal Yüksek Kalite Isı Yalıtımlı,Roomys,ROOMYS,549,,0,InStock,,,,,4.666666666666667,37,3,,"[""Kargo Bedava""]",Tahmini Teslim:,refreshed,0,https://www.trendyol.com/roomys/kawaii-kore-tarzi-beslenme-cantasi-ithal-yuksek-kalite-isi-yalitimli-p-971679543?boutiqueId=61&merchantId=809868
cocuk:genel-cocuk,77,77,20,4.8,25.2,993678977,1142614,993678977:1142614,Minopi 20 cm 1 Çift Ahşap Ritim Çubuğu Perkusyon Müzik Sopası Toplam 2 Adet,Minopi,Minopi,134.95,,0,InStock,,,,,4.428571428571429,3,1,,"[""Kargo Bedava""]",Tahmini Teslim:,refreshed,0,https://www.trendyol.com/minopi/20-cm-1-cift-ahsap-ritim-cubugu-perkusyon-muzik-sopasi-toplam-2-adet-p-993678977?boutiqueId=61&merchantId=1142614
cocuk:genel-cocuk,80,80,35,23.3,6.7,950641235,1131766,950641235:1131766,Pico Baby Organik Pamuk Unisex 5'li Kutulu Premium Yeni Doğan Bebek Çorabı,Pico Baby,Pico Baby,181.27,,0,InStock,,,,,4.6053952321204505,822,8,,"[""Kargo Bedava""]",Tahmini Teslim:,refreshed,0,https://www.trendyol.com/pico-baby/organik-pamuk-unisex-5-li-kutulu-premium-yeni-dogan-bebek-corabi-p-950641235?boutiqueId=61&merchantId=1131766
cocuk:genel-cocuk,81,81,0,9.2,20.8,1117417037,224156,1117417037:224156,kinderos Pamuklu Kısa Kollu Basic Düz Polo Yaka Okul Tişört - 26Y 0603,kinderos,kinderos,349.9,,5.1,InStock,,,,,4.72,13,0,,"[""Kargo Bedava""]",Tahmini Teslim:,refreshed,0,https://www.trendyol.com/kinderos/pamuklu-kisa-kollu-basic-duz-polo-yaka-okul-tisort-26y-0603-p-1117417037?boutiqueId=61&merchantId=224156
cocuk:genel-cocuk,82,82,26,20.9,9.1,841221008,290479,841221008:290479,Mai Perla Gülen Yüz Suratlı Şapkalı Çocuk Bebek Tulum,Mai Perla,Mai Perla,198.53,,0,InStock,,,,,4.03238341968912,403,2,,"[""Kargo Bedava""]",Tahmini Teslim:,refreshed,0,https://www.trendyol.com/mai-perla/gulen-yuz-suratli-sapkali-cocuk-bebek-tulum-p-841221008?boutiqueId=61&merchantId=290479
cocuk:genel-cocuk,83,83,,6.2,23.8,994156923,392,994156923:392,ebebek Hello Baby HelloBaby Erkek Bebek Basic Sweatshirt Şardonlu Bisiklet Yaka Uzun Kol,ebebek Hello Baby,ebebek,320.99,,,InStock,,,,,4.875,5,,,"[""Sepette %40 İndirim"",""Sepette %20 İndirim"",""Kargo Bedava"",""Trendyol Plus'a Özel""]",Tahmini Teslim:,refreshed,0,https://www.trendyol.com/ebebek-hello-baby/hellobaby-erkek-bebek-basic-sweatshirt-sardonlu-bisiklet-yaka-uzun-kol-p-994156923?boutiqueId=61&merchantId=392
cocuk:genel-cocuk,85,85,,6.8,23.2,958403271,392,958403271:392,ebebek Hello Baby HelloBaby Basic Sweatshirt,ebebek Hello Baby,ebebek,320.99,,,InStock,,,,,4.818181818181818,6,,,"[""Sepette %40 İndirim"",""Kargo Bedava""]",Tahmini Teslim:,refreshed,0,https://www.trendyol.com/ebebek-hello-baby/hellobaby-basic-sweatshirt-p-958403271?boutiqueId=61&merchantId=392
cocuk:genel-cocuk,87,87,6,3.8,26.2,1174667360,1188,1174667360:1188,Defacto 10'lu Pamuklu Patik Siyah Çorap Erkek Çocuk I3258A8NS,Defacto,DeFacto,399.99,,0,InStock,,,,,4.538461538461537,2,0,,"[""Sepette %50 İndirim"",""Trendyol Plus'a Özel""]",Tahmini Teslim:,refreshed,0,https://www.trendyol.com/defacto/10-lu-pamuklu-patik-siyah-corap-erkek-cocuk-i3258a8ns-p-1174667360?boutiqueId=61&merchantId=1188
cocuk:genel-cocuk,88,88,-29,17.3,12.7,199474561,224156,199474561:224156,Genel Markalar Polo Yakalı Lacoste Unisex Çocuk Uzun Kollu Sweatshirt,Genel Markalar,kinderos,249.99,,2,InStock,,,,,4.0993150684931505,145,0,,"[""Kargo Bedava"",""Trendyol Plus'a Özel""]",Tahmini Teslim:,refreshed,0,https://www.trendyol.com/genel-markalar/polo-yakali-lacoste-unisex-cocuk-uzun-kollu-sweatshirt-p-199474561?boutiqueId=61&merchantId=224156
cocuk:genel-cocuk,90,90,9,21.1,8.9,711778349,985476,711778349:985476,devtoptan Ahşap Mızıka Nefes Egzersizi Çocuk Müzik Aleti,devtoptan,babynow,44.5,,0,InStock,,,,,4.144876325088339,430,1,,"[""Kargo Bedava"",""Trendyol Plus'a Özel""]",Tahmini Teslim:,refreshed,0,https://www.trendyol.com/devtoptan/ahsap-mizika-nefes-egzersizi-cocuk-muzik-aleti-p-711778349?boutiqueId=61&merchantId=985476
cocuk:genel-cocuk,91,91,10,29,1,803899053,679524,803899053:679524,ENCİVA İsimli Özel Doğal Bebek Tarak Ve Ahşap Anı Küpü Seti Bebek Hediyelik Bakım Fotoğraf Yeni Doğan,ENCİVA,ENCİ DEKORASYON,469.95,,34.3,InStock,,,,,4.058692540162239,4216,10,,"[""15 TL Kupon"",""Kargo Bedava"",""Trendyol Plus'a Özel""]",Tahmini Teslim:,refreshed,0,https://www.trendyol.com/enciva/isimli-ozel-dogal-bebek-tarak-ve-ahsap-ani-kupu-seti-bebek-hediyelik-bakim-fotograf-yeni-dogan-p-803899053?boutiqueId=61&merchantId=679524
cocuk:genel-cocuk,92,92,,4.8,25.2,1195024220,1320268,1195024220:1320268,Genel Markalar Y&A Socks Kız Çocuk Fiyonklu Diz Altı Çorap 3 Çift,Genel Markalar,ÇAĞLAR SOCKS,199.9,,,InStock,,,,,4.75,3,,,"[""Kargo Bedava""]",Tahmini Teslim:,refreshed,0,https://www.trendyol.com/genel-markalar/y-a-socks-kiz-cocuk-fiyonklu-diz-alti-corap-3-cift-p-1195024220?boutiqueId=61&merchantId=1320268
cocuk:genel-cocuk,94,94,-10,22.7,7.3,115147158,107400,115147158:107400,Cambridge Polo Club 3'lü Set İlkokul Çantası,Cambridge Polo Club,CambridgePoloClub,579,,0,InStock,,,,,4.397280966767373,693,3,,"[""Kargo Bedava""]",Tahmini Teslim:,refreshed,0,https://www.trendyol.com/cambridge-polo-club/3-lu-set-ilkokul-cantasi-p-115147158?boutiqueId=61&merchantId=107400
cocuk:genel-cocuk,95,95,,11.2,18.8,1187485940,1067636,1187485940:1067636,Qırniy Tokyo Kore Rozetli Dünya 2’li Çocuk Okul Çantası Seti – Sırt ve Beslenme Çantası,Qırniy,LE STYLE DE MARIE,1400,,,InStock,,,,,4.916666666666667,24,,,"[""Kargo Bedava""]",Tahmini Teslim:,refreshed,0,https://www.trendyol.com/qirniy/tokyo-kore-rozetli-dunya-2-li-cocuk-okul-cantasi-seti-sirt-ve-beslenme-cantasi-p-1187485940?boutiqueId=61&merchantId=1067636
cocuk:genel-cocuk,97,97,27,18.3,11.7,1103532328,137544,1103532328:137544,Kitchen Beauty Çocuklar İçin Silinebilir Çizim Defteri 6 Adet Kalem Hediyeli - Bebekler İçin Aktivite Oyuncak Seti,Kitchen Beauty,Eymen Ticaret,199.99,,0,InStock,,,,,4.141809290953545,194,3,,"[""Kargo Bedava""]",Tahmini Teslim:,refreshed,0,https://www.trendyol.com/kitchen-beauty/cocuklar-icin-silinebilir-cizim-defteri-6-adet-kalem-hediyeli-bebekler-icin-aktivite-oyuncak-seti-p-1103532328?boutiqueId=61&merchantId=137544
cocuk:genel-cocuk,99,99,-20,10,20,1172898214,1166251,1172898214:1166251,Essu POLO YAKA BEYAZ KISA KOL OKUL TİŞÖRT - BİR İKİ BEDEN BÜYÜK ÖNERİLİR,Essu,ALGLIFE,299.99,,0,InStock,,,,,3.735294117647059,17,1,,"[""Kargo Bedava""]",Tahmini Teslim:,refreshed,0,https://www.trendyol.com/essu/polo-yaka-beyaz-kisa-kol-okul-tisort-bir-iki-beden-buyuk-onerilir-p-1172898214?boutiqueId=61&merchantId=1166251
cocuk:genel-cocuk,100,100,-47,13.4,16.6,736025413,109643,736025413:109643,CT-TOYS 10 Tane Islanınca Çatlayıp Büyüyen Dinazor Yumurtası Oyuncak Dinozor Yumurtası,CT-TOYS,Rüya Gezegeni,174,,-0.6,InStock,,,,,3.727272727272727,46,0,,"[""10 TL Kupon"",""Kargo Bedava""]",Tahmini Teslim:,refreshed,0,https://www.trendyol.com/ct-toys/10-tane-islaninca-catlayip-buyuyen-dinazor-yumurtasi-oyuncak-dinozor-yumurtasi-p-736025413?boutiqueId=61&merchantId=109643
cocuk:genel-cocuk,101,101,-21,14.4,15.6,1121773861,210515,1121773861:210515,SEDİRLİ Yeni Örümcek Adam 2 Maskeli Kostüm,SEDİRLİ,Sedirli Giyim,408.04,,0,InStock,,,,,4.559055118110236,63,3,,"[""Kargo Bedava""]",Tahmini Teslim:,refreshed,0,https://www.trendyol.com/sedirli/yeni-orumcek-adam-2-maskeli-kostum-p-1121773861?boutiqueId=61&merchantId=210515
cocuk:genel-cocuk,102,102,-15,21.7,8.3,887625564,496056,887625564:496056,Monalisa Çocuk Renkli Ponpon Toka 10’Lu,Monalisa,Monalisa Toka,74.9,,0,InStock,,,,,3.38470066518847,508,5,,"[""Kargo Bedava"",""Trendyol Plus'a Özel""]",Tahmini Teslim:,refreshed,0,https://www.trendyol.com/monalisa/cocuk-renkli-ponpon-toka-10-lu-p-887625564?boutiqueId=61&merchantId=496056
cocuk:genel-cocuk,104,104,79,25.8,4.2,774496619,226484,774496619:226484,JUNİPERUS Fırfırlı 2'li Bebek Puset Örtüsü Puset Minderi Ortopedik Bel Destekli,JUNİPERUS,Juniperus,649.9,,0,InStock,,,,,4.6303173531397706,1683,3,,"[""Kargo Bedava""]",Tahmini Teslim:,refreshed,0,https://www.trendyol.com/juniperus/firfirli-2-li-bebek-puset-ortusu-puset-minderi-ortopedik-bel-destekli-p-774496619?boutiqueId=61&merchantId=226484
cocuk:genel-cocuk,105,105,-11,28.3,1.7,177023193,195176,177023193:195176,Tutku 6lı Erkek Çocuk Renkli Atlet Pamuklu Askılı Empirme Elastan,Tutku,BEYAZ TOPTAN,390,,0,InStock,,,,,4.556474284769307,3409,-2,921,"[""Kargo Bedava""]",Tahmini Teslim:,refreshed,0,https://www.trendyol.com/tutku/6li-erkek-cocuk-renkli-atlet-pamuklu-askili-empirme-elastan-p-177023193?boutiqueId=61&merchantId=195176
cocuk:genel-cocuk,106,106,,5.6,24.4,974428992,392,974428992:392,ebebek Hello Baby HelloBaby Müzikli Dinazor Baskılı Sweatshirt Erkek Bebek,ebebek Hello Baby,ebebek,267.49,,,InStock,,,,,4.888888888888889,4,,,"[""Sepette %40 İndirim"",""Kargo Bedava"",""Son 10 Günün En Düşük Fiyatı"",""Trendyol Plus'a Özel""]",Tahmini Teslim:,refreshed,0,https://www.trendyol.com/ebebek-hello-baby/hellobaby-muzikli-dinazor-baskili-sweatshirt-erkek-bebek-p-974428992?boutiqueId=61&merchantId=392
cocuk:genel-cocuk,107,107,-2,18.1,11.9,941912296,107242,941912296:107242,Elele Potenza 4in1 Ebeveyn Kontrollü 5 Tekerlekli Çocuk Scooter Işıklı Oturaklı Kahverengi,Elele,Elelebaby,4927,,0,InStock,,,,,4.641791044776119,181,1,248,"[""Kargo Bedava"",""Peşin Fiyatına 3 Taksit"",""Son 10 Günün En Düşük Fiyatı""]",Tahmini Teslim:,refreshed,0,https://www.trendyol.com/elele/potenza-4in1-ebeveyn-kontrollu-5-tekerlekli-cocuk-scooter-isikli-oturakli-kahverengi-p-941912296?boutiqueId=61&merchantId=107242
cocuk:genel-cocuk,108,108,-35,28.8,1.2,6877586,109486,6877586:109486,Furkan Toys Cool Wheels Twist Led Işıklı 3 Tekerlekli Yükseklik Ayarlı PEMBE Scooter,Furkan Toys,Oyuncak Paketim,889.36,,0,InStock,,,,,4.606282051282052,3943,-1,1702,"[""Kargo Bedava""]",Tahmini Teslim:,refreshed,0,https://www.trendyol.com/furkan-toys/cool-wheels-twist-led-isikli-3-tekerlekli-yukseklik-ayarli-pembe-scooter-p-6877586?boutiqueId=61&merchantId=109486
cocuk:cocuk-oyuncak,1,109,5,88.4,58.7,1185542611,1048417,1185542611:1048417,potasyum 72 Parça Manyetik Yapı Blokları - Çocuklar için Renkli 3 Boyutlu Karo Oyun Seti Oyuncak Yap-Boz,potasyum,KÜRE EKSPRES,1149,,0,InStock,Son 3 günde 250+ ürün satıldı!,3,250,83.3,4.75,5,1,16,"[""Kargo Bedava"",""Peşin Fiyatına 3 Taksit"",""Trendyol Plus'a Özel""]",Tahmini Teslim:,refreshed,0,https://www.trendyol.com/potasyum/72-parca-manyetik-yapi-bloklari-cocuklar-icin-renkli-3-boyutlu-karo-oyun-seti-oyuncak-yap-boz-p-1185542611?boutiqueId=61&merchantId=1048417
cocuk:cocuk-oyuncak,2,110,2,93.9,36.1,1134330771,357212,1134330771:357212,Go Toys Go Magnetic Series 26 Parça Yapı Tasarım Eklentisi - Mıknatıslı Manyetik Bloklar,Go Toys,Shopist,995,,0,InStock,,,,,3.9660493827160495,174,2,35,"[""Sepette %30 İndirim"",""Kargo Bedava"",""Sepette %20 İndirim"",""Trendyol Plus'a Özel""]",Tahmini Teslim:,refreshed,0,https://www.trendyol.com/go-toys/go-magnetic-series-26-parca-yapi-tasarim-eklentisi-miknatisli-manyetik-bloklar-p-1134330771?boutiqueId=61&merchantId=357212
cocuk:cocuk-oyuncak,3,111,4,90.3,37.2,1052657989,1281994,1052657989:1281994,TİVENS Peluş Stitch Koala Oyuncak Stich Sürpriz Paket Pelüş Stitch su jewelry collective shine,TİVENS,ıntex toys,187,,0,InStock,,,,,3.9396984924623117,107,3,71,"[""Kargo Bedava""]",Tahmini Teslim:,refreshed,0,https://www.trendyol.com/tivens/pelus-stitch-koala-oyuncak-stich-surpriz-paket-pelus-stitch-su-jewelry-collective-shine-p-1052657989?boutiqueId=61&merchantId=1281994
cocuk:cocuk-oyuncak,4,112,14,100.6,24.4,6877587,109486,6877587:109486,Furkan Toys Cool Wheels Led Işıklı 3 Tekerlekli Yükseklik Ayarlı Twist Scooter,Furkan Toys,Oyuncak Paketim,889.18,,0,InStock,,,,,4.559435951502373,3730,4,1731,"[""Kargo Bedava""]",Tahmini Teslim:,refreshed,0,https://www.trendyol.com/furkan-toys/cool-wheels-led-isikli-3-tekerlekli-yukseklik-ayarli-twist-scooter-p-6877587?boutiqueId=61&merchantId=109486
cocuk:cocuk-oyuncak,5,113,3,89.2,33.3,1040762882,931256,1040762882:931256,tutobaby Sevimli Mıknatıslı Kurmalı Civcivler,tutobaby,TuTobaby,199.99,,0,InStock,,,,,4.49873417721519,250,4,28,"[""Sepette %20 İndirim"",""100 TL Kupon"",""Kargo Bedava"",""Son 10 Günün En Düşük Fiyatı""]",Tahmini Teslim:,refreshed,0,https://www.trendyol.com/tutobaby/sevimli-miknatisli-kurmali-civcivler-p-1040762882?boutiqueId=61&merchantId=931256
cocuk:cocuk-oyuncak,6,114,-3,88.7,31.3,1030904645,358282,1030904645:358282,BubbyPlay Çantalı Çiçek Bahçesi 52 Parça Yapım Seti Tak Çıkar Blok Montessori Eğitici Oyuncak Çocuk Gelişim 3 Yaş,BubbyPlay,kidva,149.9,,0,InStock,,,,,4.784397163120567,386,1,63,"[""Kargo Bedava""]",Tahmini Teslim:,refreshed,0,https://www.trendyol.com/bubbyplay/cantali-cicek-bahcesi-52-parca-yapim-seti-tak-cikar-blok-montessori-egitici-oyuncak-cocuk-gelisim-3-yas-p-1030904645?boutiqueId=61&merchantId=358282
cocuk:cocuk-oyuncak,9,117,10,80.8,31.7,948755526,358282,948755526:358282,Genel Markalar 52 Parça Montessori Gömlek Düğme İpe Dizme Eğitici Oyuncağı Anaokulu Okul Öncesi Zeka Seti,Genel Markalar,kidva,257,,0,InStock,,,,,4.663951120162933,226,0,37,"[""Sepette %30 İndirim"",""Kargo Bedava""]",Tahmini Teslim:,refreshed,0,https://www.trendyol.com/genel-markalar/52-parca-montessori-gomlek-dugme-ipe-dizme-egitici-oyuncagi-anaokulu-okul-oncesi-zeka-seti-p-948755526?boutiqueId=61&merchantId=358282
cocuk:cocuk-oyuncak,10,118,10,74.9,35.1,1148437877,752303,1148437877:752303,KİNKU Örümcek Adam Vantuz Fırlatan Eldiven,KİNKU,KİNKU,159.9,,0,InStock,,,,,3.5789473684210527,72,1,,"[""Kargo Bedava""]",Tahmini Teslim:,refreshed,0,https://www.trendyol.com/kinku/orumcek-adam-vantuz-firlatan-eldiven-p-1148437877?boutiqueId=61&merchantId=752303
cocuk:cocuk-oyuncak,11,119,3,83.3,24.2,37738604,109643,37738604:109643,UNO Kartlar W2087,UNO,Rüya Gezegeni,62,,-6.1,InStock,,,,,3.414739317914543,1435,1,,"[""Kargo Bedava""]",Tahmini Teslim:,refreshed,0,https://www.trendyol.com/uno/kartlar-w2087-p-37738604?boutiqueId=61&merchantId=109643
cocuk:cocuk-oyuncak,12,120,2,65.4,39.6,1160951346,1230100,1160951346:1230100,PAKİTO Diz Bakalım Geometrik Şekil Eşleştirme Oyunu | Renk Sıralama Oyunu-Eğitici Zeka Oyuncağı-Bul Sırala Öğren,PAKİTO,LUMO STORE,270,,0,InStock,,,,,4.7368421052631575,14,2,,"[""Sepette %30 İndirim"",""Kargo Bedava""]",Tahmini Teslim:,refreshed,0,https://www.trendyol.com/pakito/diz-bakalim-geometrik-sekil-eslestirme-oyunu-renk-siralama-oyunu-egitici-zeka-oyuncagi-bul-sirala-ogren-p-1160951346?boutiqueId=61&merchantId=1230100
cocuk:cocuk-oyuncak,13,121,-2,85.9,18.5,756100197,357212,756100197:357212,Go Toys Kurbağa Denge Ebeveyn Çocuk Etkileşimi Oyunu Eğitici Oyuncak Kutu Oyunu,Go Toys,Shopist,199,,0,InStock,,,,,4.628802813149342,9610,-2,,"[""Sepette %30 İndirim"",""Kargo Bedava""]",Tahmini Teslim:,refreshed,0,https://www.trendyol.com/go-toys/kurbaga-denge-ebeveyn-cocuk-etkilesimi-oyunu-egitici-oyuncak-kutu-oyunu-p-756100197?boutiqueId=61&merchantId=357212
cocuk:cocuk-oyuncak,14,122,1,70.8,29.2,1139242439,1230100,1139242439:1230100,PAKİTO Manyetik Yapı Blokları 72 Parça Original | Mıknatıslı Manyetik Bloklar,PAKİTO,LUMO STORE,1368.46,,0,InStock,,,,,4.543478260869565,223,3,,"[""Kargo Bedava""]",Tahmini Teslim:,refreshed,0,https://www.trendyol.com/pakito/manyetik-yapi-bloklari-72-parca-original-miknatisli-manyetik-bloklar-p-1139242439?boutiqueId=61&merchantId=1230100
cocuk:cocuk-oyuncak,15,123,11,72.8,24.7,959514969,357212,959514969:357212,Go Toys Go Magnetic Series 36 Parça Manyetik Yapı Blokları Original - Mıknatıslı Manyetik Bloklar,Go Toys,Shopist,1190,,0,InStock,,,,,4.218859957776214,702,0,,"[""Sepette %30 İndirim"",""Kargo Bedava""]",Tahmini Teslim:,refreshed,0,https://www.trendyol.com/go-toys/go-magnetic-series-36-parca-manyetik-yapi-bloklari-original-miknatisli-manyetik-bloklar-p-959514969?boutiqueId=61&merchantId=357212
cocuk:cocuk-oyuncak,16,124,4,61.6,33.4,1157415951,1048417,1157415951:1048417,ADİL OYUNCAK 2 Adet Araba Eklentisi Manyetik Oyuncak - Mıknatıslı Manyetik Bloklar,ADİL OYUNCAK,KÜRE EKSPRES,289,,0,InStock,,,,,4.4186046511627906,49,1,,"[""Kargo Bedava""]",Tahmini Teslim:,refreshed,0,https://www.trendyol.com/adil-oyuncak/2-adet-araba-eklentisi-manyetik-oyuncak-miknatisli-manyetik-bloklar-p-1157415951?boutiqueId=61&merchantId=1048417
cocuk:cocuk-oyuncak,17,125,-1,68.7,23.8,860347310,931256,860347310:931256,tutobaby Montessori 6'sı 1 arada Eğitici ve Öğretici Duyusal Gelişim Oyuncağı,tutobaby,TuTobaby,349.99,,0,InStock,,,,,4.650442477876106,679,3,,"[""Kargo Bedava""]",Tahmini Teslim:,refreshed,0,https://www.trendyol.com/tutobaby/montessori-6-si-1-arada-egitici-ve-ogretici-duyusal-gelisim-oyuncagi-p-860347310?boutiqueId=61&merchantId=931256
cocuk:cocuk-oyuncak,18,126,-6,55,35,1157437173,109643,1157437173:109643,"Rüya Gezegeni 1 Adet Mini Taş - Kağıt - Makas Oyunu Anahtarlık , Parmak Oyuncağı , Parti Hediye , Stres Giderici Hediye",Rüya Gezegeni,Rüya Gezegeni,34.99,,0,InStock,,,,,4.085106382978723,23,1,,"[""Kargo Bedava""]",Tahmini Teslim:,refreshed,0,https://www.trendyol.com/ruya-gezegeni/1-adet-mini-tas-kagit-makas-oyunu-anahtarlik-parmak-oyuncagi-parti-hediye-stres-giderici-hediye-p-1157437173?boutiqueId=61&merchantId=109643
cocuk:cocuk-oyuncak,19,127,-12,61,26.5,826256271,109643,826256271:109643,Happy Toys MyClean DİNAZOR SUDA BÜYÜYEN 8 ADET DİNAZOR YUMURTASI,Happy Toys,Rüya Gezegeni,160,,-14.9,InStock,,,,,3.995049504950495,234,1,,"[""10 TL Kupon"",""Kargo Bedava""]",Tahmini Teslim:,refreshed,0,https://www.trendyol.com/happy-toys/myclean-dinazor-suda-buyuyen-8-adet-dinazor-yumurtasi-p-826256271?boutiqueId=61&merchantId=109643
cocuk:cocuk-oyuncak,20,128,3,60.4,24.6,1055996545,1179105,1055996545:1179105,BubbyPlay Ayıcık Geometrik Şekil Oyuncak,BubbyPlay,Nevline,134.99,,0,InStock,,,,,4.519900497512438,354,0,,"[""Kargo Bedava""]",Tahmini Teslim:,refreshed,0,https://www.trendyol.com/bubbyplay/ayicik-geometrik-sekil-oyuncak-p-1055996545?boutiqueId=61&merchantId=1179105
cocuk:cocuk-oyuncak,21,129,-4,55.1,27.4,1081621123,1218056,1081621123:1218056,Mino Makers Manyetik Yapı Blokları - Çocuklar İçin 3 Boyutlu Renkli Mınatıslı 39 Parça Manyetik Blok Oyun Seti,Mino Makers,Mino Makers,752,,0,InStock,,,,,4.5675675675675675,137,3,,"[""Kargo Bedava"",""Trendyol Plus'a Özel""]",Tahmini Teslim:,refreshed,0,https://www.trendyol.com/mino-makers/manyetik-yapi-bloklari-cocuklar-icin-3-boyutlu-renkli-minatisli-39-parca-manyetik-blok-oyun-seti-p-1081621123?boutiqueId=61&merchantId=1218056
cocuk:cocuk-oyuncak,23,131,10,47.8,29.7,1163432426,752303,1163432426:752303,KİNKU Oyuncak Dokunmatik Eğitici Kukuli Telefon Şarjlı Edilebilir Cep telefonu +500 Farklı Ses ve Özellik,KİNKU,KİNKU,430.33,,0,InStock,,,,,4.685714285714286,52,3,,"[""Kargo Bedava""]",Tahmini Teslim:,refreshed,0,https://www.trendyol.com/kinku/oyuncak-dokunmatik-egitici-kukuli-telefon-sarjli-edilebilir-cep-telefonu-500-farkli-ses-ve-ozellik-p-1163432426?boutiqueId=61&merchantId=752303
cocuk:cocuk-oyuncak,24,132,-3,54.4,20.6,929095492,1122866,929095492:1122866,PRO Toys Işık/Ledli Üç Teker Yükseklik Ayarlanabilir ve Katlanabilir Fren Sistemli Çocuk Scooter,PRO Toys,PRO Toys,1190.95,,0,InStock,,,,,4.683471074380165,638,3,,"[""Kargo Bedava""]",Tahmini Teslim:,refreshed,0,https://www.trendyol.com/pro-toys/isik-ledli-uc-teker-yukseklik-ayarlanabilir-ve-katlanabilir-fren-sistemli-cocuk-scooter-p-929095492?boutiqueId=61&merchantId=1122866
cocuk:cocuk-oyuncak,25,133,-12,43.9,28.6,1164824299,1127325,1164824299:1127325,Circle Toys Ahşap Küçük Telli Koordinasyon Oyunu 1 Adet – Montessori Eğitici El Göz Koordinasyonu ve İnce Motor Beceri Oyuncağı,Circle Toys,Circle Toys,249.75,,0,InStock,,,,,3.731958762886598,53,1,,"[""Sepette %20 İndirim"",""Kargo Bedava""]",Tahmini Teslim:,refreshed,0,https://www.trendyol.com/circle-toys/ahsap-kucuk-telli-koordinasyon-oyunu-1-adet-montessori-egitici-el-goz-koordinasyonu-ve-ince-motor-beceri-oyuncagi-p-1164824299?boutiqueId=61&merchantId=1127325
cocuk:cocuk-oyuncak,26,134,12,54.5,15.5,687705772,357212,687705772:357212,Go Toys Otobant Eğitici Ve Eğlenceli Yol Yapım Bandı - Çocuk Trafik Bantı - Road Tape Oyun Bandı,Go Toys,Shopist,179,,0,InStock,,,,,4.436471193415638,2067,-10,,"[""Sepette %30 İndirim"",""Kargo Bedava""]",Tahmini Teslim:,refreshed,0,https://www.trendyol.com/go-toys/otobant-egitici-ve-eglenceli-yol-yapim-bandi-cocuk-trafik-banti-road-tape-oyun-bandi-p-687705772?boutiqueId=61&merchantId=357212
cocuk:cocuk-oyuncak,27,135,-9,38.8,28.7,1173041569,1333376,1173041569:1333376,Pudaier Çin mantısı simli XL boy,Pudaier,Volkan Oyuncak Toptan & Perakende,250,,,InStock,,,,,2.982456140350877,39,1,,"[""Kargo Bedava""]",Tahmini Teslim:,refreshed,0,https://www.trendyol.com/pudaier/cin-mantisi-simli-xl-boy-p-1173041569?boutiqueId=61&merchantId=1333376
cocuk:cocuk-oyuncak,28,136,2,37.8,27.2,1158160067,357212,1158160067:357212,Go Toys Yumuşak Yapı Blokları 48 Prc - Bublox Soft Bricks - Yumuşak Yapı Blokları,Go Toys,Shopist,699,,0,InStock,,,,,4.34020618556701,52,0,,"[""Sepette %30 İndirim"",""Kargo Bedava""]",Tahmini Teslim:,refreshed,0,https://www.trendyol.com/go-toys/yumusak-yapi-bloklari-48-prc-bublox-soft-bricks-yumusak-yapi-bloklari-p-1158160067?boutiqueId=61&merchantId=357212
cocuk:cocuk-oyuncak,29,137,3,41.8,20.7,1115203911,357212,1115203911:357212,Go Toys Go Track Turuncu Renk Esnek Yarış-Aksiyon Pisti 4.5 Mt - Flex track,Go Toys,Shopist,399,,0,InStock,,,,,4.261735419630156,300,1,,"[""Sepette %30 İndirim"",""Kargo Bedava""]",Tahmini Teslim:,refreshed,0,https://www.trendyol.com/go-toys/go-track-turuncu-renk-esnek-yaris-aksiyon-pisti-4-5-mt-flex-track-p-1115203911?boutiqueId=61&merchantId=357212
cocuk:cocuk-oyuncak,30,138,15,31,29,1086302714,1027891,1086302714:1027891,magnatech Manyetik Yapı Blokları | 100 Parça | 2 Adet Araba Dahil | Mıknatıslı Eğitici Oyuncak Seti,magnatech,Magnatech,1976.28,,0,InStock,,,,,4.785714285714286,23,1,,"[""Kargo Bedava""]",Tahmini Teslim:,refreshed,0,https://www.trendyol.com/magnatech/manyetik-yapi-bloklari-100-parca-2-adet-araba-dahil-miknatisli-egitici-oyuncak-seti-p-1086302714?boutiqueId=61&merchantId=1027891
cocuk:cocuk-oyuncak,31,139,41,33.2,24.3,1016793037,919413,1016793037:919413,Genel Markalar 120 parça renkli eğitici zeka yapı blokları oyuncak blok seti,Genel Markalar,TABAŞCOLLECTİON,201.73,,0,InStock,,,,,3.3870967741935485,78,3,,"[""Kargo Bedava""]",Tahmini Teslim:,refreshed,0,https://www.trendyol.com/genel-markalar/120-parca-renkli-egitici-zeka-yapi-bloklari-oyuncak-blok-seti-p-1016793037?boutiqueId=61&merchantId=919413
cocuk:cocuk-oyuncak,32,140,-10,38.5,16.5,53036058,190370,53036058:190370,Brother Toys Transformer Robot Çek Bırak Kendinden Robota Dönüşen 1:32 Bugatti Oyuncak Araba,Brother Toys,BROTHERTOYS,199.9,,0,InStock,,,,,3.995219123505976,644,2,,"[""Kargo Bedava""]",Tahmini Teslim:,refreshed,0,https://www.trendyol.com/brother-toys/transformer-robot-cek-birak-kendinden-robota-donusen-1-32-bugatti-oyuncak-araba-p-53036058?boutiqueId=61&merchantId=190370
cocuk:cocuk-oyuncak,34,142,10,37.2,12.8,291063284,137544,291063284:137544,İndirimKap Çocuklar Için Atlama Zıplama Oyuncağı Boy Uzatıcı Eğitici Fiziksel Ve Zihinsel Geliştirici Spor Oyun,İndirimKap,Eymen Ticaret,193.23,,-3.4,InStock,,,,,4.475581395348837,1425,1,,"[""Kargo Bedava""]",Tahmini Teslim:,refreshed,0,https://www.trendyol.com/indirimkap/cocuklar-icin-atlama-ziplama-oyuncagi-boy-uzatici-egitici-fiziksel-ve-zihinsel-gelistirici-spor-oyun-p-291063284?boutiqueId=61&merchantId=137544
cocuk:cocuk-oyuncak,35,143,20,23.9,23.6,1059634287,262137,1059634287:262137,Genel Markalar Aktarma Seti Etkinlik Oyuncağı ( 6 Kase 6 Maşa ) Anaokulu Montessori Eğitici Beceri Gelişimi Oyuncak,Genel Markalar,JUJU OYUNCAK,164.99,,0,InStock,,,,,4.467391304347826,53,0,,"[""Kargo Bedava""]",Tahmini Teslim:,refreshed,0,https://www.trendyol.com/genel-markalar/aktarma-seti-etkinlik-oyuncagi-6-kase-6-masa-anaokulu-montessori-egitici-beceri-gelisimi-oyuncak-p-1059634287?boutiqueId=61&merchantId=262137
cocuk:cocuk-oyuncak,36,144,-7,31.3,13.7,964444091,239850,964444091:239850,My Kids Room Kişiye Özel İsimlikli Araba Rafı 50'li Beyaz Renk (HOTWHEELS VE MATCBOX ARABALARI IÇİN UYGUNDUR),My Kids Room,My Kids Room,299.9,,0,InStock,,,,,3.8740690589031823,819,1,,"[""Kargo Bedava""]",Tahmini Teslim:,refreshed,0,https://www.trendyol.com/my-kids-room/kisiye-ozel-isimlikli-araba-rafi-50-li-beyaz-renk-hotwheels-ve-matcbox-arabalari-icin-uygundur-p-964444091?boutiqueId=61&merchantId=239850
cocuk:cocuk-oyuncak,37,145,25,18.9,23.6,844408292,297695,844408292:297695,"Şenyayla Plastik Duyusal Oyun Seti Için Şeffaf Plastik Oyun Küveti ( 22 X 34,5 X 7 Cm)",Şenyayla Plastik,MucitKids,185,,0,InStock,,,,,4.671052631578948,40,0,23,"[""Kargo Bedava""]",Tahmini Teslim:,refreshed,0,https://www.trendyol.com/senyayla-plastik/duyusal-oyun-seti-icin-seffaf-plastik-oyun-kuveti-22-x-34-5-x-7-cm-p-844408292?boutiqueId=61&merchantId=297695
cocuk:cocuk-oyuncak,38,146,-13,30.2,9.8,346526164,1247474,346526164:1247474,Canderel Çocuklar Için Atlama Zıplama Oyuncağı Boy Uzatıcı Eğitici Fiziksel Ve Zihinsel Geliştirici Spor Oyun,Canderel,CanDerel Plus,198,,0,InStock,,,,,4.397778444911439,1862,-5,712,"[""Sepette %25 İndirim"",""193,23 TL Kupon"",""Kargo Bedava"",""Son 10 Günün En Düşük Fiyatı""]",Tahmini Teslim:,refreshed,0,https://www.trendyol.com/canderel/cocuklar-icin-atlama-ziplama-oyuncagi-boy-uzatici-egitici-fiziksel-ve-zihinsel-gelistirici-spor-oyun-p-346526164?boutiqueId=61&merchantId=1247474
cocuk:cocuk-oyuncak,39,147,8,27.4,10.1,729653950,752303,729653950:752303,Evmak Oyuncak Polis Arabası Pilli Çarptıkça Yön Değiştiren Işıklı Sesli Polis Arabası,Evmak,KİNKU,199,,0,InStock,,,,,4.243605359317906,1495,3,298,"[""Sepette %2 İndirim"",""299,90 TL Kupon"",""Kargo Bedava"",""Son 10 Günün En Düşük Fiyatı""]",Tahmini Teslim:,refreshed,0,https://www.trendyol.com/evmak/oyuncak-polis-arabasi-pilli-carptikca-yon-degistiren-isikli-sesli-polis-arabasi-p-729653950?boutiqueId=61&merchantId=752303
cocuk:cocuk-oyuncak,40,148,-12,18.2,16.8,972632523,1127325,972632523:1127325,Circle Toys UFO Eğitici Duyusal Aktivite Oyuncağı - 1-3 Yaş Yürümeye Başlayan Çocuklar Için Montessori Seti,Circle Toys,Circle Toys,527.86,,-29.6,InStock,,,,,4.555555555555555,190,2,23,"[""Kargo Bedava"",""Trendyol Plus'a Özel""]",Tahmini Teslim:,refreshed,0,https://www.trendyol.com/circle-toys/ufo-egitici-duyusal-aktivite-oyuncagi-1-3-yas-yurumeye-baslayan-cocuklar-icin-montessori-seti-p-972632523?boutiqueId=61&merchantId=1127325
cocuk:cocuk-oyuncak,41,149,2,19,15.5,342139878,190370,342139878:190370,Brother Toys Büyük Boy Dön Dolaş Ördekler Işıklı Müzikli Oyuncak Ördek Oyunu,Brother Toys,BROTHERTOYS,569.9,,0,InStock,,,,,4.094059405940594,234,0,83,"[""Kargo Bedava""]",Tahmini Teslim:,refreshed,0,https://www.trendyol.com/brother-toys/buyuk-boy-don-dolas-ordekler-isikli-muzikli-oyuncak-ordek-oyunu-p-342139878?boutiqueId=61&merchantId=190370
cocuk:cocuk-oyuncak,42,150,15,19.2,14.8,946040335,931256,946040335:931256,tutobaby Devrilmeyen Sevimli Geyik Oyuncağı (Bebeğinizin Oyun Arkadaşı),tutobaby,TuTobaby,280,,0,InStock,,,,,4.588372093023255,249,2,36,"[""Sepette %20 İndirim"",""100 TL Kupon"",""Kargo Bedava"",""Son 10 Günün En Düşük Fiyatı""]",Tahmini Teslim:,refreshed,0,https://www.trendyol.com/tutobaby/devrilmeyen-sevimli-geyik-oyuncagi-bebeginizin-oyun-arkadasi-p-946040335?boutiqueId=61&merchantId=931256
cocuk:cocuk-oyuncak,44,152,-7,26.5,6.5,89218915,313644,89218915:313644,Rookie Pembe 3 Tekerlekli Led Işıklı Scooter,Rookie,GOKIDY,912.23,,0,InStock,,,,,4.357810067462377,2029,2,961,"[""Kargo Bedava"",""Trendyol Plus'a Özel""]",Tahmini Teslim:,refreshed,0,https://www.trendyol.com/rookie/pembe-3-tekerlekli-led-isikli-scooter-p-89218915?boutiqueId=61&merchantId=313644
cocuk:cocuk-oyuncak,45,153,18,23.5,9,883281509,357212,883281509:357212,Go Toys Go Blocks 80 Parça Yapı Blok Seti Multi Blok Saklama Çantalı Shopist,Go Toys,Shopist,399,,0,InStock,,,,,4.0876190476190475,854,0,108,"[""Sepette %30 İndirim"",""Sepette %20 İndirim"",""Sepette %25 İndirim"",""Kargo Bedava""]",Tahmini Teslim:,refreshed,0,https://www.trendyol.com/go-toys/go-blocks-80-parca-yapi-blok-seti-multi-blok-saklama-cantali-shopist-p-883281509?boutiqueId=61&merchantId=357212
cocuk:cocuk-oyuncak,46,154,2,22.8,9.2,2838118,171940,2838118:171940,Dolu Nuve Eğitici Lazımlık 7051,Dolu,Kardeşlerbebek,599,,0.2,InStock,,,,,4.667167543200601,712,4,231,"[""Kargo Bedava"",""Sepette %2 İndirim"",""Sepette %30 İndirim"",""27 TL Kupon"",""39 TL Kupon"",""Son 10 Günün En Düşük Fiyatı""]",Tahmini Teslim:,refreshed,0,https://www.trendyol.com/dolu/nuve-egitici-lazimlik-7051-p-2838118?boutiqueId=61&merchantId=171940
cocuk:cocuk-oyuncak,47,155,24,20,11.5,869831490,357212,869831490:357212,Go Toys Ringo Tactics Basit Toplama İşlemi Geliştirici Eğlence Etkinliği Sayı Savaşları Eğitici Oyuncak,Go Toys,Shopist,279,,0,InStock,,,,,4.694581280788177,318,0,16,"[""Sepette %30 İndirim"",""Kargo Bedava""]",Tahmini Teslim:,refreshed,0,https://www.trendyol.com/go-toys/ringo-tactics-basit-toplama-islemi-gelistirici-eglence-etkinligi-sayi-savaslari-egitici-oyuncak-p-869831490?boutiqueId=61&merchantId=357212
cocuk:cocuk-oyuncak,49,157,24,13.2,17.3,1124627290,590132,1124627290:590132,babysch Doğal Ahşap Geometrik Şekiller,babysch,Babysch,225.11,,0,InStock,,,,,4.205128205128205,44,2,13,"[""Sepette %5 İndirim"",""Kargo Bedava"",""Trendyol Plus'a Özel""]",Tahmini Teslim:,refreshed,0,https://www.trendyol.com/babysch/dogal-ahsap-geometrik-sekiller-p-1124627290?boutiqueId=61&merchantId=590132
cocuk:cocuk-oyuncak,50,158,0,16.9,13.1,1121706036,1270911,1121706036:1270911,"BBSKY 3'lü Hayvan Figürlü Vantuzlu Çocuk Çarkı - Montessori Duyusal ve DIY Modüler Tasarım, BPA Yok",BBSKY,MagX,748.75,,0,InStock,,,,,4.62396694214876,130,0,18,"[""Sepette %20 İndirim"",""150 TL Kupon"",""Kargo Bedava"",""Süper Fırsat Ürünü""]",Tahmini Teslim:,refreshed,0,https://www.trendyol.com/bbsky/3-lu-hayvan-figurlu-vantuzlu-cocuk-carki-montessori-duyusal-ve-diy-moduler-tasarim-bpa-yok-p-1121706036?boutiqueId=61&merchantId=1270911
cocuk:cocuk-oyuncak,51,159,-12,10.7,19.3,1154780616,744768,1154780616:744768,Nandy Home British Shorthair Kedi Model Karakter Figürü 3D Yapı Oyuncakları - 172 Parça,Nandy Home,Nandy Kids,133.7,,0,InStock,,,,,4.671428571428572,21,0,12,"[""Kargo Bedava"",""Son 10 Günün En Düşük Fiyatı"",""Trendyol Plus'a Özel""]",Tahmini Teslim:,refreshed,0,https://www.trendyol.com/nandy-home/british-shorthair-kedi-model-karakter-figuru-3d-yapi-oyuncaklari-172-parca-p-1154780616?boutiqueId=61&merchantId=744768
cocuk:cocuk-oyuncak,52,160,8,27.6,2.4,759755770,357212,759755770:357212,Go Toys Bionic Man Eğitici Aktivite Oyuncağı,Go Toys,Shopist,199,,0,InStock,,,,,4.559544489480795,2783,0,,"[""Sepette %30 İndirim"",""Kargo Bedava""]",Tahmini Teslim:,refreshed,0,https://www.trendyol.com/go-toys/bionic-man-egitici-aktivite-oyuncagi-p-759755770?boutiqueId=61&merchantId=357212
cocuk:cocuk-oyuncak,54,162,-2,25.3,4.7,80019495,752303,80019495:752303,Genel Markalar Full Fonksiyon Uzaktan Kumandalı Pilli Panter Yarış Arabası,Genel Markalar,KİNKU,349.9,,0,InStock,,,,,3.312207571246278,1439,0,,"[""Kargo Bedava""]",Tahmini Teslim:,refreshed,0,https://www.trendyol.com/genel-markalar/full-fonksiyon-uzaktan-kumandali-pilli-panter-yaris-arabasi-p-80019495?boutiqueId=61&merchantId=752303
cocuk:cocuk-oyuncak,56,164,-15,24.9,5.1,822162171,464137,822162171:464137,Özgüner Oyuncak Dev Büyük Peluş Ayıcık 140170 Hediyelik Ayı (%100 YERLİ),Özgüner Oyuncak,Pandamkee Oyuncak,1299,,0,InStock,,,,,4.129163281884646,1299,-1,,"[""Kargo Bedava"",""Trendyol Plus'a Özel""]",Tahmini Teslim:,refreshed,0,https://www.trendyol.com/ozguner-oyuncak/dev-buyuk-pelus-ayicik-140170-hediyelik-ayi-100-yerli-p-822162171?boutiqueId=61&merchantId=464137
cocuk:cocuk-oyuncak,57,165,-3,25.7,4.3,841228487,357212,841228487:357212,Go Toys Match Pairs Hafıza Eşleştirme Oyunu Eğitici Oyuncak,Go Toys,Shopist,229,,0,InStock,,,,,4.6687801932367154,1638,0,,"[""Sepette %30 İndirim"",""Kargo Bedava""]",Tahmini Teslim:,refreshed,0,https://www.trendyol.com/go-toys/match-pairs-hafiza-eslestirme-oyunu-egitici-oyuncak-p-841228487?boutiqueId=61&merchantId=357212
cocuk:cocuk-oyuncak,58,166,-2,6.8,23.2,1096353285,1138729,1096353285:1138729,Empressco Rahat Uyku İçin Mavi Renkli Konforlu Yatak Arkadaşı,Empressco,Aydoğdu shopping,556.12,,,InStock,,,,,3.9,6,1,,"[""Kargo Bedava""]",Tahmini Teslim:,refreshed,0,https://www.trendyol.com/empressco/rahat-uyku-icin-mavi-renkli-konforlu-yatak-arkadasi-p-1096353285?boutiqueId=61&merchantId=1138729
cocuk:cocuk-oyuncak,59,167,16,25.3,4.7,2018923,200893,2018923:200893,LEGO ® Classic Orta Boy Yaratıcı Parçalar Yapım Kutusu 10696 - 4+ Yaratıcı Oyuncak Yapım Seti (484 Parça),LEGO,ALDIMGİTTİ,1399,,5.3,InStock,,,,,4.786246612466124,1450,-2,,"[""Kargo Bedava""]",Tahmini Teslim:,refreshed,0,https://www.trendyol.com/lego/classic-orta-boy-yaratici-parcalar-yapim-kutusu-10696-4-yaratici-oyuncak-yapim-seti-484-parca-p-2018923?boutiqueId=61&merchantId=200893
cocuk:cocuk-oyuncak,60,168,,17.2,12.8,4128299,513753,4128299:513753,Genel Markalar Intex Güreşçi Boksör Hacı Yatmaz Vur Vur Yatırabilirsen Hacı Yatmazı Kim Yatırabilecek,Genel Markalar,SUDESA OYUNCAK,524,,,InStock,,,,,3.2663934426229506,140,,,"[""Kargo Bedava""]",Tahmini Teslim:,refreshed,0,https://www.trendyol.com/genel-markalar/intex-guresci-boksor-haci-yatmaz-vur-vur-yatirabilirsen-haci-yatmazi-kim-yatirabilecek-p-4128299?boutiqueId=61&merchantId=513753
cocuk:cocuk-oyuncak,61,169,17,19.9,10.1,796719157,968,796719157:968,LEGO ® Creator 3'ü 1 Arada Helikopterli Açık Kasa Kamyon 31146 - 7+ Yaratıcı Oyuncak Yapım Seti (270P),LEGO,Trendyol,1099,,0,InStock,,,,,4.789165446559298,303,2,3,"[""Sepette %1 İndirim"",""Kargo Bedava"",""Peşin Fiyatına 3 Taksit""]",Tahmini Teslim:,refreshed,0,https://www.trendyol.com/lego/creator-3-u-1-arada-helikopterli-acik-kasa-kamyon-31146-7-yaratici-oyuncak-yapim-seti-270p-p-796719157?boutiqueId=690823&merchantId=968
cocuk:cocuk-oyuncak,62,170,-11,20.6,9.4,1133862156,1047741,1133862156:1047741,Magly Magnetic Cars Manyetik Araç Oyun Seti - Manyetik Yapı Blokları Araba Eklentisi,Magly,Magly,545,,0,InStock,,,,,4.781208053691275,379,1,36,"[""Sepette %20 İndirim"",""Kargo Bedava"",""Sepette %30 İndirim""]",Tahmini Teslim:,refreshed,0,https://www.trendyol.com/magly/magnetic-cars-manyetik-arac-oyun-seti-manyetik-yapi-bloklari-araba-eklentisi-p-1133862156?boutiqueId=61&merchantId=1047741
cocuk:cocuk-oyuncak,63,171,24,28.7,1.3,803890758,357212,803890758:357212,Go Toys Mind Chess Hafıza Oyunu Renklerle Hafıza Ve Zihin Geliştirme Satrancı Memory,Go Toys,Shopist,229,,0,InStock,,,,,4.594663638944083,3823,0,111,"[""Sepette %30 İndirim"",""Kargo Bedava""]",Tahmini Teslim:,refreshed,0,https://www.trendyol.com/go-toys/mind-chess-hafiza-oyunu-renklerle-hafiza-ve-zihin-gelistirme-satranci-memory-p-803890758?boutiqueId=61&merchantId=357212
cocuk:cocuk-oyuncak,64,172,3,17.2,12.8,933194742,107786,933194742:107786,Smartfox Şarj Edilebilir Road Blast Full Fonksiyon Uzaktan Kumandalı Araba Mavi,Smartfox,Wise,577.51,,-3.6,InStock,,,,,3.527331189710611,141,0,77,"[""Kargo Bedava""]",Tahmini Teslim:,refreshed,0,https://www.trendyol.com/smartfox/sarj-edilebilir-road-blast-full-fonksiyon-uzaktan-kumandali-araba-mavi-p-933194742?boutiqueId=61&merchantId=107786
cocuk:cocuk-oyuncak,65,173,-25,15,15,829322333,214103,829322333:214103,"Hopiers Montessori Renkli Ahşap Abaküs / 12 Ay / Eğitici, Öğretici Ve Güvenli Çocuk Oyuncağı",Hopiers,Hopiers,310.49,,0,InStock,,,,,4.385714285714286,74,0,10,"[""Sepette %2 İndirim"",""Kargo Bedava"",""Trendyol Plus'a Özel""]",Tahmini Teslim:,refreshed,0,https://www.trendyol.com/hopiers/montessori-renkli-ahsap-abakus-12-ay-egitici-ogretici-ve-guvenli-cocuk-oyuncagi-p-829322333?boutiqueId=61&merchantId=214103
cocuk:cocuk-oyuncak,66,174,2,18.8,11.2,921219595,752303,921219595:752303,KİNKU Cars Şimşek Mcqueen Uzaktan Kumandalı Full Fonksiyon Araba,KİNKU,KİNKU,348,,0,InStock,,,,,3.8484210526315787,225,3,106,"[""Kargo Bedava"",""Trendyol Plus'a Özel""]",Tahmini Teslim:,refreshed,0,https://www.trendyol.com/kinku/cars-simsek-mcqueen-uzaktan-kumandali-full-fonksiyon-araba-p-921219595?boutiqueId=61&merchantId=752303
cocuk:cocuk-oyuncak,67,175,-31,20.5,9.5,987200672,1164978,987200672:1164978,BBSKY Bebek Oyuncak 3’lü Hayvan Şekilli Vakumlu Döner Su ve Banyo Oyuncağı ABS Silikon Gelişim Oyuncağı,BBSKY,BBSKY,1020,,0,InStock,,,,,4.783737024221454,365,3,,"[""Sepette %30 İndirim"",""Kargo Bedava""]",Tahmini Teslim:,refreshed,0,https://www.trendyol.com/bbsky/bebek-oyuncak-3-lu-hayvan-sekilli-vakumlu-doner-su-ve-banyo-oyuncagi-abs-silikon-gelisim-oyuncagi-p-987200672?boutiqueId=61&merchantId=1164978
cocuk:cocuk-oyuncak,68,176,-15,14,16,1039875682,1127325,1039875682:1127325,Circle Toys Kıvrılabilen Renkli Tırtıl - Stres Giderici ve Motor Gelişimi Destekleyen Eğitici Oyuncak,Circle Toys,Circle Toys,237.88,,0,InStock,,,,,4.650602409638554,56,0,,"[""Sepette %20 İndirim"",""Kargo Bedava""]",Tahmini Teslim:,refreshed,0,https://www.trendyol.com/circle-toys/kivrilabilen-renkli-tirtil-stres-giderici-ve-motor-gelisimi-destekleyen-egitici-oyuncak-p-1039875682?boutiqueId=61&merchantId=1127325
cocuk:cocuk-oyuncak,69,177,-10,11.6,18.4,1164492787,190370,1164492787:190370,Brother Toys Şarjlı Kukuli Telefon Pro Max Dokunmatik 500+ Fonksiyonlu Türkçe Sesli Işıklı Müzikli Lisanslı,Brother Toys,BROTHERTOYS,499.9,,0,InStock,,,,,4.553191489361702,27,2,,"[""Kargo Bedava""]",Tahmini Teslim:,refreshed,0,https://www.trendyol.com/brother-toys/sarjli-kukuli-telefon-pro-max-dokunmatik-500-fonksiyonlu-turkce-sesli-isikli-muzikli-lisansli-p-1164492787?boutiqueId=61&merchantId=190370
cocuk:cocuk-oyuncak,70,178,-5,16.7,13.3,1078840935,885057,1078840935:885057,TUMU LIFE Çocuklar Için Atlama Zıplama Oyuncağı Boy Uzatıcı Eğitici Fiziksel Ve Zihinsel Geliştirici Spor Oyun,TUMU LIFE,Aygoren Home,199.9,,0,InStock,,,,,4.211805555555555,120,1,83,"[""Kargo Bedava""]",Tahmini Teslim:,refreshed,0,https://www.trendyol.com/tumu-life/cocuklar-icin-atlama-ziplama-oyuncagi-boy-uzatici-egitici-fiziksel-ve-zihinsel-gelistirici-spor-oyun-p-1078840935?boutiqueId=61&merchantId=885057
cocuk:cocuk-oyuncak,72,180,-11,16.8,13.2,988493414,109032,988493414:109032,balody Fanuslu Çiçek Serisi – Hibiskus Yapı Bloğu Seti (543 Parça),balody,Touchie Co.,649,,0,InStock,,,,,4.790441176470588,124,0,22,"[""Kargo Bedava"",""Son 10 Günün En Düşük Fiyatı"",""Trendyol Plus'a Özel""]",Tahmini Teslim:,refreshed,0,https://www.trendyol.com/balody/fanuslu-cicek-serisi-hibiskus-yapi-blogu-seti-543-parca-p-988493414?boutiqueId=61&merchantId=109032
cocuk:cocuk-oyuncak,74,182,9,19.2,10.8,1088623810,756582,1088623810:756582,"Erbek Puzzle City 3D Yapı Ve Tasarım Blokları 132 Parça Eğitici, Zeka Geliştirici Oyuncak Lego",Erbek,DELVOS,174.06,,0,InStock,,,,,4.2139917695473255,251,1,38,"[""Kargo Bedava""]",Tahmini Teslim:,refreshed,0,https://www.trendyol.com/erbek/puzzle-city-3d-yapi-ve-tasarim-bloklari-132-parca-egitici-zeka-gelistirici-oyuncak-lego-p-1088623810?boutiqueId=61&merchantId=756582
cocuk:cocuk-oyuncak,75,183,-1,22.1,7.9,1157438648,1085038,1157438648:1085038,LEGO ® peed Champions Ferrari SF-24 F1 Yarış Arabası 77242 – 10+ Çocuklar için Oyuncak Seti (275 P),LEGO,AY TEKNOLOJİ,1410,,,InStock,,,,,4.798469387755103,570,0,133,"[""Kargo Bedava"",""Sepette %1 İndirim"",""Peşin Fiyatına 3 Taksit"",""Son 10 Günün En Düşük Fiyatı""]",Tahmini Teslim:,refreshed,0,https://www.trendyol.com/lego/peed-champions-ferrari-sf-24-f1-yaris-arabasi-77242-10-cocuklar-icin-oyuncak-seti-275-p-p-1157438648?boutiqueId=61&merchantId=1085038
cocuk:cocuk-oyuncak,76,184,15,16.4,13.6,455535737,866190,455535737:866190,u-toys Ördek Oyuncak,u-toys,Kidora Toys,395,,0,InStock,,,,,3.737327188940092,112,1,,"[""Kargo Bedava""]",Tahmini Teslim:,refreshed,0,https://www.trendyol.com/u-toys/ordek-oyuncak-p-455535737?boutiqueId=61&merchantId=866190
cocuk:cocuk-oyuncak,77,185,-53,20.5,9.5,1164531939,517848,1164531939:517848,FBZhome 72 Parça Manyetik Yapı Blokları - Çocuklar için Renkli 3 Boyutlu Karo Oyun Seti Oyuncak Yap-Boz,FBZhome,FBZHOME,1399,,0,InStock,,,,,4.562616822429907,365,2,,"[""Kargo Bedava""]",Tahmini Teslim:,refreshed,0,https://www.trendyol.com/fbzhome/72-parca-manyetik-yapi-bloklari-cocuklar-icin-renkli-3-boyutlu-karo-oyun-seti-oyuncak-yap-boz-p-1164531939?boutiqueId=61&merchantId=517848
cocuk:cocuk-oyuncak,78,186,-9,13.1,16.9,1155549368,752303,1155549368:752303,KİNKU Örümcek Adam Projeksiyonlu Saat 24 Farklı Karakteri Duvara Yansıtır,KİNKU,KİNKU,199.9,,0,InStock,,,,,4.378048780487805,43,0,,"[""Kargo Bedava""]",Tahmini Teslim:,refreshed,0,https://www.trendyol.com/kinku/orumcek-adam-projeksiyonlu-saat-24-farkli-karakteri-duvara-yansitir-p-1155549368?boutiqueId=61&merchantId=752303
cocuk:cocuk-oyuncak,79,187,96,14.2,15.8,43482717,124253,43482717:124253,Okhool Magnet Resimli Alfabe Ve Rakamlar,Okhool,ilkokulmateryal,500,,0,InStock,,,,,4.661290322580645,59,0,,"[""Kargo Bedava""]",Tahmini Teslim:,refreshed,0,https://www.trendyol.com/okhool/magnet-resimli-alfabe-ve-rakamlar-p-43482717?boutiqueId=61&merchantId=124253
cocuk:cocuk-oyuncak,81,189,-4,11.7,18.3,1141368445,1056547,1141368445:1056547,papermoods Eğlenceli ve Eğitici Tuvalet Eğitimi Sticker Panosu - Sevimli Sticker,papermoods,papermoods,169.9,,0,InStock,,,,,4.590163934426229,28,0,,"[""Kargo Bedava""]",Tahmini Teslim:,refreshed,0,https://www.trendyol.com/papermoods/eglenceli-ve-egitici-tuvalet-egitimi-sticker-panosu-sevimli-sticker-p-1141368445?boutiqueId=61&merchantId=1056547
cocuk:cocuk-oyuncak,82,190,23,25.2,4.8,782968094,673595,782968094:673595,HAPPENS Master Molekül Eğitici Yaratıcı Oyuncak Kar Tanesi Yapı Taşları 5 Renk 120 Parça,HAPPENS,HAPPENS,167.75,,0,InStock,,,,,4.391511159897549,1432,0,,"[""Kargo Bedava"",""Trendyol Plus'a Özel""]",Tahmini Teslim:,refreshed,0,https://www.trendyol.com/happens/master-molekul-egitici-yaratici-oyuncak-kar-tanesi-yapi-taslari-5-renk-120-parca-p-782968094?boutiqueId=61&merchantId=673595
cocuk:cocuk-oyuncak,83,191,6,14,16,1088703783,744768,1088703783:744768,Nandy Home Civciv Model Karakter Figürü 3D Yapı Oyuncakları,Nandy Home,Nandy Kids,149.9,,0.7,InStock,,,,,4.69620253164557,56,0,,"[""Kargo Bedava"",""Trendyol Plus'a Özel""]",Tahmini Teslim:,refreshed,0,https://www.trendyol.com/nandy-home/civciv-model-karakter-figuru-3d-yapi-oyuncaklari-p-1088703783?boutiqueId=61&merchantId=744768
cocuk:cocuk-oyuncak,84,192,50,15.4,14.6,1149737010,1230100,1149737010:1230100,PAKİTO Minecraft Manyetik Küp Bloklar 108 Parça | Temalı Yapı Seti 3 Boyutlu Renkli Mıknatıslı | Eğitici Zeka Geliştirici Oyuncak,PAKİTO,LUMO STORE,1390,,0,InStock,,,,,4.315068493150685,83,1,,"[""Kargo Bedava""]",Tahmini Teslim:,refreshed,0,https://www.trendyol.com/pakito/minecraft-manyetik-kup-bloklar-108-parca-temali-yapi-seti-3-boyutlu-renkli-miknatisli-egitici-zeka-gelistirici-oyuncak-p-1149737010?boutiqueId=61&merchantId=1230100
cocuk:cocuk-oyuncak,85,193,-21,16.3,13.7,1111434080,1270911,1111434080:1270911,BBSKY Merdiven Çıkan Ördek Oyuncağı Işıklı Müzikli Kaydıraklı Eğitici Çocuk Oyuncağı Okul Öncesi Gelişim 3+ Yaş Yeşil,BBSKY,MagX,740.36,,12.3,InStock,,,,,4.46242774566474,109,1,77,"[""Kargo Bedava""]",Tahmini Teslim:,refreshed,0,https://www.trendyol.com/bbsky/merdiven-cikan-ordek-oyuncagi-isikli-muzikli-kaydirakli-egitici-cocuk-oyuncagi-okul-oncesi-gelisim-3-yas-yesil-p-1111434080?boutiqueId=61&merchantId=1270911
cocuk:cocuk-oyuncak,89,197,-8,25.4,4.6,767102785,1135810,767102785:1135810,"Kayyum Oyuncak Söktak Eğlenceli, Stres ve Anksiyete giderici Montessori Tırtıl Oyuncağı Renkli",Kayyum Oyuncak,MK TOYS,144.99,,0,InStock,,,,,4.701979045401631,1484,1,234,"[""Sepette %20 İndirim"",""Sepette %3 İndirim"",""Sepette %6 İndirim"",""Kargo Bedava""]",Tahmini Teslim:,refreshed,0,https://www.trendyol.com/kayyum-oyuncak/soktak-eglenceli-stres-ve-anksiyete-giderici-montessori-tirtil-oyuncagi-renkli-p-767102785?boutiqueId=61&merchantId=1135810
cocuk:cocuk-oyuncak,90,198,-8,20.6,9.4,735668988,137889,735668988:137889,robokids Montessori Keçe Busy Board – Dinozor Temalı | 8 Sayfa Aktivite Kitabı,robokids,Robokids,829,,0,InStock,,,,,4.576576576576577,373,1,98,"[""Kargo Bedava""]",Tahmini Teslim:,refreshed,0,https://www.trendyol.com/robokids/montessori-kece-busy-board-dinozor-temali-8-sayfa-aktivite-kitabi-p-735668988?boutiqueId=61&merchantId=137889
cocuk:cocuk-oyuncak,91,199,8,17.1,12.9,897428363,897060,897428363:897060,Bee Smart Ahşap Kirpi Bultak Eğitici Oyuncak Öğretici Geliştirici Oyuncak Çocuk Için Hediye,Bee Smart,KidsGross,349,,0,InStock,,,,,4.2898550724637685,138,1,17,"[""Kargo Bedava""]",Tahmini Teslim:,refreshed,0,https://www.trendyol.com/bee-smart/ahsap-kirpi-bultak-egitici-oyuncak-ogretici-gelistirici-oyuncak-cocuk-icin-hediye-p-897428363?boutiqueId=61&merchantId=897060
cocuk:cocuk-oyuncak,92,200,14,24.7,5.3,847347395,357212,847347395:357212,Go Toys İlk Oyun Evim XXL Boy Dayanıklı Karton Boyama Aktivite Evi Boyama Evi Shopist,Go Toys,Shopist,489,,0,InStock,,,,,4.374543795620438,1219,2,197,"[""Sepette %30 İndirim"",""Kargo Bedava""]",Tahmini Teslim:,refreshed,0,https://www.trendyol.com/go-toys/ilk-oyun-evim-xxl-boy-dayanikli-karton-boyama-aktivite-evi-boyama-evi-shopist-p-847347395?boutiqueId=61&merchantId=357212
cocuk:cocuk-oyuncak,93,201,5,15.3,14.7,1110294736,1313712,1110294736:1313712,Genel Markalar Nefes alan Stitch uyku arkadaşı peluş sevimli stitch,Genel Markalar,STEEL WEAR,675,,-3.4,InStock,,,,,4.041958041958042,81,1,130,"[""Kargo Bedava""]",Tahmini Teslim:,refreshed,0,https://www.trendyol.com/genel-markalar/nefes-alan-stitch-uyku-arkadasi-pelus-sevimli-stitch-p-1110294736?boutiqueId=61&merchantId=1313712
cocuk:cocuk-oyuncak,94,202,1,9.2,20.8,1080415350,1241713,1080415350:1241713,YUMURCAKTOYS Aktarma Seti Kase Ve Cımbız 6 Lı Set,YUMURCAKTOYS,Pufypompom,161.5,,0,InStock,,,,,4.642857142857143,13,0,0,"[""Kargo Bedava""]",Tahmini Teslim:,refreshed,0,https://www.trendyol.com/yumurcaktoys/aktarma-seti-kase-ve-cimbiz-6-li-set-p-1080415350?boutiqueId=61&merchantId=1241713
cocuk:cocuk-oyuncak,95,203,-25,23.5,6.5,1795660,129944,1795660:129944,Dolu Bingit Araba Kırmızı 8020,Dolu,PrefToys,522,,,InStock,,,,,4.302370275464446,857,-1,238,"[""Kargo Bedava"",""Sepette %30 İndirim"",""35 TL Kupon"",""Son 10 Günün En Düşük Fiyatı"",""Trendyol Plus'a Özel""]",Tahmini Teslim:,refreshed,0,https://www.trendyol.com/dolu/bingit-araba-kirmizi-8020-p-1795660?boutiqueId=61&merchantId=129944
cocuk:cocuk-oyuncak,96,204,-20,14.4,15.6,98934955,752303,98934955:752303,Pufu Toys Sevimli Yüz Değiştiren Ahtapot,Pufu Toys,KİNKU,169,,0,InStock,,,,,4.176923076923077,63,1,21,"[""Kargo Bedava""]",Tahmini Teslim:,refreshed,0,https://www.trendyol.com/pufu-toys/sevimli-yuz-degistiren-ahtapot-p-98934955?boutiqueId=61&merchantId=752303
cocuk:cocuk-oyuncak,97,205,32,16.9,13.1,336832122,568779,336832122:568779,TOMBİ-X 300 Parça Eğlenceli Bambu Çubuklar Kutusuz,TOMBİ-X,MİLLENA STORE,178.73,,0,InStock,,,,,4.5019607843137255,128,1,,"[""Kargo Bedava""]",Tahmini Teslim:,refreshed,0,https://www.trendyol.com/tombi-x/300-parca-eglenceli-bambu-cubuklar-kutusuz-p-336832122?boutiqueId=61&merchantId=568779
cocuk:cocuk-oyuncak,98,206,38,24,6,873653473,947235,873653473:947235,M&H Heroes Buz Kırma Oyunu Buz Küpü Poşetli %100 Orijinal - Eğitici Öğretici Eğlenceli Çocuk Oyuncak,M&H,Kangamom,129,,0,InStock,,,,,4.27826896230805,1007,2,,"[""Kargo Bedava""]",Tahmini Teslim:,refreshed,0,https://www.trendyol.com/m-h/heroes-buz-kirma-oyunu-buz-kupu-posetli-100-orijinal-egitici-ogretici-eglenceli-cocuk-oyuncak-p-873653473?boutiqueId=61&merchantId=947235
cocuk:cocuk-oyuncak,99,207,4,20.4,9.6,786769021,882929,786769021:882929,Numaca Oyuncak Bulaşıklık Tabak Tencere Set Ve Kesilebilen Oyuncak Meyve Sebze Set Toplam 33 Parça,Numaca,merttoyss,690,,0,InStock,,,,,3.8973214285714284,358,1,127,"[""Kargo Bedava"",""Sepette %15 İndirim"",""Sepette %2 İndirim"",""50 TL Kupon"",""100 TL Kupon"",""Trendyol Plus'a Özel""]",Tahmini Teslim:,refreshed,0,https://www.trendyol.com/numaca/oyuncak-bulasiklik-tabak-tencere-set-ve-kesilebilen-oyuncak-meyve-sebze-set-toplam-33-parca-p-786769021?boutiqueId=61&merchantId=882929
cocuk:cocuk-oyuncak,100,208,27,22.3,7.7,832436119,190370,832436119:190370,Brother Toys Elektrikli Otomatik Atış Yapan Işıklı Su Tabancası 10 Metre Menzilli 500 Ml. Depolu 20 Cm.,Brother Toys,BROTHERTOYS,610.58,,-7.5,InStock,,,,,4.159611992945326,611,0,,"[""Kargo Bedava""]",Tahmini Teslim:,refreshed,0,https://www.trendyol.com/brother-toys/elektrikli-otomatik-atis-yapan-isikli-su-tabancasi-10-metre-menzilli-500-ml-depolu-20-cm-p-832436119?boutiqueId=61&merchantId=190370
cocuk:cocuk-oyuncak,101,209,-4,14.3,15.7,1138725153,1183562,1138725153:1183562,İlkem pazarlama Üfle Balon Yap Köpüklü Üflemeli Baloncuk Yapan Oyuncak 36 Adet,İlkem pazarlama,Minikoo Kids,358,,-2.7,InStock,,,,,4.119565217391305,60,2,15,"[""Sepette %5 İndirim"",""Sepette %1 İndirim"",""Kargo Bedava"",""Trendyol Plus'a Özel""]",Tahmini Teslim:,refreshed,0,https://www.trendyol.com/ilkem-pazarlama/ufle-balon-yap-kopuklu-uflemeli-baloncuk-yapan-oyuncak-36-adet-p-1138725153?boutiqueId=61&merchantId=1183562
cocuk:cocuk-oyuncak,102,210,60,19.5,10.5,78347095,752303,78347095:752303,Genel Markalar Tik Tak Bloklar 250 Parça,Genel Markalar,KİNKU,349,,0,InStock,,,,,4.288201160541586,274,0,70,"[""Sepette %25 İndirim"",""Sepette %30 İndirim"",""Sepette %20 İndirim"",""Kargo Bedava"",""Trendyol Plus'a Özel""]",Tahmini Teslim:,refreshed,0,https://www.trendyol.com/genel-markalar/tik-tak-bloklar-250-parca-p-78347095?boutiqueId=61&merchantId=752303
cocuk:cocuk-oyuncak,103,211,-10,17.7,12.3,801228842,1098495,801228842:1098495,Genel Markalar Pilli Zıplayan Tavşan Oyuncak | Sevimli Peluş Hareketli Tavşan,Genel Markalar,Berione,285,,0,InStock,,,,,4.098591549295775,160,3,330,"[""499,90 TL Kupon"",""Kargo Bedava"",""Trendyol Plus'a Özel""]",Tahmini Teslim:,refreshed,0,https://www.trendyol.com/genel-markalar/pilli-ziplayan-tavsan-oyuncak-sevimli-pelus-hareketli-tavsan-p-801228842?boutiqueId=61&merchantId=1098495
cocuk:cocuk-oyuncak,104,212,-2,21,9,970546554,1097234,970546554:1097234,DİSNEY PELUŞ STİTCH YENİ SERİKOALA OYUNCAK STİTCH SÜRPRİZ PAKET PELUŞ STİTCH LABUBU ASKILI 15 cm,DİSNEY,İSPİRİZ HOME,226.1,,0,InStock,,,,,3.9463007159904535,423,0,199,"[""Kargo Bedava"",""Son 10 Günün En Düşük Fiyatı""]",Tahmini Teslim:,refreshed,0,https://www.trendyol.com/disney/pelus-stitch-yeni-serikoala-oyuncak-stitch-surpriz-paket-pelus-stitch-labubu-askili-15-cm-p-970546554?boutiqueId=61&merchantId=1097234
cocuk:cocuk-oyuncak,105,213,53,14.9,15.1,902980013,464137,902980013:464137,"Özgüner Oyuncak 120 Papyonlu Büyük Ayıcık - Büyük Boy, Yeni Tasarım",Özgüner Oyuncak,Pandamkee Oyuncak,627.85,,-30.2,InStock,,,,,4.1558441558441555,72,3,42,"[""Kargo Bedava""]",Tahmini Teslim:,refreshed,0,https://www.trendyol.com/ozguner-oyuncak/120-papyonlu-buyuk-ayicik-buyuk-boy-yeni-tasarim-p-902980013?boutiqueId=61&merchantId=464137
cocuk:cocuk-oyuncak,106,214,16,12,18,1097407694,412414,1097407694:412414,"Budizzz Beyaz Gürültü Cihazı | 33 Sesli, Pışpışlı ve Ninnili | Radyasyon İçermeyen Bebek Uyku Arkadaşı",Budizzz,BUDİZZZ,3250,,0,InStock,,,,,4.728260869565218,31,0,27,"[""200 TL Kupon"",""Kargo Bedava"",""Süper Fırsat Ürünü"",""Peşin Fiyatına 3 Taksit""]",Tahmini Teslim:,refreshed,0,https://www.trendyol.com/budizzz/beyaz-gurultu-cihazi-33-sesli-pispisli-ve-ninnili-radyasyon-icermeyen-bebek-uyku-arkadasi-p-1097407694?boutiqueId=61&merchantId=412414
cocuk:cocuk-oyuncak,107,215,42,6.8,23.2,1154798920,314010,1154798920:314010,SAZE 🚗 10’lu Mini Araba Seti Renkli Oyuncak Araçlar 2+ Yaş,SAZE,ŞAZE SHOP,160,,0,InStock,,,,,4.3,6,2,8,"[""Sepette %21 İndirim"",""Kargo Bedava""]",Tahmini Teslim:,refreshed,0,https://www.trendyol.com/saze/10-lu-mini-araba-seti-renkli-oyuncak-araclar-2-yas-p-1154798920?boutiqueId=61&merchantId=314010
cocuk:cocuk-oyuncak,108,216,33,14.8,15.2,1093740221,119177,1093740221:119177,Tıfıl Toys Zürafa Peluş Oyuncak Oyun Arkadaşım Yastık 100 Cm Kahverengi,Tıfıl Toys,Tıfıl Toys,839.9,,51.6,InStock,,,,,4.6644295302013425,70,1,9,"[""Kargo Bedava""]",Tahmini Teslim:,refreshed,0,https://www.trendyol.com/tifil-toys/zurafa-pelus-oyuncak-oyun-arkadasim-yastik-100-cm-kahverengi-p-1093740221?boutiqueId=61&merchantId=119177
cocuk:cocuk-oyuncak,109,217,11,18.8,11.2,132567696,124253,132567696:124253,Okhool Saat Öğrenme Materyali Yaz Sil,Okhool,ilkokulmateryal,120,,0,InStock,,,,,4.6371681415929205,226,0,20,"[""Kargo Bedava""]",Tahmini Teslim:,refreshed,0,https://www.trendyol.com/okhool/saat-ogrenme-materyali-yaz-sil-p-132567696?boutiqueId=61&merchantId=124253
cocuk:cocuk-oyuncak,110,218,-10,11,19,1164832514,1159908,1164832514:1159908,PLASTMARKET Puzzle City 3D Şehir Kurma Blokları - Eğitici Ev Yapı Blokları Oyuncağı - 264 Parça,PLASTMARKET,PLASTMARKET,398,,0,InStock,,,,,4.134615384615385,23,0,8,"[""Kargo Bedava"",""Trendyol Plus'a Özel""]",Tahmini Teslim:,refreshed,0,https://www.trendyol.com/plastmarket/puzzle-city-3d-sehir-kurma-bloklari-egitici-ev-yapi-bloklari-oyuncagi-264-parca-p-1164832514?boutiqueId=61&merchantId=1159908
cocuk:cocuk-oyuncak,111,219,32,20.1,9.9,34391466,1127325,34391466:1127325,Circle Toys Kayıp Çoraplar Eşleştirme Beceri Zeka Geliştirme Oyunu,Circle Toys,Circle Toys,437.38,,0,InStock,,,,,4.77741935483871,320,-1,18,"[""Sepette %20 İndirim"",""Kargo Bedava""]",Tahmini Teslim:,refreshed,0,https://www.trendyol.com/circle-toys/kayip-coraplar-eslestirme-beceri-zeka-gelistirme-oyunu-p-34391466?boutiqueId=61&merchantId=1127325
cocuk:cocuk-oyuncak,112,220,9,6.8,23.2,1189150785,392,1189150785:392,baby toys Bin Git İlk Arabam,baby toys,ebebek,695.49,,0,InStock,,,,,4,6,0,,"[""Sepette %30 İndirim"",""Kargo Bedava""]",Tahmini Teslim:,refreshed,0,https://www.trendyol.com/baby-toys/bin-git-ilk-arabam-p-1189150785?boutiqueId=61&merchantId=392
cocuk:cocuk-oyuncak,114,222,-6,29.3,0.7,383104633,108518,383104633:108518,ThinkMaster Vakum Molekül 25 Parça Yapı Taşları Fidget Duyusal Eğitici Oyuncak,ThinkMaster,Hubsan,299,,0,InStock,,,,,4.549239196591601,4554,-10,,"[""Sepette %25 İndirim"",""Kargo Bedava"",""Trendyol Plus'a Özel""]",Tahmini Teslim:,refreshed,0,https://www.trendyol.com/thinkmaster/vakum-molekul-25-parca-yapi-taslari-fidget-duyusal-egitici-oyuncak-p-383104633?boutiqueId=61&merchantId=108518
cocuk:cocuk-oyuncak,115,223,-4,26.6,3.4,639245193,1127325,639245193:1127325,"Circle Toys Su Oyun Matı , Tummy Time (TEST RAPORLU)",Circle Toys,Circle Toys,624.88,,0,InStock,,,,,4.504195459032577,2140,0,485,"[""Sepette %20 İndirim"",""Kargo Bedava""]",Tahmini Teslim:,refreshed,0,https://www.trendyol.com/circle-toys/su-oyun-mati-tummy-time-test-raporlu-p-639245193?boutiqueId=61&merchantId=1127325
cocuk:cocuk-oyuncak,116,224,-1,19.8,10.2,1095488836,108518,1095488836:108518,ThinkMaster 100 Parça 2x2 Classic ve City ile Uyumlu Parçalar - Karışık Renklerde,ThinkMaster,Hubsan,299,,0,InStock,,,,,3.4661791590493602,299,1,,"[""Sepette %25 İndirim"",""Kargo Bedava"",""Trendyol Plus'a Özel""]",Tahmini Teslim:,refreshed,0,https://www.trendyol.com/thinkmaster/100-parca-2x2-classic-ve-city-ile-uyumlu-parcalar-karisik-renklerde-p-1095488836?boutiqueId=61&merchantId=108518
cocuk:cocuk-oyuncak,117,225,-3,19.1,10.9,1083413204,947235,1083413204:947235,M&H 6'lı Yumurta Eşleme Oyunu - Eğitici Öğretici Oyuncak Geometrik Eşleme Çocuk Oyunu,M&H,Kangamom,149,,0,InStock,,,,,3.6485260770975056,243,2,,"[""Kargo Bedava""]",Tahmini Teslim:,refreshed,0,https://www.trendyol.com/m-h/6-li-yumurta-esleme-oyunu-egitici-ogretici-oyuncak-geometrik-esleme-cocuk-oyunu-p-1083413204?boutiqueId=61&merchantId=947235
cocuk:cocuk-oyuncak,118,226,51,27,3,456038282,357212,456038282:357212,Go Toys Rubik Abaküs Montessori Zeka Oyunu Eğitici Oyuncak,Go Toys,Shopist,275,,0,InStock,,,,,4.452,2352,-2,,"[""Sepette %30 İndirim"",""Kargo Bedava""]",Tahmini Teslim:,refreshed,0,https://www.trendyol.com/go-toys/rubik-abakus-montessori-zeka-oyunu-egitici-oyuncak-p-456038282?boutiqueId=61&merchantId=357212
cocuk:cocuk-oyuncak,119,227,-2,13.1,16.9,899647373,288437,899647373:288437,WOODROFFE Avokado - Katil Civciv Uyku Arkadaşı ve Peluş Yastık 35 cm 2 li Peluş Oyuncak Yastık Hediye Paketi,WOODROFFE,VAGON TOYS,299,,0,InStock,,,,,4.414414414414415,42,1,,"[""Kargo Bedava""]",Tahmini Teslim:,refreshed,0,https://www.trendyol.com/woodroffe/avokado-katil-civciv-uyku-arkadasi-ve-pelus-yastik-35-cm-2-li-pelus-oyuncak-yastik-hediye-paketi-p-899647373?boutiqueId=61&merchantId=288437
cocuk:cocuk-oyuncak,120,228,-24,11.6,18.4,1130541112,852677,1130541112:852677,MİNGODAN Ördek Squishy Oyuncak Sıkmalı Anti Stres Duyusal Eğitici Pofuduk Dokunsal Oyuncak (1 Adet),MİNGODAN,MİNGODAN,188.31,,0,InStock,,,,,4.333333333333333,27,1,,"[""Sepette %1 İndirim"",""Kargo Bedava""]",Tahmini Teslim:,refreshed,0,https://www.trendyol.com/mingodan/ordek-squishy-oyuncak-sikmali-anti-stres-duyusal-egitici-pofuduk-dokunsal-oyuncak-1-adet-p-1130541112?boutiqueId=61&merchantId=852677
cocuk:cocuk-oyuncak,121,229,-27,16,14,973794505,744768,973794505:744768,Nandy Home Sarı Çiçek Model Karakter Figürü 3D Yapı Oyuncakları,Nandy Home,Nandy Kids,131.94,,-5,InStock,,,,,4.563559322033898,98,1,,"[""Kargo Bedava""]",Tahmini Teslim:,refreshed,0,https://www.trendyol.com/nandy-home/sari-cicek-model-karakter-figuru-3d-yapi-oyuncaklari-p-973794505?boutiqueId=61&merchantId=744768
cocuk:cocuk-oyuncak,122,230,8,20.8,9.2,317599858,104968,317599858:104968,Kiki Bebeğimin Ilk Oyuncakları 3'lü Set Eğitici Oyuncak,Kiki,Happy Center,484.99,,0,InStock,,,,,4.652406417112299,402,-1,,"[""Kargo Bedava""]",Tahmini Teslim:,refreshed,0,https://www.trendyol.com/kiki/bebegimin-ilk-oyuncaklari-3-lu-set-egitici-oyuncak-p-317599858?boutiqueId=61&merchantId=104968
cocuk:cocuk-oyuncak,123,231,21,25.8,4.2,1231314,306081,1231314:306081,Diytoy Bebeğimin İlk Zeka Kartları Flash Kart,Diytoy,TabaGrup,199,,,InStock,,,,,4.62056384742952,1687,-1,175,"[""Kargo Bedava""]",Tahmini Teslim:,refreshed,0,https://www.trendyol.com/diytoy/bebegimin-ilk-zeka-kartlari-flash-kart-p-1231314?boutiqueId=61&merchantId=306081
cocuk:cocuk-oyuncak,124,232,-40,18.2,11.8,827723680,1215579,827723680:1215579,Mellito Sevgiliye Hediye ve Bebek Odalari Icin Penguen Yastik Pelus Oyuncak,Mellito,Sirhatly,290,,0,InStock,,,,,4.233595800524935,188,0,,"[""Kargo Bedava"",""Trendyol Plus'a Özel""]",Tahmini Teslim:,refreshed,0,https://www.trendyol.com/mellito/sevgiliye-hediye-ve-bebek-odalari-icin-penguen-yastik-pelus-oyuncak-p-827723680?boutiqueId=61&merchantId=1215579
cocuk:cocuk-oyuncak,126,234,-36,21.1,8.9,290283627,190370,290283627:190370,Brother Toys 8 Adet Mini Metal Yarış Arabaları Oyuncak Araba Set,Brother Toys,BROTHERTOYS,208.47,,-25.5,InStock,,,,,3.464108910891089,438,-2,,"[""Kargo Bedava""]",Tahmini Teslim:,refreshed,0,https://www.trendyol.com/brother-toys/8-adet-mini-metal-yaris-arabalari-oyuncak-araba-set-p-290283627?boutiqueId=61&merchantId=190370
cocuk:cocuk-oyuncak,127,235,33,22.2,7.8,146732123,231173,146732123:231173,metafortoys Eğitici Ahşap Geometrik Şekiller Bultak,metafortoys,metafortoys,159.9,,0,InStock,,,,,4.501592356687898,601,0,,"[""249,99 TL Kupon"",""Kargo Bedava"",""Son 10 Günün En Düşük Fiyatı"",""Trendyol Plus'a Özel""]",Tahmini Teslim:,refreshed,0,https://www.trendyol.com/metafortoys/egitici-ahsap-geometrik-sekiller-bultak-p-146732123?boutiqueId=61&merchantId=231173
cocuk:cocuk-oyuncak,128,236,20,20.5,9.5,902183719,1135810,902183719:1135810,Kayyum Oyuncak Musluklu Sulu Mini Mutfak Seti Mutfak Oyuncağı Mavi Renkli Oyuncak,Kayyum Oyuncak,MK TOYS,439.99,,0,InStock,,,,,3.8276374442793464,367,1,,"[""Kargo Bedava""]",Tahmini Teslim:,refreshed,0,https://www.trendyol.com/kayyum-oyuncak/musluklu-sulu-mini-mutfak-seti-mutfak-oyuncagi-mavi-renkli-oyuncak-p-902183719?boutiqueId=61&merchantId=1135810
cocuk:cocuk-oyuncak,129,237,-37,24.8,5.2,47376404,1127325,47376404:1127325,Circle Toys Geometrik Yumurta Eşleme,Circle Toys,Circle Toys,418.63,,61.9,InStock,,,,,4.726311508743391,1263,-5,,"[""Sepette %20 İndirim"",""Kargo Bedava""]",Tahmini Teslim:,refreshed,0,https://www.trendyol.com/circle-toys/geometrik-yumurta-esleme-p-47376404?boutiqueId=61&merchantId=1127325
cocuk:cocuk-oyuncak,131,239,-3,12,18,1124623976,590132,1124623976:590132,babysch Eğitici Doğal Ahşap Geometrik şekiller,babysch,Babysch,242.55,,40.4,InStock,,,,,4.166666666666667,31,0,,"[""Sepette %5 İndirim"",""Kargo Bedava"",""Trendyol Plus'a Özel""]",Tahmini Teslim:,refreshed,0,https://www.trendyol.com/babysch/egitici-dogal-ahsap-geometrik-sekiller-p-1124623976?boutiqueId=61&merchantId=590132
cocuk:cocuk-oyuncak,132,240,18,4.8,25.2,1182137186,1281994,1182137186:1281994,TİVENS Sesli Havlayan Yürüyen Pilli Peluş Köpek Oyuncak – Sevimli Hareketli Emekleme Arkadaşı Çocuk Oyuncağı,TİVENS,ıntex toys,299,,0,InStock,,,,,4.636363636363637,3,0,,"[""15 TL Kupon"",""Kargo Bedava""]",Tahmini Teslim:,refreshed,0,https://www.trendyol.com/tivens/sesli-havlayan-yuruyen-pilli-pelus-kopek-oyuncak-sevimli-hareketli-emekleme-arkadasi-cocuk-oyuncagi-p-1182137186?boutiqueId=61&merchantId=1281994
cocuk:cocuk-oyuncak,133,241,-102,16.6,13.4,955417921,1142113,955417921:1142113,ankahometoys Kaplumbağa Top Yutma Oyunu Çocuk Eğlenceli Oyun Denge Top Tutma Oyunu Basmalı Eğitici Oyuncak,ankahometoys,Fast Story,349.99,,0,InStock,,,,,4.483568075117371,118,2,,"[""Kargo Bedava""]",Tahmini Teslim:,refreshed,0,https://www.trendyol.com/ankahometoys/kaplumbaga-top-yutma-oyunu-cocuk-eglenceli-oyun-denge-top-tutma-oyunu-basmali-egitici-oyuncak-p-955417921?boutiqueId=61&merchantId=1142113
cocuk:cocuk-oyuncak,135,243,-19,17.9,12.1,888549324,288437,888549324:288437,WOODROFFE Sevimli Kalpli Avokado Peluş Yastık & Uyku Arkadaşı Yastık & Oyuncak Yastık & Hediyelik Yastık 45Cm,WOODROFFE,VAGON TOYS,169,,0,InStock,,,,,4.390879478827363,170,1,,"[""Kargo Bedava""]",Tahmini Teslim:,refreshed,0,https://www.trendyol.com/woodroffe/sevimli-kalpli-avokado-pelus-yastik-uyku-arkadasi-yastik-oyuncak-yastik-hediyelik-yastik-45cm-p-888549324?boutiqueId=61&merchantId=288437
cocuk:cocuk-oyuncak,136,244,17,28,2,104198178,126620,104198178:126620,yükselen zeka Çarpma Öğreten Oyuncak,yükselen zeka,YÜKSELEN ZEKA,399,,0,InStock,,,,,4.7844470727380255,3159,0,,"[""Sepette %25 İndirim"",""Süper Fırsat Ürünü"",""Kargo Bedava""]",Tahmini Teslim:,refreshed,0,https://www.trendyol.com/yukselen-zeka/carpma-ogreten-oyuncak-p-104198178?boutiqueId=61&merchantId=126620
cocuk:cocuk-oyuncak,137,245,-5,19.5,10.5,815623074,104968,815623074:104968,Dolu Küçük Su Kaydırağı Yeşil 2631,Dolu,Happy Center,1119,,0,InStock,,,,,4.5504587155963305,272,0,,"[""44 TL Kupon"",""Kargo Bedava""]",Tahmini Teslim:,refreshed,0,https://www.trendyol.com/dolu/kucuk-su-kaydiragi-yesil-2631-p-815623074?boutiqueId=61&merchantId=104968
cocuk:cocuk-oyuncak,138,246,-25,10.6,19.4,1176212344,1230100,1176212344:1230100,PAKİTO Led Işıklı Bas Döndür Stres Topu Stres Giderici Mekanizmalı Renkli Fidget Spinner Spinball Top Oyuncak,PAKİTO,LUMO STORE,392.85,,0,InStock,,,,,3.9655172413793105,20,2,12,"[""Sepette %30 İndirim"",""Kargo Bedava""]",Tahmini Teslim:,refreshed,0,https://www.trendyol.com/pakito/led-isikli-bas-dondur-stres-topu-stres-giderici-mekanizmali-renkli-fidget-spinner-spinball-top-oyuncak-p-1176212344?boutiqueId=61&merchantId=1230100
cocuk:cocuk-oyuncak,139,247,-30,22.9,7.1,303017450,200893,303017450:200893,LEGO ® Botanicals Orkide 10311 – Yetişkinler için Dekoratif Yapay Bitki Modeli Yapım Seti (608 Parça),LEGO,ALDIMGİTTİ,2499,,12.6,InStock,,,,,4.668909825033647,721,-1,,"[""Kargo Bedava""]",Tahmini Teslim:,refreshed,0,https://www.trendyol.com/lego/botanicals-orkide-10311-yetiskinler-icin-dekoratif-yapay-bitki-modeli-yapim-seti-608-parca-p-303017450?boutiqueId=61&merchantId=200893
cocuk:cocuk-oyuncak,140,248,31,10,20,691832557,262137,691832557:262137,"EDX 6 Renkli Aktarma Seti Cımbızı, Pratik ve Renkli Takım",EDX,JUJU OYUNCAK,74.99,,0,InStock,,,,,4.794117647058823,17,0,,"[""Kargo Bedava""]",Tahmini Teslim:,refreshed,0,https://www.trendyol.com/edx/6-renkli-aktarma-seti-cimbizi-pratik-ve-renkli-takim-p-691832557?boutiqueId=61&merchantId=262137
cocuk:cocuk-oyuncak,143,251,,6.2,23.8,1172026999,1179105,1172026999:1179105,Lemut Blokland V2 500 Parça Eğitici Yapı Blokları(KUTUSUZ) – STEM Zeka ve Yaratıcılık Geliştirici İnşa Oyuncağı pixel blok minecraft yapı blokları,Lemut,Nevline,248,,,InStock,,,,,4.888888888888889,5,,,"[""Sepette %25 İndirim"",""Süper Fırsat Ürünü"",""Kargo Bedava""]",Tahmini Teslim:,refreshed,0,https://www.trendyol.com/lemut/blokland-v2-500-parca-egitici-yapi-bloklari-kutusuz-stem-zeka-ve-yaraticilik-gelistirici-insa-oyuncagi-pixel-blok-minecraft-yapi-bloklari-p-1172026999?boutiqueId=61&merchantId=1179105
cocuk:cocuk-oyuncak,144,252,-32,10.7,19.3,1160950139,1257762,1160950139:1257762,bmd Sek Sek Halka Oyunu | 10 Renkli Halka Birleştirmeli Parkur Oyuncağı | Denge ve Koordinasyon Eğitici Oyuncak,bmd,Joo Toys,349.99,,0,InStock,,,,,4.717948717948718,21,1,,"[""Sepette %25 İndirim"",""Kargo Bedava""]",Tahmini Teslim:,refreshed,0,https://www.trendyol.com/bmd/sek-sek-halka-oyunu-10-renkli-halka-birlestirmeli-parkur-oyuncagi-denge-ve-koordinasyon-egitici-oyuncak-p-1160950139?boutiqueId=61&merchantId=1257762
cocuk:cocuk-oyuncak,145,253,-44,24,6,235923705,1127325,235923705:1127325,Circle Toys Lineup Single Bul Sırala Ögren - Montessori Tek Oyuncu,Circle Toys,Circle Toys,537.38,,53.5,InStock,,,,,4.699566160520607,1001,-2,,"[""Sepette %20 İndirim"",""Kargo Bedava""]",Tahmini Teslim:,refreshed,0,https://www.trendyol.com/circle-toys/lineup-single-bul-sirala-ogren-montessori-tek-oyuncu-p-235923705?boutiqueId=61&merchantId=1127325
cocuk:cocuk-oyuncak,146,254,-21,25,5,340817399,1098495,340817399:1098495,Genel Markalar merdiven small,Genel Markalar,Berione,435,,11,InStock,,,,,3.9288962381149237,1325,2,,"[""Kargo Bedava""]",Tahmini Teslim:,refreshed,0,https://www.trendyol.com/genel-markalar/merdiven-small-p-340817399?boutiqueId=61&merchantId=1098495
cocuk:cocuk-oyuncak,147,255,37,14.8,15.2,1081274133,126620,1081274133:126620,yükselen zeka Keçemino Etkinlik Halısı - Deniz Dünyası,yükselen zeka,YÜKSELEN ZEKA,479,,0,InStock,,,,,4.644578313253012,69,0,,"[""Sepette %25 İndirim"",""Kargo Bedava"",""Süper Fırsat Ürünü""]",Tahmini Teslim:,refreshed,0,https://www.trendyol.com/yukselen-zeka/kecemino-etkinlik-halisi-deniz-dunyasi-p-1081274133?boutiqueId=61&merchantId=126620
cocuk:cocuk-oyuncak,148,256,28,10.2,19.8,1145202824,744768,1145202824:744768,Nandy Home Peluş Penguen Uyku Arkadaşı ve Dönüşebilen Yastık,Nandy Home,Nandy Kids,349.9,,0.3,InStock,,,,,4.742857142857143,18,0,,"[""Kargo Bedava"",""Trendyol Plus'a Özel""]",Tahmini Teslim:,refreshed,0,https://www.trendyol.com/nandy-home/pelus-penguen-uyku-arkadasi-ve-donusebilen-yastik-p-1145202824?boutiqueId=61&merchantId=744768
cocuk:cocuk-oyuncak,149,257,10,18.7,11.3,846140349,1164978,846140349:1164978,"CARA CARO 3'lü Duyusal Vantuz Spinner: Banyo ve Seyahat Oyuncağı, Eğitici Bebek Hediyesi, 6+ Ay",CARA CARO,BBSKY,1020,,0,InStock,,,,,4.7542857142857144,214,3,32,"[""Sepette %30 İndirim"",""Kargo Bedava""]",Tahmini Teslim:,refreshed,0,https://www.trendyol.com/cara-caro/3-lu-duyusal-vantuz-spinner-banyo-ve-seyahat-oyuncagi-egitici-bebek-hediyesi-6-ay-p-846140349?boutiqueId=61&merchantId=1164978
cocuk:cocuk-oyuncak,150,258,47,14.1,15.9,980923188,928650,980923188:928650,OGTWO 3 Dönem Bir Arada Bebeğimin İlk Zeka Kartları 0-12 Ay Yenidoğan Geliştirici Eğitici Kart Set - Flash Kartları Siyah Beyaz Kırmızı ve Renkli 3 Dönem İçin - Çift Taraflı Özel Görsel Eğitici Gelişim Seti,OGTWO,OGTWO,523.4,,0,InStock,,,,,4.806451612903226,57,2,,"[""15 TL Kupon"",""Süper Fırsat Ürünü"",""Kargo Bedava""]",Tahmini Teslim:,refreshed,0,https://www.trendyol.com/ogtwo/3-donem-bir-arada-bebegimin-ilk-zeka-kartlari-0-12-ay-yenidogan-gelistirici-egitici-kart-set-flash-kartlari-siyah-beyaz-kirmizi-ve-renkli-3-donem-icin-cift-tarafli-ozel-gorsel-egitici-gelisim-seti-p-980923188?boutiqueId=61&merchantId=928650
cocuk:cocuk-oyuncak,151,259,-41,15.6,14.4,773643167,668887,773643167:668887,dekan toys Dön Dolaş Ördek Oyunu Işıklı Müzikli Ördek Oyunu Merdivenden Çıkıp Kaydıraktan Kayan Yavru Ördekler Small Duck Kaydıraklı Ördek Oyunu,dekan toys,DEKAN OYUNCAK,490,,0,InStock,,,,,3.8666666666666667,88,1,,"[""Kargo Bedava""]",Tahmini Teslim:,refreshed,0,https://www.trendyol.com/dekan-toys/don-dolas-ordek-oyunu-isikli-muzikli-ordek-oyunu-merdivenden-cikip-kaydiraktan-kayan-yavru-ordekler-small-duck-kaydirakli-ordek-oyunu-p-773643167?boutiqueId=61&merchantId=668887
cocuk:cocuk-oyuncak,152,260,-19,22,8,1043614871,1047741,1043614871:1047741,Magly Ball Run Parkur Oyunu – Çocuklar İçin Renkli 3 Boyutlu 101 Parça Yapı Seti - Manyetikler ve Yollar,Magly,Magly,2945,,0,InStock,,,,,4.567584480600751,559,5,,"[""Sepette %20 İndirim"",""Kargo Bedava""]",Tahmini Teslim:,refreshed,0,https://www.trendyol.com/magly/ball-run-parkur-oyunu-cocuklar-icin-renkli-3-boyutlu-101-parca-yapi-seti-manyetikler-ve-yollar-p-1043614871?boutiqueId=61&merchantId=1047741
cocuk:cocuk-oyuncak,153,261,3,17.6,12.4,306309106,190370,306309106:190370,Brother Toys 24 Parça Gerçekçi Çiftlik Hayvanları Ve Vahşi Hayvanlar Serisi Birlikte Mini Boy,Brother Toys,BROTHERTOYS,369.9,,0,InStock,,,,,3.9115646258503403,156,0,,"[""Kargo Bedava""]",Tahmini Teslim:,refreshed,0,https://www.trendyol.com/brother-toys/24-parca-gercekci-ciftlik-hayvanlari-ve-vahsi-hayvanlar-serisi-birlikte-mini-boy-p-306309106?boutiqueId=61&merchantId=190370
cocuk:cocuk-oyuncak,154,262,50,13.9,16.1,1071656941,472994,1071656941:472994,LEGO ® Speed Champions | Şimşek McQueen 77255 – 9+ Yaratıcı Oyuncak Yapım Seti (270 Parça),LEGO,Pratikya,1369,,,InStock,,,,,4.75,54,0,,"[""Kargo Bedava""]",Tahmini Teslim:,refreshed,0,https://www.trendyol.com/lego/speed-champions-simsek-mcqueen-77255-9-yaratici-oyuncak-yapim-seti-270-parca-p-1071656941?boutiqueId=61&merchantId=472994
cocuk:cocuk-oyuncak,155,263,15,15.2,14.8,43304618,397045,43304618:397045,Genel Markalar Havuz Ve Deniz Makarnası,Genel Markalar,jetlegelsin,74.99,,0,InStock,,,,,4.283018867924528,78,1,,"[""Kargo Bedava""]",Tahmini Teslim:,refreshed,0,https://www.trendyol.com/genel-markalar/havuz-ve-deniz-makarnasi-p-43304618?boutiqueId=61&merchantId=397045
cocuk:cocuk-oyuncak,156,264,,12.4,17.6,1027538348,367733,1027538348:367733,neşeli ahşap Ahşap ritim çubuğu 1 Çift (2 Adet),neşeli ahşap,Wood Valley,46.9,,,InStock,,,,,4.762711864406779,34,,,"[""Kargo Bedava"",""Trendyol Plus'a Özel""]",Tahmini Teslim:,refreshed,0,https://www.trendyol.com/neseli-ahsap/ahsap-ritim-cubugu-1-cift-2-adet-p-1027538348?boutiqueId=61&merchantId=367733
cocuk:cocuk-oyuncak,157,265,10,25.8,4.2,123832512,126620,123832512:126620,yükselen zeka Zeka Kutusu (2-4 Yaş),yükselen zeka,YÜKSELEN ZEKA,328.68,,0,InStock,,,,,4.7973514012935015,1692,-6,,"[""Kargo Bedava""]",Tahmini Teslim:,refreshed,0,https://www.trendyol.com/yukselen-zeka/zeka-kutusu-2-4-yas-p-123832512?boutiqueId=61&merchantId=126620
cocuk:cocuk-oyuncak,158,266,-12,20.8,9.2,928301266,357212,928301266:357212,Go Toys Pag Tag Bultak Geometrik Şekiller Motor Beceri Geliştirici Eğitici Oyuncak Bebek Aktivite Oyuncağı,Go Toys,Shopist,189,,0,InStock,,,,,4.582772543741589,395,1,,"[""Sepette %30 İndirim"",""Kargo Bedava""]",Tahmini Teslim:,refreshed,0,https://www.trendyol.com/go-toys/pag-tag-bultak-geometrik-sekiller-motor-beceri-gelistirici-egitici-oyuncak-bebek-aktivite-oyuncagi-p-928301266?boutiqueId=61&merchantId=357212
cocuk:cocuk-oyuncak,161,269,-76,13.9,16.1,1143797846,1183562,1143797846:1183562,Genel Markalar 10'lu Mini Baloncuk Oyuncağı | Köpük Balon Seti | Bubble Oyuncak | Doğum Günü Hediyeliği | Okul Dağıtmalık | Karne Hediyesi | Renkli Baloncuk Tüpü,Genel Markalar,Minikoo Kids,152,,-1.9,InStock,,,,,3.6777777777777776,53,0,,"[""Sepette %5 İndirim"",""Kargo Bedava""]",Tahmini Teslim:,refreshed,0,https://www.trendyol.com/genel-markalar/10-lu-mini-baloncuk-oyuncagi-kopuk-balon-seti-bubble-oyuncak-dogum-gunu-hediyeligi-okul-dagitmalik-karne-hediyesi-renkli-baloncuk-tupu-p-1143797846?boutiqueId=61&merchantId=1183562
cocuk:cocuk-oyuncak,162,270,-76,18.2,11.8,148717143,944751,148717143:944751,Genel Markalar Wooden Toys Doğal Ahşap Eğitici Oyuncak 7 Parça Orta Tangram,Genel Markalar,Montessori Toys,47.99,,,InStock,,,,,3.991549295774648,188,0,,"[""Sepette %1 İndirim"",""Kargo Bedava"",""Trendyol Plus'a Özel""]",Tahmini Teslim:,refreshed,0,https://www.trendyol.com/genel-markalar/wooden-toys-dogal-ahsap-egitici-oyuncak-7-parca-orta-tangram-p-148717143?boutiqueId=61&merchantId=944751
cocuk:cocuk-oyuncak,163,271,-45,12.8,17.2,842124506,109643,842124506:109643,"Genel Markalar 1 Adet Mini Taş-kağıt-makas Oyunu Anahtarlık,parmak Oyuncağı,parti Hediye,stres Giderici Hediye",Genel Markalar,Rüya Gezegeni,40,,0,InStock,,,,,3.879120879120879,39,1,,"[""Kargo Bedava""]",Tahmini Teslim:,refreshed,0,https://www.trendyol.com/genel-markalar/1-adet-mini-tas-kagit-makas-oyunu-anahtarlik-parmak-oyuncagi-parti-hediye-stres-giderici-hediye-p-842124506?boutiqueId=61&merchantId=109643
cocuk:cocuk-oyuncak,166,274,-9,22.6,7.4,897032829,753968,897032829:753968,Genel Markalar Ritoys Ben Kimim? Ben Neyim? (What Am I?) Kutu Oyunu,Genel Markalar,ESPRİTOYS,139,,0,InStock,,,,,4.488095238095237,659,1,,"[""Kargo Bedava""]",Tahmini Teslim:,refreshed,0,https://www.trendyol.com/genel-markalar/ritoys-ben-kimim-ben-neyim-what-am-i-kutu-oyunu-p-897032829?boutiqueId=61&merchantId=753968
cocuk:cocuk-oyuncak,168,276,-80,17.8,12.2,853732873,214103,853732873:214103,"Hopiers Montessori Renkli Ahşap Çak-Çak, Çekiç Oyunu / 1+ Yaş / Eğitici, Öğretici ve Güvenli Çocuk Oyuncağı",Hopiers,Hopiers,288.92,,0,InStock,,,,,4.421511627906978,168,0,11,"[""Sepette %2 İndirim"",""Kargo Bedava"",""Trendyol Plus'a Özel""]",Tahmini Teslim:,refreshed,0,https://www.trendyol.com/hopiers/montessori-renkli-ahsap-cak-cak-cekic-oyunu-1-yas-egitici-ogretici-ve-guvenli-cocuk-oyuncagi-p-853732873?boutiqueId=61&merchantId=214103
cocuk:cocuk-oyuncak,170,278,,5.6,24.4,1190250413,1218649,1190250413:1218649,"Gargamel Ahşap Harf Küpleri çocuklar için Eğitici Kelime Oluşturma Oyuncağı, Harf Öğrenme ve El Becerisi Geliştirici",Gargamel,Anka toys,167.72,,,InStock,,,,,4.5,4,,,"[""Kargo Bedava""]",Tahmini Teslim:,refreshed,0,https://www.trendyol.com/gargamel/ahsap-harf-kupleri-cocuklar-icin-egitici-kelime-olusturma-oyuncagi-harf-ogrenme-ve-el-becerisi-gelistirici-p-1190250413?boutiqueId=61&merchantId=1218649
cocuk:cocuk-oyuncak,171,279,-1,14.2,15.8,1176552963,1078313,1176552963:1078313,Minolio LED Işıklı Çizim ve Boyama Tahtası Stant ve 6 Adet Kalem Hediyeli 20X20,Minolio,Minolio,538.19,,0,InStock,,,,,3.8783783783783785,58,2,,"[""Kargo Bedava""]",Tahmini Teslim:,refreshed,0,https://www.trendyol.com/minolio/led-isikli-cizim-ve-boyama-tahtasi-stant-ve-6-adet-kalem-hediyeli-20x20-p-1176552963?boutiqueId=61&merchantId=1078313
cocuk:cocuk-oyuncak,172,280,-37,20.7,9.3,37835415,113954,37835415:113954,sihir baby Sensory Duyusal Bebek Topları,sihir baby,Sihir Tİcaret ve Pazarlama Ltd.Şti.,349.99,,0,InStock,,,,,4.448179271708684,391,-1,,"[""Kargo Bedava""]",Tahmini Teslim:,refreshed,0,https://www.trendyol.com/sihir-baby/sensory-duyusal-bebek-toplari-p-37835415?boutiqueId=61&merchantId=113954
cocuk:cocuk-oyuncak,173,281,14,20.8,9.2,659040084,182414,659040084:182414,HOT WHEELS Sürpriz Arabalar 3 Adet Sürpriz Araba,HOT WHEELS,sevgi kırtasiye,340,,10,InStock,,,,,4.489510489510489,399,2,,"[""15 TL Kupon"",""Kargo Bedava""]",Tahmini Teslim:,refreshed,0,https://www.trendyol.com/hot-wheels/surpriz-arabalar-3-adet-surpriz-araba-p-659040084?boutiqueId=61&merchantId=182414
cocuk:cocuk-oyuncak,176,284,-29,24,6,875717599,1047741,875717599:1047741,Magly Manyetik Yapı Blokları – Çocuklar Için Renkli 3 Boyutlu 36 Parça Manyetik Karo Oyun Seti,Magly,Magly,1545,,0,InStock,,,,,4.726770467101959,993,3,270,"[""Sepette %20 İndirim"",""Kargo Bedava""]",Tahmini Teslim:,refreshed,0,https://www.trendyol.com/magly/manyetik-yapi-bloklari-cocuklar-icin-renkli-3-boyutlu-36-parca-manyetik-karo-oyun-seti-p-875717599?boutiqueId=61&merchantId=1047741
cocuk:cocuk-oyuncak,178,286,-27,19.3,10.7,839813628,190370,839813628:190370,Brother Toys Işıklı Stres Giderici Popit Oyun Konsolu Pop It Oyuncak Ördek Sarı Kaplan Transformers,Brother Toys,BROTHERTOYS,315.5,,-21.1,InStock,,,,,4.161504424778761,261,0,,"[""Kargo Bedava""]",Tahmini Teslim:,refreshed,0,https://www.trendyol.com/brother-toys/isikli-stres-giderici-popit-oyun-konsolu-pop-it-oyuncak-ordek-sari-kaplan-transformers-p-839813628?boutiqueId=61&merchantId=190370
cocuk:cocuk-oyuncak,179,287,-41,23.9,6.1,888382654,104968,888382654:104968,Babycim Babycim Bebek Piyanolu Oyun Halısı Ve Jimnastik Merkezi (AYNALI VE ÇINGIRAKLI),Babycim,Happy Center,899.99,,0,InStock,,,,,4.37280701754386,965,0,,"[""35 TL Kupon"",""Kargo Bedava""]",Tahmini Teslim:,refreshed,0,https://www.trendyol.com/babycim/babycim-bebek-piyanolu-oyun-halisi-ve-jimnastik-merkezi-aynali-ve-cingirakli-p-888382654?boutiqueId=61&merchantId=104968
cocuk:cocuk-oyuncak,180,288,,18.8,11.2,784307498,357670,784307498:357670,YAHO OYUNCAĞIN DOĞAL HALİ 54 Parça Ahşap Denge Oyunu(K),YAHO OYUNCAĞIN DOĞAL HALİ,Yüce Oyuncak,169.55,,,InStock,,,,,4.224043715846994,223,,30,"[""Kargo Bedava"",""Trendyol Plus'a Özel""]",Tahmini Teslim:,refreshed,0,https://www.trendyol.com/yaho-oyuncagin-dogal-hali/54-parca-ahsap-denge-oyunu-k-p-784307498?boutiqueId=61&merchantId=357670
cocuk:cocuk-oyuncak,181,289,36,7.2,22.8,1124471423,769726,1124471423:769726,OYUNKAFASI Üflemeli Top 1 Adet Uçan Top Oyuncaği Nefes Egzersizi- Karne Hediyesi,OYUNKAFASI,OYUNKAFASI,19,,0,InStock,,,,,3.642857142857143,7,1,,"[""Sepette %1 İndirim"",""10 TL Kupon"",""Kargo Bedava"",""Trendyol Plus'a Özel""]",Tahmini Teslim:,refreshed,0,https://www.trendyol.com/oyunkafasi/uflemeli-top-1-adet-ucan-top-oyuncagi-nefes-egzersizi-karne-hediyesi-p-1124471423?boutiqueId=61&merchantId=769726
cocuk:cocuk-oyuncak,182,290,74,25.1,4.9,467015420,571780,467015420:571780,LEGO ® Speed Champions Daha Hızlı Daha Öfkeli Nissan Skyline GT-R (R34) 76917 (319 Parça),LEGO,BHR TEKNOLOJİ,1389,,0.7,InStock,,,,,4.737341772151898,1385,2,,"[""13 TL Kupon"",""Kargo Bedava""]",Tahmini Teslim:,refreshed,0,https://www.trendyol.com/lego/speed-champions-daha-hizli-daha-ofkeli-nissan-skyline-gt-r-r34-76917-319-parca-p-467015420?boutiqueId=61&merchantId=571780
cocuk:cocuk-oyuncak,183,291,18,8,22,1107284433,885288,1107284433:885288,Tulparmekanik Katlanabilir Sonsuz Küp Hareketli Stres Oyuncağı Mavi,Tulparmekanik,Evitek,74,,0,InStock,,,,,4.368421052631579,9,0,,"[""Kargo Bedava""]",Tahmini Teslim:,refreshed,0,https://www.trendyol.com/tulparmekanik/katlanabilir-sonsuz-kup-hareketli-stres-oyuncagi-mavi-p-1107284433?boutiqueId=61&merchantId=885288
cocuk:cocuk-oyuncak,184,292,-11,19.2,10.8,883914730,385658,883914730:385658,LEGO ® Botanicals Mini Orkide 10343 – Yetişkinler için Açık Renkli Çiçek Yapım Seti (274 Parça),LEGO,Valiente Store,1510,,,InStock,,,,,4.780054644808743,249,1,,"[""Kargo Bedava""]",Tahmini Teslim:,refreshed,0,https://www.trendyol.com/lego/botanicals-mini-orkide-10343-yetiskinler-icin-acik-renkli-cicek-yapim-seti-274-parca-p-883914730?boutiqueId=61&merchantId=385658
cocuk:cocuk-oyuncak,185,293,29,13.8,16.2,1118283468,252800,1118283468:252800,giffy Oyuncak BMW E30 Drift Araba 4x4 Uzaktan Kumandalı Araba 2.4GHz Şarjlı LED Işıklı 15 Km Hız Araba,giffy,GİFFY,1999.9,,0,InStock,,,,,4.505154639175258,52,0,,"[""Sepette %10 İndirim"",""Kargo Bedava"",""Peşin Fiyatına 3 Taksit""]",Tahmini Teslim:,refreshed,0,https://www.trendyol.com/giffy/oyuncak-bmw-e30-drift-araba-4x4-uzaktan-kumandali-araba-2-4ghz-sarjli-led-isikli-15-km-hiz-araba-p-1118283468?boutiqueId=61&merchantId=252800
cocuk:cocuk-oyuncak,187,295,,13.7,16.3,1201820,421779,1201820:421779,Hasbro Playdoh Oyun Hamuru 4 Lu 448 Gr,Hasbro,Karakalem,143.6,,,InStock,,,,,4.631578947368421,51,,12,"[""Kargo Bedava""]",Tahmini Teslim:,refreshed,0,https://www.trendyol.com/hasbro/playdoh-oyun-hamuru-4-lu-448-gr-p-1201820?boutiqueId=61&merchantId=421779
cocuk:cocuk-oyuncak,188,296,-43,7.2,22.8,1192881637,1078313,1192881637:1078313,Minolio LED Işıklı Çizim ve Boyama Tahtası 30x20 Büyük Boy Stant ve 7 Adet Kalem Hediyeli,Minolio,Minolio,577.5,,-5.8,InStock,,,,,4.6,7,3,,"[""Kargo Bedava""]",Tahmini Teslim:,refreshed,0,https://www.trendyol.com/minolio/led-isikli-cizim-ve-boyama-tahtasi-30x20-buyuk-boy-stant-ve-7-adet-kalem-hediyeli-p-1192881637?boutiqueId=61&merchantId=1078313
cocuk:cocuk-oyuncak,190,298,-73,17,13,792891737,811969,792891737:811969,Oyunsal Pembe Renkli Çantalı 14 Parça Doktor Seti Oyuncak Vakumlu Kutuda,Oyunsal,BamBamToys,346.18,,-3.3,InStock,,,,,3.812,131,2,,"[""Sepette %1 İndirim"",""Kargo Bedava"",""Trendyol Plus'a Özel""]",Tahmini Teslim:,refreshed,0,https://www.trendyol.com/oyunsal/pembe-renkli-cantali-14-parca-doktor-seti-oyuncak-vakumlu-kutuda-p-792891737?boutiqueId=61&merchantId=811969
cocuk:cocuk-oyuncak,191,299,-77,19.3,10.7,929849957,190370,929849957:190370,Brother Toys Uzaktan Kumandalı 30 Fonksiyon Akıllı Interaktif Öğretici Robot Oyuncak Kedi,Brother Toys,BROTHERTOYS,1499.9,,0,InStock,,,,,4.718696397941681,261,2,,"[""Kargo Bedava""]",Tahmini Teslim:,refreshed,0,https://www.trendyol.com/brother-toys/uzaktan-kumandali-30-fonksiyon-akilli-interaktif-ogretici-robot-oyuncak-kedi-p-929849957?boutiqueId=61&merchantId=190370
