rank_scope,rank_scope_position,bestseller_rank,rank_delta,trend_score,niche_score,product_id,merchant_id,offer_key,title,brand,seller_name,price,original_price,price_delta_percent,stock_status,sales_signal,sales_signal_days,sales_signal_min,sales_signal_daily_min,rating,review_count,review_delta,question_count,campaigns,delivery_summary,detail_status,detail_age_days,url
cocuk:cocuk-kitap,1,814,,133.7,66.2,937160613,113171,937160613:113171,Çocuk Akademi 7'den 70'e Türkiye Atlası,Çocuk Akademi,,349,383.93,,InStock,Son 3 günde 1B+ ürün satıldı!,3,1000,333.3,4.8,,,,"[""Son 10 Günün En Düşük Fiyatı""]",,listing_only,,https://www.trendyol.com/cocuk-akademi/7-den-70-e-turkiye-atlasi-p-937160613?boutiqueId=61&merchantId=113171
cocuk:genel-cocuk,1,1,0,132.7,74.8,959516754,357212,959516754:357212,Go Toys Go Magnetic Series 72 Parça Manyetik Yapı Blokları Original - Mıknatıslı Manyetik Bloklar,Go Toys,Shopist,2140,,0,InStock,"Son 3 günde 1,5B+ ürün satıldı!",3,1500,500,4.257742626949517,5230,16,683,"[""Sepette %30 İndirim"",""Kargo Bedava"",""Peşin Fiyatına 3 Taksit""]",,refreshed,0,https://www.trendyol.com/go-toys/go-magnetic-series-72-parca-manyetik-yapi-bloklari-original-miknatisli-manyetik-bloklar-p-959516754?boutiqueId=61&merchantId=357212
cocuk:cocuk-oyuncak,6,42,5,127.6,27.1,37738604,190370,37738604:190370,UNO Kartlar W2087,UNO,BROTHERTOYS,65.2,99.9,0,InStock,,,,,3.3044415696420875,1308,0,236,"[""Son 10 Günün En Düşük Fiyatı"",""Süper Fırsat Ürünü"",""Kargo Bedava"",""Son 10 günün en düşük fiyatı""]",3 saat 54 dakika içinde sipariş verirsen en geç yarın kargoda!,refreshed,0,https://www.trendyol.com/uno/kartlar-w2087-p-37738604?boutiqueId=61&merchantId=190370
cocuk:cocuk-kitap,3,816,,121.6,44.3,797022237,113171,797022237:113171,Çocuk Akademi Şimdi Cırt Cırt ile Konuşma Vakti Kitabı,Çocuk Akademi,,140.32,147.43,,InStock,Son 3 günde 500+ ürün satıldı!,3,500,166.7,4.8,,,,"[""Son 10 Günün En Düşük Fiyatı""]",,listing_only,,https://www.trendyol.com/cocuk-akademi/simdi-cirt-cirt-ile-konusma-vakti-kitabi-p-797022237?boutiqueId=61&merchantId=113171
cocuk:cocuk-oyuncak,12,48,-10,116.1,34.5,881786508,357670,881786508:357670,YAHO OYUNCAĞIN DOĞAL HALİ Ahşap 10 mm Renkli Boncuk (50 adet),YAHO OYUNCAĞIN DOĞAL HALİ,Yüce Oyuncak,21.72,39.9,-45.6,InStock,,,,,4.37984496124031,64,0,,"[""Son 10 Günün En Düşük Fiyatı"",""Süper Fırsat Ürünü"",""Kargo Bedava"",""Son 10 günün en düşük fiyatı""]",Tahmini Teslim:,refreshed,0,https://www.trendyol.com/yaho-oyuncagin-dogal-hali/ahsap-10-mm-renkli-boncuk-50-adet-p-881786508?boutiqueId=61&merchantId=357670
cocuk:genel-cocuk,5,5,-1,114.5,45.2,955779223,947235,955779223:947235,ankahometoys Puzzle City 3D Yapı Blokları - 128 Parça Eğitici Şehir Kurma ve Tasarım Seti,ankahometoys,Kangamom,125.99,137.01,0,InStock,Son 3 günde 500+ ürün satıldı!,3,500,166.7,4.391821788220934,3292,5,286,"[""Son 10 Günün En Düşük Fiyatı"",""Kargo Bedava"",""Son 10 günün en düşük fiyatı""]",3 saat 55 dakika içinde sipariş verirsen en geç yarın kargoda!,refreshed,0,https://www.trendyol.com/ankahometoys/puzzle-city-3d-yapi-bloklari-128-parca-egitici-sehir-kurma-ve-tasarim-seti-p-955779223?boutiqueId=61&merchantId=947235
cocuk:genel-cocuk,2,2,7,113.5,74.9,37997190,62,37997190:62,Puma Phase II Sırt Çantası,Puma,Puma,1899,,0,InStock,Son 3 günde 1B+ ürün satıldı!,3,1000,333.3,4.585459183673469,398,1,181,"[""Kargo Bedava""]",,refreshed,0,https://www.trendyol.com/puma/phase-ii-sirt-cantasi-p-37997190?boutiqueId=61&merchantId=62
cocuk:cocuk-kitap,2,815,,111.3,52.9,1152242632,113171,1152242632:113171,Çocuk Akademi Ülkeler Ve Kültürler,Çocuk Akademi,,321.71,338.64,,InStock,Son 3 günde 500+ ürün satıldı!,3,500,166.7,4.6,,,,"[""Son 10 Günün En Düşük Fiyatı""]",,listing_only,,https://www.trendyol.com/cocuk-akademi/ulkeler-ve-kulturler-p-1152242632?boutiqueId=61&merchantId=113171
cocuk:cocuk-kitap,4,817,,110.9,44.3,983965502,126620,983965502:126620,yükselen zeka PanoBig - Dünyanın En Büyük Etkinlik Kitabı,yükselen zeka,,325.83,329.12,,InStock,Son 3 günde 500+ ürün satıldı!,3,500,166.7,4.7,,,,"[""Son 10 Günün En Düşük Fiyatı""]",,listing_only,,https://www.trendyol.com/yukselen-zeka/panobig-dunyanin-en-buyuk-etkinlik-kitabi-p-983965502?boutiqueId=61&merchantId=126620
cocuk:genel-cocuk,3,3,-1,110.3,46.4,118658789,611562,118658789:611562,Dragora Ribana Bel Canvas Okul Pantolonu (BİR BÜYÜK BEDEN ALINMASI TAVSİYE EDİLİR),Dragora,FERRY BUTİK,320,,-39.5,InStock,Son 3 günde 500+ ürün satıldı!,3,500,166.7,4.212773789803056,3095,20,1352,"[""Sepette %5 İndirim"",""Kargo Bedava""]",Tahmini Teslim:,refreshed,0,https://www.trendyol.com/dragora/ribana-bel-canvas-okul-pantolonu-bir-buyuk-beden-alinmasi-tavsiye-edilir-p-118658789?boutiqueId=61&merchantId=611562
cocuk:cocuk-kitap,5,818,,109.5,43.3,893267279,113171,893267279:113171,Çocuk Akademi Mıknatıslı Yapboz Çiftlik Hayvanları,Çocuk Akademi,,158.52,,,InStock,Son 3 günde 500+ ürün satıldı!,3,500,166.7,4.7,,,,[],,listing_only,,https://www.trendyol.com/cocuk-akademi/miknatisli-yapboz-ciftlik-hayvanlari-p-893267279?boutiqueId=61&merchantId=113171
cocuk:cocuk-kitap,7,820,,109.2,42.3,771196754,113171,771196754:113171,Çocuk Akademi 12-24 Ay Cırt Cırtlı Etkinlik Kitabı,Çocuk Akademi,,171.32,173.38,,InStock,Son 3 günde 500+ ürün satıldı!,3,500,166.7,4.8,,,,"[""Son 10 Günün En Düşük Fiyatı""]",,listing_only,,https://www.trendyol.com/cocuk-akademi/12-24-ay-cirt-cirtli-etkinlik-kitabi-p-771196754?boutiqueId=61&merchantId=113171
cocuk:cocuk-oyuncak,1,37,3,106.6,25.9,6877587,109486,6877587:109486,Furkan Toys Cool Wheels Led Işıklı 3 Tekerlekli Yükseklik Ayarlı Twist Scooter,Furkan Toys,Oyuncak Paketim,889.18,,0,InStock,,,,,4.559435951502373,3730,0,1732,"[""Kargo Bedava""]",3 saat 54 dakika içinde sipariş verirsen en geç yarın kargoda!,refreshed,0,https://www.trendyol.com/furkan-toys/cool-wheels-led-isikli-3-tekerlekli-yukseklik-ayarli-twist-scooter-p-6877587?boutiqueId=61&merchantId=109486
cocuk:cocuk-kitap,10,823,,105.6,30.4,748875102,113171,748875102:113171,Çocuk Akademi Şimdi Konuşma Vakti Seti,Çocuk Akademi,,136.1,152.49,,InStock,Son 3 günde 250+ ürün satıldı!,3,250,83.3,4.8,,,,"[""Son 10 Günün En Düşük Fiyatı""]",,listing_only,,https://www.trendyol.com/cocuk-akademi/simdi-konusma-vakti-seti-p-748875102?boutiqueId=61&merchantId=113171
cocuk:cocuk-kitap,6,819,,104.2,50.5,1104849501,113171,1104849501:113171,Çocuk Akademi İcatlar ve Mucitler Atlası,Çocuk Akademi,,259.27,274.33,,InStock,Son 3 günde 500+ ürün satıldı!,3,500,166.7,4.7,,,,"[""Son 10 Günün En Düşük Fiyatı""]",,listing_only,,https://www.trendyol.com/cocuk-akademi/icatlar-ve-mucitler-atlasi-p-1104849501?boutiqueId=61&merchantId=113171
cocuk:cocuk-kitap,11,824,,103.7,29.9,283363054,113171,283363054:113171,Çocuk Akademi 3 Yaş Etkinlik Seti,Çocuk Akademi,,159.27,177.23,,InStock,Son 3 günde 250+ ürün satıldı!,3,250,83.3,4.8,,,,"[""Son 10 Günün En Düşük Fiyatı""]",,listing_only,,https://www.trendyol.com/cocuk-akademi/3-yas-etkinlik-seti-p-283363054?boutiqueId=61&merchantId=113171
cocuk:genel-cocuk,4,4,1,102.2,52,289617527,675772,289617527:675772,Defacto Baskılı 7'li Pamuklu Patik Çorap Erkek Çocuk W8900A6NS,Defacto,Rahu Up TREND OL,799,,,InStock,Son 3 günde 500+ ürün satıldı!,3,500,166.7,4.673395818312906,535,1,21,"[""80 TL Kupon"",""Kargo Bedava"",""Trendyol Plus'a Özel""]",3 saat 55 dakika içinde sipariş verirsen en geç yarın kargoda!,refreshed,0,https://www.trendyol.com/defacto/baskili-7-li-pamuklu-patik-corap-erkek-cocuk-w8900a6ns-p-289617527?boutiqueId=61&merchantId=675772
cocuk:genel-cocuk,6,6,-3,100.5,48.7,1081617521,1218056,1081617521:1218056,Mino Makers 78 Parça Manyetik Yapı Blokları - Çocuklar İçin 3 Boyutlu Renkli Mıknatıslı 78 Parça Manyetik Blok Oyun Seti,Mino Makers,Mino Makers,1795,,0,InStock,Son 3 günde 500+ ürün satıldı!,3,500,166.7,4.484304932735426,1053,8,255,"[""Sepette %20 İndirim"",""Kargo Bedava"",""Peşin Fiyatına 3 Taksit""]",3 saat 55 dakika içinde sipariş verirsen en geç yarın kargoda!,refreshed,0,https://www.trendyol.com/mino-makers/78-parca-manyetik-yapi-bloklari-cocuklar-icin-3-boyutlu-renkli-miknatisli-78-parca-manyetik-blok-oyun-seti-p-1081617521?boutiqueId=61&merchantId=1218056
cocuk:cocuk-kitap,9,822,,99.3,30.9,365785366,113171,365785366:113171,Çocuk Akademi 2 Yaş Etkinlik Seti,Çocuk Akademi,,166.2,169.44,,InStock,Son 3 günde 250+ ürün satıldı!,3,250,83.3,4.8,,,,"[""Son 10 Günün En Düşük Fiyatı""]",,listing_only,,https://www.trendyol.com/cocuk-akademi/2-yas-etkinlik-seti-p-365785366?boutiqueId=61&merchantId=113171
cocuk:genel-cocuk,7,7,6,98.9,47.8,85637037,916075,85637037:916075,Tutku 6'lı Çocuk Penye Atlet,Tutku,TUTKU ELİT,395,,0,InStock,Son 3 günde 500+ ürün satıldı!,3,500,166.7,4.478823529411764,1178,1,549,"[""Kargo Bedava""]",,refreshed,0,https://www.trendyol.com/tutku/6-li-cocuk-penye-atlet-p-85637037?boutiqueId=61&merchantId=916075
cocuk:cocuk-kitap,17,830,,98.2,28.9,931890449,126620,931890449:126620,yükselen zeka Dokun Hisset - Aynalı Kitap 2’li Set,yükselen zeka,,271.93,339.91,,InStock,Son 3 günde 250+ ürün satıldı!,3,250,83.3,4.7,,,,"[""Sepette %20 İndirim"",""Süper Fırsat Ürünü""]",,listing_only,,https://www.trendyol.com/yukselen-zeka/dokun-hisset-aynali-kitap-2-li-set-p-931890449?boutiqueId=61&merchantId=126620
cocuk:cocuk-oyuncak,4,40,7,96.9,37.7,1112597590,1230100,1112597590:1230100,PAKİTO Potalı Top Yuvarlama Kulesi | Renkli Eğitici Dikkat Geliştirici Top Kaydırma Oyuncağı,PAKİTO,LUMO STORE,180.81,199.95,0,InStock,,,,,3.9655172413793105,81,0,14,"[""Son 10 Günün En Düşük Fiyatı"",""Kargo Bedava"",""Son 10 günün en düşük fiyatı""]",3 saat 54 dakika içinde sipariş verirsen en geç yarın kargoda!,refreshed,0,https://www.trendyol.com/pakito/potali-top-yuvarlama-kulesi-renkli-egitici-dikkat-gelistirici-top-kaydirma-oyuncagi-p-1112597590?boutiqueId=61&merchantId=1230100
cocuk:cocuk-kitap,8,821,,96.3,33.3,941686871,113171,941686871:113171,Çocuk Akademi Mıknatıslı Yapboz Meyveler,Çocuk Akademi,,154.98,,,InStock,Son 3 günde 250+ ürün satıldı!,3,250,83.3,4.6,,,,[],,listing_only,,https://www.trendyol.com/cocuk-akademi/miknatisli-yapboz-meyveler-p-941686871?boutiqueId=61&merchantId=113171
cocuk:genel-cocuk,8,8,-1,95.6,48.6,1107131330,357212,1107131330:357212,Go Toys Go Track Mavi Renk Esnek Yarış-Aksiyon Pisti 4.5 Mt - Flex track,Go Toys,Shopist,399,,0,InStock,Son 3 günde 500+ ürün satıldı!,3,500,166.7,4.267066420664207,811,2,154,"[""Sepette %30 İndirim"",""Kargo Bedava""]",3 saat 55 dakika içinde sipariş verirsen en geç yarın kargoda!,refreshed,0,https://www.trendyol.com/go-toys/go-track-mavi-renk-esnek-yaris-aksiyon-pisti-4-5-mt-flex-track-p-1107131330?boutiqueId=61&merchantId=357212
cocuk:cocuk-oyuncak,2,38,33,93.8,36.2,1039450514,1179105,1039450514:1179105,Lemut Blockland 400 Parça ( KUTUSUZ ) pixel Yaratıcı tasarım yapı inşaa eğitici Oyuncak minecraft,Lemut,Nevline,185,,0,InStock,,,,,4.617241379310345,168,0,42,"[""Sepette %25 İndirim"",""Süper Fırsat Ürünü"",""Kargo Bedava""]",3 saat 54 dakika içinde sipariş verirsen en geç yarın kargoda!,refreshed,0,https://www.trendyol.com/lemut/blockland-400-parca-kutusuz-pixel-yaratici-tasarim-yapi-insaa-egitici-oyuncak-minecraft-p-1039450514?boutiqueId=61&merchantId=1179105
cocuk:cocuk-oyuncak,3,39,2,93.3,34.2,1040762882,931256,1040762882:931256,tutobaby Sevimli Mıknatıslı Kurmalı Civcivler,tutobaby,TuTobaby,199.99,,0,InStock,,,,,4.488943488943489,255,1,31,"[""Sepette %20 İndirim"",""Sepette %3 İndirim"",""100 TL Kupon"",""Kargo Bedava"",""Son 10 Günün En Düşük Fiyatı""]",3 saat 54 dakika içinde sipariş verirsen en geç yarın kargoda!,refreshed,0,https://www.trendyol.com/tutobaby/sevimli-miknatisli-kurmali-civcivler-p-1040762882?boutiqueId=61&merchantId=931256
cocuk:cocuk-oyuncak,7,43,6,91.7,27.6,991500434,126620,991500434:126620,yükselen zeka Keçemino Etkinlik Halısı - Çiftlik,yükselen zeka,YÜKSELEN ZEKA,392.22,399.21,0,InStock,,,,,4.6104651162790695,958,1,101,"[""Kargo Bedava"",""Son 10 Günün En Düşük Fiyatı"",""Son 10 günün en düşük fiyatı""]",Tahmini Teslim:,refreshed,0,https://www.trendyol.com/yukselen-zeka/kecemino-etkinlik-halisi-ciftlik-p-991500434?boutiqueId=61&merchantId=126620
cocuk:cocuk-kitap,16,829,,91.3,28.3,260296795,126620,260296795:126620,yükselen zeka 16-36 Ay Konuşturan Oyuncak,yükselen zeka,,284.25,315.83,,InStock,Son 3 günde 250+ ürün satıldı!,3,250,83.3,4.7,,,,"[""Sepette %10 İndirim""]",,listing_only,,https://www.trendyol.com/yukselen-zeka/16-36-ay-konusturan-oyuncak-p-260296795?boutiqueId=61&merchantId=126620
cocuk:cocuk-kitap,12,825,,90.3,38.3,1078919114,113171,1078919114:113171,Çocuk Akademi Bebeğimin İlk 100 Kelimesi,Çocuk Akademi,,144.67,159.16,,InStock,Son 3 günde 250+ ürün satıldı!,3,250,83.3,4.8,,,,"[""Son 10 Günün En Düşük Fiyatı""]",,listing_only,,https://www.trendyol.com/cocuk-akademi/bebegimin-ilk-100-kelimesi-p-1078919114?boutiqueId=61&merchantId=113171
cocuk:genel-cocuk,10,10,1,89.6,49.6,3129037,4227,3129037:4227,Katia & Bony Kız Çocuk Family Kurdeleli Beyaz Basic Dizaltı Okul Çorabı,Katia &,Katia and Bony,199.16,,0,InStock,Son 3 günde 500+ ürün satıldı!,3,500,166.7,4.747524752475248,451,-7,36,"[""Sepette %2 İndirim"",""Kargo Bedava"",""Trendyol Plus'a Özel""]",3 saat 55 dakika içinde sipariş verirsen en geç yarın kargoda!,refreshed,0,https://www.trendyol.com/katia-bony/kiz-cocuk-family-kurdeleli-beyaz-basic-dizalti-okul-corabi-p-3129037?boutiqueId=61&merchantId=4227
cocuk:genel-cocuk,11,11,3,89.4,55.6,1165369422,517848,1165369422:517848,icone life 72 Parça Manyetik Yapı Blokları - Çocuklar için Renkli 3 Boyutlu Karo Oyun Seti Oyuncak Yap-Boz,icone life,FBZHOME,1099.9,1199.9,0,InStock,Son 3 günde 500+ ürün satıldı!,3,500,166.7,4.645833333333333,69,4,28,"[""Kargo Bedava"",""Son 10 Günün En Düşük Fiyatı"",""Peşin Fiyatına 3 Taksit"",""Trendyol Plus'a Özel""]",3 saat 55 dakika içinde sipariş verirsen en geç yarın kargoda!,refreshed,0,https://www.trendyol.com/icone-life/72-parca-manyetik-yapi-bloklari-cocuklar-icin-renkli-3-boyutlu-karo-oyun-seti-oyuncak-yap-boz-p-1165369422?boutiqueId=61&merchantId=517848
cocuk:cocuk-oyuncak,10,46,-2,89,30.1,973845507,744768,973845507:744768,Nandy Home Tavşan Model Karakter Figürü 3D Yapı Oyuncakları,Nandy Home,Nandy Kids,123,135.3,-2,InStock,,,,,4.620592383638928,307,1,55,"[""Son 10 Günün En Düşük Fiyatı"",""Kargo Bedava"",""Son 10 günün en düşük fiyatı""]",Tahmini Teslim:,refreshed,0,https://www.trendyol.com/nandy-home/tavsan-model-karakter-figuru-3d-yapi-oyuncaklari-p-973845507?boutiqueId=61&merchantId=744768
cocuk:genel-cocuk,18,18,21,87.9,34.4,863331605,4227,863331605:4227,Katia & Bony Çocuk 7'li Paket Step Çorap,Katia & Bony,Katia and Bony,161.14,195.9,0,InStock,Son 3 günde 250+ ürün satıldı!,3,250,83.3,4.634563456345634,565,0,51,"[""Sepette %2 İndirim"",""Kargo Bedava"",""Trendyol Plus'a Özel""]",3 saat 54 dakika içinde sipariş verirsen en geç yarın kargoda!,refreshed,0,https://www.trendyol.com/katia-bony/cocuk-7-li-paket-step-corap-p-863331605?boutiqueId=61&merchantId=4227
cocuk:cocuk-kitap,14,827,,87.8,33.6,1051511344,113171,1051511344:113171,Çocuk Akademi Çocuklar İçin İlk 500 İngilizce Kelime,Çocuk Akademi,,214.48,230.02,,InStock,Son 3 günde 250+ ürün satıldı!,3,250,83.3,4.7,,,,"[""Son 10 Günün En Düşük Fiyatı""]",,listing_only,,https://www.trendyol.com/cocuk-akademi/cocuklar-icin-ilk-500-ingilizce-kelime-p-1051511344?boutiqueId=61&merchantId=113171
cocuk:cocuk-oyuncak,5,41,-2,86.3,36.2,1052657989,1281994,1052657989:1281994,TİVENS Peluş Stitch Koala Oyuncak Stich Sürpriz Paket Pelüş Stitch su jewelry collective shine,TİVENS,ıntex toys,275,,38.2,InStock,,,,,3.960591133004926,109,1,,"[""Kargo Bedava""]",Tahmini Teslim:,refreshed,0,https://www.trendyol.com/tivens/pelus-stitch-koala-oyuncak-stich-surpriz-paket-pelus-stitch-su-jewelry-collective-shine-p-1052657989?boutiqueId=61&merchantId=1281994
cocuk:cocuk-kitap,18,831,,86.2,28.3,932108826,113171,932108826:113171,Çocuk Akademi 500+ Sticker Kitabım Evimiz,Çocuk Akademi,,118.74,131.93,,InStock,Son 3 günde 250+ ürün satıldı!,3,250,83.3,4.7,,,,"[""Sepette %10 İndirim""]",,listing_only,,https://www.trendyol.com/cocuk-akademi/500-sticker-kitabim-evimiz-p-932108826?boutiqueId=61&merchantId=113171
cocuk:genel-cocuk,14,14,2,84.8,29.8,749526377,203783,749526377:203783,BGK 5 Çift Dinazor Desenli Çocuk Çorabı,BGK,BGK,189.99,,0,InStock,Son 3 günde 250+ ürün satıldı!,3,250,83.3,4.161144009071438,3824,-7,288,"[""Kargo Bedava""]",3 saat 54 dakika içinde sipariş verirsen en geç yarın kargoda!,refreshed,0,https://www.trendyol.com/bgk/5-cift-dinazor-desenli-cocuk-corabi-p-749526377?boutiqueId=61&merchantId=203783
cocuk:cocuk-kitap,15,828,,82.6,29.5,120342335,126620,120342335:126620,yükselen zeka Konuşturan Kitap Serisi (2-4 Yaş) Yaz-Sil Kitaplar,yükselen zeka,,259.07,,,InStock,Son 3 günde 250+ ürün satıldı!,3,250,83.3,4.8,,,,[],,listing_only,,https://www.trendyol.com/yukselen-zeka/konusturan-kitap-serisi-2-4-yas-yaz-sil-kitaplar-p-120342335?boutiqueId=61&merchantId=126620
cocuk:cocuk-kitap,19,832,,82.3,29.7,936853658,113171,936853658:113171,Çocuk Akademi Çocuklar İçın Hayvan Atlası,Çocuk Akademi,,250.46,278.29,,InStock,Son 3 günde 250+ ürün satıldı!,3,250,83.3,4.7,,,,"[""Sepette %10 İndirim""]",,listing_only,,https://www.trendyol.com/cocuk-akademi/cocuklar-icin-hayvan-atlasi-p-936853658?boutiqueId=61&merchantId=113171
cocuk:cocuk-kitap,25,838,,81.4,25.7,34122189,701468,34122189:701468,Türkiye İş Bankası Kültür Yayınları İş Bankası Kültür Yayınları Sevginin Gücü - Caroline Richards,Türkiye İş Bankası Kültür Yayınları,,55.32,69.15,,InStock,Son 3 günde 250+ ürün satıldı!,3,250,83.3,4.8,,,,[],,listing_only,,https://www.trendyol.com/turkiye-is-bankasi-kultur-yayinlari/is-bankasi-kultur-yayinlari-sevginin-gucu-caroline-richards-p-34122189?boutiqueId=61&merchantId=701468
cocuk:cocuk-kitap,13,826,,80.7,37.4,1106228605,113171,1106228605:113171,Çocuk Akademi Değerler Atlası,Çocuk Akademi,,216.85,219.04,,InStock,Son 3 günde 250+ ürün satıldı!,3,250,83.3,4.6,,,,"[""Son 10 Günün En Düşük Fiyatı""]",,listing_only,,https://www.trendyol.com/cocuk-akademi/degerler-atlasi-p-1106228605?boutiqueId=61&merchantId=113171
cocuk:cocuk-kitap,108,921,,80.4,10.2,893263292,113171,893263292:113171,Çocuk Akademi Doktora Gidiyorum Cırtlı Etkinlik Kitabı,Çocuk Akademi,,113.8,289,,InStock,,,,,4.8,,,,"[""Son 10 Günün En Düşük Fiyatı"",""Süper Fırsat Ürünü""]",,listing_only,,https://www.trendyol.com/cocuk-akademi/doktora-gidiyorum-cirtli-etkinlik-kitabi-p-893263292?boutiqueId=61&merchantId=113171
cocuk:genel-cocuk,12,12,0,79.7,39.8,94554107,1188,94554107:1188,Defacto 5'li Pamuklu Çizgili Patik Çorap Erkek Çocuk N1919A6NS,Defacto,DeFacto,249.99,,0,InStock,Son 3 günde 250+ ürün satıldı!,3,250,83.3,4.655581947743468,279,0,21,"[""Sepette %50 İndirim"",""Süper Fırsat Ürünü"",""Trendyol Plus'a Özel""]",Tahmini Teslim:,refreshed,0,https://www.trendyol.com/defacto/5-li-pamuklu-cizgili-patik-corap-erkek-cocuk-n1919a6ns-p-94554107?boutiqueId=61&merchantId=1188
cocuk:cocuk-oyuncak,15,51,-5,79.4,19.1,790178927,126620,790178927:126620,yükselen zeka İlk Magnet Puzzle Bebek (12-36 Ay),yükselen zeka,YÜKSELEN ZEKA,216,218.18,-39.8,InStock,,,,,4.665398033618776,3591,0,,"[""Son 10 Günün En Düşük Fiyatı"",""Kargo Bedava"",""Son 10 günün en düşük fiyatı""]",Tahmini Teslim:,refreshed,0,https://www.trendyol.com/yukselen-zeka/ilk-magnet-puzzle-bebek-12-36-ay-p-790178927?boutiqueId=61&merchantId=126620
cocuk:genel-cocuk,15,15,-9,79.3,32.7,1010359257,357212,1010359257:357212,Go Toys Go Magnetic Series 2 Adet Araba Eklentisi Manyetik Oyuncak - Mıknatıslı Manyetik Bloklar,Go Toys,Shopist,385,,0,InStock,Son 3 günde 250+ ürün satıldı!,3,250,83.3,4.3165514972030286,1402,7,170,"[""Sepette %30 İndirim"",""Kargo Bedava""]",3 saat 54 dakika içinde sipariş verirsen en geç yarın kargoda!,refreshed,0,https://www.trendyol.com/go-toys/go-magnetic-series-2-adet-araba-eklentisi-manyetik-oyuncak-miknatisli-manyetik-bloklar-p-1010359257?boutiqueId=61&merchantId=357212
cocuk:genel-cocuk,9,9,16,78.3,63.3,1185542611,1048417,1185542611:1048417,potasyum 72 Parça Manyetik Yapı Blokları - Çocuklar için Renkli 3 Boyutlu Karo Oyun Seti Oyuncak Yap-Boz,potasyum,KÜRE EKSPRES,1399,,27.3,InStock,Son 3 günde 500+ ürün satıldı!,3,500,166.7,4.769230769230769,9,0,19,"[""Sepette %3 İndirim"",""Kargo Bedava"",""Peşin Fiyatına 3 Taksit"",""Trendyol Plus'a Özel""]",Tahmini Teslim:,refreshed,0,https://www.trendyol.com/potasyum/72-parca-manyetik-yapi-bloklari-cocuklar-icin-renkli-3-boyutlu-karo-oyun-seti-oyuncak-yap-boz-p-1185542611?boutiqueId=61&merchantId=1048417
cocuk:cocuk-oyuncak,8,44,3,76.9,38.1,1173041569,1098495,1173041569:1098495,Pudaier Çin mantısı simli XL boy,Pudaier,Berione,199,,-33.4,InStock,,,,,2.983050847457627,40,0,,"[""Kargo Bedava""]",3 saat 54 dakika içinde sipariş verirsen en geç yarın kargoda!,refreshed,0,https://www.trendyol.com/pudaier/cin-mantisi-simli-xl-boy-p-1173041569?boutiqueId=61&merchantId=1098495
cocuk:genel-cocuk,17,17,4,76.8,30.3,894860281,126620,894860281:126620,yükselen zeka İlk Pofidik Magnet Puzzle - Çiftlik Hayvanları,yükselen zeka,YÜKSELEN ZEKA,399,,0,InStock,Son 3 günde 250+ ürün satıldı!,3,250,83.3,4.685267857142857,2127,4,120,"[""Sepette %25 İndirim"",""Süper Fırsat Ürünü"",""Kargo Bedava""]",Tahmini Teslim:,refreshed,0,https://www.trendyol.com/yukselen-zeka/ilk-pofidik-magnet-puzzle-ciftlik-hayvanlari-p-894860281?boutiqueId=61&merchantId=126620
cocuk:cocuk-kitap,85,898,,76.5,3.3,415738643,113171,415738643:113171,Çocuk Akademi Okul Öncesi Matematik Alıştırmaları,Çocuk Akademi,,64.7,129,,InStock,,,,,4.8,,,,"[""Son 10 Günün En Düşük Fiyatı"",""Süper Fırsat Ürünü""]",,listing_only,,https://www.trendyol.com/cocuk-akademi/okul-oncesi-matematik-alistirmalari-p-415738643?boutiqueId=61&merchantId=113171
cocuk:genel-cocuk,27,27,28,75.8,30.4,862425400,1072118,862425400:1072118,PHİLOPHOBİA 10 Adet RENKLİ Yıldız Cıt Cıt Toka,PHİLOPHOBİA,DGN TAKIKOZMETİK,75,99,0,InStock,Son 3 günde 250+ ürün satıldı!,3,250,83.3,4.219849246231156,483,1,146,"[""20 TL Kupon"",""Son 10 Günün En Düşük Fiyatı"",""Süper Fırsat Ürünü"",""Kargo Bedava"",""Son 10 günün en düşük fiyatı""]",3 saat 54 dakika içinde sipariş verirsen en geç yarın kargoda!,refreshed,0,https://www.trendyol.com/philophobia/10-adet-renkli-yildiz-cit-cit-toka-p-862425400?boutiqueId=61&merchantId=1072118
cocuk:cocuk-oyuncak,9,45,7,75.7,36.8,1157415951,1048417,1157415951:1048417,ADİL OYUNCAK 2 Adet Araba Eklentisi Manyetik Oyuncak - Mıknatıslı Manyetik Bloklar,ADİL OYUNCAK,KÜRE EKSPRES,289,,0,InStock,,,,,4.483516483516484,50,1,18,"[""Sepette %3 İndirim"",""Kargo Bedava""]",3 saat 54 dakika içinde sipariş verirsen en geç yarın kargoda!,refreshed,0,https://www.trendyol.com/adil-oyuncak/2-adet-araba-eklentisi-manyetik-oyuncak-miknatisli-manyetik-bloklar-p-1157415951?boutiqueId=61&merchantId=1048417
cocuk:cocuk-oyuncak,17,53,-16,74.8,17.7,6877586,109486,6877586:109486,Furkan Toys Cool Wheels Twist Led Işıklı 3 Tekerlekli Yükseklik Ayarlı PEMBE Scooter,Furkan Toys,Oyuncak Paketim,889.36,,0,InStock,,,,,4.607147431791981,3943,2,,"[""Kargo Bedava"",""Sepette %3 İndirim"",""Sepette %20 İndirim"",""Son 10 Günün En Düşük Fiyatı"",""Trendyol Plus'a Özel""]",Tahmini Teslim:,refreshed,0,https://www.trendyol.com/furkan-toys/cool-wheels-twist-led-isikli-3-tekerlekli-yukseklik-ayarli-pembe-scooter-p-6877586?boutiqueId=61&merchantId=109486
cocuk:genel-cocuk,20,20,7,74.7,25.4,876839630,1047741,876839630:1047741,Magly Manyetik Yapı Blokları – Çocuklar İçin Renkli 3 Boyutlu 72 Parça Manyetik Karo Oyun Seti,Magly,Magly,2745,,0,InStock,Son 3 günde 250+ ürün satıldı!,3,250,83.3,4.722016427766146,6528,5,883,"[""Sepette %20 İndirim"",""Kargo Bedava"",""Peşin Fiyatına 3 Taksit""]",3 saat 54 dakika içinde sipariş verirsen en geç yarın kargoda!,refreshed,0,https://www.trendyol.com/magly/manyetik-yapi-bloklari-cocuklar-icin-renkli-3-boyutlu-72-parca-manyetik-karo-oyun-seti-p-876839630?boutiqueId=61&merchantId=1047741
cocuk:cocuk-oyuncak,14,50,3,73.9,26.1,757437741,717818,757437741:717818,Sekk O Sevgiliye Özel Hediyelik Çilek Tavşan Peluş Oyuncak 35 Cm Özel Tasarım-fermuarlı Yapısıyla,Sekk O,Sekk O,349.84,,0,InStock,,,,,4.35,539,0,,"[""Kargo Bedava""]",Tahmini Teslim:,refreshed,0,https://www.trendyol.com/sekk-o/sevgiliye-ozel-hediyelik-cilek-tavsan-pelus-oyuncak-35-cm-ozel-tasarim-fermuarli-yapisiyla-p-757437741?boutiqueId=61&merchantId=717818
cocuk:cocuk-oyuncak,302,338,-115,72.6,8.5,655324356,200893,655324356:200893,LEGO ® Creator Uzay Mekiği 31134 - 6+ Çocuklar için Yaratıcı Oyuncak Yapım Seti (144P),LEGO,Trendyol,489,999,,InStock,,,,,4.8,482,-1,8,"[""Kargo Bedava"",""Son 10 Günün En Düşük Fiyatı""]",7 saat 49 dakika içinde sipariş verirsen en geç bugün kargoda!,carried_forward,0,https://www.trendyol.com/lego/creator-uzay-mekigi-31134-6-cocuklar-icin-yaratici-oyuncak-yapim-seti-144p-p-655324356?boutiqueId=61&merchantId=200893
cocuk:cocuk-oyuncak,13,49,-9,72.3,30.2,945760388,109643,945760388:109643,Genel Markalar 1 Adet Mini Kedi Patisi-Yapışabilen Sukuşi - Squishy Pati- Muhteşem Hisli Pati -3 cm Stres Oyuncak,Genel Markalar,Rüya Gezegeni,34,,0,InStock,,,,,3.8883720930232557,193,0,,"[""10 TL Kupon"",""Kargo Bedava""]",Tahmini Teslim:,refreshed,0,https://www.trendyol.com/genel-markalar/1-adet-mini-kedi-patisi-yapisabilen-sukusi-squishy-pati-muhtesem-hisli-pati-3-cm-stres-oyuncak-p-945760388?boutiqueId=61&merchantId=109643
cocuk:genel-cocuk,16,16,8,72.2,37.4,853993145,1126737,853993145:1126737,Genel Markalar ÇOCUK UNİSEX BEYAZ OKUL LAKOSU UZUN KOLLU C16,Genel Markalar,BEFS STORE,199.99,,,InStock,Son 3 günde 250+ ürün satıldı!,3,250,83.3,4.074652777777778,317,1,85,"[""Sepette %1 İndirim"",""Kargo Bedava""]",3 saat 54 dakika içinde sipariş verirsen en geç yarın kargoda!,refreshed,0,https://www.trendyol.com/genel-markalar/cocuk-unisex-beyaz-okul-lakosu-uzun-kollu-c16-p-853993145?boutiqueId=61&merchantId=1126737
cocuk:cocuk-kitap,23,836,,71.7,25.2,941353488,127712,941353488:127712,Dikkat Atölyesi Yayınları Harfleri ve Sayıları Yazmayı Kolayca Öğreten Kitap | Sihirli Uçan Kalemli Oluklu (kabartmalı) Kitap,Dikkat Atölyesi Yayınları,,432.86,455,,InStock,Son 3 günde 250+ ürün satıldı!,3,250,83.3,4.6,,,,"[""Kargo Bedava"",""Son 10 Günün En Düşük Fiyatı""]",,listing_only,,https://www.trendyol.com/dikkat-atolyesi-yayinlari/harfleri-ve-sayilari-yazmayi-kolayca-ogreten-kitap-sihirli-ucan-kalemli-oluklu-kabartmali-kitap-p-941353488?boutiqueId=61&merchantId=127712
cocuk:cocuk-kitap,20,833,,71.5,28.1,882046361,113171,882046361:113171,Çocuk Akademi Tuvalete Gidiyorum Cırt Cırtlı Aktivite Etkinlik Kitabı,Çocuk Akademi,,160.04,,,InStock,Son 3 günde 250+ ürün satıldı!,3,250,83.3,4.6,,,,[],,listing_only,,https://www.trendyol.com/cocuk-akademi/tuvalete-gidiyorum-cirt-cirtli-aktivite-etkinlik-kitabi-p-882046361?boutiqueId=61&merchantId=113171
cocuk:cocuk-kitap,50,863,,70.6,15.7,1083436516,113171,1083436516:113171,Çocuk Akademi Gökyüzüne Dokunan Kız Nora,Çocuk Akademi,,56.38,129,,InStock,,,,,4.6,,,,"[""Son 10 Günün En Düşük Fiyatı"",""Süper Fırsat Ürünü""]",,listing_only,,https://www.trendyol.com/cocuk-akademi/gokyuzune-dokunan-kiz-nora-p-1083436516?boutiqueId=61&merchantId=113171
cocuk:genel-cocuk,29,29,31,70.5,30.8,968596595,4227,968596595:4227,Katia & Bony Çocuk 10'lu Karışık Sürpriz Paket Step Çorap,Katia & Bony,Katia and Bony,148.43,195.9,0,InStock,Son 3 günde 250+ ürün satıldı!,3,250,83.3,3.8026819923371646,330,0,29,"[""Sepette %2 İndirim"",""Kargo Bedava"",""Trendyol Plus'a Özel""]",3 saat 54 dakika içinde sipariş verirsen en geç yarın kargoda!,refreshed,0,https://www.trendyol.com/katia-bony/cocuk-10-lu-karisik-surpriz-paket-step-corap-p-968596595?boutiqueId=61&merchantId=4227
cocuk:cocuk-oyuncak,16,52,-4,68.4,26.6,1055996545,1179105,1055996545:1179105,BubbyPlay Ayıcık Geometrik Şekil Oyuncak,BubbyPlay,Nevline,138,,2.2,InStock,,,,,4.524813895781637,354,0,,"[""Kargo Bedava""]",Tahmini Teslim:,refreshed,0,https://www.trendyol.com/bubbyplay/ayicik-geometrik-sekil-oyuncak-p-1055996545?boutiqueId=61&merchantId=1179105
cocuk:cocuk-kitap,22,835,,67.9,26.6,922768784,113171,922768784:113171,Çocuk Akademi Ce-Eee Ben Kimim?,Çocuk Akademi,,160.25,,,InStock,Son 3 günde 250+ ürün satıldı!,3,250,83.3,4.8,,,,[],,listing_only,,https://www.trendyol.com/cocuk-akademi/ce-eee-ben-kimim-p-922768784?boutiqueId=61&merchantId=113171
cocuk:genel-cocuk,13,13,20,66.8,50.3,1100364714,4227,1100364714:4227,Katia & Bony Kız Çocuk Kedi Desenli Mus Dizaltı Çorap Beyaz,Katia &,Katia and Bony,190.04,,0,InStock,Son 3 günde 250+ ürün satıldı!,3,250,83.3,3.892857142857143,11,1,4,"[""Sepette %2 İndirim"",""Kargo Bedava"",""Trendyol Plus'a Özel""]",3 saat 54 dakika içinde sipariş verirsen en geç yarın kargoda!,refreshed,0,https://www.trendyol.com/katia-bony/kiz-cocuk-kedi-desenli-mus-dizalti-corap-beyaz-p-1100364714?boutiqueId=61&merchantId=4227
cocuk:cocuk-oyuncak,422,458,,65.9,0,196085904,108518,196085904:108518,"ThinkMaster Memory Chess - Zeka Oyunu, Renklerle Hafıza Ve Zihin Geliştirme Satrancı Eğitici Oyuncak",ThinkMaster,,199.25,299,,InStock,,,,,4.6,,,,[],,listing_only,,https://www.trendyol.com/thinkmaster/memory-chess-zeka-oyunu-renklerle-hafiza-ve-zihin-gelistirme-satranci-egitici-oyuncak-p-196085904?boutiqueId=61&merchantId=108518
cocuk:genel-cocuk,22,22,0,65.8,28.8,87502008,176850,87502008:176850,Genel Markalar Bit Spreyi Ve Şampuan Tarak Set,Genel Markalar,EliteSepet,170,,0,InStock,Son 3 günde 250+ ürün satıldı!,3,250,83.3,4.436120789779327,1584,1,939,"[""Sepette %5 İndirim"",""Kargo Bedava"",""Trendyol Plus'a Özel""]",3 saat 54 dakika içinde sipariş verirsen en geç yarın kargoda!,refreshed,0,https://www.trendyol.com/genel-markalar/bit-spreyi-ve-sampuan-tarak-set-p-87502008?boutiqueId=61&merchantId=176850
cocuk:cocuk-kitap,28,841,,65,11,445943018,113171,445943018:113171,Çocuk Akademi 5 Yaş Etkinlik Seti,Çocuk Akademi,,151.2,168,,InStock,,,,,4.8,,,,"[""Sepette %10 İndirim""]",,listing_only,,https://www.trendyol.com/cocuk-akademi/5-yas-etkinlik-seti-p-445943018?boutiqueId=61&merchantId=113171
cocuk:cocuk-oyuncak,11,47,26,64.8,42.7,1189150785,392,1189150785:392,baby toys Bin Git İlk Arabam,baby toys,ebebek,695.49,,0,InStock,,,,,4,6,0,11,"[""Kargo Bedava""]",Tahmini Teslim:,refreshed,0,https://www.trendyol.com/baby-toys/bin-git-ilk-arabam-p-1189150785?boutiqueId=61&merchantId=392
cocuk:cocuk-oyuncak,454,490,,64.7,15.3,936654069,1127283,936654069:1127283,"MAGNEBLOCKS Minecraft Manyetik Yapı Blokları, 3 Boyutlu Mıknatıslı Oyuncak Küpler, Eğitici Oyuncak, 64 Parça",MAGNEBLOCKS,,999.5,1999,,InStock,,,,,4.5,,,,"[""Sepette %50 İndirim"",""Kargo Bedava""]",,listing_only,,https://www.trendyol.com/magneblocks/minecraft-manyetik-yapi-bloklari-3-boyutlu-miknatisli-oyuncak-kupler-egitici-oyuncak-64-parca-p-936654069?boutiqueId=61&merchantId=1127283
cocuk:cocuk-kitap,21,834,,62.6,43.1,1185544833,113171,1185544833:113171,Çocuk Akademi 999 İlginç Kelime,Çocuk Akademi,,384.23,420.56,,InStock,Son 3 günde 250+ ürün satıldı!,3,250,83.3,4.7,,,,"[""Kargo Bedava"",""Son 10 Günün En Düşük Fiyatı""]",,listing_only,,https://www.trendyol.com/cocuk-akademi/999-ilginc-kelime-p-1185544833?boutiqueId=61&merchantId=113171
cocuk:genel-cocuk,23,23,-13,62.5,29.5,977371,408958,977371:408958,Hasbro 4 Renk 448gr Oyun Hamuru - 1 Adet,Hasbro,hepeğitim,114.04,,-12.7,InStock,Son 3 günde 250+ ürün satıldı!,3,250,83.3,4.669597408607126,1110,-3,296,"[""Kargo Bedava""]",3 saat 54 dakika içinde sipariş verirsen en geç yarın kargoda!,refreshed,0,https://www.trendyol.com/hasbro/4-renk-448gr-oyun-hamuru-1-adet-p-977371?boutiqueId=61&merchantId=408958
cocuk:genel-cocuk,19,19,26,62.1,40,756571729,4442,756571729:4442,Penti Kız Çocuk White Ribbon Pantolon Çorabı,Penti,Penti,149.99,,0,InStock,Son 3 günde 250+ ürün satıldı!,3,250,83.3,4.621301775147928,97,-1,5,"[""Sepette %40 İndirim"",""Kargo Bedava""]",Tahmini Teslim:,refreshed,0,https://www.trendyol.com/penti/kiz-cocuk-white-ribbon-pantolon-corabi-p-756571729?boutiqueId=61&merchantId=4442
cocuk:genel-cocuk,24,24,13,62,27.6,127941079,916075,127941079:916075,Tutku Renkli Erkek Çocuk Boxer 6 Lı Paket,Tutku,TUTKU ELİT,390.31,,0,InStock,Son 3 günde 250+ ürün satıldı!,3,250,83.3,4.537939179214645,1704,2,552,"[""Kargo Bedava""]",3 saat 54 dakika içinde sipariş verirsen en geç yarın kargoda!,refreshed,0,https://www.trendyol.com/tutku/renkli-erkek-cocuk-boxer-6-li-paket-p-127941079?boutiqueId=61&merchantId=916075
cocuk:cocuk-oyuncak,18,54,-16,62,28,1134330771,357212,1134330771:357212,Go Toys Go Magnetic Series 26 Parça Yapı Tasarım Eklentisi - Mıknatıslı Manyetik Bloklar,Go Toys,Shopist,995,,0,InStock,,,,,3.964071856287425,178,2,35,"[""Sepette %30 İndirim"",""Kargo Bedava""]",3 saat 53 dakika içinde sipariş verirsen en geç yarın kargoda!,refreshed,0,https://www.trendyol.com/go-toys/go-magnetic-series-26-parca-yapi-tasarim-eklentisi-miknatisli-manyetik-bloklar-p-1134330771?boutiqueId=61&merchantId=357212
cocuk:cocuk-oyuncak,20,56,-15,61.7,29.5,1108810016,1230100,1108810016:1230100,PAKİTO Blok Boru 72 Parça | Puzzle Renkli Eğitici Birleştirme Oyuncak Seti,PAKİTO,LUMO STORE,187.57,199.95,0,InStock,,,,,4.711656441717792,86,0,10,"[""Son 10 Günün En Düşük Fiyatı"",""Sepette %30 İndirim"",""179,40 TL Kupon"",""185,57 TL Kupon"",""Kargo Bedava"",""Son 10 günün en düşük fiyatı"",""Trendyol Plus'a Özel""]",Tahmini Teslim:,refreshed,0,https://www.trendyol.com/pakito/blok-boru-72-parca-puzzle-renkli-egitici-birlestirme-oyuncak-seti-p-1108810016?boutiqueId=61&merchantId=1230100
cocuk:cocuk-kitap,26,839,,61.4,23.2,827148491,126620,827148491:126620,yükselen zeka 9-18 Ay İlk Cırt Cırtlı - Keçeli Etkinlik Kitabım,yükselen zeka,,348.79,,,InStock,Son 3 günde 250+ ürün satıldı!,3,250,83.3,4.8,,,,[],,listing_only,,https://www.trendyol.com/yukselen-zeka/9-18-ay-ilk-cirt-cirtli-keceli-etkinlik-kitabim-p-827148491?boutiqueId=61&merchantId=126620
cocuk:cocuk-oyuncak,602,638,,61.3,13.7,941707562,328759,941707562:328759,MR.Frenks Çocuk Sevimli Tavşan Uyku&Oyun Arkadaşı Peluş Yastık Bej 45 cm,MR.Frenks Çocuk,,549.99,999.99,,InStock,,,,,4.6,,,,"[""Kargo Bedava"",""Süper Fırsat Ürünü""]",,listing_only,,https://www.trendyol.com/mr-frenks/cocuk-sevimli-tavsan-uyku-oyun-arkadasi-pelus-yastik-bej-45-cm-p-941707562?boutiqueId=61&merchantId=328759
cocuk:cocuk-kitap,24,837,,60.7,28.9,120342341,126620,120342341:126620,yükselen zeka Mucit Karınca Konuşturan Masallar Serisi (müzik Destekli),yükselen zeka,,287.35,,,InStock,Son 3 günde 250+ ürün satıldı!,3,250,83.3,4.6,,,,[],,listing_only,,https://www.trendyol.com/yukselen-zeka/mucit-karinca-konusturan-masallar-serisi-muzik-destekli-p-120342341?boutiqueId=61&merchantId=126620
cocuk:genel-cocuk,32,32,-1,60.3,28.6,865012428,4227,865012428:4227,Katia & Bony Kız Çocuk 7'li Renkli Step Çorap,Katia & Bony,Katia and Bony,158.1,195.9,0,InStock,Son 3 günde 250+ ürün satıldı!,3,250,83.3,4.620334620334621,404,1,38,"[""Sepette %2 İndirim"",""Kargo Bedava"",""Trendyol Plus'a Özel""]",3 saat 54 dakika içinde sipariş verirsen en geç yarın kargoda!,refreshed,0,https://www.trendyol.com/katia-bony/kiz-cocuk-7-li-renkli-step-corap-p-865012428?boutiqueId=61&merchantId=4227
cocuk:cocuk-oyuncak,19,55,-15,60.3,27.2,1103532328,137544,1103532328:137544,Kitchen Beauty Çocuklar İçin Silinebilir Çizim Defteri 6 Adet Kalem Hediyeli - Bebekler İçin Aktivite Oyuncak Seti,Kitchen Beauty,Eymen Ticaret,199.99,,0,InStock,,,,,4.14043583535109,194,0,75,"[""Kargo Bedava""]",3 saat 53 dakika içinde sipariş verirsen en geç yarın kargoda!,refreshed,0,https://www.trendyol.com/kitchen-beauty/cocuklar-icin-silinebilir-cizim-defteri-6-adet-kalem-hediyeli-bebekler-icin-aktivite-oyuncak-seti-p-1103532328?boutiqueId=61&merchantId=137544
cocuk:cocuk-oyuncak,604,640,,59.8,7.2,195238511,126620,195238511:126620,yükselen zeka Zeka Kutusu – Konuşmayı Ve Dikkati Geliştiren Oyuncak (4-6 Yaş),yükselen zeka,,263.97,419,,InStock,,,,,4.7,,,,"[""Süper Fırsat Ürünü""]",,listing_only,,https://www.trendyol.com/yukselen-zeka/zeka-kutusu-konusmayi-ve-dikkati-gelistiren-oyuncak-4-6-yas-p-195238511?boutiqueId=61&merchantId=126620
cocuk:cocuk-oyuncak,693,729,,59.8,20.2,1177673752,1127283,1177673752:1127283,"MAGNEBLOCKS Minecraft Manyetik Yapı Blokları, 3 Boyutlu Mıknatıslı Oyuncak Küpler, 64 Parça, 2 Karakter Hediyeli",MAGNEBLOCKS,,999.5,1999,,InStock,,,,,4.8,,,,"[""Sepette %50 İndirim"",""Kargo Bedava""]",,listing_only,,https://www.trendyol.com/magneblocks/minecraft-manyetik-yapi-bloklari-3-boyutlu-miknatisli-oyuncak-kupler-64-parca-2-karakter-hediyeli-p-1177673752?boutiqueId=61&merchantId=1127283
cocuk:cocuk-kitap,37,850,,59.5,9.3,902122011,113171,902122011:113171,Çocuk Akademi 500 Sticker Kitabım Taşıtlar,Çocuk Akademi,,131.53,178.57,,InStock,,,,,4.7,,,,"[""Son 10 Günün En Düşük Fiyatı"",""Süper Fırsat Ürünü""]",,listing_only,,https://www.trendyol.com/cocuk-akademi/500-sticker-kitabim-tasitlar-p-902122011?boutiqueId=61&merchantId=113171
cocuk:genel-cocuk,21,21,-2,59.1,38,1142311061,1048417,1142311061:1048417,ADİL OYUNCAK 72 Parça Manyetik Yapı Blokları | Montessori Eğitici Oyuncak | 3D Mıknatıslı Blok Seti,ADİL OYUNCAK,KÜRE EKSPRES,1399,,9.4,InStock,Son 3 günde 250+ ürün satıldı!,3,250,83.3,4.183035714285714,129,3,75,"[""Sepette %3 İndirim"",""Kargo Bedava"",""Peşin Fiyatına 3 Taksit""]",Tahmini Teslim:,refreshed,0,https://www.trendyol.com/adil-oyuncak/72-parca-manyetik-yapi-bloklari-montessori-egitici-oyuncak-3d-miknatisli-blok-seti-p-1142311061?boutiqueId=61&merchantId=1048417
cocuk:cocuk-oyuncak,324,360,,59.1,9.9,44448385,1257854,44448385:1257854,Genel Markalar Eğitici Ahşap Ksilofon 8 Nota 8 Ton 8 Tuşlu Sesli Selefon Oyuncak 25x13 cm,Genel Markalar,,179.37,294,,InStock,,,,,4.4,,,,"[""Son 10 Günün En Düşük Fiyatı"",""Süper Fırsat Ürünü""]",,listing_only,,https://www.trendyol.com/genel-markalar/egitici-ahsap-ksilofon-8-nota-8-ton-8-tuslu-sesli-selefon-oyuncak-25x13-cm-p-44448385?boutiqueId=61&merchantId=1257854
cocuk:cocuk-oyuncak,21,57,-12,58.9,23.6,971161885,1127325,971161885:1127325,Circle Toys Eğitici Ahşap Ksilofon – 8 Tonlu Renkli Müzik Oyuncağı,Circle Toys,Circle Toys,190.66,,-49.1,InStock,,,,,4.370414201183432,407,0,31,"[""Kargo Bedava""]",Tahmini Teslim:,refreshed,0,https://www.trendyol.com/circle-toys/egitici-ahsap-ksilofon-8-tonlu-renkli-muzik-oyuncagi-p-971161885?boutiqueId=61&merchantId=1127325
cocuk:cocuk-kitap,156,969,,58.6,7.2,712545393,113171,712545393:113171,Çocuk Akademi Leyla Koş Tuvalete,Çocuk Akademi,,82.83,129,,InStock,,,,,4.6,,,,"[""Son 10 Günün En Düşük Fiyatı"",""Süper Fırsat Ürünü""]",,listing_only,,https://www.trendyol.com/cocuk-akademi/leyla-kos-tuvalete-p-712545393?boutiqueId=61&merchantId=113171
cocuk:cocuk-kitap,73,886,,58.4,12.6,1083426608,113171,1083426608:113171,Çocuk Akademi Hayalimdeki Kaydırak,Çocuk Akademi,,76.15,129,,InStock,,,,,4.8,,,,"[""Son 10 Günün En Düşük Fiyatı"",""Süper Fırsat Ürünü""]",,listing_only,,https://www.trendyol.com/cocuk-akademi/hayalimdeki-kaydirak-p-1083426608?boutiqueId=61&merchantId=113171
cocuk:cocuk-oyuncak,356,392,,57.8,15.7,343333333,1143891,343333333:1143891,IKEA Fabler Peluş Ayıcık Oyuncak,IKEA,,195,345,,InStock,,,,,4.7,,,,"[""Son 10 Günün En Düşük Fiyatı"",""Süper Fırsat Ürünü""]",,listing_only,,https://www.trendyol.com/ikea/fabler-pelus-ayicik-oyuncak-p-343333333?boutiqueId=61&merchantId=1143891
cocuk:genel-cocuk,26,26,4,57.6,27,118475282,611562,118475282:611562,Dragora Erkek Ribana Bel Canvas Okul Pantolonu SİYAH (BİR BÜYÜK BEDEN ALINMASI TAVSİYE EDİLİR),Dragora,FERRY BUTİK,320,,-1.8,InStock,Son 3 günde 250+ ürün satıldı!,3,250,83.3,4.383100608664517,1494,-1,860,"[""Sepette %5 İndirim"",""Kargo Bedava""]",Tahmini Teslim:,refreshed,0,https://www.trendyol.com/dragora/erkek-ribana-bel-canvas-okul-pantolonu-siyah-bir-buyuk-beden-alinmasi-tavsiye-edilir-p-118475282?boutiqueId=61&merchantId=611562
cocuk:cocuk-kitap,31,844,,56.8,25.6,1179119243,113171,1179119243:113171,Çocuk Akademi Oluklu(Kabartmalı) Sihirli Uçan Kalemli Harfler Kitabı,Çocuk Akademi,,246.93,329,,InStock,,,,,4.6,,,,"[""Son 10 Günün En Düşük Fiyatı"",""Süper Fırsat Ürünü""]",,listing_only,,https://www.trendyol.com/cocuk-akademi/oluklu-kabartmali-sihirli-ucan-kalemli-harfler-kitabi-p-1179119243?boutiqueId=61&merchantId=113171
cocuk:genel-cocuk,25,25,-5,56.5,30.6,45297437,107400,45297437:107400,Cambridge Polo Club Wia Termoslu Beslenme Çantası Siyah (1),Cambridge Polo Club,CambridgePoloClub,249,,0,InStock,Son 3 günde 250+ ürün satıldı!,3,250,83.3,4.589359933499584,610,-7,86,"[""Sepette %40 İndirim"",""50 TL Kupon"",""Kargo Bedava"",""Son 10 Günün En Düşük Fiyatı""]",3 saat 54 dakika içinde sipariş verirsen en geç yarın kargoda!,refreshed,0,https://www.trendyol.com/cambridge-polo-club/wia-termoslu-beslenme-cantasi-siyah-1-p-45297437?boutiqueId=61&merchantId=107400
cocuk:cocuk-oyuncak,678,714,,56.2,3.8,888587654,4354,888587654:4354,Triathlon T212-K Katlanabilir LED Işıklı Scooter | Ayarlanabilir Yükseklik | Arka Fren | 3 Tekerlek | 3+ Yaş,Triathlon,,895.3,1279,,InStock,,,,,3.9,,,,"[""Sepette %30 İndirim"",""Kargo Bedava""]",,listing_only,,https://www.trendyol.com/triathlon/t212-k-katlanabilir-led-isikli-scooter-ayarlanabilir-yukseklik-arka-fren-3-tekerlek-3-yas-p-888587654?boutiqueId=61&merchantId=4354
cocuk:cocuk-oyuncak,67,103,36,56,7.4,897032829,831261,897032829:831261,Genel Markalar Ritoys Ben Kimim? Ben Neyim? (What Am I?) Kutu Oyunu,Genel Markalar,Alay Ticaret,133.1,199.9,0,InStock,,,,,4.487747035573123,660,0,,"[""Son 10 Günün En Düşük Fiyatı"",""Süper Fırsat Ürünü"",""Sepette %3 İndirim"",""Sepette %30 İndirim"",""Sepette %20 İndirim"",""Kargo Bedava"",""Son 10 günün en düşük fiyatı"",""Trendyol Plus'a Özel""]",Tahmini Teslim:,refreshed,0,https://www.trendyol.com/genel-markalar/ritoys-ben-kimim-ben-neyim-what-am-i-kutu-oyunu-p-897032829?boutiqueId=61&merchantId=831261
cocuk:cocuk-oyuncak,28,64,-11,55.9,11,756100197,357212,756100197:357212,Go Toys Kurbağa Denge Ebeveyn Çocuk Etkileşimi Oyunu Eğitici Oyuncak Kutu Oyunu,Go Toys,Shopist,199,,0,InStock,,,,,4.628562296915783,9607,-4,,"[""Sepette %30 İndirim"",""Kargo Bedava""]",Tahmini Teslim:,refreshed,0,https://www.trendyol.com/go-toys/kurbaga-denge-ebeveyn-cocuk-etkilesimi-oyunu-egitici-oyuncak-kutu-oyunu-p-756100197?boutiqueId=61&merchantId=357212
cocuk:cocuk-oyuncak,748,784,,55.7,4.3,894539849,357212,894539849:357212,Go Toys Magnetic Dots - Steam Manyetik Kodlama Tableti Ekransız Oyun Aktivitesi Manyetik Yapı Blokları,Go Toys,,559.3,799,,InStock,,,,,3.9,,,,"[""Sepette %30 İndirim"",""Kargo Bedava""]",,listing_only,,https://www.trendyol.com/go-toys/magnetic-dots-steam-manyetik-kodlama-tableti-ekransiz-oyun-aktivitesi-manyetik-yapi-bloklari-p-894539849?boutiqueId=61&merchantId=357212
cocuk:cocuk-oyuncak,156,192,-51,55.3,9.3,43760183,158005,43760183:158005,Solo Test Zeka Oyunu Oyuncağı,Solo,COŞKUN AVM,32.71,49.98,0,InStock,,,,,4.173497267759563,389,-1,,"[""Son 10 Günün En Düşük Fiyatı"",""Kargo Bedava"",""Son 10 günün en düşük fiyatı""]",Tahmini Teslim:,refreshed,0,https://www.trendyol.com/solo/test-zeka-oyunu-oyuncagi-p-43760183?boutiqueId=61&merchantId=158005
cocuk:cocuk-oyuncak,271,307,,55,5,808555199,357212,808555199:357212,Go Toys Monster Xox Strateji Zeka Oyunu Kutu Oyunu,Go Toys,Shopist,132.3,189,,InStock,,,,,4.6,1324,,33,"[""Sepette %30 İndirim""]",14 saat 49 dakika içinde sipariş verirsen en geç yarın kargoda!,carried_forward,0,https://www.trendyol.com/go-toys/monster-xox-strateji-zeka-oyunu-kutu-oyunu-p-808555199?boutiqueId=61&merchantId=357212
cocuk:cocuk-oyuncak,315,351,-186,54.4,5.6,660744067,357212,660744067:357212,Go Toys Wall Game Duvar Denge Oyunu Egitici Kutu Oyunu,Go Toys,Shopist,196,280,21.7,InStock,,,,,4.3,1115,0,27,"[""Sepette %30 İndirim""]",Tahmini Teslim:,carried_forward,23,https://www.trendyol.com/go-toys/wall-game-duvar-denge-oyunu-egitici-kutu-oyunu-p-660744067?boutiqueId=61&merchantId=357212
cocuk:cocuk-oyuncak,22,58,-19,54.2,25.8,941912296,107242,941912296:107242,Elele Potenza 4in1 Ebeveyn Kontrollü 5 Tekerlekli Çocuk Scooter Işıklı Oturaklı Kahverengi,Elele,Elelebaby,4927,,0,InStock,,,,,4.646630236794171,185,2,252,"[""Kargo Bedava"",""Peşin Fiyatına 3 Taksit""]",Tahmini Teslim:,refreshed,0,https://www.trendyol.com/elele/potenza-4in1-ebeveyn-kontrollu-5-tekerlekli-cocuk-scooter-isikli-oturakli-kahverengi-p-941912296?boutiqueId=61&merchantId=107242
cocuk:cocuk-oyuncak,465,501,,54.2,5.8,411370743,357212,411370743:357212,Go Toys Kar Tanesi Eğitici Yaratıcı Molekül Stem Eğitimi Uyumlu 5 Renk 120 Parça Eğitici Oyuncak,Go Toys,,209.3,299,,InStock,,,,,4.2,,,,"[""Sepette %30 İndirim""]",,listing_only,,https://www.trendyol.com/go-toys/kar-tanesi-egitici-yaratici-molekul-stem-egitimi-uyumlu-5-renk-120-parca-egitici-oyuncak-p-411370743?boutiqueId=61&merchantId=357212
cocuk:cocuk-oyuncak,575,611,,54.2,18,1138679653,420399,1138679653:420399,TİNEKE 8 Adet Çocuklar Için Kendin Yap Montessori Eğitici oyuncak Keçe Dikiş El Sanatları Seti 3 Yaş,TİNEKE,,375.62,650,,InStock,,,,,4.5,,,,"[""20 TL Kupon"",""Kargo Bedava"",""Son 10 Günün En Düşük Fiyatı"",""Süper Fırsat Ürünü""]",,listing_only,,https://www.trendyol.com/tineke/8-adet-cocuklar-icin-kendin-yap-montessori-egitici-oyuncak-kece-dikis-el-sanatlari-seti-3-yas-p-1138679653?boutiqueId=61&merchantId=420399
cocuk:cocuk-oyuncak,643,679,,54.2,11.3,973883662,527455,973883662:527455,ROBO Zıp Zıp Oyuncak Pembe,ROBO,,1046,1622,,InStock,,,,,3.4,,,,"[""Kargo Bedava"",""Son 10 Günün En Düşük Fiyatı"",""Süper Fırsat Ürünü""]",,listing_only,,https://www.trendyol.com/robo/zip-zip-oyuncak-pembe-p-973883662?boutiqueId=61&merchantId=527455
cocuk:cocuk-oyuncak,316,352,-156,53.9,6.1,803890711,357212,803890711:357212,Go Toys Mind Chess Hafıza Oyunu Renklerle Hafıza Ve Zihin Geliştirme Satrancı Memory,Go Toys,Shopist,160.3,229,0,InStock,,,,,4.6,962,0,33,"[""Sepette %30 İndirim""]",Tahmini Teslim:,carried_forward,23,https://www.trendyol.com/go-toys/mind-chess-hafiza-oyunu-renklerle-hafiza-ve-zihin-gelistirme-satranci-memory-p-803890711?boutiqueId=61&merchantId=357212
cocuk:cocuk-oyuncak,24,60,-18,53.1,21.9,711778349,985476,711778349:985476,devtoptan Ahşap Mızıka Nefes Egzersizi Çocuk Müzik Aleti,devtoptan,babynow,44.5,,0,InStock,,,,,4.143867924528302,429,-1,,"[""Kargo Bedava"",""Trendyol Plus'a Özel""]",3 saat 53 dakika içinde sipariş verirsen en geç yarın kargoda!,refreshed,0,https://www.trendyol.com/devtoptan/ahsap-mizika-nefes-egzersizi-cocuk-muzik-aleti-p-711778349?boutiqueId=61&merchantId=985476
cocuk:cocuk-oyuncak,524,560,,51.6,21.4,1191331677,1218649,1191331677:1218649,Gargamel Çiz Hatırla Hafıza Oyunu – Zeka ve Dikkat Oyunu – 25 Kart 400 Kelime – Ahşap Oyun Zemini – 6+ Yaş Aile Kutu Oyunu,Gargamel,,199,349,,InStock,,,,,5,,,,"[""Son 10 Günün En Düşük Fiyatı"",""Süper Fırsat Ürünü""]",,listing_only,,https://www.trendyol.com/gargamel/ciz-hatirla-hafiza-oyunu-zeka-ve-dikkat-oyunu-25-kart-400-kelime-ahsap-oyun-zemini-6-yas-aile-kutu-oyunu-p-1191331677?boutiqueId=61&merchantId=1218649
cocuk:cocuk-oyuncak,734,770,,50.3,22.4,1176175923,1153766,1176175923:1153766,ANGELSS JEWELLERY Küçük Needoh Nice Sicle Dondurma Squishy Stres Oyuncağı Sıkılabilir Jel Fidget Duyusal Oyuncak Renkli 1 Adet Dondurma Squishy Nice Sıcle Squishy,ANGELSS JEWELLERY,,199.99,349,,InStock,,,,,2,,,,[],,listing_only,,https://www.trendyol.com/angelss-jewellery/kucuk-needoh-nice-sicle-dondurma-squishy-stres-oyuncagi-sikilabilir-jel-fidget-duyusal-oyuncak-renkli-1-adet-dondurma-squishy-nice-sicle-squishy-p-1176175923?boutiqueId=61&merchantId=1153766
cocuk:cocuk-oyuncak,352,388,-211,50,10,869831490,357212,869831490:357212,Go Toys Ringo Tactics Basit Toplama İşlemi Geliştirici Eğlence Etkinliği Sayı Savaşları Eğitici Oyuncak,Go Toys,Shopist,195.3,279,-30,InStock,,,,,4.7,318,0,16,"[""Sepette %30 İndirim""]",14 saat 51 dakika içinde sipariş verirsen en geç yarın kargoda!,carried_forward,1,https://www.trendyol.com/go-toys/ringo-tactics-basit-toplama-islemi-gelistirici-eglence-etkinligi-sayi-savaslari-egitici-oyuncak-p-869831490?boutiqueId=61&merchantId=357212
cocuk:cocuk-oyuncak,443,479,,49.9,10.1,803664347,357212,803664347:357212,Go Toys Rubik Abaküs Meyveler&Hayvanlar Türkçe ingilizce Montessori Eğitici Oyuncak,Go Toys,,164.5,235,,InStock,,,,,4.3,,,,"[""Sepette %30 İndirim""]",,listing_only,,https://www.trendyol.com/go-toys/rubik-abakus-meyveler-hayvanlar-turkce-ingilizce-montessori-egitici-oyuncak-p-803664347?boutiqueId=61&merchantId=357212
cocuk:cocuk-oyuncak,29,65,-15,49.6,12.9,759755770,357212,759755770:357212,Go Toys Bionic Man Eğitici Aktivite Oyuncağı,Go Toys,Shopist,199,,0,InStock,,,,,4.5601619745468565,2783,-2,122,"[""Sepette %30 İndirim"",""Kargo Bedava""]",3 saat 53 dakika içinde sipariş verirsen en geç yarın kargoda!,refreshed,0,https://www.trendyol.com/go-toys/bionic-man-egitici-aktivite-oyuncagi-p-759755770?boutiqueId=61&merchantId=357212
cocuk:cocuk-kitap,140,953,,49.3,5.7,732332351,515853,732332351:515853,Gong Çocuk 6'lü Aktiviteli Boyama Seti | Pedagog Onaylı | Meb Uyumlu 2024 | Eğitici Ve Eğlenceli,Gong,,224.25,299,,InStock,,,,,4.7,,,,"[""Sepette %25 İndirim"",""20 TL Kupon"",""Süper Fırsat Ürünü""]",,listing_only,,https://www.trendyol.com/gong/cocuk-6-lu-aktiviteli-boyama-seti-pedagog-onayli-meb-uyumlu-2024-egitici-ve-eglenceli-p-732332351?boutiqueId=61&merchantId=515853
cocuk:cocuk-oyuncak,123,159,-33,49.2,20.8,1182871494,517848,1182871494:517848,FBZhome 2 Adet Magnetic Cars Manyetik Araç Oyun Seti - Manyetik Yapı Blokları Araba Eklentisi,FBZhome,FBZHOME,299.9,499.9,0,InStock,,,,,4.173913043478261,13,0,,"[""Kargo Bedava""]",Tahmini Teslim:,refreshed,0,https://www.trendyol.com/fbzhome/2-adet-magnetic-cars-manyetik-arac-oyun-seti-manyetik-yapi-bloklari-araba-eklentisi-p-1182871494?boutiqueId=61&merchantId=517848
cocuk:cocuk-oyuncak,675,711,,49,11,968392126,357212,968392126:357212,Go Toys Dangle Rumble Strateji Oyuncağı Eğitici Aile Kutu Oyunu,Go Toys,,205.45,293.5,,InStock,,,,,4.1,,,,"[""Sepette %30 İndirim""]",,listing_only,,https://www.trendyol.com/go-toys/dangle-rumble-strateji-oyuncagi-egitici-aile-kutu-oyunu-p-968392126?boutiqueId=61&merchantId=357212
cocuk:cocuk-kitap,27,840,,48.9,18.6,790818334,113171,790818334:113171,Çocuk Akademi Kayıp Kelimeler Hikaye Kitabı,Çocuk Akademi,,64.26,,,InStock,,,,,4.8,,,,[],,listing_only,,https://www.trendyol.com/cocuk-akademi/kayip-kelimeler-hikaye-kitabi-p-790818334?boutiqueId=61&merchantId=113171
cocuk:cocuk-oyuncak,27,63,-5,48.7,18.8,860347310,931256,860347310:931256,tutobaby Montessori 6'sı 1 arada Eğitici ve Öğretici Duyusal Gelişim Oyuncağı,tutobaby,TuTobaby,349.99,,0,InStock,,,,,4.650835532102024,681,2,,"[""Kargo Bedava""]",3 saat 53 dakika içinde sipariş verirsen en geç yarın kargoda!,refreshed,0,https://www.trendyol.com/tutobaby/montessori-6-si-1-arada-egitici-ve-ogretici-duyusal-gelisim-oyuncagi-p-860347310?boutiqueId=61&merchantId=931256
cocuk:cocuk-oyuncak,636,672,,48.6,11.4,1024617248,357212,1024617248:357212,Go Toys Trixy Görsel Algı Becerisi ve Konsantrasyon Geliştirici Eğitici Oyuncak,Go Toys,,164.5,235,,InStock,,,,,3.8,,,,"[""Sepette %30 İndirim""]",,listing_only,,https://www.trendyol.com/go-toys/trixy-gorsel-algi-becerisi-ve-konsantrasyon-gelistirici-egitici-oyuncak-p-1024617248?boutiqueId=61&merchantId=357212
cocuk:cocuk-oyuncak,314,350,,48.3,11.7,870757347,357212,870757347:357212,Go Toys Go Blocks Funland 100 Parça Yapı Blok Seti Yapı Oyuncakları Mega Blok Shopist,Go Toys,Shopist,314.3,449,,InStock,,,,,4.3,192,,38,"[""Sepette %30 İndirim""]",1 saat 49 dakika içinde sipariş verirsen en geç bugün kargoda!,carried_forward,0,https://www.trendyol.com/go-toys/go-blocks-funland-100-parca-yapi-blok-seti-yapi-oyuncaklari-mega-blok-shopist-p-870757347?boutiqueId=61&merchantId=357212
cocuk:genel-cocuk,28,28,59,48.1,36.8,820037611,548118,820037611:548118,Relaxion Rlx-3324 Okul Çantası Termal Besleme Çantası SİYAH,Relaxion,Visees,304.07,320.96,0,InStock,Son 3 günde 250+ ürün satıldı!,3,250,83.3,4.637931034482759,66,2,16,"[""Son 10 Günün En Düşük Fiyatı"",""Kargo Bedava"",""Son 10 günün en düşük fiyatı""]",3 saat 54 dakika içinde sipariş verirsen en geç yarın kargoda!,refreshed,0,https://www.trendyol.com/relaxion/rlx-3324-okul-cantasi-termal-besleme-cantasi-siyah-p-820037611?boutiqueId=61&merchantId=548118
cocuk:cocuk-oyuncak,357,393,,47.3,4.7,70497129,108805,70497129:108805,Hyd Eğitici Oyuncak 30 Parça ipe Boncuk Dizme Oyunu Lineup Boncuk Geometrik Şekiller,Hyd,,198.12,254,,InStock,,,,,4.3,,,,"[""Sepette %22 İndirim"",""Süper Fırsat Ürünü""]",,listing_only,,https://www.trendyol.com/hyd/egitici-oyuncak-30-parca-ipe-boncuk-dizme-oyunu-lineup-boncuk-geometrik-sekiller-p-70497129?boutiqueId=61&merchantId=108805
cocuk:cocuk-kitap,166,979,,47,6,734395248,127712,734395248:127712,Dikkat Atölyesi Yayınları Kolay Öğrenme Yöntemiyle Kolay Ingilizce Konuşturan Resimli Kelime Kartları,Dikkat Atölyesi Yayınları,,251.77,326.9,,InStock,,,,,4.8,,,,"[""Son 10 Günün En Düşük Fiyatı"",""Süper Fırsat Ürünü""]",,listing_only,,https://www.trendyol.com/dikkat-atolyesi-yayinlari/kolay-ogrenme-yontemiyle-kolay-ingilizce-konusturan-resimli-kelime-kartlari-p-734395248?boutiqueId=61&merchantId=127712
cocuk:cocuk-kitap,47,860,,46.9,4.6,118205325,701468,118205325:701468,Türkiye İş Bankası Kültür Yayınları İş Bankası Kültür Yayınları Hayvanat Bahçesinde Uyku Zamanı - Sophie Schoenwald,Türkiye İş Bankası Kültür Yayınları,,59.7,74.63,,InStock,,,,,4.8,,,,[],,listing_only,,https://www.trendyol.com/turkiye-is-bankasi-kultur-yayinlari/is-bankasi-kultur-yayinlari-hayvanat-bahcesinde-uyku-zamani-sophie-schoenwald-p-118205325?boutiqueId=61&merchantId=701468
cocuk:cocuk-oyuncak,23,59,56,46.4,31.1,1027538348,367733,1027538348:367733,neşeli ahşap Ahşap ritim çubuğu 1 Çift (2 Adet),neşeli ahşap,Wood Valley,46.9,,43.5,InStock,,,,,4.770491803278689,34,0,,"[""Kargo Bedava"",""Trendyol Plus'a Özel""]",Tahmini Teslim:,refreshed,0,https://www.trendyol.com/neseli-ahsap/ahsap-ritim-cubugu-1-cift-2-adet-p-1027538348?boutiqueId=61&merchantId=367733
cocuk:cocuk-oyuncak,102,138,-43,45.9,4.4,72392826,816959,72392826:816959,Genel Markalar Ahşap Kızma Birader Kutu Oyunu,Genel Markalar,212toyzz,116.38,146.02,0,InStock,,,,,4.406392694063927,1593,0,,"[""Sepette %2 İndirim"",""Kargo Bedava""]",Tahmini Teslim:,refreshed,0,https://www.trendyol.com/genel-markalar/ahsap-kizma-birader-kutu-oyunu-p-72392826?boutiqueId=61&merchantId=816959
cocuk:genel-cocuk,30,30,8,45.5,29.1,242471608,1188,242471608:1188,Defacto 5'li Pamuklu Cizgili Ve Flamingo Baskılı Patik Çorap Kız Çocuk W9532A6NS,Defacto,DeFacto,249.99,,0,InStock,Son 3 günde 250+ ürün satıldı!,3,250,83.3,4.781849912739965,465,0,5,"[""Sepette %50 İndirim"",""Süper Fırsat Ürünü""]",Tahmini Teslim:,refreshed,0,https://www.trendyol.com/defacto/5-li-pamuklu-cizgili-ve-flamingo-baskili-patik-corap-kiz-cocuk-w9532a6ns-p-242471608?boutiqueId=61&merchantId=1188
cocuk:genel-cocuk,34,34,-8,45.5,19,316612628,357212,316612628:357212,Go Toys Vakum Molekül 25 Parça Yapı Taşları Fidget Duyusal Eğitici Oyuncak Squigz,Go Toys,Shopist,235,,0,InStock,Son 3 günde 250+ ürün satıldı!,3,250,83.3,4.452804685740031,4686,-9,242,"[""Sepette %30 İndirim"",""Kargo Bedava""]",3 saat 54 dakika içinde sipariş verirsen en geç yarın kargoda!,refreshed,0,https://www.trendyol.com/go-toys/vakum-molekul-25-parca-yapi-taslari-fidget-duyusal-egitici-oyuncak-squigz-p-316612628?boutiqueId=61&merchantId=357212
cocuk:cocuk-kitap,53,866,,45.5,4.5,65175751,701468,65175751:701468,Türkiye İş Bankası Kültür Yayınları Hadi Sarılalım Anneciğim,Türkiye İş Bankası Kültür Yayınları,,52.07,65.09,,InStock,,,,,4.7,,,,[],,listing_only,,https://www.trendyol.com/turkiye-is-bankasi-kultur-yayinlari/hadi-sarilalim-annecigim-p-65175751?boutiqueId=61&merchantId=701468
cocuk:cocuk-oyuncak,299,335,,44.9,5.1,268731921,126620,268731921:126620,yükselen zeka Dikkat Kutusu (3-6 Yaş) Pikto ile Zekamı Geliştiriyorum,yükselen zeka,,319.2,399,,InStock,,,,,4.7,,,,"[""Sepette %20 İndirim"",""Süper Fırsat Ürünü""]",,listing_only,,https://www.trendyol.com/yukselen-zeka/dikkat-kutusu-3-6-yas-pikto-ile-zekami-gelistiriyorum-p-268731921?boutiqueId=61&merchantId=126620
cocuk:cocuk-kitap,119,932,,44.5,5.5,32613821,701468,32613821:701468,Türkiye İş Bankası Kültür Yayınları Tarçın'ın Kaybolan Havuçları,Türkiye İş Bankası Kültür Yayınları,,62.14,77.67,,InStock,,,,,4.9,,,,[],,listing_only,,https://www.trendyol.com/turkiye-is-bankasi-kultur-yayinlari/tarcin-in-kaybolan-havuclari-p-32613821?boutiqueId=61&merchantId=701468
cocuk:cocuk-kitap,81,894,,44.4,5.6,221587653,701468,221587653:701468,Türkiye İş Bankası Kültür Yayınları Uykusu Gelmeyen Porsuk,Türkiye İş Bankası Kültür Yayınları,,48.56,60.7,,InStock,,,,,4.8,,,,[],,listing_only,,https://www.trendyol.com/turkiye-is-bankasi-kultur-yayinlari/uykusu-gelmeyen-porsuk-p-221587653?boutiqueId=61&merchantId=701468
cocuk:cocuk-kitap,29,842,,44.3,28.2,1179144295,113171,1179144295:113171,Çocuk Akademi Oluklu(Kabartmalı) Sihirli Uçan Kalemli Çizgiler Kitabı,Çocuk Akademi,,222.67,247.41,,InStock,,,,,4.5,,,,"[""Sepette %10 İndirim""]",,listing_only,,https://www.trendyol.com/cocuk-akademi/oluklu-kabartmali-sihirli-ucan-kalemli-cizgiler-kitabi-p-1179144295?boutiqueId=61&merchantId=113171
cocuk:genel-cocuk,36,36,21,44,35.6,1143845707,752303,1143845707:752303,KİNKU Merdivenli Small Duck Kaydıraklı Sevimli Ördekler Müziklü- Pilli -Işıklı,KİNKU,KİNKU,399,499,0,InStock,Son 3 günde 250+ ürün satıldı!,3,250,83.3,4.377777777777778,29,2,14,"[""Kargo Bedava"",""Son 10 Günün En Düşük Fiyatı"",""Son 10 günün en düşük fiyatı""]",3 saat 54 dakika içinde sipariş verirsen en geç yarın kargoda!,refreshed,0,https://www.trendyol.com/kinku/merdivenli-small-duck-kaydirakli-sevimli-ordekler-muziklu-pilli-isikli-p-1143845707?boutiqueId=61&merchantId=752303
cocuk:cocuk-oyuncak,330,366,-81,43.9,19.1,1146467646,1254028,1146467646:1254028,Yeklon Store Manyetik Yapı Blokları - Çocuklar İçin 3 Boyutlu Renkli Mıknatıslı 80 Parça Manyetik Blok Oyun Seti,Yeklon Store,Yuyupo,1573.83,2349,-33,InStock,,,,,4.5,22,0,13,"[""Sepette %33 İndirim"",""Kargo Bedava""]",1 saat 49 dakika içinde sipariş verirsen en geç bugün kargoda!,carried_forward,7,https://www.trendyol.com/yeklon-store/manyetik-yapi-bloklari-cocuklar-icin-3-boyutlu-renkli-miknatisli-80-parca-manyetik-blok-oyun-seti-p-1146467646?boutiqueId=61&merchantId=1254028
cocuk:cocuk-kitap,104,917,,43.9,6.1,855346840,701468,855346840:701468,Timaş Çocuk On Numara Beş Yıldız Apartmanı,Timaş Çocuk,,87.5,109.37,,InStock,,,,,4.8,,,,[],,listing_only,,https://www.trendyol.com/timas-cocuk/on-numara-bes-yildiz-apartmani-p-855346840?boutiqueId=61&merchantId=701468
cocuk:cocuk-kitap,49,862,,43.4,7.1,1077711193,126620,1077711193:126620,yükselen zeka PanoBig Bebek - Dünyanın En Büyük Etkinlik Kitabı,yükselen zeka,,320.46,400.58,,InStock,,,,,4.7,,,,"[""Sepette %20 İndirim"",""Süper Fırsat Ürünü""]",,listing_only,,https://www.trendyol.com/yukselen-zeka/panobig-bebek-dunyanin-en-buyuk-etkinlik-kitabi-p-1077711193?boutiqueId=61&merchantId=126620
cocuk:cocuk-oyuncak,563,599,-394,43.1,2.8,744257435,512325,744257435:512325,Canestar Sevgiliye Özel Hediye Çilek Tavşan Özel Tasarım- Fermuarlı Yapısıyla Hem Çilek Hem de Tavşan,Canestar,Canestar,499,593.01,1,InStock,,,,,4.297632468996617,2515,,371,"[""Sepette %1 İndirim"",""Kargo Bedava""]",Tahmini Teslim:,refreshed,0,https://www.trendyol.com/canestar/sevgiliye-ozel-hediye-cilek-tavsan-ozel-tasarim-fermuarli-yapisiyla-hem-cilek-hem-de-tavsan-p-744257435?boutiqueId=61&merchantId=512325
cocuk:cocuk-oyuncak,26,62,25,42.9,27.1,902980013,464137,902980013:464137,"Özgüner Oyuncak 120 Papyonlu Büyük Ayıcık - Büyük Boy, Yeni Tasarım",Özgüner Oyuncak,Pandamkee Oyuncak,849,,35.2,InStock,,,,,4.159235668789809,72,0,43,"[""Kargo Bedava"",""Trendyol Plus'a Özel""]",3 saat 53 dakika içinde sipariş verirsen en geç yarın kargoda!,refreshed,0,https://www.trendyol.com/ozguner-oyuncak/120-papyonlu-buyuk-ayicik-buyuk-boy-yeni-tasarim-p-902980013?boutiqueId=61&merchantId=464137
cocuk:cocuk-oyuncak,653,689,,42.9,14.6,904927207,108518,904927207:108518,ThinkMaster 4lü Plaka (Zemin) - 4lü Zemin 25cmx25cm ebatlarında,ThinkMaster,,724.25,999,,InStock,,,,,4.7,,,,"[""Kargo Bedava""]",,listing_only,,https://www.trendyol.com/thinkmaster/4lu-plaka-zemin-4lu-zemin-25cmx25cm-ebatlarinda-p-904927207?boutiqueId=61&merchantId=108518
cocuk:genel-cocuk,31,31,30,42.7,29.4,733391217,4227,733391217:4227,Katia & Bony Kız Çocuk Mus Külotlu Çorap Beyaz,Katia &,Katia and Bony,181.38,,0,InStock,Son 3 günde 250+ ürün satıldı!,3,250,83.3,4.534883720930233,367,-1,32,"[""Sepette %2 İndirim"",""Kargo Bedava"",""Trendyol Plus'a Özel""]",3 saat 54 dakika içinde sipariş verirsen en geç yarın kargoda!,refreshed,0,https://www.trendyol.com/katia-bony/kiz-cocuk-mus-kulotlu-corap-beyaz-p-733391217?boutiqueId=61&merchantId=4227
cocuk:cocuk-kitap,153,966,,42.5,7.5,2301925,701468,2301925:701468,Türkiye İş Bankası Kültür Yayınları Köpük Ile Pıtır - Ilk Okuma Kitaplarım,Türkiye İş Bankası Kültür Yayınları,,44.44,55.55,,InStock,,,,,4.8,,,,[],,listing_only,,https://www.trendyol.com/turkiye-is-bankasi-kultur-yayinlari/kopuk-ile-pitir-ilk-okuma-kitaplarim-p-2301925?boutiqueId=61&merchantId=701468
cocuk:cocuk-kitap,32,845,,42.4,12.6,286155580,113171,286155580:113171,Çocuk Akademi Ilk Adım Zeka Kartı Bebeğimin Ilk Sözcükleri,Çocuk Akademi,,142.73,,,InStock,,,,,4.8,,,,[],,listing_only,,https://www.trendyol.com/cocuk-akademi/ilk-adim-zeka-karti-bebegimin-ilk-sozcukleri-p-286155580?boutiqueId=61&merchantId=113171
cocuk:cocuk-kitap,30,843,,42.2,17.8,90984603,113171,90984603:113171,Çocuk Akademi Sabırsız Civciv,Çocuk Akademi,,56.73,,,InStock,,,,,4.7,,,,[],,listing_only,,https://www.trendyol.com/cocuk-akademi/sabirsiz-civciv-p-90984603?boutiqueId=61&merchantId=113171
cocuk:cocuk-kitap,35,848,,41.8,7.9,835058406,113171,835058406:113171,Çocuk Akademi Cırt Cırtlı Kitap 9-16 Ay Baby Girl,Çocuk Akademi,,169.21,173.07,,InStock,,,,,4.6,,,,"[""Son 10 Günün En Düşük Fiyatı""]",,listing_only,,https://www.trendyol.com/cocuk-akademi/cirt-cirtli-kitap-9-16-ay-baby-girl-p-835058406?boutiqueId=61&merchantId=113171
cocuk:cocuk-kitap,159,972,,41.8,8.2,7086387,701468,7086387:701468,Türkiye İş Bankası Kültür Yayınları Hortumuma Çörek Kaçtı!,Türkiye İş Bankası Kültür Yayınları,,55.11,68.89,,InStock,,,,,4.8,,,,[],,listing_only,,https://www.trendyol.com/turkiye-is-bankasi-kultur-yayinlari/hortumuma-corek-kacti-p-7086387?boutiqueId=61&merchantId=701468
cocuk:cocuk-kitap,168,981,,41.3,8.7,1105821701,701468,1105821701:701468,Turta Kitap Zorbalığa Karşı Taktiklerim Var,Turta Kitap,,123.18,153.98,,InStock,,,,,4.8,,,,[],,listing_only,,https://www.trendyol.com/turta-kitap/zorbaliga-karsi-taktiklerim-var-p-1105821701?boutiqueId=61&merchantId=701468
cocuk:cocuk-kitap,100,913,,41.2,8.8,831344630,701468,831344630:701468,Türkiye İş Bankası Kültür Yayınları Yemek Seçen Kirpi,Türkiye İş Bankası Kültür Yayınları,,72.54,90.68,,InStock,,,,,4.8,,,,[],,listing_only,,https://www.trendyol.com/turkiye-is-bankasi-kultur-yayinlari/yemek-secen-kirpi-p-831344630?boutiqueId=61&merchantId=701468
cocuk:cocuk-oyuncak,354,390,-146,40.9,9.1,58893157,1127325,58893157:1127325,Circle Toys 5’li Ahşap Geometrik Şekiller,Circle Toys,Circle Toys,499.9,624.88,-20,InStock,,,,,4.8,404,0,40,"[""Sepette %20 İndirim"",""Kargo Bedava""]",1 saat 49 dakika içinde sipariş verirsen en geç bugün kargoda!,carried_forward,4,https://www.trendyol.com/circle-toys/5-li-ahsap-geometrik-sekiller-p-58893157?boutiqueId=61&merchantId=1127325
cocuk:cocuk-kitap,88,901,,40.8,0,301595641,113171,301595641:113171,Çocuk Akademi 4 Yaş Etkinlik Seti,Çocuk Akademi,,158.77,176.41,,InStock,,,,,4.8,,,,"[""Sepette %10 İndirim""]",,listing_only,,https://www.trendyol.com/cocuk-akademi/4-yas-etkinlik-seti-p-301595641?boutiqueId=61&merchantId=113171
cocuk:cocuk-oyuncak,134,170,21,40.7,13,4956932,127712,4956932:127712,Dikkat Atölyesi Yayınları Find İt! Ne Kadar Dikkatlisin? Dikkat Geliştirme Oyunu,Dikkat Atölyesi Yayınları,Dikkat Atölyesi Yayınları Focus Gelişim,266.37,349.3,0,InStock,,,,,4.836575875486381,131,1,16,"[""Son 10 Günün En Düşük Fiyatı"",""Süper Fırsat Ürünü"",""Kargo Bedava"",""Son 10 günün en düşük fiyatı""]",3 saat 49 dakika içinde sipariş verirsen en geç yarın kargoda!,refreshed,0,https://www.trendyol.com/dikkat-atolyesi-yayinlari/find-it-ne-kadar-dikkatlisin-dikkat-gelistirme-oyunu-p-4956932?boutiqueId=61&merchantId=127712
cocuk:cocuk-oyuncak,281,317,-124,40.6,19.4,1176212344,1230100,1176212344:1230100,PAKİTO Led Işıklı Bas Döndür Stres Topu Stres Giderici Mekanizmalı Renkli Fidget Spinner Spinball Top Oyuncak,PAKİTO,LUMO STORE,274.99,392.85,-30,InStock,,,,,3.9,20,0,12,"[""Sepette %30 İndirim""]",14 saat 51 dakika içinde sipariş verirsen en geç yarın kargoda!,carried_forward,1,https://www.trendyol.com/pakito/led-isikli-bas-dondur-stres-topu-stres-giderici-mekanizmali-renkli-fidget-spinner-spinball-top-oyuncak-p-1176212344?boutiqueId=61&merchantId=1230100
cocuk:cocuk-kitap,43,856,,40.4,5.1,769546525,126620,769546525:126620,yükselen zeka İlk Etkinlik Kitabım Seti (SAYILAR-RENKLER) (12-36 AY),yükselen zeka,,277.15,314.94,,InStock,,,,,4.8,,,,"[""Sepette %12 İndirim""]",,listing_only,,https://www.trendyol.com/yukselen-zeka/ilk-etkinlik-kitabim-seti-sayilar-renkler-12-36-ay-p-769546525?boutiqueId=61&merchantId=126620
cocuk:cocuk-kitap,187,1000,,40.3,0,101159275,126620,101159275:126620,yükselen zeka Konuşma ve Dikkati Geliştiren Cırt Cırtlı Etkinlik Kitabım (16-24 Ay),yükselen zeka,,275.24,305.82,,InStock,,,,,4.8,,,,"[""Sepette %10 İndirim""]",,listing_only,,https://www.trendyol.com/yukselen-zeka/konusma-ve-dikkati-gelistiren-cirt-cirtli-etkinlik-kitabim-16-24-ay-p-101159275?boutiqueId=61&merchantId=126620
cocuk:cocuk-kitap,62,875,,40.1,3.6,929813323,113171,929813323:113171,Çocuk Akademi 500+ Sticker Kitabım Prensesler,Çocuk Akademi,,135.9,157.56,,InStock,,,,,4.7,,,,"[""Son 10 Günün En Düşük Fiyatı""]",,listing_only,,https://www.trendyol.com/cocuk-akademi/500-sticker-kitabim-prensesler-p-929813323?boutiqueId=61&merchantId=113171
cocuk:cocuk-kitap,84,897,,40.1,9.9,881967433,701468,881967433:701468,Türkiye İş Bankası Kültür Yayınları Paylaşmak İstemeyen Ayı,Türkiye İş Bankası Kültür Yayınları,,68.13,85.16,,InStock,,,,,4.8,,,,[],,listing_only,,https://www.trendyol.com/turkiye-is-bankasi-kultur-yayinlari/paylasmak-istemeyen-ayi-p-881967433?boutiqueId=61&merchantId=701468
cocuk:cocuk-kitap,147,960,,39.7,10.3,954417548,1139494,954417548:1139494,Timaş Yayınları Yıldızlara Yakın Metin Özdamarlar,Timaş Yayınları,,139.66,174.58,,InStock,,,,,4.7,,,,[],,listing_only,,https://www.trendyol.com/timas-yayinlari/yildizlara-yakin-metin-ozdamarlar-p-954417548?boutiqueId=61&merchantId=1139494
cocuk:cocuk-oyuncak,25,61,-17,39.6,32.9,1160951346,1230100,1160951346:1230100,PAKİTO Diz Bakalım Geometrik Şekil Eşleştirme Oyunu | Renk Sıralama Oyunu-Eğitici Zeka Oyuncağı-Bul Sırala Öğren,PAKİTO,LUMO STORE,270,,0,InStock,,,,,4.75,15,0,,"[""Sepette %30 İndirim"",""182,88 TL Kupon"",""125,99 TL Kupon"",""Kargo Bedava"",""Son 10 Günün En Düşük Fiyatı""]",Tahmini Teslim:,refreshed,0,https://www.trendyol.com/pakito/diz-bakalim-geometrik-sekil-eslestirme-oyunu-renk-siralama-oyunu-egitici-zeka-oyuncagi-bul-sirala-ogren-p-1160951346?boutiqueId=61&merchantId=1230100
cocuk:cocuk-kitap,38,851,,39.2,10.8,286221217,113171,286221217:113171,Çocuk Akademi Ilk Adım Zeka Kartı 0-12 Ay,Çocuk Akademi,,124.82,138.69,,InStock,,,,,4.8,,,,"[""Sepette %10 İndirim""]",,listing_only,,https://www.trendyol.com/cocuk-akademi/ilk-adim-zeka-karti-0-12-ay-p-286221217?boutiqueId=61&merchantId=113171
cocuk:cocuk-kitap,186,999,,39.2,6,2300583,218146,2300583:218146,Alfa Yayınları Kolay Piyano 1,Alfa Yayınları,,558.43,658.43,,InStock,,,,,4.8,,,,"[""Kargo Bedava""]",,listing_only,,https://www.trendyol.com/alfa-yayinlari/kolay-piyano-1-p-2300583?boutiqueId=61&merchantId=218146
cocuk:cocuk-oyuncak,189,225,,39,23.8,1174463163,143468,1174463163:143468,YILDIRIM OYUNCAK LED Işıklı Astronot Bubble Gun 15cm - Pilli Otomatik Köpük Tabancası Yoğun Baloncuk Çıkaran Çocuk Oyuncağı,YILDIRIM OYUNCAK,Yıldırım Oyuncak,329.34,489.99,,InStock,,,,,4.333333333333333,5,,,"[""Sepette %2 İndirim"",""Kargo Bedava"",""Trendyol Plus'a Özel""]",Tahmini Teslim:,refreshed,0,https://www.trendyol.com/yildirim-oyuncak/led-isikli-astronot-bubble-gun-15cm-pilli-otomatik-kopuk-tabancasi-yogun-baloncuk-cikaran-cocuk-oyuncagi-p-1174463163?boutiqueId=61&merchantId=143468
cocuk:cocuk-oyuncak,776,812,,39,7.2,1087766953,111026,1087766953:111026,Curious&Genius ABLUKA TAZOF İLKOKUL - ORTAOKUL TURNUVA KUTU OYUNU,Curious&Genius ABLUKA,,1089,1299,,InStock,,,,,4.7,,,,"[""Kargo Bedava"",""Son 10 Günün En Düşük Fiyatı""]",,listing_only,,https://www.trendyol.com/curious-genius/abluka-tazof-ilkokul-ortaokul-turnuva-kutu-oyunu-p-1087766953?boutiqueId=61&merchantId=111026
cocuk:cocuk-kitap,87,900,,39,3,261288137,126620,261288137:126620,yükselen zeka Yükselen Zeka 3-6 Yaş Evde Etkinlik Seti,yükselen zeka,,306.81,348.65,,InStock,,,,,4.8,,,,"[""Sepette %12 İndirim""]",,listing_only,,https://www.trendyol.com/yukselen-zeka/yukselen-zeka-3-6-yas-evde-etkinlik-seti-p-261288137?boutiqueId=61&merchantId=126620
cocuk:cocuk-kitap,71,884,,38.7,1.3,744554474,113171,744554474:113171,Çocuk Akademi 6 Yaş Etkinlik Seti,Çocuk Akademi,,146.57,162.86,,InStock,,,,,4.8,,,,"[""Sepette %10 İndirim""]",,listing_only,,https://www.trendyol.com/cocuk-akademi/6-yas-etkinlik-seti-p-744554474?boutiqueId=61&merchantId=113171
cocuk:cocuk-oyuncak,381,417,,38.5,17.5,1053621646,1125756,1053621646:1125756,inorjech Halka Atma Oyunu (17 Parça),inorjech,,198.9,268.77,,InStock,,,,,4.4,,,,"[""Son 10 Günün En Düşük Fiyatı""]",,listing_only,,https://www.trendyol.com/inorjech/halka-atma-oyunu-17-parca-p-1053621646?boutiqueId=61&merchantId=1125756
cocuk:cocuk-kitap,42,855,,38.4,5.6,713542199,408958,713542199:408958,Kronik Kitap Cumhuriyet’in İlk Sabahı kitabı - Şermin Yaşar & İlber Ortaylı - Kronik Kitap,Kronik Kitap,,179.1,199,,InStock,,,,,4.8,,,,"[""Sepette %10 İndirim""]",,listing_only,,https://www.trendyol.com/kronik-kitap/cumhuriyet-in-ilk-sabahi-kitabi-sermin-yasar-ilber-ortayli-kronik-kitap-p-713542199?boutiqueId=61&merchantId=408958
cocuk:cocuk-kitap,56,869,,38.4,11.6,651765791,701468,651765791:701468,Türkiye İş Bankası Kültür Yayınları Güzel Davranışlar,Türkiye İş Bankası Kültür Yayınları,,59.76,74.7,,InStock,,,,,4.4,,,,[],,listing_only,,https://www.trendyol.com/turkiye-is-bankasi-kultur-yayinlari/guzel-davranislar-p-651765791?boutiqueId=61&merchantId=701468
cocuk:cocuk-kitap,154,967,,38.1,11.8,1082555046,113171,1082555046:113171,Çocuk Akademi Renkli Kanatlar,Çocuk Akademi,,103.31,129,,InStock,,,,,4.8,,,,"[""Son 10 Günün En Düşük Fiyatı"",""Süper Fırsat Ürünü""]",,listing_only,,https://www.trendyol.com/cocuk-akademi/renkli-kanatlar-p-1082555046?boutiqueId=61&merchantId=113171
cocuk:cocuk-kitap,66,879,,37.9,2.1,877190080,158005,877190080:158005,yükselen zeka 6-24 Ay Zeki Bebek Kütüphanesi 8’li Set,yükselen zeka,,350.55,389.5,,InStock,,,,,4.7,,,,"[""Sepette %10 İndirim"",""Kargo Bedava""]",,listing_only,,https://www.trendyol.com/yukselen-zeka/6-24-ay-zeki-bebek-kutuphanesi-8-li-set-p-877190080?boutiqueId=61&merchantId=158005
cocuk:cocuk-kitap,178,991,,37.9,12.1,1090349405,331503,1090349405:331503,M&H Coloring Ayıcık 3 Coloring Book - 21x21 cm Boyama Kitabı / Çocuk ve Yetişkinler için / Rahatlatıcı / Hobi / Stres Giderici / Keyifli Boyama Sayfaları,M&H Coloring Ayıcık,,153.76,192.2,,InStock,,,,,4.9,,,,[],,listing_only,,https://www.trendyol.com/m-h-coloring/ayicik-3-coloring-book-21x21-cm-boyama-kitabi-cocuk-ve-yetiskinler-icin-rahatlatici-hobi-stres-giderici-keyifli-boyama-sayfalari-p-1090349405?boutiqueId=61&merchantId=331503
cocuk:cocuk-kitap,40,853,,37.8,8.5,362647770,126620,362647770:126620,yükselen zeka Yırtılmayan Kitap Seti - Ceviz,yükselen zeka,,361.64,407.79,,InStock,,,,,4.6,,,,"[""Kargo Bedava"",""Son 10 Günün En Düşük Fiyatı""]",,listing_only,,https://www.trendyol.com/yukselen-zeka/yirtilmayan-kitap-seti-ceviz-p-362647770?boutiqueId=61&merchantId=126620
cocuk:cocuk-kitap,110,923,,37.7,4.4,461755403,126620,461755403:126620,yükselen zeka 4 Yaş Etkinlik Kitabım Seti (Z10 Sistemi),yükselen zeka,,151.21,171.94,,InStock,,,,,4.8,,,,"[""Son 10 Günün En Düşük Fiyatı""]",,listing_only,,https://www.trendyol.com/yukselen-zeka/4-yas-etkinlik-kitabim-seti-z10-sistemi-p-461755403?boutiqueId=61&merchantId=126620
cocuk:cocuk-oyuncak,441,477,,37.4,5.7,34617433,408958,34617433:408958,LEGO ® DUPLO® Classic Yapım Parçası Kutusu 10913 - 1/2+ Yaratıcı Oyuncak Yapım Seti (65P),LEGO,,1260,1450,,InStock,,,,,4.8,,,,"[""Kargo Bedava"",""Son 10 Günün En Düşük Fiyatı""]",,listing_only,,https://www.trendyol.com/lego/duplo-classic-yapim-parcasi-kutusu-10913-1-2-yaratici-oyuncak-yapim-seti-65p-p-34617433?boutiqueId=61&merchantId=408958
cocuk:cocuk-kitap,184,997,,37.3,12.7,57130702,701468,57130702:701468,Türkiye İş Bankası Kültür Yayınları Ponponun Duyguları,Türkiye İş Bankası Kültür Yayınları,,58.18,72.73,,InStock,,,,,4.7,,,,[],,listing_only,,https://www.trendyol.com/turkiye-is-bankasi-kultur-yayinlari/ponponun-duygulari-p-57130702?boutiqueId=61&merchantId=701468
cocuk:cocuk-kitap,129,942,,37.2,12.8,876853284,937722,876853284:937722,akademik zeka Bebeğimin Ilk Zeka Kartları 0-6 Ay,akademik zeka,,119.2,149,,InStock,,,,,4.9,,,,"[""Sepette %20 İndirim"",""Süper Fırsat Ürünü""]",,listing_only,,https://www.trendyol.com/akademik-zeka/bebegimin-ilk-zeka-kartlari-0-6-ay-p-876853284?boutiqueId=61&merchantId=937722
cocuk:cocuk-oyuncak,463,499,,37.1,22.8,364496722,386081,364496722:386081,Genel Markalar Writing Tablet Lcd 8.5 Inç Dijital Kalemli Çizim Yazı Tahtası Grafik Not Yazma Eğitim Tableti,Genel Markalar,,74.99,107,,InStock,,,,,5,,,,"[""Son 10 Günün En Düşük Fiyatı""]",,listing_only,,https://www.trendyol.com/genel-markalar/writing-tablet-lcd-8-5-inc-dijital-kalemli-cizim-yazi-tahtasi-grafik-not-yazma-egitim-tableti-p-364496722?boutiqueId=61&merchantId=386081
cocuk:cocuk-oyuncak,257,293,-65,36.9,5.5,236873990,109486,236873990:109486,Furkan Toys Cool Wheels Led Işıklı Oturaklı Pembe Combo Scooter,Furkan Toys,Oyuncak Paketim,2013.41,2299,0,InStock,,,,,4.534653465346534,1146,0,1006,"[""Kargo Bedava"",""Son 10 Günün En Düşük Fiyatı"",""Son 10 günün en düşük fiyatı""]",Tahmini Teslim:,refreshed,0,https://www.trendyol.com/furkan-toys/cool-wheels-led-isikli-oturakli-pembe-combo-scooter-p-236873990?boutiqueId=61&merchantId=109486
cocuk:cocuk-oyuncak,505,541,,36.7,9.3,33035395,126620,33035395:126620,yükselen zeka Dikkat Oyunum - Ringoo,yükselen zeka,,301.56,359,,InStock,,,,,4.8,,,,"[""Sepette %16 İndirim"",""Süper Fırsat Ürünü""]",,listing_only,,https://www.trendyol.com/yukselen-zeka/dikkat-oyunum-ringoo-p-33035395?boutiqueId=61&merchantId=126620
cocuk:cocuk-oyuncak,33,69,-17,36.5,16,929095492,1122866,929095492:1122866,PRO Toys Işık/Ledli Üç Teker Yükseklik Ayarlanabilir ve Katlanabilir Fren Sistemli Çocuk Scooter,PRO Toys,PRO Toys,1190.95,,0,InStock,,,,,4.685200327064595,641,0,,"[""Kargo Bedava""]",Tahmini Teslim:,refreshed,0,https://www.trendyol.com/pro-toys/isik-ledli-uc-teker-yukseklik-ayarlanabilir-ve-katlanabilir-fren-sistemli-cocuk-scooter-p-929095492?boutiqueId=61&merchantId=1122866
cocuk:cocuk-kitap,106,919,,36.3,3.7,852768601,158784,852768601:158784,Kızıl Panda Yayınevi Çocuk Klasikleri Seti (15 Kitap),Kızıl Panda Yayınevi,,333.61,370.68,,InStock,,,,,4.7,,,,"[""Sepette %10 İndirim""]",,listing_only,,https://www.trendyol.com/kizil-panda-yayinevi/cocuk-klasikleri-seti-15-kitap-p-852768601?boutiqueId=61&merchantId=158784
cocuk:cocuk-kitap,128,941,,36.3,13.7,698319032,701468,698319032:701468,Türkiye İş Bankası Kültür Yayınları Hepsi Bizim Duygularımız,Türkiye İş Bankası Kültür Yayınları,,59.72,74.65,,InStock,,,,,4.8,,,,[],,listing_only,,https://www.trendyol.com/turkiye-is-bankasi-kultur-yayinlari/hepsi-bizim-duygularimiz-p-698319032?boutiqueId=61&merchantId=701468
cocuk:cocuk-kitap,39,852,,36,11.5,888530330,113171,888530330:113171,Çocuk Akademi Çocuk Akademi Çiftliğe Gidiyorum Cırt Cırtlı Aktivite Etkinlik Kitabı,Çocuk Akademi,,117.95,131.06,,InStock,,,,,4.7,,,,"[""Sepette %10 İndirim""]",,listing_only,,https://www.trendyol.com/cocuk-akademi/cocuk-akademi-ciftlige-gidiyorum-cirt-cirtli-aktivite-etkinlik-kitabi-p-888530330?boutiqueId=61&merchantId=113171
cocuk:cocuk-oyuncak,32,68,-4,35.8,19.2,1115203911,357212,1115203911:357212,Go Toys Go Track Turuncu Renk Esnek Yarış-Aksiyon Pisti 4.5 Mt - Flex track,Go Toys,Shopist,399,,0,InStock,,,,,4.260563380281689,301,0,,"[""Sepette %30 İndirim"",""Kargo Bedava""]",Tahmini Teslim:,refreshed,0,https://www.trendyol.com/go-toys/go-track-turuncu-renk-esnek-yaris-aksiyon-pisti-4-5-mt-flex-track-p-1115203911?boutiqueId=61&merchantId=357212
cocuk:cocuk-oyuncak,642,678,,35.8,25.2,1139703839,748085,1139703839:748085,esdishopping Ayıcık - Kırmızı Peluş Ayıcık- Yumuşacık Oyuncak Ayı - Sevimli ve Hediye İçin İdeal 25 cm,esdishopping,,199.9,289.9,,InStock,,,,,4,,,,"[""Son 10 Günün En Düşük Fiyatı""]",,listing_only,,https://www.trendyol.com/esdishopping/ayicik-kirmizi-pelus-ayicik-yumusacik-oyuncak-ayi-sevimli-ve-hediye-icin-ideal-25-cm-p-1139703839?boutiqueId=61&merchantId=748085
cocuk:cocuk-kitap,83,896,,35.8,4.2,769831519,113171,769831519:113171,Çocuk Akademi Şimdi Cırt Cırt Ile Uyku Vakti Etkinlik Kitabı,Çocuk Akademi,,154.1,171.22,,InStock,,,,,4.8,,,,"[""Sepette %10 İndirim""]",,listing_only,,https://www.trendyol.com/cocuk-akademi/simdi-cirt-cirt-ile-uyku-vakti-etkinlik-kitabi-p-769831519?boutiqueId=61&merchantId=113171
cocuk:cocuk-oyuncak,35,71,-9,35.4,12.1,729653950,752303,729653950:752303,Evmak Oyuncak Polis Arabası Pilli Çarptıkça Yön Değiştiren Işıklı Sesli Polis Arabası,Evmak,KİNKU,199,,0,InStock,,,,,4.242288961038961,1496,1,,"[""Kargo Bedava""]",Tahmini Teslim:,refreshed,0,https://www.trendyol.com/evmak/oyuncak-polis-arabasi-pilli-carptikca-yon-degistiren-isikli-sesli-polis-arabasi-p-729653950?boutiqueId=61&merchantId=752303
cocuk:cocuk-kitap,34,847,,35.4,14.6,40151430,701468,40151430:701468,Butik Yayıncılık Avucundaki Öpücük,Butik Yayıncılık,,165.8,,,InStock,,,,,4.8,,,,[],,listing_only,,https://www.trendyol.com/butik-yayincilik/avucundaki-opucuk-p-40151430?boutiqueId=61&merchantId=701468
cocuk:cocuk-kitap,141,954,,35.4,4.6,387653625,158005,387653625:158005,yükselen zeka 2 Yaş Etkinlik Kitabım Seti (Z10 Sistemi),yükselen zeka,,164.25,182.5,,InStock,,,,,4.7,,,,"[""Sepette %10 İndirim""]",,listing_only,,https://www.trendyol.com/yukselen-zeka/2-yas-etkinlik-kitabim-seti-z10-sistemi-p-387653625?boutiqueId=61&merchantId=158005
cocuk:cocuk-kitap,51,864,,35.3,2.8,905781378,113171,905781378:113171,Çocuk Akademi 500+ Sticker Kitabım Eğlence Zamanı,Çocuk Akademi,,148.06,161.1,,InStock,,,,,4.7,,,,"[""Son 10 Günün En Düşük Fiyatı""]",,listing_only,,https://www.trendyol.com/cocuk-akademi/500-sticker-kitabim-eglence-zamani-p-905781378?boutiqueId=61&merchantId=113171
cocuk:cocuk-kitap,74,887,,35.2,4.8,834899736,126620,834899736:126620,yükselen zeka 12-36 Ay İlk Fenerli Kitap,yükselen zeka,,244.42,271.58,,InStock,,,,,4.8,,,,"[""Sepette %10 İndirim""]",,listing_only,,https://www.trendyol.com/yukselen-zeka/12-36-ay-ilk-fenerli-kitap-p-834899736?boutiqueId=61&merchantId=126620
cocuk:cocuk-kitap,33,846,,35.1,17.4,1081702827,113171,1081702827:113171,Çocuk Akademi Bebek Kitaplığım,Çocuk Akademi,,292.57,,,InStock,,,,,4.7,,,,[],,listing_only,,https://www.trendyol.com/cocuk-akademi/bebek-kitapligim-p-1081702827?boutiqueId=61&merchantId=113171
cocuk:cocuk-kitap,89,902,,35.1,,1194901086,182678,1194901086:182678,Parlayan Yıldız HAREKETLİ GÖZLER Aktiviteli Boyama Kitabı 4 Kitap Set,Parlayan Yıldız,,484.9,747,,InStock,,,,,,,,,"[""Kargo Bedava"",""Son 10 Günün En Düşük Fiyatı""]",,listing_only,,https://www.trendyol.com/parlayan-yildiz/hareketli-gozler-aktiviteli-boyama-kitabi-4-kitap-set-p-1194901086?boutiqueId=61&merchantId=182678
cocuk:cocuk-oyuncak,30,66,-15,35,25,1148437877,752303,1148437877:752303,KİNKU Örümcek Adam Vantuz Fırlatan Eldiven,KİNKU,KİNKU,159.9,,0,InStock,,,,,3.5833333333333335,73,1,,"[""Kargo Bedava""]",Tahmini Teslim:,refreshed,0,https://www.trendyol.com/kinku/orumcek-adam-vantuz-firlatan-eldiven-p-1148437877?boutiqueId=61&merchantId=752303
cocuk:cocuk-kitap,165,978,,35,5,39809723,408958,39809723:408958,Türkiye İş Bankası Kültür Yayınları Hayvanat Bahçesinde Diş Fırçalama Günü,Türkiye İş Bankası Kültür Yayınları,,70.96,78.85,,InStock,,,,,4.8,,,,"[""Sepette %10 İndirim""]",,listing_only,,https://www.trendyol.com/turkiye-is-bankasi-kultur-yayinlari/hayvanat-bahcesinde-dis-fircalama-gunu-p-39809723?boutiqueId=61&merchantId=408958
cocuk:cocuk-oyuncak,31,67,-24,34.8,22.7,904133582,1274484,904133582:1274484,Fatih FATİH 4 RENK OYUN HAMURU 400 GR,Fatih,GoldLine AVM,124.9,,,InStock,,,,,4.59375,124,2,,"[""125 TL Kupon"",""180,31 TL Kupon"",""165 TL Kupon"",""Kargo Bedava""]",Tahmini Teslim:,refreshed,0,https://www.trendyol.com/fatih/fatih-4-renk-oyun-hamuru-400-gr-p-904133582?boutiqueId=61&merchantId=1274484
cocuk:cocuk-kitap,145,958,,34.8,6.1,868981980,827632,868981980:827632,Magic Water 2'li Set Peri ve Orman Dünyası Water Painting - Sihirli Özel Kalem Ile Boyama Kitabı,Magic Water,,174.5,195.85,,InStock,,,,,4.5,,,,[],,listing_only,,https://www.trendyol.com/magic-water/2-li-set-peri-ve-orman-dunyasi-water-painting-sihirli-ozel-kalem-ile-boyama-kitabi-p-868981980?boutiqueId=61&merchantId=827632
cocuk:cocuk-kitap,134,947,,34.7,5.3,926849794,141484,926849794:141484,Adeda Yayınları Osman Abalı Dikkati Güçlendirme Seti 1 Yaş,Adeda Yayınları,,196.32,218.13,,InStock,,,,,4.6,,,,"[""Sepette %10 İndirim""]",,listing_only,,https://www.trendyol.com/adeda-yayinlari/osman-abali-dikkati-guclendirme-seti-1-yas-p-926849794?boutiqueId=61&merchantId=141484
cocuk:genel-cocuk,33,33,20,34.6,32.5,971393914,809868,971393914:809868,Roomys Kawaii Kore Tarzı Beslenme Çantası İthal Yüksek Kalite Isı Yalıtımlı,Roomys,ROOMYS,539,,0,InStock,Son 3 günde 250+ ürün satıldı!,3,250,83.3,4.734883720930233,113,3,19,"[""Kargo Bedava""]",3 saat 54 dakika içinde sipariş verirsen en geç yarın kargoda!,refreshed,0,https://www.trendyol.com/roomys/kawaii-kore-tarzi-beslenme-cantasi-ithal-yuksek-kalite-isi-yalitimli-p-971393914?boutiqueId=61&merchantId=809868
cocuk:cocuk-kitap,136,949,,34.6,5.4,752756281,113171,752756281:113171,Çocuk Akademi 7 Yaş Etkinlik Seti,Çocuk Akademi,,161.32,179.25,,InStock,,,,,4.8,,,,"[""Sepette %10 İndirim""]",,listing_only,,https://www.trendyol.com/cocuk-akademi/7-yas-etkinlik-seti-p-752756281?boutiqueId=61&merchantId=113171
cocuk:cocuk-kitap,67,880,,34.4,0.4,769829437,113171,769829437:113171,Çocuk Akademi Şimdi Cırt Cırt Ile Yemek Vakti Etkinlik Kitabı,Çocuk Akademi,,154.19,161.88,,InStock,,,,,4.8,,,,"[""Son 10 Günün En Düşük Fiyatı""]",,listing_only,,https://www.trendyol.com/cocuk-akademi/simdi-cirt-cirt-ile-yemek-vakti-etkinlik-kitabi-p-769829437?boutiqueId=61&merchantId=113171
cocuk:cocuk-oyuncak,543,579,,34.3,17.7,3963666,897060,3963666:897060,Redka Akıl Oyunu Reenkli Tangram 7li RD5144,Redka,,257.16,329.8,,InStock,,,,,4.7,,,,"[""Son 10 Günün En Düşük Fiyatı""]",,listing_only,,https://www.trendyol.com/redka/akil-oyunu-reenkli-tangram-7li-rd5144-p-3963666?boutiqueId=61&merchantId=897060
cocuk:cocuk-oyuncak,317,353,,34.2,15.8,117831753,1127325,117831753:1127325,Circle Toys Animals Mix&match Karıştır&eşleştir Hayvanlar,Circle Toys,,349.9,437.38,,InStock,,,,,4.8,,,,"[""Sepette %20 İndirim""]",,listing_only,,https://www.trendyol.com/circle-toys/animals-mix-match-karistir-eslestir-hayvanlar-p-117831753?boutiqueId=61&merchantId=1127325
cocuk:cocuk-kitap,52,865,,34,2.7,696765491,158005,696765491:158005,yükselen zeka Kes Yapıştır - Makaslı Kitap Seti (Makas Hediyeli) (3-6 Yaş),yükselen zeka,,184.39,197.7,,InStock,,,,,4.8,,,,"[""Son 10 Günün En Düşük Fiyatı""]",,listing_only,,https://www.trendyol.com/yukselen-zeka/kes-yapistir-makasli-kitap-seti-makas-hediyeli-3-6-yas-p-696765491?boutiqueId=61&merchantId=158005
cocuk:cocuk-oyuncak,282,318,-94,33.9,21.1,1188091772,108518,1188091772:108518,ThinkMaster Fırfırik Kinetik Top Duyusal Oyuncak Bas Döndür Stres Topu Spinner Ball Fidget Toy,ThinkMaster,Hubsan,186.75,249,-25,InStock,,,,,2.8,12,0,4,"[""Sepette %25 İndirim""]",14 saat 49 dakika içinde sipariş verirsen en geç yarın kargoda!,carried_forward,4,https://www.trendyol.com/thinkmaster/firfirik-kinetik-top-duyusal-oyuncak-bas-dondur-stres-topu-spinner-ball-fidget-toy-p-1188091772?boutiqueId=61&merchantId=108518
cocuk:cocuk-kitap,55,868,,33.7,6.3,936863460,113171,936863460:113171,Çocuk Akademi Mıknatıslı Harfler,Çocuk Akademi,,169.3,188.11,,InStock,,,,,4.7,,,,"[""Sepette %10 İndirim""]",,listing_only,,https://www.trendyol.com/cocuk-akademi/miknatisli-harfler-p-936863460?boutiqueId=61&merchantId=113171
cocuk:cocuk-oyuncak,438,474,-223,33.6,16.4,871934040,1127325,871934040:1127325,Circle Toys İngilizce Konuşan Sesli Flash Eğitim Kartları 224 Kart - Mavi,Circle Toys,Circle Toys,518.3,647.88,-20,InStock,,,,,4.6,49,0,30,"[""Sepette %20 İndirim"",""Kargo Bedava""]",1 saat 50 dakika içinde sipariş verirsen en geç bugün kargoda!,carried_forward,7,https://www.trendyol.com/circle-toys/ingilizce-konusan-sesli-flash-egitim-kartlari-224-kart-mavi-p-871934040?boutiqueId=61&merchantId=1127325
cocuk:cocuk-kitap,130,943,,33.5,6.5,834825044,1177172,834825044:1177172,Tandem Yayınları KÜLTÜRÜMÜZDEN SEÇMELER ( 20 KİTAP ),Tandem Yayınları,,166.41,184.9,,InStock,,,,,4.7,,,,"[""Sepette %10 İndirim""]",,listing_only,,https://www.trendyol.com/tandem-yayinlari/kulturumuzden-secmeler-20-kitap-p-834825044?boutiqueId=61&merchantId=1177172
cocuk:cocuk-oyuncak,154,190,,33.1,2.7,659998791,701710,659998791:701710,Genel Markalar Oyun Arkadaşım Peluş Zürafa 100 cm Eğitici Oyuncaklar Uyku Arkadaşı Zürafa,Genel Markalar,Seher Bebe Butik,556,590,,InStock,,,,,4.609103448275862,2577,,,"[""20 TL Kupon"",""Kargo Bedava"",""Son 10 Günün En Düşük Fiyatı"",""Son 10 günün en düşük fiyatı""]",Tahmini Teslim:,refreshed,0,https://www.trendyol.com/genel-markalar/oyun-arkadasim-pelus-zurafa-100-cm-egitici-oyuncaklar-uyku-arkadasi-zurafa-p-659998791?boutiqueId=61&merchantId=701710
cocuk:cocuk-kitap,68,881,,33.1,6.1,286155689,113171,286155689:113171,Çocuk Akademi Ilk Adım Zeka Kartı Meyve-sebze,Çocuk Akademi,,119.42,131.5,,InStock,,,,,4.8,,,,"[""Son 10 Günün En Düşük Fiyatı""]",,listing_only,,https://www.trendyol.com/cocuk-akademi/ilk-adim-zeka-karti-meyve-sebze-p-286155689?boutiqueId=61&merchantId=113171
cocuk:cocuk-kitap,163,976,,32.8,15,1091066666,113171,1091066666:113171,Çocuk Akademi Boyama Kitabım Taşıtlar,Çocuk Akademi,,101.4,123.34,,InStock,,,,,4.6,,,,"[""Son 10 Günün En Düşük Fiyatı"",""Süper Fırsat Ürünü""]",,listing_only,,https://www.trendyol.com/cocuk-akademi/boyama-kitabim-tasitlar-p-1091066666?boutiqueId=61&merchantId=113171
cocuk:cocuk-kitap,99,912,,32.7,1.7,276981077,126620,276981077:126620,yükselen zeka Yükselen Zeka Cırt Cırtlı Tuvalet Eğitimi Kitabım,yükselen zeka,,275.95,288.68,,InStock,,,,,4.7,,,,"[""Son 10 Günün En Düşük Fiyatı""]",,listing_only,,https://www.trendyol.com/yukselen-zeka/yukselen-zeka-cirt-cirtli-tuvalet-egitimi-kitabim-p-276981077?boutiqueId=61&merchantId=126620
cocuk:cocuk-oyuncak,757,793,,32.6,22.4,1178564330,1179105,1178564330:1179105,Lemut 10460 duble yeşil Plaka (Zemin) - duble yeşil Zemin 10460 - 25cmx25cm ebatlarında,Lemut,,163.12,217.5,,InStock,,,,,5,,,,"[""Sepette %25 İndirim"",""Süper Fırsat Ürünü""]",,listing_only,,https://www.trendyol.com/lemut/10460-duble-yesil-plaka-zemin-duble-yesil-zemin-10460-25cmx25cm-ebatlarinda-p-1178564330?boutiqueId=61&merchantId=1179105
cocuk:cocuk-oyuncak,387,423,-142,32.5,13.7,1054690806,107220,1054690806:107220,Volty Beyaz Gürültü Makinesi 21 Farklı Ses Rahatlatıcı Radyasyon İçermeyen Uyku Arkadaşı Şarjlı Işıklı,Volty,Yakınında,1919,2290,-16.2,InStock,,,,,4.6,107,0,93,"[""Kargo Bedava""]",5 saat 50 dakika içinde sipariş verirsen en geç bugün kargoda!,carried_forward,7,https://www.trendyol.com/volty/beyaz-gurultu-makinesi-21-farkli-ses-rahatlatici-radyasyon-icermeyen-uyku-arkadasi-sarjli-isikli-p-1054690806?boutiqueId=61&merchantId=107220
cocuk:cocuk-oyuncak,344,380,-233,32.3,2.2,129482966,109486,129482966:109486,Furkan Toys Cool Wheels Twist Led Işıklı 3 Tekerlekli Yükseklik Ayarlı SARI Scooter,Furkan Toys,Oyuncak Paketim,949,994,3.5,InStock,,,,,4.6,,,666,"[""Kargo Bedava"",""Son 10 Günün En Düşük Fiyatı""]",1 saat 52 dakika içinde sipariş verirsen en geç bugün kargoda!,carried_forward,14,https://www.trendyol.com/furkan-toys/cool-wheels-twist-led-isikli-3-tekerlekli-yukseklik-ayarli-sari-scooter-p-129482966?boutiqueId=61&merchantId=109486
cocuk:cocuk-oyuncak,395,431,-214,32.3,17.7,1172080090,1257762,1172080090:1257762,Joo Toys 85 Parça Yapı Blokları Seti – Eğitici ve Eğlenceli Multi Blok Oyuncak - Oyun Keyfini İkiye Katlayan Tren!,Joo Toys,Joo Toys,268.79,335.99,-20,InStock,,,,,4,33,0,,"[""Sepette %20 İndirim""]",Tahmini Teslim:,carried_forward,3,https://www.trendyol.com/joo-toys/85-parca-yapi-bloklari-seti-egitici-ve-eglenceli-multi-blok-oyuncak-oyun-keyfini-ikiye-katlayan-tren-p-1172080090?boutiqueId=61&merchantId=1257762
cocuk:cocuk-kitap,137,950,,32.3,11.3,1138804570,1078313,1138804570:1078313,Minolio Sihirli Defter Magic Learn Oluklu Sihirli Yazı Seti – 4 Kitap + Sihirli Kalem Hediyeli,Minolio,,635.95,735.95,,InStock,,,,,4.5,,,,"[""Kargo Bedava""]",,listing_only,,https://www.trendyol.com/minolio/sihirli-defter-magic-learn-oluklu-sihirli-yazi-seti-4-kitap-sihirli-kalem-hediyeli-p-1138804570?boutiqueId=61&merchantId=1078313
cocuk:cocuk-kitap,102,915,,32,8,44337040,270633,44337040:270633,GÖNÜL YAYINCILIK Eğitici Öğretici Boyama - Ince Boyama 1 Kitap,GÖNÜL YAYINCILIK,,13.5,15,,InStock,,,,,4.6,,,,"[""Sepette %10 İndirim""]",,listing_only,,https://www.trendyol.com/gonul-yayincilik/egitici-ogretici-boyama-ince-boyama-1-kitap-p-44337040?boutiqueId=61&merchantId=270633
cocuk:cocuk-oyuncak,429,465,,31.9,12.2,34804904,497547,34804904:497547,Genel Markalar Rüzgar Gülü 7 Kanat 20 Cm,Genel Markalar,,158.88,185,,InStock,,,,,4.4,,,,"[""Son 10 Günün En Düşük Fiyatı""]",,listing_only,,https://www.trendyol.com/genel-markalar/ruzgar-gulu-7-kanat-20-cm-p-34804904?boutiqueId=61&merchantId=497547
cocuk:cocuk-oyuncak,631,667,,31.9,18.1,1111781845,1270911,1111781845:1270911,BBSKY Montessori Matematik Dengesi Kurbağalı Terazi - Eğitici Sayı Sayma ve Zeka Gelişim Oyunu,BBSKY,,499,623.75,,InStock,,,,,4.4,,,,"[""Sepette %20 İndirim"",""Kargo Bedava""]",,listing_only,,https://www.trendyol.com/bbsky/montessori-matematik-dengesi-kurbagali-terazi-egitici-sayi-sayma-ve-zeka-gelisim-oyunu-p-1111781845?boutiqueId=61&merchantId=1270911
cocuk:cocuk-oyuncak,711,747,,31.8,23.2,1099349126,1179105,1099349126:1179105,Lemut Puzzle City 3d Yapı Ve Tasarım Blokları 64 Parça Eğitici Oyuncak,Lemut,,186,248,,InStock,,,,,3,,,,"[""Sepette %25 İndirim"",""Süper Fırsat Ürünü""]",,listing_only,,https://www.trendyol.com/lemut/puzzle-city-3d-yapi-ve-tasarim-bloklari-64-parca-egitici-oyuncak-p-1099349126?boutiqueId=61&merchantId=1179105
cocuk:cocuk-oyuncak,697,733,,31.6,15,1137437914,968,1137437914:968,LEGO ® Botanicals Lale Buketi 11501 - Yetişkinler için Dekoratif Model Yapım Seti (576 Parça),LEGO,,2100.59,2519.3,,InStock,,,,,4.7,,,,"[""Son 10 Günün En Düşük Fiyatı"",""Süper Fırsat Ürünü""]",,listing_only,,https://www.trendyol.com/lego/botanicals-lale-buketi-11501-yetiskinler-icin-dekoratif-model-yapim-seti-576-parca-p-1137437914?boutiqueId=690823&merchantId=968
cocuk:cocuk-kitap,92,905,,31.6,1.8,217393105,1177172,217393105:1177172,Mercek Yayıncılık 1. Sınıflar Için Tavsiyeli Kolay Okuma ve Hikaye Seti Tam 23 Adet,Mercek Yayıncılık,,185.44,192,,InStock,,,,,4.6,,,,"[""Son 10 Günün En Düşük Fiyatı""]",,listing_only,,https://www.trendyol.com/mercek-yayincilik/1-siniflar-icin-tavsiyeli-kolay-okuma-ve-hikaye-seti-tam-23-adet-p-217393105?boutiqueId=61&merchantId=1177172
cocuk:cocuk-kitap,157,970,,31.6,5.8,415967262,113171,415967262:113171,Çocuk Akademi Start Up English,Çocuk Akademi,,87.37,94.37,,InStock,,,,,4.8,,,,"[""Son 10 Günün En Düşük Fiyatı""]",,listing_only,,https://www.trendyol.com/cocuk-akademi/start-up-english-p-415967262?boutiqueId=61&merchantId=113171
cocuk:cocuk-oyuncak,36,72,-2,31.3,13.7,964444091,239850,964444091:239850,My Kids Room Kişiye Özel İsimlikli Araba Rafı 50'li Beyaz Renk (HOTWHEELS VE MATCBOX ARABALARI IÇİN UYGUNDUR),My Kids Room,My Kids Room,299.9,,0,InStock,,,,,3.875504710632571,820,0,,"[""Kargo Bedava""]",Tahmini Teslim:,refreshed,0,https://www.trendyol.com/my-kids-room/kisiye-ozel-isimlikli-araba-rafi-50-li-beyaz-renk-hotwheels-ve-matcbox-arabalari-icin-uygundur-p-964444091?boutiqueId=61&merchantId=239850
cocuk:cocuk-oyuncak,710,746,,31.2,14.6,900541346,408958,900541346:408958,LEGO ® Classic Sihirli Saydam Kutu 11040 – 5 Yaş ve Üzeri Çocuklar için Yapım Seti (340 Parça),LEGO,,800,950,,InStock,,,,,4.9,,,,"[""Kargo Bedava"",""Son 10 Günün En Düşük Fiyatı""]",,listing_only,,https://www.trendyol.com/lego/classic-sihirli-saydam-kutu-11040-5-yas-ve-uzeri-cocuklar-icin-yapim-seti-340-parca-p-900541346?boutiqueId=61&merchantId=408958
cocuk:cocuk-kitap,36,849,,31.1,18.9,1035263217,113171,1035263217:113171,Çocuk Akademi SEVGİLİ ANNEM,Çocuk Akademi,,54.43,57.3,,InStock,,,,,4.8,,,,"[""Son 10 Günün En Düşük Fiyatı""]",,listing_only,,https://www.trendyol.com/cocuk-akademi/sevgili-annem-p-1035263217?boutiqueId=61&merchantId=113171
cocuk:cocuk-oyuncak,287,323,-93,30.7,12.7,682914442,484263,682914442:484263,Misket 100 Adet Fileli Cam Oyuncak,Misket,ŞAMPİYON TİCARET OKEY TAŞI BOYASI,129.8,149.9,,InStock,,,,,4.1,143,0,41,"[""Son 10 Günün En Düşük Fiyatı""]",14 saat 50 dakika içinde sipariş verirsen en geç yarın kargoda!,carried_forward,6,https://www.trendyol.com/misket/100-adet-fileli-cam-oyuncak-p-682914442?boutiqueId=61&merchantId=484263
cocuk:cocuk-oyuncak,685,721,,30.7,10.2,793711890,239850,793711890:239850,ReFason Desing Ahşap Araba Rafı 25'li Beyaz Renk (Hotwheels ve Matcbox Arabaları Için Uygundur),ReFason Desing,,178.16,199.9,,InStock,,,,,4.3,,,,"[""Son 10 Günün En Düşük Fiyatı""]",,listing_only,,https://www.trendyol.com/refason-desing/ahsap-araba-rafi-25-li-beyaz-renk-hotwheels-ve-matcbox-arabalari-icin-uygundur-p-793711890?boutiqueId=61&merchantId=239850
cocuk:cocuk-oyuncak,386,422,,30.4,12,73643602,104968,73643602:104968,Kiki Sevimli Kule Oyunu,Kiki,,137.55,156.99,,InStock,,,,,4.6,,,,"[""Son 10 Günün En Düşük Fiyatı""]",,listing_only,,https://www.trendyol.com/kiki/sevimli-kule-oyunu-p-73643602?boutiqueId=61&merchantId=104968
cocuk:cocuk-kitap,69,882,,30.3,0,771204501,113171,771204501:113171,Çocuk Akademi 2 Yaş Cırt Cırtlı Etkinlik Kitabı,Çocuk Akademi,,157.96,,,InStock,,,,,4.8,,,,[],,listing_only,,https://www.trendyol.com/cocuk-akademi/2-yas-cirt-cirtli-etkinlik-kitabi-p-771204501?boutiqueId=61&merchantId=113171
cocuk:cocuk-kitap,177,990,,30.3,9.7,953847237,127712,953847237:127712,Dikkat Atölyesi Yayınları Kılavuz Çizgili Dik Temel Harflerle Alfabe Yazma Çalışması,Dikkat Atölyesi Yayınları,,88.95,98.83,,InStock,,,,,4.8,,,,"[""Sepette %10 İndirim""]",,listing_only,,https://www.trendyol.com/dikkat-atolyesi-yayinlari/kilavuz-cizgili-dik-temel-harflerle-alfabe-yazma-calismasi-p-953847237?boutiqueId=61&merchantId=127712
cocuk:genel-cocuk,35,35,-17,30.2,31.9,971399014,809868,971399014:809868,Roomys Kawaii Kore Tarzı Beslenme Çantası İthal Yüksek Kalite Isı Yalıtımlı,Roomys,ROOMYS,1399,,159.6,InStock,Son 3 günde 250+ ürün satıldı!,3,250,83.3,4.614678899082569,99,3,41,"[""Kargo Bedava"",""Peşin Fiyatına 3 Taksit""]",3 saat 54 dakika içinde sipariş verirsen en geç yarın kargoda!,refreshed,0,https://www.trendyol.com/roomys/kawaii-kore-tarzi-beslenme-cantasi-ithal-yuksek-kalite-isi-yalitimli-p-971399014?boutiqueId=61&merchantId=809868
cocuk:cocuk-kitap,59,872,,30.2,0.8,744268625,126620,744268625:126620,yükselen zeka Tükenmeyen Sticker Kitabım (100+ Tekrar Tekrar Kullanılabilen Sticker),yükselen zeka,,260.43,263.06,,InStock,,,,,4.4,,,,"[""Son 10 Günün En Düşük Fiyatı""]",,listing_only,,https://www.trendyol.com/yukselen-zeka/tukenmeyen-sticker-kitabim-100-tekrar-tekrar-kullanilabilen-sticker-p-744268625?boutiqueId=61&merchantId=126620
cocuk:cocuk-kitap,44,857,,29.9,5.7,861895447,126620,861895447:126620,yükselen zeka Bebeğim Konuşuyor Seti (12-36 Ay),yükselen zeka,,288.12,295.83,,InStock,,,,,4.8,,,,"[""Son 10 Günün En Düşük Fiyatı""]",,listing_only,,https://www.trendyol.com/yukselen-zeka/bebegim-konusuyor-seti-12-36-ay-p-861895447?boutiqueId=61&merchantId=126620
cocuk:cocuk-oyuncak,396,432,,29.8,25.2,1172603199,1179105,1172603199:1179105,Lemut Ayıcık Şekil Yerleştirme Oyunu Plastik Montessori Eğitici Oyuncak | 3+ Yaş | El-Göz Koordinasyonu ve Şekil Öğrenimi ne,Lemut,,139.5,186,,InStock,,,,,3.3,,,,"[""Sepette %25 İndirim"",""Süper Fırsat Ürünü""]",,listing_only,,https://www.trendyol.com/lemut/ayicik-sekil-yerlestirme-oyunu-plastik-montessori-egitici-oyuncak-3-yas-el-goz-koordinasyonu-ve-sekil-ogrenimi-ne-p-1172603199?boutiqueId=61&merchantId=1179105
cocuk:cocuk-oyuncak,703,739,,29.8,11.4,334774834,552304,334774834:552304,Schmülzer 6 Adet Çıngırak Seti Bebekler Için- Güvenli Kullanım,Schmülzer,,309.81,349,,InStock,,,,,4.7,,,,"[""Son 10 Günün En Düşük Fiyatı""]",,listing_only,,https://www.trendyol.com/schmulzer/6-adet-cingirak-seti-bebekler-icin-guvenli-kullanim-p-334774834?boutiqueId=61&merchantId=552304
cocuk:cocuk-kitap,169,982,,29.7,0.3,771407039,113171,771407039:113171,Çocuk Akademi 3 Yaş Cırt Cırtlı Etkinlik Kitabı,Çocuk Akademi,,174.21,,,InStock,,,,,4.8,,,,[],,listing_only,,https://www.trendyol.com/cocuk-akademi/3-yas-cirt-cirtli-etkinlik-kitabi-p-771407039?boutiqueId=61&merchantId=113171
cocuk:cocuk-oyuncak,557,593,,29.5,8.7,3233657,119177,3233657:119177,Genel Markalar Poşetli Türkçe Pilli Direksiyon,Genel Markalar,,180,196,,InStock,,,,,4.1,,,,"[""Son 10 Günün En Düşük Fiyatı""]",,listing_only,,https://www.trendyol.com/genel-markalar/posetli-turkce-pilli-direksiyon-p-3233657?boutiqueId=61&merchantId=119177
cocuk:cocuk-kitap,171,984,,29.5,3.3,652296521,126620,652296521:126620,yükselen zeka Yükselen Eğlenceli Çocuk Atlası 34x25 dev ciltli,yükselen zeka,,261.36,268.91,,InStock,,,,,4.8,,,,"[""Son 10 Günün En Düşük Fiyatı""]",,listing_only,,https://www.trendyol.com/yukselen-zeka/yukselen-eglenceli-cocuk-atlasi-34x25-dev-ciltli-p-652296521?boutiqueId=61&merchantId=126620
cocuk:cocuk-oyuncak,408,444,,29.4,0.6,51248491,190370,51248491:190370,Spiderman Örümcek Adam Vantuz Fırlatan Eldiven,Spiderman,,180.5,,,InStock,,,,,3.6,,,,[],,listing_only,,https://www.trendyol.com/spiderman/orumcek-adam-vantuz-firlatan-eldiven-p-51248491?boutiqueId=61&merchantId=190370
cocuk:cocuk-kitap,139,952,,29.4,5.2,932108840,113171,932108840:113171,Çocuk Akademi Mahallenin Haylazları Dolu Dolu 10 Kitap Hikaye Serisi,Çocuk Akademi,,180.53,189.18,,InStock,,,,,4.7,,,,"[""Son 10 Günün En Düşük Fiyatı""]",,listing_only,,https://www.trendyol.com/cocuk-akademi/mahallenin-haylazlari-dolu-dolu-10-kitap-hikaye-serisi-p-932108840?boutiqueId=61&merchantId=113171
cocuk:cocuk-oyuncak,261,297,-125,29.3,0.7,383104633,108518,383104633:108518,ThinkMaster Vakum Molekül 25 Parça Yapı Taşları Fidget Duyusal Eğitici Oyuncak,ThinkMaster,Hubsan,299,,0,InStock,,,,,4.547543387924713,4534,-9,79,"[""Sepette %25 İndirim"",""Kargo Bedava""]",Tahmini Teslim:,refreshed,0,https://www.trendyol.com/thinkmaster/vakum-molekul-25-parca-yapi-taslari-fidget-duyusal-egitici-oyuncak-p-383104633?boutiqueId=61&merchantId=108518
cocuk:cocuk-kitap,41,854,,29.3,5.2,300213149,113171,300213149:113171,Çocuk Akademi Ilkadım 2 Yaş Dikkat Seti,Çocuk Akademi,,254.45,,,InStock,,,,,4.7,,,,[],,listing_only,,https://www.trendyol.com/cocuk-akademi/ilkadim-2-yas-dikkat-seti-p-300213149?boutiqueId=61&merchantId=113171
cocuk:cocuk-oyuncak,494,530,,29.2,20.8,1178541740,1270911,1178541740:1270911,MagX Işıklı Müzikli Otomatik Merdiven Çıkan Ördek Kaydırak Oyuncağı Eğitici 3+ Yaş Sarı,MagX,,699,873.75,,InStock,,,,,4.2,,,,"[""Sepette %20 İndirim"",""100 TL Kupon"",""Kargo Bedava"",""Süper Fırsat Ürünü""]",,listing_only,,https://www.trendyol.com/magx/isikli-muzikli-otomatik-merdiven-cikan-ordek-kaydirak-oyuncagi-egitici-3-yas-sari-p-1178541740?boutiqueId=61&merchantId=1270911
cocuk:cocuk-kitap,164,977,,29.2,10.8,893305794,113171,893305794:113171,Çocuk Akademi Kreşe Gidiyorum Cırtlı Etkinlik Kitabı,Çocuk Akademi,,127.64,141.82,,InStock,,,,,4.8,,,,"[""Sepette %10 İndirim""]",,listing_only,,https://www.trendyol.com/cocuk-akademi/krese-gidiyorum-cirtli-etkinlik-kitabi-p-893305794?boutiqueId=61&merchantId=113171
cocuk:cocuk-oyuncak,158,194,-36,29.1,8.6,864913901,314010,864913901:314010,SAZE Esnek Tırtıl + Bultak 14 parça +Sevimli Kule 6 + 10 ADET HAVUZ TOPU HEDİYEMİZDİR GELİŞİM SETİ 4 LÜ,SAZE,ŞAZE SHOP,422,457.43,0,InStock,,,,,4.653925619834711,469,1,70,"[""Kargo Bedava"",""Son 10 Günün En Düşük Fiyatı"",""Sepette %20 İndirim"",""Son 10 günün en düşük fiyatı"",""Trendyol Plus'a Özel""]",3 saat 48 dakika içinde sipariş verirsen en geç yarın kargoda!,refreshed,0,https://www.trendyol.com/saze/esnek-tirtil-bultak-14-parca-sevimli-kule-6-10-adet-havuz-topu-hediyemizdir-gelisim-seti-4-lu-p-864913901?boutiqueId=61&merchantId=314010
cocuk:cocuk-oyuncak,199,235,-17,29.1,4.9,467015420,968,467015420:968,LEGO ® Speed Champions Daha Hızlı Daha Öfkeli Nissan Skyline GT-R (R34) 76917 (319 Parça),LEGO,Trendyol,1227,1278.27,,InStock,,,,,4.733006306937632,1389,4,,"[""Son 10 Günün En Düşük Fiyatı"",""Son 10 günün en düşük fiyatı""]",Tahmini Teslim:,refreshed,0,https://www.trendyol.com/lego/speed-champions-daha-hizli-daha-ofkeli-nissan-skyline-gt-r-r34-76917-319-parca-p-467015420?boutiqueId=689716&merchantId=968
cocuk:cocuk-oyuncak,581,617,-392,28.9,1.1,135912342,753968,135912342:753968,Zeno Buz Kırma Oyunu Buz Küpü Poşetli,Zeno,ESPRİTOYS,122.98,,-2,InStock,,,,,4.295650980930168,4091,-19,,"[""Sepette %30 İndirim"",""Kargo Bedava"",""Son 10 Günün En Düşük Fiyatı""]",Tahmini Teslim:,refreshed,0,https://www.trendyol.com/zeno/buz-kirma-oyunu-buz-kupu-posetli-p-135912342?boutiqueId=61&merchantId=753968
cocuk:cocuk-kitap,46,859,,28.9,3.1,33368786,428087,33368786:428087,Bebeklik Yayınları Bu Çocuk Aç!,Bebeklik Yayınları,,310.52,,,InStock,,,,,4.6,,,,"[""Sepette %10 İndirim""]",,listing_only,,https://www.trendyol.com/bebeklik-yayinlari/bu-cocuk-ac-p-33368786?boutiqueId=61&merchantId=428087
cocuk:cocuk-oyuncak,500,536,-401,28.8,6.5,137975483,104968,137975483:104968,Dolu Su Ve Kum Aktivite Masası Kırmızı 3070,Dolu,Happy Center,1515,1599.99,-5.3,InStock,,,,,4.744962579159471,858,14,,"[""50 TL Kupon"",""Kargo Bedava"",""Son 10 Günün En Düşük Fiyatı"",""Peşin Fiyatına 3 Taksit"",""Son 10 günün en düşük fiyatı""]",3 saat 43 dakika içinde sipariş verirsen en geç yarın kargoda!,refreshed,0,https://www.trendyol.com/dolu/su-ve-kum-aktivite-masasi-kirmizi-3070-p-137975483?boutiqueId=61&merchantId=104968
cocuk:cocuk-oyuncak,586,622,,28.8,26.2,1099661771,1179105,1099661771:1179105,Lemut Molekül İnşaa Seti 5 Renk Yaratıcı Oyuncak Kar Tanesi Yapı Taşları (Yeni Versiyon),Lemut,,186,248,,InStock,,,,,5,,,,"[""Sepette %25 İndirim"",""Süper Fırsat Ürünü""]",,listing_only,,https://www.trendyol.com/lemut/molekul-insaa-seti-5-renk-yaratici-oyuncak-kar-tanesi-yapi-taslari-yeni-versiyon-p-1099661771?boutiqueId=61&merchantId=1179105
cocuk:cocuk-oyuncak,78,114,-35,28.7,1.3,803890758,357212,803890758:357212,Go Toys Mind Chess Hafıza Oyunu Renklerle Hafıza Ve Zihin Geliştirme Satrancı Memory,Go Toys,Shopist,229,,0,InStock,,,,,4.594303528411507,3824,0,,"[""Sepette %30 İndirim"",""Kargo Bedava""]",Tahmini Teslim:,refreshed,0,https://www.trendyol.com/go-toys/mind-chess-hafiza-oyunu-renklerle-hafiza-ve-zihin-gelistirme-satranci-memory-p-803890758?boutiqueId=61&merchantId=357212
cocuk:cocuk-kitap,70,883,,28.7,7.4,900536842,113171,900536842:113171,Çocuk Akademi Çocuk Akademi Boyama Kitabım Hayvanlar,Çocuk Akademi,,66.03,70.29,,InStock,,,,,4.7,,,,"[""Son 10 Günün En Düşük Fiyatı""]",,listing_only,,https://www.trendyol.com/cocuk-akademi/cocuk-akademi-boyama-kitabim-hayvanlar-p-900536842?boutiqueId=61&merchantId=113171
cocuk:cocuk-kitap,120,933,,28.7,4.4,688388341,113171,688388341:113171,Çocuk Akademi Kes Boya Yapıştır Giysiler Kitabı,Çocuk Akademi,,127.27,131.34,,InStock,,,,,4.8,,,,"[""Son 10 Günün En Düşük Fiyatı""]",,listing_only,,https://www.trendyol.com/cocuk-akademi/kes-boya-yapistir-giysiler-kitabi-p-688388341?boutiqueId=61&merchantId=113171
cocuk:cocuk-oyuncak,630,666,,28.6,21.4,1164807244,1127325,1164807244:1127325,Circle Toys Ahşap Tetris Zeka Oyunu – Montessori Eğitici Renkli Geometrik Bulmaca Puzzle,Circle Toys,,199.8,249.75,,InStock,,,,,4.5,,,,"[""Sepette %20 İndirim""]",,listing_only,,https://www.trendyol.com/circle-toys/ahsap-tetris-zeka-oyunu-montessori-egitici-renkli-geometrik-bulmaca-puzzle-p-1164807244?boutiqueId=61&merchantId=1127325
cocuk:cocuk-kitap,64,877,,28.6,1.4,825996549,113171,825996549:113171,Çocuk Akademi ŞİMDİ CIRT CIRT VAKTİ 9-16 AY BABY BOY,Çocuk Akademi,,165.89,,,InStock,,,,,4.5,,,,[],,listing_only,,https://www.trendyol.com/cocuk-akademi/simdi-cirt-cirt-vakti-9-16-ay-baby-boy-p-825996549?boutiqueId=61&merchantId=113171
cocuk:cocuk-kitap,182,995,,28.6,1.4,586003711,113171,586003711:113171,Çocuk Akademi Yaz Sil Serisi-2,Çocuk Akademi,,247.31,,,InStock,,,,,4.7,,,,[],,listing_only,,https://www.trendyol.com/cocuk-akademi/yaz-sil-serisi-2-p-586003711?boutiqueId=61&merchantId=113171
cocuk:cocuk-oyuncak,541,577,,28.4,8.6,42683688,699994,42683688:699994,Genel Markalar Uçak Metal Çek Bırak Sesli Thy Yolcu Uçağı,Genel Markalar,,411.99,443,,InStock,,,,,4.2,,,,"[""Kargo Bedava""]",,listing_only,,https://www.trendyol.com/genel-markalar/ucak-metal-cek-birak-sesli-thy-yolcu-ucagi-p-42683688?boutiqueId=61&merchantId=699994
cocuk:cocuk-oyuncak,288,324,,28.3,9.1,839322799,1138729,839322799:1138729,Happy Toys Bebek Su Matı Karın Zamanı Şişme Su Oyun Matı Duyusal 3-12 Ay Bebek,Happy Toys,,277,299,,InStock,,,,,4,,,,[],,listing_only,,https://www.trendyol.com/happy-toys/bebek-su-mati-karin-zamani-sisme-su-oyun-mati-duyusal-3-12-ay-bebek-p-839322799?boutiqueId=61&merchantId=1138729
cocuk:cocuk-oyuncak,310,346,,28.3,1.7,236892818,109486,236892818:109486,Furkan Toys Cool Wheels Led Işıklı Oturaklı Mavi Combo Scooter,Furkan Toys,,2047,,,InStock,,,,,4.5,,,,"[""Kargo Bedava""]",,listing_only,,https://www.trendyol.com/furkan-toys/cool-wheels-led-isikli-oturakli-mavi-combo-scooter-p-236892818?boutiqueId=61&merchantId=109486
cocuk:cocuk-oyuncak,645,681,,28.3,4.3,896556448,113171,896556448:113171,Çocuk Akademi Mıknatıslı Yapboz Sayılar,Çocuk Akademi,,155.74,159.97,,InStock,,,,,4.7,,,,"[""Son 10 Günün En Düşük Fiyatı""]",,listing_only,,https://www.trendyol.com/cocuk-akademi/miknatisli-yapboz-sayilar-p-896556448?boutiqueId=61&merchantId=113171
cocuk:cocuk-oyuncak,654,690,,28.3,21.4,1119824812,1230100,1119824812:1230100,PAKİTO 12'li Çocuk Antrenman Koordinasyon Çanak Seti | Futbol-Paten Aktivite Oyun seti,PAKİTO,,199.95,249,,InStock,,,,,4.6,,,,"[""Son 10 Günün En Düşük Fiyatı""]",,listing_only,,https://www.trendyol.com/pakito/12-li-cocuk-antrenman-koordinasyon-canak-seti-futbol-paten-aktivite-oyun-seti-p-1119824812?boutiqueId=61&merchantId=1230100
cocuk:cocuk-kitap,60,873,,28.3,1.7,302233375,113171,302233375:113171,Çocuk Akademi 3 Yaş Dikkat Seti,Çocuk Akademi,,255.63,,,InStock,,,,,4.8,,,,[],,listing_only,,https://www.trendyol.com/cocuk-akademi/3-yas-dikkat-seti-p-302233375?boutiqueId=61&merchantId=113171
cocuk:cocuk-oyuncak,770,806,,28.2,9.5,52529195,968,52529195:968,LEGO ® DUPLO Classic Lüks Yapım Parçası Kutusu 10914 - Çocuklar için Oyuncak Yapım Seti (85 Parça),LEGO,,1844.1,1999,,InStock,,,,,4.8,,,,"[""Son 10 Günün En Düşük Fiyatı""]",,listing_only,,https://www.trendyol.com/lego/duplo-classic-luks-yapim-parcasi-kutusu-10914-cocuklar-icin-oyuncak-yapim-seti-85-parca-p-52529195?boutiqueId=690823&merchantId=968
cocuk:cocuk-kitap,172,985,,28.2,3.8,33271352,597575,33271352:597575,Türkiye İş Bankası Kültür Yayınları İş Bankası Kültür Yayınları Küçük Meşe Palamudu – Doğanın Eşsiz Hikâyeleri 2 - Melanie Joyce,Türkiye İş Bankası Kültür Yayınları,,84.25,85.97,,InStock,,,,,4.8,,,,"[""Sepette %2 İndirim""]",,listing_only,,https://www.trendyol.com/turkiye-is-bankasi-kultur-yayinlari/is-bankasi-kultur-yayinlari-kucuk-mese-palamudu-doganin-essiz-hikayeleri-2-melanie-joyce-p-33271352?boutiqueId=61&merchantId=597575
cocuk:cocuk-oyuncak,126,162,-11,28,12.6,973753247,744768,973753247:744768,Nandy Home Taçlı Penguen Model Karakter Figürü 3D Yapı Oyuncakları,Nandy Home,Nandy Kids,124.79,139.51,-2,InStock,,,,,4.673239436619719,148,0,,"[""Son 10 Günün En Düşük Fiyatı"",""Kargo Bedava"",""Son 10 günün en düşük fiyatı""]",Tahmini Teslim:,refreshed,0,https://www.trendyol.com/nandy-home/tacli-penguen-model-karakter-figuru-3d-yapi-oyuncaklari-p-973753247?boutiqueId=61&merchantId=744768
cocuk:cocuk-oyuncak,205,241,-39,28,2,104198178,126620,104198178:126620,yükselen zeka Çarpma Öğreten Oyuncak,yükselen zeka,YÜKSELEN ZEKA,399,,0,InStock,,,,,4.783783783783783,3156,-3,242,"[""Sepette %25 İndirim"",""Süper Fırsat Ürünü"",""Kargo Bedava""]",Tahmini Teslim:,refreshed,0,https://www.trendyol.com/yukselen-zeka/carpma-ogreten-oyuncak-p-104198178?boutiqueId=61&merchantId=126620
cocuk:cocuk-kitap,76,889,,28,2,893281007,113171,893281007:113171,Çocuk Akademi Mıknatıslı Yapboz Orman Hayvanları,Çocuk Akademi,,152.01,,,InStock,,,,,4.6,,,,[],,listing_only,,https://www.trendyol.com/cocuk-akademi/miknatisli-yapboz-orman-hayvanlari-p-893281007?boutiqueId=61&merchantId=113171
cocuk:cocuk-kitap,143,956,,28,6.9,57360292,127712,57360292:127712,Dikkat Atölyesi Yayınları 1. Sınıf Zihinden Eğlenceli-öğretici Toplama Ve Çıkarma Etkinlikleri Kitabı,Dikkat Atölyesi Yayınları,,232.33,244.3,,InStock,,,,,4.8,,,,"[""Son 10 Günün En Düşük Fiyatı""]",,listing_only,,https://www.trendyol.com/dikkat-atolyesi-yayinlari/1-sinif-zihinden-eglenceli-ogretici-toplama-ve-cikarma-etkinlikleri-kitabi-p-57360292?boutiqueId=61&merchantId=127712
cocuk:cocuk-oyuncak,371,407,,27.9,13.8,855530418,590132,855530418:590132,Zuzu Toys Ilk Arabam Ve Ilkadım - Standart,Zuzu Toys,,728.68,824.77,,InStock,,,,,4.2,,,,"[""20 TL Kupon"",""Kargo Bedava""]",,listing_only,,https://www.trendyol.com/zuzu-toys/ilk-arabam-ve-ilkadim-standart-p-855530418?boutiqueId=61&merchantId=590132
cocuk:cocuk-oyuncak,608,644,,27.9,2.1,133336598,112121,133336598:112121,Sole Uyku Arkadaşım Papyonlu Uzun Kulak Bunny Peluş Tavşan 65 Cm,Sole,,439.9,,,InStock,,,,,4.4,,,,"[""Kargo Bedava""]",,listing_only,,https://www.trendyol.com/sole/uyku-arkadasim-papyonlu-uzun-kulak-bunny-pelus-tavsan-65-cm-p-133336598?boutiqueId=61&merchantId=112121
cocuk:cocuk-oyuncak,760,796,,27.9,2.1,1201592,1287874,1201592:1287874,Monopoly Yeni Piyon Serisi Kutu Oyunu,Monopoly,,1250,,,InStock,,,,,4.2,,,,"[""Kargo Bedava""]",,listing_only,,https://www.trendyol.com/monopoly/yeni-piyon-serisi-kutu-oyunu-p-1201592?boutiqueId=61&merchantId=1287874
cocuk:cocuk-kitap,127,940,,27.9,6.2,570133,126919,570133:126919,Epsilon Yayınevi Martı Jonathan Livingston (Dördüncü Bölüm İlavesiyle),Epsilon Yayınevi,,260,271,,InStock,,,,,4.7,,,,[],,listing_only,,https://www.trendyol.com/epsilon-yayinevi/marti-jonathan-livingston-dorduncu-bolum-ilavesiyle-p-570133?boutiqueId=61&merchantId=126919
cocuk:cocuk-kitap,131,944,,27.5,7.7,921617744,113171,921617744:113171,Çocuk Akademi Çocuk Akademi Mıknatıslı Yapboz Serisi Taşıtlar,Çocuk Akademi,,164.2,173.22,,InStock,,,,,4.6,,,,"[""Son 10 Günün En Düşük Fiyatı""]",,listing_only,,https://www.trendyol.com/cocuk-akademi/cocuk-akademi-miknatisli-yapboz-serisi-tasitlar-p-921617744?boutiqueId=61&merchantId=113171
cocuk:cocuk-oyuncak,496,532,,27.4,12.6,990949163,252800,990949163:252800,giffy Oyuncak 2.4 GhZ Uzaktan ve Bilekten Kumandalı Şarjlı 8 Teker Akrobat Robot Köpek Müzikli ve Led Işık,giffy,,1849.5,2055,,InStock,,,,,4.7,,,,"[""Sepette %10 İndirim"",""Kargo Bedava""]",,listing_only,,https://www.trendyol.com/giffy/oyuncak-2-4-ghz-uzaktan-ve-bilekten-kumandali-sarjli-8-teker-akrobat-robot-kopek-muzikli-ve-led-isik-p-990949163?boutiqueId=61&merchantId=252800
cocuk:cocuk-oyuncak,100,136,-46,27.3,4.7,2018923,968,2018923:968,LEGO ® Classic Orta Boy Yaratıcı Parçalar Yapım Kutusu 10696 - 4+ Yaratıcı Oyuncak Yapım Seti (484 Parça),LEGO,Trendyol,1169.1,1192.61,-3.3,InStock,,,,,4.785205293518833,1446,-2,,"[""Son 10 Günün En Düşük Fiyatı"",""Son 10 günün en düşük fiyatı""]",Tahmini Teslim:,refreshed,0,https://www.trendyol.com/lego/classic-orta-boy-yaratici-parcalar-yapim-kutusu-10696-4-yaratici-oyuncak-yapim-seti-484-parca-p-2018923?boutiqueId=690823&merchantId=968
cocuk:cocuk-kitap,94,907,,27.3,2.7,300213806,113171,300213806:113171,Çocuk Akademi 4 Yaş Dikkat Seti,Çocuk Akademi,,217.97,,,InStock,,,,,4.8,,,,[],,listing_only,,https://www.trendyol.com/cocuk-akademi/4-yas-dikkat-seti-p-300213806?boutiqueId=61&merchantId=113171
cocuk:cocuk-kitap,132,945,,27.3,2.7,843293178,408958,843293178:408958,Genç Timaş İyilik Timi,Genç Timaş,,165,,,InStock,,,,,4.8,,,,[],,listing_only,,https://www.trendyol.com/genc-timas/iyilik-timi-p-843293178?boutiqueId=61&merchantId=408958
cocuk:cocuk-oyuncak,301,337,,27.2,12.8,923741393,252800,923741393:252800,giffy Oyuncak Full Fonksiyon Uzaktan Kumandalı El Sensörlü Şarjlı Işıklı Müzikli Dansçı Robot Kedi,giffy,,1499.99,1666.66,,InStock,,,,,4.9,,,,"[""Sepette %10 İndirim"",""Kargo Bedava""]",,listing_only,,https://www.trendyol.com/giffy/oyuncak-full-fonksiyon-uzaktan-kumandali-el-sensorlu-sarjli-isikli-muzikli-dansci-robot-kedi-p-923741393?boutiqueId=61&merchantId=252800
cocuk:cocuk-oyuncak,131,167,-30,27,3,456038282,357212,456038282:357212,Go Toys Rubik Abaküs Montessori Zeka Oyunu Eğitici Oyuncak,Go Toys,Shopist,275,,0,InStock,,,,,4.4521371326803205,2346,-6,,"[""Sepette %30 İndirim"",""Kargo Bedava""]",Tahmini Teslim:,refreshed,0,https://www.trendyol.com/go-toys/rubik-abakus-montessori-zeka-oyunu-egitici-oyuncak-p-456038282?boutiqueId=61&merchantId=357212
cocuk:cocuk-oyuncak,168,204,-59,27,3,36910706,976719,36910706:976719,Genel Markalar Tetris Nostaljik Oyuncak Atari Tetris El Atarisi Unutulmayan Tetris Oyun basic fun,Genel Markalar,PRATİK PERİ,90,,0,InStock,,,,,3.6857338195077483,2341,-5,940,"[""Kargo Bedava""]",3 saat 47 dakika içinde sipariş verirsen en geç yarın kargoda!,refreshed,0,https://www.trendyol.com/genel-markalar/tetris-nostaljik-oyuncak-atari-tetris-el-atarisi-unutulmayan-tetris-oyun-basic-fun-p-36910706?boutiqueId=61&merchantId=976719
cocuk:cocuk-oyuncak,283,319,-111,27,3,691009501,819535,691009501:819535,Pufu Toys Zürafa Peluş Oyuncak (1 METRE) Yastık,Pufu Toys,PufuToys,799.9,,0,InStock,,,,,4.8,2395,0,369,"[""Kargo Bedava""]",3 saat 50 dakika içinde sipariş verirsen en geç bugün kargoda!,carried_forward,4,https://www.trendyol.com/pufu-toys/zurafa-pelus-oyuncak-1-metre-yastik-p-691009501?boutiqueId=61&merchantId=819535
cocuk:cocuk-kitap,57,870,,27,4.9,791662631,113171,791662631:113171,Çocuk Akademi 4 Yaş Etkinlik Seti,Çocuk Akademi,,168.93,172.27,,InStock,,,,,4.8,,,,"[""Son 10 Günün En Düşük Fiyatı""]",,listing_only,,https://www.trendyol.com/cocuk-akademi/4-yas-etkinlik-seti-p-791662631?boutiqueId=61&merchantId=113171
cocuk:cocuk-kitap,183,996,,27,11.6,827428438,701468,827428438:701468,Timaş Çocuk Her Şeyi Gösteren Gözlük - Büşra Ümmühan Samancıoğlu,Timaş Çocuk,,96.85,106,,InStock,,,,,4.8,,,,"[""Son 10 Günün En Düşük Fiyatı""]",,listing_only,,https://www.trendyol.com/timas-cocuk/her-seyi-gosteren-gozluk-busra-ummuhan-samancioglu-p-827428438?boutiqueId=61&merchantId=701468
cocuk:cocuk-oyuncak,346,382,,26.9,10.1,31357314,111781,31357314:111781,Fisher Price Fisher-Price Eğlen ve Öğren Yaşa Göre Gelişim Eğitici Tablet,Fisher Price,,771.9,830,,InStock,,,,,4.5,,,,"[""Kargo Bedava""]",,listing_only,,https://www.trendyol.com/fisher-price/fisher-price-eglen-ve-ogren-yasa-gore-gelisim-egitici-tablet-p-31357314?boutiqueId=61&merchantId=111781
cocuk:cocuk-oyuncak,491,527,-437,26.9,3.1,772521620,464137,772521620:464137,Pandamkee Özgüneroyuncak.KK 50 Cm Çilek Çantalı Tavşan Sevgiliye Özel,Pandamkee,Pandamkee Oyuncak,499,,26.3,InStock,,,,,4.155790838375108,2295,,,"[""Sepette %1 İndirim"",""Kargo Bedava""]",Tahmini Teslim:,refreshed,0,https://www.trendyol.com/pandamkee/ozguneroyuncak-kk-50-cm-cilek-cantali-tavsan-sevgiliye-ozel-p-772521620?boutiqueId=61&merchantId=464137
cocuk:cocuk-kitap,122,935,,26.9,3.1,856415721,616924,856415721:616924,Genç Timaş Sözcüklerin Kamera Arkası Üç Arkadaş Bir Film,Genç Timaş,,147,,,InStock,,,,,4.8,,,,[],,listing_only,,https://www.trendyol.com/genc-timas/sozcuklerin-kamera-arkasi-uc-arkadas-bir-film-p-856415721?boutiqueId=61&merchantId=616924
cocuk:cocuk-oyuncak,353,389,,26.8,3.2,776723819,239850,776723819:239850,Genel Markalar Araba Rafı 50'li Beyaz Renk (HOTWHEELS VE MATCBOX ARABA IÇİN UYGUNDUR) Çocuk Oyuncak Araba Garajı,Genel Markalar,,289.9,,,InStock,,,,,4.1,,,,[],,listing_only,,https://www.trendyol.com/genel-markalar/araba-rafi-50-li-beyaz-renk-hotwheels-ve-matcbox-araba-icin-uygundur-cocuk-oyuncak-araba-garaji-p-776723819?boutiqueId=61&merchantId=239850
cocuk:cocuk-oyuncak,372,408,,26.8,11.4,1109274504,1230100,1109274504:1230100,PAKİTO Top Yuvarlama Kulesi | Renkli Eğitici Dikkat Geliştirici Top Kaydırma Oyuncağı,PAKİTO,,183.48,199.95,,InStock,,,,,4.3,,,,"[""Son 10 Günün En Düşük Fiyatı""]",,listing_only,,https://www.trendyol.com/pakito/top-yuvarlama-kulesi-renkli-egitici-dikkat-gelistirici-top-kaydirma-oyuncagi-p-1109274504?boutiqueId=61&merchantId=1230100
cocuk:cocuk-oyuncak,445,481,,26.8,16.3,1154949310,1215706,1154949310:1215706,shop&joy Eğitici Küçük Kum Ve Plaj Kova Seti - Sulama Kovalı Tırmık Kürek Takımı,shop&joy Eğitici,,169.41,195,,InStock,,,,,3.8,,,,"[""Son 10 Günün En Düşük Fiyatı""]",,listing_only,,https://www.trendyol.com/shop-joy/egitici-kucuk-kum-ve-plaj-kova-seti-sulama-kovali-tirmik-kurek-takimi-p-1154949310?boutiqueId=61&merchantId=1215706
cocuk:cocuk-oyuncak,145,181,-15,26.6,3.4,639245193,1127325,639245193:1127325,"Circle Toys Su Oyun Matı , Tummy Time (TEST RAPORLU)",Circle Toys,Circle Toys,624.88,,0,InStock,,,,,4.503824327658524,2138,0,,"[""Sepette %20 İndirim"",""Kargo Bedava""]",Tahmini Teslim:,refreshed,0,https://www.trendyol.com/circle-toys/su-oyun-mati-tummy-time-test-raporlu-p-639245193?boutiqueId=61&merchantId=1127325
cocuk:cocuk-oyuncak,683,719,,26.6,3.4,858379895,673595,858379895:673595,HAPPENS 128 Parça Puzzle City 3d Yapı Ve Tasarım Blokları Eğitici Oyuncak,HAPPENS,,179.99,,,InStock,,,,,4.3,,,,[],,listing_only,,https://www.trendyol.com/happens/128-parca-puzzle-city-3d-yapi-ve-tasarim-bloklari-egitici-oyuncak-p-858379895?boutiqueId=61&merchantId=673595
cocuk:cocuk-kitap,86,899,,26.6,11.1,839263248,132051,839263248:132051,Neobebek İlk Kumaş Kitaplarım Seti Hışırtılı (2 KİTAP),Neobebek,,333.72,361.62,,InStock,,,,,4.7,,,,"[""Son 10 Günün En Düşük Fiyatı""]",,listing_only,,https://www.trendyol.com/neobebek/ilk-kumas-kitaplarim-seti-hisirtili-2-kitap-p-839263248?boutiqueId=61&merchantId=132051
cocuk:cocuk-oyuncak,45,81,-12,26.5,6,687705772,357212,687705772:357212,Go Toys Otobant Eğitici Ve Eğlenceli Yol Yapım Bandı - Çocuk Trafik Bantı - Road Tape Oyun Bandı,Go Toys,Shopist,179,,0,InStock,,,,,4.435963777490297,2047,-17,,"[""Sepette %30 İndirim"",""Kargo Bedava""]",Tahmini Teslim:,refreshed,0,https://www.trendyol.com/go-toys/otobant-egitici-ve-eglenceli-yol-yapim-bandi-cocuk-trafik-banti-road-tape-oyun-bandi-p-687705772?boutiqueId=61&merchantId=357212
cocuk:cocuk-oyuncak,119,155,-63,26.5,3.5,89218915,231118,89218915:231118,Rookie Pembe 3 Tekerlekli Led Işıklı Scooter,Rookie,HOMSPARK,909.9,,,InStock,,,,,4.357253886010363,2028,-1,,"[""Kargo Bedava""]",Tahmini Teslim:,refreshed,0,https://www.trendyol.com/rookie/pembe-3-tekerlekli-led-isikli-scooter-p-89218915?boutiqueId=61&merchantId=231118
cocuk:cocuk-oyuncak,44,80,-14,26.4,10.3,827089760,931256,827089760:931256,tutobaby Ördek Şekilli Montessori Duyusal Gözlem Beceri Geliştirme Ve Diş Kaşıyıcı Oyuncağı,tutobaby,TuTobaby,395,410,0,InStock,,,,,4.781909547738693,682,0,50,"[""Kargo Bedava""]",Tahmini Teslim:,refreshed,0,https://www.trendyol.com/tutobaby/ordek-sekilli-montessori-duyusal-gozlem-beceri-gelistirme-ve-dis-kasiyici-oyuncagi-p-827089760?boutiqueId=61&merchantId=931256
cocuk:cocuk-oyuncak,275,311,,26.4,9,42047807,107786,42047807:107786,Birlik Oyuncak Birlik Bebeğimin Ilk Kitapçık Seti Bc666-lh0812,Birlik Oyuncak,,544,575,,InStock,,,,,4.5,,,,"[""Kargo Bedava""]",,listing_only,,https://www.trendyol.com/birlik-oyuncak/birlik-bebegimin-ilk-kitapcik-seti-bc666-lh0812-p-42047807?boutiqueId=61&merchantId=107786
cocuk:cocuk-oyuncak,336,372,,26.4,15.3,294143659,590132,294143659:590132,Zuzu Toys Ahşap Kordinasyon büyük boy,Zuzu Toys,,322.68,365.23,,InStock,,,,,4.4,,,,"[""20 TL Kupon""]",,listing_only,,https://www.trendyol.com/zuzu-toys/ahsap-kordinasyon-buyuk-boy-p-294143659?boutiqueId=61&merchantId=590132
cocuk:cocuk-oyuncak,552,588,,26.4,8.6,33030885,110697,33030885:110697,Lino Kurumayan Köpüklü Oyun Hamuru 6x10 Gr,Lino,,379.05,399,,InStock,,,,,4.2,,,,"[""Sepette %5 İndirim"",""Kargo Bedava""]",,listing_only,,https://www.trendyol.com/lino/kurumayan-kopuklu-oyun-hamuru-6x10-gr-p-33030885?boutiqueId=61&merchantId=110697
cocuk:cocuk-oyuncak,417,453,,26.3,15,976880,109537,976880:109537,BONDİGO Bp1223 Bondıgo Gülen Titrek Arkadaşım Köpek,BONDİGO,,579.62,653.78,,InStock,,,,,4.5,,,,"[""Kargo Bedava"",""Son 10 Günün En Düşük Fiyatı""]",,listing_only,,https://www.trendyol.com/bondigo/bp1223-bondigo-gulen-titrek-arkadasim-kopek-p-976880?boutiqueId=61&merchantId=109537
cocuk:cocuk-kitap,115,928,,26.3,3.7,889886904,408958,889886904:408958,Timaş Çocuk Anne Terliği,Timaş Çocuk,,167.23,,,InStock,,,,,4.8,,,,[],,listing_only,,https://www.trendyol.com/timas-cocuk/anne-terligi-p-889886904?boutiqueId=61&merchantId=408958
cocuk:cocuk-kitap,116,929,,26.2,3.8,827635890,126620,827635890:126620,yükselen zeka Tükenmeyen Sticker Kitabım - Eğlenceli Yüzler (100+ Tekrar Tekrar Kullanılabilen Sticker),yükselen zeka,,329.09,,,InStock,,,,,4.7,,,,[],,listing_only,,https://www.trendyol.com/yukselen-zeka/tukenmeyen-sticker-kitabim-eglenceli-yuzler-100-tekrar-tekrar-kullanilabilen-sticker-p-827635890?boutiqueId=61&merchantId=126620
cocuk:cocuk-kitap,180,993,,26.2,13.8,953839166,127712,953839166:127712,Dikkat Atölyesi Yayınları Doğru Başlangıç I Standart | Kılavuz Çizgili Yazı Defteri,Dikkat Atölyesi Yayınları,,86.62,96.25,,InStock,,,,,4.9,,,,"[""Sepette %10 İndirim""]",,listing_only,,https://www.trendyol.com/dikkat-atolyesi-yayinlari/dogru-baslangic-i-standart-kilavuz-cizgili-yazi-defteri-p-953839166?boutiqueId=61&merchantId=127712
cocuk:cocuk-oyuncak,49,85,-9,26.1,4.4,346526164,1247474,346526164:1247474,Canderel Çocuklar Için Atlama Zıplama Oyuncağı Boy Uzatıcı Eğitici Fiziksel Ve Zihinsel Geliştirici Spor Oyun,Canderel,CanDerel Plus,198,,0,InStock,,,,,4.396141091347603,1852,-6,,"[""Kargo Bedava""]",Tahmini Teslim:,refreshed,0,https://www.trendyol.com/canderel/cocuklar-icin-atlama-ziplama-oyuncagi-boy-uzatici-egitici-fiziksel-ve-zihinsel-gelistirici-spor-oyun-p-346526164?boutiqueId=61&merchantId=1247474
cocuk:cocuk-oyuncak,270,306,-166,26.1,12,156159165,115812,156159165:115812,let's be child Lc Eğitici Geometrik Şekiller,let's be child Lc,Butik Oyuncak,391.89,426.49,-20,InStock,,,,,4.7,179,0,28,"[""Kargo Bedava"",""Son 10 Günün En Düşük Fiyatı""]",1 saat 52 dakika içinde sipariş verirsen en geç bugün kargoda!,carried_forward,19,https://www.trendyol.com/let-s-be-child/lc-egitici-geometrik-sekiller-p-156159165?boutiqueId=61&merchantId=115812
cocuk:cocuk-kitap,135,948,,26.1,3.9,403154280,158005,403154280:158005,yükselen zeka 3 Yaş Etkinlik Kitabım Seti (Z10 Sistemi),yükselen zeka,,185,,,InStock,,,,,4.8,,,,[],,listing_only,,https://www.trendyol.com/yukselen-zeka/3-yas-etkinlik-kitabim-seti-z10-sistemi-p-403154280?boutiqueId=61&merchantId=158005
cocuk:cocuk-oyuncak,286,322,,26,6.8,900541335,200893,900541335:200893,LEGO ® Speed Champions Mercedes-AMG F1® W15 Yarış Arabası 77244 - 10+ Oyuncak Yapım Seti (267Pr),LEGO,,1212.05,1246.93,,InStock,,,,,4.7,,,,"[""Kargo Bedava"",""Son 10 Günün En Düşük Fiyatı""]",,listing_only,,https://www.trendyol.com/lego/speed-champions-mercedes-amg-f1-w15-yaris-arabasi-77244-10-oyuncak-yapim-seti-267pr-p-900541335?boutiqueId=61&merchantId=200893
cocuk:cocuk-oyuncak,668,704,,26,4,35494640,397045,35494640:397045,Dolu 2 in 1 Büyük Su Kaydırağı Kırmızı 3002,Dolu,,2830,,,InStock,,,,,4.6,,,,"[""25 TL Kupon"",""Kargo Bedava""]",,listing_only,,https://www.trendyol.com/dolu/2-in-1-buyuk-su-kaydiragi-kirmizi-3002-p-35494640?boutiqueId=61&merchantId=397045
cocuk:cocuk-oyuncak,742,778,,26,4,475233485,717818,475233485:717818,Sekk O Lalafanfan 30 Cm Sarı Ördek Harika kombin Ürün Görselde Olan Model İle Gönderilicektir.,Sekk O,,470.32,,,InStock,,,,,4.5,,,,"[""Kargo Bedava""]",,listing_only,,https://www.trendyol.com/sekk-o/lalafanfan-30-cm-sari-ordek-harika-kombin-urun-gorselde-olan-model-ile-gonderilicektir-p-475233485?boutiqueId=61&merchantId=717818
cocuk:cocuk-oyuncak,269,305,,25.9,4.1,350047519,231173,350047519:231173,metafortoys Ahşap Zeka Kartları Eşleştirme Oyunu Ahşap Pazıl Oyuncak Sevimli Orman Hayvanları,metafortoys,,169,,,InStock,,,,,4.7,,,,[],,listing_only,,https://www.trendyol.com/metafortoys/ahsap-zeka-kartlari-eslestirme-oyunu-ahsap-pazil-oyuncak-sevimli-orman-hayvanlari-p-350047519?boutiqueId=61&merchantId=231173
cocuk:cocuk-oyuncak,696,732,-436,25.9,4.1,83129477,119177,83129477:119177,Spiderman Ağ Atan Eldiven Işıklı Maske 18 Cm Işıklı Figür 3 Lü Set Oyuncak,Spiderman,Tıfıl Toys,359.99,,-3,InStock,,,,,3.9067743940335613,1733,-5,,"[""Kargo Bedava""]",Tahmini Teslim:,refreshed,0,https://www.trendyol.com/spiderman/ag-atan-eldiven-isikli-maske-18-cm-isikli-figur-3-lu-set-oyuncak-p-83129477?boutiqueId=61&merchantId=119177
cocuk:cocuk-oyuncak,172,208,-29,25.8,4.2,1231314,1210766,1231314:1210766,Diytoy Bebeğimin İlk Zeka Kartları Flash Kart,Diytoy,The Monarch Co,188.02,,1.1,InStock,,,,,4.620265780730897,1686,0,,"[""Kargo Bedava""]",Tahmini Teslim:,refreshed,0,https://www.trendyol.com/diytoy/bebegimin-ilk-zeka-kartlari-flash-kart-p-1231314?boutiqueId=61&merchantId=1210766
cocuk:cocuk-oyuncak,179,215,-23,25.8,4.2,123832512,126620,123832512:126620,yükselen zeka Zeka Kutusu (2-4 Yaş),yükselen zeka,YÜKSELEN ZEKA,328.68,,0,InStock,,,,,4.7970924837612126,1680,-8,135,"[""Kargo Bedava""]",Tahmini Teslim:,refreshed,0,https://www.trendyol.com/yukselen-zeka/zeka-kutusu-2-4-yas-p-123832512?boutiqueId=61&merchantId=126620
cocuk:cocuk-oyuncak,442,478,,25.8,4.2,736286396,968,736286396:968,LEGO ® Botanicals Lotus Çiçekleri 40647 – 8 Yaş ve Üzeri Çocuklar için Oyuncak Yapım Seti (220 Parça),LEGO,,690.68,,,InStock,,,,,4.7,,,,[],,listing_only,,https://www.trendyol.com/lego/botanicals-lotus-cicekleri-40647-8-yas-ve-uzeri-cocuklar-icin-oyuncak-yapim-seti-220-parca-p-736286396?boutiqueId=690823&merchantId=968
cocuk:cocuk-oyuncak,66,102,-9,25.7,4.3,841228487,357212,841228487:357212,Go Toys Match Pairs Hafıza Eşleştirme Oyunu Eğitici Oyuncak,Go Toys,Shopist,229,,0,InStock,,,,,4.669079939668175,1639,0,,"[""Sepette %30 İndirim"",""Kargo Bedava""]",3 saat 51 dakika içinde sipariş verirsen en geç yarın kargoda!,refreshed,0,https://www.trendyol.com/go-toys/match-pairs-hafiza-eslestirme-oyunu-egitici-oyuncak-p-841228487?boutiqueId=61&merchantId=357212
cocuk:cocuk-oyuncak,708,744,,25.7,16,443766242,590132,443766242:590132,babysch Eğitici Sök Tak Inşaat Araçları (EKSKAVTÖR),babysch,,166.28,188.21,,InStock,,,,,4.5,,,,[],,listing_only,,https://www.trendyol.com/babysch/egitici-sok-tak-insaat-araclari-ekskavtor-p-443766242?boutiqueId=61&merchantId=590132
cocuk:cocuk-kitap,114,927,,25.7,4.3,893306538,113171,893306538:113171,Çocuk Akademi 500+ Sticker Kitabım Meslekler,Çocuk Akademi,,160.48,,,InStock,,,,,4.7,,,,[],,listing_only,,https://www.trendyol.com/cocuk-akademi/500-sticker-kitabim-meslekler-p-893306538?boutiqueId=61&merchantId=113171
cocuk:cocuk-kitap,123,936,,25.7,4.3,940642898,127712,940642898:127712,Dikkat Atölyesi Yayınları Alfabe Yazı Kitabı Sihirli Uçan Kalemli Oluklu (KABARTMALI) | Yazmayı Kolayca Öğreten Kitap,Dikkat Atölyesi Yayınları,,238.16,,,InStock,,,,,4.6,,,,[],,listing_only,,https://www.trendyol.com/dikkat-atolyesi-yayinlari/alfabe-yazi-kitabi-sihirli-ucan-kalemli-oluklu-kabartmali-yazmayi-kolayca-ogreten-kitap-p-940642898?boutiqueId=61&merchantId=127712
cocuk:cocuk-oyuncak,293,329,,25.6,4.4,843723469,408958,843723469:408958,yükselen zeka Toplama Ve Çıkarma Kutusu - Toplama Çıkarma Öğrenme Kartları,yükselen zeka,,369,,,InStock,,,,,4.8,,,,"[""Kargo Bedava""]",,listing_only,,https://www.trendyol.com/yukselen-zeka/toplama-ve-cikarma-kutusu-toplama-cikarma-ogrenme-kartlari-p-843723469?boutiqueId=61&merchantId=408958
cocuk:cocuk-oyuncak,452,488,,25.6,14.4,947179297,252800,947179297:252800,"giffy Uzaktan Kumandalı RC Kamyonet ,Yük Taşıma Aracı ,Sesli ,Işıklı ,Şarjlı ,(Pil Hediyeli),2.4 Ghz Araç",giffy,,1299.6,1444,,InStock,,,,,4.7,,,,"[""Sepette %10 İndirim"",""Kargo Bedava""]",,listing_only,,https://www.trendyol.com/giffy/uzaktan-kumandali-rc-kamyonet-yuk-tasima-araci-sesli-isikli-sarjli-pil-hediyeli-2-4-ghz-arac-p-947179297?boutiqueId=61&merchantId=252800
cocuk:cocuk-oyuncak,712,748,,25.6,11.4,96122609,397045,96122609:397045,Toy Oyuncak Okul Öncesi Ahşap Ritim Çubuğu 1 Çift 30 cm. (2 adet) Anaokulu Etkinlik Perkusyon Müzik Aleti Yuvarlak Uçlu,Toy Oyuncak Okul Öncesi,,118.66,127.59,,InStock,,,,,4.6,,,,[],,listing_only,,https://www.trendyol.com/toy-oyuncak-okul-oncesi/ahsap-ritim-cubugu-1-cift-30-cm-2-adet-anaokulu-etkinlik-perkusyon-muzik-aleti-yuvarlak-uclu-p-96122609?boutiqueId=61&merchantId=397045
cocuk:cocuk-oyuncak,688,724,,25.5,12,1015620153,1237845,1015620153:1237845,Genel Markalar Lola'nın Tatil Evi | Aksesuarlı Oyun Evi Seti | 3+ Yaş Eğitici ve Eğlenceli Oyuncak,Genel Markalar,,1849.9,1999.9,,InStock,,,,,4.5,,,,"[""Kargo Bedava""]",,listing_only,,https://www.trendyol.com/genel-markalar/lola-nin-tatil-evi-aksesuarli-oyun-evi-seti-3-yas-egitici-ve-eglenceli-oyuncak-p-1015620153?boutiqueId=61&merchantId=1237845
cocuk:cocuk-kitap,107,920,,25.5,4.5,37317006,428087,37317006:428087,Bebeklik Ek Gıda Tarif Kitabı Seti,Bebeklik,,1080,,,InStock,,,,,4.7,,,,"[""Kargo Bedava"",""Son 10 Günün En Düşük Fiyatı""]",,listing_only,,https://www.trendyol.com/bebeklik/ek-gida-tarif-kitabi-seti-p-37317006?boutiqueId=61&merchantId=428087
cocuk:cocuk-oyuncak,103,139,-9,25.4,4.6,767102785,1135810,767102785:1135810,"Kayyum Oyuncak Söktak Eğlenceli, Stres ve Anksiyete giderici Montessori Tırtıl Oyuncağı Renkli",Kayyum Oyuncak,MK TOYS,144.99,,0,InStock,,,,,4.702325581395349,1485,0,234,"[""Kargo Bedava""]",3 saat 50 dakika içinde sipariş verirsen en geç yarın kargoda!,refreshed,0,https://www.trendyol.com/kayyum-oyuncak/soktak-eglenceli-stres-ve-anksiyete-giderici-montessori-tirtil-oyuncagi-renkli-p-767102785?boutiqueId=61&merchantId=1135810
cocuk:cocuk-oyuncak,329,365,,25.4,4.6,40613762,848407,40613762:848407,Genel Markalar Kut.tamır Setı,Genel Markalar,,331.8,,,InStock,,,,,4.1,,,,[],,listing_only,,https://www.trendyol.com/genel-markalar/kut-tamir-seti-p-40613762?boutiqueId=61&merchantId=848407
cocuk:cocuk-oyuncak,540,576,,25.4,8.5,243774896,464137,243774896:464137,Pandamkee Köpek Peluş Bebek Çocuk Koltuğu (%100 Yerli),Pandamkee,,741.39,771.67,,InStock,,,,,4.5,,,,"[""Kargo Bedava"",""Son 10 Günün En Düşük Fiyatı""]",,listing_only,,https://www.trendyol.com/pandamkee/kopek-pelus-bebek-cocuk-koltugu-100-yerli-p-243774896?boutiqueId=61&merchantId=464137
cocuk:cocuk-oyuncak,47,83,-1,25.3,6.2,80019495,752303,80019495:752303,Genel Markalar Full Fonksiyon Uzaktan Kumandalı Pilli Panter Yarış Arabası,Genel Markalar,KİNKU,349.9,,0,InStock,,,,,3.3161016949152544,1440,1,,"[""Kargo Bedava"",""Son 10 Günün En Düşük Fiyatı""]",Tahmini Teslim:,refreshed,0,https://www.trendyol.com/genel-markalar/full-fonksiyon-uzaktan-kumandali-pilli-panter-yaris-arabasi-p-80019495?boutiqueId=61&merchantId=752303
cocuk:cocuk-oyuncak,114,150,-21,25.3,4.7,782968094,673595,782968094:673595,HAPPENS Master Molekül Eğitici Yaratıcı Oyuncak Kar Tanesi Yapı Taşları 5 Renk 120 Parça,HAPPENS,HAPPENS,167.75,,0,InStock,,,,,4.391224862888484,1433,0,73,"[""Kargo Bedava"",""Trendyol Plus'a Özel""]",3 saat 49 dakika içinde sipariş verirsen en geç yarın kargoda!,refreshed,0,https://www.trendyol.com/happens/master-molekul-egitici-yaratici-oyuncak-kar-tanesi-yapi-taslari-5-renk-120-parca-p-782968094?boutiqueId=61&merchantId=673595
cocuk:cocuk-oyuncak,345,381,,25.3,11.7,928039118,190370,928039118:190370,Brother Toys Buhar Püskürten Dinazor Işıklı Sesli Oyuncak Buhar Çıkaran Atan Trex Dinozor T-Rex,Brother Toys,,289.31,311.09,,InStock,,,,,4.2,,,,[],,listing_only,,https://www.trendyol.com/brother-toys/buhar-puskurten-dinazor-isikli-sesli-oyuncak-buhar-cikaran-atan-trex-dinozor-t-rex-p-928039118?boutiqueId=61&merchantId=190370
cocuk:cocuk-oyuncak,456,492,,25.3,4.7,73193397,968,73193397:968,LEGO ® Botanicals Çiçek Buketi 10280 – Yetişkinler için Yapay Çiçek Modeli Yapım Seti (756 Parça),LEGO,,2459,,,InStock,,,,,4.7,,,,[],,listing_only,,https://www.trendyol.com/lego/botanicals-cicek-buketi-10280-yetiskinler-icin-yapay-cicek-modeli-yapim-seti-756-parca-p-73193397?boutiqueId=690823&merchantId=968
cocuk:cocuk-oyuncak,529,565,-415,25.3,4.7,45732372,190370,45732372:190370,Brother Toys Oyuncak Puset Katlanabilir Bebek Arabası Pembe Baston Plastik Bebek Puseti Çilek Desenli,Brother Toys,BROTHERTOYS,419.9,,0,InStock,,,,,3.3725652714463323,1445,6,132,"[""Kargo Bedava""]",3 saat 43 dakika içinde sipariş verirsen en geç yarın kargoda!,refreshed,0,https://www.trendyol.com/brother-toys/oyuncak-puset-katlanabilir-bebek-arabasi-pembe-baston-plastik-bebek-puseti-cilek-desenli-p-45732372?boutiqueId=61&merchantId=190370
cocuk:cocuk-oyuncak,73,109,-32,25.2,4.8,291063284,137544,291063284:137544,İndirimKap Çocuklar Için Atlama Zıplama Oyuncağı Boy Uzatıcı Eğitici Fiziksel Ve Zihinsel Geliştirici Spor Oyun,İndirimKap,Eymen Ticaret,193.23,,-3.4,InStock,,,,,4.475029036004647,1426,1,569,"[""Kargo Bedava""]",Tahmini Teslim:,refreshed,0,https://www.trendyol.com/indirimkap/cocuklar-icin-atlama-ziplama-oyuncagi-boy-uzatici-egitici-fiziksel-ve-zihinsel-gelistirici-spor-oyun-p-291063284?boutiqueId=61&merchantId=137544
cocuk:cocuk-oyuncak,244,280,-141,25.2,22,1188797142,1098495,1188797142:1098495,"KALİA HOME Simli Çin Mantısı Squishy Dumbling XL Boyut, Slime, Sukuşi",KALİA HOME,Berione,198,239,,InStock,,,,,2.857142857142857,9,,27,"[""Son 10 Günün En Düşük Fiyatı"",""Kargo Bedava"",""Son 10 günün en düşük fiyatı""]",Tahmini Teslim:,refreshed,0,https://www.trendyol.com/kalia-home/simli-cin-mantisi-squishy-dumbling-xl-boyut-slime-sukusi-p-1188797142?boutiqueId=61&merchantId=1098495
cocuk:cocuk-oyuncak,276,312,,25.2,4.8,39436592,752303,39436592:752303,Genel Markalar Cars Şimşek Mcqueen Oyuncak Mc Tır Kapakları Açılabilen 2 Arabalı Sn 1022995,Genel Markalar,,426.48,,,InStock,,,,,4,,,,"[""Kargo Bedava""]",,listing_only,,https://www.trendyol.com/genel-markalar/cars-simsek-mcqueen-oyuncak-mc-tir-kapaklari-acilabilen-2-arabali-sn-1022995-p-39436592?boutiqueId=61&merchantId=752303
cocuk:cocuk-oyuncak,677,713,,25.2,4.8,358328124,189081,358328124:189081,Genel Markalar Boyanabilir Ahşap Eğitici Küp Bloklar 2x2x2cm 100 Adet Ahşap Küp 2 Cm,Genel Markalar,,199,,,InStock,,,,,4,,,,[],,listing_only,,https://www.trendyol.com/genel-markalar/boyanabilir-ahsap-egitici-kup-bloklar-2x2x2cm-100-adet-ahsap-kup-2-cm-p-358328124?boutiqueId=61&merchantId=189081
cocuk:cocuk-kitap,82,895,,25.2,4.8,416240261,113171,416240261:113171,Çocuk Akademi Kodlama Ile Dikkat Güçlendirme Kitabı,Çocuk Akademi,,110.94,,,InStock,,,,,4.8,,,,[],,listing_only,,https://www.trendyol.com/cocuk-akademi/kodlama-ile-dikkat-guclendirme-kitabi-p-416240261?boutiqueId=61&merchantId=113171
cocuk:cocuk-oyuncak,766,802,-639,25.1,4.9,192311818,311414,192311818:311414,Spiderman Çocuk Spiderman Figürlü Projeksiyonlu Dijital Kol Saati,Spiderman,Ailenizin Oyuncakçısı,297,,,InStock,,,,,4.360693641618497,1385,21,,"[""Sepette %3 İndirim"",""Sepette %35 İndirim"",""Kargo Bedava"",""Trendyol Plus'a Özel""]",Tahmini Teslim:,refreshed,0,https://www.trendyol.com/spiderman/cocuk-spiderman-figurlu-projeksiyonlu-dijital-kol-saati-p-192311818?boutiqueId=61&merchantId=311414
cocuk:cocuk-kitap,138,951,,25.1,4.9,700492008,616924,700492008:616924,Timaş Çocuk ÇANTAMDAN FİL ÇIKTI,Timaş Çocuk,,135,,,InStock,,,,,4.8,,,,[],,listing_only,,https://www.trendyol.com/timas-cocuk/cantamdan-fil-cikti-p-700492008?boutiqueId=61&merchantId=616924
cocuk:cocuk-oyuncak,197,233,-23,25,5,340817399,866190,340817399:866190,Genel Markalar merdiven small,Genel Markalar,Kidora Toys,425,,-3.4,InStock,,,,,3.9299546765554183,1327,1,,"[""Kargo Bedava""]",3 saat 46 dakika içinde sipariş verirsen en geç yarın kargoda!,refreshed,0,https://www.trendyol.com/genel-markalar/merdiven-small-p-340817399?boutiqueId=61&merchantId=866190
cocuk:cocuk-oyuncak,200,236,-83,25,5,660577150,357212,660577150:357212,Go Toys Tetra Kule Denge Oyuncağı Eğitici Kutu Oyuncak Tetris Kule Tetra Tower,Go Toys,Shopist,185,,83.5,InStock,,,,,4.463578632797909,1322,-11,45,"[""Sepette %30 İndirim"",""Kargo Bedava""]",Tahmini Teslim:,refreshed,0,https://www.trendyol.com/go-toys/tetra-kule-denge-oyuncagi-egitici-kutu-oyuncak-tetris-kule-tetra-tower-p-660577150?boutiqueId=61&merchantId=357212
cocuk:cocuk-kitap,79,892,,25,5,286227106,113171,286227106:113171,Çocuk Akademi Ilk Adım Zeka Kartı Hayvanlar,Çocuk Akademi,,143.81,,,InStock,,,,,4.8,,,,[],,listing_only,,https://www.trendyol.com/cocuk-akademi/ilk-adim-zeka-karti-hayvanlar-p-286227106?boutiqueId=61&merchantId=113171
cocuk:cocuk-kitap,173,986,,25,5,872371533,616924,872371533:616924,Genç Timaş Robonlar - Bir Kaçış Operasyonu / Mert Arık / Genç Timaş / 9786259791128,Genç Timaş,,145,,,InStock,,,,,4.8,,,,[],,listing_only,,https://www.trendyol.com/genc-timas/robonlar-bir-kacis-operasyonu-mert-arik-genc-timas-9786259791128-p-872371533?boutiqueId=61&merchantId=616924
cocuk:cocuk-oyuncak,202,238,-91,24.9,5.1,822162171,464137,822162171:464137,Özgüner Oyuncak Dev Büyük Peluş Ayıcık 140170 Hediyelik Ayı (%100 YERLİ),Özgüner Oyuncak,Pandamkee Oyuncak,1299,,0,InStock,,,,,4.1293068504256185,1301,2,636,"[""Kargo Bedava"",""Peşin Fiyatına 3 Taksit"",""Trendyol Plus'a Özel""]",Tahmini Teslim:,refreshed,0,https://www.trendyol.com/ozguner-oyuncak/dev-buyuk-pelus-ayicik-140170-hediyelik-ayi-100-yerli-p-822162171?boutiqueId=61&merchantId=464137
cocuk:cocuk-oyuncak,250,286,,24.9,5.1,350334730,108518,350334730:108518,ThinkMaster Masterflakes Eğitici Kilitli Diskler Stem Eğitimi Uyumlu 5 Renk 300 Parça Yapı Oyuncak Seti Flakes,ThinkMaster,Hubsan,298.99,,,InStock,,,,,4.393382352941177,1309,,,"[""Sepette %25 İndirim"",""Kargo Bedava""]",Tahmini Teslim:,refreshed,0,https://www.trendyol.com/thinkmaster/masterflakes-egitici-kilitli-diskler-stem-egitimi-uyumlu-5-renk-300-parca-yapi-oyuncak-seti-flakes-p-350334730?boutiqueId=61&merchantId=108518
cocuk:cocuk-oyuncak,338,374,,24.9,12.1,681997083,111781,681997083:111781,Barbie Seyahatte Bebeği Ve Aksesuarları,Barbie,,751.72,808.3,,InStock,,,,,4.8,,,,"[""Kargo Bedava""]",,listing_only,,https://www.trendyol.com/barbie/seyahatte-bebegi-ve-aksesuarlari-p-681997083?boutiqueId=61&merchantId=111781
cocuk:cocuk-oyuncak,599,635,,24.9,5.1,418189179,127261,418189179:127261,Schulzz Erken Eğitim Ingilizce Sesli Flash Kartları Pvc Kart Şeffaf Koruma Ile Yıpranmaz Yırtılmaz Kartlı,Schulzz,,479,,,InStock,,,,,4.7,,,,"[""Kargo Bedava""]",,listing_only,,https://www.trendyol.com/schulzz/erken-egitim-ingilizce-sesli-flash-kartlari-pvc-kart-seffaf-koruma-ile-yipranmaz-yirtilmaz-kartli-p-418189179?boutiqueId=61&merchantId=127261
cocuk:cocuk-oyuncak,198,234,-22,24.8,5.2,47376404,1127325,47376404:1127325,Circle Toys Geometrik Yumurta Eşleme,Circle Toys,Circle Toys,418.63,,61.9,InStock,,,,,4.726976365118175,1258,-3,60,"[""Sepette %20 İndirim"",""Kargo Bedava""]",Tahmini Teslim:,refreshed,0,https://www.trendyol.com/circle-toys/geometrik-yumurta-esleme-p-47376404?boutiqueId=61&merchantId=1127325
cocuk:cocuk-oyuncak,669,705,,24.8,5.2,375064424,968,375064424:968,LEGO ® Botanicals Gül 40460 - 8+ Dekoratif Çiçek Model Yapım Seti (120Parça),LEGO,,628,,,InStock,,,,,4.8,,,,[],,listing_only,,https://www.trendyol.com/lego/botanicals-gul-40460-8-dekoratif-cicek-model-yapim-seti-120parca-p-375064424?boutiqueId=689716&merchantId=968
cocuk:cocuk-kitap,179,992,,24.8,12.1,1081279356,126620,1081279356:126620,yükselen zeka Keçemino Etkinlik Halısı - Taşıtlar,yükselen zeka,,349,374.7,,InStock,,,,,4.7,,,,"[""Son 10 Günün En Düşük Fiyatı""]",,listing_only,,https://www.trendyol.com/yukselen-zeka/kecemino-etkinlik-halisi-tasitlar-p-1081279356?boutiqueId=61&merchantId=126620
cocuk:cocuk-oyuncak,34,70,-32,24.7,25.3,1183064934,357212,1183064934:357212,Go Toys Kinetik Top Duyusal Oyuncak - SpinnBall Stret Oyuncak 1 Adet,Go Toys,Shopist,235,,0,InStock,,,,,3.9642857142857144,38,1,,"[""Sepette %30 İndirim"",""Kargo Bedava""]",Tahmini Teslim:,refreshed,0,https://www.trendyol.com/go-toys/kinetik-top-duyusal-oyuncak-spinnball-stret-oyuncak-1-adet-p-1183064934?boutiqueId=61&merchantId=357212
cocuk:cocuk-oyuncak,41,77,23,24.7,9.8,847347395,357212,847347395:357212,Go Toys İlk Oyun Evim XXL Boy Dayanıklı Karton Boyama Aktivite Evi Boyama Evi Shopist,Go Toys,Shopist,489,,0,InStock,,,,,4.376593806921676,1220,0,,"[""Sepette %30 İndirim"",""Kargo Bedava""]",Tahmini Teslim:,refreshed,0,https://www.trendyol.com/go-toys/ilk-oyun-evim-xxl-boy-dayanikli-karton-boyama-aktivite-evi-boyama-evi-shopist-p-847347395?boutiqueId=61&merchantId=357212
cocuk:cocuk-oyuncak,87,123,,24.7,5.3,683005067,921671,683005067:921671,Go Toys Ben Neyim? Türkçe/ingilizce Aile Çocuk Eğlenceli Kutu Oyunu Who I'am Eğitici Oyuncak,Go Toys,WEBDEAVANTAJ,263.94,,,InStock,,,,,4.504504504504505,1234,,,"[""Kargo Bedava""]",Tahmini Teslim:,refreshed,0,https://www.trendyol.com/go-toys/ben-neyim-turkce-ingilizce-aile-cocuk-eglenceli-kutu-oyunu-who-i-am-egitici-oyuncak-p-683005067?boutiqueId=61&merchantId=921671
cocuk:cocuk-oyuncak,495,531,,24.7,16.9,115490906,590132,115490906:590132,Zuzu Toys Çöp Kamyonu,Zuzu,,341.5,386.53,,InStock,,,,,4.6,,,,"[""20 TL Kupon""]",,listing_only,,https://www.trendyol.com/zuzu/toys-cop-kamyonu-p-115490906?boutiqueId=61&merchantId=590132
cocuk:cocuk-oyuncak,624,660,,24.7,5.3,418155940,404371,418155940:404371,Schulzz Erken Eğitim Ingilizce Sesli Flash Kartları Pvc Kart Koruma Ile Yıpranmaz Yırtılmaz Kartlı,Schulzz,,479,,,InStock,,,,,4.7,,,,"[""Kargo Bedava""]",,listing_only,,https://www.trendyol.com/schulzz/erken-egitim-ingilizce-sesli-flash-kartlari-pvc-kart-koruma-ile-yipranmaz-yirtilmaz-kartli-p-418155940?boutiqueId=61&merchantId=404371
cocuk:cocuk-oyuncak,745,781,,24.7,6.5,83064561,394488,83064561:394488,Cool Wheels Coolwheels +12 Yaş 2 Tekerli Frenli Katlanabilir Scooter,Cool Wheels,,2489.61,2518.95,,InStock,,,,,4.3,,,,"[""Kargo Bedava"",""Son 10 Günün En Düşük Fiyatı""]",,listing_only,,https://www.trendyol.com/cool-wheels/coolwheels-12-yas-2-tekerli-frenli-katlanabilir-scooter-p-83064561?boutiqueId=61&merchantId=394488
cocuk:cocuk-oyuncak,508,544,,24.6,8.4,134056052,104968,134056052:104968,Dolu Büyük Kepçeli Arabam 7134,Dolu,,803.99,829,,InStock,,,,,4.7,,,,"[""32 TL Kupon"",""Kargo Bedava"",""Son 10 Günün En Düşük Fiyatı""]",,listing_only,,https://www.trendyol.com/dolu/buyuk-kepceli-arabam-7134-p-134056052?boutiqueId=61&merchantId=104968
cocuk:cocuk-oyuncak,582,618,,24.6,7.4,250523252,412921,250523252:412921,Nerf Elite 2.0 Eaglepoint RD8 F0423,Nerf,,1322.02,1349,,InStock,,,,,4.6,,,,"[""Sepette %2 İndirim"",""Kargo Bedava""]",,listing_only,,https://www.trendyol.com/nerf/elite-2-0-eaglepoint-rd8-f0423-p-250523252?boutiqueId=61&merchantId=412921
cocuk:cocuk-oyuncak,611,647,,24.6,21.1,1180264735,956809,1180264735:956809,"Neev Kıvrılabilir Esnek Araba Pisti , Flex Track , Tekli Yarış Yolu , Vantuz , Sticker Hediyeli , 4 Metre",Neev,,167.72,199,,InStock,,,,,4.2,,,,"[""Son 10 Günün En Düşük Fiyatı"",""Süper Fırsat Ürünü""]",,listing_only,,https://www.trendyol.com/neev/kivrilabilir-esnek-araba-pisti-flex-track-tekli-yaris-yolu-vantuz-sticker-hediyeli-4-metre-p-1180264735?boutiqueId=61&merchantId=956809
cocuk:cocuk-kitap,101,914,,24.6,18,1160292228,113171,1160292228:113171,Çocuk Akademi Deneybaz,Çocuk Akademi,,157.86,180.63,,InStock,,,,,4.9,,,,"[""Son 10 Günün En Düşük Fiyatı""]",,listing_only,,https://www.trendyol.com/cocuk-akademi/deneybaz-p-1160292228?boutiqueId=61&merchantId=113171
cocuk:cocuk-oyuncak,272,308,,24.5,5.5,849362210,1183079,849362210:1183079,ThinkMaster Constructo Stem Eğitici Oyuncak Yapı Oyuncağı Montessori Zeka Oyunu Yapı Taşları Seti,ThinkMaster,,298,,,InStock,,,,,3.8,,,,[],,listing_only,,https://www.trendyol.com/thinkmaster/constructo-stem-egitici-oyuncak-yapi-oyuncagi-montessori-zeka-oyunu-yapi-taslari-seti-p-849362210?boutiqueId=61&merchantId=1183079
cocuk:cocuk-oyuncak,350,386,,24.5,11.5,870105355,547378,870105355:547378,Bunbaza Bebeğim Ne Görüyor İlk Zeka Kartlarım Flash Kart Yüksek Kontrastlı Görsel Uyarımlı 30 KART 0-12 AY,Bunbaza,,198.01,210.65,,InStock,,,,,4.7,,,,"[""Sepette %6 İndirim""]",,listing_only,,https://www.trendyol.com/bunbaza/bebegim-ne-goruyor-ilk-zeka-kartlarim-flash-kart-yuksek-kontrastli-gorsel-uyarimli-30-kart-0-12-ay-p-870105355?boutiqueId=61&merchantId=547378
cocuk:cocuk-kitap,150,963,,24.5,6.5,754479018,126620,754479018:126620,yükselen zeka İlkokula Hazırlık Seti (3-6 Yaş),yükselen zeka,,309.98,313.11,,InStock,,,,,4.8,,,,"[""Son 10 Günün En Düşük Fiyatı""]",,listing_only,,https://www.trendyol.com/yukselen-zeka/ilkokula-hazirlik-seti-3-6-yas-p-754479018?boutiqueId=61&merchantId=126620
cocuk:cocuk-oyuncak,572,608,-393,24.4,7.1,2147952,1257854,2147952:1257854,Genel Markalar 2'Li Ahşap Marakas Seti,Genel Markalar,Bloomin Store,270,274,-1.5,InStock,,,,,4.4,733,0,,"[""Son 10 Günün En Düşük Fiyatı""]",Tahmini Teslim:,carried_forward,3,https://www.trendyol.com/genel-markalar/2-li-ahsap-marakas-seti-p-2147952?boutiqueId=61&merchantId=1257854
cocuk:cocuk-oyuncak,692,728,,24.4,5.6,1203710,699994,1203710:699994,HOT WHEELS 5'li Araba Seti KUTULU 2026 MODELLER,HOT WHEELS,,635,,,InStock,,,,,4.5,,,,"[""Kargo Bedava""]",,listing_only,,https://www.trendyol.com/hot-wheels/5-li-araba-seti-kutulu-2026-modeller-p-1203710?boutiqueId=61&merchantId=699994
cocuk:cocuk-oyuncak,733,769,,24.4,5.6,97589556,752303,97589556:752303,Genel Markalar Türkçe Sesli Eğitici Köpek Figürlü Çiftlik Hayvanları Müzikli Piyano Karışık Renkler,Genel Markalar,,597,,,InStock,,,,,4.3,,,,"[""Kargo Bedava""]",,listing_only,,https://www.trendyol.com/genel-markalar/turkce-sesli-egitici-kopek-figurlu-ciftlik-hayvanlari-muzikli-piyano-karisik-renkler-p-97589556?boutiqueId=61&merchantId=752303
cocuk:cocuk-kitap,112,925,,24.4,17.6,1176643356,126620,1176643356:126620,yükselen zeka Zeka Parkuru Bebek- Eksik Bırakmayan Kitap,yükselen zeka,,386.6,439.32,,InStock,,,,,4.8,,,,"[""Sepette %12 İndirim"",""Kargo Bedava""]",,listing_only,,https://www.trendyol.com/yukselen-zeka/zeka-parkuru-bebek-eksik-birakmayan-kitap-p-1176643356?boutiqueId=61&merchantId=126620
cocuk:cocuk-oyuncak,444,480,,24.3,5.7,900541331,968,900541331:968,LEGO ® Speed Champions Oracle Red Bull Racing RB20 F1® Yarış Arabası 77243 - 18+ Model Yapım Seti (251P),LEGO,,1286,,,InStock,,,,,4.8,,,,[],,listing_only,,https://www.trendyol.com/lego/speed-champions-oracle-red-bull-racing-rb20-f1-yaris-arabasi-77243-18-model-yapim-seti-251p-p-900541331?boutiqueId=690823&merchantId=968
cocuk:cocuk-oyuncak,112,148,-37,24.2,7.7,750851820,484762,750851820:484762,"ALYÜZ Mıknatıslı Ahşap Balık Tutma Oyunu, Eğitici, Montessori, Balık Yakalama",ALYÜZ,ALYÜZ TİCARET,178.38,181.79,0,InStock,,,,,4.623507805325987,606,0,47,"[""Son 10 Günün En Düşük Fiyatı"",""Sepette %2 İndirim"",""Kargo Bedava"",""Son 10 günün en düşük fiyatı"",""Trendyol Plus'a Özel""]",3 saat 49 dakika içinde sipariş verirsen en geç yarın kargoda!,refreshed,0,https://www.trendyol.com/alyuz/miknatisli-ahsap-balik-tutma-oyunu-egitici-montessori-balik-yakalama-p-750851820?boutiqueId=61&merchantId=484762
cocuk:cocuk-oyuncak,343,379,,24.1,5.9,85730860,985476,85730860:985476,Essa Home Sevimli Kedi Polar Yastık,Essa Home,,108.59,,,InStock,,,,,4,,,,[],,listing_only,,https://www.trendyol.com/essa-home/sevimli-kedi-polar-yastik-p-85730860?boutiqueId=61&merchantId=985476
cocuk:cocuk-kitap,125,938,,24.1,10.9,1094678709,127712,1094678709:127712,"Dikkat Atölyesi Yayınları 3'lü Oluklu Çizgileri, Harfleri ve Sayıları Yazmayı Öğreten Kitap",Dikkat Atölyesi Yayınları,,631.75,665,,InStock,,,,,4.6,,,,"[""Kargo Bedava"",""Son 10 Günün En Düşük Fiyatı""]",,listing_only,,https://www.trendyol.com/dikkat-atolyesi-yayinlari/3-lu-oluklu-cizgileri-harfleri-ve-sayilari-yazmayi-ogreten-kitap-p-1094678709?boutiqueId=61&merchantId=127712
cocuk:cocuk-oyuncak,115,151,-6,24,6,732122758,108805,732122758:108805,Hyd 52 Parça Bahçe Çiçek Yapım Seti Yapı Blokları Yapboz Bul Tak Puzzle Eğitici Oyuncak Çiçek Bahçesi,Hyd,Hyd,254,,0,InStock,,,,,4.671119592875318,986,-18,79,"[""Sepette %22 İndirim"",""Süper Fırsat Ürünü"",""Kargo Bedava""]",Tahmini Teslim:,refreshed,0,https://www.trendyol.com/hyd/52-parca-bahce-cicek-yapim-seti-yapi-bloklari-yapboz-bul-tak-puzzle-egitici-oyuncak-cicek-bahcesi-p-732122758?boutiqueId=61&merchantId=108805
cocuk:cocuk-oyuncak,143,179,-3,24,6,235923705,1127325,235923705:1127325,Circle Toys Lineup Single Bul Sırala Ögren - Montessori Tek Oyuncu,Circle Toys,Circle Toys,537.38,,53.5,InStock,,,,,4.699453551912568,993,-6,,"[""Sepette %20 İndirim"",""Kargo Bedava""]",Tahmini Teslim:,refreshed,0,https://www.trendyol.com/circle-toys/lineup-single-bul-sirala-ogren-montessori-tek-oyuncu-p-235923705?boutiqueId=61&merchantId=1127325
cocuk:cocuk-oyuncak,161,197,-8,24,6,50791549,337300,50791549:337300,Erdem Oyuncak Uzaktan Kumandalı Araba Çılgın Dasher Erd-21a Gmsl,Erdem Oyuncak,OyuncakcıBaba,443.18,,0,InStock,,,,,4.322490185081324,994,-7,,"[""Kargo Bedava""]",Tahmini Teslim:,refreshed,0,https://www.trendyol.com/erdem-oyuncak/uzaktan-kumandali-araba-cilgin-dasher-erd-21a-gmsl-p-50791549?boutiqueId=61&merchantId=337300
cocuk:cocuk-oyuncak,165,201,-3,24,6,875717599,877964,875717599:877964,Magly Manyetik Yapı Blokları – Çocuklar Için Renkli 3 Boyutlu 36 Parça Manyetik Karo Oyun Seti,Magly,AKA TEKNOLOJİ,1128,,0,InStock,,,,,4.726726726726727,994,1,270,"[""Kargo Bedava""]",Tahmini Teslim:,refreshed,0,https://www.trendyol.com/magly/manyetik-yapi-bloklari-cocuklar-icin-renkli-3-boyutlu-36-parca-manyetik-karo-oyun-seti-p-875717599?boutiqueId=61&merchantId=877964
cocuk:cocuk-oyuncak,231,267,-127,24,6,873653473,947235,873653473:947235,M&H Heroes Buz Kırma Oyunu Buz Küpü Poşetli %100 Orijinal - Eğitici Öğretici Eğlenceli Çocuk Oyuncak,M&H,Kangamom,129,,0,InStock,,,,,4.278164116828929,1007,0,,"[""Sepette %30 İndirim"",""Sepette %3 İndirim"",""Sepette %20 İndirim"",""Sepette %22 İndirim"",""50 TL Kupon"",""Kargo Bedava"",""Son 10 Günün En Düşük Fiyatı""]",3 saat 45 dakika içinde sipariş verirsen en geç yarın kargoda!,refreshed,0,https://www.trendyol.com/m-h/heroes-buz-kirma-oyunu-buz-kupu-posetli-100-orijinal-egitici-ogretici-eglenceli-cocuk-oyuncak-p-873653473?boutiqueId=61&merchantId=947235
cocuk:cocuk-oyuncak,665,701,,24,6,818677252,673595,818677252:673595,HAPPENS Vakum Molekül 25 Parça Yapı Oyuncak Ve Inşaa Seti Yaratıcı Yapım Pixel Tasarım Eğitici,HAPPENS,,199.99,,,InStock,,,,,4,,,,[],,listing_only,,https://www.trendyol.com/happens/vakum-molekul-25-parca-yapi-oyuncak-ve-insaa-seti-yaratici-yapim-pixel-tasarim-egitici-p-818677252?boutiqueId=61&merchantId=673595
cocuk:cocuk-kitap,162,975,,24,6,286158981,113171,286158981:113171,Çocuk Akademi Ilk Adım Zeka Kartı Renk-sayı-şekil,Çocuk Akademi,,147.58,,,InStock,,,,,4.7,,,,[],,listing_only,,https://www.trendyol.com/cocuk-akademi/ilk-adim-zeka-karti-renk-sayi-sekil-p-286158981?boutiqueId=61&merchantId=113171
cocuk:cocuk-oyuncak,366,402,-187,23.9,6.1,888382654,104968,888382654:104968,Babycim Babycim Bebek Piyanolu Oyun Halısı Ve Jimnastik Merkezi (AYNALI VE ÇINGIRAKLI),Babycim,Happy Center,899.99,,0,InStock,,,,,4.4,965,0,,"[""35 TL Kupon"",""Kargo Bedava""]",Tahmini Teslim:,carried_forward,2,https://www.trendyol.com/babycim/babycim-bebek-piyanolu-oyun-halisi-ve-jimnastik-merkezi-aynali-ve-cingirakli-p-888382654?boutiqueId=61&merchantId=104968
cocuk:cocuk-oyuncak,418,454,-372,23.9,9.7,411967828,815717,411967828:815717,Intex 57412 Sunset Yumuşak Tabanlı Çocuk Havuzu 114 25 Cm,Intex,,371,385,-0.8,InStock,,,,,4.5,345,0,,"[""Kargo Bedava"",""Son 10 Günün En Düşük Fiyatı""]",,carried_forward,19,https://www.trendyol.com/intex/57412-sunset-yumusak-tabanli-cocuk-havuzu-114-25-cm-p-411967828?boutiqueId=61&merchantId=815717
cocuk:cocuk-oyuncak,434,470,-324,23.9,16.1,58890643,4651,58890643:4651,Genel Markalar Taşıt Desenli Bebek Flötoru - 59586 Karışık,Genel Markalar,,314,349,-10,InStock,,,,,4.6,54,0,,"[""Son 10 Günün En Düşük Fiyatı""]",Tahmini Teslim:,carried_forward,12,https://www.trendyol.com/genel-markalar/tasit-desenli-bebek-flotoru-59586-karisik-p-58890643?boutiqueId=61&merchantId=4651
cocuk:cocuk-oyuncak,548,584,,23.9,13.1,1017706639,190370,1017706639:190370,Brother Toys Uzaktan Kumandalı 8 Tekerli Akrobat Wall-E Benzeri Oyuncak Robot Köpek Araba 25 Cm.,Brother Toys,,1608.61,1729.69,,InStock,,,,,4.3,,,,"[""Kargo Bedava""]",,listing_only,,https://www.trendyol.com/brother-toys/uzaktan-kumandali-8-tekerli-akrobat-wall-e-benzeri-oyuncak-robot-kopek-araba-25-cm-p-1017706639?boutiqueId=61&merchantId=190370
cocuk:cocuk-oyuncak,555,591,,23.9,6.1,656341859,1218592,656341859:1218592,Genel Markalar Ben Bu Muyum Kutu Oyunu,Genel Markalar,,144,,,InStock,,,,,4.6,,,,[],,listing_only,,https://www.trendyol.com/genel-markalar/ben-bu-muyum-kutu-oyunu-p-656341859?boutiqueId=61&merchantId=1218592
cocuk:cocuk-kitap,63,876,,23.9,12.2,1106188189,113171,1106188189:113171,Çocuk Akademi Mega Boy Sticker Kitabım Deniz Kızları,Çocuk Akademi,,153.09,162.96,,InStock,,,,,4.6,,,,"[""Son 10 Günün En Düşük Fiyatı""]",,listing_only,,https://www.trendyol.com/cocuk-akademi/mega-boy-sticker-kitabim-deniz-kizlari-p-1106188189?boutiqueId=61&merchantId=113171
cocuk:cocuk-oyuncak,318,354,,23.8,16.6,1141666386,239850,1141666386:239850,My Kids Room 20 Araba Sergileme Rafı – 20'li Regular Kart Standı | Ahşap Koleksiyon Standı,My Kids Room,,179.03,199.9,,InStock,,,,,3.8,,,,"[""Son 10 Günün En Düşük Fiyatı""]",,listing_only,,https://www.trendyol.com/my-kids-room/20-araba-sergileme-rafi-20-li-regular-kart-standi-ahsap-koleksiyon-standi-p-1141666386?boutiqueId=61&merchantId=239850
cocuk:cocuk-oyuncak,620,656,,23.8,23.2,1798753,125452,1798753:125452,Hasbro Mini 4 Lü Hamur 23241,Hasbro,,131.94,159,,InStock,,,,,4.7,,,,"[""Son 10 Günün En Düşük Fiyatı""]",,listing_only,,https://www.trendyol.com/hasbro/mini-4-lu-hamur-23241-p-1798753?boutiqueId=61&merchantId=125452
cocuk:cocuk-oyuncak,493,529,-272,23.7,6.3,69595175,158005,69595175:158005,Genel Markalar Kelime Üretme Oyunu Türkçe Kelime Avı Eğitici Zeka Oyunu - Ailece Oynanır - Çocuklar İçin Kutu Oyunu,Genel Markalar,Wdesign,169.5,,,InStock,,,,,4.2,929,0,132,[],14 saat 49 dakika içinde sipariş verirsen en geç yarın kargoda!,carried_forward,6,https://www.trendyol.com/genel-markalar/kelime-uretme-oyunu-turkce-kelime-avi-egitici-zeka-oyunu-ailece-oynanir-cocuklar-icin-kutu-oyunu-p-69595175?boutiqueId=61&merchantId=158005
cocuk:cocuk-oyuncak,526,562,-301,23.7,6.3,125986425,190370,125986425:190370,Brother Toys Transformers Robot Çek Bırak Kendinden Robota Dönüşen 1:32 Bugatti Lamborghini Araba,Brother Toys,BROTHERTOYS,199.9,,0,InStock,,,,,3.8,910,0,224,[],14 saat 50 dakika içinde sipariş verirsen en geç yarın kargoda!,carried_forward,8,https://www.trendyol.com/brother-toys/transformers-robot-cek-birak-kendinden-robota-donusen-1-32-bugatti-lamborghini-araba-p-125986425?boutiqueId=61&merchantId=190370
cocuk:cocuk-oyuncak,551,587,-326,23.7,6.3,335022054,1086468,335022054:1086468,Diytoy Tummy Time Aynalı Zeka Kartları,Diytoy,WORLD OF BABİES,300,,16.2,InStock,,,,,4.5,912,0,88,"[""15 TL Kupon""]",14 saat 49 dakika içinde sipariş verirsen en geç yarın kargoda!,carried_forward,6,https://www.trendyol.com/diytoy/tummy-time-aynali-zeka-kartlari-p-335022054?boutiqueId=61&merchantId=1086468
cocuk:cocuk-oyuncak,774,810,,23.7,6.3,376207108,231173,376207108:231173,metafortoys Neşeli Şekiller Dikkat Ve Odaklanmayı Geliştiren Zeka Oyunu,metafortoys,,359,,,InStock,,,,,4.7,,,,"[""Kargo Bedava""]",,listing_only,,https://www.trendyol.com/metafortoys/neseli-sekiller-dikkat-ve-odaklanmayi-gelistiren-zeka-oyunu-p-376207108?boutiqueId=61&merchantId=231173
cocuk:cocuk-kitap,80,893,,23.7,7.3,888919751,126620,888919751:126620,yükselen zeka 6-16 Ay İlk Cırt Cırtlı Keçeli Etkinlik Kitabım - Yemek Sevdiren Kitap,yükselen zeka,,270.73,273.46,,InStock,,,,,4.8,,,,"[""Son 10 Günün En Düşük Fiyatı""]",,listing_only,,https://www.trendyol.com/yukselen-zeka/6-16-ay-ilk-cirt-cirtli-keceli-etkinlik-kitabim-yemek-sevdiren-kitap-p-888919751?boutiqueId=61&merchantId=126620
cocuk:cocuk-oyuncak,695,731,,23.6,6.4,291989924,1210766,291989924:1210766,Diytoy Bebeğimin Ilk Zeka Kartları 0-12 Ay+ Erken Eğitim Zeka Kartları 0-6 Ay,Diytoy,,349.99,,,InStock,,,,,4.6,,,,[],,listing_only,,https://www.trendyol.com/diytoy/bebegimin-ilk-zeka-kartlari-0-12-ay-erken-egitim-zeka-kartlari-0-6-ay-p-291989924?boutiqueId=61&merchantId=1210766
cocuk:cocuk-kitap,75,888,,23.6,6.4,888810485,126620,888810485:126620,yükselen zeka İlk Cırt Cırtlı Keçeli Etkinlik Kitabım - İlk Oyun Kitabım (6-16 Ay),yükselen zeka,,348.61,,,InStock,,,,,4.7,,,,[],,listing_only,,https://www.trendyol.com/yukselen-zeka/ilk-cirt-cirtli-keceli-etkinlik-kitabim-ilk-oyun-kitabim-6-16-ay-p-888810485?boutiqueId=61&merchantId=126620
cocuk:cocuk-oyuncak,122,158,-72,23.5,6.5,883281509,357212,883281509:357212,Go Toys Go Blocks 80 Parça Yapı Blok Seti Multi Blok Saklama Çantalı Shopist,Go Toys,Shopist,399,,0,InStock,,,,,4.087974683544304,856,0,,"[""Sepette %30 İndirim"",""Sepette %3 İndirim"",""Sepette %20 İndirim"",""Kargo Bedava"",""Son 10 Günün En Düşük Fiyatı"",""Trendyol Plus'a Özel""]",Tahmini Teslim:,refreshed,0,https://www.trendyol.com/go-toys/go-blocks-80-parca-yapi-blok-seti-multi-blok-saklama-cantali-shopist-p-883281509?boutiqueId=61&merchantId=357212
cocuk:cocuk-oyuncak,234,270,-100,23.5,6.5,1795660,129944,1795660:129944,Dolu Bingit Araba Kırmızı 8020,Dolu,PrefToys,522,,0,InStock,,,,,4.302681992337165,858,1,239,"[""Kargo Bedava""]",3 saat 45 dakika içinde sipariş verirsen en geç yarın kargoda!,refreshed,0,https://www.trendyol.com/dolu/bingit-araba-kirmizi-8020-p-1795660?boutiqueId=61&merchantId=129944
cocuk:cocuk-oyuncak,285,321,-99,23.4,6.6,796161952,968,796161952:968,LEGO ® Botanicals Kiraz Çiçekleri 40725 - 8+ Çiçek Model Yapım Seti (430Parça),LEGO,Trendyol,601.41,,0,InStock,,,,,4.7,843,0,12,[],Tahmini Teslim:,carried_forward,2,https://www.trendyol.com/lego/botanicals-kiraz-cicekleri-40725-8-cicek-model-yapim-seti-430parca-p-796161952?boutiqueId=689716&merchantId=968
cocuk:cocuk-kitap,111,924,,23.4,6.6,966695746,1140782,966695746:1140782,Kronik Kitap Telefon Melefon Yok!,Kronik Kitap,,240,,,InStock,,,,,4.8,,,,"[""20 TL Kupon""]",,listing_only,,https://www.trendyol.com/kronik-kitap/telefon-melefon-yok-p-966695746?boutiqueId=61&merchantId=1140782
cocuk:cocuk-kitap,148,961,,23.4,17.2,1158015404,127712,1158015404:127712,Dikkat Atölyesi Yayınları Beyin Jimnastiği 5-8 Yaş Etkinlik Kitabı,Dikkat Atölyesi Yayınları,,267.27,298.9,,InStock,,,,,4.8,,,,"[""Son 10 Günün En Düşük Fiyatı""]",,listing_only,,https://www.trendyol.com/dikkat-atolyesi-yayinlari/beyin-jimnastigi-5-8-yas-etkinlik-kitabi-p-1158015404?boutiqueId=61&merchantId=127712
cocuk:cocuk-oyuncak,313,349,,23.3,18.7,1141666367,239850,1141666367:239850,My Kids Room 20 Araba Sergileme Rafı – 20'li Regular Kart Standı | Ahşap Koleksiyon Standı,My Kids Room,,175.91,199.9,,InStock,,,,,4.2,,,,"[""Son 10 Günün En Düşük Fiyatı""]",,listing_only,,https://www.trendyol.com/my-kids-room/20-araba-sergileme-rafi-20-li-regular-kart-standi-ahsap-koleksiyon-standi-p-1141666367?boutiqueId=61&merchantId=239850
cocuk:cocuk-oyuncak,397,433,,23.3,6.7,847834846,190370,847834846:190370,Brother Toys Oyuncak Kukuli Cep Telefonu Dokunmatik 12 Fonksiyonlu Türkçe Sesli Işıklı Müzikli Telefon Pembe,Brother Toys,,329.9,,,InStock,,,,,4.2,,,,[],,listing_only,,https://www.trendyol.com/brother-toys/oyuncak-kukuli-cep-telefonu-dokunmatik-12-fonksiyonlu-turkce-sesli-isikli-muzikli-telefon-pembe-p-847834846?boutiqueId=61&merchantId=190370
cocuk:cocuk-oyuncak,420,456,-312,23.3,6.7,995688728,1321308,995688728:1321308,"Genel Markalar SESLİ, HAREKETLİ, ZIPLAYAN TAVŞAN",Genel Markalar,İSPİRİZ CAMPİNG & OUTDOOR,259,,,InStock,,,,,3.8,,,285,[],13 saat 27 dakika içinde sipariş verirsen en geç yarın kargoda!,carried_forward,12,https://www.trendyol.com/genel-markalar/sesli-hareketli-ziplayan-tavsan-p-995688728?boutiqueId=61&merchantId=1321308
cocuk:cocuk-oyuncak,616,652,,23.3,6.7,121313958,968,121313958:968,LEGO ® DUPLO® İlk Sayı Treni - Saymayı Öğren 10954 - 1/2+ Eğitici Oyuncak Yapım Seti (23P),LEGO,,878.42,,,InStock,,,,,4.9,,,,[],,listing_only,,https://www.trendyol.com/lego/duplo-ilk-sayi-treni-saymayi-ogren-10954-1-2-egitici-oyuncak-yapim-seti-23p-p-121313958?boutiqueId=690823&merchantId=968
cocuk:cocuk-oyuncak,719,755,,23.3,16.6,1060618315,314010,1060618315:314010,SAZE OYUNCAK DIKEY SÜPÜRGE + KAHVE MAKİNASİ +MİKSER 3 LÜ OYUN SETİ OYUNCAK,SAZE,,538,597,,InStock,,,,,4,,,,"[""Kargo Bedava"",""Son 10 Günün En Düşük Fiyatı""]",,listing_only,,https://www.trendyol.com/saze/oyuncak-dikey-supurge-kahve-makinasi-mikser-3-lu-oyun-seti-oyuncak-p-1060618315?boutiqueId=61&merchantId=314010
cocuk:cocuk-oyuncak,37,73,-12,23.2,19.3,1081621123,1218056,1081621123:1218056,Mino Makers Manyetik Yapı Blokları - Çocuklar İçin 3 Boyutlu Renkli Mınatıslı 39 Parça Manyetik Blok Oyun Seti,Mino Makers,Mino Makers,752,,0,InStock,,,,,4.5643939393939394,139,2,,"[""Kargo Bedava"",""Trendyol Plus'a Özel""]",Tahmini Teslim:,refreshed,0,https://www.trendyol.com/mino-makers/manyetik-yapi-bloklari-cocuklar-icin-3-boyutlu-renkli-minatisli-39-parca-manyetik-blok-oyun-seti-p-1081621123?boutiqueId=61&merchantId=1218056
cocuk:cocuk-kitap,149,962,,23.2,11.8,906139097,113171,906139097:113171,Çocuk Akademi Geçmişten Gelen Dedem,Çocuk Akademi,,71.52,75.28,,InStock,,,,,4.8,,,,"[""Son 10 Günün En Düşük Fiyatı""]",,listing_only,,https://www.trendyol.com/cocuk-akademi/gecmisten-gelen-dedem-p-906139097?boutiqueId=61&merchantId=113171
cocuk:cocuk-oyuncak,227,263,,23.1,6.9,86722738,107786,86722738:107786,Birlik Oyuncak Matkaplı 3d Yaratıcı Tamir Seti Puzzle Eğitici,Birlik Oyuncak,Wise,710.05,,,InStock,,,,,4.440579710144927,781,,188,"[""Kargo Bedava""]",Tahmini Teslim:,refreshed,0,https://www.trendyol.com/birlik-oyuncak/matkapli-3d-yaratici-tamir-seti-puzzle-egitici-p-86722738?boutiqueId=61&merchantId=107786
cocuk:cocuk-oyuncak,646,682,,23.1,6.9,855806104,413514,855806104:413514,Genel Markalar Vazolu Çiçek Ahşap Oyuncak ( 10 Adet )Aktivite Karne Hediyesi Yaz Okulu Kreş Anaokulu,Genel Markalar,,89.87,,,InStock,,,,,4.6,,,,"[""Son 10 Günün En Düşük Fiyatı""]",,listing_only,,https://www.trendyol.com/genel-markalar/vazolu-cicek-ahsap-oyuncak-10-adet-aktivite-karne-hediyesi-yaz-okulu-kres-anaokulu-p-855806104?boutiqueId=61&merchantId=413514
cocuk:cocuk-oyuncak,674,710,,23.1,13.6,896820021,955004,896820021:955004,"Home Stres Küpü, Stres ve Anksiyete İçin Faydalı, Sonsuz Hareketli",Home,,42,45,,InStock,,,,,4.1,,,,"[""Son 10 Günün En Düşük Fiyatı""]",,listing_only,,https://www.trendyol.com/home/stres-kupu-stres-ve-anksiyete-icin-faydali-sonsuz-hareketli-p-896820021?boutiqueId=61&merchantId=955004
cocuk:cocuk-oyuncak,715,751,-489,23.1,6.9,6376970,104968,6376970:104968,Dolu Küçük Kaydırak Kırmızı 3028,Dolu,Happy Center,1949,,,InStock,,,,,4.686323713927227,781,-3,228,"[""50 TL Kupon"",""Kargo Bedava""]",Tahmini Teslim:,refreshed,0,https://www.trendyol.com/dolu/kucuk-kaydirak-kirmizi-3028-p-6376970?boutiqueId=61&merchantId=104968
cocuk:cocuk-kitap,144,957,,23.1,20,1179519123,231173,1179519123:231173,metafortoys Hat Sanatı Boyama Kitabı – 21x20 cm I 40 Görsel I Çocuklar ve Yetişkinler İçin,metafortoys,,199,229,,InStock,,,,,4.5,,,,[],,listing_only,,https://www.trendyol.com/metafortoys/hat-sanati-boyama-kitabi-21x20-cm-i-40-gorsel-i-cocuklar-ve-yetiskinler-icin-p-1179519123?boutiqueId=61&merchantId=231173
cocuk:cocuk-oyuncak,744,780,,23,16.2,968270017,968,968270017:968,LEGO ® ǀ Marvel Örümcek Adam ile Doktor Oktopus Metro Sahnesi 76321 – 9+ için Oyuncak Seti (393p),LEGO,,2159.28,2379,,InStock,,,,,4.5,,,,"[""Son 10 Günün En Düşük Fiyatı""]",,listing_only,,https://www.trendyol.com/lego/marvel-orumcek-adam-ile-doktor-oktopus-metro-sahnesi-76321-9-icin-oyuncak-seti-393p-p-968270017?boutiqueId=690823&merchantId=968
cocuk:cocuk-oyuncak,137,173,-21,22.9,7.1,303017450,200893,303017450:200893,LEGO ® Botanicals Orkide 10311 – Yetişkinler için Dekoratif Yapay Bitki Modeli Yapım Seti (608 Parça),LEGO,ALDIMGİTTİ,2200,,-0.9,InStock,,,,,4.6691275167785244,722,1,88,"[""Kargo Bedava""]",3 saat 49 dakika içinde sipariş verirsen en geç yarın kargoda!,refreshed,0,https://www.trendyol.com/lego/botanicals-orkide-10311-yetiskinler-icin-dekoratif-yapay-bitki-modeli-yapim-seti-608-parca-p-303017450?boutiqueId=61&merchantId=200893
cocuk:cocuk-oyuncak,255,291,-150,22.9,12.7,337775850,313644,337775850:313644,Rookie Iki Tekerlekli Katlanır Çocuk Scooter,Rookie,GOKIDY,1380.4,1463.01,-10.4,InStock,,,,,4.3961538461538465,145,2,,"[""Kargo Bedava"",""Son 10 Günün En Düşük Fiyatı"",""Son 10 günün en düşük fiyatı""]",Tahmini Teslim:,refreshed,0,https://www.trendyol.com/rookie/iki-tekerlekli-katlanir-cocuk-scooter-p-337775850?boutiqueId=61&merchantId=313644
cocuk:cocuk-oyuncak,79,115,-69,22.8,7.2,959514969,357212,959514969:357212,Go Toys Go Magnetic Series 36 Parça Manyetik Yapı Blokları Original - Mıknatıslı Manyetik Bloklar,Go Toys,Shopist,1190,,0,InStock,,,,,4.2248603351955305,703,1,,"[""Sepette %30 İndirim"",""Kargo Bedava""]",Tahmini Teslim:,refreshed,0,https://www.trendyol.com/go-toys/go-magnetic-series-36-parca-manyetik-yapi-bloklari-original-miknatisli-manyetik-bloklar-p-959514969?boutiqueId=61&merchantId=357212
cocuk:cocuk-oyuncak,235,271,-150,22.8,7.2,2838118,1086780,2838118:1086780,Dolu Nuve Eğitici Lazımlık 7051,Dolu,Elisra Pazarlama,640.19,,0,InStock,,,,,4.667417417417417,711,-1,231,"[""Kargo Bedava"",""Trendyol Plus'a Özel""]",Tahmini Teslim:,refreshed,0,https://www.trendyol.com/dolu/nuve-egitici-lazimlik-7051-p-2838118?boutiqueId=61&merchantId=1086780
cocuk:cocuk-oyuncak,361,397,,22.8,8.2,980899004,126620,980899004:126620,yükselen zeka Bölme Öğreten Oyuncak,yükselen zeka,,282.36,285.21,,InStock,,,,,4.8,,,,"[""Son 10 Günün En Düşük Fiyatı""]",,listing_only,,https://www.trendyol.com/yukselen-zeka/bolme-ogreten-oyuncak-p-980899004?boutiqueId=61&merchantId=126620
cocuk:cocuk-oyuncak,398,434,-236,22.8,10.7,902485747,969510,902485747:969510,NB market Stitch ördek peluş oyuncak. stitch peluş oyuncak stich 35cm stik labubu yeni nesil,NB market,NB OYUNCAK,828.85,858.85,-4,InStock,,,,,4.6,,,86,"[""30 TL Kupon"",""Kargo Bedava""]",14 saat 52 dakika içinde sipariş verirsen en geç yarın kargoda!,carried_forward,25,https://www.trendyol.com/nb-market/stitch-ordek-pelus-oyuncak-stitch-pelus-oyuncak-stich-35cm-stik-labubu-yeni-nesil-p-902485747?boutiqueId=61&merchantId=969510
cocuk:cocuk-oyuncak,606,642,-379,22.8,7.2,976258,1086468,976258:1086468,Fisher Price Dolu Ilk Arabam 1801,Fisher Price,Happy Center,800,,,InStock,,,,,4.5,709,0,265,"[""15 TL Kupon"",""Kargo Bedava""]",5 saat 48 dakika içinde sipariş verirsen en geç bugün kargoda!,carried_forward,4,https://www.trendyol.com/fisher-price/dolu-ilk-arabam-1801-p-976258?boutiqueId=61&merchantId=1086468
cocuk:cocuk-oyuncak,39,75,-33,22.7,14.8,1030904645,673550,1030904645:673550,BubbyPlay Çantalı Çiçek Bahçesi 52 Parça Yapım Seti Tak Çıkar Blok Montessori Eğitici Oyuncak Çocuk Gelişim 3 Yaş,BubbyPlay,Bundeba,298,,,InStock,,,,,4.785216178521618,388,1,64,"[""Kargo Bedava""]",3 saat 52 dakika içinde sipariş verirsen en geç yarın kargoda!,refreshed,0,https://www.trendyol.com/bubbyplay/cantali-cicek-bahcesi-52-parca-yapim-seti-tak-cikar-blok-montessori-egitici-oyuncak-cocuk-gelisim-3-yas-p-1030904645?boutiqueId=61&merchantId=673550
cocuk:cocuk-oyuncak,101,137,11,22.7,7.3,36887207,126134,36887207:126134,Jenga Denge Oyunu Eğitici Zeka Oyunu - Ailece Oynanır - Çocuklar İçin Kutu Oyunu,Jenga,Sera Oyun Aletleri,159.63,,5.3,InStock,,,,,3.7191726332537787,683,1,148,"[""Sepette %2 İndirim"",""429 TL Kupon"",""Kargo Bedava"",""Son 10 Günün En Düşük Fiyatı"",""Trendyol Plus'a Özel""]",Tahmini Teslim:,refreshed,0,https://www.trendyol.com/jenga/denge-oyunu-egitici-zeka-oyunu-ailece-oynanir-cocuklar-icin-kutu-oyunu-p-36887207?boutiqueId=61&merchantId=126134
cocuk:cocuk-oyuncak,149,185,-12,22.7,7.3,219048657,968,219048657:968,LEGO ® City Polis Arabası 60312 - 5+ Yaratıcı Oyuncak Yapım Seti (94Parça),LEGO,Trendyol,446.58,,,InStock,,,,,4.7873563218390816,687,-1,,[],Tahmini Teslim:,refreshed,0,https://www.trendyol.com/lego/city-polis-arabasi-60312-5-yaratici-oyuncak-yapim-seti-94parca-p-219048657?boutiqueId=690823&merchantId=968
cocuk:cocuk-kitap,121,934,,22.7,18.4,1187588272,1227093,1187588272:1227093,Z&R CRAFT SONBAHAR YETİŞKİN BOYAMA KİTABI - 35 YAPRAK 35 GÖRSEL - SPİRALLİ,Z&R CRAFT SONBAHAR,,199.99,224.99,,InStock,,,,,4.6,,,,[],,listing_only,,https://www.trendyol.com/z-r-craft/sonbahar-yetiskin-boyama-kitabi-35-yaprak-35-gorsel-spiralli-p-1187588272?boutiqueId=61&merchantId=1227093
cocuk:cocuk-kitap,124,937,,22.7,7.3,941824287,127712,941824287:127712,Dikkat Atölyesi Yayınları 1. Sınıflar Için Hızlı Okumayı Güçlendiren Saklı Nesne Etkileşimli Hikaye Serisi 12 Kitap (NİK-KİT),Dikkat Atölyesi Yayınları,,318.23,,,InStock,,,,,4.8,,,,[],,listing_only,,https://www.trendyol.com/dikkat-atolyesi-yayinlari/1-siniflar-icin-hizli-okumayi-guclendiren-sakli-nesne-etkilesimli-hikaye-serisi-12-kitap-nik-kit-p-941824287?boutiqueId=61&merchantId=127712
cocuk:cocuk-kitap,126,939,,22.7,7.3,286158851,113171,286158851:113171,Çocuk Akademi Ilk Adım Zeka Kartı Eşyalar,Çocuk Akademi,,116.03,,,InStock,,,,,4.8,,,,[],,listing_only,,https://www.trendyol.com/cocuk-akademi/ilk-adim-zeka-karti-esyalar-p-286158851?boutiqueId=61&merchantId=113171
cocuk:cocuk-oyuncak,40,76,12,22.6,14.1,930522411,725158,930522411:725158,Genel Markalar Köpük Baloncuklu Işıklı Pilli Tabanca – Mavi,Genel Markalar,BOLSAN TEKNOLOJİ,284,289,-4.1,InStock,,,,,3.563329312424608,411,4,176,"[""Son 10 Günün En Düşük Fiyatı"",""Kargo Bedava"",""Son 10 günün en düşük fiyatı""]",3 saat 52 dakika içinde sipariş verirsen en geç yarın kargoda!,refreshed,0,https://www.trendyol.com/genel-markalar/kopuk-baloncuklu-isikli-pilli-tabanca-mavi-p-930522411?boutiqueId=61&merchantId=725158
cocuk:cocuk-oyuncak,362,398,,22.6,7.4,366630898,456605,366630898:456605,p parti oyunevi Funny Blocks Mikro Blok 500 Parça Plastik Kutulu Yapı Blokları,p parti oyunevi,,649,,,InStock,,,,,3.9,,,,"[""Kargo Bedava""]",,listing_only,,https://www.trendyol.com/p-parti-oyunevi/funny-blocks-mikro-blok-500-parca-plastik-kutulu-yapi-bloklari-p-366630898?boutiqueId=61&merchantId=456605
cocuk:cocuk-oyuncak,368,404,-111,22.6,12.4,854894281,110697,854894281:110697,"ChildGen Oyun Hamuru Premium Modelleme Seti (ROLLER, MAKAS, SPATULA, CIMBIZ)",ChildGen,ChildGen,318.25,335,,InStock,,,,,4.7,158,0,16,"[""Sepette %5 İndirim""]",4 saat 49 dakika içinde sipariş verirsen en geç bugün kargoda!,carried_forward,7,https://www.trendyol.com/childgen/oyun-hamuru-premium-modelleme-seti-roller-makas-spatula-cimbiz-p-854894281?boutiqueId=61&merchantId=110697
cocuk:cocuk-oyuncak,394,430,,22.6,7.4,58962413,1096188,58962413:1096188,Vardem Kutulu 13 Parça Hayvan Seti Çiftlik Hayvanları,Vardem,,675,,,InStock,,,,,4.4,,,,"[""Kargo Bedava""]",,listing_only,,https://www.trendyol.com/vardem/kutulu-13-parca-hayvan-seti-ciftlik-hayvanlari-p-58962413?boutiqueId=61&merchantId=1096188
cocuk:cocuk-oyuncak,680,716,,22.6,7.4,40745652,783049,40745652:783049,Wee Baby Kalpli Silikon Diş Kaşıyıcı Mavi,Wee Baby,,155.5,,,InStock,,,,,4.4,,,,[],,listing_only,,https://www.trendyol.com/wee-baby/kalpli-silikon-dis-kasiyici-mavi-p-40745652?boutiqueId=61&merchantId=783049
cocuk:cocuk-oyuncak,64,100,-32,22.5,7.5,53036058,190370,53036058:190370,Brother Toys Transformer Robot Çek Bırak Kendinden Robota Dönüşen 1:32 Bugatti Oyuncak Araba,Brother Toys,BROTHERTOYS,199.9,,0,InStock,,,,,3.9944267515923566,645,0,105,"[""Kargo Bedava""]",Tahmini Teslim:,refreshed,0,https://www.trendyol.com/brother-toys/transformer-robot-cek-birak-kendinden-robota-donusen-1-32-bugatti-oyuncak-araba-p-53036058?boutiqueId=61&merchantId=190370
cocuk:cocuk-oyuncak,363,399,,22.5,7.5,72447122,108805,72447122:108805,Hyd Oyuncak 126 Parça Kule Dizme Oyunu ipe Boru Dizme Yapı Blokları Oyunu,Hyd,,160.74,,,InStock,,,,,4.2,,,,[],,listing_only,,https://www.trendyol.com/hyd/oyuncak-126-parca-kule-dizme-oyunu-ipe-boru-dizme-yapi-bloklari-oyunu-p-72447122?boutiqueId=61&merchantId=108805
cocuk:cocuk-oyuncak,424,460,,22.5,9.6,110747021,313644,110747021:313644,Rookie Siyah 3 Tekerlekli Led Işıklı Scooter,Rookie,,880.87,899.31,,InStock,,,,,4.2,,,,"[""Kargo Bedava"",""Son 10 Günün En Düşük Fiyatı""]",,listing_only,,https://www.trendyol.com/rookie/siyah-3-tekerlekli-led-isikli-scooter-p-110747021?boutiqueId=61&merchantId=313644
cocuk:cocuk-oyuncak,426,462,,22.5,7.5,743658401,840451,743658401:840451,BYENS Ahşap Eğitici Oyuncak Montessori Çöp Adam Ahşap Oyuncak Ahşap Yapboz Aktivite Eğitici Oyuncak Ahşap,BYENS,,189.9,,,InStock,,,,,4.6,,,,[],,listing_only,,https://www.trendyol.com/byens/ahsap-egitici-oyuncak-montessori-cop-adam-ahsap-oyuncak-ahsap-yapboz-aktivite-egitici-oyuncak-ahsap-p-743658401?boutiqueId=61&merchantId=840451
cocuk:cocuk-oyuncak,478,514,,22.5,7.5,883914776,968,883914776:968,LEGO Botanicals Pembe Çiçek Buketi 10342 - 18+ Çiçek Model Yapım Seti (749 Parça,LEGO,,2439,,,InStock,,,,,4.7,,,,[],,listing_only,,https://www.trendyol.com/lego/botanicals-pembe-cicek-buketi-10342-18-cicek-model-yapim-seti-749-parca-p-883914776?boutiqueId=690823&merchantId=968
cocuk:cocuk-oyuncak,588,624,,22.5,7.5,1055237392,968,1055237392:968,LEGO ® Speed Champions McLaren F1 Team MCL38 Yarış Arabası 77251 – 10+ Çocuklar için Yapım Seti (269 P),LEGO,,1108.99,,,InStock,,,,,4.8,,,,[],,listing_only,,https://www.trendyol.com/lego/speed-champions-mclaren-f1-team-mcl38-yaris-arabasi-77251-10-cocuklar-icin-yapim-seti-269-p-p-1055237392?boutiqueId=690823&merchantId=968
cocuk:cocuk-oyuncak,758,794,,22.5,7.5,217960956,190553,217960956:190553,HOBBY HOUSE Boyalı Ahşap Oyuncak Mutfak Servis Seti Ve 1 Led Aydınlatma,HOBBY HOUSE,,2299,,,InStock,,,,,4.3,,,,"[""Kargo Bedava""]",,listing_only,,https://www.trendyol.com/hobby-house/boyali-ahsap-oyuncak-mutfak-servis-seti-ve-1-led-aydinlatma-p-217960956?boutiqueId=61&merchantId=190553
cocuk:cocuk-oyuncak,322,358,,22.4,7.6,639786397,1127325,639786397:1127325,Circle Toys Bebek Su Oyun Matı Tummy Time Karın Üstü Aktivite Zamanı - (PEMBE),Circle Toys,,419.52,,,InStock,,,,,4.5,,,,"[""Kargo Bedava""]",,listing_only,,https://www.trendyol.com/circle-toys/bebek-su-oyun-mati-tummy-time-karin-ustu-aktivite-zamani-pembe-p-639786397?boutiqueId=61&merchantId=1127325
cocuk:cocuk-oyuncak,561,597,,22.4,7.6,655324398,968,655324398:968,LEGO ® Creator 3'ü 1 Arada EgzotikPapağan 31136 - 7+ Çocuklar için Yaratıcı Oyuncak Yapım Seti (253P),LEGO,,1018.17,,,InStock,,,,,4.8,,,,[],,listing_only,,https://www.trendyol.com/lego/creator-3-u-1-arada-egzotikpapagan-31136-7-cocuklar-icin-yaratici-oyuncak-yapim-seti-253p-p-655324398?boutiqueId=690823&merchantId=968
cocuk:cocuk-oyuncak,118,154,-32,22.3,7.7,832436119,190370,832436119:190370,Brother Toys Elektrikli Otomatik Atış Yapan Işıklı Su Tabancası 10 Metre Menzilli 500 Ml. Depolu 20 Cm.,Brother Toys,BROTHERTOYS,610.58,,0,InStock,,,,,4.1572934973637965,613,1,,"[""Kargo Bedava""]",3 saat 49 dakika içinde sipariş verirsen en geç yarın kargoda!,refreshed,0,https://www.trendyol.com/brother-toys/elektrikli-otomatik-atis-yapan-isikli-su-tabancasi-10-metre-menzilli-500-ml-depolu-20-cm-p-832436119?boutiqueId=61&merchantId=190370
cocuk:cocuk-oyuncak,597,633,,22.3,9.7,852463216,1117570,852463216:1117570,"Genel Markalar Kız Çocukları Için Özel Cep Telefonundan Kurtarabileceğiniz Pilli Popit, Sesli, Eğitici Oyuncak karışık gönderim",Genel Markalar,,307.23,313.5,,InStock,,,,,3.3,,,,"[""Sepette %2 İndirim""]",,listing_only,,https://www.trendyol.com/genel-markalar/kiz-cocuklari-icin-ozel-cep-telefonundan-kurtarabileceginiz-pilli-popit-sesli-egitici-oyuncak-karisik-gonderim-p-852463216?boutiqueId=61&merchantId=1117570
cocuk:cocuk-oyuncak,656,692,,22.3,7.7,655334511,119177,655334511:119177,let's be child Türkçe Konuşan Eğitici Aktivite Masası,let's be child Türkçe,,1948.9,,,InStock,,,,,4.1,,,,"[""Kargo Bedava""]",,listing_only,,https://www.trendyol.com/let-s-be-child/turkce-konusan-egitici-aktivite-masasi-p-655334511?boutiqueId=61&merchantId=119177
cocuk:cocuk-kitap,117,930,,22.3,7.7,895720867,616924,895720867:616924,Kronik Kitap Kınalı Serçe,Kronik Kitap,,299,,,InStock,,,,,4.8,,,,"[""15 TL Kupon""]",,listing_only,,https://www.trendyol.com/kronik-kitap/kinali-serce-p-895720867?boutiqueId=61&merchantId=616924
cocuk:cocuk-oyuncak,196,232,-54,22.2,7.8,146732123,231173,146732123:231173,metafortoys Eğitici Ahşap Geometrik Şekiller Bultak,metafortoys,metafortoys,159.9,,0,InStock,,,,,4.503179650238474,602,2,,"[""Kargo Bedava""]",Tahmini Teslim:,refreshed,0,https://www.trendyol.com/metafortoys/egitici-ahsap-geometrik-sekiller-bultak-p-146732123?boutiqueId=61&merchantId=231173
cocuk:cocuk-oyuncak,311,347,-161,22.2,7.8,933194338,107786,933194338:107786,Smartfox Şarj Edilebilir Road Blast Full Fonksiyon Uzaktan Kumandalı Araba Turuncu,Smartfox,Wise,599,,-14.3,InStock,,,,,3.8,598,0,228,"[""Kargo Bedava""]",4 saat 51 dakika içinde sipariş verirsen en geç bugün kargoda!,carried_forward,6,https://www.trendyol.com/smartfox/sarj-edilebilir-road-blast-full-fonksiyon-uzaktan-kumandali-araba-turuncu-p-933194338?boutiqueId=61&merchantId=107786
cocuk:cocuk-oyuncak,558,594,,22.2,7.8,833455746,968,833455746:968,LEGO ® Speed Champions Mercedes-AMG G 63 ve Mercedes-AMG SL 63 76924,LEGO,,2550.27,,,InStock,,,,,4.7,,,,[],,listing_only,,https://www.trendyol.com/lego/speed-champions-mercedes-amg-g-63-ve-mercedes-amg-sl-63-76924-p-833455746?boutiqueId=690823&merchantId=968
cocuk:cocuk-oyuncak,623,659,,22.2,7.8,288614096,117697,288614096:117697,PİLSAN Actıve Römorklu Pedallı Traktör Kırmızı,PİLSAN,,2745,,,InStock,,,,,4.5,,,,"[""Kargo Bedava""]",,listing_only,,https://www.trendyol.com/pilsan/active-romorklu-pedalli-traktor-kirmizi-p-288614096?boutiqueId=61&merchantId=117697
cocuk:cocuk-oyuncak,735,771,,22.2,7.8,127122141,202647,127122141:202647,MY toys Peluş Unicorn Figürlü Yastık 33 Cm. (BEYAZ) Uyku Arkadaşı,MY toys,,399,,,InStock,,,,,4.6,,,,"[""Kargo Bedava""]",,listing_only,,https://www.trendyol.com/my-toys/pelus-unicorn-figurlu-yastik-33-cm-beyaz-uyku-arkadasi-p-127122141?boutiqueId=61&merchantId=202647
cocuk:cocuk-oyuncak,69,105,19,22.1,7.9,1157438648,968,1157438648:968,LEGO ® peed Champions Ferrari SF-24 F1 Yarış Arabası 77242 – 10+ Çocuklar için Oyuncak Seti (275 P),LEGO,Trendyol,1235.28,,-15,InStock,,,,,4.799746514575412,573,0,,"[""Sepette %1 İndirim"",""Sepette %3 İndirim"",""Kargo Bedava"",""Son 10 Günün En Düşük Fiyatı"",""Trendyol Plus'a Özel""]",Tahmini Teslim:,refreshed,0,https://www.trendyol.com/lego/peed-champions-ferrari-sf-24-f1-yaris-arabasi-77242-10-cocuklar-icin-oyuncak-seti-275-p-p-1157438648?boutiqueId=690823&merchantId=968
cocuk:cocuk-oyuncak,212,248,-68,22.1,7.9,748680297,119042,748680297:119042,Mochi Diş Kaşıyıcı-Lila,Mochi,MOCHi Türkiye,349.9,,,InStock,,,,,4.5,579,-1,51,"[""Sepette %20 İndirim"",""Kargo Bedava"",""Son 10 Günün En Düşük Fiyatı""]",Tahmini Teslim:,refreshed,0,https://www.trendyol.com/mochi/dis-kasiyici-lila-p-748680297?boutiqueId=61&merchantId=119042
cocuk:cocuk-oyuncak,278,314,,22.1,7.9,811478750,968,811478750:968,LEGO ® Harry Potter™ Uçan Ford Anglia™ 76424 - 7+ Koleksiyonluk Yaratıcı Oyuncak Yapım Seti (165P),LEGO,,669,,,InStock,,,,,4.8,,,,[],,listing_only,,https://www.trendyol.com/lego/harry-potter-ucan-ford-anglia-76424-7-koleksiyonluk-yaratici-oyuncak-yapim-seti-165p-p-811478750?boutiqueId=690823&merchantId=968
cocuk:cocuk-oyuncak,527,563,,22.1,19.1,1149971279,807625,1149971279:807625,Boratila Toys Işıklı Ve Sesli Hızlı Popit Oyuncak El Konsolu - 999+ Seviyeli 4 Farklı Oyun Modlu Elektronik Hafıza Ve Zeka Geliştirici Çocuk Oyuncak,Boratila Toys,,333.02,375,,InStock,,,,,4.5,,,,"[""Son 10 Günün En Düşük Fiyatı""]",,listing_only,,https://www.trendyol.com/boratila-toys/isikli-ve-sesli-hizli-popit-oyuncak-el-konsolu-999-seviyeli-4-farkli-oyun-modlu-elektronik-hafiza-ve-zeka-gelistirici-cocuk-oyuncak-p-1149971279?boutiqueId=61&merchantId=807625
cocuk:cocuk-oyuncak,617,653,,22.1,12.5,1137437636,968,1137437636:968,LEGO ® Technic Daha Hızlı Daha Öfkeli Nissan Skyline GT-R (R34) Araba 42210 -18+ için Set (1410 P),LEGO,,5463.97,5727.53,,InStock,,,,,4.4,,,,"[""Son 10 Günün En Düşük Fiyatı""]",,listing_only,,https://www.trendyol.com/lego/technic-daha-hizli-daha-ofkeli-nissan-skyline-gt-r-r34-araba-42210-18-icin-set-1410-p-p-1137437636?boutiqueId=690823&merchantId=968
cocuk:cocuk-oyuncak,648,684,,22.1,7.9,744173677,108805,744173677:108805,Hyd 104 Parça Bahçe Çiçek Yapım Seti Eğitici Oyuncak Çiçek Bahçesi Yapı Blokları Yapboz Bul Tak Puzzle,Hyd,,399.9,,,InStock,,,,,4.6,,,,"[""15 TL Kupon"",""Kargo Bedava""]",,listing_only,,https://www.trendyol.com/hyd/104-parca-bahce-cicek-yapim-seti-egitici-oyuncak-cicek-bahcesi-yapi-bloklari-yapboz-bul-tak-puzzle-p-744173677?boutiqueId=61&merchantId=108805
cocuk:cocuk-oyuncak,764,800,,22.1,7.9,829335067,214103,829335067:214103,Hopiers Montessori Mıknatıslı 3 Boyutlu Eğitici Ahşap Balık Tutma Oyunu / Ahşap Balıklar Ile Eğlenceli Oyun,Hopiers,,388.51,,,InStock,,,,,4.7,,,,"[""Sepette %2 İndirim"",""Kargo Bedava""]",,listing_only,,https://www.trendyol.com/hopiers/montessori-miknatisli-3-boyutlu-egitici-ahsap-balik-tutma-oyunu-ahsap-baliklar-ile-eglenceli-oyun-p-829335067?boutiqueId=61&merchantId=214103
cocuk:cocuk-oyuncak,152,188,0,22,8,1043614871,1047741,1043614871:1047741,Magly Ball Run Parkur Oyunu – Çocuklar İçin Renkli 3 Boyutlu 101 Parça Yapı Seti - Manyetikler ve Yollar,Magly,Magly,2945,,0,InStock,,,,,4.571517027863777,561,1,409,"[""Sepette %20 İndirim"",""Kargo Bedava""]",Tahmini Teslim:,refreshed,0,https://www.trendyol.com/magly/ball-run-parkur-oyunu-cocuklar-icin-renkli-3-boyutlu-101-parca-yapi-seti-manyetikler-ve-yollar-p-1043614871?boutiqueId=61&merchantId=1047741
cocuk:cocuk-oyuncak,625,661,,22,8,984230031,472994,984230031:472994,LEGO ® Minifigures Örümcek Adam: Örümcek Evrenine Geçiş 71050- 5+ Çocuklar için Yapım Oyuncağı (8P),LEGO,,434,,,InStock,,,,,4,,,,"[""Kargo Bedava""]",,listing_only,,https://www.trendyol.com/lego/minifigures-orumcek-adam-orumcek-evrenine-gecis-71050-5-cocuklar-icin-yapim-oyuncagi-8p-p-984230031?boutiqueId=61&merchantId=472994
cocuk:cocuk-oyuncak,679,715,,22,8,288004109,968,288004109:968,LEGO ® Classic Green Baseplate 11023 Building Kit for Kids (1 Piece),LEGO,,367.49,,,InStock,,,,,4.6,,,,[],,listing_only,,https://www.trendyol.com/lego/classic-green-baseplate-11023-building-kit-for-kids-1-piece-p-288004109?boutiqueId=690823&merchantId=968
cocuk:cocuk-oyuncak,723,759,,22,8,136145971,109486,136145971:109486,Cool Wheels Furkan Toys 8 Yaş ve Üzeri Katlanabilir Gri Scooter,Cool Wheels,,2138,,,InStock,,,,,4.4,,,,"[""Kargo Bedava""]",,listing_only,,https://www.trendyol.com/cool-wheels/furkan-toys-8-yas-ve-uzeri-katlanabilir-gri-scooter-p-136145971?boutiqueId=61&merchantId=109486
cocuk:cocuk-kitap,167,980,,22,9,120342614,126620,120342614:126620,yükselen zeka Konuşmaya Başlıyorum Serisi (2-4 Yaş) Yaz-Sil Kitaplar,yükselen zeka,,219.78,222,,InStock,,,,,4.7,,,,"[""Son 10 Günün En Düşük Fiyatı""]",,listing_only,,https://www.trendyol.com/yukselen-zeka/konusmaya-basliyorum-serisi-2-4-yas-yaz-sil-kitaplar-p-120342614?boutiqueId=61&merchantId=126620
cocuk:cocuk-oyuncak,369,405,-147,21.9,8.1,684866730,717818,684866730:717818,Sekk O Lalafanfan Karikatür 30 Cm Beyaz ördek Aksesuarlar Görselde Gördüğünüz Model Ile Gönderiliyor,Sekk O,Sekk O,472.34,,3,InStock,,,,,4.5,538,0,401,"[""Kargo Bedava""]",1 saat 50 dakika içinde sipariş verirsen en geç bugün kargoda!,carried_forward,7,https://www.trendyol.com/sekk-o/lalafanfan-karikatur-30-cm-beyaz-ordek-aksesuarlar-gorselde-gordugunuz-model-ile-gonderiliyor-p-684866730?boutiqueId=61&merchantId=717818
cocuk:cocuk-oyuncak,550,586,,21.9,9.4,31357443,374491,31357443:374491,Fisher Price Eğitici Köpekçiğin Kız Kardeşi Türkçe,Fisher Price,,1575.07,1595.07,,InStock,,,,,4.8,,,,"[""Kargo Bedava""]",,listing_only,,https://www.trendyol.com/fisher-price/egitici-kopekcigin-kiz-kardesi-turkce-p-31357443?boutiqueId=61&merchantId=374491
cocuk:cocuk-oyuncak,138,174,53,21.8,9.3,39449150,752303,39449150:752303,Genel Markalar Oyuncak Otomatik Robota Dönüşen Araba,Genel Markalar,KİNKU,186,188,-4.6,InStock,,,,,3.959697732997481,386,3,308,"[""Son 10 Günün En Düşük Fiyatı"",""Kargo Bedava"",""Son 10 günün en düşük fiyatı""]",Tahmini Teslim:,refreshed,0,https://www.trendyol.com/genel-markalar/oyuncak-otomatik-robota-donusen-araba-p-39449150?boutiqueId=61&merchantId=752303
cocuk:cocuk-oyuncak,365,401,-111,21.8,9.2,263800148,126620,263800148:126620,yükselen zeka Zeka Kutusu - Konuşmayı Geliştiren Oyun (16-24 Ay),yükselen zeka,hepeğitim,273.53,276.29,-1,InStock,,,,,4.8,397,0,45,"[""Son 10 Günün En Düşük Fiyatı""]",3 saat 49 dakika içinde sipariş verirsen en geç bugün kargoda!,carried_forward,7,https://www.trendyol.com/yukselen-zeka/zeka-kutusu-konusmayi-gelistiren-oyun-16-24-ay-p-263800148?boutiqueId=61&merchantId=126620
cocuk:cocuk-oyuncak,367,403,,21.8,8.2,836050331,1281231,836050331:1281231,Genel Markalar Karakter Figürler Yapboz Puzzle Yapı Oyuncakları Karışık Series Model Gönderilmektedir,Genel Markalar,,112,,,InStock,,,,,3.6,,,,[],,listing_only,,https://www.trendyol.com/genel-markalar/karakter-figurler-yapboz-puzzle-yapi-oyuncaklari-karisik-series-model-gonderilmektedir-p-836050331?boutiqueId=61&merchantId=1281231
cocuk:cocuk-oyuncak,593,629,,21.8,11.7,157560769,324866,157560769:324866,Reidan 2’li Set Dürbün Mini Çocuk Mikroskop Ve Teleskop Seti Zoom Led Işık 100-1200 Eğitici Mikroskop Kiti,Reidan,,560.51,580.55,,InStock,,,,,4,,,,"[""Kargo Bedava"",""Son 10 Günün En Düşük Fiyatı""]",,listing_only,,https://www.trendyol.com/reidan/2-li-set-durbun-mini-cocuk-mikroskop-ve-teleskop-seti-zoom-led-isik-100-1200-egitici-mikroskop-kiti-p-157560769?boutiqueId=61&merchantId=324866
cocuk:cocuk-kitap,98,911,,21.8,8.2,991541025,126620,991541025:126620,yükselen zeka Keçemino Etkinlik Halısı - Hayvanlar Alemi,yükselen zeka,,408.29,,,InStock,,,,,4.6,,,,"[""Kargo Bedava""]",,listing_only,,https://www.trendyol.com/yukselen-zeka/kecemino-etkinlik-halisi-hayvanlar-alemi-p-991541025?boutiqueId=61&merchantId=126620
cocuk:cocuk-oyuncak,392,428,,21.7,8.3,847834970,190370,847834970:190370,Brother Toys Oyuncak Kukuli Telefon Dokunmatik 12 Fonksiyonlu Türkçe Sesli Işıklı Müzikli Lisanslı Mavi Renk,Brother Toys,,329.9,,,InStock,,,,,4.2,,,,[],,listing_only,,https://www.trendyol.com/brother-toys/oyuncak-kukuli-telefon-dokunmatik-12-fonksiyonlu-turkce-sesli-isikli-muzikli-lisansli-mavi-renk-p-847834970?boutiqueId=61&merchantId=190370
cocuk:cocuk-oyuncak,777,813,-646,21.7,8.3,79711503,337300,79711503:337300,Erdem Oyuncak Erdem Işıklı Pilli Takla Atan Araba,Erdem Oyuncak,OyuncakcıBaba,488,,9.4,InStock,,,,,4.324884792626729,516,0,112,"[""Kargo Bedava""]",Tahmini Teslim:,refreshed,0,https://www.trendyol.com/erdem-oyuncak/erdem-isikli-pilli-takla-atan-araba-p-79711503?boutiqueId=61&merchantId=337300
cocuk:cocuk-oyuncak,259,295,-61,21.6,8.4,376308281,120869,376308281:120869,Buradadavar Hobi Ahşap Boyalı Ahşap Oyuncak Mutfak Servis Seti Pembe- Beyaz,Buradadavar Hobi Ahşap,Buradadavar,2056.35,,-13.8,InStock,,,,,3.947780678851175,504,3,,"[""75 TL Kupon"",""Kargo Bedava"",""Sepette %3 İndirim"",""Sepette %2 İndirim"",""Sepette %20 İndirim"",""Peşin Fiyatına 3 Taksit"",""Son 10 Günün En Düşük Fiyatı"",""Trendyol Plus'a Özel""]",Tahmini Teslim:,refreshed,0,https://www.trendyol.com/buradadavar-hobi-ahsap/boyali-ahsap-oyuncak-mutfak-servis-seti-pembe-beyaz-p-376308281?boutiqueId=61&merchantId=120869
cocuk:cocuk-oyuncak,655,691,,21.6,17.5,37417989,390740,37417989:390740,Akademi Çocuk - Funny Mat Funny Mat 48x33 cm Çarpım Tablosu Yaz Sil Boyama,Akademi Çocuk - Funny,,199,219,,InStock,,,,,4.5,,,,"[""Son 10 Günün En Düşük Fiyatı""]",,listing_only,,https://www.trendyol.com/akademi-cocuk-funny-mat/funny-mat-48x33-cm-carpim-tablosu-yaz-sil-boyama-p-37417989?boutiqueId=61&merchantId=390740
cocuk:cocuk-oyuncak,705,741,,21.6,8.4,807792078,748085,807792078:748085,esdishopping Sevimli Avokado Peluş Yastık & Uyku Arkadaşı & Oyuncak & Hediyelik 35cm,esdishopping,,167.67,,,InStock,,,,,4.4,,,,[],,listing_only,,https://www.trendyol.com/esdishopping/sevimli-avokado-pelus-yastik-uyku-arkadasi-oyuncak-hediyelik-35cm-p-807792078?boutiqueId=61&merchantId=748085
cocuk:cocuk-oyuncak,305,341,,21.5,13.5,933455331,818430,933455331:818430,birlazer Boyanabilir Bahar çiçekleri saksısı Okul Anaokulu Kreş Aktivite Ektinlik Boyama 1 ad,birlazer,,18.9,19.9,,InStock,,,,,4.7,,,,"[""Sepette %5 İndirim""]",,listing_only,,https://www.trendyol.com/birlazer/boyanabilir-bahar-cicekleri-saksisi-okul-anaokulu-kres-aktivite-ektinlik-boyama-1-ad-p-933455331?boutiqueId=61&merchantId=818430
cocuk:cocuk-oyuncak,378,414,-345,21.5,8.5,4128440,111745,4128440:111745,Intex 3 Boğumlu Sunset Bebek Havuz 86*25cm 58924,Intex,Onetick Outdoor,315,,0.8,InStock,,,,,4.6,486,0,169,[],3 saat 53 dakika içinde sipariş verirsen en geç bugün kargoda!,carried_forward,17,https://www.trendyol.com/intex/3-bogumlu-sunset-bebek-havuz-86-25cm-58924-p-4128440?boutiqueId=61&merchantId=111745
cocuk:cocuk-oyuncak,457,493,,21.5,8.5,123492537,190370,123492537:190370,Brother Toys Kırılmaz Korumalı Sesli Işıklı Müzikli Sürtmeli Oyuncak Polis Arabası,Brother Toys,,299.9,,,InStock,,,,,4.6,,,,[],,listing_only,,https://www.trendyol.com/brother-toys/kirilmaz-korumali-sesli-isikli-muzikli-surtmeli-oyuncak-polis-arabasi-p-123492537?boutiqueId=61&merchantId=190370
cocuk:cocuk-oyuncak,725,761,-581,21.5,8.5,6446679,104968,6446679:104968,Dolu Bisiklet Kutulu 7040,Dolu,Happy Center,969.99,,0,InStock,,,,,4.474789915966387,488,1,207,"[""38 TL Kupon"",""Kargo Bedava""]",Tahmini Teslim:,refreshed,0,https://www.trendyol.com/dolu/bisiklet-kutulu-7040-p-6446679?boutiqueId=61&merchantId=104968
cocuk:cocuk-oyuncak,373,409,-131,21.4,8.6,2139992,395552,2139992:395552,Fisher Price Eğitici Hikaye Kitabı Türkçe Frc73,Fisher Price,ebebek,988,,,InStock,,,,,4.7,477,0,68,"[""Kargo Bedava""]",Tahmini Teslim:,carried_forward,7,https://www.trendyol.com/fisher-price/egitici-hikaye-kitabi-turkce-frc73-p-2139992?boutiqueId=61&merchantId=395552
cocuk:cocuk-oyuncak,498,534,,21.4,8.6,767737163,131042,767737163:131042,ALYTOYS Araç Set 5 Adet Çek Bırak 112 Acil Minibüs Set Ambulans Itfaiye Polis Jandarma Emniyet Minibüsler Seti 11x25cm,ALYTOYS,,499,,,InStock,,,,,4.3,,,,"[""Kargo Bedava""]",,listing_only,,https://www.trendyol.com/alytoys/arac-set-5-adet-cek-birak-112-acil-minibus-set-ambulans-itfaiye-polis-jandarma-emniyet-minibusler-seti-11x25cm-p-767737163?boutiqueId=61&merchantId=131042
cocuk:cocuk-oyuncak,659,695,,21.4,8.6,656134818,231173,656134818:231173,metafortoys Dikkat Ve Hafızayı Geliştiren Ahşap Meyveler Eşleştirme Kartları,metafortoys,,179,,,InStock,,,,,4.7,,,,[],,listing_only,,https://www.trendyol.com/metafortoys/dikkat-ve-hafizayi-gelistiren-ahsap-meyveler-eslestirme-kartlari-p-656134818?boutiqueId=61&merchantId=231173
cocuk:cocuk-oyuncak,727,763,,21.4,8.6,275222674,104968,275222674:104968,PİLSAN Pilsan Penguen Klozet 07 565,PİLSAN,,849.99,,,InStock,,,,,4.6,,,,"[""33 TL Kupon"",""Kargo Bedava""]",,listing_only,,https://www.trendyol.com/pilsan/pilsan-penguen-klozet-07-565-p-275222674?boutiqueId=61&merchantId=104968
cocuk:cocuk-oyuncak,590,626,,21.3,9.7,797134584,968,797134584:968,LEGO ® NINJAGO ® Kai'nin Ateş Elementi Robotu - 71808 Yapım Oyuncağı (322 Parça),LEGO,,1238.07,1250.81,,InStock,,,,,4.8,,,,[],,listing_only,,https://www.trendyol.com/lego/ninjago-kai-nin-ates-elementi-robotu-71808-yapim-oyuncagi-322-parca-p-797134584?boutiqueId=690823&merchantId=968
cocuk:cocuk-oyuncak,651,687,,21.3,8.7,814182637,119042,814182637:119042,Mochi Diş Kaşıyıcı Somon,Mochi,,349.9,,,InStock,,,,,4.5,,,,[],,listing_only,,https://www.trendyol.com/mochi/dis-kasiyici-somon-p-814182637?boutiqueId=61&merchantId=119042
cocuk:cocuk-oyuncak,707,743,,21.3,8.7,922387995,949694,922387995:949694,POZART Scooter Y Dipsy 2tekerli Park Ayakcaklı 3kademeli 100kğ Taşıma Kapasiteli 8 Yaş Ve Üstü Kullanabilir,POZART,,2579,,,InStock,,,,,4.4,,,,"[""Kargo Bedava""]",,listing_only,,https://www.trendyol.com/pozart/scooter-y-dipsy-2tekerli-park-ayakcakli-3kademeli-100kg-tasima-kapasiteli-8-yas-ve-ustu-kullanabilir-p-922387995?boutiqueId=61&merchantId=949694
cocuk:cocuk-oyuncak,94,130,30,21.2,8.8,290283627,190370,290283627:190370,Brother Toys 8 Adet Mini Metal Yarış Arabaları Oyuncak Araba Set,Brother Toys,BROTHERTOYS,208.47,,0,InStock,,,,,3.466830466830467,441,3,64,"[""Kargo Bedava""]",3 saat 50 dakika içinde sipariş verirsen en geç yarın kargoda!,refreshed,0,https://www.trendyol.com/brother-toys/8-adet-mini-metal-yaris-arabalari-oyuncak-araba-set-p-290283627?boutiqueId=61&merchantId=190370
cocuk:cocuk-oyuncak,323,359,,21.2,8.8,874273914,912066,874273914:912066,Genel Markalar 30 cm Öten Horoz Tavuk Sesi Bağıran Şaka Oyuncağı,Genel Markalar,,100,,,InStock,,,,,4.4,,,,[],,listing_only,,https://www.trendyol.com/genel-markalar/30-cm-oten-horoz-tavuk-sesi-bagiran-saka-oyuncagi-p-874273914?boutiqueId=61&merchantId=912066
cocuk:cocuk-oyuncak,374,410,,21.2,8.8,660379357,205083,660379357:205083,"zoziva Montessori Çubuklar Ile Sayı Öğrenme Oyuncağı, Sayma Becerisi Kazandırma Eğitici Ahşap Materyali",zoziva,,499.9,,,InStock,,,,,4.8,,,,"[""Kargo Bedava""]",,listing_only,,https://www.trendyol.com/zoziva/montessori-cubuklar-ile-sayi-ogrenme-oyuncagi-sayma-becerisi-kazandirma-egitici-ahsap-materyali-p-660379357?boutiqueId=61&merchantId=205083
cocuk:cocuk-oyuncak,516,552,,21.2,8.8,888975794,752303,888975794:752303,KİNKU Kırmızı Balık Şarkılı Müzikli Işıklı Sesli Yürüyen Balık 23 Cm Pilli Oyuncak Balık,KİNKU,,299,,,InStock,,,,,3.5,,,,[],,listing_only,,https://www.trendyol.com/kinku/kirmizi-balik-sarkili-muzikli-isikli-sesli-yuruyen-balik-23-cm-pilli-oyuncak-balik-p-888975794?boutiqueId=61&merchantId=752303
cocuk:cocuk-oyuncak,739,775,,21.2,8.8,469982408,392,469982408:392,Birlik Oyuncak Babycim Gökkuşağı Kule,Birlik Oyuncak,,374.49,,,InStock,,,,,4.7,,,,[],,listing_only,,https://www.trendyol.com/birlik-oyuncak/babycim-gokkusagi-kule-p-469982408?boutiqueId=61&merchantId=392
cocuk:cocuk-kitap,185,998,,21.2,14.3,992722404,1177172,992722404:1177172,Tandem Yayınları 3. 4. sınıflar için okuma kitapları MACERA GEZGİNLERİ 8 adet görselli hikaye kitabı 8-10 yaş,Tandem Yayınları,,273.91,290,,InStock,,,,,4.7,,,,"[""Son 10 Günün En Düşük Fiyatı""]",,listing_only,,https://www.trendyol.com/tandem-yayinlari/3-4-siniflar-icin-okuma-kitaplari-macera-gezginleri-8-adet-gorselli-hikaye-kitabi-8-10-yas-p-992722404?boutiqueId=61&merchantId=1177172
cocuk:cocuk-oyuncak,348,384,,21.1,8.9,897908115,1086468,897908115:1086468,Fisher Price DİYTOY Mıknatıslı Meyve ve Sebzeler Buzdolabı ve Metal Yüzeylere Yapışan Magnet Puzzle,Fisher Price,,199,,,InStock,,,,,4,,,,[],,listing_only,,https://www.trendyol.com/fisher-price/diytoy-miknatisli-meyve-ve-sebzeler-buzdolabi-ve-metal-yuzeylere-yapisan-magnet-puzzle-p-897908115?boutiqueId=61&merchantId=1086468
cocuk:cocuk-oyuncak,547,583,,21.1,8.9,346720953,362323,346720953:362323,Doğan Oyuncak Dünyası Lola'nın Tatil Evi - Ev Oyuncak - Lola'nın Tatil Ev Seti - Barbie Ev Seti,Doğan Oyuncak Dünyası,,1988.9,,,InStock,,,,,4.6,,,,"[""Kargo Bedava""]",,listing_only,,https://www.trendyol.com/dogan-oyuncak-dunyasi/lola-nin-tatil-evi-ev-oyuncak-lola-nin-tatil-ev-seti-barbie-ev-seti-p-346720953?boutiqueId=61&merchantId=362323
cocuk:cocuk-oyuncak,729,765,,21.1,10.7,2735296,374491,2735296:374491,Fisher Price Fisher-Price Eğlen & Öğren Eğitici Masalcı Tırtıl (Türkçe),Fisher Price,,1103,1123,,InStock,,,,,4.7,,,,"[""Kargo Bedava""]",,listing_only,,https://www.trendyol.com/fisher-price/fisher-price-eglen-ogren-egitici-masalci-tirtil-turkce-p-2735296?boutiqueId=61&merchantId=374491
cocuk:cocuk-oyuncak,308,344,-121,21,12,842168691,116274,842168691:116274,oruçoyuncak Eğitici Oyuncaklar Sallanan Halkalar + Sevimli Hayvanlar Bultak + Bultak Puzzle Bebek ilk Oyuncakları,oruçoyuncak,fırsatoyuncak,561.63,579,-3,InStock,,,,,4.5,179,0,47,"[""Sepette %3 İndirim"",""Kargo Bedava""]",1 saat 47 dakika içinde sipariş verirsen en geç bugün kargoda!,carried_forward,3,https://www.trendyol.com/orucoyuncak/egitici-oyuncaklar-sallanan-halkalar-sevimli-hayvanlar-bultak-bultak-puzzle-bebek-ilk-oyuncaklari-p-842168691?boutiqueId=61&merchantId=116274
cocuk:cocuk-oyuncak,570,606,-514,21,9,769204089,412414,769204089:412414,"Budizzz Beyaz Gürültü Cihazı | 33 Sesli, Pışpışlı ve Ninnili | Radyasyon İçermeyen Bebek Uyku Arkadaşı",Budizzz,BUDİZZZ,3250,,0,InStock,,,,,4.711632453567938,420,,270,"[""200 TL Kupon"",""Kargo Bedava""]",Tahmini Teslim:,refreshed,0,https://www.trendyol.com/budizzz/beyaz-gurultu-cihazi-33-sesli-pispisli-ve-ninnili-radyasyon-icermeyen-bebek-uyku-arkadasi-p-769204089?boutiqueId=61&merchantId=412414
cocuk:cocuk-oyuncak,750,786,,21,9,815009737,231173,815009737:231173,metafortoys Ahşap 20'ye Kadar Sayılar Bultak,metafortoys,,159.9,,,InStock,,,,,4.5,,,,[],,listing_only,,https://www.trendyol.com/metafortoys/ahsap-20-ye-kadar-sayilar-bultak-p-815009737?boutiqueId=61&merchantId=231173
cocuk:cocuk-kitap,161,974,,21,19,1083463521,113171,1083463521:113171,Çocuk Akademi Ayakkabılar Değişseydi,Çocuk Akademi,,48.24,53.6,,InStock,,,,,5,,,,"[""Sepette %10 İndirim""]",,listing_only,,https://www.trendyol.com/cocuk-akademi/ayakkabilar-degisseydi-p-1083463521?boutiqueId=61&merchantId=113171
cocuk:cocuk-oyuncak,355,391,-166,20.9,9.1,865430663,357670,865430663:357670,YAHO OYUNCAĞIN DOĞAL HALİ Ahşap Kuş Evi Boyama(ETKİNLİK IÇİN),YAHO OYUNCAĞIN DOĞAL HALİ,Yüce Oyuncak,36.78,,-2,InStock,,,,,4.4,412,0,,[],Tahmini Teslim:,carried_forward,2,https://www.trendyol.com/yaho-oyuncagin-dogal-hali/ahsap-kus-evi-boyama-etkinlik-icin-p-865430663?boutiqueId=61&merchantId=357670
cocuk:cocuk-oyuncak,448,484,,20.9,9.1,252726225,579157,252726225:579157,Trendy Toys Eğitici Ahşap Sayılar Ip Geçirme Montessori El Kası Geliştirme,Trendy Toys,,188.07,,,InStock,,,,,4.6,,,,[],,listing_only,,https://www.trendyol.com/trendy-toys/egitici-ahsap-sayilar-ip-gecirme-montessori-el-kasi-gelistirme-p-252726225?boutiqueId=61&merchantId=579157
cocuk:cocuk-oyuncak,470,506,,20.9,9.1,898394919,1135810,898394919:1135810,Genel Markalar Buhar Çıkaran Işıklı Pompalı Musluklu Mutfak Oyuncağı,Genel Markalar,,799.99,,,InStock,,,,,3.5,,,,"[""Kargo Bedava""]",,listing_only,,https://www.trendyol.com/genel-markalar/buhar-cikaran-isikli-pompali-musluklu-mutfak-oyuncagi-p-898394919?boutiqueId=61&merchantId=1135810
cocuk:cocuk-oyuncak,531,567,,20.9,9.1,929265552,862859,929265552:862859,HOLLYHOME 2'li Pop It Kare- Yuvarlak Şekilli Gökkuşağı Renk Duyusal Oyuncak Zihinsel Gelişim Stres Popit 2 Ad,HOLLYHOME,,194.14,,,InStock,,,,,4,,,,[],,listing_only,,https://www.trendyol.com/hollyhome/2-li-pop-it-kare-yuvarlak-sekilli-gokkusagi-renk-duyusal-oyuncak-zihinsel-gelisim-stres-popit-2-ad-p-929265552?boutiqueId=61&merchantId=862859
cocuk:cocuk-oyuncak,673,709,,20.9,9.1,840058604,231173,840058604:231173,metafortoys Ahşap Balık Tutma Oyunu,metafortoys,,199,,,InStock,,,,,4.6,,,,[],,listing_only,,https://www.trendyol.com/metafortoys/ahsap-balik-tutma-oyunu-p-840058604?boutiqueId=61&merchantId=231173
cocuk:cocuk-oyuncak,681,717,,20.9,9.1,104386378,231173,104386378:231173,metafortoys Ahşap Türkçe Büyük Harfler Bultak Eğitici Bultak,metafortoys,,195,,,InStock,,,,,4.6,,,,[],,listing_only,,https://www.trendyol.com/metafortoys/ahsap-turkce-buyuk-harfler-bultak-egitici-bultak-p-104386378?boutiqueId=61&merchantId=231173
cocuk:cocuk-oyuncak,74,110,46,20.8,9.2,928301266,357212,928301266:357212,Go Toys Pag Tag Bultak Geometrik Şekiller Motor Beceri Geliştirici Eğitici Oyuncak Bebek Aktivite Oyuncağı,Go Toys,Shopist,189,,0,InStock,,,,,4.584450402144772,396,1,,"[""Sepette %30 İndirim"",""Kargo Bedava""]",Tahmini Teslim:,refreshed,0,https://www.trendyol.com/go-toys/pag-tag-bultak-geometrik-sekiller-motor-beceri-gelistirici-egitici-oyuncak-bebek-aktivite-oyuncagi-p-928301266?boutiqueId=61&merchantId=357212
cocuk:cocuk-oyuncak,133,169,26,20.8,9.2,317599858,104968,317599858:104968,Kiki Bebeğimin Ilk Oyuncakları 3'lü Set Eğitici Oyuncak,Kiki,Happy Center,484.99,,0,InStock,,,,,4.651881720430108,400,-1,55,"[""Kargo Bedava""]",,refreshed,0,https://www.trendyol.com/kiki/bebegimin-ilk-oyuncaklari-3-lu-set-egitici-oyuncak-p-317599858?boutiqueId=61&merchantId=104968
cocuk:cocuk-oyuncak,144,180,-18,20.8,14.3,1040052647,534486,1040052647:534486,Genel Markalar NARUTO BEAST PARTY series,Genel Markalar,SalyangozBijuteri,370,390,-5.1,InStock,,,,,3.8963414634146343,91,0,,"[""Kargo Bedava"",""Son 10 Günün En Düşük Fiyatı"",""Son 10 günün en düşük fiyatı""]",Tahmini Teslim:,refreshed,0,https://www.trendyol.com/genel-markalar/naruto-beast-party-series-p-1040052647?boutiqueId=61&merchantId=534486
cocuk:cocuk-oyuncak,190,226,-41,20.8,9.2,659040084,1304882,659040084:1304882,HOT WHEELS Sürpriz Arabalar 3 Adet Sürpriz Araba,HOT WHEELS,MiniGaraj 64,338.9,,,InStock,,,,,4.4874651810584965,401,2,,"[""Kargo Bedava""]",Tahmini Teslim:,refreshed,0,https://www.trendyol.com/hot-wheels/surpriz-arabalar-3-adet-surpriz-araba-p-659040084?boutiqueId=61&merchantId=1304882
cocuk:cocuk-oyuncak,513,549,,20.8,9.2,774450348,158005,774450348:158005,Birlik Oyuncak Dönen Çılgın Kule BİRLİKTOYS,Birlik Oyuncak,,579,,,InStock,,,,,4.6,,,,"[""Kargo Bedava""]",,listing_only,,https://www.trendyol.com/birlik-oyuncak/donen-cilgin-kule-birliktoys-p-774450348?boutiqueId=61&merchantId=158005
cocuk:cocuk-oyuncak,628,664,,20.8,9.2,811478691,968,811478691:968,LEGO ® ǀ Disney Stiç 43249 - 9+ Oyuncak Yapım Seti (730Parça),LEGO,,2729.3,,,InStock,,,,,4.7,,,,[],,listing_only,,https://www.trendyol.com/lego/disney-stic-43249-9-oyuncak-yapim-seti-730parca-p-811478691?boutiqueId=690823&merchantId=968
cocuk:cocuk-kitap,72,885,,20.8,9.2,790819563,113171,790819563:113171,Çocuk Akademi Pili Bitmeyen Bilgisayar Hikaye Kitabı,Çocuk Akademi,,68.64,,,InStock,,,,,4.8,,,,[],,listing_only,,https://www.trendyol.com/cocuk-akademi/pili-bitmeyen-bilgisayar-hikaye-kitabi-p-790819563?boutiqueId=61&merchantId=113171
cocuk:cocuk-oyuncak,132,168,40,20.7,9.3,37835415,113954,37835415:113954,sihir baby Sensory Duyusal Bebek Topları,sihir baby,Sihir Tİcaret ve Pazarlama Ltd.Şti.,349.99,,0,InStock,,,,,4.451476793248945,389,0,,"[""Kargo Bedava""]",Tahmini Teslim:,refreshed,0,https://www.trendyol.com/sihir-baby/sensory-duyusal-bebek-toplari-p-37835415?boutiqueId=61&merchantId=113954
cocuk:cocuk-oyuncak,736,772,,20.7,9.3,81156176,752303,81156176:752303,Genel Markalar Ilk Elektronik Piyanom Mavi Oyuncak Piyano,Genel Markalar,,199.9,,,InStock,,,,,3.8,,,,[],,listing_only,,https://www.trendyol.com/genel-markalar/ilk-elektronik-piyanom-mavi-oyuncak-piyano-p-81156176?boutiqueId=61&merchantId=752303
cocuk:cocuk-oyuncak,58,94,10,20.6,9.4,1133862156,1047741,1133862156:1047741,Magly Magnetic Cars Manyetik Araç Oyun Seti - Manyetik Yapı Blokları Araba Eklentisi,Magly,Magly,545,,0,InStock,,,,,4.7852437417654805,379,0,36,"[""Sepette %20 İndirim"",""Kargo Bedava""]",Tahmini Teslim:,refreshed,0,https://www.trendyol.com/magly/magnetic-cars-manyetik-arac-oyun-seti-manyetik-yapi-bloklari-araba-eklentisi-p-1133862156?boutiqueId=61&merchantId=1047741
cocuk:cocuk-oyuncak,121,157,-25,20.6,9.4,735668988,137889,735668988:137889,robokids Montessori Keçe Busy Board – Dinozor Temalı | 8 Sayfa Aktivite Kitabı,robokids,Robokids,829,,0,InStock,,,,,4.573991031390134,373,0,100,"[""Kargo Bedava""]",3 saat 49 dakika içinde sipariş verirsen en geç yarın kargoda!,refreshed,0,https://www.trendyol.com/robokids/montessori-kece-busy-board-dinozor-temali-8-sayfa-aktivite-kitabi-p-735668988?boutiqueId=61&merchantId=137889
cocuk:cocuk-oyuncak,204,240,-41,20.6,10.9,853403855,1086780,853403855:1086780,Dolu Ride On Car 8036,Dolu,Elisra Pazarlama,1630.08,1655.58,-2.2,InStock,,,,,4.458077709611452,246,3,,"[""Kargo Bedava"",""Son 10 Günün En Düşük Fiyatı"",""Trendyol Plus'a Özel""]",Tahmini Teslim:,refreshed,0,https://www.trendyol.com/dolu/ride-on-car-8036-p-853403855?boutiqueId=61&merchantId=1086780
cocuk:cocuk-oyuncak,321,357,,20.6,9.4,699497050,579157,699497050:579157,Trendy Toys Eğitici Ahşap Şekiller Ip Geçirme Montessori El Kası Geliştirme,Trendy Toys,,190.81,,,InStock,,,,,4.7,,,,[],,listing_only,,https://www.trendyol.com/trendy-toys/egitici-ahsap-sekiller-ip-gecirme-montessori-el-kasi-gelistirme-p-699497050?boutiqueId=61&merchantId=579157
cocuk:cocuk-oyuncak,492,528,,20.6,9.4,870231111,120869,870231111:120869,Buradadavar Hobi Ahşap Ahşap Büyük Boy Montessori Oyuncak Rol Yapma Mutfak Seti Tabak+Spatula Hediye,Buradadavar Hobi Ahşap,,2047.28,,,InStock,,,,,4.1,,,,"[""75 TL Kupon"",""Kargo Bedava""]",,listing_only,,https://www.trendyol.com/buradadavar-hobi-ahsap/ahsap-buyuk-boy-montessori-oyuncak-rol-yapma-mutfak-seti-tabak-spatula-hediye-p-870231111?boutiqueId=61&merchantId=120869
cocuk:cocuk-oyuncak,59,95,7,20.5,9.5,987200672,1164978,987200672:1164978,BBSKY Bebek Oyuncak 3’lü Hayvan Şekilli Vakumlu Döner Su ve Banyo Oyuncağı ABS Silikon Gelişim Oyuncağı,BBSKY,BBSKY,1020,,0,InStock,,,,,4.785958904109589,367,0,36,"[""Sepette %30 İndirim"",""Kargo Bedava""]",Tahmini Teslim:,refreshed,0,https://www.trendyol.com/bbsky/bebek-oyuncak-3-lu-hayvan-sekilli-vakumlu-doner-su-ve-banyo-oyuncagi-abs-silikon-gelisim-oyuncagi-p-987200672?boutiqueId=61&merchantId=1164978
cocuk:cocuk-oyuncak,273,309,,20.5,9.5,748680802,119042,748680802:119042,Mochi - Diş Kaşıyıcı Mavi,Mochi,,349.9,,,InStock,,,,,4.5,,,,[],,listing_only,,https://www.trendyol.com/mochi/dis-kasiyici-mavi-p-748680802?boutiqueId=61&merchantId=119042
cocuk:cocuk-oyuncak,297,333,-118,20.5,9.5,902183719,1135810,902183719:1135810,Kayyum Oyuncak Musluklu Sulu Mini Mutfak Seti Mutfak Oyuncağı Mavi Renkli Oyuncak,Kayyum Oyuncak,MK TOYS,439.99,,0,InStock,,,,,3.8,369,0,229,"[""Kargo Bedava""]",14 saat 50 dakika içinde sipariş verirsen en geç yarın kargoda!,carried_forward,1,https://www.trendyol.com/kayyum-oyuncak/musluklu-sulu-mini-mutfak-seti-mutfak-oyuncagi-mavi-renkli-oyuncak-p-902183719?boutiqueId=61&merchantId=1135810
cocuk:cocuk-oyuncak,542,578,,20.5,9.5,749709879,127261,749709879:127261,Schulzz Çocuklar Için 80 Resimli Projeksiyonlu Eğitici El Feneri- Colorful,Schulzz,,594.7,,,InStock,,,,,4.4,,,,"[""Kargo Bedava""]",,listing_only,,https://www.trendyol.com/schulzz/cocuklar-icin-80-resimli-projeksiyonlu-egitici-el-feneri-colorful-p-749709879?boutiqueId=61&merchantId=127261
cocuk:cocuk-oyuncak,619,655,,20.5,9.5,900541366,968,900541366:968,LEGO ® Technic Fast and Furious Toyota Supra MK4 42204 - 9+ Oyuncak Model Yapım Seti (810Parça),LEGO,,2330.8,,,InStock,,,,,4.6,,,,[],,listing_only,,https://www.trendyol.com/lego/technic-fast-and-furious-toyota-supra-mk4-42204-9-oyuncak-model-yapim-seti-810parca-p-900541366?boutiqueId=690823&merchantId=968
cocuk:cocuk-oyuncak,730,766,,20.5,9.5,824345544,205083,824345544:205083,zoziva Montessori Eğitici Ahşap Oyuncak – Tak Çıkar Renkli Ahşap Tavus Kuşu Oyuncak,zoziva,,499.9,,,InStock,,,,,4.6,,,,"[""Kargo Bedava""]",,listing_only,,https://www.trendyol.com/zoziva/montessori-egitici-ahsap-oyuncak-tak-cikar-renkli-ahsap-tavus-kusu-oyuncak-p-824345544?boutiqueId=61&merchantId=205083
cocuk:cocuk-oyuncak,96,132,-1,20.4,9.6,786769021,882929,786769021:882929,Numaca Oyuncak Bulaşıklık Tabak Tencere Set Ve Kesilebilen Oyuncak Meyve Sebze Set Toplam 33 Parça,Numaca,merttoyss,690,,0,InStock,,,,,3.8973214285714284,358,0,127,"[""Kargo Bedava""]",Tahmini Teslim:,refreshed,0,https://www.trendyol.com/numaca/oyuncak-bulasiklik-tabak-tencere-set-ve-kesilebilen-oyuncak-meyve-sebze-set-toplam-33-parca-p-786769021?boutiqueId=61&merchantId=882929
cocuk:cocuk-oyuncak,537,573,,20.4,9.6,801761296,244741,801761296:244741,MSAĞWOODS DOĞAL GÜVE KOVUCU SEDİR AĞACI 12'Lİ KÜP DOĞAL NAFTALİN ALTERNATİFİ NEFES AÇAR,MSAĞWOODS,,159.9,,,InStock,,,,,4.2,,,,[],,listing_only,,https://www.trendyol.com/msagwoods/dogal-guve-kovucu-sedir-agaci-12-li-kup-dogal-naftalin-alternatifi-nefes-acar-p-801761296?boutiqueId=61&merchantId=244741
cocuk:cocuk-kitap,105,918,,20.4,9.6,944238755,113171,944238755:113171,Çocuk Akademi Ce-Eee Ben Kimim? Meslekler,Çocuk Akademi,,170.8,,,InStock,,,,,4.8,,,,[],,listing_only,,https://www.trendyol.com/cocuk-akademi/ce-eee-ben-kimim-meslekler-p-944238755?boutiqueId=61&merchantId=113171
cocuk:cocuk-oyuncak,284,320,-67,20.3,9.7,860577310,931256,860577310:931256,tutobaby Yengeç Şekilli Montessori Duyusal Gözlem Beceri Geliştirme Eğitici Oyuncağı,tutobaby,TuTobaby,345,,0,InStock,,,,,4.6,348,0,34,[],4 saat 50 dakika içinde sipariş verirsen en geç bugün kargoda!,carried_forward,7,https://www.trendyol.com/tutobaby/yengec-sekilli-montessori-duyusal-gozlem-beceri-gelistirme-egitici-oyuncagi-p-860577310?boutiqueId=61&merchantId=931256
cocuk:cocuk-oyuncak,290,326,-86,20.3,9.7,857158743,403377,857158743:403377,Sozzy Toys Sık Sık Çıngıraklı Hayvanlar-Görsel temsilidir-İçlerinden 1 Adet rastgele ürünün gönderimi sağlanır,Sozzy Toys,SozzyToys,239,,0,InStock,,,,,4.3,344,0,118,[],14 saat 50 dakika içinde sipariş verirsen en geç yarın kargoda!,carried_forward,6,https://www.trendyol.com/sozzy-toys/sik-sik-cingirakli-hayvanlar-gorsel-temsilidir-iclerinden-1-adet-rastgele-urunun-gonderimi-saglanir-p-857158743?boutiqueId=61&merchantId=403377
cocuk:cocuk-oyuncak,77,113,-28,20.2,17.9,1145835057,947235,1145835057:947235,M&H 42 Parça Ayıcık Geometrik Şekil Eşleştirme Oyunu - 16 Görevli Eğitici ve Öğretici Zeka Oyunu,M&H,Kangamom,127.81,139,0,InStock,,,,,4.342105263157895,32,0,,"[""Son 10 Günün En Düşük Fiyatı"",""Sepette %3 İndirim"",""Sepette %20 İndirim"",""357,03 TL Kupon"",""Kargo Bedava"",""Son 10 günün en düşük fiyatı"",""Trendyol Plus'a Özel""]",Tahmini Teslim:,refreshed,0,https://www.trendyol.com/m-h/42-parca-ayicik-geometrik-sekil-eslestirme-oyunu-16-gorevli-egitici-ve-ogretici-zeka-oyunu-p-1145835057?boutiqueId=61&merchantId=947235
cocuk:cocuk-oyuncak,124,160,,20.2,9.8,1165675293,165954,1165675293:165954,Bebeck Mantar Piyanolu Aktivite Oyun Halısı Piyanolu Oyun Halısı,Bebeck,BEBEYATMAZ,638.61,,,InStock,,,,,4.502403846153846,334,,,"[""Kargo Bedava"",""Trendyol Plus'a Özel""]",Tahmini Teslim:,refreshed,0,https://www.trendyol.com/bebeck/mantar-piyanolu-aktivite-oyun-halisi-piyanolu-oyun-halisi-p-1165675293?boutiqueId=61&merchantId=165954
cocuk:cocuk-oyuncak,292,328,,20.2,9.8,826954559,184960,826954559:184960,toysnet Bultak Bebek Oyuncağı Eğitici Geometrik Şekiller Puzzle Bultak Bebek Zeka Geliştirme 8 Farklı Şekil,toysnet,,199,,,InStock,,,,,4.4,,,,[],,listing_only,,https://www.trendyol.com/toysnet/bultak-bebek-oyuncagi-egitici-geometrik-sekiller-puzzle-bultak-bebek-zeka-gelistirme-8-farkli-sekil-p-826954559?boutiqueId=61&merchantId=184960
cocuk:cocuk-oyuncak,464,500,,20.2,9.8,2413277,156875,2413277:156875,Dolu İlk Motorum 8028,Dolu,,1126,,,InStock,,,,,4.5,,,,"[""Kargo Bedava""]",,listing_only,,https://www.trendyol.com/dolu/ilk-motorum-8028-p-2413277?boutiqueId=61&merchantId=156875
cocuk:cocuk-oyuncak,530,566,,20.2,9.8,965627534,1003487,965627534:1003487,LEGO ® Speed Champions Bugatti Centodieci Hiper Spor Araba 77240 – 9+ için Oyuncak Yapım Seti (291P),LEGO,,1238,,,InStock,,,,,4.7,,,,"[""Kargo Bedava""]",,listing_only,,https://www.trendyol.com/lego/speed-champions-bugatti-centodieci-hiper-spor-araba-77240-9-icin-oyuncak-yapim-seti-291p-p-965627534?boutiqueId=61&merchantId=1003487
cocuk:cocuk-kitap,48,861,,20.2,11.8,1104982264,113171,1104982264:113171,Çocuk Akademi Taşıtlar Atlası,Çocuk Akademi,,243.19,245.65,,InStock,,,,,4.8,,,,"[""Son 10 Günün En Düşük Fiyatı""]",,listing_only,,https://www.trendyol.com/cocuk-akademi/tasitlar-atlasi-p-1104982264?boutiqueId=61&merchantId=113171
cocuk:cocuk-oyuncak,213,249,-33,20.1,9.9,872386514,905977,872386514:905977,Genel Markalar KUTU OYUNU YASAKLI KELİMELER,Genel Markalar,Wdesign,177.24,,0,InStock,,,,,4.189580318379161,325,3,,"[""Kargo Bedava""]",Tahmini Teslim:,refreshed,0,https://www.trendyol.com/genel-markalar/kutu-oyunu-yasakli-kelimeler-p-872386514?boutiqueId=61&merchantId=905977
cocuk:cocuk-oyuncak,242,278,-64,20.1,9.9,46861448,1147874,46861448:1147874,Genel Markalar Eğitici Ahşap Oyuncak Ksilofon Selefon 8 Nota 8 Ton 25 Cm,Genel Markalar,Prestij Dünyası,176,,0,InStock,,,,,4.335000000000001,323,-1,,"[""Kargo Bedava""]",Tahmini Teslim:,refreshed,0,https://www.trendyol.com/genel-markalar/egitici-ahsap-oyuncak-ksilofon-selefon-8-nota-8-ton-25-cm-p-46861448?boutiqueId=61&merchantId=1147874
cocuk:cocuk-oyuncak,245,281,-54,20.1,9.9,250643666,104968,250643666:104968,PİLSAN EĞİTİCİ CİVCİV KLOZET,PİLSAN,Happy Center,913,,0,InStock,,,,,4.554054054054054,324,1,,"[""36 TL Kupon"",""Kargo Bedava""]",Tahmini Teslim:,refreshed,0,https://www.trendyol.com/pilsan/egitici-civciv-klozet-p-250643666?boutiqueId=61&merchantId=104968
cocuk:cocuk-oyuncak,380,416,-181,20.1,9.9,737709126,137889,737709126:137889,robokids Montessori Keçe Busy Board – Pembe Deniz Kızı | 8 Sayfa Aktivite Çantası,robokids,Robokids,829,,9.8,InStock,,,,,4.5,323,0,157,"[""Kargo Bedava""]",14 saat 51 dakika içinde sipariş verirsen en geç yarın kargoda!,carried_forward,7,https://www.trendyol.com/robokids/montessori-kece-busy-board-pembe-deniz-kizi-8-sayfa-aktivite-cantasi-p-737709126?boutiqueId=61&merchantId=137889
cocuk:cocuk-oyuncak,446,482,,20.1,9.9,883914694,968,883914694:968,LEGO ® Creator 3’ü 1 Arada Çiçekli Daktilo 31169 - 8+ Çocuklar için Yaratıcı Oyuncak Yapım Seti (363P),LEGO,,1159,,,InStock,,,,,4.8,,,,[],,listing_only,,https://www.trendyol.com/lego/creator-3-u-1-arada-cicekli-daktilo-31169-8-cocuklar-icin-yaratici-oyuncak-yapim-seti-363p-p-883914694?boutiqueId=690823&merchantId=968
cocuk:cocuk-oyuncak,499,535,,20.1,9.9,50940625,119177,50940625:119177,Prestij Oyuncak Pilli Müzikli Direksiyon Kırmızı Renk,Prestij Oyuncak,,189.9,,,InStock,,,,,4,,,,[],,listing_only,,https://www.trendyol.com/prestij-oyuncak/pilli-muzikli-direksiyon-kirmizi-renk-p-50940625?boutiqueId=61&merchantId=119177
cocuk:cocuk-oyuncak,609,645,,20.1,9.9,929850036,190370,929850036:190370,Brother Toys Uzaktan Kumandalı 30 Fonksiyon Akıllı İnteraktif Öğretici Robot Oyuncak Köpek,Brother Toys,,1499.9,,,InStock,,,,,4.7,,,,"[""Kargo Bedava""]",,listing_only,,https://www.trendyol.com/brother-toys/uzaktan-kumandali-30-fonksiyon-akilli-interaktif-ogretici-robot-oyuncak-kopek-p-929850036?boutiqueId=61&merchantId=190370
cocuk:cocuk-oyuncak,629,665,,20.1,9.9,883914763,968,883914763:968,LEGO ® Technic Kazıcı Yükleyici 42197 - 7+ Çocuklar için Oyuncak İnşaat Aracı Yapım Seti (104P),LEGO,,418.01,,,InStock,,,,,4.8,,,,[],,listing_only,,https://www.trendyol.com/lego/technic-kazici-yukleyici-42197-7-cocuklar-icin-oyuncak-insaat-araci-yapim-seti-104p-p-883914763?boutiqueId=690823&merchantId=968
cocuk:cocuk-oyuncak,746,782,,20.1,9.9,735365274,1242739,735365274:1242739,esatoys Tuvalet Eğitimi Sticker Panosu – 60'lı Set – 2-3 Yaş – Eğitici Ödül Tablosu,esatoys,,174.99,,,InStock,,,,,4.4,,,,[],,listing_only,,https://www.trendyol.com/esatoys/tuvalet-egitimi-sticker-panosu-60-li-set-2-3-yas-egitici-odul-tablosu-p-735365274?boutiqueId=61&merchantId=1242739
cocuk:cocuk-oyuncak,146,182,22,20,14.8,1042498675,931256,1042498675:931256,tutobaby Montessori Dönence Atlıkarınca Oyuncağı (Vakumlu Masa Oyuncağı),tutobaby,TuTobaby,380,399,0,InStock,,,,,4.746268656716418,79,1,10,"[""Kargo Bedava"",""Son 10 Günün En Düşük Fiyatı"",""Son 10 günün en düşük fiyatı""]",Tahmini Teslim:,refreshed,0,https://www.trendyol.com/tutobaby/montessori-donence-atlikarinca-oyuncagi-vakumlu-masa-oyuncagi-p-1042498675?boutiqueId=61&merchantId=931256
cocuk:cocuk-oyuncak,147,183,-41,20,10,34391466,1127325,34391466:1127325,Circle Toys Kayıp Çoraplar Eşleştirme Beceri Zeka Geliştirme Oyunu,Circle Toys,Circle Toys,437.38,,0,InStock,,,,,4.7783171521035595,317,-3,18,"[""Sepette %20 İndirim"",""Kargo Bedava""]",3 saat 48 dakika içinde sipariş verirsen en geç yarın kargoda!,refreshed,0,https://www.trendyol.com/circle-toys/kayip-coraplar-eslestirme-beceri-zeka-gelistirme-oyunu-p-34391466?boutiqueId=61&merchantId=1127325
cocuk:cocuk-oyuncak,694,730,,20,10,845833891,190370,845833891:190370,"Brother Toys 1 Adet Oyuncak Sürtmeli Kaliteli Motorsiklet Motor Özel Üretim 13 Cm. Mavi, Turuncu, Kırmızı",Brother Toys,,279.9,,,InStock,,,,,4.5,,,,[],,listing_only,,https://www.trendyol.com/brother-toys/1-adet-oyuncak-surtmeli-kaliteli-motorsiklet-motor-ozel-uretim-13-cm-mavi-turuncu-kirmizi-p-845833891?boutiqueId=61&merchantId=190370
cocuk:cocuk-oyuncak,233,269,-171,19.9,10.1,796719157,1171270,796719157:1171270,LEGO ® Creator 3'ü 1 Arada Helikopterli Açık Kasa Kamyon 31146 - 7+ Yaratıcı Oyuncak Yapım Seti (270P),LEGO,EDITION GARAGE SALES,1240,,0,InStock,,,,,4.790087463556852,304,1,31,"[""Kargo Bedava""]",Tahmini Teslim:,refreshed,0,https://www.trendyol.com/lego/creator-3-u-1-arada-helikopterli-acik-kasa-kamyon-31146-7-yaratici-oyuncak-yapim-seti-270p-p-796719157?boutiqueId=61&merchantId=1171270
cocuk:cocuk-oyuncak,328,364,,19.9,10.1,883914798,968,883914798:968,LEGO ® City 4x4 Arazi Dağ Arabası 60447 - 6+ Çocuklar için Yaratıcı Oyuncak Yapım Seti (221 P),LEGO,,807.48,,,InStock,,,,,4.8,,,,[],,listing_only,,https://www.trendyol.com/lego/city-4x4-arazi-dag-arabasi-60447-6-cocuklar-icin-yaratici-oyuncak-yapim-seti-221-p-p-883914798?boutiqueId=690823&merchantId=968
cocuk:cocuk-oyuncak,501,537,,19.9,10.1,1114322236,1230100,1114322236:1230100,PAKİTO Full Fonksiyon Şarj Edilebilir Led Işıklı Metal Mini Uzaktan Kumandalı Araba 1:64 Ölçek | Siyah,PAKİTO,,699,,,InStock,,,,,4.3,,,,"[""Kargo Bedava""]",,listing_only,,https://www.trendyol.com/pakito/full-fonksiyon-sarj-edilebilir-led-isikli-metal-mini-uzaktan-kumandali-araba-1-64-olcek-siyah-p-1114322236?boutiqueId=61&merchantId=1230100
cocuk:cocuk-oyuncak,761,797,,19.9,10.1,336567060,190370,336567060:190370,Brother Toys Tayo Oyuncak Otobüs 7 Cm 4lü Set Çek Bırak Tayobüs,Brother Toys,,479.9,,,InStock,,,,,4.4,,,,"[""Kargo Bedava""]",,listing_only,,https://www.trendyol.com/brother-toys/tayo-oyuncak-otobus-7-cm-4lu-set-cek-birak-tayobus-p-336567060?boutiqueId=61&merchantId=190370
cocuk:cocuk-oyuncak,208,244,-108,19.8,10.2,1095488836,108518,1095488836:108518,ThinkMaster 100 Parça 2x2 Classic ve City ile Uyumlu Parçalar - Karışık Renklerde,ThinkMaster,Hubsan,299,,0,InStock,,,,,3.4846846846846846,301,2,,"[""Sepette %25 İndirim"",""Kargo Bedava""]",Tahmini Teslim:,refreshed,0,https://www.trendyol.com/thinkmaster/100-parca-2x2-classic-ve-city-ile-uyumlu-parcalar-karisik-renklerde-p-1095488836?boutiqueId=61&merchantId=108518
cocuk:cocuk-oyuncak,737,773,,19.8,10.2,373254562,262137,373254562:262137,MİR Plastik Aktarma Seti - Kase Ve Cımbızlar Montessori Set ( 6 Adet Kase - 6 Adet Cımbız),MİR,,199.99,,,InStock,,,,,4.8,,,,[],,listing_only,,https://www.trendyol.com/mir/plastik-aktarma-seti-kase-ve-cimbizlar-montessori-set-6-adet-kase-6-adet-cimbiz-p-373254562?boutiqueId=61&merchantId=262137
cocuk:cocuk-oyuncak,192,228,,19.7,10.3,4480222,129944,4480222:129944,Dolu Unicorn Sallanan Tekerlekli At Koli Poster 2509,Dolu,PrefToys,1005.99,,,InStock,,,,,4.583904109589041,285,,,"[""Kargo Bedava""]",3 saat 46 dakika içinde sipariş verirsen en geç yarın kargoda!,refreshed,0,https://www.trendyol.com/dolu/unicorn-sallanan-tekerlekli-at-koli-poster-2509-p-4480222?boutiqueId=61&merchantId=129944
cocuk:cocuk-oyuncak,237,273,,19.7,14.7,883914815,968,883914815:968,"LEGO ® Marvel Iron Man Robotu, Ultron’a Karşı 76307 - 6+ Yaratıcı Oyuncak Yapım Seti (101Parça)",LEGO,Trendyol,763.75,798.96,,InStock,,,,,4.662280701754385,80,,,"[""Son 10 Günün En Düşük Fiyatı"",""Son 10 günün en düşük fiyatı""]",Tahmini Teslim:,refreshed,0,https://www.trendyol.com/lego/marvel-iron-man-robotu-ultron-a-karsi-76307-6-yaratici-oyuncak-yapim-seti-101parca-p-883914815?boutiqueId=690823&merchantId=968
cocuk:cocuk-oyuncak,447,483,,19.7,10.3,883914766,968,883914766:968,LEGO ® City Tatil Macera Karavanı 60454 - 6+ Çocuklar için Yaratıcı Oyuncak Yapım Seti (385 P),LEGO,,1495,,,InStock,,,,,4.8,,,,[],,listing_only,,https://www.trendyol.com/lego/city-tatil-macera-karavani-60454-6-cocuklar-icin-yaratici-oyuncak-yapim-seti-385-p-p-883914766?boutiqueId=690823&merchantId=968
cocuk:cocuk-oyuncak,768,804,,19.7,10.3,114726069,293033,114726069:293033,TOMBİ-X Bambu Çubuklar 300 Parça Kutusuz,TOMBİ-X Bambu,,199.5,,,InStock,,,,,4.5,,,,[],,listing_only,,https://www.trendyol.com/tombi-x/bambu-cubuklar-300-parca-kutusuz-p-114726069?boutiqueId=61&merchantId=293033
cocuk:cocuk-kitap,142,955,,19.7,10.3,880978235,701468,880978235:701468,Genç Timaş Çıkmaz Sokağın Ressamı,Genç Timaş,,195,,,InStock,,,,,4.8,,,,[],,listing_only,,https://www.trendyol.com/genc-timas/cikmaz-sokagin-ressami-p-880978235?boutiqueId=61&merchantId=701468
cocuk:cocuk-oyuncak,482,518,,19.6,10.4,965670652,968,965670652:968,LEGO ® Technic Ford Bronco SUV 42213 - 9+ Çocuklar İçin Araba Modeli Oyuncak Seti (943 pr),LEGO,,2696.31,,,InStock,,,,,4.7,,,,[],,listing_only,,https://www.trendyol.com/lego/technic-ford-bronco-suv-42213-9-cocuklar-icin-araba-modeli-oyuncak-seti-943-pr-p-965670652?boutiqueId=690823&merchantId=968
cocuk:cocuk-oyuncak,238,274,-109,19.5,10.5,78347095,752303,78347095:752303,Genel Markalar Tik Tak Bloklar 250 Parça,Genel Markalar,KİNKU,349,,0,InStock,,,,,4.285992217898833,274,0,,"[""Kargo Bedava""]",Tahmini Teslim:,refreshed,0,https://www.trendyol.com/genel-markalar/tik-tak-bloklar-250-parca-p-78347095?boutiqueId=61&merchantId=752303
cocuk:cocuk-oyuncak,260,296,-71,19.5,10.5,993610751,190370,993610751:190370,Brother Toys Yürüyen Yengeç Oyuncak İpli Işıklı Müzikli Emeklemeye ve Yürümeye Yardımcı Pilli,Brother Toys,BROTHERTOYS,429.9,,0,InStock,,,,,3.8378378378378377,273,4,47,"[""Kargo Bedava""]",3 saat 44 dakika içinde sipariş verirsen en geç yarın kargoda!,refreshed,0,https://www.trendyol.com/brother-toys/yuruyen-yengec-oyuncak-ipli-isikli-muzikli-emeklemeye-ve-yurumeye-yardimci-pilli-p-993610751?boutiqueId=61&merchantId=190370
cocuk:cocuk-oyuncak,364,400,-175,19.5,10.5,815623074,104968,815623074:104968,Dolu Küçük Su Kaydırağı Yeşil 2631,Dolu,Happy Center,1119,,0,InStock,,,,,4.5,273,0,139,"[""44 TL Kupon"",""Kargo Bedava""]",14 saat 50 dakika içinde sipariş verirsen en geç yarın kargoda!,carried_forward,1,https://www.trendyol.com/dolu/kucuk-su-kaydiragi-yesil-2631-p-815623074?boutiqueId=61&merchantId=104968
cocuk:cocuk-oyuncak,377,413,,19.5,10.5,376290674,120869,376290674:120869,Buradadavar Hobi Ahşap Pembe Boyalı Mutfak Montessori Oyuncak Set Ekonomik Seri,Buradadavar Hobi Ahşap,,1605.43,,,InStock,,,,,4,,,,"[""75 TL Kupon"",""Kargo Bedava""]",,listing_only,,https://www.trendyol.com/buradadavar-hobi-ahsap/pembe-boyali-mutfak-montessori-oyuncak-set-ekonomik-seri-p-376290674?boutiqueId=61&merchantId=120869
cocuk:cocuk-oyuncak,425,461,-177,19.5,10.5,655324378,968,655324378:968,LEGO ® Creator Sihirli Tek Boynuzlu At 31140 - 7+ Yaratıcı Oyuncak Yapım Seti (145Parça),LEGO,tinymaya,449.99,,,InStock,,,,,4.8,276,0,13,[],1 saat 49 dakika içinde sipariş verirsen en geç bugün kargoda!,carried_forward,7,https://www.trendyol.com/lego/creator-sihirli-tek-boynuzlu-at-31140-7-yaratici-oyuncak-yapim-seti-145parca-p-655324378?boutiqueId=690823&merchantId=968
cocuk:cocuk-oyuncak,519,555,,19.5,10.5,833241067,190370,833241067:190370,Brother Toys 14 Parça Çantalı Plastik Oyuncak Doktor Seti Kaliteli Yerli Üretim Mavi Renk,Brother Toys,,369.9,,,InStock,,,,,3.4,,,,"[""Kargo Bedava""]",,listing_only,,https://www.trendyol.com/brother-toys/14-parca-cantali-plastik-oyuncak-doktor-seti-kaliteli-yerli-uretim-mavi-renk-p-833241067?boutiqueId=61&merchantId=190370
cocuk:cocuk-oyuncak,520,556,-394,19.5,10.5,672023503,1163586,672023503:1163586,Scooter Magic Wheels Işıklı 3 Tekerlekli Twist Çocuk,Scooter,TOYZİTOYS OYUNCAK,910,,0,InStock,,,,,3.6,272,0,170,"[""Kargo Bedava""]",Tahmini Teslim:,carried_forward,3,https://www.trendyol.com/scooter/magic-wheels-isikli-3-tekerlekli-twist-cocuk-p-672023503?boutiqueId=61&merchantId=1163586
cocuk:cocuk-oyuncak,109,145,19,19.4,10.6,839813628,190370,839813628:190370,Brother Toys Işıklı Stres Giderici Popit Oyun Konsolu Pop It Oyuncak Ördek Sarı Kaplan Transformers,Brother Toys,BROTHERTOYS,315.5,,0,InStock,,,,,4.163755458515284,265,1,,"[""Kargo Bedava""]",Tahmini Teslim:,refreshed,0,https://www.trendyol.com/brother-toys/isikli-stres-giderici-popit-oyun-konsolu-pop-it-oyuncak-ordek-sari-kaplan-transformers-p-839813628?boutiqueId=61&merchantId=190370
cocuk:cocuk-oyuncak,280,316,-111,19.4,10.6,929849957,190370,929849957:190370,Brother Toys Uzaktan Kumandalı 30 Fonksiyon Akıllı Interaktif Öğretici Robot Oyuncak Kedi,Brother Toys,BROTHERTOYS,1499.9,,0,InStock,,,,,4.7,262,1,154,"[""Kargo Bedava""]",4 saat 49 dakika içinde sipariş verirsen en geç bugün kargoda!,carried_forward,0,https://www.trendyol.com/brother-toys/uzaktan-kumandali-30-fonksiyon-akilli-interaktif-ogretici-robot-oyuncak-kedi-p-929849957?boutiqueId=61&merchantId=190370
cocuk:cocuk-oyuncak,554,590,,19.4,20.6,1147764692,968,1147764692:968,LEGO ® DUPLO® Classic Renkli Yaratıcı Kutu 10479 – 1.5 Yaş Üzeri için Oyuncak Yapım Seti (80 Parça),LEGO,,834.48,927.2,,InStock,,,,,4.9,,,,"[""Son 10 Günün En Düşük Fiyatı""]",,listing_only,,https://www.trendyol.com/lego/duplo-classic-renkli-yaratici-kutu-10479-1-5-yas-uzeri-icin-oyuncak-yapim-seti-80-parca-p-1147764692?boutiqueId=690823&merchantId=968
cocuk:cocuk-oyuncak,605,641,,19.4,10.6,872549810,107786,872549810:107786,Smartfox Robota Dönüşen Çek Bırak Araba Oyuncak Tır Optimus Prime,Smartfox,,399,,,InStock,,,,,4.2,,,,"[""Kargo Bedava""]",,listing_only,,https://www.trendyol.com/smartfox/robota-donusen-cek-birak-araba-oyuncak-tir-optimus-prime-p-872549810?boutiqueId=61&merchantId=107786
cocuk:cocuk-kitap,58,871,,19.4,10.6,1035260455,113171,1035260455:113171,Çocuk Akademi CESUR PORSUK VE ORMAN ÇETESİ,Çocuk Akademi,,77.54,,,InStock,,,,,4.7,,,,[],,listing_only,,https://www.trendyol.com/cocuk-akademi/cesur-porsuk-ve-orman-cetesi-p-1035260455?boutiqueId=61&merchantId=113171
cocuk:cocuk-oyuncak,81,117,-1,19.3,15.8,1145055127,1253027,1145055127:1253027,POPPYTOYS 3.5m Esnek Yarış-Araba Pisti Kıvrılabilir Mavi Renk - Super Speed Racing,POPPYTOYS,POPPY TOYS,199.01,209.65,0,InStock,,,,,4.299212598425197,58,1,,"[""Son 10 Günün En Düşük Fiyatı"",""Kargo Bedava"",""Son 10 günün en düşük fiyatı""]",Tahmini Teslim:,refreshed,0,https://www.trendyol.com/poppytoys/3-5m-esnek-yaris-araba-pisti-kivrilabilir-mavi-renk-super-speed-racing-p-1145055127?boutiqueId=61&merchantId=1253027
cocuk:cocuk-oyuncak,162,198,45,19.3,10.7,897369556,752303,897369556:752303,KİNKU Tom kedi konuşan kedi ses kaydeden müzikli ışıklı 23cm ses tekrarlayan konuşan,KİNKU,KİNKU,349,,0,InStock,,,,,3.4525252525252523,256,2,102,"[""Kargo Bedava"",""Son 10 Günün En Düşük Fiyatı""]",3 saat 48 dakika içinde sipariş verirsen en geç yarın kargoda!,refreshed,0,https://www.trendyol.com/kinku/tom-kedi-konusan-kedi-ses-kaydeden-muzikli-isikli-23cm-ses-tekrarlayan-konusan-p-897369556?boutiqueId=61&merchantId=752303
cocuk:cocuk-oyuncak,191,227,1,19.3,12.1,930525000,725158,930525000:725158,Genel Markalar Pilli Işıklı Köpük Tabancası Baloncuk Tabancası,Genel Markalar,BOLSAN TEKNOLOJİ,282,286,-4.7,InStock,,,,,3.544959128065395,172,5,97,"[""Son 10 Günün En Düşük Fiyatı"",""Kargo Bedava"",""Son 10 günün en düşük fiyatı""]",Tahmini Teslim:,refreshed,0,https://www.trendyol.com/genel-markalar/pilli-isikli-kopuk-tabancasi-baloncuk-tabancasi-p-930525000?boutiqueId=61&merchantId=725158
cocuk:cocuk-oyuncak,300,336,,19.3,10.7,767848317,190370,767848317:190370,Brother Toys Oyuncak 12 Parça Meyve Sebze Kesme Seti Bıçak Tabak Ve Kesme Tahtası Mısır Karpuz Üzüm,Brother Toys,,199.9,,,InStock,,,,,4.1,,,,[],,listing_only,,https://www.trendyol.com/brother-toys/oyuncak-12-parca-meyve-sebze-kesme-seti-bicak-tabak-ve-kesme-tahtasi-misir-karpuz-uzum-p-767848317?boutiqueId=61&merchantId=190370
cocuk:cocuk-oyuncak,359,395,-221,19.3,10.7,846412036,968,846412036:968,LEGO ® Botanicals Erik Çiçeği 10369 – Yetişkinler için Dekoratif Çiçek Modeli Yapım Seti (327 Parça),LEGO,,1476,,11.5,InStock,,,,,4.8,256,0,,[],,carried_forward,23,https://www.trendyol.com/lego/botanicals-erik-cicegi-10369-yetiskinler-icin-dekoratif-cicek-modeli-yapim-seti-327-parca-p-846412036?boutiqueId=690823&merchantId=968
cocuk:cocuk-oyuncak,644,680,,19.3,18.5,1126462290,968,1126462290:968,LEGO ® Star Wars™ Darth Vader™ Büstü 75439 - 18+ Dekoratif Model Yapım Seti (349 Parça),LEGO,,2099.3,2276.86,,InStock,,,,,4.9,,,,"[""Son 10 Günün En Düşük Fiyatı""]",,listing_only,,https://www.trendyol.com/lego/star-wars-darth-vader-bustu-75439-18-dekoratif-model-yapim-seti-349-parca-p-1126462290?boutiqueId=690823&merchantId=968
cocuk:cocuk-oyuncak,647,683,,19.3,15.2,47057747,882929,47057747:882929,Nerf Yedek Mermi 40 Adet Sünger Mermi,Nerf,,190,199,,InStock,,,,,3.9,,,,[],,listing_only,,https://www.trendyol.com/nerf/yedek-mermi-40-adet-sunger-mermi-p-47057747?boutiqueId=61&merchantId=882929
cocuk:cocuk-oyuncak,753,789,,19.3,10.7,879277091,1096188,879277091:1096188,Prego Sidney Scooter K603,Prego,,3215,,,InStock,,,,,4.6,,,,"[""Kargo Bedava""]",,listing_only,,https://www.trendyol.com/prego/sidney-scooter-k603-p-879277091?boutiqueId=61&merchantId=1096188
cocuk:cocuk-oyuncak,84,120,-24,19.2,10.8,946040335,931256,946040335:931256,tutobaby Devrilmeyen Sevimli Geyik Oyuncağı (Bebeğinizin Oyun Arkadaşı),tutobaby,TuTobaby,280,,0,InStock,,,,,4.589861751152074,253,3,36,"[""Sepette %20 İndirim"",""380 TL Kupon"",""Kargo Bedava"",""Son 10 Günün En Düşük Fiyatı""]",Tahmini Teslim:,refreshed,0,https://www.trendyol.com/tutobaby/devrilmeyen-sevimli-geyik-oyuncagi-bebeginizin-oyun-arkadasi-p-946040335?boutiqueId=61&merchantId=931256
cocuk:cocuk-oyuncak,160,196,-63,19.2,10.8,1088623810,756582,1088623810:756582,"Erbek Puzzle City 3D Yapı Ve Tasarım Blokları 132 Parça Eğitici, Zeka Geliştirici Oyuncak Lego",Erbek,DELVOS,174.06,,0,InStock,,,,,4.217213114754099,252,0,38,"[""Kargo Bedava""]",3 saat 48 dakika içinde sipariş verirsen en geç yarın kargoda!,refreshed,0,https://www.trendyol.com/erbek/puzzle-city-3d-yapi-ve-tasarim-bloklari-132-parca-egitici-zeka-gelistirici-oyuncak-lego-p-1088623810?boutiqueId=61&merchantId=756582
cocuk:cocuk-oyuncak,209,245,-54,19.2,10.8,883914730,968,883914730:968,LEGO ® Botanicals Mini Orkide 10343 – Yetişkinler için Açık Renkli Çiçek Yapım Seti (274 Parça),LEGO,Trendyol,1258.28,,,InStock,,,,,4.781250000000001,250,1,2,[],Tahmini Teslim:,refreshed,0,https://www.trendyol.com/lego/botanicals-mini-orkide-10343-yetiskinler-icin-acik-renkli-cicek-yapim-seti-274-parca-p-883914730?boutiqueId=690823&merchantId=968
cocuk:cocuk-oyuncak,258,294,,19.2,10.8,151568594,1162050,151568594:1162050,Toy Oyuncak Okul Öncesi 23 cm. 1 Çift Ahşap Ritim Çubuğu Perkusyon Müzik Sopası Yuvarlak Uçlu,Toy Oyuncak Okul Öncesi,BuuQ Design,68.59,,,InStock,,,,,4.581967213114754,247,,,"[""Kargo Bedava""]",3 saat 44 dakika içinde sipariş verirsen en geç yarın kargoda!,refreshed,0,https://www.trendyol.com/toy-oyuncak-okul-oncesi/23-cm-1-cift-ahsap-ritim-cubugu-perkusyon-muzik-sopasi-yuvarlak-uclu-p-151568594?boutiqueId=61&merchantId=1162050
cocuk:cocuk-oyuncak,672,708,,19.2,10.8,897915405,109032,897915405:109032,balody Mini Bahçe Serisi – Çiçeklerin Fısıltısı (BL16368) – Mikro Blok Yapı Oyuncakları Seti,balody,,689.95,,,InStock,,,,,4.7,,,,"[""Kargo Bedava""]",,listing_only,,https://www.trendyol.com/balody/mini-bahce-serisi-ciceklerin-fisiltisi-bl16368-mikro-blok-yapi-oyuncaklari-seti-p-897915405?boutiqueId=61&merchantId=109032
cocuk:cocuk-oyuncak,207,243,-46,19.1,10.9,1083413204,947235,1083413204:947235,M&H 6'lı Yumurta Eşleme Oyunu - Eğitici Öğretici Oyuncak Geometrik Eşleme Çocuk Oyunu,M&H,Kangamom,149,,0,InStock,,,,,3.6373873873873874,244,1,,"[""Kargo Bedava""]",3 saat 46 dakika içinde sipariş verirsen en geç yarın kargoda!,refreshed,0,https://www.trendyol.com/m-h/6-li-yumurta-esleme-oyunu-egitici-ogretici-oyuncak-geometrik-esleme-cocuk-oyunu-p-1083413204?boutiqueId=61&merchantId=947235
cocuk:cocuk-oyuncak,217,253,-96,19.1,13.6,884847125,1213728,884847125:1213728,UNO Kart Oyunu W2087,UNO,TinyToys,71,73,0,InStock,,,,,3.4144144144144146,111,0,56,"[""Son 10 Günün En Düşük Fiyatı"",""Kargo Bedava"",""Son 10 günün en düşük fiyatı""]",Tahmini Teslim:,refreshed,0,https://www.trendyol.com/uno/kart-oyunu-w2087-p-884847125?boutiqueId=61&merchantId=1213728
cocuk:cocuk-oyuncak,331,367,,19.1,10.9,924699618,1066526,924699618:1066526,MİSSEHOME 36 Adet (3D) Hayvanlar Alemi Taş Boyama Figür Çocuk Gelişimi Boyama Etkinlik Seti Zoo Stone Painting,MİSSEHOME,,309.92,,,InStock,,,,,4.6,,,,"[""15 TL Kupon"",""Son 10 Günün En Düşük Fiyatı"",""Süper Fırsat Ürünü""]",,listing_only,,https://www.trendyol.com/missehome/36-adet-3d-hayvanlar-alemi-tas-boyama-figur-cocuk-gelisimi-boyama-etkinlik-seti-zoo-stone-painting-p-924699618?boutiqueId=61&merchantId=1066526
cocuk:cocuk-oyuncak,466,502,-462,19.1,10.9,1190692871,756582,1190692871:756582,vagontoys Spin Ball Bas-Döndür Eğitici Kinetik Stres Topu – Yaylı ve Rulmanlı Sistem Eğitici Oyuncak - Turuncu Mavi,vagontoys,DELVOS,169.9,,,InStock,,,,,4.983402489626556,241,,,"[""Kargo Bedava""]",Tahmini Teslim:,refreshed,0,https://www.trendyol.com/vagontoys/spin-ball-bas-dondur-egitici-kinetik-stres-topu-yayli-ve-rulmanli-sistem-egitici-oyuncak-turuncu-mavi-p-1190692871?boutiqueId=61&merchantId=756582
cocuk:cocuk-oyuncak,724,760,-550,19.1,10.9,814744520,1086780,814744520:1086780,Dolu Su ve Kum Yaratıcılık Masası 3077,Dolu,Elisra Pazarlama,689.44,,-1,InStock,,,,,4.464454976303318,240,11,,"[""Kargo Bedava""]",Tahmini Teslim:,refreshed,0,https://www.trendyol.com/dolu/su-ve-kum-yaraticilik-masasi-3077-p-814744520?boutiqueId=61&merchantId=1086780
cocuk:cocuk-kitap,103,916,,19.1,10.9,1061036141,428087,1061036141:428087,Sincap Kitap Dokun Hisset Tummy Time- Güvenli Bağlanma Başlıyor,Sincap Kitap,,290,,,InStock,,,,,4.7,,,,[],,listing_only,,https://www.trendyol.com/sincap-kitap/dokun-hisset-tummy-time-guvenli-baglanma-basliyor-p-1061036141?boutiqueId=61&merchantId=428087
cocuk:cocuk-oyuncak,68,104,1,19,11,930523305,725158,930523305:725158,bolfer Köpük Baloncuklu Işıklı Pilli Tabanca – Pembe,bolfer,BOLSAN TEKNOLOJİ,293,,0,InStock,,,,,3.3735763097949887,238,0,144,"[""Kargo Bedava""]",Tahmini Teslim:,refreshed,0,https://www.trendyol.com/bolfer/kopuk-baloncuklu-isikli-pilli-tabanca-pembe-p-930523305?boutiqueId=61&merchantId=725158
cocuk:cocuk-oyuncak,88,124,-33,19,11,342139878,190370,342139878:190370,Brother Toys Büyük Boy Dön Dolaş Ördekler Işıklı Müzikli Oyuncak Ördek Oyunu,Brother Toys,BROTHERTOYS,569.9,,0,InStock,,,,,4.088669950738916,235,0,83,"[""Kargo Bedava""]",3 saat 50 dakika içinde sipariş verirsen en geç yarın kargoda!,refreshed,0,https://www.trendyol.com/brother-toys/buyuk-boy-don-dolas-ordekler-isikli-muzikli-oyuncak-ordek-oyunu-p-342139878?boutiqueId=61&merchantId=190370
cocuk:cocuk-oyuncak,150,186,-77,19,11,826256271,109643,826256271:109643,Happy Toys MyClean DİNAZOR SUDA BÜYÜYEN 8 ADET DİNAZOR YUMURTASI,Happy Toys,Rüya Gezegeni,155,,-3.1,InStock,,,,,3.9926829268292683,236,1,,"[""10 TL Kupon"",""Kargo Bedava""]",Tahmini Teslim:,refreshed,0,https://www.trendyol.com/happy-toys/myclean-dinazor-suda-buyuyen-8-adet-dinazor-yumurtasi-p-826256271?boutiqueId=61&merchantId=109643
cocuk:cocuk-oyuncak,210,246,,19,13.1,789646625,288437,789646625:288437,WOODROFFE Sevimli Avokado Peluş Yastık & Uyku Arkadaşı Yastık & Oyuncak Yastık & Hediyelik Yastık 45 Cm,WOODROFFE,VAGON TOYS,158.09,161.44,,InStock,,,,,4.523560209424084,128,,12,"[""Son 10 Günün En Düşük Fiyatı"",""Kargo Bedava"",""Son 10 günün en düşük fiyatı""]",Tahmini Teslim:,refreshed,0,https://www.trendyol.com/woodroffe/sevimli-avokado-pelus-yastik-uyku-arkadasi-yastik-oyuncak-yastik-hediyelik-yastik-45-cm-p-789646625?boutiqueId=61&merchantId=288437
cocuk:cocuk-oyuncak,220,256,,19,11,770064365,397045,770064365:397045,jetlegelsin Fen Lola nın Tatil Evi,jetlegelsin,jetlegelsin,1599,,,InStock,,,,,4.449438202247191,236,,78,"[""25 TL Kupon"",""Kargo Bedava""]",Tahmini Teslim:,refreshed,0,https://www.trendyol.com/jetlegelsin/fen-lola-nin-tatil-evi-p-770064365?boutiqueId=61&merchantId=397045
cocuk:cocuk-oyuncak,246,282,-50,19,11,1124966835,1047741,1124966835:1047741,Magly Soft Bricks Yumuşak Yapı Blokları - Çocuklar İçin Renkli Esnek 42 Parça Yapı Blok Seti,Magly,Magly,945,,0,InStock,,,,,4.817073170731708,233,2,,"[""Sepette %20 İndirim"",""Kargo Bedava""]",Tahmini Teslim:,refreshed,0,https://www.trendyol.com/magly/soft-bricks-yumusak-yapi-bloklari-cocuklar-icin-renkli-esnek-42-parca-yapi-blok-seti-p-1124966835?boutiqueId=61&merchantId=1047741
cocuk:cocuk-oyuncak,340,376,,19,11,57205239,328075,57205239:328075,Genel Markalar Zeka Küpü,Genel Markalar,,45.17,,,InStock,,,,,3.8,,,,[],,listing_only,,https://www.trendyol.com/genel-markalar/zeka-kupu-p-57205239?boutiqueId=61&merchantId=328075
cocuk:cocuk-oyuncak,427,463,-302,19,11,236434320,1210766,236434320:1210766,Diytoy Bebeğimin Ilk Zeka Kartları Set-1 / 0-6 Ay,Diytoy,TabaGrup,175.99,,-11.6,InStock,,,,,4.6,233,0,30,[],2 saat 51 dakika içinde sipariş verirsen en geç bugün kargoda!,carried_forward,4,https://www.trendyol.com/diytoy/bebegimin-ilk-zeka-kartlari-set-1-0-6-ay-p-236434320?boutiqueId=61&merchantId=1210766
cocuk:cocuk-oyuncak,613,649,-486,19,11,132263105,306081,132263105:306081,Diytoy Denge Kulesi Oyunu 0-3 Yaş Eğitici Oyuncak Montesorri Oyuncak,Diytoy,TabaGrup,396.04,,0,InStock,,,,,4.49234135667396,235,-15,16,"[""Kargo Bedava""]",Tahmini Teslim:,refreshed,0,https://www.trendyol.com/diytoy/denge-kulesi-oyunu-0-3-yas-egitici-oyuncak-montesorri-oyuncak-p-132263105?boutiqueId=61&merchantId=306081
cocuk:cocuk-oyuncak,701,737,,19,11,42637751,648325,42637751:648325,Barbie Dress Up Fashionistas Manyetik Kıyafet Giydirme,Barbie,,305,,,InStock,,,,,4.5,,,,[],,listing_only,,https://www.trendyol.com/barbie/dress-up-fashionistas-manyetik-kiyafet-giydirme-p-42637751?boutiqueId=61&merchantId=648325
cocuk:cocuk-oyuncak,60,96,12,18.9,11.1,921219595,752303,921219595:752303,KİNKU Cars Şimşek Mcqueen Uzaktan Kumandalı Full Fonksiyon Araba,KİNKU,KİNKU,348,,0,InStock,,,,,3.847916666666667,228,2,,"[""Sepette %3 İndirim"",""199 TL Kupon"",""Kargo Bedava"",""Trendyol Plus'a Özel""]",3 saat 51 dakika içinde sipariş verirsen en geç yarın kargoda!,refreshed,0,https://www.trendyol.com/kinku/cars-simsek-mcqueen-uzaktan-kumandali-full-fonksiyon-araba-p-921219595?boutiqueId=61&merchantId=752303
cocuk:cocuk-oyuncak,72,108,-65,18.9,11.1,948755526,1213728,948755526:1213728,Genel Markalar 52 Parça Montessori Gömlek Düğme İpe Dizme Eğitici Oyuncağı Anaokulu Okul Öncesi Zeka Seti,Genel Markalar,TinyToys,320,,,InStock,,,,,4.667338709677419,228,1,,"[""Kargo Bedava""]",Tahmini Teslim:,refreshed,0,https://www.trendyol.com/genel-markalar/52-parca-montessori-gomlek-dugme-ipe-dizme-egitici-oyuncagi-anaokulu-okul-oncesi-zeka-seti-p-948755526?boutiqueId=61&merchantId=1213728
cocuk:cocuk-oyuncak,230,266,-31,18.9,14.4,1153719878,494546,1153719878:494546,LABLOKS Manyetik Yapı Blokları –mıknatıslı manyetik bloklar - Çocuklar Için Eğitici Oyuncak 72 Parça Manyetik Karo Oyun Seti - Steam,LABLOKS,ARZTECH TEKNOLOJİ,1284.81,1329,-30.5,InStock,,,,,4.872549019607843,89,7,,"[""Kargo Bedava"",""Son 10 Günün En Düşük Fiyatı"",""Peşin Fiyatına 3 Taksit"",""Son 10 günün en düşük fiyatı""]",Tahmini Teslim:,refreshed,0,https://www.trendyol.com/labloks/manyetik-yapi-bloklari-miknatisli-manyetik-bloklar-cocuklar-icin-egitici-oyuncak-72-parca-manyetik-karo-oyun-seti-steam-p-1153719878?boutiqueId=61&merchantId=494546
cocuk:cocuk-oyuncak,389,425,,18.9,11.1,970051976,968,970051976:968,LEGO ® Speed Champions Porsche 911 GT3 RS Süper Araba 77239 – 9+ için Oyuncak Araba Yapım Seti (348P),LEGO,,1048,,,InStock,,,,,4.7,,,,[],,listing_only,,https://www.trendyol.com/lego/speed-champions-porsche-911-gt3-rs-super-araba-77239-9-icin-oyuncak-araba-yapim-seti-348p-p-970051976?boutiqueId=690823&merchantId=968
cocuk:cocuk-oyuncak,407,443,,18.9,11.1,866544568,811969,866544568:811969,Oyunsal Mavi Renkli Çantalı 14 Parça Doktor Seti Oyuncak Vakumlu Kutuda,Oyunsal,,316.67,,,InStock,,,,,3.6,,,,[],,listing_only,,https://www.trendyol.com/oyunsal/mavi-renkli-cantali-14-parca-doktor-seti-oyuncak-vakumlu-kutuda-p-866544568?boutiqueId=61&merchantId=811969
cocuk:cocuk-oyuncak,413,449,,18.9,11.1,225375315,763697,225375315:763697,Genel Markalar Çocuk Eğitici Yapboz Yapı Oyuncak 48’li Büyük Set,Genel Markalar,,197.99,,,InStock,,,,,3.6,,,,[],,listing_only,,https://www.trendyol.com/genel-markalar/cocuk-egitici-yapboz-yapi-oyuncak-48-li-buyuk-set-p-225375315?boutiqueId=61&merchantId=763697
cocuk:cocuk-oyuncak,763,799,,18.9,18.1,32636819,107786,32636819:107786,Babycim Ilk Sayılarım Kitabı,Babycim,,131.95,141.88,,InStock,,,,,4.4,,,,[],,listing_only,,https://www.trendyol.com/babycim/ilk-sayilarim-kitabi-p-32636819?boutiqueId=61&merchantId=107786
cocuk:cocuk-oyuncak,765,801,,18.9,18.1,1111276963,1277791,1111276963:1277791,BBSKY Montessori Manyetik Renk ve Boya Kovası: 3+ Yaş Eğitici Sayısal Mantık ve Sayma Oyuncağı,BBSKY,,459.21,493.77,,InStock,,,,,4,,,,"[""20 TL Kupon"",""Kargo Bedava""]",,listing_only,,https://www.trendyol.com/bbsky/montessori-manyetik-renk-ve-boya-kovasi-3-yas-egitici-sayisal-mantik-ve-sayma-oyuncagi-p-1111276963?boutiqueId=61&merchantId=1277791
cocuk:cocuk-oyuncak,76,112,-58,18.8,11.2,1139242439,1230100,1139242439:1230100,PAKİTO Manyetik Yapı Blokları 72 Parça Original | Mıknatıslı Manyetik Bloklar,PAKİTO,LUMO STORE,1368.46,,0,InStock,,,,,4.548387096774194,225,2,,"[""Kargo Bedava"",""Peşin Fiyatına 3 Taksit""]",Tahmini Teslim:,refreshed,0,https://www.trendyol.com/pakito/manyetik-yapi-bloklari-72-parca-original-miknatisli-manyetik-bloklar-p-1139242439?boutiqueId=61&merchantId=1230100
cocuk:cocuk-oyuncak,222,258,2,18.8,11.2,860397035,673595,860397035:673595,HAPPENS Puzzle City 3D Eğitici Yapı Taşları Oyuncak Plus Plus Blockland Akıl Sayı Küpü Akıllı Sayılar,HAPPENS,HAPPENS,199.99,,0,InStock,,,,,3.850129198966408,224,1,,"[""Kargo Bedava"",""Trendyol Plus'a Özel""]",Tahmini Teslim:,refreshed,0,https://www.trendyol.com/happens/puzzle-city-3d-egitici-yapi-taslari-oyuncak-plus-plus-blockland-akil-sayi-kupu-akilli-sayilar-p-860397035?boutiqueId=61&merchantId=673595
cocuk:cocuk-oyuncak,266,302,-86,18.8,11.2,784307498,357670,784307498:357670,YAHO OYUNCAĞIN DOĞAL HALİ 54 Parça Ahşap Denge Oyunu(K),YAHO OYUNCAĞIN DOĞAL HALİ,Yüce Oyuncak,169.55,,0,InStock,,,,,4.2,223,0,30,[],2 saat 49 dakika içinde sipariş verirsen en geç bugün kargoda!,carried_forward,0,https://www.trendyol.com/yaho-oyuncagin-dogal-hali/54-parca-ahsap-denge-oyunu-k-p-784307498?boutiqueId=61&merchantId=357670
cocuk:cocuk-oyuncak,325,361,,18.8,11.2,764794581,231173,764794581:231173,metafortoys Circle Joy Dikkat ve Odaklanmayı Geliştiren Hafıza Oyunu,metafortoys,,249,,,InStock,,,,,4.4,,,,[],,listing_only,,https://www.trendyol.com/metafortoys/circle-joy-dikkat-ve-odaklanmayi-gelistiren-hafiza-oyunu-p-764794581?boutiqueId=61&merchantId=231173
cocuk:cocuk-oyuncak,433,469,,18.8,11.2,789183332,653332,789183332:653332,"shopExxtra Speed Cupe Küp Zeka Küpü 3x3 Canlı Renkler Hız Küpü,fidget Oyuncak Seyahat Zeka Oyunu",shopExxtra,,197,,,InStock,,,,,4.7,,,,[],,listing_only,,https://www.trendyol.com/shopexxtra/speed-cupe-kup-zeka-kupu-3x3-canli-renkler-hiz-kupu-fidget-oyuncak-seyahat-zeka-oyunu-p-789183332?boutiqueId=61&merchantId=653332
cocuk:cocuk-oyuncak,488,524,-224,18.8,11.2,883914731,968,883914731:968,LEGO ® Creator 3’ü 1 Arada Sevimli Tavşan 31162 - 8+ Çocuklar için Yaratıcı Oyuncak Yapım Seti (326P),LEGO,Trendyol,850.04,,-17.7,InStock,,,,,4.8,221,0,10,[],7 saat 49 dakika içinde sipariş verirsen en geç bugün kargoda!,carried_forward,7,https://www.trendyol.com/lego/creator-3-u-1-arada-sevimli-tavsan-31162-8-cocuklar-icin-yaratici-oyuncak-yapim-seti-326p-p-883914731?boutiqueId=690823&merchantId=968
cocuk:cocuk-oyuncak,523,559,,18.8,14.7,1078604281,969510,1078604281:969510,NB market Ördek Stitch peluş oyuncak pembe renk lilo peluş ördek arkadaş ile 30cm tüylü angel peluş,NB market,,828.53,858.53,,InStock,,,,,4.7,,,,"[""30 TL Kupon"",""Kargo Bedava""]",,listing_only,,https://www.trendyol.com/nb-market/ordek-stitch-pelus-oyuncak-pembe-renk-lilo-pelus-ordek-arkadas-ile-30cm-tuylu-angel-pelus-p-1078604281?boutiqueId=61&merchantId=969510
cocuk:cocuk-oyuncak,652,688,,18.8,11.2,900541684,968,900541684:968,LEGO ® Speed Champions MoneyGram Haas F1® Team VF-24 Race Car Toy Vehicle 77250,LEGO,,1000.46,,,InStock,,,,,4.7,,,,[],,listing_only,,https://www.trendyol.com/lego/speed-champions-moneygram-haas-f1-team-vf-24-race-car-toy-vehicle-77250-p-900541684?boutiqueId=690823&merchantId=968
cocuk:cocuk-oyuncak,65,101,53,18.7,11.3,1189150718,392,1189150718:392,baby toys Sevimli İlk Arabam Bin Git,baby toys,ebebek,748.99,,0,InStock,,,,,4.355231143552311,218,1,263,"[""Kargo Bedava""]",Tahmini Teslim:,refreshed,0,https://www.trendyol.com/baby-toys/sevimli-ilk-arabam-bin-git-p-1189150718?boutiqueId=61&merchantId=392
cocuk:cocuk-oyuncak,117,153,8,18.7,11.3,846140349,1164978,846140349:1164978,"CARA CARO 3'lü Duyusal Vantuz Spinner: Banyo ve Seyahat Oyuncağı, Eğitici Bebek Hediyesi, 6+ Ay",CARA CARO,BBSKY,1020,,0,InStock,,,,,4.754985754985755,215,1,32,"[""Sepette %30 İndirim"",""Kargo Bedava""]",Tahmini Teslim:,refreshed,0,https://www.trendyol.com/cara-caro/3-lu-duyusal-vantuz-spinner-banyo-ve-seyahat-oyuncagi-egitici-bebek-hediyesi-6-ay-p-846140349?boutiqueId=61&merchantId=1164978
cocuk:cocuk-kitap,133,946,,18.7,11.3,349138061,578880,349138061:578880,MUNDİ Görünmez İp,MUNDİ,,310,,,InStock,,,,,4.8,,,,[],,listing_only,,https://www.trendyol.com/mundi/gorunmez-ip-p-349138061?boutiqueId=61&merchantId=578880
cocuk:cocuk-oyuncak,294,330,-125,18.6,15,974160102,744768,974160102:744768,Nandy Home Fil Model Karakter Figürü 3D Yapı Oyuncakları,Nandy Home,Nandy Kids,130.96,135.9,0,InStock,,,,,4.7,74,0,13,"[""Son 10 Günün En Düşük Fiyatı""]",Tahmini Teslim:,carried_forward,2,https://www.trendyol.com/nandy-home/fil-model-karakter-figuru-3d-yapi-oyuncaklari-p-974160102?boutiqueId=61&merchantId=744768
cocuk:cocuk-oyuncak,473,509,,18.6,11.4,153287252,190370,153287252:190370,Toysan 10lu Speed Racer Metal Araba 10 Adet Metal Yarış Arabası,Toysan,,529.9,,,InStock,,,,,3.6,,,,"[""Kargo Bedava""]",,listing_only,,https://www.trendyol.com/toysan/10lu-speed-racer-metal-araba-10-adet-metal-yaris-arabasi-p-153287252?boutiqueId=61&merchantId=190370
cocuk:cocuk-oyuncak,48,84,140,18.5,12.5,1163407346,758938,1163407346:758938,HaLVeY Büyük Boy XL Simli Çin Mantısı 1 Adet Sürpriz renk & Ürün İle Birlikte Çocuklar İçin Hediye Oyuncak Anahtarlık Gönderilecektir,HaLVeY,HaLVeY Kozmetik,545,,55.7,InStock,,,,,3.8956228956228958,207,0,58,"[""Kargo Bedava"",""Trendyol Plus'a Özel""]",Tahmini Teslim:,refreshed,0,https://www.trendyol.com/halvey/buyuk-boy-xl-simli-cin-mantisi-1-adet-surpriz-renk-urun-ile-birlikte-cocuklar-icin-hediye-oyuncak-anahtarlik-gonderilecektir-p-1163407346?boutiqueId=61&merchantId=758938
cocuk:cocuk-oyuncak,556,592,,18.5,11.5,896614091,137889,896614091:137889,robokids Montessori 6'sı 1 Arada Eğitici Aktivite Küpü,robokids,,599,,,InStock,,,,,4.8,,,,"[""Kargo Bedava""]",,listing_only,,https://www.trendyol.com/robokids/montessori-6-si-1-arada-egitici-aktivite-kupu-p-896614091?boutiqueId=61&merchantId=137889
cocuk:cocuk-oyuncak,663,699,,18.5,11.5,764750616,231173,764750616:231173,metafortoys 0-3 Ay Ahşap Bebek Zeka Kartları,metafortoys,,159.9,,,InStock,,,,,4.7,,,,[],,listing_only,,https://www.trendyol.com/metafortoys/0-3-ay-ahsap-bebek-zeka-kartlari-p-764750616?boutiqueId=61&merchantId=231173
cocuk:cocuk-kitap,160,973,,18.5,11.5,968542641,548108,968542641:548108,"Genç Timaş İLK GENÇ TİMAŞ Robonlar - Bir Kaçış Operasyonu,Robonlar 2 / Bir Hayal Operasyonu 2 KİTAP 4,5.SINIF",Genç Timaş,,312,,,InStock,,,,,4.7,,,,[],,listing_only,,https://www.trendyol.com/genc-timas/ilk-genc-timas-robonlar-bir-kacis-operasyonu-robonlar-2-bir-hayal-operasyonu-2-kitap-4-5-sinif-p-968542641?boutiqueId=61&merchantId=548108
cocuk:cocuk-oyuncak,489,525,,18.4,11.6,988243723,647140,988243723:647140,lina hobby Alfabe ve Rakam Puzzle İkili Set - Ahşap Tabanlı ve PLA Harf/Rakamlar Eğitici Oyuncak,lina hobby,,346.26,,,InStock,,,,,4.7,,,,[],,listing_only,,https://www.trendyol.com/lina-hobby/alfabe-ve-rakam-puzzle-ikili-set-ahsap-tabanli-ve-pla-harf-rakamlar-egitici-oyuncak-p-988243723?boutiqueId=61&merchantId=647140
cocuk:cocuk-oyuncak,70,106,-32,18.3,11.7,972632523,1127325,972632523:1127325,Circle Toys UFO Eğitici Duyusal Aktivite Oyuncağı - 1-3 Yaş Yürümeye Başlayan Çocuklar Için Montessori Seti,Circle Toys,Circle Toys,527.86,,-29.6,InStock,,,,,4.557739557739558,191,1,,"[""Kargo Bedava""]",Tahmini Teslim:,refreshed,0,https://www.trendyol.com/circle-toys/ufo-egitici-duyusal-aktivite-oyuncagi-1-3-yas-yurumeye-baslayan-cocuklar-icin-montessori-seti-p-972632523?boutiqueId=61&merchantId=1127325
cocuk:cocuk-oyuncak,184,220,-26,18.3,11.7,827723680,1215579,827723680:1215579,Mellito Sevgiliye Hediye ve Bebek Odalari Icin Penguen Yastik Pelus Oyuncak,Mellito,Sirhatly,290,,0,InStock,,,,,4.235142118863049,192,0,64,"[""Kargo Bedava"",""Trendyol Plus'a Özel""]",Tahmini Teslim:,refreshed,0,https://www.trendyol.com/mellito/sevgiliye-hediye-ve-bebek-odalari-icin-penguen-yastik-pelus-oyuncak-p-827723680?boutiqueId=61&merchantId=1215579
cocuk:cocuk-oyuncak,469,505,,18.3,11.7,3062064,737145,3062064:737145,PİLSAN Tuğla Blok Ve Araba Seti,PİLSAN,,1909.03,,,InStock,,,,,4.6,,,,"[""Kargo Bedava""]",,listing_only,,https://www.trendyol.com/pilsan/tugla-blok-ve-araba-seti-p-3062064?boutiqueId=61&merchantId=737145
cocuk:cocuk-kitap,78,891,,18.3,11.7,936243990,113171,936243990:113171,Çocuk Akademi Keşke Matematik Olmasaydı,Çocuk Akademi,,72.53,,,InStock,,,,,4.8,,,,[],,listing_only,,https://www.trendyol.com/cocuk-akademi/keske-matematik-olmasaydi-p-936243990?boutiqueId=61&merchantId=113171
cocuk:cocuk-oyuncak,467,503,,18.2,11.8,964436049,239850,964436049:239850,My Kids Room Araba Rafı 50'li Beyaz Renk (HOTWHEELS VE MATCBOX ARABALARI IÇİN UYGUNDUR),My Kids Room,,289,,,InStock,,,,,4,,,,[],,listing_only,,https://www.trendyol.com/my-kids-room/araba-rafi-50-li-beyaz-renk-hotwheels-ve-matcbox-arabalari-icin-uygundur-p-964436049?boutiqueId=61&merchantId=239850
cocuk:cocuk-oyuncak,517,553,-355,18.2,11.8,148717143,944751,148717143:944751,Genel Markalar Wooden Toys Doğal Ahşap Eğitici Oyuncak 7 Parça Orta Tangram,Genel Markalar,Montessori Toys,47.99,,0,InStock,,,,,4,188,0,,"[""Sepette %1 İndirim""]",Tahmini Teslim:,carried_forward,2,https://www.trendyol.com/genel-markalar/wooden-toys-dogal-ahsap-egitici-oyuncak-7-parca-orta-tangram-p-148717143?boutiqueId=61&merchantId=944751
cocuk:cocuk-oyuncak,632,668,,18.2,11.8,936885082,968,936885082:968,LEGO ® Minecraft® Creeper™ 21276 - 10+ Çocuklar için Yaratıcı Oyuncak Yapım Seti (665P),LEGO,,1799.1,,,InStock,,,,,4.9,,,,[],,listing_only,,https://www.trendyol.com/lego/minecraft-creeper-21276-10-cocuklar-icin-yaratici-oyuncak-yapim-seti-665p-p-936885082?boutiqueId=690823&merchantId=968
cocuk:cocuk-oyuncak,312,348,-106,18.1,17.5,1146329954,1098495,1146329954:1098495,Koz SÜPRİZ SQUİSHY ÇİN MANTISI KÜÇÜK,Koz,Berione,184,195,0,InStock,,,,,2.1,35,0,44,"[""Son 10 Günün En Düşük Fiyatı""]",14 saat 50 dakika içinde sipariş verirsen en geç yarın kargoda!,carried_forward,6,https://www.trendyol.com/koz/supriz-squishy-cin-mantisi-kucuk-p-1146329954?boutiqueId=61&merchantId=1098495
cocuk:cocuk-oyuncak,341,377,-155,18.1,11.9,1038076061,673550,1038076061:673550,BubbyPlay Kutulu Çiçek Bahçesi Oyuncak 52 Parça Yapım Seti Bul Tak Blok Eğitici Montessori Okul Öncesi 3 Yaş,BubbyPlay,kidva,298,,,InStock,,,,,4.7,180,0,38,[],14 saat 50 dakika içinde sipariş verirsen en geç yarın kargoda!,carried_forward,4,https://www.trendyol.com/bubbyplay/kutulu-cicek-bahcesi-oyuncak-52-parca-yapim-seti-bul-tak-blok-egitici-montessori-okul-oncesi-3-yas-p-1038076061?boutiqueId=61&merchantId=673550
cocuk:cocuk-oyuncak,484,520,,18.1,11.9,142895056,104968,142895056:104968,Kiki Oyuncak Mega Kule Oyun Seti Çocuk Bebek Bardak Kap Oyunu,Kiki,,272.99,,,InStock,,,,,4.8,,,,[],,listing_only,,https://www.trendyol.com/kiki/oyuncak-mega-kule-oyun-seti-cocuk-bebek-bardak-kap-oyunu-p-142895056?boutiqueId=61&merchantId=104968
cocuk:cocuk-oyuncak,567,603,,18.1,11.9,966789141,968,966789141:968,LEGO ® Creator 3'ü 1 Arada Vahşi Hayvanlar: Tropikal Tukan Kuşu 31173 - 7+ Oyuncak Yapım Seti (225P),LEGO,,637.49,,,InStock,,,,,4.7,,,,[],,listing_only,,https://www.trendyol.com/lego/creator-3-u-1-arada-vahsi-hayvanlar-tropikal-tukan-kusu-31173-7-oyuncak-yapim-seti-225p-p-966789141?boutiqueId=690823&merchantId=968
cocuk:cocuk-oyuncak,580,616,,18.1,16.9,961275890,1105041,961275890:1105041,greenfor evlife Flemingo Peluş Büyük Boy Üretici Firma 🧸,greenfor evlife,,185.25,195,,InStock,,,,,4.2,,,,"[""20 TL Kupon"",""Son 10 Günün En Düşük Fiyatı""]",,listing_only,,https://www.trendyol.com/greenfor-evlife/flemingo-pelus-buyuk-boy-uretici-firma-p-961275890?boutiqueId=61&merchantId=1105041
cocuk:cocuk-oyuncak,709,745,,18.1,11.9,929095562,1122866,929095562:1122866,PRO Toys Işık/Ledli Üç Teker Yükseklik Ayarlanabilir ve Katlanabilir Fren Sistemli Çocuk Scooter,PRO Toys,,1225.38,,,InStock,,,,,4.7,,,,"[""Kargo Bedava""]",,listing_only,,https://www.trendyol.com/pro-toys/isik-ledli-uc-teker-yukseklik-ayarlanabilir-ve-katlanabilir-fren-sistemli-cocuk-scooter-p-929095562?boutiqueId=61&merchantId=1122866
cocuk:cocuk-oyuncak,256,292,,18,12,832596818,357670,832596818:357670,YAHO OYUNCAĞIN DOĞAL HALİ Ahşap Kalın Ritim Çubuk (1 çift ),YAHO OYUNCAĞIN DOĞAL HALİ,Yüce Oyuncak,39.9,,,InStock,,,,,4.522151898734177,177,,74,"[""Kargo Bedava""]",3 saat 44 dakika içinde sipariş verirsen en geç yarın kargoda!,refreshed,0,https://www.trendyol.com/yaho-oyuncagin-dogal-hali/ahsap-kalin-ritim-cubuk-1-cift-p-832596818?boutiqueId=61&merchantId=357670
cocuk:cocuk-oyuncak,219,255,-56,17.9,12.1,888549324,288437,888549324:288437,WOODROFFE Sevimli Kalpli Avokado Peluş Yastık & Uyku Arkadaşı Yastık & Oyuncak Yastık & Hediyelik Yastık 45Cm,WOODROFFE,VAGON TOYS,169,,0,InStock,,,,,4.381877022653722,170,0,31,"[""Kargo Bedava""]",3 saat 45 dakika içinde sipariş verirsen en geç yarın kargoda!,refreshed,0,https://www.trendyol.com/woodroffe/sevimli-kalpli-avokado-pelus-yastik-uyku-arkadasi-yastik-oyuncak-yastik-hediyelik-yastik-45cm-p-888549324?boutiqueId=61&merchantId=288437
cocuk:cocuk-oyuncak,164,200,-57,17.8,12.4,832504796,293033,832504796:293033,TOMBİ-X Bambu Pipet Çubuk 300 Parça Hafıza Kurma Dikkat Çocuk Beceri Gelişim Oyunu 3+ Yaş,TOMBİ-X,happiness,199.54,199.9,0,InStock,,,,,4.375394321766562,158,0,33,"[""Kargo Bedava"",""Trendyol Plus'a Özel""]",Tahmini Teslim:,refreshed,0,https://www.trendyol.com/tombi-x/bambu-pipet-cubuk-300-parca-hafiza-kurma-dikkat-cocuk-beceri-gelisim-oyunu-3-yas-p-832504796?boutiqueId=61&merchantId=293033
cocuk:cocuk-oyuncak,183,219,-37,17.8,12.2,853732873,214103,853732873:214103,"Hopiers Montessori Renkli Ahşap Çak-Çak, Çekiç Oyunu / 1+ Yaş / Eğitici, Öğretici ve Güvenli Çocuk Oyuncağı",Hopiers,Hopiers,288.92,,0,InStock,,,,,4.421511627906978,168,0,11,"[""Sepette %2 İndirim"",""Kargo Bedava"",""Trendyol Plus'a Özel""]",Tahmini Teslim:,refreshed,0,https://www.trendyol.com/hopiers/montessori-renkli-ahsap-cak-cak-cekic-oyunu-1-yas-egitici-ogretici-ve-guvenli-cocuk-oyuncagi-p-853732873?boutiqueId=61&merchantId=214103
cocuk:cocuk-oyuncak,349,385,,17.8,12.2,1090212353,701710,1090212353:701710,POLLYTOYS PELÜŞ OYUNCAKTA DÜNYA MARKASI Stitch Peluş Oyuncak 35 cm - Sevimli & Karakter & Yeni,POLLYTOYS PELÜŞ OYUNCAKTA DÜNYA MARKASI,,499,,,InStock,,,,,4.4,,,,"[""Kargo Bedava""]",,listing_only,,https://www.trendyol.com/pollytoys-pelus-oyuncakta-dunya-markasi/stitch-pelus-oyuncak-35-cm-sevimli-karakter-yeni-p-1090212353?boutiqueId=61&merchantId=701710
cocuk:cocuk-oyuncak,480,516,,17.8,12.2,883914728,968,883914728:968,LEGO ® Harry Potter™ Hogwarts™ Şatosu: Tılsım Dersi 76442 - 8+ Çocuklar için Oyuncak Yapım Seti (204P),LEGO,,869.92,,,InStock,,,,,4.8,,,,[],,listing_only,,https://www.trendyol.com/lego/harry-potter-hogwarts-satosu-tilsim-dersi-76442-8-cocuklar-icin-oyuncak-yapim-seti-204p-p-883914728?boutiqueId=690823&merchantId=968
cocuk:cocuk-oyuncak,767,803,,17.8,12.2,52252424,190370,52252424:190370,Brother Toys Büyük Boy Paletli Kepçe Ekskavatör Oyuncak İş Makinesi Makinası 28 Cm.,Brother Toys,,499.9,,,InStock,,,,,4.6,,,,"[""Kargo Bedava""]",,listing_only,,https://www.trendyol.com/brother-toys/buyuk-boy-paletli-kepce-ekskavator-oyuncak-is-makinesi-makinasi-28-cm-p-52252424?boutiqueId=61&merchantId=190370
cocuk:cocuk-kitap,176,989,,17.8,14.4,3288109,616924,3288109:616924,Parıltı Yayıncılık İlköğretim İlk Atlas 310871,Parıltı Yayıncılık,,88,90,,InStock,,,,,4.8,,,,"[""Son 10 Günün En Düşük Fiyatı""]",,listing_only,,https://www.trendyol.com/parilti-yayincilik/ilkogretim-ilk-atlas-310871-p-3288109?boutiqueId=61&merchantId=616924
cocuk:cocuk-oyuncak,113,149,-11,17.7,12.3,801228842,1098495,801228842:1098495,Genel Markalar Pilli Zıplayan Tavşan Oyuncak | Sevimli Peluş Hareketli Tavşan,Genel Markalar,Berione,285,,0,InStock,,,,,4.100346020761246,162,1,335,"[""Kargo Bedava""]",3 saat 49 dakika içinde sipariş verirsen en geç yarın kargoda!,refreshed,0,https://www.trendyol.com/genel-markalar/pilli-ziplayan-tavsan-oyuncak-sevimli-pelus-hareketli-tavsan-p-801228842?boutiqueId=61&merchantId=1098495
cocuk:cocuk-oyuncak,148,184,17,17.7,20.8,1148817352,1230100,1148817352:1230100,PAKİTO Eğlenceli Geometrik Şekiller İpe Boncuk Dizme Oyunu | Renk Eşleştirme Eğitici Motor Beceri Oyuncağı,PAKİTO,LUMO STORE,182.88,199.95,0,InStock,,,,,4.037037037037037,13,1,6,"[""Son 10 Günün En Düşük Fiyatı"",""Kargo Bedava"",""Son 10 günün en düşük fiyatı""]",3 saat 48 dakika içinde sipariş verirsen en geç yarın kargoda!,refreshed,0,https://www.trendyol.com/pakito/eglenceli-geometrik-sekiller-ipe-boncuk-dizme-oyunu-renk-eslestirme-egitici-motor-beceri-oyuncagi-p-1148817352?boutiqueId=61&merchantId=1230100
cocuk:cocuk-oyuncak,320,356,-125,17.7,12.3,852699392,190370,852699392:190370,Brother Toys 1 Adet Akrobat Takla Atan Çılgın Oyuncak Araba Çek Bırak 12 Cm.,Brother Toys,BROTHERTOYS,279.9,,0,InStock,,,,,4.6,160,0,18,[],4 saat 49 dakika içinde sipariş verirsen en geç bugün kargoda!,carried_forward,4,https://www.trendyol.com/brother-toys/1-adet-akrobat-takla-atan-cilgin-oyuncak-araba-cek-birak-12-cm-p-852699392?boutiqueId=61&merchantId=190370
cocuk:cocuk-oyuncak,332,368,-172,17.7,12.3,380084257,357670,380084257:357670,YAHO OYUNCAĞIN DOĞAL HALİ Ahşap Ritim Çubuğu 1 Çift (2 Adet),YAHO OYUNCAĞIN DOĞAL HALİ,Yüce Oyuncak,49.9,,0,InStock,,,,,4.6,163,0,46,[],14 saat 50 dakika içinde sipariş verirsen en geç yarın kargoda!,carried_forward,1,https://www.trendyol.com/yaho-oyuncagin-dogal-hali/ahsap-ritim-cubugu-1-cift-2-adet-p-380084257?boutiqueId=61&merchantId=357670
cocuk:cocuk-oyuncak,451,487,,17.7,12.3,767852599,190370,767852599:190370,Brother Toys Oyuncak Meyve Sebze Kesme Seti Bıçak Tabak Ve Kesme Tahtası 2'li Set 24 Parça,Brother Toys,,399.9,,,InStock,,,,,4.1,,,,"[""Kargo Bedava""]",,listing_only,,https://www.trendyol.com/brother-toys/oyuncak-meyve-sebze-kesme-seti-bicak-tabak-ve-kesme-tahtasi-2-li-set-24-parca-p-767852599?boutiqueId=61&merchantId=190370
cocuk:cocuk-oyuncak,174,210,-21,17.6,12.4,306309106,190370,306309106:190370,Brother Toys 24 Parça Gerçekçi Çiftlik Hayvanları Ve Vahşi Hayvanlar Serisi Birlikte Mini Boy,Brother Toys,BROTHERTOYS,369.9,,0,InStock,,,,,3.9161073825503356,156,0,29,"[""Kargo Bedava""]",3 saat 47 dakika içinde sipariş verirsen en geç yarın kargoda!,refreshed,0,https://www.trendyol.com/brother-toys/24-parca-gercekci-ciftlik-hayvanlari-ve-vahsi-hayvanlar-serisi-birlikte-mini-boy-p-306309106?boutiqueId=61&merchantId=190370
cocuk:cocuk-oyuncak,319,355,,17.6,19.4,1117009275,111781,1117009275:111781,Barbie Deluxe Style Pembe Ceketli Bebek JJN69,Barbie,,761.01,818.29,,InStock,,,,,5,,,,"[""Kargo Bedava""]",,listing_only,,https://www.trendyol.com/barbie/deluxe-style-pembe-ceketli-bebek-jjn69-p-1117009275?boutiqueId=61&merchantId=111781
cocuk:cocuk-oyuncak,534,570,,17.6,12.4,973604431,744768,973604431:744768,Nandy Home Scooterlı Panda Model Karakter Figürü 3D Yapı Oyuncakları,Nandy Home,,135.8,,,InStock,,,,,4.5,,,,[],,listing_only,,https://www.trendyol.com/nandy-home/scooterli-panda-model-karakter-figuru-3d-yapi-oyuncaklari-p-973604431?boutiqueId=61&merchantId=744768
cocuk:cocuk-oyuncak,568,604,,17.6,13.4,1071656862,968,1071656862:968,LEGO ® NINJAGO® Kai’nin Ejderha Robotu Savaş Paketi 71851 - 6+ Oyuncak Yapım Seti (85 Parça),LEGO,,569,575,,InStock,,,,,4.8,,,,"[""Son 10 Günün En Düşük Fiyatı""]",,listing_only,,https://www.trendyol.com/lego/ninjago-kai-nin-ejderha-robotu-savas-paketi-71851-6-oyuncak-yapim-seti-85-parca-p-1071656862?boutiqueId=690823&merchantId=968
cocuk:cocuk-oyuncak,594,630,-353,17.6,12.4,388333370,107786,388333370:107786,Smartfox Oyuncak Matkap Seti - 340 Parça Matkaplı Tamir Seti Ve Oyun Çantası,Smartfox,Wise,749,,0,InStock,,,,,4.5,156,0,31,"[""Kargo Bedava""]",4 saat 50 dakika içinde sipariş verirsen en geç bugün kargoda!,carried_forward,7,https://www.trendyol.com/smartfox/oyuncak-matkap-seti-340-parca-matkapli-tamir-seti-ve-oyun-cantasi-p-388333370?boutiqueId=61&merchantId=107786
cocuk:cocuk-oyuncak,756,792,,17.6,12.4,472970800,962848,472970800:962848,Genel Markalar Elleri Yapışan Oyun Ve Uyku Arkadaşı Peluş Maymun Oyuncak Sarılan Maymun,Genel Markalar,,198.99,,,InStock,,,,,4.2,,,,[],,listing_only,,https://www.trendyol.com/genel-markalar/elleri-yapisan-oyun-ve-uyku-arkadasi-pelus-maymun-oyuncak-sarilan-maymun-p-472970800?boutiqueId=61&merchantId=962848
cocuk:cocuk-oyuncak,248,284,-68,17.5,12.5,739317525,137889,739317525:137889,robokids Montessori Keçe Busy Board – Pembe | 4 Sayfa Eğitim ve Aktivite Çantası,robokids,Robokids,799,,0,InStock,,,,,4.512727272727273,153,0,41,"[""Kargo Bedava""]",Tahmini Teslim:,refreshed,0,https://www.trendyol.com/robokids/montessori-kece-busy-board-pembe-4-sayfa-egitim-ve-aktivite-cantasi-p-739317525?boutiqueId=61&merchantId=137889
cocuk:cocuk-oyuncak,298,334,-123,17.5,15.2,1096233020,919413,1096233020:919413,"miras home 72 Parça Renkli Eğitici Zeka Yapı Blokları, Oyuncak Blok Seti",miras home,TABAŞCOLLECTİON,151.95,156.11,-5.7,InStock,,,,,3.7,70,0,15,"[""Son 10 Günün En Düşük Fiyatı""]",Tahmini Teslim:,carried_forward,23,https://www.trendyol.com/miras-home/72-parca-renkli-egitici-zeka-yapi-bloklari-oyuncak-blok-seti-p-1096233020?boutiqueId=61&merchantId=919413
cocuk:cocuk-oyuncak,326,362,,17.5,12.5,1073249096,968,1073249096:968,LEGO ® Speed Champions Bugatti Vision Gran Turismo Araba 77253 - 9+ Oyuncak Yapım Seti (284 Parça),LEGO,,1250,,,InStock,,,,,4.6,,,,[],,listing_only,,https://www.trendyol.com/lego/speed-champions-bugatti-vision-gran-turismo-araba-77253-9-oyuncak-yapim-seti-284-parca-p-1073249096?boutiqueId=690823&merchantId=968
cocuk:cocuk-oyuncak,662,698,,17.5,12.5,354998444,131798,354998444:131798,Moccotoys Peg Bebek Ve Tabla Eşleştirme 12 Li Insan Figürleri (WALDORF),Moccotoys,,1199,,,InStock,,,,,4.7,,,,"[""Sepette %30 İndirim"",""Kargo Bedava""]",,listing_only,,https://www.trendyol.com/moccotoys/peg-bebek-ve-tabla-eslestirme-12-li-insan-figurleri-waldorf-p-354998444?boutiqueId=61&merchantId=131798
cocuk:cocuk-oyuncak,486,522,,17.4,12.6,936885110,968,936885110:968,LEGO ® Minecraft® Bekçi Karşılaşması 21274 - 7+ Çocuklar için Yaratıcı Oyuncak Yapım seti (238P),LEGO,,754.14,,,InStock,,,,,4.8,,,,[],,listing_only,,https://www.trendyol.com/lego/minecraft-bekci-karsilasmasi-21274-7-cocuklar-icin-yaratici-oyuncak-yapim-seti-238p-p-936885110?boutiqueId=690823&merchantId=968
cocuk:cocuk-oyuncak,637,673,,17.4,12.6,1115527627,239850,1115527627:239850,Empressco Oyuncak Araba Rafı Ahşap Araba Rafı 50 Li (HOTWHELS VE MATCBOX ARABALAR IÇİN UYGUN),Empressco,,289.9,,,InStock,,,,,4,,,,[],,listing_only,,https://www.trendyol.com/empressco/oyuncak-araba-rafi-ahsap-araba-rafi-50-li-hotwhels-ve-matcbox-arabalar-icin-uygun-p-1115527627?boutiqueId=61&merchantId=239850
cocuk:cocuk-oyuncak,676,712,,17.4,12.6,964678235,1144123,964678235:1144123,Flying Tiger Copenhagen Dinozor Kazı Seti,Flying Tiger Copenhagen,,230,,,InStock,,,,,4.5,,,,[],,listing_only,,https://www.trendyol.com/flying-tiger-copenhagen/dinozor-kazi-seti-p-964678235?boutiqueId=61&merchantId=1144123
cocuk:cocuk-oyuncak,759,795,,17.4,12.6,727812607,886854,727812607:886854,Genel Markalar Çocuk Makyaj Çantası Seti Sürülebilir 20 parça,Genel Markalar,,1899,,,InStock,,,,,4.4,,,,"[""Kargo Bedava"",""Son 10 Günün En Düşük Fiyatı""]",,listing_only,,https://www.trendyol.com/genel-markalar/cocuk-makyaj-cantasi-seti-surulebilir-20-parca-p-727812607?boutiqueId=61&merchantId=886854
cocuk:cocuk-oyuncak,90,126,-7,17.3,12.7,922134851,190553,922134851:190553,HOBBY HOUSE Led Ocaklı Ahşap Oyuncak Mutfak Tezgahı - Pembe,HOBBY HOUSE,Hobby House,3499,,,InStock,,,,,4.377880184331797,146,0,38,"[""Kargo Bedava"",""Sepette %2 İndirim"",""75 TL Kupon"",""Trendyol Plus'a Özel""]",3 saat 50 dakika içinde sipariş verirsen en geç yarın kargoda!,refreshed,0,https://www.trendyol.com/hobby-house/led-ocakli-ahsap-oyuncak-mutfak-tezgahi-pembe-p-922134851?boutiqueId=61&merchantId=190553
cocuk:cocuk-oyuncak,107,143,-25,17.3,15.6,1138725153,333110,1138725153:333110,İlkem pazarlama Üfle Balon Yap Köpüklü Üflemeli Baloncuk Yapan Oyuncak 36 Adet,İlkem pazarlama,Atlantik,330,340,0,InStock,,,,,4.126315789473685,62,1,,"[""Son 10 Günün En Düşük Fiyatı"",""Kargo Bedava"",""Son 10 günün en düşük fiyatı""]",Tahmini Teslim:,refreshed,0,https://www.trendyol.com/ilkem-pazarlama/ufle-balon-yap-kopuklu-uflemeli-baloncuk-yapan-oyuncak-36-adet-p-1138725153?boutiqueId=61&merchantId=333110
cocuk:cocuk-oyuncak,182,218,,17.3,14.7,836108089,285992,836108089:285992,LESRAM Sek Sek Oyun Halkası Çocuk Koordinasyon ve Denge Oyunu Bahçe Ev Okul İçin Eğlenceli Aktivite 27 cm,LESRAM,PROTECSUN,195.04,199,,InStock,,,,,4.491329479768786,80,,,"[""Son 10 Günün En Düşük Fiyatı"",""Kargo Bedava"",""Son 10 günün en düşük fiyatı""]",Tahmini Teslim:,refreshed,0,https://www.trendyol.com/lesram/sek-sek-oyun-halkasi-cocuk-koordinasyon-ve-denge-oyunu-bahce-ev-okul-icin-eglenceli-aktivite-27-cm-p-836108089?boutiqueId=61&merchantId=285992
cocuk:cocuk-oyuncak,536,572,-358,17.3,12.7,973601256,744768,973601256:744768,Nandy Home Kulaklıklı Penguen Model Karakter Figürü 3D Yapı Oyuncakları,Nandy Home,Nandy Kids,249.9,,0,InStock,,,,,4.7,143,0,,[],Tahmini Teslim:,carried_forward,3,https://www.trendyol.com/nandy-home/kulaklikli-penguen-model-karakter-figuru-3d-yapi-oyuncaklari-p-973601256?boutiqueId=61&merchantId=744768
cocuk:cocuk-oyuncak,544,580,,17.3,12.7,991298087,641557,991298087:641557,ÖZDEMİR OYUNCAK 13 PARÇADAN OLUŞAN FİLELİ AMBALAJLI BARETLİ MİNİK USTALAR İŞ BAŞINDA OYUNCAK TAMİR OYUN SETİ,ÖZDEMİR OYUNCAK,,324.9,,,InStock,,,,,3.8,,,,"[""3 TL Kupon""]",,listing_only,,https://www.trendyol.com/ozdemir-oyuncak/13-parcadan-olusan-fileli-ambalajli-baretli-minik-ustalar-is-basinda-oyuncak-tamir-oyun-seti-p-991298087?boutiqueId=61&merchantId=641557
cocuk:cocuk-oyuncak,706,742,,17.3,12.7,1137437823,968,1137437823:968,LEGO ® NINJAGO Arin’in Spinjitzu Savaş Robotu 71839 - 7+ için İçeren Oyuncak Yapım Seti (213 Parça),LEGO,,768.32,,,InStock,,,,,4.9,,,,[],,listing_only,,https://www.trendyol.com/lego/ninjago-arin-in-spinjitzu-savas-robotu-71839-7-icin-iceren-oyuncak-yapim-seti-213-parca-p-1137437823?boutiqueId=690823&merchantId=968
cocuk:cocuk-oyuncak,38,74,-11,17.2,22.8,1124627290,590132,1124627290:590132,babysch Doğal Ahşap Geometrik Şekiller,babysch,Babysch,225.11,,0,InStock,,,,,4.261904761904762,44,0,,"[""Sepette %5 İndirim"",""Kargo Bedava""]",Tahmini Teslim:,refreshed,0,https://www.trendyol.com/babysch/dogal-ahsap-geometrik-sekiller-p-1124627290?boutiqueId=61&merchantId=590132
cocuk:cocuk-oyuncak,55,91,-8,17.2,12.8,933194742,107786,933194742:107786,Smartfox Şarj Edilebilir Road Blast Full Fonksiyon Uzaktan Kumandalı Araba Mavi,Smartfox,Wise,547.51,,-5.2,InStock,,,,,3.5303514376996805,142,0,77,"[""Kargo Bedava""]",3 saat 52 dakika içinde sipariş verirsen en geç yarın kargoda!,refreshed,0,https://www.trendyol.com/smartfox/sarj-edilebilir-road-blast-full-fonksiyon-uzaktan-kumandali-araba-mavi-p-933194742?boutiqueId=61&merchantId=107786
cocuk:cocuk-oyuncak,136,172,,17.2,12.8,962313674,1308230,962313674:1308230,TEG Elektronik Peluş Stitch Koala Oyuncak Stich Sürpriz Paket Pelüş Stiç Labubu Askılı 15 cm 1 adet,TEG Elektronik,Lumitoys,190,,,InStock,,,,,3.942652329749104,142,,84,"[""Sepette %30 İndirim"",""Kargo Bedava"",""Son 10 Günün En Düşük Fiyatı"",""Trendyol Plus'a Özel""]",Tahmini Teslim:,refreshed,0,https://www.trendyol.com/teg-elektronik/pelus-stitch-koala-oyuncak-stich-surpriz-paket-pelus-stic-labubu-askili-15-cm-1-adet-p-962313674?boutiqueId=61&merchantId=1308230
cocuk:cocuk-oyuncak,175,211,-130,17.2,12.8,4128299,942703,4128299:942703,Genel Markalar Intex Güreşçi Boksör Hacı Yatmaz Vur Vur Yatırabilirsen Hacı Yatmazı Kim Yatırabilecek,Genel Markalar,Moon Global,568,,,InStock,,,,,3.2816326530612243,140,0,,"[""30 TL Kupon"",""Kargo Bedava"",""Trendyol Plus'a Özel""]",Tahmini Teslim:,refreshed,0,https://www.trendyol.com/genel-markalar/intex-guresci-boksor-haci-yatmaz-vur-vur-yatirabilirsen-haci-yatmazi-kim-yatirabilecek-p-4128299?boutiqueId=61&merchantId=942703
cocuk:cocuk-oyuncak,334,370,-114,17.2,12.8,946310135,931256,946310135:931256,tutobaby Montessori Eğlenceli ve Maceralı Trafik Oyun Seti,tutobaby,TuTobaby,861.79,,2,InStock,,,,,4.8,142,0,25,"[""Kargo Bedava""]",4 saat 50 dakika içinde sipariş verirsen en geç bugün kargoda!,carried_forward,7,https://www.trendyol.com/tutobaby/montessori-eglenceli-ve-macerali-trafik-oyun-seti-p-946310135?boutiqueId=61&merchantId=931256
cocuk:cocuk-oyuncak,370,406,,17.2,12.8,1111433228,1270911,1111433228:1270911,BBSKY Merdiven Çıkan Ördek Oyuncağı Işıklı Müzikli Kaydırak Eğitici Oyuncak 3+ Yaş,BBSKY,,616.48,,,InStock,,,,,4,,,,"[""Kargo Bedava""]",,listing_only,,https://www.trendyol.com/bbsky/merdiven-cikan-ordek-oyuncagi-isikli-muzikli-kaydirak-egitici-oyuncak-3-yas-p-1111433228?boutiqueId=61&merchantId=1270911
cocuk:cocuk-oyuncak,577,613,,17.2,12.8,1053066580,293033,1053066580:293033,"TrendMELO Eğitici Bambu Pipetler Hayal Gücü, Dikkat, El Becerisi, Zeka Geliştirici Çubuklar",TrendMELO,,199.9,,,InStock,,,,,4.3,,,,"[""Son 10 Günün En Düşük Fiyatı""]",,listing_only,,https://www.trendyol.com/trendmelo/egitici-bambu-pipetler-hayal-gucu-dikkat-el-becerisi-zeka-gelistirici-cubuklar-p-1053066580?boutiqueId=61&merchantId=293033
cocuk:cocuk-oyuncak,589,625,-403,17.2,12.8,330000117,131104,330000117:131104,Genel Markalar Toys Ufo Pervane Uçan Fırfır 24 Adetli Yerli Üretim,Genel Markalar,TURKAFONE,251,,26.8,InStock,,,,,3.7950819672131146,139,6,67,"[""Sepette %1 İndirim"",""Kargo Bedava""]",3 saat 43 dakika içinde sipariş verirsen en geç yarın kargoda!,refreshed,0,https://www.trendyol.com/genel-markalar/toys-ufo-pervane-ucan-firfir-24-adetli-yerli-uretim-p-330000117?boutiqueId=61&merchantId=131104
cocuk:cocuk-oyuncak,130,166,-16,17.1,12.9,897428363,897060,897428363:897060,Bee Smart Ahşap Kirpi Bultak Eğitici Oyuncak Öğretici Geliştirici Oyuncak Çocuk Için Hediye,Bee Smart,KidsGross,349,,0,InStock,,,,,4.297491039426523,138,0,,"[""Sepette %2 İndirim"",""Sepette %20 İndirim"",""283,14 TL Kupon"",""Kargo Bedava"",""Trendyol Plus'a Özel""]",Tahmini Teslim:,refreshed,0,https://www.trendyol.com/bee-smart/ahsap-kirpi-bultak-egitici-oyuncak-ogretici-gelistirici-oyuncak-cocuk-icin-hediye-p-897428363?boutiqueId=61&merchantId=897060
cocuk:cocuk-oyuncak,351,387,,17.1,12.9,1110147948,968,1110147948:968,LEGO ® Editions FIFA Dünya Kupası Resmi Kupa 43020 - 12+ Yaş için Oyuncak Yapım Seti (2842 Parça),LEGO,,7699.3,,,InStock,,,,,4.8,,,,[],,listing_only,,https://www.trendyol.com/lego/editions-fifa-dunya-kupasi-resmi-kupa-43020-12-yas-icin-oyuncak-yapim-seti-2842-parca-p-1110147948?boutiqueId=690823&merchantId=968
cocuk:cocuk-oyuncak,376,412,-318,17.1,12.9,866352630,752303,866352630:752303,KİNKU Oyuncak Polis Arabası Pilli Çarptıkça Yön Değiştiren Işıklı Sesli Polis Arabası,KİNKU,KİNKU,199,,0,InStock,,,,,4.3,136,0,45,[],5 saat 53 dakika içinde sipariş verirsen en geç bugün kargoda!,carried_forward,14,https://www.trendyol.com/kinku/oyuncak-polis-arabasi-pilli-carptikca-yon-degistiren-isikli-sesli-polis-arabasi-p-866352630?boutiqueId=61&merchantId=752303
cocuk:cocuk-oyuncak,51,87,7,17,13,1121706036,1270911,1121706036:1270911,"BBSKY 3'lü Hayvan Figürlü Vantuzlu Çocuk Çarkı - Montessori Duyusal ve DIY Modüler Tasarım, BPA Yok",BBSKY,MagX,748.75,,0,InStock,,,,,4.6204081632653065,131,1,,"[""Sepette %20 İndirim"",""150 TL Kupon"",""Kargo Bedava"",""Süper Fırsat Ürünü""]",Tahmini Teslim:,refreshed,0,https://www.trendyol.com/bbsky/3-lu-hayvan-figurlu-vantuzlu-cocuk-carki-montessori-duyusal-ve-diy-moduler-tasarim-bpa-yok-p-1121706036?boutiqueId=61&merchantId=1270911
cocuk:cocuk-oyuncak,187,223,-106,17,13,931349495,413514,931349495:413514,OES HOME 1 Erkek Ve 1 Kız Ahşap Boyama Ahşap Oyuncak Aktivite Karne Hediyesi Yaz Okulu Etkinlik Kreş,OES HOME,GünerDesign,19.8,,0,InStock,,,,,4.670731707317073,133,1,,"[""Kargo Bedava"",""Trendyol Plus'a Özel""]",Tahmini Teslim:,refreshed,0,https://www.trendyol.com/oes-home/1-erkek-ve-1-kiz-ahsap-boyama-ahsap-oyuncak-aktivite-karne-hediyesi-yaz-okulu-etkinlik-kres-p-931349495?boutiqueId=61&merchantId=413514
cocuk:cocuk-oyuncak,263,299,-37,17,13,1110831721,108805,1110831721:108805,Hyd ışıklı Klavye Oyuncak Ses Çıkaran Işıklı Pilli Tuş Takımı Anahtarlık Oyunu,Hyd,Hyd,120.42,,0,InStock,,,,,4.050793650793651,134,2,,"[""Kargo Bedava""]",Tahmini Teslim:,refreshed,0,https://www.trendyol.com/hyd/isikli-klavye-oyuncak-ses-cikaran-isikli-pilli-tus-takimi-anahtarlik-oyunu-p-1110831721?boutiqueId=61&merchantId=108805
cocuk:cocuk-oyuncak,296,332,-109,17,13,792891737,811969,792891737:811969,Oyunsal Pembe Renkli Çantalı 14 Parça Doktor Seti Oyuncak Vakumlu Kutuda,Oyunsal,BamBamToys,346.18,,0,InStock,,,,,3.8,131,0,10,[],14 saat 50 dakika içinde sipariş verirsen en geç yarın kargoda!,carried_forward,1,https://www.trendyol.com/oyunsal/pembe-renkli-cantali-14-parca-doktor-seti-oyuncak-vakumlu-kutuda-p-792891737?boutiqueId=61&merchantId=811969
cocuk:cocuk-oyuncak,687,723,,17,13,727688101,753968,727688101:753968,Genel Markalar Eğitici Oyuncak Aile Çocuk Oyun Blok Ahşap Tahta Denge Oyunu 54 Parça Kule Oyunu,Genel Markalar,,171.99,,,InStock,,,,,4.1,,,,[],,listing_only,,https://www.trendyol.com/genel-markalar/egitici-oyuncak-aile-cocuk-oyun-blok-ahsap-tahta-denge-oyunu-54-parca-kule-oyunu-p-727688101?boutiqueId=61&merchantId=753968
cocuk:cocuk-oyuncak,771,807,,17,13,841780607,905977,841780607:905977,Genel Markalar Ahşap Kelime Türetme Oyunu Ahşap Kelime Türetmece (EBAT: 29 CM X 29 CM),Genel Markalar,,198.96,,,InStock,,,,,4.3,,,,[],,listing_only,,https://www.trendyol.com/genel-markalar/ahsap-kelime-turetme-oyunu-ahsap-kelime-turetmece-ebat-29-cm-x-29-cm-p-841780607?boutiqueId=61&merchantId=905977
cocuk:cocuk-oyuncak,110,146,-36,16.9,13.1,336832122,568779,336832122:568779,TOMBİ-X 300 Parça Eğlenceli Bambu Çubuklar Kutusuz,TOMBİ-X,MİLLENA STORE,178.73,,0,InStock,,,,,4.5019607843137255,128,0,24,"[""Kargo Bedava""]",3 saat 49 dakika içinde sipariş verirsen en geç yarın kargoda!,refreshed,0,https://www.trendyol.com/tombi-x/300-parca-eglenceli-bambu-cubuklar-kutusuz-p-336832122?boutiqueId=61&merchantId=568779
cocuk:cocuk-oyuncak,177,213,-148,16.9,13.1,739317417,137889,739317417:137889,robokids Montessori Keçe Busy Board – Mavi | 4 Sayfa Eğitim ve Aktivite Çantası,robokids,Robokids,799,,0,InStock,,,,,4.52,128,1,,"[""Kargo Bedava""]",Tahmini Teslim:,refreshed,0,https://www.trendyol.com/robokids/montessori-kece-busy-board-mavi-4-sayfa-egitim-ve-aktivite-cantasi-p-739317417?boutiqueId=61&merchantId=137889
cocuk:cocuk-oyuncak,193,229,-62,16.9,13.1,898822019,1086468,898822019:1086468,Fisher Price DİYTOY Mıknatıslı Manyetik Hayvanlar Çiftlik / Magnet Puzzle +3 yaş,Fisher Price,Göztepe Toys,160,,,InStock,,,,,4.159863945578231,128,0,26,"[""Kargo Bedava""]",3 saat 46 dakika içinde sipariş verirsen en geç yarın kargoda!,refreshed,0,https://www.trendyol.com/fisher-price/diytoy-miknatisli-manyetik-hayvanlar-ciftlik-magnet-puzzle-3-yas-p-898822019?boutiqueId=61&merchantId=1086468
cocuk:cocuk-oyuncak,309,345,-94,16.9,13.1,959513335,457643,959513335:457643,TBA COLLECTION Kız Tavşan Uyku Arkadaşı | Line Series - Coral,TBA COLLECTION,TBA COLLECTION,409,,0,InStock,,,,,4.8,129,0,25,"[""Kargo Bedava""]",Tahmini Teslim:,carried_forward,4,https://www.trendyol.com/tba-collection/kiz-tavsan-uyku-arkadasi-line-series-coral-p-959513335?boutiqueId=61&merchantId=457643
cocuk:cocuk-kitap,93,906,,16.9,13.1,1083923060,113171,1083923060:113171,Çocuk Akademi Mutluluk Yarışı,Çocuk Akademi,,73.38,,,InStock,,,,,4.7,,,,[],,listing_only,,https://www.trendyol.com/cocuk-akademi/mutluluk-yarisi-p-1083923060?boutiqueId=61&merchantId=113171
cocuk:cocuk-oyuncak,91,127,-20,16.8,13.2,988493414,109032,988493414:109032,balody Fanuslu Çiçek Serisi – Hibiskus Yapı Bloğu Seti (543 Parça),balody,Touchie Co.,649,,0,InStock,,,,,4.776173285198556,126,0,,"[""Kargo Bedava""]",Tahmini Teslim:,refreshed,0,https://www.trendyol.com/balody/fanuslu-cicek-serisi-hibiskus-yapi-blogu-seti-543-parca-p-988493414?boutiqueId=61&merchantId=109032
cocuk:cocuk-oyuncak,713,749,,16.8,23.2,820767452,1030071,820767452:1030071,Mythos Cards MYTHOS THE ULTIMATE FOOTBALL KUTU,Mythos Cards,,25.06,27.84,,InStock,,,,,4.7,,,,"[""Sepette %10 İndirim""]",,listing_only,,https://www.trendyol.com/mythos-cards/mythos-the-ultimate-football-kutu-p-820767452?boutiqueId=61&merchantId=1030071
cocuk:cocuk-oyuncak,751,787,,16.8,13.2,936885112,968,936885112:968,LEGO ® Friends Panda Barınağı Hayvan Bakımı 42648 - 7+ Çocuklar için Yaratıcı Oyuncak Yapım Seti (243P),LEGO,,1280.74,,,InStock,,,,,4.8,,,,[],,listing_only,,https://www.trendyol.com/lego/friends-panda-barinagi-hayvan-bakimi-42648-7-cocuklar-icin-yaratici-oyuncak-yapim-seti-243p-p-936885112?boutiqueId=690823&merchantId=968
cocuk:cocuk-oyuncak,62,98,-27,16.7,13.3,1078840935,885057,1078840935:885057,TUMU LIFE Çocuklar Için Atlama Zıplama Oyuncağı Boy Uzatıcı Eğitici Fiziksel Ve Zihinsel Geliştirici Spor Oyun,TUMU LIFE,Aygoren Home,199.9,,0,InStock,,,,,4.215753424657534,121,1,86,"[""Sepette %3 İndirim"",""Sepette %25 İndirim"",""199 TL Kupon"",""Kargo Bedava"",""Son 10 Günün En Düşük Fiyatı""]",Tahmini Teslim:,refreshed,0,https://www.trendyol.com/tumu-life/cocuklar-icin-atlama-ziplama-oyuncagi-boy-uzatici-egitici-fiziksel-ve-zihinsel-gelistirici-spor-oyun-p-1078840935?boutiqueId=61&merchantId=885057
cocuk:cocuk-oyuncak,89,125,96,16.7,13.3,955417921,1142113,955417921:1142113,ankahometoys Kaplumbağa Top Yutma Oyunu Çocuk Eğlenceli Oyun Denge Top Tutma Oyunu Basmalı Eğitici Oyuncak,ankahometoys,Fast Story,199,,0,InStock,,,,,4.470319634703197,121,2,22,"[""Kargo Bedava""]",Tahmini Teslim:,refreshed,0,https://www.trendyol.com/ankahometoys/kaplumbaga-top-yutma-oyunu-cocuk-eglenceli-oyun-denge-top-tutma-oyunu-basmali-egitici-oyuncak-p-955417921?boutiqueId=61&merchantId=1142113
cocuk:cocuk-oyuncak,295,331,-110,16.7,13.3,1071656945,968,1071656945:968,LEGO ® Speed Champions Geleceğe Dönüş’ten Zaman Makinesi 77256 - 9+ Oyuncak Yapım Seti (357 Parça),LEGO,DoluVitrin,1089,,,InStock,,,,,4.9,120,0,,[],Tahmini Teslim:,carried_forward,3,https://www.trendyol.com/lego/speed-champions-gelecege-donus-ten-zaman-makinesi-77256-9-oyuncak-yapim-seti-357-parca-p-1071656945?boutiqueId=690823&merchantId=968
cocuk:cocuk-oyuncak,385,421,,16.7,13.3,374640286,357670,374640286:357670,YAHO OYUNCAĞIN DOĞAL HALİ Ahşap Mini Çocuk Merdanesi (1 Adet) 15 cm,YAHO OYUNCAĞIN DOĞAL HALİ,,49.9,,,InStock,,,,,4,,,,[],,listing_only,,https://www.trendyol.com/yaho-oyuncagin-dogal-hali/ahsap-mini-cocuk-merdanesi-1-adet-15-cm-p-374640286?boutiqueId=61&merchantId=357670
cocuk:cocuk-oyuncak,393,429,,16.7,13.3,1089465425,744768,1089465425:744768,Nandy Home Ayçiçek Model Karakter Figürü 3D Yapı Oyuncakları,Nandy Home,,146.02,,,InStock,,,,,4.4,,,,[],,listing_only,,https://www.trendyol.com/nandy-home/aycicek-model-karakter-figuru-3d-yapi-oyuncaklari-p-1089465425?boutiqueId=61&merchantId=744768
cocuk:cocuk-oyuncak,403,439,,16.7,15.9,1154388172,1122866,1154388172:1122866,PRO Toys Harekete duyarlı Işık/LED Üç kademe Ayarlanabilir ve Katlanabilir Frenli PRO Çocuk Scooter,PRO Toys,PRO Toys,1174.73,1205.55,-5.1,InStock,,,,,4.8,,,22,"[""Kargo Bedava"",""Son 10 Günün En Düşük Fiyatı""]",Tahmini Teslim:,carried_forward,31,https://www.trendyol.com/pro-toys/harekete-duyarli-isik-led-uc-kademe-ayarlanabilir-ve-katlanabilir-frenli-pro-cocuk-scooter-p-1154388172?boutiqueId=61&merchantId=1122866
cocuk:cocuk-oyuncak,461,497,,16.7,13.3,818353775,1131663,818353775:1131663,edoy Montessori Eğitici Oyun - Rubik Türkçe Bulmaca Oyunu - Harfleri Tanımak için Eğlenceli Çözüm,edoy,,549.9,,,InStock,,,,,4.8,,,,"[""Sepette %10 İndirim"",""10 TL Kupon"",""Kargo Bedava""]",,listing_only,,https://www.trendyol.com/edoy/montessori-egitici-oyun-rubik-turkce-bulmaca-oyunu-harfleri-tanimak-icin-eglenceli-cozum-p-818353775?boutiqueId=61&merchantId=1131663
cocuk:cocuk-oyuncak,741,777,,16.6,13.4,924169224,763697,924169224:763697,HOT WHEELS Oyuncak Yarış Motorsikleti karışık renk 28 cm,HOT WHEELS,,199.9,,,InStock,,,,,3.8,,,,[],,listing_only,,https://www.trendyol.com/hot-wheels/oyuncak-yaris-motorsikleti-karisik-renk-28-cm-p-924169224?boutiqueId=61&merchantId=763697
cocuk:cocuk-oyuncak,142,178,-19,16.5,13.5,849635679,231173,849635679:231173,"metafortoys Ahşap Duygu Çarkı Oyuncağı, Montessori Duygu Tablosu",metafortoys,metafortoys,199,,0,InStock,,,,,4.128755364806867,113,0,20,"[""Kargo Bedava""]",Tahmini Teslim:,refreshed,0,https://www.trendyol.com/metafortoys/ahsap-duygu-carki-oyuncagi-montessori-duygu-tablosu-p-849635679?boutiqueId=61&merchantId=231173
cocuk:cocuk-oyuncak,180,216,-9,16.5,23.8,1124302030,1230100,1124302030:1230100,PAKİTO Anahtar Yapboz 240 Parça | Renkli Birleştirmeli Yapı-Şekil Oyuncağı Puzzle Eğitici Blok Seti (Saklama Kaplı),PAKİTO,LUMO STORE,179.4,199.95,0,InStock,,,,,4.9,5,0,,"[""Son 10 Günün En Düşük Fiyatı"",""Kargo Bedava"",""Son 10 günün en düşük fiyatı""]",Tahmini Teslim:,refreshed,0,https://www.trendyol.com/pakito/anahtar-yapboz-240-parca-renkli-birlestirmeli-yapi-sekil-oyuncagi-puzzle-egitici-blok-seti-saklama-kapli-p-1124302030?boutiqueId=61&merchantId=1230100
cocuk:cocuk-oyuncak,186,222,-32,16.5,13.5,881277736,968,881277736:968,LEGO ® Disney “Yukarı Bak” Evi 43217 - 9+ Yaratıcı Oyuncak Yapım Seti (598P),LEGO,Trendyol,2908.6,,-1.3,InStock,,,,,4.558441558441558,114,1,1,[],Tahmini Teslim:,refreshed,0,https://www.trendyol.com/lego/disney-yukari-bak-evi-43217-9-yaratici-oyuncak-yapim-seti-598p-p-881277736?boutiqueId=690823&merchantId=968
cocuk:cocuk-oyuncak,203,239,-114,16.5,13.5,455535737,1324258,455535737:1324258,u-toys Ördek Oyuncak,u-toys,Kristalstore,402.3,,,InStock,,,,,3.7247706422018347,113,1,74,"[""Kargo Bedava""]",Tahmini Teslim:,refreshed,0,https://www.trendyol.com/u-toys/ordek-oyuncak-p-455535737?boutiqueId=61&merchantId=1324258
cocuk:cocuk-oyuncak,401,437,,16.5,13.5,1071656870,968,1071656870:968,LEGO ® Creator 3’ü 1 Arada Sevimli Hamster ile Çiçek 31376 – 7+ Oyuncak Yapım Seti (116 Parça),LEGO,,479,,,InStock,,,,,4.7,,,,[],,listing_only,,https://www.trendyol.com/lego/creator-3-u-1-arada-sevimli-hamster-ile-cicek-31376-7-oyuncak-yapim-seti-116-parca-p-1071656870?boutiqueId=690823&merchantId=968
cocuk:cocuk-oyuncak,405,441,-219,16.5,13.5,1124472651,1151159,1124472651:1151159,"dekan toys Oyuncaklı Gölgelikli Bebek Botu, Bebek Simidi, Güneşten Koruyucu, Mavi",dekan toys,DEKAN OYUNCAK,721.03,,0,InStock,,,,,3.9,114,0,,"[""Kargo Bedava""]",Tahmini Teslim:,carried_forward,3,https://www.trendyol.com/dekan-toys/oyuncakli-golgelikli-bebek-botu-bebek-simidi-gunesten-koruyucu-mavi-p-1124472651?boutiqueId=61&merchantId=1151159
cocuk:cocuk-oyuncak,574,610,,16.5,13.5,758713802,513753,758713802:513753,Genel Markalar Smile Games Çılgın Timsah Dişçide Çocuk Kutu Oyunu,Genel Markalar,,312,,,InStock,,,,,4.1,,,,[],,listing_only,,https://www.trendyol.com/genel-markalar/smile-games-cilgin-timsah-discide-cocuk-kutu-oyunu-p-758713802?boutiqueId=61&merchantId=513753
cocuk:cocuk-oyuncak,591,627,,16.5,13.5,851325625,579157,851325625:579157,"Trendy Toys Eğitici Ahşap Çizgi Çalışmaları,Sayı ve Şekiller Ip Geçirme El Kası Geliştirme",Trendy Toys,,485.84,,,InStock,,,,,4.5,,,,"[""Kargo Bedava""]",,listing_only,,https://www.trendyol.com/trendy-toys/egitici-ahsap-cizgi-calismalari-sayi-ve-sekiller-ip-gecirme-el-kasi-gelistirme-p-851325625?boutiqueId=61&merchantId=579157
cocuk:cocuk-oyuncak,592,628,,16.5,24.4,1177389866,464137,1177389866:464137,"Pandamkee Koşan Peluş İnek - Yumuşacık Peluş, Eğlenceli Hareket Özelliği ile Türkiye'de İlk!",Pandamkee,,1232,1382,,InStock,,,,,4,,,,"[""Kargo Bedava""]",,listing_only,,https://www.trendyol.com/pandamkee/kosan-pelus-inek-yumusacik-pelus-eglenceli-hareket-ozelligi-ile-turkiye-de-ilk-p-1177389866?boutiqueId=61&merchantId=464137
cocuk:cocuk-oyuncak,635,671,-416,16.5,13.5,883914782,968,883914782:968,LEGO ® NINJAGO Zane’in Savaş Zırhı Mech’i 71827 - 6+ Çocuklar için Oyuncak Yapım Seti (92 Parça),LEGO,Trendyol,404.14,,,InStock,,,,,4.645833333333333,116,,,"[""Son 10 Günün En Düşük Fiyatı""]",Tahmini Teslim:,refreshed,0,https://www.trendyol.com/lego/ninjago-zane-in-savas-zirhi-mech-i-71827-6-cocuklar-icin-oyuncak-yapim-seti-92-parca-p-883914782?boutiqueId=690823&merchantId=968
cocuk:cocuk-oyuncak,773,809,,16.5,13.5,1062431574,807625,1062431574:807625,Boratila Toys Metal 2.4Ghz 30 Metre Çekim Mesafeli Işıklı Sesli Full Fonksiyon Kepçe,Boratila Toys,,2589,,,InStock,,,,,4.7,,,,"[""Kargo Bedava""]",,listing_only,,https://www.trendyol.com/boratila-toys/metal-2-4ghz-30-metre-cekim-mesafeli-isikli-sesli-full-fonksiyon-kepce-p-1062431574?boutiqueId=61&merchantId=807625
cocuk:cocuk-oyuncak,93,129,-9,16.4,13.6,1111434080,1270911,1111434080:1270911,BBSKY Merdiven Çıkan Ördek Oyuncağı Işıklı Müzikli Kaydıraklı Eğitici Çocuk Oyuncağı Okul Öncesi Gelişim 3+ Yaş Yeşil,BBSKY,MagX,740.36,,12.3,InStock,,,,,4.471590909090909,111,0,,"[""Kargo Bedava""]",Tahmini Teslim:,refreshed,0,https://www.trendyol.com/bbsky/merdiven-cikan-ordek-oyuncagi-isikli-muzikli-kaydirakli-egitici-cocuk-oyuncagi-okul-oncesi-gelisim-3-yas-yesil-p-1111434080?boutiqueId=61&merchantId=1270911
cocuk:cocuk-oyuncak,383,419,,16.4,20.6,781003384,337300,781003384:337300,"Toysan TOY-23 Toysan, 3'Lü Speed Racer Metal Araba Seti",Toysan,,137.39,147.73,,InStock,,,,,3.8,,,,[],,listing_only,,https://www.trendyol.com/toysan/toy-23-toysan-3-lu-speed-racer-metal-araba-seti-p-781003384?boutiqueId=61&merchantId=337300
cocuk:cocuk-oyuncak,409,445,,16.4,17.4,920891145,340718,920891145:340718,Genel Markalar Boncuk Mıknatıs 216 Adet 5 mm Mıknatıslı Magnet Neo Cube 6 Renkli Hobi Seti,Genel Markalar,,589,612,,InStock,,,,,4.6,,,,"[""Kargo Bedava"",""Son 10 Günün En Düşük Fiyatı""]",,listing_only,,https://www.trendyol.com/genel-markalar/boncuk-miknatis-216-adet-5-mm-miknatisli-magnet-neo-cube-6-renkli-hobi-seti-p-920891145?boutiqueId=61&merchantId=340718
cocuk:cocuk-oyuncak,535,571,,16.4,13.6,938837297,968,938837297:968,LEGO ® Looney Tunes Sevgili Kuş Tweety 40824 - 12+ Yaratıcı Oyuncak Yapım Seti (412 Parça),LEGO,,1349,,,InStock,,,,,4.7,,,,[],,listing_only,,https://www.trendyol.com/lego/looney-tunes-sevgili-kus-tweety-40824-12-yaratici-oyuncak-yapim-seti-412-parca-p-938837297?boutiqueId=690823&merchantId=968
cocuk:cocuk-oyuncak,224,260,,16.3,15,1126327527,947235,1126327527:947235,M&H Kar Tanesi Eğitici Molekül Stem Eğitimi Uyumlu 5 Renk 120 Parça Eğitici Oyuncak,M&H,Kangamom,147,149,,InStock,,,,,4.48936170212766,74,,7,"[""Son 10 Günün En Düşük Fiyatı"",""Kargo Bedava"",""Son 10 günün en düşük fiyatı""]",3 saat 45 dakika içinde sipariş verirsen en geç yarın kargoda!,refreshed,0,https://www.trendyol.com/m-h/kar-tanesi-egitici-molekul-stem-egitimi-uyumlu-5-renk-120-parca-egitici-oyuncak-p-1126327527?boutiqueId=61&merchantId=947235
cocuk:cocuk-kitap,151,964,,16.3,13.7,1120415912,815748,1120415912:815748,minkino 3 Yaş Etkinlik Seti | 4 Kitap Tek Fiyata,minkino,,255.08,,,InStock,,,,,4.3,,,,[],,listing_only,,https://www.trendyol.com/minkino/3-yas-etkinlik-seti-4-kitap-tek-fiyata-p-1120415912?boutiqueId=61&merchantId=815748
cocuk:cocuk-oyuncak,419,455,-312,16.2,16.8,846884031,116274,846884031:116274,oruçoyuncak Eğitici Esnek Sök Tak Tırtıl 20 cm Bultak 2'Li Set,oruçoyuncak,fırsatoyuncak,193.03,199,0,InStock,,,,,4.5,44,0,9,"[""Sepette %3 İndirim""]",1 saat 52 dakika içinde sipariş verirsen en geç bugün kargoda!,carried_forward,19,https://www.trendyol.com/orucoyuncak/egitici-esnek-sok-tak-tirtil-20-cm-bultak-2-li-set-p-846884031?boutiqueId=61&merchantId=116274
cocuk:cocuk-oyuncak,511,547,,16.2,13.8,1073249094,968,1073249094:968,LEGO ® NINJAGO® Karakteri Sergileme Modeli 15. Yıl Dönümü 71866 - 14+ Oyuncak Yapım Seti (447 Parça),LEGO,,1869.21,,,InStock,,,,,4.8,,,,[],,listing_only,,https://www.trendyol.com/lego/ninjago-karakteri-sergileme-modeli-15-yil-donumu-71866-14-oyuncak-yapim-seti-447-parca-p-1073249094?boutiqueId=690823&merchantId=968
cocuk:cocuk-oyuncak,728,764,,16.2,20.8,1165422217,971829,1165422217:971829,Joyfer 161 Parça Civciv Model Karakter Figürü 3D Yapı Oyuncakları Mikro Blok Hayvan Koleksiyonu Serisi,Joyfer,,161.52,173.68,,InStock,,,,,4.6,,,,[],,listing_only,,https://www.trendyol.com/joyfer/161-parca-civciv-model-karakter-figuru-3d-yapi-oyuncaklari-mikro-blok-hayvan-koleksiyonu-serisi-p-1165422217?boutiqueId=61&merchantId=971829
cocuk:cocuk-oyuncak,682,718,-516,16.1,13.9,973604479,744768,973604479:744768,Nandy Home Gözlüklü Civciv Model Karakter Figürü 3D Yapı Oyuncakları,Nandy Home,Nandy Kids,249.9,,82.9,InStock,,,,,4.712,103,4,,"[""Kargo Bedava"",""Trendyol Plus'a Özel""]",Tahmini Teslim:,refreshed,0,https://www.trendyol.com/nandy-home/gozluklu-civciv-model-karakter-figuru-3d-yapi-oyuncaklari-p-973604479?boutiqueId=61&merchantId=744768
cocuk:cocuk-kitap,54,867,,16.1,13.9,1158276423,126620,1158276423:126620,yükselen zeka Agumino - Bebeğime İlk Hediyem (Anne ve Bebek Günlüğü),yükselen zeka,,382.92,,,InStock,,,,,4.9,,,,"[""Kargo Bedava""]",,listing_only,,https://www.trendyol.com/yukselen-zeka/agumino-bebegime-ilk-hediyem-anne-ve-bebek-gunlugu-p-1158276423?boutiqueId=61&merchantId=126620
cocuk:cocuk-kitap,152,965,,16.1,13.9,1176182867,616924,1176182867:616924,Timaş Yayınları Çok Şık Hayaller,Timaş Yayınları,,149.9,,,InStock,,,,,4.9,,,,[],,listing_only,,https://www.trendyol.com/timas-yayinlari/cok-sik-hayaller-p-1176182867?boutiqueId=61&merchantId=616924
cocuk:cocuk-oyuncak,178,214,-45,16,14,973794505,744768,973794505:744768,Nandy Home Sarı Çiçek Model Karakter Figürü 3D Yapı Oyuncakları,Nandy Home,Nandy Kids,131.94,,-5,InStock,,,,,4.563025210084033,98,0,,"[""Kargo Bedava""]",Tahmini Teslim:,refreshed,0,https://www.trendyol.com/nandy-home/sari-cicek-model-karakter-figuru-3d-yapi-oyuncaklari-p-973794505?boutiqueId=61&merchantId=744768
cocuk:cocuk-oyuncak,337,373,-121,16,14,896641290,137889,896641290:137889,robokids Montessori Balık Tutma Oyunu – 22 Parça Sünger Balıkçı Seti,robokids,Robokids,819,,0,InStock,,,,,4.7,98,0,31,"[""Kargo Bedava""]",14 saat 49 dakika içinde sipariş verirsen en geç yarın kargoda!,carried_forward,6,https://www.trendyol.com/robokids/montessori-balik-tutma-oyunu-22-parca-sunger-balikci-seti-p-896641290?boutiqueId=61&merchantId=137889
cocuk:cocuk-oyuncak,411,447,,16,14,6673444,392,6673444:392,MGS OYUNCAK Eğitici Oyuncak Smartland Aktivite Masası,MGS OYUNCAK,,855.99,,,InStock,,,,,4.2,,,,"[""Kargo Bedava""]",,listing_only,,https://www.trendyol.com/mgs-oyuncak/egitici-oyuncak-smartland-aktivite-masasi-p-6673444?boutiqueId=61&merchantId=392
cocuk:cocuk-oyuncak,428,464,-336,16,15,472969643,116499,472969643:116499,Genel Markalar Elleri Yapışan Oyun Ve Uyku Arkadaşı Peluş Maymun Oyuncak Sarılan Maymun,Genel Markalar,ads Street,178.19,179.99,11.4,InStock,,,,,4.1,,,106,"[""Sepette %1 İndirim""]",6 saat 51 dakika içinde sipariş verirsen en geç bugün kargoda!,carried_forward,18,https://www.trendyol.com/genel-markalar/elleri-yapisan-oyun-ve-uyku-arkadasi-pelus-maymun-oyuncak-sarilan-maymun-p-472969643?boutiqueId=61&merchantId=116499
cocuk:cocuk-oyuncak,743,779,,16,14,936885138,968,936885138:968,LEGO ® City Acil Hava Ambulans Uçağı 60465 - 6+ Çocuklar için Yaratıcı Oyuncak Yapım Seti (403P),LEGO,,1931.7,,,InStock,,,,,4.9,,,,[],,listing_only,,https://www.trendyol.com/lego/city-acil-hava-ambulans-ucagi-60465-6-cocuklar-icin-yaratici-oyuncak-yapim-seti-403p-p-936885138?boutiqueId=690823&merchantId=968
cocuk:cocuk-oyuncak,279,315,,15.9,14.1,922706627,787418,922706627:787418,Genel Markalar 💚 Creeper Temalı Infinity Cube – Sonsuz Döngü Küpü,Genel Markalar,,44,,,InStock,,,,,4.5,,,,[],,listing_only,,https://www.trendyol.com/genel-markalar/creeper-temali-infinity-cube-sonsuz-dongu-kupu-p-922706627?boutiqueId=61&merchantId=787418
cocuk:cocuk-oyuncak,342,378,,15.9,14.1,855154994,788392,855154994:788392,Hombak Zıpzıp Çocuklar Için Atlama Zıplama Oyuncağı Boy Uzatıcı Eğitici Fiziksel Ve Zihinsel Geliştirici,Hombak,,199.99,,,InStock,,,,,4.4,,,,[],,listing_only,,https://www.trendyol.com/hombak/zipzip-cocuklar-icin-atlama-ziplama-oyuncagi-boy-uzatici-egitici-fiziksel-ve-zihinsel-gelistirici-p-855154994?boutiqueId=61&merchantId=788392
cocuk:cocuk-oyuncak,698,734,,15.9,14.1,963643651,1144123,963643651:1144123,Flying Tiger Copenhagen Ülke Bayraklı Hafıza Oyunu,Flying Tiger Copenhagen,,280,,,InStock,,,,,3.9,,,,[],,listing_only,,https://www.trendyol.com/flying-tiger-copenhagen/ulke-bayrakli-hafiza-oyunu-p-963643651?boutiqueId=61&merchantId=1144123
cocuk:cocuk-kitap,175,988,,15.9,14.1,1035263066,113171,1035263066:113171,Çocuk Akademi ROBO YEMEK SEÇİYOR,Çocuk Akademi,,90,,,InStock,,,,,4.7,,,,[],,listing_only,,https://www.trendyol.com/cocuk-akademi/robo-yemek-seciyor-p-1035263066?boutiqueId=61&merchantId=113171
cocuk:cocuk-oyuncak,360,396,-127,15.8,14.2,899648398,288437,899648398:288437,WOODROFFE Avokado Peluş Uyku Arkadaşı Yastık - Kalpli Avakado Peluş Oyuncak Yastık Hediyelik - 2 li Set,WOODROFFE,VAGON TOYS,299,,0,InStock,,,,,4.3,94,0,40,[],2 saat 50 dakika içinde sipariş verirsen en geç bugün kargoda!,carried_forward,7,https://www.trendyol.com/woodroffe/avokado-pelus-uyku-arkadasi-yastik-kalpli-avakado-pelus-oyuncak-yastik-hediyelik-2-li-set-p-899648398?boutiqueId=61&merchantId=288437
cocuk:cocuk-oyuncak,525,561,,15.8,14.2,936885089,968,936885089:968,LEGO ® Bluey: Bluey ve Chloe ile OyunParkı Eğlencesi 11201 - 4+ Çocuklar için Oyuncak Yapım Seti (104P),LEGO,,824.99,,,InStock,,,,,4.6,,,,[],,listing_only,,https://www.trendyol.com/lego/bluey-bluey-ve-chloe-ile-oyunparki-eglencesi-11201-4-cocuklar-icin-oyuncak-yapim-seti-104p-p-936885089?boutiqueId=690823&merchantId=968
cocuk:cocuk-kitap,95,908,,15.8,14.2,1155557350,616924,1155557350:616924,Timaş Çocuk Müdürün Uçan Peruğu,Timaş Çocuk,,149.9,,,InStock,,,,,4.8,,,,[],,listing_only,,https://www.trendyol.com/timas-cocuk/mudurun-ucan-perugu-p-1155557350?boutiqueId=61&merchantId=616924
cocuk:cocuk-oyuncak,576,612,,15.7,14.3,994387000,586215,994387000:586215,"Self Power Başlangıç Dikiş Seti - 6 Adet El Yapımı , Keçe Malzeme, Kolay ve Eğlenceli El İşi",Self Power,,299.99,,,InStock,,,,,4.9,,,,"[""Sepette %1 İndirim"",""20 TL Kupon""]",,listing_only,,https://www.trendyol.com/self-power/baslangic-dikis-seti-6-adet-el-yapimi-kece-malzeme-kolay-ve-eglenceli-el-isi-p-994387000?boutiqueId=61&merchantId=586215
cocuk:cocuk-oyuncak,626,662,,15.7,19.3,1146478837,1120673,1146478837:1120673,HOT WHEELS 1/64 Ferrari SF90 Stradale SİYAH h case yeni,HOT WHEELS,,527.25,555,,InStock,,,,,4.3,,,,"[""Sepette %5 İndirim"",""Kargo Bedava""]",,listing_only,,https://www.trendyol.com/hot-wheels/1-64-ferrari-sf90-stradale-siyah-h-case-yeni-p-1146478837?boutiqueId=61&merchantId=1120673
cocuk:cocuk-oyuncak,731,767,,15.7,14.3,123597316,675436,123597316:675436,Birlik Oyuncak Eğitici Laptop - Pembe - Türkçe Ingilizce Melek Laptop,Birlik,,1139,,,InStock,,,,,4.1,,,,"[""60 TL Kupon"",""Kargo Bedava""]",,listing_only,,https://www.trendyol.com/birlik/oyuncak-egitici-laptop-pembe-turkce-ingilizce-melek-laptop-p-123597316?boutiqueId=61&merchantId=675436
cocuk:cocuk-kitap,97,910,,15.7,14.3,1082554019,113171,1082554019:113171,Çocuk Akademi Duygular,Çocuk Akademi,,156.55,,,InStock,,,,,4.5,,,,[],,listing_only,,https://www.trendyol.com/cocuk-akademi/duygular-p-1082554019?boutiqueId=61&merchantId=113171
cocuk:cocuk-oyuncak,221,257,-54,15.6,14.4,773643167,668887,773643167:668887,dekan toys Dön Dolaş Ördek Oyunu Işıklı Müzikli Ördek Oyunu Merdivenden Çıkıp Kaydıraktan Kayan Yavru Ördekler Small Duck Kaydıraklı Ördek Oyunu,dekan toys,DEKAN OYUNCAK,490,,0,InStock,,,,,3.8734939759036147,89,1,,"[""Kargo Bedava""]",Tahmini Teslim:,refreshed,0,https://www.trendyol.com/dekan-toys/don-dolas-ordek-oyunu-isikli-muzikli-ordek-oyunu-merdivenden-cikip-kaydiraktan-kayan-yavru-ordekler-small-duck-kaydirakli-ordek-oyunu-p-773643167?boutiqueId=61&merchantId=668887
cocuk:cocuk-oyuncak,437,473,,15.6,14.4,1088727995,744768,1088727995:744768,Nandy Home Sarı Saksılı Kaktüs Model Karakter Figürü 3D Yapı Oyuncakları,Nandy Home,,132.93,,,InStock,,,,,4.2,,,,[],,listing_only,,https://www.trendyol.com/nandy-home/sari-saksili-kaktus-model-karakter-figuru-3d-yapi-oyuncaklari-p-1088727995?boutiqueId=61&merchantId=744768
cocuk:cocuk-oyuncak,553,589,,15.6,14.4,798611970,137889,798611970:137889,robokids Montessori Zürafa Keçe Eğitim Kitabı | Busy Book Aktivite Oyuncağı,robokids,,1070,,,InStock,,,,,4.8,,,,"[""Kargo Bedava""]",,listing_only,,https://www.trendyol.com/robokids/montessori-zurafa-kece-egitim-kitabi-busy-book-aktivite-oyuncagi-p-798611970?boutiqueId=61&merchantId=137889
cocuk:cocuk-oyuncak,571,607,-498,15.6,14.4,1146806329,668887,1146806329:668887,"dekan toys Şişme Gölgelikli Simit, Oturaklı Gölgelikli Simit Deniz Simidi 0-3 yaş Oyuncaklı",dekan toys,DEKAN OYUNCAK,800,,0,InStock,,,,,3.857142857142857,88,6,101,"[""Kargo Bedava""]",Tahmini Teslim:,refreshed,0,https://www.trendyol.com/dekan-toys/sisme-golgelikli-simit-oturakli-golgelikli-simit-deniz-simidi-0-3-yas-oyuncakli-p-1146806329?boutiqueId=61&merchantId=668887
cocuk:cocuk-oyuncak,657,693,,15.6,14.4,376292319,120869,376292319:120869,Buradadavar Hobi Ahşap Ihlamur Boyalı Mutfak Montessori Oyuncak Set Ekonomik Seri,Buradadavar Hobi Ahşap,,1508.7,,,InStock,,,,,3.9,,,,"[""75 TL Kupon"",""Kargo Bedava""]",,listing_only,,https://www.trendyol.com/buradadavar-hobi-ahsap/ihlamur-boyali-mutfak-montessori-oyuncak-set-ekonomik-seri-p-376292319?boutiqueId=61&merchantId=120869
cocuk:cocuk-oyuncak,769,805,,15.6,14.4,31085229,363821,31085229:363821,PİLSAN Pilsan Happy İlk Adım Aktiviteli Müzikli Yürüteç ERK8693461022593,PİLSAN,,1890,,,InStock,,,,,4.2,,,,"[""Kargo Bedava""]",,listing_only,,https://www.trendyol.com/pilsan/pilsan-happy-ilk-adim-aktiviteli-muzikli-yurutec-erk8693461022593-p-31085229?boutiqueId=61&merchantId=363821
cocuk:cocuk-oyuncak,699,735,,15.5,14.5,1104774107,744768,1104774107:744768,Nandy Home 3ü 1 Arada Penguen Model Karakter Figürü 3D Yapı Oyuncakları,Nandy Home,,149.9,,,InStock,,,,,4.4,,,,[],,listing_only,,https://www.trendyol.com/nandy-home/3u-1-arada-penguen-model-karakter-figuru-3d-yapi-oyuncaklari-p-1104774107?boutiqueId=61&merchantId=744768
cocuk:cocuk-oyuncak,104,140,-17,15.4,14.6,1149737010,1230100,1149737010:1230100,PAKİTO Minecraft Manyetik Küp Bloklar 108 Parça | Temalı Yapı Seti 3 Boyutlu Renkli Mıknatıslı | Eğitici Zeka Geliştirici Oyuncak,PAKİTO,LUMO STORE,1390,,0,InStock,,,,,4.298013245033113,84,0,,"[""Kargo Bedava""]",Tahmini Teslim:,refreshed,0,https://www.trendyol.com/pakito/minecraft-manyetik-kup-bloklar-108-parca-temali-yapi-seti-3-boyutlu-renkli-miknatisli-egitici-zeka-gelistirici-oyuncak-p-1149737010?boutiqueId=61&merchantId=1230100
cocuk:cocuk-oyuncak,141,177,-65,15.4,14.6,1110294736,758938,1110294736:758938,Genel Markalar Nefes alan Stitch uyku arkadaşı peluş sevimli stitch,Genel Markalar,HaLVeY Kozmetik,795,,,InStock,,,,,4.020833333333333,82,1,132,"[""Kargo Bedava""]",Tahmini Teslim:,refreshed,0,https://www.trendyol.com/genel-markalar/nefes-alan-stitch-uyku-arkadasi-pelus-sevimli-stitch-p-1110294736?boutiqueId=61&merchantId=758938
cocuk:cocuk-oyuncak,390,426,-286,15.4,14.6,43837806,119768,43837806:119768,Genel Markalar Plaj Havlu Mandalı - Şezlong Mandalı - Mandal Xl 4 Adet,Genel Markalar,PANJİ EV GEREÇLERİ,122.9,,-5.5,InStock,,,,,4.4,84,0,32,[],14 saat 52 dakika içinde sipariş verirsen en geç yarın kargoda!,carried_forward,6,https://www.trendyol.com/genel-markalar/plaj-havlu-mandali-sezlong-mandali-mandal-xl-4-adet-p-43837806?boutiqueId=61&merchantId=119768
cocuk:cocuk-oyuncak,716,752,-506,15.4,14.6,970575344,1149044,970575344:1149044,Uniqlion Pilli Dikey Oyuncak Süpürge,Uniqlion,Uniqlion,799.99,,14.3,InStock,,,,,3.2342857142857144,84,1,,"[""Kargo Bedava""]",Tahmini Teslim:,refreshed,0,https://www.trendyol.com/uniqlion/pilli-dikey-oyuncak-supurge-p-970575344?boutiqueId=61&merchantId=1149044
cocuk:cocuk-oyuncak,717,753,,15.4,14.6,656155507,190370,656155507:190370,"Brother Toys Özel 12'li Mini Böcek Seti Uğurböceği, Kelebek, Akrep, Arı, Örümcek, Çekirge, Peygamber Devesi",Brother Toys,,299.9,,,InStock,,,,,4.5,,,,[],,listing_only,,https://www.trendyol.com/brother-toys/ozel-12-li-mini-bocek-seti-ugurbocegi-kelebek-akrep-ari-orumcek-cekirge-peygamber-devesi-p-656155507?boutiqueId=61&merchantId=190370
cocuk:cocuk-oyuncak,159,195,23,15.3,14.7,863421988,184960,863421988:184960,toysnet Eğitici Esnek Sök Tak Tırtıl 20 cm + Bultak 14 Parça 2'Li Set,toysnet,Kuzey Oyuncak,165.69,,-16.7,InStock,,,,,4.530864197530864,81,1,15,"[""Kargo Bedava""]",3 saat 48 dakika içinde sipariş verirsen en geç yarın kargoda!,refreshed,0,https://www.trendyol.com/toysnet/egitici-esnek-sok-tak-tirtil-20-cm-bultak-14-parca-2-li-set-p-863421988?boutiqueId=61&merchantId=184960
cocuk:cocuk-oyuncak,404,440,,15.3,15.7,1094682256,331141,1094682256:331141,a v d a Çantalı Oyuncak Tamir Seti - Eğitici El Becerisi Geliştirici Sök Tak Vidalama Alet Çantası,a v d a,,434.61,439,,InStock,,,,,4.3,,,,"[""Sepette %1 İndirim"",""Kargo Bedava""]",,listing_only,,https://www.trendyol.com/a-v-d-a/cantali-oyuncak-tamir-seti-egitici-el-becerisi-gelistirici-sok-tak-vidalama-alet-cantasi-p-1094682256?boutiqueId=61&merchantId=331141
cocuk:cocuk-kitap,158,971,,15.3,15.7,1099825414,134388,1099825414:134388,Yuva Yayınları Boyama Kitabı 10 kitap ( 10 KİTAP 160 SAYFA ) A4 Boy,Yuva Yayınları,,162.24,163.88,,InStock,,,,,4.7,,,,"[""Sepette %1 İndirim""]",,listing_only,,https://www.trendyol.com/yuva-yayinlari/boyama-kitabi-10-kitap-10-kitap-160-sayfa-a4-boy-p-1099825414?boutiqueId=61&merchantId=134388
cocuk:cocuk-oyuncak,42,78,-21,15.2,18.8,1016793037,919413,1016793037:919413,Genel Markalar 120 parça renkli eğitici zeka yapı blokları oyuncak blok seti,Genel Markalar,TABAŞCOLLECTİON,201.73,,0,InStock,,,,,3.3870967741935485,78,0,23,"[""Kargo Bedava""]",Tahmini Teslim:,refreshed,0,https://www.trendyol.com/genel-markalar/120-parca-renkli-egitici-zeka-yapi-bloklari-oyuncak-blok-seti-p-1016793037?boutiqueId=61&merchantId=919413
cocuk:cocuk-oyuncak,116,152,57,15.2,14.8,1093740221,119177,1093740221:119177,Tıfıl Toys Zürafa Peluş Oyuncak Oyun Arkadaşım Yastık 100 Cm Kahverengi,Tıfıl Toys,Tıfıl Toys,839.9,,51.6,InStock,,,,,4.6951219512195115,79,6,,"[""Kargo Bedava""]",3 saat 49 dakika içinde sipariş verirsen en geç yarın kargoda!,refreshed,0,https://www.trendyol.com/tifil-toys/zurafa-pelus-oyuncak-oyun-arkadasim-yastik-100-cm-kahverengi-p-1093740221?boutiqueId=61&merchantId=119177
cocuk:cocuk-oyuncak,194,230,,15.2,14.8,1162855760,886742,1162855760:886742,Breez Mini Beyaz Gürültü Makinesi | Pışpışlı Ninnili | Radyasyon Içermeyen Uyku Arkadaşı,Breez,Breez,1690,,,InStock,,,,,4.915254237288136,78,,,"[""150 TL Kupon"",""Kargo Bedava"",""50 TL Kupon"",""Trendyol Plus'a Özel""]",Tahmini Teslim:,refreshed,0,https://www.trendyol.com/breez/mini-beyaz-gurultu-makinesi-pispisli-ninnili-radyasyon-icermeyen-uyku-arkadasi-p-1162855760?boutiqueId=61&merchantId=886742
cocuk:cocuk-oyuncak,528,564,-275,15.2,14.8,1154388136,1122866,1154388136:1122866,PRO Toys Harekete duyarlı Işık/LED Üç kademe Ayarlanabilir ve Katlanabilir Frenli PRO Çocuk Scooter,PRO Toys,PRO Toys,1220,,0.1,InStock,,,,,4.8,79,0,92,"[""Kargo Bedava""]",1 saat 49 dakika içinde sipariş verirsen en geç bugün kargoda!,carried_forward,7,https://www.trendyol.com/pro-toys/harekete-duyarli-isik-led-uc-kademe-ayarlanabilir-ve-katlanabilir-frenli-pro-cocuk-scooter-p-1154388136?boutiqueId=61&merchantId=1122866
cocuk:cocuk-oyuncak,564,600,,15.2,14.8,1109325889,968,1109325889:968,LEGO LEGO® Technic Sarı Motosiklet 42225 - 7+ Building Set for – 7+ (151),LEGO,,399,,,InStock,,,,,4.8,,,,[],,listing_only,,https://www.trendyol.com/lego/lego-technic-sari-motosiklet-42225-7-building-set-for-7-151-p-1109325889?boutiqueId=690823&merchantId=968
cocuk:cocuk-kitap,113,926,,15.2,14.8,1083418217,113171,1083418217:113171,Çocuk Akademi Merhaba Dünya,Çocuk Akademi,,174.23,,,InStock,,,,,4.7,,,,[],,listing_only,,https://www.trendyol.com/cocuk-akademi/merhaba-dunya-p-1083418217?boutiqueId=61&merchantId=113171
cocuk:cocuk-oyuncak,125,161,-27,15.1,15.9,1140839920,947235,1140839920:947235,M&H 2'li Oyun Seti Buz Krallığı ve Frogg Denge Oyunu - Eğitici ve Öğretici Oyun Seti,M&H,Kangamom,197,199,0,InStock,,,,,4.109243697478991,57,0,12,"[""Son 10 Günün En Düşük Fiyatı"",""Kargo Bedava"",""Son 10 günün en düşük fiyatı""]",Tahmini Teslim:,refreshed,0,https://www.trendyol.com/m-h/2-li-oyun-seti-buz-kralligi-ve-frogg-denge-oyunu-egitici-ve-ogretici-oyun-seti-p-1140839920?boutiqueId=61&merchantId=947235
cocuk:cocuk-oyuncak,169,205,-30,15.1,14.9,43304618,397045,43304618:397045,Genel Markalar Havuz Ve Deniz Makarnası,Genel Markalar,jetlegelsin,74.99,,0,InStock,,,,,4.273885350318471,77,0,69,"[""Kargo Bedava""]",Tahmini Teslim:,refreshed,0,https://www.trendyol.com/genel-markalar/havuz-ve-deniz-makarnasi-p-43304618?boutiqueId=61&merchantId=397045
cocuk:cocuk-oyuncak,251,287,,15.1,14.9,166330204,809684,166330204:809684,Genel Markalar Süt Dişi Kutusu / Süt Dişi Kolyesi / Diş Kolyesi 5 Adet (farklı Renkler),Genel Markalar,kardentaldiş,47.23,,,InStock,,,,,4.511450381679389,77,,,"[""Sepette %10 İndirim"",""Kargo Bedava""]",Tahmini Teslim:,refreshed,0,https://www.trendyol.com/genel-markalar/sut-disi-kutusu-sut-disi-kolyesi-dis-kolyesi-5-adet-farkli-renkler-p-166330204?boutiqueId=61&merchantId=809684
cocuk:cocuk-oyuncak,502,538,-434,15.1,14.9,1156645756,1138729,1156645756:1138729,aydogdushopping Nefes alan stitch uyku arkadaşı stitch peluş sevimli stitch (Pilli Gönderilmektedir),aydogdushopping,Aydoğdu shopping,652.48,,-5.3,InStock,,,,,3.5,,,55,"[""Kargo Bedava""]",14 saat 52 dakika içinde sipariş verirsen en geç yarın kargoda!,carried_forward,22,https://www.trendyol.com/aydogdushopping/nefes-alan-stitch-uyku-arkadasi-stitch-pelus-sevimli-stitch-pilli-gonderilmektedir-p-1156645756?boutiqueId=61&merchantId=1138729
cocuk:cocuk-oyuncak,549,585,-333,15.1,14.9,852827898,505863,852827898:505863,UĞURDAN Sukuşi Sık Bırak Sevimli Fare Stres Oyuncağı 1 Adet,UĞURDAN,UĞURDAN,199.9,,0,InStock,,,,,3.6,77,0,18,[],14 saat 50 dakika içinde sipariş verirsen en geç yarın kargoda!,carried_forward,8,https://www.trendyol.com/ugurdan/sukusi-sik-birak-sevimli-fare-stres-oyuncagi-1-adet-p-852827898?boutiqueId=61&merchantId=505863
cocuk:cocuk-oyuncak,600,636,,15.1,16.9,793869257,143468,793869257:143468,YILDIRIM OYUNCAK 25 cm Tost Makinesi ve Pizza Aksesuarlı 2'li Set Evcilik Mutfak Seti Aksesuarlı 27 Parça,YILDIRIM OYUNCAK,,733.03,747.99,,InStock,,,,,4.7,,,,"[""Sepette %2 İndirim"",""Kargo Bedava""]",,listing_only,,https://www.trendyol.com/yildirim-oyuncak/25-cm-tost-makinesi-ve-pizza-aksesuarli-2-li-set-evcilik-mutfak-seti-aksesuarli-27-parca-p-793869257?boutiqueId=61&merchantId=143468
cocuk:cocuk-oyuncak,666,702,,15.1,14.9,991960987,137889,991960987:137889,robokids Montessori Keçe Busy Book – Mor Deniz Kızı | 8’i 1 Arada Aktivite Çantası,robokids,,829,,,InStock,,,,,4.5,,,,"[""Kargo Bedava""]",,listing_only,,https://www.trendyol.com/robokids/montessori-kece-busy-book-mor-deniz-kizi-8-i-1-arada-aktivite-cantasi-p-991960987?boutiqueId=61&merchantId=137889
cocuk:cocuk-oyuncak,720,756,,15.1,14.9,248106275,190370,248106275:190370,Toysan Yarış Arabaları 5 Li Set,Toysan,,329.9,,,InStock,,,,,3.8,,,,[],,listing_only,,https://www.trendyol.com/toysan/yaris-arabalari-5-li-set-p-248106275?boutiqueId=61&merchantId=190370
cocuk:cocuk-oyuncak,170,206,-89,15,15,829322333,214103,829322333:214103,"Hopiers Montessori Renkli Ahşap Abaküs / 12 Ay / Eğitici, Öğretici Ve Güvenli Çocuk Oyuncağı",Hopiers,Hopiers,310.49,,0,InStock,,,,,4.385714285714286,74,0,,"[""Sepette %2 İndirim"",""Kargo Bedava"",""Trendyol Plus'a Özel""]",Tahmini Teslim:,refreshed,0,https://www.trendyol.com/hopiers/montessori-renkli-ahsap-abakus-12-ay-egitici-ogretici-ve-guvenli-cocuk-oyuncagi-p-829322333?boutiqueId=61&merchantId=214103
cocuk:cocuk-oyuncak,421,457,-341,15,15,991031314,819535,991031314:819535,Pufu Toys Dinozor Peluş Yastık Oyuncak Yeşil (1 METRE),Pufu Toys,PufuToys,899.9,,31.5,InStock,,,,,4.8,73,0,28,"[""Kargo Bedava""]",14 saat 51 dakika içinde sipariş verirsen en geç yarın kargoda!,carried_forward,22,https://www.trendyol.com/pufu-toys/dinozor-pelus-yastik-oyuncak-yesil-1-metre-p-991031314?boutiqueId=61&merchantId=819535
cocuk:cocuk-oyuncak,481,517,-297,15,15,672426529,108129,672426529:108129,Dolu Unicorn Ayaklı Makyaj Masası Ve Sandalye Seti,Dolu,OVA MAGAZALARI,1850,,0,InStock,,,,,4.4,73,0,30,"[""Kargo Bedava""]",14 saat 50 dakika içinde sipariş verirsen en geç yarın kargoda!,carried_forward,6,https://www.trendyol.com/dolu/unicorn-ayakli-makyaj-masasi-ve-sandalye-seti-p-672426529?boutiqueId=61&merchantId=108129
cocuk:cocuk-oyuncak,584,620,,15,15,1154388133,1122866,1154388133:1122866,PRO Toys Harekete duyarlı Işık/LED Üç kademe Ayarlanabilir ve Katlanabilir Frenli PRO Çocuk Scooter,PRO Toys,,1208,,,InStock,,,,,4.9,,,,"[""Kargo Bedava""]",,listing_only,,https://www.trendyol.com/pro-toys/harekete-duyarli-isik-led-uc-kademe-ayarlanabilir-ve-katlanabilir-frenli-pro-cocuk-scooter-p-1154388133?boutiqueId=61&merchantId=1122866
cocuk:cocuk-oyuncak,754,790,-534,15,15,1088710797,744768,1088710797:744768,Nandy Home Tilki Model Karakter Figürü 3D Yapı Oyuncakları,Nandy Home,Nandy Kids,249.9,,0,InStock,,,,,4.572222222222222,75,3,,"[""Kargo Bedava"",""Trendyol Plus'a Özel""]",3 saat 42 dakika içinde sipariş verirsen en geç yarın kargoda!,refreshed,0,https://www.trendyol.com/nandy-home/tilki-model-karakter-figuru-3d-yapi-oyuncaklari-p-1088710797?boutiqueId=61&merchantId=744768
cocuk:cocuk-oyuncak,228,264,-48,14.9,15.1,1081274133,126620,1081274133:126620,yükselen zeka Keçemino Etkinlik Halısı - Deniz Dünyası,yükselen zeka,YÜKSELEN ZEKA,479,,0,InStock,,,,,4.629411764705883,71,1,15,"[""Sepette %25 İndirim"",""Kargo Bedava"",""Süper Fırsat Ürünü""]",Tahmini Teslim:,refreshed,0,https://www.trendyol.com/yukselen-zeka/kecemino-etkinlik-halisi-deniz-dunyasi-p-1081274133?boutiqueId=61&merchantId=126620
cocuk:cocuk-oyuncak,289,325,-133,14.9,15.1,1158621099,1027595,1158621099:1027595,KİDOSE Çocuklar İçin Punch Dikiş Etkinlik Seti | Tavşan Panda Kaplan Kurbağa Civciv,KİDOSE,KiDoSe,349.9,,0,InStock,,,,,4.7,72,0,13,"[""Son 10 Günün En Düşük Fiyatı""]",Tahmini Teslim:,carried_forward,23,https://www.trendyol.com/kidose/cocuklar-icin-punch-dikis-etkinlik-seti-tavsan-panda-kaplan-kurbaga-civciv-p-1158621099?boutiqueId=61&merchantId=1027595
cocuk:cocuk-oyuncak,327,363,-99,14.9,15.1,862616341,288437,862616341:288437,WOODROFFE Katil Civciv Peluş Yastık Hediyelik Sevimli Peluş Oyuncak Yastık,WOODROFFE,VAGON TOYS,169,,0,InStock,,,,,4.4,72,0,11,[],2 saat 48 dakika içinde sipariş verirsen en geç bugün kargoda!,carried_forward,4,https://www.trendyol.com/woodroffe/katil-civciv-pelus-yastik-hediyelik-sevimli-pelus-oyuncak-yastik-p-862616341?boutiqueId=61&merchantId=288437
cocuk:cocuk-oyuncak,358,394,,14.9,15.1,815007065,231173,815007065:231173,metafortoys Ahşap Yaz Sil Tahtası Alfabe Sayılar,metafortoys,,199,,,InStock,,,,,4.6,,,,[],,listing_only,,https://www.trendyol.com/metafortoys/ahsap-yaz-sil-tahtasi-alfabe-sayilar-p-815007065?boutiqueId=61&merchantId=231173
cocuk:cocuk-oyuncak,596,632,,14.9,15.1,929533404,190370,929533404:190370,Brother Toys 29 Parçalı Terazili Sesli Işıklı Hesap Makineli Barkod Okuyuculu Yazar Kasa Market Yazarkasa Pos,Brother Toys,,999.9,,,InStock,,,,,4.6,,,,"[""Kargo Bedava""]",,listing_only,,https://www.trendyol.com/brother-toys/29-parcali-terazili-sesli-isikli-hesap-makineli-barkod-okuyuculu-yazar-kasa-market-yazarkasa-pos-p-929533404?boutiqueId=61&merchantId=190370
cocuk:cocuk-kitap,90,903,,14.9,15.1,1128007159,616924,1128007159:616924,Timaş Çocuk Dünyayı Okuyan Çocuk,Timaş Çocuk,,121.75,,,InStock,,,,,4.8,,,,[],,listing_only,,https://www.trendyol.com/timas-cocuk/dunyayi-okuyan-cocuk-p-1128007159?boutiqueId=61&merchantId=616924
cocuk:cocuk-oyuncak,307,343,-183,14.8,15.2,1165761655,376724,1165761655:376724,mucciden Pufix Dökülmeyen Baloncuk Oyuncağı | Sızdırmaz Baloncuk Şişesi | Çocuk Baloncuk Oyuncağı | Meyve Figürlü,mucciden,Miniko Kids,134.88,,7,InStock,,,,,3.5,70,0,40,[],14 saat 51 dakika içinde sipariş verirsen en geç yarın kargoda!,carried_forward,4,https://www.trendyol.com/mucciden/pufix-dokulmeyen-baloncuk-oyuncagi-sizdirmaz-baloncuk-sisesi-cocuk-baloncuk-oyuncagi-meyve-figurlu-p-1165761655?boutiqueId=61&merchantId=376724
cocuk:cocuk-oyuncak,510,546,,14.8,15.2,1090339808,756582,1090339808:756582,"Erbek DEV Puzzle City 3D Yapı Ve Tasarım Blokları 264 Parça Eğitici, Zeka Geliştirici Oyuncak",Erbek,,349.9,,,InStock,,,,,3.9,,,,[],,listing_only,,https://www.trendyol.com/erbek/dev-puzzle-city-3d-yapi-ve-tasarim-bloklari-264-parca-egitici-zeka-gelistirici-oyuncak-p-1090339808?boutiqueId=61&merchantId=756582
cocuk:cocuk-oyuncak,546,582,,14.8,15.2,938102879,108805,938102879:108805,Hyd Eğitici Oyuncak 200 Parça Boru Dizme Geçirme Renk Beceri Yapı Blokları Oyunu,Hyd,,129.8,,,InStock,,,,,4.1,,,,[],,listing_only,,https://www.trendyol.com/hyd/egitici-oyuncak-200-parca-boru-dizme-gecirme-renk-beceri-yapi-bloklari-oyunu-p-938102879?boutiqueId=61&merchantId=108805
cocuk:cocuk-oyuncak,618,654,,14.8,15.2,905607191,104968,905607191:104968,Kiki 3lü Set Sevimli Kule Oyunu - Bultak Küp - Renkli Altıgen Halkalar Eğitici Oyuncak,Kiki,,484.99,,,InStock,,,,,4.6,,,,"[""Kargo Bedava""]",,listing_only,,https://www.trendyol.com/kiki/3lu-set-sevimli-kule-oyunu-bultak-kup-renkli-altigen-halkalar-egitici-oyuncak-p-905607191?boutiqueId=61&merchantId=104968
cocuk:cocuk-oyuncak,216,252,-106,14.6,15.4,98934955,752303,98934955:752303,Pufu Toys Sevimli Yüz Değiştiren Ahtapot,Pufu Toys,KİNKU,169,,0,InStock,,,,,4.120300751879699,65,2,,"[""Kargo Bedava""]",Tahmini Teslim:,refreshed,0,https://www.trendyol.com/pufu-toys/sevimli-yuz-degistiren-ahtapot-p-98934955?boutiqueId=61&merchantId=752303
cocuk:cocuk-oyuncak,475,511,,14.6,15.4,49879130,293033,49879130:293033,Limon Oyuncak Çilek Desenli Sürülebilir Çocuk Makyaj Seti,Limon Oyuncak,,163.9,,,InStock,,,,,4.1,,,,[],,listing_only,,https://www.trendyol.com/limon-oyuncak/cilek-desenli-surulebilir-cocuk-makyaj-seti-p-49879130?boutiqueId=61&merchantId=293033
cocuk:cocuk-oyuncak,518,554,,14.6,15.4,1041549502,931256,1041549502:931256,tutobaby Montessori Çıngıraklı Fil Araba Oyuncağı (Yumuşak Silikon Tekerlekli),tutobaby,,346,,,InStock,,,,,4.9,,,,[],,listing_only,,https://www.trendyol.com/tutobaby/montessori-cingirakli-fil-araba-oyuncagi-yumusak-silikon-tekerlekli-p-1041549502?boutiqueId=61&merchantId=931256
cocuk:cocuk-oyuncak,565,601,,14.6,21.4,1147076745,968,1147076745:968,LEGO ® Friends Yaratıcı Çiçek Dükkanı 42693 - 7 Yaş ve Üzeri için Oyuncak Yapım Seti (377 Parça),LEGO,,1290,1372.1,,InStock,,,,,4.5,,,,"[""Son 10 Günün En Düşük Fiyatı""]",,listing_only,,https://www.trendyol.com/lego/friends-yaratici-cicek-dukkani-42693-7-yas-ve-uzeri-icin-oyuncak-yapim-seti-377-parca-p-1147076745?boutiqueId=690823&merchantId=968
cocuk:cocuk-oyuncak,595,631,,14.6,16.4,897801073,331141,897801073:331141,a v d a Pembe Çantalı Diş Doktoru Seti Eğitici Dişçi Doktor Çantası Seti,a v d a,,376.1,379.9,,InStock,,,,,4.4,,,,"[""Sepette %1 İndirim"",""Kargo Bedava""]",,listing_only,,https://www.trendyol.com/a-v-d-a/pembe-cantali-dis-doktoru-seti-egitici-disci-doktor-cantasi-seti-p-897801073?boutiqueId=61&merchantId=331141
cocuk:cocuk-oyuncak,740,776,,14.5,15.5,1042487257,1099729,1042487257:1099729,Eta3d Mini Trafik İşaretleri ve Dubalar Seti | Trafik Eğitimi ve Oyuncak Araba Seti Aksesuarı,Eta3d,,199.99,,,InStock,,,,,4.1,,,,[],,listing_only,,https://www.trendyol.com/eta3d/mini-trafik-isaretleri-ve-dubalar-seti-trafik-egitimi-ve-oyuncak-araba-seti-aksesuari-p-1042487257?boutiqueId=61&merchantId=1099729
cocuk:cocuk-oyuncak,157,193,-9,14.4,15.6,1071656852,968,1071656852:968,LEGO ® Botanicals Papatyalar 11508 - 9+ Yaratıcı Oyuncak Yapım Seti (133 Parça),LEGO,Trendyol,611.55,,-24.7,InStock,,,,,4.6565656565656575,62,1,,[],Tahmini Teslim:,refreshed,0,https://www.trendyol.com/lego/botanicals-papatyalar-11508-9-yaratici-oyuncak-yapim-seti-133-parca-p-1071656852?boutiqueId=690823&merchantId=968
cocuk:cocuk-oyuncak,333,369,,14.3,15.7,1144002302,1242305,1144002302:1242305,Genel Markalar Needoh Nice Cube Sensory Squishy Stres Oyuncağı – Süper Yumuşak Kare Squish Oyuncak,Genel Markalar,,330,,,InStock,,,,,2.6,,,,[],,listing_only,,https://www.trendyol.com/genel-markalar/needoh-nice-cube-sensory-squishy-stres-oyuncagi-super-yumusak-kare-squish-oyuncak-p-1144002302?boutiqueId=61&merchantId=1242305
cocuk:cocuk-oyuncak,335,371,-123,14.3,15.7,1089461375,744768,1089461375:744768,Nandy Home Şakayık Çiçek Model Karakter Figürü 3D Yapı Oyuncakları,Nandy Home,Nandy Kids,249.9,,0,InStock,,,,,4.3,60,0,11,[],5 saat 50 dakika içinde sipariş verirsen en geç bugün kargoda!,carried_forward,6,https://www.trendyol.com/nandy-home/sakayik-cicek-model-karakter-figuru-3d-yapi-oyuncaklari-p-1089461375?boutiqueId=61&merchantId=744768
cocuk:cocuk-kitap,155,968,,14.3,15.7,1083421198,113171,1083421198:113171,Çocuk Akademi Endişeli Panduf ve Sokak Arkadaşları,Çocuk Akademi,,67.12,,,InStock,,,,,4.8,,,,[],,listing_only,,https://www.trendyol.com/cocuk-akademi/endiseli-panduf-ve-sokak-arkadaslari-p-1083421198?boutiqueId=61&merchantId=113171
cocuk:cocuk-oyuncak,57,93,-13,14.2,15.8,1039875682,1127325,1039875682:1127325,Circle Toys Kıvrılabilen Renkli Tırtıl - Stres Giderici ve Motor Gelişimi Destekleyen Eğitici Oyuncak,Circle Toys,Circle Toys,237.88,,0,InStock,,,,,4.658823529411764,58,1,,"[""Sepette %20 İndirim"",""Kargo Bedava""]",3 saat 52 dakika içinde sipariş verirsen en geç yarın kargoda!,refreshed,0,https://www.trendyol.com/circle-toys/kivrilabilen-renkli-tirtil-stres-giderici-ve-motor-gelisimi-destekleyen-egitici-oyuncak-p-1039875682?boutiqueId=61&merchantId=1127325
cocuk:cocuk-oyuncak,86,122,13,14.2,15.8,1088703783,744768,1088703783:744768,Nandy Home Civciv Model Karakter Figürü 3D Yapı Oyuncakları,Nandy Home,Nandy Kids,149.9,,0.7,InStock,,,,,4.705521472392638,58,1,,"[""Kargo Bedava"",""Trendyol Plus'a Özel""]",Tahmini Teslim:,refreshed,0,https://www.trendyol.com/nandy-home/civciv-model-karakter-figuru-3d-yapi-oyuncaklari-p-1088703783?boutiqueId=61&merchantId=744768
cocuk:cocuk-oyuncak,120,156,12,14.2,15.8,1176552963,1078313,1176552963:1078313,Minolio LED Işıklı Çizim ve Boyama Tahtası Stant ve 6 Adet Kalem Hediyeli 20X20,Minolio,Minolio,568,,0,InStock,,,,,3.9220779220779223,59,1,,"[""Kargo Bedava""]",Tahmini Teslim:,refreshed,0,https://www.trendyol.com/minolio/led-isikli-cizim-ve-boyama-tahtasi-stant-ve-6-adet-kalem-hediyeli-20x20-p-1176552963?boutiqueId=61&merchantId=1078313
cocuk:cocuk-oyuncak,379,415,,14.2,15.8,1116134549,673595,1116134549:673595,"HAPPENS Piksel Kodlama Oyunu 402 Parça | STEM Eğitici Oyuncak | 5+ Yaş | Zeka, Dikkat ve Yaratıcılık Geliştirir",HAPPENS,,367.09,,,InStock,,,,,4.3,,,,"[""Kargo Bedava""]",,listing_only,,https://www.trendyol.com/happens/piksel-kodlama-oyunu-402-parca-stem-egitici-oyuncak-5-yas-zeka-dikkat-ve-yaraticilik-gelistirir-p-1116134549?boutiqueId=61&merchantId=673595
cocuk:cocuk-oyuncak,579,615,-485,14.2,15.8,1150103627,600595,1150103627:600595,Miro Toys Zürafa Figürlü Tutacaklı Oturaklı Çocuk Deniz Simidi,Miro Toys,ads Street,349,,4.2,InStock,,,,,3.9705882352941178,59,19,48,"[""Kargo Bedava"",""Trendyol Plus'a Özel""]",Tahmini Teslim:,refreshed,0,https://www.trendyol.com/miro-toys/zurafa-figurlu-tutacakli-oturakli-cocuk-deniz-simidi-p-1150103627?boutiqueId=61&merchantId=600595
cocuk:cocuk-oyuncak,201,237,-18,14.1,15.9,980923188,928650,980923188:928650,OGTWO 3 Dönem Bir Arada Bebeğimin İlk Zeka Kartları 0-12 Ay Yenidoğan Geliştirici Eğitici Kart Set - Flash Kartları Siyah Beyaz Kırmızı ve Renkli 3 Dönem İçin - Çift Taraflı Özel Görsel Eğitici Gelişim Seti,OGTWO,OGTWO,523.4,,0,InStock,,,,,4.801587301587301,57,0,,"[""15 TL Kupon"",""Süper Fırsat Ürünü"",""Kargo Bedava""]",Tahmini Teslim:,refreshed,0,https://www.trendyol.com/ogtwo/3-donem-bir-arada-bebegimin-ilk-zeka-kartlari-0-12-ay-yenidogan-gelistirici-egitici-kart-set-flash-kartlari-siyah-beyaz-kirmizi-ve-renkli-3-donem-icin-cift-tarafli-ozel-gorsel-egitici-gelisim-seti-p-980923188?boutiqueId=61&merchantId=928650
cocuk:cocuk-oyuncak,509,545,-348,14.1,15.9,830148942,472994,830148942:472994,LEGO Harry Potter Uçan Ford Anglia 76424 - 7 Yaş ve Üzeri Harry Potter Hayranları için Harry Po,LEGO,Toyzz Shop,764,,,InStock,,,,,4.9,57,0,8,"[""Kargo Bedava""]",Tahmini Teslim:,carried_forward,4,https://www.trendyol.com/lego/harry-potter-ucan-ford-anglia-76424-7-yas-ve-uzeri-harry-potter-hayranlari-icin-harry-po-p-830148942?boutiqueId=61&merchantId=472994
cocuk:cocuk-oyuncak,714,750,,14.1,15.9,925969990,210306,925969990:210306,MİNİPOİ Okul Öncesi Sabah & Gece Rutini Tablosu (Cırt Cırtlı) (KIZ GÖRSEL),MİNİPOİ,,402.67,,,InStock,,,,,4.5,,,,"[""20 TL Kupon"",""Kargo Bedava"",""Son 10 Günün En Düşük Fiyatı""]",,listing_only,,https://www.trendyol.com/minipoi/okul-oncesi-sabah-gece-rutini-tablosu-cirt-cirtli-kiz-gorsel-p-925969990?boutiqueId=61&merchantId=210306
cocuk:cocuk-oyuncak,218,254,-71,14,16,1071656941,968,1071656941:968,LEGO ® Speed Champions | Şimşek McQueen 77255 – 9+ Yaratıcı Oyuncak Yapım Seti (270 Parça),LEGO,Trendyol,1149,,-0.9,InStock,,,,,4.7514792899408285,56,2,5,"[""Peşin Fiyatına 3 Taksit""]",3 saat 45 dakika içinde sipariş verirsen en geç yarın kargoda!,refreshed,0,https://www.trendyol.com/lego/speed-champions-simsek-mcqueen-77255-9-yaratici-oyuncak-yapim-seti-270-parca-p-1071656941?boutiqueId=690823&merchantId=968
cocuk:cocuk-oyuncak,306,342,-170,14,16,93347149,1302250,93347149:1302250,Monopoly (emlak Ticaret Oyunu),Monopoly,HNStore,1199,,,InStock,,,,,4.1,55,0,30,"[""Kargo Bedava"",""Son 10 Günün En Düşük Fiyatı""]",14 saat 51 dakika içinde sipariş verirsen en geç yarın kargoda!,carried_forward,6,https://www.trendyol.com/monopoly/emlak-ticaret-oyunu-p-93347149?boutiqueId=61&merchantId=1302250
cocuk:cocuk-oyuncak,43,79,-19,13.9,19.6,1163432426,752303,1163432426:752303,KİNKU Oyuncak Dokunmatik Eğitici Kukuli Telefon Şarjlı Edilebilir Cep telefonu +500 Farklı Ses ve Özellik,KİNKU,KİNKU,430.33,,0,InStock,,,,,4.615384615384615,54,1,,"[""Kargo Bedava""]",Tahmini Teslim:,refreshed,0,https://www.trendyol.com/kinku/oyuncak-dokunmatik-egitici-kukuli-telefon-sarjli-edilebilir-cep-telefonu-500-farkli-ses-ve-ozellik-p-1163432426?boutiqueId=61&merchantId=752303
cocuk:cocuk-oyuncak,53,89,-30,13.9,16.1,1164824299,1127325,1164824299:1127325,Circle Toys Ahşap Küçük Telli Koordinasyon Oyunu 1 Adet – Montessori Eğitici El Göz Koordinasyonu ve İnce Motor Beceri Oyuncağı,Circle Toys,Circle Toys,334.88,,0,InStock,,,,,3.727272727272727,53,0,,"[""Sepette %20 İndirim"",""Kargo Bedava""]",Tahmini Teslim:,refreshed,0,https://www.trendyol.com/circle-toys/ahsap-kucuk-telli-koordinasyon-oyunu-1-adet-montessori-egitici-el-goz-koordinasyonu-ve-ince-motor-beceri-oyuncagi-p-1164824299?boutiqueId=61&merchantId=1127325
cocuk:cocuk-oyuncak,61,97,-25,13.9,16.1,1059634287,262137,1059634287:262137,Genel Markalar Aktarma Seti Etkinlik Oyuncağı ( 6 Kase 6 Maşa ) Anaokulu Montessori Eğitici Beceri Gelişimi Oyuncak,Genel Markalar,JUJU OYUNCAK,164.99,,0,InStock,,,,,4.467391304347826,53,0,3,"[""Kargo Bedava""]",Tahmini Teslim:,refreshed,0,https://www.trendyol.com/genel-markalar/aktarma-seti-etkinlik-oyuncagi-6-kase-6-masa-anaokulu-montessori-egitici-beceri-gelisimi-oyuncak-p-1059634287?boutiqueId=61&merchantId=262137
cocuk:cocuk-oyuncak,71,107,-32,13.9,16.1,1158160067,357212,1158160067:357212,Go Toys Yumuşak Yapı Blokları 48 Prc - Bublox Soft Bricks - Yumuşak Yapı Blokları,Go Toys,Shopist,699,,0,InStock,,,,,4.346938775510204,53,0,,"[""Sepette %30 İndirim"",""Kargo Bedava"",""Sepette %3 İndirim"",""Sepette %20 İndirim"",""Son 10 Günün En Düşük Fiyatı""]",3 saat 51 dakika içinde sipariş verirsen en geç yarın kargoda!,refreshed,0,https://www.trendyol.com/go-toys/yumusak-yapi-bloklari-48-prc-bublox-soft-bricks-yumusak-yapi-bloklari-p-1158160067?boutiqueId=61&merchantId=357212
cocuk:cocuk-oyuncak,108,144,84,13.9,16.1,1163197283,713520,1163197283:713520,Tosbiş [ İSİM YAZDIR ] Ayıcık Pembe -Kişiye Özel -Uyku Arkadaşım Papyonlu Ayıcık Çocuklara Özel Hediye ( 50 cm),Tosbiş,PENGİ,399,,-20,InStock,,,,,4.684210526315789,54,0,,"[""Kargo Bedava""]",Tahmini Teslim:,refreshed,0,https://www.trendyol.com/tosbis/isim-yazdir-ayicik-pembe-kisiye-ozel-uyku-arkadasim-papyonlu-ayicik-cocuklara-ozel-hediye-50-cm-p-1163197283?boutiqueId=61&merchantId=713520
cocuk:cocuk-oyuncak,155,191,30,13.9,16.1,1118283468,252800,1118283468:252800,giffy Oyuncak BMW E30 Drift Araba 4x4 Uzaktan Kumandalı Araba 2.4GHz Şarjlı LED Işıklı 15 Km Hız Araba,giffy,GİFFY,2111,,5.6,InStock,,,,,4.48,54,2,,"[""Sepette %10 İndirim"",""Kargo Bedava""]",Tahmini Teslim:,refreshed,0,https://www.trendyol.com/giffy/oyuncak-bmw-e30-drift-araba-4x4-uzaktan-kumandali-araba-2-4ghz-sarjli-led-isikli-15-km-hiz-araba-p-1118283468?boutiqueId=61&merchantId=252800
cocuk:cocuk-oyuncak,229,265,-68,13.9,16.1,1143797846,1183562,1143797846:1183562,Genel Markalar 10'lu Mini Baloncuk Oyuncağı | Köpük Balon Seti | Bubble Oyuncak | Doğum Günü Hediyeliği | Okul Dağıtmalık | Karne Hediyesi | Renkli Baloncuk Tüpü,Genel Markalar,Minikoo Kids,152,,0,InStock,,,,,3.6923076923076925,54,1,,"[""Sepette %5 İndirim"",""Kargo Bedava""]",Tahmini Teslim:,refreshed,0,https://www.trendyol.com/genel-markalar/10-lu-mini-baloncuk-oyuncagi-kopuk-balon-seti-bubble-oyuncak-dogum-gunu-hediyeligi-okul-dagitmalik-karne-hediyesi-renkli-baloncuk-tupu-p-1143797846?boutiqueId=61&merchantId=1183562
cocuk:cocuk-oyuncak,471,507,,13.9,16.1,1111124789,190370,1111124789:190370,Brother Toys Oyuncak Pilli Kaliteli Matkap Tamir Seti Yeşil Renk 17 Cm.,Brother Toys,,439.9,,,InStock,,,,,4.7,,,,"[""Kargo Bedava""]",,listing_only,,https://www.trendyol.com/brother-toys/oyuncak-pilli-kaliteli-matkap-tamir-seti-yesil-renk-17-cm-p-1111124789?boutiqueId=61&merchantId=190370
cocuk:cocuk-oyuncak,607,643,,13.9,16.1,1079477649,1167245,1079477649:1167245,ELITE by Seba 69 Cm Konuşan Umay Bebek (Et Bebek),ELITE by Seba,,1457.52,,,InStock,,,,,3.9,,,,"[""Kargo Bedava""]",,listing_only,,https://www.trendyol.com/elite-by-seba/69-cm-konusan-umay-bebek-et-bebek-p-1079477649?boutiqueId=61&merchantId=1167245
cocuk:cocuk-oyuncak,612,648,-488,13.9,16.1,901397111,149758,901397111:149758,kaan oyuncak Aktarma Seti ( 6 Adet Kase 6 Adet Cımbız) 100 Adet 20 mm Renkli Ponpon Renk Sıralama Koordinasyon,kaan oyuncak,Kaan Oyuncak,399,,6.3,InStock,,,,,4.564814814814814,53,2,13,"[""Sepette %1 İndirim"",""Kargo Bedava"",""Trendyol Plus'a Özel""]",3 saat 43 dakika içinde sipariş verirsen en geç yarın kargoda!,refreshed,0,https://www.trendyol.com/kaan-oyuncak/aktarma-seti-6-adet-kase-6-adet-cimbiz-100-adet-20-mm-renkli-ponpon-renk-siralama-koordinasyon-p-901397111?boutiqueId=61&merchantId=149758
cocuk:cocuk-oyuncak,614,650,,13.9,16.1,1149856704,356254,1149856704:356254,"ROZİTOYS Ahşap Montessori Eğitici, Led Ocaklı Çocuk Mutfağı",ROZİTOYS,,2149,,,InStock,,,,,4.5,,,,"[""70 TL Kupon"",""Kargo Bedava""]",,listing_only,,https://www.trendyol.com/rozitoys/ahsap-montessori-egitici-led-ocakli-cocuk-mutfagi-p-1149856704?boutiqueId=61&merchantId=356254
cocuk:cocuk-kitap,77,890,,13.9,16.1,1132757305,146779,1132757305:146779,BKS ETKİNLİK YAYINLARI Cep Sudoku 2,BKS ETKİNLİK YAYINLARI,,198.99,,,InStock,,,,,4.8,,,,[],,listing_only,,https://www.trendyol.com/bks-etkinlik-yayinlari/cep-sudoku-2-p-1132757305?boutiqueId=61&merchantId=146779
cocuk:cocuk-oyuncak,704,740,,13.8,17.4,1071656884,968,1071656884:968,LEGO ® DUPLO® İlk Yaratıcı Araçlar 10474 - 1.5+ Yaratıcı Oyuncak Yapım Seti (42 Parça),LEGO,,799,809.1,,InStock,,,,,4.9,,,,"[""Son 10 Günün En Düşük Fiyatı""]",,listing_only,,https://www.trendyol.com/lego/duplo-ilk-yaratici-araclar-10474-1-5-yaratici-oyuncak-yapim-seti-42-parca-p-1071656884?boutiqueId=690823&merchantId=968
cocuk:cocuk-oyuncak,755,791,,13.8,16.2,1071656872,968,1071656872:968,LEGO ® City Sarı Taksi 60487 - 5+ Yaratıcı Oyuncak Yapım Seti (122 Parça),LEGO,,549,,,InStock,,,,,4.7,,,,[],,listing_only,,https://www.trendyol.com/lego/city-sari-taksi-60487-5-yaratici-oyuncak-yapim-seti-122-parca-p-1071656872?boutiqueId=690823&merchantId=968
cocuk:cocuk-oyuncak,560,596,,13.7,16.3,963214947,111781,963214947:111781,Barbie Mavi Fiyonklu Elbiseli Fashionistas Bebeği HYT93,Barbie,,549.99,,,InStock,,,,,4.9,,,,[],,listing_only,,https://www.trendyol.com/barbie/mavi-fiyonklu-elbiseli-fashionistas-bebegi-hyt93-p-963214947?boutiqueId=61&merchantId=111781
cocuk:cocuk-oyuncak,562,598,-375,13.7,16.3,1201820,421779,1201820:421779,Hasbro Playdoh Oyun Hamuru 4 Lu 448 Gr,Hasbro,Karakalem,143.6,,0,InStock,,,,,4.6,51,0,12,[],Tahmini Teslim:,carried_forward,2,https://www.trendyol.com/hasbro/playdoh-oyun-hamuru-4-lu-448-gr-p-1201820?boutiqueId=61&merchantId=421779
cocuk:cocuk-oyuncak,249,285,,13.6,20.4,1148440046,752303,1148440046:752303,KİNKU Ağ Atan Eldiven Işıklı Maske 18 Cm Işıklı Figür 3 Lü Set Oyuncak,KİNKU,KİNKU,270.02,281.25,,InStock,,,,,3.4583333333333335,15,,,"[""Son 10 Günün En Düşük Fiyatı"",""Kargo Bedava"",""Son 10 günün en düşük fiyatı""]",Tahmini Teslim:,refreshed,0,https://www.trendyol.com/kinku/ag-atan-eldiven-isikli-maske-18-cm-isikli-figur-3-lu-set-oyuncak-p-1148440046?boutiqueId=61&merchantId=752303
cocuk:cocuk-oyuncak,468,504,,13.6,16.4,920021258,720204,920021258:720204,Ankebut Ahşap Kare Masa Takvimi Türkçe İngilizce Öğrenimi,Ankebut,,399,,,InStock,,,,,4.4,,,,"[""Kargo Bedava""]",,listing_only,,https://www.trendyol.com/ankebut/ahsap-kare-masa-takvimi-turkce-ingilizce-ogrenimi-p-920021258?boutiqueId=61&merchantId=720204
cocuk:cocuk-oyuncak,702,738,,13.6,16.4,987656100,742672,987656100:742672,LEGO 77241 LEGO® Speed Champions Daha Hızlı Daha Öfkeli Honda S2000,LEGO,,2345.81,,,InStock,,,,,4.7,,,,"[""Kargo Bedava""]",,listing_only,,https://www.trendyol.com/lego/77241-lego-speed-champions-daha-hizli-daha-ofkeli-honda-s2000-p-987656100?boutiqueId=61&merchantId=742672
cocuk:cocuk-oyuncak,545,581,,13.5,16.5,960863691,412414,960863691:412414,Budizzz İlk Bebek Kitabım | Hışırtılı ve Dişlikli Siyah-Beyaz Duyusal Kitap,Budizzz,,370,,,InStock,,,,,4.6,,,,"[""25 TL Kupon"",""Kargo Bedava""]",,listing_only,,https://www.trendyol.com/budizzz/ilk-bebek-kitabim-hisirtili-ve-dislikli-siyah-beyaz-duyusal-kitap-p-960863691?boutiqueId=61&merchantId=412414
cocuk:cocuk-oyuncak,50,86,20,13.4,16.6,1155549368,752303,1155549368:752303,KİNKU Örümcek Adam Projeksiyonlu Saat 24 Farklı Karakteri Duvara Yansıtır,KİNKU,KİNKU,199.9,,0,InStock,,,,,4.372093023255814,47,2,12,"[""Kargo Bedava""]",Tahmini Teslim:,refreshed,0,https://www.trendyol.com/kinku/orumcek-adam-projeksiyonlu-saat-24-farkli-karakteri-duvara-yansitir-p-1155549368?boutiqueId=61&merchantId=752303
cocuk:cocuk-oyuncak,82,118,-53,13.4,16.6,736025413,109643,736025413:109643,CT-TOYS 10 Tane Islanınca Çatlayıp Büyüyen Dinazor Yumurtası Oyuncak Dinozor Yumurtası,CT-TOYS,Rüya Gezegeni,174,,0,InStock,,,,,3.727272727272727,46,0,,"[""10 TL Kupon"",""Kargo Bedava""]",Tahmini Teslim:,refreshed,0,https://www.trendyol.com/ct-toys/10-tane-islaninca-catlayip-buyuyen-dinazor-yumurtasi-oyuncak-dinozor-yumurtasi-p-736025413?boutiqueId=61&merchantId=109643
cocuk:cocuk-oyuncak,391,427,,13.4,16.6,870195646,143468,870195646:143468,YILDIRIM OYUNCAK Sesli Işıklı Açılabilir Kapılar Metal Çek Bırak 12 cm Ambulans-Sesli Metal Kapıları Açılır Ambulans,YILDIRIM OYUNCAK,,549.4,,,InStock,,,,,4.2,,,,"[""Sepette %2 İndirim"",""Kargo Bedava""]",,listing_only,,https://www.trendyol.com/yildirim-oyuncak/sesli-isikli-acilabilir-kapilar-metal-cek-birak-12-cm-ambulans-sesli-metal-kapilari-acilir-ambulans-p-870195646?boutiqueId=61&merchantId=143468
cocuk:cocuk-oyuncak,512,548,,13.4,16.6,897447577,897060,897447577:897060,Bee Smart Halkalar ve Renkler Eğitici Oyuncak Öğretici Geliştirici Oyuncak Çocuk Için Hediye,Bee Smart,,387.02,,,InStock,,,,,4.2,,,,"[""Kargo Bedava""]",,listing_only,,https://www.trendyol.com/bee-smart/halkalar-ve-renkler-egitici-oyuncak-ogretici-gelistirici-oyuncak-cocuk-icin-hediye-p-897447577?boutiqueId=61&merchantId=897060
cocuk:cocuk-oyuncak,514,550,-350,13.4,16.6,1048504028,778246,1048504028:778246,Ayshpek Çocuk Makyaj Seti Çantalı 20 Parça -Sürülebilir Su Bazlı-Kolay Temizlenir-Pembe-Deniz Kızı Temalı,Ayshpek,Ayshpek,3043.32,,69.1,InStock,,,,,4.760683760683761,47,6,,"[""Sepette %40 İndirim"",""Kargo Bedava""]",3 saat 43 dakika içinde sipariş verirsen en geç yarın kargoda!,refreshed,0,https://www.trendyol.com/ayshpek/cocuk-makyaj-seti-cantali-20-parca-surulebilir-su-bazli-kolay-temizlenir-pembe-deniz-kizi-temali-p-1048504028?boutiqueId=61&merchantId=778246
cocuk:cocuk-oyuncak,598,634,,13.4,16.6,1168024353,1193670,1168024353:1193670,YAGLİZ Super Bear Adventure Baaren Ayı ve Shicka Koleksiyon Seti,YAGLİZ,,699,,,InStock,,,,,5,,,,"[""Kargo Bedava""]",,listing_only,,https://www.trendyol.com/yagliz/super-bear-adventure-baaren-ayi-ve-shicka-koleksiyon-seti-p-1168024353?boutiqueId=61&merchantId=1193670
cocuk:cocuk-oyuncak,185,221,-32,13.3,16.7,899647373,288437,899647373:288437,WOODROFFE Avokado - Katil Civciv Uyku Arkadaşı ve Peluş Yastık 35 cm 2 li Peluş Oyuncak Yastık Hediye Paketi,WOODROFFE,VAGON TOYS,299,,0,InStock,,,,,4.427350427350428,45,1,,"[""Kargo Bedava""]",Tahmini Teslim:,refreshed,0,https://www.trendyol.com/woodroffe/avokado-katil-civciv-uyku-arkadasi-ve-pelus-yastik-35-cm-2-li-pelus-oyuncak-yastik-hediye-paketi-p-899647373?boutiqueId=61&merchantId=288437
cocuk:cocuk-oyuncak,752,788,,13.3,16.7,1071656886,968,1071656886:968,LEGO ® Minecraft® Nether ve End Geçidi Yolculuğu 21584 - 7+ Yaratıcı Oyuncak Yapım Seti (192 Parça),LEGO,,764.7,,,InStock,,,,,4.8,,,,[],,listing_only,,https://www.trendyol.com/lego/minecraft-nether-ve-end-gecidi-yolculugu-21584-7-yaratici-oyuncak-yapim-seti-192-parca-p-1071656886?boutiqueId=690823&merchantId=968
cocuk:cocuk-kitap,96,909,,13.3,16.7,1149856791,113171,1149856791:113171,Çocuk Akademi Cırt Cırtlı Sayılar,Çocuk Akademi,,152.13,,,InStock,,,,,4.8,,,,[],,listing_only,,https://www.trendyol.com/cocuk-akademi/cirt-cirtli-sayilar-p-1149856791?boutiqueId=61&merchantId=113171
cocuk:cocuk-kitap,170,983,,13.3,16.7,1172685046,954573,1172685046:954573,birikiyedi Cozy Autumn Coloring Book/Bold & Easy/Yetişkinler ve Çocuklar için Rahatlatıcı Sonbahar Boyama Kitabı,birikiyedi,,152.15,,,InStock,,,,,4.8,,,,[],,listing_only,,https://www.trendyol.com/birikiyedi/cozy-autumn-coloring-book-bold-easy-yetiskinler-ve-cocuklar-icin-rahatlatici-sonbahar-boyama-kitabi-p-1172685046?boutiqueId=61&merchantId=954573
cocuk:cocuk-oyuncak,243,279,-25,13.2,16.8,974082543,744768,974082543:744768,Nandy Home İnek Model Karakter Figürü 3D Yapı Oyuncakları,Nandy Home,Nandy Kids,135.08,,-0.7,InStock,,,,,4.821782178217822,44,5,,"[""Kargo Bedava""]",Tahmini Teslim:,refreshed,0,https://www.trendyol.com/nandy-home/inek-model-karakter-figuru-3d-yapi-oyuncaklari-p-974082543?boutiqueId=61&merchantId=744768
cocuk:cocuk-oyuncak,503,539,-318,13.2,16.8,85616601,897060,85616601:897060,Kumtoys Tak Çak Çak Çak Doğal Ahşap Bebek Oyunu Çak Çak Tak Çekiç Oyunu Doğal Ahşap 12 Ay,Kumtoys,KidsGross,323.02,,1.2,InStock,,,,,4.2,44,0,5,[],Tahmini Teslim:,carried_forward,8,https://www.trendyol.com/kumtoys/tak-cak-cak-cak-dogal-ahsap-bebek-oyunu-cak-cak-tak-cekic-oyunu-dogal-ahsap-12-ay-p-85616601?boutiqueId=61&merchantId=897060
cocuk:cocuk-oyuncak,641,677,,13.2,23.8,1140728133,111781,1140728133:111781,LEGO Editions Cristiano Ronaldo – Unutulmaz Futbol Anları 43012 - 10 Yaş ve Üzeri Çocuklar için Deko,LEGO,,1394.07,1499,,InStock,,,,,3.4,,,,"[""Kargo Bedava""]",,listing_only,,https://www.trendyol.com/lego/editions-cristiano-ronaldo-unutulmaz-futbol-anlari-43012-10-yas-ve-uzeri-cocuklar-icin-deko-p-1140728133?boutiqueId=61&merchantId=111781
cocuk:cocuk-kitap,109,922,,13.2,16.8,1075391350,651480,1075391350:651480,kitza yayınları 4 KİTAP İÇEREN HİKAYELİ ETKİNLİKLER SETİ (3-7 YAŞ ARASI ÇOCUKLAR İÇİN),kitza yayınları,,363.03,,,InStock,,,,,4.9,,,,"[""Son 10 Günün En Düşük Fiyatı""]",,listing_only,,https://www.trendyol.com/kitza-yayinlari/4-kitap-iceren-hikayeli-etkinlikler-seti-3-7-yas-arasi-cocuklar-icin-p-1075391350?boutiqueId=61&merchantId=651480
cocuk:cocuk-kitap,181,994,,13.2,16.8,1142991920,815748,1142991920:815748,minkino 4 Yaş Etkinlik Seti | 4 Kitap Bir Arada,minkino,,221,,,InStock,,,,,4.3,,,,[],,listing_only,,https://www.trendyol.com/minkino/4-yas-etkinlik-seti-4-kitap-bir-arada-p-1142991920?boutiqueId=61&merchantId=815748
cocuk:cocuk-oyuncak,52,88,-33,13.1,16.9,1146498214,788392,1146498214:788392,Hombak Çocuklar İçin 56 Farklı Resimli Projeksiyonlu Eğitici El Feneri - Yeşil Renk,Hombak,Hombak,199.99,,0,InStock,,,,,4.136363636363637,43,1,,"[""Kargo Bedava"",""Trendyol Plus'a Özel""]",Tahmini Teslim:,refreshed,0,https://www.trendyol.com/hombak/cocuklar-icin-56-farkli-resimli-projeksiyonlu-egitici-el-feneri-yesil-renk-p-1146498214?boutiqueId=61&merchantId=788392
cocuk:cocuk-oyuncak,264,300,,13.1,16.9,168155870,186902,168155870:186902,Deha Games Hayvanlar Parmak Kukla Seti 10lu,Deha Games,ervaaksesuar,145.86,,,InStock,,,,,4.6911764705882355,42,,0,"[""Kargo Bedava""]",3 saat 43 dakika içinde sipariş verirsen en geç yarın kargoda!,refreshed,0,https://www.trendyol.com/deha-games/hayvanlar-parmak-kukla-seti-10lu-p-168155870?boutiqueId=61&merchantId=186902
cocuk:cocuk-oyuncak,430,466,-272,13.1,16.9,1136057460,1170269,1136057460:1170269,Anime Heroes Orijnal POP MART θ SKULLPANDA × My Little Pony Series Blind Box,Anime Heroes,VEX Store,745,,-2,InStock,,,,,4,42,0,99,"[""Kargo Bedava""]",14 saat 51 dakika içinde sipariş verirsen en geç yarın kargoda!,carried_forward,6,https://www.trendyol.com/anime-heroes/orijnal-pop-mart-skullpanda-my-little-pony-series-blind-box-p-1136057460?boutiqueId=61&merchantId=1170269
cocuk:cocuk-oyuncak,236,272,-70,13,17,1147764690,968,1147764690:968,LEGO ® Speed Champions Hızlı ve Öfkeli Toyota Supra MK4 77260 - 10+ için Oyuncak Yapım Seti (292P),LEGO,Trendyol,1359,,,InStock,,,,,4.776595744680851,41,0,,[],Tahmini Teslim:,refreshed,0,https://www.trendyol.com/lego/speed-champions-hizli-ve-ofkeli-toyota-supra-mk4-77260-10-icin-oyuncak-yapim-seti-292p-p-1147764690?boutiqueId=690823&merchantId=968
cocuk:cocuk-oyuncak,291,327,-103,13,17,1046150994,137889,1046150994:137889,robokids Müzikli Piyano Oyun Halısı – Dokunmatik Işıklı Halı Oyuncak,robokids,Robokids,899,,0,InStock,,,,,4.7,41,0,,"[""Kargo Bedava""]",Tahmini Teslim:,carried_forward,3,https://www.trendyol.com/robokids/muzikli-piyano-oyun-halisi-dokunmatik-isikli-hali-oyuncak-p-1046150994?boutiqueId=61&merchantId=137889
cocuk:cocuk-oyuncak,634,670,,13,17,1104958762,404371,1104958762:404371,Schulzz Figürlü Yenidoğan Bebek Puset Beşik Yatak Çıngırağı Bebek Arabası Uyumlu Duyusal Oyuncaklar,Schulzz,,1299,,,InStock,,,,,4.2,,,,"[""Kargo Bedava"",""Süper Fırsat Ürünü""]",,listing_only,,https://www.trendyol.com/schulzz/figurlu-yenidogan-bebek-puset-besik-yatak-cingiragi-bebek-arabasi-uyumlu-duyusal-oyuncaklar-p-1104958762?boutiqueId=61&merchantId=404371
cocuk:cocuk-oyuncak,56,92,-14,12.9,17.1,844408292,297695,844408292:297695,"Şenyayla Plastik Duyusal Oyun Seti Için Şeffaf Plastik Oyun Küveti ( 22 X 34,5 X 7 Cm)",Şenyayla Plastik,MucitKids,185,,0,InStock,,,,,4.671052631578948,40,0,23,"[""Sepette %10 İndirim"",""Sepette %3 İndirim"",""Kargo Bedava"",""Son 10 Günün En Düşük Fiyatı""]",3 saat 52 dakika içinde sipariş verirsen en geç yarın kargoda!,refreshed,0,https://www.trendyol.com/senyayla-plastik/duyusal-oyun-seti-icin-seffaf-plastik-oyun-kuveti-22-x-34-5-x-7-cm-p-844408292?boutiqueId=61&merchantId=297695
cocuk:cocuk-oyuncak,474,510,,12.9,17.1,1074981384,701710,1074981384:701710,Heribom 160 Cm Dev Peluş Ayı Peluş Oyuncak Büyük Ayı,Heribom,,999,,,InStock,,,,,4.4,,,,"[""20 TL Kupon"",""Kargo Bedava""]",,listing_only,,https://www.trendyol.com/heribom/160-cm-dev-pelus-ayi-pelus-oyuncak-buyuk-ayi-p-1074981384?boutiqueId=61&merchantId=701710
cocuk:cocuk-oyuncak,539,575,,12.9,17.1,1167926970,1193670,1167926970:1193670,YAGLİZ Super Bear Adventure Baaren Ayı ve Shicka Koleksiyon Seti,YAGLİZ,,175,,,InStock,,,,,4.9,,,,[],,listing_only,,https://www.trendyol.com/yagliz/super-bear-adventure-baaren-ayi-ve-shicka-koleksiyon-seti-p-1167926970?boutiqueId=61&merchantId=1193670
cocuk:cocuk-oyuncak,412,448,-249,12.8,17.2,842124506,109643,842124506:109643,"Genel Markalar 1 Adet Mini Taş-kağıt-makas Oyunu Anahtarlık,parmak Oyuncağı,parti Hediye,stres Giderici Hediye",Genel Markalar,Rüya Gezegeni,40,,0,InStock,,,,,3.9,39,0,,[],Tahmini Teslim:,carried_forward,2,https://www.trendyol.com/genel-markalar/1-adet-mini-tas-kagit-makas-oyunu-anahtarlik-parmak-oyuncagi-parti-hediye-stres-giderici-hediye-p-842124506?boutiqueId=61&merchantId=109643
cocuk:cocuk-kitap,61,874,,12.8,17.2,1179222678,113171,1179222678:113171,Çocuk Akademi Oluklu(Kabartmalı) Sihirli Uçan Kalemli - Harfleri Sayıları ve Çizmeyi Öğreten 3'lü Alıştırma Kitabı,Çocuk Akademi,,692.8,,,InStock,,,,,4.7,,,,"[""40 TL Kupon"",""Kargo Bedava""]",,listing_only,,https://www.trendyol.com/cocuk-akademi/oluklu-kabartmali-sihirli-ucan-kalemli-harfleri-sayilari-ve-cizmeyi-ogreten-3-lu-alistirma-kitabi-p-1179222678?boutiqueId=61&merchantId=113171
cocuk:cocuk-oyuncak,239,275,-17,12.7,17.3,1097407810,412414,1097407810:412414,"Budizzz Beyaz Gürültü Cihazı | 33 Sesli, Pışpışlı ve Ninnili | Radyasyon İçermeyen Bebek Uyku Arkadaşı",Budizzz,BUDİZZZ,3250,,0,InStock,,,,,4.85,38,3,,"[""200 TL Kupon"",""Kargo Bedava"",""Süper Fırsat Ürünü"",""Peşin Fiyatına 3 Taksit""]",Tahmini Teslim:,refreshed,0,https://www.trendyol.com/budizzz/beyaz-gurultu-cihazi-33-sesli-pispisli-ve-ninnili-radyasyon-icermeyen-bebek-uyku-arkadasi-p-1097407810?boutiqueId=61&merchantId=412414
cocuk:cocuk-oyuncak,435,471,,12.7,17.3,849565008,111781,849565008:111781,Fisher Price Eğlen &amp; Öğren Yaşa Göre Gelişim Eğitici Köpekçik Yürüteç (Türkçe ve İngilizce),Fisher Price,,2497.82,,,InStock,,,,,4.6,,,,"[""Kargo Bedava""]",,listing_only,,https://www.trendyol.com/fisher-price/eglen-amp-ogren-yasa-gore-gelisim-egitici-kopekcik-yurutec-turkce-ve-ingilizce-p-849565008?boutiqueId=61&merchantId=111781
cocuk:cocuk-oyuncak,515,551,,12.7,22.4,1134989124,328844,1134989124:328844,berattoys 12 parça vahşi hayvanlar mini fiğür oyuncaklar hayvan set aslan kaplan fil,berattoys,,189.61,199.75,,InStock,,,,,4.5,,,,"[""Son 10 Günün En Düşük Fiyatı""]",,listing_only,,https://www.trendyol.com/berattoys/12-parca-vahsi-hayvanlar-mini-figur-oyuncaklar-hayvan-set-aslan-kaplan-fil-p-1134989124?boutiqueId=61&merchantId=328844
cocuk:cocuk-oyuncak,627,663,,12.7,21.4,1147077507,968,1147077507:968,LEGO ® Friends Su Parkında Eğlence 42676 - 6 Yaş Üzeri Çocuklar için Oyuncak Yapım Seti (278 Parça),LEGO,,1439.2,1501.46,,InStock,,,,,4.5,,,,"[""Son 10 Günün En Düşük Fiyatı""]",,listing_only,,https://www.trendyol.com/lego/friends-su-parkinda-eglence-42676-6-yas-uzeri-cocuklar-icin-oyuncak-yapim-seti-278-parca-p-1147077507?boutiqueId=690823&merchantId=968
cocuk:cocuk-oyuncak,415,451,-225,12.6,17.4,1092341561,190370,1092341561:190370,Brother Toys Cars Şimşek Mcqueen 6'lı Sürtmeli Araba Seti Mater Sally İtfaiye Doc Hudson,Brother Toys,BROTHERTOYS,279.9,,0,InStock,,,,,4.3,37,0,19,[],Tahmini Teslim:,carried_forward,3,https://www.trendyol.com/brother-toys/cars-simsek-mcqueen-6-li-surtmeli-araba-seti-mater-sally-itfaiye-doc-hudson-p-1092341561?boutiqueId=61&merchantId=190370
cocuk:cocuk-oyuncak,690,726,,12.6,24.4,1177564486,111781,1177564486:111781,MONSTER HIGH Güzellik Sırları Serisi JMG72 - Frankie Stein,MONSTER HIGH,,976.49,1049.99,,InStock,,,,,5,,,,"[""Kargo Bedava""]",,listing_only,,https://www.trendyol.com/monster-high/guzellik-sirlari-serisi-jmg72-frankie-stein-p-1177564486?boutiqueId=61&merchantId=111781
cocuk:cocuk-oyuncak,188,224,-18,12.5,17.5,846206671,944751,846206671:944751,WoodStory Eğitici Renkli Ahşap Orta Boy Tangram Akıl Zeka Mantık Ve Strateji Oyunu,WoodStory,Montessori Toys,98.58,,0,InStock,,,,,4.327586206896552,35,0,,"[""Sepette %1 İndirim"",""Kargo Bedava"",""Trendyol Plus'a Özel""]",Tahmini Teslim:,refreshed,0,https://www.trendyol.com/woodstory/egitici-renkli-ahsap-orta-boy-tangram-akil-zeka-mantik-ve-strateji-oyunu-p-846206671?boutiqueId=61&merchantId=944751
cocuk:cocuk-oyuncak,265,301,-104,12.5,17.5,973525082,744768,973525082:744768,Nandy Home Kuzu Model Karakter Figürü 3D Yapı Oyuncakları,Nandy Home,Nandy Kids,139.65,,4.3,InStock,,,,,4.5,36,0,,[],Tahmini Teslim:,carried_forward,3,https://www.trendyol.com/nandy-home/kuzu-model-karakter-figuru-3d-yapi-oyuncaklari-p-973525082?boutiqueId=61&merchantId=744768
cocuk:cocuk-oyuncak,522,558,,12.5,17.5,55893602,940626,55893602:940626,Genel Markalar Ahşap Renkli Marakas Ritim Ses Algı Çocuk Müzik Aleti,Genel Markalar,,125,,,InStock,,,,,4.2,,,,[],,listing_only,,https://www.trendyol.com/genel-markalar/ahsap-renkli-marakas-ritim-ses-algi-cocuk-muzik-aleti-p-55893602?boutiqueId=61&merchantId=940626
cocuk:cocuk-oyuncak,684,720,,12.5,17.5,1085631439,1060360,1085631439:1060360,ZİVENTA Mavi-Pembe Vantuzlu Oyuncak Direksiyon 360° Dönüşlü Sesli Çocuk Direksiyonu Eğitici Oyuncak,ZİVENTA,,493.48,,,InStock,,,,,3.4,,,,"[""Kargo Bedava"",""Son 10 Günün En Düşük Fiyatı""]",,listing_only,,https://www.trendyol.com/ziventa/mavi-pembe-vantuzlu-oyuncak-direksiyon-360-donuslu-sesli-cocuk-direksiyonu-egitici-oyuncak-p-1085631439?boutiqueId=61&merchantId=1060360
cocuk:cocuk-kitap,65,878,,12.4,17.6,1179141134,113171,1179141134:113171,Çocuk Akademi Oluklu(Kabartmalı) Sihirli Uçan Kalemli Sayılar Kitabı,Çocuk Akademi,,245.03,,,InStock,,,,,4.5,,,,[],,listing_only,,https://www.trendyol.com/cocuk-akademi/oluklu-kabartmali-sihirli-ucan-kalemli-sayilar-kitabi-p-1179141134?boutiqueId=61&merchantId=113171
cocuk:cocuk-oyuncak,128,164,7,12.3,17.7,1124713015,590132,1124713015:590132,babysch Renkli Ahşap Kordinasyon,babysch,Babysch,192.8,,0,InStock,,,,,3.723076923076923,33,0,,"[""Sepette %5 İndirim"",""Kargo Bedava""]",Tahmini Teslim:,refreshed,0,https://www.trendyol.com/babysch/renkli-ahsap-kordinasyon-p-1124713015?boutiqueId=61&merchantId=590132
cocuk:cocuk-oyuncak,439,475,,12.3,17.7,1137149318,638331,1137149318:638331,HOT WHEELS Hw 5 li Ferrari Araba Seti Ferrai sf 90 Ferrari f40 Ferrari Dino 206 Ferrari Model Araba i,HOT WHEELS,,1179,,,InStock,,,,,4.8,,,,"[""50 TL Kupon"",""Kargo Bedava""]",,listing_only,,https://www.trendyol.com/hot-wheels/hw-5-li-ferrari-araba-seti-ferrai-sf-90-ferrari-f40-ferrari-dino-206-ferrari-model-araba-i-p-1137149318?boutiqueId=61&merchantId=638331
cocuk:cocuk-oyuncak,153,189,,12.2,24.4,1191200513,454785,1191200513:454785,Downtown Oyun Arkadaşım Peluş Zürafa Oyuncak Yastık 90Cm 100Cm,Downtown,Downtown,513.39,549.9,,InStock,,,,,5,4,,,"[""25 TL Kupon"",""Kargo Bedava"",""Son 10 Günün En Düşük Fiyatı"",""Trendyol Plus'a Özel""]",Tahmini Teslim:,refreshed,0,https://www.trendyol.com/downtown/oyun-arkadasim-pelus-zurafa-oyuncak-yastik-90cm-100cm-p-1191200513?boutiqueId=61&merchantId=454785
cocuk:cocuk-oyuncak,98,134,-21,12.1,17.9,1097407694,412414,1097407694:412414,"Budizzz Beyaz Gürültü Cihazı | 33 Sesli, Pışpışlı ve Ninnili | Radyasyon İçermeyen Bebek Uyku Arkadaşı",Budizzz,BUDİZZZ,3250,,0,InStock,,,,,4.73404255319149,32,1,27,"[""200 TL Kupon"",""Kargo Bedava"",""Süper Fırsat Ürünü"",""Peşin Fiyatına 3 Taksit""]",3 saat 50 dakika içinde sipariş verirsen en geç yarın kargoda!,refreshed,0,https://www.trendyol.com/budizzz/beyaz-gurultu-cihazi-33-sesli-pispisli-ve-ninnili-radyasyon-icermeyen-bebek-uyku-arkadasi-p-1097407694?boutiqueId=61&merchantId=412414
cocuk:cocuk-oyuncak,106,142,-28,12.1,17.9,1124623976,590132,1124623976:590132,babysch Eğitici Doğal Ahşap Geometrik şekiller,babysch,Babysch,242.55,,40.4,InStock,,,,,4.178082191780822,32,1,,"[""Sepette %5 İndirim"",""Kargo Bedava""]",Tahmini Teslim:,refreshed,0,https://www.trendyol.com/babysch/egitici-dogal-ahsap-geometrik-sekiller-p-1124623976?boutiqueId=61&merchantId=590132
cocuk:cocuk-oyuncak,533,569,,12.1,17.9,1147764708,968,1147764708:968,LEGO ® Speed Champions Ferrari 499P 77261 - 9 Yaş Üzeri Çocuklar için Oyuncak Yapım Seti (329 Parça),LEGO,,1226.22,,,InStock,,,,,4.6,,,,[],,listing_only,,https://www.trendyol.com/lego/speed-champions-ferrari-499p-77261-9-yas-uzeri-cocuklar-icin-oyuncak-yapim-seti-329-parca-p-1147764708?boutiqueId=690823&merchantId=968
cocuk:cocuk-oyuncak,615,651,,12.1,17.9,1110294882,1215913,1110294882:1215913,SHAMİRA Nefes alan Stitch uyku arkadaşı peluş sevimli stitch,SHAMİRA,,593,,,InStock,,,,,3.5,,,,"[""Kargo Bedava""]",,listing_only,,https://www.trendyol.com/shamira/nefes-alan-stitch-uyku-arkadasi-pelus-sevimli-stitch-p-1110294882?boutiqueId=61&merchantId=1215913
cocuk:cocuk-oyuncak,129,165,,12,18,229647489,262137,229647489:262137,"jollyheads Çocuk Aktivite Zeka Beceri Öğrenim Aktarma Maşası, (1 ADET) Aktarma Cımbızı, Oyuncak Maşa",jollyheads,JUJU OYUNCAK,24.99,,,InStock,,,,,4.257142857142857,31,,4,"[""Kargo Bedava""]",Tahmini Teslim:,refreshed,0,https://www.trendyol.com/jollyheads/cocuk-aktivite-zeka-beceri-ogrenim-aktarma-masasi-1-adet-aktarma-cimbizi-oyuncak-masa-p-229647489?boutiqueId=61&merchantId=262137
cocuk:cocuk-oyuncak,195,231,-50,12,18,1130541112,852677,1130541112:852677,MİNGODAN Ördek Squishy Oyuncak Sıkmalı Anti Stres Duyusal Eğitici Pofuduk Dokunsal Oyuncak (1 Adet),MİNGODAN,MİNGODAN,188.31,,0,InStock,,,,,4.403846153846154,31,3,,"[""Sepette %1 İndirim"",""Kargo Bedava""]",Tahmini Teslim:,refreshed,0,https://www.trendyol.com/mingodan/ordek-squishy-oyuncak-sikmali-anti-stres-duyusal-egitici-pofuduk-dokunsal-oyuncak-1-adet-p-1130541112?boutiqueId=61&merchantId=852677
cocuk:cocuk-oyuncak,247,283,-56,12,18,1156021990,1098495,1156021990:1098495,Glowa Butter Yağ Squishy Oyuncak,Glowa,Berione,175,,8,InStock,,,,,3.046511627906977,31,0,,"[""Kargo Bedava""]",Tahmini Teslim:,refreshed,0,https://www.trendyol.com/glowa/butter-yag-squishy-oyuncak-p-1156021990?boutiqueId=61&merchantId=1098495
cocuk:cocuk-oyuncak,472,508,-270,12,19,1155576804,926416,1155576804:926416,LuckyBoys Uzaktan Kumandalı Duvar ve Tavana Tırmanabilen Uzaktan Kumandalı Kertenkele Oyuncak,LuckyBoys,TinyMinis,960.57,970.57,0,InStock,,,,,4.1,23,0,23,"[""Kargo Bedava"",""Son 10 Günün En Düşük Fiyatı""]",14 saat 49 dakika içinde sipariş verirsen en geç yarın kargoda!,carried_forward,4,https://www.trendyol.com/luckyboys/uzaktan-kumandali-duvar-ve-tavana-tirmanabilen-uzaktan-kumandali-kertenkele-oyuncak-p-1155576804?boutiqueId=61&merchantId=926416
cocuk:cocuk-oyuncak,173,209,-50,11.9,18.1,1019342401,818430,1019342401:818430,birlazer Boyanabilir Türk Bayrağı Standlı Ahşap Oyuncak Etkinlik Aktivite 1 Ad,birlazer,BirREKLAM33,13.12,,-7.9,InStock,,,,,4.576271186440678,30,1,17,"[""Sepette %5 İndirim"",""Kargo Bedava""]",Tahmini Teslim:,refreshed,0,https://www.trendyol.com/birlazer/boyanabilir-turk-bayragi-standli-ahsap-oyuncak-etkinlik-aktivite-1-ad-p-1019342401?boutiqueId=61&merchantId=818430
cocuk:cocuk-oyuncak,566,602,,11.9,18.1,888871306,149758,888871306:149758,"kaan oyuncak Eğitici Montessori Aktarma Seti 24 Parça, Kase Ve Cımbız Seti, Kase Ve Maşa Seti 12+12(24 Parça)",kaan oyuncak,,325.35,,,InStock,,,,,4.9,,,,"[""Sepette %1 İndirim""]",,listing_only,,https://www.trendyol.com/kaan-oyuncak/egitici-montessori-aktarma-seti-24-parca-kase-ve-cimbiz-seti-kase-ve-masa-seti-12-12-24-parca-p-888871306?boutiqueId=61&merchantId=149758
cocuk:cocuk-oyuncak,671,707,,11.9,18.1,1137818025,1086468,1137818025:1086468,Fisher Price 0-12 Ay Tummy Time Yumuşak Bebek Zeka Küpleri Aynalı Set Eğitici Duyusal Oyuncak Montessori Siyah,Fisher Price,,599,,,InStock,,,,,4.4,,,,"[""15 TL Kupon"",""Kargo Bedava""]",,listing_only,,https://www.trendyol.com/fisher-price/0-12-ay-tummy-time-yumusak-bebek-zeka-kupleri-aynali-set-egitici-duyusal-oyuncak-montessori-siyah-p-1137818025?boutiqueId=61&merchantId=1086468
cocuk:cocuk-oyuncak,83,119,-18,11.8,18.2,1141368445,1056547,1141368445:1056547,papermoods Eğlenceli ve Eğitici Tuvalet Eğitimi Sticker Panosu - Sevimli Sticker,papermoods,papermoods,169.9,,0,InStock,,,,,4.603174603174603,29,1,5,"[""Kargo Bedava""]",Tahmini Teslim:,refreshed,0,https://www.trendyol.com/papermoods/eglenceli-ve-egitici-tuvalet-egitimi-sticker-panosu-sevimli-sticker-p-1141368445?boutiqueId=61&merchantId=1056547
cocuk:cocuk-oyuncak,181,217,9,11.8,18.2,1124640529,1230100,1124640529:1230100,PAKİTO Sevimli Kule Eğitici Oyuncak | Renkli Sayı Öğreten Bebek Kulesi +12 Ay,PAKİTO,LUMO STORE,199.95,,0,InStock,,,,,4.057142857142857,29,0,,"[""Kargo Bedava""]",Tahmini Teslim:,refreshed,0,https://www.trendyol.com/pakito/sevimli-kule-egitici-oyuncak-renkli-sayi-ogreten-bebek-kulesi-12-ay-p-1124640529?boutiqueId=61&merchantId=1230100
cocuk:cocuk-oyuncak,135,171,-43,11.6,18.4,1164492787,190370,1164492787:190370,Brother Toys Şarjlı Kukuli Telefon Pro Max Dokunmatik 500+ Fonksiyonlu Türkçe Sesli Işıklı Müzikli Lisanslı,Brother Toys,BROTHERTOYS,499.9,,0,InStock,,,,,4.571428571428571,27,0,,"[""Kargo Bedava""]",Tahmini Teslim:,refreshed,0,https://www.trendyol.com/brother-toys/sarjli-kukuli-telefon-pro-max-dokunmatik-500-fonksiyonlu-turkce-sesli-isikli-muzikli-lisansli-p-1164492787?boutiqueId=61&merchantId=190370
cocuk:cocuk-oyuncak,485,521,,11.6,18.4,1083361092,968,1083361092:968,"LEGO Creator Turuncu Kedi 30714 – 6 Yaş ve Üzeri Kız ve Erkek Çocuklar için Timsaha ve Yuvası, 2 Yumurtası Olan 1 Baykuşa Dönüşebilen Yaratıcı Oyuncak Yapım Seti, Doğum Günü Hediyesi Fikri (79 Parça)",LEGO,,231.7,,,InStock,,,,,4.8,,,,[],,listing_only,,https://www.trendyol.com/lego/creator-turuncu-kedi-30714-6-yas-ve-uzeri-kiz-ve-erkek-cocuklar-icin-timsaha-ve-yuvasi-2-yumurtasi-olan-1-baykusa-donusebilen-yaratici-oyuncak-yapim-seti-dogum-gunu-hediyesi-fikri-79-parca-p-1083361092?boutiqueId=689716&merchantId=968
cocuk:cocuk-oyuncak,347,383,-142,11.5,18.5,1156883214,1211588,1156883214:1211588,EN SİGA Elektrikli Ateş Efektli Uzun Menzilli Şarjlı Su Tabancası Otomatik Sürekli Atışlı Işıklı Büyük Su Hazneli Yaz Oyuncağı,EN SİGA,GranTech,579,,,InStock,,,,,4.1,26,0,21,"[""Kargo Bedava""]",14 saat 49 dakika içinde sipariş verirsen en geç yarın kargoda!,carried_forward,4,https://www.trendyol.com/en-siga/elektrikli-ates-efektli-uzun-menzilli-sarjli-su-tabancasi-otomatik-surekli-atisli-isikli-buyuk-su-hazneli-yaz-oyuncagi-p-1156883214?boutiqueId=61&merchantId=1211588
cocuk:cocuk-oyuncak,459,495,,11.5,18.5,984233278,600595,984233278:600595,Romea Labubu Oyuncak Anahtarlık - Kutulu Kapalı Orjinal Paket - Karakterini Seç,Romea,,175,,,InStock,,,,,3.6,,,,[],,listing_only,,https://www.trendyol.com/romea/labubu-oyuncak-anahtarlik-kutulu-kapali-orjinal-paket-karakterini-sec-p-984233278?boutiqueId=61&merchantId=600595
cocuk:cocuk-oyuncak,749,785,,11.5,18.5,1078245660,111781,1078245660:111781,LEGO Speed Champions Ferrari SF90 XX Stradale Spor Araba 77254,LEGO,,1350.91,,,InStock,,,,,4,,,,"[""Kargo Bedava""]",,listing_only,,https://www.trendyol.com/lego/speed-champions-ferrari-sf90-xx-stradale-spor-araba-77254-p-1078245660?boutiqueId=61&merchantId=111781
cocuk:cocuk-oyuncak,63,99,-43,11.3,18.7,1086302714,1027891,1086302714:1027891,magnatech Manyetik Yapı Blokları | 100 Parça | 2 Adet Araba Dahil | Mıknatıslı Eğitici Oyuncak Seti,magnatech,Magnatech,1976.28,,0,InStock,,,,,4.8125,25,0,,"[""Kargo Bedava""]",Tahmini Teslim:,refreshed,0,https://www.trendyol.com/magnatech/manyetik-yapi-bloklari-100-parca-2-adet-araba-dahil-miknatisli-egitici-oyuncak-seti-p-1086302714?boutiqueId=61&merchantId=1027891
cocuk:cocuk-oyuncak,111,147,-3,11.3,18.7,1164832514,1159908,1164832514:1159908,PLASTMARKET Puzzle City 3D Şehir Kurma Blokları - Eğitici Ev Yapı Blokları Oyuncağı - 264 Parça,PLASTMARKET,PLASTMARKET,398,,0,InStock,,,,,4.150943396226415,25,1,8,"[""Kargo Bedava"",""Trendyol Plus'a Özel""]",3 saat 49 dakika içinde sipariş verirsen en geç yarın kargoda!,refreshed,0,https://www.trendyol.com/plastmarket/puzzle-city-3d-sehir-kurma-bloklari-egitici-ev-yapi-bloklari-oyuncagi-264-parca-p-1164832514?boutiqueId=61&merchantId=1159908
cocuk:cocuk-oyuncak,477,513,-285,11.3,18.7,868969064,311414,868969064:311414,Can Ali Toys Pilli Popit Eğitici Patlama Oyunu Varyasyon Oyunu,Can Ali Toys,BROTHERTOYS,281,,0,InStock,,,,,3.3,25,0,,[],Tahmini Teslim:,carried_forward,3,https://www.trendyol.com/can-ali-toys/pilli-popit-egitici-patlama-oyunu-varyasyon-oyunu-p-868969064?boutiqueId=61&merchantId=311414
cocuk:cocuk-oyuncak,726,762,,11.3,18.7,922881980,184960,922881980:184960,toysnet Bebeğimin Ilk Oyuncakları 2'li Set Eğitici Oyuncak Sevimli Kule Ve Bultak,toysnet,,175.43,,,InStock,,,,,4.3,,,,[],,listing_only,,https://www.trendyol.com/toysnet/bebegimin-ilk-oyuncaklari-2-li-set-egitici-oyuncak-sevimli-kule-ve-bultak-p-922881980?boutiqueId=61&merchantId=184960
cocuk:cocuk-oyuncak,167,203,-154,11.2,18.8,1157437173,109643,1157437173:109643,"Rüya Gezegeni 1 Adet Mini Taş - Kağıt - Makas Oyunu Anahtarlık , Parmak Oyuncağı , Parti Hediye , Stres Giderici Hediye",Rüya Gezegeni,Rüya Gezegeni,34.99,,0,InStock,,,,,4.104166666666667,24,0,,"[""Kargo Bedava""]",3 saat 47 dakika içinde sipariş verirsen en geç yarın kargoda!,refreshed,0,https://www.trendyol.com/ruya-gezegeni/1-adet-mini-tas-kagit-makas-oyunu-anahtarlik-parmak-oyuncagi-parti-hediye-stres-giderici-hediye-p-1157437173?boutiqueId=61&merchantId=109643
cocuk:cocuk-oyuncak,462,498,-295,11.2,18.8,1142827589,1086468,1142827589:1086468,"Fisher Price Bebek Aktivite Kitabı Aynalı – Tummy Time Oyuncağı, Montesorri Duyusal ve Görsel Gelişim 0-3 Yaş",Fisher Price,TabaGrup,448,,,InStock,,,,,4.4,24,0,4,"[""15 TL Kupon"",""Kargo Bedava""]",1 saat 52 dakika içinde sipariş verirsen en geç bugün kargoda!,carried_forward,26,https://www.trendyol.com/fisher-price/bebek-aktivite-kitabi-aynali-tummy-time-oyuncagi-montesorri-duyusal-ve-gorsel-gelisim-0-3-yas-p-1142827589?boutiqueId=61&merchantId=1086468
cocuk:cocuk-oyuncak,506,542,,11.2,19.8,260607964,203481,260607964:203481,mevatoys Geçmeli Birim Küpler - Snap Cubes - Matematik Küpleri - Akıl Küpleri - 50 Parça,mevatoys,,395.01,399,,InStock,,,,,4.8,,,,"[""Sepette %1 İndirim"",""Kargo Bedava""]",,listing_only,,https://www.trendyol.com/mevatoys/gecmeli-birim-kupler-snap-cubes-matematik-kupleri-akil-kupleri-50-parca-p-260607964?boutiqueId=61&merchantId=203481
cocuk:cocuk-oyuncak,241,277,-66,11,19,1126494825,968,1126494825:968,HOT WHEELS Premium Formula 1 Oracle Red Bull Racing RB20 (#1) 2025 Diecast Model Araba 1:64,HOT WHEELS,Trendyol,615,,2.7,InStock,,,,,4.603448275862069,23,1,,[],Tahmini Teslim:,refreshed,0,https://www.trendyol.com/hot-wheels/premium-formula-1-oracle-red-bull-racing-rb20-1-2025-diecast-model-araba-1-64-p-1126494825?boutiqueId=689716&merchantId=968
cocuk:cocuk-oyuncak,406,442,,11,19,1142051419,654669,1142051419:654669,"Haydi Dekor 🌊 Okyanus Temalı Dev Boyama Rulosu 45 cm x 4 Metre – Çocuklar Için Uzun Boyama Kağıdı, Eğitici ve Eğlenceli Aktivite Rulosu, Deniz Canlıları Boyama Seti, Büyük Boy Boyama Posteri",Haydi Dekor,,120.09,,,InStock,,,,,4.5,,,,[],,listing_only,,https://www.trendyol.com/haydi-dekor/okyanus-temali-dev-boyama-rulosu-45-cm-x-4-metre-cocuklar-icin-uzun-boyama-kagidi-egitici-ve-eglenceli-aktivite-rulosu-deniz-canlilari-boyama-seti-buyuk-boy-boyama-posteri-p-1142051419?boutiqueId=61&merchantId=654669
cocuk:cocuk-oyuncak,700,736,-526,11,19,1154927737,744768,1154927737:744768,Nandy Home Ortanca Çiçek Model Karakter Figürü 3D Yapı Oyuncakları - 130 Parça,Nandy Home,Nandy Kids,249.9,,73.7,InStock,,,,,4.318181818181818,23,7,,"[""Kargo Bedava"",""Trendyol Plus'a Özel""]",Tahmini Teslim:,refreshed,0,https://www.trendyol.com/nandy-home/ortanca-cicek-model-karakter-figuru-3d-yapi-oyuncaklari-130-parca-p-1154927737?boutiqueId=61&merchantId=744768
cocuk:cocuk-oyuncak,99,135,-38,10.9,19.1,1154780616,744768,1154780616:744768,Nandy Home British Shorthair Kedi Model Karakter Figürü 3D Yapı Oyuncakları - 172 Parça,Nandy Home,Nandy Kids,133.7,,0,InStock,,,,,4.671232876712328,22,1,13,"[""Kargo Bedava"",""Son 10 Günün En Düşük Fiyatı"",""Trendyol Plus'a Özel""]",3 saat 50 dakika içinde sipariş verirsen en geç yarın kargoda!,refreshed,0,https://www.trendyol.com/nandy-home/british-shorthair-kedi-model-karakter-figuru-3d-yapi-oyuncaklari-172-parca-p-1154780616?boutiqueId=61&merchantId=744768
cocuk:cocuk-oyuncak,214,250,10,10.9,19.1,1143306110,1180760,1143306110:1180760,"By Kidchen Tigglo 10’lu Sürpriz Mini Hayvan Figür Seti – Renkli Oyuncak | Hareketli, Koleksiyonluk Figürler",By Kidchen,UniMES Creative,220.14,,0,InStock,,,,,4.964285714285714,22,3,5,"[""Kargo Bedava""]",3 saat 45 dakika içinde sipariş verirsen en geç yarın kargoda!,refreshed,0,https://www.trendyol.com/by-kidchen/tigglo-10-lu-surpriz-mini-hayvan-figur-seti-renkli-oyuncak-hareketli-koleksiyonluk-figurler-p-1143306110?boutiqueId=61&merchantId=1180760
cocuk:cocuk-oyuncak,453,489,-248,10.9,19.1,1149971026,807625,1149971026:807625,Boratila Toys Işıklı Ve Sesli Hızlı Popit Oyuncak El Konsolu - 999+ Seviyeli 4 Farklı Oyun Modlu Elektronik Hafıza Ve Zeka Geliştirici Çocuk Oyuncak,Boratila Toys,Boratila Toys,429,,13.2,InStock,,,,,4.7,22,0,16,"[""Kargo Bedava""]",1 saat 50 dakika içinde sipariş verirsen en geç bugün kargoda!,carried_forward,6,https://www.trendyol.com/boratila-toys/isikli-ve-sesli-hizli-popit-oyuncak-el-konsolu-999-seviyeli-4-farkli-oyun-modlu-elektronik-hafiza-ve-zeka-gelistirici-cocuk-oyuncak-p-1149971026?boutiqueId=61&merchantId=807625
cocuk:cocuk-oyuncak,691,727,,10.9,19.1,865591845,1289015,865591845:1289015,Techmarketi 40cm Pikaçu Pokemoon peluş oyuncak pamuk süper yumusak doldurulmus oyuncak ithal kumaş,Techmarketi,,450,,,InStock,,,,,4.9,,,,"[""Kargo Bedava""]",,listing_only,,https://www.trendyol.com/techmarketi/40cm-pikacu-pokemoon-pelus-oyuncak-pamuk-super-yumusak-doldurulmus-oyuncak-ithal-kumas-p-865591845?boutiqueId=61&merchantId=1289015
cocuk:cocuk-oyuncak,166,202,-135,10.7,19.3,1123317212,769726,1123317212:769726,OYUNKAFASI 20 Adet Suda Büyüyen Dinazor Yumurtası – 3 cm Çatlayan Sürpriz Dinazor Yumurta Hediyelik Oyuncak,OYUNKAFASI,OYUNKAFASI,439.99,,14.9,InStock,,,,,4.0588235294117645,21,0,18,"[""Sepette %1 İndirim"",""Kargo Bedava"",""Trendyol Plus'a Özel""]",3 saat 47 dakika içinde sipariş verirsen en geç yarın kargoda!,refreshed,0,https://www.trendyol.com/oyunkafasi/20-adet-suda-buyuyen-dinazor-yumurtasi-3-cm-catlayan-surpriz-dinazor-yumurta-hediyelik-oyuncak-p-1123317212?boutiqueId=61&merchantId=769726
cocuk:cocuk-oyuncak,171,207,-21,10.7,19.3,1160950139,1257762,1160950139:1257762,bmd Sek Sek Halka Oyunu | 10 Renkli Halka Birleştirmeli Parkur Oyuncağı | Denge ve Koordinasyon Eğitici Oyuncak,bmd,Joo Toys,349.99,,0,InStock,,,,,4.7317073170731705,21,0,,"[""Sepette %25 İndirim"",""Kargo Bedava""]",Tahmini Teslim:,refreshed,0,https://www.trendyol.com/bmd/sek-sek-halka-oyunu-10-renkli-halka-birlestirmeli-parkur-oyuncagi-denge-ve-koordinasyon-egitici-oyuncak-p-1160950139?boutiqueId=61&merchantId=1257762
cocuk:cocuk-oyuncak,400,436,-185,10.7,19.3,1126462411,968,1126462411:968,LEGO ® Speed Champions Ken Block'un '65 Ford Mustang Hoonicorn V1'i 77262 - 9+ için Yapım Seti (345P),LEGO,Cosmeticsandmore,1149,,,InStock,,,,,4.7,21,0,5,[],1 saat 49 dakika içinde sipariş verirsen en geç bugün kargoda!,carried_forward,6,https://www.trendyol.com/lego/speed-champions-ken-block-un-65-ford-mustang-hoonicorn-v1-i-77262-9-icin-yapim-seti-345p-p-1126462411?boutiqueId=690823&merchantId=968
cocuk:cocuk-oyuncak,479,515,-360,10.7,19.3,1154928101,744768,1154928101:744768,Nandy Home Yıldız Çiçek Model Karakter Figürü 3D Yapı Oyuncakları - 144 Parça,Nandy Home,Nandy Kids,249.9,,77,InStock,,,,,4.5,21,0,3,[],5 saat 52 dakika içinde sipariş verirsen en geç bugün kargoda!,carried_forward,19,https://www.trendyol.com/nandy-home/yildiz-cicek-model-karakter-figuru-3d-yapi-oyuncaklari-144-parca-p-1154928101?boutiqueId=61&merchantId=744768
cocuk:cocuk-oyuncak,639,675,,10.7,19.3,1115254345,378002,1115254345:378002,HOT WHEELS HOTWHEELS Tekli Arabalar '16 Lamborghini Centenario Roadster JJK74 (Exotics),HOT WHEELS,,545,,,InStock,,,,,4.5,,,,"[""Sepette %2 İndirim"",""Kargo Bedava""]",,listing_only,,https://www.trendyol.com/hot-wheels/hotwheels-tekli-arabalar-16-lamborghini-centenario-roadster-jjk74-exotics-p-1115254345?boutiqueId=61&merchantId=378002
cocuk:cocuk-oyuncak,139,175,42,10.6,19.4,1124627155,590132,1124627155:590132,babysch Ahşap Geometrik şekşller 4lü,babysch,Babysch,213.27,,31.7,InStock,,,,,4.2727272727272725,20,1,,"[""Sepette %5 İndirim"",""Kargo Bedava""]",Tahmini Teslim:,refreshed,0,https://www.trendyol.com/babysch/ahsap-geometrik-seksller-4lu-p-1124627155?boutiqueId=61&merchantId=590132
cocuk:cocuk-oyuncak,532,568,,10.6,19.4,929752781,929817,929752781:929817,Leiste Kuyruk Çekiştirme Oyunu Çocuk Duyusal Motor Berceri Aktivite Eğitici Yakalama Kemeri Gelişim Oyunu,Leiste,,298.88,,,InStock,,,,,4.2,,,,[],,listing_only,,https://www.trendyol.com/leiste/kuyruk-cekistirme-oyunu-cocuk-duyusal-motor-berceri-aktivite-egitici-yakalama-kemeri-gelisim-oyunu-p-929752781?boutiqueId=61&merchantId=929817
cocuk:cocuk-oyuncak,538,574,,10.6,19.4,1135776375,1166331,1135776375:1166331,HOT WHEELS Modern Classics Porsche 993 GT2,HOT WHEELS,,790,,,InStock,,,,,4,,,,"[""Kargo Bedava""]",,listing_only,,https://www.trendyol.com/hot-wheels/modern-classics-porsche-993-gt2-p-1135776375?boutiqueId=61&merchantId=1166331
cocuk:cocuk-oyuncak,578,614,,10.6,19.4,1149515307,1138729,1149515307:1138729,aydogdushopping Figürlü gölgelikli bebek botu bebek simidi güneşten koruyucu simit 0-3 yaş PEMBE,aydogdushopping,,499,,,InStock,,,,,4.1,,,,"[""Kargo Bedava""]",,listing_only,,https://www.trendyol.com/aydogdushopping/figurlu-golgelikli-bebek-botu-bebek-simidi-gunesten-koruyucu-simit-0-3-yas-pembe-p-1149515307?boutiqueId=61&merchantId=1138729
cocuk:cocuk-oyuncak,610,646,,10.6,19.4,1015306606,357670,1015306606:357670,YAHO OYUNCAĞIN DOĞAL HALİ Ahşap Hareketli Küçük Alfabe Seti(Her Harften 10 Adet),YAHO OYUNCAĞIN DOĞAL HALİ,,631.37,,,InStock,,,,,4.4,,,,"[""Kargo Bedava""]",,listing_only,,https://www.trendyol.com/yaho-oyuncagin-dogal-hali/ahsap-hareketli-kucuk-alfabe-seti-her-harften-10-adet-p-1015306606?boutiqueId=61&merchantId=357670
cocuk:cocuk-kitap,45,858,,10.6,21.9,1177250687,616924,1177250687:616924,Timaş Çocuk Babası Kılıklı,Timaş Çocuk,,147.5,,,InStock,,,,,4.8,,,,[],,listing_only,,https://www.trendyol.com/timas-cocuk/babasi-kilikli-p-1177250687?boutiqueId=61&merchantId=616924
cocuk:cocuk-oyuncak,583,619,,10.5,23.8,1135252310,1257762,1135252310:1257762,ANT TOYS Vakum Molekül 25 Parça Yapı Taşları Fidget Duyusal Eğitici Oyuncak Squigz,ANT TOYS,,184.74,193.05,,InStock,,,,,4.2,,,,"[""Son 10 Günün En Düşük Fiyatı""]",,listing_only,,https://www.trendyol.com/ant-toys/vakum-molekul-25-parca-yapi-taslari-fidget-duyusal-egitici-oyuncak-squigz-p-1135252310?boutiqueId=61&merchantId=1257762
cocuk:cocuk-oyuncak,277,313,-102,10.4,19.6,1138869430,968,1138869430:968,LEGO ® Botanicals Sallanan Bitkiler 11506 - 9 Yaş Üzeri Çocuklar için Oyuncak Yapım Seti (253 Parça),LEGO,Trendyol,919.56,,0,InStock,,,,,5,19,0,,[],Tahmini Teslim:,carried_forward,2,https://www.trendyol.com/lego/botanicals-sallanan-bitkiler-11506-9-yas-uzeri-cocuklar-icin-oyuncak-yapim-seti-253-parca-p-1138869430?boutiqueId=690823&merchantId=968
cocuk:cocuk-oyuncak,449,485,-226,10.4,19.6,1140195228,600595,1140195228:600595,"Empressco Eğitici Sanal Bebek Anahtarlık, Renkli ve Şık Tasarım",Empressco,ads Street,199,,0,InStock,,,,,4,19,0,174,[],6 saat 49 dakika içinde sipariş verirsen en geç bugün kargoda!,carried_forward,6,https://www.trendyol.com/empressco/egitici-sanal-bebek-anahtarlik-renkli-ve-sik-tasarim-p-1140195228?boutiqueId=61&merchantId=600595
cocuk:cocuk-oyuncak,585,621,,10.3,21.7,774761663,143468,774761663:143468,YILDIRIM OYUNCAK Eğitici Manyetik Tangram Yazı Tahtası 126 Parça Set 25 cm,YILDIRIM OYUNCAK,,286.73,292.58,,InStock,,,,,3.9,,,,"[""Sepette %2 İndirim""]",,listing_only,,https://www.trendyol.com/yildirim-oyuncak/egitici-manyetik-tangram-yazi-tahtasi-126-parca-set-25-cm-p-774761663?boutiqueId=61&merchantId=143468
cocuk:cocuk-oyuncak,95,131,56,10.2,19.8,1145202824,744768,1145202824:744768,Nandy Home Peluş Penguen Uyku Arkadaşı ve Dönüşebilen Yastık,Nandy Home,Nandy Kids,349.9,,0.3,InStock,,,,,4.75,18,0,,"[""Kargo Bedava"",""Trendyol Plus'a Özel""]",Tahmini Teslim:,refreshed,0,https://www.trendyol.com/nandy-home/pelus-penguen-uyku-arkadasi-ve-donusebilen-yastik-p-1145202824?boutiqueId=61&merchantId=744768
cocuk:cocuk-oyuncak,414,450,-311,10.2,22.8,1164319023,116274,1164319023:116274,oruçoyuncak Mama Sandalyesi Eğlencesi Vantuzlu Işıklı Dönme Dolap,oruçoyuncak,fırsatoyuncak,581.03,599,0,InStock,,,,,4,7,0,12,"[""Sepette %3 İndirim"",""Kargo Bedava""]",1 saat 53 dakika içinde sipariş verirsen en geç bugün kargoda!,carried_forward,28,https://www.trendyol.com/orucoyuncak/mama-sandalyesi-eglencesi-vantuzlu-isikli-donme-dolap-p-1164319023?boutiqueId=61&merchantId=116274
cocuk:cocuk-oyuncak,460,496,,10.2,19.8,1164167183,1159908,1164167183:1159908,PLASTMARKET Molekül Yapı Blokları Oyuncağı - Eğitici Oyuncak - Zeka ve Stem Geliştirici Oyuncak - 120 Parça,PLASTMARKET,,149,,,InStock,,,,,3.5,,,,[],,listing_only,,https://www.trendyol.com/plastmarket/molekul-yapi-bloklari-oyuncagi-egitici-oyuncak-zeka-ve-stem-gelistirici-oyuncak-120-parca-p-1164167183?boutiqueId=61&merchantId=1159908
cocuk:cocuk-oyuncak,483,519,,10.2,19.8,1126122062,654669,1126122062:654669,Haydi Dekor 🌾 Çiftliğimi Boyuyorum 🐄 – 5 Metre Dev Çiftlik Temalı Boyama Rulosu |,Haydi Dekor,,115.05,,,InStock,,,,,4.6,,,,[],,listing_only,,https://www.trendyol.com/haydi-dekor/ciftligimi-boyuyorum-5-metre-dev-ciftlik-temali-boyama-rulosu-p-1126122062?boutiqueId=61&merchantId=654669
cocuk:cocuk-oyuncak,633,669,,10.2,19.8,1147764756,968,1147764756:968,LEGO ® Harry Potter™ Özgür Ev Cini Dobby™ 76469 - 8 Yaş ve Üzeri için Oyuncak Yapım Seti (379 Parça),LEGO,,1602,,,InStock,,,,,4.6,,,,[],,listing_only,,https://www.trendyol.com/lego/harry-potter-ozgur-ev-cini-dobby-76469-8-yas-ve-uzeri-icin-oyuncak-yapim-seti-379-parca-p-1147764756?boutiqueId=690823&merchantId=968
cocuk:cocuk-kitap,174,987,,10.2,19.8,1151995803,1015243,1151995803:1015243,Genel Markalar Postayla Gelen Deniz Kabuğu,Genel Markalar,,232.71,,,InStock,,,,,4.6,,,,[],,listing_only,,https://www.trendyol.com/genel-markalar/postayla-gelen-deniz-kabugu-p-1151995803?boutiqueId=61&merchantId=1015243
cocuk:cocuk-oyuncak,140,176,-27,10,20,691832557,262137,691832557:262137,"EDX 6 Renkli Aktarma Seti Cımbızı, Pratik ve Renkli Takım",EDX,JUJU OYUNCAK,74.99,,0,InStock,,,,,4.805555555555555,17,0,,"[""Kargo Bedava""]",Tahmini Teslim:,refreshed,0,https://www.trendyol.com/edx/6-renkli-aktarma-seti-cimbizi-pratik-ve-renkli-takim-p-691832557?boutiqueId=61&merchantId=262137
cocuk:cocuk-oyuncak,476,512,-270,10,20,1173659547,1226953,1173659547:1226953,Minishopio Özel Tasarım Lüks Ördek Figürlü Yenidoğan Bebek Uyku Arkadaşı Yumuşacık Doğal Kumaş Uyku Yastığı,Minishopio,MiniShopio,184.26,,-7.4,InStock,,,,,4.1,17,0,7,[],3 saat 51 dakika içinde sipariş verirsen en geç bugün kargoda!,carried_forward,7,https://www.trendyol.com/minishopio/ozel-tasarim-luks-ordek-figurlu-yenidogan-bebek-uyku-arkadasi-yumusacik-dogal-kumas-uyku-yastigi-p-1173659547?boutiqueId=61&merchantId=1226953
cocuk:cocuk-oyuncak,622,658,,10,20,1167703292,105014,1167703292:105014,Tommybaby Manyetik Yapı Blokları –Top Yuvarlama Seti Çocuklar İçin Renkli 3 Boyutlu 130 Parça Manyetik Oyun,Tommybaby,,2349,,,InStock,,,,,4.1,,,,"[""Kargo Bedava""]",,listing_only,,https://www.trendyol.com/tommybaby/manyetik-yapi-bloklari-top-yuvarlama-seti-cocuklar-icin-renkli-3-boyutlu-130-parca-manyetik-oyun-p-1167703292?boutiqueId=61&merchantId=105014
cocuk:cocuk-oyuncak,686,722,,9.9,21.1,957931225,671346,957931225:671346,andelart 11 Parça Geometrik Şekiller Eğitici Geometrik Şekiller İlkokul ve Okul Öncesi Eğitici Matematik Seti,andelart,,254.3,256.87,,InStock,,,,,4.5,,,,"[""Sepette %1 İndirim""]",,listing_only,,https://www.trendyol.com/andelart/11-parca-geometrik-sekiller-egitici-geometrik-sekiller-ilkokul-ve-okul-oncesi-egitici-matematik-seti-p-957931225?boutiqueId=61&merchantId=671346
cocuk:cocuk-oyuncak,151,187,6,9.6,20.4,1095675593,367733,1095675593:367733,neşeli ahşap Ahşap Ritim Çubuğu 10mm Çap 1çift 2 adet,neşeli ahşap,Wood Valley,20.37,,11.6,InStock,,,,,4.1923076923076925,15,2,13,"[""Kargo Bedava""]",Tahmini Teslim:,refreshed,0,https://www.trendyol.com/neseli-ahsap/ahsap-ritim-cubugu-10mm-cap-1cift-2-adet-p-1095675593?boutiqueId=61&merchantId=367733
cocuk:cocuk-oyuncak,253,289,-67,9.6,20.4,1180979844,1163720,1180979844:1163720,"Genel Markalar şeklinde dokunmatik ve ritim sensörlü interaktif müzikli peluş oyuncak,",Genel Markalar,Tori ToyS,499,,0,InStock,,,,,3.3,15,1,,"[""Kargo Bedava""]",Tahmini Teslim:,refreshed,0,https://www.trendyol.com/genel-markalar/seklinde-dokunmatik-ve-ritim-sensorlu-interaktif-muzikli-pelus-oyuncak-p-1180979844?boutiqueId=61&merchantId=1163720
cocuk:cocuk-oyuncak,497,533,-446,9.6,20.4,308641052,1202485,308641052:1202485,Ogi Mogi Toys Harf ve Rakam Seti – 220 Parça Eğitici Okul Öncesi Hazırlık Seti,Ogi Mogi Toys,Ogi Mogi Toys,431.99,,2.9,InStock,,,,,4.64,15,0,4,"[""Kargo Bedava"",""Sepette %20 İndirim"",""Sepette %3 İndirim"",""50 TL Kupon"",""263,94 TL Kupon"",""1.795 TL Kupon"",""Trendyol Plus'a Özel""]",Tahmini Teslim:,refreshed,0,https://www.trendyol.com/ogi-mogi-toys/harf-ve-rakam-seti-220-parca-egitici-okul-oncesi-hazirlik-seti-p-308641052?boutiqueId=61&merchantId=1202485
cocuk:cocuk-oyuncak,559,595,,9.6,20.4,1165263541,866336,1165263541:866336,CROW'S TECH Görüntülü Çocuk Telsizi Eğitici Oyuncak Uzun Pil Ömürlü Ses Efektli İletişim Kameralı İkili Set,CROW'S TECH Görüntülü,,1339.99,,,InStock,,,,,4.6,,,,"[""50 TL Kupon"",""Kargo Bedava""]",,listing_only,,https://www.trendyol.com/crow-s-tech/goruntulu-cocuk-telsizi-egitici-oyuncak-uzun-pil-omurlu-ses-efektli-iletisim-kamerali-ikili-set-p-1165263541?boutiqueId=61&merchantId=866336
cocuk:cocuk-kitap,91,904,,9.6,20.4,1155611508,616924,1155611508:616924,İlk Genç Timaş Gizli Dedektifler Okulu,İlk Genç Timaş,,149.9,,,InStock,,,,,4.5,,,,[],,listing_only,,https://www.trendyol.com/ilk-genc-timas/gizli-dedektifler-okulu-p-1155611508?boutiqueId=61&merchantId=616924
cocuk:cocuk-oyuncak,254,290,,9.4,20.6,1127548990,116499,1127548990:116499,KOZART Uyku Arkadaşı Peluş Unicorn Figürlü Yastık 33 cm.,KOZART,KOZART,199,,,InStock,,,,,3.588235294117647,14,,,"[""Sepette %1 İndirim"",""Kargo Bedava"",""Trendyol Plus'a Özel""]",Tahmini Teslim:,refreshed,0,https://www.trendyol.com/kozart/uyku-arkadasi-pelus-unicorn-figurlu-yastik-33-cm-p-1127548990?boutiqueId=61&merchantId=116499
cocuk:cocuk-oyuncak,399,435,,9.4,20.6,1174630384,1108363,1174630384:1108363,Kiki Işıklı Dönen Vantuzlu Mama Sandalyesi Oyuncağı | LED Işıklı Duyusal Aktivite Oyuncağı | BPA İçermez | CE & EN71 Sertifikalı,Kiki,,599.9,,,InStock,,,,,4.9,,,,"[""Kargo Bedava""]",,listing_only,,https://www.trendyol.com/kiki/isikli-donen-vantuzlu-mama-sandalyesi-oyuncagi-led-isikli-duyusal-aktivite-oyuncagi-bpa-icermez-ce-en71-sertifikali-p-1174630384?boutiqueId=61&merchantId=1108363
cocuk:cocuk-oyuncak,416,452,,9.4,20.6,1158194053,420399,1158194053:420399,TİNEKE Bebekler İçin Sayı İstiflenebilir Bardak Oyuncağı 9 Parça Eğitici Denge ve Sıralama Oyunu,TİNEKE,,199,,,InStock,,,,,3.9,,,,[],,listing_only,,https://www.trendyol.com/tineke/bebekler-icin-sayi-istiflenebilir-bardak-oyuncagi-9-parca-egitici-denge-ve-siralama-oyunu-p-1158194053?boutiqueId=61&merchantId=420399
cocuk:cocuk-oyuncak,507,543,-260,9.4,20.6,952207778,137889,952207778:137889,robokids Montessori Şekil Eşleştirme Küpü - Renkli Geometrik Bloklu Eğitici Oyuncak,robokids,Robokids,529,,9.5,InStock,,,,,4.8,14,0,8,"[""Kargo Bedava""]",14 saat 49 dakika içinde sipariş verirsen en geç yarın kargoda!,carried_forward,7,https://www.trendyol.com/robokids/montessori-sekil-eslestirme-kupu-renkli-geometrik-bloklu-egitici-oyuncak-p-952207778?boutiqueId=61&merchantId=137889
cocuk:cocuk-oyuncak,587,623,,9.4,20.6,1027454527,968,1027454527:968,LEGO ® Doğum Günü Pastası 40815 – 7 Yaş Üzeri Çocuklar için Dekoratif Oyuncak Yapım Seti (219 Parça),LEGO,,629,,,InStock,,,,,4.6,,,,[],,listing_only,,https://www.trendyol.com/lego/dogum-gunu-pastasi-40815-7-yas-uzeri-cocuklar-icin-dekoratif-oyuncak-yapim-seti-219-parca-p-1027454527?boutiqueId=690823&merchantId=968
cocuk:cocuk-oyuncak,747,783,,9.4,20.6,966463679,289043,966463679:289043,afreyz oyuncak Mercedes Benz Sprinter Diecast Ups Kargo Minibüs 4 Kapı Açılır Ups Kargo Çek Bırak Mercedes,afreyz oyuncak,,599,,,InStock,,,,,3.9,,,,"[""Kargo Bedava""]",,listing_only,,https://www.trendyol.com/afreyz-oyuncak/mercedes-benz-sprinter-diecast-ups-kargo-minibus-4-kapi-acilir-ups-kargo-cek-birak-mercedes-p-966463679?boutiqueId=61&merchantId=289043
cocuk:cocuk-oyuncak,80,116,-13,9.2,20.8,1080415350,262137,1080415350:262137,YUMURCAKTOYS Aktarma Seti Kase Ve Cımbız 6 Lı Set,YUMURCAKTOYS,JUJU OYUNCAK,191.99,,18.5,InStock,,,,,4.642857142857143,13,0,,"[""Kargo Bedava""]",Tahmini Teslim:,refreshed,0,https://www.trendyol.com/yumurcaktoys/aktarma-seti-kase-ve-cimbiz-6-li-set-p-1080415350?boutiqueId=61&merchantId=262137
cocuk:cocuk-oyuncak,262,298,,9.2,20.8,1161089314,454,1161089314:454,Fenerbahçe PREMIUM ARABA LACİVERT,Fenerbahçe,FENERIUM,450,,,InStock,,,,,4.75,13,,,"[""Kargo Bedava""]",Tahmini Teslim:,refreshed,0,https://www.trendyol.com/fenerbahce/premium-araba-lacivert-p-1161089314?boutiqueId=61&merchantId=454
cocuk:cocuk-oyuncak,732,768,,9.2,22.8,1137716522,143468,1137716522:143468,YILDIRIM OYUNCAK Pilli Işıklı Otomatik Balon Köpük Tabancası 14cm – Tek Tuşla Yüzlerce Balon Çıkaran Bubble Gun Oyuncak,YILDIRIM OYUNCAK,,342.99,349.99,,InStock,,,,,5,,,,"[""Sepette %2 İndirim""]",,listing_only,,https://www.trendyol.com/yildirim-oyuncak/pilli-isikli-otomatik-balon-kopuk-tabancasi-14cm-tek-tusla-yuzlerce-balon-cikaran-bubble-gun-oyuncak-p-1137716522?boutiqueId=61&merchantId=143468
cocuk:cocuk-oyuncak,440,476,,8.6,22.4,898255979,203481,898255979:203481,Nihal Süeda Eğitici Aktarma Cımbızı Plastik Maşa Aktarma Seti Cımbızı (6 ADET),Nihal Süeda,,137.61,139,,InStock,,,,,5,,,,"[""Sepette %1 İndirim""]",,listing_only,,https://www.trendyol.com/nihal-sueda/egitici-aktarma-cimbizi-plastik-masa-aktarma-seti-cimbizi-6-adet-p-898255979?boutiqueId=61&merchantId=203481
cocuk:cocuk-oyuncak,649,685,,8.6,21.4,1154825155,1071310,1154825155:1071310,tredblock Monster High G1-G2-G3 Uyumlu Bebek Standı - Monster High Logosu Detaylı,tredblock,,189,,,InStock,,,,,4.4,,,,[],,listing_only,,https://www.trendyol.com/tredblock/monster-high-g1-g2-g3-uyumlu-bebek-standi-monster-high-logosu-detayli-p-1154825155?boutiqueId=61&merchantId=1071310
cocuk:cocuk-oyuncak,664,700,,8.6,24.4,1174743032,1048417,1174743032:1048417,ADİL OYUNCAK Manyetik Yapı Blokları Ball Run – Çocuklar İçin Renkli 3 Boyutlu 52 Parça Manyetik Blok Oyun Seti mıknatıslı eğitici oyuncak manyetik bloklar,ADİL OYUNCAK,,863.53,890.24,,InStock,,,,,3.8,,,,"[""Sepette %3 İndirim"",""Kargo Bedava""]",,listing_only,,https://www.trendyol.com/adil-oyuncak/manyetik-yapi-bloklari-ball-run-cocuklar-icin-renkli-3-boyutlu-52-parca-manyetik-blok-oyun-seti-miknatisli-egitici-oyuncak-manyetik-bloklar-p-1174743032?boutiqueId=61&merchantId=1048417
cocuk:cocuk-oyuncak,105,141,14,8.3,21.7,1192881637,1078313,1192881637:1078313,Minolio LED Işıklı Çizim ve Boyama Tahtası 30x20 Büyük Boy Stant ve 7 Adet Kalem Hediyeli,Minolio,Minolio,577.5,,0,InStock,,,,,4.615384615384615,10,0,9,"[""Kargo Bedava""]",3 saat 50 dakika içinde sipariş verirsen en geç yarın kargoda!,refreshed,0,https://www.trendyol.com/minolio/led-isikli-cizim-ve-boyama-tahtasi-30x20-buyuk-boy-stant-ve-7-adet-kalem-hediyeli-p-1192881637?boutiqueId=61&merchantId=1078313
cocuk:cocuk-oyuncak,670,706,,8.3,21.7,1182137139,1281994,1182137139:1281994,TİVENS Sesli Havlayan Yürüyen Pilli Peluş Köpek Oyuncak – Sevimli Hareketli Emekleme Arkadaşı Çocuk Oyuncağı,TİVENS,,299,,,InStock,,,,,3.6,,,,[],,listing_only,,https://www.trendyol.com/tivens/sesli-havlayan-yuruyen-pilli-pelus-kopek-oyuncak-sevimli-hareketli-emekleme-arkadasi-cocuk-oyuncagi-p-1182137139?boutiqueId=61&merchantId=1281994
cocuk:cocuk-oyuncak,487,523,,8,23.8,1177187109,968,1177187109:968,LEGO ® Editions Olivia Rodrigo’nun Konser Ayı 43029 - 14+ Yaş için Oyuncak Yapım Seti (670 Parça),LEGO,,2659.24,2706.96,,InStock,,,,,4.8,,,,"[""Son 10 Günün En Düşük Fiyatı""]",,listing_only,,https://www.trendyol.com/lego/editions-olivia-rodrigo-nun-konser-ayi-43029-14-yas-icin-oyuncak-yapim-seti-670-parca-p-1177187109?boutiqueId=689716&merchantId=968
cocuk:cocuk-oyuncak,650,686,,8,22,1159306224,111781,1159306224:111781,LEGO NINJAGO Lloyd’un Ejderha Robotu Savaş Paketi 71862 - 6 Yaş ve Üzeri Çocuklar için 3 Minifigür İ,LEGO,,579,,,InStock,,,,,5,,,,"[""Kargo Bedava""]",,listing_only,,https://www.trendyol.com/lego/ninjago-lloyd-un-ejderha-robotu-savas-paketi-71862-6-yas-ve-uzeri-cocuklar-icin-3-minifigur-i-p-1159306224?boutiqueId=61&merchantId=111781
cocuk:cocuk-oyuncak,667,703,,8,22,1172724319,137889,1172724319:137889,robokids Hayvan Figürlü Bas-Bırak Git Araba | Eğitici | 4'lü set,robokids,,899,,,InStock,,,,,5,,,,"[""Kargo Bedava""]",,listing_only,,https://www.trendyol.com/robokids/hayvan-figurlu-bas-birak-git-araba-egitici-4-lu-set-p-1172724319?boutiqueId=61&merchantId=137889
cocuk:cocuk-oyuncak,225,261,,7.6,22.4,1085830473,670030,1085830473:670030,CARON CHOCOLATE Eğitici Ahşap Boyama Oyunu Orman Hayvanları Figürü Seti | Kendin Boya | Okul ve Atölye Etkinlikleri,CARON CHOCOLATE,Caron Çikolata Hediyelik,149.9,,,InStock,,,,,4.315789473684211,8,,14,"[""Kargo Bedava""]",Tahmini Teslim:,refreshed,0,https://www.trendyol.com/caron-chocolate/egitici-ahsap-boyama-oyunu-orman-hayvanlari-figuru-seti-kendin-boya-okul-ve-atolye-etkinlikleri-p-1085830473?boutiqueId=61&merchantId=670030
cocuk:cocuk-oyuncak,689,725,,7.6,22.4,1112758296,134257,1112758296:134257,Bi Kutu Oyun Dünya Varmış - Genel Kültür ve Dikkat Oyunu (7 Farklı Oyun),Bi Kutu Oyun,,276.49,,,InStock,,,,,4.9,,,,[],,listing_only,,https://www.trendyol.com/bi-kutu-oyun/dunya-varmis-genel-kultur-ve-dikkat-oyunu-7-farkli-oyun-p-1112758296?boutiqueId=61&merchantId=134257
cocuk:cocuk-oyuncak,738,774,,7.6,22.4,1160181702,190370,1160181702:190370,Brother Toys Metal Gövdeli Büyük Boy 23 Cm. Sesli Işıklı ÇekBırak Oyuncak Uçak Türk Hava Yolları Thy,Brother Toys,,549.9,,,InStock,,,,,4.4,,,,"[""Kargo Bedava""]",,listing_only,,https://www.trendyol.com/brother-toys/metal-govdeli-buyuk-boy-23-cm-sesli-isikli-cekbirak-oyuncak-ucak-turk-hava-yollari-thy-p-1160181702?boutiqueId=61&merchantId=190370
cocuk:cocuk-oyuncak,660,696,,7.4,24.4,1176939361,1314296,1176939361:1314296,OEM Needoh Jel Squish Ahtapot - Pembe,OEM,,540,550,,InStock,,,,,4.5,,,,"[""10 TL Kupon"",""Kargo Bedava""]",,listing_only,,https://www.trendyol.com/oem/needoh-jel-squish-ahtapot-pembe-p-1176939361?boutiqueId=61&merchantId=1314296
cocuk:cocuk-oyuncak,127,163,0,7.2,22.8,1154798920,314010,1154798920:314010,SAZE 🚗 10’lu Mini Araba Seti Renkli Oyuncak Araçlar 2+ Yaş,SAZE,ŞAZE SHOP,160,,0,InStock,,,,,4.181818181818182,7,1,,"[""Kargo Bedava""]",Tahmini Teslim:,refreshed,0,https://www.trendyol.com/saze/10-lu-mini-araba-seti-renkli-oyuncak-araclar-2-yas-p-1154798920?boutiqueId=61&merchantId=314010
cocuk:cocuk-oyuncak,232,268,-48,7.2,22.8,1124471423,769726,1124471423:769726,OYUNKAFASI Üflemeli Top 1 Adet Uçan Top Oyuncaği Nefes Egzersizi- Karne Hediyesi,OYUNKAFASI,OYUNKAFASI,19,,0,InStock,,,,,3.642857142857143,7,0,,"[""Sepette %1 İndirim"",""10 TL Kupon"",""Kargo Bedava"",""Trendyol Plus'a Özel""]",3 saat 45 dakika içinde sipariş verirsen en geç yarın kargoda!,refreshed,0,https://www.trendyol.com/oyunkafasi/uflemeli-top-1-adet-ucan-top-oyuncagi-nefes-egzersizi-karne-hediyesi-p-1124471423?boutiqueId=61&merchantId=769726
cocuk:cocuk-oyuncak,303,339,-180,7.2,22.8,1144879174,968,1144879174:968,LEGO ® Botanicals Kozmos Çiçekleri 11514 - 9 Yaş Üzeri Çocuklar için Oyuncak Yapım Seti (171 Parça),LEGO,Trendyol,691,,9.9,InStock,,,,,4.8,7,0,1,[],5 saat 53 dakika içinde sipariş verirsen en geç bugün kargoda!,carried_forward,25,https://www.trendyol.com/lego/botanicals-kozmos-cicekleri-11514-9-yas-uzeri-cocuklar-icin-oyuncak-yapim-seti-171-parca-p-1144879174?boutiqueId=690823&merchantId=968
cocuk:cocuk-oyuncak,382,418,-208,7.2,22.8,1176657779,216938,1176657779:216938,Eq deco Montessori Busy Board Keçe Aktivite Kitabı Eğitici Günlük Yaşam Aktivite Kitabı,Eq deco,Eq-Deco,429,,0,InStock,,,,,4.8,7,0,3,"[""Kargo Bedava""]",Tahmini Teslim:,carried_forward,10,https://www.trendyol.com/eq-deco/montessori-busy-board-kece-aktivite-kitabi-egitici-gunluk-yasam-aktivite-kitabi-p-1176657779?boutiqueId=61&merchantId=216938
cocuk:cocuk-oyuncak,384,420,,7.2,22.8,1178746514,1027595,1178746514:1027595,KİDOSE Çocuklar İçin Keçe Dikiş Etkinlik Seti - 8'li Hayvanlar Dikiş Set - Çocuklar İçin Eğitici Kendin Yap (DIY) Oyuncak ve Aktivite Seti,KİDOSE,,332.5,,,InStock,,,,,5,,,,[],,listing_only,,https://www.trendyol.com/kidose/cocuklar-icin-kece-dikis-etkinlik-seti-8-li-hayvanlar-dikis-set-cocuklar-icin-egitici-kendin-yap-diy-oyuncak-ve-aktivite-seti-p-1178746514?boutiqueId=61&merchantId=1027595
cocuk:cocuk-oyuncak,638,674,,7.2,23.8,1143296332,769726,1143296332:769726,OYUNKAFASI Mini Pati Squishy Oyuncak Renkli Yumuşak Sıkılabilir Oyuncak Karışık Renk 1 Adet,OYUNKAFASI,,29.59,29.89,,InStock,,,,,4.4,,,,"[""Sepette %1 İndirim""]",,listing_only,,https://www.trendyol.com/oyunkafasi/mini-pati-squishy-oyuncak-renkli-yumusak-sikilabilir-oyuncak-karisik-renk-1-adet-p-1143296332?boutiqueId=61&merchantId=769726
cocuk:cocuk-oyuncak,573,609,,7,25.2,1173504258,446702,1173504258:446702,Perababy Uyku Arkadaşım Uzun Kulaklı Peluş Tavşan 35 cm,Perababy,,187.68,192,,InStock,,,,,3.7,,,,"[""Son 10 Günün En Düşük Fiyatı""]",,listing_only,,https://www.trendyol.com/perababy/uyku-arkadasim-uzun-kulakli-pelus-tavsan-35-cm-p-1173504258?boutiqueId=61&merchantId=446702
cocuk:cocuk-oyuncak,46,82,17,6.8,25.2,1096353285,1138729,1096353285:1138729,Empressco Rahat Uyku İçin Mavi Renkli Konforlu Yatak Arkadaşı,Empressco,Aydoğdu shopping,556.12,,0,InStock,,,,,4,6,0,29,"[""Kargo Bedava"",""30 TL Kupon"",""Son 10 Günün En Düşük Fiyatı"",""Trendyol Plus'a Özel""]",3 saat 52 dakika içinde sipariş verirsen en geç yarın kargoda!,refreshed,0,https://www.trendyol.com/empressco/rahat-uyku-icin-mavi-renkli-konforlu-yatak-arkadasi-p-1096353285?boutiqueId=61&merchantId=1138729
cocuk:cocuk-oyuncak,97,133,-6,6.8,23.2,1109877789,158005,1109877789:158005,Melo TOYS Dönen Çılgın Kule,Melo TOYS,COŞKUN AVM,501.53,,0,InStock,,,,,4.928571428571429,6,0,5,"[""Kargo Bedava"",""Trendyol Plus'a Özel""]",3 saat 50 dakika içinde sipariş verirsen en geç yarın kargoda!,refreshed,0,https://www.trendyol.com/melo-toys/donen-cilgin-kule-p-1109877789?boutiqueId=61&merchantId=158005
cocuk:cocuk-oyuncak,431,467,,6.8,23.2,1178841371,132003,1178841371:132003,Genel Markalar 40 cm buket şeklinde Hello kitty Pelus,Genel Markalar,,725,,,InStock,,,,,4.5,,,,"[""Kargo Bedava""]",,listing_only,,https://www.trendyol.com/genel-markalar/40-cm-buket-seklinde-hello-kitty-pelus-p-1178841371?boutiqueId=61&merchantId=132003
cocuk:cocuk-oyuncak,436,472,,6.8,23.2,1110217080,752303,1110217080:752303,KİNKU Tek Tuşla Robota Dönüşen Cars Şimşek Mcqueen Çek Bırak Araba Çocuk Eğitici Oyuncaklar,KİNKU,,199,,,InStock,,,,,4,,,,[],,listing_only,,https://www.trendyol.com/kinku/tek-tusla-robota-donusen-cars-simsek-mcqueen-cek-birak-araba-cocuk-egitici-oyuncaklar-p-1110217080?boutiqueId=61&merchantId=752303
cocuk:cocuk-oyuncak,490,526,,6.8,25.2,1151808756,683703,1151808756:683703,LEGO NINJAGO Zilvar ve Ejderha Canavar Grimtak 71863 - 7 Yaş ve Üzeri Çocuklar için 3 Minifigür İçer,LEGO,,1876.89,1915,,InStock,,,,,4,,,,"[""Kargo Bedava""]",,listing_only,,https://www.trendyol.com/lego/ninjago-zilvar-ve-ejderha-canavar-grimtak-71863-7-yas-ve-uzeri-cocuklar-icin-3-minifigur-icer-p-1151808756?boutiqueId=61&merchantId=683703
cocuk:cocuk-oyuncak,85,121,-37,6.2,23.8,1172026999,1179105,1172026999:1179105,Lemut Blokland V2 500 Parça Eğitici Yapı Blokları(KUTUSUZ) – STEM Zeka ve Yaratıcılık Geliştirici İnşa Oyuncağı pixel blok minecraft yapı blokları,Lemut,Nevline,248,,0,InStock,,,,,4.888888888888889,5,0,,"[""Sepette %25 İndirim"",""Süper Fırsat Ürünü"",""Kargo Bedava""]",Tahmini Teslim:,refreshed,0,https://www.trendyol.com/lemut/blokland-v2-500-parca-egitici-yapi-bloklari-kutusuz-stem-zeka-ve-yaraticilik-gelistirici-insa-oyuncagi-pixel-blok-minecraft-yapi-bloklari-p-1172026999?boutiqueId=61&merchantId=1179105
cocuk:cocuk-oyuncak,252,288,,6.2,23.8,1117184680,1241713,1117184680:1241713,Empressco Aktarma Seti ( 6 Adet Kase 6 Adet Cımbız) 100 Adet Renkli Ponpon Renk Sıralama Koordinasyon,Empressco,Pufypompom,349,,,InStock,,,,,3.8461538461538463,5,,1,"[""Kargo Bedava""]",Tahmini Teslim:,refreshed,0,https://www.trendyol.com/empressco/aktarma-seti-6-adet-kase-6-adet-cimbiz-100-adet-renkli-ponpon-renk-siralama-koordinasyon-p-1117184680?boutiqueId=61&merchantId=1241713
cocuk:cocuk-oyuncak,267,303,-71,6.2,23.8,1167687837,105014,1167687837:105014,Tommybaby Manyetik Yapı Blokları – Çocuklar İçin Renkli 3 Boyutlu 72 Parça Manyetik Oyun Seti,Tommybaby,Tommybaby,1399,,7.9,InStock,,,,,4.8,5,0,9,"[""Kargo Bedava""]",4 saat 52 dakika içinde sipariş verirsen en geç bugün kargoda!,carried_forward,10,https://www.trendyol.com/tommybaby/manyetik-yapi-bloklari-cocuklar-icin-renkli-3-boyutlu-72-parca-manyetik-oyun-seti-p-1167687837?boutiqueId=61&merchantId=105014
cocuk:cocuk-oyuncak,375,411,,6.2,23.8,1177187113,968,1177187113:968,LEGO ® Teknik ™ Güçlü Makineler Yapım Oyuncağı 42233,LEGO,,285.87,,,InStock,,,,,3,,,,[],,listing_only,,https://www.trendyol.com/lego/teknik-guclu-makineler-yapim-oyuncagi-42233-p-1177187113?boutiqueId=689716&merchantId=968
cocuk:cocuk-oyuncak,458,494,-306,6.2,23.8,1160907175,968,1160907175:968,Mattel Hot Wheels F1 Arabaları - 10'lu Set (JMM24),Mattel,Trendyol,1399,,0,InStock,,,,,5,5,0,,[],Tahmini Teslim:,carried_forward,3,https://www.trendyol.com/mattel/hot-wheels-f1-arabalari-10-lu-set-jmm24-p-1160907175?boutiqueId=689716&merchantId=968
cocuk:cocuk-oyuncak,621,657,,6.2,23.8,1177767719,1257762,1177767719:1257762,Joo Toys Hedef 100 Halka Atma Oyunu | 5 Halka 5 Hedef Kazık | Bahçe ve Plaj Oyunu,Joo Toys,,164.38,,,InStock,,,,,4.2,,,,[],,listing_only,,https://www.trendyol.com/joo-toys/hedef-100-halka-atma-oyunu-5-halka-5-hedef-kazik-bahce-ve-plaj-oyunu-p-1177767719?boutiqueId=61&merchantId=1257762
cocuk:cocuk-oyuncak,54,90,-1,5.6,24.4,1190250413,1218649,1190250413:1218649,"Gargamel Ahşap Harf Küpleri çocuklar için Eğitici Kelime Oluşturma Oyuncağı, Harf Öğrenme ve El Becerisi Geliştirici",Gargamel,Anka toys,167.72,,-11.3,InStock,,,,,4.5,4,0,5,"[""Kargo Bedava""]",Tahmini Teslim:,refreshed,0,https://www.trendyol.com/gargamel/ahsap-harf-kupleri-cocuklar-icin-egitici-kelime-olusturma-oyuncagi-harf-ogrenme-ve-el-becerisi-gelistirici-p-1190250413?boutiqueId=61&merchantId=1218649
cocuk:cocuk-oyuncak,211,247,-47,5.6,24.4,1189150299,392,1189150299:392,baby toys Sevimli Eğitici Tırtıl,baby toys,ebebek,128.39,,0,InStock,,,,,4.2,4,2,,"[""Kargo Bedava""]",Tahmini Teslim:,refreshed,0,https://www.trendyol.com/baby-toys/sevimli-egitici-tirtil-p-1189150299?boutiqueId=61&merchantId=392
cocuk:cocuk-oyuncak,215,251,-6,5.6,24.4,1174078453,422048,1174078453:422048,Kukuli Eğitici Akıllı Telefon - Sesli ve Müzikli Bebek Telefonu Eğitici Oyuncak,Kukuli,Bebecocadde,489,,-0.8,InStock,,,,,4.4,4,0,,"[""Kargo Bedava"",""Trendyol Plus'a Özel""]",Tahmini Teslim:,refreshed,0,https://www.trendyol.com/kukuli/egitici-akilli-telefon-sesli-ve-muzikli-bebek-telefonu-egitici-oyuncak-p-1174078453?boutiqueId=61&merchantId=422048
cocuk:cocuk-oyuncak,240,276,-136,5.6,24.4,1181029349,673550,1181029349:673550,Bundeba Oyun Esnek Yarış Pisti Kıvrılabilen Aksiyon Pisti Go Track 4.5 Mt Flex Track Oyuncak Turuncu Orange,Bundeba,Bundeba,192.32,,0.5,InStock,,,,,3.4285714285714284,4,0,,"[""Kargo Bedava""]",Tahmini Teslim:,refreshed,0,https://www.trendyol.com/bundeba/oyun-esnek-yaris-pisti-kivrilabilen-aksiyon-pisti-go-track-4-5-mt-flex-track-oyuncak-turuncu-orange-p-1181029349?boutiqueId=61&merchantId=673550
cocuk:cocuk-oyuncak,268,304,-65,5.6,24.4,1147726431,756582,1147726431:756582,Erbek 2'li Pop It Kare-sekizgen Duyusal Oyuncak Zihinsel Gelişim Stres Popit 2 Ad,Erbek,DELVOS,199.9,,0,InStock,,,,,4.2,4,0,6,[],4 saat 49 dakika içinde sipariş verirsen en geç bugün kargoda!,carried_forward,4,https://www.trendyol.com/erbek/2-li-pop-it-kare-sekizgen-duyusal-oyuncak-zihinsel-gelisim-stres-popit-2-ad-p-1147726431?boutiqueId=61&merchantId=756582
cocuk:cocuk-oyuncak,569,605,,5.6,24.4,859632058,233566,859632058:233566,RAF Store Ahşap Ritim Çubuğu 1 Çift 30 Cm Kirmizi,RAF Store,,149.99,,,InStock,,,,,5,,,,[],,listing_only,,https://www.trendyol.com/raf-store/ahsap-ritim-cubugu-1-cift-30-cm-kirmizi-p-859632058?boutiqueId=61&merchantId=233566
cocuk:cocuk-oyuncak,775,811,,5.6,24.4,1139708959,748085,1139708959:748085,esdishopping Ayıcık - Pembe Peluş Ayıcık- Yumuşacık Oyuncak Ayı - Sevimli ve Hediye İçin İdeal 25 cm,esdishopping,,193.5,,,InStock,,,,,4,,,,[],,listing_only,,https://www.trendyol.com/esdishopping/ayicik-pembe-pelus-ayicik-yumusacik-oyuncak-ayi-sevimli-ve-hediye-icin-ideal-25-cm-p-1139708959?boutiqueId=61&merchantId=748085
cocuk:cocuk-oyuncak,75,111,-66,4.8,25.2,993678977,1142614,993678977:1142614,Minopi 20 cm 1 Çift Ahşap Ritim Çubuğu Perkusyon Müzik Sopası Toplam 2 Adet,Minopi,Minopi,134.95,,0,InStock,,,,,4.375,3,0,,"[""149,99 TL Kupon"",""89,99 TL Kupon"",""Kargo Bedava""]",Tahmini Teslim:,refreshed,0,https://www.trendyol.com/minopi/20-cm-1-cift-ahsap-ritim-cubugu-perkusyon-muzik-sopasi-toplam-2-adet-p-993678977?boutiqueId=61&merchantId=1142614
cocuk:cocuk-oyuncak,339,375,-126,4.8,25.2,1182136607,1281994,1182136607:1281994,TİVENS Sesli Havlayan Yürüyen Pilli Peluş Köpek Oyuncak – Sevimli Hareketli Emekleme Arkadaşı Çocuk Oyuncağı,TİVENS,ıntex toys,299,,0,InStock,,,,,3.8,3,0,7,[],14 saat 49 dakika içinde sipariş verirsen en geç yarın kargoda!,carried_forward,4,https://www.trendyol.com/tivens/sesli-havlayan-yuruyen-pilli-pelus-kopek-oyuncak-sevimli-hareketli-emekleme-arkadasi-cocuk-oyuncagi-p-1182136607?boutiqueId=61&merchantId=1281994
cocuk:cocuk-kitap,118,931,,4.8,25.2,1177246651,324338,1177246651:324338,Genç Timaş Benim İçin Bir Yıldız Sakla,Genç Timaş,,220,,,InStock,,,,,3.7,,,,"[""33 TL Kupon""]",,listing_only,,https://www.trendyol.com/genc-timas/benim-icin-bir-yildiz-sakla-p-1177246651?boutiqueId=61&merchantId=324338
cocuk:cocuk-oyuncak,223,259,,3.8,26.2,1180077763,1257762,1180077763:1257762,Joo Toys Koş Zıpla Atışını Yap 2'li Bahçe Oyun Seti | Seksek ve Halka Atma Oyunu,Joo Toys,Joo Toys,399.99,,,InStock,,,,,5,2,,7,"[""Sepette %15 İndirim"",""Kargo Bedava""]",Tahmini Teslim:,refreshed,0,https://www.trendyol.com/joo-toys/kos-zipla-atisini-yap-2-li-bahce-oyun-seti-seksek-ve-halka-atma-oyunu-p-1180077763?boutiqueId=61&merchantId=1257762
cocuk:cocuk-oyuncak,304,340,,3.8,26.2,1189163915,744768,1189163915:744768,Nandy Home Koala Model Karakter Figürü 3D Yapı Oyuncakları - 164 Parça,Nandy Home,,249.9,,,InStock,,,,,5,,,,"[""Son 10 Günün En Düşük Fiyatı"",""Süper Fırsat Ürünü""]",,listing_only,,https://www.trendyol.com/nandy-home/koala-model-karakter-figuru-3d-yapi-oyuncaklari-164-parca-p-1189163915?boutiqueId=61&merchantId=744768
cocuk:cocuk-oyuncak,410,446,,3.8,26.2,1075105397,787926,1075105397:787926,edumatoys Balon Makas Montessori Tutma ve Yakalama Materyali Turuncu,edumatoys,,199,,,InStock,,,,,4.5,,,,[],,listing_only,,https://www.trendyol.com/edumatoys/balon-makas-montessori-tutma-ve-yakalama-materyali-turuncu-p-1075105397?boutiqueId=61&merchantId=787926
cocuk:cocuk-oyuncak,455,491,,3.8,26.2,1177989875,1297255,1177989875:1297255,Bulduk TOYS 4 LÜ İŞ MAKİNELERİ İNŞAAT MAKİNELERİ OYUNCAKLARI,Bulduk TOYS,,199.99,,,InStock,,,,,5,,,,[],,listing_only,,https://www.trendyol.com/bulduk-toys/4-lu-is-makineleri-insaat-makineleri-oyuncaklari-p-1177989875?boutiqueId=61&merchantId=1297255
cocuk:cocuk-oyuncak,722,758,,3.8,26.2,1178491056,342606,1178491056:342606,Pofika Cheese Küp Peynir İçi Dolgulu Needoh Tarzı Yumuşak Squishy Stres Oyuncağı (Sünger Model Değildlr),Pofika,,457,,,InStock,,,,,4.5,,,,"[""Kargo Bedava""]",,listing_only,,https://www.trendyol.com/pofika/cheese-kup-peynir-ici-dolgulu-needoh-tarzi-yumusak-squishy-stres-oyuncagi-sunger-model-degildlr-p-1178491056?boutiqueId=61&merchantId=342606
cocuk:cocuk-oyuncak,274,310,,3,,1083154361,1048417,1083154361:1048417,ADİL OYUNCAK Dön Dolaş Ördekler Işıklı Müzikli Oyuncak eğitici bebek aktivite oyuncak Ördek Oyunu,ADİL OYUNCAK,,367.63,379,,InStock,,,,,,,,,"[""Sepette %3 İndirim"",""Kargo Bedava""]",,listing_only,,https://www.trendyol.com/adil-oyuncak/don-dolas-ordekler-isikli-muzikli-oyuncak-egitici-bebek-aktivite-oyuncak-ordek-oyunu-p-1083154361?boutiqueId=61&merchantId=1048417
cocuk:cocuk-oyuncak,92,128,46,2.4,27.6,1183407519,1256609,1183407519:1256609,Genel Markalar 1 Paket 100 Adet Suda Büyüyen Boncuklar,Genel Markalar,HKNOVA,60,,20,InStock,,,,,5,1,0,,"[""Sepette %1 İndirim"",""Kargo Bedava""]",Tahmini Teslim:,refreshed,0,https://www.trendyol.com/genel-markalar/1-paket-100-adet-suda-buyuyen-boncuklar-p-1183407519?boutiqueId=61&merchantId=1256609
cocuk:cocuk-oyuncak,226,262,-49,2.4,27.6,1189322974,392,1189322974:392,Fisher Price Fisher-Price Eğitici Denge Kulesi,Fisher Price,ebebek,427.99,,0,InStock,,,,,5,1,0,,"[""830 TL Kupon"",""Kargo Bedava"",""Son 10 Günün En Düşük Fiyatı""]",Tahmini Teslim:,refreshed,0,https://www.trendyol.com/fisher-price/fisher-price-egitici-denge-kulesi-p-1189322974?boutiqueId=61&merchantId=392
cocuk:cocuk-oyuncak,388,424,,2.4,27.6,1189164308,744768,1189164308:744768,Nandy Home Maymun Model Karakter Figürü 3D Yapı Oyuncakları - 170 Parça,Nandy Home,,148.9,,,InStock,,,,,5,,,,[],,listing_only,,https://www.trendyol.com/nandy-home/maymun-model-karakter-figuru-3d-yapi-oyuncaklari-170-parca-p-1189164308?boutiqueId=61&merchantId=744768
cocuk:cocuk-oyuncak,402,438,,2.4,27.6,1189062107,190370,1189062107:190370,Brother Toys 1. Kalite Işıklı İthal Spin Ball Hızlı Ve Uzun Süre Dönen Stres Topu,Brother Toys,,299.9,,,InStock,,,,,2,,,,[],,listing_only,,https://www.trendyol.com/brother-toys/1-kalite-isikli-ithal-spin-ball-hizli-ve-uzun-sure-donen-stres-topu-p-1189062107?boutiqueId=61&merchantId=190370
cocuk:cocuk-oyuncak,423,459,,2.4,27.6,1189149280,392,1189149280:392,baby toys Baskılı Katlanır Top Havuzu,baby toys,,695.49,,,InStock,,,,,4,,,,[],,listing_only,,https://www.trendyol.com/baby-toys/baskili-katlanir-top-havuzu-p-1189149280?boutiqueId=61&merchantId=392
cocuk:cocuk-oyuncak,521,557,,2.4,27.6,1123070739,186902,1123070739:186902,"MASSALTOYS Sevimli Peluş Maymun , Elleri Yapışabilen 90 cm",MASSALTOYS,,197.99,,,InStock,,,,,3,,,,"[""15 TL Kupon"",""Son 10 Günün En Düşük Fiyatı""]",,listing_only,,https://www.trendyol.com/massaltoys/sevimli-pelus-maymun-elleri-yapisabilen-90-cm-p-1123070739?boutiqueId=61&merchantId=186902
cocuk:cocuk-oyuncak,603,639,,2.4,27.6,1197161431,1003175,1197161431:1003175,PERİBOİA Çin Mantısı Oyuncak Sukuşi Sürpriz Renk 1 Adet Gönderilir - Sürpriz Hediye,PERİBOİA,,519.9,,,InStock,,,,,5,,,,"[""Sepette %5 İndirim"",""Kargo Bedava""]",,listing_only,,https://www.trendyol.com/periboia/cin-mantisi-oyuncak-sukusi-surpriz-renk-1-adet-gonderilir-surpriz-hediye-p-1197161431?boutiqueId=61&merchantId=1003175
cocuk:cocuk-oyuncak,772,808,,2.4,27.6,1123070952,186902,1123070952:186902,"MASSALTOYS Sevimli Peluş Maymun , Elleri Yapışabilen 90 cm",MASSALTOYS,,197.99,,,InStock,,,,,5,,,,"[""15 TL Kupon"",""Son 10 Günün En Düşük Fiyatı""]",,listing_only,,https://www.trendyol.com/massaltoys/sevimli-pelus-maymun-elleri-yapisabilen-90-cm-p-1123070952?boutiqueId=61&merchantId=186902
cocuk:cocuk-oyuncak,163,199,,0,30,1196328846,193169,1196328846:193169,misan 100 Türkçe Şarkılı Dans Eden Konuşan Ses Taklit Eden İnteraktif Peluş Kaktüs Oyuncak – Tüm Modeller,misan,Misan Grup,500,,,InStock,,,,,0,0,,,"[""Sepette %20 İndirim"",""Kargo Bedava"",""Süper Fırsat Ürünü""]",Tahmini Teslim:,refreshed,0,https://www.trendyol.com/misan/100-turkce-sarkili-dans-eden-konusan-ses-taklit-eden-interaktif-pelus-kaktus-oyuncak-tum-modeller-p-1196328846?boutiqueId=61&merchantId=193169
cocuk:cocuk-oyuncak,176,212,,0,30,1197150864,1329567,1197150864:1329567,AnanasKids OKUDUĞUNU ANLAMA KARTLARI,AnanasKids,Ananas Yayıncılık,240,,,InStock,,,,,0,0,,,"[""10 TL Kupon"",""Kargo Bedava"",""Trendyol Plus'a Özel""]",Tahmini Teslim:,refreshed,0,https://www.trendyol.com/ananaskids/okudugunu-anlama-kartlari-p-1197150864?boutiqueId=61&merchantId=1329567
cocuk:cocuk-oyuncak,206,242,,0,30,1198598620,1018725,1198598620:1018725,YDNE Filistin Bayraklı Altıgen Uçurtma - İpli ve Aparatlı Dayanıklı Kumaş Uçurtma,YDNE,KIRTASİYE YDN,549,,,InStock,,,,,0,0,,3,"[""Kargo Bedava""]",Tahmini Teslim:,refreshed,0,https://www.trendyol.com/ydne/filistin-bayrakli-altigen-ucurtma-ipli-ve-aparatli-dayanikli-kumas-ucurtma-p-1198598620?boutiqueId=61&merchantId=1018725
cocuk:cocuk-oyuncak,432,468,,0,,1198143978,377048,1198143978:377048,vattara Fıstık Crunchy Squishy Çıtırdayan Fıstık Sukuşi Çıtır Çıtır Ses Çıkaran Squishy Stres Oyuncağı Yeni Viral 1 Adet Gönderilecektir,vattara,,949,,,InStock,,,,,,,,,"[""Kargo Bedava""]",,listing_only,,https://www.trendyol.com/vattara/fistik-crunchy-squishy-citirdayan-fistik-sukusi-citir-citir-ses-cikaran-squishy-stres-oyuncagi-yeni-viral-1-adet-gonderilecektir-p-1198143978?boutiqueId=61&merchantId=377048
cocuk:cocuk-oyuncak,450,486,,0,,1153682424,1215706,1153682424:1215706,Genel Markalar Nice Cube Sensory Squishy Stres Oyuncağı Squish,Genel Markalar,,269,,,InStock,,,,,,,,,[],,listing_only,,https://www.trendyol.com/genel-markalar/nice-cube-sensory-squishy-stres-oyuncagi-squish-p-1153682424?boutiqueId=61&merchantId=1215706
cocuk:cocuk-oyuncak,504,540,,0,,1147578774,600595,1147578774:600595,TUMBA'S Gölgelikli Tenteli Çocuk Deniz Simiti Baby Float Bebek Deniz Simiti 0-3 Yaş Bebek Botu,TUMBA'S Gölgelikli,,559.37,,,InStock,,,,,,,,,"[""Kargo Bedava""]",,listing_only,,https://www.trendyol.com/tumba-s/golgelikli-tenteli-cocuk-deniz-simiti-baby-float-bebek-deniz-simiti-0-3-yas-bebek-botu-p-1147578774?boutiqueId=61&merchantId=600595
cocuk:cocuk-oyuncak,601,637,,0,,1193033466,882929,1193033466:882929,Numaca 3 lü Metal İnşaat Araçları Oyuncak İş Makineleri Pasta Süsü - Kepçe - Silindir Araç - Beton Mikseri 7 cm,Numaca,,349,,,InStock,,,,,,,,,[],,listing_only,,https://www.trendyol.com/numaca/3-lu-metal-insaat-araclari-oyuncak-is-makineleri-pasta-susu-kepce-silindir-arac-beton-mikseri-7-cm-p-1193033466?boutiqueId=61&merchantId=882929
cocuk:cocuk-oyuncak,640,676,,0,,1189149516,392,1189149516:392,baby toys İlk Bisikletim,baby toys,,1282.93,,,InStock,,,,,,,,,"[""Kargo Bedava""]",,listing_only,,https://www.trendyol.com/baby-toys/ilk-bisikletim-p-1189149516?boutiqueId=61&merchantId=392
cocuk:cocuk-oyuncak,658,694,,0,,1198149285,377048,1198149285:377048,vattara Butter Vazelin Dolgulu Şeffaf Squishy Yeni Seri Sukuşi Şeffaf Tereyağı Stres Oyuncağı 1 Adet Gönderilecektir,vattara,,1199,,,InStock,,,,,,,,,"[""Kargo Bedava""]",,listing_only,,https://www.trendyol.com/vattara/butter-vazelin-dolgulu-seffaf-squishy-yeni-seri-sukusi-seffaf-tereyagi-stres-oyuncagi-1-adet-gonderilecektir-p-1198149285?boutiqueId=61&merchantId=377048
cocuk:cocuk-oyuncak,661,697,,0,,1198147372,377048,1198147372:377048,vattara Sabun Crunchy Squishy Güzel Kokulu Çıtırdayan Sukuşi Çıtır Çıtır Ses Çıkaran Squishy Stres Oyuncağı 1 Adet Gönderilecektir,vattara,,949,,,InStock,,,,,,,,,"[""Kargo Bedava""]",,listing_only,,https://www.trendyol.com/vattara/sabun-crunchy-squishy-guzel-kokulu-citirdayan-sukusi-citir-citir-ses-cikaran-squishy-stres-oyuncagi-1-adet-gonderilecektir-p-1198147372?boutiqueId=61&merchantId=377048
cocuk:cocuk-oyuncak,718,754,,0,,1198578352,1088435,1198578352:1088435,heybem doğal ürünler my Sapan - Ahşap Sapan - Ahşap Kuş Lastiği - Sosyal Aktivite&Sportif Sapan,heybem doğal ürünler my,,255,,,InStock,,,,,,,,,[],,listing_only,,https://www.trendyol.com/heybem-dogal-urunler-my/sapan-ahsap-sapan-ahsap-kus-lastigi-sosyal-aktivite-sportif-sapan-p-1198578352?boutiqueId=61&merchantId=1088435
cocuk:cocuk-oyuncak,721,757,,0,,1191994970,701710,1191994970:701710,Heribom 160 Cm Dev Peluş Ayıcık Hediyelik Peluş Oyuncak Ayı,Heribom,,899,,,InStock,,,,,,,,,"[""20 TL Kupon"",""Kargo Bedava""]",,listing_only,,https://www.trendyol.com/heribom/160-cm-dev-pelus-ayicik-hediyelik-pelus-oyuncak-ayi-p-1191994970?boutiqueId=61&merchantId=701710
cocuk:cocuk-oyuncak,762,798,,0,,1198575091,1144123,1198575091:1144123,Flying Tiger Copenhagen Mıknatıslı Kıyafet Giydirme Seti,Flying Tiger Copenhagen,,280,,,InStock,,,,,,,,,[],,listing_only,,https://www.trendyol.com/flying-tiger-copenhagen/miknatisli-kiyafet-giydirme-seti-p-1198575091?boutiqueId=61&merchantId=1144123
cocuk:cocuk-kitap,146,959,,0,,1196792095,113171,1196792095:113171,Çocuk Akademi Değerler Eğitimi 10 Kitap Hikaye Serisi,Çocuk Akademi,,389,,,InStock,,,,,,,,,"[""Kargo Bedava""]",,listing_only,,https://www.trendyol.com/cocuk-akademi/degerler-egitimi-10-kitap-hikaye-serisi-p-1196792095?boutiqueId=61&merchantId=113171
