rank_scope,rank_scope_position,bestseller_rank,rank_delta,trend_score,niche_score,product_id,merchant_id,offer_key,title,brand,seller_name,price,original_price,price_delta_percent,stock_status,sales_signal,sales_signal_days,sales_signal_min,sales_signal_daily_min,rating,review_count,review_delta,question_count,campaigns,delivery_summary,detail_status,detail_age_days,url
hamile:hamile-cok-satanlar,2,2,0,109.4,35.2,249102906,207439,249102906:207439,MODALADY Kadın 3 Adet Emzirme Sütyeni,MODALADY,MODALADY,478.9,,0,InStock,3 günde 250+ ürün satıldı!,3,250,83.3,4.4785319374191275,4525,3,921,"[""Kargo Bedava""]",,refreshed,0,https://www.trendyol.com/modalady/kadin-3-adet-emzirme-sutyeni-p-249102906
hamile:hamile-cok-satanlar,1,1,0,107.8,39.3,814645518,257086,814645518:257086,Arma Yıldız 3'lü Paket Kadın Renkli Pamuklu Likralı Yüksek Bel Hamile Lohusa Külot Esnek ve Rahat Kumaş,Arma Yıldız,ARMA YILDIZ,299.9,,0,InStock,3 günde 250+ ürün satıldı!,3,250,83.3,4.4705270457697655,1602,5,381,"[""Kargo Bedava""]",,refreshed,0,https://www.trendyol.com/arma-yildiz/3-lu-paket-kadin-renkli-pamuklu-likrali-yuksek-bel-hamile-lohusa-kulot-esnek-ve-rahat-kumas-p-814645518
hamile:hamile-elbise,6,86,-3,107.6,43.7,1128329786,153578,1128329786:153578,benguen Kolsuz İçlik Elbise N8102 Siyah,benguen,benguen,549.84,799.99,-14.3,InStock,,,,,4.733333333333333,10,0,26,"[""Trendyol Plus'a Özel"",""Kargo Bedava""]",Tahmini Teslim:,refreshed,0,https://www.trendyol.com/benguen/kolsuz-iclik-elbise-n8102-siyah-p-1128329786?boutiqueId=61&merchantId=153578
hamile:hamile-elbise,8,88,0,106.4,48.6,1105958782,823,1105958782:823,Yargıcı Düz Bisiklet Yaka Kısa Kol Elbise,Yargıcı,YARGICI,2699.97,4499.95,0,InStock,,,,,4,1,0,7,"[""Kargo Bedava"",""Son 10 Günün En Düşük Fiyatı"",""Peşin Fiyatına 3 Taksit"",""Son 10 günün en düşük fiyatı""]",Tahmini Teslim:,refreshed,0,https://www.trendyol.com/yargici/duz-bisiklet-yaka-kisa-kol-elbise-p-1105958782?boutiqueId=61&merchantId=823
hamile:hamile-cok-satanlar,3,3,2,101.9,31.5,816224058,175525,816224058:175525,Miss Dünya Lissa Önden Bağlamalı Geniş Şerit Yakalı Hamile ve Lohusa Pijama Takımı,Miss Dünya Lissa,Miss Dünya Lissa,949.99,,35.1,InStock,3 günde 100+ ürün satıldı!,3,100,33.3,4.447262604392206,1875,5,542,"[""Sepette %10 İndirim"",""Kargo Bedava""]",Tahmini Teslim:,refreshed,0,https://www.trendyol.com/miss-dunya-lissa/onden-baglamali-genis-serit-yakali-hamile-ve-lohusa-pijama-takimi-p-816224058
hamile:hamile-cok-satanlar,4,4,0,101.6,29.2,706275415,108216,706275415:108216,Artış Ispanyol Paça Yüksek Bel Esnek Toparlayıcı Hamile Tayt,Artış,Artış Collection,829.89,,0,InStock,3 günde 100+ ürün satıldı!,3,100,33.3,4.438536953242834,3131,0,333,"[""Kargo Bedava""]",Tahmini Teslim:,refreshed,0,https://www.trendyol.com/artis/ispanyol-paca-yuksek-bel-esnek-toparlayici-hamile-tayt-p-706275415
hamile:hamile-elbise,1,81,0,95.6,36.9,832546401,126861,832546401:126861,Catherines Yumuşak dokulu hamile pijama takımı,Catherines,Penyemood,1349,,0,InStock,,,,,4.5695364238410585,158,-1,44,"[""Trendyol Plus'a Özel"",""100 TL Kupon"",""Kargo Bedava"",""Peşin Fiyatına 3 Taksit""]",Tahmini Teslim:,refreshed,0,https://www.trendyol.com/catherines/yumusak-dokulu-hamile-pijama-takimi-p-832546401?boutiqueId=61&merchantId=126861
hamile:hamile-cok-satanlar,6,6,1,94.4,31.4,790050699,175525,790050699:175525,Miss Dünya Lissa 3'lü Paket Kadın Çok Renkli Pamuklu Likralı Süprem Hamile ve Lohusa Yüksek Bel Külot,Miss Dünya Lissa,Miss Dünya Lissa,224.98,,-25,InStock,3 günde 100+ ürün satıldı!,3,100,33.3,4.46067415730337,1241,3,247,"[""Kargo Bedava""]",Tahmini Teslim:,refreshed,0,https://www.trendyol.com/miss-dunya-lissa/3-lu-paket-kadin-cok-renkli-pamuklu-likrali-suprem-hamile-ve-lohusa-yuksek-bel-kulot-p-790050699
hamile:hamile-elbise,2,82,6,93.4,36.6,992245733,1169394,992245733:1169394,Talvien Fitilli Bambu Kumaş Uzun Kollu Düğmeli Salaş Takım – Hamile İçin Uygun,Talvien,Talvien,946,,0,InStock,,,,,4.351351351351352,149,0,70,"[""Kargo Bedava""]",Tahmini Teslim:,refreshed,0,https://www.trendyol.com/talvien/fitilli-bambu-kumas-uzun-kollu-dugmeli-salas-takim-hamile-icin-uygun-p-992245733?boutiqueId=61&merchantId=1169394
hamile:hamile-cok-satanlar,7,7,-1,92.1,31.2,1838361,250065,1838361:250065,Dagi Ten Emzirme Sütyeni,Dagi,LORİSA,464.2,,,InStock,3 günde 100+ ürün satıldı!,3,100,33.3,4.551724137931035,1146,1,363,"[""Sepette %2 İndirim"",""Kargo Bedava""]",Tahmini Teslim:,refreshed,0,https://www.trendyol.com/dagi/ten-emzirme-sutyeni-p-1838361
hamile:hamile-elbise,3,83,-1,91.8,35.7,808308460,126861,808308460:126861,Catherines Yumuşak Dokulu Hamile Pijama Takımı,Catherines,Penyemood,1349,,0,InStock,,,,,4.75625,165,0,45,"[""Trendyol Plus'a Özel"",""100 TL Kupon"",""Kargo Bedava"",""Peşin Fiyatına 3 Taksit""]",Tahmini Teslim:,refreshed,0,https://www.trendyol.com/catherines/yumusak-dokulu-hamile-pijama-takimi-p-808308460?boutiqueId=61&merchantId=126861
hamile:hamile-cok-satanlar,5,5,-2,91.7,36.7,996643753,257086,996643753:257086,Arma Yıldız Çıkarılabilir Pedli Emzirme Sütyeni 3'lü Beyaz Siyah Ten Pamuklu Göğüs Ucu Belli Etmez,Arma Yıldız,ARMA YILDIZ,559.9,,0,InStock,3 günde 100+ ürün satıldı!,3,100,33.3,4.371428571428571,316,5,108,"[""Trendyol Plus'a Özel"",""Kargo Bedava""]",Tahmini Teslim:,refreshed,0,https://www.trendyol.com/arma-yildiz/cikarilabilir-pedli-emzirme-sutyeni-3-lu-beyaz-siyah-ten-pamuklu-gogus-ucu-belli-etmez-p-996643753
hamile:hamile-cok-satanlar,8,8,0,88.3,32.5,789662828,257086,789662828:257086,Arma Yıldız 3'lü Paket Kadın Siyah Pamuklu Likralı Yüksek Bel Hamile Lohusa Külot Esnek ve Rahat Kumaş,Arma Yıldız,ARMA YILDIZ,319.9,,0,InStock,3 günde 100+ ürün satıldı!,3,100,33.3,4.451612903225806,673,3,178,"[""Kargo Bedava""]",Tahmini Teslim:,refreshed,0,https://www.trendyol.com/arma-yildiz/3-lu-paket-kadin-siyah-pamuklu-likrali-yuksek-bel-hamile-lohusa-kulot-esnek-ve-rahat-kumas-p-789662828
hamile:hamile-elbise,7,87,33,85.1,37,401830673,126861,401830673:126861,Catherines Lux Mood Hamile Elbise-892,Catherines,Penyemood,857.48,899,0,InStock,,,,,4.605839416058394,64,0,29,"[""Trendyol Plus'a Özel"",""Kargo Bedava""]",Tahmini Teslim:,refreshed,0,https://www.trendyol.com/catherines/lux-mood-hamile-elbise-892-p-401830673?boutiqueId=61&merchantId=126861
hamile:hamile-cok-satanlar,10,10,1,85,30.8,38003803,327733,38003803:327733,Pierre Cardin Kadın Ten 1031 Pamuklu Göğüs Ucu Belli Etmeyen Kaplı Emzirme Atleti,Pierre Cardin,Pierre Cardin Kadın İç Giyim,619.9,,0,InStock,3 günde 100+ ürün satıldı!,3,100,33.3,4.309039943938332,836,1,70,"[""Trendyol Plus'a Özel"",""Kargo Bedava""]",Tahmini Teslim:,refreshed,0,https://www.trendyol.com/pierre-cardin/kadin-ten-1031-pamuklu-gogus-ucu-belli-etmeyen-kapli-emzirme-atleti-p-38003803
hamile:hamile-cok-satanlar,12,12,-3,81.1,29.7,32211168,327733,32211168:327733,Pierre Cardin Kadın Ten 6116 Pamuklu Kaplı Emzirme Sütyeni,Pierre Cardin,Pierre Cardin Kadın İç Giyim,549.9,,0,InStock,3 günde 100+ ürün satıldı!,3,100,33.3,4.364532019704433,848,0,43,"[""Trendyol Plus'a Özel"",""Kargo Bedava""]",Tahmini Teslim:,refreshed,0,https://www.trendyol.com/pierre-cardin/kadin-ten-6116-pamuklu-kapli-emzirme-sutyeni-p-32211168
hamile:hamile-elbise,5,85,49,80.7,41.8,1138800586,257086,1138800586:257086,Arma Yıldız Kadın Pamuklu Göğüs Ucu Belli Etmeyen Kaplı Emzirme Atleti Renkli 3'lü Paket,Arma Yıldız,ARMA YILDIZ,969.9,,0,InStock,,,,,4.357142857142857,21,0,28,"[""Trendyol Plus'a Özel"",""Kargo Bedava""]",Tahmini Teslim:,refreshed,0,https://www.trendyol.com/arma-yildiz/kadin-pamuklu-gogus-ucu-belli-etmeyen-kapli-emzirme-atleti-renkli-3-lu-paket-p-1138800586?boutiqueId=61&merchantId=257086
hamile:hamile-cok-satanlar,9,9,1,80.1,38.2,1130407328,327733,1130407328:327733,"Pierre Cardin 6118 Premium Comfort Kaplı Emzirme Sütyeni – Dikişsiz, İz Yapmaz, Ayarlanabilir Askılı",Pierre Cardin,Pierre Cardin Kadın İç Giyim,839.9,,0,InStock,3 günde 100+ ürün satıldı!,3,100,33.3,4.466386554621849,113,3,31,"[""Kargo Bedava""]",Tahmini Teslim:,refreshed,0,https://www.trendyol.com/pierre-cardin/6118-premium-comfort-kapli-emzirme-sutyeni-dikissiz-iz-yapmaz-ayarlanabilir-askili-p-1130407328
hamile:hamile-cok-satanlar,11,11,1,78.5,34.8,744326438,126861,744326438:126861,Catherines Yumuşak dokulu hamile sabahlık-2349,Catherines,Penyemood,1185.61,,0,InStock,3 günde 100+ ürün satıldı!,3,100,33.3,4.705741626794259,224,0,57,"[""Trendyol Plus'a Özel"",""100 TL Kupon"",""Kargo Bedava"",""Peşin Fiyatına 3 Taksit""]",Tahmini Teslim:,refreshed,0,https://www.trendyol.com/catherines/yumusak-dokulu-hamile-sabahlik-2349-p-744326438
hamile:hamile-cok-satanlar,14,14,-1,77.7,22.3,830136640,257086,830136640:257086,Arma Yıldız 3 Adet Renkli Kadın Pamuklu Emzirme Sütyeni Desteksiz Balensiz Hamile Lohusa Esnek Yumuşak,Arma Yıldız,ARMA YILDIZ,479.9,,0,InStock,,,,,4.366507177033493,1611,1,195,"[""Kargo Bedava""]",Tahmini Teslim:,refreshed,0,https://www.trendyol.com/arma-yildiz/3-adet-renkli-kadin-pamuklu-emzirme-sutyeni-desteksiz-balensiz-hamile-lohusa-esnek-yumusak-p-830136640
hamile:hamile-elbise,4,84,-3,77.6,47.4,1159227041,126861,1159227041:126861,Catherines Yumuşak dokulu hamile pijama takımı-893,Catherines,Penyemood,1430,,0,InStock,,,,,4.375,4,0,4,"[""Trendyol Plus'a Özel"",""100 TL Kupon"",""Kargo Bedava"",""Peşin Fiyatına 3 Taksit""]",Tahmini Teslim:,refreshed,0,https://www.trendyol.com/catherines/yumusak-dokulu-hamile-pijama-takimi-893-p-1159227041?boutiqueId=61&merchantId=126861
hamile:hamile-elbise,14,94,10,77.5,22.5,858176118,175525,858176118:175525,Miss Dünya Lissa Önden Düğmeli Ayarlanabilir Bel Kol ve Paça Fırfır Detaylı Hamile ve Lohusa Pijama Takımı,Miss Dünya Lissa,Miss Dünya Lissa,859.99,,0,InStock,,,,,4.256013045250714,1518,1,550,"[""Sepette %10 İndirim"",""Kargo Bedava""]",Tahmini Teslim:,refreshed,0,https://www.trendyol.com/miss-dunya-lissa/onden-dugmeli-ayarlanabilir-bel-kol-ve-paca-firfir-detayli-hamile-ve-lohusa-pijama-takimi-p-858176118?boutiqueId=61&merchantId=175525
hamile:hamile-elbise,10,90,-6,74.8,35.2,744331479,126861,744331479:126861,Catherines Lux Mood Hamile Elbisesi,Catherines,Penyemood,995,,0,InStock,,,,,4.54014598540146,69,0,12,"[""Trendyol Plus'a Özel"",""75 TL Kupon"",""Kargo Bedava""]",Tahmini Teslim:,refreshed,0,https://www.trendyol.com/catherines/lux-mood-hamile-elbisesi-p-744331479?boutiqueId=61&merchantId=126861
hamile:hamile-cok-satanlar,13,13,2,73.8,34.5,774368621,126861,774368621:126861,Catherines Lux Mood Hamile Elbisesi,Catherines,Penyemood,843.81,,0,InStock,3 günde 100+ ürün satıldı!,3,100,33.3,4.748633879781422,184,0,87,"[""Trendyol Plus'a Özel"",""Kargo Bedava""]",Tahmini Teslim:,refreshed,0,https://www.trendyol.com/catherines/lux-mood-hamile-elbisesi-p-774368621
hamile:hamile-elbise,9,89,35,72.9,39.6,670364054,108216,670364054:108216,Artış Düğmeli Kısa Kollu Esnek Viskoz Hamile Gecelik Sabahlık Takım 14406,Artış,Artış Collection,2656.39,,0,InStock,,,,,4.620689655172414,22,0,13,"[""100 TL Kupon"",""Kargo Bedava"",""Peşin Fiyatına 3 Taksit""]",Tahmini Teslim:,refreshed,0,https://www.trendyol.com/artis/dugmeli-kisa-kollu-esnek-viskoz-hamile-gecelik-sabahlik-takim-14406-p-670364054?boutiqueId=61&merchantId=108216
hamile:hamile-elbise,13,93,2,72.3,30.2,816224335,175525,816224335:175525,Miss Dünya Lissa Önden Bağlamalı Geniş Şerit Yakalı Hamile ve Lohusa Pijama Takımı,Miss Dünya Lissa,Miss Dünya Lissa,949.99,,0,InStock,,,,,4.26993865030675,191,1,63,"[""Sepette %10 İndirim"",""Kargo Bedava""]",Tahmini Teslim:,refreshed,0,https://www.trendyol.com/miss-dunya-lissa/onden-baglamali-genis-serit-yakali-hamile-ve-lohusa-pijama-takimi-p-816224335?boutiqueId=61&merchantId=175525
hamile:hamile-cok-satanlar,15,15,4,70.7,26.8,789662810,257086,789662810:257086,Arma Yıldız 3'lü Paket Kadın Ten Rengi Pamuklu Likralı Yüksek Bel Hamile Lohusa Külot Esnek ve Rahat Kumaş,Arma Yıldız,ARMA YILDIZ,319.9,,0,InStock,,,,,4.4846715328467175,381,1,115,"[""Kargo Bedava""]",Tahmini Teslim:,refreshed,0,https://www.trendyol.com/arma-yildiz/3-lu-paket-kadin-ten-rengi-pamuklu-likrali-yuksek-bel-hamile-lohusa-kulot-esnek-ve-rahat-kumas-p-789662810
hamile:hamile-elbise,15,95,-2,70.5,27,837067856,175525,837067856:175525,Miss Dünya Lissa Kısa Kol Çizgilli Fitilli Kaşkorse Hamile ve Lohusa Tişört Elbise Takımı,Miss Dünya Lissa,Miss Dünya Lissa,779.99,,0,InStock,,,,,4.553824362606232,369,0,242,"[""Sepette %10 İndirim"",""Kargo Bedava""]",Tahmini Teslim:,refreshed,0,https://www.trendyol.com/miss-dunya-lissa/kisa-kol-cizgilli-fitilli-kaskorse-hamile-ve-lohusa-tisort-elbise-takimi-p-837067856?boutiqueId=61&merchantId=175525
hamile:hamile-elbise,17,97,1,70,22.5,409396548,175525,409396548:175525,Miss Dünya Lissa Beyaz Sabahlıklı Hamile Ve Lohusa Pijama Takımı,Miss Dünya Lissa,Miss Dünya Lissa,1449.99,,41.6,InStock,,,,,4.484126984126984,998,-3,256,"[""Sepette %10 İndirim"",""Kargo Bedava"",""Peşin Fiyatına 3 Taksit""]",Tahmini Teslim:,refreshed,0,https://www.trendyol.com/miss-dunya-lissa/beyaz-sabahlikli-hamile-ve-lohusa-pijama-takimi-p-409396548?boutiqueId=61&merchantId=175525
hamile:hamile-elbise,16,96,-4,69.4,25.6,114099158,133964,114099158:133964,Emose Kadın Ekru Lohusa Sabahlıklı Pijama Takım,Emose,EMOSE,1419,,0,InStock,,,,,4.434889434889435,477,-1,305,"[""Kargo Bedava"",""Peşin Fiyatına 3 Taksit""]",Tahmini Teslim:,refreshed,0,https://www.trendyol.com/emose/kadin-ekru-lohusa-sabahlikli-pijama-takim-p-114099158?boutiqueId=61&merchantId=133964
hamile:hamile-cok-satanlar,16,16,0,67.5,27.5,928945133,108216,928945133:108216,Artış Biyeli İspanyol Paça Yüksek Bel Esnek Toparlayıcı Hamile Tayt,Artış,Artış Collection,888.93,,0,InStock,,,,,4.321234119782214,269,1,55,"[""Kargo Bedava""]",Tahmini Teslim:,refreshed,0,https://www.trendyol.com/artis/biyeli-ispanyol-paca-yuksek-bel-esnek-toparlayici-hamile-tayt-p-928945133
hamile:hamile-elbise,11,91,-4,67.4,40.1,1059629463,126861,1059629463:126861,Catherines 872 Lohusa Elbise,Catherines,Penyemood,988.79,,0,InStock,,,,,4.545454545454546,14,0,12,"[""Trendyol Plus'a Özel"",""75 TL Kupon"",""Kargo Bedava""]",Tahmini Teslim:,refreshed,0,https://www.trendyol.com/catherines/872-lohusa-elbise-p-1059629463?boutiqueId=61&merchantId=126861
hamile:hamile-cok-satanlar,19,19,-5,66.5,21,1838360,250065,1838360:250065,Dagi Siyah Emzirme Sütyeni,Dagi,LORİSA,488.06,,-2.8,InStock,,,,,4.588372093023255,1156,1,344,"[""Sepette %2 İndirim"",""Kargo Bedava""]",Tahmini Teslim:,refreshed,0,https://www.trendyol.com/dagi/siyah-emzirme-sutyeni-p-1838360
hamile:hamile-elbise,19,99,-5,64.1,45.5,1185944284,175525,1185944284:175525,Miss Dünya Lissa Alina Sabahlıklı Emzirmeye Uygun Dantel Detaylı Sıfır Kol Hamile ve Lohusa Gecelik Takımı,Miss Dünya Lissa,Miss Dünya Lissa,1020.2,1309.99,-22.1,InStock,,,,,1,0,0,8,"[""Kargo Bedava"",""Son 10 Günün En Düşük Fiyatı"",""Süper Fırsat Ürünü"",""Peşin Fiyatına 3 Taksit"",""Son 10 günün en düşük fiyatı""]",Tahmini Teslim:,refreshed,0,https://www.trendyol.com/miss-dunya-lissa/alina-sabahlikli-emzirmeye-uygun-dantel-detayli-sifir-kol-hamile-ve-lohusa-gecelik-takimi-p-1185944284?boutiqueId=61&merchantId=175525
hamile:hamile-cok-satanlar,17,17,8,63.8,28.7,985639777,266730,985639777:266730,JENİKA Kadın Hamile Lohusa 3’lü Pijama Seti – Şık Dantel ve Pratik Düğme Detaylı,JENİKA,JENİKA COLLECTİON,894.57,,-3,InStock,,,,,4.648318042813456,166,2,174,"[""Trendyol Plus'a Özel"",""Kargo Bedava""]",Tahmini Teslim:,refreshed,0,https://www.trendyol.com/jenika/kadin-hamile-lohusa-3-lu-pijama-seti-sik-dantel-ve-pratik-dugme-detayli-p-985639777
hamile:hamile-cok-satanlar,21,21,-4,63.7,18.8,770783412,791114,770783412:791114,par lingerie pl 3 LÜ HAMİLE EMZİRME ATLETİ SİYAH-BEYAZ-TEN,par lingerie pl,ParLingerie,568.82,,0,InStock,,,,,4.378523489932887,1621,1,368,"[""Kargo Bedava""]",Tahmini Teslim:,refreshed,0,https://www.trendyol.com/par-lingerie-pl/3-lu-hamile-emzirme-atleti-siyah-beyaz-ten-p-770783412
hamile:hamile-cok-satanlar,18,18,0,63.3,26.7,1050981404,968958,1050981404:968958,bodin Ayarlanabilir Bel Pamuklu Kumaş Hamile ve Lohusa Eşofman Altı,bodin,BODİN,664.44,,-5.1,InStock,,,,,4.208041958041958,259,0,190,"[""Kargo Bedava"",""20 TL Kupon""]",Tahmini Teslim:,refreshed,0,https://www.trendyol.com/bodin/ayarlanabilir-bel-pamuklu-kumas-hamile-ve-lohusa-esofman-alti-p-1050981404
hamile:hamile-cok-satanlar,22,22,2,61.2,18.8,1838359,361972,1838359:361972,Dagi Beyaz Emzirme Sütyeni,Dagi,HG GRUP,447.21,,0,InStock,,,,,4.625150662916834,1419,0,536,"[""Sepette %1 İndirim"",""Kargo Bedava""]",Tahmini Teslim:,refreshed,0,https://www.trendyol.com/dagi/beyaz-emzirme-sutyeni-p-1838359
hamile:hamile-elbise,12,92,22,59.8,45.2,1188201396,175525,1188201396:175525,Miss Dünya Lissa Alina Sabahlıklı Emzirmeye Uygun Dantel Detaylı Sıfır Kol Hamile ve Lohusa Gecelik Takımı,Miss Dünya Lissa,Miss Dünya Lissa,1309.99,,0,InStock,,,,,5,2,0,4,"[""Sepette %10 İndirim"",""Kargo Bedava"",""Peşin Fiyatına 3 Taksit""]",Tahmini Teslim:,refreshed,0,https://www.trendyol.com/miss-dunya-lissa/alina-sabahlikli-emzirmeye-uygun-dantel-detayli-sifir-kol-hamile-ve-lohusa-gecelik-takimi-p-1188201396?boutiqueId=61&merchantId=175525
hamile:hamile-cok-satanlar,23,23,-1,59,18.5,862768488,531277,862768488:531277,Lesa Wear İspanyol Paça Ayarlanabilir Yüksek Bel Esnek Toparlayıcı Ve Sıkılaştırıcı Hamile Tayt,Lesa Wear,Lesa Wear,514.69,,0,InStock,,,,,4.334956183057449,1325,4,348,"[""Trendyol Plus'a Özel"",""Kargo Bedava""]",Tahmini Teslim:,refreshed,0,https://www.trendyol.com/lesa-wear/ispanyol-paca-ayarlanabilir-yuksek-bel-esnek-toparlayici-ve-sikilastirici-hamile-tayt-p-862768488
hamile:hamile-elbise,18,98,-5,57.6,32.4,874393650,266730,874393650:266730,JENİKA Somon Renk Fırfır Dantel Detaylı 2 Li Sabahlıklı Hamile Gecelik Takım,JENİKA,JENİKA COLLECTİON,852.78,,0,InStock,,,,,4.512820512820513,49,2,53,"[""Sepette %1 İndirim"",""Kargo Bedava""]",Tahmini Teslim:,refreshed,0,https://www.trendyol.com/jenika/somon-renk-firfir-dantel-detayli-2-li-sabahlikli-hamile-gecelik-takim-p-874393650?boutiqueId=61&merchantId=266730
hamile:hamile-cok-satanlar,24,24,-1,56.1,18.9,827538355,207439,827538355:207439,MODALADY 3 ADET %100 PAMUKLU HAMİLE KÜLODU,MODALADY,MODALADY,298.9,,0,InStock,,,,,4.4602683178534575,1026,0,265,"[""Kargo Bedava""]",Tahmini Teslim:,refreshed,0,https://www.trendyol.com/modalady/3-adet-100-pamuklu-hamile-kulodu-p-827538355
hamile:hamile-elbise,25,105,6,52.8,19.7,307226519,175525,307226519:175525,Miss Dünya Lissa Mavi Çizgi Desenli Lohusa Ve Hamile Pijama Takım,Miss Dünya Lissa,Miss Dünya Lissa,1239.99,,0,InStock,,,,,4.616928446771379,707,-2,197,"[""Sepette %10 İndirim"",""Kargo Bedava"",""Peşin Fiyatına 3 Taksit""]",Tahmini Teslim:,refreshed,0,https://www.trendyol.com/miss-dunya-lissa/mavi-cizgi-desenli-lohusa-ve-hamile-pijama-takim-p-307226519?boutiqueId=61&merchantId=175525
hamile:hamile-cok-satanlar,20,20,0,52.4,38.4,1159113300,741905,1159113300:741905,Maison La Femme Kadın Siyah Yüksek Bel Bol Paça Hamile Pantolonu,Maison La Femme,Maison La Femme,699,,0,InStock,3 günde 100+ ürün satıldı!,3,100,33.3,4.105263157894737,21,0,52,"[""Trendyol Plus'a Özel"",""Kargo Bedava""]",Tahmini Teslim:,refreshed,0,https://www.trendyol.com/maison-la-femme/kadin-siyah-yuksek-bel-bol-paca-hamile-pantolonu-p-1159113300
hamile:hamile-cok-satanlar,25,25,-4,51.1,21.4,902666880,207439,902666880:207439,MODALADY 3 ADET %100 PAMUKLU HAMİLE KÜLODU,MODALADY,MODALADY,298.9,,0,InStock,,,,,4.5162094763092275,429,1,121,"[""Kargo Bedava""]",Tahmini Teslim:,refreshed,0,https://www.trendyol.com/modalady/3-adet-100-pamuklu-hamile-kulodu-p-902666880
hamile:hamile-cok-satanlar,26,26,3,49.7,20.3,816224155,175525,816224155:175525,Miss Dünya Lissa Önden Bağlamalı Geniş Şerit Yakalı Hamile ve Lohusa Pijama Takımı,Miss Dünya Lissa,Miss Dünya Lissa,949.99,,0,InStock,,,,,4.3375870069605575,512,2,157,"[""Sepette %10 İndirim"",""Kargo Bedava""]",Tahmini Teslim:,refreshed,0,https://www.trendyol.com/miss-dunya-lissa/onden-baglamali-genis-serit-yakali-hamile-ve-lohusa-pijama-takimi-p-816224155
hamile:hamile-elbise,24,104,-14,48.7,26.3,344963081,108216,344963081:108216,Artış Kadın Uzun Kollu Esnek Pamuklu Kumaş Hamile Pijama Takımı 13201,Artış,Artış Collection,1582.45,,0,InStock,,,,,4.598086124401913,123,1,32,"[""Kargo Bedava"",""Peşin Fiyatına 3 Taksit""]",Tahmini Teslim:,refreshed,0,https://www.trendyol.com/artis/kadin-uzun-kollu-esnek-pamuklu-kumas-hamile-pijama-takimi-13201-p-344963081?boutiqueId=61&merchantId=108216
hamile:hamile-elbise,22,102,1,48.5,31.5,1137940141,175525,1137940141:175525,Miss Dünya Lissa Nova MomEmzirme Özellikli Hamile Gecelik Yumuşak Viskon Rahat Kesim,Miss Dünya Lissa,Miss Dünya Lissa,789.99,,0,InStock,,,,,4.588235294117647,35,0,20,"[""Sepette %10 İndirim"",""Kargo Bedava""]",Tahmini Teslim:,refreshed,0,https://www.trendyol.com/miss-dunya-lissa/nova-momemzirme-ozellikli-hamile-gecelik-yumusak-viskon-rahat-kesim-p-1137940141?boutiqueId=61&merchantId=175525
hamile:hamile-cok-satanlar,27,27,14,48.1,19.4,813433349,175525,813433349:175525,Miss Dünya Lissa Sabahlıklı Şerit Detaylı Hamile ve Lohusa Pijama Takımı,Miss Dünya Lissa,Miss Dünya Lissa,1509.99,,33.5,InStock,,,,,4.582718651211802,570,0,193,"[""Sepette %10 İndirim"",""Kargo Bedava"",""Peşin Fiyatına 3 Taksit""]",Tahmini Teslim:,refreshed,0,https://www.trendyol.com/miss-dunya-lissa/sabahlikli-serit-detayli-hamile-ve-lohusa-pijama-takimi-p-813433349
hamile:hamile-elbise,26,106,-10,48,22,468246433,719046,468246433:719046,ByLohusa Zarif Dantel Detaylı Emzirme Özellikli Sabahlıklı Hamile Lohusa Gecelik Takımı Effortt - Ekru,ByLohusa,ByLohusa,2999.99,,24.4,InStock,,,,,4.6316758747697975,316,0,189,"[""Sepette %1 İndirim"",""Kargo Bedava"",""Peşin Fiyatına 3 Taksit"",""Trendyol Plus'a Özel""]",Tahmini Teslim:,refreshed,0,https://www.trendyol.com/bylohusa/zarif-dantel-detayli-emzirme-ozellikli-sabahlikli-hamile-lohusa-gecelik-takimi-effortt-ekru-p-468246433?boutiqueId=61&merchantId=719046
hamile:hamile-cok-satanlar,45,45,2,47.9,14.6,205812476,199441,205812476:199441,Tasarım Ms Beyaz Kaz Tüylü Incili Lohusa Taç Terlik Seti – Lohusa Seti – Lohusa Seti – Lohusa Seti,Tasarım,Hobigram,349.99,499.99,0,InStock,,,,,4.042105263157895,172,2,59,"[""Trendyol Plus'a Özel"",""Kargo Bedava""]",Tahmini Teslim:,refreshed,0,https://www.trendyol.com/tasarim/ms-beyaz-kaz-tuylu-incili-lohusa-tac-terlik-seti-lohusa-seti-lohusa-seti-lohusa-seti-p-205812476
hamile:hamile-cok-satanlar,28,28,2,45.8,19.2,38003801,327733,38003801:327733,Pierre Cardin Kadın Beyaz 1031 Pamuklu Göğüs Ucu Belli Etmeyen Kaplı Emzirme Atleti,Pierre Cardin,Pierre Cardin Kadın İç Giyim,619.9,,0,InStock,,,,,4.341730558598028,537,0,32,"[""Trendyol Plus'a Özel"",""Kargo Bedava""]",Tahmini Teslim:,refreshed,0,https://www.trendyol.com/pierre-cardin/kadin-beyaz-1031-pamuklu-gogus-ucu-belli-etmeyen-kapli-emzirme-atleti-p-38003801
hamile:hamile-elbise,21,101,0,45.2,37.3,1181074964,175525,1181074964:175525,Miss Dünya Lissa Alina Sabahlıklı Emzirmeye Uygun Dantel Detaylı Sıfır Kol Hamile ve Lohusa Gecelik Takımı,Miss Dünya Lissa,Miss Dünya Lissa,1309.99,,21.1,InStock,,,,,3.7777777777777777,7,0,15,"[""Sepette %10 İndirim"",""Kargo Bedava"",""Peşin Fiyatına 3 Taksit""]",Tahmini Teslim:,refreshed,0,https://www.trendyol.com/miss-dunya-lissa/alina-sabahlikli-emzirmeye-uygun-dantel-detayli-sifir-kol-hamile-ve-lohusa-gecelik-takimi-p-1181074964?boutiqueId=61&merchantId=175525
hamile:hamile-cok-satanlar,29,29,4,44.4,18.1,805934201,178236,805934201:178236,Cottonhill Siyah Esnek Yüksek Bel Hamile Tayt,Cottonhill,Cottonhill,679.9,,0,InStock,,,,,4.388724035608309,628,1,69,"[""Kargo Bedava""]",Tahmini Teslim:,refreshed,0,https://www.trendyol.com/cottonhill/siyah-esnek-yuksek-bel-hamile-tayt-p-805934201
hamile:hamile-elbise,28,108,-1,43.8,21.2,681010384,175525,681010384:175525,Miss Dünya Lissa Lacivert Dantel Detaylı Hamile Ve Lohusa Gecelik Takımı,Miss Dünya Lissa,Miss Dünya Lissa,999.99,,0,InStock,,,,,4.59538784067086,294,0,96,"[""Sepette %10 İndirim"",""Kargo Bedava""]",Tahmini Teslim:,refreshed,0,https://www.trendyol.com/miss-dunya-lissa/lacivert-dantel-detayli-hamile-ve-lohusa-gecelik-takimi-p-681010384?boutiqueId=61&merchantId=175525
hamile:hamile-elbise,20,100,2,42.4,42.6,1134092895,367,1134092895:367,Suwen Chloe Uzun Günlük Elbise,Suwen,SUWEN,1049,,0,InStock,,,,,5,1,0,3,"[""Sepette %20 İndirim"",""Kargo Bedava""]",Tahmini Teslim:,refreshed,0,https://www.trendyol.com/suwen/chloe-uzun-gunluk-elbise-p-1134092895?boutiqueId=61&merchantId=367
hamile:hamile-cok-satanlar,30,30,4,41,19,902664890,207439,902664890:207439,MODALADY 3 ADET %100 PAMUKLU HAMİLE KÜLODU,MODALADY,MODALADY,199.9,,0,InStock,,,,,4.4212500000000015,420,0,97,"[""Kargo Bedava""]",Tahmini Teslim:,refreshed,0,https://www.trendyol.com/modalady/3-adet-100-pamuklu-hamile-kulodu-p-902664890
hamile:hamile-cok-satanlar,32,32,-1,39.7,15.3,756440716,108216,756440716:108216,Artış Ayarlanabilir Yüksek Bel Esnek Toparlayıcı Hamile Tayt T02,Artış,Artış Collection,693.56,,0,InStock,,,,,4.313802083333334,910,-1,85,"[""Kargo Bedava""]",Tahmini Teslim:,refreshed,0,https://www.trendyol.com/artis/ayarlanabilir-yuksek-bel-esnek-toparlayici-hamile-tayt-t02-p-756440716
hamile:hamile-cok-satanlar,73,73,-8,39.6,8,303409979,139670,303409979:139670,Limelia Tüylü İncili Lohusa Terliği ve Çiçekli Taç,Limelia,HayalperestBoncuk,407.77,494.9,-18.4,InStock,,,,,3.963002114164905,556,1,367,"[""Sepette %1 İndirim"",""Kargo Bedava""]",Tahmini Teslim:,refreshed,0,https://www.trendyol.com/limelia/tuylu-incili-lohusa-terligi-ve-cicekli-tac-p-303409979
hamile:hamile-elbise,27,107,-7,36.6,30.9,1137940217,175525,1137940217:175525,Miss Dünya Lissa Nova MomEmzirme Özellikli Hamile Gecelik Yumuşak Viskon Rahat Kesim,Miss Dünya Lissa,Miss Dünya Lissa,789.99,,0,InStock,,,,,4.575757575757576,20,0,11,"[""Sepette %10 İndirim"",""Kargo Bedava""]",Tahmini Teslim:,refreshed,0,https://www.trendyol.com/miss-dunya-lissa/nova-momemzirme-ozellikli-hamile-gecelik-yumusak-viskon-rahat-kesim-p-1137940217?boutiqueId=61&merchantId=175525
hamile:hamile-elbise,199,279,-119,34.3,24.4,1128331865,153578,1128331865:153578,benguen Kolsuz İçlik Elbise N8102 Kahverengi,benguen,benguen,570.75,799.99,0,InStock,,,,,4.7272727272727275,4,0,8,"[""Kargo Bedava"",""Son 10 Günün En Düşük Fiyatı"",""Süper Fırsat Ürünü"",""Trendyol Plus'a Özel""]",Tahmini Teslim:,refreshed,0,https://www.trendyol.com/benguen/kolsuz-iclik-elbise-n8102-kahverengi-p-1128331865?boutiqueId=61&merchantId=153578
hamile:hamile-cok-satanlar,33,33,-6,34.2,18.3,775532651,327733,775532651:327733,Pierre Cardin 2'li Peket Ten 6831 Pamuklu Göğüs Ucu Belli Etmeyen Kaplı Emzirme Atleti,Pierre Cardin,Pierre Cardin Kadın İç Giyim,999.9,,0,InStock,,,,,4.358231707317073,334,0,26,"[""Kargo Bedava""]",Tahmini Teslim:,refreshed,0,https://www.trendyol.com/pierre-cardin/2-li-peket-ten-6831-pamuklu-gogus-ucu-belli-etmeyen-kapli-emzirme-atleti-p-775532651
hamile:hamile-elbise,23,103,69,34,43.5,1190697860,175525,1190697860:175525,Miss Dünya Lissa Mirella Hamile ve Lohusa Dantel Detaylı Emzirmeye Uygun Gecelik,Miss Dünya Lissa,Miss Dünya Lissa,829.99,,18.7,InStock,,,,,0,0,0,4,"[""Sepette %10 İndirim"",""Kargo Bedava""]",Tahmini Teslim:,refreshed,0,https://www.trendyol.com/miss-dunya-lissa/mirella-hamile-ve-lohusa-dantel-detayli-emzirmeye-uygun-gecelik-p-1190697860?boutiqueId=61&merchantId=175525
hamile:hamile-cok-satanlar,50,50,40,33.1,15,987446287,175525,987446287:175525,Miss Dünya Lissa Gömlek Yaka Önden Düğmeli Uzun Kol Rahat Form Hamile ve Lohusa Pijama Takımı,Miss Dünya Lissa,Miss Dünya Lissa,753.32,919.99,-18.1,InStock,,,,,4.4635761589403975,74,1,48,"[""Kargo Bedava"",""Son 10 Günün En Düşük Fiyatı"",""Son 10 günün en düşük fiyatı""]",Tahmini Teslim:,refreshed,0,https://www.trendyol.com/miss-dunya-lissa/gomlek-yaka-onden-dugmeli-uzun-kol-rahat-form-hamile-ve-lohusa-pijama-takimi-p-987446287
hamile:hamile-elbise,202,282,,33.1,30,1180903711,1180141,1180903711:1180141,MY GRS GOFRE KUAMŞ ELBİSE,MY GRS,MY GRS BUTİK,349.6,522.5,,InStock,,,,,0,0,,1,"[""Sepette %5 İndirim"",""Kargo Bedava"",""Trendyol Plus'a Özel""]",Tahmini Teslim:,refreshed,0,https://www.trendyol.com/my-grs/gofre-kuams-elbise-p-1180903711?boutiqueId=61&merchantId=1180141
hamile:hamile-elbise,30,110,-6,32.6,27.4,1137940167,175525,1137940167:175525,Miss Dünya Lissa Nova MomEmzirme Özellikli Hamile Gecelik Yumuşak Viskon Rahat Kesim,Miss Dünya Lissa,Miss Dünya Lissa,789.99,,0,InStock,,,,,4.302631578947369,37,1,21,"[""Sepette %10 İndirim"",""Kargo Bedava""]",Tahmini Teslim:,refreshed,0,https://www.trendyol.com/miss-dunya-lissa/nova-momemzirme-ozellikli-hamile-gecelik-yumusak-viskon-rahat-kesim-p-1137940167?boutiqueId=61&merchantId=175525
hamile:hamile-elbise,32,112,2,32,23,848189767,157030,848189767:157030,SENTEX kısa kollu geniş karışık renkli desenli kadın elbisesi,SENTEX,SUDENAZ TEKSTİL,679,,0,InStock,,,,,4.431372549019608,100,0,107,"[""Kargo Bedava""]",Tahmini Teslim:,refreshed,0,https://www.trendyol.com/sentex/kisa-kollu-genis-karisik-renkli-desenli-kadin-elbisesi-p-848189767?boutiqueId=61&merchantId=157030
hamile:hamile-elbise,127,207,47,32,30,1166308351,104723,1166308351:104723,MANGO Büzgü detaylı dökümlü triko elbise,MANGO,MANGO,1699.99,2499.99,0,InStock,,,,,0,0,0,0,"[""Son 10 Günün En Düşük Fiyatı"",""Peşin Fiyatına 3 Taksit"",""Son 10 günün en düşük fiyatı""]",Tahmini Teslim:,refreshed,0,https://www.trendyol.com/mango/buzgu-detayli-dokumlu-triko-elbise-p-1166308351?boutiqueId=61&merchantId=104723
hamile:hamile-elbise,33,113,-8,31.5,21,756683845,133964,756683845:133964,Emose Tüylü Lohusa Hamile Pijama Takımı Ekru,Emose,EMOSE,1449,,0,InStock,,,,,4.133891213389122,151,2,148,"[""Kargo Bedava""]",Tahmini Teslim:,refreshed,0,https://www.trendyol.com/emose/tuylu-lohusa-hamile-pijama-takimi-ekru-p-756683845?boutiqueId=61&merchantId=133964
hamile:hamile-cok-satanlar,35,35,1,31.1,16.4,653567822,122810,653567822:122810,BUSA Hamile Esnek Karın Bantlı Belden Ayarlı Mom Fit Klasik Gabardin Pantolon SİYAH,BUSA,Busa Giyim,1390.71,,0,InStock,,,,,4.354192740926158,431,-2,371,"[""Kargo Bedava"",""Peşin Fiyatına 3 Taksit""]",Tahmini Teslim:,refreshed,0,https://www.trendyol.com/busa/hamile-esnek-karin-bantli-belden-ayarli-mom-fit-klasik-gabardin-pantolon-siyah-p-653567822
hamile:hamile-elbise,35,115,10,31,16.5,655266716,175525,655266716:175525,Miss Dünya Lissa Emzirmeye Uygun Lohusa Ve Hamile Pijama Takımı,Miss Dünya Lissa,Miss Dünya Lissa,669.99,,0,InStock,,,,,4.470254957507082,416,-1,66,"[""Sepette %10 İndirim"",""Kargo Bedava""]",Tahmini Teslim:,refreshed,0,https://www.trendyol.com/miss-dunya-lissa/emzirmeye-uygun-lohusa-ve-hamile-pijama-takimi-p-655266716?boutiqueId=61&merchantId=175525
hamile:hamile-cok-satanlar,34,34,-6,30.6,19.4,865290685,904421,865290685:904421,KATLİN MATERNİTY WEAR Hamile Geniş Paça Beli Ayarlanabilir Kumaş Pantolon Önü Dikiş Detaylı,KATLİN MATERNİTY WEAR,KATLİN MATERNİTY WEAR,838,,0,InStock,,,,,4.5063291139240516,208,1,137,"[""Kargo Bedava""]",Tahmini Teslim:,refreshed,0,https://www.trendyol.com/katlin-maternity-wear/hamile-genis-paca-beli-ayarlanabilir-kumas-pantolon-onu-dikis-detayli-p-865290685
hamile:hamile-cok-satanlar,71,71,20,28.7,15.2,738444870,4575,738444870:4575,Luvmabelly Myra9810 - Hamile Kemer Genişetici Siyah,Luvmabelly,LuvmaBelly,86.09,99.99,0,InStock,,,,,3.7245508982035926,69,0,11,"[""Son 10 Günün En Düşük Fiyatı"",""Kargo Bedava"",""Son 10 günün en düşük fiyatı""]",Tahmini Teslim:,refreshed,0,https://www.trendyol.com/luvmabelly/myra9810-hamile-kemer-genisetici-siyah-p-738444870
hamile:hamile-cok-satanlar,65,65,18,28.1,9.5,316480294,229178,316480294:229178,Nbb Kadın 3'lü Paket Pamuklu Hamile Külodu,Nbb,Leorina,429.99,465.59,-6.5,InStock,,,,,4.714086471408646,365,-2,94,"[""Kargo Bedava"",""Son 10 Günün En Düşük Fiyatı"",""Son 10 günün en düşük fiyatı""]",Tahmini Teslim:,refreshed,0,https://www.trendyol.com/nbb/kadin-3-lu-paket-pamuklu-hamile-kulodu-p-316480294
hamile:hamile-elbise,34,114,-8,27.7,22.3,744405472,133964,744405472:133964,Emose Dantelli Sabahlıklı Lohusa Pijama Takım Ekru,Emose,EMOSE,1469,,0,InStock,,,,,4.347222222222222,91,0,65,"[""Kargo Bedava"",""Peşin Fiyatına 3 Taksit""]",Tahmini Teslim:,refreshed,0,https://www.trendyol.com/emose/dantelli-sabahlikli-lohusa-pijama-takim-ekru-p-744405472?boutiqueId=61&merchantId=133964
hamile:hamile-cok-satanlar,38,38,1,27.5,12.5,695655871,175525,695655871:175525,Miss Dünya Lissa Beyaz Hamile Ve Lohusa Sabahlık Gecelik Takımı,Miss Dünya Lissa,Miss Dünya Lissa,1449.99,,7.4,InStock,,,,,4.48237885462555,870,0,290,"[""Sepette %10 İndirim"",""Kargo Bedava"",""Peşin Fiyatına 3 Taksit""]",Tahmini Teslim:,refreshed,0,https://www.trendyol.com/miss-dunya-lissa/beyaz-hamile-ve-lohusa-sabahlik-gecelik-takimi-p-695655871
hamile:hamile-elbise,75,155,50,27,12.9,692868374,175525,692868374:175525,Miss Dünya Lissa Pudra Hamile Ve Lohusa Sabahlık Gecelik Takımı,Miss Dünya Lissa,Miss Dünya Lissa,935.41,1038.02,-30.7,InStock,,,,,4.559322033898305,137,0,44,"[""Kargo Bedava"",""Son 10 Günün En Düşük Fiyatı"",""Son 10 günün en düşük fiyatı""]",Tahmini Teslim:,refreshed,0,https://www.trendyol.com/miss-dunya-lissa/pudra-hamile-ve-lohusa-sabahlik-gecelik-takimi-p-692868374?boutiqueId=61&merchantId=175525
hamile:hamile-cok-satanlar,36,36,7,26.5,18.5,828439277,904421,828439277:904421,KATLİN MATERNİTY WEAR Hamile Siyah Kumaş Pantolonu Beli Ayarlanabilir Double Kumaş,KATLİN MATERNİTY WEAR,KATLİN MATERNİTY WEAR,788,,0,InStock,,,,,4.2811791383219955,207,0,190,"[""Kargo Bedava""]",Tahmini Teslim:,refreshed,0,https://www.trendyol.com/katlin-maternity-wear/hamile-siyah-kumas-pantolonu-beli-ayarlanabilir-double-kumas-p-828439277
hamile:hamile-elbise,36,116,-4,24.8,20.2,692870111,175525,692870111:175525,Miss Dünya Lissa Bebe Mavisi Hamile Ve Lohusa Sabahlık Gecelik Takımı,Miss Dünya Lissa,Miss Dünya Lissa,1449.99,,7.4,InStock,,,,,4.613333333333333,126,0,40,"[""Sepette %10 İndirim"",""Kargo Bedava"",""Peşin Fiyatına 3 Taksit""]",Tahmini Teslim:,refreshed,0,https://www.trendyol.com/miss-dunya-lissa/bebe-mavisi-hamile-ve-lohusa-sabahlik-gecelik-takimi-p-692870111?boutiqueId=61&merchantId=175525
hamile:hamile-elbise,29,109,-12,24.4,38.1,1185925634,175525,1185925634:175525,Miss Dünya Lissa Alina Sabahlıklı Emzirmeye Uygun Dantel Detaylı Sıfır Kol Hamile ve Lohusa Gecelik Takımı,Miss Dünya Lissa,Miss Dünya Lissa,1309.99,,0,InStock,,,,,4,1,0,1,"[""Sepette %10 İndirim"",""Kargo Bedava"",""Peşin Fiyatına 3 Taksit""]",Tahmini Teslim:,refreshed,0,https://www.trendyol.com/miss-dunya-lissa/alina-sabahlikli-emzirmeye-uygun-dantel-detayli-sifir-kol-hamile-ve-lohusa-gecelik-takimi-p-1185925634?boutiqueId=61&merchantId=175525
hamile:hamile-cok-satanlar,42,42,-5,23.8,10.2,815777920,175525,815777920:175525,Miss Dünya Lissa Önden Bağlamalı Şerit Yakalı Hamile ve Lohusa Pijama Takımı,Miss Dünya Lissa,Miss Dünya Lissa,949.99,,30.6,InStock,,,,,4.285435630689206,938,2,284,"[""Sepette %10 İndirim"",""Kargo Bedava""]",Tahmini Teslim:,refreshed,0,https://www.trendyol.com/miss-dunya-lissa/onden-baglamali-serit-yakali-hamile-ve-lohusa-pijama-takimi-p-815777920
hamile:hamile-cok-satanlar,41,41,3,23.5,11,813433337,175525,813433337:175525,Miss Dünya Lissa Sabahlıklı Şerit Detaylı Hamile ve Lohusa Pijama Takımı,Miss Dünya Lissa,Miss Dünya Lissa,1509.99,,14,InStock,,,,,4.532934131736527,857,1,296,"[""Sepette %10 İndirim"",""Kargo Bedava"",""Peşin Fiyatına 3 Taksit""]",Tahmini Teslim:,refreshed,0,https://www.trendyol.com/miss-dunya-lissa/sabahlikli-serit-detayli-hamile-ve-lohusa-pijama-takimi-p-813433337
hamile:hamile-cok-satanlar,54,54,-19,23.2,6.8,816223983,175525,816223983:175525,Miss Dünya Lissa Önden Bağlamalı Geniş Şerit Yakalı Hamile ve Lohusa Pijama Takımı,Miss Dünya Lissa,Miss Dünya Lissa,791.37,,-16.7,InStock,,,,,4.430847212165098,801,0,196,"[""Kargo Bedava""]",Tahmini Teslim:,refreshed,0,https://www.trendyol.com/miss-dunya-lissa/onden-baglamali-genis-serit-yakali-hamile-ve-lohusa-pijama-takimi-p-816223983
hamile:hamile-cok-satanlar,48,48,0,22.3,8.7,827151361,178236,827151361:178236,Cottonhill Siyah Yüksek Bel Hamile İspanyol Paça Kadın Tayt,Cottonhill,Cottonhill,744.9,,0,InStock,,,,,4.412757973733584,617,1,109,"[""Kargo Bedava""]",Tahmini Teslim:,refreshed,0,https://www.trendyol.com/cottonhill/siyah-yuksek-bel-hamile-ispanyol-paca-kadin-tayt-p-827151361
hamile:hamile-cok-satanlar,56,56,14,21.8,8.2,813433152,175525,813433152:175525,Miss Dünya Lissa Sabahlıklı Şerit Detaylı Hamile ve Lohusa Pijama Takımı,Miss Dünya Lissa,Miss Dünya Lissa,1509.99,,45.2,InStock,,,,,4.375000000000001,524,0,255,"[""Sepette %10 İndirim"",""Kargo Bedava"",""Peşin Fiyatına 3 Taksit""]",Tahmini Teslim:,refreshed,0,https://www.trendyol.com/miss-dunya-lissa/sabahlikli-serit-detayli-hamile-ve-lohusa-pijama-takimi-p-813433152
hamile:hamile-elbise,31,111,-1,21.8,35.7,1182302553,157030,1182302553:157030,SENTEX Geniş kısa kollu desenli kadın elbisesi,SENTEX,SUDENAZ TEKSTİL,679,,0,InStock,,,,,4.625,2,0,6,"[""Kargo Bedava""]",Tahmini Teslim:,refreshed,0,https://www.trendyol.com/sentex/genis-kisa-kollu-desenli-kadin-elbisesi-p-1182302553?boutiqueId=61&merchantId=157030
hamile:hamile-elbise,98,178,-31,21.7,8.3,449022056,733989,449022056:733989,Nehirsel 3022 Özel Tasarım Lohusa Pijama Takımı 3'lü Set,Nehirsel,KEM-TEX,1799,,0,InStock,,,,,4.737684729064039,511,0,245,"[""Sepette %5 İndirim"",""50 TL Kupon"",""Kargo Bedava"",""Peşin Fiyatına 3 Taksit""]",Tahmini Teslim:,refreshed,0,https://www.trendyol.com/nehirsel/3022-ozel-tasarim-lohusa-pijama-takimi-3-lu-set-p-449022056?boutiqueId=61&merchantId=733989
hamile:hamile-cok-satanlar,63,63,-2,21.5,8.5,792494698,175525,792494698:175525,Miss Dünya Lissa Siyah Gömlek Yaka Önden Düğmeli Hamile ve Lohusa Gecelik,Miss Dünya Lissa,Miss Dünya Lissa,749.99,,0,InStock,,,,,4.604968944099379,489,0,101,"[""Sepette %10 İndirim"",""Kargo Bedava""]",Tahmini Teslim:,refreshed,0,https://www.trendyol.com/miss-dunya-lissa/siyah-gomlek-yaka-onden-dugmeli-hamile-ve-lohusa-gecelik-p-792494698
hamile:hamile-elbise,37,117,-4,21.5,21,324431645,346762,324431645:346762,"ADASTYLE Çekim, Uzun, Hemile, Abiye Şifon Elbise",ADASTYLE,ADA STYLE,1649.9,,0,InStock,,,,,4.436619718309859,86,0,118,"[""60 TL Kupon"",""Kargo Bedava"",""Peşin Fiyatına 3 Taksit""]",Tahmini Teslim:,refreshed,0,https://www.trendyol.com/adastyle/cekim-uzun-hemile-abiye-sifon-elbise-p-324431645?boutiqueId=61&merchantId=346762
hamile:hamile-cok-satanlar,47,47,-1,21.4,10.1,32590516,327733,32590516:327733,Pierre Cardin Kadın Ten 6117 Kaplı Emzirme Sütyeni,Pierre Cardin,Pierre Cardin Kadın İç Giyim,579.9,,0,InStock,,,,,4.137656427758817,470,0,31,"[""Kargo Bedava""]",Tahmini Teslim:,refreshed,0,https://www.trendyol.com/pierre-cardin/kadin-ten-6117-kapli-emzirme-sutyeni-p-32590516
hamile:hamile-cok-satanlar,70,70,15,21.1,8.9,168267967,207439,168267967:207439,MODALADY Kadın Emzirme Sütyeni,MODALADY,MODALADY,199.9,,0,InStock,,,,,4.3667100130039005,435,0,47,"[""Kargo Bedava""]",Tahmini Teslim:,refreshed,0,https://www.trendyol.com/modalady/kadin-emzirme-sutyeni-p-168267967
hamile:hamile-elbise,68,148,-33,20.7,9.3,655268162,175525,655268162:175525,Miss Dünya Lissa Beyaz Emzirmeye Uygun Lohusa Ve Hamile Pijama Takımı,Miss Dünya Lissa,Miss Dünya Lissa,669.99,,0,InStock,,,,,4.349304482225656,388,0,88,"[""Sepette %10 İndirim"",""Kargo Bedava""]",Tahmini Teslim:,refreshed,0,https://www.trendyol.com/miss-dunya-lissa/beyaz-emzirmeye-uygun-lohusa-ve-hamile-pijama-takimi-p-655268162?boutiqueId=61&merchantId=175525
hamile:hamile-cok-satanlar,31,31,18,20.4,37.1,1190940027,1188,1190940027:1188,Defacto Regular Fıt Emzirme Atleti H2280AX26SM,Defacto,DeFacto,399.99,,0,InStock,,,,,3,1,0,3,"[""Trendyol Plus'a Özel"",""Sepette %30 İndirim""]",Tahmini Teslim:,refreshed,0,https://www.trendyol.com/defacto/regular-fit-emzirme-atleti-h2280ax26sm-p-1190940027
hamile:hamile-cok-satanlar,77,77,22,20.2,9.8,816134782,175525,816134782:175525,Miss Dünya Lissa Düğmeli Şerit Detaylı Hamile ve Lohusa Gecelik,Miss Dünya Lissa,Miss Dünya Lissa,749.99,,0,InStock,,,,,4.628899835796387,338,0,71,"[""Sepette %10 İndirim"",""Kargo Bedava""]",Tahmini Teslim:,refreshed,0,https://www.trendyol.com/miss-dunya-lissa/dugmeli-serit-detayli-hamile-ve-lohusa-gecelik-p-816134782
hamile:hamile-cok-satanlar,78,78,-11,20.2,9.8,32211171,327733,32211171:327733,Pierre Cardin 6116 Elienor Soft Boş Kap Pamuklu Emzirme Sütyeni,Pierre Cardin,Pierre Cardin Kadın İç Giyim,549.9,,0,InStock,,,,,4.398119122257054,338,0,20,"[""Kargo Bedava""]",Tahmini Teslim:,refreshed,0,https://www.trendyol.com/pierre-cardin/6116-elienor-soft-bos-kap-pamuklu-emzirme-sutyeni-p-32211171
hamile:hamile-cok-satanlar,57,57,-7,20.1,9.9,816224416,175525,816224416:175525,Miss Dünya Lissa Önden Bağlamalı Geniş Şerit Yakalı Hamile ve Lohusa Pijama Takımı,Miss Dünya Lissa,Miss Dünya Lissa,949.99,,25.1,InStock,,,,,4.426807760141093,329,0,112,"[""Sepette %10 İndirim"",""Kargo Bedava""]",Tahmini Teslim:,refreshed,0,https://www.trendyol.com/miss-dunya-lissa/onden-baglamali-genis-serit-yakali-hamile-ve-lohusa-pijama-takimi-p-816224416
hamile:hamile-elbise,56,136,-15,19.6,10.4,449015964,733989,449015964:733989,Nehirsel Ekru Hamile Ve Lohusa Pijama Takımı 3'lü Set,Nehirsel,KEM-TEX,1799,,0,InStock,,,,,4.6371681415929205,283,-1,82,"[""Sepette %5 İndirim"",""50 TL Kupon"",""Kargo Bedava"",""Peşin Fiyatına 3 Taksit""]",Tahmini Teslim:,refreshed,0,https://www.trendyol.com/nehirsel/ekru-hamile-ve-lohusa-pijama-takimi-3-lu-set-p-449015964?boutiqueId=61&merchantId=733989
hamile:hamile-cok-satanlar,69,69,26,19.4,10.6,840158129,257086,840158129:257086,Arma Yıldız Hamile Boxer Şort Siyah Pamuklu Likralı,Arma Yıldız,ARMA YILDIZ,329.9,,0,InStock,,,,,4,264,1,73,"[""Trendyol Plus'a Özel"",""Kargo Bedava""]",Tahmini Teslim:,refreshed,0,https://www.trendyol.com/arma-yildiz/hamile-boxer-sort-siyah-pamuklu-likrali-p-840158129
hamile:hamile-cok-satanlar,74,74,-22,19.4,10.6,361960250,140957,361960250:140957,Oysho Comfortlux hamile flare pantolon,Oysho,OYSHO,2290,,0,InStock,,,,,4.640081799591002,264,0,0,"[""Peşin Fiyatına 3 Taksit""]",Tahmini Teslim:,refreshed,0,https://www.trendyol.com/oysho/comfortlux-hamile-flare-pantolon-p-361960250
hamile:hamile-elbise,58,138,3,19.4,10.6,839428913,175525,839428913:175525,Miss Dünya Lissa Önden Bağlamalı Dantel Detaylı Kolsuz Hamile ve Lohusa Pijama Takımı,Miss Dünya Lissa,Miss Dünya Lissa,829.99,,0,InStock,,,,,4.349881796690308,262,0,41,"[""Sepette %10 İndirim"",""Kargo Bedava""]",Tahmini Teslim:,refreshed,0,https://www.trendyol.com/miss-dunya-lissa/onden-baglamali-dantel-detayli-kolsuz-hamile-ve-lohusa-pijama-takimi-p-839428913?boutiqueId=61&merchantId=175525
hamile:hamile-cok-satanlar,49,49,-7,19.3,11.2,863086997,108216,863086997:108216,Artış İspanyol Paça Yüksek Bel Esnek Toparlayıcı Hamile Tayt T15,Artış,Artış Collection,823.7,,0,InStock,,,,,4.484790874524715,258,2,31,"[""Kargo Bedava""]",Tahmini Teslim:,refreshed,0,https://www.trendyol.com/artis/ispanyol-paca-yuksek-bel-esnek-toparlayici-hamile-tayt-t15-p-863086997
hamile:hamile-cok-satanlar,53,53,1,19.3,10.7,806314194,108216,806314194:108216,Artış Ayarlanabilir Yüksek Bel Esnek Hamile Palazzo Pantolon PLZ01,Artış,Artış Collection,999.99,,0,InStock,,,,,4.049242424242424,257,1,47,"[""Kargo Bedava""]",Tahmini Teslim:,refreshed,0,https://www.trendyol.com/artis/ayarlanabilir-yuksek-bel-esnek-hamile-palazzo-pantolon-plz01-p-806314194
hamile:hamile-cok-satanlar,75,75,22,19.1,10.9,816134648,175525,816134648:175525,Miss Dünya Lissa Düğmeli Şerit Detaylı Hamile ve Lohusa Gecelik,Miss Dünya Lissa,Miss Dünya Lissa,749.99,,0,InStock,,,,,4.723897911832947,242,-1,45,"[""Sepette %10 İndirim"",""Kargo Bedava""]",Tahmini Teslim:,refreshed,0,https://www.trendyol.com/miss-dunya-lissa/dugmeli-serit-detayli-hamile-ve-lohusa-gecelik-p-816134648
hamile:hamile-elbise,39,119,11,18.8,18.7,681002954,175525,681002954:175525,Miss Dünya Lissa Pudra Dantel Detaylı Hamile Ve Lohusa Gecelik Takımı,Miss Dünya Lissa,Miss Dünya Lissa,999.99,,0,InStock,,,,,4.4149377593361,125,0,47,"[""Sepette %10 İndirim"",""Kargo Bedava""]",Tahmini Teslim:,refreshed,0,https://www.trendyol.com/miss-dunya-lissa/pudra-dantel-detayli-hamile-ve-lohusa-gecelik-takimi-p-681002954?boutiqueId=61&merchantId=175525
hamile:hamile-cok-satanlar,59,59,16,18.7,11.3,815842929,175525,815842929:175525,Miss Dünya Lissa Önden Bağlamalı Dantel Detaylı Hamile ve Lohusa Pijama Takımı,Miss Dünya Lissa,Miss Dünya Lissa,861.66,,-10.2,InStock,,,,,4.144927536231884,219,0,98,"[""Kargo Bedava""]",Tahmini Teslim:,refreshed,0,https://www.trendyol.com/miss-dunya-lissa/onden-baglamali-dantel-detayli-hamile-ve-lohusa-pijama-takimi-p-815842929
hamile:hamile-cok-satanlar,66,66,-2,18.2,11.8,468237314,719046,468237314:719046,ByLohusa Effortt Ekru Sabahlıklı Hamile Lohusa Gecelik Takım,ByLohusa,ByLohusa,2399.99,,28,InStock,,,,,4.519354838709678,185,1,130,"[""Trendyol Plus'a Özel"",""Sepette %1 İndirim"",""Kargo Bedava"",""Peşin Fiyatına 3 Taksit""]",Tahmini Teslim:,refreshed,0,https://www.trendyol.com/bylohusa/effortt-ekru-sabahlikli-hamile-lohusa-gecelik-takim-p-468237314
hamile:hamile-cok-satanlar,58,58,-7,18.1,11.9,789662794,257086,789662794:257086,Arma Yıldız 3'lü Paket Kadın Beyaz Pamuklu Likralı Yüksek Bel Hamile Lohusa Külot Esnek ve Rahat Kumaş,Arma Yıldız,ARMA YILDIZ,319.9,,0,InStock,,,,,4.421052631578947,184,0,35,"[""Kargo Bedava""]",Tahmini Teslim:,refreshed,0,https://www.trendyol.com/arma-yildiz/3-lu-paket-kadin-beyaz-pamuklu-likrali-yuksek-bel-hamile-lohusa-kulot-esnek-ve-rahat-kumas-p-789662794
hamile:hamile-cok-satanlar,39,39,-7,18,19.5,987446139,175525,987446139:175525,Miss Dünya Lissa Gömlek Yaka Önden Düğmeli Uzun Kol Rahat Form Hamile ve Lohusa Pijama Takımı,Miss Dünya Lissa,Miss Dünya Lissa,919.99,,11.3,InStock,,,,,4.4043715846994544,99,0,69,"[""Sepette %10 İndirim"",""Kargo Bedava""]",Tahmini Teslim:,refreshed,0,https://www.trendyol.com/miss-dunya-lissa/gomlek-yaka-onden-dugmeli-uzun-kol-rahat-form-hamile-ve-lohusa-pijama-takimi-p-987446139
hamile:hamile-elbise,124,204,9,18,12,905032485,175525,905032485:175525,Miss Dünya Lissa Sabahlıklı Şerit Detaylı Hamile ve Lohusa Pijama Takımı,Miss Dünya Lissa,Miss Dünya Lissa,1509.99,,0,InStock,,,,,4.393188854489165,176,0,61,"[""Sepette %10 İndirim"",""Kargo Bedava"",""Peşin Fiyatına 3 Taksit""]",Tahmini Teslim:,refreshed,0,https://www.trendyol.com/miss-dunya-lissa/sabahlikli-serit-detayli-hamile-ve-lohusa-pijama-takimi-p-905032485?boutiqueId=61&merchantId=175525
hamile:hamile-elbise,49,129,3,17.9,12.6,168068796,4575,168068796:4575,Luvmabelly Myra6300 Kışlık Kazayağı Desen Hamile Jile Elbise -siyah,Luvmabelly,LuvmaBelly,855,,0,InStock,,,,,4.606060606060606,171,0,133,"[""Kargo Bedava""]",Tahmini Teslim:,refreshed,0,https://www.trendyol.com/luvmabelly/myra6300-kislik-kazayagi-desen-hamile-jile-elbise-siyah-p-168068796?boutiqueId=61&merchantId=4575
hamile:hamile-elbise,161,241,8,17.6,17.3,893976150,126861,893976150:126861,Catherines Comfort Mood Hamile Elbise,Catherines,Penyemood,712.28,749,0,InStock,,,,,4.304347826086956,38,0,15,"[""Kargo Bedava"",""Son 10 Günün En Düşük Fiyatı"",""Trendyol Plus'a Özel""]",Tahmini Teslim:,refreshed,0,https://www.trendyol.com/catherines/comfort-mood-hamile-elbise-p-893976150?boutiqueId=61&merchantId=126861
hamile:hamile-elbise,78,158,16,17.5,12.5,464301579,733989,464301579:733989,LORIAN'S 3016 2'li Gecelik Ve Sabahlık Lohusa Pijama Takımı ( New ),LORIAN'S,KEM-TEX,1599,,7.4,InStock,,,,,4.701612903225806,151,-1,58,"[""Sepette %5 İndirim"",""50 TL Kupon"",""Kargo Bedava"",""Peşin Fiyatına 3 Taksit""]",Tahmini Teslim:,refreshed,0,https://www.trendyol.com/lorian-s/3016-2-li-gecelik-ve-sabahlik-lohusa-pijama-takimi-new-p-464301579?boutiqueId=61&merchantId=733989
hamile:hamile-cok-satanlar,44,44,1,17.1,15.9,744323871,126861,744323871:126861,Catherines Yumuşak Dokulu Hamile Pijama Takımı,Catherines,Penyemood,1399,,0,InStock,,,,,4.663865546218488,138,0,62,"[""Trendyol Plus'a Özel"",""100 TL Kupon"",""Kargo Bedava"",""Peşin Fiyatına 3 Taksit""]",Tahmini Teslim:,refreshed,0,https://www.trendyol.com/catherines/yumusak-dokulu-hamile-pijama-takimi-p-744323871
hamile:hamile-cok-satanlar,67,67,4,17.1,12.9,774505659,327733,774505659:327733,Pierre Cardin 2'li Ekonomik Paket Ten 6833 Balensiz Yumuşak Kaplı Pamuklu Kolay Açılabilen Emzirme Sütyen,Pierre Cardin,Pierre Cardin Kadın İç Giyim,899.9,,0,InStock,,,,,4.3174061433447095,137,0,22,"[""Kargo Bedava""]",Tahmini Teslim:,refreshed,0,https://www.trendyol.com/pierre-cardin/2-li-ekonomik-paket-ten-6833-balensiz-yumusak-kapli-pamuklu-kolay-acilabilen-emzirme-sutyen-p-774505659
hamile:hamile-elbise,59,139,-54,17,13,804778133,108216,804778133:108216,Artış Truvakar Kol Düğmeli Kısa Esnek Viskoz Hamile Pijama Takımı,Artış,Artış Collection,1989.04,,0,InStock,,,,,4.586538461538462,132,1,31,"[""Kargo Bedava"",""Peşin Fiyatına 3 Taksit""]",Tahmini Teslim:,refreshed,0,https://www.trendyol.com/artis/truvakar-kol-dugmeli-kisa-esnek-viskoz-hamile-pijama-takimi-p-804778133?boutiqueId=61&merchantId=108216
hamile:hamile-cok-satanlar,72,72,24,16.9,13.1,1050981405,968958,1050981405:968958,bodin Ayarlanabilir Bel Pamuklu Kumaş Hamile ve Lohusa Eşofman Altı,bodin,BODİN,664.44,,-5.1,InStock,,,,,4.007905138339921,128,0,91,"[""Kargo Bedava"",""20 TL Kupon""]",Tahmini Teslim:,refreshed,0,https://www.trendyol.com/bodin/ayarlanabilir-bel-pamuklu-kumas-hamile-ve-lohusa-esofman-alti-p-1050981405
hamile:hamile-elbise,71,151,14,16.7,18.3,839476016,126861,839476016:126861,Catherines 872 Lohusa Elbise-872,Catherines,Penyemood,854.2,899,0,InStock,,,,,4.76595744680851,28,0,8,"[""Kargo Bedava"",""Son 10 Günün En Düşük Fiyatı"",""Trendyol Plus'a Özel""]",Tahmini Teslim:,refreshed,0,https://www.trendyol.com/catherines/872-lohusa-elbise-872-p-839476016?boutiqueId=61&merchantId=126861
hamile:hamile-elbise,50,130,-22,16.6,13.4,647245302,175525,647245302:175525,Miss Dünya Lissa Emzirmeye Uygun Uzun Kol Lohusa Ve Hamile Pijama Takımı,Miss Dünya Lissa,Miss Dünya Lissa,839.99,,0,InStock,,,,,4.576923076923078,119,0,42,"[""Sepette %10 İndirim"",""Kargo Bedava""]",Tahmini Teslim:,refreshed,0,https://www.trendyol.com/miss-dunya-lissa/emzirmeye-uygun-uzun-kol-lohusa-ve-hamile-pijama-takimi-p-647245302?boutiqueId=61&merchantId=175525
hamile:hamile-elbise,45,125,-7,16.5,16,797270954,108216,797270954:108216,Artış Kısa Kollu Esnek Viskoz Hamile Sabahlık Gecelik Takım,Artış,Artış Collection,2973.05,,0,InStock,,,,,4.264705882352941,115,0,27,"[""100 TL Kupon"",""Kargo Bedava"",""Peşin Fiyatına 3 Taksit""]",Tahmini Teslim:,refreshed,0,https://www.trendyol.com/artis/kisa-kollu-esnek-viskoz-hamile-sabahlik-gecelik-takim-p-797270954?boutiqueId=61&merchantId=108216
hamile:hamile-elbise,162,242,8,16.5,13.5,814620398,175525,814620398:175525,Miss Dünya Lissa Siyah Dantel Detaylı Hamile Ve Lohusa Gecelik Takımı,Miss Dünya Lissa,Miss Dünya Lissa,999.99,,0,InStock,,,,,4.657276995305164,114,0,39,"[""Sepette %10 İndirim"",""Kargo Bedava""]",Tahmini Teslim:,refreshed,0,https://www.trendyol.com/miss-dunya-lissa/siyah-dantel-detayli-hamile-ve-lohusa-gecelik-takimi-p-814620398?boutiqueId=61&merchantId=175525
hamile:hamile-elbise,74,154,-37,15.8,14.2,857296077,,857296077:unknown,Apple Yenilenmiş IPHONE 16 PRO MAX 256GB -B Kalite- Siyah Titanyum,Apple,CEPTEYENİ,90399,,0,InStock,,,,,4.6,94,0,99,"[""Kargo Bedava"",""Peşin Fiyatına 9 Taksit""]",Tahmini Teslim:,refreshed,0,https://www.trendyol.com/apple/iphone-16-pro-max-256gb-siyah-titanyum-p-857296077
hamile:hamile-elbise,182,262,-42,15.7,14.3,399714321,126861,399714321:126861,Catherines Comfort Mood Hamile Elbise -894,Catherines,Penyemood,949,,0,InStock,,,,,4.594202898550725,92,-1,30,"[""Kargo Bedava"",""Trendyol Plus'a Özel""]",Tahmini Teslim:,refreshed,0,https://www.trendyol.com/catherines/comfort-mood-hamile-elbise-894-p-399714321?boutiqueId=61&merchantId=126861
hamile:hamile-elbise,65,145,-10,15.6,14.4,824188289,126861,824188289:126861,Catherines Yumuşak Dokulu Hamile Sabahlık,Catherines,Penyemood,1380,,0,InStock,,,,,4.821839080459772,87,0,19,"[""100 TL Kupon"",""Kargo Bedava"",""Peşin Fiyatına 3 Taksit"",""Trendyol Plus'a Özel""]",Tahmini Teslim:,refreshed,0,https://www.trendyol.com/catherines/yumusak-dokulu-hamile-sabahlik-p-824188289?boutiqueId=61&merchantId=126861
hamile:hamile-elbise,61,141,61,15.5,14.5,403397391,126861,403397391:126861,Catherines Lux Mood Hamile Elbise -896,Catherines,Penyemood,749,,0,InStock,,,,,4.619402985074627,85,-1,18,"[""Kargo Bedava"",""Trendyol Plus'a Özel""]",Tahmini Teslim:,refreshed,0,https://www.trendyol.com/catherines/lux-mood-hamile-elbise-896-p-403397391?boutiqueId=61&merchantId=126861
hamile:hamile-elbise,72,152,89,15.4,14.6,345824773,108216,345824773:108216,Artış Kadın Askılı Esnek Viskoz Kumaş Hamile Gecelik 13127,Artış,Artış Collection,1216.71,,0,InStock,,,,,3.860655737704918,82,0,17,"[""Kargo Bedava"",""Peşin Fiyatına 3 Taksit""]",Tahmini Teslim:,refreshed,0,https://www.trendyol.com/artis/kadin-askili-esnek-viskoz-kumas-hamile-gecelik-13127-p-345824773?boutiqueId=61&merchantId=108216
hamile:hamile-cok-satanlar,46,46,16,15.3,16.7,746016693,140957,746016693:140957,Oysho Comfortlux hamile düz kesim pantolon,Oysho,OYSHO,2290,,0,InStock,,,,,4.536458333333333,80,0,0,"[""Peşin Fiyatına 3 Taksit""]",Tahmini Teslim:,refreshed,0,https://www.trendyol.com/oysho/comfortlux-hamile-duz-kesim-pantolon-p-746016693
hamile:hamile-cok-satanlar,51,51,2,14.8,15.2,1086354600,165299,1086354600:165299,LadyMina Pijama Siyah Pileli Hamile Lahusa Pijama Takım,LadyMina Pijama,LadyMina Shop (İkbal Kozluca),1034,,-2.4,InStock,,,,,4.529411764705882,69,1,59,"[""Kargo Bedava"",""20 TL Kupon"",""Peşin Fiyatına 3 Taksit""]",Tahmini Teslim:,refreshed,0,https://www.trendyol.com/ladymina-pijama/siyah-pileli-hamile-lahusa-pijama-takim-p-1086354600
hamile:hamile-cok-satanlar,60,60,-2,14.8,15.2,1130942050,4664,1130942050:4664,"Pierre Cardin 6119 Premium Comfort Kaplı Emzirme Sütyeni – Toparlayıcı, Dikişsiz, İz Yapmaz, Ayarlanabilir Askılı",Pierre Cardin,Pierre Cardin Lingerie,939.9,,0,InStock,,,,,4.279411764705882,70,0,37,"[""Kargo Bedava""]",Tahmini Teslim:,refreshed,0,https://www.trendyol.com/pierre-cardin/6119-premium-comfort-kapli-emzirme-sutyeni-toparlayici-dikissiz-iz-yapmaz-ayarlanabilir-askili-p-1130942050
hamile:hamile-elbise,53,133,17,14.8,15.2,774432252,126861,774432252:126861,Catherines Yumuşak Dokulu Hamile Elbisesi,Catherines,Penyemood,1090.05,,0,InStock,,,,,4.716666666666667,69,0,26,"[""100 TL Kupon"",""Kargo Bedava"",""Peşin Fiyatına 3 Taksit"",""Trendyol Plus'a Özel""]",Tahmini Teslim:,refreshed,0,https://www.trendyol.com/catherines/yumusak-dokulu-hamile-elbisesi-p-774432252?boutiqueId=61&merchantId=126861
hamile:hamile-cok-satanlar,40,40,-2,14.7,20.3,1130409231,327733,1130409231:327733,"Pierre Cardin 6118 Premium Comfort Kaplı Emzirme Sütyeni – Dikişsiz, İz Yapmaz, Ayarlanabilir Askılı",Pierre Cardin,Pierre Cardin Kadın İç Giyim,839.9,,0,InStock,,,,,4.385714285714286,67,1,13,"[""Kargo Bedava""]",Tahmini Teslim:,refreshed,0,https://www.trendyol.com/pierre-cardin/6118-premium-comfort-kapli-emzirme-sutyeni-dikissiz-iz-yapmaz-ayarlanabilir-askili-p-1130409231
hamile:hamile-elbise,95,175,125,14.5,15.5,837067496,175525,837067496:175525,Miss Dünya Lissa Kısa Kol Çizgilli Fitilli Kaşkorse Hamile ve Lohusa Tişört Elbise Takımı,Miss Dünya Lissa,Miss Dünya Lissa,779.99,,0,InStock,,,,,4.278571428571428,64,1,42,"[""Sepette %10 İndirim"",""Kargo Bedava""]",Tahmini Teslim:,refreshed,0,https://www.trendyol.com/miss-dunya-lissa/kisa-kol-cizgilli-fitilli-kaskorse-hamile-ve-lohusa-tisort-elbise-takimi-p-837067496?boutiqueId=61&merchantId=175525
hamile:hamile-elbise,52,132,5,14.4,15.6,905031886,175525,905031886:175525,Miss Dünya Lissa Sabahlıklı Şerit Detaylı Hamile ve Lohusa Pijama Takımı,Miss Dünya Lissa,Miss Dünya Lissa,1509.99,,0,InStock,,,,,4.545454545454546,62,0,25,"[""Sepette %10 İndirim"",""Kargo Bedava"",""Peşin Fiyatına 3 Taksit""]",Tahmini Teslim:,refreshed,0,https://www.trendyol.com/miss-dunya-lissa/sabahlikli-serit-detayli-hamile-ve-lohusa-pijama-takimi-p-905031886?boutiqueId=61&merchantId=175525
hamile:hamile-elbise,170,250,-70,14.1,27.6,1175422551,452542,1175422551:452542,LACASE Kadın Tensel Kumaş Modal Siyah Bisiklet Yaka Salaş Elbise,LACASE,LACASE,839,950,0,InStock,,,,,1,1,0,2,"[""Kargo Bedava"",""Son 10 Günün En Düşük Fiyatı"",""Son 10 günün en düşük fiyatı""]",Tahmini Teslim:,refreshed,0,https://www.trendyol.com/lacase/kadin-tensel-kumas-modal-siyah-bisiklet-yaka-salas-elbise-p-1175422551?boutiqueId=61&merchantId=452542
hamile:hamile-cok-satanlar,68,68,-28,14,16,1122731079,178052,1122731079:178052,Nordmende İspanyol Paça Ayarlanabilir Yüksek Bel Esnek Toparlayıcı ve Sıkılaştırıcı Hamile Taytı,Nordmende,Nordmende Sports,499,,0,InStock,,,,,4.495145631067961,55,2,54,"[""Kargo Bedava""]",Tahmini Teslim:,refreshed,0,https://www.trendyol.com/nordmende/ispanyol-paca-ayarlanabilir-yuksek-bel-esnek-toparlayici-ve-sikilastirici-hamile-tayti-p-1122731079
hamile:hamile-elbise,51,131,18,14,16,468237556,719046,468237556:719046,ByLohusa Effortt Ekru Sabahlıklı Hamile Lohusa Gecelik Takım,ByLohusa,ByLohusa,1983.5,,0,InStock,,,,,4.368932038834952,56,0,57,"[""Sepette %1 İndirim"",""Kargo Bedava"",""Peşin Fiyatına 3 Taksit""]",Tahmini Teslim:,refreshed,0,https://www.trendyol.com/bylohusa/effortt-ekru-sabahlikli-hamile-lohusa-gecelik-takim-p-468237556?boutiqueId=61&merchantId=719046
hamile:hamile-elbise,99,179,-25,14,16,129719397,108216,129719397:108216,Artış Ekru Lohusa Dokuma Gecelik Sabahlık Takım-11401,Artış,Artış Collection,3179.24,,0,InStock,,,,,4.3625,56,0,43,"[""100 TL Kupon"",""Kargo Bedava"",""Peşin Fiyatına 3 Taksit""]",Tahmini Teslim:,refreshed,0,https://www.trendyol.com/artis/ekru-lohusa-dokuma-gecelik-sabahlik-takim-11401-p-129719397?boutiqueId=61&merchantId=108216
hamile:hamile-cok-satanlar,62,62,-3,13.9,16.1,1124598160,207439,1124598160:207439,MODALADY 3 ADET %100 PAMUKLU HAMİLE KÜLODU,MODALADY,MODALADY,251.55,,0,InStock,,,,,4.485981308411215,54,1,34,"[""Kargo Bedava""]",Tahmini Teslim:,refreshed,0,https://www.trendyol.com/modalady/3-adet-100-pamuklu-hamile-kulodu-p-1124598160
hamile:hamile-elbise,152,232,-31,13.9,17.2,804852328,108216,804852328:108216,Artış Truvakar Kol Düğmeli Kısa Esnek Viskoz Hamile Pijama Takımı,Artış,Artış Collection,1910.47,1932.5,0,InStock,,,,,4.586206896551724,39,0,13,"[""Kargo Bedava"",""Son 10 Günün En Düşük Fiyatı"",""Peşin Fiyatına 3 Taksit"",""Son 10 günün en düşük fiyatı""]",Tahmini Teslim:,refreshed,0,https://www.trendyol.com/artis/truvakar-kol-dugmeli-kisa-esnek-viskoz-hamile-pijama-takimi-p-804852328?boutiqueId=61&merchantId=108216
hamile:hamile-elbise,131,211,8,13.8,26.2,1149159260,175525,1149159260:175525,Miss Dünya Lissa Kare Yaka Düğmeli Sıfır Kol Hamile ve Lohusa Dokuma Elbise,Miss Dünya Lissa,Miss Dünya Lissa,623.1,692.33,-30,InStock,,,,,3,2,0,3,"[""Kargo Bedava"",""Son 10 Günün En Düşük Fiyatı"",""Son 10 günün en düşük fiyatı""]",Tahmini Teslim:,refreshed,0,https://www.trendyol.com/miss-dunya-lissa/kare-yaka-dugmeli-sifir-kol-hamile-ve-lohusa-dokuma-elbise-p-1149159260?boutiqueId=61&merchantId=175525
hamile:hamile-elbise,70,150,-27,13.7,16.3,975044814,175525,975044814:175525,Miss Dünya Lissa Siyah Hamile Ve Lohusa Sabahlık Gecelik Takımı,Miss Dünya Lissa,Miss Dünya Lissa,1449.99,,7.4,InStock,,,,,4.716981132075472,50,0,28,"[""Sepette %10 İndirim"",""Kargo Bedava"",""Peşin Fiyatına 3 Taksit""]",Tahmini Teslim:,refreshed,0,https://www.trendyol.com/miss-dunya-lissa/siyah-hamile-ve-lohusa-sabahlik-gecelik-takimi-p-975044814?boutiqueId=61&merchantId=175525
hamile:hamile-elbise,63,143,-12,13.6,16.4,100345704,346762,100345704:346762,ADASTYLE Kadın Beyaz Elbise,ADASTYLE,ADA STYLE,1349.9,,0,InStock,,,,,4.533333333333333,49,0,102,"[""60 TL Kupon"",""Kargo Bedava"",""Peşin Fiyatına 3 Taksit""]",Tahmini Teslim:,refreshed,0,https://www.trendyol.com/adastyle/kadin-beyaz-elbise-p-100345704?boutiqueId=61&merchantId=346762
hamile:hamile-cok-satanlar,64,64,13,13.5,16.5,925815375,772770,925815375:772770,BENROMA HAMİLE BASKILI TİSORT,BENROMA,BENROMA,199.99,,,InStock,,,,,3.6,48,,4,"[""Kargo Bedava""]",Tahmini Teslim:,refreshed,0,https://www.trendyol.com/benroma/hamile-baskili-tisort-p-925815375
hamile:hamile-cok-satanlar,76,76,-20,13.5,16.5,926648088,207439,926648088:207439,MODALADY Kaplı Pamuklu Emzirme sütyeni,MODALADY,MODALADY,149.9,,1,InStock,,,,,4.506329113924051,48,1,16,"[""Kargo Bedava""]",Tahmini Teslim:,refreshed,0,https://www.trendyol.com/modalady/kapli-pamuklu-emzirme-sutyeni-p-926648088
hamile:hamile-elbise,150,230,15,13.4,16.6,401953084,126861,401953084:126861,Catherines Lux Mood Hamile Elibsesi-891,Catherines,Penyemood,848.34,,0,InStock,,,,,4.699029126213592,46,0,2,"[""Kargo Bedava"",""Trendyol Plus'a Özel""]",Tahmini Teslim:,refreshed,0,https://www.trendyol.com/catherines/lux-mood-hamile-elibsesi-891-p-401953084?boutiqueId=61&merchantId=126861
hamile:hamile-elbise,192,272,-46,13.4,20,108109766,266730,108109766:266730,JENİKA Kadın Lohusa Sabahlıklı 2'li Takım,JENİKA,JENİKA COLLECTİON,519.33,537.87,0,InStock,,,,,4.583333333333333,17,0,24,"[""Sepette %1 İndirim"",""Kargo Bedava""]",Tahmini Teslim:,refreshed,0,https://www.trendyol.com/jenika/kadin-lohusa-sabahlikli-2-li-takim-p-108109766?boutiqueId=61&merchantId=266730
hamile:hamile-elbise,76,156,39,13.3,16.7,649466970,108216,649466970:108216,Artış Pamuklu Esnek Viskoz Hamile Sabahlık Gecelik Takımı 14400,Artış,Artış Collection,3316.47,,0,InStock,,,,,4.552238805970149,45,0,17,"[""100 TL Kupon"",""Kargo Bedava"",""Peşin Fiyatına 3 Taksit""]",Tahmini Teslim:,refreshed,0,https://www.trendyol.com/artis/pamuklu-esnek-viskoz-hamile-sabahlik-gecelik-takimi-14400-p-649466970?boutiqueId=61&merchantId=108216
hamile:hamile-elbise,116,196,55,13.3,16.7,681002970,175525,681002970:175525,Miss Dünya Lissa Dantel Detaylı Hamile Ve Lohusa Gecelik Takımı,Miss Dünya Lissa,Miss Dünya Lissa,999.99,,0,InStock,,,,,4.5638297872340425,45,0,14,"[""Sepette %10 İndirim"",""Kargo Bedava""]",Tahmini Teslim:,refreshed,0,https://www.trendyol.com/miss-dunya-lissa/dantel-detayli-hamile-ve-lohusa-gecelik-takimi-p-681002970?boutiqueId=61&merchantId=175525
hamile:hamile-cok-satanlar,37,37,-11,13.2,29.3,1142540459,1188,1142540459:1188,Defacto Straıght Fıt Beli Lastikli Bilek Boy Jean Yıkamalı Hamile Pantolon H2077AX26SM,Defacto,DeFacto,1299.99,,0,InStock,,,,,4.615384615384616,7,0,8,"[""Sepette %50 İndirim""]",Tahmini Teslim:,refreshed,0,https://www.trendyol.com/defacto/straight-fit-beli-lastikli-bilek-boy-jean-yikamali-hamile-pantolon-h2077ax26sm-p-1142540459
hamile:hamile-elbise,128,208,7,13.2,16.8,890921403,126861,890921403:126861,Catherines Lux Mood Hamile Elbisesi,Catherines,Penyemood,877.54,,0,InStock,,,,,4.662790697674419,44,1,4,"[""Kargo Bedava"",""Trendyol Plus'a Özel""]",Tahmini Teslim:,refreshed,0,https://www.trendyol.com/catherines/lux-mood-hamile-elbisesi-p-890921403?boutiqueId=61&merchantId=126861
hamile:hamile-cok-satanlar,52,52,5,13.1,16.9,975323900,175525,975323900:175525,Miss Dünya Lissa Şerit Detaylı Midi Boy Askılı Hamile ve Lohusa Sabahlık Gecelik Takımı,Miss Dünya Lissa,Miss Dünya Lissa,819.99,,11.2,InStock,,,,,4.629213483146066,43,0,33,"[""Sepette %10 İndirim"",""Kargo Bedava""]",Tahmini Teslim:,refreshed,0,https://www.trendyol.com/miss-dunya-lissa/serit-detayli-midi-boy-askili-hamile-ve-lohusa-sabahlik-gecelik-takimi-p-975323900
hamile:hamile-elbise,41,121,-5,13.1,21.4,978113393,175525,978113393:175525,Miss Dünya Lissa Yaka Detaylı Çizgili Uzun Hamile ve Lohusa Tek Parça Sabahlık,Miss Dünya Lissa,Miss Dünya Lissa,1129.99,,0,InStock,,,,,4.373333333333333,43,0,36,"[""Sepette %10 İndirim"",""Kargo Bedava"",""Peşin Fiyatına 3 Taksit""]",Tahmini Teslim:,refreshed,0,https://www.trendyol.com/miss-dunya-lissa/yaka-detayli-cizgili-uzun-hamile-ve-lohusa-tek-parca-sabahlik-p-978113393?boutiqueId=61&merchantId=175525
hamile:hamile-elbise,67,147,-9,13.1,16.9,129689217,108216,129689217:108216,Artış Ekru Dokuma Uzun Sabahlık-11500,Artış,Artış Collection,1629.53,,0,InStock,,,,,4.19672131147541,43,0,23,"[""Kargo Bedava"",""Peşin Fiyatına 3 Taksit""]",Tahmini Teslim:,refreshed,0,https://www.trendyol.com/artis/ekru-dokuma-uzun-sabahlik-11500-p-129689217?boutiqueId=61&merchantId=108216
hamile:hamile-elbise,110,190,7,13.1,16.9,104379928,119818,104379928:119818,Catherines Yumuşak Dokulu Hamile Pijama Takımı,Catherines,Dorelux,931,,0,InStock,,,,,4.324324324324325,43,0,13,"[""Sepette %1 İndirim"",""50 TL Kupon"",""Kargo Bedava""]",Tahmini Teslim:,refreshed,0,https://www.trendyol.com/catherines/yumusak-dokulu-hamile-pijama-takimi-p-104379928?boutiqueId=61&merchantId=119818
hamile:hamile-elbise,94,174,-28,13,18.5,830230244,4575,830230244:4575,Luvmabelly Myra6310 Kot Hamile Jile Elbise,Luvmabelly,LuvmaBelly,1149.52,1166.64,0,InStock,,,,,4.2727272727272725,26,1,48,"[""Kargo Bedava"",""Son 10 Günün En Düşük Fiyatı"",""Peşin Fiyatına 3 Taksit"",""Son 10 günün en düşük fiyatı""]",Tahmini Teslim:,refreshed,0,https://www.trendyol.com/luvmabelly/myra6310-kot-hamile-jile-elbise-p-830230244?boutiqueId=61&merchantId=4575
hamile:hamile-elbise,80,160,23,12.5,17.5,100304593,346762,100304593:346762,ADASTYLE Kadın Bebe Mavisi Yaka Elbise,ADASTYLE,ADA STYLE,1349.9,,0,InStock,,,,,4.6415094339622645,36,0,48,"[""60 TL Kupon"",""Kargo Bedava"",""Peşin Fiyatına 3 Taksit""]",Tahmini Teslim:,refreshed,0,https://www.trendyol.com/adastyle/kadin-bebe-mavisi-yaka-elbise-p-100304593?boutiqueId=61&merchantId=346762
hamile:hamile-elbise,171,251,5,12.5,17.5,750333570,4575,750333570:4575,Luvmabelly MYRA6301 Kot Hamile Jile Elbise -Mavi,Luvmabelly,LuvmaBelly,1292.45,,0,InStock,,,,,3.913793103448276,35,0,42,"[""Kargo Bedava"",""Peşin Fiyatına 3 Taksit"",""Trendyol Plus'a Özel""]",Tahmini Teslim:,refreshed,0,https://www.trendyol.com/luvmabelly/myra6301-kot-hamile-jile-elbise-mavi-p-750333570?boutiqueId=61&merchantId=4575
hamile:hamile-elbise,85,165,2,12.4,17.6,867246177,719046,867246177:719046,ByLohusa Zarif Dantel Detaylı Emzirme Özellikli Sabahlıklı Hamile Lohusa Gecelik Takımı Effortt - Mavi,ByLohusa,ByLohusa,2999.99,,26.4,InStock,,,,,4.802816901408451,34,1,29,"[""Sepette %1 İndirim"",""Kargo Bedava"",""Peşin Fiyatına 3 Taksit"",""Trendyol Plus'a Özel""]",Tahmini Teslim:,refreshed,0,https://www.trendyol.com/bylohusa/zarif-dantel-detayli-emzirme-ozellikli-sabahlikli-hamile-lohusa-gecelik-takimi-effortt-mavi-p-867246177?boutiqueId=61&merchantId=719046
hamile:hamile-elbise,101,181,5,12.4,17.6,463834071,126861,463834071:126861,Catherines 873 Hamile Sabahlık,Catherines,Penyemood,1150,,0,InStock,,,,,4.383333333333334,34,0,23,"[""100 TL Kupon"",""Kargo Bedava"",""Peşin Fiyatına 3 Taksit"",""Trendyol Plus'a Özel""]",Tahmini Teslim:,refreshed,0,https://www.trendyol.com/catherines/873-hamile-sabahlik-p-463834071?boutiqueId=61&merchantId=126861
hamile:hamile-elbise,69,149,-27,12.3,20,1035141618,108216,1035141618:108216,Artış Uzun Kollu Desenli Düğmeli Esnek Pamuklu Hamile Pijama Takım,Artış,Artış Collection,1643.05,1681.08,0,InStock,,,,,4.321428571428572,17,0,13,"[""Kargo Bedava"",""Son 10 Günün En Düşük Fiyatı"",""Peşin Fiyatına 3 Taksit"",""Son 10 günün en düşük fiyatı""]",Tahmini Teslim:,refreshed,0,https://www.trendyol.com/artis/uzun-kollu-desenli-dugmeli-esnek-pamuklu-hamile-pijama-takim-p-1035141618?boutiqueId=61&merchantId=108216
hamile:hamile-elbise,97,177,8,12.3,17.7,122436327,346762,122436327:346762,ADASTYLE Yaka Şifon Siyah Elbise,ADASTYLE,ADA STYLE,1349.9,,0,InStock,,,,,4.712121212121212,33,,38,"[""60 TL Kupon"",""Kargo Bedava"",""Peşin Fiyatına 3 Taksit""]",Tahmini Teslim:,refreshed,0,https://www.trendyol.com/adastyle/yaka-sifon-siyah-elbise-p-122436327?boutiqueId=61&merchantId=346762
hamile:hamile-elbise,132,212,5,12.3,17.7,892680950,733989,892680950:733989,LORIAN'S Ekru Özel Gecelik Sabahlık Dantelli Düğmeli Kısa Kollu Esnek Kumaşlı Hamile ve Lohusa Pijama Takımı,LORIAN'S,KEM-TEX,1899,,0,InStock,,,,,4.530612244897959,33,0,22,"[""Sepette %5 İndirim"",""50 TL Kupon"",""Kargo Bedava"",""Peşin Fiyatına 3 Taksit""]",Tahmini Teslim:,refreshed,0,https://www.trendyol.com/lorian-s/ekru-ozel-gecelik-sabahlik-dantelli-dugmeli-kisa-kollu-esnek-kumasli-hamile-ve-lohusa-pijama-takimi-p-892680950?boutiqueId=61&merchantId=733989
hamile:hamile-elbise,143,223,-33,12.3,17.7,112072035,346762,112072035:346762,"ADASTYLE Yaka, Şifon Elbise",ADASTYLE,ADA STYLE,1349.9,,0,InStock,,,,,4.507246376811594,33,0,59,"[""60 TL Kupon"",""Kargo Bedava"",""Peşin Fiyatına 3 Taksit""]",Tahmini Teslim:,refreshed,0,https://www.trendyol.com/adastyle/yaka-sifon-elbise-p-112072035?boutiqueId=61&merchantId=346762
hamile:hamile-elbise,145,225,-70,12.1,17.9,893315459,947544,893315459:947544,LORIAN'S Ekru Hamile ve Lohusa 2'Li Gecelik Sabahlık Pijama Takımı,LORIAN'S,LORIAN'S,1899,,0,InStock,,,,,4.557377049180328,32,0,27,"[""Kargo Bedava"",""Sepette %5 İndirim"",""Peşin Fiyatına 3 Taksit""]",Tahmini Teslim:,refreshed,0,https://www.trendyol.com/lorian-s/ekru-hamile-ve-lohusa-2-li-gecelik-sabahlik-pijama-takimi-p-893315459?boutiqueId=61&merchantId=947544
hamile:hamile-elbise,188,268,,12.1,17.9,900279210,148920,900279210:148920,Defacto Bisiklet Yaka Yarasa Kollu Basic Düz Midi Elbise E6028AX25SP,Defacto,Sporline,1205.03,,,InStock,,,,,4.318840579710145,32,,7,"[""Kargo Bedava"",""Peşin Fiyatına 3 Taksit""]",Tahmini Teslim:,refreshed,0,https://www.trendyol.com/defacto/bisiklet-yaka-yarasa-kollu-basic-duz-midi-elbise-e6028ax25sp-p-900279210?boutiqueId=61&merchantId=148920
hamile:hamile-elbise,179,259,21,12,18,890916301,126861,890916301:126861,Catherines Yumuşak Dokulu Hamile Pijama Takımı,Catherines,Penyemood,1220,,0,InStock,,,,,4.6923076923076925,31,1,12,"[""100 TL Kupon"",""Kargo Bedava"",""Peşin Fiyatına 3 Taksit"",""Trendyol Plus'a Özel""]",Tahmini Teslim:,refreshed,0,https://www.trendyol.com/catherines/yumusak-dokulu-hamile-pijama-takimi-p-890916301?boutiqueId=61&merchantId=126861
hamile:hamile-elbise,120,200,-22,11.8,18.2,830231373,4575,830231373:4575,Luvmabelly Myra6310 Kot Hamile Jile Elbise,Luvmabelly,LuvmaBelly,1061.35,,0,InStock,,,,,4.36,29,0,63,"[""Kargo Bedava"",""Peşin Fiyatına 3 Taksit""]",Tahmini Teslim:,refreshed,0,https://www.trendyol.com/luvmabelly/myra6310-kot-hamile-jile-elbise-p-830231373?boutiqueId=61&merchantId=4575
hamile:hamile-elbise,88,168,35,11.7,18.3,888528275,232737,888528275:232737,Hamile Tekstil Lacivert Güpürlü Tam Boy Sabahlıklı Lohusa Gecelik Takımı,Hamile Tekstil,Hamile Tekstil,1890,,0,InStock,,,,,4.206896551724138,28,1,27,"[""Kargo Bedava"",""Sepette %10 İndirim"",""100 TL Kupon"",""Peşin Fiyatına 3 Taksit"",""Trendyol Plus'a Özel""]",Tahmini Teslim:,refreshed,0,https://www.trendyol.com/hamile-tekstil/lacivert-gupurlu-tam-boy-sabahlikli-lohusa-gecelik-takimi-p-888528275?boutiqueId=61&merchantId=232737
hamile:hamile-elbise,87,167,-24,11.6,18.4,1032329041,126861,1032329041:126861,Catherines Comfort Mood Hamile Pijama Takımı,Catherines,Penyemood,1560,,0,InStock,,,,,4.826923076923077,27,1,8,"[""100 TL Kupon"",""Kargo Bedava"",""Peşin Fiyatına 3 Taksit"",""Trendyol Plus'a Özel""]",Tahmini Teslim:,refreshed,0,https://www.trendyol.com/catherines/comfort-mood-hamile-pijama-takimi-p-1032329041?boutiqueId=61&merchantId=126861
hamile:hamile-elbise,42,122,26,11.5,22.5,868930003,719046,868930003:719046,ByLohusa Effortt Mavi Sabahlıklı Hamile Lohusa Gecelik Takım,ByLohusa,ByLohusa,2699.99,,36,InStock,,,,,4.395348837209303,26,1,28,"[""Sepette %1 İndirim"",""Kargo Bedava"",""Peşin Fiyatına 3 Taksit"",""Trendyol Plus'a Özel""]",Tahmini Teslim:,refreshed,0,https://www.trendyol.com/bylohusa/effortt-mavi-sabahlikli-hamile-lohusa-gecelik-takim-p-868930003?boutiqueId=61&merchantId=719046
hamile:hamile-elbise,111,191,0,11.2,18.8,899749171,127095,899749171:127095,Genel Markalar Melanj Yumuşak Dokulu Sabahlıklı Kruvaze Lohusa Gecelik Takımı,Genel Markalar,Rimel Homewear,1890,,0,InStock,,,,,4.441860465116279,24,0,25,"[""Kargo Bedava"",""Sepette %10 İndirim"",""75 TL Kupon"",""100 TL Kupon"",""Peşin Fiyatına 3 Taksit"",""Trendyol Plus'a Özel""]",Tahmini Teslim:,refreshed,0,https://www.trendyol.com/genel-markalar/melanj-yumusak-dokulu-sabahlikli-kruvaze-lohusa-gecelik-takimi-p-899749171?boutiqueId=61&merchantId=127095
hamile:hamile-elbise,123,203,52,11.2,18.8,670370810,108216,670370810:108216,Artış Düğmeli Kısa Kollu Esnek Viskoz Hamile Gecelik Sabahlık Takım 14406,Artış,Artış Collection,2873.44,,0,InStock,,,,,4.25,24,0,10,"[""100 TL Kupon"",""Kargo Bedava"",""Peşin Fiyatına 3 Taksit""]",Tahmini Teslim:,refreshed,0,https://www.trendyol.com/artis/dugmeli-kisa-kollu-esnek-viskoz-hamile-gecelik-sabahlik-takim-14406-p-670370810?boutiqueId=61&merchantId=108216
hamile:hamile-elbise,43,123,28,11,22.5,864972736,127095,864972736:127095,Genel Markalar Kadın Ekru Tasarım Tam Boy %100 Pamuk Sabahlıklı Kruvaze Lohusa Gecelik Takımı,Genel Markalar,Rimel Homewear,1990,,0,InStock,,,,,4.357142857142857,23,0,33,"[""Kargo Bedava"",""Peşin Fiyatına 3 Taksit""]",Tahmini Teslim:,refreshed,0,https://www.trendyol.com/genel-markalar/kadin-ekru-tasarim-tam-boy-100-pamuk-sabahlikli-kruvaze-lohusa-gecelik-takimi-p-864972736?boutiqueId=61&merchantId=127095
hamile:hamile-elbise,89,169,-42,10.9,19.1,819073793,331678,819073793:331678,Lyn Mama Johana Hamile Kot Jile Elbise - Mavi,Lyn Mama,LYN MAMA,1299.9,,0,InStock,,,,,4.675675675675675,22,0,68,"[""Kargo Bedava"",""Peşin Fiyatına 3 Taksit""]",Tahmini Teslim:,refreshed,0,https://www.trendyol.com/lyn-mama/johana-hamile-kot-jile-elbise-mavi-p-819073793?boutiqueId=61&merchantId=331678
hamile:hamile-elbise,190,270,-87,10.9,19.1,100268889,346762,100268889:346762,ADASTYLE Kadın Mürdüm Yaka Şifon Hamile Elbise,ADASTYLE,ADA STYLE,1349,,0,InStock,,,,,4.358974358974359,22,,33,"[""60 TL Kupon"",""Kargo Bedava"",""Peşin Fiyatına 3 Taksit""]",Tahmini Teslim:,refreshed,0,https://www.trendyol.com/adastyle/kadin-murdum-yaka-sifon-hamile-elbise-p-100268889?boutiqueId=61&merchantId=346762
hamile:hamile-cok-satanlar,80,80,-12,10.7,19.3,1045165334,257086,1045165334:257086,"Arma Yıldız Hamile Pantolon Bel Genişletici - Kadın Pantolon Genişletici, 3'lü Paket Beyaz-Siyah-Ten",Arma Yıldız,ARMA YILDIZ,279.9,,0,InStock,,,,,3.563380281690141,21,0,4,"[""Kargo Bedava""]",Tahmini Teslim:,refreshed,0,https://www.trendyol.com/arma-yildiz/hamile-pantolon-bel-genisletici-kadin-pantolon-genisletici-3-lu-paket-beyaz-siyah-ten-p-1045165334
hamile:hamile-elbise,40,120,-1,10.7,24.3,891236809,126861,891236809:126861,Catherines Lux Mood Hamile Elbisesi,Catherines,Penyemood,956.74,,0,InStock,,,,,4.465116279069767,21,0,4,"[""75 TL Kupon"",""Kargo Bedava"",""Trendyol Plus'a Özel""]",Tahmini Teslim:,refreshed,0,https://www.trendyol.com/catherines/lux-mood-hamile-elbisesi-p-891236809?boutiqueId=61&merchantId=126861
hamile:hamile-elbise,109,189,4,10.7,19.3,349338626,108216,349338626:108216,Artış Kadın Esnek Viskoz Hamile Sabahlık Gecelik Takım 13406,Artış,Artış Collection,2278.37,,0,InStock,,,,,4,21,0,3,"[""100 TL Kupon"",""Kargo Bedava"",""Peşin Fiyatına 3 Taksit""]",Tahmini Teslim:,refreshed,0,https://www.trendyol.com/artis/kadin-esnek-viskoz-hamile-sabahlik-gecelik-takim-13406-p-349338626?boutiqueId=61&merchantId=108216
hamile:hamile-elbise,113,193,1,10.7,19.3,338843170,126861,338843170:126861,Catherines 872 Lohusa Elbise,Catherines,Penyemood,857.93,,0,InStock,,,,,4.666666666666667,21,0,12,"[""Kargo Bedava"",""Trendyol Plus'a Özel""]",Tahmini Teslim:,refreshed,0,https://www.trendyol.com/catherines/872-lohusa-elbise-p-338843170?boutiqueId=61&merchantId=126861
hamile:hamile-elbise,154,234,11,10.7,19.3,804780181,108216,804780181:108216,Artış Kısa Kollu Esnek Viskoz Hamile Pijama Takımı,Artış,Artış Collection,3169.11,,0,InStock,,,,,4.390243902439024,21,0,19,"[""100 TL Kupon"",""Kargo Bedava"",""Peşin Fiyatına 3 Taksit""]",Tahmini Teslim:,refreshed,0,https://www.trendyol.com/artis/kisa-kollu-esnek-viskoz-hamile-pijama-takimi-p-804780181?boutiqueId=61&merchantId=108216
hamile:hamile-elbise,79,159,-14,10.6,19.4,839886722,262565,839886722:262565,Volanlı Jile Elbise,Volanlı,VOLANLI,1340,,0,InStock,,,,,4.7407407407407405,20,0,22,"[""50 TL Kupon"",""Kargo Bedava"",""Peşin Fiyatına 3 Taksit""]",Tahmini Teslim:,refreshed,0,https://www.trendyol.com/volanli/jile-elbise-p-839886722?boutiqueId=61&merchantId=262565
hamile:hamile-elbise,133,213,15,10.6,19.4,869891861,175525,869891861:175525,Miss Dünya Lissa Siyah Hamile ve Lohusa Uzun Kol Saç Örgü Desen Midi Elbise,Miss Dünya Lissa,Miss Dünya Lissa,829.99,,0,InStock,,,,,4.282608695652174,20,0,29,"[""Sepette %10 İndirim"",""Kargo Bedava""]",Tahmini Teslim:,refreshed,0,https://www.trendyol.com/miss-dunya-lissa/siyah-hamile-ve-lohusa-uzun-kol-sac-orgu-desen-midi-elbise-p-869891861?boutiqueId=61&merchantId=175525
hamile:hamile-elbise,151,231,15,10.6,19.4,890918314,126861,890918314:126861,Catherines Yumuşak Dokulu Hamile Elbisesi,Catherines,Penyemood,893.21,,0,InStock,,,,,4.739130434782608,20,0,10,"[""Kargo Bedava"",""Trendyol Plus'a Özel""]",Tahmini Teslim:,refreshed,0,https://www.trendyol.com/catherines/yumusak-dokulu-hamile-elbisesi-p-890918314?boutiqueId=61&merchantId=126861
hamile:hamile-elbise,57,137,-28,10.4,19.6,975325937,175525,975325937:175525,Miss Dünya Lissa Şerit Detaylı Midi Boy Askılı Hamile ve Lohusa Sabahlık Gecelik Takımı,Miss Dünya Lissa,Miss Dünya Lissa,819.99,,0,InStock,,,,,4.578947368421052,19,0,13,"[""Sepette %10 İndirim"",""Kargo Bedava""]",Tahmini Teslim:,refreshed,0,https://www.trendyol.com/miss-dunya-lissa/serit-detayli-midi-boy-askili-hamile-ve-lohusa-sabahlik-gecelik-takimi-p-975325937?boutiqueId=61&merchantId=175525
hamile:hamile-elbise,86,166,23,10.2,19.8,670167296,126861,670167296:126861,Catherines 873 Hamile Sabahlık -pudrapembesi,Catherines,Penyemood,1150,,0,InStock,,,,,4.631578947368421,18,0,7,"[""100 TL Kupon"",""Kargo Bedava"",""Peşin Fiyatına 3 Taksit"",""Trendyol Plus'a Özel""]",Tahmini Teslim:,refreshed,0,https://www.trendyol.com/catherines/873-hamile-sabahlik-pudrapembesi-p-670167296?boutiqueId=61&merchantId=126861
hamile:hamile-elbise,106,186,-46,10.2,19.8,1137939978,175525,1137939978:175525,Miss Dünya Lissa Nova MomEmzirme Özellikli Hamile Gecelik Yumuşak Viskon Rahat Kesim,Miss Dünya Lissa,Miss Dünya Lissa,789.99,,0,InStock,,,,,4.0344827586206895,18,0,11,"[""Sepette %10 İndirim"",""Kargo Bedava""]",Tahmini Teslim:,refreshed,0,https://www.trendyol.com/miss-dunya-lissa/nova-momemzirme-ozellikli-hamile-gecelik-yumusak-viskon-rahat-kesim-p-1137939978?boutiqueId=61&merchantId=175525
hamile:hamile-elbise,138,218,11,9.8,20.2,839885939,262565,839885939:262565,Volanlı Jile Elbise,Volanlı,VOLANLI,1340,,0,InStock,,,,,4.043478260869565,16,0,16,"[""50 TL Kupon"",""Kargo Bedava"",""Peşin Fiyatına 3 Taksit""]",Tahmini Teslim:,refreshed,0,https://www.trendyol.com/volanli/jile-elbise-p-839885939?boutiqueId=61&merchantId=262565
hamile:hamile-elbise,47,127,42,9.6,21.9,1118472616,126861,1118472616:126861,Catherines Emzirme detaylı askılı lohusa gecelik,Catherines,Penyemood,797.1,,0,InStock,,,,,4.8108108108108105,15,0,6,"[""Kargo Bedava"",""Trendyol Plus'a Özel""]",Tahmini Teslim:,refreshed,0,https://www.trendyol.com/catherines/emzirme-detayli-askili-lohusa-gecelik-p-1118472616?boutiqueId=61&merchantId=126861
hamile:hamile-elbise,108,188,0,9.6,20.4,864408384,232737,864408384:232737,Genel Markalar Kadın Mint Yeşili Sabahlıklı Dantelli Kruvaze Lohusa Gecelik Takımı,Genel Markalar,Hamile Tekstil,1990,,0,InStock,,,,,4.592592592592592,15,0,24,"[""Kargo Bedava"",""Sepette %10 İndirim"",""Peşin Fiyatına 3 Taksit"",""Trendyol Plus'a Özel""]",Tahmini Teslim:,refreshed,0,https://www.trendyol.com/genel-markalar/kadin-mint-yesili-sabahlikli-dantelli-kruvaze-lohusa-gecelik-takimi-p-864408384?boutiqueId=61&merchantId=232737
hamile:hamile-elbise,172,252,20,9.6,20.4,924540018,108216,924540018:108216,Artış Askılı Esnek Viskoz Hamile Sabahlık Gecelik Takım,Artış,Artış Collection,1964.82,,0,InStock,,,,,4.153846153846154,15,0,4,"[""Kargo Bedava"",""Peşin Fiyatına 3 Taksit""]",Tahmini Teslim:,refreshed,0,https://www.trendyol.com/artis/askili-esnek-viskoz-hamile-sabahlik-gecelik-takim-p-924540018?boutiqueId=61&merchantId=108216
hamile:hamile-elbise,212,292,-56,9.4,20.6,100291752,346762,100291752:346762,ADASTYLE Kadın Pembe Şifon Elbise,ADASTYLE,ADA STYLE,1349.9,,0,InStock,,,,,4.545454545454546,14,0,27,"[""60 TL Kupon"",""Kargo Bedava"",""Peşin Fiyatına 3 Taksit""]",Tahmini Teslim:,refreshed,0,https://www.trendyol.com/adastyle/kadin-pembe-sifon-elbise-p-100291752?boutiqueId=61&merchantId=346762
hamile:hamile-elbise,195,275,-50,9.2,20.8,1128329704,153578,1128329704:153578,benguen Kolsuz İçlik Elbise N8102 Lacivert,benguen,benguen,799.99,,54.9,InStock,,,,,4.75,13,0,16,"[""Kargo Bedava"",""Trendyol Plus'a Özel""]",Tahmini Teslim:,refreshed,0,https://www.trendyol.com/benguen/kolsuz-iclik-elbise-n8102-lacivert-p-1128329704?boutiqueId=61&merchantId=153578
hamile:hamile-elbise,83,163,-7,8.6,21.4,872891082,719046,872891082:719046,ByLohusa Effortt Ekru Sabahlıklı Hamile Lohusa Gecelik Takım,ByLohusa,ByLohusa,3199.99,,0,InStock,,,,,4.933333333333334,11,0,20,"[""Sepette %1 İndirim"",""Kargo Bedava"",""Peşin Fiyatına 3 Taksit"",""Trendyol Plus'a Özel""]",Tahmini Teslim:,refreshed,0,https://www.trendyol.com/bylohusa/effortt-ekru-sabahlikli-hamile-lohusa-gecelik-takim-p-872891082?boutiqueId=61&merchantId=719046
hamile:hamile-elbise,93,173,-14,8.6,21.4,923092294,108216,923092294:108216,Artış Askılı Kısa Esnek Viskoz Hamile Gecelik,Artış,Artış Collection,1299,,0,InStock,,,,,4.2,11,0,3,"[""Kargo Bedava"",""Peşin Fiyatına 3 Taksit""]",Tahmini Teslim:,refreshed,0,https://www.trendyol.com/artis/askili-kisa-esnek-viskoz-hamile-gecelik-p-923092294?boutiqueId=61&merchantId=108216
hamile:hamile-elbise,112,192,0,8.6,21.4,1060677448,235613,1060677448:235613,Lohussa Kadın Lacivert Uzun Kollu Kruvaze Yakalı Özel Tasarım Lohusa Hamile Gecelik,Lohussa,Lohussa,1599.9,,0,InStock,,,,,3.611111111111111,11,0,26,"[""Sepette %2 İndirim"",""Kargo Bedava"",""Peşin Fiyatına 3 Taksit"",""Trendyol Plus'a Özel""]",Tahmini Teslim:,refreshed,0,https://www.trendyol.com/lohussa/kadin-lacivert-uzun-kollu-kruvaze-yakali-ozel-tasarim-lohusa-hamile-gecelik-p-1060677448?boutiqueId=61&merchantId=235613
hamile:hamile-elbise,118,198,12,8.6,21.4,86985648,108216,86985648:108216,Artış Mavi Dokuma Pamuklu Lohusa Hamile Gecelik Ve Sabahlık Takım,Artış,Artış Collection,2874.73,,0,InStock,,,,,4.666666666666667,11,0,21,"[""100 TL Kupon"",""Kargo Bedava"",""Peşin Fiyatına 3 Taksit""]",Tahmini Teslim:,refreshed,0,https://www.trendyol.com/artis/mavi-dokuma-pamuklu-lohusa-hamile-gecelik-ve-sabahlik-takim-p-86985648?boutiqueId=61&merchantId=108216
hamile:hamile-elbise,54,134,28,8.3,21.7,463828073,126861,463828073:126861,Catherines 873 Hamile Sabahlık,Catherines,Penyemood,994.03,,0,InStock,,,,,4.75,10,0,28,"[""75 TL Kupon"",""Kargo Bedava"",""Trendyol Plus'a Özel""]",Tahmini Teslim:,refreshed,0,https://www.trendyol.com/catherines/873-hamile-sabahlik-p-463828073?boutiqueId=61&merchantId=126861
hamile:hamile-elbise,144,224,14,8.3,21.7,960379489,770517,960379489:770517,ERDENİZ TEKSTİL Pijama ve Sabahlıklı Hamile Lohusa Giyim / 6 Düğmeli Emzirme ve Tesettüre Uygun Pijama Takımı,ERDENİZ TEKSTİL,Erdeniz Tekstil,2349,,0,InStock,,,,,4.4375,10,0,20,"[""100 TL Kupon"",""Kargo Bedava"",""Peşin Fiyatına 3 Taksit"",""Trendyol Plus'a Özel""]",Tahmini Teslim:,refreshed,0,https://www.trendyol.com/erdeniz-tekstil/pijama-ve-sabahlikli-hamile-lohusa-giyim-6-dugmeli-emzirme-ve-tesetture-uygun-pijama-takimi-p-960379489?boutiqueId=61&merchantId=770517
hamile:hamile-elbise,167,247,21,8.3,21.7,1147661681,175525,1147661681:175525,Miss Dünya Lissa Aura Relax Gömlek Yakalı Sıfır Kol Çizgili Hamile Elbisesi,Miss Dünya Lissa,Miss Dünya Lissa,869.99,,0,InStock,,,,,3.9285714285714284,10,0,14,"[""Sepette %10 İndirim"",""Kargo Bedava""]",Tahmini Teslim:,refreshed,0,https://www.trendyol.com/miss-dunya-lissa/aura-relax-gomlek-yakali-sifir-kol-cizgili-hamile-elbisesi-p-1147661681?boutiqueId=61&merchantId=175525
hamile:hamile-elbise,208,288,,8.3,30,1106122045,247843,1106122045:247843,Moda Krash MODAL BLUZ ELBİSE 2 Lİ TAKIM,Moda Krash,MODA KRASH,860,937.5,,InStock,,,,,0,0,,1,"[""40 TL Kupon"",""Kargo Bedava"",""Son 10 Günün En Düşük Fiyatı"",""Son 10 günün en düşük fiyatı""]",Tahmini Teslim:,refreshed,0,https://www.trendyol.com/moda-krash/modal-bluz-elbise-2-li-takim-p-1106122045?boutiqueId=61&merchantId=247843
hamile:hamile-elbise,156,236,12,8,22,1149159144,175525,1149159144:175525,Miss Dünya Lissa Kare Yaka Düğmeli Sıfır Kol Hamile ve Lohusa Dokuma Elbise,Miss Dünya Lissa,Miss Dünya Lissa,889.99,,25.6,InStock,,,,,3.3333333333333335,9,0,17,"[""Sepette %10 İndirim"",""Kargo Bedava""]",Tahmini Teslim:,refreshed,0,https://www.trendyol.com/miss-dunya-lissa/kare-yaka-dugmeli-sifir-kol-hamile-ve-lohusa-dokuma-elbise-p-1149159144?boutiqueId=61&merchantId=175525
hamile:hamile-elbise,164,244,-21,8,22,923092312,108216,923092312:108216,Artış Askılı Kısa Esnek Viskoz Hamile Gecelik,Artış,Artış Collection,1092.52,,0,InStock,,,,,4,9,0,3,"[""Kargo Bedava"",""Peşin Fiyatına 3 Taksit""]",Tahmini Teslim:,refreshed,0,https://www.trendyol.com/artis/askili-kisa-esnek-viskoz-hamile-gecelik-p-923092312?boutiqueId=61&merchantId=108216
hamile:hamile-elbise,48,128,14,7.6,23.4,1155144033,157030,1155144033:157030,SENTEX Geniş kısa kollu desenli kadın elbisesi,SENTEX,SUDENAZ TEKSTİL,679,,0,InStock,,,,,4.7407407407407405,8,0,27,"[""Kargo Bedava""]",Tahmini Teslim:,refreshed,0,https://www.trendyol.com/sentex/genis-kisa-kollu-desenli-kadin-elbisesi-p-1155144033?boutiqueId=61&merchantId=157030
hamile:hamile-elbise,102,182,53,7.6,22.4,1114087432,987100,1114087432:987100,Lohussa Yeni Sezon Ekru Özel Dantel Detaylı Tasarım % 100 Pamuk Lohusa Hamile Sabahlık Pijama Takımı Seti,Lohussa,Lohusa Center,3199.9,,0,InStock,,,,,4.1,8,0,27,"[""Kargo Bedava"",""Sepette %2 İndirim"",""Peşin Fiyatına 3 Taksit"",""Trendyol Plus'a Özel""]",Tahmini Teslim:,refreshed,0,https://www.trendyol.com/lohussa/yeni-sezon-ekru-ozel-dantel-detayli-tasarim-100-pamuk-lohusa-hamile-sabahlik-pijama-takimi-seti-p-1114087432?boutiqueId=61&merchantId=987100
hamile:hamile-elbise,115,195,-14,7.6,22.4,940548157,175525,940548157:175525,Miss Dünya Lissa Çizgili Hamile ve Lohusa Kısa Kol Uzun Elbise,Miss Dünya Lissa,Miss Dünya Lissa,780.58,,-18.7,InStock,,,,,3.411764705882353,8,0,9,"[""Kargo Bedava""]",Tahmini Teslim:,refreshed,0,https://www.trendyol.com/miss-dunya-lissa/cizgili-hamile-ve-lohusa-kisa-kol-uzun-elbise-p-940548157?boutiqueId=61&merchantId=175525
hamile:hamile-elbise,141,221,-58,7.6,22.4,957815267,175525,957815267:175525,Miss Dünya Lissa Hamile ve Lohusa V Yaka Önden Düğmeli Dantel Detaylı Gecelik,Miss Dünya Lissa,Miss Dünya Lissa,689.99,,11.4,InStock,,,,,3.588235294117647,8,0,6,"[""Sepette %10 İndirim"",""Kargo Bedava""]",Tahmini Teslim:,refreshed,0,https://www.trendyol.com/miss-dunya-lissa/hamile-ve-lohusa-v-yaka-onden-dugmeli-dantel-detayli-gecelik-p-957815267?boutiqueId=61&merchantId=175525
hamile:hamile-elbise,163,243,14,7.6,22.4,1113157905,331678,1113157905:331678,Lyn Mama Olivia Elbise Uzun - Siyah,Lyn Mama,LYN MAMA,1199.9,,0,InStock,,,,,4.6875,8,1,28,"[""Kargo Bedava"",""Peşin Fiyatına 3 Taksit""]",Tahmini Teslim:,refreshed,0,https://www.trendyol.com/lyn-mama/olivia-elbise-uzun-siyah-p-1113157905?boutiqueId=61&merchantId=331678
hamile:hamile-elbise,44,124,2,7.2,25.8,1130646983,331678,1130646983:331678,Lyn Mama Scarlett Hamile Salopet Elbisee- Siyah,Lyn Mama,LYN MAMA,999.9,,0,InStock,,,,,4.071428571428571,7,0,21,"[""Kargo Bedava""]",Tahmini Teslim:,refreshed,0,https://www.trendyol.com/lyn-mama/scarlett-hamile-salopet-elbisee-siyah-p-1130646983?boutiqueId=61&merchantId=331678
hamile:hamile-elbise,84,164,-12,7.2,22.8,1160275549,175525,1160275549:175525,Miss Dünya Lissa Kare Yaka Düğmeli Sıfır Kol Hamile ve Lohusa Dokuma Elbise,Miss Dünya Lissa,Miss Dünya Lissa,889.99,,0,InStock,,,,,3.5294117647058822,7,0,16,"[""Sepette %10 İndirim"",""Kargo Bedava""]",Tahmini Teslim:,refreshed,0,https://www.trendyol.com/miss-dunya-lissa/kare-yaka-dugmeli-sifir-kol-hamile-ve-lohusa-dokuma-elbise-p-1160275549?boutiqueId=61&merchantId=175525
hamile:hamile-elbise,105,185,-19,7.2,22.8,1088351473,987100,1088351473:987100,Lohussa Yeni Sezon Pudra Dantel Detaylı Yazlık Kısa Kol Özel Tasarım Lohusa Hamile Sabahlık Gecelik Seti,Lohussa,Lohusa Center,2799.9,,0,InStock,,,,,4.416666666666667,7,0,20,"[""Sepette %2 İndirim"",""Kargo Bedava"",""Peşin Fiyatına 3 Taksit"",""Trendyol Plus'a Özel""]",Tahmini Teslim:,refreshed,0,https://www.trendyol.com/lohussa/yeni-sezon-pudra-dantel-detayli-yazlik-kisa-kol-ozel-tasarim-lohusa-hamile-sabahlik-gecelik-seti-p-1088351473?boutiqueId=61&merchantId=987100
hamile:hamile-elbise,159,239,14,7.2,22.8,1134223280,203753,1134223280:203753,Hazinedan OTANTİK KADIN ETNİK DESEN ASİMETRİK KISA KOL ANNE ELBİSE,Hazinedan,Hazinedan,1648.63,,0,InStock,,,,,4.571428571428571,7,0,11,"[""80 TL Kupon"",""Kargo Bedava"",""Peşin Fiyatına 3 Taksit"",""Trendyol Plus'a Özel""]",Tahmini Teslim:,refreshed,0,https://www.trendyol.com/hazinedan/otantik-kadin-etnik-desen-asimetrik-kisa-kol-anne-elbise-p-1134223280?boutiqueId=61&merchantId=203753
hamile:hamile-elbise,181,261,20,7.2,22.8,809255671,695647,809255671:695647,Azra Style Hamile Kruvaze Yaka Kuşaklı Şifon Elbise Trend Düğün Nişan Kına Bebe Mavi,Azra Style,AZRA STYLE,1499.9,,0,InStock,,,,,4.6875,7,1,22,"[""Kargo Bedava"",""Peşin Fiyatına 3 Taksit""]",Tahmini Teslim:,refreshed,0,https://www.trendyol.com/azra-style/hamile-kruvaze-yaka-kusakli-sifon-elbise-trend-dugun-nisan-kina-bebe-mavi-p-809255671?boutiqueId=61&merchantId=695647
hamile:hamile-cok-satanlar,61,61,20,6.8,23.2,1107757053,367,1107757053:367,Suwen Maria Pamuklu Hamile Lohusa Gecelik,Suwen,SUWEN,839,,0,InStock,,,,,4.8,6,0,2,"[""Sepette %20 İndirim"",""Kargo Bedava""]",Tahmini Teslim:,refreshed,0,https://www.trendyol.com/suwen/maria-pamuklu-hamile-lohusa-gecelik-p-1107757053
hamile:hamile-elbise,104,184,-31,6.8,23.2,1112253861,235613,1112253861:235613,Lohussa Yeni Sezon Ekru Dantelli Yazlık Özel Tasarım %100 Pamuk Hamile Lohusa Sabahlık Pijama Takımı Set,Lohussa,Lohussa,2899.9,,0,InStock,,,,,5,6,0,25,"[""Sepette %2 İndirim"",""Kargo Bedava"",""Peşin Fiyatına 3 Taksit"",""Trendyol Plus'a Özel""]",Tahmini Teslim:,refreshed,0,https://www.trendyol.com/lohussa/yeni-sezon-ekru-dantelli-yazlik-ozel-tasarim-100-pamuk-hamile-lohusa-sabahlik-pijama-takimi-set-p-1112253861?boutiqueId=61&merchantId=235613
hamile:hamile-elbise,119,199,1,6.8,23.2,475884131,346762,475884131:346762,"ADASTYLE Pelerinli Özel Trend Çekim Elbisesi, Hamile Çekimi",ADASTYLE,ADA STYLE,1250,,0,InStock,,,,,4.769230769230769,6,0,28,"[""60 TL Kupon"",""Kargo Bedava"",""Peşin Fiyatına 3 Taksit""]",Tahmini Teslim:,refreshed,0,https://www.trendyol.com/adastyle/pelerinli-ozel-trend-cekim-elbisesi-hamile-cekimi-p-475884131?boutiqueId=61&merchantId=346762
hamile:hamile-elbise,121,201,-26,6.8,23.2,1148184828,4575,1148184828:4575,Luvmabelly MYRA5861 – Doğal Yumuşacık Müslin kumaş - yazlık Gömlek Hamile Elbise - Lacivert,Luvmabelly,LuvmaBelly,1281.13,,0,InStock,,,,,4.375,6,0,16,"[""Kargo Bedava"",""Peşin Fiyatına 3 Taksit""]",Tahmini Teslim:,refreshed,0,https://www.trendyol.com/luvmabelly/myra5861-dogal-yumusacik-muslin-kumas-yazlik-gomlek-hamile-elbise-lacivert-p-1148184828?boutiqueId=61&merchantId=4575
hamile:hamile-elbise,137,217,,6.8,23.2,324618126,346762,324618126:346762,"ADASTYLE Çekim, Uzun, Hemile, Abiye Şifon Elbise",ADASTYLE,ADA STYLE,1649.9,,,InStock,,,,,4.357142857142858,6,,17,"[""60 TL Kupon"",""Kargo Bedava"",""Peşin Fiyatına 3 Taksit""]",Tahmini Teslim:,refreshed,0,https://www.trendyol.com/adastyle/cekim-uzun-hemile-abiye-sifon-elbise-p-324618126?boutiqueId=61&merchantId=346762
hamile:hamile-elbise,184,264,6,6.8,23.2,1144137342,867819,1144137342:867819,Kıvırcıkyoga HAMİLE ELBİSESİ,Kıvırcıkyoga,Kıvırcıkyoga,752.51,,0,InStock,,,,,4.5,6,0,11,"[""Kargo Bedava""]",Tahmini Teslim:,refreshed,0,https://www.trendyol.com/kivircikyoga/hamile-elbisesi-p-1144137342?boutiqueId=61&merchantId=867819
hamile:hamile-elbise,38,118,11,6.4,33.6,1177683177,175525,1177683177:175525,Miss Dünya Lissa Nova MomEmzirme Özellikli Hamile Gecelik Yumuşak Viskon Rahat Kesim,Miss Dünya Lissa,Miss Dünya Lissa,789.99,,19.4,InStock,,,,,4.666666666666667,1,0,1,"[""Sepette %10 İndirim"",""Kargo Bedava""]",Tahmini Teslim:,refreshed,0,https://www.trendyol.com/miss-dunya-lissa/nova-momemzirme-ozellikli-hamile-gecelik-yumusak-viskon-rahat-kesim-p-1177683177?boutiqueId=61&merchantId=175525
hamile:hamile-cok-satanlar,43,43,20,6.2,27.3,1131053507,1188,1131053507:1188,Defacto Regular Fıt Emzirme Atleti H2280AX26SM,Defacto,DeFacto,399.99,,0,InStock,,,,,5,5,0,11,"[""Trendyol Plus'a Özel"",""Sepette %20 İndirim""]",Tahmini Teslim:,refreshed,0,https://www.trendyol.com/defacto/regular-fit-emzirme-atleti-h2280ax26sm-p-1131053507
hamile:hamile-elbise,62,142,-56,6.2,23.8,923091964,108216,923091964:108216,Artış Askılı Kısa Esnek Viskoz Hamile Gecelik,Artış,Artış Collection,1042.35,,0,InStock,,,,,2.125,5,0,4,"[""Kargo Bedava"",""Peşin Fiyatına 3 Taksit""]",Tahmini Teslim:,refreshed,0,https://www.trendyol.com/artis/askili-kisa-esnek-viskoz-hamile-gecelik-p-923091964?boutiqueId=61&merchantId=108216
hamile:hamile-elbise,129,209,7,6.2,23.8,1172725752,203753,1172725752:203753,Hazinedan OTANTİK KADIN TURUNCU ETNİK DESEN ASİMETRİK KISA KOL ANNE ELBİSE,Hazinedan,Hazinedan,1661.09,,-12.5,InStock,,,,,4.166666666666667,5,1,6,"[""80 TL Kupon"",""Kargo Bedava"",""Peşin Fiyatına 3 Taksit""]",Tahmini Teslim:,refreshed,0,https://www.trendyol.com/hazinedan/otantik-kadin-turuncu-etnik-desen-asimetrik-kisa-kol-anne-elbise-p-1172725752?boutiqueId=61&merchantId=203753
hamile:hamile-elbise,134,214,64,6.2,23.8,1133982469,148920,1133982469:148920,LC Waikiki NEVAVM Farkıyla LCWAIKIKI Maternity Siyah Puantiyeli A Kesim Poplin Elbise - S6F668Z8-LQJ,LC Waikiki,Sporline,1187.26,,12.8,InStock,,,,,4,5,0,0,"[""Kargo Bedava"",""Peşin Fiyatına 3 Taksit""]",Tahmini Teslim:,refreshed,0,https://www.trendyol.com/lc-waikiki/nevavm-farkiyla-lcwaikiki-maternity-siyah-puantiyeli-a-kesim-poplin-elbise-s6f668z8-lqj-p-1133982469?boutiqueId=61&merchantId=148920
hamile:hamile-elbise,177,257,10,6.2,23.8,1145344279,175525,1145344279:175525,Miss Dünya Lissa Aura Relax Gömlek Yakalı Sıfır Kol Çizgili Hamile Elbisesi,Miss Dünya Lissa,Miss Dünya Lissa,869.99,,43.6,InStock,,,,,3.6,5,0,10,"[""Sepette %10 İndirim"",""Kargo Bedava""]",Tahmini Teslim:,refreshed,0,https://www.trendyol.com/miss-dunya-lissa/aura-relax-gomlek-yakali-sifir-kol-cizgili-hamile-elbisesi-p-1145344279?boutiqueId=61&merchantId=175525
hamile:hamile-elbise,157,237,-33,5.9,26.2,1130126559,938209,1130126559:938209,Hiccup BUSEM Kemerli Gömlek Yaka Midi Elbise,Hiccup,HiCCUP,1379,1409,0,InStock,,,,,4.4,2,0,4,"[""Kargo Bedava"",""Son 10 Günün En Düşük Fiyatı"",""Peşin Fiyatına 3 Taksit"",""Son 10 günün en düşük fiyatı"",""Trendyol Plus'a Özel""]",Tahmini Teslim:,refreshed,0,https://www.trendyol.com/hiccup/busem-kemerli-gomlek-yaka-midi-elbise-p-1130126559?boutiqueId=61&merchantId=938209
hamile:hamile-elbise,66,146,-10,5.6,24.4,1191474815,175525,1191474815:175525,Miss Dünya Lissa Rosalina Hamile ve Lohusa Dantel Detaylı Sabahlıklı Emzirmeye Uygun Pijama Takımı,Miss Dünya Lissa,Miss Dünya Lissa,699.99,,0,InStock,,,,,4.5,4,1,8,"[""Sepette %10 İndirim"",""Kargo Bedava""]",Tahmini Teslim:,refreshed,0,https://www.trendyol.com/miss-dunya-lissa/rosalina-hamile-ve-lohusa-dantel-detayli-sabahlikli-emzirmeye-uygun-pijama-takimi-p-1191474815?boutiqueId=61&merchantId=175525
hamile:hamile-elbise,73,153,15,5.6,24.4,1055793461,126861,1055793461:126861,Catherines 871 Lohusa Elbise,Catherines,Penyemood,966.26,,0,InStock,,,,,4.833333333333333,4,0,4,"[""75 TL Kupon"",""Kargo Bedava"",""Trendyol Plus'a Özel""]",Tahmini Teslim:,refreshed,0,https://www.trendyol.com/catherines/871-lohusa-elbise-p-1055793461?boutiqueId=61&merchantId=126861
hamile:hamile-elbise,90,170,1,5.6,24.4,1140349502,331678,1140349502:331678,Lyn Mama Olivia Elbise Uzun - Bordo,Lyn Mama,LYN MAMA,1199.9,,0,InStock,,,,,3.7142857142857144,4,0,14,"[""Kargo Bedava"",""Peşin Fiyatına 3 Taksit""]",Tahmini Teslim:,refreshed,0,https://www.trendyol.com/lyn-mama/olivia-elbise-uzun-bordo-p-1140349502?boutiqueId=61&merchantId=331678
hamile:hamile-elbise,107,187,-59,5.6,24.4,1109239303,108216,1109239303:108216,Artış Askılı Emzirme Bölmeli Esnek Viskoz Hamile Sabahlık Gecelik Takım,Artış,Artış Collection,2391.23,,0,InStock,,,,,5,4,0,4,"[""100 TL Kupon"",""Kargo Bedava"",""Peşin Fiyatına 3 Taksit""]",Tahmini Teslim:,refreshed,0,https://www.trendyol.com/artis/askili-emzirme-bolmeli-esnek-viskoz-hamile-sabahlik-gecelik-takim-p-1109239303?boutiqueId=61&merchantId=108216
hamile:hamile-elbise,136,216,-34,5.6,24.4,1182302171,157030,1182302171:157030,SENTEX Geniş kısa kollu desenli kadın elbisesi,SENTEX,SUDENAZ TEKSTİL,689,,0,InStock,,,,,4.555555555555555,4,0,9,"[""Kargo Bedava""]",Tahmini Teslim:,refreshed,0,https://www.trendyol.com/sentex/genis-kisa-kollu-desenli-kadin-elbisesi-p-1182302171?boutiqueId=61&merchantId=157030
hamile:hamile-elbise,142,222,15,5.6,24.4,1135661164,175525,1135661164:175525,Miss Dünya Lissa Puantiyeli V Yaka Emzirme Kolaylığı Sağlayan Kuşaklı Lohusa Sabahlık Askılı Gecelik Seti,Miss Dünya Lissa,Miss Dünya Lissa,979.99,,0,InStock,,,,,4,4,0,11,"[""Sepette %10 İndirim"",""Kargo Bedava""]",Tahmini Teslim:,refreshed,0,https://www.trendyol.com/miss-dunya-lissa/puantiyeli-v-yaka-emzirme-kolayligi-saglayan-kusakli-lohusa-sabahlik-askili-gecelik-seti-p-1135661164?boutiqueId=61&merchantId=175525
hamile:hamile-elbise,215,295,,5.6,24.4,1113157850,331678,1113157850:331678,Lyn Mama Olivia Elbise - Bordo,Lyn Mama,LYN MAMA,999.9,,,InStock,,,,,3,4,,7,"[""Kargo Bedava""]",Tahmini Teslim:,refreshed,0,https://www.trendyol.com/lyn-mama/olivia-elbise-bordo-p-1113157850?boutiqueId=61&merchantId=331678
hamile:hamile-elbise,46,126,81,4.8,27.2,1175422108,452542,1175422108:452542,LACASE Kadın Tensel Kumaş Modal Siyah Bisiklet Yaka Salaş Elbise,LACASE,LACASE,839,,0,InStock,,,,,2.4,3,0,8,"[""Kargo Bedava""]",Tahmini Teslim:,refreshed,0,https://www.trendyol.com/lacase/kadin-tensel-kumas-modal-siyah-bisiklet-yaka-salas-elbise-p-1175422108?boutiqueId=61&merchantId=452542
hamile:hamile-elbise,77,157,19,4.8,25.2,927790936,175525,927790936:175525,Miss Dünya Lissa Hamile ve Lohusa V Yaka Uzun Kol Dokuma Kumaş Elbise,Miss Dünya Lissa,Miss Dünya Lissa,729.99,,0,InStock,,,,,4.25,3,0,6,"[""Sepette %10 İndirim"",""Kargo Bedava""]",Tahmini Teslim:,refreshed,0,https://www.trendyol.com/miss-dunya-lissa/hamile-ve-lohusa-v-yaka-uzun-kol-dokuma-kumas-elbise-p-927790936?boutiqueId=61&merchantId=175525
hamile:hamile-elbise,92,172,46,4.8,25.2,981841682,318309,981841682:318309,şuranur Bambu Hamile Ve Lohusa Sabahlık Gecelik Fitilli Takım Uzun kollu Düğmeli,şuranur,ŞURANUR,969.99,,0,InStock,,,,,4,3,0,2,"[""19 TL Kupon"",""Kargo Bedava"",""Trendyol Plus'a Özel""]",Tahmini Teslim:,refreshed,0,https://www.trendyol.com/suranur/bambu-hamile-ve-lohusa-sabahlik-gecelik-fitilli-takim-uzun-kollu-dugmeli-p-981841682?boutiqueId=61&merchantId=318309
hamile:hamile-elbise,125,205,-47,4.8,25.2,1088349790,235613,1088349790:235613,Lohussa Yeni Sezon Ekru Dantel Detaylı Yazlık Kısa Kol Özel Tasarım Lohusa Hamile Sabahlık Gecelik Seti,Lohussa,Lohussa,2899.9,,0,InStock,,,,,4.833333333333333,3,0,15,"[""Sepette %2 İndirim"",""Kargo Bedava"",""Peşin Fiyatına 3 Taksit"",""Trendyol Plus'a Özel""]",Tahmini Teslim:,refreshed,0,https://www.trendyol.com/lohussa/yeni-sezon-ekru-dantel-detayli-yazlik-kisa-kol-ozel-tasarim-lohusa-hamile-sabahlik-gecelik-seti-p-1088349790?boutiqueId=61&merchantId=235613
hamile:hamile-elbise,148,228,-30,4.8,25.2,1127236195,681877,1127236195:681877,Ferace Tesettür Hamile Elbise – Günlük Şık Rahat Kalıp,Ferace,BUTİK SEVİM,1233.76,,0,InStock,,,,,4.75,3,0,11,"[""Kargo Bedava"",""Peşin Fiyatına 3 Taksit""]",Tahmini Teslim:,refreshed,0,https://www.trendyol.com/ferace/tesettur-hamile-elbise-gunluk-sik-rahat-kalip-p-1127236195?boutiqueId=61&merchantId=681877
hamile:hamile-elbise,168,248,-24,4.8,25.2,1141573716,904421,1141573716:904421,"KATLİN MATERNİTY WEAR Hamile Puantiyeli Desen %100 Viskon Elbise , Kısa Kol Model , Bel Kemerli Yaka Uzun Fermuar ve Düğme Detaylı",KATLİN MATERNİTY WEAR,KATLİN MATERNİTY WEAR,1298,,0,InStock,,,,,4.777777777777778,3,0,10,"[""Kargo Bedava"",""Peşin Fiyatına 3 Taksit""]",Tahmini Teslim:,refreshed,0,https://www.trendyol.com/katlin-maternity-wear/hamile-puantiyeli-desen-100-viskon-elbise-kisa-kol-model-bel-kemerli-yaka-uzun-fermuar-ve-dugme-detayli-p-1141573716?boutiqueId=61&merchantId=904421
hamile:hamile-elbise,200,280,32,4.8,25.2,1162320290,157030,1162320290:157030,SENTEX Geniş kısa kollu desenli kadın elbisesi,SENTEX,SUDENAZ TEKSTİL,679,,0,InStock,,,,,4.4,3,0,8,"[""Kargo Bedava""]",Tahmini Teslim:,refreshed,0,https://www.trendyol.com/sentex/genis-kisa-kollu-desenli-kadin-elbisesi-p-1162320290?boutiqueId=61&merchantId=157030
hamile:hamile-elbise,130,210,50,4,30,1176945135,982060,1176945135:982060,H&M Uzun Tişört Elbise,H&M,H&M,1199,1249,0,InStock,,,,,5,0,0,2,"[""Kargo Bedava"",""Peşin Fiyatına 3 Taksit""]",Tahmini Teslim:,refreshed,0,https://www.trendyol.com/h-m/uzun-tisort-elbise-p-1176945135?boutiqueId=61&merchantId=982060
hamile:hamile-elbise,81,161,0,3.8,26.2,1161464913,157030,1161464913:157030,SENTEX Geniş kısa kollu desenli kadın elbisesi,SENTEX,SUDENAZ TEKSTİL,679,,0,InStock,,,,,4,2,0,7,"[""Kargo Bedava""]",Tahmini Teslim:,refreshed,0,https://www.trendyol.com/sentex/genis-kisa-kollu-desenli-kadin-elbisesi-p-1161464913?boutiqueId=61&merchantId=157030
hamile:hamile-elbise,96,176,-43,3.8,26.2,1182302164,157030,1182302164:157030,SENTEX Geniş kısa kollu desenli kadın elbisesi,SENTEX,SUDENAZ TEKSTİL,679,,0,InStock,,,,,3,2,0,8,"[""Kargo Bedava""]",Tahmini Teslim:,refreshed,0,https://www.trendyol.com/sentex/genis-kisa-kollu-desenli-kadin-elbisesi-p-1182302164?boutiqueId=61&merchantId=157030
hamile:hamile-elbise,122,202,10,3.8,26.2,1129888465,331678,1129888465:331678,Lyn Mama Scarlett Salopet Etek - Haki,Lyn Mama,LYN MAMA,999.9,,0,InStock,,,,,3.75,2,0,9,"[""Kargo Bedava""]",Tahmini Teslim:,refreshed,0,https://www.trendyol.com/lyn-mama/scarlett-salopet-etek-haki-p-1129888465?boutiqueId=61&merchantId=331678
hamile:hamile-elbise,146,226,16,3.8,26.2,1141560371,904421,1141560371:904421,KATLİN MATERNİTY WEAR Hamile Kahve Keten Elbise Yanlardan Bağcık Detaylı Önden Açılan Düğme (EMZİRME),KATLİN MATERNİTY WEAR,KATLİN MATERNİTY WEAR,1487,,0,InStock,,,,,5,2,0,5,"[""Kargo Bedava"",""Peşin Fiyatına 3 Taksit""]",Tahmini Teslim:,refreshed,0,https://www.trendyol.com/katlin-maternity-wear/hamile-kahve-keten-elbise-yanlardan-bagcik-detayli-onden-acilan-dugme-emzirme-p-1141560371?boutiqueId=61&merchantId=904421
hamile:hamile-elbise,155,235,7,3.8,26.2,1109391927,108216,1109391927:108216,Artış Askılı Emzirme Bölmeli Esnek Viskoz Hamile Sabahlık Gecelik Takım,Artış,Artış Collection,2426.92,,0,InStock,,,,,2,2,0,1,"[""100 TL Kupon"",""Kargo Bedava"",""Peşin Fiyatına 3 Taksit""]",Tahmini Teslim:,refreshed,0,https://www.trendyol.com/artis/askili-emzirme-bolmeli-esnek-viskoz-hamile-sabahlik-gecelik-takim-p-1109391927?boutiqueId=61&merchantId=108216
hamile:hamile-elbise,174,254,-74,3.8,26.2,1081067219,302544,1081067219:302544,RANDOM Kadın Puantiyeli Kolsuz Elbise,RANDOM,Random,999,,0,InStock,,,,,4.4,2,0,8,"[""40 TL Kupon"",""Kargo Bedava"",""Trendyol Plus'a Özel""]",Tahmini Teslim:,refreshed,0,https://www.trendyol.com/random/kadin-puantiyeli-kolsuz-elbise-p-1081067219?boutiqueId=61&merchantId=302544
hamile:hamile-elbise,183,263,-28,3.8,26.2,1127236186,681877,1127236186:681877,Ferace Tesettür Hamile Elbise – Günlük Şık Rahat Kalıp,Ferace,BUTİK SEVİM,1180.53,,0,InStock,,,,,4.25,2,0,4,"[""Kargo Bedava"",""Peşin Fiyatına 3 Taksit""]",Tahmini Teslim:,refreshed,0,https://www.trendyol.com/ferace/tesettur-hamile-elbise-gunluk-sik-rahat-kalip-p-1127236186?boutiqueId=61&merchantId=681877
hamile:hamile-elbise,206,286,-56,3.8,26.2,1050676447,1189440,1050676447:1189440,Mersha Collection Mersha Uzun Kol Astar Emzirme Elbisesi - Lohusa İçlik - Emzirme İçlik,Mersha Collection,Mersha Emzirme Kıyafetleri,945,,0,InStock,,,,,4.666666666666667,2,0,0,"[""50 TL Kupon"",""Kargo Bedava""]",Tahmini Teslim:,refreshed,0,https://www.trendyol.com/mersha-collection/mersha-uzun-kol-astar-emzirme-elbisesi-lohusa-iclik-emzirme-iclik-p-1050676447?boutiqueId=61&merchantId=1189440
hamile:hamile-elbise,207,287,,3.8,26.2,1118170369,122810,1118170369:122810,BUSA Hamile Sıfır Kollu Önden Düğmeli Kuşaklı Midi Boy Elbise MAVİ,BUSA,Busa Giyim,1852.87,,,InStock,,,,,5,2,,16,"[""Kargo Bedava"",""Peşin Fiyatına 3 Taksit""]",Tahmini Teslim:,refreshed,0,https://www.trendyol.com/busa/hamile-sifir-kollu-onden-dugmeli-kusakli-midi-boy-elbise-mavi-p-1118170369?boutiqueId=61&merchantId=122810
hamile:hamile-elbise,220,300,,3.8,26.2,304647186,695647,304647186:695647,Azra Style Kadın Hamile Beyaz Fırfırlı Yaka Şifon Kuşaklı Elbise 7000,Azra Style,AZRA STYLE,1399.9,,,InStock,,,,,3.8,2,,9,"[""Kargo Bedava"",""Peşin Fiyatına 3 Taksit""]",Tahmini Teslim:,refreshed,0,https://www.trendyol.com/azra-style/kadin-hamile-beyaz-firfirli-yaka-sifon-kusakli-elbise-7000-p-304647186?boutiqueId=61&merchantId=695647
hamile:hamile-cok-satanlar,79,79,,2.4,27.6,1187217632,741905,1187217632:741905,Maison La Femme Kadın Yüksek Bel Pileli Gizli Cepli Rahat Kesim Bol Paça Hamile Pantolonu,Maison La Femme,Maison La Femme,829,,,InStock,,,,,5,1,,6,"[""Trendyol Plus'a Özel"",""Kargo Bedava""]",Tahmini Teslim:,refreshed,0,https://www.trendyol.com/maison-la-femme/kadin-yuksek-bel-pileli-gizli-cepli-rahat-kesim-bol-paca-hamile-pantolonu-p-1187217632
hamile:hamile-elbise,60,140,37,2.4,27.6,1175422467,452542,1175422467:452542,LACASE Kadın Tensel Kumaş Modal Siyah Bisiklet Yaka Salaş Elbise,LACASE,LACASE,839,,0,InStock,,,,,5,1,0,3,"[""Kargo Bedava""]",Tahmini Teslim:,refreshed,0,https://www.trendyol.com/lacase/kadin-tensel-kumas-modal-siyah-bisiklet-yaka-salas-elbise-p-1175422467?boutiqueId=61&merchantId=452542
hamile:hamile-elbise,64,144,0,2.4,27.6,1155144028,157030,1155144028:157030,SENTEX Geniş kısa kollu desenli kadın elbisesi,SENTEX,SUDENAZ TEKSTİL,679,,0,InStock,,,,,4.333333333333333,1,0,12,"[""Kargo Bedava""]",Tahmini Teslim:,refreshed,0,https://www.trendyol.com/sentex/genis-kisa-kollu-desenli-kadin-elbisesi-p-1155144028?boutiqueId=61&merchantId=157030
hamile:hamile-elbise,100,180,6,2.4,27.6,1138510185,987100,1138510185:987100,Lohussa Yeni Sezon Ekru Dantel Detaylı Özel Tasarım %100 Pamuk Tam Boy Hamile Lohusa Sabahlık Gecelik Set,Lohussa,Lohusa Center,3099.9,,0,InStock,,,,,3.5,1,0,9,"[""Kargo Bedava"",""Sepette %2 İndirim"",""Peşin Fiyatına 3 Taksit"",""Trendyol Plus'a Özel""]",Tahmini Teslim:,refreshed,0,https://www.trendyol.com/lohussa/yeni-sezon-ekru-dantel-detayli-ozel-tasarim-100-pamuk-tam-boy-hamile-lohusa-sabahlik-gecelik-set-p-1138510185?boutiqueId=61&merchantId=987100
hamile:hamile-elbise,114,194,8,2.4,27.6,1108727536,108216,1108727536:108216,Artış Askılı Kısa Esnek Viskoz Hamile Sabahlık Gecelik Takım,Artış,Artış Collection,2283.07,,0,InStock,,,,,5,1,0,5,"[""100 TL Kupon"",""Kargo Bedava"",""Peşin Fiyatına 3 Taksit""]",Tahmini Teslim:,refreshed,0,https://www.trendyol.com/artis/askili-kisa-esnek-viskoz-hamile-sabahlik-gecelik-takim-p-1108727536?boutiqueId=61&merchantId=108216
hamile:hamile-elbise,147,227,16,2.4,27.6,922123856,374875,922123856:374875,LİYACA TESETTÜR HAMİLE KOT ELBİSESİ,LİYACA,LİCA,2550,,0,InStock,,,,,4.8,1,0,23,"[""Kargo Bedava"",""Peşin Fiyatına 3 Taksit""]",Tahmini Teslim:,refreshed,0,https://www.trendyol.com/liyaca/tesettur-hamile-kot-elbisesi-p-922123856?boutiqueId=61&merchantId=374875
hamile:hamile-elbise,165,245,14,2.4,27.6,737165267,331678,737165267:331678,Lyn Mama Nicole Bej Emzirme Özellikli Hamile Elbise,Lyn Mama,LYN MAMA,799.9,,0,InStock,,,,,4.5,1,0,1,"[""Kargo Bedava""]",Tahmini Teslim:,refreshed,0,https://www.trendyol.com/lyn-mama/nicole-bej-emzirme-ozellikli-hamile-elbise-p-737165267?boutiqueId=61&merchantId=331678
hamile:hamile-elbise,166,246,16,2.4,27.6,1124454538,1124276,1124454538:1124276,maternel Uzun Kollu Pamuklu Kontrast Elbise - Hamile & Emzirme,maternel,maternel,2497.35,,15,InStock,,,,,5,1,0,2,"[""Kargo Bedava"",""Peşin Fiyatına 3 Taksit"",""Trendyol Plus'a Özel""]",Tahmini Teslim:,refreshed,0,https://www.trendyol.com/maternel/uzun-kollu-pamuklu-kontrast-elbise-hamile-emzirme-p-1124454538?boutiqueId=61&merchantId=1124276
hamile:hamile-elbise,169,249,-27,2.4,27.6,927791672,175525,927791672:175525,Miss Dünya Lissa Hamile ve Lohusa V Yaka Uzun Kol Dokuma Kumaş Elbise,Miss Dünya Lissa,Miss Dünya Lissa,729.99,,0,InStock,,,,,4.666666666666667,1,0,1,"[""Sepette %10 İndirim"",""Kargo Bedava""]",Tahmini Teslim:,refreshed,0,https://www.trendyol.com/miss-dunya-lissa/hamile-ve-lohusa-v-yaka-uzun-kol-dokuma-kumas-elbise-p-927791672?boutiqueId=61&merchantId=175525
hamile:hamile-elbise,178,258,5,2.4,27.6,1157097933,982060,1157097933:982060,H&M MAMA Dantel Şeritli Saten Elbise,H&M,H&M,2999,,0,InStock,,,,,4,1,0,0,"[""Kargo Bedava"",""2.299 TL Kupon"",""Peşin Fiyatına 3 Taksit"",""Son 10 Günün En Düşük Fiyatı"",""Trendyol Plus'a Özel""]",Tahmini Teslim:,refreshed,0,https://www.trendyol.com/h-m/mama-dantel-seritli-saten-elbise-p-1157097933?boutiqueId=61&merchantId=982060
hamile:hamile-elbise,180,260,-40,2.4,27.6,1144277360,867819,1144277360:867819,Kıvırcıkyoga HAMİLE ELBİSESİ,Kıvırcıkyoga,Kıvırcıkyoga,649.13,,-26,InStock,,,,,5,1,0,10,"[""Kargo Bedava""]",Tahmini Teslim:,refreshed,0,https://www.trendyol.com/kivircikyoga/hamile-elbisesi-p-1144277360?boutiqueId=61&merchantId=867819
hamile:hamile-elbise,191,271,,2.4,27.6,895619830,956863,895619830:956863,Even Fashion Hamile Giyim Yeşil Payetli Abiye Hamile Elbise,Even Fashion Hamile Giyim,DESEN HAMİLE GİYİM,4149,,,InStock,,,,,5,1,,0,"[""Kargo Bedava"",""Peşin Fiyatına 3 Taksit""]",Tahmini Teslim:,refreshed,0,https://www.trendyol.com/even-fashion-hamile-giyim/yesil-payetli-abiye-hamile-elbise-p-895619830?boutiqueId=61&merchantId=956863
hamile:hamile-elbise,194,274,,2.4,27.6,1111846628,904421,1111846628:904421,"KATLİN MATERNİTY WEAR Hamile Pliseli Şifon Elbise , Beli Lastikli İçi Astarli (Lacivert)",KATLİN MATERNİTY WEAR,KATLİN MATERNİTY WEAR,1887,,,InStock,,,,,4.5,1,,1,"[""Kargo Bedava"",""Peşin Fiyatına 3 Taksit""]",Tahmini Teslim:,refreshed,0,https://www.trendyol.com/katlin-maternity-wear/hamile-pliseli-sifon-elbise-beli-lastikli-ici-astarli-lacivert-p-1111846628?boutiqueId=61&merchantId=904421
hamile:hamile-elbise,197,277,,2.4,27.6,979164108,160434,979164108:160434,adL Kolsuz Triko Elbise,adL,adL,1999.95,,,InStock,,,,,5,1,,5,"[""Kargo Bedava"",""Peşin Fiyatına 3 Taksit""]",Tahmini Teslim:,refreshed,0,https://www.trendyol.com/adl/kolsuz-triko-elbise-p-979164108?boutiqueId=61&merchantId=160434
hamile:hamile-elbise,201,281,,2.4,27.6,1138878056,2636,1138878056:2636,Naramaxx 1719 ELBİSE,Naramaxx,NaraMaxx,2199.6,,,InStock,,,,,5,1,,2,"[""Kargo Bedava"",""75 TL Kupon"",""50 TL Kupon"",""1.340 TL Kupon"",""Peşin Fiyatına 3 Taksit"",""Son 10 Günün En Düşük Fiyatı"",""Trendyol Plus'a Özel""]",Tahmini Teslim:,refreshed,0,https://www.trendyol.com/naramaxx/1719-elbise-p-1138878056?boutiqueId=61&merchantId=2636
hamile:hamile-elbise,214,294,-55,2.4,27.6,948738635,466650,948738635:466650,Sea Queen Hamile Kadın siyah Şortlu tek parça Likralı esnek kumaş elbiseli mayo,Sea Queen,Sea Queen Collection,899,,0,InStock,,,,,5,1,0,19,"[""Sepette %5 İndirim"",""40 TL Kupon"",""Kargo Bedava""]",Tahmini Teslim:,refreshed,0,https://www.trendyol.com/sea-queen/hamile-kadin-siyah-sortlu-tek-parca-likrali-esnek-kumas-elbiseli-mayo-p-948738635?boutiqueId=61&merchantId=466650
hamile:hamile-elbise,219,299,,2.4,27.6,834012643,122810,834012643:122810,BUSA Hamile Gömlek Yaka Önden Cepli Midi Boy Elbise GÜL KURUSU,BUSA,Busa Giyim,1312.27,,,InStock,,,,,5,1,,8,"[""Kargo Bedava"",""Peşin Fiyatına 3 Taksit""]",Tahmini Teslim:,refreshed,0,https://www.trendyol.com/busa/hamile-gomlek-yaka-onden-cepli-midi-boy-elbise-gul-kurusu-p-834012643?boutiqueId=61&merchantId=122810
hamile:hamile-elbise,126,206,52,1.8,30,1155541203,938209,1155541203:938209,Hiccup BUSEM V-Yaka Yarım Kol Midi Elbise,Hiccup,HiCCUP,1109,1129,0,InStock,,,,,0,0,0,1,"[""Kargo Bedava"",""Son 10 Günün En Düşük Fiyatı"",""Peşin Fiyatına 3 Taksit"",""Son 10 günün en düşük fiyatı""]",Tahmini Teslim:,refreshed,0,https://www.trendyol.com/hiccup/busem-v-yaka-yarim-kol-midi-elbise-p-1155541203?boutiqueId=61&merchantId=938209
hamile:hamile-cok-satanlar,55,55,17,0,30,1190940011,1188,1190940011:1188,Defacto Regular Fıt Emzirme Atleti H2280AX26SM,Defacto,DeFacto,399.99,,0,InStock,,,,,5,0,-1,5,"[""Sepette %40 İndirim""]",Tahmini Teslim:,refreshed,0,https://www.trendyol.com/defacto/regular-fit-emzirme-atleti-h2280ax26sm-p-1190940011
hamile:hamile-elbise,55,135,4,0,30,1187904053,175525,1187904053:175525,Miss Dünya Lissa Alina Sabahlıklı Emzirmeye Uygun Dantel Detaylı Sıfır Kol Hamile ve Lohusa Gecelik Takımı,Miss Dünya Lissa,Miss Dünya Lissa,1309.99,,18.5,InStock,,,,,0,0,0,5,"[""Sepette %10 İndirim"",""Kargo Bedava"",""Peşin Fiyatına 3 Taksit""]",Tahmini Teslim:,refreshed,0,https://www.trendyol.com/miss-dunya-lissa/alina-sabahlikli-emzirmeye-uygun-dantel-detayli-sifir-kol-hamile-ve-lohusa-gecelik-takimi-p-1187904053?boutiqueId=61&merchantId=175525
hamile:hamile-elbise,82,162,23,0,30,1188711751,175525,1188711751:175525,Miss Dünya Lissa Mirella Hamile ve Lohusa Dantel Detaylı Emzirmeye Uygun Gecelik,Miss Dünya Lissa,Miss Dünya Lissa,829.99,,0,InStock,,,,,5,0,0,4,"[""Sepette %10 İndirim"",""Kargo Bedava""]",Tahmini Teslim:,refreshed,0,https://www.trendyol.com/miss-dunya-lissa/mirella-hamile-ve-lohusa-dantel-detayli-emzirmeye-uygun-gecelik-p-1188711751?boutiqueId=61&merchantId=175525
hamile:hamile-elbise,91,171,-14,0,30,1189657920,1170648,1189657920:1170648,cesita Kadın Haki %100 Pamuklu Müslin Kumaş Salaş Hamile Elbisesi,cesita,Shain Baskı,1199.9,,0,InStock,,,,,0,0,0,3,"[""Sepette %40 İndirim"",""50 TL Kupon"",""Kargo Bedava"",""Süper Fırsat Ürünü""]",Tahmini Teslim:,refreshed,0,https://www.trendyol.com/cesita/kadin-haki-100-pamuklu-muslin-kumas-salas-hamile-elbisesi-p-1189657920?boutiqueId=61&merchantId=1170648
hamile:hamile-elbise,103,183,-19,0,30,1163088908,987100,1163088908:987100,Lohussa Yeni Sezon Ekru Özel Dantel Detaylı Tasarım Kısa Kollu %100 Pamuk Hamile Lohusa Sabahlıklı Gecelik Seti Baby Shower,Lohussa,Lohusa Center,3999.9,,0,InStock,,,,,5,0,0,4,"[""Kargo Bedava"",""Sepette %2 İndirim"",""Peşin Fiyatına 3 Taksit"",""Trendyol Plus'a Özel""]",Tahmini Teslim:,refreshed,0,https://www.trendyol.com/lohussa/yeni-sezon-ekru-ozel-dantel-detayli-tasarim-kisa-kollu-100-pamuk-hamile-lohusa-sabahlikli-gecelik-seti-baby-shower-p-1163088908?boutiqueId=61&merchantId=987100
hamile:hamile-elbise,117,197,-24,0,30,1183419137,982060,1183419137:982060,H&M MAMA İnce Triko Elbise,H&M,H&M,2799,,0,InStock,,,,,0,0,0,0,"[""Kargo Bedava"",""Peşin Fiyatına 3 Taksit""]",Tahmini Teslim:,refreshed,0,https://www.trendyol.com/h-m/mama-ince-triko-elbise-p-1183419137?boutiqueId=61&merchantId=982060
hamile:hamile-elbise,135,215,12,0,30,1172237489,110374,1172237489:110374,WESTMARK LONDON Hamile Bordo Ribana Bisiklet Yaka Uzun Kollu Göğüs Altı V Kesimli Midi Elbise GIGI,WESTMARK LONDON,Westmark London,699,,0,InStock,,,,,0,0,0,2,"[""20 TL Kupon"",""Kargo Bedava"",""Trendyol Plus'a Özel""]",Tahmini Teslim:,refreshed,0,https://www.trendyol.com/westmark-london/hamile-bordo-ribana-bisiklet-yaka-uzun-kollu-gogus-alti-v-kesimli-midi-elbise-gigi-p-1172237489?boutiqueId=61&merchantId=110374
hamile:hamile-elbise,139,219,2,0,30,1180903356,1180141,1180903356:1180141,MY GRS GOFRE KUAMŞ ELBİSE,MY GRS,MY GRS BUTİK,409.37,,0,InStock,,,,,0,0,0,0,"[""Sepette %5 İndirim"",""Kargo Bedava"",""Trendyol Plus'a Özel""]",Tahmini Teslim:,refreshed,0,https://www.trendyol.com/my-grs/gofre-kuams-elbise-p-1180903356?boutiqueId=61&merchantId=1180141
hamile:hamile-elbise,140,220,106,0,30,1160314759,424401,1160314759:424401,MACFLY Kadın Fırfır Yaka Şifon Elbise,MACFLY,Bersi butik,1600,,0,InStock,,,,,0,0,0,2,"[""Kargo Bedava"",""Peşin Fiyatına 3 Taksit""]",Tahmini Teslim:,refreshed,0,https://www.trendyol.com/macfly/kadin-firfir-yaka-sifon-elbise-p-1160314759?boutiqueId=61&merchantId=424401
hamile:hamile-elbise,149,229,-59,0,30,1149159282,175525,1149159282:175525,Miss Dünya Lissa Kare Yaka Düğmeli Sıfır Kol Hamile ve Lohusa Dokuma Elbise,Miss Dünya Lissa,Miss Dünya Lissa,889.99,,0,InStock,,,,,0,0,0,11,"[""Sepette %10 İndirim"",""Kargo Bedava""]",Tahmini Teslim:,refreshed,0,https://www.trendyol.com/miss-dunya-lissa/kare-yaka-dugmeli-sifir-kol-hamile-ve-lohusa-dokuma-elbise-p-1149159282?boutiqueId=61&merchantId=175525
hamile:hamile-elbise,153,233,14,0,30,1127983998,770517,1127983998:770517,ERDENİZ TEKSTİL Geniş Dantel Kollu Lohusa Hamile Gecelik Sabahlık Takımı Pamuklu,ERDENİZ TEKSTİL,Erdeniz Tekstil,2349,,0,InStock,,,,,0,0,0,4,"[""100 TL Kupon"",""Kargo Bedava"",""Peşin Fiyatına 3 Taksit"",""Trendyol Plus'a Özel""]",Tahmini Teslim:,refreshed,0,https://www.trendyol.com/erdeniz-tekstil/genis-dantel-kollu-lohusa-hamile-gecelik-sabahlik-takimi-pamuklu-p-1127983998?boutiqueId=61&merchantId=770517
hamile:hamile-elbise,158,238,23,0,30,1155126390,569500,1155126390:569500,Altınay Kadın Sabahlıklı Güpür Detaylı Askılı Lohusa(Hamile)2'Li Gecelik Takım %65 Pamuk %35 Viskon,Altınay,YULA,999,,0,InStock,,,,,0,0,0,2,"[""Kargo Bedava""]",Tahmini Teslim:,refreshed,0,https://www.trendyol.com/altinay/kadin-sabahlikli-gupur-detayli-askili-lohusa-hamile-2-li-gecelik-takim-65-pamuk-35-viskon-p-1155126390?boutiqueId=61&merchantId=569500
hamile:hamile-elbise,160,240,21,0,30,1172237389,110374,1172237389:110374,WESTMARK LONDON Hamile Çok Renkli Çizgili Viskonlu Triko Efektli Bisiklet Yaka Uzun Kollu Midi Elbise SERENITY,WESTMARK LONDON,Westmark London,799,,0,InStock,,,,,0,0,0,1,"[""75 TL Kupon"",""Kargo Bedava"",""50 TL Kupon"",""Trendyol Plus'a Özel""]",Tahmini Teslim:,refreshed,0,https://www.trendyol.com/westmark-london/hamile-cok-renkli-cizgili-viskonlu-triko-efektli-bisiklet-yaka-uzun-kollu-midi-elbise-serenity-p-1172237389?boutiqueId=61&merchantId=110374
hamile:hamile-elbise,173,253,6,0,30,1194214627,1125874,1194214627:1125874,MERCİ MARYA Sabahlıklı Lohusa Pijama Takımı İndigo,MERCİ MARYA,Merci Marya,2700,,0,InStock,,,,,0,0,0,1,"[""Sepette %5 İndirim"",""Kargo Bedava"",""Peşin Fiyatına 3 Taksit""]",Tahmini Teslim:,refreshed,0,https://www.trendyol.com/merci-marya/sabahlikli-lohusa-pijama-takimi-indigo-p-1194214627?boutiqueId=61&merchantId=1125874
hamile:hamile-elbise,175,255,21,0,30,1170906253,408668,1170906253:408668,RACE FASHİON Kadın Büyük Yakalı Puantiyeli Vintange Elbise RC6057,RACE FASHİON,RACE FASHİON,1004.52,,0,InStock,,,,,0,0,0,2,"[""19 TL Kupon"",""Kargo Bedava"",""Trendyol Plus'a Özel""]",Tahmini Teslim:,refreshed,0,https://www.trendyol.com/race-fashion/kadin-buyuk-yakali-puantiyeli-vintange-elbise-rc6057-p-1170906253?boutiqueId=61&merchantId=408668
hamile:hamile-elbise,176,256,16,0,30,124010649,349045,124010649:349045,Style The Bump Asya Balon Kollu Hamile Elbise,Style The Bump,StyleTheBump,1699.99,,0,InStock,,,,,0,0,0,9,"[""Kargo Bedava"",""20 TL Kupon"",""649,90 TL Kupon"",""Peşin Fiyatına 3 Taksit"",""Trendyol Plus'a Özel""]",Tahmini Teslim:,refreshed,0,https://www.trendyol.com/style-the-bump/asya-balon-kollu-hamile-elbise-p-124010649?boutiqueId=61&merchantId=349045
hamile:hamile-elbise,185,265,,0,30,1146156309,187624,1146156309:187624,Entarim Hamile Çizgili Pamuk Elbise,Entarim,ENTARIM MATERNITY WEAR,1995,,,InStock,,,,,5,0,,0,"[""Kargo Bedava"",""Peşin Fiyatına 3 Taksit"",""Trendyol Plus'a Özel""]",Tahmini Teslim:,refreshed,0,https://www.trendyol.com/entarim/hamile-cizgili-pamuk-elbise-p-1146156309?boutiqueId=61&merchantId=187624
hamile:hamile-elbise,186,266,,0,30,1127236198,681877,1127236198:681877,Ferace Tesettür Hamile Elbise – Günlük Şık Rahat Kalıp,Ferace,BUTİK SEVİM,1230.17,,,InStock,,,,,5,0,,5,"[""Kargo Bedava"",""Peşin Fiyatına 3 Taksit""]",Tahmini Teslim:,refreshed,0,https://www.trendyol.com/ferace/tesettur-hamile-elbise-gunluk-sik-rahat-kalip-p-1127236198?boutiqueId=61&merchantId=681877
hamile:hamile-elbise,187,267,10,0,30,1154684593,987100,1154684593:987100,Lohussa Yeni Sezon Ekru Yazlık Fisto Keten Detaylı Özel Tasarım %100 Pamuk Emzirme Özellikli Lohusa Hamile Sabahlıklı Gecelik Seti,Lohussa,Lohusa Center,3199.9,,0,InStock,,,,,0,0,0,7,"[""Kargo Bedava"",""Sepette %2 İndirim"",""Peşin Fiyatına 3 Taksit"",""Trendyol Plus'a Özel""]",Tahmini Teslim:,refreshed,0,https://www.trendyol.com/lohussa/yeni-sezon-ekru-yazlik-fisto-keten-detayli-ozel-tasarim-100-pamuk-emzirme-ozellikli-lohusa-hamile-sabahlikli-gecelik-seti-p-1154684593?boutiqueId=61&merchantId=987100
hamile:hamile-elbise,189,269,,0,30,927791848,175525,927791848:175525,Miss Dünya Lissa Hamile ve Lohusa V Yaka Uzun Kol Dokuma Kumaş Elbise,Miss Dünya Lissa,Miss Dünya Lissa,729.99,,,InStock,,,,,4,0,,1,"[""Sepette %10 İndirim"",""Kargo Bedava""]",Tahmini Teslim:,refreshed,0,https://www.trendyol.com/miss-dunya-lissa/hamile-ve-lohusa-v-yaka-uzun-kol-dokuma-kumas-elbise-p-927791848?boutiqueId=61&merchantId=175525
hamile:hamile-elbise,193,273,,0,30,1053149078,122810,1053149078:122810,BUSA Hamile Önden Düğmeli Midi Boy Kadife Elbise CAMEL,BUSA,Busa Giyim,1852.87,,,InStock,,,,,4,0,,3,"[""Kargo Bedava"",""Peşin Fiyatına 3 Taksit"",""Trendyol Plus'a Özel""]",Tahmini Teslim:,refreshed,0,https://www.trendyol.com/busa/hamile-onden-dugmeli-midi-boy-kadife-elbise-camel-p-1053149078?boutiqueId=61&merchantId=122810
hamile:hamile-elbise,196,276,-51,0,30,1172237482,110374,1172237482:110374,WESTMARK LONDON Hamile Siyah Pamuk Bisiklet Yaka Kısa Kollu Dantel Detaylı Jumpsuit WINONA,WESTMARK LONDON,Westmark London,599,,0,InStock,,,,,0,0,0,1,"[""20 TL Kupon"",""Kargo Bedava"",""Trendyol Plus'a Özel""]",Tahmini Teslim:,refreshed,0,https://www.trendyol.com/westmark-london/hamile-siyah-pamuk-bisiklet-yaka-kisa-kollu-dantel-detayli-jumpsuit-winona-p-1172237482?boutiqueId=61&merchantId=110374
hamile:hamile-elbise,198,278,-54,0,30,1146742572,1127426,1146742572:1127426,BARLİZ Kadın Hamilelere İçin Uzun Kısa Kollu Geniş Likralı Esnek Elbise,BARLİZ,BARLİZ TEKSTİL,819.9,,0,InStock,,,,,5,0,0,4,"[""7 TL Kupon"",""Kargo Bedava"",""Trendyol Plus'a Özel""]",Tahmini Teslim:,refreshed,0,https://www.trendyol.com/barliz/kadin-hamilelere-icin-uzun-kisa-kollu-genis-likrali-esnek-elbise-p-1146742572?boutiqueId=61&merchantId=1127426
hamile:hamile-elbise,203,283,,0,30,1126044711,982060,1126044711:982060,H&M MAMA 2 Parçalı Tekstüre Jarse Set,H&M,H&M,2299,,,InStock,,,,,0,0,,0,"[""Kargo Bedava"",""Peşin Fiyatına 3 Taksit""]",Tahmini Teslim:,refreshed,0,https://www.trendyol.com/h-m/mama-2-parcali-teksture-jarse-set-p-1126044711?boutiqueId=61&merchantId=982060
hamile:hamile-elbise,204,284,-67,0,30,1166450775,175525,1166450775:175525,Miss Dünya Lissa Aura Relax Gömlek Yakalı Sıfır Kol Hamile Elbisesi,Miss Dünya Lissa,Miss Dünya Lissa,722.23,,-17,InStock,,,,,0,0,0,4,"[""Kargo Bedava""]",Tahmini Teslim:,refreshed,0,https://www.trendyol.com/miss-dunya-lissa/aura-relax-gomlek-yakali-sifir-kol-hamile-elbisesi-p-1166450775?boutiqueId=61&merchantId=175525
hamile:hamile-elbise,205,285,,0,30,1187759772,110374,1187759772:110374,WESTMARK LONDON Hamile Viskon Karışımlı Dokulu Çizgili Çok Renkli Kısa Kollu Kayık Yaka Elbise TARA,WESTMARK LONDON,Westmark London,593.01,,,InStock,,,,,0,0,,0,"[""20 TL Kupon"",""Kargo Bedava"",""Trendyol Plus'a Özel""]",Tahmini Teslim:,refreshed,0,https://www.trendyol.com/westmark-london/hamile-viskon-karisimli-dokulu-cizgili-cok-renkli-kisa-kollu-kayik-yaka-elbise-tara-p-1187759772?boutiqueId=61&merchantId=110374
hamile:hamile-elbise,209,289,,0,30,1159182635,122810,1159182635:122810,BUSA Hamile Sıfır Kol Yandan Cepli Midi Boy Keten Elbise PEMBE,BUSA,Busa Giyim,1543.35,,,InStock,,,,,0,0,,3,"[""Kargo Bedava"",""Peşin Fiyatına 3 Taksit""]",Tahmini Teslim:,refreshed,0,https://www.trendyol.com/busa/hamile-sifir-kol-yandan-cepli-midi-boy-keten-elbise-pembe-p-1159182635?boutiqueId=61&merchantId=122810
hamile:hamile-elbise,210,290,,0,30,899590927,956863,899590927:956863,Desen Hamile Giyim Pudra Parlak Saten Uzun Hamile Abiye Elbise,Desen Hamile Giyim,DESEN HAMİLE GİYİM,5749.9,,,InStock,,,,,0,0,,0,"[""Kargo Bedava"",""Peşin Fiyatına 3 Taksit""]",Tahmini Teslim:,refreshed,0,https://www.trendyol.com/desen-hamile-giyim/pudra-parlak-saten-uzun-hamile-abiye-elbise-p-899590927?boutiqueId=61&merchantId=956863
hamile:hamile-elbise,211,291,,0,30,1183419005,982060,1183419005:982060,H&M MAMA Lastik Örgülü Elbise,H&M,H&M,2999,,,InStock,,,,,0,0,,0,"[""Kargo Bedava"",""Peşin Fiyatına 3 Taksit""]",Tahmini Teslim:,refreshed,0,https://www.trendyol.com/h-m/mama-lastik-orgulu-elbise-p-1183419005?boutiqueId=61&merchantId=982060
hamile:hamile-elbise,213,293,,0,30,878962339,2636,878962339:2636,Naramaxx Midi Boy Kolsuz Triko Elbise,Naramaxx,NaraMaxx,1499.4,,,InStock,,,,,0,0,,0,"[""Kargo Bedava"",""50 TL Kupon"",""4.999 TL Kupon"",""Peşin Fiyatına 3 Taksit"",""Trendyol Plus'a Özel""]",Tahmini Teslim:,refreshed,0,https://www.trendyol.com/naramaxx/midi-boy-kolsuz-triko-elbise-p-878962339?boutiqueId=61&merchantId=2636
hamile:hamile-elbise,216,296,,0,30,1165573750,1189867,1165573750:1189867,"Mamara Hamile ve Emzirme Özellikli Midi Elbise – Sıfır Kollu, Örme Kumaş/Leopar Desenli",Mamara,Mamara Moda,1799.9,,,InStock,,,,,0,0,,0,"[""40 TL Kupon"",""Kargo Bedava"",""Peşin Fiyatına 3 Taksit"",""Trendyol Plus'a Özel""]",Tahmini Teslim:,refreshed,0,https://www.trendyol.com/mamara/hamile-ve-emzirme-ozellikli-midi-elbise-sifir-kollu-orme-kumas-leopar-desenli-p-1165573750?boutiqueId=61&merchantId=1189867
hamile:hamile-elbise,217,297,,0,30,1163143304,175525,1163143304:175525,Miss Dünya Lissa Lacivert V Yaka Önden düğmeli Sıfır Kol Midi Dokuma Hamile ve Lohusa Elbise,Miss Dünya Lissa,Miss Dünya Lissa,889.99,,,InStock,,,,,0,0,,2,"[""Sepette %10 İndirim"",""Kargo Bedava""]",Tahmini Teslim:,refreshed,0,https://www.trendyol.com/miss-dunya-lissa/lacivert-v-yaka-onden-dugmeli-sifir-kol-midi-dokuma-hamile-ve-lohusa-elbise-p-1163143304?boutiqueId=61&merchantId=175525
hamile:hamile-elbise,218,298,-65,0,30,1160450345,424401,1160450345:424401,MACFLY Kadın Fırfır Yaka Şifon Elbise,MACFLY,Bersi butik,1670,,0,InStock,,,,,0,0,0,1,"[""Kargo Bedava"",""Peşin Fiyatına 3 Taksit""]",Tahmini Teslim:,refreshed,0,https://www.trendyol.com/macfly/kadin-firfir-yaka-sifon-elbise-p-1160450345?boutiqueId=61&merchantId=424401
