rank_scope,rank_scope_position,bestseller_rank,rank_delta,trend_score,niche_score,product_id,merchant_id,offer_key,title,brand,seller_name,price,original_price,price_delta_percent,stock_status,sales_signal,sales_signal_days,sales_signal_min,sales_signal_daily_min,rating,review_count,review_delta,question_count,campaigns,delivery_summary,detail_status,detail_age_days,url
erkek:genel-erkek,91,91,205,46.4,3.6,37358001,347,37358001:347,Altınyıldız Classics Erkek Siyah %100 Pamuk Kıvrılmaz Pike Polo Yaka Slim Fit Dar Kesim Tişört,Altınyıldız Classics,Altınyıldız Classics,399.99,499.99,-20,InStock,,,,,4.622388737511353,1992,-16,35,"[""100 TL Kupon"",""Son 10 Günün En Düşük Fiyatı"",""Süper Fırsat Ürünü"",""Kargo Bedava"",""Trendyol Plus'a Özel""]",2 saat 50 dakika içinde sipariş verirsen en geç yarın kargoda!,refreshed,0,https://www.trendyol.com/altinyildiz-classics/erkek-siyah-100-pamuk-kivrilmaz-pike-polo-yaka-slim-fit-dar-kesim-tisort-p-37358001?boutiqueId=61&merchantId=347
erkek:genel-erkek,77,77,195,29.1,0.9,1206502,105053,1206502:105053,Avon Individual Blue 100 Ml. Edt Erkek Parfüm,Avon,AvonShop,479.9,,39.9,InStock,,,,,4.3349813227862,4311,-4,293,"[""Kargo Bedava""]",2 saat 50 dakika içinde sipariş verirsen en geç yarın kargoda!,refreshed,0,https://www.trendyol.com/avon/individual-blue-100-ml-edt-erkek-parfum-p-1206502?boutiqueId=61&merchantId=105053
erkek:erkek-parfum,18,449,185,108.6,19.7,84813692,334474,84813692:334474,Bargello 561 Erkek Parfüm Fresh Edp 50 ml - Brgpen561,Bargello,Bargello Perfume Pendik Şubesi,370,600,-38.3,InStock,,,,,4.6,1964,0,,"[""Kargo Bedava"",""Son 10 Günün En Düşük Fiyatı""]",Tahmini Teslim:,carried_forward,4,https://www.trendyol.com/bargello/561-erkek-parfum-fresh-edp-50-ml-brgpen561-p-84813692?boutiqueId=61&merchantId=334474
erkek:genel-erkek,86,86,177,40.2,1.9,38061596,347,38061596:347,Altınyıldız Classics Erkek Haki %100 Pamuk Kıvrılmaz Pike Polo Yaka Slim Fit Dar Kesim Tişört,Altınyıldız Classics,Altınyıldız Classics,386.55,439.99,-22.7,InStock,,,,,4.531713703811463,3260,-20,79,"[""100 TL Kupon"",""Son 10 Günün En Düşük Fiyatı"",""Kargo Bedava"",""Trendyol Plus'a Özel""]",2 saat 50 dakika içinde sipariş verirsen en geç yarın kargoda!,refreshed,0,https://www.trendyol.com/altinyildiz-classics/erkek-haki-100-pamuk-kivrilmaz-pike-polo-yaka-slim-fit-dar-kesim-tisort-p-38061596?boutiqueId=61&merchantId=347
erkek:erkek-parfum,55,486,174,68.6,8.9,338519262,122143,338519262:122143,"Imprime Horizon Edp Erkek Parfüm 100ml | Baharatlı Ve Odunsu | Limon, Tarçın, Misk, Amber, Sedir Ağacı",Imprime,Imprimé,629,1199,-47.5,InStock,,,,,4.2,438,0,,"[""Kargo Bedava"",""Son 10 Günün En Düşük Fiyatı"",""Süper Fırsat Ürünü""]",Tahmini Teslim:,carried_forward,4,https://www.trendyol.com/imprime/horizon-edp-erkek-parfum-100ml-baharatli-ve-odunsu-limon-tarcin-misk-amber-sedir-agaci-p-338519262?boutiqueId=61&merchantId=122143
erkek:genel-erkek,119,119,171,45.1,3.7,37358005,347,37358005:347,Altınyıldız Classics Erkek Gül Kurusu %100 Pamuk Kıvrılmaz Pike Polo Yaka Slim Fit Dar Kesim Tişört,Altınyıldız Classics,Altınyıldız Classics,389.99,479.99,0,InStock,,,,,4.579303675048356,1953,-3,22,"[""100 TL Kupon"",""Son 10 Günün En Düşük Fiyatı"",""Süper Fırsat Ürünü"",""Kargo Bedava"",""Trendyol Plus'a Özel""]",2 saat 49 dakika içinde sipariş verirsen en geç yarın kargoda!,refreshed,0,https://www.trendyol.com/altinyildiz-classics/erkek-gul-kurusu-100-pamuk-kivrilmaz-pike-polo-yaka-slim-fit-dar-kesim-tisort-p-37358005?boutiqueId=61&merchantId=347
erkek:genel-erkek,101,101,168,24.7,5.3,114426371,203783,114426371:203783,BGK Unisex 7'li Düz-çizgili Tenis Model,BGK,BGK,199.99,,0,InStock,,,,,4.278735632183908,1214,-65,29,"[""Kargo Bedava""]",2 saat 50 dakika içinde sipariş verirsen en geç yarın kargoda!,refreshed,0,https://www.trendyol.com/bgk/unisex-7-li-duz-cizgili-tenis-model-p-114426371?boutiqueId=61&merchantId=203783
erkek:genel-erkek,85,85,158,25,5,319271014,121706,319271014:121706,Gezer Siyah Kaydırmaz Deniz Plaj Havuz Banyo Hamam Islak Zemin Terliği Günlük Terlik 14194,Gezer,EDT TEKSTİL,130,,8.3,InStock,,,,,4.061526775541208,1317,-1,153,"[""Kargo Bedava""]",2 saat 50 dakika içinde sipariş verirsen en geç yarın kargoda!,refreshed,0,https://www.trendyol.com/gezer/siyah-kaydirmaz-deniz-plaj-havuz-banyo-hamam-islak-zemin-terligi-gunluk-terlik-14194-p-319271014?boutiqueId=61&merchantId=121706
erkek:erkek-parfum,73,504,155,36.8,18.2,354099939,674296,354099939:674296,Mad Parfüm Mad J101 Selective 50 ml Erkek Parfüm,Mad Parfüm,MAD PARFÜM,449.99,599.99,-25,InStock,,,,,4.5,29,0,,"[""Kargo Bedava""]",Tahmini Teslim:,carried_forward,4,https://www.trendyol.com/mad-parfum/mad-j101-selective-50-ml-erkek-parfum-p-354099939?boutiqueId=61&merchantId=674296
erkek:genel-erkek,135,135,153,21,9,802499525,294,802499525:294,Kiğılı Uzun Kol Slim Fit Non Iron Ütü Gerektirmeyen Pamuklu Klasik Gömlek,Kiğılı,Kiğılı,1299,,0,InStock,,,,,4.483954900260191,425,0,120,"[""Sepette %40 İndirim"",""100 TL Kupon"",""Süper Fırsat Ürünü"",""Kargo Bedava""]",Tahmini Teslim:,refreshed,0,https://www.trendyol.com/kigili/uzun-kol-slim-fit-non-iron-utu-gerektirmeyen-pamuklu-klasik-gomlek-p-802499525?boutiqueId=61&merchantId=294
erkek:erkek-parfum,92,523,151,14.8,15.2,218147834,755076,218147834:755076,DeDe Candle & Wellness Studio Derin Uyku Için Yastık Spreyi - Sleep Sommeil Mist Yastık Parfümü,DeDe Candle & Wellness,DeDe Cosmetics,420,,0,InStock,,,,,4.4,69,0,,"[""Kargo Bedava""]",Tahmini Teslim:,carried_forward,4,https://www.trendyol.com/dede-candle-wellness-studio/derin-uyku-icin-yastik-spreyi-sleep-sommeil-mist-yastik-parfumu-p-218147834?boutiqueId=61&merchantId=755076
erkek:erkek-parfum,16,447,149,110.6,22.7,217525738,301311,217525738:301311,Bargello 561 Erkek 50 ml Parfüm Edp Fresh,Bargello,Bargello Parfüm Center,370,600,-38.3,InStock,,,,,4.5,1074,0,596,"[""Kargo Bedava"",""Son 10 Günün En Düşük Fiyatı""]",6 saat 19 dakika içinde sipariş verirsen en geç bugün kargoda!,carried_forward,4,https://www.trendyol.com/bargello/561-erkek-50-ml-parfum-edp-fresh-p-217525738?boutiqueId=61&merchantId=301311
erkek:genel-erkek,96,96,146,24.7,7.7,71202541,263280,71202541:263280,Modafırsat Unisex Siyah Kaymaz Taban Terlik Deniz Plaj Havuz Banyo Iş Terliği Günlük Terlik,Modafırsat,Modafırsat,126.69,129.81,-7.6,InStock,,,,,3.8981337480559874,606,5,32,"[""Son 10 Günün En Düşük Fiyatı"",""Kargo Bedava"",""Trendyol Plus'a Özel""]",2 saat 50 dakika içinde sipariş verirsen en geç yarın kargoda!,refreshed,0,https://www.trendyol.com/modafirsat/unisex-siyah-kaymaz-taban-terlik-deniz-plaj-havuz-banyo-is-terligi-gunluk-terlik-p-71202541?boutiqueId=61&merchantId=263280
erkek:genel-erkek,141,141,146,20.7,9.3,891040806,930422,891040806:930422,vast çorap Siyah Patik Çorap 10 Çift Ekonomik Paket,vast çorap,vast socks,159.9,,6.7,InStock,,,,,4.1104651162790695,381,3,,"[""419 TL Kupon"",""20 TL Kupon"",""Kargo Bedava"",""Son 10 Günün En Düşük Fiyatı"",""Trendyol Plus'a Özel""]",Tahmini Teslim:,refreshed,0,https://www.trendyol.com/vast-corap/siyah-patik-corap-10-cift-ekonomik-paket-p-891040806?boutiqueId=61&merchantId=930422
erkek:genel-erkek,149,149,140,21.3,8.7,930006747,625924,930006747:625924,zaee Nakışlı Yazlık Kumaş Ayarlanabilir Paça Baggy Premium Eşofman Altı,zaee,WEARTEX,949.9,,0,InStock,,,,,4.164383561643835,463,3,2324,"[""50 TL Kupon"",""Kargo Bedava""]",2 saat 49 dakika içinde sipariş verirsen en geç yarın kargoda!,refreshed,0,https://www.trendyol.com/zaee/nakisli-yazlik-kumas-ayarlanabilir-paca-baggy-premium-esofman-alti-p-930006747?boutiqueId=61&merchantId=625924
erkek:erkek-parfum,87,518,136,32.2,8.1,754765953,852210,754765953:852210,GIGI MILANO Erkek Parfüm - Ibıza Pour Homme Erkek Parfüm 50 Ml,GIGI MILANO,Gigi Milano,1740,1940,-10.3,InStock,,,,,4.6,547,0,220,"[""Kargo Bedava""]",Tahmini Teslim:,carried_forward,4,https://www.trendyol.com/gigi-milano/erkek-parfum-ibiza-pour-homme-erkek-parfum-50-ml-p-754765953?boutiqueId=61&merchantId=852210
erkek:genel-erkek,151,151,134,21.8,8.2,71996544,932912,71996544:932912,Wella Koleston Naturals 7/1 Kumral Saç Boyası,Wella,Wella,323.3,,2.3,InStock,,,,,4.594356261022928,527,-3,181,"[""Sepette %50 İndirim"",""Süper Fırsat Ürünü"",""Kargo Bedava""]",Tahmini Teslim:,refreshed,0,https://www.trendyol.com/wella/koleston-naturals-7-1-kumral-sac-boyasi-p-71996544?boutiqueId=61&merchantId=932912
erkek:genel-erkek,78,78,134,29.5,0.5,691063557,107109,691063557:107109,"Yves Rocher Güçlendirici Prebiyotik Şampuan-Saç Dökülmesine Karşı/Anti-Chute-SLS,SLES içermez,Vegan-300ml",Yves Rocher,Yves Rocher,699.9,,0,InStock,,,,,4.320926966292135,4890,-14,548,"[""Sepette %20 İndirim"",""Kargo Bedava""]",,refreshed,0,https://www.trendyol.com/yves-rocher/guclendirici-prebiyotik-sampuan-sac-dokulmesine-karsi-anti-chute-sls-sles-icermez-vegan-300ml-p-691063557?boutiqueId=61&merchantId=107109
erkek:erkek-parfum,15,446,128,68.6,28.9,1105375549,1054304,1105375549:1054304,Lorien Weel Velor Erkek Parfüm - Extrait de Parfum 50 ml |,Lorien Weel,Parfüm Online Mağaza,1350,,17.4,InStock,,,,,4.2,209,0,45,"[""Kargo Bedava""]",Tahmini Teslim:,carried_forward,3,https://www.trendyol.com/lorien-weel/velor-erkek-parfum-extrait-de-parfum-50-ml-p-1105375549?boutiqueId=61&merchantId=1054304
erkek:erkek-parfum,106,537,126,16.8,13.2,354099381,674296,354099381:674296,Mad Parfüm Mad W161 Selective 100 ml Erkek Parfüm,Mad Parfüm,MAD PARFÜM,899.99,,0,InStock,,,,,4.3,126,0,,"[""Kargo Bedava""]",Tahmini Teslim:,carried_forward,4,https://www.trendyol.com/mad-parfum/mad-w161-selective-100-ml-erkek-parfum-p-354099381?boutiqueId=61&merchantId=674296
erkek:genel-erkek,170,170,125,17.3,12.7,971329232,625924,971329232:625924,zaee Star Nakışlı Her Mevsim Giyilebilen Ayarlanabilir Paça Bol Eşofman Altı,zaee,WEARTEX,1149.9,,0,InStock,,,,,3.9270833333333335,144,4,694,"[""Kargo Bedava"",""Peşin Fiyatına 3 Taksit""]",2 saat 48 dakika içinde sipariş verirsen en geç yarın kargoda!,refreshed,0,https://www.trendyol.com/zaee/star-nakisli-her-mevsim-giyilebilen-ayarlanabilir-paca-bol-esofman-alti-p-971329232?boutiqueId=61&merchantId=625924
erkek:erkek-parfum,103,534,121,16.9,13.1,143063098,118382,143063098:118382,Jagler Classic Erkek Parfüm Seti ( 2 Adet 50 ml Edt Parfüm + 2 Adet 100 ml Deodorant ),Jagler,Nysa,651.21,,,InStock,,,,,4.5,128,0,24,"[""Kargo Bedava""]",Tahmini Teslim:,carried_forward,4,https://www.trendyol.com/jagler/classic-erkek-parfum-seti-2-adet-50-ml-edt-parfum-2-adet-100-ml-deodorant-p-143063098?boutiqueId=61&merchantId=118382
erkek:erkek-parfum,115,546,120,10.9,19.1,33721841,1253656,33721841:1253656,Jagler Edt 90 ml Deo 150ml Erkek Classıc Parfüm Set,Jagler,Nysa,475,,,InStock,,,,,4.6,22,0,,"[""Kargo Bedava""]",Tahmini Teslim:,carried_forward,4,https://www.trendyol.com/jagler/edt-90-ml-deo-150ml-erkek-classic-parfum-set-p-33721841?boutiqueId=61&merchantId=1253656
erkek:genel-erkek,168,168,117,37.9,3.7,669748827,347,669748827:347,AC&Co / Altınyıldız Classics Erkek Bej Slim Fit Dar Kesim %100 Pamuk Kıvrılmaz Polo Yaka Tişört,AC&Co / Altınyıldız Classics,Altınyıldız Classics,393.39,444.99,0,InStock,,,,,4.4396061269146605,1933,-1,59,"[""100 TL Kupon"",""Son 10 Günün En Düşük Fiyatı"",""Kargo Bedava"",""Trendyol Plus'a Özel""]",2 saat 48 dakika içinde sipariş verirsen en geç yarın kargoda!,refreshed,0,https://www.trendyol.com/ac-co-altinyildiz-classics/erkek-bej-slim-fit-dar-kesim-100-pamuk-kivrilmaz-polo-yaka-tisort-p-669748827?boutiqueId=61&merchantId=347
erkek:genel-erkek,76,76,115,23,7,986211445,139435,986211445:139435,TDRS kirke Kirke 100 ML Çarkıfelek Şeftali Özel Seri Uzun Süre Kalıcı Erkek Parfüm,TDRS kirke,Tudors,389.82,,-9.4,InStock,,,,,4.008108108108108,751,2,134,"[""100 TL Kupon"",""Kargo Bedava""]",2 saat 50 dakika içinde sipariş verirsen en geç yarın kargoda!,refreshed,0,https://www.trendyol.com/tdrs-kirke/kirke-100-ml-carkifelek-seftali-ozel-seri-uzun-sure-kalici-erkek-parfum-p-986211445?boutiqueId=61&merchantId=139435
erkek:genel-erkek,44,44,113,79.4,23.8,32332095,117151,32332095:117151,Bargello ERKEK PARFÜM 561 FRESH 50 ML EDP 8691841304531,Bargello,ONLİNE PARFUM,370,600,-38.3,InStock,Son 3 günde 500+ ürün satıldı!,3,500,166.7,4.522191372093987,12548,-37,1454,"[""Kargo Bedava"",""Son 10 Günün En Düşük Fiyatı"",""Son 10 günün en düşük fiyatı""]",2 saat 51 dakika içinde sipariş verirsen en geç yarın kargoda!,refreshed,0,https://www.trendyol.com/bargello/erkek-parfum-561-fresh-50-ml-edp-8691841304531-p-32332095?boutiqueId=61&merchantId=117151
erkek:erkek-parfum,100,531,106,37.8,7.2,2174018,955182,2174018:955182,First Class Erkek Edt Parfüm 100 Ml,First Class,Wellgross,649.36,763.95,-15,InStock,,,,,4.6,711,0,,"[""Sepette %15 İndirim"",""Kargo Bedava""]",Tahmini Teslim:,carried_forward,4,https://www.trendyol.com/first-class/erkek-edt-parfum-100-ml-p-2174018?boutiqueId=61&merchantId=955182
erkek:genel-erkek,105,105,106,28.2,1.8,69269013,202132,69269013:202132,Tutku 6'lı Penye Klasik Beyaz Erkek Atlet,Tutku,giyimsepeti,504,,0,InStock,,,,,4.452001785980057,3351,-9,1868,"[""Sepette %1 İndirim"",""20 TL Kupon"",""Kargo Bedava""]",2 saat 50 dakika içinde sipariş verirsen en geç yarın kargoda!,refreshed,0,https://www.trendyol.com/tutku/6-li-penye-klasik-beyaz-erkek-atlet-p-69269013?boutiqueId=61&merchantId=202132
erkek:genel-erkek,74,74,104,26.7,3.3,367272,245935,367272:245935,Ducray Anaphase Densifying Saç Dökülmesine Karşı Şampuan İncelmiş ve Seyrekleşmiş Saçlar için 400 ml,Ducray,Kozvit,1239,,25.3,InStock,,,,,4.123919308357348,2168,-9,1047,"[""Kargo Bedava"",""Süper Fırsat Ürünü""]",2 saat 50 dakika içinde sipariş verirsen en geç yarın kargoda!,refreshed,0,https://www.trendyol.com/ducray/anaphase-densifying-sac-dokulmesine-karsi-sampuan-incelmis-ve-seyreklesmis-saclar-icin-400-ml-p-367272?boutiqueId=61&merchantId=245935
erkek:genel-erkek,128,128,103,14.8,15.2,1111141181,294,1111141181:294,Kiğılı Premium 5'li Pamuklu Likralı Rahat Esnek Boxer Seti (Damat Bohçası - Çeyiz Seti),Kiğılı,Kiğılı,1299,,0,InStock,,,,,4.523206751054852,70,2,88,"[""100 TL Kupon"",""Süper Fırsat Ürünü"",""Kargo Bedava""]",Tahmini Teslim:,refreshed,0,https://www.trendyol.com/kigili/premium-5-li-pamuklu-likrali-rahat-esnek-boxer-seti-damat-bohcasi-ceyiz-seti-p-1111141181?boutiqueId=61&merchantId=294
erkek:genel-erkek,120,120,94,27.4,2.6,801441276,856334,801441276:856334,ÖZDEN ÖZDOĞAN Şampuan Zayıf Ve Yıpranmış Saçlar Için Hızlı Uzamaya Yardımcı Keratin&kolajen Içerikli,ÖZDEN ÖZDOĞAN,ÖZDEN ÖZDOĞAN,499.99,,0,InStock,,,,,4.372445755213819,2645,4,533,"[""Sepette %60 İndirim"",""Sepette %25 İndirim"",""599,99 TL Kupon"",""475,90 TL Kupon"",""Kargo Bedava"",""Trendyol Plus'a Özel""]",2 saat 49 dakika içinde sipariş verirsen en geç yarın kargoda!,refreshed,0,https://www.trendyol.com/ozden-ozdogan/sampuan-zayif-ve-yipranmis-saclar-icin-hizli-uzamaya-yardimci-keratin-kolajen-icerikli-p-801441276?boutiqueId=61&merchantId=856334
erkek:erkek-parfum,163,594,94,41.7,13.3,355300815,674296,355300815:674296,Mad Parfüm Mad I101 Selective 50 ml Erkek Parfüm,Mad Parfüm,MAD PARFÜM,449.99,599.99,-25,InStock,,,,,4.4,120,0,,"[""Kargo Bedava""]",Tahmini Teslim:,carried_forward,4,https://www.trendyol.com/mad-parfum/mad-i101-selective-50-ml-erkek-parfum-p-355300815?boutiqueId=61&merchantId=674296
erkek:genel-erkek,99,99,94,27.3,2.7,704884547,203783,704884547:203783,BGK 5 Çift Pembe Çilek Desenli Kısa Çorap,BGK,BGK,169.99,,0,InStock,,,,,4.48647604327666,2594,-25,49,"[""Kargo Bedava""]",2 saat 50 dakika içinde sipariş verirsen en geç yarın kargoda!,refreshed,0,https://www.trendyol.com/bgk/5-cift-pembe-cilek-desenli-kisa-corap-p-704884547?boutiqueId=61&merchantId=203783
erkek:erkek-parfum,160,591,90,27.2,11.9,37871523,292085,37871523:292085,David Walker E173 Luck Man 50 ml Erkek Parfüm | Aromatic,David Walker,David Walker,1000,1100,0,InStock,,,,,4.5,183,0,155,"[""Kargo Bedava""]",Tahmini Teslim:,carried_forward,4,https://www.trendyol.com/david-walker/e173-luck-man-50-ml-erkek-parfum-aromatic-p-37871523?boutiqueId=61&merchantId=292085
erkek:genel-erkek,79,79,89,23.4,6.6,797365107,113563,797365107:113563,Puma Court Classic Vulc FS 396353 Unisex Spor Ayakkabı SİYAH-BEYAZ,Puma,DKS STORE,2166,,-1.5,InStock,,,,,4.571109871723369,849,2,148,"[""Kargo Bedava"",""Peşin Fiyatına 3 Taksit""]",2 saat 50 dakika içinde sipariş verirsen en geç yarın kargoda!,refreshed,0,https://www.trendyol.com/puma/court-classic-vulc-fs-396353-unisex-spor-ayakkabi-siyah-beyaz-p-797365107?boutiqueId=61&merchantId=113563
erkek:genel-erkek,144,144,88,14.1,15.9,1162735963,207458,1162735963:207458,LORİS POLO Viral Hakiki Deri Bol Kartlıklı Kullanışlı unisex Cüzdanı,LORİS POLO,Loris polo,559.99,,0,InStock,,,,,4.566666666666666,57,2,46,"[""Kargo Bedava"",""Trendyol Plus'a Özel""]",Tahmini Teslim:,refreshed,0,https://www.trendyol.com/loris-polo/viral-hakiki-deri-bol-kartlikli-kullanisli-unisex-cuzdani-p-1162735963?boutiqueId=61&merchantId=207458
erkek:erkek-parfum,137,568,88,23.6,6.4,985632924,347,985632924:347,Altınyıldız Classics Erkek AC Virtuel 100 Ml EDP Parfüm-Deodorant 150 Ml Duş Jeli 400 Ml Ahşap Kutulu Set Damat Bohçası,Altınyıldız Classics,Altınyıldız Classics,1199.99,,0,InStock,,,,,4.5,884,0,,"[""100 TL Kupon"",""Son 10 Günün En Düşük Fiyatı"",""Süper Fırsat Ürünü""]",Tahmini Teslim:,carried_forward,4,https://www.trendyol.com/altinyildiz-classics/erkek-ac-virtuel-100-ml-edp-parfum-deodorant-150-ml-dus-jeli-400-ml-ahsap-kutulu-set-damat-bohcasi-p-985632924?boutiqueId=61&merchantId=347
erkek:genel-erkek,181,181,88,26.5,3.5,77978363,1234176,77978363:1234176,W-Lab Cosmetics Madeleb Roll On 50 ml,W-Lab Cosmetics,W-Lab Cosmetics,399.9,,0,InStock,,,,,4.448083067092652,2070,-19,249,"[""Kargo Bedava""]",2 saat 48 dakika içinde sipariş verirsen en geç yarın kargoda!,refreshed,0,https://www.trendyol.com/w-lab-cosmetics/madeleb-roll-on-50-ml-p-77978363?boutiqueId=61&merchantId=1234176
erkek:genel-erkek,121,121,86,21.4,8.6,194182279,932912,194182279:932912,Wella Marka: Koleston Peroksit %6 Kategori: Saç Boyası,Wella,Wella,179.8,,19.9,InStock,,,,,4.621646623496762,471,0,18,"[""Sepette %50 İndirim"",""Süper Fırsat Ürünü"",""Kargo Bedava""]",Tahmini Teslim:,refreshed,0,https://www.trendyol.com/wella/marka-koleston-peroksit-6-kategori-sac-boyasi-p-194182279?boutiqueId=61&merchantId=932912
erkek:erkek-parfum,128,559,86,18.9,11.1,1152867973,690747,1152867973:690747,KORELYA Stick Katı Parfüm Milano Beyaz Gül 15 g | Çiçeksi Katı Parfüm,KORELYA,GELLO TR,399.9,,0,InStock,,,,,4,227,0,,"[""30 TL Kupon"",""Kargo Bedava""]",Tahmini Teslim:,carried_forward,4,https://www.trendyol.com/korelya/stick-kati-parfum-milano-beyaz-gul-15-g-ciceksi-kati-parfum-p-1152867973?boutiqueId=61&merchantId=690747
erkek:genel-erkek,88,88,85,22,8,35134640,1188,35134640:1188,Defacto Navy Erkek Aromatik 50 ml Parfüm L4179AZNS,Defacto,DeFacto,299.99,,0,InStock,,,,,4.45925925925926,558,-2,62,[],Tahmini Teslim:,refreshed,0,https://www.trendyol.com/defacto/navy-erkek-aromatik-50-ml-parfum-l4179azns-p-35134640?boutiqueId=61&merchantId=1188
erkek:genel-erkek,177,177,83,23.3,6.7,658954905,866819,658954905:866819,Gezer Islak Zemine Uygun İki Toka Ayarlanabilir Erkek Terlik,Gezer,Aybors,156.64,,0,InStock,,,,,3.920289855072464,812,-2,,"[""Kargo Bedava""]",Tahmini Teslim:,refreshed,0,https://www.trendyol.com/gezer/islak-zemine-uygun-iki-toka-ayarlanabilir-erkek-terlik-p-658954905?boutiqueId=61&merchantId=866819
erkek:erkek-parfum,146,577,81,21.3,11.4,763842194,1084211,763842194:1084211,Caldion Classic Erkek Parfüm EDT 50 ml,Caldion,TerteMis,224.99,231.3,,InStock,,,,,4.5,211,0,,"[""Son 10 Günün En Düşük Fiyatı""]",Tahmini Teslim:,carried_forward,4,https://www.trendyol.com/caldion/classic-erkek-parfum-edt-50-ml-p-763842194?boutiqueId=61&merchantId=1084211
erkek:genel-erkek,115,115,80,41.5,3.1,31431902,712258,31431902:712258,Agarta Saç Dökülmesine Karşı Bitkisel Tuzsuz Şampuan 400 ml (Biberiye özlü),Agarta,XPECTUS,170,199,0,InStock,,,,,4.328101644245142,2273,-6,707,"[""Son 10 Günün En Düşük Fiyatı"",""Sepette %30 İndirim"",""Sepette %29 İndirim"",""164,51 TL Kupon"",""Kargo Bedava"",""Son 10 günün en düşük fiyatı""]",2 saat 50 dakika içinde sipariş verirsen en geç yarın kargoda!,refreshed,0,https://www.trendyol.com/agarta/sac-dokulmesine-karsi-bitkisel-tuzsuz-sampuan-400-ml-biberiye-ozlu-p-31431902?boutiqueId=61&merchantId=712258
erkek:erkek-parfum,26,457,79,47,23,1136431563,1054304,1136431563:1054304,Lorien Weel Erkek Parfüm Afrodızyak Etkili - Extrait de Parfum 50 ml,Lorien Weel,Parfüm Online Mağaza,1350,,24.6,InStock,,,,,4,237,0,61,"[""Kargo Bedava""]",Tahmini Teslim:,carried_forward,3,https://www.trendyol.com/lorien-weel/erkek-parfum-afrodizyak-etkili-extrait-de-parfum-50-ml-p-1136431563?boutiqueId=61&merchantId=1054304
erkek:genel-erkek,123,123,77,23.2,6.8,857544555,203783,857544555:203783,BGK Unisex 8 Çift Pamuklu Basic Derbili Çorap (Siyah-Beyaz),BGK,BGK,199.99,,0,InStock,,,,,4.364383561643835,800,2,,"[""Sepette %1 İndirim"",""Kargo Bedava"",""Son 10 Günün En Düşük Fiyatı"",""Trendyol Plus'a Özel""]",Tahmini Teslim:,refreshed,0,https://www.trendyol.com/bgk/unisex-8-cift-pamuklu-basic-derbili-corap-siyah-beyaz-p-857544555?boutiqueId=61&merchantId=203783
erkek:erkek-parfum,86,517,77,24.8,5.2,37118926,1149965,37118926:1149965,Avon Musk Marine Erkek Parfüm Edt 75 Ml. İkili Set,Avon,AvonShop,657.4,,,InStock,,,,,4.5,1257,0,86,"[""Kargo Bedava""]",4 saat 19 dakika içinde sipariş verirsen en geç bugün kargoda!,carried_forward,4,https://www.trendyol.com/avon/musk-marine-erkek-parfum-edt-75-ml-ikili-set-p-37118926?boutiqueId=61&merchantId=1149965
erkek:genel-erkek,140,140,76,18.3,11.7,1064324886,1108553,1064324886:1108553,DİSNEY Uyku Arkadașınız Mavi ve pembe GÖNDERİM YAPILMAKTADIR,DİSNEY,HOMELIA,635,,-3.8,InStock,,,,,3.688427299703264,191,4,,"[""Kargo Bedava"",""615 TL Kupon"",""Trendyol Plus'a Özel""]",Tahmini Teslim:,refreshed,0,https://www.trendyol.com/disney/uyku-arkada-iniz-mavi-ve-pembe-gonderim-yapilmaktadir-p-1064324886?boutiqueId=61&merchantId=1108553
erkek:genel-erkek,116,116,75,39.6,10.1,1111635159,165925,1111635159:165925,COMBİNE MİCHAİL Erkek Rahat Yazlık Siyah Bol Keten Pantolon,COMBİNE MİCHAİL,COMBINE MICHAIL,399.9,498,0,InStock,,,,,3.5079872204472844,305,7,571,"[""100 TL Kupon"",""Kargo Bedava"",""Son 10 Günün En Düşük Fiyatı"",""Süper Fırsat Ürünü"",""Trendyol Plus'a Özel""]",,refreshed,0,https://www.trendyol.com/combine-michail/erkek-rahat-yazlik-siyah-bol-keten-pantolon-p-1111635159?boutiqueId=61&merchantId=165925
erkek:genel-erkek,131,131,74,27.8,2.2,37811505,324694,37811505:324694,Bioxcin Saç Dökülmesine Karşı Siyah Sarımsak 300 ml 3 Al 2 Öde Şampuan,Bioxcin,Renk AVM Kozmetik,440,,-0.9,InStock,,,,,4.398737331782688,2951,-13,857,"[""Kargo Bedava""]",2 saat 49 dakika içinde sipariş verirsen en geç yarın kargoda!,refreshed,0,https://www.trendyol.com/bioxcin/sac-dokulmesine-karsi-siyah-sarimsak-300-ml-3-al-2-ode-sampuan-p-37811505?boutiqueId=61&merchantId=324694
erkek:genel-erkek,155,155,73,36.2,5,748598700,347,748598700:347,AC&Co / Altınyıldız Classics Erkek %100 Pamuk V Yaka Siyah Slim Fit Dar Kesim Tişört,AC&Co / Altınyıldız Classics,Altınyıldız Classics,304.67,342.99,-11.2,InStock,,,,,4.638794854434665,1314,-11,24,"[""100 TL Kupon"",""Son 10 Günün En Düşük Fiyatı"",""Kargo Bedava"",""Trendyol Plus'a Özel""]",2 saat 49 dakika içinde sipariş verirsen en geç yarın kargoda!,refreshed,0,https://www.trendyol.com/ac-co-altinyildiz-classics/erkek-100-pamuk-v-yaka-siyah-slim-fit-dar-kesim-tisort-p-748598700?boutiqueId=61&merchantId=347
erkek:genel-erkek,137,137,72,28.6,1.4,831432424,1279865,831432424:1279865,Embeauty Kolajen Ve Keratin Saç Dökülmesine Karşı Hızlı Sac Uzatan Dolgunlaştırıcı Besleyici Şampuan 2li Set,Embeauty,Viel Kozmetik,749,,0,InStock,,,,,4.217952024761415,3751,4,1586,"[""Kargo Bedava"",""Trendyol Plus'a Özel""]",Tahmini Teslim:,refreshed,0,https://www.trendyol.com/embeauty/kolajen-ve-keratin-sac-dokulmesine-karsi-hizli-sac-uzatan-dolgunlastirici-besleyici-sampuan-2li-set-p-831432424?boutiqueId=61&merchantId=1279865
erkek:erkek-parfum,20,451,72,63.8,21.2,37119004,1149965,37119004:1149965,Avon Perceive Erkek Parfüm Edt 100 Ml. İkili Set,Avon,AvonShop,1082.4,,,InStock,,,,,4.5,949,0,93,"[""Kargo Bedava""]",4 saat 20 dakika içinde sipariş verirsen en geç bugün kargoda!,carried_forward,3,https://www.trendyol.com/avon/perceive-erkek-parfum-edt-100-ml-ikili-set-p-37119004?boutiqueId=61&merchantId=1149965
erkek:erkek-parfum,27,458,72,96.3,19.1,279693229,122143,279693229:122143,"Imprime Antique Edp Erkek Parfüm 100ml | Odunsu Ve Çiçeksi | Iris, Vetiver, Vanilya, Sedir Ağacı",Imprime,AYLİS,625,1199,-47.9,InStock,,,,,4,631,0,156,"[""Kargo Bedava"",""Son 10 Günün En Düşük Fiyatı"",""Süper Fırsat Ürünü""]",Tahmini Teslim:,carried_forward,3,https://www.trendyol.com/imprime/antique-edp-erkek-parfum-100ml-odunsu-ve-ciceksi-iris-vetiver-vanilya-sedir-agaci-p-279693229?boutiqueId=61&merchantId=122143
erkek:genel-erkek,100,100,71,9.6,20.4,1059118769,104764,1059118769:104764,adidas Günlük Kullanıma Uygun Sırt ve Okul Çantası İlkokul Ortaokul Lise Çantası,adidas,Sarıyıldız Spor,3665.9,,,InStock,,,,,4.739130434782608,15,8,8,"[""350 TL Kupon"",""Kargo Bedava""]",,refreshed,0,https://www.trendyol.com/adidas/gunluk-kullanima-uygun-sirt-ve-okul-cantasi-ilkokul-ortaokul-lise-cantasi-p-1059118769?boutiqueId=61&merchantId=104764
erkek:erkek-parfum,60,491,71,66.9,13.1,115466579,138065,115466579:138065,Bargello 760 UNISEX PARFÜM EDP ORIENTAL 50 ml,Bargello,Bargello,300,600,0,InStock,,,,,4.1,128,0,133,"[""Süper Fırsat Ürünü""]",Tahmini Teslim:,carried_forward,3,https://www.trendyol.com/bargello/760-unisex-parfum-edp-oriental-50-ml-p-115466579?boutiqueId=61&merchantId=138065
erkek:erkek-parfum,97,528,70,23.9,6.1,2679823,887208,2679823:887208,Avon Perceive Erkek Parfüm 100 Ml. ve Full Speed Erkek Parfüm 100 Ml. İkili Paket,Avon,AvonShop,1126.28,,,InStock,,,,,4.5,982,0,70,"[""40 TL Kupon"",""Kargo Bedava""]",4 saat 18 dakika içinde sipariş verirsen en geç bugün kargoda!,carried_forward,4,https://www.trendyol.com/avon/perceive-erkek-parfum-100-ml-ve-full-speed-erkek-parfum-100-ml-ikili-paket-p-2679823?boutiqueId=61&merchantId=887208
erkek:erkek-parfum,184,615,70,8.6,21.4,1111178965,285716,1111178965:285716,Loris U-26 Frequence Unisex Parfüm EDP 50 ML,Loris,LORİS PARFUM,599.9,,0,InStock,,,,,4.7,11,0,,"[""Kargo Bedava""]",Tahmini Teslim:,carried_forward,4,https://www.trendyol.com/loris/u-26-frequence-unisex-parfum-edp-50-ml-p-1111178965?boutiqueId=61&merchantId=285716
erkek:genel-erkek,154,154,70,76.7,1.3,742234279,318526,742234279:318526,WOU World of Unique Wou Ter Önleyici Beyazlatıcı Roll-On Deodorant 75 ml,WOU World of Unique,WOU World of Unique,181.9,349.9,-6,InStock,,,,,4.497129348193178,3878,-23,447,"[""Son 10 Günün En Düşük Fiyatı"",""Süper Fırsat Ürünü"",""Kargo Bedava"",""Son 10 günün en düşük fiyatı""]",Tahmini Teslim:,refreshed,0,https://www.trendyol.com/wou-world-of-unique/wou-ter-onleyici-beyazlatici-roll-on-deodorant-75-ml-p-742234279?boutiqueId=61&merchantId=318526
erkek:genel-erkek,87,87,69,26.9,3.1,819543890,106292,819543890:106292,Tonny Black Unisex Siyah Beyaz Nefes Alabilen Kumaş Poli Taban Bağcıklı Spor Ayakkabı,Tonny Black,Tonny Black,869.95,,0,InStock,,,,,4.429365733113674,2297,7,312,"[""Sepette %30 İndirim"",""50 TL Kupon"",""Kargo Bedava"",""Süper Fırsat Ürünü""]",2 saat 50 dakika içinde sipariş verirsen en geç yarın kargoda!,refreshed,0,https://www.trendyol.com/tonny-black/unisex-siyah-beyaz-nefes-alabilen-kumas-poli-taban-bagcikli-spor-ayakkabi-p-819543890?boutiqueId=61&merchantId=106292
erkek:genel-erkek,13,13,69,139,60.2,41708616,138065,41708616:138065,Bargello 561 Erkek 50 ml Parfüm Edp Fresh,Bargello,Bargello,370,600,-38.3,InStock,Son 3 günde 1B+ ürün satıldı!,3,1000,333.3,4.508657825829885,5706,-1,2021,"[""Kargo Bedava"",""Son 10 Günün En Düşük Fiyatı"",""Süper Fırsat Ürünü""]",,refreshed,0,https://www.trendyol.com/bargello/561-erkek-50-ml-parfum-edp-fresh-p-41708616?boutiqueId=61&merchantId=138065
erkek:erkek-parfum,130,561,68,14.4,15.6,355109721,674296,355109721:674296,Mad Parfüm Mad P109 Selective 100 ml Erkek Parfüm,Mad Parfüm,MAD PARFÜM,899.99,,0,InStock,,,,,4.2,62,0,,"[""Kargo Bedava""]",Tahmini Teslim:,carried_forward,4,https://www.trendyol.com/mad-parfum/mad-p109-selective-100-ml-erkek-parfum-p-355109721?boutiqueId=61&merchantId=674296
erkek:genel-erkek,187,187,67,24.7,5.3,48063517,139340,48063517:139340,dp Daily Perfection Çam Terebentin Tuzsuz Şampuan 800 ml,dp Daily Perfection,dp Daily Perfection,142.55,,-10.8,InStock,,,,,4.391324200913242,1225,2,413,"[""Kargo Bedava""]",2 saat 48 dakika içinde sipariş verirsen en geç yarın kargoda!,refreshed,0,https://www.trendyol.com/dp-daily-perfection/cam-terebentin-tuzsuz-sampuan-800-ml-p-48063517?boutiqueId=61&merchantId=139340
erkek:genel-erkek,184,184,67,58.6,7.8,112325742,109331,112325742:109331,Deotak Soft Hassas Koruma Krem Deodorant 7 Güne Kadar Etkili Hassas Ciltler İçin Unisex,Deotak,Mutlu Fiyatlar,127.2,199.97,0,InStock,,,,,4.452316076294278,599,1,143,"[""Son 10 Günün En Düşük Fiyatı"",""Süper Fırsat Ürünü"",""Kargo Bedava"",""Son 10 günün en düşük fiyatı""]",2 saat 48 dakika içinde sipariş verirsen en geç yarın kargoda!,refreshed,0,https://www.trendyol.com/deotak/soft-hassas-koruma-krem-deodorant-7-gune-kadar-etkili-hassas-ciltler-icin-unisex-p-112325742?boutiqueId=61&merchantId=109331
erkek:genel-erkek,107,107,66,15,15,1163608704,1276237,1163608704:1276237,VIATOX LS-2018 Yarasa Çok Gözlü Geniş Hacimli Terletmeyen Ortopedik Sırt Destekli Lise Ortaokul Okul Çantas,VIATOX,SEDEF-ÇANTA,787.4,,-12.5,InStock,,,,,4.68125,75,12,51,"[""Kargo Bedava""]",2 saat 50 dakika içinde sipariş verirsen en geç yarın kargoda!,refreshed,0,https://www.trendyol.com/viatox/ls-2018-yarasa-cok-gozlu-genis-hacimli-terletmeyen-ortopedik-sirt-destekli-lise-ortaokul-okul-cantas-p-1163608704?boutiqueId=61&merchantId=1276237
erkek:genel-erkek,124,124,66,28.7,1.3,774604752,685691,774604752:685691,wamoss Erkek Yeni Sezon Baggy Pantolon Mbg 2026,wamoss,Wamoss,677.6,,0,InStock,,,,,4.096046598091461,3898,1,10000,"[""100 TL Kupon"",""Kargo Bedava"",""Trendyol Plus'a Özel""]",2 saat 49 dakika içinde sipariş verirsen en geç yarın kargoda!,refreshed,0,https://www.trendyol.com/wamoss/erkek-yeni-sezon-baggy-pantolon-mbg-2026-p-774604752?boutiqueId=61&merchantId=685691
erkek:genel-erkek,198,198,64,24.3,5.7,272280146,496056,272280146:496056,Monalisa 20 Adet Kadın Siyah Ince Lastik Toka,Monalisa,Monalisa Toka,34.9,,41.1,InStock,,,,,3.477643345607575,1094,0,60,"[""Kargo Bedava""]",2 saat 48 dakika içinde sipariş verirsen en geç yarın kargoda!,refreshed,0,https://www.trendyol.com/monalisa/20-adet-kadin-siyah-ince-lastik-toka-p-272280146?boutiqueId=61&merchantId=496056
erkek:genel-erkek,205,205,64,24.8,5.2,867246646,767249,867246646:767249,Çorap Çekmecesi Pamuklu Düz Beyaz Tenis Çorap 12'li,Çorap Çekmecesi,ÇORAP ÇEKMECESİ,294.52,,-9.4,InStock,,,,,4.447255741533671,1266,0,,"[""Kargo Bedava""]",Tahmini Teslim:,refreshed,0,https://www.trendyol.com/corap-cekmecesi/pamuklu-duz-beyaz-tenis-corap-12-li-p-867246646?boutiqueId=61&merchantId=767249
erkek:erkek-parfum,84,515,64,21.4,8.6,748557583,401068,748557583:401068,Farmasi SHOOTERS MAN EDP ERKEK PARFÜMÜ 100 ML,Farmasi,dilekk kozmetikk,890,,0.1,InStock,,,,,4.5,473,0,61,"[""Kargo Bedava""]",Tahmini Teslim:,carried_forward,3,https://www.trendyol.com/farmasi/shooters-man-edp-erkek-parfumu-100-ml-p-748557583?boutiqueId=61&merchantId=401068
erkek:genel-erkek,64,64,63,25.4,19.2,891039892,930422,891039892:930422,vast çorap Beyaz Patik Çorap 10 Çift Ekonomik Paket,vast çorap,vast socks,159.9,,6.7,InStock,Son 3 günde 250+ ürün satıldı!,3,250,83.3,4.116564417177914,448,0,58,"[""Kargo Bedava""]",2 saat 51 dakika içinde sipariş verirsen en geç yarın kargoda!,refreshed,0,https://www.trendyol.com/vast-corap/beyaz-patik-corap-10-cift-ekonomik-paket-p-891039892?boutiqueId=61&merchantId=930422
erkek:genel-erkek,132,132,61,21,9,354098882,674296,354098882:674296,Mad Parfüm Mad W191 Selective 50 ml Erkek Parfüm,Mad Parfüm,MAD PARFÜM,599.99,,0,InStock,,,,,4.308913308913309,424,1,184,"[""Kargo Bedava""]",2 saat 49 dakika içinde sipariş verirsen en geç yarın kargoda!,refreshed,0,https://www.trendyol.com/mad-parfum/mad-w191-selective-50-ml-erkek-parfum-p-354098882?boutiqueId=61&merchantId=674296
erkek:genel-erkek,207,207,61,33.4,4.9,664893385,347,664893385:347,AC&Co / Altınyıldız Classics Erkek Haki Slim Fit Dar Kesim %100 Pamuk Kıvrılmaz Polo Yaka Tişört,AC&Co / Altınyıldız Classics,Altınyıldız Classics,458.73,499.99,-8.3,InStock,,,,,4.507554733271662,1372,0,31,"[""100 TL Kupon"",""Son 10 Günün En Düşük Fiyatı"",""Kargo Bedava"",""Trendyol Plus'a Özel""]",2 saat 48 dakika içinde sipariş verirsen en geç yarın kargoda!,refreshed,0,https://www.trendyol.com/ac-co-altinyildiz-classics/erkek-haki-slim-fit-dar-kesim-100-pamuk-kivrilmaz-polo-yaka-tisort-p-664893385?boutiqueId=61&merchantId=347
erkek:erkek-parfum,39,470,61,24,13.5,82539895,347,82539895:347,Altınyıldız Classics Erkek AC Virtuel EDP Parfüm (100 ML),Altınyıldız Classics,Altınyıldız Classics,549.99,,0,InStock,,,,,4.3,555,0,33,"[""Son 10 Günün En Düşük Fiyatı""]",Tahmini Teslim:,carried_forward,3,https://www.trendyol.com/altinyildiz-classics/erkek-ac-virtuel-edp-parfum-100-ml-p-82539895?boutiqueId=61&merchantId=347
erkek:erkek-parfum,183,614,61,11.7,18.3,1106742735,674296,1106742735:674296,Mad Parfüm Mad Leather Elixir Prestige 50 ml Erkek Parfüm,Mad Parfüm,MAD PARFÜM,999.99,,0,InStock,,,,,4.2,28,0,,"[""Kargo Bedava""]",14 saat 15 dakika içinde sipariş verirsen en geç yarın kargoda!,carried_forward,4,https://www.trendyol.com/mad-parfum/mad-leather-elixir-prestige-50-ml-erkek-parfum-p-1106742735?boutiqueId=61&merchantId=674296
erkek:genel-erkek,106,106,60,16.5,13.5,938076329,1327762,938076329:1327762,Getir Ali SB Dunk Low Kaydırmaz Taban Spor Ayakkabı DAR KALIP BİR BEDEN BÜYÜK ALINIZ,Getir Ali,Macilya Spor,642.67,,,InStock,,,,,3.6179775280898876,115,9,204,"[""Kargo Bedava""]",2 saat 50 dakika içinde sipariş verirsen en geç yarın kargoda!,refreshed,0,https://www.trendyol.com/getir-ali/sb-dunk-low-kaydirmaz-taban-spor-ayakkabi-dar-kalip-bir-beden-buyuk-aliniz-p-938076329?boutiqueId=61&merchantId=1327762
erkek:genel-erkek,125,125,60,4.8,25.2,1180575803,1188,1180575803:1188,Defacto Erkek 7'li Pamuklu Patik Çorap I2943AXNS,Defacto,DeFacto,399.99,,0,InStock,,,,,4.2,3,1,2,"[""Sepette %50 İndirim"",""Süper Fırsat Ürünü""]",Tahmini Teslim:,refreshed,0,https://www.trendyol.com/defacto/erkek-7-li-pamuklu-patik-corap-i2943axns-p-1180575803?boutiqueId=61&merchantId=1188
erkek:genel-erkek,80,80,60,56.4,1.2,37357965,347,37357965:347,AC&Co / Altınyıldız Classics Erkek Çekmeyen Pamuklu Kumaş Slim Fit Dar Kesim Gri Kıvrılmaz Polo Yaka Tişört,AC&Co / Altınyıldız Classics,Altınyıldız Classics,340.41,469.99,-21.6,InStock,,,,,4.545465641401196,4008,,42,"[""100 TL Kupon"",""Son 10 Günün En Düşük Fiyatı"",""Süper Fırsat Ürünü"",""Trendyol Plus'a Özel""]",2 saat 50 dakika içinde sipariş verirsen en geç yarın kargoda!,refreshed,0,https://www.trendyol.com/ac-co-altinyildiz-classics/erkek-cekmeyen-pamuklu-kumas-slim-fit-dar-kesim-gri-kivrilmaz-polo-yaka-tisort-p-37357965?boutiqueId=61&merchantId=347
erkek:erkek-parfum,19,450,60,60.4,27.1,729677950,117151,729677950:117151,Bargello Promosyon Babalar Günü Erkek 50 ml Parfüm Edp Bgy,Bargello,ONLİNE PARFUM,300,,0,InStock,,,,,4.5,196,0,66,[],7 saat 20 dakika içinde sipariş verirsen en geç bugün kargoda!,carried_forward,3,https://www.trendyol.com/bargello/promosyon-babalar-gunu-erkek-50-ml-parfum-edp-bgy-p-729677950?boutiqueId=61&merchantId=117151
erkek:erkek-parfum,61,492,60,21.2,8.8,184262136,112651,184262136:112651,Poloair Plesant Black Erkek Parfüm Eau De Toılette 50 Ml Men Plp-2024e1,Poloair,marka7,429.9,,0,InStock,,,,,4.4,442,0,101,"[""Kargo Bedava""]",3 saat 19 dakika içinde sipariş verirsen en geç bugün kargoda!,carried_forward,3,https://www.trendyol.com/poloair/plesant-black-erkek-parfum-eau-de-toilette-50-ml-men-plp-2024e1-p-184262136?boutiqueId=61&merchantId=112651
erkek:erkek-parfum,66,497,58,65.7,12.6,302132379,1124648,302132379:1124648,"Pierre Cardin Comme Le Roi EDP Erkek Parfüm 100 ml|Odunsu, Fresh|Biber, Limon, Lavanta, Sedir Ağacı, Kehribar",Pierre Cardin,Pierre Cardin Parfum,1549,2995,-1.3,InStock,,,,,3.7,148,0,35,"[""Kargo Bedava"",""Son 10 Günün En Düşük Fiyatı"",""Süper Fırsat Ürünü""]",14 saat 22 dakika içinde sipariş verirsen en geç yarın kargoda!,carried_forward,22,https://www.trendyol.com/pierre-cardin/comme-le-roi-edp-erkek-parfum-100-ml-odunsu-fresh-biber-limon-lavanta-sedir-agaci-kehribar-p-302132379?boutiqueId=61&merchantId=1124648
erkek:erkek-parfum,57,488,57,29.9,8.4,2158242,105053,2158242:105053,Avon Elite Gentleman in Black Erkek Parfüm Edt 75 Ml.,Avon,HERŞEYCOM,570.97,622.9,-26.7,InStock,,,,,4.4,502,0,56,"[""Kargo Bedava"",""Son 10 Günün En Düşük Fiyatı""]",Tahmini Teslim:,carried_forward,3,https://www.trendyol.com/avon/elite-gentleman-in-black-erkek-parfum-edt-75-ml-p-2158242?boutiqueId=61&merchantId=105053
erkek:genel-erkek,200,200,56,13.5,16.5,944404067,1084664,944404067:1084664,don joy Erkek 5'li Pamuklu Likralı Penye Beli Lastikli Siyah Boxer,don joy,Donjoy Fashion,305,,0,InStock,,,,,4.24,48,4,24,"[""Sepette %2 İndirim"",""Kargo Bedava"",""Trendyol Plus'a Özel""]",2 saat 48 dakika içinde sipariş verirsen en geç yarın kargoda!,refreshed,0,https://www.trendyol.com/don-joy/erkek-5-li-pamuklu-likrali-penye-beli-lastikli-siyah-boxer-p-944404067?boutiqueId=61&merchantId=1084664
erkek:genel-erkek,117,117,55,24.5,5.5,354100361,674296,354100361:674296,Mad Parfüm Mad W174 Selective 50 ml Erkek Parfüm,Mad Parfüm,MAD PARFÜM,599.99,,0,InStock,,,,,4.416892502258356,1154,0,509,"[""Kargo Bedava""]",2 saat 50 dakika içinde sipariş verirsen en geç yarın kargoda!,refreshed,0,https://www.trendyol.com/mad-parfum/mad-w174-selective-50-ml-erkek-parfum-p-354100361?boutiqueId=61&merchantId=674296
erkek:genel-erkek,150,150,53,20.3,9.7,794014783,895323,794014783:895323,glabella Aventus G45 Muadil Edp Erkek Parfüm,glabella,Glabella Kozmetik,699,,0,InStock,,,,,3.8701298701298703,341,2,,"[""Kargo Bedava""]",Tahmini Teslim:,refreshed,0,https://www.trendyol.com/glabella/aventus-g45-muadil-edp-erkek-parfum-p-794014783?boutiqueId=61&merchantId=895323
erkek:genel-erkek,83,83,53,59.6,6.9,137041679,139435,137041679:139435,"Tudors Erkek 3,5 cm Klasik Siyah Kemer",Tudors,Tudors,272.6,429.41,-37.5,InStock,,,,,4.4845788849347565,764,,373,"[""Son 10 Günün En Düşük Fiyatı"",""Süper Fırsat Ürünü"",""Trendyol Plus'a Özel""]",,refreshed,0,https://www.trendyol.com/tudors/erkek-3-5-cm-klasik-siyah-kemer-p-137041679?boutiqueId=61&merchantId=139435
erkek:erkek-parfum,135,566,51,24.7,13.8,305114,179281,305114:179281,Joop Homme Bay Parfüm 125 ml Resmi Distribütör,Joop,Rossmann,1446,1580,-8.5,InStock,,,,,3.9,105,0,67,"[""Kargo Bedava"",""Son 10 Günün En Düşük Fiyatı""]",14 saat 18 dakika içinde sipariş verirsen en geç yarın kargoda!,carried_forward,4,https://www.trendyol.com/joop/homme-bay-parfum-125-ml-resmi-distributor-p-305114?boutiqueId=61&merchantId=179281
erkek:genel-erkek,92,92,51,30.7,0,66684752,916075,66684752:916075,Tutku 8'li Fırsat Ürünü! Erkek Penye Havlu Bel Boxer Karışık Renk,Tutku,TUTKU ELİT,631,,0.5,InStock,,,,,4.556575561582864,6936,-12,2785,"[""Kargo Bedava""]",2 saat 50 dakika içinde sipariş verirsen en geç yarın kargoda!,refreshed,0,https://www.trendyol.com/tutku/8-li-firsat-urunu-erkek-penye-havlu-bel-boxer-karisik-renk-p-66684752?boutiqueId=61&merchantId=916075
erkek:genel-erkek,201,201,50,23,7,839590525,757582,839590525:757582,Gillette Venus İntim Bölge Tıraş Makinesi Kadın,Gillette Venus,eczamall,478.8,,,InStock,,,,,4.008992805755396,759,1,567,"[""Kargo Bedava""]",2 saat 48 dakika içinde sipariş verirsen en geç yarın kargoda!,refreshed,0,https://www.trendyol.com/gillette-venus/intim-bolge-tiras-makinesi-kadin-p-839590525?boutiqueId=61&merchantId=757582
erkek:genel-erkek,173,173,49,47.6,6.4,1068908,261095,1068908:261095,Bioxcin Forte 300 ml Şampuan - Yoğun Dökülme Şampuanı Tüm Saç Tipleri,Bioxcin,Evdeki Eczanem,243,319.9,0,InStock,,,,,4.3485254691689,893,0,439,"[""Son 10 Günün En Düşük Fiyatı"",""Süper Fırsat Ürünü"",""Sepette %20 İndirim"",""Sepette %30 İndirim"",""Kargo Bedava"",""Son 10 günün en düşük fiyatı""]",2 saat 48 dakika içinde sipariş verirsen en geç yarın kargoda!,refreshed,0,https://www.trendyol.com/bioxcin/forte-300-ml-sampuan-yogun-dokulme-sampuani-tum-sac-tipleri-p-1068908?boutiqueId=61&merchantId=261095
erkek:genel-erkek,138,138,49,22.7,7.3,34080028,111767,34080028:111767,"LENOVO Gx40q17229 Case 15.6"" Toploader T210 Notebook Çantası Siyah",LENOVO,YUROMER,949,,,InStock,,,,,4.718446601941747,680,-4,83,"[""Kargo Bedava"",""Sepette %5 İndirim"",""Sepette %3 İndirim""]",Tahmini Teslim:,refreshed,0,https://www.trendyol.com/lenovo/gx40q17229-case-15-6-toploader-t210-notebook-cantasi-siyah-p-34080028?boutiqueId=61&merchantId=111767
erkek:genel-erkek,114,114,49,25.7,4.3,246353028,640343,246353028:640343,Tutku Erkek Elastan Likralı Boxer 6'lı Paket.,Tutku,B YOU LİFE,480,,0,InStock,,,,,4.452100332426714,1650,-8,785,"[""Kargo Bedava""]",2 saat 50 dakika içinde sipariş verirsen en geç yarın kargoda!,refreshed,0,https://www.trendyol.com/tutku/erkek-elastan-likrali-boxer-6-li-paket-p-246353028?boutiqueId=61&merchantId=640343
erkek:genel-erkek,84,84,48,32.1,0,317808401,139435,317808401:139435,Tudors Slim Fit Uzun Kollu Kolay Ütülenebilir Ter Konforu Sağlayan Kravatlık Dört Mevsim Siyah Erkek Gömlek,Tudors,Tudors,367.66,,0,InStock,,,,,4.5044123754152805,10371,-4,,"[""100 TL Kupon"",""Kargo Bedava"",""Trendyol Plus'a Özel""]",2 saat 50 dakika içinde sipariş verirsen en geç yarın kargoda!,refreshed,0,https://www.trendyol.com/tudors/slim-fit-uzun-kollu-kolay-utulenebilir-ter-konforu-saglayan-kravatlik-dort-mevsim-siyah-erkek-gomlek-p-317808401?boutiqueId=61&merchantId=139435
erkek:genel-erkek,103,103,47,20.4,9.6,1056404038,294,1056404038:294,Kiğılı Düz Kartlık Para Bölmeli Hediye Kutulu Cüzdan,Kiğılı,Kiğılı,899,,0,InStock,,,,,4.661228406909789,357,5,382,"[""100 TL Kupon"",""Süper Fırsat Ürünü"",""Kargo Bedava""]",Tahmini Teslim:,refreshed,0,https://www.trendyol.com/kigili/duz-kartlik-para-bolmeli-hediye-kutulu-cuzdan-p-1056404038?boutiqueId=61&merchantId=294
erkek:genel-erkek,126,126,47,23.9,6.1,818221025,131861,818221025:131861,Çantaland 5 Bölmeli Lüx Krinkıl Kumaş Lise Ve Ortaokul Sırt Çantası + Maymun Anahtarlık Hediyeli,Çantaland,Çantaland,1299.9,,0,InStock,,,,,4.811629315566323,976,3,329,"[""Sepette %2 İndirim"",""Kargo Bedava"",""50 TL Kupon"",""787,40 TL Kupon"",""Peşin Fiyatına 3 Taksit""]",Tahmini Teslim:,refreshed,0,https://www.trendyol.com/cantaland/5-bolmeli-lux-krinkil-kumas-lise-ve-ortaokul-sirt-cantasi-maymun-anahtarlik-hediyeli-p-818221025?boutiqueId=61&merchantId=131861
erkek:genel-erkek,234,234,47,22.6,7.4,859198980,203783,859198980:203783,BGK Unisex Siyah Kolej Düz Desensiz Çorap 6 Adet,BGK,BGK,199.99,,0,InStock,,,,,4.213137665967855,669,2,33,"[""Kargo Bedava""]",Tahmini Teslim:,refreshed,0,https://www.trendyol.com/bgk/unisex-siyah-kolej-duz-desensiz-corap-6-adet-p-859198980?boutiqueId=61&merchantId=203783
erkek:genel-erkek,45,45,47,24.5,37.2,1146166946,1219418,1146166946:1219418,"Prolush Koltuk Altı, Ter Kokusu Önleyici, Antiperspirant Beyazlatıcı Etkili, Ton Eşitleyici Unisex Roll On 50 ml",Prolush,DermaNova,336.51,,0,InStock,Son 3 günde 500+ ürün satıldı!,3,500,166.7,4.54421768707483,103,1,59,"[""Kargo Bedava""]",2 saat 51 dakika içinde sipariş verirsen en geç yarın kargoda!,refreshed,0,https://www.trendyol.com/prolush/koltuk-alti-ter-kokusu-onleyici-antiperspirant-beyazlatici-etkili-ton-esitleyici-unisex-roll-on-50-ml-p-1146166946?boutiqueId=61&merchantId=1219418
erkek:genel-erkek,82,82,47,25,6,988843804,1139230,988843804:1139230,Manga 6'lı Askılı Likralı Pamuklu Erkek Atlet,Manga,Manga içgiyim,308.68,311.8,-1,InStock,,,,,4.028334786399302,1007,1,328,"[""100 TL Kupon"",""Son 10 Günün En Düşük Fiyatı""]",,refreshed,0,https://www.trendyol.com/manga/6-li-askili-likrali-pamuklu-erkek-atlet-p-988843804?boutiqueId=61&merchantId=1139230
erkek:erkek-parfum,79,510,47,17.6,12.4,788698635,1332930,788698635:1332930,Genel Markalar 9 Pm Edp 100 ml Parfüm,Genel Markalar,Yuvamore,1443,,,InStock,,,,,4.4,156,0,58,"[""Kargo Bedava""]",Tahmini Teslim:,carried_forward,7,https://www.trendyol.com/genel-markalar/9-pm-edp-100-ml-parfum-p-788698635?boutiqueId=61&merchantId=1332930
erkek:genel-erkek,129,129,46,19.7,10.3,861312291,145455,861312291:145455,Bic Flex 5 Hybrid Tıraş Bıçağı Seti 1 Gövde + 10 Yedek Başlık 5 Bıçaklı Erkek Tıraş Bıçağı,Bic,A Pazar,639.9,,0,InStock,,,,,4.670087976539589,289,5,46,"[""Kargo Bedava"",""Trendyol Plus'a Özel""]",2 saat 49 dakika içinde sipariş verirsen en geç yarın kargoda!,refreshed,0,https://www.trendyol.com/bic/flex-5-hybrid-tiras-bicagi-seti-1-govde-10-yedek-baslik-5-bicakli-erkek-tiras-bicagi-p-861312291?boutiqueId=61&merchantId=145455
erkek:erkek-parfum,134,565,46,19.6,12,464894892,487426,464894892:487426,LYNX Çikolata Parfüm 125 ml,LYNX,NİLÜFER KOZMETİK,189,192,0,InStock,,,,,3.7,178,0,43,[],14 saat 18 dakika içinde sipariş verirsen en geç yarın kargoda!,carried_forward,4,https://www.trendyol.com/lynx/cikolata-parfum-125-ml-p-464894892?boutiqueId=61&merchantId=487426
erkek:genel-erkek,210,210,46,23.8,6.2,43849770,110964,43849770:110964,"Tereson El,ayak, Koltuk Altı Terleme Önleyici Ve Ter Kokusuna Karşı Koruma Antiperspirant Sprey 2x50 ml",Tereson,Tereson,257.38,,-42.5,InStock,,,,,4.419113987058238,949,-2,389,[],2 saat 48 dakika içinde sipariş verirsen en geç yarın kargoda!,refreshed,0,https://www.trendyol.com/tereson/el-ayak-koltuk-alti-terleme-onleyici-ve-ter-kokusuna-karsi-koruma-antiperspirant-sprey-2x50-ml-p-43849770?boutiqueId=61&merchantId=110964
erkek:genel-erkek,136,136,45,21.2,8.8,946351657,176972,946351657:176972,DNZGÜLCAN Talu Kapşonlu Kadın Ve Erkek Bornoz %100 Pamuk | Dayanıklı | Hızlı Kuruma | Yumuşacık Konfor,DNZGÜLCAN,DNZGÜLCAN,690,,0,InStock,,,,,4.2661498708010335,452,4,335,"[""Kargo Bedava""]",Tahmini Teslim:,refreshed,0,https://www.trendyol.com/dnzgulcan/talu-kapsonlu-kadin-ve-erkek-bornoz-100-pamuk-dayanikli-hizli-kuruma-yumusacik-konfor-p-946351657?boutiqueId=61&merchantId=176972
erkek:erkek-parfum,35,466,45,57.5,28.3,700459534,301311,700459534:301311,Bargello 618 Erkek Parfüm Oriental 50 Ml Edp,Bargello,Bargello Parfüm Center,370,600,0,InStock,,,,,4.4,13,0,8,"[""Kargo Bedava""]",6 saat 20 dakika içinde sipariş verirsen en geç bugün kargoda!,carried_forward,3,https://www.trendyol.com/bargello/618-erkek-parfum-oriental-50-ml-edp-p-700459534?boutiqueId=61&merchantId=301311
erkek:erkek-parfum,207,638,45,15,15,901997119,285716,901997119:285716,Loris Aqua Woods Parfüm 100 ML,Loris,LORİS PARFUM,1249,,31.6,InStock,,,,,4.3,75,0,,"[""Kargo Bedava""]",2 saat 15 dakika içinde sipariş verirsen en geç bugün kargoda!,carried_forward,4,https://www.trendyol.com/loris/aqua-woods-parfum-100-ml-p-901997119?boutiqueId=61&merchantId=285716
erkek:erkek-parfum,52,483,44,20.2,9.8,306301998,301311,306301998:301311,Bargello 575 Erkek Parfüm Woody 50 ML EDP,Bargello,Bargello Parfüm Center,600,,0,InStock,,,,,4.5,332,0,287,"[""Kargo Bedava""]",Tahmini Teslim:,carried_forward,3,https://www.trendyol.com/bargello/575-erkek-parfum-woody-50-ml-edp-p-306301998?boutiqueId=61&merchantId=301311
erkek:erkek-parfum,109,540,44,18.3,11.7,354102035,674296,354102035:674296,Mad Parfüm Mad Gumin 100 ml Erkek Parfüm | Bergamot - Odunsu - Enerjik,Mad Parfüm,MAD PARFÜM,2299.99,,0,InStock,,,,,4.2,195,0,107,"[""Kargo Bedava""]",Tahmini Teslim:,carried_forward,3,https://www.trendyol.com/mad-parfum/mad-gumin-100-ml-erkek-parfum-bergamot-odunsu-enerjik-p-354102035?boutiqueId=61&merchantId=674296
erkek:erkek-parfum,215,646,44,24.1,5.9,36687121,119552,36687121:119552,Horus Nefertem Aphrodisiaque Erkek Parfümü Edp 100 ml Afro Extraid De Parfüm,Horus Nefertem,Tekin Cosmetics,1743.9,,0,InStock,,,,,4.2,1039,0,,"[""75 TL Kupon"",""Kargo Bedava""]",Tahmini Teslim:,carried_forward,4,https://www.trendyol.com/horus-nefertem/aphrodisiaque-erkek-parfumu-edp-100-ml-afro-extraid-de-parfum-p-36687121?boutiqueId=61&merchantId=119552
erkek:genel-erkek,109,109,43,25.4,4.6,848910054,640343,848910054:640343,Tutku Likralı Elastan Spor %100 Pamuklu Erkek Boxer 6” lı paket,Tutku,B YOU LİFE,580,,0,InStock,,,,,4.424455611390285,1498,6,628,"[""Kargo Bedava""]",2 saat 50 dakika içinde sipariş verirsen en geç yarın kargoda!,refreshed,0,https://www.trendyol.com/tutku/likrali-elastan-spor-100-pamuklu-erkek-boxer-6-li-paket-p-848910054?boutiqueId=61&merchantId=640343
erkek:genel-erkek,244,244,43,20.8,9.2,770703479,189440,770703479:189440,Newish Erkek Siyah Vegan Deri Suya Dayanıklı Elegan Portföy Stil El Çantası Traş Kozmetik Çanta,Newish,NEWISH POLO,549.9,,0,InStock,,,,,4.06283280085197,396,5,79,"[""Sepette %25 İndirim"",""Kargo Bedava"",""Süper Fırsat Ürünü"",""Trendyol Plus'a Özel""]",2 saat 47 dakika içinde sipariş verirsen en geç yarın kargoda!,refreshed,0,https://www.trendyol.com/newish/erkek-siyah-vegan-deri-suya-dayanikli-elegan-portfoy-stil-el-cantasi-tras-kozmetik-canta-p-770703479?boutiqueId=61&merchantId=189440
erkek:erkek-parfum,89,520,43,47.2,7.8,156348481,107109,156348481:107109,Yves Rocher Moment De Bonheur Leau - Edt 50 ml,Yves Rocher,ELYSIA,1241.25,1655,-25,InStock,,,,,4.3,596,0,59,"[""Sepette %25 İndirim"",""Kargo Bedava""]",Tahmini Teslim:,carried_forward,3,https://www.trendyol.com/yves-rocher/moment-de-bonheur-leau-edt-50-ml-p-156348481?boutiqueId=61&merchantId=107109
erkek:erkek-parfum,173,604,43,11.2,18.8,1129716056,774845,1129716056:774845,NUTRAX Nutraxmen Midnight Fresh Akvatik Kalıcı Erkek Parfüm EDP 60 ml,NUTRAX,NUTRAX,990,,0,InStock,,,,,4.3,24,0,12,"[""50 TL Kupon"",""Kargo Bedava""]",Tahmini Teslim:,carried_forward,4,https://www.trendyol.com/nutrax/nutraxmen-midnight-fresh-akvatik-kalici-erkek-parfum-edp-60-ml-p-1129716056?boutiqueId=61&merchantId=774845
erkek:genel-erkek,39,39,42,38.7,28,834529801,707288,834529801:707288,ORNATE Karınca Yumurtası Tüy Dökücü Krem (UNİSEX),ORNATE,Beauty Stock,379.99,,45.5,InStock,Son 3 günde 500+ ürün satıldı!,3,500,166.7,3.974672175318843,3514,3,1893,"[""Kargo Bedava"",""125 TL Kupon"",""100 TL Kupon"",""20 TL Kupon"",""128,99 TL Kupon"",""Son 10 Günün En Düşük Fiyatı"",""Trendyol Plus'a Özel""]",2 saat 51 dakika içinde sipariş verirsen en geç yarın kargoda!,refreshed,0,https://www.trendyol.com/ornate/karinca-yumurtasi-tuy-dokucu-krem-unisex-p-834529801?boutiqueId=61&merchantId=707288
erkek:genel-erkek,113,113,42,25,5,354100483,674296,354100483:674296,Mad Parfüm Mad A115 Selective 100 ml Erkek Parfüm,Mad Parfüm,MAD PARFÜM,899.99,,0,InStock,,,,,4.468785471055618,1334,0,798,"[""Kargo Bedava""]",2 saat 50 dakika içinde sipariş verirsen en geç yarın kargoda!,refreshed,0,https://www.trendyol.com/mad-parfum/mad-a115-selective-100-ml-erkek-parfum-p-354100483?boutiqueId=61&merchantId=674296
erkek:erkek-parfum,30,461,42,54.6,15.5,754769677,852210,754769677:852210,GIGI MILANO Erkek Parfüm - Black Pour Homme Erkek Parfüm 50 Ml,GIGI MILANO,Gigi Milano,1780,1980,-10.1,InStock,,,,,4.5,1162,0,627,"[""Kargo Bedava""]",Tahmini Teslim:,carried_forward,3,https://www.trendyol.com/gigi-milano/erkek-parfum-black-pour-homme-erkek-parfum-50-ml-p-754769677?boutiqueId=61&merchantId=852210
erkek:erkek-parfum,101,532,41,19.7,10.3,332146801,594895,332146801:594895,"3ex 302 - Kirke 50ml Unisex Parfüm 667, One Size",3ex,BEX Fragrances,898,,0,InStock,,,,,4.2,293,0,,"[""Kargo Bedava"",""Süper Fırsat Ürünü""]",Tahmini Teslim:,carried_forward,4,https://www.trendyol.com/3ex/302-kirke-50ml-unisex-parfum-667-one-size-p-332146801?boutiqueId=61&merchantId=594895
erkek:erkek-parfum,124,555,40,15.3,18.5,1079143866,1201559,1079143866:1201559,Gabrini DOSCOPE BLACK 100 ML EDT + Pretty men 30 ml HEDİYE,Gabrini,Eylo pazarlama,274.9,285.9,5.4,InStock,,,,,3.8,26,0,19,"[""Son 10 Günün En Düşük Fiyatı""]",14 saat 21 dakika içinde sipariş verirsen en geç yarın kargoda!,carried_forward,22,https://www.trendyol.com/gabrini/doscope-black-100-ml-edt-pretty-men-30-ml-hediye-p-1079143866?boutiqueId=61&merchantId=1201559
erkek:erkek-parfum,167,598,40,19.9,10.1,674462426,774143,674462426:774143,Royal Platinum M600 Erkek Parfüm EDP 50 ML | Odunsu Seri,Royal Platinum,Royal Platinum Store,580,,0,InStock,,,,,4.5,305,0,,"[""Kargo Bedava""]",Tahmini Teslim:,carried_forward,4,https://www.trendyol.com/royal-platinum/m600-erkek-parfum-edp-50-ml-odunsu-seri-p-674462426?boutiqueId=61&merchantId=774143
erkek:genel-erkek,58,58,40,82.5,16,267364045,496056,267364045:496056,Monalisa 500 Adet Siyah Perma Saç Örgü Lastiği,Monalisa,Monalisa Toka,34.51,74.9,-53.9,InStock,Son 3 günde 250+ ürün satıldı!,3,250,83.3,4.521683125805066,1120,-7,34,"[""Son 10 Günün En Düşük Fiyatı"",""Süper Fırsat Ürünü"",""Kargo Bedava"",""Son 10 günün en düşük fiyatı""]",2 saat 51 dakika içinde sipariş verirsen en geç yarın kargoda!,refreshed,0,https://www.trendyol.com/monalisa/500-adet-siyah-perma-sac-orgu-lastigi-p-267364045?boutiqueId=61&merchantId=496056
erkek:erkek-parfum,116,547,39,14.8,15.2,797937453,674296,797937453:674296,Mad Parfüm Mad A105 Selective 100 ml Erkek Parfüm,Mad Parfüm,MAD PARFÜM,899.99,,0,InStock,,,,,4.3,70,0,42,"[""Kargo Bedava""]",Tahmini Teslim:,carried_forward,3,https://www.trendyol.com/mad-parfum/mad-a105-selective-100-ml-erkek-parfum-p-797937453?boutiqueId=61&merchantId=674296
erkek:erkek-parfum,75,506,38,48.1,16.9,1182702389,1239969,1182702389:1239969,GoldMi King Mizrahi Sexy Man Aphrodisiac Etkili 50 ml Extrait Erkek Parfüm – Kokun Konuşur Tanırlar Seni,GoldMi,GoldMi,1299,1999,-31.6,InStock,,,,,4.8,42,0,32,"[""Kargo Bedava""]",Tahmini Teslim:,carried_forward,3,https://www.trendyol.com/goldmi/king-mizrahi-sexy-man-aphrodisiac-etkili-50-ml-extrait-erkek-parfum-kokun-konusur-tanirlar-seni-p-1182702389?boutiqueId=61&merchantId=1239969
erkek:erkek-parfum,81,512,38,26.3,3.7,154144608,347,154144608:347,Altınyıldız Classics Erkek Premiere EDP Kalıcı Koku Parfüm-Deodorant-Duş Jeli Ahşap Kutulu Set (100 ML150 ML 400 ML),Altınyıldız Classics,Altınyıldız Classics,1199.99,,0,InStock,,,,,4.6,1947,0,98,"[""Son 10 Günün En Düşük Fiyatı""]",Tahmini Teslim:,carried_forward,3,https://www.trendyol.com/altinyildiz-classics/erkek-premiere-edp-kalici-koku-parfum-deodorant-dus-jeli-ahsap-kutulu-set-100-ml150-ml-400-ml-p-154144608?boutiqueId=61&merchantId=347
erkek:genel-erkek,67,67,38,40.1,13.5,224778175,347,224778175:347,AC&Co / Altınyıldız Classics Erkek/unisex Haki %100 Pamuk Slim Fit Dar Kesim Bisiklet Yaka Basic Tişört,AC&Co / Altınyıldız Classics,Altınyıldız Classics,302.88,332.99,0,InStock,Son 3 günde 250+ ürün satıldı!,3,250,83.3,4.595777059159216,2298,-2,28,"[""100 TL Kupon"",""Son 10 Günün En Düşük Fiyatı"",""Trendyol Plus'a Özel""]",,refreshed,0,https://www.trendyol.com/ac-co-altinyildiz-classics/erkek-unisex-haki-100-pamuk-slim-fit-dar-kesim-bisiklet-yaka-basic-tisort-p-224778175?boutiqueId=61&merchantId=347
erkek:genel-erkek,225,225,37,24.1,5.9,363704876,667327,363704876:667327,FUNBODY SAÇ DÖKÜLMESİNE KARŞI BAKIM ŞAMPUANI 300 ML X1 ADET,FUNBODY,FUNBODY KOZMETİK,499.99,,0,InStock,,,,,4.073114565342544,1015,-12,272,"[""Kargo Bedava""]",Tahmini Teslim:,refreshed,0,https://www.trendyol.com/funbody/sac-dokulmesine-karsi-bakim-sampuani-300-ml-x1-adet-p-363704876?boutiqueId=61&merchantId=667327
erkek:genel-erkek,94,94,36,24.3,6.7,1060160775,1201275,1060160775:1201275,A'mentia Fenrir EDP 50 ml Erkek Parfüm,A'mentia,Amentia,2065.98,2086.85,-17.3,InStock,,,,,4.091760299625468,815,6,116,"[""Kargo Bedava"",""Son 10 Günün En Düşük Fiyatı"",""Son 10 günün en düşük fiyatı""]",Tahmini Teslim:,refreshed,0,https://www.trendyol.com/a-mentia/fenrir-edp-50-ml-erkek-parfum-p-1060160775?boutiqueId=61&merchantId=1201275
erkek:genel-erkek,108,108,36,25.3,11,966103138,416518,966103138:416518,hummel x Etok Günlük Kullanıma Uygun Sırt ve Okul Çantası İlkokul Ortaokul Lise Çantası,hummel,Korayspor,655.16,699,0,InStock,,,,,4.486166007905139,235,3,51,"[""Kargo Bedava"",""Son 10 Günün En Düşük Fiyatı"",""Son 10 günün en düşük fiyatı""]",2 saat 50 dakika içinde sipariş verirsen en geç yarın kargoda!,refreshed,0,https://www.trendyol.com/hummel/x-etok-gunluk-kullanima-uygun-sirt-ve-okul-cantasi-ilkokul-ortaokul-lise-cantasi-p-966103138?boutiqueId=61&merchantId=416518
erkek:erkek-parfum,42,473,36,18.6,15.4,867657675,385338,867657675:385338,MUSCENT N465 Van Powder 50 ml.,MUSCENT,Muscent Boutique Perfume,979,,0,InStock,,,,,4.5,208,0,464,"[""Kargo Bedava""]",2 saat 20 dakika içinde sipariş verirsen en geç bugün kargoda!,carried_forward,3,https://www.trendyol.com/muscent/n465-van-powder-50-ml-p-867657675?boutiqueId=61&merchantId=385338
erkek:genel-erkek,176,176,35,12.3,17.7,1175374541,141666,1175374541:141666,Semay Çorapları 10'Lu Ekonomik Siyah Erkek Soket Çorap,Semay Çorapları,AKG Socks,189.69,,0,InStock,,,,,3.9615384615384617,33,1,11,"[""Kargo Bedava""]",2 saat 48 dakika içinde sipariş verirsen en geç yarın kargoda!,refreshed,0,https://www.trendyol.com/semay-coraplari/10-lu-ekonomik-siyah-erkek-soket-corap-p-1175374541?boutiqueId=61&merchantId=141666
erkek:erkek-parfum,77,508,35,42.7,12.3,466804992,674296,466804992:674296,Mad Parfüm Mad W129 Selective 50 ml Erkek Parfüm,Mad Parfüm,MAD PARFÜM,449.99,599.99,-25,InStock,,,,,4.5,164,0,78,"[""Kargo Bedava""]",Tahmini Teslim:,carried_forward,3,https://www.trendyol.com/mad-parfum/mad-w129-selective-50-ml-erkek-parfum-p-466804992?boutiqueId=61&merchantId=674296
erkek:erkek-parfum,98,529,35,25.2,4.8,32790310,118382,32790310:118382,Jagler Classic Edt 50 ml Deodorant Sprey 100 ml Erkek Parfüm Seti,Jagler,baharkozmetik,389,,0,InStock,,,,,4.5,1408,0,227,"[""Kargo Bedava""]",3 saat 19 dakika içinde sipariş verirsen en geç bugün kargoda!,carried_forward,3,https://www.trendyol.com/jagler/classic-edt-50-ml-deodorant-sprey-100-ml-erkek-parfum-seti-p-32790310?boutiqueId=61&merchantId=118382
erkek:erkek-parfum,122,553,35,22.2,7.8,3294045,139435,3294045:139435,TDRS Night Odunsu Özel Seri Uzun Süre Kalıcı 100 ML EDC Erkek Parfüm,TDRS,Tudors,774.97,,3.7,InStock,,,,,4.1,596,0,77,"[""Kargo Bedava"",""Son 10 Günün En Düşük Fiyatı""]",5 saat 19 dakika içinde sipariş verirsen en geç bugün kargoda!,carried_forward,4,https://www.trendyol.com/tdrs/night-odunsu-ozel-seri-uzun-sure-kalici-100-ml-edc-erkek-parfum-p-3294045?boutiqueId=61&merchantId=139435
erkek:genel-erkek,112,112,34,28.8,1.2,35839749,104936,35839749:104936,Dark Seer Beyaz Mavi Unisex Sneaker,Dark Seer,Dark Seer,880.94,,-15.3,InStock,,,,,4.340715313918725,4016,6,71,"[""Kargo Bedava"",""Trendyol Plus'a Özel""]",,refreshed,0,https://www.trendyol.com/dark-seer/beyaz-mavi-unisex-sneaker-p-35839749?boutiqueId=61&merchantId=104936
erkek:erkek-parfum,33,464,34,33.7,20.8,898663466,1201559,898663466:1201559,Gabrini Forstmen EDT 100 ml,Gabrini,Eylo pazarlama,240.9,245.9,0,InStock,,,,,4.4,160,0,58,[],3 saat 20 dakika içinde sipariş verirsen en geç bugün kargoda!,carried_forward,3,https://www.trendyol.com/gabrini/forstmen-edt-100-ml-p-898663466?boutiqueId=61&merchantId=1201559
erkek:erkek-parfum,91,522,34,21.1,8.9,2174151,110245,2174151:110245,Snob Classic Edt 100 Ml+Deodorant Kofre,Snob,DAĞDEVİREN GROSS,575,,0.9,InStock,,,,,4.4,437,0,68,"[""Kargo Bedava""]",1 saat 19 dakika içinde sipariş verirsen en geç bugün kargoda!,carried_forward,3,https://www.trendyol.com/snob/classic-edt-100-ml-deodorant-kofre-p-2174151?boutiqueId=61&merchantId=110245
erkek:erkek-parfum,208,639,34,19.7,10.3,4064351,63,4064351:63,Mavi Andorra EDP Erkek Parfüm 100ml 090283-24413,Mavi,Mavi,899.99,,0,InStock,,,,,4.5,288,0,,[],Tahmini Teslim:,carried_forward,4,https://www.trendyol.com/mavi/andorra-edp-erkek-parfum-100ml-090283-24413-p-4064351?boutiqueId=61&merchantId=63
erkek:genel-erkek,51,51,33,60.7,22.1,853470575,139435,853470575:139435,Tudors Erkek 5'li Pamuklu Likralı Esnek Kumaş Siyah Boxer,Tudors,Tudors,498.11,652.31,-23.6,InStock,Son 3 günde 500+ ürün satıldı!,3,500,166.7,3.6406830738322453,3931,8,55,"[""100 TL Kupon"",""Son 10 Günün En Düşük Fiyatı"",""Süper Fırsat Ürünü"",""Kargo Bedava"",""Trendyol Plus'a Özel""]",2 saat 51 dakika içinde sipariş verirsen en geç yarın kargoda!,refreshed,0,https://www.trendyol.com/tudors/erkek-5-li-pamuklu-likrali-esnek-kumas-siyah-boxer-p-853470575?boutiqueId=61&merchantId=139435
erkek:erkek-parfum,112,543,33,55.6,24.4,1157447640,138065,1157447640:138065,Bargello 765 ERKEK PARFÜM EDP WOODY 50 ml,Bargello,Bargello,300,600,0,InStock,,,,,3.5,4,0,1,"[""Süper Fırsat Ürünü""]",Tahmini Teslim:,carried_forward,3,https://www.trendyol.com/bargello/765-erkek-parfum-edp-woody-50-ml-p-1157447640?boutiqueId=61&merchantId=138065
erkek:genel-erkek,127,127,32,25.1,6.5,193864577,378048,193864577:378048,Clear Men Kepeğe Karşı Etkili Şampuan Legend by CR7 350 ml x3,Clear,Unilever,377.82,384.14,0,InStock,,,,,4.546694648478489,855,1,104,"[""Son 10 Günün En Düşük Fiyatı"",""Kargo Bedava"",""Son 10 günün en düşük fiyatı""]",2 saat 49 dakika içinde sipariş verirsen en geç yarın kargoda!,refreshed,0,https://www.trendyol.com/clear/men-kepege-karsi-etkili-sampuan-legend-by-cr7-350-ml-x3-p-193864577?boutiqueId=61&merchantId=378048
erkek:erkek-parfum,32,463,32,32.9,22.1,763663820,415219,763663820:415219,Frannita Tokyo L.12.12 Odunsu Özel Seri Uzun Süre Kalıcı 100 Ml. Edp Erkek Parfüm,Frannita,alin’,212.39,,-31.5,InStock,,,,,3.9,130,0,43,[],4 saat 20 dakika içinde sipariş verirsen en geç bugün kargoda!,carried_forward,3,https://www.trendyol.com/frannita/tokyo-l-12-12-odunsu-ozel-seri-uzun-sure-kalici-100-ml-edp-erkek-parfum-p-763663820?boutiqueId=61&merchantId=415219
erkek:erkek-parfum,45,476,32,20.6,11.9,311618398,399971,311618398:399971,Gabrini Rıchmen Black Edt 100 Ml Vaporısateur Sprey Erkek Parfümü,Gabrini,KimeNeLazim,252,,0,InStock,,,,,4.1,372,0,110,[],2 saat 20 dakika içinde sipariş verirsen en geç bugün kargoda!,carried_forward,3,https://www.trendyol.com/gabrini/richmen-black-edt-100-ml-vaporisateur-sprey-erkek-parfumu-p-311618398?boutiqueId=61&merchantId=399971
erkek:erkek-parfum,21,452,31,84,26,857296849,139435,857296849:139435,TDRS Valarous Lavanta Özel Seri Uzun Süre Kalıcı 100 ML EDP Erkek Parfüm,TDRS,Tudors,421.57,581.31,-27.5,InStock,,,,,3.7,206,0,35,"[""Son 10 Günün En Düşük Fiyatı"",""Süper Fırsat Ürünü""]",5 saat 21 dakika içinde sipariş verirsen en geç bugün kargoda!,carried_forward,3,https://www.trendyol.com/tdrs/valarous-lavanta-ozel-seri-uzun-sure-kalici-100-ml-edp-erkek-parfum-p-857296849?boutiqueId=61&merchantId=139435
erkek:erkek-parfum,28,459,31,47.8,18.3,2174030,1253656,2174030:1253656,Jagler Classic Erkek Parfüm Seti EDT 90 ml + Deodorant 150 ml,Jagler,Nysa,465,470,-11.4,InStock,,,,,4.5,692,0,107,"[""Kargo Bedava"",""Son 10 Günün En Düşük Fiyatı""]",7 saat 20 dakika içinde sipariş verirsen en geç bugün kargoda!,carried_forward,3,https://www.trendyol.com/jagler/classic-erkek-parfum-seti-edt-90-ml-deodorant-150-ml-p-2174030?boutiqueId=61&merchantId=1253656
erkek:erkek-parfum,50,481,31,12.4,17.6,1106742734,674296,1106742734:674296,Mad Parfüm Mad Vanilla Noir Prestige 50 ml Erkek Parfüm,Mad Parfüm,MAD PARFÜM,999.99,,0,InStock,,,,,4.2,34,0,23,"[""Kargo Bedava""]",Tahmini Teslim:,carried_forward,3,https://www.trendyol.com/mad-parfum/mad-vanilla-noir-prestige-50-ml-erkek-parfum-p-1106742734?boutiqueId=61&merchantId=674296
erkek:erkek-parfum,117,548,31,6.2,23.8,903738739,301311,903738739:301311,Bargello Opposite Erkek Parfüm 50 ml EDP,Bargello,Bargello Parfüm Center,900,,0,InStock,,,,,4.7,5,0,,"[""Kargo Bedava""]",Tahmini Teslim:,carried_forward,4,https://www.trendyol.com/bargello/opposite-erkek-parfum-50-ml-edp-p-903738739?boutiqueId=61&merchantId=301311
erkek:genel-erkek,202,202,30,15,15,1144118893,426475,1144118893:426475,"D'VERS Suya Dayanıklı 9-12.9 Inç, 13-14.9 Inç ve 15-16.9 Inç Uyumlu Siyah Çok Amaçlı Laptop ve Tablet Bölmeli El, Omuz, Organizer, Evrak, Laptop Çantası",D'VERS,D'VERS,549.9,,0,InStock,,,,,4.595,74,7,,"[""54 TL Kupon"",""Kargo Bedava""]",Tahmini Teslim:,refreshed,0,https://www.trendyol.com/d-vers/suya-dayanikli-9-12-9-inc-13-14-9-inc-ve-15-16-9-inc-uyumlu-siyah-cok-amacli-laptop-ve-tablet-bolmeli-el-omuz-organizer-evrak-laptop-cantasi-p-1144118893?boutiqueId=61&merchantId=426475
erkek:genel-erkek,36,36,30,41.8,32.4,802499527,294,802499527:294,Kiğılı Uzun Kol Slim Fit Non Iron Ütü Gerektirmeyen Pamuklu Klasik Gömlek,Kiğılı,Kiğılı,1299,,0,InStock,Son 3 günde 500+ ürün satıldı!,3,500,166.7,4.424107142857144,1530,3,565,"[""Sepette %40 İndirim"",""100 TL Kupon"",""Süper Fırsat Ürünü"",""Kargo Bedava""]",Tahmini Teslim:,refreshed,0,https://www.trendyol.com/kigili/uzun-kol-slim-fit-non-iron-utu-gerektirmeyen-pamuklu-klasik-gomlek-p-802499527?boutiqueId=61&merchantId=294
erkek:genel-erkek,174,174,30,22.5,7.5,802499558,294,802499558:294,Kiğılı Uzun Kol Slim Fit Non Iron Ütü Gerektirmeyen Pamuklu Klasik Gömlek,Kiğılı,Kiğılı,1299,,0,InStock,,,,,4.591280653950953,643,3,309,"[""Sepette %40 İndirim"",""100 TL Kupon"",""Süper Fırsat Ürünü"",""Kargo Bedava""]",Tahmini Teslim:,refreshed,0,https://www.trendyol.com/kigili/uzun-kol-slim-fit-non-iron-utu-gerektirmeyen-pamuklu-klasik-gomlek-p-802499558?boutiqueId=61&merchantId=294
erkek:genel-erkek,66,66,30,62.9,20.8,299417281,139435,299417281:139435,Tudors Slim Fit Uzun Kollu Kolay Ütülenebilir Ter Konforu Sağlayan Kravatlık Dört Mevsim Beyaz Erkek Gömlek,Tudors,Tudors,360.54,468.21,-23,InStock,Son 3 günde 500+ ürün satıldı!,3,500,166.7,4.334479430570636,8881,-14,3774,"[""100 TL Kupon"",""Son 10 Günün En Düşük Fiyatı"",""Süper Fırsat Ürünü"",""Kargo Bedava"",""Son 10 günün en düşük fiyatı""]",2 saat 51 dakika içinde sipariş verirsen en geç yarın kargoda!,refreshed,0,https://www.trendyol.com/tudors/slim-fit-uzun-kollu-kolay-utulenebilir-ter-konforu-saglayan-kravatlik-dort-mevsim-beyaz-erkek-gomlek-p-299417281?boutiqueId=61&merchantId=139435
erkek:erkek-parfum,31,462,29,35.8,21.7,1097221336,650812,1097221336:650812,Jeven Brus Yaz Ayına Özel Parfüm Seti 4x 50 ml,Jeven Brus,Jeven Brus Parfüm,3960,,-12,InStock,,,,,3.9,166,0,71,"[""Kargo Bedava""]",Tahmini Teslim:,carried_forward,3,https://www.trendyol.com/jeven-brus/yaz-ayina-ozel-parfum-seti-4x-50-ml-p-1097221336?boutiqueId=61&merchantId=650812
erkek:erkek-parfum,121,552,29,22.2,7.8,4461393,736295,4461393:736295,Caldion Classic Erkek Parfüm Seti ( Edt Parfüm 100 ml Deodorant 150 ml ),Caldion,Nysa,549.99,,0,InStock,,,,,4.5,598,0,125,"[""Kargo Bedava""]",7 saat 18 dakika içinde sipariş verirsen en geç bugün kargoda!,carried_forward,3,https://www.trendyol.com/caldion/classic-erkek-parfum-seti-edt-parfum-100-ml-deodorant-150-ml-p-4461393?boutiqueId=61&merchantId=736295
erkek:genel-erkek,180,180,28,21.4,8.6,987214271,293398,987214271:293398,Jaja Kumral (Brown) Saç Şampuanı 7.0 | 300 ML & Beyazlar İçin,Jaja,Farmahanem,499,,0,InStock,,,,,4.1442424242424245,472,4,767,"[""Kargo Bedava""]",2 saat 48 dakika içinde sipariş verirsen en geç yarın kargoda!,refreshed,0,https://www.trendyol.com/jaja/kumral-brown-sac-sampuani-7-0-300-ml-beyazlar-icin-p-987214271?boutiqueId=61&merchantId=293398
erkek:erkek-parfum,119,550,28,20.2,9.8,275477856,301311,275477856:301311,Bargello 193 Edp Oriental Unisex Parfüm 2 Adet 50 ml,Bargello,Bargello Parfüm Center,900,,0,InStock,,,,,4.5,332,0,216,"[""Kargo Bedava""]",Tahmini Teslim:,carried_forward,3,https://www.trendyol.com/bargello/193-edp-oriental-unisex-parfum-2-adet-50-ml-p-275477856?boutiqueId=61&merchantId=301311
erkek:genel-erkek,240,240,28,29.6,0.4,129547814,886826,129547814:886826,Bürke Erkek Krem Renk Kaliteli Esnek Likralı Bilek Boy Kumaş Pantolon (100-130 kg battal beden 40-42-44),Bürke,Bürke Ticaret,608.37,,0,InStock,,,,,4.091831398389289,4948,-6,7102,"[""100 TL Kupon"",""Kargo Bedava""]",2 saat 47 dakika içinde sipariş verirsen en geç yarın kargoda!,refreshed,0,https://www.trendyol.com/burke/erkek-krem-renk-kaliteli-esnek-likrali-bilek-boy-kumas-pantolon-100-130-kg-battal-beden-40-42-44-p-129547814?boutiqueId=61&merchantId=886826
erkek:genel-erkek,104,104,27,23.6,6.4,129674513,430439,129674513:430439,figiza Kifoz Skolyoz Kamburluk Önleyici Omuz Sırt Dik Duruş Korsesi Ortopedik Duruş Düzeltici Kadın Erkek,figiza,FigStore,350,,0,InStock,,,,,3.8983050847457625,885,10,493,"[""Kargo Bedava"",""Trendyol Plus'a Özel""]",2 saat 50 dakika içinde sipariş verirsen en geç yarın kargoda!,refreshed,0,https://www.trendyol.com/figiza/kifoz-skolyoz-kamburluk-onleyici-omuz-sirt-dik-durus-korsesi-ortopedik-durus-duzeltici-kadin-erkek-p-129674513?boutiqueId=61&merchantId=430439
erkek:genel-erkek,95,95,27,20.3,9.7,850383082,1158091,850383082:1158091,KAFFAA - Trend Unısex Sırt Çantası,KAFFAA,KAFFAA,387,,0,InStock,,,,,4.046604527296938,344,0,241,"[""Kargo Bedava"",""Trendyol Plus'a Özel""]",2 saat 50 dakika içinde sipariş verirsen en geç yarın kargoda!,refreshed,0,https://www.trendyol.com/kaffaa/trend-unisex-sirt-cantasi-p-850383082?boutiqueId=61&merchantId=1158091
erkek:erkek-parfum,17,448,27,69.6,22.9,328467507,301311,328467507:301311,Bargello 561 Erkek Parfüm Fresh 50 ml Edp + 709 Erkek Parfüm Oriental Edp 50 ml Rsaf561709,Bargello,Bargello Parfüm Center,900,,0,InStock,,,,,4.5,881,0,384,"[""Kargo Bedava""]",6 saat 21 dakika içinde sipariş verirsen en geç bugün kargoda!,carried_forward,3,https://www.trendyol.com/bargello/561-erkek-parfum-fresh-50-ml-edp-709-erkek-parfum-oriental-edp-50-ml-rsaf561709-p-328467507?boutiqueId=61&merchantId=301311
erkek:erkek-parfum,172,603,27,14.8,15.2,803934554,895323,803934554:895323,glabella G57 Erba Pura EDP Erkek Parfümü,glabella,Glabella Kozmetik,699,,0,InStock,,,,,4,70,0,,"[""Kargo Bedava""]",Tahmini Teslim:,carried_forward,4,https://www.trendyol.com/glabella/g57-erba-pura-edp-erkek-parfumu-p-803934554?boutiqueId=61&merchantId=895323
erkek:erkek-parfum,175,606,27,15.4,14.6,358483134,674296,358483134:674296,Mad Parfüm Mad A113 Selective 100 ml Erkek Parfüm,Mad Parfüm,MAD PARFÜM,899.99,,0,InStock,,,,,4.3,83,0,,"[""Kargo Bedava""]",Tahmini Teslim:,carried_forward,4,https://www.trendyol.com/mad-parfum/mad-a113-selective-100-ml-erkek-parfum-p-358483134?boutiqueId=61&merchantId=674296
erkek:erkek-parfum,182,613,27,37.5,17.5,936681054,674296,936681054:674296,Mad Parfüm Mad J110 Selective 50 ml Erkek Parfüm,Mad Parfüm,MAD PARFÜM,449.99,599.99,-25,InStock,,,,,4.2,36,0,,"[""Kargo Bedava""]",Tahmini Teslim:,carried_forward,4,https://www.trendyol.com/mad-parfum/mad-j110-selective-50-ml-erkek-parfum-p-936681054?boutiqueId=61&merchantId=674296
erkek:genel-erkek,98,98,27,27.7,2.3,4381953,106852,4381953:106852,Siveno %100 Doğal Roll-on Sportif Sporcu Deodorant Ter Kokusu Önleyici Bitkisel Lekesiz Vegan 50 ml,Siveno,Siveno,299.88,,0,InStock,,,,,4.6134946134946135,2874,-2,120,"[""Kargo Bedava"",""Trendyol Plus'a Özel""]",2 saat 50 dakika içinde sipariş verirsen en geç yarın kargoda!,refreshed,0,https://www.trendyol.com/siveno/100-dogal-roll-on-sportif-sporcu-deodorant-ter-kokusu-onleyici-bitkisel-lekesiz-vegan-50-ml-p-4381953?boutiqueId=61&merchantId=106852
erkek:genel-erkek,203,203,26,24.7,5.3,155908908,916075,155908908:916075,Tutku 8'li Fırsat Ürünü Erkek Penye Havlu Bel Boxer Karışık Renk - (siyah-gri-laci-füme) 8 Adet T0009,Tutku,TUTKU ELİT,630,,0.2,InStock,,,,,4.519966372425389,1218,2,,"[""Kargo Bedava"",""40 TL Kupon"",""1.325 TL Kupon"",""328,06 TL Kupon"",""100 TL Kupon"",""Son 10 Günün En Düşük Fiyatı"",""Trendyol Plus'a Özel""]",Tahmini Teslim:,refreshed,0,https://www.trendyol.com/tutku/8-li-firsat-urunu-erkek-penye-havlu-bel-boxer-karisik-renk-siyah-gri-laci-fume-8-adet-t0009-p-155908908?boutiqueId=61&merchantId=916075
erkek:erkek-parfum,111,542,26,24.3,5.7,750290678,847160,750290678:847160,Lucifer Michaelson Tough Boy Afrodizyak Parfüm,Lucifer Michaelson,Lucifer Michaelson,629,,0,InStock,,,,,3.9,1079,0,2503,"[""Kargo Bedava""]",1 saat 18 dakika içinde sipariş verirsen en geç bugün kargoda!,carried_forward,3,https://www.trendyol.com/lucifer-michaelson/tough-boy-afrodizyak-parfum-p-750290678?boutiqueId=61&merchantId=847160
erkek:genel-erkek,152,152,25,26.5,3.5,771019,968,771019:968,Casio MTP-V001D-1BUDF Casio Erkek Kol Saati ( 2 Yıl Türkiye Tek Distribütörü Ersa Saat Garantilidir),Casio,Trendyol,1467.14,,0,InStock,,,,,4.642568250758342,2040,6,774,[],Tahmini Teslim:,refreshed,0,https://www.trendyol.com/casio/mtp-v001d-1budf-casio-erkek-kol-saati-2-yil-turkiye-tek-distributoru-ersa-saat-garantilidir-p-771019?boutiqueId=690466&merchantId=968
erkek:genel-erkek,54,54,25,33.7,25.5,838318036,138065,838318036:138065,Bargello Only One Erkek 50 ml Parfüm Edp,Bargello,Bargello,600,,100,InStock,Son 3 günde 500+ ürün satıldı!,3,500,166.7,4.052807486631017,1470,0,481,"[""Süper Fırsat Ürünü"",""Kargo Bedava""]",Tahmini Teslim:,refreshed,0,https://www.trendyol.com/bargello/only-one-erkek-50-ml-parfum-edp-p-838318036?boutiqueId=61&merchantId=138065
erkek:erkek-parfum,99,530,25,11.9,18.1,860029293,1245890,860029293:1245890,Tommy Hilfiger Tommy Forever EDT 50 ml Erkek Parfüm,Tommy Hilfiger,BOYNER,1200,,,InStock,,,,,4.6,30,0,17,"[""Kargo Bedava""]",Tahmini Teslim:,carried_forward,3,https://www.trendyol.com/tommy-hilfiger/tommy-forever-edt-50-ml-erkek-parfum-p-860029293?boutiqueId=61&merchantId=1245890
erkek:erkek-parfum,155,586,25,15.8,14.2,92906100,360260,92906100:360260,D&P Perfumum C18 Erkek Parfüm Edp 100 ml,D&P Perfumum C18,DP PARFÜM,900,,0,InStock,,,,,4.2,93,0,97,"[""Kargo Bedava""]",Tahmini Teslim:,carried_forward,7,https://www.trendyol.com/d-p-perfumum/c18-erkek-parfum-edp-100-ml-p-92906100?boutiqueId=61&merchantId=360260
erkek:genel-erkek,145,145,24,22.5,7.5,48173850,139340,48173850:139340,dp Daily Perfection Şampuan Pamuk Sütü 800 ml,dp Daily Perfection,dp Daily Perfection,154.27,,12.8,InStock,,,,,4.491228070175439,654,0,213,"[""Kargo Bedava""]",,refreshed,0,https://www.trendyol.com/dp-daily-perfection/sampuan-pamuk-sutu-800-ml-p-48173850?boutiqueId=61&merchantId=139340
erkek:erkek-parfum,88,519,24,79.8,11,843757337,989677,843757337:989677,"ILLUSIONE Nuage Edp Erkek Parfüm 100ml | Narenciye - Marin - Fresh | Deniz, Bergamot, Narenciye, Amber",ILLUSIONE,ILLUSIONE,549,1399,0,InStock,,,,,4.1,239,0,49,"[""Kargo Bedava"",""Son 10 Günün En Düşük Fiyatı"",""Süper Fırsat Ürünü""]",14 saat 22 dakika içinde sipariş verirsen en geç yarın kargoda!,carried_forward,22,https://www.trendyol.com/illusione/nuage-edp-erkek-parfum-100ml-narenciye-marin-fresh-deniz-bergamot-narenciye-amber-p-843757337?boutiqueId=61&merchantId=989677
erkek:genel-erkek,52,52,24,41.9,20.8,716412326,634825,716412326:634825,New Well Ter Önleyici Beyazlatıcı Roll-on 50 ml,New Well,FASİA,265,,0,InStock,Son 3 günde 500+ ürün satıldı!,3,500,166.7,4.460512473700029,15492,-61,1836,"[""Kargo Bedava""]",2 saat 51 dakika içinde sipariş verirsen en geç yarın kargoda!,refreshed,0,https://www.trendyol.com/new-well/ter-onleyici-beyazlatici-roll-on-50-ml-p-716412326?boutiqueId=61&merchantId=634825
erkek:genel-erkek,166,166,23,28.6,1.4,337241023,105249,337241023:105249,Calvin Klein CKJ35700003 Bileklik Seti,Calvin Klein,SAATVESAAT,3042.96,,0,InStock,,,,,4.698072533603855,3706,9,1275,"[""Sepette %13 İndirim"",""100 TL Kupon"",""Kargo Bedava"",""Süper Fırsat Ürünü"",""Peşin Fiyatına 3 Taksit""]",,refreshed,0,https://www.trendyol.com/calvin-klein/ckj35700003-bileklik-seti-p-337241023?boutiqueId=61&merchantId=105249
erkek:genel-erkek,143,143,23,18.4,11.6,1124072153,774575,1124072153:774575,Batçı Saç Siyahlaştıran Anında Etkili Beyaz Kapatıcı Şampuan 350 Ml,Batçı,Batçı Cosmetic,389.9,,0,InStock,,,,,4.317784256559767,198,3,212,"[""Kargo Bedava""]",Tahmini Teslim:,refreshed,0,https://www.trendyol.com/batci/sac-siyahlastiran-aninda-etkili-beyaz-kapatici-sampuan-350-ml-p-1124072153?boutiqueId=61&merchantId=774575
erkek:genel-erkek,165,165,23,29.9,0.1,823674404,139435,823674404:139435,Tudors Unisex Slim Fit Dar Kesim %100 Pamuk Yumuşak Dokulu Beyaz Bisiklet Yaka Tişört,Tudors,Tudors,325.11,,-1.2,InStock,,,,,4.444588184562311,5541,1,1368,"[""100 TL Kupon"",""Trendyol Plus'a Özel""]",2 saat 49 dakika içinde sipariş verirsen en geç yarın kargoda!,refreshed,0,https://www.trendyol.com/tudors/unisex-slim-fit-dar-kesim-100-pamuk-yumusak-dokulu-beyaz-bisiklet-yaka-tisort-p-823674404?boutiqueId=61&merchantId=139435
erkek:erkek-parfum,23,454,22,58,19.5,857291463,139435,857291463:139435,TDRS Monarch Bergamot Özel Seri Uzun Süre Kalıcı 100 ML EDP Erkek Parfüm,TDRS,Tudors,581.31,,0,InStock,,,,,3.9,987,0,201,"[""Son 10 Günün En Düşük Fiyatı"",""Süper Fırsat Ürünü""]",5 saat 21 dakika içinde sipariş verirsen en geç bugün kargoda!,carried_forward,3,https://www.trendyol.com/tdrs/monarch-bergamot-ozel-seri-uzun-sure-kalici-100-ml-edp-erkek-parfum-p-857291463?boutiqueId=61&merchantId=139435
erkek:erkek-parfum,62,493,22,11.5,18.5,1180154047,865200,1180154047:865200,Daniel Lopez Narcotic Erkek Parfüm 50ml - Narkotik Extrait de parfum,Daniel Lopez,DANIEL LOPEZ,892.08,,0.3,InStock,,,,,4.7,26,0,18,"[""17 TL Kupon"",""Kargo Bedava""]",Tahmini Teslim:,carried_forward,3,https://www.trendyol.com/daniel-lopez/narcotic-erkek-parfum-50ml-narkotik-extrait-de-parfum-p-1180154047?boutiqueId=61&merchantId=865200
erkek:erkek-parfum,157,588,22,16.4,13.6,41134345,138065,41134345:138065,Bargello 711 ERKEK PARFÜM EDP FRESH 50 ml,Bargello,Bargello,600,,0,InStock,,,,,4.3,110,0,53,"[""Kargo Bedava""]",Tahmini Teslim:,carried_forward,4,https://www.trendyol.com/bargello/711-erkek-parfum-edp-fresh-50-ml-p-41134345?boutiqueId=61&merchantId=138065
erkek:erkek-parfum,223,654,22,43.6,11.4,51285342,1992,51285342:1992,Duke Nickle Erkek Güçlü Ve Baştan Çıkarıcı Ferah Odunsu Erkek Parfüm 50 ml Edp,Duke Nickle,Duke Nickle,276.75,369,-25,InStock,,,,,4.1,212,0,,"[""Sepette %25 İndirim""]",Tahmini Teslim:,carried_forward,4,https://www.trendyol.com/duke-nickle/erkek-guclu-ve-bastan-cikarici-ferah-odunsu-erkek-parfum-50-ml-edp-p-51285342?boutiqueId=61&merchantId=1992
erkek:genel-erkek,71,71,21,38.3,12.4,90429989,165724,90429989:165724,GRIMELANGE Solo Erkek %100 Organik Pamuklu Kalın Dokulu Comfort Fit Bisiklet Yakalı Beyaz T-shirt,GRIMELANGE,GRIMELANGE,261.07,278.02,-6.1,InStock,Son 3 günde 250+ ürün satıldı!,3,250,83.3,4.250411635565315,3198,2,840,"[""Son 10 Günün En Düşük Fiyatı"",""Kargo Bedava"",""Son 10 günün en düşük fiyatı""]",Tahmini Teslim:,refreshed,0,https://www.trendyol.com/grimelange/solo-erkek-100-organik-pamuklu-kalin-dokulu-comfort-fit-bisiklet-yakali-beyaz-t-shirt-p-90429989?boutiqueId=61&merchantId=165724
erkek:erkek-parfum,37,468,21,40.8,12.3,754766118,852210,754766118:852210,GIGI MILANO Erkek Parfüm- Sexy Pour Homme Erkek Parfüm 50 ml erkek parfüm,GIGI MILANO,GIGI MILANO,1690,1890,-10.6,InStock,,,,,4.6,1073,0,455,"[""Kargo Bedava""]",Tahmini Teslim:,carried_forward,3,https://www.trendyol.com/gigi-milano/erkek-parfum-sexy-pour-homme-erkek-parfum-50-ml-erkek-parfum-p-754766118?boutiqueId=61&merchantId=852210
erkek:erkek-parfum,49,480,21,25.9,4.6,868513681,650812,868513681:650812,Jeven Brus Paris Erkek Parfüm - Edp 50 ml,Jeven Brus,Jeven Brus Parfüm,1790,,0,InStock,,,,,4.4,1738,0,161,"[""Kargo Bedava""]",Tahmini Teslim:,carried_forward,3,https://www.trendyol.com/jeven-brus/paris-erkek-parfum-edp-50-ml-p-868513681?boutiqueId=61&merchantId=650812
erkek:erkek-parfum,168,599,21,9.6,20.4,936680669,674296,936680669:674296,Mad Parfüm Mad J110 Selective 100 ml Erkek Parfüm,Mad Parfüm,MAD PARFÜM,899.99,,0,InStock,,,,,4.3,15,0,23,"[""Kargo Bedava""]",14 saat 18 dakika içinde sipariş verirsen en geç yarın kargoda!,carried_forward,4,https://www.trendyol.com/mad-parfum/mad-j110-selective-100-ml-erkek-parfum-p-936680669?boutiqueId=61&merchantId=674296
erkek:genel-erkek,63,63,20,28.6,30.6,1096905300,139435,1096905300:139435,Tudors Erkek Siyah Pamuklu Baggy Fit Rahat Kesim Beli Bağcıklı Yan Cepli Örme Eşofman Altı,Tudors,Tudors,491.96,,-27.5,InStock,Son 3 günde 500+ ürün satıldı!,3,500,166.7,3.9819277108433737,341,1,597,"[""100 TL Kupon"",""Kargo Bedava""]",2 saat 51 dakika içinde sipariş verirsen en geç yarın kargoda!,refreshed,0,https://www.trendyol.com/tudors/erkek-siyah-pamuklu-baggy-fit-rahat-kesim-beli-bagcikli-yan-cepli-orme-esofman-alti-p-1096905300?boutiqueId=61&merchantId=139435
erkek:erkek-parfum,96,527,20,21.5,8.5,470505987,385338,470505987:385338,MUSCENT N439 Vanille 28 50 ml.,MUSCENT,Muscent Boutique Perfume,979,,0,InStock,,,,,4.3,484,0,1637,"[""Kargo Bedava""]",Tahmini Teslim:,carried_forward,3,https://www.trendyol.com/muscent/n439-vanille-28-50-ml-p-470505987?boutiqueId=61&merchantId=385338
erkek:genel-erkek,89,89,20,25.8,4.2,80032381,197243,80032381:197243,Omega Plus Bad Girl Gece Mavisi Geçici-renkli Amonyaksız Saç Boyası 250 ml,Omega Plus,kozmopol,196.79,,0,InStock,,,,,4.25809435707678,1667,-4,876,"[""Kargo Bedava""]",2 saat 50 dakika içinde sipariş verirsen en geç yarın kargoda!,refreshed,0,https://www.trendyol.com/omega-plus/bad-girl-gece-mavisi-gecici-renkli-amonyaksiz-sac-boyasi-250-ml-p-80032381?boutiqueId=61&merchantId=197243
erkek:genel-erkek,97,97,20,28.5,1.5,235671512,1031578,235671512:1031578,WINNERAIN Erkek Atlet Tekli Beyaz %100 Pamuk Penye,WINNERAIN,WINNERAINS,44.4,,0,InStock,,,,,3.944141488577745,3684,-6,938,"[""Kargo Bedava""]",2 saat 50 dakika içinde sipariş verirsen en geç yarın kargoda!,refreshed,0,https://www.trendyol.com/winnerain/erkek-atlet-tekli-beyaz-100-pamuk-penye-p-235671512?boutiqueId=61&merchantId=1031578
erkek:genel-erkek,20,20,19,98.4,35.9,887249661,1031124,887249661:1031124,THE BATH FACTORY Nemlendirici Ve Besleyici Liberty Duş Jeli 400 ml,THE BATH FACTORY,The Bath Factory,279,349,-20.1,InStock,Son 3 günde 500+ ürün satıldı!,3,500,166.7,4.507385876298485,5506,8,428,"[""Son 10 Günün En Düşük Fiyatı"",""Süper Fırsat Ürünü"",""Kargo Bedava"",""Son 10 günün en düşük fiyatı""]",2 saat 51 dakika içinde sipariş verirsen en geç yarın kargoda!,refreshed,0,https://www.trendyol.com/the-bath-factory/nemlendirici-ve-besleyici-liberty-dus-jeli-400-ml-p-887249661?boutiqueId=61&merchantId=1031124
erkek:erkek-parfum,68,499,19,21.6,8.4,72075869,138065,72075869:138065,Bargello Unisex Parfüm No 451 Fresh 50 ml Edp 869284130451,Bargello,Menemosa Parfümeri (Kağıthane Bargello),900,,,InStock,,,,,4.5,498,0,285,"[""100 TL Kupon"",""Kargo Bedava""]",5 saat 20 dakika içinde sipariş verirsen en geç bugün kargoda!,carried_forward,3,https://www.trendyol.com/bargello/unisex-parfum-no-451-fresh-50-ml-edp-869284130451-p-72075869?boutiqueId=61&merchantId=138065
erkek:erkek-parfum,78,509,19,46.3,26.2,1147119196,139435,1147119196:139435,Tudors Özel Hediye Kutulu 3'lü Çarkıfelek-Limon-Bergamot 100 ML Uzun Süre Kalıcı Erkek Parfüm Seti,Tudors,Tudors,1221.63,2124.97,-0.2,InStock,,,,,4.9,2,0,5,"[""100 TL Kupon"",""Kargo Bedava"",""Son 10 Günün En Düşük Fiyatı"",""Süper Fırsat Ürünü""]",5 saat 19 dakika içinde sipariş verirsen en geç bugün kargoda!,carried_forward,3,https://www.trendyol.com/tudors/ozel-hediye-kutulu-3-lu-carkifelek-limon-bergamot-100-ml-uzun-sure-kalici-erkek-parfum-seti-p-1147119196?boutiqueId=61&merchantId=139435
erkek:genel-erkek,209,209,19,26.1,4.9,223747655,347,223747655:347,AC&Co / Altınyıldız Classics Erkek Antrasit Pamuklu Slim Fit Dar Kesim Bisiklet Yaka Basic Tişört,AC&Co / Altınyıldız Classics,Altınyıldız Classics,313.17,316.33,0,InStock,,,,,4.646984126984127,1367,-5,16,"[""Son 10 Günün En Düşük Fiyatı"",""Kargo Bedava"",""Trendyol Plus'a Özel""]",2 saat 48 dakika içinde sipariş verirsen en geç yarın kargoda!,refreshed,0,https://www.trendyol.com/ac-co-altinyildiz-classics/erkek-antrasit-pamuklu-slim-fit-dar-kesim-bisiklet-yaka-basic-tisort-p-223747655?boutiqueId=61&merchantId=347
erkek:genel-erkek,81,81,18,36.8,10.9,754638016,416518,754638016:416518,hummel Backpack Günlük Kullanıma Uygun Sırt ve Okul Çantası İlkokul Ortaokul Lise Çantası,hummel,Korayspor,699,849,0,InStock,,,,,4.658947368421052,243,1,,"[""Kargo Bedava"",""Süper Fırsat Ürünü""]",Tahmini Teslim:,refreshed,0,https://www.trendyol.com/hummel/backpack-gunluk-kullanima-uygun-sirt-ve-okul-cantasi-ilkokul-ortaokul-lise-cantasi-p-754638016?boutiqueId=61&merchantId=416518
erkek:erkek-parfum,102,533,18,20.4,9.6,658240047,399971,658240047:399971,Gabrini Jungle 100 ml Parfüm,Gabrini,KimeNeLazim,247,,0,InStock,,,,,4.3,354,0,93,[],2 saat 19 dakika içinde sipariş verirsen en geç bugün kargoda!,carried_forward,3,https://www.trendyol.com/gabrini/jungle-100-ml-parfum-p-658240047?boutiqueId=61&merchantId=399971
erkek:genel-erkek,162,162,18,21.1,8.9,97556116,284580,97556116:284580,Ankara Medikal Egzama Eldiveni - Pamuklu Koruyucu Eldiveni - Egzema Eldiveni,Ankara Medikal,ADİLSTORE,49.99,,0,InStock,,,,,3.9617224880382773,428,-2,195,"[""Kargo Bedava""]",Tahmini Teslim:,refreshed,0,https://www.trendyol.com/ankara-medikal/egzama-eldiveni-pamuklu-koruyucu-eldiveni-egzema-eldiveni-p-97556116?boutiqueId=61&merchantId=284580
erkek:erkek-parfum,125,556,17,15.6,14.4,354099222,674296,354099222:674296,Mad Parfüm Mad A102 Selective 100 ml Erkek Parfüm,Mad Parfüm,MAD PARFÜM,899.99,,0,InStock,,,,,4.3,87,0,48,"[""Kargo Bedava""]",Tahmini Teslim:,carried_forward,3,https://www.trendyol.com/mad-parfum/mad-a102-selective-100-ml-erkek-parfum-p-354099222?boutiqueId=61&merchantId=674296
erkek:erkek-parfum,127,558,17,15.3,14.7,885633273,291938,885633273:291938,Bargello 561 ERKEK HEDİYE SET,Bargello,Bargello,990,,0,InStock,,,,,4.6,80,0,53,"[""Kargo Bedava""]",Tahmini Teslim:,carried_forward,3,https://www.trendyol.com/bargello/561-erkek-hediye-set-p-885633273?boutiqueId=61&merchantId=291938
erkek:erkek-parfum,58,489,16,21.2,8.8,31985391,1162525,31985391:1162525,Manly Sport EDC 125 Ml Erkek Parfüm,Manly Sport,MELCEYKOZMETİK,177.52,,-3.6,InStock,,,,,4.2,441,0,74,[],1 saat 20 dakika içinde sipariş verirsen en geç bugün kargoda!,carried_forward,3,https://www.trendyol.com/manly-sport/edc-125-ml-erkek-parfum-p-31985391?boutiqueId=61&merchantId=1162525
erkek:genel-erkek,35,35,15,42.7,34,971346192,733266,971346192:733266,LumenaScent S401 Erkek Parfüm Woody Edp 50 ml,LumenaScent,FarmaStar,499,,0,InStock,Son 3 günde 500+ ürün satıldı!,3,500,166.7,3.90770533446232,1104,1,113,"[""Kargo Bedava"",""Trendyol Plus'a Özel""]",Tahmini Teslim:,refreshed,0,https://www.trendyol.com/lumenascent/s401-erkek-parfum-woody-edp-50-ml-p-971346192?boutiqueId=61&merchantId=733266
erkek:genel-erkek,153,153,15,22.2,7.8,960178422,1258057,960178422:1258057,gamaro Erkek Halter Yaka slimfit Sporcu Likralı Atlet,gamaro,GAMAROTEKSTİL,271.73,,-2.6,InStock,,,,,4.706877113866967,590,1,,"[""Kargo Bedava"",""Trendyol Plus'a Özel""]",Tahmini Teslim:,refreshed,0,https://www.trendyol.com/gamaro/erkek-halter-yaka-slimfit-sporcu-likrali-atlet-p-960178422?boutiqueId=61&merchantId=1258057
erkek:erkek-parfum,80,511,15,16.7,13.3,783294782,334474,783294782:334474,Bargello No:451 Edp Fresh Unisex Parfüm Brgpenno451,Bargello,ONLİNE PARFUM,900,,0,InStock,,,,,4.4,123,0,118,"[""Kargo Bedava""]",7 saat 20 dakika içinde sipariş verirsen en geç bugün kargoda!,carried_forward,3,https://www.trendyol.com/bargello/no-451-edp-fresh-unisex-parfum-brgpenno451-p-783294782?boutiqueId=61&merchantId=334474
erkek:erkek-parfum,131,562,15,21.5,8.5,792109208,895323,792109208:895323,glabella G20 Sauvge Edp Erkek Parfüm,glabella,Glabella Kozmetik,699,,0,InStock,,,,,4,485,0,365,"[""Kargo Bedava""]",Tahmini Teslim:,carried_forward,3,https://www.trendyol.com/glabella/g20-sauvge-edp-erkek-parfum-p-792109208?boutiqueId=61&merchantId=895323
erkek:genel-erkek,33,33,14,51.4,30.3,803450351,203783,803450351:203783,BGK 7 Çift Unisex Çizgili Desenli Uzun Çorap,BGK,BGK,199.99,,0,InStock,Son 3 günde 500+ ürün satıldı!,3,500,166.7,4.283971571019412,4318,0,186,"[""Kargo Bedava""]",2 saat 51 dakika içinde sipariş verirsen en geç yarın kargoda!,refreshed,0,https://www.trendyol.com/bgk/7-cift-unisex-cizgili-desenli-uzun-corap-p-803450351?boutiqueId=61&merchantId=203783
erkek:erkek-parfum,22,453,14,52.9,27.1,1161875831,865200,1161875831:865200,Daniel Lopez Adonis Erkek Parfüm Edp 50 ml - Extrait de parfüm - Afrodizyaklı Parfüm,Daniel Lopez,DANIEL LOPEZ,843.07,,2,InStock,,,,,4.5,128,0,45,"[""16 TL Kupon"",""Kargo Bedava""]",Tahmini Teslim:,carried_forward,3,https://www.trendyol.com/daniel-lopez/adonis-erkek-parfum-edp-50-ml-extrait-de-parfum-afrodizyakli-parfum-p-1161875831?boutiqueId=61&merchantId=865200
erkek:erkek-parfum,69,500,14,19,11,831880156,138065,831880156:138065,Bargello NO.554 UNISEX PARFÜM EDP 50 ml,Bargello,Menemosa Parfümeri (Kağıthane Bargello),900,,,InStock,,,,,4.4,239,0,218,"[""100 TL Kupon"",""Kargo Bedava""]",5 saat 20 dakika içinde sipariş verirsen en geç bugün kargoda!,carried_forward,3,https://www.trendyol.com/bargello/no-554-unisex-parfum-edp-50-ml-p-831880156?boutiqueId=61&merchantId=138065
erkek:erkek-parfum,108,539,14,18.9,11.1,1152880429,690747,1152880429:690747,KORELYA Stick Katı Parfüm Siena Yasemin 15 g | Çiçeksi Katı Parfüm,KORELYA,GELLO TR,399.9,,0,InStock,,,,,4.4,227,0,18,"[""30 TL Kupon"",""Kargo Bedava""]",Tahmini Teslim:,carried_forward,3,https://www.trendyol.com/korelya/stick-kati-parfum-siena-yasemin-15-g-ciceksi-kati-parfum-p-1152880429?boutiqueId=61&merchantId=690747
erkek:genel-erkek,223,223,13,27.8,2.2,694924525,410513,694924525:410513,Soel Parfüm Narkotik Edp 100 ml Erkek Parfüm,Soel Parfüm,Soel Parfüm,1200.7,,0,InStock,,,,,4.541331546023235,2982,15,481,"[""Kargo Bedava""]",2 saat 47 dakika içinde sipariş verirsen en geç yarın kargoda!,refreshed,0,https://www.trendyol.com/soel-parfum/narkotik-edp-100-ml-erkek-parfum-p-694924525?boutiqueId=61&merchantId=410513
erkek:erkek-parfum,25,456,13,52.6,19.9,354100028,674296,354100028:674296,Mad Parfüm Mad W174 Selective 100 ml Erkek Parfüm,Mad Parfüm,MAD PARFÜM,899.99,,0,InStock,,,,,4.4,676,0,250,"[""Kargo Bedava""]",Tahmini Teslim:,carried_forward,3,https://www.trendyol.com/mad-parfum/mad-w174-selective-100-ml-erkek-parfum-p-354100028?boutiqueId=61&merchantId=674296
erkek:erkek-parfum,36,467,13,29,16,354126766,674296,354126766:674296,Mad Parfüm Mad W191 Selective 100 ml Erkek Parfüm,Mad Parfüm,MAD PARFÜM,899.99,,0,InStock,,,,,4.3,422,0,228,"[""Kargo Bedava""]",Tahmini Teslim:,carried_forward,3,https://www.trendyol.com/mad-parfum/mad-w191-selective-100-ml-erkek-parfum-p-354126766?boutiqueId=61&merchantId=674296
erkek:erkek-parfum,41,472,13,25.9,8.6,80127437,145488,80127437:145488,Horus Nefertem Aphrodisiaque Edp 100 ml Etkili Erkek Parfüm,Horus Nefertem,Buhara Shop,1743.9,,0,InStock,,,,,4.1,1720,0,763,"[""75 TL Kupon"",""Kargo Bedava""]",4 saat 21 dakika içinde sipariş verirsen en geç bugün kargoda!,carried_forward,3,https://www.trendyol.com/horus-nefertem/aphrodisiaque-edp-100-ml-etkili-erkek-parfum-p-80127437?boutiqueId=61&merchantId=145488
erkek:genel-erkek,111,111,13,24.6,6.4,367844186,347,367844186:347,AC&Co / Altınyıldız Classics Erkek Premium Pamuklu Lacivert-saks Mavi 3'lü Esnek Boxer Paketi (Damat Bohçası) Çeyiz Seti,AC&Co / Altınyıldız Classics,Altınyıldız Classics,415.79,419.99,-24.4,InStock,,,,,4.602267359470949,889,-1,6,"[""Son 10 Günün En Düşük Fiyatı"",""Kargo Bedava"",""Trendyol Plus'a Özel""]",2 saat 50 dakika içinde sipariş verirsen en geç yarın kargoda!,refreshed,0,https://www.trendyol.com/ac-co-altinyildiz-classics/erkek-premium-pamuklu-lacivert-saks-mavi-3-lu-esnek-boxer-paketi-damat-bohcasi-ceyiz-seti-p-367844186?boutiqueId=61&merchantId=347
erkek:genel-erkek,29,29,13,56.6,35.1,72454469,203783,72454469:203783,BGK 7'li Renkli Kolej Çorap,BGK,BGK,199.99,,0,InStock,Son 3 günde 500+ ürün satıldı!,3,500,166.7,4.458310325786858,1923,-16,49,"[""Kargo Bedava""]",Tahmini Teslim:,refreshed,0,https://www.trendyol.com/bgk/7-li-renkli-kolej-corap-p-72454469?boutiqueId=61&merchantId=203783
erkek:genel-erkek,55,55,12,66,20.9,220058044,139435,220058044:139435,TDRS Dark Royal Ozonik Özel Seri Uzun Süre Kalıcı 100 ML EDP Erkek Parfüm,TDRS,Tudors,424.4,587.31,-27.7,InStock,Son 3 günde 500+ ürün satıldı!,3,500,166.7,4.29988930260642,5506,6,625,"[""Son 10 Günün En Düşük Fiyatı"",""Süper Fırsat Ürünü"",""Kargo Bedava"",""Son 10 günün en düşük fiyatı""]",2 saat 51 dakika içinde sipariş verirsen en geç yarın kargoda!,refreshed,0,https://www.trendyol.com/tdrs/dark-royal-ozonik-ozel-seri-uzun-sure-kalici-100-ml-edp-erkek-parfum-p-220058044?boutiqueId=61&merchantId=139435
erkek:genel-erkek,142,142,12,22,8,962640785,112392,962640785:112392,Vichy Dercos Energisant Niasinamid İçeren Koparak Saç Dökülmesine Karşı Etkili Şampuan Refill 400 ml,Vichy,esatal,1197.84,,,InStock,,,,,4.337617823479005,555,4,217,"[""Kargo Bedava""]",Tahmini Teslim:,refreshed,0,https://www.trendyol.com/vichy/dercos-energisant-niasinamid-iceren-koparak-sac-dokulmesine-karsi-etkili-sampuan-refill-400-ml-p-962640785?boutiqueId=61&merchantId=112392
erkek:erkek-parfum,43,474,12,22.7,10.8,792486572,895323,792486572:895323,"glabella G10 Erkeksi, Çekici Edp Erkek Parfümü",glabella,Glabella Kozmetik,699,,0,InStock,,,,,4.1,683,0,675,"[""Kargo Bedava""]",2 saat 21 dakika içinde sipariş verirsen en geç bugün kargoda!,carried_forward,3,https://www.trendyol.com/glabella/g10-erkeksi-cekici-edp-erkek-parfumu-p-792486572?boutiqueId=61&merchantId=895323
erkek:erkek-parfum,44,475,12,65.6,17.4,883414437,138065,883414437:138065,Bargello 495 UNISEX PARFÜM EDP FLORAL 50 ml,Bargello,Bargello,300,600,0,InStock,,,,,4.1,87,0,67,"[""Süper Fırsat Ürünü""]",Tahmini Teslim:,carried_forward,3,https://www.trendyol.com/bargello/495-unisex-parfum-edp-floral-50-ml-p-883414437?boutiqueId=61&merchantId=138065
erkek:erkek-parfum,54,485,12,22.1,7.9,662088670,138065,662088670:138065,Bargello No:528 Erkek Parfüm Edp BGY 50 ml,Bargello,Menemosa Parfümeri (Kağıthane Bargello),900,,,InStock,,,,,4.3,575,0,357,"[""100 TL Kupon"",""Kargo Bedava""]",5 saat 20 dakika içinde sipariş verirsen en geç bugün kargoda!,carried_forward,3,https://www.trendyol.com/bargello/no-528-erkek-parfum-edp-bgy-50-ml-p-662088670?boutiqueId=61&merchantId=138065
erkek:erkek-parfum,59,490,12,27.4,2.6,31477168,105053,31477168:105053,Avon Wild Country Erkek Parfüm Edt 75 Ml.,Avon,AvonShop,495.9,,-0.6,InStock,,,,,4.3,2631,0,264,"[""Kargo Bedava""]",4 saat 20 dakika içinde sipariş verirsen en geç bugün kargoda!,carried_forward,3,https://www.trendyol.com/avon/wild-country-erkek-parfum-edt-75-ml-p-31477168?boutiqueId=61&merchantId=105053
erkek:erkek-parfum,138,569,12,20.3,9.7,4236775,107671,4236775:107671,Avva Black Hediye Kutulu EDC Erkek Parfüm 100 ml B009102,Avva,AVVA,719.99,,0,InStock,,,,,4.2,346,0,46,"[""100 TL Kupon""]",Tahmini Teslim:,carried_forward,4,https://www.trendyol.com/avva/black-hediye-kutulu-edc-erkek-parfum-100-ml-b009102-p-4236775?boutiqueId=61&merchantId=107671
erkek:genel-erkek,183,183,12,23.4,6.6,49724352,932912,49724352:932912,Wella Koleston Naturals 8/1 Açık Küllü Kumral Saç Boyası,Wella,Wella,321.8,,79.8,InStock,,,,,4.585889570552148,835,-1,293,"[""Sepette %50 İndirim"",""Süper Fırsat Ürünü""]",,refreshed,0,https://www.trendyol.com/wella/koleston-naturals-8-1-acik-kullu-kumral-sac-boyasi-p-49724352?boutiqueId=61&merchantId=932912
erkek:genel-erkek,62,62,12,34.9,10.4,84859,149326,84859:149326,Vichy Dercos Anti Dandruff Normal ve Yağlı Saçlar İçin Kepeklenmeye Karşı Etkili Bakım Şampuanı 390 ml,Vichy,Eczasepeti,1359,,0.7,InStock,Son 3 günde 250+ ürün satıldı!,3,250,83.3,4.436902119843882,6941,-14,3269,"[""Kargo Bedava""]",2 saat 51 dakika içinde sipariş verirsen en geç yarın kargoda!,refreshed,0,https://www.trendyol.com/vichy/dercos-anti-dandruff-normal-ve-yagli-saclar-icin-kepeklenmeye-karsi-etkili-bakim-sampuani-390-ml-p-84859?boutiqueId=61&merchantId=149326
erkek:genel-erkek,31,31,12,53.1,33.6,74439213,644720,74439213:644720,wiesmann 5 Katlı Metal Dolap İçi Akıllı Krom Kaplama Askı Pantolon Askısı 5 Katlı,wiesmann,BİLGEAĞAÇ,74.5,,0,InStock,Son 3 günde 500+ ürün satıldı!,3,500,166.7,4.395298632765651,2187,-18,111,"[""Trendyol Plus'a Özel""]",2 saat 51 dakika içinde sipariş verirsen en geç yarın kargoda!,refreshed,0,https://www.trendyol.com/wiesmann/5-katli-metal-dolap-ici-akilli-krom-kaplama-aski-pantolon-askisi-5-katli-p-74439213?boutiqueId=61&merchantId=644720
erkek:genel-erkek,18,18,11,78.7,51.2,1162265384,347,1162265384:347,AC&Co / Altınyıldız Classics Erkek Beyaz-Beyaz Pamuklu Slim Fit Dar Kesim Polo Yaka Tişört,AC&Co / Altınyıldız Classics,Altınyıldız Classics,249.99,279.99,0,InStock,Son 3 günde 500+ ürün satıldı!,3,500,166.7,4.438679245283019,90,4,11,"[""Son 10 Günün En Düşük Fiyatı"",""Kargo Bedava"",""Trendyol Plus'a Özel""]",2 saat 51 dakika içinde sipariş verirsen en geç yarın kargoda!,refreshed,0,https://www.trendyol.com/ac-co-altinyildiz-classics/erkek-beyaz-beyaz-pamuklu-slim-fit-dar-kesim-polo-yaka-tisort-p-1162265384?boutiqueId=61&merchantId=347
erkek:genel-erkek,60,60,11,32.4,12.2,823077320,294,823077320:294,Kiğılı Desenli Para Bölmeli Hediye Kutulu Kartlık Cüzdan,Kiğılı,Kiğılı,899,,0,InStock,Son 3 günde 250+ ürün satıldı!,3,250,83.3,4.600024189646831,3386,1,949,"[""100 TL Kupon"",""Süper Fırsat Ürünü""]",,refreshed,0,https://www.trendyol.com/kigili/desenli-para-bolmeli-hediye-kutulu-kartlik-cuzdan-p-823077320?boutiqueId=61&merchantId=294
erkek:genel-erkek,102,102,11,21.4,23.1,853843634,163,853843634:163,U.S. Polo Assn. Erkek Siyah Basic Polar Hırka 50298066-VR046,U.S. Polo Assn.,U.S. Polo Assn.,2099.95,,0,InStock,Son 3 günde 250+ ürün satıldı!,3,250,83.3,4.458966565349544,143,1,82,"[""Sepette %64 İndirim"",""100 TL Kupon"",""Süper Fırsat Ürünü"",""Kargo Bedava""]",Tahmini Teslim:,refreshed,0,https://www.trendyol.com/u-s-polo-assn/erkek-siyah-basic-polar-hirka-50298066-vr046-p-853843634?boutiqueId=61&merchantId=163
erkek:genel-erkek,48,48,11,28.6,31.5,1062156416,203783,1062156416:203783,BGK 5 Çift Krem Desenli Kadın Çorap,BGK,BGK,189.99,,0,InStock,Son 3 günde 500+ ürün satıldı!,3,500,166.7,4.3485193621867895,345,0,17,"[""Kargo Bedava""]",Tahmini Teslim:,refreshed,0,https://www.trendyol.com/bgk/5-cift-krem-desenli-kadin-corap-p-1062156416?boutiqueId=61&merchantId=203783
erkek:genel-erkek,148,148,11,13,17,1139133222,920156,1139133222:920156,zrv belli lastikli kumaş pantolon,zrv,ZRV,401.1,,0,InStock,,,,,3.522727272727273,41,0,98,"[""100 TL Kupon"",""Kargo Bedava""]",2 saat 49 dakika içinde sipariş verirsen en geç yarın kargoda!,refreshed,0,https://www.trendyol.com/zrv/belli-lastikli-kumas-pantolon-p-1139133222?boutiqueId=61&merchantId=920156
erkek:erkek-parfum,40,471,11,24.1,10.9,122958659,607077,122958659:607077,Bargello 193 UNISEX PARFÜM EDP ORIENTAL 50 ml,Bargello,Menemosa Parfümeri (Kağıthane Bargello),600,,0,InStock,,,,,4.4,1031,0,236,"[""Kargo Bedava""]",5 saat 21 dakika içinde sipariş verirsen en geç bugün kargoda!,carried_forward,3,https://www.trendyol.com/bargello/193-unisex-parfum-edp-oriental-50-ml-p-122958659?boutiqueId=61&merchantId=607077
erkek:erkek-parfum,46,477,11,18.1,13.9,299602593,139435,299602593:139435,TDRS Dark Brave Tarçın Özel Seri Uzun Süre Kalıcı 100 ml Edp Erkek Parfüm,TDRS,Tudors,418.4,,0,InStock,,,,,4.2,182,0,33,[],5 saat 21 dakika içinde sipariş verirsen en geç bugün kargoda!,carried_forward,3,https://www.trendyol.com/tdrs/dark-brave-tarcin-ozel-seri-uzun-sure-kalici-100-ml-edp-erkek-parfum-p-299602593?boutiqueId=61&merchantId=139435
erkek:genel-erkek,147,147,11,24.7,5.3,472204410,156433,472204410:156433,KOLPED Koltuk Altı Pedi Ter Emici Yapraklar 112 Adet (2 PAKET),KOLPED,dryandsoft,349,,0,InStock,,,,,4.293999194522755,1217,-1,168,"[""46 TL Kupon"",""305 TL Kupon"",""Kargo Bedava"",""Trendyol Plus'a Özel""]",2 saat 49 dakika içinde sipariş verirsen en geç yarın kargoda!,refreshed,0,https://www.trendyol.com/kolped/koltuk-alti-pedi-ter-emici-yapraklar-112-adet-2-paket-p-472204410?boutiqueId=61&merchantId=156433
erkek:genel-erkek,12,12,11,115.1,60.7,99672353,347,99672353:347,AC&Co / Altınyıldız Classics Erkek Çekmeyen Pamuklu Kumaş Slim Fit Dar Kesim Simsiyah Kıvrılmaz Polo Yaka T-shirt,AC&Co / Altınyıldız Classics,Altınyıldız Classics,419.99,469.99,0,InStock,Son 3 günde 1B+ ürün satıldı!,3,1000,333.3,4.604993092559701,9547,-27,156,"[""100 TL Kupon"",""Son 10 Günün En Düşük Fiyatı"",""Trendyol Plus'a Özel""]",2 saat 51 dakika içinde sipariş verirsen en geç yarın kargoda!,refreshed,0,https://www.trendyol.com/ac-co-altinyildiz-classics/erkek-cekmeyen-pamuklu-kumas-slim-fit-dar-kesim-simsiyah-kivrilmaz-polo-yaka-t-shirt-p-99672353?boutiqueId=61&merchantId=347
erkek:genel-erkek,118,118,10,24.3,5.7,1140342209,163,1140342209:163,U.S. Polo Assn. Erkek Siyah Uzun Kollu Basic Gömlek 50324708-VR046,U.S. Polo Assn. Erkek,U.S. Polo Assn.,1999.95,,0,InStock,,,,,4.596856581532417,1084,-22,496,"[""Sepette %64 İndirim"",""100 TL Kupon"",""Süper Fırsat Ürünü"",""Kargo Bedava""]",Tahmini Teslim:,refreshed,0,https://www.trendyol.com/u-s-polo-assn/erkek-siyah-uzun-kollu-basic-gomlek-50324708-vr046-p-1140342209?boutiqueId=61&merchantId=163
erkek:genel-erkek,122,122,9,46.6,5.3,902904530,139435,902904530:139435,Tudors 2'li Paket Siyah-Beyaz Slim Fit Kolay Ütülenebilir Ter Konforu Sağlayan Dört Mevsim Erkek Gömlek,Tudors,Tudors,663.62,849.21,-21.9,InStock,,,,,4.242968749999999,1214,11,793,"[""100 TL Kupon"",""Kargo Bedava"",""Son 10 Günün En Düşük Fiyatı"",""Süper Fırsat Ürünü"",""Son 10 günün en düşük fiyatı""]",Tahmini Teslim:,refreshed,0,https://www.trendyol.com/tudors/2-li-paket-siyah-beyaz-slim-fit-kolay-utulenebilir-ter-konforu-saglayan-dort-mevsim-erkek-gomlek-p-902904530?boutiqueId=61&merchantId=139435
erkek:erkek-parfum,2,433,9,130.7,38.9,354112840,674296,354112840:674296,Mad Parfüm Mad A115 Selective 50 ml Erkek Parfüm,Mad Parfüm,MAD PARFÜM,449.99,599.99,-25,InStock,Son 3 günde 250+ ürün satıldı!,3,250,83.3,4.4,1556,0,814,"[""Kargo Bedava""]",14 saat 25 dakika içinde sipariş verirsen en geç yarın kargoda!,carried_forward,0,https://www.trendyol.com/mad-parfum/mad-a115-selective-50-ml-erkek-parfum-p-354112840?boutiqueId=61&merchantId=674296
erkek:erkek-parfum,142,573,9,39.5,15.5,354117494,674296,354117494:674296,Mad Parfüm Mad B104 Selective 50 ml Erkek Parfüm,Mad Parfüm,MAD PARFÜM,449.99,599.99,-25,InStock,,,,,4.4,64,0,43,"[""Kargo Bedava""]",Tahmini Teslim:,carried_forward,3,https://www.trendyol.com/mad-parfum/mad-b104-selective-50-ml-erkek-parfum-p-354117494?boutiqueId=61&merchantId=674296
erkek:genel-erkek,28,28,7,60.8,33.3,890669535,1047362,890669535:1047362,Embeauty Kepek Kaşıntı Ve Egzama Karşıtı 9 Aktifli Kepek Karşıtı Tuzsuz Sampuan 400 ml,Embeauty,CosmeticBox,394.72,,0,InStock,Son 3 günde 500+ ürün satıldı!,3,500,166.7,3.9777959406075465,3655,7,1420,"[""Kargo Bedava""]",Tahmini Teslim:,refreshed,0,https://www.trendyol.com/embeauty/kepek-kasinti-ve-egzama-karsiti-9-aktifli-kepek-karsiti-tuzsuz-sampuan-400-ml-p-890669535?boutiqueId=61&merchantId=1047362
erkek:erkek-parfum,11,442,7,79,28.5,803932674,895323,803932674:895323,glabella G51 You İntensely Edp Erkek Parfüm,glabella,Glabella Kozmetik,699,,0,InStock,,,,,4.1,415,4,294,"[""Kargo Bedava""]",2 saat 21 dakika içinde sipariş verirsen en geç bugün kargoda!,carried_forward,0,https://www.trendyol.com/glabella/g51-you-intensely-edp-erkek-parfum-p-803932674?boutiqueId=61&merchantId=895323
erkek:genel-erkek,208,208,7,21.5,8.5,750774812,1257068,750774812:1257068,"Genel Markalar 165 Adet Krem Inci Yüz, Vücut, Saç Stickeri Kendinden Yapışkanlı Boy Boy",Genel Markalar,Zerina Saç Aksesuar,21.99,,-37.2,InStock,,,,,4.146080760095012,489,0,122,"[""Kargo Bedava""]",2 saat 48 dakika içinde sipariş verirsen en geç yarın kargoda!,refreshed,0,https://www.trendyol.com/genel-markalar/165-adet-krem-inci-yuz-vucut-sac-stickeri-kendinden-yapiskanli-boy-boy-p-750774812?boutiqueId=61&merchantId=1257068
erkek:genel-erkek,11,11,7,111,61.2,224555799,347,224555799:347,AC&Co / Altınyıldız Classics Erkek/unisex Beyaz %100 Pamuk Slim Fit Dar Kesim Bisiklet Yaka Basic Tişört,AC&Co / Altınyıldız Classics,Altınyıldız Classics,286.44,299.99,-4.5,InStock,Son 3 günde 1B+ ürün satıldı!,3,1000,333.3,4.484944532488114,9543,-14,365,"[""Son 10 Günün En Düşük Fiyatı"",""Kargo Bedava"",""Trendyol Plus'a Özel""]",2 saat 51 dakika içinde sipariş verirsen en geç yarın kargoda!,refreshed,0,https://www.trendyol.com/ac-co-altinyildiz-classics/erkek-unisex-beyaz-100-pamuk-slim-fit-dar-kesim-bisiklet-yaka-basic-tisort-p-224555799?boutiqueId=61&merchantId=347
erkek:erkek-parfum,1,432,6,111.5,35.6,875718490,650812,875718490:650812,Jeven Brus Girl Magnet Erkek Parfüm - Extrait de Parfum 50 ml,Jeven Brus,Jeven Brus Parfüm,1890,,0,InStock,Son 3 günde 250+ ürün satıldı!,3,250,83.3,4.3,4614,2,438,"[""Kargo Bedava""]",Tahmini Teslim:,carried_forward,0,https://www.trendyol.com/jeven-brus/girl-magnet-erkek-parfum-extrait-de-parfum-50-ml-p-875718490?boutiqueId=61&merchantId=650812
erkek:genel-erkek,277,277,6,23.5,6.5,1262299,107819,1262299:107819,L'Oreal Paris Magic Retouch Beyaz Saçlar İçin Kapatıcı Koyu Kahverengi Saç Spreyi 75 Ml,L'Oreal Paris Magic,L'Oreal,395.92,,25,InStock,,,,,4.3392967304133245,858,0,270,"[""59 TL Kupon""]",2 saat 46 dakika içinde sipariş verirsen en geç yarın kargoda!,refreshed,0,https://www.trendyol.com/l-oreal-paris/magic-retouch-beyaz-saclar-icin-kapatici-koyu-kahverengi-sac-spreyi-75-ml-p-1262299?boutiqueId=61&merchantId=107819
erkek:erkek-parfum,29,460,6,46.1,16.4,2426377,934163,2426377:934163,Slazenger Edt 125 Ml + 150 Ml Deo Mavi,Slazenger,DAĞDEVİREN GROSS,722.81,,0.6,InStock,,,,,4.5,1030,0,179,"[""Kargo Bedava""]",1 saat 21 dakika içinde sipariş verirsen en geç bugün kargoda!,carried_forward,3,https://www.trendyol.com/slazenger/edt-125-ml-150-ml-deo-mavi-p-2426377?boutiqueId=61&merchantId=934163
erkek:erkek-parfum,211,642,6,22.4,12.7,58621734,1193,58621734:1193,SÜVARİ Süvari Special Edition Özel Seri Kalıcı Erkek Parfüm,SÜVARİ,Süvari,369.9,389.9,0,InStock,,,,,4,143,0,,"[""100 TL Kupon"",""Kargo Bedava""]",Tahmini Teslim:,carried_forward,4,https://www.trendyol.com/suvari/suvari-special-edition-ozel-seri-kalici-erkek-parfum-p-58621734?boutiqueId=61&merchantId=1193
erkek:genel-erkek,241,241,6,53.7,2.2,322983630,173673,322983630:173673,YNS LEATHER Siyah Erkek Cüzdan Isim Baskılı Kişiye Özel,YNS LEATHER,DERİSİPARİS,199.99,269.99,0,InStock,,,,,4.482177450600543,3003,-1,2671,"[""Son 10 Günün En Düşük Fiyatı""]",2 saat 47 dakika içinde sipariş verirsen en geç yarın kargoda!,refreshed,0,https://www.trendyol.com/yns-leather/siyah-erkek-cuzdan-isim-baskili-kisiye-ozel-p-322983630?boutiqueId=61&merchantId=173673
erkek:genel-erkek,27,27,6,65.9,32.3,755959339,203783,755959339:203783,BGK Unisex 8 Çift Pamuklu Basic Derbili Çorap,BGK,BGK,199.99,,0,InStock,Son 3 günde 500+ ürün satıldı!,3,500,166.7,4.360880953653713,8740,-6,320,"[""Kargo Bedava""]",Tahmini Teslim:,refreshed,0,https://www.trendyol.com/bgk/unisex-8-cift-pamuklu-basic-derbili-corap-p-755959339?boutiqueId=61&merchantId=203783
erkek:genel-erkek,50,50,5,33.3,25.9,754766166,852210,754766166:852210,GIGI MILANO Erkek Parfüm - Las Vegas Night Pour Homme Erkek Parfüm 50 Ml Afrodizyak erkek parfüm,GIGI MILANO,Gigi Milano,1980,,0,InStock,Son 3 günde 500+ ürün satıldı!,3,500,166.7,4.493404982901808,1303,7,671,"[""Kargo Bedava""]",Tahmini Teslim:,refreshed,0,https://www.trendyol.com/gigi-milano/erkek-parfum-las-vegas-night-pour-homme-erkek-parfum-50-ml-afrodizyak-erkek-parfum-p-754766166?boutiqueId=61&merchantId=852210
erkek:erkek-parfum,71,502,5,20.2,9.8,2426400,1083177,2426400:1083177,Slazenger Active Sport Mavi Edt 125 ml,Slazenger,DAĞDEVİREN GROSS,550.77,,-7.9,InStock,,,,,4.5,335,0,123,"[""Kargo Bedava""]",1 saat 20 dakika içinde sipariş verirsen en geç bugün kargoda!,carried_forward,3,https://www.trendyol.com/slazenger/active-sport-mavi-edt-125-ml-p-2426400?boutiqueId=61&merchantId=1083177
erkek:erkek-parfum,147,578,5,20.5,9.5,283613167,301311,283613167:301311,Bargello 567 Edp Oriental Erkek Parfüm 2 Adet 50 ml - Rsaf567,Bargello,Bargello Parfüm Center,900,,0,InStock,,,,,4.3,360,0,230,"[""Kargo Bedava""]",6 saat 18 dakika içinde sipariş verirsen en geç bugün kargoda!,carried_forward,3,https://www.trendyol.com/bargello/567-edp-oriental-erkek-parfum-2-adet-50-ml-rsaf567-p-283613167?boutiqueId=61&merchantId=301311
erkek:erkek-parfum,4,435,4,101,38.6,971345979,733266,971345979:733266,LumenaScent S501 Erkek Parfüm Fresh Edp 50 ml,LumenaScent,FarmaStar,499,,0,InStock,Son 3 günde 250+ ürün satıldı!,3,250,83.3,4,1275,4,122,"[""Kargo Bedava""]",Tahmini Teslim:,carried_forward,0,https://www.trendyol.com/lumenascent/s501-erkek-parfum-fresh-edp-50-ml-p-971345979?boutiqueId=61&merchantId=733266
erkek:genel-erkek,68,68,4,26.7,17.9,843843450,150331,843843450:150331,Stradivarius Fiyonklu kumaş shopper çanta,Stradivarius,Stradivarius,1290,,0,InStock,Son 3 günde 250+ ürün satıldı!,3,250,83.3,4.552825552825553,650,2,0,"[""Peşin Fiyatına 3 Taksit"",""Son 10 Günün En Düşük Fiyatı"",""Trendyol Plus'a Özel""]",Tahmini Teslim:,refreshed,0,https://www.trendyol.com/stradivarius/fiyonklu-kumas-shopper-canta-p-843843450?boutiqueId=61&merchantId=150331
erkek:erkek-parfum,9,440,4,89.3,23.2,210516046,936059,210516046:936059,Mad Parfüm Mad Narcotic 100 ml Erkek Parfüm - Unisex | Çiçeksi . Meyvemsi . Karizmatik,Mad Parfüm,MAD PARFÜM,1999,,0,InStock,,,,,4.3,2559,2,1071,"[""Kargo Bedava""]",14 saat 23 dakika içinde sipariş verirsen en geç yarın kargoda!,carried_forward,0,https://www.trendyol.com/mad-parfum/mad-narcotic-100-ml-erkek-parfum-unisex-ciceksi-meyvemsi-karizmatik-p-210516046?boutiqueId=61&merchantId=936059
erkek:genel-erkek,93,93,4,25.7,4.3,752799488,155108,752799488:155108,citycenterfashion Unisex Okul Sırt Çantası Astar ve Askıları Güçlendirilmiş Lüx Krinkıl Su Geçirmez Kumaş Büyük Boy cty-lbn-301,citycenterfashion,city center fashion,1149.99,,0,InStock,,,,,4.463978849966953,1639,0,444,"[""Kargo Bedava""]",2 saat 50 dakika içinde sipariş verirsen en geç yarın kargoda!,refreshed,0,https://www.trendyol.com/citycenterfashion/unisex-okul-sirt-cantasi-astar-ve-askilari-guclendirilmis-lux-krinkil-su-gecirmez-kumas-buyuk-boy-cty-lbn-301-p-752799488?boutiqueId=61&merchantId=155108
erkek:erkek-parfum,154,585,4,17.3,12.7,92900752,360260,92900752:360260,D&P Perfumum A2 Erkek Parfüm Edp 100 ml,D&P Perfumum A2,DP PARFÜM,900,,0,InStock,,,,,4.4,146,0,219,"[""Kargo Bedava""]",Tahmini Teslim:,carried_forward,4,https://www.trendyol.com/d-p-perfumum/a2-erkek-parfum-edp-100-ml-p-92900752?boutiqueId=61&merchantId=360260
erkek:genel-erkek,24,24,3,68.4,35.8,110697589,916075,110697589:916075,Tutku 8'li Fırsat Ürünü! Erkek Penye Havlu Bel Boxer Karışık Renk.,Tutku,TUTKU ELİT,635,,0,InStock,Son 3 günde 500+ ürün satıldı!,3,500,166.7,4.508030057462799,3211,3,1110,"[""Kargo Bedava""]",2 saat 51 dakika içinde sipariş verirsen en geç yarın kargoda!,refreshed,0,https://www.trendyol.com/tutku/8-li-firsat-urunu-erkek-penye-havlu-bel-boxer-karisik-renk-p-110697589?boutiqueId=61&merchantId=916075
erkek:genel-erkek,41,41,3,35.4,28.2,355160074,674296,355160074:674296,Mad Parfüm Mad A114 Selective 50 ml Erkek Parfüm,Mad Parfüm,MAD PARFÜM,599.99,,0,InStock,Son 3 günde 500+ ürün satıldı!,3,500,166.7,4.489800123634865,2441,2,1052,"[""Kargo Bedava""]",2 saat 51 dakika içinde sipariş verirsen en geç yarın kargoda!,refreshed,0,https://www.trendyol.com/mad-parfum/mad-a114-selective-50-ml-erkek-parfum-p-355160074?boutiqueId=61&merchantId=674296
erkek:genel-erkek,42,42,3,45,24.8,808468662,139435,808468662:139435,Tudors Erkek Slim Fit Dar Kesim Pamuklu Yumuşak Doku Kumaş Kıvrılmaz Yaka Siyah Polo Yaka Tişört,Tudors,Tudors,369.23,388.11,-4.9,InStock,Son 3 günde 500+ ürün satıldı!,3,500,166.7,4.540685758599679,9294,1,3228,"[""100 TL Kupon"",""Son 10 Günün En Düşük Fiyatı"",""Kargo Bedava"",""Son 10 günün en düşük fiyatı""]",2 saat 51 dakika içinde sipariş verirsen en geç yarın kargoda!,refreshed,0,https://www.trendyol.com/tudors/erkek-slim-fit-dar-kesim-pamuklu-yumusak-doku-kumas-kivrilmaz-yaka-siyah-polo-yaka-tisort-p-808468662?boutiqueId=61&merchantId=139435
erkek:genel-erkek,215,215,3,20.3,9.7,926379900,139435,926379900:139435,Tudors 6 Adet Compact Penye Siyah-Beyaz-Gri Erkek Atlet Pamuklu Standart Fit Normal Kesim 6'lı Paket,Tudors,Tudors,746.42,,-1.1,InStock,,,,,4.391739674593242,345,0,110,"[""100 TL Kupon"",""Kargo Bedava"",""Trendyol Plus'a Özel""]",2 saat 48 dakika içinde sipariş verirsen en geç yarın kargoda!,refreshed,0,https://www.trendyol.com/tudors/6-adet-compact-penye-siyah-beyaz-gri-erkek-atlet-pamuklu-standart-fit-normal-kesim-6-li-paket-p-926379900?boutiqueId=61&merchantId=139435
erkek:erkek-parfum,6,437,3,102.4,32.4,1206454,133021,1206454:133021,Avon Perceive Erkek Parfüm Edt 100 Ml.,Avon,AvonShop,744,,,InStock,Son 3 günde 250+ ürün satıldı!,3,250,83.3,4.3,5967,0,545,"[""Kargo Bedava""]",Tahmini Teslim:,carried_forward,2,https://www.trendyol.com/avon/perceive-erkek-parfum-edt-100-ml-p-1206454?boutiqueId=61&merchantId=133021
erkek:erkek-parfum,107,538,3,23.3,13,2173976,736295,2173976:736295,Caldion Classic Erkek Parfüm Edt 100 ml,Caldion,Nysa,449.99,479.99,0,InStock,,,,,4.4,132,0,32,"[""Kargo Bedava"",""Son 10 Günün En Düşük Fiyatı""]",7 saat 19 dakika içinde sipariş verirsen en geç bugün kargoda!,carried_forward,3,https://www.trendyol.com/caldion/classic-erkek-parfum-edt-100-ml-p-2173976?boutiqueId=61&merchantId=736295
erkek:genel-erkek,14,14,3,103.8,59.7,220686963,347,220686963:347,AC&Co / Altınyıldız Classics Erkek/unisex Siyah %100 Pamuk Slim Fit Dar Kesim Bisiklet Yaka Basic Tişört,AC&Co / Altınyıldız Classics,Altınyıldız Classics,307.99,319.99,-3.8,InStock,Son 3 günde 1B+ ürün satıldı!,3,1000,333.3,4.597533216875762,8303,-26,211,"[""100 TL Kupon"",""Son 10 Günün En Düşük Fiyatı"",""Trendyol Plus'a Özel""]",2 saat 51 dakika içinde sipariş verirsen en geç yarın kargoda!,refreshed,0,https://www.trendyol.com/ac-co-altinyildiz-classics/erkek-unisex-siyah-100-pamuk-slim-fit-dar-kesim-bisiklet-yaka-basic-tisort-p-220686963?boutiqueId=61&merchantId=347
erkek:genel-erkek,61,61,2,34.2,10.4,819588224,139435,819588224:139435,Tudors Unisex Slim Fit Dar Kesim %100 Pamuk Yumuşak Dokulu Siyah Bisiklet Yaka Tişört,Tudors,Tudors,325.11,,-1.2,InStock,Son 3 günde 250+ ürün satıldı!,3,250,83.3,4.562118296661925,5620,2,1667,"[""100 TL Kupon"",""Kargo Bedava"",""Trendyol Plus'a Özel""]",2 saat 51 dakika içinde sipariş verirsen en geç yarın kargoda!,refreshed,0,https://www.trendyol.com/tudors/unisex-slim-fit-dar-kesim-100-pamuk-yumusak-dokulu-siyah-bisiklet-yaka-tisort-p-819588224?boutiqueId=61&merchantId=139435
erkek:erkek-parfum,48,479,2,18.9,12.1,131440591,112651,131440591:112651,Poloair Elegant Black Erkek Parfüm Eau De Toılette 100 Ml Men,Poloair,marka7,489.9,,29.8,InStock,,,,,4.4,229,0,86,"[""40 TL Kupon"",""Kargo Bedava""]",3 saat 21 dakika içinde sipariş verirsen en geç bugün kargoda!,carried_forward,3,https://www.trendyol.com/poloair/elegant-black-erkek-parfum-eau-de-toilette-100-ml-men-p-131440591?boutiqueId=61&merchantId=112651
erkek:erkek-parfum,63,494,2,18.9,11.1,844933663,674296,844933663:674296,Mad Parfüm Mad Draco 100 ml Unisex Parfüm | Citrus . Oriental . Karizmatik,Mad Parfüm,MAD PARFÜM,1999.99,,0,InStock,,,,,4.4,227,0,179,"[""Kargo Bedava""]",Tahmini Teslim:,carried_forward,3,https://www.trendyol.com/mad-parfum/mad-draco-100-ml-unisex-parfum-citrus-oriental-karizmatik-p-844933663?boutiqueId=61&merchantId=674296
erkek:genel-erkek,4,4,2,135.3,73,474728905,707288,474728905:707288,ORNATE Karınca Yumurtası Yağlı Tüy Azaltıcı Ve Tüy Serum 30ml %0.5 Formic Acid %10 Aloe Vera,ORNATE,Beauty Stock,344.99,,47.1,InStock,Son 3 günde 2B+ ürün satıldı!,3,2000,666.7,4.279152456280386,14445,-40,8245,"[""Kargo Bedava""]",2 saat 52 dakika içinde sipariş verirsen en geç yarın kargoda!,refreshed,0,https://www.trendyol.com/ornate/karinca-yumurtasi-yagli-tuy-azaltici-ve-tuy-serum-30ml-0-5-formic-acid-10-aloe-vera-p-474728905?boutiqueId=61&merchantId=707288
erkek:genel-erkek,9,9,1,144.1,62.2,729812633,139435,729812633:139435,TDRS Narcotic 100 ML Bergamot Özel Seri Uzun Süre Kalıcı Erkek Parfüm,TDRS,Tudors,393.56,586.31,-32.9,InStock,Son 3 günde 1B+ ürün satıldı!,3,1000,333.3,4.229075708313981,11519,14,1396,"[""Son 10 Günün En Düşük Fiyatı"",""Süper Fırsat Ürünü"",""Kargo Bedava"",""Son 10 günün en düşük fiyatı""]",2 saat 52 dakika içinde sipariş verirsen en geç yarın kargoda!,refreshed,0,https://www.trendyol.com/tdrs/narcotic-100-ml-bergamot-ozel-seri-uzun-sure-kalici-erkek-parfum-p-729812633?boutiqueId=61&merchantId=139435
erkek:genel-erkek,53,53,1,32.1,12.5,782524026,1147300,782524026:1147300,Uraw Tüy Dökücü Epilasyon Kremi | Hızlı Sonuç & Acısız Uygulama 250 ml,Uraw,Uraw Company,498.35,,0,InStock,Son 3 günde 250+ ürün satıldı!,3,250,83.3,3.5451403887688984,3060,3,2263,"[""Kargo Bedava""]",2 saat 51 dakika içinde sipariş verirsen en geç yarın kargoda!,refreshed,0,https://www.trendyol.com/uraw/tuy-dokucu-epilasyon-kremi-hizli-sonuc-acisiz-uygulama-250-ml-p-782524026?boutiqueId=61&merchantId=1147300
erkek:erkek-parfum,10,441,1,86.4,23.6,211235327,936059,211235327:936059,Mad Parfüm Mad Bruno Gold 100 ml Unisex Parfüm | Meyvemsi . Amber . Etkileyici,Mad Parfüm,MAD PARFÜM,1999,,0,InStock,,,,,4.3,1988,2,1016,"[""Kargo Bedava""]",14 saat 23 dakika içinde sipariş verirsen en geç yarın kargoda!,carried_forward,0,https://www.trendyol.com/mad-parfum/mad-bruno-gold-100-ml-unisex-parfum-meyvemsi-amber-etkileyici-p-211235327?boutiqueId=61&merchantId=936059
erkek:erkek-parfum,38,469,1,24.2,15.8,376663169,301311,376663169:301311,Bargello 575 Edp Woody Erkek Parfüm 2 Adet 50 ml,Bargello,Bargello Parfüm Center,900,,0,InStock,,,,,4.6,338,0,175,"[""Kargo Bedava""]",Tahmini Teslim:,carried_forward,3,https://www.trendyol.com/bargello/575-edp-woody-erkek-parfum-2-adet-50-ml-p-376663169?boutiqueId=61&merchantId=301311
erkek:erkek-parfum,85,516,1,43.2,11.8,354112517,674296,354112517:674296,Mad Parfüm Mad W192 Selective 50 ml Erkek Parfüm,Mad Parfüm,MAD PARFÜM,449.99,599.99,-25,InStock,,,,,4.1,185,0,165,"[""Kargo Bedava""]",Tahmini Teslim:,carried_forward,3,https://www.trendyol.com/mad-parfum/mad-w192-selective-50-ml-erkek-parfum-p-354112517?boutiqueId=61&merchantId=674296
erkek:genel-erkek,1,1,0,145.5,74.5,776827526,1279865,776827526:1279865,Embeauty 9 Aktifli Saç Dökülmesine Karşı Hızlı Saç Uzatan & Onarıcı Dolgunlaştırıcı Besleyici Şampuan 400 ML,Embeauty,Viel Kozmetik,419,,0,InStock,Son 3 günde 10B+ ürün satıldı!,3,10000,3333.3,4.111800596269846,48041,28,10000,"[""Kargo Bedava"",""Trendyol Plus'a Özel""]",Tahmini Teslim:,refreshed,0,https://www.trendyol.com/embeauty/9-aktifli-sac-dokulmesine-karsi-hizli-sac-uzatan-onarici-dolgunlastirici-besleyici-sampuan-400-ml-p-776827526?boutiqueId=61&merchantId=1279865
erkek:genel-erkek,295,295,,55.2,8.1,4569763,236420,4569763:236420,Emporio Armani Stronger With You Intensely EDP 100 ml Erkek Parfüm 3614272225718,Emporio Armani,ARMANI BEAUTY,4999,7500,-4.8,InStock,,,,,4.159255429162358,549,27,324,"[""100 TL Kupon"",""Kargo Bedava"",""Son 10 Günün En Düşük Fiyatı"",""Süper Fırsat Ürünü"",""Son 10 günün en düşük fiyatı""]",Tahmini Teslim:,refreshed,0,https://www.trendyol.com/emporio-armani/stronger-with-you-intensely-edp-100-ml-erkek-parfum-3614272225718-p-4569763?boutiqueId=61&merchantId=236420
erkek:genel-erkek,7,7,0,122.6,71.5,841178228,650812,841178228:650812,Jeven Brus Kiss Me Erkek Parfüm - Edp 50 ml,Jeven Brus,Jeven Brus Parfüm,1890,,0,InStock,"Son 3 günde 1,5B+ ürün satıldı!",3,1500,500,4.224349101576824,8838,20,1447,"[""Kargo Bedava""]",2 saat 52 dakika içinde sipariş verirsen en geç yarın kargoda!,refreshed,0,https://www.trendyol.com/jeven-brus/kiss-me-erkek-parfum-edp-50-ml-p-841178228?boutiqueId=61&merchantId=650812
erkek:genel-erkek,3,3,0,133.9,78.3,940900057,707288,940900057:707288,"ORNATE Karınca Tüy Azaltıcı Beyazlatıcı, Koku Ve Ter Karşıtı Unisex Doğal Roll On - Aliminyum Içermez",ORNATE,Beauty Stock,256.28,268.97,0,InStock,Son 3 günde 2B+ ürün satıldı!,3,2000,666.7,4.1864139020537126,1394,11,85,"[""Son 10 Günün En Düşük Fiyatı""]",,refreshed,0,https://www.trendyol.com/ornate/karinca-tuy-azaltici-beyazlatici-koku-ve-ter-karsiti-unisex-dogal-roll-on-aliminyum-icermez-p-940900057?boutiqueId=61&merchantId=707288
erkek:genel-erkek,2,2,0,131.5,78.5,900381109,1224693,900381109:1224693,"icollagen Kolajen, Isırgan Otu, Prebiyotik Şampuan - Dökülen Ve Geç Uzayan Yağlanma Karşıtı",icollagen,Doctamin iCollagen,450,,0,InStock,Son 3 günde 2B+ ürün satıldı!,3,2000,666.7,4.367857142857143,1553,10,495,"[""Kargo Bedava""]",Tahmini Teslim:,refreshed,0,https://www.trendyol.com/icollagen/kolajen-isirgan-otu-prebiyotik-sampuan-dokulen-ve-gec-uzayan-yaglanma-karsiti-p-900381109?boutiqueId=61&merchantId=1224693
erkek:genel-erkek,249,249,0,17.2,12.8,1044784085,139435,1044784085:139435,Tudors Erkek Slim Fit Dar Kesim Beli Lastikli Bağcık Detaylı Siyah Pantolon,Tudors,Tudors,742.99,,0.3,InStock,,,,,4.23728813559322,142,2,320,"[""100 TL Kupon"",""Kargo Bedava"",""Trendyol Plus'a Özel""]",2 saat 47 dakika içinde sipariş verirsen en geç yarın kargoda!,refreshed,0,https://www.trendyol.com/tudors/erkek-slim-fit-dar-kesim-beli-lastikli-bagcik-detayli-siyah-pantolon-p-1044784085?boutiqueId=61&merchantId=139435
erkek:genel-erkek,5,5,-1,127.7,74.8,1057332988,1080836,1057332988:1080836,gloceans feel the glow Peptide Complex & Keratin Saç Dökülmesine Karşı Sağlıklı Saç Uzatan Onarıcı Besleyici Şampuan,gloceans feel the glow,GLOCEANS,475.9,,0,InStock,Son 3 günde 2B+ ürün satıldı!,3,2000,666.7,4.194284775825259,2879,4,1338,"[""Sepette %25 İndirim"",""Kargo Bedava""]",2 saat 52 dakika içinde sipariş verirsen en geç yarın kargoda!,refreshed,0,https://www.trendyol.com/gloceans-feel-the-glow/peptide-complex-keratin-sac-dokulmesine-karsi-saglikli-sac-uzatan-onarici-besleyici-sampuan-p-1057332988?boutiqueId=61&merchantId=1080836
erkek:genel-erkek,57,57,-1,28.5,16.1,827612518,261439,827612518:261439,HANKARAYEL Ekonomik Düz Çorap Seti 10’çift,HANKARAYEL,Karayel çorap,197,,0,InStock,Son 3 günde 250+ ürün satıldı!,3,250,83.3,4.2614789753504105,1104,3,76,"[""Sepette %1 İndirim"",""Kargo Bedava"",""Trendyol Plus'a Özel""]",2 saat 51 dakika içinde sipariş verirsen en geç yarın kargoda!,refreshed,0,https://www.trendyol.com/hankarayel/ekonomik-duz-corap-seti-10-cift-p-827612518?boutiqueId=61&merchantId=261439
erkek:erkek-parfum,3,434,-2,102,40.1,794009493,895323,794009493:895323,glabella G75 Kirke Edp Erkek Parfüm,glabella,Glabella Kozmetik,699,,0,InStock,Son 3 günde 250+ ürün satıldı!,3,250,83.3,4.1,957,3,484,"[""Kargo Bedava""]",2 saat 24 dakika içinde sipariş verirsen en geç bugün kargoda!,carried_forward,0,https://www.trendyol.com/glabella/g75-kirke-edp-erkek-parfum-p-794009493?boutiqueId=61&merchantId=895323
erkek:genel-erkek,16,16,-4,88.7,37.8,316160450,1305096,316160450:1305096,rise and shine Antiperspirant Whitening Roll-on - 75 ml,rise and shine,LUNESSA KOZMETİK,199,,0,InStock,Son 3 günde 500+ ürün satıldı!,3,500,166.7,4.423285198555956,11049,5,1755,"[""Kargo Bedava""]",2 saat 51 dakika içinde sipariş verirsen en geç yarın kargoda!,refreshed,0,https://www.trendyol.com/rise-and-shine/antiperspirant-whitening-roll-on-75-ml-p-316160450?boutiqueId=61&merchantId=1305096
erkek:genel-erkek,15,15,-4,87.1,39.6,355132936,674296,355132936:674296,Mad Parfüm Mad P102 Selective 50 ml Erkek Parfüm,Mad Parfüm,MAD PARFÜM,599.99,,0,InStock,Son 3 günde 500+ ürün satıldı!,3,500,166.7,4.487234614350981,3962,4,2031,"[""Kargo Bedava""]",2 saat 51 dakika içinde sipariş verirsen en geç yarın kargoda!,refreshed,0,https://www.trendyol.com/mad-parfum/mad-p102-selective-50-ml-erkek-parfum-p-355132936?boutiqueId=61&merchantId=674296
erkek:genel-erkek,26,26,-4,65.1,34.1,695807899,106852,695807899:106852,Siveno %100 Doğal Roll-on Beyazlatıcı Etkili Deodorant Ter Kokusu Önleyici Bitkisel Lekesiz Vegan 50 ml,Siveno,Siveno,299.88,,0,InStock,Son 3 günde 500+ ürün satıldı!,3,500,166.7,4.504761904761905,3956,1,835,"[""Kargo Bedava"",""Trendyol Plus'a Özel""]",2 saat 51 dakika içinde sipariş verirsen en geç yarın kargoda!,refreshed,0,https://www.trendyol.com/siveno/100-dogal-roll-on-beyazlatici-etkili-deodorant-ter-kokusu-onleyici-bitkisel-lekesiz-vegan-50-ml-p-695807899?boutiqueId=61&merchantId=106852
erkek:genel-erkek,158,158,-4,23.3,7.4,1044998856,106591,1044998856:106591,Paul Parker Erkek 10'lu Pamuklu Likralı Siyah Boxer,Paul Parker,PAUL PARKER,330,332.22,-4.3,InStock,,,,,3.4977409638554215,663,1,,"[""Sepette %2 İndirim"",""3 TL Kupon"",""Kargo Bedava"",""Trendyol Plus'a Özel""]",Tahmini Teslim:,refreshed,0,https://www.trendyol.com/paul-parker/erkek-10-lu-pamuklu-likrali-siyah-boxer-p-1044998856?boutiqueId=61&merchantId=106591
erkek:genel-erkek,157,157,-5,26.1,3.9,905023641,1060158,905023641:1060158,PHELSİUM Dökülme Karşıtı Kemik İlikli Bakım Şampuanı 500 ml,PHELSİUM,Online Sipariş,359,,12.5,InStock,,,,,4.195987654320987,1825,2,820,"[""Kargo Bedava""]",Tahmini Teslim:,refreshed,0,https://www.trendyol.com/phelsium/dokulme-karsiti-kemik-ilikli-bakim-sampuani-500-ml-p-905023641?boutiqueId=61&merchantId=1060158
erkek:genel-erkek,21,21,-6,72.6,39.1,871327021,139435,871327021:139435,Tudors Erkek 5'li Pamuklu Likralı Esnek Kumaş Boxer,Tudors,Tudors,443.52,,-0.3,InStock,Son 3 günde 500+ ürün satıldı!,3,500,166.7,3.8874187037452343,1901,3,45,"[""100 TL Kupon"",""Kargo Bedava"",""Trendyol Plus'a Özel""]",2 saat 51 dakika içinde sipariş verirsen en geç yarın kargoda!,refreshed,0,https://www.trendyol.com/tudors/erkek-5-li-pamuklu-likrali-esnek-kumas-boxer-p-871327021?boutiqueId=61&merchantId=139435
erkek:genel-erkek,195,195,-6,25.1,4.9,861126619,465272,861126619:465272,Arnee Dik Duruş Korsesi Kadın Erkek Dik Durmak için Kamburluk Kifoz Bel Sırt Ağrısı Giderici Destekleyici Anti Alerjik Balenli Korse,Arnee,SLM STORE,494,,0,InStock,,,,,4.262144420131291,1366,3,671,"[""Kargo Bedava"",""Trendyol Plus'a Özel""]",2 saat 48 dakika içinde sipariş verirsen en geç yarın kargoda!,refreshed,0,https://www.trendyol.com/arnee/dik-durus-korsesi-kadin-erkek-dik-durmak-icin-kamburluk-kifoz-bel-sirt-agrisi-giderici-destekleyici-anti-alerjik-balenli-korse-p-861126619?boutiqueId=61&merchantId=465272
erkek:genel-erkek,34,34,-8,50.1,29.1,875712530,650812,875712530:650812,Jeven Brus Libido Erkek Parfüm - Extrait de Parfum 50 ml,Jeven Brus,Jeven Brus Parfüm,1890,,0,InStock,Son 3 günde 500+ ürün satıldı!,3,500,166.7,4.000767656090072,5278,9,524,"[""Kargo Bedava""]",2 saat 51 dakika içinde sipariş verirsen en geç yarın kargoda!,refreshed,0,https://www.trendyol.com/jeven-brus/libido-erkek-parfum-extrait-de-parfum-50-ml-p-875712530?boutiqueId=61&merchantId=650812
erkek:genel-erkek,175,175,-8,21.3,8.7,775651436,632847,775651436:632847,jeans color Amonyaksız Mavi Renkli Saç Boyası 250 Ml Kokusuz Su Bazlı Blue Hair Dye,jeans color,Revard Ticaret,270,,1.9,InStock,,,,,4.549282296650718,455,3,304,"[""Kargo Bedava""]",2 saat 48 dakika içinde sipariş verirsen en geç yarın kargoda!,refreshed,0,https://www.trendyol.com/jeans-color/amonyaksiz-mavi-renkli-sac-boyasi-250-ml-kokusuz-su-bazli-blue-hair-dye-p-775651436?boutiqueId=61&merchantId=632847
erkek:genel-erkek,217,217,-8,29.9,3.5,828255851,901409,828255851:901409,Elvino Red Cherries Baskılı Oversize Kadın/Erkek Unisex Beyaz Tshirt,Elvino,Elvino,192.14,199,0,InStock,,,,,3.9697275479313823,2032,1,1045,"[""Son 10 Günün En Düşük Fiyatı"",""Kargo Bedava"",""Son 10 günün en düşük fiyatı""]",2 saat 48 dakika içinde sipariş verirsen en geç yarın kargoda!,refreshed,0,https://www.trendyol.com/elvino/red-cherries-baskili-oversize-kadin-erkek-unisex-beyaz-tshirt-p-828255851?boutiqueId=61&merchantId=901409
erkek:genel-erkek,272,272,-11,19.6,13.4,1096170177,139435,1096170177:139435,Tudors Erkek Lacivert Pamuklu Baggy Fit Rahat Kesim Beli Bağcıklı Yan Cepli Örme Eşofman Altı,Tudors,Tudors,487.35,502.52,0,InStock,,,,,3.8892307692307693,118,2,208,"[""100 TL Kupon"",""Son 10 Günün En Düşük Fiyatı"",""Kargo Bedava"",""Son 10 günün en düşük fiyatı""]",2 saat 46 dakika içinde sipariş verirsen en geç yarın kargoda!,refreshed,0,https://www.trendyol.com/tudors/erkek-lacivert-pamuklu-baggy-fit-rahat-kesim-beli-bagcikli-yan-cepli-orme-esofman-alti-p-1096170177?boutiqueId=61&merchantId=139435
erkek:genel-erkek,40,40,-12,32.6,31.6,1034462761,1048445,1034462761:1048445,yx yustex sport Mevsimlik 2'li Eşofman Altı (Siyah + Gri ) Bol Paça Baggy Büyük Beden Cepli Ayarlanabilir,yx yustex sport,ŞAH MODA,549,,0,InStock,Son 3 günde 500+ ürün satıldı!,3,500,166.7,3.393838862559242,1072,5,3198,"[""Sepette %1 İndirim"",""Kargo Bedava""]",Tahmini Teslim:,refreshed,0,https://www.trendyol.com/yx-yustex-sport/mevsimlik-2-li-esofman-alti-siyah-gri-bol-paca-baggy-buyuk-beden-cepli-ayarlanabilir-p-1034462761?boutiqueId=61&merchantId=1048445
erkek:genel-erkek,65,65,-12,29.2,15.4,1100692352,774845,1100692352:774845,NUTRAX Nutraxmen Kalıcı Erkek Parfüm EDP 50 ml Odunsu Baharatlı,NUTRAX,NUTRAX,990,,0,InStock,Son 3 günde 250+ ürün satıldı!,3,250,83.3,4.219164118246687,1331,2,348,"[""50 TL Kupon"",""Kargo Bedava""]",2 saat 51 dakika içinde sipariş verirsen en geç yarın kargoda!,refreshed,0,https://www.trendyol.com/nutrax/nutraxmen-kalici-erkek-parfum-edp-50-ml-odunsu-baharatli-p-1100692352?boutiqueId=61&merchantId=774845
erkek:genel-erkek,59,59,-13,28,22.2,812348283,842819,812348283:842819,Sky Socks 10 Çift Ekonomik Paket Patik Unisex Kısa Spor Sneakers Çorap,Sky Socks,Sky Socks,134.99,143.03,0,InStock,Son 3 günde 250+ ürün satıldı!,3,250,83.3,4.102941176470588,187,3,12,"[""Son 10 Günün En Düşük Fiyatı"",""Son 10 günün en düşük fiyatı""]",2 saat 51 dakika içinde sipariş verirsen en geç yarın kargoda!,refreshed,0,https://www.trendyol.com/sky-socks/10-cift-ekonomik-paket-patik-unisex-kisa-spor-sneakers-corap-p-812348283?boutiqueId=61&merchantId=842819
erkek:genel-erkek,72,72,-14,20.4,24.2,1161167547,789860,1161167547:789860,Laslusa BUTTER SQUISHY,Laslusa,Moderniko,170.9,,,InStock,Son 3 günde 250+ ürün satıldı!,3,250,83.3,3.7803738317757007,105,2,110,"[""Kargo Bedava""]",2 saat 50 dakika içinde sipariş verirsen en geç yarın kargoda!,refreshed,0,https://www.trendyol.com/laslusa/butter-squishy-p-1161167547?boutiqueId=61&merchantId=789860
erkek:genel-erkek,193,193,-14,17.7,12.3,1093665562,106292,1093665562:106292,Tonny Black Unisex Bej Termo Taban Yanı Şeritli Bağcıklı Spor Ayakkabı,Tonny Black,Tonny Black,999.95,,0,InStock,,,,,3.642611683848797,162,1,39,"[""Sepette %30 İndirim"",""50 TL Kupon"",""Kargo Bedava"",""Süper Fırsat Ürünü""]",2 saat 48 dakika içinde sipariş verirsen en geç yarın kargoda!,refreshed,0,https://www.trendyol.com/tonny-black/unisex-bej-termo-taban-yani-seritli-bagcikli-spor-ayakkabi-p-1093665562?boutiqueId=61&merchantId=106292
erkek:genel-erkek,221,221,-15,22,8,894955331,294,894955331:294,Kiğılı Bisiklet Yaka Regular Fit %100 Pamuk 3'lü Paket Tişört Seti,Kiğılı,Kiğılı,1199,,0,InStock,,,,,4.366389099167297,562,9,269,"[""Sepette %30 İndirim"",""100 TL Kupon"",""Süper Fırsat Ürünü"",""Kargo Bedava""]",Tahmini Teslim:,refreshed,0,https://www.trendyol.com/kigili/bisiklet-yaka-regular-fit-100-pamuk-3-lu-paket-tisort-seti-p-894955331?boutiqueId=61&merchantId=294
erkek:genel-erkek,30,30,-16,46.8,42.3,1117390938,213917,1117390938:213917,Defacto Erkek 7'li Patik Çorap K4600AZNS,Defacto,Negoria,483.06,,,InStock,Son 3 günde 500+ ürün satıldı!,3,500,166.7,4.456774193548387,205,6,8,"[""38 TL Kupon"",""Kargo Bedava""]",2 saat 51 dakika içinde sipariş verirsen en geç yarın kargoda!,refreshed,0,https://www.trendyol.com/defacto/erkek-7-li-patik-corap-k4600azns-p-1117390938?boutiqueId=61&merchantId=213917
erkek:genel-erkek,46,46,-16,29.8,31.4,800173676,426475,800173676:426475,D'VERS Kalemlikli Unisex Su Geçirmez Siyah Günlük Cepli Seyahat ve Okul Sırt Çantası,D'VERS,D'VERS,699.9,,0,InStock,Son 3 günde 500+ ürün satıldı!,3,500,166.7,4.495972382048332,482,2,302,"[""69 TL Kupon"",""Kargo Bedava""]",Tahmini Teslim:,refreshed,0,https://www.trendyol.com/d-vers/kalemlikli-unisex-su-gecirmez-siyah-gunluk-cepli-seyahat-ve-okul-sirt-cantasi-p-800173676?boutiqueId=61&merchantId=426475
erkek:genel-erkek,160,160,-16,19.2,10.8,34185479,119791,34185479:119791,Nike Elemental Backpack 2.0 Sırt Çantası BA5876-082-,Nike,ÇUKUROVA SPOR,2999.99,,0,InStock,,,,,4.383720930232557,250,2,432,"[""Kargo Bedava""]",Tahmini Teslim:,refreshed,0,https://www.trendyol.com/nike/elemental-backpack-2-0-sirt-cantasi-ba5876-082-p-34185479?boutiqueId=61&merchantId=119791
erkek:genel-erkek,169,169,-18,14.9,15.1,1149232006,856334,1149232006:856334,ÖZDEN ÖZDOĞAN Nemlendirici Besleyici Güçlendirici Propolis Şampuan - 400 ml,ÖZDEN ÖZDOĞAN,ÖZDEN ÖZDOĞAN,599.99,,0,InStock,,,,,4.414201183431953,72,4,57,"[""Sepette %60 İndirim"",""Kargo Bedava""]",2 saat 48 dakika içinde sipariş verirsen en geç yarın kargoda!,refreshed,0,https://www.trendyol.com/ozden-ozdogan/nemlendirici-besleyici-guclendirici-propolis-sampuan-400-ml-p-1149232006?boutiqueId=61&merchantId=856334
erkek:genel-erkek,70,70,-19,26,18.5,932346879,352179,932346879:352179,POLOGRAND London Orijinal Unisex Ortopedik Sırt Destekli Geniş Hacimli Çok Gözlü Ayarlanabilir Askılı Laptop Bölmeli Astarlı İlkokul Ortaokul Lise Üniversite İçin Öğrenci Yetişkin Çocuk Genç Büyük Siyah Okul Çantası,POLOGRAND London,POLOGRAND London - SOHO - Tony York Bags,1879.2,,0,InStock,Son 3 günde 250+ ürün satıldı!,3,250,83.3,4.633920296570899,540,9,209,"[""50 TL Kupon"",""Kargo Bedava"",""Süper Fırsat Ürünü"",""Peşin Fiyatına 3 Taksit""]",Tahmini Teslim:,refreshed,0,https://www.trendyol.com/pologrand-london/orijinal-unisex-ortopedik-sirt-destekli-genis-hacimli-cok-gozlu-ayarlanabilir-askili-laptop-bolmeli-astarli-ilkokul-ortaokul-lise-universite-icin-ogrenci-yetiskin-cocuk-genc-buyuk-siyah-okul-cantasi-p-932346879?boutiqueId=61&merchantId=352179
erkek:genel-erkek,290,290,-22,23.2,6.8,754766080,852210,754766080:852210,GIGI MILANO Erkek Parfüm - Gentleman Pour Homme Erkek Parfüm 50 Ml Afrodizyak Erkek Parfüm,GIGI MILANO,Gigi Milano,1980,,0,InStock,,,,,4.5636672325976235,793,1,377,"[""Kargo Bedava""]",Tahmini Teslim:,refreshed,0,https://www.trendyol.com/gigi-milano/erkek-parfum-gentleman-pour-homme-erkek-parfum-50-ml-afrodizyak-erkek-parfum-p-754766080?boutiqueId=61&merchantId=852210
erkek:genel-erkek,130,130,-24,19.5,10.5,852146012,1145288,852146012:1145288,Genel Markalar 10 Çift Ekonomik Paket Patik Çorap Beyaz Patik Çorap Düz Çorap,Genel Markalar,Saby Active,159,,,InStock,,,,,4.286384976525822,275,5,47,"[""Kargo Bedava""]",2 saat 49 dakika içinde sipariş verirsen en geç yarın kargoda!,refreshed,0,https://www.trendyol.com/genel-markalar/10-cift-ekonomik-paket-patik-corap-beyaz-patik-corap-duz-corap-p-852146012?boutiqueId=61&merchantId=1145288
erkek:genel-erkek,188,188,-25,27.7,2.3,827113240,352843,827113240:352843,emrah çalışkan Keratin Içerikli Silver (MOR) Şampuan 250 ml,emrah çalışkan,E-Ç,375,,0,InStock,,,,,4.37315105333931,2910,1,1154,"[""Kargo Bedava"",""Trendyol Plus'a Özel""]",Tahmini Teslim:,refreshed,0,https://www.trendyol.com/emrah-caliskan/keratin-icerikli-silver-mor-sampuan-250-ml-p-827113240?boutiqueId=61&merchantId=352843
erkek:genel-erkek,194,194,-29,28.4,1.6,799844700,426475,799844700:426475,D'VERS Siyah Su Geçirmez Günlük Sırt Çantası,D'VERS,D'VERS,569.9,,0,InStock,,,,,4.530412647374062,3501,1,660,"[""56 TL Kupon"",""Kargo Bedava""]",Tahmini Teslim:,refreshed,0,https://www.trendyol.com/d-vers/siyah-su-gecirmez-gunluk-sirt-cantasi-p-799844700?boutiqueId=61&merchantId=426475
erkek:genel-erkek,260,260,-41,46.9,3.2,782249398,1031124,782249398:1031124,THE BATH FACTORY Nemlendirici ve Besleyici Sweet Vanilla Duş Jeli 400 ml,THE BATH FACTORY,The Bath Factory,279,349,-20.1,InStock,,,,,4.448941176470588,2207,3,176,"[""Son 10 Günün En Düşük Fiyatı"",""Süper Fırsat Ürünü"",""Kargo Bedava"",""Son 10 günün en düşük fiyatı""]",2 saat 47 dakika içinde sipariş verirsen en geç yarın kargoda!,refreshed,0,https://www.trendyol.com/the-bath-factory/nemlendirici-ve-besleyici-sweet-vanilla-dus-jeli-400-ml-p-782249398?boutiqueId=61&merchantId=1031124
erkek:genel-erkek,267,267,-42,25.9,4.1,262746472,119381,262746472:119381,macharelbasic Önü Cepli Uzun Askılı Kadın Ve Erkek Kullanabilir Seyahat Fitness Spor Çantası,macharelbasic,ATMOSPHERE,449,,0,InStock,,,,,4.291706387035272,1741,2,328,"[""Kargo Bedava"",""Trendyol Plus'a Özel""]",2 saat 47 dakika içinde sipariş verirsen en geç yarın kargoda!,refreshed,0,https://www.trendyol.com/macharelbasic/onu-cepli-uzun-askili-kadin-ve-erkek-kullanabilir-seyahat-fitness-spor-cantasi-p-262746472?boutiqueId=61&merchantId=119381
erkek:erkek-parfum,250,681,-45,16.9,13.1,721182650,936059,721182650:936059,Mad Parfüm Mad Mare 50 ml Erkek Parfüm | Odunsu - Aquatic - Cesur,Mad Parfüm,SKY GROUP,3994,,-0.1,InStock,,,,,4.221739130434782,127,3,75,"[""Kargo Bedava""]",,refreshed,0,https://www.trendyol.com/mad-parfum/mad-mare-50-ml-erkek-parfum-odunsu-aquatic-cesur-p-721182650?boutiqueId=61&merchantId=936059
erkek:genel-erkek,284,284,-46,23.4,6.6,860671749,106336,860671749:106336,Bioxcin Men Sport Kepek ve Saç Dökülmesine Karşı Şampuan 500 ml,Bioxcin,DERMOAKTİF,242.08,,0,InStock,,,,,4.285638013881474,848,3,396,"[""Sepette %30 İndirim"",""Kargo Bedava"",""Son 10 Günün En Düşük Fiyatı""]",2 saat 46 dakika içinde sipariş verirsen en geç yarın kargoda!,refreshed,0,https://www.trendyol.com/bioxcin/men-sport-kepek-ve-sac-dokulmesine-karsi-sampuan-500-ml-p-860671749?boutiqueId=61&merchantId=106336
erkek:genel-erkek,264,264,-47,24.5,7.5,251814605,839979,251814605:839979,XStep Xtep Spor Ayak,XStep,EREN SHOES,731,745.78,,InStock,,,,,4.446251768033948,657,1,289,"[""Sepette %1 İndirim"",""Kargo Bedava""]",2 saat 47 dakika içinde sipariş verirsen en geç yarın kargoda!,refreshed,0,https://www.trendyol.com/xstep/xtep-spor-ayak-p-251814605?boutiqueId=61&merchantId=839979
erkek:genel-erkek,164,164,-49,23.6,6.4,901334037,203783,901334037:203783,BGK 6 Çift Pamuklu Tenis Çorap Soket Boy - Unisex,BGK,BGK,199.99,,0,InStock,,,,,4.291528632276385,886,1,60,[],Tahmini Teslim:,refreshed,0,https://www.trendyol.com/bgk/6-cift-pamuklu-tenis-corap-soket-boy-unisex-p-901334037?boutiqueId=61&merchantId=203783
erkek:genel-erkek,204,204,-55,20.5,9.5,972751717,713614,972751717:713614,ExLove 10'lu Erkek Likralı Pamuklu Desenli Boxer,ExLove,EXMOOR UNDERWEAR,499.99,,1.2,InStock,,,,,3.6727989487516424,364,14,209,"[""Sepette %2 İndirim"",""Kargo Bedava"",""Trendyol Plus'a Özel""]",Tahmini Teslim:,refreshed,0,https://www.trendyol.com/exlove/10-lu-erkek-likrali-pamuklu-desenli-boxer-p-972751717?boutiqueId=61&merchantId=713614
erkek:genel-erkek,139,139,-57,74.8,16.7,1128187225,496056,1128187225:496056,monalisatoka Ultra Esnek Kopmaz Saç Örgü Lastiği 100 Adet,monalisatoka,Monalisa Toka,19.23,49.9,-61.5,InStock,,,,,3.525252525252525,45,2,,"[""Son 10 Günün En Düşük Fiyatı"",""Süper Fırsat Ürünü"",""Kargo Bedava"",""Son 10 günün en düşük fiyatı""]",Tahmini Teslim:,refreshed,0,https://www.trendyol.com/monalisatoka/ultra-esnek-kopmaz-sac-orgu-lastigi-100-adet-p-1128187225?boutiqueId=61&merchantId=496056
erkek:genel-erkek,192,192,-60,14.2,15.8,1183739600,426475,1183739600:426475,"D'VERS Lacivert Basic Okul Çantası ve Kalemlik Seti – Üç Bölmeli, Geniş Hacimli Okul Sırt Çantası",D'VERS Lacivert,D'VERS,1049.9,,0,InStock,,,,,4.644859813084112,58,6,111,"[""100 TL Kupon"",""Kargo Bedava""]",Tahmini Teslim:,refreshed,0,https://www.trendyol.com/d-vers/lacivert-basic-okul-cantasi-ve-kalemlik-seti-uc-bolmeli-genis-hacimli-okul-sirt-cantasi-p-1183739600?boutiqueId=61&merchantId=426475
erkek:genel-erkek,211,211,-66,10.7,19.3,1172686379,1285852,1172686379:1285852,JARVİN Erkek Oversize Eşofman Altı Rahat Kalıp Günlük Şıklık ve Konfor Bir Arada Lounge Wear,JARVİN,JARVİN,330,,0,InStock,,,,,3.8333333333333335,21,1,92,"[""Kargo Bedava""]",2 saat 48 dakika içinde sipariş verirsen en geç yarın kargoda!,refreshed,0,https://www.trendyol.com/jarvin/erkek-oversize-esofman-alti-rahat-kalip-gunluk-siklik-ve-konfor-bir-arada-lounge-wear-p-1172686379?boutiqueId=61&merchantId=1285852
erkek:genel-erkek,268,268,-70,16.3,13.7,1146329601,404545,1146329601:404545,"BYENS Termal Çanta Beslenme Çantası Isı Yalıtımlı Kız Erkek Çocuk Okul Yemek Taşıma Termoslu Soğutucu Soğuk Tutan Kamp Termos 7,5 Litre",BYENS,Pratik Center BYENS,489.65,,0,InStock,,,,,4.65625,109,5,35,"[""Kargo Bedava"",""Trendyol Plus'a Özel""]",2 saat 47 dakika içinde sipariş verirsen en geç yarın kargoda!,refreshed,0,https://www.trendyol.com/byens/termal-canta-beslenme-cantasi-isi-yalitimli-kiz-erkek-cocuk-okul-yemek-tasima-termoslu-sogutucu-soguk-tutan-kamp-termos-7-5-litre-p-1146329601?boutiqueId=61&merchantId=404545
erkek:genel-erkek,245,245,-74,22.4,7.6,905251341,1188,905251341:1188,Defacto %100 Pamuk Oversize Geniş Kalıp Bisiklet Yaka Basic Düz Kısa Kollu Siyah Tişört E6885AXNS,Defacto,DeFacto,399.99,,0,InStock,,,,,4.529696969696969,631,1,103,"[""Sepette %10 İndirim""]",Tahmini Teslim:,refreshed,0,https://www.trendyol.com/defacto/100-pamuk-oversize-genis-kalip-bisiklet-yaka-basic-duz-kisa-kollu-siyah-tisort-e6885axns-p-905251341?boutiqueId=61&merchantId=1188
erkek:genel-erkek,291,291,-77,24.4,5.6,250427048,916319,250427048:916319,Tutku Erkek Siyah 6'lı Paket Ribana Klasik Atlet Elf568t0102ccm6,Tutku,USLU GYM,549,,,InStock,,,,,4.288486416558861,1129,1,534,"[""Kargo Bedava""]",,refreshed,0,https://www.trendyol.com/tutku/erkek-siyah-6-li-paket-ribana-klasik-atlet-elf568t0102ccm6-p-250427048?boutiqueId=61&merchantId=916319
erkek:genel-erkek,214,214,-80,28.1,1.9,41194137,701202,41194137:701202,Bargello 709 Erkek Parfüm Edp Orıental 50 ml,Bargello,Efes Kozmetik,600,,0,InStock,,,,,4.53150172612198,3274,4,1440,"[""Kargo Bedava""]",2 saat 48 dakika içinde sipariş verirsen en geç yarın kargoda!,refreshed,0,https://www.trendyol.com/bargello/709-erkek-parfum-edp-oriental-50-ml-p-41194137?boutiqueId=61&merchantId=701202
erkek:genel-erkek,275,275,-83,22.1,7.9,1152450113,318526,1152450113:318526,WOU World of Unique Beyaz Kapatıcı Tarak Uçlu Saç Stick/Siyah,WOU World of Unique,WOU World of Unique,232.9,,5.9,InStock,,,,,4.113788487282463,573,33,174,"[""Kargo Bedava""]",Tahmini Teslim:,refreshed,0,https://www.trendyol.com/wou-world-of-unique/beyaz-kapatici-tarak-uclu-sac-stick-siyah-p-1152450113?boutiqueId=61&merchantId=318526
erkek:genel-erkek,257,257,-86,14.5,15.5,1116351567,139340,1116351567:139340,dp Daily Perfection Şampuan Hindistan Cevizi Yağı 800 ml,dp Daily Perfection,dp Daily Perfection,140.94,,6.8,InStock,,,,,4.18705035971223,64,2,39,"[""Kargo Bedava""]",2 saat 47 dakika içinde sipariş verirsen en geç yarın kargoda!,refreshed,0,https://www.trendyol.com/dp-daily-perfection/sampuan-hindistan-cevizi-yagi-800-ml-p-1116351567?boutiqueId=61&merchantId=139340
erkek:genel-erkek,229,229,-87,24,6,896081827,781333,896081827:781333,Rivance %100 Doğal Roll-On Deodorant Ter Kokusu Önleyici Bitkisel İçerikli Alüminyum İçermez 50 ml,Rivance,Rivance,192.02,,-52,InStock,,,,,4.09766081871345,997,4,416,"[""Kargo Bedava""]",2 saat 47 dakika içinde sipariş verirsen en geç yarın kargoda!,refreshed,0,https://www.trendyol.com/rivance/100-dogal-roll-on-deodorant-ter-kokusu-onleyici-bitkisel-icerikli-aluminyum-icermez-50-ml-p-896081827?boutiqueId=61&merchantId=781333
erkek:genel-erkek,287,287,-90,14.7,15.3,947582954,159,947582954:159,D'S Damat Ds Damat Siyah Pamuklu Çorap,D'S Damat Ds,DS DAMAT,199,,0,InStock,,,,,4.735099337748345,67,2,4,"[""Sepette %30 İndirim"",""Süper Fırsat Ürünü"",""Trendyol Plus'a Özel""]",Tahmini Teslim:,refreshed,0,https://www.trendyol.com/d-s-damat/ds-damat-siyah-pamuklu-corap-p-947582954?boutiqueId=61&merchantId=159
erkek:genel-erkek,216,216,-92,17.6,12.4,825250094,138065,825250094:138065,Bargello 709 Erkek 50 ml Parfüm Edp Oriental 2 Adet,Bargello,Bargello,900,,0,InStock,,,,,4.487870619946092,157,1,48,"[""100 TL Kupon"",""Kargo Bedava""]",,refreshed,0,https://www.trendyol.com/bargello/709-erkek-50-ml-parfum-edp-oriental-2-adet-p-825250094?boutiqueId=61&merchantId=138065
erkek:genel-erkek,254,254,-100,25.4,4.6,768229308,831253,768229308:831253,İLEİDA TER ÖNLEYİCİ BEYAZLATICI ROLL-ON,İLEİDA,ILEIDA COSMETICS,499.99,,72.4,InStock,,,,,4.523140925637025,1474,11,161,"[""Kargo Bedava"",""299,88 TL Kupon"",""Son 10 Günün En Düşük Fiyatı"",""Trendyol Plus'a Özel""]",Tahmini Teslim:,refreshed,0,https://www.trendyol.com/ileida/ter-onleyici-beyazlatici-roll-on-p-768229308?boutiqueId=61&merchantId=831253
erkek:genel-erkek,243,243,-115,12.3,22,1162265371,347,1162265371:347,AC&Co / Altınyıldız Classics Erkek Siyah-Siyah Pamuklu Slim Fit Dar Kesim Polo Yaka Tişört,AC&Co / Altınyıldız Classics,Altınyıldız Classics,289.99,303.05,-4.3,InStock,,,,,4.517241379310345,9,3,0,"[""Son 10 Günün En Düşük Fiyatı"",""Kargo Bedava"",""Trendyol Plus'a Özel""]",2 saat 47 dakika içinde sipariş verirsen en geç yarın kargoda!,refreshed,0,https://www.trendyol.com/ac-co-altinyildiz-classics/erkek-siyah-siyah-pamuklu-slim-fit-dar-kesim-polo-yaka-tisort-p-1162265371?boutiqueId=61&merchantId=347
erkek:genel-erkek,259,259,-118,26.8,5.9,839317940,139435,839317940:139435,Tudors Erkek Slim Fit Dar Kesim Pamuklu Yumuşak Doku Kumaş Kahverengi Polo Yaka Tişört,Tudors,Tudors,367.73,377.99,-4.6,InStock,,,,,4.536805207811717,1014,6,320,"[""100 TL Kupon"",""Son 10 Günün En Düşük Fiyatı""]",,refreshed,0,https://www.trendyol.com/tudors/erkek-slim-fit-dar-kesim-pamuklu-yumusak-doku-kumas-kahverengi-polo-yaka-tisort-p-839317940?boutiqueId=61&merchantId=139435
erkek:genel-erkek,285,285,-133,21,9,943449378,930422,943449378:930422,vast çorap 20 Çift Ekonomik Paket Patik Çorap 10 Çift Siyah 10 Çift Beyaz,vast çorap,vast socks,329.9,,0,InStock,,,,,4.143174250832409,416,2,73,"[""Kargo Bedava""]",2 saat 46 dakika içinde sipariş verirsen en geç yarın kargoda!,refreshed,0,https://www.trendyol.com/vast-corap/20-cift-ekonomik-paket-patik-corap-10-cift-siyah-10-cift-beyaz-p-943449378?boutiqueId=61&merchantId=930422
erkek:genel-erkek,282,282,-134,30.6,5.4,853435677,165724,853435677:165724,GRIMELANGE Solo Erkek %100 Organik Pamuklu Kalın Dokulu Comfort Fit Bisiklet Yakalı Lacivert T-shirt,GRIMELANGE,GRIMELANGE,254.7,270.86,-29.5,InStock,,,,,4.4798073360503885,1201,5,292,"[""Son 10 Günün En Düşük Fiyatı"",""Kargo Bedava"",""Son 10 günün en düşük fiyatı""]",Tahmini Teslim:,refreshed,0,https://www.trendyol.com/grimelange/solo-erkek-100-organik-pamuklu-kalin-dokulu-comfort-fit-bisiklet-yakali-lacivert-t-shirt-p-853435677?boutiqueId=61&merchantId=165724
erkek:genel-erkek,255,255,-154,54.7,1.1,859379199,979863,859379199:979863,YASYAS 6 Çift Beyaz Pamuklu Tenis Kolej Çorap-Yetişkin ve Çocuk,YASYAS,Kaktüs Shopping,176.12,237.2,-1,InStock,,,,,4.704686423156445,4130,9,183,"[""Son 10 Günün En Düşük Fiyatı"",""Süper Fırsat Ürünü"",""Kargo Bedava"",""Son 10 günün en düşük fiyatı""]",2 saat 47 dakika içinde sipariş verirsen en geç yarın kargoda!,refreshed,0,https://www.trendyol.com/yasyas/6-cift-beyaz-pamuklu-tenis-kolej-corap-yetiskin-ve-cocuk-p-859379199?boutiqueId=61&merchantId=979863
erkek:erkek-parfum,314,745,-162,75.4,15.4,843756758,989677,843756758:989677,"ILLUSIONE Austin Edp Erkek Parfüm 100ml | Odunsu - Baharatlı - Amber | Erik, Sedir, Paçuli, Misk",ILLUSIONE,ILLUSIONE,549,1399,0,InStock,,,,,4.25,65,3,30,"[""Kargo Bedava"",""Son 10 Günün En Düşük Fiyatı"",""Süper Fırsat Ürünü"",""Son 10 günün en düşük fiyatı""]",2 saat 46 dakika içinde sipariş verirsen en geç yarın kargoda!,refreshed,0,https://www.trendyol.com/illusione/austin-edp-erkek-parfum-100ml-odunsu-baharatli-amber-erik-sedir-paculi-misk-p-843756758?boutiqueId=61&merchantId=989677
erkek:erkek-parfum,411,842,-173,3.8,26.2,946452099,398290,946452099:398290,MAİN SHOP Doldurulabilir Mini Parfüm Şişesi 5 Ml - Cep Parfüm Şişesi Siyah Renk 1 Adet M-230,MAİN SHOP,MAİN SHOP,74.9,,0,InStock,,,,,3.6666666666666665,2,1,5,"[""Kargo Bedava""]",2 saat 46 dakika içinde sipariş verirsen en geç yarın kargoda!,refreshed,0,https://www.trendyol.com/main-shop/doldurulabilir-mini-parfum-sisesi-5-ml-cep-parfum-sisesi-siyah-renk-1-adet-m-230-p-946452099?boutiqueId=61&merchantId=398290
erkek:erkek-parfum,331,762,-177,15.3,14.7,863623612,674296,863623612:674296,Mad Parfüm Mad Midnight 100 ml Unisex Parfüm | Vanilya . Odunsu . Gizem,Mad Parfüm,MAD PARFÜM,2299.99,,0,InStock,,,,,4.173333333333333,81,2,72,"[""Kargo Bedava""]",2 saat 46 dakika içinde sipariş verirsen en geç yarın kargoda!,refreshed,0,https://www.trendyol.com/mad-parfum/mad-midnight-100-ml-unisex-parfum-vanilya-odunsu-gizem-p-863623612?boutiqueId=61&merchantId=674296
erkek:erkek-parfum,434,865,-187,21.8,8.2,217513801,301311,217513801:301311,Bargello 567 Erkek 50 ml Parfüm Edp Fresh,Bargello,Bargello Parfüm Center,600,,0,InStock,,,,,4.378216123499143,529,1,458,"[""Kargo Bedava""]",2 saat 46 dakika içinde sipariş verirsen en geç yarın kargoda!,refreshed,0,https://www.trendyol.com/bargello/567-erkek-50-ml-parfum-edp-fresh-p-217513801?boutiqueId=61&merchantId=301311
erkek:erkek-parfum,357,788,-189,5.6,24.4,1163436652,1139100,1163436652:1139100,CARLOTA 833- Touch me Erkek Parfüm 50ml,CARLOTA,Carlota Parfumerie,1290,,0,InStock,,,,,4.166666666666667,4,2,18,"[""Kargo Bedava""]",2 saat 46 dakika içinde sipariş verirsen en geç yarın kargoda!,refreshed,0,https://www.trendyol.com/carlota/833-touch-me-erkek-parfum-50ml-p-1163436652?boutiqueId=61&merchantId=1139100
erkek:erkek-parfum,360,791,-220,62.9,14.4,1173953577,122143,1173953577:122143,"Imprime Golden Barrel EDP 48 ML Unisex Parfüm | Oryantal & Odunsu | Ahududu, Sandal Ağacı, Sedir Ağacı",Imprime,Imprimé,579,1099,16.1,InStock,,,,,3.6106194690265485,89,10,11,"[""Kargo Bedava"",""Son 10 Günün En Düşük Fiyatı"",""Süper Fırsat Ürünü"",""Son 10 günün en düşük fiyatı""]",2 saat 46 dakika içinde sipariş verirsen en geç yarın kargoda!,refreshed,0,https://www.trendyol.com/imprime/golden-barrel-edp-48-ml-unisex-parfum-oryantal-odunsu-ahududu-sandal-agaci-sedir-agaci-p-1173953577?boutiqueId=61&merchantId=122143
erkek:genel-erkek,248,248,-226,24.8,5.2,34463249,108880,34463249:108880,OGX Biotin & Kolajen Dolgunlaştırıcı Sülfatsız Şampuan 385 ml x2,OGX,Kenvue Türkiye,599.9,,26.3,InStock,,,,,4.382459312839059,1242,22,311,"[""Kargo Bedava""]",2 saat 47 dakika içinde sipariş verirsen en geç yarın kargoda!,refreshed,0,https://www.trendyol.com/ogx/biotin-kolajen-dolgunlastirici-sulfatsiz-sampuan-385-ml-x2-p-34463249?boutiqueId=61&merchantId=108880
erkek:erkek-parfum,393,824,-230,18.1,11.9,201708,155,201708:155,Versace Eros Edt 100 ml - Erkek Parfümü,Versace,Perfume Point,4623.5,,,InStock,,,,,3.8,182,30,219,"[""Kargo Bedava""]",2 saat 46 dakika içinde sipariş verirsen en geç yarın kargoda!,refreshed,0,https://www.trendyol.com/versace/eros-edt-100-ml-erkek-parfumu-p-201708?boutiqueId=61&merchantId=155
erkek:genel-erkek,346,346,-231,18.1,11.9,1124967599,318526,1124967599:318526,"WOU World of Unique Erkek Deodorant Sprey ,Pudrasız,48 Saat Etkin Koruma,Vegan,Alkol İçermez,150ml",WOU World of Unique,Kozfa Store,218.54,,,InStock,,,,,4.4,181,5,12,[],14 saat 20 dakika içinde sipariş verirsen en geç yarın kargoda!,carried_forward,0,https://www.trendyol.com/wou-world-of-unique/erkek-deodorant-sprey-pudrasiz-48-saat-etkin-koruma-vegan-alkol-icermez-150ml-p-1124967599?boutiqueId=61&merchantId=318526
erkek:erkek-parfum,328,759,-312,21,9,846937562,1152124,846937562:1152124,"Robberto Antonio Robberto Antonio Men Elite EDP 100 ml – Karizmatik, Şık ve Kalıcı Erkek Parfüm – Odunsu & Baharatlı",Robberto Antonio,Assisi Cosmetics,299.99,,91.6,InStock,,,,,3.7329545454545454,421,24,56,"[""Sepette %7 İndirim""]",,refreshed,0,https://www.trendyol.com/robberto-antonio/robberto-antonio-men-elite-edp-100-ml-karizmatik-sik-ve-kalici-erkek-parfum-odunsu-baharatli-p-846937562?boutiqueId=61&merchantId=1152124
erkek:erkek-parfum,549,980,-319,19.1,10.9,860953957,733266,860953957:733266,LumenaScent Icarus Arctic Woods Özel Seri Edp Erkek Parfüm 100 ml,LumenaScent,FarmaStar,849,,6.1,InStock,,,,,3.9020100502512562,241,1,45,"[""Kargo Bedava""]",Tahmini Teslim:,refreshed,0,https://www.trendyol.com/lumenascent/icarus-arctic-woods-ozel-seri-edp-erkek-parfum-100-ml-p-860953957?boutiqueId=61&merchantId=733266
erkek:erkek-parfum,443,874,-320,12.4,17.6,354098761,674296,354098761:674296,Mad Parfüm Mad W126 Selective 50 ml Erkek Parfüm,Mad Parfüm,MAD PARFÜM,599.99,,0,InStock,,,,,3.9692307692307693,34,1,18,"[""Kargo Bedava""]",2 saat 46 dakika içinde sipariş verirsen en geç yarın kargoda!,refreshed,0,https://www.trendyol.com/mad-parfum/mad-w126-selective-50-ml-erkek-parfum-p-354098761?boutiqueId=61&merchantId=674296
erkek:erkek-parfum,430,861,-361,20.4,9.6,462755151,301311,462755151:301311,Bargello Vanilya Kokulu Parfüm V-226,Bargello,Bargello Parfüm Center,600,,0,InStock,,,,,4.153400868306801,356,10,578,"[""Kargo Bedava""]",,refreshed,0,https://www.trendyol.com/bargello/vanilya-kokulu-parfum-v-226-p-462755151?boutiqueId=61&merchantId=301311
erkek:erkek-parfum,402,833,-370,15,15,202418992,701202,202418992:701202,Bargello Erkek 568 50ml Edp Parfüm -bes,Bargello,Efes Kozmetik,600,,0,InStock,,,,,4.4183006535947715,75,9,38,"[""Kargo Bedava""]",,refreshed,0,https://www.trendyol.com/bargello/erkek-568-50ml-edp-parfum-bes-p-202418992?boutiqueId=61&merchantId=701202
erkek:erkek-parfum,501,932,-380,15.4,14.6,90613985,114278,90613985:114278,Gloria Perfume Ultramarine Intense 55 ml Edp Erkek Parfüm,Gloria Perfume,GLORIA KOZMETIK,349,,14.9,InStock,,,,,4.2894736842105265,83,2,39,"[""Kargo Bedava""]",2 saat 45 dakika içinde sipariş verirsen en geç yarın kargoda!,refreshed,0,https://www.trendyol.com/gloria-perfume/ultramarine-intense-55-ml-edp-erkek-parfum-p-90613985?boutiqueId=61&merchantId=114278
erkek:erkek-parfum,561,992,-506,17.2,12.8,90159465,334474,90159465:334474,Bargello 711 Fresh Edp 50 ml Erkek Parfüm,Bargello,Bargello Perfume Pendik Şubesi,600,,0,InStock,,,,,4.482758620689655,140,1,82,"[""Kargo Bedava""]",,refreshed,0,https://www.trendyol.com/bargello/711-fresh-edp-50-ml-erkek-parfum-p-90159465?boutiqueId=61&merchantId=334474
erkek:erkek-parfum,522,953,-508,21.9,8.1,201867101,334474,201867101:334474,Bargello 575 Woody Edp 50 ml Erkek Parfüm Brgpen575,Bargello,Bargello Perfume Pendik Şubesi,600,,0,InStock,,,,,4.5889864325618515,539,6,227,"[""Kargo Bedava""]",,refreshed,0,https://www.trendyol.com/bargello/575-woody-edp-50-ml-erkek-parfum-brgpen575-p-201867101?boutiqueId=61&merchantId=334474
