date,captured_at,query,sort,source_segment,source_query,segment_position,source_page,search_position,bestseller_rank,category_rank,rank_scope,rank_scope_position,rank_delta,trend_score,niche_score,product_id,merchant_id,offer_key,title,brand,category,url,seller_name,seller_score,price,original_price,discount_percent,price_delta_percent,currency,campaigns,stock_status,stock_signal,sales_signal,sales_signal_days,sales_signal_min,sales_signal_daily_min,rating,rating_count,review_count,review_delta,question_count,basket_signal,favorite_signal,view_signal,shipping_cost,shipping_currency,handling_days_min,handling_days_max,transit_days_min,transit_days_max,delivery_summary,badge,image_url,properties,sample_review_count,sample_review_avg,detail_status,detail_selection,detail_attempted,detail_refreshed_at,detail_age_days,data_sources,field_availability,detail_ok,detail_error
2026-08-26,2026-08-26T14:30:28+03:00,hobi,BEST_SELLER,hobi-cok-satanlar,Trendyol Hobi / Çok Satanlar,1,1,1,1,1,hobi:hobi-cok-satanlar,1,0,127.1,85.4,1161046253,,1161046253:unknown,Genel Markalar BÜYÜK BOY 25 CM Katlanır Kore yelpaze Serinlik,Genel Markalar,Konsept Hediyelik,https://www.trendyol.com/genel-markalar/buyuk-boy-25-cm-katlanir-kore-yelpaze-serinlik-p-1161046253,Koza Gift,88,23,,,-28.1,TRY,"[""15 TL Kupon"",""Kargo Bedava"",""Trendyol Plus'a Özel""]",InStock,100 adetten fazla stok sunulmuştur,3 günde 2B+ ürün satıldı!,3,2000,666.7,4,414,241,14,245,"4,8B kişinin sepetinde","18,5B kişi favoriledi","Son 24 saatte 7,1B kişi görüntüledi",4999,TRY,0,1,1,4,9 saat 28 dakika içinde sipariş verirsen en geç yarın kargoda!,,https://cdn.dsmcdn.com/ty1943/prod/QC_ENRICHMENT/20260703/17/2874d40d-51d0-3174-b816-bfe7c456f331/1_org_zoom.jpg,{},20,5,refreshed,"[""daily_top""]",true,2026-08-26T14:30:28+03:00,0,"[""search_result_dom"",""product_detail_jsonld"",""product_detail_dom""]","{""title"":""observed"",""brand"":""observed"",""seller_name"":""observed"",""seller_score"":""observed"",""price"":""observed"",""original_price"":""unavailable"",""campaigns"":""observed"",""stock_status"":""observed"",""stock_signal"":""observed"",""rating"":""observed"",""rating_count"":""observed"",""review_count"":""observed"",""question_count"":""observed"",""delivery_summary"":""observed"",""shipping_cost"":""observed"",""properties"":""observed""}",true,
2026-08-26,2026-08-26T14:30:28+03:00,hobi,BEST_SELLER,hobi-cok-satanlar,Trendyol Hobi / Çok Satanlar,2,1,2,2,2,hobi:hobi-cok-satanlar,2,0,106,,1151344992,,1151344992:unknown,ecrin tuhafiye hobi Beyaz Düğün Arabası Süsü Gelin Arabası Konvoy Süsü & Bohça Süsü 1 Adet,ecrin tuhafiye hobi,,https://www.trendyol.com/ecrin-tuhafiye-hobi/beyaz-dugun-arabasi-susu-gelin-arabasi-konvoy-susu-bohca-susu-1-adet-p-1151344992,E-Turan AVM,,49.99,,,0,TRY,"[""Kargo Bedava""]",InStock,100 adetten fazla stok sunulmuştur,3 günde 2B+ ürün satıldı!,3,2000,666.7,,,,0,,,,,,,0,,,,9 saat 28 dakika içinde sipariş verirsen yarın kargoda!,,,{},0,,refreshed,"[""daily_top""]",true,2026-08-26T14:30:28+03:00,0,"[""search_result_dom"",""product_detail_jsonld"",""product_detail_dom""]","{""title"":""observed"",""brand"":""observed"",""seller_name"":""observed"",""seller_score"":""unavailable"",""price"":""observed"",""original_price"":""unavailable"",""campaigns"":""observed"",""stock_status"":""observed"",""stock_signal"":""observed"",""rating"":""unavailable"",""rating_count"":""unavailable"",""review_count"":""unavailable"",""question_count"":""unavailable"",""delivery_summary"":""observed"",""shipping_cost"":""unavailable"",""properties"":""observed""}",true,
2026-08-26,2026-08-26T14:30:28+03:00,hobi,BEST_SELLER,hobi-cok-satanlar,Trendyol Hobi / Çok Satanlar,3,1,3,3,3,hobi:hobi-cok-satanlar,3,0,146.4,65.2,82309248,,82309248:unknown,"sgeteknoloji Hareket Sensörlü 16 Led 400mah Şarjlı 2 Renk Beyaz Ve Gün Işığı Led Auto Dolap Içi, Koridor Type-c.",sgeteknoloji,Led Işık,https://www.trendyol.com/sgeteknoloji/hareket-sensorlu-16-led-400mah-sarjli-2-renk-beyaz-ve-gun-isigi-led-auto-dolap-ici-koridor-type-c-p-82309248,SGETEKNOLOJİ,94,151.64,199,23.8,0,TRY,"[""Trendyol Plus'a Özel"",""Kargo Bedava""]",InStock,100 adetten fazla stok sunulmuştur,3 günde 1B+ ürün satıldı!,3,1000,333.3,4.6,16403,9853,-4,3194,"2,2B kişinin sepetinde","191,1B kişi favoriledi","Son 24 saatte 1,6B kişi görüntüledi",4999,TRY,0,1,1,4,9 saat 28 dakika içinde sipariş verirsen en geç yarın kargoda!,,https://cdn.dsmcdn.com/ty1679/prod/QC/20250516/09/1aecd017-72fa-3110-847e-1ec39d172c81/1_org_zoom.jpg,"{""Ebatlar"":""Tek Ebat"",""Renk"":""Beyaz"",""Menşei"":""CN"",""Batarya Türü"":""Lityum-iyon"",""Özellik"":""Solar"",""Enerji Tasarrufu"":""Var""}",20,5,refreshed,"[""daily_top""]",true,2026-08-26T14:30:28+03:00,0,"[""search_result_dom"",""product_detail_jsonld"",""product_detail_dom""]","{""title"":""observed"",""brand"":""observed"",""seller_name"":""observed"",""seller_score"":""observed"",""price"":""observed"",""original_price"":""observed"",""campaigns"":""observed"",""stock_status"":""observed"",""stock_signal"":""observed"",""rating"":""observed"",""rating_count"":""observed"",""review_count"":""observed"",""question_count"":""observed"",""delivery_summary"":""observed"",""shipping_cost"":""observed"",""properties"":""observed""}",true,
2026-08-26,2026-08-26T14:30:28+03:00,hobi,BEST_SELLER,hobi-cok-satanlar,Trendyol Hobi / Çok Satanlar,4,1,4,4,4,hobi:hobi-cok-satanlar,4,0,96.2,58,1136135354,,1136135354:unknown,BERHAT 2 Metre Peri Led Dekoratif Sarı Renk Mini Güç Kutulu (piller dahildir),BERHAT,Led Işık,https://www.trendyol.com/berhat/2-metre-peri-led-dekoratif-sari-renk-mini-guc-kutulu-piller-dahildir-p-1136135354,Blurry Date,94,34.29,,,-2,TRY,"[""Kargo Bedava""]",InStock,100 adetten fazla stok sunulmuştur,3 günde 500+ ürün satıldı!,3,500,166.7,4.3,141,94,3,74,"2,9B kişinin sepetinde",10B kişi favoriledi,Son 24 saatte 840 kişi görüntüledi,4999,TRY,0,1,1,4,9 saat 28 dakika içinde sipariş verirsen en geç yarın kargoda!,,https://cdn.dsmcdn.com/ty1859/prod/QC_PREP/20260421/17/590e0890-a8ee-3efa-bed1-c4c6474f1f2e/1_org_zoom.jpg,"{""Ebatlar"":""2 metre"",""Renk"":""Sarı"",""Menşei"":""CN"",""Batarya Türü"":""Diğer"",""Özellik"":""Ledli"",""Enerji Tasarrufu"":""Var""}",20,5,refreshed,"[""daily_top""]",true,2026-08-26T14:30:28+03:00,0,"[""search_result_dom"",""product_detail_jsonld"",""product_detail_dom""]","{""title"":""observed"",""brand"":""observed"",""seller_name"":""observed"",""seller_score"":""observed"",""price"":""observed"",""original_price"":""unavailable"",""campaigns"":""observed"",""stock_status"":""observed"",""stock_signal"":""observed"",""rating"":""observed"",""rating_count"":""observed"",""review_count"":""observed"",""question_count"":""observed"",""delivery_summary"":""observed"",""shipping_cost"":""observed"",""properties"":""observed""}",true,
2026-08-26,2026-08-26T14:30:28+03:00,hobi,BEST_SELLER,hobi-cok-satanlar,Trendyol Hobi / Çok Satanlar,5,1,5,5,5,hobi:hobi-cok-satanlar,5,7,95.8,61.2,1149512167,,1149512167:unknown,TİLİA DESİGN 10 Adet İstiridye Anahtarlık Söz Nişan Düğün Kına Bride Hediyeliği,TİLİA DESİGN,Söz Hediyelik,https://www.trendyol.com/tilia-design/10-adet-istiridye-anahtarlik-soz-nisan-dugun-kina-bride-hediyeligi-p-1149512167,Tilia Design,83,89.99,94.99,5.3,0,TRY,"[""20 TL Kupon"",""Kargo Bedava""]",InStock,100 adetten fazla stok sunulmuştur,3 günde 500+ ürün satıldı!,3,500,166.7,4.3,40,32,2,320,694 kişinin sepetinde,"4,7B kişi favoriledi",Son 24 saatte 848 kişi görüntüledi,4999,TRY,0,1,1,4,Tahmini Teslim:,,https://cdn.dsmcdn.com/ty1904/prod/QC_PREP/20260525/01/a11c6b5a-9d82-3e94-aacf-daf4f78e33ea/1_org_zoom.jpg,"{""Menşei"":""TR""}",20,5,refreshed,"[""daily_top""]",true,2026-08-26T14:30:28+03:00,0,"[""search_result_dom"",""product_detail_jsonld"",""product_detail_dom""]","{""title"":""observed"",""brand"":""observed"",""seller_name"":""observed"",""seller_score"":""observed"",""price"":""observed"",""original_price"":""observed"",""campaigns"":""observed"",""stock_status"":""observed"",""stock_signal"":""observed"",""rating"":""observed"",""rating_count"":""observed"",""review_count"":""observed"",""question_count"":""observed"",""delivery_summary"":""observed"",""shipping_cost"":""observed"",""properties"":""observed""}",true,
2026-08-26,2026-08-26T14:30:28+03:00,hobi,BEST_SELLER,hobi-cok-satanlar,Trendyol Hobi / Çok Satanlar,6,1,6,6,6,hobi:hobi-cok-satanlar,6,5,96.1,53,1016221830,,1016221830:unknown,"ZEYMERADE 100 Adet Gümüş Toplu İğne, Türban Eşarp Başörtüsü Şal Düğün Nikah Nişan Kına Sünnet Takı İğnesi",ZEYMERADE,,https://www.trendyol.com/zeymerade/100-adet-gumus-toplu-igne-turban-esarp-basortusu-sal-dugun-nikah-nisan-kina-sunnet-taki-ignesi-p-1016221830,ZEYMERADE,100,24.99,,,0,TRY,"[""Kargo Bedava""]",InStock,100 adetten fazla stok sunulmuştur,3 günde 500+ ürün satıldı!,3,500,166.7,4.7,297,,0,20,467 kişinin sepetinde,"7,9B kişi favoriledi",,,,0,,,,9 saat 28 dakika içinde sipariş verirsen en geç yarın kargoda!,,,{},0,,refreshed,"[""daily_top""]",true,2026-08-26T14:30:28+03:00,0,"[""search_result_dom"",""product_detail_jsonld"",""product_detail_dom""]","{""title"":""observed"",""brand"":""observed"",""seller_name"":""observed"",""seller_score"":""observed"",""price"":""observed"",""original_price"":""unavailable"",""campaigns"":""observed"",""stock_status"":""observed"",""stock_signal"":""observed"",""rating"":""observed"",""rating_count"":""observed"",""review_count"":""unavailable"",""question_count"":""observed"",""delivery_summary"":""observed"",""shipping_cost"":""unavailable"",""properties"":""observed""}",true,
2026-08-26,2026-08-26T14:30:28+03:00,hobi,BEST_SELLER,hobi-cok-satanlar,Trendyol Hobi / Çok Satanlar,7,1,7,7,7,hobi:hobi-cok-satanlar,7,0,96.7,50,853207451,,853207451:unknown,Öz-bal 7'li Balon Standı Seti - Parti ve Doğum Günü İçin Masaüstü Balon Tutucu Kolay Kurulumlu Balon Standı,Öz-bal,Balon Standı,https://www.trendyol.com/oz-bal/7-li-balon-standi-seti-parti-ve-dogum-gunu-icin-masaustu-balon-tutucu-kolay-kurulumlu-balon-standi-p-853207451,FortyFour Shop,9,74.99,,,1,TRY,"[""Kargo Bedava""]",InStock,100 adetten fazla stok sunulmuştur,3 günde 500+ ürün satıldı!,3,500,166.7,3.9,1144,617,4,99,"2,9B kişinin sepetinde",53B kişi favoriledi,Son 24 saatte 1B kişi görüntüledi,4999,TRY,0,1,1,4,9 saat 27 dakika içinde sipariş verirsen en geç yarın kargoda!,,https://cdn.dsmcdn.com/ty1501/product/media/images/prod/QC/20240825/15/b2e4513f-a7a8-3553-9322-1c17a01a1594/1_org_zoom.jpg,"{""Menşei"":""TR"",""Bakım Talimatları (Genel)"":""Ürünün kullanım ömrünü korumak için ürüne özel bakım talimatlarını takip ediniz."",""Renk"":""Turuncu""}",20,5,refreshed,"[""daily_top""]",true,2026-08-26T14:30:28+03:00,0,"[""search_result_dom"",""product_detail_jsonld"",""product_detail_dom""]","{""title"":""observed"",""brand"":""observed"",""seller_name"":""observed"",""seller_score"":""observed"",""price"":""observed"",""original_price"":""unavailable"",""campaigns"":""observed"",""stock_status"":""observed"",""stock_signal"":""observed"",""rating"":""observed"",""rating_count"":""observed"",""review_count"":""observed"",""question_count"":""observed"",""delivery_summary"":""observed"",""shipping_cost"":""observed"",""properties"":""observed""}",true,
2026-08-26,2026-08-26T14:30:28+03:00,hobi,BEST_SELLER,hobi-cok-satanlar,Trendyol Hobi / Çok Satanlar,8,1,8,8,8,hobi:hobi-cok-satanlar,8,5,93.8,50.3,391572545,,391572545:unknown,"ZEYMERADE Beyaz Nedime Kol Kurdele Bileklik Bant, Kına Gecesi Düğün Bride Bekarlığa Veda Söz, 1 Adet",ZEYMERADE,,https://www.trendyol.com/zeymerade/beyaz-nedime-kol-kurdele-bileklik-bant-kina-gecesi-dugun-bride-bekarliga-veda-soz-1-adet-p-391572545,ZEYMERADE,,16.64,,,0,TRY,[],InStock,100 adetten fazla stok sunulmuştur,3 günde 500+ ürün satıldı!,3,500,166.7,4.8,487,,0,49,,,,,,0,,,,9 saat 27 dakika içinde sipariş verirsen en geç yarın kargoda!,,,{},0,,refreshed,"[""daily_top""]",true,2026-08-26T14:30:28+03:00,0,"[""search_result_dom"",""product_detail_jsonld"",""product_detail_dom""]","{""title"":""observed"",""brand"":""observed"",""seller_name"":""observed"",""seller_score"":""unavailable"",""price"":""observed"",""original_price"":""unavailable"",""campaigns"":""unavailable"",""stock_status"":""observed"",""stock_signal"":""observed"",""rating"":""observed"",""rating_count"":""observed"",""review_count"":""unavailable"",""question_count"":""observed"",""delivery_summary"":""observed"",""shipping_cost"":""unavailable"",""properties"":""observed""}",true,
2026-08-26,2026-08-26T14:30:28+03:00,hobi,BEST_SELLER,hobi-cok-satanlar,Trendyol Hobi / Çok Satanlar,9,1,9,9,9,hobi:hobi-cok-satanlar,9,-3,94.3,47.4,364902364,,364902364:unknown,"ZEYMERADE Bordo Sağdıç Kol Kurdele Bileklik Bant, Kına Gecesi Düğün Bride Bekarlığa Veda Söz, 1 Adet",ZEYMERADE,,https://www.trendyol.com/zeymerade/bordo-sagdic-kol-kurdele-bileklik-bant-kina-gecesi-dugun-bride-bekarliga-veda-soz-1-adet-p-364902364,ZEYMERADE,,16.64,,,0,TRY,"[""Kargo Bedava""]",InStock,100 adetten fazla stok sunulmuştur,3 günde 500+ ürün satıldı!,3,500,166.7,4.7,979,,0,74,783 kişinin sepetinde,"25,4B kişi favoriledi",Son 24 saatte 440 kişi görüntüledi,,,0,,,,9 saat 27 dakika içinde sipariş verirsen en geç yarın kargoda!,,,{},0,,refreshed,"[""daily_top""]",true,2026-08-26T14:30:28+03:00,0,"[""search_result_dom"",""product_detail_jsonld"",""product_detail_dom""]","{""title"":""observed"",""brand"":""observed"",""seller_name"":""observed"",""seller_score"":""unavailable"",""price"":""observed"",""original_price"":""unavailable"",""campaigns"":""observed"",""stock_status"":""observed"",""stock_signal"":""observed"",""rating"":""observed"",""rating_count"":""observed"",""review_count"":""unavailable"",""question_count"":""observed"",""delivery_summary"":""observed"",""shipping_cost"":""unavailable"",""properties"":""observed""}",true,
2026-08-26,2026-08-26T14:30:28+03:00,hobi,BEST_SELLER,hobi-cok-satanlar,Trendyol Hobi / Çok Satanlar,10,1,10,10,10,hobi:hobi-cok-satanlar,10,-5,75.1,64.1,1162276275,,1162276275:unknown,"ZEYMERADE Beyaz Gül Yaprağı Yapay, 100 Adet Kutlama Yıl Dönümü Konfeti Evlilik Teklifi Gelin Damat Düğün Kına Söz Nişan Parti Süsleme Romantik Dekor Hediye",ZEYMERADE,,https://www.trendyol.com/zeymerade/beyaz-gul-yapragi-yapay-100-adet-kutlama-yil-donumu-konfeti-evlilik-teklifi-gelin-damat-dugun-kina-soz-nisan-parti-susleme-romantik-dekor-hediye-p-1162276275,ZEYMERADE,,49.9,,,0,TRY,"[""Kargo Bedava""]",InStock,100 adetten fazla stok sunulmuştur,3 günde 500+ ürün satıldı!,3,500,166.7,5,6,,0,2,,1B kişi favoriledi,Son 24 saatte 696 kişi görüntüledi,,,0,,,,9 saat 27 dakika içinde sipariş verirsen en geç yarın kargoda!,,,{},0,,refreshed,"[""daily_top""]",true,2026-08-26T14:30:28+03:00,0,"[""search_result_dom"",""product_detail_jsonld"",""product_detail_dom""]","{""title"":""observed"",""brand"":""observed"",""seller_name"":""observed"",""seller_score"":""unavailable"",""price"":""observed"",""original_price"":""unavailable"",""campaigns"":""observed"",""stock_status"":""observed"",""stock_signal"":""observed"",""rating"":""observed"",""rating_count"":""observed"",""review_count"":""unavailable"",""question_count"":""observed"",""delivery_summary"":""observed"",""shipping_cost"":""unavailable"",""properties"":""observed""}",true,
2026-08-26,2026-08-26T14:30:28+03:00,hobi,BEST_SELLER,hobi-cok-satanlar,Trendyol Hobi / Çok Satanlar,11,1,11,11,11,hobi:hobi-cok-satanlar,11,6,99.2,40.3,463385501,,463385501:unknown,"İTHALCİM 300 Ledli 10 Sarkıt Perde Led Işık-8 Fonksiyon, Uzaktan Kumandalı, 3x3 Metre",İTHALCİM,Led Işık,https://www.trendyol.com/ithalcim/300-ledli-10-sarkit-perde-led-isik-8-fonksiyon-uzaktan-kumandali-3x3-metre-p-463385501,indirimhanem,92,268,,,0,TRY,"[""Kargo Bedava"",""Son 10 Günün En Düşük Fiyatı""]",InStock,100 adetten fazla stok sunulmuştur,3 günde 500+ ürün satıldı!,3,500,166.7,4.6,22869,12907,3,4836,"3,7B kişinin sepetinde",373B kişi favoriledi,Son 24 saatte 2B kişi görüntüledi,4999,TRY,0,1,1,4,9 saat 27 dakika içinde sipariş verirsen en geç yarın kargoda!,,https://cdn.dsmcdn.com/ty1603/prod/QC/20241120/17/6b8ef09d-80b2-3f5f-b8cb-4dc445caa6ca/1_org_zoom.jpg,"{""Ebatlar"":""3 metre"",""Renk"":""Sarı"",""Menşei"":""TR"",""Özellik"":""Ledli""}",20,5,refreshed,"[""daily_top""]",true,2026-08-26T14:30:28+03:00,0,"[""search_result_dom"",""product_detail_jsonld"",""product_detail_dom""]","{""title"":""observed"",""brand"":""observed"",""seller_name"":""observed"",""seller_score"":""observed"",""price"":""observed"",""original_price"":""unavailable"",""campaigns"":""observed"",""stock_status"":""observed"",""stock_signal"":""observed"",""rating"":""observed"",""rating_count"":""observed"",""review_count"":""observed"",""question_count"":""observed"",""delivery_summary"":""observed"",""shipping_cost"":""observed"",""properties"":""observed""}",true,
2026-08-26,2026-08-26T14:30:28+03:00,hobi,BEST_SELLER,hobi-cok-satanlar,Trendyol Hobi / Çok Satanlar,12,1,12,12,12,hobi:hobi-cok-satanlar,12,3,88.7,45.5,168744257,,168744257:unknown,Patladı Gitti Çift Taraflı Balon Yapıştırma Bandı 100'lü,Patladı Gitti,,https://www.trendyol.com/patladi-gitti/cift-tarafli-balon-yapistirma-bandi-100-lu-p-168744257,Patladı Gitti,,32.95,,,0,TRY,"[""Kargo Bedava""]",InStock,100 adetten fazla stok sunulmuştur,3 günde 500+ ürün satıldı!,3,500,166.7,4.3,1100,,0,54,887 kişinin sepetinde,"22,7B kişi favoriledi",Son 24 saatte 415 kişi görüntüledi,,,0,,,,27 dakika 53 saniye içinde sipariş verirsen en geç bugün kargoda!,,,{},0,,refreshed,"[""daily_top""]",true,2026-08-26T14:30:28+03:00,0,"[""search_result_dom"",""product_detail_jsonld"",""product_detail_dom""]","{""title"":""observed"",""brand"":""observed"",""seller_name"":""observed"",""seller_score"":""unavailable"",""price"":""observed"",""original_price"":""unavailable"",""campaigns"":""observed"",""stock_status"":""observed"",""stock_signal"":""observed"",""rating"":""observed"",""rating_count"":""observed"",""review_count"":""unavailable"",""question_count"":""observed"",""delivery_summary"":""observed"",""shipping_cost"":""unavailable"",""properties"":""observed""}",true,
2026-08-26,2026-08-26T14:30:28+03:00,hobi,BEST_SELLER,hobi-cok-satanlar,Trendyol Hobi / Çok Satanlar,13,1,13,13,13,hobi:hobi-cok-satanlar,13,3,78.2,53.4,1083467295,,1083467295:unknown,"ZEYMERADE Siyah İran Grek Tül, Nişan Çeyiz Bohça Kapı Doğum Günü Konvoy Parti Dekor Süsleme, 1 Metre (En 70cm)",ZEYMERADE,,https://www.trendyol.com/zeymerade/siyah-iran-grek-tul-nisan-ceyiz-bohca-kapi-dogum-gunu-konvoy-parti-dekor-susleme-1-metre-en-70cm-p-1083467295,ZEYMERADE,,19.9,,,0,TRY,"[""Kargo Bedava""]",InStock,100 adetten fazla stok sunulmuştur,3 günde 500+ ürün satıldı!,3,500,166.7,4.1,96,,0,13,417 kişinin sepetinde,"5,5B kişi favoriledi",,,,0,,,,9 saat 27 dakika içinde sipariş verirsen en geç yarın kargoda!,,,{},0,,refreshed,"[""daily_top""]",true,2026-08-26T14:30:28+03:00,0,"[""search_result_dom"",""product_detail_jsonld"",""product_detail_dom""]","{""title"":""observed"",""brand"":""observed"",""seller_name"":""observed"",""seller_score"":""unavailable"",""price"":""observed"",""original_price"":""unavailable"",""campaigns"":""observed"",""stock_status"":""observed"",""stock_signal"":""observed"",""rating"":""observed"",""rating_count"":""observed"",""review_count"":""unavailable"",""question_count"":""observed"",""delivery_summary"":""observed"",""shipping_cost"":""unavailable"",""properties"":""observed""}",true,
2026-08-26,2026-08-26T14:30:28+03:00,hobi,BEST_SELLER,hobi-cok-satanlar,Trendyol Hobi / Çok Satanlar,14,1,14,14,14,hobi:hobi-cok-satanlar,14,-4,60.3,,164136927,,164136927:unknown,Genel Markalar Peri Led 3metre Sarı Pilli Dekoratif Aydınlatma,Genel Markalar,,https://www.trendyol.com/genel-markalar/peri-led-3metre-sari-pilli-dekoratif-aydinlatma-p-164136927,Koza Gift,88,40,,,0,TRY,"[""15 TL Kupon"",""Kargo Bedava""]",InStock,100 adetten fazla stok sunulmuştur,3 günde 500+ ürün satıldı!,3,500,166.7,,,,0,,,,,,,0,,,,9 saat 27 dakika içinde sipariş verirsen en geç yarın kargoda!,,,{},0,,refreshed,"[""daily_top""]",true,2026-08-26T14:30:28+03:00,0,"[""search_result_dom"",""product_detail_jsonld"",""product_detail_dom""]","{""title"":""observed"",""brand"":""observed"",""seller_name"":""observed"",""seller_score"":""observed"",""price"":""observed"",""original_price"":""unavailable"",""campaigns"":""observed"",""stock_status"":""observed"",""stock_signal"":""observed"",""rating"":""unavailable"",""rating_count"":""unavailable"",""review_count"":""unavailable"",""question_count"":""unavailable"",""delivery_summary"":""observed"",""shipping_cost"":""unavailable"",""properties"":""observed""}",true,
2026-08-26,2026-08-26T14:30:28+03:00,hobi,BEST_SELLER,hobi-cok-satanlar,Trendyol Hobi / Çok Satanlar,15,1,15,15,15,hobi:hobi-cok-satanlar,15,-6,74.9,51.8,1083499433,,1083499433:unknown,"ZEYMERADE Beyaz İran Grek Tül, Nişan Çeyiz Bohça Kapı Doğum Günü Konvoy Parti Dekor Süsleme, 1 Metre (En 70cm)",ZEYMERADE,,https://www.trendyol.com/zeymerade/beyaz-iran-grek-tul-nisan-ceyiz-bohca-kapi-dogum-gunu-konvoy-parti-dekor-susleme-1-metre-en-70cm-p-1083499433,ZEYMERADE,,19.9,,,0,TRY,"[""Kargo Bedava""]",InStock,100 adetten fazla stok sunulmuştur,3 günde 500+ ürün satıldı!,3,500,166.7,4.2,117,,0,26,,"4,2B kişi favoriledi",,,,0,,,,9 saat 27 dakika içinde sipariş verirsen en geç yarın kargoda!,,,{},0,,refreshed,"[""daily_top""]",true,2026-08-26T14:30:28+03:00,0,"[""search_result_dom"",""product_detail_jsonld"",""product_detail_dom""]","{""title"":""observed"",""brand"":""observed"",""seller_name"":""observed"",""seller_score"":""unavailable"",""price"":""observed"",""original_price"":""unavailable"",""campaigns"":""observed"",""stock_status"":""observed"",""stock_signal"":""observed"",""rating"":""observed"",""rating_count"":""observed"",""review_count"":""unavailable"",""question_count"":""observed"",""delivery_summary"":""observed"",""shipping_cost"":""unavailable"",""properties"":""observed""}",true,
2026-08-26,2026-08-26T14:30:28+03:00,hobi,BEST_SELLER,hobi-cok-satanlar,Trendyol Hobi / Çok Satanlar,16,1,16,16,16,hobi:hobi-cok-satanlar,16,-2,72.3,37.2,1054279586,,1054279586:unknown,"ecrin tuhafiye hobi Siyah Damat Bohça Süsü, Gelin Çeyiz Düğün Nişan Valiz Bavul Söz Nikah Kına Süsü 1 Adet",ecrin tuhafiye hobi,,https://www.trendyol.com/ecrin-tuhafiye-hobi/siyah-damat-bohca-susu-gelin-ceyiz-dugun-nisan-valiz-bavul-soz-nikah-kina-susu-1-adet-p-1054279586,Ecrin Tuhafiye Hobi,85,49.5,,,-1,TRY,"[""Kargo Bedava""]",InStock,100 adetten fazla stok sunulmuştur,3 günde 250+ ürün satıldı!,3,250,83.3,4.4,332,,0,40,436 kişinin sepetinde,"20,6B kişi favoriledi",Son 24 saatte 312 kişi görüntüledi,,,0,,,,9 saat 27 dakika içinde sipariş verirsen en geç yarın kargoda!,,,{},0,,refreshed,"[""daily_top""]",true,2026-08-26T14:30:28+03:00,0,"[""search_result_dom"",""product_detail_jsonld"",""product_detail_dom""]","{""title"":""observed"",""brand"":""observed"",""seller_name"":""observed"",""seller_score"":""observed"",""price"":""observed"",""original_price"":""unavailable"",""campaigns"":""observed"",""stock_status"":""observed"",""stock_signal"":""observed"",""rating"":""observed"",""rating_count"":""observed"",""review_count"":""unavailable"",""question_count"":""observed"",""delivery_summary"":""observed"",""shipping_cost"":""unavailable"",""properties"":""observed""}",true,
2026-08-26,2026-08-26T14:30:28+03:00,hobi,BEST_SELLER,hobi-cok-satanlar,Trendyol Hobi / Çok Satanlar,17,1,17,17,17,hobi:hobi-cok-satanlar,17,-9,79.6,48.7,1158339621,,1158339621:unknown,HİROS'H Yeni Otomatik Açılan Katlanabilir Yuvarlak Yelpaze Çantalı Taşınabilir Mini Kore Yelpazesi,HİROS'H,Konsept Hediyelik,https://www.trendyol.com/hiros-h/yeni-otomatik-acilan-katlanabilir-yuvarlak-yelpaze-cantali-tasinabilir-mini-kore-yelpazesi-p-1158339621,HİROSH,92,31.1,33.34,6.7,-37.8,TRY,"[""Son 10 Günün En Düşük Fiyatı"",""Kargo Bedava"",""Son 10 günün en düşük fiyatı""]",InStock,100 adetten fazla stok sunulmuştur,3 günde 500+ ürün satıldı!,3,500,166.7,4.1,411,211,2,129,"4,6B kişinin sepetinde","38,7B kişi favoriledi","Son 24 saatte 2,3B kişi görüntüledi",4999,TRY,0,1,1,4,9 saat 27 dakika içinde sipariş verirsen en geç yarın kargoda!,,https://cdn.dsmcdn.com/ty1921/prod/QC_PREP/20260619/19/7d2cec22-885e-30e1-87cf-7041446b23dc/1_org_zoom.jpg,"{""Menşei"":""TR""}",20,5,refreshed,"[""daily_top""]",true,2026-08-26T14:30:28+03:00,0,"[""search_result_dom"",""product_detail_jsonld"",""product_detail_dom""]","{""title"":""observed"",""brand"":""observed"",""seller_name"":""observed"",""seller_score"":""observed"",""price"":""observed"",""original_price"":""observed"",""campaigns"":""observed"",""stock_status"":""observed"",""stock_signal"":""observed"",""rating"":""observed"",""rating_count"":""observed"",""review_count"":""observed"",""question_count"":""observed"",""delivery_summary"":""observed"",""shipping_cost"":""observed"",""properties"":""observed""}",true,
2026-08-26,2026-08-26T14:30:28+03:00,hobi,BEST_SELLER,hobi-cok-satanlar,Trendyol Hobi / Çok Satanlar,18,1,18,18,18,hobi:hobi-cok-satanlar,18,0,61.4,43.2,1149431698,,1149431698:unknown,"WORDAKS Yapay Beyaz Kumaş Gül Yaprağı, Romantik Dekor Hediye Süs Düğün Kına Söz Nişan Parti Süsleme 100 Adet",WORDAKS,,https://www.trendyol.com/wordaks/yapay-beyaz-kumas-gul-yapragi-romantik-dekor-hediye-sus-dugun-kina-soz-nisan-parti-susleme-100-adet-p-1149431698,ÖZ BURAK AKSESUAR,95,47.59,,,0,TRY,"[""Kargo Bedava""]",InStock,100 adetten fazla stok sunulmuştur,3 günde 250+ ürün satıldı!,3,250,83.3,4.5,44,,0,17,,"3,3B kişi favoriledi",,,,0,,,,9 saat 27 dakika içinde sipariş verirsen en geç yarın kargoda!,,,{},0,,refreshed,"[""daily_top""]",true,2026-08-26T14:30:28+03:00,0,"[""search_result_dom"",""product_detail_jsonld"",""product_detail_dom""]","{""title"":""observed"",""brand"":""observed"",""seller_name"":""observed"",""seller_score"":""observed"",""price"":""observed"",""original_price"":""unavailable"",""campaigns"":""observed"",""stock_status"":""observed"",""stock_signal"":""observed"",""rating"":""observed"",""rating_count"":""observed"",""review_count"":""unavailable"",""question_count"":""observed"",""delivery_summary"":""observed"",""shipping_cost"":""unavailable"",""properties"":""observed""}",true,
2026-08-26,2026-08-26T14:30:28+03:00,hobi,BEST_SELLER,hobi-cok-satanlar,Trendyol Hobi / Çok Satanlar,19,1,19,19,19,hobi:hobi-cok-satanlar,19,1,72.9,29.1,141774884,,141774884:unknown,"ZEYMERADE Beyaz Süsleme Tülü, Boy 1 MT En Sabit 3 MT, Bohça Çeyiz Gelin Araba Konvoy Valiz Hastane Kapı Doğum Günü Dekor Parti El İşi Damat Kına Düğün Söz Nişan Nikah Bride Bekarlığa Veda Sünnet Hediye Süsleme",ZEYMERADE,,https://www.trendyol.com/zeymerade/beyaz-susleme-tulu-boy-1-mt-en-sabit-3-mt-bohca-ceyiz-gelin-araba-konvoy-valiz-hastane-kapi-dogum-gunu-dekor-parti-el-isi-damat-kina-dugun-soz-nisan-nikah-bride-bekarliga-veda-sunnet-hediye-susleme-p-141774884,ZEYMERADE,,49.9,,,0,TRY,"[""Kargo Bedava""]",InStock,100 adetten fazla stok sunulmuştur,3 günde 250+ ürün satıldı!,3,250,83.3,4.6,2217,,0,179,544 kişinin sepetinde,"31,5B kişi favoriledi",,,,0,,,,9 saat 27 dakika içinde sipariş verirsen en geç yarın kargoda!,,,{},0,,refreshed,"[""daily_top""]",true,2026-08-26T14:30:28+03:00,0,"[""search_result_dom"",""product_detail_jsonld"",""product_detail_dom""]","{""title"":""observed"",""brand"":""observed"",""seller_name"":""observed"",""seller_score"":""unavailable"",""price"":""observed"",""original_price"":""unavailable"",""campaigns"":""observed"",""stock_status"":""observed"",""stock_signal"":""observed"",""rating"":""observed"",""rating_count"":""observed"",""review_count"":""unavailable"",""question_count"":""observed"",""delivery_summary"":""observed"",""shipping_cost"":""unavailable"",""properties"":""observed""}",true,
2026-08-26,2026-08-26T14:30:28+03:00,hobi,BEST_SELLER,hobi-cok-satanlar,Trendyol Hobi / Çok Satanlar,20,1,20,20,20,hobi:hobi-cok-satanlar,20,-1,73.6,26,64435357,,64435357:unknown,"SULED 5 Metre Pilli Peri Dekor Işık Günışığı, Dekoratif Lamba Gün Işığı Yılbaşı Çam Ağacı Ev Süslemeli",SULED,,https://www.trendyol.com/suled/5-metre-pilli-peri-dekor-isik-gunisigi-dekoratif-lamba-gun-isigi-yilbasi-cam-agaci-ev-suslemeli-p-64435357,Quled,84,74,,,0,TRY,"[""Sepette %3 İndirim"",""Kargo Bedava""]",InStock,100 adetten fazla stok sunulmuştur,3 günde 250+ ürün satıldı!,3,250,83.3,4.1,4733,,-2385,698,"1,4B kişinin sepetinde","99,4B kişi favoriledi","Son 24 saatte 1,1B kişi görüntüledi",,,0,,,,9 saat 27 dakika içinde sipariş verirsen en geç yarın kargoda!,,,{},0,,refreshed,"[""daily_top""]",true,2026-08-26T14:30:28+03:00,0,"[""search_result_dom"",""product_detail_jsonld"",""product_detail_dom""]","{""title"":""observed"",""brand"":""observed"",""seller_name"":""observed"",""seller_score"":""observed"",""price"":""observed"",""original_price"":""unavailable"",""campaigns"":""observed"",""stock_status"":""observed"",""stock_signal"":""observed"",""rating"":""observed"",""rating_count"":""observed"",""review_count"":""unavailable"",""question_count"":""observed"",""delivery_summary"":""observed"",""shipping_cost"":""unavailable"",""properties"":""observed""}",true,
2026-08-26,2026-08-26T14:30:28+03:00,hobi,BEST_SELLER,hobi-cok-satanlar,Trendyol Hobi / Çok Satanlar,21,1,21,21,21,hobi:hobi-cok-satanlar,21,0,71.3,25.8,760530927,,760530927:unknown,Sanctum Mutfak Dolabı Tezgah Üstü Için 5 Metre Gün Işığı Şerit Led Işık Adaptörlü Anahtarlı Tak Çalıştır,Sanctum,Led Işık,https://www.trendyol.com/sanctum/mutfak-dolabi-tezgah-ustu-icin-5-metre-gun-isigi-serit-led-isik-adaptorlu-anahtarli-tak-calistir-p-760530927,Home35Tec,96,369.9,,,0,TRY,"[""Kargo Bedava""]",InStock,100 adetten fazla stok sunulmuştur,3 günde 250+ ürün satıldı!,3,250,83.3,4.5,7385,4366,4,2588,"5,4B kişinin sepetinde","306,8B kişi favoriledi","Son 24 saatte 3,9B kişi görüntüledi",4999,TRY,0,1,1,4,9 saat 27 dakika içinde sipariş verirsen en geç yarın kargoda!,,https://cdn.dsmcdn.com/ty1650/prod/QC/20250321/00/2d6f67f3-d1be-39eb-b254-85ba6f26a3b0/1_org_zoom.jpg,"{""Ebatlar"":""5 metre"",""Renk"":""Sarı"",""Menşei"":""CN"",""Özellik"":""Diğer"",""Enerji Tasarrufu"":""Var""}",20,5,refreshed,"[""daily_top""]",true,2026-08-26T14:30:28+03:00,0,"[""search_result_dom"",""product_detail_jsonld"",""product_detail_dom""]","{""title"":""observed"",""brand"":""observed"",""seller_name"":""observed"",""seller_score"":""observed"",""price"":""observed"",""original_price"":""unavailable"",""campaigns"":""observed"",""stock_status"":""observed"",""stock_signal"":""observed"",""rating"":""observed"",""rating_count"":""observed"",""review_count"":""observed"",""question_count"":""observed"",""delivery_summary"":""observed"",""shipping_cost"":""observed"",""properties"":""observed""}",true,
2026-08-26,2026-08-26T14:30:28+03:00,hobi,BEST_SELLER,hobi-cok-satanlar,Trendyol Hobi / Çok Satanlar,22,1,22,22,22,hobi:hobi-cok-satanlar,22,11,48.5,46.1,1179499874,,1179499874:unknown,Ambalaj Express.com.tr 400 Cc Plastik Pet Limonata Milkshake Bardağı 10 Adet Klips Kapaklı,Ambalaj Express.com.tr,Plastik Bardak,https://www.trendyol.com/ambalaj-express-com-tr/400-cc-plastik-pet-limonata-milkshake-bardagi-10-adet-klips-kapakli-p-1179499874,Ambalaj Express,95,68,,,45.4,TRY,"[""Kargo Bedava""]",InStock,100 adetten fazla stok sunulmuştur,3 günde 250+ ürün satıldı!,3,250,83.3,4.8,17,10,0,8,729 kişinin sepetinde,"2,7B kişi favoriledi",Son 24 saatte 736 kişi görüntüledi,4999,TRY,0,1,1,2,9 saat 27 dakika içinde sipariş verirsen en geç yarın kargoda!,,https://cdn.dsmcdn.com/ty1943/prod/QC_PREP/20260804/11/0478e772-684d-355f-8f6e-fc09add92399/1_org_zoom.jpg,"{""Menşei"":""TR"",""Materyal"":""Plastik""}",10,4.7,refreshed,"[""daily_top""]",true,2026-08-26T14:30:28+03:00,0,"[""search_result_dom"",""product_detail_jsonld"",""product_detail_dom""]","{""title"":""observed"",""brand"":""observed"",""seller_name"":""observed"",""seller_score"":""observed"",""price"":""observed"",""original_price"":""unavailable"",""campaigns"":""observed"",""stock_status"":""observed"",""stock_signal"":""observed"",""rating"":""observed"",""rating_count"":""observed"",""review_count"":""observed"",""question_count"":""observed"",""delivery_summary"":""observed"",""shipping_cost"":""observed"",""properties"":""observed""}",true,
2026-08-26,2026-08-26T14:30:28+03:00,hobi,BEST_SELLER,hobi-cok-satanlar,Trendyol Hobi / Çok Satanlar,23,1,23,23,23,hobi:hobi-cok-satanlar,23,-1,56.8,35.3,1084067119,,1084067119:unknown,"ZEYMERADE 10 Metre Çift Katlı Dantel Kurdele Beyaz Fisto, Bohça, Nişan, Çeyiz, Nikah, Hediye, Şeker, Süsleme",ZEYMERADE,,https://www.trendyol.com/zeymerade/10-metre-cift-katli-dantel-kurdele-beyaz-fisto-bohca-nisan-ceyiz-nikah-hediye-seker-susleme-p-1084067119,ZEYMERADE,10,49.9,,,0,TRY,"[""Kargo Bedava""]",InStock,100 adetten fazla stok sunulmuştur,3 günde 250+ ürün satıldı!,3,250,83.3,4.7,211,,0,28,840 kişinin sepetinde,"22,2B kişi favoriledi",Son 24 saatte 453 kişi görüntüledi,,,0,,,,9 saat 27 dakika içinde sipariş verirsen en geç yarın kargoda!,,,{},0,,refreshed,"[""daily_top""]",true,2026-08-26T14:30:28+03:00,0,"[""search_result_dom"",""product_detail_jsonld"",""product_detail_dom""]","{""title"":""observed"",""brand"":""observed"",""seller_name"":""observed"",""seller_score"":""observed"",""price"":""observed"",""original_price"":""unavailable"",""campaigns"":""observed"",""stock_status"":""observed"",""stock_signal"":""observed"",""rating"":""observed"",""rating_count"":""observed"",""review_count"":""unavailable"",""question_count"":""observed"",""delivery_summary"":""observed"",""shipping_cost"":""unavailable"",""properties"":""observed""}",true,
2026-08-26,2026-08-26T14:30:28+03:00,hobi,BEST_SELLER,hobi-cok-satanlar,Trendyol Hobi / Çok Satanlar,24,1,24,24,24,hobi:hobi-cok-satanlar,24,23,58.4,34.1,950323445,,950323445:unknown,Genel Markalar 1 Metre Peri Led Mini Güç Kutulu Dekoratif led Piller Dahildir 1 adet,Genel Markalar,Led Işık,https://www.trendyol.com/genel-markalar/1-metre-peri-led-mini-guc-kutulu-dekoratif-led-piller-dahildir-1-adet-p-950323445,LAZORİAE,89,24.25,25,3,0,TRY,"[""Trendyol Plus'a Özel"",""Kargo Bedava""]",InStock,10 adetten fazla stok sunulmuştur,3 günde 250+ ürün satıldı!,3,250,83.3,3.8,467,256,0,129,674 kişinin sepetinde,18B kişi favoriledi,Son 24 saatte 406 kişi görüntüledi,4999,TRY,0,1,1,4,9 saat 27 dakika içinde sipariş verirsen en geç yarın kargoda!,,https://cdn.dsmcdn.com/ty1701/prod/QC_PREP/20250630/00/6d795b0e-024e-3bd0-b677-89a30216c406/1_org_zoom.jpg,"{""Ebatlar"":""1 metre"",""Renk"":""Çok Renkli"",""Menşei"":""TR"",""Batarya Türü"":""Diğer"",""Özellik"":""Uzun"",""Enerji Tasarrufu"":""Var""}",20,5,refreshed,"[""daily_top""]",true,2026-08-26T14:30:28+03:00,0,"[""search_result_dom"",""product_detail_jsonld"",""product_detail_dom""]","{""title"":""observed"",""brand"":""observed"",""seller_name"":""observed"",""seller_score"":""observed"",""price"":""observed"",""original_price"":""observed"",""campaigns"":""observed"",""stock_status"":""observed"",""stock_signal"":""observed"",""rating"":""observed"",""rating_count"":""observed"",""review_count"":""observed"",""question_count"":""observed"",""delivery_summary"":""observed"",""shipping_cost"":""observed"",""properties"":""observed""}",true,
2026-08-26,2026-08-26T14:30:28+03:00,hobi,BEST_SELLER,hobi-cok-satanlar,Trendyol Hobi / Çok Satanlar,25,1,25,25,25,hobi:hobi-cok-satanlar,25,3,51.9,35.2,1094786356,,1094786356:unknown,Kitchen Beauty 100 Adet Kraft Kağıt Kek Kapsülü | Muffin Cupcake Kek Kapsülü | 100'lü Kağıt Kek Kalıbı,Kitchen Beauty,Cupcake Kapsülü,https://www.trendyol.com/kitchen-beauty/100-adet-kraft-kagit-kek-kapsulu-muffin-cupcake-kek-kapsulu-100-lu-kagit-kek-kalibi-p-1094786356,Eymen Ticaret,89,49.98,,,0,TRY,"[""Kargo Bedava""]",InStock,100 adetten fazla stok sunulmuştur,3 günde 250+ ürün satıldı!,3,250,83.3,4.6,438,165,2,50,"1,9B kişinin sepetinde","42,4B kişi favoriledi",Son 24 saatte 582 kişi görüntüledi,4999,TRY,0,1,1,4,9 saat 27 dakika içinde sipariş verirsen en geç yarın kargoda!,,https://cdn.dsmcdn.com/ty1819/prod/QC_PREP/20260131/20/5337a5bf-0b49-318e-a6c5-86f11792ea56/1_org_zoom.jpg,"{""Menşei"":""TR"",""Materyal"":""Kağıt""}",20,5,refreshed,"[""daily_top""]",true,2026-08-26T14:30:28+03:00,0,"[""search_result_dom"",""product_detail_jsonld"",""product_detail_dom""]","{""title"":""observed"",""brand"":""observed"",""seller_name"":""observed"",""seller_score"":""observed"",""price"":""observed"",""original_price"":""unavailable"",""campaigns"":""observed"",""stock_status"":""observed"",""stock_signal"":""observed"",""rating"":""observed"",""rating_count"":""observed"",""review_count"":""observed"",""question_count"":""observed"",""delivery_summary"":""observed"",""shipping_cost"":""observed"",""properties"":""observed""}",true,
2026-08-26,2026-08-26T14:30:28+03:00,hobi,BEST_SELLER,hobi-cok-satanlar,Trendyol Hobi / Çok Satanlar,26,1,26,26,26,hobi:hobi-cok-satanlar,26,11,49.8,34.8,842040879,,842040879:unknown,Öz-bal Krom Pembe Ve Makaron (Pastel) Pembe Renk 10 Lu Balon,Öz-bal,Balon,https://www.trendyol.com/oz-bal/krom-pembe-ve-makaron-pastel-pembe-renk-10-lu-balon-p-842040879,FortyFour Shop,9,49.99,,,1,TRY,"[""Kargo Bedava""]",InStock,100 adetten fazla stok sunulmuştur,3 günde 250+ ürün satıldı!,3,250,83.3,3.7,274,160,2,62,"1,2B kişinin sepetinde","16,2B kişi favoriledi","Son 24 saatte 1,1B kişi görüntüledi",4999,TRY,0,1,1,4,9 saat 27 dakika içinde sipariş verirsen en geç yarın kargoda!,,https://cdn.dsmcdn.com/ty1675/prod/QC/20250506/12/f7c3f2a5-476e-375c-912b-9f91062f8f92/1_org_zoom.jpg,"{""Balon Çeşidi"":""Krom Balon"",""Renk"":""Pembe"",""Özellik"":""Uzun""}",20,5,refreshed,"[""daily_top""]",true,2026-08-26T14:30:28+03:00,0,"[""search_result_dom"",""product_detail_jsonld"",""product_detail_dom""]","{""title"":""observed"",""brand"":""observed"",""seller_name"":""observed"",""seller_score"":""observed"",""price"":""observed"",""original_price"":""unavailable"",""campaigns"":""observed"",""stock_status"":""observed"",""stock_signal"":""observed"",""rating"":""observed"",""rating_count"":""observed"",""review_count"":""observed"",""question_count"":""observed"",""delivery_summary"":""observed"",""shipping_cost"":""observed"",""properties"":""observed""}",true,
2026-08-26,2026-08-26T14:30:28+03:00,hobi,BEST_SELLER,hobi-cok-satanlar,Trendyol Hobi / Çok Satanlar,27,1,27,27,27,hobi:hobi-cok-satanlar,27,13,59.3,22.8,850696142,,850696142:unknown,"exzone Led Işıklı Pembe Kelebek Buketi Love Ambalajlı, Dekoratif Konsept Hediye Anneye, Sevgiliye,arkadaşa",exzone,Konsept Hediyelik,https://www.trendyol.com/exzone/led-isikli-pembe-kelebek-buketi-love-ambalajli-dekoratif-konsept-hediye-anneye-sevgiliye-arkadasa-p-850696142,EXZONE BUKET,9,289.58,,,0.3,TRY,"[""Kargo Bedava""]",InStock,100 adetten fazla stok sunulmuştur,3 günde 250+ ürün satıldı!,3,250,83.3,4.4,8078,4365,2,5128,"3,2B kişinin sepetinde","228,4B kişi favoriledi","Son 24 saatte 2,1B kişi görüntüledi",4999,TRY,0,1,1,4,9 saat 27 dakika içinde sipariş verirsen en geç yarın kargoda!,,https://cdn.dsmcdn.com/ty1800/prod/QC_ENRICHMENT/20251217/17/a096e7e2-5206-3fa5-8807-c929ac4324cc/1_org_zoom.jpg,"{""Diğer Özellikler"":""ışıklı"",""Menşei"":""TR""}",20,5,refreshed,"[""daily_top""]",true,2026-08-26T14:30:28+03:00,0,"[""search_result_dom"",""product_detail_jsonld"",""product_detail_dom""]","{""title"":""observed"",""brand"":""observed"",""seller_name"":""observed"",""seller_score"":""observed"",""price"":""observed"",""original_price"":""unavailable"",""campaigns"":""observed"",""stock_status"":""observed"",""stock_signal"":""observed"",""rating"":""observed"",""rating_count"":""observed"",""review_count"":""observed"",""question_count"":""observed"",""delivery_summary"":""observed"",""shipping_cost"":""observed"",""properties"":""observed""}",true,
2026-08-26,2026-08-26T14:30:28+03:00,hobi,BEST_SELLER,hobi-cok-satanlar,Trendyol Hobi / Çok Satanlar,28,1,28,28,28,hobi:hobi-cok-satanlar,28,-4,49.6,30,1137616360,,1137616360:unknown,KİNKU New Block Stitch&Angel 2'li Set Kutulu - Koleksiyonluk,KİNKU,3D Yapboz,https://www.trendyol.com/kinku/new-block-stitch-angel-2-li-set-kutulu-koleksiyonluk-p-1137616360,KİNKU,93,199.96,,,0,TRY,"[""Kargo Bedava""]",InStock,100 adetten fazla stok sunulmuştur,3 günde 250+ ürün satıldı!,3,250,83.3,4.6,790,473,4,,5B kişinin sepetinde,"46,9B kişi favoriledi","Son 24 saatte 1,6B kişi görüntüledi",4999,TRY,0,1,1,4,27 dakika 22 saniye içinde sipariş verirsen en geç bugün kargoda!,,https://cdn.dsmcdn.com/ty1898/prod/QC_ENRICHMENT/20260729/20/9afd2b4a-c784-336b-a568-cd452ced0915/1_org_zoom.jpg,"{""Menşei"":""CN""}",20,5,refreshed,"[""daily_top""]",true,2026-08-26T14:30:28+03:00,0,"[""search_result_dom"",""product_detail_jsonld"",""product_detail_dom""]","{""title"":""observed"",""brand"":""observed"",""seller_name"":""observed"",""seller_score"":""observed"",""price"":""observed"",""original_price"":""unavailable"",""campaigns"":""observed"",""stock_status"":""observed"",""stock_signal"":""observed"",""rating"":""observed"",""rating_count"":""observed"",""review_count"":""observed"",""question_count"":""unavailable"",""delivery_summary"":""observed"",""shipping_cost"":""observed"",""properties"":""observed""}",true,
2026-08-26,2026-08-26T14:30:28+03:00,hobi,BEST_SELLER,hobi-cok-satanlar,Trendyol Hobi / Çok Satanlar,29,1,29,29,29,hobi:hobi-cok-satanlar,29,3,38.6,39.5,1174702921,,1174702921:unknown,hot flowers Dünyanın en güzel kızı aynalı tablosu makyaj aynası çerçeve Sevgiliye anlamlı hediye Spotify kodu detaylı,hot flowers,Konsept Hediyelik,https://www.trendyol.com/hot-flowers/dunyanin-en-guzel-kizi-aynali-tablosu-makyaj-aynasi-cerceve-sevgiliye-anlamli-hediye-spotify-kodu-detayli-p-1174702921,,,198.99,201,1,0,TRY,"[""Sepette %1 İndirim""]",InStock,,3 günde 250+ ürün satıldı!,3,250,83.3,4,44,26,2,52,,,,4999,TRY,0,1,1,4,9 saat 27 dakika içinde sipariş verirsen en geç yarın kargoda!,,https://cdn.dsmcdn.com/ty1922/prod/QC_ENRICHMENT/20260731/06/1c87eedf-3f0d-324d-803c-a81acde29989/1_org_zoom.jpg,"{""Menşei"":""TR"",""Materyal"":""MDF""}",20,4.7,refreshed,"[""daily_top""]",true,2026-08-26T14:30:28+03:00,0,"[""search_result_dom"",""product_detail_jsonld"",""product_detail_dom""]","{""title"":""observed"",""brand"":""observed"",""seller_name"":""unavailable"",""seller_score"":""unavailable"",""price"":""observed"",""original_price"":""observed"",""campaigns"":""observed"",""stock_status"":""observed"",""stock_signal"":""unavailable"",""rating"":""observed"",""rating_count"":""observed"",""review_count"":""observed"",""question_count"":""observed"",""delivery_summary"":""observed"",""shipping_cost"":""observed"",""properties"":""observed""}",true,
2026-08-26,2026-08-26T14:30:28+03:00,hobi,BEST_SELLER,hobi-cok-satanlar,Trendyol Hobi / Çok Satanlar,30,1,30,30,30,hobi:hobi-cok-satanlar,30,4,44.5,30.1,835526750,,835526750:unknown,Öz-bal Çift Taraflı Yapışkan Balon Yapıştırma Bandı Sticker Damla Modeli Ve Uçan Balon Aparatı Yapıştırıcı,Öz-bal,Balon Zinciri,https://www.trendyol.com/oz-bal/cift-tarafli-yapiskan-balon-yapistirma-bandi-sticker-damla-modeli-ve-ucan-balon-aparati-yapistirici-p-835526750,FortyFour Shop,9,49.99,,,1,TRY,"[""Kargo Bedava""]",InStock,100 adetten fazla stok sunulmuştur,3 günde 250+ ürün satıldı!,3,250,83.3,4.2,734,345,0,83,,,,4999,TRY,0,1,1,4,9 saat 27 dakika içinde sipariş verirsen en geç yarın kargoda!,,https://cdn.dsmcdn.com/ty1691/prod/QC_ENRICHMENT/20250605/01/a041fc6c-fd94-33fc-9413-ce59d9e9c328/1_org_zoom.jpg,"{""Menşei"":""TR"",""Bakım Talimatları (Genel)"":""Ürünün kullanım ömrünü korumak için ürüne özel bakım talimatlarını takip ediniz.""}",20,5,refreshed,"[""daily_top""]",true,2026-08-26T14:30:28+03:00,0,"[""search_result_dom"",""product_detail_jsonld"",""product_detail_dom""]","{""title"":""observed"",""brand"":""observed"",""seller_name"":""observed"",""seller_score"":""observed"",""price"":""observed"",""original_price"":""unavailable"",""campaigns"":""observed"",""stock_status"":""observed"",""stock_signal"":""observed"",""rating"":""observed"",""rating_count"":""observed"",""review_count"":""observed"",""question_count"":""observed"",""delivery_summary"":""observed"",""shipping_cost"":""observed"",""properties"":""observed""}",true,
2026-08-26,2026-08-26T14:30:28+03:00,hobi,BEST_SELLER,hobi-cok-satanlar,Trendyol Hobi / Çok Satanlar,31,1,31,31,31,hobi:hobi-cok-satanlar,31,-8,43.9,28.2,158110474,,158110474:unknown,casadilegno Dekoratif Yeşil Yapraklı Yapay Sarmaşık Ve 3 Metre Peri Led Gün Işığı,casadilegno,Dekoratif Şerit,https://www.trendyol.com/casadilegno/dekoratif-yesil-yaprakli-yapay-sarmasik-ve-3-metre-peri-led-gun-isigi-p-158110474,Blue Side,83,64,,,-8.6,TRY,"[""Sepette %1 İndirim"",""Kargo Bedava""]",InStock,100 adetten fazla stok sunulmuştur,3 günde 250+ ürün satıldı!,3,250,83.3,3.6,805,514,2,119,"2,2B kişinin sepetinde","22,5B kişi favoriledi",Son 24 saatte 702 kişi görüntüledi,4999,TRY,0,,1,4,27 dakika 16 saniye içinde sipariş verirsen en geç bugün kargoda!,,https://cdn.dsmcdn.com/ty1486/product/media/images/prod/QC/20240816/15/11f92a0d-b606-3cf3-afc8-dacc8d5c2527/1_org_zoom.jpg,"{""Metraj"":""Diğer"",""Menşei"":""UM"",""Renk"":""Yeşil""}",20,5,refreshed,"[""daily_top""]",true,2026-08-26T14:30:28+03:00,0,"[""search_result_dom"",""product_detail_jsonld"",""product_detail_dom""]","{""title"":""observed"",""brand"":""observed"",""seller_name"":""observed"",""seller_score"":""observed"",""price"":""observed"",""original_price"":""unavailable"",""campaigns"":""observed"",""stock_status"":""observed"",""stock_signal"":""observed"",""rating"":""observed"",""rating_count"":""observed"",""review_count"":""observed"",""question_count"":""observed"",""delivery_summary"":""observed"",""shipping_cost"":""observed"",""properties"":""observed""}",true,
2026-08-26,2026-08-26T14:30:28+03:00,hobi,BEST_SELLER,hobi-cok-satanlar,Trendyol Hobi / Çok Satanlar,32,1,32,32,32,hobi:hobi-cok-satanlar,32,-7,36,33.6,938461347,,938461347:unknown,yiğit aksesuar 24 Renk 14.000 Adet Hotfix Ütü Ile Yapışan Taş Ss10(2.5MM) Cımbız Hediyeli,yiğit aksesuar,Boncuk,https://www.trendyol.com/yigit-aksesuar/24-renk-14-000-adet-hotfix-utu-ile-yapisan-tas-ss10-2-5mm-cimbiz-hediyeli-p-938461347,YİĞİT AKSESUAR,91,829,,,0,TRY,"[""Kargo Bedava""]",InStock,100 adetten fazla stok sunulmuştur,3 günde 250+ ürün satıldı!,3,250,83.3,3.8,145,93,2,175,"6,4B kişinin sepetinde","27,6B kişi favoriledi","Son 24 saatte 3,1B kişi görüntüledi",4999,TRY,0,1,1,4,9 saat 27 dakika içinde sipariş verirsen en geç yarın kargoda!,,https://cdn.dsmcdn.com/ty1897/prod/QC_ENRICHMENT/20260801/11/9356e1fa-9a7e-3fe0-88f3-6633e001349d/1_org_zoom.jpg,"{""Menşei"":""CN"",""Bakım Talimatları (Genel)"":""Ürünün kullanım ömrünü korumak için ürüne özel bakım talimatlarını takip ediniz.""}",20,5,refreshed,"[""daily_top""]",true,2026-08-26T14:30:28+03:00,0,"[""search_result_dom"",""product_detail_jsonld"",""product_detail_dom""]","{""title"":""observed"",""brand"":""observed"",""seller_name"":""observed"",""seller_score"":""observed"",""price"":""observed"",""original_price"":""unavailable"",""campaigns"":""observed"",""stock_status"":""observed"",""stock_signal"":""observed"",""rating"":""observed"",""rating_count"":""observed"",""review_count"":""observed"",""question_count"":""observed"",""delivery_summary"":""observed"",""shipping_cost"":""observed"",""properties"":""observed""}",true,
2026-08-26,2026-08-26T14:30:28+03:00,hobi,BEST_SELLER,hobi-cok-satanlar,Trendyol Hobi / Çok Satanlar,33,1,33,33,33,hobi:hobi-cok-satanlar,33,-7,36.1,32,940073261,,940073261:unknown,Genel Markalar 12'li Eğimli Cam Pipet ve 1 Adet Temizleme Fırçası,Genel Markalar,Pipet,https://www.trendyol.com/genel-markalar/12-li-egimli-cam-pipet-ve-1-adet-temizleme-fircasi-p-940073261,MorzaPazari,84,49.99,50.5,1,0,TRY,"[""Sepette %1 İndirim"",""15 TL Kupon"",""Kargo Bedava""]",InStock,100 adetten fazla stok sunulmuştur,3 günde 250+ ürün satıldı!,3,250,83.3,4.1,230,130,3,41,"1,2B kişinin sepetinde","6,2B kişi favoriledi",Son 24 saatte 376 kişi görüntüledi,4999,TRY,0,2,1,6,9 saat 27 dakika içinde sipariş verirsen en geç yarın kargoda!,,https://cdn.dsmcdn.com/ty1791/prod/QC_ENRICHMENT/20251124/00/a65261af-f43b-33a3-9c6b-88dedbd39b1a/1_org_zoom.jpg,"{""Renk"":""Beyaz"",""Menşei"":""TR"",""Materyal"":""Cam""}",20,5,refreshed,"[""daily_top""]",true,2026-08-26T14:30:28+03:00,0,"[""search_result_dom"",""product_detail_jsonld"",""product_detail_dom""]","{""title"":""observed"",""brand"":""observed"",""seller_name"":""observed"",""seller_score"":""observed"",""price"":""observed"",""original_price"":""observed"",""campaigns"":""observed"",""stock_status"":""observed"",""stock_signal"":""observed"",""rating"":""observed"",""rating_count"":""observed"",""review_count"":""observed"",""question_count"":""observed"",""delivery_summary"":""observed"",""shipping_cost"":""observed"",""properties"":""observed""}",true,
2026-08-26,2026-08-26T14:30:28+03:00,hobi,BEST_SELLER,hobi-cok-satanlar,Trendyol Hobi / Çok Satanlar,34,1,34,34,34,hobi:hobi-cok-satanlar,34,-4,35.8,28.7,33066455,,33066455:unknown,Genel Markalar Dinazor Animal Yumurtası Renkli Çatlayan Yumurtalar Ve Büyüyen Hayvanlar 4 Adet,Genel Markalar,Figürler,https://www.trendyol.com/genel-markalar/dinazor-animal-yumurtasi-renkli-catlayan-yumurtalar-ve-buyuyen-hayvanlar-4-adet-p-33066455,MANGO BUTİK,92,125,,,66.7,TRY,"[""Sepette %1 İndirim"",""Kargo Bedava""]",InStock,100 adetten fazla stok sunulmuştur,3 günde 250+ ürün satıldı!,3,250,83.3,4.3,470,287,2,,,"7,3B kişi favoriledi",Son 24 saatte 947 kişi görüntüledi,4999,TRY,0,1,1,4,9 saat 27 dakika içinde sipariş verirsen en geç yarın kargoda!,,https://cdn.dsmcdn.com/ty1737/prod/QC_ENRICHMENT/20250825/08/44d0ab0b-e959-3d64-94df-4659bea5c25f/1_org_zoom.jpg,"{""Boyut"":""Midi"",""Menşei"":""TR""}",20,5,refreshed,"[""daily_top""]",true,2026-08-26T14:30:28+03:00,0,"[""search_result_dom"",""product_detail_jsonld"",""product_detail_dom""]","{""title"":""observed"",""brand"":""observed"",""seller_name"":""observed"",""seller_score"":""observed"",""price"":""observed"",""original_price"":""unavailable"",""campaigns"":""observed"",""stock_status"":""observed"",""stock_signal"":""observed"",""rating"":""observed"",""rating_count"":""observed"",""review_count"":""observed"",""question_count"":""unavailable"",""delivery_summary"":""observed"",""shipping_cost"":""observed"",""properties"":""observed""}",true,
2026-08-26,2026-08-26T14:30:28+03:00,hobi,BEST_SELLER,hobi-cok-satanlar,Trendyol Hobi / Çok Satanlar,35,1,35,35,35,hobi:hobi-cok-satanlar,35,-8,38.9,23.1,970677531,,970677531:unknown,Altun Büyük Boy Plastik Istaka Melamin Taş Okey Takımı,Altun,Okey Takımı,https://www.trendyol.com/altun/buyuk-boy-plastik-istaka-melamin-tas-okey-takimi-p-970677531,Altun,,478.2,,,-13.1,TRY,"[""Kargo Bedava""]",InStock,100 adetten fazla stok sunulmuştur,3 günde 250+ ürün satıldı!,3,250,83.3,4.1,2284,1250,3,212,"2,8B kişinin sepetinde","65,4B kişi favoriledi","Son 24 saatte 1,3B kişi görüntüledi",4999,TRY,0,2,1,6,Tahmini Teslim:,,https://cdn.dsmcdn.com/ty1905/prod/QC_ENRICHMENT/20260703/12/049e30bc-b98f-31d9-9302-468bc66f67a7/1_org_zoom.jpg,"{""Menşei"":""TR"",""Ürün Uyarıları (Oyuncak)"":""6 YAŞINDAN KÜÇÜKLER İÇİN TEHLİKELİ"",""Özellik"":""Katı""}",20,5,refreshed,"[""daily_top""]",true,2026-08-26T14:30:28+03:00,0,"[""search_result_dom"",""product_detail_jsonld"",""product_detail_dom""]","{""title"":""observed"",""brand"":""observed"",""seller_name"":""observed"",""seller_score"":""unavailable"",""price"":""observed"",""original_price"":""unavailable"",""campaigns"":""observed"",""stock_status"":""observed"",""stock_signal"":""observed"",""rating"":""observed"",""rating_count"":""observed"",""review_count"":""observed"",""question_count"":""observed"",""delivery_summary"":""observed"",""shipping_cost"":""observed"",""properties"":""observed""}",true,
2026-08-26,2026-08-26T14:30:28+03:00,hobi,BEST_SELLER,hobi-cok-satanlar,Trendyol Hobi / Çok Satanlar,36,1,36,36,36,hobi:hobi-cok-satanlar,36,0,22.8,37.8,1148634005,,1148634005:unknown,Bunloon Beyaz Spiral Doğum Günü Pasta Mumu 6 Adet 15 Cm,Bunloon,Pasta Mumu,https://www.trendyol.com/bunloon/beyaz-spiral-dogum-gunu-pasta-mumu-6-adet-15-cm-p-1148634005,Bunloon,93,48.57,49.06,1,0,TRY,"[""Sepette %1 İndirim"",""Kargo Bedava""]",InStock,100 adetten fazla stok sunulmuştur,3 günde 250+ ürün satıldı!,3,250,83.3,4.6,28,15,2,4,667 kişinin sepetinde,"5,7B kişi favoriledi",Son 24 saatte 475 kişi görüntüledi,4999,TRY,0,1,1,4,9 saat 27 dakika içinde sipariş verirsen en geç yarın kargoda!,,https://cdn.dsmcdn.com/ty1917/prod/QC_PREP/20260521/04/e6b4c354-aa85-3b36-abc0-3d607e4da912/1_org_zoom.jpg,"{""Diğer Özellikler"":""Yanıcı malzemelerden uzak tutunuz. Yanan mumları gözetimsiz bırakmayınız. Kullanım sonrası mumların tamamen söndüğünden emin olunuz."",""Menşei"":""CN"",""Ürün Güvenliği Bilgisi"":""Sınıf 4.1 Alevlenir katılar""}",15,4.47,refreshed,"[""daily_top""]",true,2026-08-26T14:30:28+03:00,0,"[""search_result_dom"",""product_detail_jsonld"",""product_detail_dom""]","{""title"":""observed"",""brand"":""observed"",""seller_name"":""observed"",""seller_score"":""observed"",""price"":""observed"",""original_price"":""observed"",""campaigns"":""observed"",""stock_status"":""observed"",""stock_signal"":""observed"",""rating"":""observed"",""rating_count"":""observed"",""review_count"":""observed"",""question_count"":""observed"",""delivery_summary"":""observed"",""shipping_cost"":""observed"",""properties"":""observed""}",true,
2026-08-26,2026-08-26T14:30:28+03:00,hobi,BEST_SELLER,hobi-cok-satanlar,Trendyol Hobi / Çok Satanlar,37,1,37,37,37,hobi:hobi-cok-satanlar,37,4,28.8,28.3,112614091,,112614091:unknown,yiğit aksesuar 2 Adet Esnek Misina Lastik Ip 1 Mm Şeffaf 5 Metre,yiğit aksesuar,Boncuk,https://www.trendyol.com/yigit-aksesuar/2-adet-esnek-misina-lastik-ip-1-mm-seffaf-5-metre-p-112614091,YİĞİT AKSESUAR,91,35,,,0,TRY,"[""Kargo Bedava""]",InStock,100 adetten fazla stok sunulmuştur,3 günde 250+ ürün satıldı!,3,250,83.3,4.6,557,214,0,96,,,,4999,TRY,0,1,1,2,9 saat 27 dakika içinde sipariş verirsen en geç yarın kargoda!,,https://cdn.dsmcdn.com/ty1154/product/media/images/prod/SPM/PIM/20240131/18/d66a8807-edf5-3d1c-aea5-88f7419f155c/1_org_zoom.jpg,"{""Menşei"":""CN"",""Bakım Talimatları (Genel)"":""Ürünün kullanım ömrünü korumak için ürüne özel bakım talimatlarını takip ediniz.""}",20,5,refreshed,"[""daily_top""]",true,2026-08-26T14:30:28+03:00,0,"[""search_result_dom"",""product_detail_jsonld"",""product_detail_dom""]","{""title"":""observed"",""brand"":""observed"",""seller_name"":""observed"",""seller_score"":""observed"",""price"":""observed"",""original_price"":""unavailable"",""campaigns"":""observed"",""stock_status"":""observed"",""stock_signal"":""observed"",""rating"":""observed"",""rating_count"":""observed"",""review_count"":""observed"",""question_count"":""observed"",""delivery_summary"":""observed"",""shipping_cost"":""observed"",""properties"":""observed""}",true,
2026-08-26,2026-08-26T14:30:28+03:00,hobi,BEST_SELLER,hobi-cok-satanlar,Trendyol Hobi / Çok Satanlar,38,1,38,38,38,hobi:hobi-cok-satanlar,38,6,8.2,,986545424,,986545424:unknown,"ZEYMERADE Beyaz Janjanlı İncili Kalpli Gelin Ve Damat Gözlük, İkili Bride Akım After Parti Düğün Kına Eğlence",ZEYMERADE,,https://www.trendyol.com/zeymerade/beyaz-janjanli-incili-kalpli-gelin-ve-damat-gozluk-ikili-bride-akim-after-parti-dugun-kina-eglence-p-986545424,ZEYMERADE,,199.9,,,0,TRY,"[""Kargo Bedava""]",InStock,100 adetten fazla stok sunulmuştur,3 günde 250+ ürün satıldı!,3,250,83.3,,,,0,,,,,,,0,,,,Tahmini Teslim:,,,{},0,,refreshed,"[""daily_top""]",true,2026-08-26T14:30:28+03:00,0,"[""search_result_dom"",""product_detail_jsonld"",""product_detail_dom""]","{""title"":""observed"",""brand"":""observed"",""seller_name"":""observed"",""seller_score"":""unavailable"",""price"":""observed"",""original_price"":""unavailable"",""campaigns"":""observed"",""stock_status"":""observed"",""stock_signal"":""observed"",""rating"":""unavailable"",""rating_count"":""unavailable"",""review_count"":""unavailable"",""question_count"":""unavailable"",""delivery_summary"":""observed"",""shipping_cost"":""unavailable"",""properties"":""observed""}",true,
2026-08-26,2026-08-26T14:30:28+03:00,hobi,BEST_SELLER,hobi-cok-satanlar,Trendyol Hobi / Çok Satanlar,39,1,39,39,39,hobi:hobi-cok-satanlar,39,0,26.5,25.6,1117772366,,1117772366:unknown,exzone Led Işıklı Ayıcıklı Aynalı Mor Kelebek Buketi Sana Senden Daha Güzel Bir Çiçek Bulamadım Ayna Buket,exzone,Konsept Hediyelik,https://www.trendyol.com/exzone/led-isikli-ayicikli-aynali-mor-kelebek-buketi-sana-senden-daha-guzel-bir-cicek-bulamadim-ayna-buket-p-1117772366,,,349.99,,,0.6,TRY,"[""Sepette %1 İndirim"",""30 TL Kupon"",""Kargo Bedava"",""Son 10 Günün En Düşük Fiyatı"",""Trendyol Plus'a Özel""]",InStock,,3 günde 250+ ürün satıldı!,3,250,83.3,4.1,708,348,1,582,"3,2B kişinin sepetinde","42,6B kişi favoriledi","Son 24 saatte 1,8B kişi görüntüledi",4999,TRY,0,1,1,4,9 saat 27 dakika içinde sipariş verirsen en geç yarın kargoda!,,https://cdn.dsmcdn.com/ty1941/prod/QC_ENRICHMENT/20260521/03/f3b4c04b-ce49-3856-82d4-69f2798e109a/1_org_zoom.jpg,"{""Diğer Özellikler"":""Led ışık , Aynalı, ayıcıklı"",""Menşei"":""TR""}",20,5,refreshed,"[""daily_top""]",true,2026-08-26T14:30:28+03:00,0,"[""search_result_dom"",""product_detail_jsonld"",""product_detail_dom""]","{""title"":""observed"",""brand"":""observed"",""seller_name"":""unavailable"",""seller_score"":""unavailable"",""price"":""observed"",""original_price"":""unavailable"",""campaigns"":""observed"",""stock_status"":""observed"",""stock_signal"":""unavailable"",""rating"":""observed"",""rating_count"":""observed"",""review_count"":""observed"",""question_count"":""observed"",""delivery_summary"":""observed"",""shipping_cost"":""observed"",""properties"":""observed""}",true,
2026-08-26,2026-08-26T14:30:28+03:00,hobi,BEST_SELLER,hobi-cok-satanlar,Trendyol Hobi / Çok Satanlar,40,1,40,40,40,hobi:hobi-cok-satanlar,40,-2,23.1,26.5,1133851682,,1133851682:unknown,By MO Accessories Yaz Sezonu İnci Deniz Yıldızı Deniz Kabuğu Cam Boncuklarla Takı Yapma Hobi Set,By MO Accessories,Boncuk,https://www.trendyol.com/by-mo-accessories/yaz-sezonu-inci-deniz-yildizi-deniz-kabugu-cam-boncuklarla-taki-yapma-hobi-set-p-1133851682,,,199,,,0,TRY,"[""Kargo Bedava""]",InStock,,3 günde 250+ ürün satıldı!,3,250,83.3,4.5,435,230,1,,,,,4999,TRY,0,1,1,4,Tahmini Teslim:,,https://cdn.dsmcdn.com/ty1948/prod/QC_ENRICHMENT/20260823/23/b780bf49-a39b-392a-b0e7-2559b4877b0d/1_org_zoom.jpg,"{""Menşei"":""TR""}",20,5,refreshed,"[""daily_top""]",true,2026-08-26T14:30:28+03:00,0,"[""search_result_dom"",""product_detail_jsonld"",""product_detail_dom""]","{""title"":""observed"",""brand"":""observed"",""seller_name"":""unavailable"",""seller_score"":""unavailable"",""price"":""observed"",""original_price"":""unavailable"",""campaigns"":""observed"",""stock_status"":""observed"",""stock_signal"":""unavailable"",""rating"":""observed"",""rating_count"":""observed"",""review_count"":""observed"",""question_count"":""unavailable"",""delivery_summary"":""observed"",""shipping_cost"":""observed"",""properties"":""observed""}",true,
2026-08-26,2026-08-26T14:30:28+03:00,hobi,BEST_SELLER,hobi-cok-satanlar,Trendyol Hobi / Çok Satanlar,41,1,41,41,41,hobi:hobi-cok-satanlar,41,1,29.3,19.8,758796460,,758796460:unknown,kar-bul 5mt Kumandalı Işıldak Rgb Şerit Led Lamba Iç Ve Dış Mekan Silikon Yapışkanlı Aydınlatma,kar-bul,Led Işık,https://www.trendyol.com/kar-bul/5mt-kumandali-isildak-rgb-serit-led-lamba-ic-ve-dis-mekan-silikon-yapiskanli-aydinlatma-p-758796460,,,299.9,,,7.1,TRY,"[""Kargo Bedava""]",InStock,,3 günde 250+ ürün satıldı!,3,250,83.3,3.8,2528,1384,0,,,,,4999,TRY,0,1,1,4,Tahmini Teslim:,,https://cdn.dsmcdn.com/ty1932/prod/QC_ENRICHMENT/20260805/23/0142c2e4-5b81-35f7-99bd-6502b0383713/1_org_zoom.jpg,"{""Ebatlar"":""5 metre"",""Renk"":""Çok Renkli"",""Menşei"":""TR"",""Özellik"":""Kumandalı""}",20,5,refreshed,"[""daily_top""]",true,2026-08-26T14:30:28+03:00,0,"[""search_result_dom"",""product_detail_jsonld"",""product_detail_dom""]","{""title"":""observed"",""brand"":""observed"",""seller_name"":""unavailable"",""seller_score"":""unavailable"",""price"":""observed"",""original_price"":""unavailable"",""campaigns"":""observed"",""stock_status"":""observed"",""stock_signal"":""unavailable"",""rating"":""observed"",""rating_count"":""observed"",""review_count"":""observed"",""question_count"":""unavailable"",""delivery_summary"":""observed"",""shipping_cost"":""observed"",""properties"":""observed""}",true,
2026-08-26,2026-08-26T14:30:28+03:00,hobi,BEST_SELLER,hobi-cok-satanlar,Trendyol Hobi / Çok Satanlar,42,1,42,42,42,hobi:hobi-cok-satanlar,42,-13,14,34.6,1176248336,,1176248336:unknown,KLC Çiçek Malzemecisii 2 Metre Pilli Peri Led Işık 1 adet (Piller Dahildir) | Sıcak Sarı Dekoratif Tel Led | Çiçek Malzemecisi,KLC Çiçek Malzemecisii,Led Işık,https://www.trendyol.com/klc-cicek-malzemecisii/2-metre-pilli-peri-led-isik-1-adet-piller-dahildir-sicak-sari-dekoratif-tel-led-cicek-malzemecisi-p-1176248336,,,34.9,,,0,TRY,"[""Kargo Bedava""]",InStock,,3 günde 250+ ürün satıldı!,3,250,83.3,4.5,24,16,2,,,,,4999,TRY,0,1,1,4,Tahmini Teslim:,,https://cdn.dsmcdn.com/ty1896/prod/QC_PREP/20260727/06/ead1da25-833a-37b3-a71f-891548ce92ea/1_org_zoom.jpg,"{""Ebatlar"":""220 cm"",""Renk"":""Sarı"",""Menşei"":""CN"",""Batarya Türü"":""Lityum-iyon"",""Özellik"":""Ledli"",""Enerji Tasarrufu"":""Var""}",16,4.38,refreshed,"[""daily_top""]",true,2026-08-26T14:30:28+03:00,0,"[""search_result_dom"",""product_detail_jsonld"",""product_detail_dom""]","{""title"":""observed"",""brand"":""observed"",""seller_name"":""unavailable"",""seller_score"":""unavailable"",""price"":""observed"",""original_price"":""unavailable"",""campaigns"":""observed"",""stock_status"":""observed"",""stock_signal"":""unavailable"",""rating"":""observed"",""rating_count"":""observed"",""review_count"":""observed"",""question_count"":""unavailable"",""delivery_summary"":""observed"",""shipping_cost"":""observed"",""properties"":""observed""}",true,
2026-08-26,2026-08-26T14:30:28+03:00,hobi,BEST_SELLER,hobi-cok-satanlar,Trendyol Hobi / Çok Satanlar,43,1,43,43,43,hobi:hobi-cok-satanlar,43,37,26.8,21.2,844192026,,844192026:unknown,Genel Markalar 10 Adet Süslemeli Halka Şekerleme Nikah Nişan Söz Düğün Hediyeliği,Genel Markalar,Söz Hediyelik,https://www.trendyol.com/genel-markalar/10-adet-suslemeli-halka-sekerleme-nikah-nisan-soz-dugun-hediyeligi-p-844192026,,,148,,,-1.3,TRY,"[""Kargo Bedava"",""Son 10 Günün En Düşük Fiyatı""]",InStock,,3 günde 250+ ürün satıldı!,3,250,83.3,4.2,911,680,2,,,,,4999,TRY,0,6,1,9,Tahmini Teslim:,,https://cdn.dsmcdn.com/ty1545/product/media/images/ty1549/prod/QC/20240916/07/6b6c2317-28c8-34f9-9183-90e3abf079ac/1_org_zoom.jpg,"{""Diğer Özellikler"":""süslemeli şekerli"",""Menşei"":""TR"",""Bakım Talimatları (Genel)"":""Nemli bir bezle silin.""}",20,5,refreshed,"[""daily_top"",""hot_change""]",true,2026-08-26T14:30:28+03:00,0,"[""search_result_dom"",""product_detail_jsonld"",""product_detail_dom""]","{""title"":""observed"",""brand"":""observed"",""seller_name"":""unavailable"",""seller_score"":""unavailable"",""price"":""observed"",""original_price"":""unavailable"",""campaigns"":""observed"",""stock_status"":""observed"",""stock_signal"":""unavailable"",""rating"":""observed"",""rating_count"":""observed"",""review_count"":""observed"",""question_count"":""unavailable"",""delivery_summary"":""observed"",""shipping_cost"":""observed"",""properties"":""observed""}",true,
2026-08-26,2026-08-26T14:30:28+03:00,hobi,BEST_SELLER,hobi-cok-satanlar,Trendyol Hobi / Çok Satanlar,44,1,44,44,44,hobi:hobi-cok-satanlar,44,4,4.2,,948360460,,948360460:unknown,"Mortex Kırık Beyaz Kristal Tül Boy 1 MT En Sabit 3 MT Nişan, Kına, Düğün, Bohça, Kapı,Doğum,Parti Süslemesi",Mortex,,https://www.trendyol.com/mortex/kirik-beyaz-kristal-tul-boy-1-mt-en-sabit-3-mt-nisan-kina-dugun-bohca-kapi-dogum-parti-suslemesi-p-948360460,,,49.9,,,0,TRY,"[""Kargo Bedava""]",InStock,,3 günde 250+ ürün satıldı!,3,250,83.3,,,,0,,,,,,,0,,,,Tahmini Teslim:,,,{},0,,refreshed,"[""daily_top""]",true,2026-08-26T14:30:28+03:00,0,"[""search_result_dom"",""product_detail_jsonld"",""product_detail_dom""]","{""title"":""observed"",""brand"":""observed"",""seller_name"":""unavailable"",""seller_score"":""unavailable"",""price"":""observed"",""original_price"":""unavailable"",""campaigns"":""observed"",""stock_status"":""observed"",""stock_signal"":""unavailable"",""rating"":""unavailable"",""rating_count"":""unavailable"",""review_count"":""unavailable"",""question_count"":""unavailable"",""delivery_summary"":""observed"",""shipping_cost"":""unavailable"",""properties"":""observed""}",true,
2026-08-26,2026-08-26T14:30:28+03:00,hobi,BEST_SELLER,hobi-cok-satanlar,Trendyol Hobi / Çok Satanlar,45,1,45,45,45,hobi:hobi-cok-satanlar,45,1,4.2,,895206116,,895206116:unknown,ecrin tuhafiye hobi 10 Adet Düğün Arabası Süsü Gelin Arabası Orkide Konvoy Süsü & Bohça Süsü,ecrin tuhafiye hobi,,https://www.trendyol.com/ecrin-tuhafiye-hobi/10-adet-dugun-arabasi-susu-gelin-arabasi-orkide-konvoy-susu-bohca-susu-p-895206116,,,499.5,,,0,TRY,"[""Kargo Bedava""]",InStock,,3 günde 250+ ürün satıldı!,3,250,83.3,,,,0,,,,,,,0,,,,Tahmini Teslim:,,,{},0,,refreshed,"[""daily_top""]",true,2026-08-26T14:30:28+03:00,0,"[""search_result_dom"",""product_detail_jsonld"",""product_detail_dom""]","{""title"":""observed"",""brand"":""observed"",""seller_name"":""unavailable"",""seller_score"":""unavailable"",""price"":""observed"",""original_price"":""unavailable"",""campaigns"":""observed"",""stock_status"":""observed"",""stock_signal"":""unavailable"",""rating"":""unavailable"",""rating_count"":""unavailable"",""review_count"":""unavailable"",""question_count"":""unavailable"",""delivery_summary"":""observed"",""shipping_cost"":""unavailable"",""properties"":""observed""}",true,
2026-08-26,2026-08-26T14:30:28+03:00,hobi,BEST_SELLER,hobi-cok-satanlar,Trendyol Hobi / Çok Satanlar,46,1,46,46,46,hobi:hobi-cok-satanlar,46,3,30,17.6,894853471,,894853471:unknown,yükselen zeka İlk Pofidik Magnet Puzzle - Orman Hayvanları,yükselen zeka,Puzzle,https://www.trendyol.com/yukselen-zeka/ilk-pofidik-magnet-puzzle-orman-hayvanlari-p-894853471,,,276.25,279.04,1,-26.3,TRY,"[""Son 10 Günün En Düşük Fiyatı"",""Kargo Bedava"",""Son 10 günün en düşük fiyatı""]",InStock,,3 günde 250+ ürün satıldı!,3,250,83.3,4.6,2057,1270,2,,,,,4999,TRY,0,1,1,4,Tahmini Teslim:,,https://cdn.dsmcdn.com/ty1723/prod/QC_ENRICHMENT/20250809/06/89a0151d-e301-380f-bf36-7031ec1d2a61/1_org_zoom.jpg,"{""Menşei"":""TR""}",20,5,refreshed,"[""daily_top""]",true,2026-08-26T14:30:28+03:00,0,"[""search_result_dom"",""product_detail_jsonld"",""product_detail_dom""]","{""title"":""observed"",""brand"":""observed"",""seller_name"":""unavailable"",""seller_score"":""unavailable"",""price"":""observed"",""original_price"":""observed"",""campaigns"":""observed"",""stock_status"":""observed"",""stock_signal"":""unavailable"",""rating"":""observed"",""rating_count"":""observed"",""review_count"":""observed"",""question_count"":""unavailable"",""delivery_summary"":""observed"",""shipping_cost"":""observed"",""properties"":""observed""}",true,
2026-08-26,2026-08-26T14:30:28+03:00,hobi,BEST_SELLER,hobi-cok-satanlar,Trendyol Hobi / Çok Satanlar,47,1,47,47,47,hobi:hobi-cok-satanlar,47,,41.3,31.2,1153171639,,1153171639:unknown,nistabolje 50 Adet Su Balonu Eğlenceli Su Savaşları Karışık Renkli Balon,nistabolje,Balon,https://www.trendyol.com/nistabolje/50-adet-su-balonu-eglenceli-su-savaslari-karisik-renkli-balon-p-1153171639,,,24.99,33.94,26.4,,TRY,"[""Son 10 Günün En Düşük Fiyatı"",""Kargo Bedava"",""Son 10 günün en düşük fiyatı""]",InStock,,3 günde 250+ ürün satıldı!,3,250,83.3,4.2,34,21,1,,,,,4999,TRY,0,1,1,4,Tahmini Teslim:,,https://cdn.dsmcdn.com/ty1909/prod/QC_PREP/20260605/00/002b22eb-3a56-3e38-b45a-e5f786ca8e9c/1_org_zoom.jpg,"{""Balon Çeşidi"":""Su Balon"",""Renk"":""Çok Renkli"",""Menşei"":""TR"",""Ürün Uyarıları (Oyuncak)"":""36 ayın altındaki çocuklar için uygun değildir."",""Özellik"":""Şişirilebilir""}",20,4.1,refreshed,"[""daily_top"",""hot_change""]",true,2026-08-26T14:30:28+03:00,0,"[""search_result_dom"",""product_detail_jsonld"",""product_detail_dom""]","{""title"":""observed"",""brand"":""observed"",""seller_name"":""unavailable"",""seller_score"":""unavailable"",""price"":""observed"",""original_price"":""observed"",""campaigns"":""observed"",""stock_status"":""observed"",""stock_signal"":""unavailable"",""rating"":""observed"",""rating_count"":""observed"",""review_count"":""observed"",""question_count"":""unavailable"",""delivery_summary"":""observed"",""shipping_cost"":""observed"",""properties"":""observed""}",true,
2026-08-26,2026-08-26T14:30:28+03:00,hobi,BEST_SELLER,hobi-cok-satanlar,Trendyol Hobi / Çok Satanlar,48,1,48,48,48,hobi:hobi-cok-satanlar,48,18,4.2,,898096988,,898096988:unknown,Patladı Gitti Yıldız Gold Altın Süs İpe Dizili 4 Metre Uzayan Parti Ramazan Bayramı Süsü Arka Fon Dekor,Patladı Gitti,,https://www.trendyol.com/patladi-gitti/yildiz-gold-altin-sus-ipe-dizili-4-metre-uzayan-parti-ramazan-bayrami-susu-arka-fon-dekor-p-898096988,,,67.66,,,1.5,TRY,"[""Kargo Bedava""]",InStock,,3 günde 250+ ürün satıldı!,3,250,83.3,,,,0,,,,,,,0,,,,Tahmini Teslim:,,,{},0,,refreshed,"[""daily_top""]",true,2026-08-26T14:30:28+03:00,0,"[""search_result_dom"",""product_detail_jsonld"",""product_detail_dom""]","{""title"":""observed"",""brand"":""observed"",""seller_name"":""unavailable"",""seller_score"":""unavailable"",""price"":""observed"",""original_price"":""unavailable"",""campaigns"":""observed"",""stock_status"":""observed"",""stock_signal"":""unavailable"",""rating"":""unavailable"",""rating_count"":""unavailable"",""review_count"":""unavailable"",""question_count"":""unavailable"",""delivery_summary"":""observed"",""shipping_cost"":""unavailable"",""properties"":""observed""}",true,
2026-08-26,2026-08-26T14:30:28+03:00,hobi,BEST_SELLER,hobi-cok-satanlar,Trendyol Hobi / Çok Satanlar,49,1,49,49,49,hobi:hobi-cok-satanlar,49,3,31.2,15.8,1055637550,,1055637550:unknown,"Unichrome 300 Ledli 10 Sarkıt Perde Led Işık Yılbaşı Oda Dekorasyon 8 Fonksiyon, Kumandalı, 3x3 Mt, Düz Askı",Unichrome,Led Işık,https://www.trendyol.com/unichrome/300-ledli-10-sarkit-perde-led-isik-yilbasi-oda-dekorasyon-8-fonksiyon-kumandali-3x3-mt-duz-aski-p-1055637550,,,270.64,276,1.9,0,TRY,"[""Son 10 Günün En Düşük Fiyatı"",""Kargo Bedava"",""Son 10 günün en düşük fiyatı""]",InStock,,3 günde 250+ ürün satıldı!,3,250,83.3,4.6,2686,1378,0,512,4B kişinin sepetinde,87B kişi favoriledi,"Son 24 saatte 1,3B kişi görüntüledi",4999,TRY,0,1,1,4,9 saat 26 dakika içinde sipariş verirsen en geç yarın kargoda!,,https://cdn.dsmcdn.com/ty1791/prod/QC_PREP/20251125/08/dcf10b20-c1d7-304d-b203-e6a87a9fcf24/1_org_zoom.jpg,"{""Ebatlar"":""3 metre"",""Renk"":""Sarı"",""Menşei"":""CN"",""Özellik"":""Ledli"",""Enerji Tasarrufu"":""Var""}",20,5,refreshed,"[""daily_top""]",true,2026-08-26T14:30:28+03:00,0,"[""search_result_dom"",""product_detail_jsonld"",""product_detail_dom""]","{""title"":""observed"",""brand"":""observed"",""seller_name"":""unavailable"",""seller_score"":""unavailable"",""price"":""observed"",""original_price"":""observed"",""campaigns"":""observed"",""stock_status"":""observed"",""stock_signal"":""unavailable"",""rating"":""observed"",""rating_count"":""observed"",""review_count"":""observed"",""question_count"":""observed"",""delivery_summary"":""observed"",""shipping_cost"":""observed"",""properties"":""observed""}",true,
2026-08-26,2026-08-26T14:30:28+03:00,hobi,BEST_SELLER,hobi-cok-satanlar,Trendyol Hobi / Çok Satanlar,50,1,50,50,50,hobi:hobi-cok-satanlar,50,-15,20.8,23.8,1079139632,,1079139632:unknown,"ecrin tuhafiye hobi Beyaz Gelin Bohça Süsü, Gelin Çeyiz Düğün Nişan Valiz Bavul Söz Nikah Kına Süsü 1 Adet",ecrin tuhafiye hobi,,https://www.trendyol.com/ecrin-tuhafiye-hobi/beyaz-gelin-bohca-susu-gelin-ceyiz-dugun-nisan-valiz-bavul-soz-nikah-kina-susu-1-adet-p-1079139632,,,49.5,,,0,TRY,"[""Sepette %2 İndirim"",""44 TL Kupon"",""Kargo Bedava"",""Trendyol Plus'a Özel""]",InStock,,3 günde 250+ ürün satıldı!,3,250,83.3,4.5,120,,0,28,,"7,9B kişi favoriledi",,,,0,,,,Tahmini Teslim:,,,{},0,,refreshed,"[""daily_top""]",true,2026-08-26T14:30:28+03:00,0,"[""search_result_dom"",""product_detail_jsonld"",""product_detail_dom""]","{""title"":""observed"",""brand"":""observed"",""seller_name"":""unavailable"",""seller_score"":""unavailable"",""price"":""observed"",""original_price"":""unavailable"",""campaigns"":""observed"",""stock_status"":""observed"",""stock_signal"":""unavailable"",""rating"":""observed"",""rating_count"":""observed"",""review_count"":""unavailable"",""question_count"":""observed"",""delivery_summary"":""observed"",""shipping_cost"":""unavailable"",""properties"":""observed""}",true,
2026-08-26,2026-08-26T14:30:28+03:00,hobi,BEST_SELLER,hobi-cok-satanlar,Trendyol Hobi / Çok Satanlar,51,1,51,51,51,hobi:hobi-cok-satanlar,51,0,30.8,25.3,1185578259,,1185578259:unknown,"Luna Davetiye Kampanyalı Düğün, Nişan, Nikah Davetiyesi-1 (50 Adet)",Luna Davetiye,Davetiye,https://www.trendyol.com/luna-davetiye/kampanyali-dugun-nisan-nikah-davetiyesi-1-50-adet-p-1185578259,,,103,129,20.2,0,TRY,"[""Son 10 Günün En Düşük Fiyatı"",""133,09 TL Kupon"",""579 TL Kupon"",""Kargo Bedava"",""Son 10 günün en düşük fiyatı""]",InStock,,3 günde 100+ ürün satıldı!,3,100,33.3,4.8,13,12,1,,371 kişinin sepetinde,"1,1B kişi favoriledi","Son 24 saatte 1,1B kişi görüntüledi",4999,TRY,0,3,1,7,Tahmini Teslim:,,https://cdn.dsmcdn.com/ty1935/prod/QC_PREP/20260814/10/e5f516a0-cffb-3fb4-9516-1ee325e166b0/1_org_zoom.jpg,"{""Diğer Özellikler"":""Satıcıya sor bölümünden bize yazabilirsiniz."",""Menşei"":""TR""}",12,5,refreshed,"[""daily_top""]",true,2026-08-26T14:30:28+03:00,0,"[""search_result_dom"",""product_detail_jsonld"",""product_detail_dom""]","{""title"":""observed"",""brand"":""observed"",""seller_name"":""unavailable"",""seller_score"":""unavailable"",""price"":""observed"",""original_price"":""observed"",""campaigns"":""observed"",""stock_status"":""observed"",""stock_signal"":""unavailable"",""rating"":""observed"",""rating_count"":""observed"",""review_count"":""observed"",""question_count"":""unavailable"",""delivery_summary"":""observed"",""shipping_cost"":""observed"",""properties"":""observed""}",true,
2026-08-26,2026-08-26T14:30:28+03:00,hobi,BEST_SELLER,hobi-cok-satanlar,Trendyol Hobi / Çok Satanlar,52,1,52,52,52,hobi:hobi-cok-satanlar,52,21,23.9,12,801752065,,801752065:unknown,"VEBUDUR Sevgililer Gününe Özel Spotify Barkodlu Plak, Kişiye Özel Doğum Günü Hediyesi",VEBUDUR,Konsept Hediyelik,https://www.trendyol.com/vebudur/sevgililer-gunune-ozel-spotify-barkodlu-plak-kisiye-ozel-dogum-gunu-hediyesi-p-801752065,CHUPA,88,145,,,-1.4,TRY,"[""Kargo Bedava"",""Son 10 Günün En Düşük Fiyatı""]",InStock,100 adetten fazla stok sunulmuştur,3 günde 100+ ürün satıldı!,3,100,33.3,4.3,1011,593,3,786,"2,6B kişinin sepetinde","60,7B kişi favoriledi","Son 24 saatte 1,6B kişi görüntüledi",4999,TRY,0,1,1,2,9 saat 26 dakika içinde sipariş verirsen en geç yarın kargoda!,,https://cdn.dsmcdn.com/ty1609/prod/QC/20241201/23/6bf3e4e0-bd82-31ed-bf74-e983138b3302/1_org_zoom.jpg,"{""Menşei"":""TR""}",20,5,refreshed,"[""daily_top""]",true,2026-08-26T14:30:28+03:00,0,"[""search_result_dom"",""product_detail_jsonld"",""product_detail_dom""]","{""title"":""observed"",""brand"":""observed"",""seller_name"":""observed"",""seller_score"":""observed"",""price"":""observed"",""original_price"":""unavailable"",""campaigns"":""observed"",""stock_status"":""observed"",""stock_signal"":""observed"",""rating"":""observed"",""rating_count"":""observed"",""review_count"":""observed"",""question_count"":""observed"",""delivery_summary"":""observed"",""shipping_cost"":""observed"",""properties"":""observed""}",true,
2026-08-26,2026-08-26T14:30:28+03:00,hobi,BEST_SELLER,hobi-cok-satanlar,Trendyol Hobi / Çok Satanlar,53,1,53,53,53,hobi:hobi-cok-satanlar,53,,26.6,9.3,775206492,,775206492:unknown,Demirhan 1 Adet Karışık Renk Yelpaze Taşınabilir Serinletici - Nostaljik,Demirhan,Konsept Hediyelik,https://www.trendyol.com/demirhan/1-adet-karisik-renk-yelpaze-tasinabilir-serinletici-nostaljik-p-775206492,Koza Gift,88,40,,,,TRY,"[""Kargo Bedava""]",InStock,100 adetten fazla stok sunulmuştur,3 günde 100+ ürün satıldı!,3,100,33.3,3.9,2393,1298,,1249,312 kişinin sepetinde,"6,7B kişi favoriledi",Son 24 saatte 355 kişi görüntüledi,4999,TRY,0,1,1,4,9 saat 26 dakika içinde sipariş verirsen en geç yarın kargoda!,,https://cdn.dsmcdn.com/ty1926/prod/QC_ENRICHMENT/20260616/12/39faf0c3-7bfc-388a-90d4-c34f59647119/1_org_zoom.jpg,"{""Diğer Özellikler"":""5ml"",""Menşei"":""CN""}",20,5,refreshed,"[""daily_top""]",true,2026-08-26T14:30:28+03:00,0,"[""search_result_dom"",""product_detail_jsonld"",""product_detail_dom""]","{""title"":""observed"",""brand"":""observed"",""seller_name"":""observed"",""seller_score"":""observed"",""price"":""observed"",""original_price"":""unavailable"",""campaigns"":""observed"",""stock_status"":""observed"",""stock_signal"":""observed"",""rating"":""observed"",""rating_count"":""observed"",""review_count"":""observed"",""question_count"":""observed"",""delivery_summary"":""observed"",""shipping_cost"":""observed"",""properties"":""observed""}",true,
2026-08-26,2026-08-26T14:30:28+03:00,hobi,BEST_SELLER,hobi-cok-satanlar,Trendyol Hobi / Çok Satanlar,54,1,54,54,54,hobi:hobi-cok-satanlar,54,0,22.9,12.9,391597334,,391597334:unknown,"ZEYMERADE Kırmızı Nedime Kol Kurdele Bileklik Bant, Kına Gecesi Düğün Bride Bekarlığa Veda Söz, 1 Adet",ZEYMERADE,,https://www.trendyol.com/zeymerade/kirmizi-nedime-kol-kurdele-bileklik-bant-kina-gecesi-dugun-bride-bekarliga-veda-soz-1-adet-p-391597334,ZEYMERADE,,16.64,,,0,TRY,"[""Kargo Bedava""]",InStock,100 adetten fazla stok sunulmuştur,3 günde 100+ ürün satıldı!,3,100,33.3,4.7,450,,0,35,,"7,3B kişi favoriledi",,,,0,,,,9 saat 26 dakika içinde sipariş verirsen en geç yarın kargoda!,,,{},0,,refreshed,"[""daily_top""]",true,2026-08-26T14:30:28+03:00,0,"[""search_result_dom"",""product_detail_jsonld"",""product_detail_dom""]","{""title"":""observed"",""brand"":""observed"",""seller_name"":""observed"",""seller_score"":""unavailable"",""price"":""observed"",""original_price"":""unavailable"",""campaigns"":""observed"",""stock_status"":""observed"",""stock_signal"":""observed"",""rating"":""observed"",""rating_count"":""observed"",""review_count"":""unavailable"",""question_count"":""observed"",""delivery_summary"":""observed"",""shipping_cost"":""unavailable"",""properties"":""observed""}",true,
2026-08-26,2026-08-26T14:30:28+03:00,hobi,BEST_SELLER,hobi-cok-satanlar,Trendyol Hobi / Çok Satanlar,55,1,55,55,55,hobi:hobi-cok-satanlar,55,2,26.6,9.3,376304346,,376304346:unknown,"ZEYMERADE Karışık Renk Şifon Gelin Damat Halay Mendili, Hediye Mendil 10 Adet, Düğün Kına Sünnet Nişan Sünnet",ZEYMERADE,,https://www.trendyol.com/zeymerade/karisik-renk-sifon-gelin-damat-halay-mendili-hediye-mendil-10-adet-dugun-kina-sunnet-nisan-sunnet-p-376304346,ZEYMERADE,,199.9,,,0,TRY,"[""Kargo Bedava""]",InStock,100 adetten fazla stok sunulmuştur,3 günde 100+ ürün satıldı!,3,100,33.3,4.4,1292,,0,146,871 kişinin sepetinde,"38,6B kişi favoriledi",Son 24 saatte 815 kişi görüntüledi,,,0,,,,9 saat 26 dakika içinde sipariş verirsen en geç yarın kargoda!,,,{},0,,refreshed,"[""daily_top""]",true,2026-08-26T14:30:28+03:00,0,"[""search_result_dom"",""product_detail_jsonld"",""product_detail_dom""]","{""title"":""observed"",""brand"":""observed"",""seller_name"":""observed"",""seller_score"":""unavailable"",""price"":""observed"",""original_price"":""unavailable"",""campaigns"":""observed"",""stock_status"":""observed"",""stock_signal"":""observed"",""rating"":""observed"",""rating_count"":""observed"",""review_count"":""unavailable"",""question_count"":""observed"",""delivery_summary"":""observed"",""shipping_cost"":""unavailable"",""properties"":""observed""}",true,
2026-08-26,2026-08-26T14:30:28+03:00,hobi,BEST_SELLER,hobi-cok-satanlar,Trendyol Hobi / Çok Satanlar,56,1,56,56,56,hobi:hobi-cok-satanlar,56,-3,18.9,16.9,265780898,,265780898:unknown,Partioutlet Prizma Kubik Kase Şeffaf 120 Ml 25 Adet,Partioutlet,Plastik Tabak,https://www.trendyol.com/partioutlet/prizma-kubik-kase-seffaf-120-ml-25-adet-p-265780898,ELF TEKNO,9,138,,,7.8,TRY,"[""Kargo Bedava""]",InStock,100 adetten fazla stok sunulmuştur,3 günde 100+ ürün satıldı!,3,100,33.3,4,292,141,0,35,622 kişinin sepetinde,"17,6B kişi favoriledi",Son 24 saatte 521 kişi görüntüledi,4999,TRY,0,1,1,4,9 saat 26 dakika içinde sipariş verirsen en geç yarın kargoda!,,https://cdn.dsmcdn.com/ty1544/prod/QC/20240914/14/354d0b0a-bf23-363e-82ee-ac26acfdad95/1_org_zoom.jpg,"{""Menşei"":""TR"",""Materyal"":""Kaşe""}",20,5,refreshed,"[""daily_top""]",true,2026-08-26T14:30:28+03:00,0,"[""search_result_dom"",""product_detail_jsonld"",""product_detail_dom""]","{""title"":""observed"",""brand"":""observed"",""seller_name"":""observed"",""seller_score"":""observed"",""price"":""observed"",""original_price"":""unavailable"",""campaigns"":""observed"",""stock_status"":""observed"",""stock_signal"":""observed"",""rating"":""observed"",""rating_count"":""observed"",""review_count"":""observed"",""question_count"":""observed"",""delivery_summary"":""observed"",""shipping_cost"":""observed"",""properties"":""observed""}",true,
2026-08-26,2026-08-26T14:30:28+03:00,hobi,BEST_SELLER,hobi-cok-satanlar,Trendyol Hobi / Çok Satanlar,57,1,57,57,57,hobi:hobi-cok-satanlar,57,-12,16.5,29.3,1169527369,,1169527369:unknown,Devin Kına Gecesi Kırmızı Lale Buketi Hediyelik Mum Nişan Nikah Düğün Parti Hediyelikleri,Devin,Söz Hediyelik,https://www.trendyol.com/devin/kina-gecesi-kirmizi-lale-buketi-hediyelik-mum-nisan-nikah-dugun-parti-hediyelikleri-p-1169527369,The Aura Home,89,45,50,10,-8.2,TRY,"[""Sepette %10 İndirim"",""Kargo Bedava""]",InStock,100 adetten fazla stok sunulmuştur,3 günde 100+ ürün satıldı!,3,100,33.3,5,3,3,0,21,,"1,8B kişi favoriledi",Son 24 saatte 454 kişi görüntüledi,4999,TRY,0,6,1,9,Tahmini Teslim:,,https://cdn.dsmcdn.com/ty1908/prod/QC_PREP/20260714/03/570da36a-ae40-3f10-ac03-50dfccf928ee/1_org_zoom.jpg,"{""Menşei"":""TR"",""Bakım Talimatları (Genel)"":""Gıda ile temas için uygun değildir.""}",3,5,refreshed,"[""daily_top""]",true,2026-08-26T14:30:28+03:00,0,"[""search_result_dom"",""product_detail_jsonld"",""product_detail_dom""]","{""title"":""observed"",""brand"":""observed"",""seller_name"":""observed"",""seller_score"":""observed"",""price"":""observed"",""original_price"":""observed"",""campaigns"":""observed"",""stock_status"":""observed"",""stock_signal"":""observed"",""rating"":""observed"",""rating_count"":""observed"",""review_count"":""observed"",""question_count"":""observed"",""delivery_summary"":""observed"",""shipping_cost"":""observed"",""properties"":""observed""}",true,
2026-08-26,2026-08-26T14:30:28+03:00,hobi,BEST_SELLER,hobi-cok-satanlar,Trendyol Hobi / Çok Satanlar,58,1,58,58,58,hobi:hobi-cok-satanlar,58,16,26.4,9.4,169667952,,169667952:unknown,"ZEYMERADE Siyah Süsleme Tülü, Bohça Çeyiz Gelin Damat Söz Nişan Nikah Kapı Konvoy Valiz Hediye Süsü, 100x300cm",ZEYMERADE,,https://www.trendyol.com/zeymerade/siyah-susleme-tulu-bohca-ceyiz-gelin-damat-soz-nisan-nikah-kapi-konvoy-valiz-hediye-susu-100x300cm-p-169667952,ZEYMERADE,,49.9,,,0,TRY,"[""Kargo Bedava""]",InStock,100 adetten fazla stok sunulmuştur,3 günde 100+ ürün satıldı!,3,100,33.3,4.7,1252,,0,82,,"20,7B kişi favoriledi",,,,0,,,,9 saat 26 dakika içinde sipariş verirsen en geç yarın kargoda!,,,{},0,,refreshed,"[""daily_top""]",true,2026-08-26T14:30:28+03:00,0,"[""search_result_dom"",""product_detail_jsonld"",""product_detail_dom""]","{""title"":""observed"",""brand"":""observed"",""seller_name"":""observed"",""seller_score"":""unavailable"",""price"":""observed"",""original_price"":""unavailable"",""campaigns"":""observed"",""stock_status"":""observed"",""stock_signal"":""observed"",""rating"":""observed"",""rating_count"":""observed"",""review_count"":""unavailable"",""question_count"":""observed"",""delivery_summary"":""observed"",""shipping_cost"":""unavailable"",""properties"":""observed""}",true,
2026-08-26,2026-08-26T14:30:28+03:00,hobi,BEST_SELLER,hobi-cok-satanlar,Trendyol Hobi / Çok Satanlar,59,1,59,59,59,hobi:hobi-cok-satanlar,59,-1,30.4,5.4,788484679,,788484679:unknown,Rima Tasarım Incili Isimli Yüzük Kurdelesi Söz Kurdelesi Ve Nişan Kurdelesi Damat Kahvesi Peçete Hediyeli,Rima Tasarım,Söz Dekoru,https://www.trendyol.com/rima-tasarim/incili-isimli-yuzuk-kurdelesi-soz-kurdelesi-ve-nisan-kurdelesi-damat-kahvesi-pecete-hediyeli-p-788484679,Rima Peçete,93,199.9,,,0,TRY,"[""Kargo Bedava""]",InStock,100 adetten fazla stok sunulmuştur,3 günde 100+ ürün satıldı!,3,100,33.3,4.6,6210,3960,5,1020,"1,3B kişinin sepetinde","106,3B kişi favoriledi","Son 24 saatte 1,2B kişi görüntüledi",4999,TRY,0,1,1,4,9 saat 26 dakika içinde sipariş verirsen en geç yarın kargoda!,,https://cdn.dsmcdn.com/ty1569/prod/QC/20240926/13/633d0e3c-4fa1-3f81-b9df-ca3af0bd83a9/1_org_zoom.jpg,"{""Diğer Özellikler"":""Saten Yüzük Kurdelesi Beyaz Renkli (DÖKÜLEN İNCİLİ - ALTIN / GÜMÜŞ YAZI) ÖLÇÜ:1 cm x 90 cm, (+-%10) 8 mm inci"",""Menşei"":""TR"",""Bakım Talimatları (Genel)"":""Ürünün kullanım ömrünü korumak için ürüne özel bakım talimatlarını takip ediniz.""}",20,5,refreshed,"[""daily_top""]",true,2026-08-26T14:30:28+03:00,0,"[""search_result_dom"",""product_detail_jsonld"",""product_detail_dom""]","{""title"":""observed"",""brand"":""observed"",""seller_name"":""observed"",""seller_score"":""observed"",""price"":""observed"",""original_price"":""unavailable"",""campaigns"":""observed"",""stock_status"":""observed"",""stock_signal"":""observed"",""rating"":""observed"",""rating_count"":""observed"",""review_count"":""observed"",""question_count"":""observed"",""delivery_summary"":""observed"",""shipping_cost"":""observed"",""properties"":""observed""}",true,
2026-08-26,2026-08-26T14:30:28+03:00,hobi,BEST_SELLER,hobi-cok-satanlar,Trendyol Hobi / Çok Satanlar,60,1,60,60,60,hobi:hobi-cok-satanlar,60,-8,25.5,10.3,846886748,,846886748:unknown,İFC TASARIM Hediyelik Magnet Gold Varaklı şeffaf etiketli 20 Adet Nişan Söz Nikah Dügün Organizasyon Hediyelik,İFC TASARIM,Söz Hediyelik,https://www.trendyol.com/ifc-tasarim/hediyelik-magnet-gold-varakli-seffaf-etiketli-20-adet-nisan-soz-nikah-dugun-organizasyon-hediyelik-p-846886748,İFC TASARIM,86,248,,,0,TRY,"[""Kargo Bedava""]",InStock,100 adetten fazla stok sunulmuştur,3 günde 100+ ürün satıldı!,3,100,33.3,4.4,1247,962,1,4974,786 kişinin sepetinde,"28,1B kişi favoriledi",Son 24 saatte 737 kişi görüntüledi,4999,TRY,0,2,1,6,Tahmini Teslim:,,https://cdn.dsmcdn.com/ty1467/product/media/images/prod/QC/20240807/21/d187e62e-939c-36e3-87d2-72d5f6ca8d80/1_org_zoom.jpg,"{""Menşei"":""TR"",""Bakım Talimatları (Genel)"":""Ürünün kullanım ömrünü korumak için ürüne özel bakım talimatlarını takip ediniz.""}",20,5,refreshed,"[""daily_top""]",true,2026-08-26T14:30:28+03:00,0,"[""search_result_dom"",""product_detail_jsonld"",""product_detail_dom""]","{""title"":""observed"",""brand"":""observed"",""seller_name"":""observed"",""seller_score"":""observed"",""price"":""observed"",""original_price"":""unavailable"",""campaigns"":""observed"",""stock_status"":""observed"",""stock_signal"":""observed"",""rating"":""observed"",""rating_count"":""observed"",""review_count"":""observed"",""question_count"":""observed"",""delivery_summary"":""observed"",""shipping_cost"":""observed"",""properties"":""observed""}",true,
2026-08-26,2026-08-26T14:30:28+03:00,hobi,BEST_SELLER,hobi-cok-satanlar,Trendyol Hobi / Çok Satanlar,61,1,61,61,61,hobi:hobi-cok-satanlar,61,-11,22.8,17.2,1167559572,,1167559572:unknown,"YU GIFT İstiridye Anahtarlık 10 Adet Nişan,Kına ,Nikah, Söz, Baby shower , Mevlik Hediyelik",YU GIFT,Söz Hediyelik,https://www.trendyol.com/yu-gift/istiridye-anahtarlik-10-adet-nisan-kina-nikah-soz-baby-shower-mevlik-hediyelik-p-1167559572,,,98.1,109,10,0.1,TRY,"[""Trendyol Plus'a Özel"",""Kargo Bedava""]",InStock,,,,,,4.4,47,39,0,112,,,,4999,TRY,0,1,1,4,9 saat 26 dakika içinde sipariş verirsen en geç yarın kargoda!,,https://cdn.dsmcdn.com/ty1920/prod/QC_PREP/20260711/01/ca4340d3-a9a4-3f21-9d27-eb4775bc9494/1_org_zoom.jpg,"{""Menşei"":""TR""}",20,5,refreshed,"[""daily_top""]",true,2026-08-26T14:30:28+03:00,0,"[""search_result_dom"",""product_detail_jsonld"",""product_detail_dom""]","{""title"":""observed"",""brand"":""observed"",""seller_name"":""unavailable"",""seller_score"":""unavailable"",""price"":""observed"",""original_price"":""observed"",""campaigns"":""observed"",""stock_status"":""observed"",""stock_signal"":""unavailable"",""rating"":""observed"",""rating_count"":""observed"",""review_count"":""observed"",""question_count"":""observed"",""delivery_summary"":""observed"",""shipping_cost"":""observed"",""properties"":""observed""}",true,
2026-08-26,2026-08-26T14:30:28+03:00,hobi,BEST_SELLER,hobi-cok-satanlar,Trendyol Hobi / Çok Satanlar,62,1,62,62,62,hobi:hobi-cok-satanlar,62,24,26.8,8.5,1055240435,,1055240435:unknown,"Genel Markalar İstiridye Anahtarlık 10 Adet Nişan,Kına ,Nikah, Söz Hediyelik",Genel Markalar,Söz Hediyelik,https://www.trendyol.com/genel-markalar/istiridye-anahtarlik-10-adet-nisan-kina-nikah-soz-hediyelik-p-1055240435,Tilia Design,83,89.99,94.99,5.3,2.9,TRY,"[""20 TL Kupon"",""Kargo Bedava""]",InStock,100 adetten fazla stok sunulmuştur,,,,,4.3,620,490,1,2603,314 kişinin sepetinde,"20,4B kişi favoriledi",,4999,TRY,0,1,1,4,Tahmini Teslim:,,https://cdn.dsmcdn.com/ty1792/prod/QC_PREP/20251123/03/8dccdf27-fbd9-3324-bc0b-2b94c7088c6b/1_org_zoom.jpg,"{""Diğer Özellikler"":""Ürün Demonte gönderilir"",""Menşei"":""TR""}",20,5,refreshed,"[""daily_top""]",true,2026-08-26T14:30:28+03:00,0,"[""search_result_dom"",""product_detail_jsonld"",""product_detail_dom""]","{""title"":""observed"",""brand"":""observed"",""seller_name"":""observed"",""seller_score"":""observed"",""price"":""observed"",""original_price"":""observed"",""campaigns"":""observed"",""stock_status"":""observed"",""stock_signal"":""observed"",""rating"":""observed"",""rating_count"":""observed"",""review_count"":""observed"",""question_count"":""observed"",""delivery_summary"":""observed"",""shipping_cost"":""observed"",""properties"":""observed""}",true,
2026-08-26,2026-08-26T14:30:28+03:00,hobi,BEST_SELLER,hobi-cok-satanlar,Trendyol Hobi / Çok Satanlar,63,1,63,63,63,hobi:hobi-cok-satanlar,63,27,20.4,9.6,124910552,,124910552:unknown,Patladı Gitti Balon Zinciri 5 Metre - Doğum Günü Organizasyon Dekorasyonu,Patladı Gitti,,https://www.trendyol.com/patladi-gitti/balon-zinciri-5-metre-dogum-gunu-organizasyon-dekorasyonu-p-124910552,Patladı Gitti,,36.57,,,0,TRY,"[""Kargo Bedava""]",InStock,100 adetten fazla stok sunulmuştur,,,,,4.7,357,,0,10,331 kişinin sepetinde,"5,3B kişi favoriledi",,,,0,,,,26 dakika 27 saniye içinde sipariş verirsen en geç bugün kargoda!,,,{},0,,refreshed,"[""daily_top""]",true,2026-08-26T14:30:28+03:00,0,"[""search_result_dom"",""product_detail_jsonld"",""product_detail_dom""]","{""title"":""observed"",""brand"":""observed"",""seller_name"":""observed"",""seller_score"":""unavailable"",""price"":""observed"",""original_price"":""unavailable"",""campaigns"":""observed"",""stock_status"":""observed"",""stock_signal"":""observed"",""rating"":""observed"",""rating_count"":""observed"",""review_count"":""unavailable"",""question_count"":""observed"",""delivery_summary"":""observed"",""shipping_cost"":""unavailable"",""properties"":""observed""}",true,
2026-08-26,2026-08-26T14:30:28+03:00,hobi,BEST_SELLER,hobi-cok-satanlar,Trendyol Hobi / Çok Satanlar,64,1,64,64,64,hobi:hobi-cok-satanlar,64,29,16.6,13.4,49224963,,49224963:unknown,Genel Markalar Çengelli Iğne 12'li Orta Boy No:4,Genel Markalar,İğne,https://www.trendyol.com/genel-markalar/cengelli-igne-12-li-orta-boy-no-4-p-49224963,Koza Gift,88,7.1,,,0,TRY,"[""Kargo Bedava""]",InStock,100 adetten fazla stok sunulmuştur,,,,,4.5,270,119,0,29,,"3,4B kişi favoriledi",,4999,TRY,0,1,1,4,9 saat 26 dakika içinde sipariş verirsen en geç yarın kargoda!,,https://cdn.dsmcdn.com/ty1494/product/media/images/prod/QC/20240821/14/8f9ad04b-15b4-3929-9845-812fb7220f47/1_org_zoom.jpg,"{""Diğer Özellikler"":""yok"",""Menşei"":""TR"",""Renk"":""Çok Renkli"",""Bakım Talimatları (Genel)"":""Nemli bir bezle silin.""}",20,5,refreshed,"[""daily_top""]",true,2026-08-26T14:30:28+03:00,0,"[""search_result_dom"",""product_detail_jsonld"",""product_detail_dom""]","{""title"":""observed"",""brand"":""observed"",""seller_name"":""observed"",""seller_score"":""observed"",""price"":""observed"",""original_price"":""unavailable"",""campaigns"":""observed"",""stock_status"":""observed"",""stock_signal"":""observed"",""rating"":""observed"",""rating_count"":""observed"",""review_count"":""observed"",""question_count"":""observed"",""delivery_summary"":""observed"",""shipping_cost"":""observed"",""properties"":""observed""}",true,
2026-08-26,2026-08-26T14:30:28+03:00,hobi,BEST_SELLER,hobi-cok-satanlar,Trendyol Hobi / Çok Satanlar,65,1,65,65,65,hobi:hobi-cok-satanlar,65,16,21.2,8.8,376259034,,376259034:unknown,"ZEYMERADE Bordo Şifon Gelin Damat Halay Mendili, Hediye Mendil 10 Adet, Düğün Kına Sünnet Nişan Sünnet",ZEYMERADE,,https://www.trendyol.com/zeymerade/bordo-sifon-gelin-damat-halay-mendili-hediye-mendil-10-adet-dugun-kina-sunnet-nisan-sunnet-p-376259034,ZEYMERADE,,199.9,,,0,TRY,"[""Kargo Bedava""]",InStock,100 adetten fazla stok sunulmuştur,,,,,4.6,440,,0,19,807 kişinin sepetinde,"15,3B kişi favoriledi",Son 24 saatte 753 kişi görüntüledi,,,0,,,,9 saat 26 dakika içinde sipariş verirsen en geç yarın kargoda!,,,{},0,,refreshed,"[""daily_top""]",true,2026-08-26T14:30:28+03:00,0,"[""search_result_dom"",""product_detail_jsonld"",""product_detail_dom""]","{""title"":""observed"",""brand"":""observed"",""seller_name"":""observed"",""seller_score"":""unavailable"",""price"":""observed"",""original_price"":""unavailable"",""campaigns"":""observed"",""stock_status"":""observed"",""stock_signal"":""observed"",""rating"":""observed"",""rating_count"":""observed"",""review_count"":""unavailable"",""question_count"":""observed"",""delivery_summary"":""observed"",""shipping_cost"":""unavailable"",""properties"":""observed""}",true,
2026-08-26,2026-08-26T14:30:28+03:00,hobi,BEST_SELLER,hobi-cok-satanlar,Trendyol Hobi / Çok Satanlar,66,1,66,66,66,hobi:hobi-cok-satanlar,66,21,16.8,13.2,844213019,,844213019:unknown,Öz-bal Balon Zinciri Aparatı 5 Metre | Parti Ve Doğum Günü Balon Süsleme Bandı,Öz-bal,Balon Zinciri,https://www.trendyol.com/oz-bal/balon-zinciri-aparati-5-metre-parti-ve-dogum-gunu-balon-susleme-bandi-p-844213019,FortyFour Shop,9,49.99,,,1,TRY,"[""Kargo Bedava""]",InStock,100 adetten fazla stok sunulmuştur,,,,,4.5,335,126,0,30,768 kişinin sepetinde,"15,1B kişi favoriledi",,4999,TRY,0,1,1,4,9 saat 26 dakika içinde sipariş verirsen en geç yarın kargoda!,,https://cdn.dsmcdn.com/ty1586/prod/QC/20241013/23/a1322160-0d39-3508-abef-525f61d59018/1_org_zoom.jpg,"{""Bakım Talimatları (Genel)"":""Ürünün kullanım ömrünü korumak için ürüne özel bakım talimatlarını takip ediniz.""}",20,5,refreshed,"[""daily_top""]",true,2026-08-26T14:30:28+03:00,0,"[""search_result_dom"",""product_detail_jsonld"",""product_detail_dom""]","{""title"":""observed"",""brand"":""observed"",""seller_name"":""observed"",""seller_score"":""observed"",""price"":""observed"",""original_price"":""unavailable"",""campaigns"":""observed"",""stock_status"":""observed"",""stock_signal"":""observed"",""rating"":""observed"",""rating_count"":""observed"",""review_count"":""observed"",""question_count"":""observed"",""delivery_summary"":""observed"",""shipping_cost"":""observed"",""properties"":""observed""}",true,
2026-08-26,2026-08-26T14:30:28+03:00,hobi,BEST_SELLER,hobi-cok-satanlar,Trendyol Hobi / Çok Satanlar,67,1,67,67,67,hobi:hobi-cok-satanlar,67,-11,22.3,7.7,955705910,,955705910:unknown,"ERSE HOME 20 Adet Kraft Kutu İçinde Lotus Mum, Düğün, Nişan, Söz, Kına, Doğum Günü",ERSE HOME,Söz Hediyelik,https://www.trendyol.com/erse-home/20-adet-kraft-kutu-icinde-lotus-mum-dugun-nisan-soz-kina-dogum-gunu-p-955705910,,,250,,,-5.7,TRY,[],InStock,,,,,,4.4,925,613,2,,,,,4999,TRY,0,1,1,4,,,https://cdn.dsmcdn.com/ty1709/prod/QC_PREP/20250712/11/9f6f27b6-4a2e-3035-886f-a39d756378a8/1_org_zoom.jpg,"{""Diğer Özellikler"":""lotus, hediye, düğün, nişan, kına, kişiselleştirilebilir"",""Menşei"":""TR"",""Bakım Talimatları (Genel)"":""Gıda ile temas için uygun değildir.""}",20,5,refreshed,"[""daily_top""]",true,2026-08-26T14:30:28+03:00,0,"[""search_result_dom"",""product_detail_jsonld"",""product_detail_dom""]","{""title"":""observed"",""brand"":""observed"",""seller_name"":""unavailable"",""seller_score"":""unavailable"",""price"":""observed"",""original_price"":""unavailable"",""campaigns"":""unavailable"",""stock_status"":""observed"",""stock_signal"":""unavailable"",""rating"":""observed"",""rating_count"":""observed"",""review_count"":""observed"",""question_count"":""unavailable"",""delivery_summary"":""unavailable"",""shipping_cost"":""observed"",""properties"":""observed""}",true,
2026-08-26,2026-08-26T14:30:28+03:00,hobi,BEST_SELLER,hobi-cok-satanlar,Trendyol Hobi / Çok Satanlar,68,1,68,68,68,hobi:hobi-cok-satanlar,68,11,0,,952321817,,952321817:unknown,"KUMSAL ÇEYİZ 6 Adet Sunumluk Peçete,Kokteyl Peçete,Kahve Yanı Sunum Peçetesi,Sunumluk,Bardak Altlığı",KUMSAL ÇEYİZ,,https://www.trendyol.com/kumsal-ceyiz/6-adet-sunumluk-pecete-kokteyl-pecete-kahve-yani-sunum-pecetesi-sunumluk-bardak-altligi-p-952321817,,,166,,,3.8,TRY,[],InStock,,,,,,,,,0,,,,,,,0,,,,,,,{},0,,refreshed,"[""daily_top""]",true,2026-08-26T14:30:28+03:00,0,"[""search_result_dom"",""product_detail_jsonld"",""product_detail_dom""]","{""title"":""observed"",""brand"":""observed"",""seller_name"":""unavailable"",""seller_score"":""unavailable"",""price"":""observed"",""original_price"":""unavailable"",""campaigns"":""unavailable"",""stock_status"":""observed"",""stock_signal"":""unavailable"",""rating"":""unavailable"",""rating_count"":""unavailable"",""review_count"":""unavailable"",""question_count"":""unavailable"",""delivery_summary"":""unavailable"",""shipping_cost"":""unavailable"",""properties"":""observed""}",true,
2026-08-26,2026-08-26T14:30:28+03:00,hobi,BEST_SELLER,hobi-cok-satanlar,Trendyol Hobi / Çok Satanlar,69,1,69,69,69,hobi:hobi-cok-satanlar,69,-38,38.7,11.3,1124966835,,1124966835:unknown,Magly Soft Bricks Yumuşak Yapı Blokları - Çocuklar İçin Renkli Esnek 42 Parça Yapı Blok Seti,Magly,Diğer Oyun Takımları,https://www.trendyol.com/magly/soft-bricks-yumusak-yapi-bloklari-cocuklar-icin-renkli-esnek-42-parca-yapi-blok-seti-p-1124966835,,,756,945,20,0,TRY,"[""Sepette %20 İndirim"",""Kargo Bedava""]",InStock,,,,,,4.9,292,216,3,,,,,4999,TRY,0,,1,4,,,https://cdn.dsmcdn.com/ty1929/prod/QC_ENRICHMENT/20260801/17/9cf2203b-7f5d-36bd-bf48-bf2a44663416/1_org_zoom.jpg,"{""Parça Sayısı"":""42"",""Yaş"":""1+ Yaş"",""Menşei"":""TR"",""Ürün Uyarıları (Oyuncak)"":""Küçük parçalar içerir.; 1 yaşından küçük çocuklar için uygun değildir.; Ürün özellikleri, renk ve içerik ambalajdaki görsellerden farklılık gösterebilir."",""Özellik"":""BPA Free""}",20,5,refreshed,"[""daily_top""]",true,2026-08-26T14:30:28+03:00,0,"[""search_result_dom"",""product_detail_jsonld"",""product_detail_dom""]","{""title"":""observed"",""brand"":""observed"",""seller_name"":""unavailable"",""seller_score"":""unavailable"",""price"":""observed"",""original_price"":""observed"",""campaigns"":""observed"",""stock_status"":""observed"",""stock_signal"":""unavailable"",""rating"":""observed"",""rating_count"":""observed"",""review_count"":""observed"",""question_count"":""unavailable"",""delivery_summary"":""unavailable"",""shipping_cost"":""observed"",""properties"":""observed""}",true,
2026-08-26,2026-08-26T14:30:28+03:00,hobi,BEST_SELLER,hobi-cok-satanlar,Trendyol Hobi / Çok Satanlar,70,1,70,70,70,hobi:hobi-cok-satanlar,70,-15,19.9,10.1,1138099318,,1138099318:unknown,KİNKU Donald Duck & Daisy Duck –,KİNKU,3D Yapboz,https://www.trendyol.com/kinku/donald-duck-daisy-duck-p-1138099318,KİNKU,93,199.95,,,0,TRY,"[""Kargo Bedava""]",InStock,100 adetten fazla stok sunulmuştur,,,,,4.7,536,309,2,60,"2,2B kişinin sepetinde","21,7B kişi favoriledi",Son 24 saatte 560 kişi görüntüledi,4999,TRY,0,1,1,4,26 dakika 12 saniye içinde sipariş verirsen en geç bugün kargoda!,,https://cdn.dsmcdn.com/ty1903/prod/QC_ENRICHMENT/20260729/18/9fe606f2-c199-35d9-8532-2ee28de0ccd5/1_org_zoom.jpg,"{""Menşei"":""CN""}",20,5,refreshed,"[""daily_top""]",true,2026-08-26T14:30:28+03:00,0,"[""search_result_dom"",""product_detail_jsonld"",""product_detail_dom""]","{""title"":""observed"",""brand"":""observed"",""seller_name"":""observed"",""seller_score"":""observed"",""price"":""observed"",""original_price"":""unavailable"",""campaigns"":""observed"",""stock_status"":""observed"",""stock_signal"":""observed"",""rating"":""observed"",""rating_count"":""observed"",""review_count"":""observed"",""question_count"":""observed"",""delivery_summary"":""observed"",""shipping_cost"":""observed"",""properties"":""observed""}",true,
2026-08-26,2026-08-26T14:30:28+03:00,hobi,BEST_SELLER,hobi-cok-satanlar,Trendyol Hobi / Çok Satanlar,71,1,71,71,71,hobi:hobi-cok-satanlar,71,-4,3.8,26.2,1167431657,,1167431657:unknown,FESTİVALOON Balon Zinciri Aparatı 5 Metre Şeffaf Balon Kemeri Şeridi 100 Balona Kadar Parti Dekor Süsleme Bandı,FESTİVALOON,Balon Zinciri,https://www.trendyol.com/festivaloon/balon-zinciri-aparati-5-metre-seffaf-balon-kemeri-seridi-100-balona-kadar-parti-dekor-susleme-bandi-p-1167431657,FESTİVALOON,95,23.69,,,12.1,TRY,"[""Kargo Bedava""]",InStock,100 adetten fazla stok sunulmuştur,,,,,5,4,2,0,,399 kişinin sepetinde,"1,5B kişi favoriledi",,4999,TRY,0,1,1,4,9 saat 26 dakika içinde sipariş verirsen en geç yarın kargoda!,,https://cdn.dsmcdn.com/ty1936/prod/QC_PREP/20260710/21/5ee86803-2008-3126-af66-d460ce370409/1_org_zoom.jpg,"{""Menşei"":""TR""}",2,5,refreshed,"[""daily_top""]",true,2026-08-26T14:30:28+03:00,0,"[""search_result_dom"",""product_detail_jsonld"",""product_detail_dom""]","{""title"":""observed"",""brand"":""observed"",""seller_name"":""observed"",""seller_score"":""observed"",""price"":""observed"",""original_price"":""unavailable"",""campaigns"":""observed"",""stock_status"":""observed"",""stock_signal"":""observed"",""rating"":""observed"",""rating_count"":""observed"",""review_count"":""observed"",""question_count"":""unavailable"",""delivery_summary"":""observed"",""shipping_cost"":""observed"",""properties"":""observed""}",true,
2026-08-26,2026-08-26T14:30:28+03:00,hobi,BEST_SELLER,hobi-cok-satanlar,Trendyol Hobi / Çok Satanlar,72,1,72,72,72,hobi:hobi-cok-satanlar,72,-29,15.2,15.8,793890261,,793890261:unknown,Ebruli Boncuk 6 Mm Kaplama Plastik Krem Inci Delikli 200 Adet Boncuk Takı Yapımı Bead (25 GRAM),Ebruli Boncuk,Boncuk,https://www.trendyol.com/ebruli-boncuk/6-mm-kaplama-plastik-krem-inci-delikli-200-adet-boncuk-taki-yapimi-bead-25-gram-p-793890261,Hobimos,93,21.76,21.98,1,0,TRY,"[""Sepette %1 İndirim"",""10 TL Kupon"",""Kargo Bedava""]",InStock,100 adetten fazla stok sunulmuştur,,,,,4.3,138,58,0,77,730 kişinin sepetinde,10B kişi favoriledi,Son 24 saatte 348 kişi görüntüledi,4999,TRY,0,1,1,4,9 saat 26 dakika içinde sipariş verirsen en geç yarın kargoda!,,https://cdn.dsmcdn.com/ty1118/product/media/images/prod/SPM/PIM/20240103/11/4c782cb5-1ac6-3730-9691-930091c4a68a/1_org_zoom.jpg,"{""Menşei"":""CN"",""Bakım Talimatları (Genel)"":""Ürünün kullanım ömrünü korumak için ürüne özel bakım talimatlarını takip ediniz.""}",20,5,refreshed,"[""daily_top""]",true,2026-08-26T14:30:28+03:00,0,"[""search_result_dom"",""product_detail_jsonld"",""product_detail_dom""]","{""title"":""observed"",""brand"":""observed"",""seller_name"":""observed"",""seller_score"":""observed"",""price"":""observed"",""original_price"":""observed"",""campaigns"":""observed"",""stock_status"":""observed"",""stock_signal"":""observed"",""rating"":""observed"",""rating_count"":""observed"",""review_count"":""observed"",""question_count"":""observed"",""delivery_summary"":""observed"",""shipping_cost"":""observed"",""properties"":""observed""}",true,
2026-08-26,2026-08-26T14:30:28+03:00,hobi,BEST_SELLER,hobi-cok-satanlar,Trendyol Hobi / Çok Satanlar,73,1,73,73,73,hobi:hobi-cok-satanlar,73,-13,21.6,8.4,1074206868,,1074206868:unknown,Amentes 1lü Kalın Cam Eğimli Pipet,Amentes,Pipet,https://www.trendyol.com/amentes/1lu-kalin-cam-egimli-pipet-p-1074206868,Amentes,1,9.9,,,0,TRY,"[""Kargo Bedava""]",InStock,100 adetten fazla stok sunulmuştur,,,,,4.3,801,498,0,82,308 kişinin sepetinde,"15,6B kişi favoriledi",,4999,TRY,0,1,1,4,26 dakika 6 saniye içinde sipariş verirsen en geç bugün kargoda!,,https://cdn.dsmcdn.com/ty1640/prod/QC/20250219/18/af25dfe7-5571-34db-ad66-c4b72e78ec43/1_org_zoom.jpg,"{""Renk"":""Beyaz"",""Menşei"":""TR"",""Materyal"":""Cam""}",20,5,refreshed,"[""daily_top""]",true,2026-08-26T14:30:28+03:00,0,"[""search_result_dom"",""product_detail_jsonld"",""product_detail_dom""]","{""title"":""observed"",""brand"":""observed"",""seller_name"":""observed"",""seller_score"":""observed"",""price"":""observed"",""original_price"":""unavailable"",""campaigns"":""observed"",""stock_status"":""observed"",""stock_signal"":""observed"",""rating"":""observed"",""rating_count"":""observed"",""review_count"":""observed"",""question_count"":""observed"",""delivery_summary"":""observed"",""shipping_cost"":""observed"",""properties"":""observed""}",true,
2026-08-26,2026-08-26T14:30:28+03:00,hobi,BEST_SELLER,hobi-cok-satanlar,Trendyol Hobi / Çok Satanlar,74,1,74,74,74,hobi:hobi-cok-satanlar,74,6,12.6,17.4,894078685,,894078685:unknown,Kullanatsepetim Plastik Pet Bardak Otomat Bardağı 180 cc 100 Adet,Kullanatsepetim,Plastik Bardak,https://www.trendyol.com/kullanatsepetim/plastik-pet-bardak-otomat-bardagi-180-cc-100-adet-p-894078685,Ambalaj Express,95,49.45,,,0,TRY,"[""Sepette %15 İndirim"",""Kargo Bedava""]",InStock,100 adetten fazla stok sunulmuştur,,,,,4.5,70,37,0,7,,"1,6B kişi favoriledi",,4999,TRY,0,1,1,4,9 saat 26 dakika içinde sipariş verirsen en geç yarın kargoda!,,https://cdn.dsmcdn.com/ty1851/prod/QC_ENRICHMENT/20260408/14/c1ec483f-5af8-3c5f-875c-5ddfc6a03014/1_org_zoom.jpg,"{""Menşei"":""TR"",""Materyal"":""Plastik""}",20,5,refreshed,"[""daily_top"",""hot_change""]",true,2026-08-26T14:30:28+03:00,0,"[""search_result_dom"",""product_detail_jsonld"",""product_detail_dom""]","{""title"":""observed"",""brand"":""observed"",""seller_name"":""observed"",""seller_score"":""observed"",""price"":""observed"",""original_price"":""unavailable"",""campaigns"":""observed"",""stock_status"":""observed"",""stock_signal"":""observed"",""rating"":""observed"",""rating_count"":""observed"",""review_count"":""observed"",""question_count"":""observed"",""delivery_summary"":""observed"",""shipping_cost"":""observed"",""properties"":""observed""}",true,
2026-08-26,2026-08-26T14:30:28+03:00,hobi,BEST_SELLER,hobi-cok-satanlar,Trendyol Hobi / Çok Satanlar,75,1,75,75,75,hobi:hobi-cok-satanlar,75,8,19,11,244804340,,244804340:unknown,"Karton Bardak 300 Adet 6,5 Oz",Karton Bardak,Plastik Bardak,https://www.trendyol.com/karton-bardak/300-adet-6-5-oz-p-244804340,Balcı Toplu Tüketim,88,179,,,0,TRY,"[""Kargo Bedava""]",InStock,100 adetten fazla stok sunulmuştur,,,,,4.1,487,236,1,77,414 kişinin sepetinde,"8,3B kişi favoriledi",,4999,TRY,0,1,1,4,9 saat 26 dakika içinde sipariş verirsen en geç yarın kargoda!,,https://cdn.dsmcdn.com/ty1851/prod/QC_ENRICHMENT/20260408/14/21527554-71b2-3907-a92d-a6adda0dae5e/1_org_zoom.jpg,"{""Menşei"":""TR"",""Materyal"":""Plastik""}",20,5,refreshed,"[""daily_top""]",true,2026-08-26T14:30:28+03:00,0,"[""search_result_dom"",""product_detail_jsonld"",""product_detail_dom""]","{""title"":""observed"",""brand"":""observed"",""seller_name"":""observed"",""seller_score"":""observed"",""price"":""observed"",""original_price"":""unavailable"",""campaigns"":""observed"",""stock_status"":""observed"",""stock_signal"":""observed"",""rating"":""observed"",""rating_count"":""observed"",""review_count"":""observed"",""question_count"":""observed"",""delivery_summary"":""observed"",""shipping_cost"":""observed"",""properties"":""observed""}",true,
2026-08-26,2026-08-26T14:30:28+03:00,hobi,BEST_SELLER,hobi-cok-satanlar,Trendyol Hobi / Çok Satanlar,76,1,76,76,76,hobi:hobi-cok-satanlar,76,,20.9,9.1,936618040,,936618040:unknown,mihi hediyelik Kişiye Özel Davetiyeli İstiridye Anahtarlık - Söz Nişan Nikah Hediyelik - Özel Gün Hediyelik 10 Adet,mihi hediyelik,Söz Hediyelik,https://www.trendyol.com/mihi-hediyelik/kisiye-ozel-davetiyeli-istiridye-anahtarlik-soz-nisan-nikah-hediyelik-ozel-gun-hediyelik-10-adet-p-936618040,Emtory Home,,73.19,,,,TRY,[],InStock,100 adetten fazla stok sunulmuştur,,,,,4.2,527,410,0,,,,,4999,TRY,0,6,1,9,Tahmini Teslim:,,https://cdn.dsmcdn.com/ty1849/prod/QC_ENRICHMENT/20260404/12/deaddcf2-90a5-3657-9124-f1ae0afec1a1/1_org_zoom.jpg,"{""Diğer Özellikler"":""az alımda kart olmamaktadır"",""Menşei"":""TR""}",20,5,refreshed,"[""daily_top"",""hot_change""]",true,2026-08-26T14:30:28+03:00,0,"[""search_result_dom"",""product_detail_jsonld"",""product_detail_dom""]","{""title"":""observed"",""brand"":""observed"",""seller_name"":""observed"",""seller_score"":""unavailable"",""price"":""observed"",""original_price"":""unavailable"",""campaigns"":""unavailable"",""stock_status"":""observed"",""stock_signal"":""observed"",""rating"":""observed"",""rating_count"":""observed"",""review_count"":""observed"",""question_count"":""unavailable"",""delivery_summary"":""observed"",""shipping_cost"":""observed"",""properties"":""observed""}",true,
2026-08-26,2026-08-26T14:30:28+03:00,hobi,BEST_SELLER,hobi-cok-satanlar,Trendyol Hobi / Çok Satanlar,77,1,77,77,77,hobi:hobi-cok-satanlar,77,2,16.5,13.5,989449954,,989449954:unknown,"Genel Markalar 10 Adet Lotus Mum Süslemeli, Nikah Şekeri, , Düğün Nişan Söz, Kına, Doğum Günü",Genel Markalar,Söz Hediyelik,https://www.trendyol.com/genel-markalar/10-adet-lotus-mum-suslemeli-nikah-sekeri-dugun-nisan-soz-kina-dogum-gunu-p-989449954,Lüks Armağan,,149,,,0,TRY,[],InStock,100 adetten fazla stok sunulmuştur,,,,,4.5,168,114,0,,,,,4999,TRY,0,2,1,6,,,https://cdn.dsmcdn.com/ty1630/prod/QC/20250126/02/347c8297-989f-3223-a15f-fb92958fde27/1_org_zoom.jpg,"{""Diğer Özellikler"":""Lotus,hediyelik, nişan, kına, düğün"",""Menşei"":""TR"",""Bakım Talimatları (Genel)"":""Ürünün kullanım ömrünü korumak için ürüne özel bakım talimatlarını takip ediniz.""}",20,5,refreshed,"[""daily_top"",""hot_change""]",true,2026-08-26T14:30:28+03:00,0,"[""search_result_dom"",""product_detail_jsonld"",""product_detail_dom""]","{""title"":""observed"",""brand"":""observed"",""seller_name"":""observed"",""seller_score"":""unavailable"",""price"":""observed"",""original_price"":""unavailable"",""campaigns"":""unavailable"",""stock_status"":""observed"",""stock_signal"":""observed"",""rating"":""observed"",""rating_count"":""observed"",""review_count"":""observed"",""question_count"":""unavailable"",""delivery_summary"":""unavailable"",""shipping_cost"":""observed"",""properties"":""observed""}",true,
2026-08-26,2026-08-26T14:30:28+03:00,hobi,BEST_SELLER,hobi-cok-satanlar,Trendyol Hobi / Çok Satanlar,78,1,78,78,78,hobi:hobi-cok-satanlar,78,-2,24.1,5.9,1093121985,,1093121985:unknown,SHELİFE Kişiye Özel Ahşap Kapı İsimliği Çiçekli – 10x20 cm MDF Dekoratif Kapı Tabelası,SHELİFE,Kapı Süsü,https://www.trendyol.com/shelife/kisiye-ozel-ahsap-kapi-isimligi-cicekli-10x20-cm-mdf-dekoratif-kapi-tabelasi-p-1093121985,Shelife,9,167,,,-9.7,TRY,"[""Kargo Bedava""]",InStock,100 adetten fazla stok sunulmuştur,,,,,4.6,1527,1016,5,5826,,,,4999,TRY,0,1,1,4,9 saat 26 dakika içinde sipariş verirsen en geç yarın kargoda!,,https://cdn.dsmcdn.com/ty1919/prod/QC_ENRICHMENT/20260629/12/5263d6dd-9a70-3fee-93f7-714ebdec7156/1_org_zoom.jpg,"{""Materyal"":""Ahşap"",""Renk"":""Kahverengi"",""Boyut/Ebat"":""10 x 20"",""Tema / Stil"":""Süs"",""Menşei"":""TR""}",20,5,refreshed,"[""daily_top""]",true,2026-08-26T14:30:28+03:00,0,"[""search_result_dom"",""product_detail_jsonld"",""product_detail_dom""]","{""title"":""observed"",""brand"":""observed"",""seller_name"":""observed"",""seller_score"":""observed"",""price"":""observed"",""original_price"":""unavailable"",""campaigns"":""observed"",""stock_status"":""observed"",""stock_signal"":""observed"",""rating"":""observed"",""rating_count"":""observed"",""review_count"":""observed"",""question_count"":""observed"",""delivery_summary"":""observed"",""shipping_cost"":""observed"",""properties"":""observed""}",true,
2026-08-26,2026-08-26T14:30:28+03:00,hobi,BEST_SELLER,hobi-cok-satanlar,Trendyol Hobi / Çok Satanlar,79,1,79,79,79,hobi:hobi-cok-satanlar,79,,17.4,12.6,972928100,,972928100:unknown,"BALON DİYARI 10 Adet Rose Gold, Beyaz ve Şeffaf Konfeti Balon Seti – Parti & Süsleme Balonları",BALON DİYARI,,https://www.trendyol.com/balon-diyari/10-adet-rose-gold-beyaz-ve-seffaf-konfeti-balon-seti-parti-susleme-balonlari-p-972928100,Balon Diyarı,93,34.21,,,,TRY,"[""Kargo Bedava""]",InStock,100 adetten fazla stok sunulmuştur,,,,,4.1,148,,0,36,504 kişinin sepetinde,"10,6B kişi favoriledi",Son 24 saatte 456 kişi görüntüledi,,,0,,,,1 saat 25 dakika içinde sipariş verirsen en geç bugün kargoda!,,,{},0,,refreshed,"[""daily_top""]",true,2026-08-26T14:30:28+03:00,0,"[""search_result_dom"",""product_detail_jsonld"",""product_detail_dom""]","{""title"":""observed"",""brand"":""observed"",""seller_name"":""observed"",""seller_score"":""observed"",""price"":""observed"",""original_price"":""unavailable"",""campaigns"":""observed"",""stock_status"":""observed"",""stock_signal"":""observed"",""rating"":""observed"",""rating_count"":""observed"",""review_count"":""unavailable"",""question_count"":""observed"",""delivery_summary"":""observed"",""shipping_cost"":""unavailable"",""properties"":""observed""}",true,
2026-08-26,2026-08-26T14:30:28+03:00,hobi,BEST_SELLER,hobi-cok-satanlar,Trendyol Hobi / Çok Satanlar,80,1,80,80,80,hobi:hobi-cok-satanlar,80,15,10.7,19.3,1116865162,,1116865162:unknown,Miona Doğum Gününe Özel Hediye Paketleme Ambalaj Kağıdı 35x50 cm(1 ADET),Miona,Paketleme Malzemesi,https://www.trendyol.com/miona/dogum-gunune-ozel-hediye-paketleme-ambalaj-kagidi-35x50-cm-1-adet-p-1116865162,MİONA,94,20.9,,,0,TRY,"[""Kargo Bedava""]",InStock,100 adetten fazla stok sunulmuştur,,,,,4.9,46,21,0,6,,"2,4B kişi favoriledi",,4999,TRY,0,1,1,4,9 saat 25 dakika içinde sipariş verirsen en geç yarın kargoda!,,https://cdn.dsmcdn.com/ty1836/prod/QC_PREP/20260310/04/89bd46c4-3c04-35ff-90a2-f15d6d9cacdc/1_org_zoom.jpg,"{""Menşei"":""TR""}",20,5,refreshed,"[""daily_top""]",true,2026-08-26T14:30:28+03:00,0,"[""search_result_dom"",""product_detail_jsonld"",""product_detail_dom""]","{""title"":""observed"",""brand"":""observed"",""seller_name"":""observed"",""seller_score"":""observed"",""price"":""observed"",""original_price"":""unavailable"",""campaigns"":""observed"",""stock_status"":""observed"",""stock_signal"":""observed"",""rating"":""observed"",""rating_count"":""observed"",""review_count"":""observed"",""question_count"":""observed"",""delivery_summary"":""observed"",""shipping_cost"":""observed"",""properties"":""observed""}",true,
2026-08-26,2026-08-26T14:30:28+03:00,hobi,BEST_SELLER,hobi-malzemeleri,hobi malzemeleri,1,1,81,81,,hobi:hobi-malzemeleri,1,,86.2,47.3,1142979244,1247661,1142979244:1247661,Bee Flower Shop Mavi Lilyum Buketi Kendin Yap (DIY) Kiti | 65 Adet Şönil İçerir Hobi ve Hediye Seti,Bee Flower Shop,Örgü Kiti,https://www.trendyol.com/bee-flower-shop/mavi-lilyum-buketi-kendin-yap-diy-kiti-65-adet-sonil-icerir-hobi-ve-hediye-seti-p-1142979244?merchantId=1247661,BEE FLOWER SHOP,92,334.51,337.89,1,,TRY,"[""Son 10 Günün En Düşük Fiyatı"",""Kargo Bedava"",""Son 10 günün en düşük fiyatı""]",InStock,100 adetten fazla stok sunulmuştur,,,,,4.8,12,7,,6,,"3,8B kişi favoriledi",,4999,TRY,0,1,1,4,9 saat 25 dakika içinde sipariş verirsen en geç yarın kargoda!,,https://cdn.dsmcdn.com/ty1924/prod/QC_ENRICHMENT/20260510/13/065fa1cc-51db-3dbc-a630-eeb3ac84f9e3/1_org_zoom.jpg,"{""Menşei"":""TR""}",7,4.71,refreshed,"[""daily_top""]",true,2026-08-26T14:30:28+03:00,0,"[""search_result_dom"",""product_detail_jsonld"",""product_detail_dom""]","{""title"":""observed"",""brand"":""observed"",""seller_name"":""observed"",""seller_score"":""observed"",""price"":""observed"",""original_price"":""observed"",""campaigns"":""observed"",""stock_status"":""observed"",""stock_signal"":""observed"",""rating"":""observed"",""rating_count"":""observed"",""review_count"":""observed"",""question_count"":""observed"",""delivery_summary"":""observed"",""shipping_cost"":""observed"",""properties"":""observed""}",true,
2026-08-26,2026-08-26T14:30:28+03:00,hobi,BEST_SELLER,hobi-malzemeleri,hobi malzemeleri,2,1,82,82,,hobi:hobi-malzemeleri,2,,87.6,42.4,1135000939,1247661,1135000939:1247661,Genel Markalar Pembe Lilyum Buketi Kendin Yap (DIY) Kiti | 65 Adet Şönil İçerir Hobi ve Hediye Seti,Genel Markalar,Örgü Kiti,https://www.trendyol.com/genel-markalar/pembe-lilyum-buketi-kendin-yap-diy-kiti-65-adet-sonil-icerir-hobi-ve-hediye-seti-p-1135000939?merchantId=1247661,BEE FLOWER SHOP,,449,,,,TRY,"[""Kargo Bedava""]",InStock,100 adetten fazla stok sunulmuştur,,,,,4.5,51,27,,,,,,4999,TRY,0,1,1,4,,,https://cdn.dsmcdn.com/ty1862/prod/QC_ENRICHMENT/20260427/20/c34ee0ce-9c96-3412-a0b1-e65fdddcad22/1_org_zoom.jpg,"{""Menşei"":""TR""}",20,5,refreshed,"[""daily_top""]",true,2026-08-26T14:30:28+03:00,0,"[""search_result_dom"",""product_detail_jsonld"",""product_detail_dom""]","{""title"":""observed"",""brand"":""observed"",""seller_name"":""observed"",""seller_score"":""unavailable"",""price"":""observed"",""original_price"":""unavailable"",""campaigns"":""observed"",""stock_status"":""observed"",""stock_signal"":""observed"",""rating"":""observed"",""rating_count"":""observed"",""review_count"":""observed"",""question_count"":""unavailable"",""delivery_summary"":""unavailable"",""shipping_cost"":""observed"",""properties"":""observed""}",true,
2026-08-26,2026-08-26T14:30:28+03:00,hobi,BEST_SELLER,hobi-malzemeleri,hobi malzemeleri,3,1,83,83,,hobi:hobi-malzemeleri,3,,84.6,43.9,1135066310,1247661,1135066310:1247661,Genel Markalar Lila Lilyum Buketi Kendin Yap (DIY) Kiti | 65 Adet Şönil İçerir Hobi ve Hediye Seti,Genel Markalar,Örgü Kiti,https://www.trendyol.com/genel-markalar/lila-lilyum-buketi-kendin-yap-diy-kiti-65-adet-sonil-icerir-hobi-ve-hediye-seti-p-1135066310?merchantId=1247661,BEE FLOWER SHOP,,331.4,334.75,1,,TRY,"[""Son 10 Günün En Düşük Fiyatı""]",InStock,100 adetten fazla stok sunulmuştur,,,,,4.4,20,15,,,,,,4999,TRY,0,1,1,4,9 saat 25 dakika içinde sipariş verirsen en geç yarın kargoda!,,https://cdn.dsmcdn.com/ty1915/prod/QC_ENRICHMENT/20260502/21/acb80602-26dc-36e2-8e86-29514f64192f/1_org_zoom.jpg,"{""Menşei"":""TR""}",15,4.2,refreshed,"[""daily_top""]",true,2026-08-26T14:30:28+03:00,0,"[""search_result_dom"",""product_detail_jsonld"",""product_detail_dom""]","{""title"":""observed"",""brand"":""observed"",""seller_name"":""observed"",""seller_score"":""unavailable"",""price"":""observed"",""original_price"":""observed"",""campaigns"":""observed"",""stock_status"":""observed"",""stock_signal"":""observed"",""rating"":""observed"",""rating_count"":""observed"",""review_count"":""observed"",""question_count"":""unavailable"",""delivery_summary"":""observed"",""shipping_cost"":""observed"",""properties"":""observed""}",true,
2026-08-26,2026-08-26T14:30:28+03:00,hobi,BEST_SELLER,hobi-malzemeleri,hobi malzemeleri,4,1,84,84,,hobi:hobi-malzemeleri,4,,96.7,50.6,1158508023,1247661,1158508023:1247661,Bee Flower Shop Kırmızı Beyaz Lilyum Buketi Kendin Yap (DIY) Kiti | 65 Adet Şönil İçerir Hobi ve Hediye Seti,Bee Flower Shop,Örgü Kiti,https://www.trendyol.com/bee-flower-shop/kirmizi-beyaz-lilyum-buketi-kendin-yap-diy-kiti-65-adet-sonil-icerir-hobi-ve-hediye-seti-p-1158508023?merchantId=1247661,BEE FLOWER SHOP,92,349,449,22.3,,TRY,"[""Trendyol Plus'a Özel"",""Kargo Bedava""]",InStock,100 adetten fazla stok sunulmuştur,,,,,5,1,1,,3,,,,4999,TRY,0,1,1,4,9 saat 25 dakika içinde sipariş verirsen en geç yarın kargoda!,,https://cdn.dsmcdn.com/ty1902/prod/QC_PREP/20260620/01/b65097b6-8106-3aae-b7b7-e53fbaa859a3/1_org_zoom.jpg,"{""Menşei"":""TR""}",1,5,refreshed,"[""daily_top""]",true,2026-08-26T14:30:28+03:00,0,"[""search_result_dom"",""product_detail_jsonld"",""product_detail_dom""]","{""title"":""observed"",""brand"":""observed"",""seller_name"":""observed"",""seller_score"":""observed"",""price"":""observed"",""original_price"":""observed"",""campaigns"":""observed"",""stock_status"":""observed"",""stock_signal"":""observed"",""rating"":""observed"",""rating_count"":""observed"",""review_count"":""observed"",""question_count"":""observed"",""delivery_summary"":""observed"",""shipping_cost"":""observed"",""properties"":""observed""}",true,
2026-08-26,2026-08-26T14:30:28+03:00,hobi,BEST_SELLER,hobi-malzemeleri,hobi malzemeleri,5,1,85,85,,hobi:hobi-malzemeleri,5,,99.2,46.3,1135051197,1247661,1135051197:1247661,Genel Markalar Sarı Lilyum Buketi Kendin Yap (DIY) Kiti | 65 Adet Şönil İçerir Hobi ve Hediye Seti,Genel Markalar,Örgü Kiti,https://www.trendyol.com/genel-markalar/sari-lilyum-buketi-kendin-yap-diy-kiti-65-adet-sonil-icerir-hobi-ve-hediye-seti-p-1135051197?merchantId=1247661,BEE FLOWER SHOP,92,345.66,449,23,,TRY,"[""Trendyol Plus'a Özel"",""Kargo Bedava""]",InStock,100 adetten fazla stok sunulmuştur,,,,,4.5,8,5,,4,,"3,1B kişi favoriledi",,4999,TRY,0,1,1,4,9 saat 25 dakika içinde sipariş verirsen en geç yarın kargoda!,,https://cdn.dsmcdn.com/ty1917/prod/QC_ENRICHMENT/20260502/22/689fba04-bfd9-32c2-b0de-7b6706aec028/1_org_zoom.jpg,"{""Diğer Özellikler"":""Sarı"",""Menşei"":""TR""}",5,4.2,refreshed,"[""daily_top""]",true,2026-08-26T14:30:28+03:00,0,"[""search_result_dom"",""product_detail_jsonld"",""product_detail_dom""]","{""title"":""observed"",""brand"":""observed"",""seller_name"":""observed"",""seller_score"":""observed"",""price"":""observed"",""original_price"":""observed"",""campaigns"":""observed"",""stock_status"":""observed"",""stock_signal"":""observed"",""rating"":""observed"",""rating_count"":""observed"",""review_count"":""observed"",""question_count"":""observed"",""delivery_summary"":""observed"",""shipping_cost"":""observed"",""properties"":""observed""}",true,
2026-08-26,2026-08-26T14:30:28+03:00,hobi,BEST_SELLER,hobi-malzemeleri,hobi malzemeleri,6,1,86,86,,hobi:hobi-malzemeleri,6,,86.7,33.3,893347257,134783,893347257:134783,"ZEYMERADE Bambu Oymalı Gelin Nedime Yelpazesi, Bride To Be Bekarlığa Veda Par...",ZEYMERADE,,https://www.trendyol.com/zeymerade/bambu-oymali-gelin-nedime-yelpazesi-bride-to-be-bekarliga-veda-partisi-kina-hediye-yelpaze-1-adet-p-893347257?merchantId=134783,ZEYMERADE,,74.99,,,,TRY,"[""Kargo Bedava""]",InStock,100 adetten fazla stok sunulmuştur,,,,,4.1,219,,,27,374 kişinin sepetinde,"21,9B kişi favoriledi",Son 24 saatte 795 kişi görüntüledi,,,0,,,,9 saat 25 dakika içinde sipariş verirsen en geç yarın kargoda!,,,{},0,,refreshed,"[""daily_top""]",true,2026-08-26T14:30:28+03:00,0,"[""search_result_dom"",""product_detail_jsonld"",""product_detail_dom""]","{""title"":""observed"",""brand"":""observed"",""seller_name"":""observed"",""seller_score"":""unavailable"",""price"":""observed"",""original_price"":""unavailable"",""campaigns"":""observed"",""stock_status"":""observed"",""stock_signal"":""observed"",""rating"":""observed"",""rating_count"":""observed"",""review_count"":""unavailable"",""question_count"":""observed"",""delivery_summary"":""observed"",""shipping_cost"":""unavailable"",""properties"":""observed""}",true,
2026-08-26,2026-08-26T14:30:28+03:00,hobi,BEST_SELLER,hobi-malzemeleri,hobi malzemeleri,7,1,87,87,,hobi:hobi-malzemeleri,7,,77.2,40.3,1149158559,134783,1149158559:134783,"ZEYMERADE Kelebek Desenli Karışık Renk Gelin Nedime Yelpazesi, Bride Bekarlığ...",ZEYMERADE,,https://www.trendyol.com/zeymerade/kelebek-desenli-karisik-renk-gelin-nedime-yelpazesi-bride-bekarliga-veda-partisi-kina-hediye-1-adet-p-1149158559?merchantId=134783,ZEYMERADE,,74.99,,,,TRY,"[""Kargo Bedava""]",InStock,100 adetten fazla stok sunulmuştur,,,,,4.1,24,,,24,,"2,6B kişi favoriledi",Son 24 saatte 329 kişi görüntüledi,,,0,,,,9 saat 25 dakika içinde sipariş verirsen en geç yarın kargoda!,,,{},0,,refreshed,"[""daily_top""]",true,2026-08-26T14:30:28+03:00,0,"[""search_result_dom"",""product_detail_jsonld"",""product_detail_dom""]","{""title"":""observed"",""brand"":""observed"",""seller_name"":""observed"",""seller_score"":""unavailable"",""price"":""observed"",""original_price"":""unavailable"",""campaigns"":""observed"",""stock_status"":""observed"",""stock_signal"":""observed"",""rating"":""observed"",""rating_count"":""observed"",""review_count"":""unavailable"",""question_count"":""observed"",""delivery_summary"":""observed"",""shipping_cost"":""unavailable"",""properties"":""observed""}",true,
2026-08-26,2026-08-26T14:30:28+03:00,hobi,BEST_SELLER,hobi-malzemeleri,hobi malzemeleri,8,1,88,88,,hobi:hobi-malzemeleri,8,,74.7,40.3,962179861,134783,962179861:134783,"ZEYMERADE Beyaz Gold Simli Gelin Nedime Yelpazesi, Bride To Be Bekarlığa Veda...",ZEYMERADE,,https://www.trendyol.com/zeymerade/beyaz-gold-simli-gelin-nedime-yelpazesi-bride-to-be-bekarliga-veda-partisi-kina-hediyelik-1-adet-p-962179861?merchantId=134783,ZEYMERADE,,74.99,,,,TRY,"[""Kargo Bedava""]",InStock,100 adetten fazla stok sunulmuştur,,,,,4,21,,,3,,,,,,0,,,,9 saat 25 dakika içinde sipariş verirsen en geç yarın kargoda!,,,{},0,,refreshed,"[""daily_top""]",true,2026-08-26T14:30:28+03:00,0,"[""search_result_dom"",""product_detail_jsonld"",""product_detail_dom""]","{""title"":""observed"",""brand"":""observed"",""seller_name"":""observed"",""seller_score"":""unavailable"",""price"":""observed"",""original_price"":""unavailable"",""campaigns"":""observed"",""stock_status"":""observed"",""stock_signal"":""observed"",""rating"":""observed"",""rating_count"":""observed"",""review_count"":""unavailable"",""question_count"":""observed"",""delivery_summary"":""observed"",""shipping_cost"":""unavailable"",""properties"":""observed""}",true,
2026-08-26,2026-08-26T14:30:28+03:00,hobi,BEST_SELLER,hobi-malzemeleri,hobi malzemeleri,9,1,89,89,,hobi:hobi-malzemeleri,9,,62,,893347921,134783,893347921:134783,"ZEYMERADE Bambu Çiçek Desenli Gelin Nedime Yelpazesi, Bride Bekarlığa Veda Pa...",ZEYMERADE,,https://www.trendyol.com/zeymerade/bambu-cicek-desenli-gelin-nedime-yelpazesi-bride-bekarliga-veda-partisi-kina-hediyelik-1-adet-p-893347921?merchantId=134783,,,74.99,,,,TRY,[],InStock,,,,,,,,,,,,,,,,0,,,,,,,{},0,,refreshed,"[""daily_top""]",true,2026-08-26T14:30:28+03:00,0,"[""search_result_dom"",""product_detail_jsonld"",""product_detail_dom""]","{""title"":""observed"",""brand"":""observed"",""seller_name"":""unavailable"",""seller_score"":""unavailable"",""price"":""observed"",""original_price"":""unavailable"",""campaigns"":""unavailable"",""stock_status"":""observed"",""stock_signal"":""unavailable"",""rating"":""unavailable"",""rating_count"":""unavailable"",""review_count"":""unavailable"",""question_count"":""unavailable"",""delivery_summary"":""unavailable"",""shipping_cost"":""unavailable"",""properties"":""observed""}",true,
2026-08-26,2026-08-26T14:30:28+03:00,hobi,BEST_SELLER,hobi-malzemeleri,hobi malzemeleri,10,1,90,90,,hobi:hobi-malzemeleri,10,60,77.7,32.3,941954578,134783,941954578:134783,"ZEYMERADE Beyaz Gümüş Simli Gelin Nedime Yelpazesi, Bride To Be Bekarlığa Ved...",ZEYMERADE,,https://www.trendyol.com/zeymerade/beyaz-gumus-simli-gelin-nedime-yelpazesi-bride-to-be-bekarliga-veda-partisi-kina-hediyelik-1-adet-p-941954578?merchantId=134783,ZEYMERADE,,74.99,,,0,TRY,"[""Kargo Bedava""]",InStock,100 adetten fazla stok sunulmuştur,,,,,4.5,161,,0,20,,,,,,0,,,,9 saat 25 dakika içinde sipariş verirsen en geç yarın kargoda!,,,{},0,,refreshed,"[""daily_top"",""hot_change""]",true,2026-08-26T14:30:28+03:00,0,"[""search_result_dom"",""product_detail_jsonld"",""product_detail_dom""]","{""title"":""observed"",""brand"":""observed"",""seller_name"":""observed"",""seller_score"":""unavailable"",""price"":""observed"",""original_price"":""unavailable"",""campaigns"":""observed"",""stock_status"":""observed"",""stock_signal"":""observed"",""rating"":""observed"",""rating_count"":""observed"",""review_count"":""unavailable"",""question_count"":""observed"",""delivery_summary"":""observed"",""shipping_cost"":""unavailable"",""properties"":""observed""}",true,
2026-08-26,2026-08-26T14:30:28+03:00,hobi,BEST_SELLER,hobi-malzemeleri,hobi malzemeleri,11,1,91,91,,hobi:hobi-malzemeleri,11,,64.2,43.3,1148623766,134783,1148623766:134783,"ZEYMERADE Beyaz Gelin Nedime Yelpazesi, Bride Bekarlığa Veda Partisi Kına Düğ...",ZEYMERADE,,https://www.trendyol.com/zeymerade/beyaz-gelin-nedime-yelpazesi-bride-bekarliga-veda-partisi-kina-dugun-nikah-nisan-hediye-6-adet-p-1148623766?merchantId=134783,ZEYMERADE,,339.9,,,,TRY,"[""Kargo Bedava""]",InStock,100 adetten fazla stok sunulmuştur,,,,,4.2,5,,,4,,,,,,0,,,,Tahmini Teslim:,,,{},0,,refreshed,"[""daily_top""]",true,2026-08-26T14:30:28+03:00,0,"[""search_result_dom"",""product_detail_jsonld"",""product_detail_dom""]","{""title"":""observed"",""brand"":""observed"",""seller_name"":""observed"",""seller_score"":""unavailable"",""price"":""observed"",""original_price"":""unavailable"",""campaigns"":""observed"",""stock_status"":""observed"",""stock_signal"":""observed"",""rating"":""observed"",""rating_count"":""observed"",""review_count"":""unavailable"",""question_count"":""observed"",""delivery_summary"":""observed"",""shipping_cost"":""unavailable"",""properties"":""observed""}",true,
2026-08-26,2026-08-26T14:30:28+03:00,hobi,BEST_SELLER,hobi-malzemeleri,hobi malzemeleri,12,1,92,92,,hobi:hobi-malzemeleri,12,,56,,1148729376,134783,1148729376:134783,"ZEYMERADE Beyaz Gelin Nedime Yelpazesi, Bride Bekarlığa Veda Partisi Kına Düğ...",ZEYMERADE,,https://www.trendyol.com/zeymerade/beyaz-gelin-nedime-yelpazesi-bride-bekarliga-veda-partisi-kina-dugun-nikah-nisan-hediye-1-adet-p-1148729376?merchantId=134783,ZEYMERADE,,74.99,,,,TRY,[],InStock,100 adetten fazla stok sunulmuştur,,,,,,,,,,,,,,,0,,,,,,,{},0,,refreshed,"[""daily_top""]",true,2026-08-26T14:30:28+03:00,0,"[""search_result_dom"",""product_detail_jsonld"",""product_detail_dom""]","{""title"":""observed"",""brand"":""observed"",""seller_name"":""observed"",""seller_score"":""unavailable"",""price"":""observed"",""original_price"":""unavailable"",""campaigns"":""unavailable"",""stock_status"":""observed"",""stock_signal"":""observed"",""rating"":""unavailable"",""rating_count"":""unavailable"",""review_count"":""unavailable"",""question_count"":""unavailable"",""delivery_summary"":""unavailable"",""shipping_cost"":""unavailable"",""properties"":""observed""}",true,
2026-08-26,2026-08-26T14:30:28+03:00,hobi,BEST_SELLER,hobi-malzemeleri,hobi malzemeleri,13,1,93,93,,hobi:hobi-malzemeleri,13,,54,,893319748,134783,893319748:134783,"ZEYMERADE Bambu Oymalı Gelin Nedime Yelpazesi, Bride To Be Bekarlığa Veda Par...",ZEYMERADE,,https://www.trendyol.com/zeymerade/bambu-oymali-gelin-nedime-yelpazesi-bride-to-be-bekarliga-veda-partisi-kina-hediye-yelpaze-6-adet-p-893319748?merchantId=134783,,,339.9,,,,TRY,[],InStock,,,,,,,,,,,,,,,,0,,,,,,,{},0,,refreshed,"[""daily_top""]",true,2026-08-26T14:30:28+03:00,0,"[""search_result_dom"",""product_detail_jsonld"",""product_detail_dom""]","{""title"":""observed"",""brand"":""observed"",""seller_name"":""unavailable"",""seller_score"":""unavailable"",""price"":""observed"",""original_price"":""unavailable"",""campaigns"":""unavailable"",""stock_status"":""observed"",""stock_signal"":""unavailable"",""rating"":""unavailable"",""rating_count"":""unavailable"",""review_count"":""unavailable"",""question_count"":""unavailable"",""delivery_summary"":""unavailable"",""shipping_cost"":""unavailable"",""properties"":""observed""}",true,
2026-08-26,2026-08-26T14:30:28+03:00,hobi,BEST_SELLER,hobi-malzemeleri,hobi malzemeleri,14,1,94,94,,hobi:hobi-malzemeleri,14,,52,,902060395,134783,902060395:134783,"ZEYMERADE Siyah Karışık Renk Gelin Nedime Yelpazesi, Bride Bekarlığa Veda Par...",ZEYMERADE,,https://www.trendyol.com/zeymerade/siyah-karisik-renk-gelin-nedime-yelpazesi-bride-bekarliga-veda-partisi-kina-hediyelik-1-adet-p-902060395?merchantId=134783,,,71.9,,,,TRY,[],InStock,,,,,,,,,,,,,,,,0,,,,,,,{},0,,refreshed,"[""daily_top""]",true,2026-08-26T14:30:28+03:00,0,"[""search_result_dom"",""product_detail_jsonld"",""product_detail_dom""]","{""title"":""observed"",""brand"":""observed"",""seller_name"":""unavailable"",""seller_score"":""unavailable"",""price"":""observed"",""original_price"":""unavailable"",""campaigns"":""unavailable"",""stock_status"":""observed"",""stock_signal"":""unavailable"",""rating"":""unavailable"",""rating_count"":""unavailable"",""review_count"":""unavailable"",""question_count"":""unavailable"",""delivery_summary"":""unavailable"",""shipping_cost"":""unavailable"",""properties"":""observed""}",true,
2026-08-26,2026-08-26T14:30:28+03:00,hobi,BEST_SELLER,hobi-malzemeleri,hobi malzemeleri,15,1,95,95,,hobi:hobi-malzemeleri,15,,50,,893349236,134783,893349236:134783,"ZEYMERADE Ahşap Karışık Renk Ve Desen Gelin Nedime Yelpazesi, Bride Bekarlığa...",ZEYMERADE,,https://www.trendyol.com/zeymerade/ahsap-karisik-renk-ve-desen-gelin-nedime-yelpazesi-bride-bekarliga-veda-partisi-kina-hediye-1-adet-p-893349236?merchantId=134783,,,74.9,,,,TRY,[],InStock,,,,,,,,,,,,,,,,0,,,,,,,{},0,,refreshed,"[""daily_top""]",true,2026-08-26T14:30:28+03:00,0,"[""search_result_dom"",""product_detail_jsonld"",""product_detail_dom""]","{""title"":""observed"",""brand"":""observed"",""seller_name"":""unavailable"",""seller_score"":""unavailable"",""price"":""observed"",""original_price"":""unavailable"",""campaigns"":""unavailable"",""stock_status"":""observed"",""stock_signal"":""unavailable"",""rating"":""unavailable"",""rating_count"":""unavailable"",""review_count"":""unavailable"",""question_count"":""unavailable"",""delivery_summary"":""unavailable"",""shipping_cost"":""unavailable"",""properties"":""observed""}",true,
2026-08-26,2026-08-26T14:30:28+03:00,hobi,BEST_SELLER,hobi-malzemeleri,hobi malzemeleri,16,1,96,96,,hobi:hobi-malzemeleri,16,,48,,1149160483,134783,1149160483:134783,"ZEYMERADE Gümüş Işıl Işıl Full Simli Gelin Nedime Yelpazesi, Bride Parti Kına...",ZEYMERADE,,https://www.trendyol.com/zeymerade/gumus-isil-isil-full-simli-gelin-nedime-yelpazesi-bride-parti-kina-dugun-nikah-nisan-hediye-1-adet-p-1149160483?merchantId=134783,,,124.9,,,,TRY,[],InStock,Son 2 Ürün,,,,,,,,,,,,,,,0,,,,,,,{},0,,refreshed,"[""daily_top""]",true,2026-08-26T14:30:28+03:00,0,"[""search_result_dom"",""product_detail_jsonld"",""product_detail_dom""]","{""title"":""observed"",""brand"":""observed"",""seller_name"":""unavailable"",""seller_score"":""unavailable"",""price"":""observed"",""original_price"":""unavailable"",""campaigns"":""unavailable"",""stock_status"":""observed"",""stock_signal"":""observed"",""rating"":""unavailable"",""rating_count"":""unavailable"",""review_count"":""unavailable"",""question_count"":""unavailable"",""delivery_summary"":""unavailable"",""shipping_cost"":""unavailable"",""properties"":""observed""}",true,
2026-08-26,2026-08-26T14:30:28+03:00,hobi,BEST_SELLER,hobi-malzemeleri,hobi malzemeleri,17,1,97,97,,hobi:hobi-malzemeleri,17,,46,,1152876856,134783,1152876856:134783,"ZEYMERADE Şeker Pembe Gelin Nedime Yelpazesi, Bride Bekarlığa Veda Partisi Kı...",ZEYMERADE,,https://www.trendyol.com/zeymerade/seker-pembe-gelin-nedime-yelpazesi-bride-bekarliga-veda-partisi-kina-dugun-nikah-nisan-hediye-1-adet-p-1152876856?merchantId=134783,,,74.99,,,,TRY,[],InStock,,,,,,,,,,,,,,,,0,,,,,,,{},0,,refreshed,"[""daily_top""]",true,2026-08-26T14:30:28+03:00,0,"[""search_result_dom"",""product_detail_jsonld"",""product_detail_dom""]","{""title"":""observed"",""brand"":""observed"",""seller_name"":""unavailable"",""seller_score"":""unavailable"",""price"":""observed"",""original_price"":""unavailable"",""campaigns"":""unavailable"",""stock_status"":""observed"",""stock_signal"":""unavailable"",""rating"":""unavailable"",""rating_count"":""unavailable"",""review_count"":""unavailable"",""question_count"":""unavailable"",""delivery_summary"":""unavailable"",""shipping_cost"":""unavailable"",""properties"":""observed""}",true,
2026-08-26,2026-08-26T14:30:28+03:00,hobi,BEST_SELLER,hobi-malzemeleri,hobi malzemeleri,18,1,98,98,,hobi:hobi-malzemeleri,18,,44,,1149176618,134783,1149176618:134783,"ZEYMERADE Siyah Dantelli Gelin Nedime Yelpazesi, Bride Bekarlığa Veda Partisi...",ZEYMERADE,,https://www.trendyol.com/zeymerade/siyah-dantelli-gelin-nedime-yelpazesi-bride-bekarliga-veda-partisi-kina-hediyelik-1-adet-p-1149176618?merchantId=134783,,,199.9,,,,TRY,[],InStock,,,,,,,,,,,,,,,,0,,,,,,,{},0,,refreshed,"[""daily_top""]",true,2026-08-26T14:30:28+03:00,0,"[""search_result_dom"",""product_detail_jsonld"",""product_detail_dom""]","{""title"":""observed"",""brand"":""observed"",""seller_name"":""unavailable"",""seller_score"":""unavailable"",""price"":""observed"",""original_price"":""unavailable"",""campaigns"":""unavailable"",""stock_status"":""observed"",""stock_signal"":""unavailable"",""rating"":""unavailable"",""rating_count"":""unavailable"",""review_count"":""unavailable"",""question_count"":""unavailable"",""delivery_summary"":""unavailable"",""shipping_cost"":""unavailable"",""properties"":""observed""}",true,
2026-08-26,2026-08-26T14:30:28+03:00,hobi,BEST_SELLER,hobi-malzemeleri,hobi malzemeleri,19,1,99,99,,hobi:hobi-malzemeleri,19,,42,,893319822,134783,893319822:134783,"ZEYMERADE Ahşap Karışık Renk Gelin Nedime Yelpazesi, Bride Bekarlığa Veda Par...",ZEYMERADE,,https://www.trendyol.com/zeymerade/ahsap-karisik-renk-gelin-nedime-yelpazesi-bride-bekarliga-veda-partisi-kina-hediyelik-6-adet-p-893319822?merchantId=134783,,,339.9,,,,TRY,[],InStock,,,,,,,,,,,,,,,,0,,,,,,,{},0,,refreshed,"[""daily_top""]",true,2026-08-26T14:30:28+03:00,0,"[""search_result_dom"",""product_detail_jsonld"",""product_detail_dom""]","{""title"":""observed"",""brand"":""observed"",""seller_name"":""unavailable"",""seller_score"":""unavailable"",""price"":""observed"",""original_price"":""unavailable"",""campaigns"":""unavailable"",""stock_status"":""observed"",""stock_signal"":""unavailable"",""rating"":""unavailable"",""rating_count"":""unavailable"",""review_count"":""unavailable"",""question_count"":""unavailable"",""delivery_summary"":""unavailable"",""shipping_cost"":""unavailable"",""properties"":""observed""}",true,
2026-08-26,2026-08-26T14:30:28+03:00,hobi,BEST_SELLER,hobi-malzemeleri,hobi malzemeleri,20,1,100,100,,hobi:hobi-malzemeleri,20,,45.6,39.4,962180076,134783,962180076:134783,"ZEYMERADE Beyaz Gold Simli Gelin Nedime Yelpazesi, Bride To Be Bekarlığa Veda...",ZEYMERADE,,https://www.trendyol.com/zeymerade/beyaz-gold-simli-gelin-nedime-yelpazesi-bride-to-be-bekarliga-veda-partisi-kina-hediyelik-6-adet-p-962180076?merchantId=134783,ZEYMERADE,,359.9,,,,TRY,"[""Kargo Bedava""]",InStock,100 adetten fazla stok sunulmuştur,,,,,5,4,,,,,,,,,0,,,,Tahmini Teslim:,,,{},0,,refreshed,"[""daily_top""]",true,2026-08-26T14:30:28+03:00,0,"[""search_result_dom"",""product_detail_jsonld"",""product_detail_dom""]","{""title"":""observed"",""brand"":""observed"",""seller_name"":""observed"",""seller_score"":""unavailable"",""price"":""observed"",""original_price"":""unavailable"",""campaigns"":""observed"",""stock_status"":""observed"",""stock_signal"":""observed"",""rating"":""observed"",""rating_count"":""observed"",""review_count"":""unavailable"",""question_count"":""unavailable"",""delivery_summary"":""observed"",""shipping_cost"":""unavailable"",""properties"":""observed""}",true,
2026-08-26,2026-08-26T14:30:28+03:00,hobi,BEST_SELLER,hobi-malzemeleri,hobi malzemeleri,21,1,101,101,,hobi:hobi-malzemeleri,21,,45.6,36.9,1152876851,134783,1152876851:134783,"ZEYMERADE Karışık Renkli Gelin Nedime Yelpazesi, Bride Bekarlığa Veda Partisi...",ZEYMERADE,,https://www.trendyol.com/zeymerade/karisik-renkli-gelin-nedime-yelpazesi-bride-bekarliga-veda-partisi-kina-dugun-nikah-nisan-hediye-1-adet-p-1152876851?merchantId=134783,ZEYMERADE,,74.99,,,,TRY,"[""Kargo Bedava""]",InStock,10 adetten fazla stok sunulmuştur,,,,,2.8,8,,,25,,,,,,0,,,,9 saat 25 dakika içinde sipariş verirsen en geç yarın kargoda!,,,{},0,,refreshed,"[""daily_top""]",true,2026-08-26T14:30:28+03:00,0,"[""search_result_dom"",""product_detail_jsonld"",""product_detail_dom""]","{""title"":""observed"",""brand"":""observed"",""seller_name"":""observed"",""seller_score"":""unavailable"",""price"":""observed"",""original_price"":""unavailable"",""campaigns"":""observed"",""stock_status"":""observed"",""stock_signal"":""observed"",""rating"":""observed"",""rating_count"":""observed"",""review_count"":""unavailable"",""question_count"":""observed"",""delivery_summary"":""observed"",""shipping_cost"":""unavailable"",""properties"":""observed""}",true,
2026-08-26,2026-08-26T14:30:28+03:00,hobi,BEST_SELLER,hobi-malzemeleri,hobi malzemeleri,22,1,102,102,,hobi:hobi-malzemeleri,22,,39.8,40.2,1152877231,134783,1152877231:134783,"ZEYMERADE Şeker Pembe Gelin Nedime Yelpazesi, Bride Bekarlığa Veda Partisi Kı...",ZEYMERADE,,https://www.trendyol.com/zeymerade/seker-pembe-gelin-nedime-yelpazesi-bride-bekarliga-veda-partisi-kina-dugun-nikah-nisan-hediye-6-adet-p-1152877231?merchantId=134783,ZEYMERADE,,339.9,,,,TRY,"[""Kargo Bedava""]",InStock,50 adetten fazla stok sunulmuştur,,,,,4,2,,,1,,,,,,0,,,,Tahmini Teslim:,,,{},0,,refreshed,"[""daily_top""]",true,2026-08-26T14:30:28+03:00,0,"[""search_result_dom"",""product_detail_jsonld"",""product_detail_dom""]","{""title"":""observed"",""brand"":""observed"",""seller_name"":""observed"",""seller_score"":""unavailable"",""price"":""observed"",""original_price"":""unavailable"",""campaigns"":""observed"",""stock_status"":""observed"",""stock_signal"":""observed"",""rating"":""observed"",""rating_count"":""observed"",""review_count"":""unavailable"",""question_count"":""observed"",""delivery_summary"":""observed"",""shipping_cost"":""unavailable"",""properties"":""observed""}",true,
2026-08-26,2026-08-26T14:30:28+03:00,hobi,BEST_SELLER,hobi-malzemeleri,hobi malzemeleri,23,1,103,103,,hobi:hobi-malzemeleri,23,,42.6,34.9,893331560,134783,893331560:134783,"ZEYMERADE Beyaz Gümüş Simli Gelin Nedime Yelpazesi, Bride To Be Bekarlığa Ved...",ZEYMERADE,,https://www.trendyol.com/zeymerade/beyaz-gumus-simli-gelin-nedime-yelpazesi-bride-to-be-bekarliga-veda-partisi-kina-hediyelik-6-adet-p-893331560?merchantId=134783,ZEYMERADE,,359.9,,,,TRY,"[""Kargo Bedava""]",InStock,100 adetten fazla stok sunulmuştur,,,,,4.5,11,,,3,,,,,,0,,,,Tahmini Teslim:,,,{},0,,refreshed,"[""daily_top""]",true,2026-08-26T14:30:28+03:00,0,"[""search_result_dom"",""product_detail_jsonld"",""product_detail_dom""]","{""title"":""observed"",""brand"":""observed"",""seller_name"":""observed"",""seller_score"":""unavailable"",""price"":""observed"",""original_price"":""unavailable"",""campaigns"":""observed"",""stock_status"":""observed"",""stock_signal"":""observed"",""rating"":""observed"",""rating_count"":""observed"",""review_count"":""unavailable"",""question_count"":""observed"",""delivery_summary"":""observed"",""shipping_cost"":""unavailable"",""properties"":""observed""}",true,
2026-08-26,2026-08-26T14:30:28+03:00,hobi,BEST_SELLER,hobi-malzemeleri,hobi malzemeleri,24,1,104,104,,hobi:hobi-malzemeleri,24,,44,31,893319835,134783,893319835:134783,"ZEYMERADE Bambu Çiçek Desenli Gelin Nedime Yelpazesi, Bride Bekarlığa Veda Pa...",ZEYMERADE,,https://www.trendyol.com/zeymerade/bambu-cicek-desenli-gelin-nedime-yelpazesi-bride-bekarliga-veda-partisi-kina-hediyelik-6-adet-p-893319835?merchantId=134783,ZEYMERADE,,339.9,,,,TRY,[],InStock,100 adetten fazla stok sunulmuştur,,,,,4,31,,,6,,,,,,0,,,,Tahmini Teslim:,,,{},0,,refreshed,"[""daily_top""]",true,2026-08-26T14:30:28+03:00,0,"[""search_result_dom"",""product_detail_jsonld"",""product_detail_dom""]","{""title"":""observed"",""brand"":""observed"",""seller_name"":""observed"",""seller_score"":""unavailable"",""price"":""observed"",""original_price"":""unavailable"",""campaigns"":""unavailable"",""stock_status"":""observed"",""stock_signal"":""observed"",""rating"":""observed"",""rating_count"":""observed"",""review_count"":""unavailable"",""question_count"":""observed"",""delivery_summary"":""observed"",""shipping_cost"":""unavailable"",""properties"":""observed""}",true,
2026-08-26,2026-08-26T14:30:28+03:00,hobi,BEST_SELLER,hobi-malzemeleri,hobi malzemeleri,25,1,105,105,,hobi:hobi-malzemeleri,25,,39.8,32.7,893331337,134783,893331337:134783,"ZEYMERADE Siyah Karışık Renk Gelin Nedime Yelpazesi, Bride Bekarlığa Veda Par...",ZEYMERADE,,https://www.trendyol.com/zeymerade/siyah-karisik-renk-gelin-nedime-yelpazesi-bride-bekarliga-veda-partisi-kina-hediyelik-6-adet-p-893331337?merchantId=134783,ZEYMERADE,,319.9,,,,TRY,"[""Kargo Bedava""]",InStock,50 adetten fazla stok sunulmuştur,,,,,4.3,16,,,6,,342 kişi favoriledi,,,,0,,,,Tahmini Teslim:,,,{},0,,refreshed,"[""daily_top""]",true,2026-08-26T14:30:28+03:00,0,"[""search_result_dom"",""product_detail_jsonld"",""product_detail_dom""]","{""title"":""observed"",""brand"":""observed"",""seller_name"":""observed"",""seller_score"":""unavailable"",""price"":""observed"",""original_price"":""unavailable"",""campaigns"":""observed"",""stock_status"":""observed"",""stock_signal"":""observed"",""rating"":""observed"",""rating_count"":""observed"",""review_count"":""unavailable"",""question_count"":""observed"",""delivery_summary"":""observed"",""shipping_cost"":""unavailable"",""properties"":""observed""}",true,
2026-08-26,2026-08-26T14:30:28+03:00,hobi,BEST_SELLER,hobi-malzemeleri,hobi malzemeleri,26,1,106,106,,hobi:hobi-malzemeleri,26,,32.8,37.2,1149176608,134783,1149176608:134783,"ZEYMERADE Karışık Renkli Dantelli Gelin Nedime Yelpazesi, Bride Bekarlığa Ved...",ZEYMERADE,,https://www.trendyol.com/zeymerade/karisik-renkli-dantelli-gelin-nedime-yelpazesi-bride-bekarliga-veda-partisi-kina-hediyelik-1-adet-p-1149176608?merchantId=134783,ZEYMERADE,,124.9,,,,TRY,"[""Kargo Bedava""]",InStock,10 adetten fazla stok sunulmuştur,,,,,2.3,3,,,19,,,,,,0,,,,9 saat 25 dakika içinde sipariş verirsen en geç yarın kargoda!,,,{},0,,refreshed,"[""daily_top""]",true,2026-08-26T14:30:28+03:00,0,"[""search_result_dom"",""product_detail_jsonld"",""product_detail_dom""]","{""title"":""observed"",""brand"":""observed"",""seller_name"":""observed"",""seller_score"":""unavailable"",""price"":""observed"",""original_price"":""unavailable"",""campaigns"":""observed"",""stock_status"":""observed"",""stock_signal"":""observed"",""rating"":""observed"",""rating_count"":""observed"",""review_count"":""unavailable"",""question_count"":""observed"",""delivery_summary"":""observed"",""shipping_cost"":""unavailable"",""properties"":""observed""}",true,
2026-08-26,2026-08-26T14:30:28+03:00,hobi,BEST_SELLER,hobi-malzemeleri,hobi malzemeleri,27,1,107,107,,hobi:hobi-malzemeleri,27,,33.2,34.3,893319741,134783,893319741:134783,"ZEYMERADE Simli Karışık Renk Gelin Nedime Yelpazesi, Bride To Be Bekarlığa Ve...",ZEYMERADE,,https://www.trendyol.com/zeymerade/simli-karisik-renk-gelin-nedime-yelpazesi-bride-to-be-bekarliga-veda-partisi-kina-hediyelik-6-adet-p-893319741?merchantId=134783,ZEYMERADE,,359.9,,,,TRY,"[""Kargo Bedava""]",InStock,100 adetten fazla stok sunulmuştur,,,,,4.3,7,,,2,,,,,,0,,,,Tahmini Teslim:,,,{},0,,refreshed,"[""daily_top""]",true,2026-08-26T14:30:28+03:00,0,"[""search_result_dom"",""product_detail_jsonld"",""product_detail_dom""]","{""title"":""observed"",""brand"":""observed"",""seller_name"":""observed"",""seller_score"":""unavailable"",""price"":""observed"",""original_price"":""unavailable"",""campaigns"":""observed"",""stock_status"":""observed"",""stock_signal"":""observed"",""rating"":""observed"",""rating_count"":""observed"",""review_count"":""unavailable"",""question_count"":""observed"",""delivery_summary"":""observed"",""shipping_cost"":""unavailable"",""properties"":""observed""}",true,
2026-08-26,2026-08-26T14:30:28+03:00,hobi,BEST_SELLER,hobi-malzemeleri,hobi malzemeleri,28,1,108,108,,hobi:hobi-malzemeleri,28,,24,,979271200,134783,979271200:134783,"ZEYMERADE Çini Desenli Karışık Renk Gelin Nedime Yelpazesi, Bride Bekarlığa V...",ZEYMERADE,,https://www.trendyol.com/zeymerade/cini-desenli-karisik-renk-gelin-nedime-yelpazesi-bride-bekarliga-veda-partisi-kina-hediye-6-adet-p-979271200?merchantId=134783,ZEYMERADE,,359.9,,,,TRY,"[""Kargo Bedava""]",InStock,10 adetten fazla stok sunulmuştur,,,,,,,,,,,,,,,0,,,,Tahmini Teslim:,,,{},0,,refreshed,"[""daily_top""]",true,2026-08-26T14:30:28+03:00,0,"[""search_result_dom"",""product_detail_jsonld"",""product_detail_dom""]","{""title"":""observed"",""brand"":""observed"",""seller_name"":""observed"",""seller_score"":""unavailable"",""price"":""observed"",""original_price"":""unavailable"",""campaigns"":""observed"",""stock_status"":""observed"",""stock_signal"":""observed"",""rating"":""unavailable"",""rating_count"":""unavailable"",""review_count"":""unavailable"",""question_count"":""unavailable"",""delivery_summary"":""observed"",""shipping_cost"":""unavailable"",""properties"":""observed""}",true,
2026-08-26,2026-08-26T14:30:28+03:00,hobi,BEST_SELLER,hobi-malzemeleri,hobi malzemeleri,29,1,109,109,,hobi:hobi-malzemeleri,29,,30.9,31.6,1149158416,134783,1149158416:134783,"ZEYMERADE Karışık Renk Gelin Nedime Yelpazesi, Çiçek Ve Kelebek Desenli, Brid...",ZEYMERADE,,https://www.trendyol.com/zeymerade/karisik-renk-gelin-nedime-yelpazesi-cicek-ve-kelebek-desenli-bride-bekarliga-veda-partisi-kina-hediye-6-adet-p-1149158416?merchantId=134783,ZEYMERADE,,339.9,,,,TRY,"[""Kargo Bedava""]",InStock,100 adetten fazla stok sunulmuştur,,,,,4.6,12,,,2,,499 kişi favoriledi,,,,0,,,,Tahmini Teslim:,,,{},0,,refreshed,"[""daily_top""]",true,2026-08-26T14:30:28+03:00,0,"[""search_result_dom"",""product_detail_jsonld"",""product_detail_dom""]","{""title"":""observed"",""brand"":""observed"",""seller_name"":""observed"",""seller_score"":""unavailable"",""price"":""observed"",""original_price"":""unavailable"",""campaigns"":""observed"",""stock_status"":""observed"",""stock_signal"":""observed"",""rating"":""observed"",""rating_count"":""observed"",""review_count"":""unavailable"",""question_count"":""observed"",""delivery_summary"":""observed"",""shipping_cost"":""unavailable"",""properties"":""observed""}",true,
2026-08-26,2026-08-26T14:30:28+03:00,hobi,BEST_SELLER,hobi-malzemeleri,hobi malzemeleri,30,1,110,110,,hobi:hobi-malzemeleri,30,,30.9,29.1,941954603,134783,941954603:134783,"ZEYMERADE Dantelli Karışık Renk Gelin Nedime Yelpazesi, Bride Bekarlığa Veda ...",ZEYMERADE,,https://www.trendyol.com/zeymerade/dantelli-karisik-renk-gelin-nedime-yelpazesi-bride-bekarliga-veda-partisi-kina-hediyelik-1-adet-p-941954603?merchantId=134783,ZEYMERADE,,74.99,,,,TRY,"[""Kargo Bedava""]",InStock,50 adetten fazla stok sunulmuştur,,,,,4.1,22,,,18,,357 kişi favoriledi,,,,0,,,,9 saat 25 dakika içinde sipariş verirsen en geç yarın kargoda!,,,{},0,,refreshed,"[""daily_top""]",true,2026-08-26T14:30:28+03:00,0,"[""search_result_dom"",""product_detail_jsonld"",""product_detail_dom""]","{""title"":""observed"",""brand"":""observed"",""seller_name"":""observed"",""seller_score"":""unavailable"",""price"":""observed"",""original_price"":""unavailable"",""campaigns"":""observed"",""stock_status"":""observed"",""stock_signal"":""observed"",""rating"":""observed"",""rating_count"":""observed"",""review_count"":""unavailable"",""question_count"":""observed"",""delivery_summary"":""observed"",""shipping_cost"":""unavailable"",""properties"":""observed""}",true,
2026-08-26,2026-08-26T14:30:28+03:00,hobi,BEST_SELLER,hobi-malzemeleri,hobi malzemeleri,31,1,111,111,,hobi:hobi-malzemeleri,31,-24,33.8,23.7,857296077,,857296077:unknown,Apple Yenilenmiş IPHONE 16 PRO MAX 256GB -B Kalite- Siyah Titanyum,Apple,Yenilenmiş Cep Telefonu,https://www.trendyol.com/apple/iphone-16-pro-max-256gb-siyah-titanyum-p-857296077,Getmobil,79,92999,,,0,TRY,"[""Kargo Bedava"",""Peşin Fiyatına 9 Taksit""]",InStock,Son 2 Ürün,,,,,4.6,152,94,0,99,,"12,1B kişi favoriledi",,4999,TRY,0,2,1,6,Tahmini Teslim:,,https://cdn.dsmcdn.com/ty1804/prod/QC_PREP/20251225/16/8a9805f3-24d0-36d6-9b4a-b0a6654067ca/1_org_zoom.jpg,"{""Pil Gücü (mAh)"":""2800 ve üstü"",""Dahili Hafıza"":""256 GB"",""Ana Kamera Çözünürlük Aralığı"":""10 - 15 MP"",""Kozmetik Durum"":""B seviye-Çok İyi"",""Renk"":""Siyah"",""Garanti Tipi"":""Yenilenmiş Ürün (12 Ay Garanti)"",""Ekran Boyutu"":""6,7 inç"",""Kamera Çözünürlüğü"":""12 MP"",""RAM Kapasitesi"":""8 GB"",""Garanti Süresi"":""1 Yıl"",""Batarya Kapasitesi Aralığı"":""3500-4000 mAh"",""Menşei"":""TR"",""Tamir Edilebilirlik"":""Tamir Edilebilir, Satıcı ile İletişime Geçiniz."",""Cep Telefonu Modeli"":""iPhone 16 Pro Max""}",20,5,refreshed,"[""daily_top"",""hot_change""]",true,2026-08-26T14:30:28+03:00,0,"[""search_result_dom"",""product_detail_jsonld"",""product_detail_dom""]","{""title"":""observed"",""brand"":""observed"",""seller_name"":""observed"",""seller_score"":""observed"",""price"":""observed"",""original_price"":""unavailable"",""campaigns"":""observed"",""stock_status"":""observed"",""stock_signal"":""observed"",""rating"":""observed"",""rating_count"":""observed"",""review_count"":""observed"",""question_count"":""observed"",""delivery_summary"":""observed"",""shipping_cost"":""observed"",""properties"":""observed""}",true,
2026-08-26,2026-08-26T14:30:28+03:00,hobi,BEST_SELLER,hobi-malzemeleri,hobi malzemeleri,32,3,112,112,3,hobi:hobi-malzemeleri,32,-14,33,22,799882457,134783,799882457:134783,"ZEYMERADE Kırmızı Gül Kurusu Yaprağı, Romantik Dekor Hediye Süs Düğün Kına Söz Nişan Parti Süsleme Gülü 100 Gr",ZEYMERADE,,https://www.trendyol.com/zeymerade/kirmizi-gul-kurusu-yapragi-romantik-dekor-hediye-sus-dugun-kina-soz-nisan-parti-susleme-gulu-100-gr-p-799882457?boutiqueId=61&merchantId=134783,ZEYMERADE,,67.9,,,0,TRY,"[""Kargo Bedava""]",InStock,100 adetten fazla stok sunulmuştur,,,,,4.4,134,,0,12,460 kişinin sepetinde,"6,1B kişi favoriledi",,,,0,,,,9 saat 25 dakika içinde sipariş verirsen en geç yarın kargoda!,En Çok Satan 3. Ürün,,{},0,,refreshed,"[""daily_top""]",true,2026-08-26T14:30:28+03:00,0,"[""search_result_dom"",""product_detail_jsonld"",""product_detail_dom""]","{""title"":""observed"",""brand"":""observed"",""seller_name"":""observed"",""seller_score"":""unavailable"",""price"":""observed"",""original_price"":""unavailable"",""campaigns"":""observed"",""stock_status"":""observed"",""stock_signal"":""observed"",""rating"":""observed"",""rating_count"":""observed"",""review_count"":""unavailable"",""question_count"":""observed"",""delivery_summary"":""observed"",""shipping_cost"":""unavailable"",""properties"":""observed""}",true,
2026-08-26,2026-08-26T14:30:28+03:00,hobi,BEST_SELLER,hobi-malzemeleri,hobi malzemeleri,33,3,113,113,4,hobi:hobi-malzemeleri,33,-23,34.6,17.9,318748884,887919,318748884:887919,"uğur bujiteri 1 Metre Kristal Tül, Bohça Ve Tepsi Süsleme Tülü, Kapı Tütü Tülü_beyazboy 1 Metre 1,5 Metre Karbeyaz",uğur bujiteri,,https://www.trendyol.com/ugur-bujiteri/1-metre-kristal-tul-bohca-ve-tepsi-susleme-tulu-kapi-tutu-tulu-beyazboy-1-metre-1-5-metre-karbeyaz-p-318748884?boutiqueId=61&merchantId=887919,ASTKAR,87,24.99,,,0,TRY,"[""Kargo Bedava"",""Trendyol Plus'a Özel""]",InStock,100 adetten fazla stok sunulmuştur,,,,,4.3,373,,0,503,,"8,5B kişi favoriledi",,,,0,,,,9 saat 25 dakika içinde sipariş verirsen en geç yarın kargoda!,En Çok Satan 4. Ürün,,{},0,,refreshed,"[""daily_top""]",true,2026-08-26T14:30:28+03:00,0,"[""search_result_dom"",""product_detail_jsonld"",""product_detail_dom""]","{""title"":""observed"",""brand"":""observed"",""seller_name"":""observed"",""seller_score"":""observed"",""price"":""observed"",""original_price"":""unavailable"",""campaigns"":""observed"",""stock_status"":""observed"",""stock_signal"":""observed"",""rating"":""observed"",""rating_count"":""observed"",""review_count"":""unavailable"",""question_count"":""observed"",""delivery_summary"":""observed"",""shipping_cost"":""unavailable"",""properties"":""observed""}",true,
2026-08-26,2026-08-26T14:30:28+03:00,hobi,BEST_SELLER,hobi-malzemeleri,hobi malzemeleri,34,3,114,114,,hobi:hobi-malzemeleri,34,-14,34.7,15.3,109817387,137544,109817387:137544,Kitchen Beauty 9 Parça Metal Pipet Seti Paslanmaz Çelik Pipet Ve Çubuk Pipet Temizleme Fırçası,Kitchen Beauty,Pipet,https://www.trendyol.com/kitchen-beauty/9-parca-metal-pipet-seti-paslanmaz-celik-pipet-ve-cubuk-pipet-temizleme-fircasi-p-109817387?boutiqueId=61&merchantId=137544,Eymen Ticaret,89,199.93,,,0,TRY,"[""Kargo Bedava""]",InStock,100 adetten fazla stok sunulmuştur,,,,,4.5,1313,684,-2,137,"1,1B kişinin sepetinde","29,3B kişi favoriledi",Son 24 saatte 524 kişi görüntüledi,4999,TRY,0,2,1,6,9 saat 25 dakika içinde sipariş verirsen en geç yarın kargoda!,En Çok Ziyaret Edilen 1. Ürün,https://cdn.dsmcdn.com/ty1429/product/media/images/prod/QC/20240719/19/8407a5d5-11d0-31b9-b408-691d5327f631/1_org_zoom.jpg,"{""Renk"":""Gümüş"",""Menşei"":""TR"",""Materyal"":""Krom""}",20,5,refreshed,"[""daily_top""]",true,2026-08-26T14:30:28+03:00,0,"[""search_result_dom"",""product_detail_jsonld"",""product_detail_dom""]","{""title"":""observed"",""brand"":""observed"",""seller_name"":""observed"",""seller_score"":""observed"",""price"":""observed"",""original_price"":""unavailable"",""campaigns"":""observed"",""stock_status"":""observed"",""stock_signal"":""observed"",""rating"":""observed"",""rating_count"":""observed"",""review_count"":""observed"",""question_count"":""observed"",""delivery_summary"":""observed"",""shipping_cost"":""observed"",""properties"":""observed""}",true,
2026-08-26,2026-08-26T14:30:28+03:00,hobi,BEST_SELLER,hobi-malzemeleri,hobi malzemeleri,35,3,115,115,,hobi:hobi-malzemeleri,35,3,26.8,20.7,137892903,691816,137892903:691816,Genel Markalar Plastik Sızdırmaz Kap 1000 Gr Cc Kullan At Tek Kullanımlık Plastik Kapaklı Kase 10 Adet,Genel Markalar,Plastik Tabak,https://www.trendyol.com/genel-markalar/plastik-sizdirmaz-kap-1000-gr-cc-kullan-at-tek-kullanimlik-plastik-kapakli-kase-10-adet-p-137892903?boutiqueId=61&merchantId=691816,UCR HOME,9,45.4,,,-7.3,TRY,"[""Kargo Bedava"",""Son 10 Günün En Düşük Fiyatı""]",InStock,100 adetten fazla stok sunulmuştur,,,,,4.3,232,125,0,26,,"5,2B kişi favoriledi",,4999,TRY,0,1,1,4,9 saat 24 dakika içinde sipariş verirsen en geç yarın kargoda!,,https://cdn.dsmcdn.com/ty1484/product/media/images/prod/QC/20240815/04/090ffeec-23c8-3aee-90c3-ad3d11048232/1_org_zoom.jpg,"{""Menşei"":""TR"",""Materyal"":""Plastik""}",20,5,refreshed,"[""daily_top""]",true,2026-08-26T14:30:28+03:00,0,"[""search_result_dom"",""product_detail_jsonld"",""product_detail_dom""]","{""title"":""observed"",""brand"":""observed"",""seller_name"":""observed"",""seller_score"":""observed"",""price"":""observed"",""original_price"":""unavailable"",""campaigns"":""observed"",""stock_status"":""observed"",""stock_signal"":""observed"",""rating"":""observed"",""rating_count"":""observed"",""review_count"":""observed"",""question_count"":""observed"",""delivery_summary"":""observed"",""shipping_cost"":""observed"",""properties"":""observed""}",true,
2026-08-26,2026-08-26T14:30:28+03:00,hobi,BEST_SELLER,hobi-malzemeleri,hobi malzemeleri,36,3,116,116,1,hobi:hobi-malzemeleri,36,-15,25,20,1155413088,346955,1155413088:346955,Dijital Nostal Kişiye Özel Cupcake Pasta Dekor Süslemesi 12 Adet Doğum Günü I Bride I Bekarlığa Veda I Etkinlik Süs,Dijital Nostal,Doğum Günü Süsü,https://www.trendyol.com/dijital-nostal/kisiye-ozel-cupcake-pasta-dekor-suslemesi-12-adet-dogum-gunu-i-bride-i-bekarliga-veda-i-etkinlik-sus-p-1155413088?boutiqueId=61&merchantId=346955,Dijital Nostal,89,191.7,,,7.7,TRY,"[""Kargo Bedava"",""Trendyol Plus'a Özel""]",InStock,100 adetten fazla stok sunulmuştur,,,,,4.5,171,134,6,158,855 kişinin sepetinde,"12,3B kişi favoriledi",Son 24 saatte 1B kişi görüntüledi,4999,TRY,0,1,1,4,9 saat 24 dakika içinde sipariş verirsen en geç yarın kargoda!,En Çok Satan 1. Ürün,https://cdn.dsmcdn.com/ty1906/prod/QC_PREP/20260521/21/f42beba7-3313-3bcf-adfe-623428eb1880/1_org_zoom.jpg,"{""Menşei"":""TR""}",20,5,refreshed,"[""daily_top""]",true,2026-08-26T14:30:28+03:00,0,"[""search_result_dom"",""product_detail_jsonld"",""product_detail_dom""]","{""title"":""observed"",""brand"":""observed"",""seller_name"":""observed"",""seller_score"":""observed"",""price"":""observed"",""original_price"":""unavailable"",""campaigns"":""observed"",""stock_status"":""observed"",""stock_signal"":""observed"",""rating"":""observed"",""rating_count"":""observed"",""review_count"":""observed"",""question_count"":""observed"",""delivery_summary"":""observed"",""shipping_cost"":""observed"",""properties"":""observed""}",true,
2026-08-26,2026-08-26T14:30:28+03:00,hobi,BEST_SELLER,hobi-malzemeleri,hobi malzemeleri,37,4,117,117,5,hobi:hobi-malzemeleri,37,-29,27.9,14.6,79188317,108049,79188317:108049,Parti Dolabı Çift Taraflı Yapışkan Balon Yapıştırma Bandı Sticker Damla Modeli Ve Uçan Balon Aparatı Yapıştırıcı,Parti Dolabı,Balon,https://www.trendyol.com/parti-dolabi/cift-tarafli-yapiskan-balon-yapistirma-bandi-sticker-damla-modeli-ve-ucan-balon-aparati-yapistirici-p-79188317?boutiqueId=61&merchantId=108049,Parti Dolabı,,34.9,,,46,TRY,"[""Kargo Bedava""]",InStock,100 adetten fazla stok sunulmuştur,,,,,4.3,1184,551,0,110,433 kişinin sepetinde,"13,9B kişi favoriledi",,4999,TRY,0,,1,4,24 dakika 55 saniye içinde sipariş verirsen en geç bugün kargoda!,En Çok Satan 5. Ürün,https://cdn.dsmcdn.com/ty1914/prod/QC_ENRICHMENT/20260730/14/17e0fa28-694d-354d-9fcd-c936f5a89607/1_org_zoom.jpg,"{""Balon Çeşidi"":""Düz Balon"",""Renk"":""Siyah"",""Menşei"":""TR"",""Özellik"":""Çift Taraflı""}",20,5,refreshed,"[""daily_top"",""hot_change""]",true,2026-08-26T14:30:28+03:00,0,"[""search_result_dom"",""product_detail_jsonld"",""product_detail_dom""]","{""title"":""observed"",""brand"":""observed"",""seller_name"":""observed"",""seller_score"":""unavailable"",""price"":""observed"",""original_price"":""unavailable"",""campaigns"":""observed"",""stock_status"":""observed"",""stock_signal"":""observed"",""rating"":""observed"",""rating_count"":""observed"",""review_count"":""observed"",""question_count"":""observed"",""delivery_summary"":""observed"",""shipping_cost"":""observed"",""properties"":""observed""}",true,
2026-08-26,2026-08-26T14:30:28+03:00,hobi,BEST_SELLER,hobi-malzemeleri,hobi malzemeleri,38,4,118,118,1,hobi:hobi-malzemeleri,38,-5,23.1,18.9,1144570506,697393,1144570506:697393,"CREAPACK Damat Kolisi, Damat Hediye Kutusu, 5 li Set, Damat Bohçası, Damat Baskılı 5 Boy Kutu",CREAPACK,Çeyiz Kolisi,https://www.trendyol.com/creapack/damat-kolisi-damat-hediye-kutusu-5-li-set-damat-bohcasi-damat-baskili-5-boy-kutu-p-1144570506?boutiqueId=61&merchantId=697393,CREAPACK KUTU VE AMBALAJ,93,335.18,342.02,2,0,TRY,"[""Sepette %2 İndirim"",""Kargo Bedava""]",InStock,100 adetten fazla stok sunulmuştur,,,,,4.6,245,136,5,23,1B kişinin sepetinde,"16,8B kişi favoriledi",Son 24 saatte 738 kişi görüntüledi,4999,TRY,0,1,1,4,9 saat 24 dakika içinde sipariş verirsen en geç yarın kargoda!,En Çok Satan 1. Ürün,https://cdn.dsmcdn.com/ty1906/prod/QC_PREP/20260513/08/4a29c174-baa2-3151-8e1b-99b5a604f4d4/1_org_zoom.jpg,"{""Menşei"":""TR""}",20,5,refreshed,"[""daily_top""]",true,2026-08-26T14:30:28+03:00,0,"[""search_result_dom"",""product_detail_jsonld"",""product_detail_dom""]","{""title"":""observed"",""brand"":""observed"",""seller_name"":""observed"",""seller_score"":""observed"",""price"":""observed"",""original_price"":""observed"",""campaigns"":""observed"",""stock_status"":""observed"",""stock_signal"":""observed"",""rating"":""observed"",""rating_count"":""observed"",""review_count"":""observed"",""question_count"":""observed"",""delivery_summary"":""observed"",""shipping_cost"":""observed"",""properties"":""observed""}",true,
2026-08-26,2026-08-26T14:30:28+03:00,hobi,BEST_SELLER,hobi-malzemeleri,hobi malzemeleri,39,4,119,119,1,hobi:hobi-malzemeleri,39,-2,26.2,11.3,34829954,673143,34829954:673143,"Parti Dolabı Çift Çıkışlı Balon Şişirme Makinası, Elektrikli Balon Pompası 73005 Pembe Mavi",Parti Dolabı,Balon Makinesi,https://www.trendyol.com/parti-dolabi/cift-cikisli-balon-sisirme-makinasi-elektrikli-balon-pompasi-73005-pembe-mavi-p-34829954?boutiqueId=61&merchantId=673143,BALONPARK,92,530.91,,,0,TRY,"[""Kargo Bedava"",""Trendyol Plus'a Özel""]",InStock,100 adetten fazla stok sunulmuştur,,,,,4.7,2086,1073,0,291,742 kişinin sepetinde,34B kişi favoriledi,Son 24 saatte 490 kişi görüntüledi,4999,TRY,0,,1,4,24 dakika 50 saniye içinde sipariş verirsen en geç bugün kargoda!,En Çok Satan 1. Ürün,https://cdn.dsmcdn.com/ty1520/product/media/images/prod/QC/20240902/11/2a923a8c-8d23-37d2-93de-57f6fc4128b4/1_org_zoom.jpg,"{""Menşei"":""TR""}",20,5,refreshed,"[""daily_top""]",true,2026-08-26T14:30:28+03:00,0,"[""search_result_dom"",""product_detail_jsonld"",""product_detail_dom""]","{""title"":""observed"",""brand"":""observed"",""seller_name"":""observed"",""seller_score"":""observed"",""price"":""observed"",""original_price"":""unavailable"",""campaigns"":""observed"",""stock_status"":""observed"",""stock_signal"":""observed"",""rating"":""observed"",""rating_count"":""observed"",""review_count"":""observed"",""question_count"":""observed"",""delivery_summary"":""observed"",""shipping_cost"":""observed"",""properties"":""observed""}",true,
2026-08-26,2026-08-26T14:30:28+03:00,hobi,BEST_SELLER,hobi-malzemeleri,hobi malzemeleri,40,4,120,120,2,hobi:hobi-malzemeleri,40,15,15,20,884081642,502317,884081642:502317,Sarez Parti Kalp Folyo Balon - 45cm Kırmızı Kalp Helyum Balon - Uçan Balon Evlilik Teklifi,Sarez Parti,,https://www.trendyol.com/sarez-parti/kalp-folyo-balon-45cm-kirmizi-kalp-helyum-balon-ucan-balon-evlilik-teklifi-p-884081642?boutiqueId=61&merchantId=502317,FortyFour Shop,9,21.78,,,-12,TRY,"[""Kargo Bedava""]",InStock,100 adetten fazla stok sunulmuştur,,,,,3.9,75,,0,64,389 kişinin sepetinde,"2,9B kişi favoriledi",Son 24 saatte 407 kişi görüntüledi,,,0,,,,9 saat 24 dakika içinde sipariş verirsen en geç yarın kargoda!,,,{},0,,refreshed,"[""daily_top""]",true,2026-08-26T14:30:28+03:00,0,"[""search_result_dom"",""product_detail_jsonld"",""product_detail_dom""]","{""title"":""observed"",""brand"":""observed"",""seller_name"":""observed"",""seller_score"":""observed"",""price"":""observed"",""original_price"":""unavailable"",""campaigns"":""observed"",""stock_status"":""observed"",""stock_signal"":""observed"",""rating"":""observed"",""rating_count"":""observed"",""review_count"":""unavailable"",""question_count"":""observed"",""delivery_summary"":""observed"",""shipping_cost"":""unavailable"",""properties"":""observed""}",true,
2026-08-26,2026-08-26T14:30:28+03:00,hobi,BEST_SELLER,hobi-malzemeleri,hobi malzemeleri,41,4,121,121,2,hobi:hobi-malzemeleri,41,13,19.8,14.7,929623356,757650,929623356:757650,Genel Markalar Ahsap boncuklu zeytin dalı kapi süsü,Genel Markalar,Kapı Önü Aksesuar,https://www.trendyol.com/genel-markalar/ahsap-boncuklu-zeytin-dali-kapi-susu-p-929623356?boutiqueId=61&merchantId=757650,N Home Design,85,346.34,,,0,TRY,"[""Kargo Bedava"",""Trendyol Plus'a Özel""]",InStock,100 adetten fazla stok sunulmuştur,,,,,4.4,406,294,1,255,780 kişinin sepetinde,"36,2B kişi favoriledi","Son 24 saatte 1,5B kişi görüntüledi",4999,TRY,0,1,1,4,9 saat 24 dakika içinde sipariş verirsen en geç yarın kargoda!,En Çok Satan 2. Ürün,https://cdn.dsmcdn.com/ty1000062/product/media/images/prod/PIM/20260122/07/c2e3cbda-0e71-4dc6-8681-5a6550d8f98f/1_org_zoom.jpg,"{""Materyal"":""Ahşap"",""Renk"":""Bej"",""Boyut/Ebat"":""30 x 30"",""Tema / Stil"":""Süs"",""Menşei"":""TR""}",20,5,refreshed,"[""daily_top""]",true,2026-08-26T14:30:28+03:00,0,"[""search_result_dom"",""product_detail_jsonld"",""product_detail_dom""]","{""title"":""observed"",""brand"":""observed"",""seller_name"":""observed"",""seller_score"":""observed"",""price"":""observed"",""original_price"":""unavailable"",""campaigns"":""observed"",""stock_status"":""observed"",""stock_signal"":""observed"",""rating"":""observed"",""rating_count"":""observed"",""review_count"":""observed"",""question_count"":""observed"",""delivery_summary"":""observed"",""shipping_cost"":""observed"",""properties"":""observed""}",true,
2026-08-26,2026-08-26T14:30:28+03:00,hobi,BEST_SELLER,hobi-malzemeleri,hobi malzemeleri,42,4,122,122,2,hobi:hobi-malzemeleri,42,5,13.9,20.1,1089728537,501457,1089728537:501457,BALON DİYARI 6 LI KIVRIMLI GOLD MUM 16CM Pasta Mumu spiral kıvrak mum kaliteli,BALON DİYARI,Pasta Mumu,https://www.trendyol.com/balon-diyari/6-li-kivrimli-gold-mum-16cm-pasta-mumu-spiral-kivrak-mum-kaliteli-p-1089728537?boutiqueId=61&merchantId=501457,Balon Diyarı,93,49.99,,,0,TRY,"[""Kargo Bedava""]",InStock,100 adetten fazla stok sunulmuştur,,,,,4.2,103,53,2,7,661 kişinin sepetinde,"10,5B kişi favoriledi",,4999,TRY,0,,1,4,1 saat 24 dakika içinde sipariş verirsen en geç bugün kargoda!,En Çok Satan 2. Ürün,https://cdn.dsmcdn.com/ty1930/prod/QC_ENRICHMENT/20260614/00/6b07ee47-3fb5-3b4b-97c0-ce9106ad4451/1_org_zoom.jpg,"{""Menşei"":""TR""}",20,5,refreshed,"[""daily_top""]",true,2026-08-26T14:30:28+03:00,0,"[""search_result_dom"",""product_detail_jsonld"",""product_detail_dom""]","{""title"":""observed"",""brand"":""observed"",""seller_name"":""observed"",""seller_score"":""observed"",""price"":""observed"",""original_price"":""unavailable"",""campaigns"":""observed"",""stock_status"":""observed"",""stock_signal"":""observed"",""rating"":""observed"",""rating_count"":""observed"",""review_count"":""observed"",""question_count"":""observed"",""delivery_summary"":""observed"",""shipping_cost"":""observed"",""properties"":""observed""}",true,
2026-08-26,2026-08-26T14:30:28+03:00,hobi,BEST_SELLER,hobi-malzemeleri,hobi malzemeleri,43,4,123,123,4,hobi:hobi-malzemeleri,43,-4,6.2,27.3,1144216036,1254391,1144216036:1254391,baloss fer Şeffaf Balon Bandı Balon Zinciri Aparatı Balon Süsleme Şeridi Parti Doğum Günü Dekorasyon Bandı,baloss fer,Balon Zinciri,https://www.trendyol.com/baloss-fer/seffaf-balon-bandi-balon-zinciri-aparati-balon-susleme-seridi-parti-dogum-gunu-dekorasyon-bandi-p-1144216036?boutiqueId=61&merchantId=1254391,BALOSS FER,92,24.99,,,0,TRY,"[""Kargo Bedava""]",InStock,100 adetten fazla stok sunulmuştur,,,,,4.8,8,5,0,3,,"1,2B kişi favoriledi",,4999,TRY,0,1,1,4,9 saat 24 dakika içinde sipariş verirsen en geç yarın kargoda!,En Çok Satan 4. Ürün,https://cdn.dsmcdn.com/ty1896/prod/QC_PREP/20260512/00/89d21b62-3233-340e-b57d-8cc277433148/1_org_zoom.jpg,"{""Menşei"":""CN""}",5,5,refreshed,"[""daily_top""]",true,2026-08-26T14:30:28+03:00,0,"[""search_result_dom"",""product_detail_jsonld"",""product_detail_dom""]","{""title"":""observed"",""brand"":""observed"",""seller_name"":""observed"",""seller_score"":""observed"",""price"":""observed"",""original_price"":""unavailable"",""campaigns"":""observed"",""stock_status"":""observed"",""stock_signal"":""observed"",""rating"":""observed"",""rating_count"":""observed"",""review_count"":""observed"",""question_count"":""observed"",""delivery_summary"":""observed"",""shipping_cost"":""observed"",""properties"":""observed""}",true,
2026-08-26,2026-08-26T14:30:28+03:00,hobi,BEST_SELLER,hobi-malzemeleri,hobi malzemeleri,44,4,124,124,,hobi:hobi-malzemeleri,44,-10,31.4,4.6,803186802,781567,803186802:781567,SULED 10 Metre Bluetooth Telefon Kontrollü Smart Şerit Led Sese Duyarlı Kumandalı Led Işık,SULED,Led Işık,https://www.trendyol.com/suled/10-metre-bluetooth-telefon-kontrollu-smart-serit-led-sese-duyarli-kumandali-led-isik-p-803186802?boutiqueId=61&merchantId=781567,SULED TÜRKİYE,85,416.13,429,3,-3,TRY,"[""Sepette %3 İndirim"",""Kargo Bedava""]",InStock,100 adetten fazla stok sunulmuştur,,,,,4.2,6498,3511,4,4263,,,,4999,TRY,0,1,1,4,9 saat 24 dakika içinde sipariş verirsen en geç yarın kargoda!,En Çok Favorilenen 8. Ürün,https://cdn.dsmcdn.com/ty1549/product/media/images/ty1550/prod/QC/20240916/14/5836978e-2013-3a82-955f-fe8aa0188400/1_org_zoom.jpg,"{""Ebatlar"":""10 metre"",""Renk"":""Çok Renkli"",""Menşei"":""CN"",""Batarya Türü"":""Diğer"",""Özellik"":""Telefon Kontrollü"",""Enerji Tasarrufu"":""Var""}",20,5,refreshed,"[""daily_top""]",true,2026-08-26T14:30:28+03:00,0,"[""search_result_dom"",""product_detail_jsonld"",""product_detail_dom""]","{""title"":""observed"",""brand"":""observed"",""seller_name"":""observed"",""seller_score"":""observed"",""price"":""observed"",""original_price"":""observed"",""campaigns"":""observed"",""stock_status"":""observed"",""stock_signal"":""observed"",""rating"":""observed"",""rating_count"":""observed"",""review_count"":""observed"",""question_count"":""observed"",""delivery_summary"":""observed"",""shipping_cost"":""observed"",""properties"":""observed""}",true,
2026-08-26,2026-08-26T14:30:28+03:00,hobi,BEST_SELLER,hobi-malzemeleri,hobi malzemeleri,45,4,125,125,1,hobi:hobi-malzemeleri,45,-19,27,5.5,33507273,378227,33507273:378227,Genel Markalar Jüt Ip Hasır Ip 100 Mtre 2 Adet Hasır Ip – Örgü Ipi – Örgü Ipi,Genel Markalar,,https://www.trendyol.com/genel-markalar/jut-ip-hasir-ip-100-mtre-2-adet-hasir-ip-orgu-ipi-orgu-ipi-p-33507273?boutiqueId=61&merchantId=378227,ÇAĞTAŞ TEKSTİL,95,65,,,0,TRY,"[""Sepette %2 İndirim"",""Kargo Bedava""]",InStock,100 adetten fazla stok sunulmuştur,,,,,4.6,2357,,0,209,,,,,,0,,,,9 saat 24 dakika içinde sipariş verirsen en geç yarın kargoda!,En Çok Satan 1. Ürün,,{},0,,refreshed,"[""daily_top""]",true,2026-08-26T14:30:28+03:00,0,"[""search_result_dom"",""product_detail_jsonld"",""product_detail_dom""]","{""title"":""observed"",""brand"":""observed"",""seller_name"":""observed"",""seller_score"":""observed"",""price"":""observed"",""original_price"":""unavailable"",""campaigns"":""observed"",""stock_status"":""observed"",""stock_signal"":""observed"",""rating"":""observed"",""rating_count"":""observed"",""review_count"":""unavailable"",""question_count"":""observed"",""delivery_summary"":""observed"",""shipping_cost"":""unavailable"",""properties"":""observed""}",true,
2026-08-26,2026-08-26T14:30:28+03:00,hobi,BEST_SELLER,hobi-malzemeleri,hobi malzemeleri,46,4,126,126,5,hobi:hobi-malzemeleri,46,31,15.2,17.8,937346542,1125538,937346542:1125538,Bunloon Balon Yapıştırma Bandı Çift Taraflı Şeffaf Balon Sabitleyici Parti Organizasyon,Bunloon,Balon Zinciri,https://www.trendyol.com/bunloon/balon-yapistirma-bandi-cift-tarafli-seffaf-balon-sabitleyici-parti-organizasyon-p-937346542?boutiqueId=61&merchantId=1125538,Bunloon,93,34.64,34.99,1,0,TRY,"[""Sepette %1 İndirim"",""Kargo Bedava""]",InStock,100 adetten fazla stok sunulmuştur,,,,,4.2,160,59,1,27,,"4,8B kişi favoriledi",,4999,TRY,0,1,1,4,9 saat 24 dakika içinde sipariş verirsen en geç yarın kargoda!,En Çok Satan 5. Ürün,https://cdn.dsmcdn.com/ty1679/prod/QC/20250516/22/14a7fba7-c481-342c-88c4-a509610307e7/1_org_zoom.jpg,"{""Menşei"":""CN"",""Bakım Talimatları (Genel)"":""Gıda ile temas için uygun değildir.""}",20,5,refreshed,"[""daily_top""]",true,2026-08-26T14:30:28+03:00,0,"[""search_result_dom"",""product_detail_jsonld"",""product_detail_dom""]","{""title"":""observed"",""brand"":""observed"",""seller_name"":""observed"",""seller_score"":""observed"",""price"":""observed"",""original_price"":""observed"",""campaigns"":""observed"",""stock_status"":""observed"",""stock_signal"":""observed"",""rating"":""observed"",""rating_count"":""observed"",""review_count"":""observed"",""question_count"":""observed"",""delivery_summary"":""observed"",""shipping_cost"":""observed"",""properties"":""observed""}",true,
2026-08-26,2026-08-26T14:30:28+03:00,hobi,BEST_SELLER,hobi-malzemeleri,hobi malzemeleri,47,4,127,127,1,hobi:hobi-malzemeleri,47,-17,25.2,6.3,829304320,229852,829304320:229852,Huzur Party Store 35 Parça Gümüş Bride To Be Seti Bekarlığa Veda Partisi Malzemeleri Kuşak Dövme Taç Balon Süsleri,Huzur Party Store,,https://www.trendyol.com/huzur-party-store/35-parca-gumus-bride-to-be-seti-bekarliga-veda-partisi-malzemeleri-kusak-dovme-tac-balon-susleri-p-829304320?boutiqueId=61&merchantId=229852,Huzur Party Store,35,458.21,,,0,TRY,"[""Kargo Bedava""]",InStock,100 adetten fazla stok sunulmuştur,,,,,4.4,1399,,0,182,639 kişinin sepetinde,"56,4B kişi favoriledi","Son 24 saatte 1,1B kişi görüntüledi",,,0,,,,9 saat 24 dakika içinde sipariş verirsen en geç yarın kargoda!,En Çok Satan 1. Ürün,,{},0,,refreshed,"[""daily_top""]",true,2026-08-26T14:30:28+03:00,0,"[""search_result_dom"",""product_detail_jsonld"",""product_detail_dom""]","{""title"":""observed"",""brand"":""observed"",""seller_name"":""observed"",""seller_score"":""observed"",""price"":""observed"",""original_price"":""unavailable"",""campaigns"":""observed"",""stock_status"":""observed"",""stock_signal"":""observed"",""rating"":""observed"",""rating_count"":""observed"",""review_count"":""unavailable"",""question_count"":""observed"",""delivery_summary"":""observed"",""shipping_cost"":""unavailable"",""properties"":""observed""}",true,
2026-08-26,2026-08-26T14:30:28+03:00,hobi,BEST_SELLER,hobi-malzemeleri,hobi malzemeleri,48,4,128,128,14,hobi:hobi-malzemeleri,48,-2,28.8,2.2,850371852,189975,850371852:189975,Vagonik Kişiye Özel Doğum Günü Happy Birthday Duvar Örtüsü Duvar Halısı Birinci Kalite Kumaş,Vagonik,,https://www.trendyol.com/vagonik/kisiye-ozel-dogum-gunu-happy-birthday-duvar-ortusu-duvar-halisi-birinci-kalite-kumas-p-850371852?boutiqueId=61&merchantId=189975,vagonik,92,366.2,,,0,TRY,"[""Sepette %1 İndirim"",""Kargo Bedava"",""Trendyol Plus'a Özel""]",InStock,100 adetten fazla stok sunulmuştur,,,,,4.8,3982,,0,3226,947 kişinin sepetinde,"86,4B kişi favoriledi",Son 24 saatte 830 kişi görüntüledi,,,0,,,,Tahmini Teslim:,,,{},0,,refreshed,"[""daily_top""]",true,2026-08-26T14:30:28+03:00,0,"[""search_result_dom"",""product_detail_jsonld"",""product_detail_dom""]","{""title"":""observed"",""brand"":""observed"",""seller_name"":""observed"",""seller_score"":""observed"",""price"":""observed"",""original_price"":""unavailable"",""campaigns"":""observed"",""stock_status"":""observed"",""stock_signal"":""observed"",""rating"":""observed"",""rating_count"":""observed"",""review_count"":""unavailable"",""question_count"":""observed"",""delivery_summary"":""observed"",""shipping_cost"":""unavailable"",""properties"":""observed""}",true,
2026-08-26,2026-08-26T14:30:28+03:00,hobi,BEST_SELLER,hobi-malzemeleri,hobi malzemeleri,49,4,129,129,,hobi:hobi-malzemeleri,49,8,24.8,5.7,800007258,1016860,800007258:1016860,ATOM BALON Normal Balon Karışık Renk 9/A 100'lü,ATOM BALON,Balon,https://www.trendyol.com/atom-balon/normal-balon-karisik-renk-9-a-100-lu-p-800007258?boutiqueId=61&merchantId=1016860,Parti Atölyesi,,249.99,,,0,TRY,"[""Kargo Bedava""]",InStock,100 adetten fazla stok sunulmuştur,,,,,4.3,2014,1249,1,150,625 kişinin sepetinde,"14,3B kişi favoriledi",Son 24 saatte 356 kişi görüntüledi,4999,TRY,0,1,1,4,9 saat 24 dakika içinde sipariş verirsen en geç yarın kargoda!,,https://cdn.dsmcdn.com/ty1801/prod/QC_ENRICHMENT/20251220/20/fa5a52ee-bd99-363a-b269-d480de6a7d6a/1_org_zoom.jpg,"{""Balon Çeşidi"":""Düz Balon"",""Renk"":""Çok Renkli"",""Menşei"":""CN"",""Özellik"":""Normal""}",20,5,refreshed,"[""daily_top""]",true,2026-08-26T14:30:28+03:00,0,"[""search_result_dom"",""product_detail_jsonld"",""product_detail_dom""]","{""title"":""observed"",""brand"":""observed"",""seller_name"":""observed"",""seller_score"":""unavailable"",""price"":""observed"",""original_price"":""unavailable"",""campaigns"":""observed"",""stock_status"":""observed"",""stock_signal"":""observed"",""rating"":""observed"",""rating_count"":""observed"",""review_count"":""observed"",""question_count"":""observed"",""delivery_summary"":""observed"",""shipping_cost"":""observed"",""properties"":""observed""}",true,
2026-08-26,2026-08-26T14:30:28+03:00,hobi,BEST_SELLER,hobi-malzemeleri,hobi malzemeleri,50,4,130,130,11,hobi:hobi-malzemeleri,50,-10,27.8,2.2,378132935,134783,378132935:134783,"ZEYMERADE Siyah Beyaz Sade Incili Gelin Damat Takı Kurdelesi, Takı Kemeri",ZEYMERADE,,https://www.trendyol.com/zeymerade/siyah-beyaz-sade-incili-gelin-damat-taki-kurdelesi-taki-kemeri-p-378132935?boutiqueId=61&merchantId=134783,ZEYMERADE,,119.9,,,0,TRY,"[""Kargo Bedava""]",InStock,100 adetten fazla stok sunulmuştur,,,,,4.8,3006,,0,142,648 kişinin sepetinde,"45,7B kişi favoriledi",Son 24 saatte 370 kişi görüntüledi,,,0,,,,9 saat 24 dakika içinde sipariş verirsen en geç yarın kargoda!,,,{},0,,refreshed,"[""daily_top""]",true,2026-08-26T14:30:28+03:00,0,"[""search_result_dom"",""product_detail_jsonld"",""product_detail_dom""]","{""title"":""observed"",""brand"":""observed"",""seller_name"":""observed"",""seller_score"":""unavailable"",""price"":""observed"",""original_price"":""unavailable"",""campaigns"":""observed"",""stock_status"":""observed"",""stock_signal"":""observed"",""rating"":""observed"",""rating_count"":""observed"",""review_count"":""unavailable"",""question_count"":""observed"",""delivery_summary"":""observed"",""shipping_cost"":""unavailable"",""properties"":""observed""}",true,
2026-08-26,2026-08-26T14:30:28+03:00,hobi,BEST_SELLER,hobi-malzemeleri,hobi malzemeleri,51,4,131,131,4,hobi:hobi-malzemeleri,51,-24,19.2,10.8,366140249,246399,366140249:246399,Genel Markalar 100 Adet 100 Dolar Geçersiz Sahte Düğün Parası Oyun Parası 100x100 Dolar,Genel Markalar,Diğer Parti Malzemeleri,https://www.trendyol.com/genel-markalar/100-adet-100-dolar-gecersiz-sahte-dugun-parasi-oyun-parasi-100x100-dolar-p-366140249?boutiqueId=61&merchantId=246399,Koza Gift,88,38,,,0,TRY,"[""10 TL Kupon"",""Kargo Bedava""]",InStock,100 adetten fazla stok sunulmuştur,,,,,4.1,564,253,0,107,525 kişinin sepetinde,"12,6B kişi favoriledi",,4999,TRY,0,1,1,4,9 saat 24 dakika içinde sipariş verirsen en geç yarın kargoda!,En Çok Satan 4. Ürün,https://cdn.dsmcdn.com/ty560/product/media/images/20221011/10/190927643/593412420/1/1_org_zoom.jpg,"{""Renk"":""Çok Renkli"",""Menşei"":""TR""}",20,5,refreshed,"[""daily_top"",""hot_change""]",true,2026-08-26T14:30:28+03:00,0,"[""search_result_dom"",""product_detail_jsonld"",""product_detail_dom""]","{""title"":""observed"",""brand"":""observed"",""seller_name"":""observed"",""seller_score"":""observed"",""price"":""observed"",""original_price"":""unavailable"",""campaigns"":""observed"",""stock_status"":""observed"",""stock_signal"":""observed"",""rating"":""observed"",""rating_count"":""observed"",""review_count"":""observed"",""question_count"":""observed"",""delivery_summary"":""observed"",""shipping_cost"":""observed"",""properties"":""observed""}",true,
2026-08-26,2026-08-26T14:30:28+03:00,hobi,BEST_SELLER,hobi-malzemeleri,hobi malzemeleri,52,4,132,132,2,hobi:hobi-malzemeleri,52,8,20.8,9.2,962636414,380979,962636414:380979,"AYGÖREN HOME 100 Adet Muffin Cupcake Kağıdı, Renkli Kağıt Muffin Kek Kalıbı Desenli",AYGÖREN HOME,Cupcake Kapsülü,https://www.trendyol.com/aygoren-home/100-adet-muffin-cupcake-kagidi-renkli-kagit-muffin-kek-kalibi-desenli-p-962636414?boutiqueId=61&merchantId=380979,Mutlu Pastacılık ve Malzemeleri,89,49.52,,,0,TRY,"[""Kargo Bedava""]",InStock,100 adetten fazla stok sunulmuştur,,,,,4.3,820,394,1,31,802 kişinin sepetinde,"37,1B kişi favoriledi",,4999,TRY,0,1,1,4,9 saat 24 dakika içinde sipariş verirsen en geç yarın kargoda!,En Çok Satan 2. Ürün,https://cdn.dsmcdn.com/ty1763/prod/QC_ENRICHMENT/20250926/10/85148ab1-bf7d-3810-9ad5-a09c65febcfc/1_org_zoom.jpg,"{""Menşei"":""TR"",""Gıda Temas Sembolü"":""Evet"",""Bakım Talimatları (Gıda Temas)"":""Fırında kullanılabilir."",""Materyal"":""Kağıt""}",20,5,refreshed,"[""daily_top""]",true,2026-08-26T14:30:28+03:00,0,"[""search_result_dom"",""product_detail_jsonld"",""product_detail_dom""]","{""title"":""observed"",""brand"":""observed"",""seller_name"":""observed"",""seller_score"":""observed"",""price"":""observed"",""original_price"":""unavailable"",""campaigns"":""observed"",""stock_status"":""observed"",""stock_signal"":""observed"",""rating"":""observed"",""rating_count"":""observed"",""review_count"":""observed"",""question_count"":""observed"",""delivery_summary"":""observed"",""shipping_cost"":""observed"",""properties"":""observed""}",true,
2026-08-26,2026-08-26T14:30:28+03:00,hobi,BEST_SELLER,hobi-malzemeleri,hobi malzemeleri,53,4,133,133,,hobi:hobi-malzemeleri,53,-34,27,3,36683420,108049,36683420:108049,Parti Dolabı 2 Adet Balon Süsleme Standı 7li Çubuklu Ikili Set Ayaklı Stand,Parti Dolabı,Balon Standı,https://www.trendyol.com/parti-dolabi/2-adet-balon-susleme-standi-7li-cubuklu-ikili-set-ayakli-stand-p-36683420?boutiqueId=61&merchantId=108049,Parti Dolabı,2,159,,,0,TRY,"[""Kargo Bedava"",""Trendyol Plus'a Özel""]",InStock,100 adetten fazla stok sunulmuştur,,,,,4.4,4444,2358,-2,374,680 kişinin sepetinde,"43,7B kişi favoriledi",,4999,TRY,0,,1,4,24 dakika 24 saniye içinde sipariş verirsen en geç bugün kargoda!,,https://cdn.dsmcdn.com/ty386/product/media/images/20220405/1/83268128/65223882/1/1_org_zoom.jpg,"{""Menşei"":""TR"",""Bakım Talimatları (Genel)"":""Ürünün kullanım ömrünü korumak için ürüne özel bakım talimatlarını takip ediniz."",""Renk"":""Turuncu""}",20,5,refreshed,"[""daily_top"",""hot_change""]",true,2026-08-26T14:30:28+03:00,0,"[""search_result_dom"",""product_detail_jsonld"",""product_detail_dom""]","{""title"":""observed"",""brand"":""observed"",""seller_name"":""observed"",""seller_score"":""observed"",""price"":""observed"",""original_price"":""unavailable"",""campaigns"":""observed"",""stock_status"":""observed"",""stock_signal"":""observed"",""rating"":""observed"",""rating_count"":""observed"",""review_count"":""observed"",""question_count"":""observed"",""delivery_summary"":""observed"",""shipping_cost"":""observed"",""properties"":""observed""}",true,
2026-08-26,2026-08-26T14:30:28+03:00,hobi,BEST_SELLER,hobi-malzemeleri,hobi malzemeleri,54,4,134,134,4,hobi:hobi-malzemeleri,54,21,27.6,10.6,33664625,1268783,33664625:1268783,Genel Markalar 50 Adet Pipet Körüklü Jelatinli Frozen Kalın (Karışık 5 Renk) 7mm Çapı ve 24cm boyu,Genel Markalar,,https://www.trendyol.com/genel-markalar/50-adet-pipet-koruklu-jelatinli-frozen-kalin-karisik-5-renk-7mm-capi-ve-24cm-boyu-p-33664625?boutiqueId=61&merchantId=1268783,KESQO GROSS,93,44.9,48.9,8.2,,TRY,"[""Son 10 Günün En Düşük Fiyatı"",""Sepette %15 İndirim"",""Kargo Bedava"",""Son 10 günün en düşük fiyatı""]",InStock,100 adetten fazla stok sunulmuştur,,,,,4.7,267,,0,22,,"2,8B kişi favoriledi",,,,0,,,,9 saat 24 dakika içinde sipariş verirsen en geç yarın kargoda!,En Çok Satan 4. Ürün,,{},0,,refreshed,"[""daily_top""]",true,2026-08-26T14:30:28+03:00,0,"[""search_result_dom"",""product_detail_jsonld"",""product_detail_dom""]","{""title"":""observed"",""brand"":""observed"",""seller_name"":""observed"",""seller_score"":""observed"",""price"":""observed"",""original_price"":""observed"",""campaigns"":""observed"",""stock_status"":""observed"",""stock_signal"":""observed"",""rating"":""observed"",""rating_count"":""observed"",""review_count"":""unavailable"",""question_count"":""observed"",""delivery_summary"":""observed"",""shipping_cost"":""unavailable"",""properties"":""observed""}",true,
2026-08-26,2026-08-26T14:30:28+03:00,hobi,BEST_SELLER,hobi-malzemeleri,hobi malzemeleri,55,4,135,135,2,hobi:hobi-malzemeleri,55,33,14,16,1134798517,926921,1134798517:926921,cix short tagline 6 Adet Sunumluk Peçete & Nakışlı Kahve Yanı Sunumluk Kokteyl Peçetesi & Bardak Altlığı,cix short tagline,Parti Peçetesi,https://www.trendyol.com/cix-short-tagline/6-adet-sunumluk-pecete-nakisli-kahve-yani-sunumluk-kokteyl-pecetesi-bardak-altligi-p-1134798517?boutiqueId=61&merchantId=926921,AVC MODA,93,114,,,0,TRY,"[""Sepette %1 İndirim"",""Kargo Bedava""]",InStock,10 adetten fazla stok sunulmuştur,,,,,4.2,103,55,1,8,"2,1B kişinin sepetinde","18,9B kişi favoriledi",Son 24 saatte 825 kişi görüntüledi,4999,TRY,0,1,1,4,9 saat 24 dakika içinde sipariş verirsen en geç yarın kargoda!,En Çok Satan 2. Ürün,https://cdn.dsmcdn.com/ty1858/prod/QC_PREP/20260418/10/31692ed7-9b5c-336c-98ff-6d341ef60450/1_org_zoom.jpg,"{""Renk"":""Beyaz"",""Menşei"":""TR""}",20,5,refreshed,"[""daily_top""]",true,2026-08-26T14:30:28+03:00,0,"[""search_result_dom"",""product_detail_jsonld"",""product_detail_dom""]","{""title"":""observed"",""brand"":""observed"",""seller_name"":""observed"",""seller_score"":""observed"",""price"":""observed"",""original_price"":""unavailable"",""campaigns"":""observed"",""stock_status"":""observed"",""stock_signal"":""observed"",""rating"":""observed"",""rating_count"":""observed"",""review_count"":""observed"",""question_count"":""observed"",""delivery_summary"":""observed"",""shipping_cost"":""observed"",""properties"":""observed""}",true,
2026-08-26,2026-08-26T14:30:28+03:00,hobi,BEST_SELLER,hobi-malzemeleri,hobi malzemeleri,56,4,136,136,22,hobi:hobi-malzemeleri,56,13,19.7,10.3,771563707,134783,771563707:134783,"ZEYMERADE Bordo Gelin Nedime Tefi, Kına Gecesi Düğün Sünnet Bride Plastik Zilli Tef, 5 Adet",ZEYMERADE,,https://www.trendyol.com/zeymerade/bordo-gelin-nedime-tefi-kina-gecesi-dugun-sunnet-bride-plastik-zilli-tef-5-adet-p-771563707?boutiqueId=61&merchantId=134783,ZEYMERADE,,179.9,,,0,TRY,"[""Kargo Bedava""]",InStock,100 adetten fazla stok sunulmuştur,,,,,4.6,286,,0,9,692 kişinin sepetinde,"16,2B kişi favoriledi",Son 24 saatte 612 kişi görüntüledi,,,0,,,,9 saat 24 dakika içinde sipariş verirsen en geç yarın kargoda!,,,{},0,,refreshed,"[""daily_top""]",true,2026-08-26T14:30:28+03:00,0,"[""search_result_dom"",""product_detail_jsonld"",""product_detail_dom""]","{""title"":""observed"",""brand"":""observed"",""seller_name"":""observed"",""seller_score"":""unavailable"",""price"":""observed"",""original_price"":""unavailable"",""campaigns"":""observed"",""stock_status"":""observed"",""stock_signal"":""observed"",""rating"":""observed"",""rating_count"":""observed"",""review_count"":""unavailable"",""question_count"":""observed"",""delivery_summary"":""observed"",""shipping_cost"":""unavailable"",""properties"":""observed""}",true,
2026-08-26,2026-08-26T14:30:28+03:00,hobi,BEST_SELLER,hobi-malzemeleri,hobi malzemeleri,57,4,137,137,5,hobi:hobi-malzemeleri,57,-12,19.9,10.1,313947774,118249,313947774:118249,Genel Markalar Küçük Ahşap Mini Mandal Fotoğraf Not Tutucu Mandal 10 Adet -,Genel Markalar,Diğer Parti Malzemeleri,https://www.trendyol.com/genel-markalar/kucuk-ahsap-mini-mandal-fotograf-not-tutucu-mandal-10-adet-p-313947774?boutiqueId=61&merchantId=118249,AHİ MAĞAZA,93,22.75,,,0,TRY,"[""Kargo Bedava""]",InStock,10 adetten fazla stok sunulmuştur,,,,,4.1,555,310,0,32,300 kişinin sepetinde,"12,8B kişi favoriledi",,4999,TRY,0,1,1,4,9 saat 24 dakika içinde sipariş verirsen en geç yarın kargoda!,En Çok Satan 5. Ürün,https://cdn.dsmcdn.com/ty1320/product/media/images/prod/QC/20240516/10/083c711f-e468-38ae-906c-e5c73df00acf/1_org_zoom.jpg,"{""Renk"":""Kahverengi"",""Menşei"":""TR""}",20,5,refreshed,"[""daily_top""]",true,2026-08-26T14:30:28+03:00,0,"[""search_result_dom"",""product_detail_jsonld"",""product_detail_dom""]","{""title"":""observed"",""brand"":""observed"",""seller_name"":""observed"",""seller_score"":""observed"",""price"":""observed"",""original_price"":""unavailable"",""campaigns"":""observed"",""stock_status"":""observed"",""stock_signal"":""observed"",""rating"":""observed"",""rating_count"":""observed"",""review_count"":""observed"",""question_count"":""observed"",""delivery_summary"":""observed"",""shipping_cost"":""observed"",""properties"":""observed""}",true,
2026-08-26,2026-08-26T14:30:28+03:00,hobi,BEST_SELLER,hobi-malzemeleri,hobi malzemeleri,58,4,138,138,7,hobi:hobi-malzemeleri,58,-9,21.1,8.9,834748292,502317,834748292:502317,"Öz-bal Beyaz Metalik Balon 10’lu Set – Düğün, Nişan ve Baby Shower Parti Süsleri",Öz-bal Beyaz,,https://www.trendyol.com/oz-bal/beyaz-metalik-balon-10-lu-set-dugun-nisan-ve-baby-shower-parti-susleri-p-834748292?boutiqueId=61&merchantId=502317,FortyFour Shop,9,74.99,,,1,TRY,"[""Kargo Bedava""]",InStock,100 adetten fazla stok sunulmuştur,,,,,4.1,438,,0,84,962 kişinin sepetinde,"24,2B kişi favoriledi",,,,0,,,,9 saat 24 dakika içinde sipariş verirsen en geç yarın kargoda!,En Çok Satan 7. Ürün,,{},0,,refreshed,"[""daily_top""]",true,2026-08-26T14:30:28+03:00,0,"[""search_result_dom"",""product_detail_jsonld"",""product_detail_dom""]","{""title"":""observed"",""brand"":""observed"",""seller_name"":""observed"",""seller_score"":""observed"",""price"":""observed"",""original_price"":""unavailable"",""campaigns"":""observed"",""stock_status"":""observed"",""stock_signal"":""observed"",""rating"":""observed"",""rating_count"":""observed"",""review_count"":""unavailable"",""question_count"":""observed"",""delivery_summary"":""observed"",""shipping_cost"":""unavailable"",""properties"":""observed""}",true,
2026-08-26,2026-08-26T14:30:28+03:00,hobi,BEST_SELLER,hobi-malzemeleri,hobi malzemeleri,59,4,139,139,6,hobi:hobi-malzemeleri,59,13,13,17,1083460935,134783,1083460935:134783,"ZEYMERADE Bebe Pembe İran Grek Tül, Nişan Çeyiz Bohça Kapı Doğum Günü Konvoy Parti Süsleme, 1 Metre (En 70cm)",ZEYMERADE,,https://www.trendyol.com/zeymerade/bebe-pembe-iran-grek-tul-nisan-ceyiz-bohca-kapi-dogum-gunu-konvoy-parti-susleme-1-metre-en-70cm-p-1083460935?boutiqueId=61&merchantId=134783,ZEYMERADE,,19.9,,,0,TRY,"[""Kargo Bedava""]",InStock,100 adetten fazla stok sunulmuştur,,,,,4.5,41,,0,21,,"1,4B kişi favoriledi",,,,0,,,,9 saat 24 dakika içinde sipariş verirsen en geç yarın kargoda!,En Çok Satan 6. Ürün,,{},0,,refreshed,"[""daily_top""]",true,2026-08-26T14:30:28+03:00,0,"[""search_result_dom"",""product_detail_jsonld"",""product_detail_dom""]","{""title"":""observed"",""brand"":""observed"",""seller_name"":""observed"",""seller_score"":""unavailable"",""price"":""observed"",""original_price"":""unavailable"",""campaigns"":""observed"",""stock_status"":""observed"",""stock_signal"":""observed"",""rating"":""observed"",""rating_count"":""observed"",""review_count"":""unavailable"",""question_count"":""observed"",""delivery_summary"":""observed"",""shipping_cost"":""unavailable"",""properties"":""observed""}",true,
2026-08-26,2026-08-26T14:30:28+03:00,hobi,BEST_SELLER,hobi-malzemeleri,hobi malzemeleri,60,4,140,140,2,hobi:hobi-malzemeleri,60,-25,21.3,8.7,864634665,134783,864634665:134783,"ZEYMERADE Kırmızı Saten Kurdele 1 Cm 10 Metre, Bohça Çeyiz Özel Gün Hediye Süsleme Kurdelesi",ZEYMERADE,,https://www.trendyol.com/zeymerade/kirmizi-saten-kurdele-1-cm-10-metre-bohca-ceyiz-ozel-gun-hediye-susleme-kurdelesi-p-864634665?boutiqueId=61&merchantId=134783,ZEYMERADE,,34.9,,,0,TRY,"[""Kargo Bedava""]",InStock,100 adetten fazla stok sunulmuştur,,,,,4.8,457,,0,22,,"5,6B kişi favoriledi",,,,0,,,,9 saat 24 dakika içinde sipariş verirsen en geç yarın kargoda!,En Çok Satan 2. Ürün,,{},0,,refreshed,"[""daily_top"",""hot_change""]",true,2026-08-26T14:30:28+03:00,0,"[""search_result_dom"",""product_detail_jsonld"",""product_detail_dom""]","{""title"":""observed"",""brand"":""observed"",""seller_name"":""observed"",""seller_score"":""unavailable"",""price"":""observed"",""original_price"":""unavailable"",""campaigns"":""observed"",""stock_status"":""observed"",""stock_signal"":""observed"",""rating"":""observed"",""rating_count"":""observed"",""review_count"":""unavailable"",""question_count"":""observed"",""delivery_summary"":""observed"",""shipping_cost"":""unavailable"",""properties"":""observed""}",true,
2026-08-26,2026-08-26T14:30:28+03:00,hobi,BEST_SELLER,hobi-malzemeleri,hobi malzemeleri,61,5,141,141,7,hobi:hobi-malzemeleri,61,,12.4,17.6,1083499570,134783,1083499570:134783,"ZEYMERADE Bebe Mavi İran Grek Tül, Nişan Çeyiz Bohça Kapı Doğum Günü Konvoy Parti Süsleme, 1 Metre (En 70cm)",ZEYMERADE,,https://www.trendyol.com/zeymerade/bebe-mavi-iran-grek-tul-nisan-ceyiz-bohca-kapi-dogum-gunu-konvoy-parti-susleme-1-metre-en-70cm-p-1083499570?boutiqueId=61&merchantId=134783,ZEYMERADE,,19.9,,,,TRY,"[""Kargo Bedava""]",InStock,100 adetten fazla stok sunulmuştur,,,,,4.5,34,,,7,,"1,2B kişi favoriledi",,,,0,,,,9 saat 24 dakika içinde sipariş verirsen en geç yarın kargoda!,En Çok Satan 7. Ürün,,{},0,,refreshed,"[""daily_top""]",true,2026-08-26T14:30:28+03:00,0,"[""search_result_dom"",""product_detail_jsonld"",""product_detail_dom""]","{""title"":""observed"",""brand"":""observed"",""seller_name"":""observed"",""seller_score"":""unavailable"",""price"":""observed"",""original_price"":""unavailable"",""campaigns"":""observed"",""stock_status"":""observed"",""stock_signal"":""observed"",""rating"":""observed"",""rating_count"":""observed"",""review_count"":""unavailable"",""question_count"":""observed"",""delivery_summary"":""observed"",""shipping_cost"":""unavailable"",""properties"":""observed""}",true,
2026-08-26,2026-08-26T14:30:28+03:00,hobi,BEST_SELLER,hobi-malzemeleri,hobi malzemeleri,62,5,142,142,9,hobi:hobi-malzemeleri,62,-10,13.6,16.4,853209265,502317,853209265:502317,"Öz-bal 100 Adet Balon Çubuğu Seti - Plastik Balon Tutucu Çubuklar, Kolay Kurulum ve Kullanım""",Öz-bal,Balon,https://www.trendyol.com/oz-bal/100-adet-balon-cubugu-seti-plastik-balon-tutucu-cubuklar-kolay-kurulum-ve-kullanim-p-853209265?boutiqueId=61&merchantId=502317,FortyFour Shop,9,249.99,,,1,TRY,"[""Kargo Bedava""]",InStock,100 adetten fazla stok sunulmuştur,,,,,4.5,108,49,0,19,403 kişinin sepetinde,"2,3B kişi favoriledi",Son 24 saatte 346 kişi görüntüledi,4999,TRY,0,1,1,4,9 saat 24 dakika içinde sipariş verirsen en geç yarın kargoda!,En Çok Satan 9. Ürün,https://cdn.dsmcdn.com/ty1502/product/media/images/prod/QC/20240825/16/16b46af3-0fbf-34a7-890b-7b77b3bc57dc/1_org_zoom.jpg,"{""Balon Çeşidi"":""Diğer"",""Renk"":""Beyaz"",""Menşei"":""TR""}",20,5,refreshed,"[""daily_top""]",true,2026-08-26T14:30:28+03:00,0,"[""search_result_dom"",""product_detail_jsonld"",""product_detail_dom""]","{""title"":""observed"",""brand"":""observed"",""seller_name"":""observed"",""seller_score"":""observed"",""price"":""observed"",""original_price"":""unavailable"",""campaigns"":""observed"",""stock_status"":""observed"",""stock_signal"":""observed"",""rating"":""observed"",""rating_count"":""observed"",""review_count"":""observed"",""question_count"":""observed"",""delivery_summary"":""observed"",""shipping_cost"":""observed"",""properties"":""observed""}",true,
2026-08-26,2026-08-26T14:30:28+03:00,hobi,BEST_SELLER,hobi-malzemeleri,hobi malzemeleri,63,5,143,143,20,hobi:hobi-malzemeleri,63,-13,13.7,16.3,948360439,1041067,948360439:1041067,"Mortex Bebe Pembe Kristal Tül Boy 1 MT En Sabit 3 MT Nişan, Kına, Düğün,Bohça, Kapı, Doğum, Parti Süslemesi",Mortex,,https://www.trendyol.com/mortex/bebe-pembe-kristal-tul-boy-1-mt-en-sabit-3-mt-nisan-kina-dugun-bohca-kapi-dogum-parti-suslemesi-p-948360439?boutiqueId=61&merchantId=1041067,Mortex,,49.9,,,0,TRY,"[""Kargo Bedava""]",InStock,100 adetten fazla stok sunulmuştur,,,,,4.5,50,,0,29,,"3,6B kişi favoriledi",,,,0,,,,9 saat 24 dakika içinde sipariş verirsen en geç yarın kargoda!,En Çok Ziyaret Edilen 3. Ürün,,{},0,,refreshed,"[""daily_top""]",true,2026-08-26T14:30:28+03:00,0,"[""search_result_dom"",""product_detail_jsonld"",""product_detail_dom""]","{""title"":""observed"",""brand"":""observed"",""seller_name"":""observed"",""seller_score"":""unavailable"",""price"":""observed"",""original_price"":""unavailable"",""campaigns"":""observed"",""stock_status"":""observed"",""stock_signal"":""observed"",""rating"":""observed"",""rating_count"":""observed"",""review_count"":""unavailable"",""question_count"":""observed"",""delivery_summary"":""observed"",""shipping_cost"":""unavailable"",""properties"":""observed""}",true,
2026-08-26,2026-08-26T14:30:28+03:00,hobi,BEST_SELLER,hobi-malzemeleri,hobi malzemeleri,64,5,144,144,8,hobi:hobi-malzemeleri,64,0,20.8,9.2,686060017,501457,686060017:501457,BalonEvi 18`li Set Krom Gold Küf Yeşili Ve Pastel Beyaz Balon Set Süsü,BalonEvi,Balon,https://www.trendyol.com/balonevi/18-li-set-krom-gold-kuf-yesili-ve-pastel-beyaz-balon-set-susu-p-686060017?boutiqueId=61&merchantId=501457,Balon Diyarı,93,73,,,0,TRY,"[""10 TL Kupon"",""Kargo Bedava""]",InStock,100 adetten fazla stok sunulmuştur,,,,,4.2,729,395,1,118,606 kişinin sepetinde,"24,3B kişi favoriledi",Son 24 saatte 373 kişi görüntüledi,4999,TRY,0,1,1,4,1 saat 24 dakika içinde sipariş verirsen en geç bugün kargoda!,En Çok Satan 8. Ürün,https://cdn.dsmcdn.com/ty1515/product/media/images/prod/QC/20240831/08/a38b15ae-3c22-3951-b3c9-ff7939d2ec40/1_org_zoom.jpg,"{""Balon Çeşidi"":""Metalik Balon"",""Renk"":""Çok Renkli"",""Menşei"":""TR""}",20,5,refreshed,"[""daily_top""]",true,2026-08-26T14:30:28+03:00,0,"[""search_result_dom"",""product_detail_jsonld"",""product_detail_dom""]","{""title"":""observed"",""brand"":""observed"",""seller_name"":""observed"",""seller_score"":""observed"",""price"":""observed"",""original_price"":""unavailable"",""campaigns"":""observed"",""stock_status"":""observed"",""stock_signal"":""observed"",""rating"":""observed"",""rating_count"":""observed"",""review_count"":""observed"",""question_count"":""observed"",""delivery_summary"":""observed"",""shipping_cost"":""observed"",""properties"":""observed""}",true,
2026-08-26,2026-08-26T14:30:28+03:00,hobi,BEST_SELLER,hobi-malzemeleri,hobi malzemeleri,65,5,145,145,3,hobi:hobi-malzemeleri,65,-22,23.4,6.6,1038207562,561471,1038207562:561471,Sunbox Mutfak dolabı tezgah üstü Tam set Adaptörlü Butonlu 5 metre günışığı,Sunbox,,https://www.trendyol.com/sunbox/mutfak-dolabi-tezgah-ustu-tam-set-adaptorlu-butonlu-5-metre-gunisigi-p-1038207562?boutiqueId=61&merchantId=561471,Sunbox,88,319.9,,,3.2,TRY,"[""Kargo Bedava""]",InStock,100 adetten fazla stok sunulmuştur,,,,,4.1,842,,0,379,,,,,,0,,,,9 saat 24 dakika içinde sipariş verirsen en geç yarın kargoda!,,,{},0,,refreshed,"[""daily_top""]",true,2026-08-26T14:30:28+03:00,0,"[""search_result_dom"",""product_detail_jsonld"",""product_detail_dom""]","{""title"":""observed"",""brand"":""observed"",""seller_name"":""observed"",""seller_score"":""observed"",""price"":""observed"",""original_price"":""unavailable"",""campaigns"":""observed"",""stock_status"":""observed"",""stock_signal"":""observed"",""rating"":""observed"",""rating_count"":""observed"",""review_count"":""unavailable"",""question_count"":""observed"",""delivery_summary"":""observed"",""shipping_cost"":""unavailable"",""properties"":""observed""}",true,
2026-08-26,2026-08-26T14:30:28+03:00,hobi,BEST_SELLER,hobi-malzemeleri,hobi malzemeleri,66,5,146,146,1,hobi:hobi-malzemeleri,66,,22.5,7.5,135207708,211579,135207708:211579,SENSY 2 Mm - 200 gr Polyester Makrome Ipi Sütlü Kahve 230 M Polyester Makrome Ip Supla Ip Ve Çanta Ipliği,SENSY,,https://www.trendyol.com/sensy/2-mm-200-gr-polyester-makrome-ipi-sutlu-kahve-230-m-polyester-makrome-ip-supla-ip-ve-canta-ipligi-p-135207708?boutiqueId=61&merchantId=211579,SENSY,2,149.95,,,,TRY,[],InStock,100 adetten fazla stok sunulmuştur,,,,,4.7,651,,0,124,,,,,,0,,,,9 saat 24 dakika içinde sipariş verirsen en geç yarın kargoda!,En Çok Satan 1. Ürün,,{},0,,refreshed,"[""daily_top"",""hot_change""]",true,2026-08-26T14:30:28+03:00,0,"[""search_result_dom"",""product_detail_jsonld"",""product_detail_dom""]","{""title"":""observed"",""brand"":""observed"",""seller_name"":""observed"",""seller_score"":""observed"",""price"":""observed"",""original_price"":""unavailable"",""campaigns"":""unavailable"",""stock_status"":""observed"",""stock_signal"":""observed"",""rating"":""observed"",""rating_count"":""observed"",""review_count"":""unavailable"",""question_count"":""observed"",""delivery_summary"":""observed"",""shipping_cost"":""unavailable"",""properties"":""observed""}",true,
2026-08-26,2026-08-26T14:30:28+03:00,hobi,BEST_SELLER,hobi-malzemeleri,hobi malzemeleri,67,5,147,147,,hobi:hobi-malzemeleri,67,-26,20.4,16.1,345761732,512308,345761732:512308,partince 300 gr Beyaz Konfeti Düğün Nişan Kına Bride Organizasyonları ve Fotoğraf Çekimi Kutlama Konfetisi,partince,Konfeti,https://www.trendyol.com/partince/300-gr-beyaz-konfeti-dugun-nisan-kina-bride-organizasyonlari-ve-fotograf-cekimi-kutlama-konfetisi-p-345761732?boutiqueId=61&merchantId=512308,partince,300,429.9,460,6.5,0,TRY,"[""Kargo Bedava""]",InStock,100 adetten fazla stok sunulmuştur,,,,,4.8,88,54,2,24,355 kişinin sepetinde,"8,9B kişi favoriledi",Son 24 saatte 522 kişi görüntüledi,4999,TRY,0,1,1,4,9 saat 24 dakika içinde sipariş verirsen en geç yarın kargoda!,En Çok Ziyaret Edilen 2. Ürün,https://cdn.dsmcdn.com/ty1791/prod/QC_ENRICHMENT/20251121/12/07dd6cdf-1f24-3897-bc9f-ce909ddcfc2f/1_org_zoom.jpg,"{""Diğer Özellikler"":""Beyaz"",""Menşei"":""TR"",""Renk"":""Beyaz""}",20,5,refreshed,"[""daily_top"",""hot_change""]",true,2026-08-26T14:30:28+03:00,0,"[""search_result_dom"",""product_detail_jsonld"",""product_detail_dom""]","{""title"":""observed"",""brand"":""observed"",""seller_name"":""observed"",""seller_score"":""observed"",""price"":""observed"",""original_price"":""observed"",""campaigns"":""observed"",""stock_status"":""observed"",""stock_signal"":""observed"",""rating"":""observed"",""rating_count"":""observed"",""review_count"":""observed"",""question_count"":""observed"",""delivery_summary"":""observed"",""shipping_cost"":""observed"",""properties"":""observed""}",true,
2026-08-26,2026-08-26T14:30:28+03:00,hobi,BEST_SELLER,hobi-malzemeleri,hobi malzemeleri,68,5,148,148,,hobi:hobi-malzemeleri,68,-10,33.3,0,38419472,781567,38419472:781567,SULED Şerit Led 5 Metre Animasyonlu Tak Çalıştır Kumandalı Trafolu Rgb Şerit Işık Aydınlatma Parti Led,SULED,Led Işık,https://www.trendyol.com/suled/serit-led-5-metre-animasyonlu-tak-calistir-kumandali-trafolu-rgb-serit-isik-aydinlatma-parti-led-p-38419472?boutiqueId=61&merchantId=781567,SULED TÜRKİYE,85,290.03,299,3,-3,TRY,"[""Sepette %3 İndirim"",""Kargo Bedava""]",InStock,100 adetten fazla stok sunulmuştur,,,,,3.8,11093,6053,1,5228,"2,3B kişinin sepetinde","225,9B kişi favoriledi","Son 24 saatte 1,1B kişi görüntüledi",4999,TRY,0,1,1,4,9 saat 23 dakika içinde sipariş verirsen en geç yarın kargoda!,En Çok Favorilenen 3. Ürün,https://cdn.dsmcdn.com/ty1543/product/media/images/prod/QC/20240804/18/e75236a0-a4ee-306d-9ff0-a36d0f35a185/1_org_zoom.jpg,"{""Ebatlar"":""5 metre"",""Renk"":""Siyah"",""Menşei"":""CN"",""Batarya Türü"":""Lityum-iyon"",""Özellik"":""Kumandalı"",""Enerji Tasarrufu"":""Var""}",20,5,refreshed,"[""daily_top""]",true,2026-08-26T14:30:28+03:00,0,"[""search_result_dom"",""product_detail_jsonld"",""product_detail_dom""]","{""title"":""observed"",""brand"":""observed"",""seller_name"":""observed"",""seller_score"":""observed"",""price"":""observed"",""original_price"":""observed"",""campaigns"":""observed"",""stock_status"":""observed"",""stock_signal"":""observed"",""rating"":""observed"",""rating_count"":""observed"",""review_count"":""observed"",""question_count"":""observed"",""delivery_summary"":""observed"",""shipping_cost"":""observed"",""properties"":""observed""}",true,
2026-08-26,2026-08-26T14:30:28+03:00,hobi,BEST_SELLER,hobi-malzemeleri,hobi malzemeleri,69,5,149,149,18,hobi:hobi-malzemeleri,69,-38,9.2,20.8,1151366497,180450,1151366497:180450,ecrin tuhafiye hobi Bordo Düğün Arabası Süsü Gelin Arabası Konvoy Süsü & Bohça Süsü 1 Adet,ecrin tuhafiye hobi,,https://www.trendyol.com/ecrin-tuhafiye-hobi/bordo-dugun-arabasi-susu-gelin-arabasi-konvoy-susu-bohca-susu-1-adet-p-1151366497?boutiqueId=61&merchantId=180450,Ecrin Tuhafiye Hobi,85,49.5,,,0,TRY,"[""Kargo Bedava""]",InStock,100 adetten fazla stok sunulmuştur,,,,,4.2,13,,0,6,,"1,4B kişi favoriledi",,,,0,,,,9 saat 23 dakika içinde sipariş verirsen en geç yarın kargoda!,,,{},0,,refreshed,"[""daily_top"",""hot_change""]",true,2026-08-26T14:30:28+03:00,0,"[""search_result_dom"",""product_detail_jsonld"",""product_detail_dom""]","{""title"":""observed"",""brand"":""observed"",""seller_name"":""observed"",""seller_score"":""observed"",""price"":""observed"",""original_price"":""unavailable"",""campaigns"":""observed"",""stock_status"":""observed"",""stock_signal"":""observed"",""rating"":""observed"",""rating_count"":""observed"",""review_count"":""unavailable"",""question_count"":""observed"",""delivery_summary"":""observed"",""shipping_cost"":""unavailable"",""properties"":""observed""}",true,
2026-08-26,2026-08-26T14:30:28+03:00,hobi,BEST_SELLER,hobi-malzemeleri,hobi malzemeleri,70,5,150,150,,hobi:hobi-malzemeleri,70,-26,17.8,12.2,904299949,281693,904299949:281693,bukashops Yapay Kiraz Çiçeği (Sakura) ve 3 Metre LED Işık Seti - Yapay Çiçek Sarmaşık - 1.85 metre Çiçek,bukashops,Led Işık,https://www.trendyol.com/bukashops/yapay-kiraz-cicegi-sakura-ve-3-metre-led-isik-seti-yapay-cicek-sarmasik-1-85-metre-cicek-p-904299949?boutiqueId=61&merchantId=281693,Bukashops,93,299.9,,,0,TRY,"[""Kargo Bedava""]",InStock,100 adetten fazla stok sunulmuştur,,,,,4,343,165,0,97,"2,8B kişinin sepetinde","93,6B kişi favoriledi",Son 24 saatte 3B kişi görüntüledi,4999,TRY,0,1,1,4,9 saat 23 dakika içinde sipariş verirsen en geç yarın kargoda!,En Çok Ziyaret Edilen 3. Ürün,https://cdn.dsmcdn.com/ty1643/prod/QC/20250227/13/c68f37d3-3003-3c70-b430-cccf28050af5/1_org_zoom.jpg,"{""Ebatlar"":""Tek Ebat"",""Renk"":""Sarı"",""Menşei"":""CN"",""Özellik"":""Renk Değiştirme""}",20,5,refreshed,"[""daily_top"",""hot_change""]",true,2026-08-26T14:30:28+03:00,0,"[""search_result_dom"",""product_detail_jsonld"",""product_detail_dom""]","{""title"":""observed"",""brand"":""observed"",""seller_name"":""observed"",""seller_score"":""observed"",""price"":""observed"",""original_price"":""unavailable"",""campaigns"":""observed"",""stock_status"":""observed"",""stock_signal"":""observed"",""rating"":""observed"",""rating_count"":""observed"",""review_count"":""observed"",""question_count"":""observed"",""delivery_summary"":""observed"",""shipping_cost"":""observed"",""properties"":""observed""}",true,
2026-08-26,2026-08-26T14:30:28+03:00,hobi,BEST_SELLER,hobi-malzemeleri,hobi malzemeleri,71,5,151,151,,hobi:hobi-malzemeleri,71,7,38,2,196011143,498881,196011143:498881,Bvs Elektronik Mutfak Dolabı Tezgah Üstü İçin 5 Metre Gün Işığı 12v Adaptörlü Aç Kapa Anahtarlı Şerit Led Işık,Bvs Elektronik,Led Işık,https://www.trendyol.com/bvs-elektronik/mutfak-dolabi-tezgah-ustu-icin-5-metre-gun-isigi-12v-adaptorlu-ac-kapa-anahtarli-serit-led-isik-p-196011143?boutiqueId=61&merchantId=498881,Bvs Elektronik,92,359.99,399.99,10,0,TRY,"[""Sepette %10 İndirim"",""Kargo Bedava""]",InStock,100 adetten fazla stok sunulmuştur,,,,,4.4,5532,3160,0,1655,"2,9B kişinin sepetinde","174,3B kişi favoriledi","Son 24 saatte 3,1B kişi görüntüledi",4999,TRY,0,1,1,4,9 saat 23 dakika içinde sipariş verirsen en geç yarın kargoda!,En Çok Ziyaret Edilen 2. Ürün,https://cdn.dsmcdn.com/ty1849/prod/QC_ENRICHMENT/20260403/23/7a8056ab-fa5e-39ac-981c-c647945a37ea/1_org_zoom.jpg,"{""Ebatlar"":""5 metre"",""Renk"":""Sarı"",""Menşei"":""TR"",""Batarya Türü"":""Diğer"",""Özellik"":""Enerji Tasarrufu"",""Enerji Tasarrufu"":""Var""}",20,5,refreshed,"[""daily_top""]",true,2026-08-26T14:30:28+03:00,0,"[""search_result_dom"",""product_detail_jsonld"",""product_detail_dom""]","{""title"":""observed"",""brand"":""observed"",""seller_name"":""observed"",""seller_score"":""observed"",""price"":""observed"",""original_price"":""observed"",""campaigns"":""observed"",""stock_status"":""observed"",""stock_signal"":""observed"",""rating"":""observed"",""rating_count"":""observed"",""review_count"":""observed"",""question_count"":""observed"",""delivery_summary"":""observed"",""shipping_cost"":""observed"",""properties"":""observed""}",true,
2026-08-26,2026-08-26T14:30:28+03:00,hobi,BEST_SELLER,hobi-malzemeleri,hobi malzemeleri,72,5,152,152,3,hobi:hobi-malzemeleri,72,-5,10.4,20.6,1111833117,1125538,1111833117:1125538,Bunloon Metalik Pembe Kıvrımlı Pasta Mumu 6 Adet Doğum Günü Pasta Süsleme,Bunloon,Pasta Mumu,https://www.trendyol.com/bunloon/metalik-pembe-kivrimli-pasta-mumu-6-adet-dogum-gunu-pasta-susleme-p-1111833117?boutiqueId=61&merchantId=1125538,Bunloon,93,46.88,47.35,1,0,TRY,"[""Sepette %1 İndirim"",""Kargo Bedava""]",InStock,100 adetten fazla stok sunulmuştur,,,,,4.7,40,14,0,4,503 kişinin sepetinde,"6,6B kişi favoriledi",,4999,TRY,0,1,1,4,9 saat 23 dakika içinde sipariş verirsen en geç yarın kargoda!,En Çok Satan 3. Ürün,https://cdn.dsmcdn.com/ty1830/prod/QC_PREP/20260301/04/cda34a7b-4b19-38ff-b48c-08b675401cf7/1_org_zoom.jpg,"{""Diğer Özellikler"":""Yanıcıdır, kullanım sırasında yetişkin gözetimi önerilir ve yanan mumu gözetimsiz bırakmayınız."",""Menşei"":""CN"",""Ürün Güvenliği Bilgisi"":""Sınıf 4.1 Alevlenir katılar""}",14,4.21,refreshed,"[""daily_top""]",true,2026-08-26T14:30:28+03:00,0,"[""search_result_dom"",""product_detail_jsonld"",""product_detail_dom""]","{""title"":""observed"",""brand"":""observed"",""seller_name"":""observed"",""seller_score"":""observed"",""price"":""observed"",""original_price"":""observed"",""campaigns"":""observed"",""stock_status"":""observed"",""stock_signal"":""observed"",""rating"":""observed"",""rating_count"":""observed"",""review_count"":""observed"",""question_count"":""observed"",""delivery_summary"":""observed"",""shipping_cost"":""observed"",""properties"":""observed""}",true,
2026-08-26,2026-08-26T14:30:28+03:00,hobi,BEST_SELLER,hobi-malzemeleri,hobi malzemeleri,73,5,153,153,33,hobi:hobi-malzemeleri,73,-25,22.8,7.2,828998005,134783,828998005:134783,"ZEYMERADE Bordo Ledli Kına El Mumu, Düğün, Nedime, Bride, Sünnet, Led Işıklı, Tealight Mum Pilli 12 Adet",ZEYMERADE,,https://www.trendyol.com/zeymerade/bordo-ledli-kina-el-mumu-dugun-nedime-bride-sunnet-led-isikli-tealight-mum-pilli-12-adet-p-828998005?boutiqueId=61&merchantId=134783,ZEYMERADE,,379.9,,,0,TRY,"[""Kargo Bedava""]",InStock,100 adetten fazla stok sunulmuştur,,,,,4.8,703,,0,27,768 kişinin sepetinde,"44,4B kişi favoriledi",Son 24 saatte 600 kişi görüntüledi,,,0,,,,Tahmini Teslim:,En Çok Favorilenen 9. Ürün,,{},0,,refreshed,"[""daily_top"",""hot_change""]",true,2026-08-26T14:30:28+03:00,0,"[""search_result_dom"",""product_detail_jsonld"",""product_detail_dom""]","{""title"":""observed"",""brand"":""observed"",""seller_name"":""observed"",""seller_score"":""unavailable"",""price"":""observed"",""original_price"":""unavailable"",""campaigns"":""observed"",""stock_status"":""observed"",""stock_signal"":""observed"",""rating"":""observed"",""rating_count"":""observed"",""review_count"":""unavailable"",""question_count"":""observed"",""delivery_summary"":""observed"",""shipping_cost"":""unavailable"",""properties"":""observed""}",true,
2026-08-26,2026-08-26T14:30:28+03:00,hobi,BEST_SELLER,hobi-malzemeleri,hobi malzemeleri,74,5,154,154,,hobi:hobi-malzemeleri,74,-8,19.6,10.4,902705823,281693,902705823:281693,"bukashops Pembe Kiraz Çiçeği Sarmaşığı ve 3 Metre LED Işık Seti - Yapay Çiçek Sarmaşık - 1,85 Metre Çiçek",bukashops,Led Işık,https://www.trendyol.com/bukashops/pembe-kiraz-cicegi-sarmasigi-ve-3-metre-led-isik-seti-yapay-cicek-sarmasik-1-85-metre-cicek-p-902705823?boutiqueId=61&merchantId=281693,Bukashops,93,299.9,,,0,TRY,"[""Kargo Bedava""]",InStock,100 adetten fazla stok sunulmuştur,,,,,4,495,278,0,106,2B kişinin sepetinde,93B kişi favoriledi,"Son 24 saatte 1,8B kişi görüntüledi",4999,TRY,0,1,1,4,9 saat 23 dakika içinde sipariş verirsen en geç yarın kargoda!,En Çok Ziyaret Edilen 6. Ürün,https://cdn.dsmcdn.com/ty1643/prod/QC/20250227/13/255170d7-8633-380d-b744-3d324ff8fe80/1_org_zoom.jpg,"{""Ebatlar"":""Tek Ebat"",""Renk"":""Pembe"",""Menşei"":""CN"",""Özellik"":""Renk Değiştirme""}",20,5,refreshed,"[""daily_top""]",true,2026-08-26T14:30:28+03:00,0,"[""search_result_dom"",""product_detail_jsonld"",""product_detail_dom""]","{""title"":""observed"",""brand"":""observed"",""seller_name"":""observed"",""seller_score"":""observed"",""price"":""observed"",""original_price"":""unavailable"",""campaigns"":""observed"",""stock_status"":""observed"",""stock_signal"":""observed"",""rating"":""observed"",""rating_count"":""observed"",""review_count"":""observed"",""question_count"":""observed"",""delivery_summary"":""observed"",""shipping_cost"":""observed"",""properties"":""observed""}",true,
2026-08-26,2026-08-26T14:30:28+03:00,hobi,BEST_SELLER,hobi-malzemeleri,hobi malzemeleri,75,5,155,155,1,hobi:hobi-malzemeleri,75,-13,17.7,12.3,929689681,1041259,929689681:1041259,Genel Markalar Paça Telası 20 Metre 2 Cm Çift Taraflı Tela - Şerit Tela- Amerikan Tela,Genel Markalar,Kumaş,https://www.trendyol.com/genel-markalar/paca-telasi-20-metre-2-cm-cift-tarafli-tela-serit-tela-amerikan-tela-p-929689681?boutiqueId=61&merchantId=1041259,Modern Teknik Tekstil,97,101.92,,,0,TRY,"[""Kargo Bedava"",""Trendyol Plus'a Özel""]",InStock,100 adetten fazla stok sunulmuştur,,,,,4.3,398,160,3,78,942 kişinin sepetinde,"30,7B kişi favoriledi",,4999,TRY,0,,1,4,2 saat 23 dakika içinde sipariş verirsen en geç bugün kargoda!,En Çok Satan 1. Ürün,https://cdn.dsmcdn.com/ty1705/prod/QC_ENRICHMENT/20250706/09/72b5bc5e-3662-3891-8442-89cc87a1d4c6/1_org_zoom.jpg,"{""Renk"":""Ekru"",""Boyut/Ebat"":""20 x 10"",""Menşei"":""TR""}",20,5,refreshed,"[""daily_top""]",true,2026-08-26T14:30:28+03:00,0,"[""search_result_dom"",""product_detail_jsonld"",""product_detail_dom""]","{""title"":""observed"",""brand"":""observed"",""seller_name"":""observed"",""seller_score"":""observed"",""price"":""observed"",""original_price"":""unavailable"",""campaigns"":""observed"",""stock_status"":""observed"",""stock_signal"":""observed"",""rating"":""observed"",""rating_count"":""observed"",""review_count"":""observed"",""question_count"":""observed"",""delivery_summary"":""observed"",""shipping_cost"":""observed"",""properties"":""observed""}",true,
2026-08-26,2026-08-26T14:30:28+03:00,hobi,BEST_SELLER,hobi-malzemeleri,hobi malzemeleri,76,5,156,156,10,hobi:hobi-malzemeleri,76,16,18.2,11.8,906363839,501457,906363839:501457,BALON DİYARI Fuşya & Mor & Pembe & Lila Konfeti 15 Adet Balon Seti – Göz Alıcı Ve Şık Parti Dekoru,BALON DİYARI,,https://www.trendyol.com/balon-diyari/fusya-mor-pembe-lila-konfeti-15-adet-balon-seti-goz-alici-ve-sik-parti-dekoru-p-906363839?boutiqueId=61&merchantId=501457,Balon Diyarı,93,49.99,,,0,TRY,"[""Kargo Bedava""]",InStock,100 adetten fazla stok sunulmuştur,,,,,4.4,187,,0,33,,"4,8B kişi favoriledi",,,,0,,,,1 saat 23 dakika içinde sipariş verirsen en geç bugün kargoda!,En Çok Satan 10. Ürün,,{},0,,refreshed,"[""daily_top""]",true,2026-08-26T14:30:28+03:00,0,"[""search_result_dom"",""product_detail_jsonld"",""product_detail_dom""]","{""title"":""observed"",""brand"":""observed"",""seller_name"":""observed"",""seller_score"":""observed"",""price"":""observed"",""original_price"":""unavailable"",""campaigns"":""observed"",""stock_status"":""observed"",""stock_signal"":""observed"",""rating"":""observed"",""rating_count"":""observed"",""review_count"":""unavailable"",""question_count"":""observed"",""delivery_summary"":""observed"",""shipping_cost"":""unavailable"",""properties"":""observed""}",true,
2026-08-26,2026-08-26T14:30:28+03:00,hobi,BEST_SELLER,hobi-malzemeleri,hobi malzemeleri,77,5,157,157,,hobi:hobi-malzemeleri,77,-6,20.5,9.5,824862161,839990,824862161:839990,Okalisto Hareket Sensörlü 16 Ledli 6 Modlu Şarjlı 2 Renk Beyaz Ve Sarı Gün Işık Lamba Auto Mod Dolap Içi,Okalisto,Led Işık,https://www.trendyol.com/okalisto/hareket-sensorlu-16-ledli-6-modlu-sarjli-2-renk-beyaz-ve-sari-gun-isik-lamba-auto-mod-dolap-ici-p-824862161?boutiqueId=61&merchantId=839990,Okalisto,91,199.9,,,0,TRY,"[""Kargo Bedava""]",InStock,100 adetten fazla stok sunulmuştur,,,,,4.4,634,361,0,281,,"16,2B kişi favoriledi",Son 24 saatte 499 kişi görüntüledi,4999,TRY,0,1,1,4,9 saat 23 dakika içinde sipariş verirsen en geç yarın kargoda!,,https://cdn.dsmcdn.com/ty1670/prod/QC/20250426/12/285fd48e-1ff4-3f65-a9ad-59aa6800bc4a/1_org_zoom.jpg,"{""Ebatlar"":""Tek Ebat"",""Renk"":""Beyaz"",""Menşei"":""CN"",""Batarya Türü"":""Lityum-iyon"",""Özellik"":""Şarj edilebilir""}",20,5,refreshed,"[""daily_top""]",true,2026-08-26T14:30:28+03:00,0,"[""search_result_dom"",""product_detail_jsonld"",""product_detail_dom""]","{""title"":""observed"",""brand"":""observed"",""seller_name"":""observed"",""seller_score"":""observed"",""price"":""observed"",""original_price"":""unavailable"",""campaigns"":""observed"",""stock_status"":""observed"",""stock_signal"":""observed"",""rating"":""observed"",""rating_count"":""observed"",""review_count"":""observed"",""question_count"":""observed"",""delivery_summary"":""observed"",""shipping_cost"":""observed"",""properties"":""observed""}",true,
2026-08-26,2026-08-26T14:30:28+03:00,hobi,BEST_SELLER,hobi-malzemeleri,hobi malzemeleri,78,5,158,158,10,hobi:hobi-malzemeleri,78,20,14.9,16.1,934588637,496742,934588637:496742,Hobimos 100 Adet 8 mm Beyaz Yuvarlak Yarım Plastik İnci Boncuk,Hobimos,Boncuk,https://www.trendyol.com/hobimos/100-adet-8-mm-beyaz-yuvarlak-yarim-plastik-inci-boncuk-p-934588637?boutiqueId=61&merchantId=496742,Hobimos,100,31.7,32.02,1,0,TRY,"[""Sepette %1 İndirim"",""Kargo Bedava""]",InStock,100 adetten fazla stok sunulmuştur,,,,,4.4,101,54,0,9,,"5,7B kişi favoriledi",,4999,TRY,0,1,1,4,9 saat 23 dakika içinde sipariş verirsen en geç yarın kargoda!,,https://cdn.dsmcdn.com/ty1676/prod/QC/20250510/17/b5f2e5ef-a30a-3789-8ea5-7ce37f783288/1_org_zoom.jpg,"{""Menşei"":""CN"",""Bakım Talimatları (Genel)"":""Nemli bir bezle silin.""}",20,5,refreshed,"[""daily_top""]",true,2026-08-26T14:30:28+03:00,0,"[""search_result_dom"",""product_detail_jsonld"",""product_detail_dom""]","{""title"":""observed"",""brand"":""observed"",""seller_name"":""observed"",""seller_score"":""observed"",""price"":""observed"",""original_price"":""observed"",""campaigns"":""observed"",""stock_status"":""observed"",""stock_signal"":""observed"",""rating"":""observed"",""rating_count"":""observed"",""review_count"":""observed"",""question_count"":""observed"",""delivery_summary"":""observed"",""shipping_cost"":""observed"",""properties"":""observed""}",true,
2026-08-26,2026-08-26T14:30:28+03:00,hobi,BEST_SELLER,hobi-malzemeleri,hobi malzemeleri,79,5,159,159,21,hobi:hobi-malzemeleri,79,26,11.5,18.5,1152079763,1041067,1152079763:1041067,"Mortex Beyaz Süsleme Tülü - Boy 1 MT, En Sabit 3 MT - Kına, Düğün, Söz, Nişan, Nikah, Bride, Kapı, Doğum Günü, Parti, El işi, Bohça Tülü, Çeyiz, Konvoy, Dekor, Gelin, Damat, Valiz, Hastane, Hediye Süslemesi",Mortex,,https://www.trendyol.com/mortex/beyaz-susleme-tulu-boy-1-mt-en-sabit-3-mt-kina-dugun-soz-nisan-nikah-bride-kapi-dogum-gunu-parti-el-isi-bohca-tulu-ceyiz-konvoy-dekor-gelin-damat-valiz-hastane-hediye-suslemesi-p-1152079763?boutiqueId=61&merchantId=1041067,Mortex,,49.9,,,0,TRY,"[""Kargo Bedava""]",InStock,100 adetten fazla stok sunulmuştur,,,,,4.5,26,,0,18,,"3,8B kişi favoriledi",,,,0,,,,9 saat 23 dakika içinde sipariş verirsen en geç yarın kargoda!,,,{},0,,refreshed,"[""daily_top""]",true,2026-08-26T14:30:28+03:00,0,"[""search_result_dom"",""product_detail_jsonld"",""product_detail_dom""]","{""title"":""observed"",""brand"":""observed"",""seller_name"":""observed"",""seller_score"":""unavailable"",""price"":""observed"",""original_price"":""unavailable"",""campaigns"":""observed"",""stock_status"":""observed"",""stock_signal"":""observed"",""rating"":""observed"",""rating_count"":""observed"",""review_count"":""unavailable"",""question_count"":""observed"",""delivery_summary"":""observed"",""shipping_cost"":""unavailable"",""properties"":""observed""}",true,
2026-08-26,2026-08-26T14:30:28+03:00,hobi,BEST_SELLER,hobi-malzemeleri,hobi malzemeleri,80,5,160,160,,hobi:hobi-malzemeleri,80,-29,16.9,13.1,940968957,501457,940968957:501457,"BALON DİYARI 5 Parça Siyah, Gümüş ve Şeffaf Balon Seti – Doğum Günü ve Parti Dekoru 🎈",BALON DİYARI,Balon,https://www.trendyol.com/balon-diyari/5-parca-siyah-gumus-ve-seffaf-balon-seti-dogum-gunu-ve-parti-dekoru-p-940968957?boutiqueId=61&merchantId=501457,Balon Diyarı,93,24.99,,,0,TRY,"[""Kargo Bedava""]",InStock,100 adetten fazla stok sunulmuştur,,,,,4.1,240,129,0,122,408 kişinin sepetinde,"16,5B kişi favoriledi",,4999,TRY,0,,1,4,1 saat 23 dakika içinde sipariş verirsen en geç bugün kargoda!,,https://cdn.dsmcdn.com/ty1794/prod/QC_ENRICHMENT/20251204/11/6458d6bb-947e-3c29-ac12-9b58d43cf100/1_org_zoom.jpg,"{""Balon Çeşidi"":""Krom Balon"",""Renk"":""Çok Renkli"",""Menşei"":""TR""}",20,5,refreshed,"[""daily_top"",""hot_change""]",true,2026-08-26T14:30:28+03:00,0,"[""search_result_dom"",""product_detail_jsonld"",""product_detail_dom""]","{""title"":""observed"",""brand"":""observed"",""seller_name"":""observed"",""seller_score"":""observed"",""price"":""observed"",""original_price"":""unavailable"",""campaigns"":""observed"",""stock_status"":""observed"",""stock_signal"":""observed"",""rating"":""observed"",""rating_count"":""observed"",""review_count"":""observed"",""question_count"":""observed"",""delivery_summary"":""observed"",""shipping_cost"":""observed"",""properties"":""observed""}",true,
2026-08-26,2026-08-26T14:30:28+03:00,hobi,BEST_SELLER,hobi-malzemeleri,hobi malzemeleri,81,5,161,161,10,hobi:hobi-malzemeleri,81,-49,13.4,16.6,1041558244,279745,1041558244:279745,TİLİA DESİGN İncili İstiridye Anahtarlık Kına Nişan Söz Nikah Hatırası 10 Adet Özel Tasarım,TİLİA DESİGN,Söz Hediyelik,https://www.trendyol.com/tilia-design/incili-istiridye-anahtarlik-kina-nisan-soz-nikah-hatirasi-10-adet-ozel-tasarim-p-1041558244?boutiqueId=61&merchantId=279745,Tilia Design,83,89.99,,,0,TRY,"[""20 TL Kupon"",""Kargo Bedava""]",InStock,100 adetten fazla stok sunulmuştur,,,,,3.8,61,47,0,377,,"4,7B kişi favoriledi",,4999,TRY,0,5,1,8,Tahmini Teslim:,En Çok Satan 10. Ürün,https://cdn.dsmcdn.com/ty1780/prod/QC_PREP/20251027/00/38e3392e-1654-3c42-99e0-07cbce6935dd/1_org_zoom.jpg,"{""Diğer Özellikler"":""İstediğiniz tasarım yapılmaktadır."",""Menşei"":""TR"",""Bakım Talimatları (Genel)"":""Gıda ile temas için uygun değildir.""}",20,5,refreshed,"[""daily_top"",""hot_change""]",true,2026-08-26T14:30:28+03:00,0,"[""search_result_dom"",""product_detail_jsonld"",""product_detail_dom""]","{""title"":""observed"",""brand"":""observed"",""seller_name"":""observed"",""seller_score"":""observed"",""price"":""observed"",""original_price"":""unavailable"",""campaigns"":""observed"",""stock_status"":""observed"",""stock_signal"":""observed"",""rating"":""observed"",""rating_count"":""observed"",""review_count"":""observed"",""question_count"":""observed"",""delivery_summary"":""observed"",""shipping_cost"":""observed"",""properties"":""observed""}",true,
2026-08-26,2026-08-26T14:30:28+03:00,hobi,BEST_SELLER,hobi-malzemeleri,hobi malzemeleri,82,5,162,162,2,hobi:hobi-malzemeleri,82,12,4.8,25.2,1150823835,857452,1150823835:857452,Dekals Hac ve Umre Hediye Poşeti Seti (1 adet hediye paketi+1 adet kart +1 mt İp),Dekals,Paketleme Malzemesi,https://www.trendyol.com/dekals/hac-ve-umre-hediye-poseti-seti-1-adet-hediye-paketi-1-adet-kart-1-mt-ip-p-1150823835?boutiqueId=61&merchantId=857452,DEKALS,96,18.13,,,0,TRY,"[""Kargo Bedava""]",InStock,100 adetten fazla stok sunulmuştur,,,,,4.7,6,3,0,10,,,,4999,TRY,0,1,1,4,9 saat 23 dakika içinde sipariş verirsen en geç yarın kargoda!,En Çok Satan 2. Ürün,https://cdn.dsmcdn.com/ty1932/prod/QC_PREP/20260524/22/6a80359d-86e1-3084-b6f4-f6417035a5ea/1_org_zoom.jpg,"{""Menşei"":""TR""}",3,4.33,refreshed,"[""daily_top""]",true,2026-08-26T14:30:28+03:00,0,"[""search_result_dom"",""product_detail_jsonld"",""product_detail_dom""]","{""title"":""observed"",""brand"":""observed"",""seller_name"":""observed"",""seller_score"":""observed"",""price"":""observed"",""original_price"":""unavailable"",""campaigns"":""observed"",""stock_status"":""observed"",""stock_signal"":""observed"",""rating"":""observed"",""rating_count"":""observed"",""review_count"":""observed"",""question_count"":""observed"",""delivery_summary"":""observed"",""shipping_cost"":""observed"",""properties"":""observed""}",true,
2026-08-26,2026-08-26T14:30:28+03:00,hobi,BEST_SELLER,hobi-malzemeleri,hobi malzemeleri,83,5,163,163,6,hobi:hobi-malzemeleri,83,19,22.5,7.5,171123281,117788,171123281:117788,Patladı Gitti Balon Şişirme Pompası El Tipi Manuel,Patladı Gitti,,https://www.trendyol.com/patladi-gitti/balon-sisirme-pompasi-el-tipi-manuel-p-171123281?boutiqueId=61&merchantId=117788,Patladı Gitti,,99.61,,,0,TRY,"[""Kargo Bedava""]",InStock,100 adetten fazla stok sunulmuştur,,,,,4.3,653,,0,30,413 kişinin sepetinde,"5,8B kişi favoriledi",,,,0,,,,23 dakika 34 saniye içinde sipariş verirsen en geç bugün kargoda!,En Çok Satan 6. Ürün,,{},0,,refreshed,"[""daily_top""]",true,2026-08-26T14:30:28+03:00,0,"[""search_result_dom"",""product_detail_jsonld"",""product_detail_dom""]","{""title"":""observed"",""brand"":""observed"",""seller_name"":""observed"",""seller_score"":""unavailable"",""price"":""observed"",""original_price"":""unavailable"",""campaigns"":""observed"",""stock_status"":""observed"",""stock_signal"":""observed"",""rating"":""observed"",""rating_count"":""observed"",""review_count"":""unavailable"",""question_count"":""observed"",""delivery_summary"":""observed"",""shipping_cost"":""unavailable"",""properties"":""observed""}",true,
2026-08-26,2026-08-26T14:30:28+03:00,hobi,BEST_SELLER,hobi-malzemeleri,hobi malzemeleri,84,5,164,164,,hobi:hobi-malzemeleri,84,,28,2,773959230,458118,773959230:458118,"Genel Markalar 15 Adet Süslemeli Lotus Mum, Nikah Şekeri, Doğum, Sünnet, Düğün Nişan Söz, Kına, Doğum Günü.",Genel Markalar,Söz Hediyelik,https://www.trendyol.com/genel-markalar/15-adet-suslemeli-lotus-mum-nikah-sekeri-dogum-sunnet-dugun-nisan-soz-kina-dogum-gunu-p-773959230?boutiqueId=61&merchantId=458118,Kırmızı baharat kuruyemiş ve bakliyat,88,193,,,,TRY,"[""40 TL Kupon"",""Kargo Bedava""]",InStock,100 adetten fazla stok sunulmuştur,,,,,4.4,4462,3163,,10428,,"74,9B kişi favoriledi",,4999,TRY,0,6,1,9,Tahmini Teslim:,En Çok Favorilenen 1. Ürün,https://cdn.dsmcdn.com/ty1666/prod/QC/20250418/15/cf01214b-1294-34aa-83d8-a0991f5f13aa/1_org_zoom.jpg,"{""Diğer Özellikler"":""lotus, hediye, düğün, nişan, kına, kişiselleştirilebilir"",""Menşei"":""TR"",""Bakım Talimatları (Genel)"":""Ürünün kullanım ömrünü korumak için ürüne özel bakım talimatlarını takip ediniz.""}",20,5,refreshed,"[""daily_top""]",true,2026-08-26T14:30:28+03:00,0,"[""search_result_dom"",""product_detail_jsonld"",""product_detail_dom""]","{""title"":""observed"",""brand"":""observed"",""seller_name"":""observed"",""seller_score"":""observed"",""price"":""observed"",""original_price"":""unavailable"",""campaigns"":""observed"",""stock_status"":""observed"",""stock_signal"":""observed"",""rating"":""observed"",""rating_count"":""observed"",""review_count"":""observed"",""question_count"":""observed"",""delivery_summary"":""observed"",""shipping_cost"":""observed"",""properties"":""observed""}",true,
2026-08-26,2026-08-26T14:30:28+03:00,hobi,BEST_SELLER,hobi-malzemeleri,hobi malzemeleri,85,6,165,165,,hobi:hobi-malzemeleri,85,6,14.9,15.1,1095276784,329855,1095276784:329855,dekoraven Kişiye Özel Tasarım İsim-Yazı Neon Led Işıklı Yazı(Fiyat 1 harf Fiyatıdır) Açıklamaya bakınız,dekoraven,Led Işık,https://www.trendyol.com/dekoraven/kisiye-ozel-tasarim-isim-yazi-neon-led-isikli-yazi-fiyat-1-harf-fiyatidir-aciklamaya-bakiniz-p-1095276784?boutiqueId=61&merchantId=329855,Dekoraven,83,125.13,,,0,TRY,"[""Son 10 Günün En Düşük Fiyatı"",""Kargo Bedava"",""Trendyol Plus'a Özel""]",InStock,100 adetten fazla stok sunulmuştur,,,,,4.1,92,72,0,862,763 kişinin sepetinde,"15,8B kişi favoriledi",Son 24 saatte 505 kişi görüntüledi,4999,TRY,0,2,1,6,Tahmini Teslim:,,https://cdn.dsmcdn.com/ty1930/prod/QC_ENRICHMENT/20260430/16/8daca6df-7554-3d49-a0e5-60f49dd66e4e/1_org_zoom.jpg,"{""Ebatlar"":""Tek Ebat"",""Renk"":""Çok Renkli"",""Menşei"":""TR"",""Batarya Türü"":""Diğer"",""Özellik"":""Ledli"",""Enerji Tasarrufu"":""Var""}",20,5,refreshed,"[""daily_top""]",true,2026-08-26T14:30:28+03:00,0,"[""search_result_dom"",""product_detail_jsonld"",""product_detail_dom""]","{""title"":""observed"",""brand"":""observed"",""seller_name"":""observed"",""seller_score"":""observed"",""price"":""observed"",""original_price"":""unavailable"",""campaigns"":""observed"",""stock_status"":""observed"",""stock_signal"":""observed"",""rating"":""observed"",""rating_count"":""observed"",""review_count"":""observed"",""question_count"":""observed"",""delivery_summary"":""observed"",""shipping_cost"":""observed"",""properties"":""observed""}",true,
2026-08-26,2026-08-26T14:30:28+03:00,hobi,BEST_SELLER,hobi-malzemeleri,hobi malzemeleri,86,6,166,166,7,hobi:hobi-malzemeleri,86,10,21.4,8.6,94395263,229852,94395263:229852,Huzur Party Store Beyaz Renk Kullan At 120x180 Cm Doğum Günü Partisi Için Tek Kullanımlık Düz Plastik Masa Örtüsü,Huzur Party Store,,https://www.trendyol.com/huzur-party-store/beyaz-renk-kullan-at-120x180-cm-dogum-gunu-partisi-icin-tek-kullanimlik-duz-plastik-masa-ortusu-p-94395263?boutiqueId=61&merchantId=229852,Huzur Party Store,,73.36,,,0,TRY,"[""Kargo Bedava""]",InStock,100 adetten fazla stok sunulmuştur,,,,,4.2,476,,0,21,379 kişinin sepetinde,"12,2B kişi favoriledi",,,,0,,,,9 saat 23 dakika içinde sipariş verirsen en geç yarın kargoda!,En Çok Satan 7. Ürün,,{},0,,refreshed,"[""daily_top""]",true,2026-08-26T14:30:28+03:00,0,"[""search_result_dom"",""product_detail_jsonld"",""product_detail_dom""]","{""title"":""observed"",""brand"":""observed"",""seller_name"":""observed"",""seller_score"":""unavailable"",""price"":""observed"",""original_price"":""unavailable"",""campaigns"":""observed"",""stock_status"":""observed"",""stock_signal"":""observed"",""rating"":""observed"",""rating_count"":""observed"",""review_count"":""unavailable"",""question_count"":""observed"",""delivery_summary"":""observed"",""shipping_cost"":""unavailable"",""properties"":""observed""}",true,
2026-08-26,2026-08-26T14:30:28+03:00,hobi,BEST_SELLER,hobi-malzemeleri,hobi malzemeleri,87,6,167,167,1,hobi:hobi-malzemeleri,87,-11,21.5,8.5,48791740,230205,48791740:230205,Manolya Profesyonel Kuaför Kaş Bıyık Alma İpi Ekstra Sağlam 500 metre,Manolya,Nakış İpi,https://www.trendyol.com/manolya/profesyonel-kuafor-kas-biyik-alma-ipi-ekstra-saglam-500-metre-p-48791740?boutiqueId=61&merchantId=230205,Atmaca Tuhafiye,93,70.6,,,0,TRY,"[""Kargo Bedava"",""Son 10 Günün En Düşük Fiyatı""]",InStock,100 adetten fazla stok sunulmuştur,,,,,4.4,818,488,2,59,,"10,4B kişi favoriledi",,4999,TRY,0,1,1,4,9 saat 23 dakika içinde sipariş verirsen en geç yarın kargoda!,En Çok Satan 1. Ürün,https://cdn.dsmcdn.com/ty1546/product/media/images/ty1545/prod/QC/20240915/23/93357bc8-9a3f-32d4-bda9-f578864e4c44/1_org_zoom.jpg,"{""İçerik"":""Polyester"",""Gramaj"":""25 - 49 gr"",""Renk"":""Beyaz"",""Adet"":""1"",""Menşei"":""TR"",""Bakım Talimatları (Genel)"":""Gıda ile temas için uygun değildir.""}",20,5,refreshed,"[""daily_top""]",true,2026-08-26T14:30:28+03:00,0,"[""search_result_dom"",""product_detail_jsonld"",""product_detail_dom""]","{""title"":""observed"",""brand"":""observed"",""seller_name"":""observed"",""seller_score"":""observed"",""price"":""observed"",""original_price"":""unavailable"",""campaigns"":""observed"",""stock_status"":""observed"",""stock_signal"":""observed"",""rating"":""observed"",""rating_count"":""observed"",""review_count"":""observed"",""question_count"":""observed"",""delivery_summary"":""observed"",""shipping_cost"":""observed"",""properties"":""observed""}",true,
2026-08-26,2026-08-26T14:30:28+03:00,hobi,BEST_SELLER,hobi-malzemeleri,hobi malzemeleri,88,6,168,168,,hobi:hobi-malzemeleri,88,,21.6,8.4,820036437,839990,820036437:839990,"Okalisto Hareket Sensörlü 8 Ledli Sarı Gün Işığı Lamba Usb Şarjlı On/auto/off Modlu Dolap Içi, Koridor 1 Adet",Okalisto,Led Işık,https://www.trendyol.com/okalisto/hareket-sensorlu-8-ledli-sari-gun-isigi-lamba-usb-sarjli-on-auto-off-modlu-dolap-ici-koridor-1-adet-p-820036437?boutiqueId=61&merchantId=839990,Okalisto,91,155.82,,,,TRY,"[""Kargo Bedava"",""Trendyol Plus'a Özel""]",InStock,100 adetten fazla stok sunulmuştur,,,,,4.3,829,502,,465,,"25,3B kişi favoriledi",Son 24 saatte 553 kişi görüntüledi,4999,TRY,0,1,1,4,9 saat 23 dakika içinde sipariş verirsen en geç yarın kargoda!,,https://cdn.dsmcdn.com/ty1400/product/media/images/prod/QC/20240703/01/638deea5-606c-35bd-b8cf-80de75610e15/1_org_zoom.jpg,"{""Ebatlar"":""Tek Ebat"",""Renk"":""Sarı"",""Menşei"":""CN"",""Batarya Türü"":""Lityum-iyon"",""Özellik"":""Şarj edilebilir""}",20,5,refreshed,"[""daily_top""]",true,2026-08-26T14:30:28+03:00,0,"[""search_result_dom"",""product_detail_jsonld"",""product_detail_dom""]","{""title"":""observed"",""brand"":""observed"",""seller_name"":""observed"",""seller_score"":""observed"",""price"":""observed"",""original_price"":""unavailable"",""campaigns"":""observed"",""stock_status"":""observed"",""stock_signal"":""observed"",""rating"":""observed"",""rating_count"":""observed"",""review_count"":""observed"",""question_count"":""observed"",""delivery_summary"":""observed"",""shipping_cost"":""observed"",""properties"":""observed""}",true,
2026-08-26,2026-08-26T14:30:28+03:00,hobi,BEST_SELLER,hobi-malzemeleri,hobi malzemeleri,89,6,169,169,,hobi:hobi-malzemeleri,89,4,20.6,9.4,234242094,134783,234242094:134783,"ZEYMERADE Doğal Toz Kına 250 gr, Gelin, Damat, Düğün, Kına Gecesi, Sünnet, Asker Eğlencesi",ZEYMERADE,Kına Gecesi Seti,https://www.trendyol.com/zeymerade/dogal-toz-kina-250-gr-gelin-damat-dugun-kina-gecesi-sunnet-asker-eglencesi-p-234242094?boutiqueId=61&merchantId=134783,ZEYMERADE,,139.9,,,0,TRY,[],InStock,100 adetten fazla stok sunulmuştur,,,,,4.5,744,376,0,,,,,4999,TRY,0,1,1,4,9 saat 23 dakika içinde sipariş verirsen en geç yarın kargoda!,,https://cdn.dsmcdn.com/ty1378/product/media/images/prod/QC/20240624/17/91b96c51-61aa-3e63-a4fd-b74674b94312/1_org_zoom.jpg,"{""Renk"":""Metalik"",""Menşei"":""TR"",""Ürün Güvenliği Bilgisi"":""Tehlikeli Değil""}",20,5,refreshed,"[""daily_top""]",true,2026-08-26T14:30:28+03:00,0,"[""search_result_dom"",""product_detail_jsonld"",""product_detail_dom""]","{""title"":""observed"",""brand"":""observed"",""seller_name"":""observed"",""seller_score"":""unavailable"",""price"":""observed"",""original_price"":""unavailable"",""campaigns"":""unavailable"",""stock_status"":""observed"",""stock_signal"":""observed"",""rating"":""observed"",""rating_count"":""observed"",""review_count"":""observed"",""question_count"":""unavailable"",""delivery_summary"":""observed"",""shipping_cost"":""observed"",""properties"":""observed""}",true,
2026-08-26,2026-08-26T14:30:28+03:00,hobi,BEST_SELLER,hobi-malzemeleri,hobi malzemeleri,90,6,170,170,5,hobi:hobi-malzemeleri,90,7,22.2,7.8,865173931,134783,865173931:134783,"ZEYMERADE Kısa Saplı Oyun Kaşığı 4 Adet, Gösteri Düğün Kına Gecesi Halk Oyunları Plastik Tahta Kaşık",ZEYMERADE,,https://www.trendyol.com/zeymerade/kisa-sapli-oyun-kasigi-4-adet-gosteri-dugun-kina-gecesi-halk-oyunlari-plastik-tahta-kasik-p-865173931?boutiqueId=61&merchantId=134783,ZEYMERADE,,24.9,,,0,TRY,"[""Kargo Bedava""]",InStock,100 adetten fazla stok sunulmuştur,,,,,4.4,587,,0,48,,"6,7B kişi favoriledi",,,,0,,,,9 saat 23 dakika içinde sipariş verirsen en geç yarın kargoda!,,,{},0,,refreshed,"[""daily_top""]",true,2026-08-26T14:30:28+03:00,0,"[""search_result_dom"",""product_detail_jsonld"",""product_detail_dom""]","{""title"":""observed"",""brand"":""observed"",""seller_name"":""observed"",""seller_score"":""unavailable"",""price"":""observed"",""original_price"":""unavailable"",""campaigns"":""observed"",""stock_status"":""observed"",""stock_signal"":""observed"",""rating"":""observed"",""rating_count"":""observed"",""review_count"":""unavailable"",""question_count"":""observed"",""delivery_summary"":""observed"",""shipping_cost"":""unavailable"",""properties"":""observed""}",true,
2026-08-26,2026-08-26T14:30:28+03:00,hobi,BEST_SELLER,hobi-malzemeleri,hobi malzemeleri,91,6,171,171,31,hobi:hobi-malzemeleri,91,-38,21.3,8.7,366549701,134783,366549701:134783,"ZEYMERADE Yeşil Sağdıç Kol Kurdele Bileklik Bant, Kına Gecesi Düğün Bride Bekarlığa Veda Söz, 1 Adet",ZEYMERADE,,https://www.trendyol.com/zeymerade/yesil-sagdic-kol-kurdele-bileklik-bant-kina-gecesi-dugun-bride-bekarliga-veda-soz-1-adet-p-366549701?boutiqueId=61&merchantId=134783,ZEYMERADE,,16.64,,,0,TRY,"[""Kargo Bedava""]",InStock,100 adetten fazla stok sunulmuştur,,,,,4.7,464,,0,12,,"2,4B kişi favoriledi",,,,0,,,,9 saat 23 dakika içinde sipariş verirsen en geç yarın kargoda!,,,{},0,,refreshed,"[""daily_top"",""hot_change""]",true,2026-08-26T14:30:28+03:00,0,"[""search_result_dom"",""product_detail_jsonld"",""product_detail_dom""]","{""title"":""observed"",""brand"":""observed"",""seller_name"":""observed"",""seller_score"":""unavailable"",""price"":""observed"",""original_price"":""unavailable"",""campaigns"":""observed"",""stock_status"":""observed"",""stock_signal"":""observed"",""rating"":""observed"",""rating_count"":""observed"",""review_count"":""unavailable"",""question_count"":""observed"",""delivery_summary"":""observed"",""shipping_cost"":""unavailable"",""properties"":""observed""}",true,
2026-08-26,2026-08-26T14:30:28+03:00,hobi,BEST_SELLER,hobi-malzemeleri,hobi malzemeleri,92,6,172,172,1,hobi:hobi-malzemeleri,92,-22,22.6,7.4,353583942,209142,353583942:209142,Prestij Boncuk Çantalı Ekonomik Silikon Saplı Tığ Seti 7 Farklı Numara 2mm-2.5mm-3mm-3.5mm-4mm-4.5mm-5mm,Prestij Boncuk,Tığ,https://www.trendyol.com/prestij-boncuk/cantali-ekonomik-silikon-sapli-tig-seti-7-farkli-numara-2mm-2-5mm-3mm-3-5mm-4mm-4-5mm-5mm-p-353583942?boutiqueId=61&merchantId=209142,Prestij Boncuk,85,191.11,,,0,TRY,"[""Kargo Bedava""]",InStock,100 adetten fazla stok sunulmuştur,,,,,4.6,1279,671,1,128,1B kişinin sepetinde,"20,8B kişi favoriledi",Son 24 saatte 368 kişi görüntüledi,4999,TRY,0,1,1,4,9 saat 23 dakika içinde sipariş verirsen en geç yarın kargoda!,En Çok Satan 1. Ürün,https://cdn.dsmcdn.com/ty1849/prod/QC_ENRICHMENT/20260401/10/ed8e93b2-e39c-3875-bbc3-ca4fdcc5f6dd/1_org_zoom.jpg,"{""Menşei"":""TR"",""Bakım Talimatları (Genel)"":""Ürünün kullanım ömrünü korumak için ürüne özel bakım talimatlarını takip ediniz.""}",20,5,refreshed,"[""daily_top""]",true,2026-08-26T14:30:28+03:00,0,"[""search_result_dom"",""product_detail_jsonld"",""product_detail_dom""]","{""title"":""observed"",""brand"":""observed"",""seller_name"":""observed"",""seller_score"":""observed"",""price"":""observed"",""original_price"":""unavailable"",""campaigns"":""observed"",""stock_status"":""observed"",""stock_signal"":""observed"",""rating"":""observed"",""rating_count"":""observed"",""review_count"":""observed"",""question_count"":""observed"",""delivery_summary"":""observed"",""shipping_cost"":""observed"",""properties"":""observed""}",true,
2026-08-26,2026-08-26T14:30:28+03:00,hobi,BEST_SELLER,hobi-malzemeleri,hobi malzemeleri,93,6,173,173,21,hobi:hobi-malzemeleri,93,43,15.6,14.4,955346224,134783,955346224:134783,"ZEYMERADE Yapay Beyaz Gül Yaprağı, 300 Adet Kutlama Yıl Dönümü Konfeti Evlilik Teklifi Romantik Dekor Hediye Süs Düğün Kına Söz Nişan Parti Süsleme Gelin Damat",ZEYMERADE,,https://www.trendyol.com/zeymerade/yapay-beyaz-gul-yapragi-300-adet-kutlama-yil-donumu-konfeti-evlilik-teklifi-romantik-dekor-hediye-sus-dugun-kina-soz-nisan-parti-susleme-gelin-damat-p-955346224?boutiqueId=61&merchantId=134783,ZEYMERADE,,139.9,,,0,TRY,"[""Kargo Bedava""]",InStock,100 adetten fazla stok sunulmuştur,,,,,4.7,87,,0,13,,"7,3B kişi favoriledi",,,,0,,,,9 saat 23 dakika içinde sipariş verirsen en geç yarın kargoda!,En Çok Ziyaret Edilen 3. Ürün,,{},0,,refreshed,"[""daily_top""]",true,2026-08-26T14:30:28+03:00,0,"[""search_result_dom"",""product_detail_jsonld"",""product_detail_dom""]","{""title"":""observed"",""brand"":""observed"",""seller_name"":""observed"",""seller_score"":""unavailable"",""price"":""observed"",""original_price"":""unavailable"",""campaigns"":""observed"",""stock_status"":""observed"",""stock_signal"":""observed"",""rating"":""observed"",""rating_count"":""observed"",""review_count"":""unavailable"",""question_count"":""observed"",""delivery_summary"":""observed"",""shipping_cost"":""unavailable"",""properties"":""observed""}",true,
2026-08-26,2026-08-26T14:30:28+03:00,hobi,BEST_SELLER,hobi-malzemeleri,hobi malzemeleri,94,6,174,174,8,hobi:hobi-malzemeleri,94,-38,17.3,12.7,750657788,134783,750657788:134783,"ZEYMERADE Bebe Mavisi Bohça Süsleme Tülü, Nişan Bohça Süsü, Kapı Doğum Günü Parti Süsleme Tülü, 100x300cm",ZEYMERADE,,https://www.trendyol.com/zeymerade/bebe-mavisi-bohca-susleme-tulu-nisan-bohca-susu-kapi-dogum-gunu-parti-susleme-tulu-100x300cm-p-750657788?boutiqueId=61&merchantId=134783,ZEYMERADE,,49.9,,,0,TRY,"[""Kargo Bedava""]",InStock,100 adetten fazla stok sunulmuştur,,,,,4.5,145,,0,40,,4B kişi favoriledi,,,,0,,,,9 saat 23 dakika içinde sipariş verirsen en geç yarın kargoda!,En Çok Satan 8. Ürün,,{},0,,refreshed,"[""daily_top"",""hot_change""]",true,2026-08-26T14:30:28+03:00,0,"[""search_result_dom"",""product_detail_jsonld"",""product_detail_dom""]","{""title"":""observed"",""brand"":""observed"",""seller_name"":""observed"",""seller_score"":""unavailable"",""price"":""observed"",""original_price"":""unavailable"",""campaigns"":""observed"",""stock_status"":""observed"",""stock_signal"":""observed"",""rating"":""observed"",""rating_count"":""observed"",""review_count"":""unavailable"",""question_count"":""observed"",""delivery_summary"":""observed"",""shipping_cost"":""unavailable"",""properties"":""observed""}",true,
2026-08-26,2026-08-26T14:30:28+03:00,hobi,BEST_SELLER,hobi-malzemeleri,hobi malzemeleri,95,6,175,175,2,hobi:hobi-malzemeleri,95,4,17.5,12.5,897381085,502317,897381085:502317,"Öz-bal BABY Yazılı Beyaz Şeffaf Balon Kutusu 25X25 CM Yapışkan Harfli (ONE, BABY, BOY, GIRL)",Öz-bal,Parti Seti,https://www.trendyol.com/oz-bal/baby-yazili-beyaz-seffaf-balon-kutusu-25x25-cm-yapiskan-harfli-one-baby-boy-girl-p-897381085?boutiqueId=61&merchantId=502317,FortyFour Shop,9,299.9,,,1,TRY,"[""Kargo Bedava""]",InStock,100 adetten fazla stok sunulmuştur,,,,,4.1,278,153,0,169,428 kişinin sepetinde,"21,4B kişi favoriledi",Son 24 saatte 844 kişi görüntüledi,4999,TRY,0,1,1,4,9 saat 23 dakika içinde sipariş verirsen en geç yarın kargoda!,En Çok Satan 2. Ürün,https://cdn.dsmcdn.com/ty1786/prod/QC_ENRICHMENT/20251107/11/3ad176a0-e880-32d3-bf40-fa7b8c85806b/1_org_zoom.jpg,"{""Parti Konsepti"":""Doğum Günü"",""Renk"":""Beyaz"",""Menşei"":""TR""}",20,5,refreshed,"[""daily_top""]",true,2026-08-26T14:30:28+03:00,0,"[""search_result_dom"",""product_detail_jsonld"",""product_detail_dom""]","{""title"":""observed"",""brand"":""observed"",""seller_name"":""observed"",""seller_score"":""observed"",""price"":""observed"",""original_price"":""unavailable"",""campaigns"":""observed"",""stock_status"":""observed"",""stock_signal"":""observed"",""rating"":""observed"",""rating_count"":""observed"",""review_count"":""observed"",""question_count"":""observed"",""delivery_summary"":""observed"",""shipping_cost"":""observed"",""properties"":""observed""}",true,
2026-08-26,2026-08-26T14:30:28+03:00,hobi,BEST_SELLER,hobi-malzemeleri,hobi malzemeleri,96,6,176,176,,hobi:hobi-malzemeleri,96,,3.8,26.2,1189538520,220491,1189538520:220491,HASAN ERDOĞAN 24 Renk 14.000 Adet Hotfix Ütü Ile Yapışan Taş Ss10(2.5MM) Bedazzling kit Cımbız Hediyeli,HASAN ERDOĞAN,,https://www.trendyol.com/hasan-erdogan/24-renk-14-000-adet-hotfix-utu-ile-yapisan-tas-ss10-2-5mm-bedazzling-kit-cimbiz-hediyeli-p-1189538520?boutiqueId=61&merchantId=220491,YİĞİT AKSESUAR,91,829,,,,TRY,"[""Kargo Bedava""]",InStock,100 adetten fazla stok sunulmuştur,,,,,4.5,2,,,12,926 kişinin sepetinde,"2,4B kişi favoriledi","Son 24 saatte 3,3B kişi görüntüledi",,,0,,,,9 saat 23 dakika içinde sipariş verirsen en geç yarın kargoda!,En Çok Ziyaret Edilen 1. Ürün,,{},0,,refreshed,"[""daily_top""]",true,2026-08-26T14:30:28+03:00,0,"[""search_result_dom"",""product_detail_jsonld"",""product_detail_dom""]","{""title"":""observed"",""brand"":""observed"",""seller_name"":""observed"",""seller_score"":""observed"",""price"":""observed"",""original_price"":""unavailable"",""campaigns"":""observed"",""stock_status"":""observed"",""stock_signal"":""observed"",""rating"":""observed"",""rating_count"":""observed"",""review_count"":""unavailable"",""question_count"":""observed"",""delivery_summary"":""observed"",""shipping_cost"":""unavailable"",""properties"":""observed""}",true,
2026-08-26,2026-08-26T14:30:28+03:00,hobi,BEST_SELLER,hobi-malzemeleri,hobi malzemeleri,97,6,177,177,6,hobi:hobi-malzemeleri,97,-18,11.3,18.7,1080198556,858465,1080198556:858465,ARVALE 6 Adet Eğimli Cam Pipet ve 1 Adet Pratik Bükülebilir Pipet Temizleme Fırçası Seti,ARVALE,Pipet,https://www.trendyol.com/arvale/6-adet-egimli-cam-pipet-ve-1-adet-pratik-bukulebilir-pipet-temizleme-fircasi-seti-p-1080198556?boutiqueId=61&merchantId=858465,ARVALE,6,17.27,,,-28.6,TRY,"[""Kargo Bedava"",""Trendyol Plus'a Özel""]",InStock,100 adetten fazla stok sunulmuştur,,,,,4.4,43,25,1,8,437 kişinin sepetinde,"1,4B kişi favoriledi",,4999,TRY,0,1,1,4,9 saat 23 dakika içinde sipariş verirsen en geç yarın kargoda!,En Çok Satan 6. Ürün,https://cdn.dsmcdn.com/ty1842/prod/QC_ENRICHMENT/20260324/10/5bc117aa-16ca-3351-81f2-55d20d0a9c99/1_org_zoom.jpg,"{""Renk"":""Beyaz"",""Menşei"":""TR"",""Materyal"":""Cam""}",20,4.75,refreshed,"[""daily_top""]",true,2026-08-26T14:30:28+03:00,0,"[""search_result_dom"",""product_detail_jsonld"",""product_detail_dom""]","{""title"":""observed"",""brand"":""observed"",""seller_name"":""observed"",""seller_score"":""observed"",""price"":""observed"",""original_price"":""unavailable"",""campaigns"":""observed"",""stock_status"":""observed"",""stock_signal"":""observed"",""rating"":""observed"",""rating_count"":""observed"",""review_count"":""observed"",""question_count"":""observed"",""delivery_summary"":""observed"",""shipping_cost"":""observed"",""properties"":""observed""}",true,
2026-08-26,2026-08-26T14:30:28+03:00,hobi,BEST_SELLER,hobi-malzemeleri,hobi malzemeleri,98,6,178,178,3,hobi:hobi-malzemeleri,98,,27,3,147756260,1171970,147756260:1171970,BalonEvi Krom Pembe Ve Makaron (pastel) Pembe Renk 15 Li Balon,BalonEvi,,https://www.trendyol.com/balonevi/krom-pembe-ve-makaron-pastel-pembe-renk-15-li-balon-p-147756260?boutiqueId=61&merchantId=1171970,PartyFiX,91,69.99,,,,TRY,"[""10 TL Kupon"",""Sepette %1 İndirim"",""Kargo Bedava""]",InStock,100 adetten fazla stok sunulmuştur,,,,,4.2,2390,,,354,377 kişinin sepetinde,"59,1B kişi favoriledi",,,,0,,,,23 dakika 8 saniye içinde sipariş verirsen en geç bugün kargoda!,En Çok Favorilenen 1. Ürün,,{},0,,refreshed,"[""daily_top""]",true,2026-08-26T14:30:28+03:00,0,"[""search_result_dom"",""product_detail_jsonld"",""product_detail_dom""]","{""title"":""observed"",""brand"":""observed"",""seller_name"":""observed"",""seller_score"":""observed"",""price"":""observed"",""original_price"":""unavailable"",""campaigns"":""observed"",""stock_status"":""observed"",""stock_signal"":""observed"",""rating"":""observed"",""rating_count"":""observed"",""review_count"":""unavailable"",""question_count"":""observed"",""delivery_summary"":""observed"",""shipping_cost"":""unavailable"",""properties"":""observed""}",true,
2026-08-26,2026-08-26T14:30:28+03:00,hobi,BEST_SELLER,hobi-malzemeleri,hobi malzemeleri,99,6,179,179,3,hobi:hobi-malzemeleri,99,13,13.1,16.9,1143099090,1156308,1143099090:1156308,nuksoc Düğün Nişan Gelin Damat Gümüş Kalp Baskılı Takı Kurdelesi,nuksoc,Kurdele,https://www.trendyol.com/nuksoc/dugun-nisan-gelin-damat-gumus-kalp-baskili-taki-kurdelesi-p-1143099090?boutiqueId=61&merchantId=1156308,Nuksoc,92,193,,,0,TRY,"[""Kargo Bedava""]",InStock,100 adetten fazla stok sunulmuştur,,,,,4.8,91,42,2,11,395 kişinin sepetinde,"7,1B kişi favoriledi",Son 24 saatte 370 kişi görüntüledi,4999,TRY,0,1,1,4,9 saat 23 dakika içinde sipariş verirsen en geç yarın kargoda!,En Çok Satan 3. Ürün,https://cdn.dsmcdn.com/ty1923/prod/QC_PREP/20260507/23/928370a2-e197-3055-8caf-06dfd9d37d9e/1_org_zoom.jpg,"{""Metraj"":""50-99m"",""Renk"":""Beyaz"",""Menşei"":""TR""}",20,5,refreshed,"[""daily_top""]",true,2026-08-26T14:30:28+03:00,0,"[""search_result_dom"",""product_detail_jsonld"",""product_detail_dom""]","{""title"":""observed"",""brand"":""observed"",""seller_name"":""observed"",""seller_score"":""observed"",""price"":""observed"",""original_price"":""unavailable"",""campaigns"":""observed"",""stock_status"":""observed"",""stock_signal"":""observed"",""rating"":""observed"",""rating_count"":""observed"",""review_count"":""observed"",""question_count"":""observed"",""delivery_summary"":""observed"",""shipping_cost"":""observed"",""properties"":""observed""}",true,
2026-08-26,2026-08-26T14:30:28+03:00,hobi,BEST_SELLER,hobi-malzemeleri,hobi malzemeleri,100,6,180,180,,hobi:hobi-malzemeleri,100,22,19.6,10.4,856773791,1113463,856773791:1113463,SULED Pilli RGB Led Işık 5 Metre Iç & Dış Mekan Parti Dekor Kutlama Işığı Renkli Led Dekorasyon,SULED,Led Işık,https://www.trendyol.com/suled/pilli-rgb-led-isik-5-metre-ic-dis-mekan-parti-dekor-kutlama-isigi-renkli-led-dekorasyon-p-856773791?boutiqueId=61&merchantId=1113463,Quled,84,74,,,0,TRY,"[""Sepette %3 İndirim"",""Kargo Bedava""]",InStock,100 adetten fazla stok sunulmuştur,,,,,4.1,623,278,2,265,,,,4999,TRY,0,1,1,4,9 saat 23 dakika içinde sipariş verirsen en geç yarın kargoda!,,https://cdn.dsmcdn.com/ty1532/product/media/images/prod/QC/20240908/23/c2888de0-1180-3121-906f-c28f0f1e591a/1_org_zoom.jpg,"{""Ebatlar"":""5 metre"",""Renk"":""Kırmızı"",""Menşei"":""KZ"",""Enerji Tasarrufu"":""Var""}",20,5,refreshed,"[""daily_top""]",true,2026-08-26T14:30:28+03:00,0,"[""search_result_dom"",""product_detail_jsonld"",""product_detail_dom""]","{""title"":""observed"",""brand"":""observed"",""seller_name"":""observed"",""seller_score"":""observed"",""price"":""observed"",""original_price"":""unavailable"",""campaigns"":""observed"",""stock_status"":""observed"",""stock_signal"":""observed"",""rating"":""observed"",""rating_count"":""observed"",""review_count"":""observed"",""question_count"":""observed"",""delivery_summary"":""observed"",""shipping_cost"":""observed"",""properties"":""observed""}",true,
2026-08-26,2026-08-26T14:30:28+03:00,hobi,BEST_SELLER,hobi-malzemeleri,hobi malzemeleri,101,6,181,181,,hobi:hobi-malzemeleri,101,-9,8.9,21.1,1165818137,652222,1165818137:652222,Emtory Home 10 Adet | Katlanır Masa Kartı - Çift Yön Baskı - 9x16cm - Söz Nişan Düğün Özel Yazı,Emtory Home,Söz Hediyelik,https://www.trendyol.com/emtory-home/10-adet-katlanir-masa-karti-cift-yon-baski-9x16cm-soz-nisan-dugun-ozel-yazi-p-1165818137?boutiqueId=61&merchantId=652222,Emtory Gift,93,74.99,,,-25,TRY,"[""30 TL Kupon"",""10 TL Kupon"",""Kargo Bedava"",""Son 10 Günün En Düşük Fiyatı""]",InStock,100 adetten fazla stok sunulmuştur,,,,,4.3,16,12,2,33,,928 kişi favoriledi,,4999,TRY,0,1,1,4,9 saat 23 dakika içinde sipariş verirsen en geç yarın kargoda!,,https://cdn.dsmcdn.com/ty1906/prod/QC_ENRICHMENT/20260618/03/7de4f3e4-71e4-3838-924d-79e13f794fd3/1_org_zoom.jpg,"{""Diğer Özellikler"":""+100 kart"",""Menşei"":""TR"",""Bakım Talimatları (Genel)"":""Ürünün kullanım ömrünü korumak için ürüne özel bakım talimatlarını takip ediniz.""}",12,4.08,refreshed,"[""daily_top""]",true,2026-08-26T14:30:28+03:00,0,"[""search_result_dom"",""product_detail_jsonld"",""product_detail_dom""]","{""title"":""observed"",""brand"":""observed"",""seller_name"":""observed"",""seller_score"":""observed"",""price"":""observed"",""original_price"":""unavailable"",""campaigns"":""observed"",""stock_status"":""observed"",""stock_signal"":""observed"",""rating"":""observed"",""rating_count"":""observed"",""review_count"":""observed"",""question_count"":""observed"",""delivery_summary"":""observed"",""shipping_cost"":""observed"",""properties"":""observed""}",true,
2026-08-26,2026-08-26T14:30:28+03:00,hobi,BEST_SELLER,hobi-malzemeleri,hobi malzemeleri,102,6,182,182,,hobi:hobi-malzemeleri,102,13,18.7,11.3,957697230,1002551,957697230:1002551,poswicon Çelik Pipet Paslanmaz Çelik Metal Meşrubat Pipeti Ve Pipet Temizleme Fırçası Seti 5 Parça,poswicon,Pipet,https://www.trendyol.com/poswicon/celik-pipet-paslanmaz-celik-metal-mesrubat-pipeti-ve-pipet-temizleme-fircasi-seti-5-parca-p-957697230?boutiqueId=61&merchantId=1002551,Seyrahome,9,118.9,,,,TRY,"[""Kargo Bedava"",""Trendyol Plus'a Özel""]",InStock,100 adetten fazla stok sunulmuştur,,,,,3.7,402,218,1,71,820 kişinin sepetinde,"21,5B kişi favoriledi",Son 24 saatte 426 kişi görüntüledi,4999,TRY,0,1,1,4,9 saat 23 dakika içinde sipariş verirsen en geç yarın kargoda!,En Çok Ziyaret Edilen 2. Ürün,https://cdn.dsmcdn.com/ty1710/prod/QC_PREP/20250717/00/4a150248-b3ff-3a6f-8408-9042d56bca00/1_org_zoom.jpg,"{""Renk"":""Metalik"",""Menşei"":""TR"",""Materyal"":""Metal""}",20,5,refreshed,"[""daily_top""]",true,2026-08-26T14:30:28+03:00,0,"[""search_result_dom"",""product_detail_jsonld"",""product_detail_dom""]","{""title"":""observed"",""brand"":""observed"",""seller_name"":""observed"",""seller_score"":""observed"",""price"":""observed"",""original_price"":""unavailable"",""campaigns"":""observed"",""stock_status"":""observed"",""stock_signal"":""observed"",""rating"":""observed"",""rating_count"":""observed"",""review_count"":""observed"",""question_count"":""observed"",""delivery_summary"":""observed"",""shipping_cost"":""observed"",""properties"":""observed""}",true,
2026-08-26,2026-08-26T14:30:28+03:00,hobi,BEST_SELLER,hobi-malzemeleri,hobi malzemeleri,103,6,183,183,22,hobi:hobi-malzemeleri,103,7,24.1,5.9,771933635,134783,771933635:134783,"ZEYMERADE Kırmızı Gelin Nedime Tefi, Kına Gecesi Düğün Sünnet Bride Plastik Zilli Tef, 5 Adet",ZEYMERADE,,https://www.trendyol.com/zeymerade/kirmizi-gelin-nedime-tefi-kina-gecesi-dugun-sunnet-bride-plastik-zilli-tef-5-adet-p-771933635?boutiqueId=61&merchantId=134783,ZEYMERADE,,179.9,,,0,TRY,"[""Kargo Bedava""]",InStock,100 adetten fazla stok sunulmuştur,,,,,4.6,1015,,0,36,532 kişinin sepetinde,"32,7B kişi favoriledi",Son 24 saatte 439 kişi görüntüledi,,,0,,,,9 saat 22 dakika içinde sipariş verirsen en geç yarın kargoda!,,,{},0,,refreshed,"[""daily_top""]",true,2026-08-26T14:30:28+03:00,0,"[""search_result_dom"",""product_detail_jsonld"",""product_detail_dom""]","{""title"":""observed"",""brand"":""observed"",""seller_name"":""observed"",""seller_score"":""unavailable"",""price"":""observed"",""original_price"":""unavailable"",""campaigns"":""observed"",""stock_status"":""observed"",""stock_signal"":""observed"",""rating"":""observed"",""rating_count"":""observed"",""review_count"":""unavailable"",""question_count"":""observed"",""delivery_summary"":""observed"",""shipping_cost"":""unavailable"",""properties"":""observed""}",true,
2026-08-26,2026-08-26T14:30:28+03:00,hobi,BEST_SELLER,hobi-malzemeleri,hobi malzemeleri,104,6,184,184,31,hobi:hobi-malzemeleri,104,-20,23.7,6.3,457209637,134783,457209637:134783,"ZEYMERADE Pudra Nedime Bilekliği, Bride To Be, Bekarlığa Veda Partisi, Düğün, Kına Gecesi Bileklik 10 Adet",ZEYMERADE,,https://www.trendyol.com/zeymerade/pudra-nedime-bilekligi-bride-to-be-bekarliga-veda-partisi-dugun-kina-gecesi-bileklik-10-adet-p-457209637?boutiqueId=61&merchantId=134783,ZEYMERADE,,149.9,,,0,TRY,"[""Kargo Bedava""]",InStock,100 adetten fazla stok sunulmuştur,,,,,4.8,912,,0,71,552 kişinin sepetinde,"20,9B kişi favoriledi",Son 24 saatte 411 kişi görüntüledi,,,0,,,,9 saat 22 dakika içinde sipariş verirsen en geç yarın kargoda!,,,{},0,,refreshed,"[""daily_top""]",true,2026-08-26T14:30:28+03:00,0,"[""search_result_dom"",""product_detail_jsonld"",""product_detail_dom""]","{""title"":""observed"",""brand"":""observed"",""seller_name"":""observed"",""seller_score"":""unavailable"",""price"":""observed"",""original_price"":""unavailable"",""campaigns"":""observed"",""stock_status"":""observed"",""stock_signal"":""observed"",""rating"":""observed"",""rating_count"":""observed"",""review_count"":""unavailable"",""question_count"":""observed"",""delivery_summary"":""observed"",""shipping_cost"":""unavailable"",""properties"":""observed""}",true,
2026-08-26,2026-08-26T14:30:28+03:00,hobi,BEST_SELLER,hobi-malzemeleri,hobi malzemeleri,105,6,185,185,3,hobi:hobi-malzemeleri,105,14,14.6,15.4,808210971,246399,808210971:246399,Genel Markalar 100 lü Muffin Kek Kalıbı Mini Naturel Kağıt Cupcake Browni Kek Tartolet Kalıbı,Genel Markalar,Cupcake Kapsülü,https://www.trendyol.com/genel-markalar/100-lu-muffin-kek-kalibi-mini-naturel-kagit-cupcake-browni-kek-tartolet-kalibi-p-808210971?boutiqueId=61&merchantId=246399,Koza Gift,88,40,,,0,TRY,"[""Kargo Bedava"",""Trendyol Plus'a Özel""]",InStock,100 adetten fazla stok sunulmuştur,,,,,3.7,133,66,0,72,341 kişinin sepetinde,"6,5B kişi favoriledi",,4999,TRY,0,1,1,4,9 saat 22 dakika içinde sipariş verirsen en geç yarın kargoda!,En Çok Satan 3. Ürün,https://cdn.dsmcdn.com/ty1443/product/media/images/prod/QC/20240726/19/8d92c161-54c1-3ee8-bb1b-64740a4ecab6/1_org_zoom.jpg,"{""Menşei"":""CN"",""Bakım Talimatları (Gıda Temas)"":""Ürünün kullanım ömrünü korumak için ürüne özel bakım talimatlarını takip ediniz."",""Materyal"":""Kağıt""}",20,5,refreshed,"[""daily_top""]",true,2026-08-26T14:30:28+03:00,0,"[""search_result_dom"",""product_detail_jsonld"",""product_detail_dom""]","{""title"":""observed"",""brand"":""observed"",""seller_name"":""observed"",""seller_score"":""observed"",""price"":""observed"",""original_price"":""unavailable"",""campaigns"":""observed"",""stock_status"":""observed"",""stock_signal"":""observed"",""rating"":""observed"",""rating_count"":""observed"",""review_count"":""observed"",""question_count"":""observed"",""delivery_summary"":""observed"",""shipping_cost"":""observed"",""properties"":""observed""}",true,
2026-08-26,2026-08-26T14:30:28+03:00,hobi,BEST_SELLER,hobi-malzemeleri,hobi malzemeleri,106,6,186,186,,hobi:hobi-malzemeleri,106,,14.4,16.6,1116040107,1125538,1116040107:1125538,Bunloon Mavi Balon Seti 17 Adet Krom Mavi Makaron Mavi Beyaz ve Konfetili Şeffaf Balon Parti Süsleme,Bunloon,Balon,https://www.trendyol.com/bunloon/mavi-balon-seti-17-adet-krom-mavi-makaron-mavi-beyaz-ve-konfetili-seffaf-balon-parti-susleme-p-1116040107?boutiqueId=61&merchantId=1125538,Bunloon,93,153.84,155.39,1,,TRY,"[""Sepette %1 İndirim"",""Kargo Bedava""]",InStock,100 adetten fazla stok sunulmuştur,,,,,4.5,120,47,,24,,,,4999,TRY,0,1,1,4,9 saat 22 dakika içinde sipariş verirsen en geç yarın kargoda!,En Çok Ziyaret Edilen 6. Ürün,https://cdn.dsmcdn.com/ty1834/prod/QC_PREP/20260308/16/3f24f5e0-7968-3837-b973-a0e27151a048/1_org_zoom.jpg,"{""Balon Çeşidi"":""Balon Setleri"",""Renk"":""Mavi"",""Menşei"":""TR"",""Ürün Uyarıları (Oyuncak)"":""3 yaş altı çocuklar için uygun değildir. Küçük parçalar boğulma riski oluşturabilir. Yetişkin gözetiminde kullanılmalıdır."",""Özellik"":""Hava""}",20,5,refreshed,"[""daily_top""]",true,2026-08-26T14:30:28+03:00,0,"[""search_result_dom"",""product_detail_jsonld"",""product_detail_dom""]","{""title"":""observed"",""brand"":""observed"",""seller_name"":""observed"",""seller_score"":""observed"",""price"":""observed"",""original_price"":""observed"",""campaigns"":""observed"",""stock_status"":""observed"",""stock_signal"":""observed"",""rating"":""observed"",""rating_count"":""observed"",""review_count"":""observed"",""question_count"":""observed"",""delivery_summary"":""observed"",""shipping_cost"":""observed"",""properties"":""observed""}",true,
2026-08-26,2026-08-26T14:30:28+03:00,hobi,BEST_SELLER,hobi-malzemeleri,hobi malzemeleri,107,6,187,187,16,hobi:hobi-malzemeleri,107,,0,,451389225,502317,451389225:502317,"Genel Markalar 5 Adet - 12"" Şeffaf Balon (30 CM ÇAP)",Genel Markalar,,https://www.trendyol.com/genel-markalar/5-adet-12-seffaf-balon-30-cm-cap-p-451389225?boutiqueId=61&merchantId=502317,FortyFour Shop,,17,,,,TRY,[],InStock,100 adetten fazla stok sunulmuştur,,,,,,,,,,,,,,,0,,,,9 saat 22 dakika içinde sipariş verirsen en geç yarın kargoda!,,,{},0,,refreshed,"[""daily_top""]",true,2026-08-26T14:30:28+03:00,0,"[""search_result_dom"",""product_detail_jsonld"",""product_detail_dom""]","{""title"":""observed"",""brand"":""observed"",""seller_name"":""observed"",""seller_score"":""unavailable"",""price"":""observed"",""original_price"":""unavailable"",""campaigns"":""unavailable"",""stock_status"":""observed"",""stock_signal"":""observed"",""rating"":""unavailable"",""rating_count"":""unavailable"",""review_count"":""unavailable"",""question_count"":""unavailable"",""delivery_summary"":""observed"",""shipping_cost"":""unavailable"",""properties"":""observed""}",true,
2026-08-26,2026-08-26T14:30:28+03:00,hobi,BEST_SELLER,hobi-malzemeleri,hobi malzemeleri,108,6,188,188,50,hobi:hobi-malzemeleri,108,-25,0,,750656484,134783,750656484:134783,"ZEYMERADE Bebe Pembesi Bohça Süsü, Damat Gelin Bohça Süsü Tülü, Doğum Günü Süsleme Tülü, Boy 1 Mt En Sabit 3mt",ZEYMERADE,,https://www.trendyol.com/zeymerade/bebe-pembesi-bohca-susu-damat-gelin-bohca-susu-tulu-dogum-gunu-susleme-tulu-boy-1-mt-en-sabit-3mt-p-750656484?boutiqueId=61&merchantId=134783,,,49.9,,,0,TRY,[],InStock,,,,,,,,,0,,,,,,,0,,,,,En Çok Favorilenen 3. Ürün,,{},0,,refreshed,"[""daily_top"",""hot_change""]",true,2026-08-26T14:30:28+03:00,0,"[""search_result_dom"",""product_detail_jsonld"",""product_detail_dom""]","{""title"":""observed"",""brand"":""observed"",""seller_name"":""unavailable"",""seller_score"":""unavailable"",""price"":""observed"",""original_price"":""unavailable"",""campaigns"":""unavailable"",""stock_status"":""observed"",""stock_signal"":""unavailable"",""rating"":""unavailable"",""rating_count"":""unavailable"",""review_count"":""unavailable"",""question_count"":""unavailable"",""delivery_summary"":""unavailable"",""shipping_cost"":""unavailable"",""properties"":""observed""}",true,
2026-08-26,2026-08-26T14:30:28+03:00,hobi,BEST_SELLER,hobi-malzemeleri,hobi malzemeleri,109,7,189,189,1,hobi:hobi-malzemeleri,109,-37,16.1,13.9,763152798,134783,763152798:134783,"ZEYMERADE Bordo Nedime El Mumu, Kına Mumu, Kına Gecesi Malzemeleri, 6 Adet",ZEYMERADE,Kına Mumu,https://www.trendyol.com/zeymerade/bordo-nedime-el-mumu-kina-mumu-kina-gecesi-malzemeleri-6-adet-p-763152798?boutiqueId=61&merchantId=134783,ZEYMERADE,,74.99,,,0,TRY,"[""Kargo Bedava""]",InStock,100 adetten fazla stok sunulmuştur,,,,,4.4,185,101,2,9,,"4,4B kişi favoriledi",,4999,TRY,0,1,1,4,9 saat 22 dakika içinde sipariş verirsen en geç yarın kargoda!,En Çok Satan 1. Ürün,https://cdn.dsmcdn.com/ty1003/product/media/images/prod/SPM/PIM/20230920/17/c63c0973-61f9-3591-a02d-b65538581745/1_org_zoom.jpg,"{""Menşei"":""TR""}",20,5,refreshed,"[""daily_top""]",true,2026-08-26T14:30:28+03:00,0,"[""search_result_dom"",""product_detail_jsonld"",""product_detail_dom""]","{""title"":""observed"",""brand"":""observed"",""seller_name"":""observed"",""seller_score"":""unavailable"",""price"":""observed"",""original_price"":""unavailable"",""campaigns"":""observed"",""stock_status"":""observed"",""stock_signal"":""observed"",""rating"":""observed"",""rating_count"":""observed"",""review_count"":""observed"",""question_count"":""observed"",""delivery_summary"":""observed"",""shipping_cost"":""observed"",""properties"":""observed""}",true,
2026-08-26,2026-08-26T14:30:28+03:00,hobi,BEST_SELLER,hobi-malzemeleri,hobi malzemeleri,110,7,190,190,1,hobi:hobi-malzemeleri,110,10,18.1,11.9,1075123962,1180647,1075123962:1180647,Minia Doğum günü-Parti Oyuncak Şapkası 10 cm x 5 Adet,Minia,Parti Şapkası,https://www.trendyol.com/minia/dogum-gunu-parti-oyuncak-sapkasi-10-cm-x-5-adet-p-1075123962?boutiqueId=61&merchantId=1180647,Minia,86,199.99,,,0,TRY,"[""Kargo Bedava""]",InStock,100 adetten fazla stok sunulmuştur,,,,,4.4,363,182,1,46,1B kişinin sepetinde,"37,1B kişi favoriledi",Son 24 saatte 925 kişi görüntüledi,4999,TRY,0,1,1,4,9 saat 22 dakika içinde sipariş verirsen en geç yarın kargoda!,En Çok Satan 1. Ürün,https://cdn.dsmcdn.com/ty1905/prod/QC_ENRICHMENT/20260729/00/781f8814-bba0-3768-8dc0-a7ff78adb2c3/1_org_zoom.jpg,"{""Menşei"":""TR"",""Yıkama Talimatı"":""Type 1""}",20,5,refreshed,"[""daily_top""]",true,2026-08-26T14:30:28+03:00,0,"[""search_result_dom"",""product_detail_jsonld"",""product_detail_dom""]","{""title"":""observed"",""brand"":""observed"",""seller_name"":""observed"",""seller_score"":""observed"",""price"":""observed"",""original_price"":""unavailable"",""campaigns"":""observed"",""stock_status"":""observed"",""stock_signal"":""observed"",""rating"":""observed"",""rating_count"":""observed"",""review_count"":""observed"",""question_count"":""observed"",""delivery_summary"":""observed"",""shipping_cost"":""observed"",""properties"":""observed""}",true,
2026-08-26,2026-08-26T14:30:28+03:00,hobi,BEST_SELLER,hobi-malzemeleri,hobi malzemeleri,111,7,191,191,31,hobi:hobi-malzemeleri,111,-47,26.7,3.3,343486750,134783,343486750:134783,"ZEYMERADE Beyaz Nedime Bilekliği, Bride To Be, Bekarlığa Veda Partisi, Düğün, Kına Gecesi Bileklik 10 Adet",ZEYMERADE,,https://www.trendyol.com/zeymerade/beyaz-nedime-bilekligi-bride-to-be-bekarliga-veda-partisi-dugun-kina-gecesi-bileklik-10-adet-p-343486750?boutiqueId=61&merchantId=134783,ZEYMERADE,,149.9,,,0,TRY,"[""Kargo Bedava""]",InStock,100 adetten fazla stok sunulmuştur,,,,,4.7,2179,,0,146,414 kişinin sepetinde,"48,2B kişi favoriledi",,,,0,,,,9 saat 22 dakika içinde sipariş verirsen en geç yarın kargoda!,,,{},0,,refreshed,"[""daily_top""]",true,2026-08-26T14:30:28+03:00,0,"[""search_result_dom"",""product_detail_jsonld"",""product_detail_dom""]","{""title"":""observed"",""brand"":""observed"",""seller_name"":""observed"",""seller_score"":""unavailable"",""price"":""observed"",""original_price"":""unavailable"",""campaigns"":""observed"",""stock_status"":""observed"",""stock_signal"":""observed"",""rating"":""observed"",""rating_count"":""observed"",""review_count"":""unavailable"",""question_count"":""observed"",""delivery_summary"":""observed"",""shipping_cost"":""unavailable"",""properties"":""observed""}",true,
2026-08-26,2026-08-26T14:30:28+03:00,hobi,BEST_SELLER,hobi-malzemeleri,hobi malzemeleri,112,7,192,192,,hobi:hobi-malzemeleri,112,-25,18.6,11.4,887729067,501457,887729067:501457,BALON DİYARI Çift Taraflı Balon Yapıştırma Bandı + Balon Zinciri 5 Metre Doğum Günü Organizasyon Dekorasyonu,BALON DİYARI,Balon Zinciri,https://www.trendyol.com/balon-diyari/cift-tarafli-balon-yapistirma-bandi-balon-zinciri-5-metre-dogum-gunu-organizasyon-dekorasyonu-p-887729067?boutiqueId=61&merchantId=501457,Balon Diyarı,93,134,,,0,TRY,"[""Kargo Bedava""]",InStock,100 adetten fazla stok sunulmuştur,,,,,4.2,486,208,2,38,320 kişinin sepetinde,"5,4B kişi favoriledi",,4999,TRY,0,,1,4,1 saat 22 dakika içinde sipariş verirsen en geç bugün kargoda!,,https://cdn.dsmcdn.com/ty1667/prod/QC/20250422/19/194b66f6-d9b4-335a-9bd5-d2df79ed7ee2/1_org_zoom.jpg,"{""Menşei"":""TR"",""Bakım Talimatları (Genel)"":""Ürünün kullanım ömrünü korumak için ürüne özel bakım talimatlarını takip ediniz.""}",20,5,refreshed,"[""daily_top"",""hot_change""]",true,2026-08-26T14:30:28+03:00,0,"[""search_result_dom"",""product_detail_jsonld"",""product_detail_dom""]","{""title"":""observed"",""brand"":""observed"",""seller_name"":""observed"",""seller_score"":""observed"",""price"":""observed"",""original_price"":""unavailable"",""campaigns"":""observed"",""stock_status"":""observed"",""stock_signal"":""observed"",""rating"":""observed"",""rating_count"":""observed"",""review_count"":""observed"",""question_count"":""observed"",""delivery_summary"":""observed"",""shipping_cost"":""observed"",""properties"":""observed""}",true,
2026-08-26,2026-08-26T14:30:28+03:00,hobi,BEST_SELLER,hobi-malzemeleri,hobi malzemeleri,113,7,193,193,,hobi:hobi-malzemeleri,113,21,12.8,19.1,1070557941,1117104,1070557941:1117104,Ezupack 20'li Beyaz Renk LÜX SERT PLASTİK Parti Doğum Günü Sunum Davet Nişan Söz Akrilik Mika Kristal Tabak,Ezupack,Plastik Tabak,https://www.trendyol.com/ezupack/20-li-beyaz-renk-lux-sert-plastik-parti-dogum-gunu-sunum-davet-nisan-soz-akrilik-mika-kristal-tabak-p-1070557941?boutiqueId=61&merchantId=1117104,Ezupack,20,327.34,333.65,1.9,0,TRY,"[""Son 10 Günün En Düşük Fiyatı"",""Kargo Bedava"",""Son 10 günün en düşük fiyatı"",""Trendyol Plus'a Özel""]",InStock,100 adetten fazla stok sunulmuştur,,,,,3.9,46,22,0,26,333 kişinin sepetinde,"4,6B kişi favoriledi",Son 24 saatte 449 kişi görüntüledi,4999,TRY,0,1,1,4,9 saat 22 dakika içinde sipariş verirsen en geç yarın kargoda!,En Çok Ziyaret Edilen 2. Ürün,https://cdn.dsmcdn.com/ty1892/prod/QC_ENRICHMENT/20260714/21/32cf75e7-9499-3605-b177-12dc5a088e99/1_org_zoom.jpg,"{""Menşei"":""TR"",""Materyal"":""Sert Plastik""}",20,4.35,refreshed,"[""daily_top""]",true,2026-08-26T14:30:28+03:00,0,"[""search_result_dom"",""product_detail_jsonld"",""product_detail_dom""]","{""title"":""observed"",""brand"":""observed"",""seller_name"":""observed"",""seller_score"":""observed"",""price"":""observed"",""original_price"":""observed"",""campaigns"":""observed"",""stock_status"":""observed"",""stock_signal"":""observed"",""rating"":""observed"",""rating_count"":""observed"",""review_count"":""observed"",""question_count"":""observed"",""delivery_summary"":""observed"",""shipping_cost"":""observed"",""properties"":""observed""}",true,
2026-08-26,2026-08-26T14:30:28+03:00,hobi,BEST_SELLER,hobi-malzemeleri,hobi malzemeleri,114,7,194,194,7,hobi:hobi-malzemeleri,114,,17,13,739315790,486508,739315790:486508,"yfhobi 1 DİZİ (40 cm- 90-95 Adet)- 4 mm PİRAMİT KRİSTAL CAM BONCUK, ŞEFFAF AZ JANJAN BONCUK DİZİSİ",yfhobi,Boncuk,https://www.trendyol.com/yfhobi/1-dizi-40-cm-90-95-adet-4-mm-piramit-kristal-cam-boncuk-seffaf-az-janjan-boncuk-dizisi-p-739315790?boutiqueId=61&merchantId=486508,YF Hobi,92,19.9,,,,TRY,"[""Kargo Bedava""]",InStock,100 adetten fazla stok sunulmuştur,,,,,4.5,299,134,,80,,"10,8B kişi favoriledi",,4999,TRY,0,1,1,4,9 saat 22 dakika içinde sipariş verirsen en geç yarın kargoda!,En Çok Satan 7. Ürün,https://cdn.dsmcdn.com/ty954/product/media/images/20230623/22/388789831/972590130/1/1_org_zoom.jpg,"{""Bakım Talimatları (Genel)"":""Ürünün kullanım ömrünü korumak için ürüne özel bakım talimatlarını takip ediniz.""}",20,5,refreshed,"[""daily_top""]",true,2026-08-26T14:30:28+03:00,0,"[""search_result_dom"",""product_detail_jsonld"",""product_detail_dom""]","{""title"":""observed"",""brand"":""observed"",""seller_name"":""observed"",""seller_score"":""observed"",""price"":""observed"",""original_price"":""unavailable"",""campaigns"":""observed"",""stock_status"":""observed"",""stock_signal"":""observed"",""rating"":""observed"",""rating_count"":""observed"",""review_count"":""observed"",""question_count"":""observed"",""delivery_summary"":""observed"",""shipping_cost"":""observed"",""properties"":""observed""}",true,
2026-08-26,2026-08-26T14:30:28+03:00,hobi,BEST_SELLER,hobi-malzemeleri,hobi malzemeleri,115,7,195,195,,hobi:hobi-malzemeleri,115,-30,30,0,756755784,220491,756755784:220491,yiğit aksesuar 4 Kutulu Mega Takı Yapım Hobi Başlangıç Set Kum Boncuk Harf Boncuk,yiğit aksesuar,Boncuk,https://www.trendyol.com/yigit-aksesuar/4-kutulu-mega-taki-yapim-hobi-baslangic-set-kum-boncuk-harf-boncuk-p-756755784?boutiqueId=61&merchantId=220491,YİĞİT AKSESUAR,91,399,,,0,TRY,"[""Kargo Bedava""]",InStock,100 adetten fazla stok sunulmuştur,,,,,4.4,10717,5564,0,2187,"2,7B kişinin sepetinde","180,8B kişi favoriledi","Son 24 saatte 1,8B kişi görüntüledi",4999,TRY,0,1,1,2,9 saat 22 dakika içinde sipariş verirsen en geç yarın kargoda!,En Çok Favorilenen 1. Ürün,https://cdn.dsmcdn.com/ty1531/product/media/images/prod/QC/20240909/11/03e4966b-a333-30e1-b10e-64797746c940/1_org_zoom.jpg,"{""Menşei"":""CN"",""Bakım Talimatları (Genel)"":""Ürünün kullanım ömrünü korumak için ürüne özel bakım talimatlarını takip ediniz."",""Renk"":""Çok Renkli""}",20,5,refreshed,"[""daily_top"",""hot_change""]",true,2026-08-26T14:30:28+03:00,0,"[""search_result_dom"",""product_detail_jsonld"",""product_detail_dom""]","{""title"":""observed"",""brand"":""observed"",""seller_name"":""observed"",""seller_score"":""observed"",""price"":""observed"",""original_price"":""unavailable"",""campaigns"":""observed"",""stock_status"":""observed"",""stock_signal"":""observed"",""rating"":""observed"",""rating_count"":""observed"",""review_count"":""observed"",""question_count"":""observed"",""delivery_summary"":""observed"",""shipping_cost"":""observed"",""properties"":""observed""}",true,
2026-08-26,2026-08-26T14:30:28+03:00,hobi,BEST_SELLER,hobi-malzemeleri,hobi malzemeleri,116,7,196,196,10,hobi:hobi-malzemeleri,116,-15,12.5,17.5,1083455532,134783,1083455532:134783,"ZEYMERADE Krem İran Grek Tül, Nişan Çeyiz Bohça Kapı Doğum Günü Konvoy Parti Dekor Süsleme, 1 Metre (En 70cm)",ZEYMERADE,,https://www.trendyol.com/zeymerade/krem-iran-grek-tul-nisan-ceyiz-bohca-kapi-dogum-gunu-konvoy-parti-dekor-susleme-1-metre-en-70cm-p-1083455532?boutiqueId=61&merchantId=134783,ZEYMERADE,,19.9,,,0,TRY,"[""Kargo Bedava""]",InStock,100 adetten fazla stok sunulmuştur,,,,,4.5,36,,0,3,,755 kişi favoriledi,,,,0,,,,9 saat 22 dakika içinde sipariş verirsen en geç yarın kargoda!,En Çok Satan 10. Ürün,,{},0,,refreshed,"[""daily_top""]",true,2026-08-26T14:30:28+03:00,0,"[""search_result_dom"",""product_detail_jsonld"",""product_detail_dom""]","{""title"":""observed"",""brand"":""observed"",""seller_name"":""observed"",""seller_score"":""unavailable"",""price"":""observed"",""original_price"":""unavailable"",""campaigns"":""observed"",""stock_status"":""observed"",""stock_signal"":""observed"",""rating"":""observed"",""rating_count"":""observed"",""review_count"":""unavailable"",""question_count"":""observed"",""delivery_summary"":""observed"",""shipping_cost"":""unavailable"",""properties"":""observed""}",true,
2026-08-26,2026-08-26T14:30:28+03:00,hobi,BEST_SELLER,hobi-malzemeleri,hobi malzemeleri,117,7,197,197,10,hobi:hobi-malzemeleri,117,-8,11.8,23.2,852525053,114408,852525053:114408,heptex Okulda İlk Günüm Çubuklu Baskılı Balon Karışık Renkli (10 Adet),heptex,Balon,https://www.trendyol.com/heptex/okulda-ilk-gunum-cubuklu-baskili-balon-karisik-renkli-10-adet-p-852525053?boutiqueId=61&merchantId=114408,Hep En Uygun,93,237.4,249.9,5,0,TRY,"[""Sepette %5 İndirim"",""Kargo Bedava"",""Trendyol Plus'a Özel""]",InStock,100 adetten fazla stok sunulmuştur,,,,,4.4,11,6,0,8,354 kişinin sepetinde,"1,2B kişi favoriledi",Son 24 saatte 774 kişi görüntüledi,4999,TRY,0,1,1,4,9 saat 22 dakika içinde sipariş verirsen en geç yarın kargoda!,,https://cdn.dsmcdn.com/ty1723/prod/QC_ENRICHMENT/20250809/21/ec629a7d-3704-3568-a3e5-81e261109d92/1_org_zoom.jpg,"{""Balon Çeşidi"":""Basklılı Balon"",""Renk"":""Çok Renkli"",""Menşei"":""TR""}",6,3.83,refreshed,"[""daily_top""]",true,2026-08-26T14:30:28+03:00,0,"[""search_result_dom"",""product_detail_jsonld"",""product_detail_dom""]","{""title"":""observed"",""brand"":""observed"",""seller_name"":""observed"",""seller_score"":""observed"",""price"":""observed"",""original_price"":""observed"",""campaigns"":""observed"",""stock_status"":""observed"",""stock_signal"":""observed"",""rating"":""observed"",""rating_count"":""observed"",""review_count"":""observed"",""question_count"":""observed"",""delivery_summary"":""observed"",""shipping_cost"":""observed"",""properties"":""observed""}",true,
2026-08-26,2026-08-26T14:30:28+03:00,hobi,BEST_SELLER,hobi-malzemeleri,hobi malzemeleri,118,7,198,198,,hobi:hobi-malzemeleri,118,-36,12.5,17.5,1154787506,1076016,1154787506:1076016,"Hevolt USB Galaksi Projektör 2’si 1 Arada – LED Gece Lambası – 360° Ayarlanabilir 3 Değiştirilebilir Filmli LED Projektör – Yatak Odası, Çocuk Odası & Araç İçi Ambiyans Işık",Hevolt,Led Işık,https://www.trendyol.com/hevolt/usb-galaksi-projektor-2-si-1-arada-led-gece-lambasi-360-ayarlanabilir-3-degistirilebilir-filmli-led-projektor-yatak-odasi-cocuk-odasi-arac-ici-ambiyans-isik-p-1154787506?boutiqueId=61&merchantId=1076016,,,1544.53,,,0,TRY,"[""Sepette %2 İndirim"",""50 TL Kupon"",""Kargo Bedava"",""Trendyol Plus'a Özel""]",InStock,,,,,,4,55,36,0,,,,,4999,TRY,0,1,1,4,,En Çok Ziyaret Edilen 7. Ürün,https://cdn.dsmcdn.com/ty1942/prod/QC_PREP/20260609/18/ed68db02-1217-3c52-a286-a23d5e25a2d2/1_org_zoom.jpg,"{""Ebatlar"":""30 cm"",""Renk"":""Beyaz"",""Menşei"":""CN"",""Batarya Türü"":""Diğer"",""Özellik"":""Ledli"",""Enerji Tasarrufu"":""Var""}",20,5,refreshed,"[""daily_top"",""hot_change""]",true,2026-08-26T14:30:28+03:00,0,"[""search_result_dom"",""product_detail_jsonld"",""product_detail_dom""]","{""title"":""observed"",""brand"":""observed"",""seller_name"":""unavailable"",""seller_score"":""unavailable"",""price"":""observed"",""original_price"":""unavailable"",""campaigns"":""observed"",""stock_status"":""observed"",""stock_signal"":""unavailable"",""rating"":""observed"",""rating_count"":""observed"",""review_count"":""observed"",""question_count"":""unavailable"",""delivery_summary"":""unavailable"",""shipping_cost"":""observed"",""properties"":""observed""}",true,
2026-08-26,2026-08-26T14:30:28+03:00,hobi,BEST_SELLER,hobi-malzemeleri,hobi malzemeleri,119,7,199,199,,hobi:hobi-malzemeleri,119,-15,11.5,18.5,1140973093,880787,1140973093:880787,By MO Accessories 18 Bölmeli İnci & Boncuk Seti | Mocha Ton Şık Tasarım | Takı Yapımı İçin Full Set,By MO Accessories,Boncuk,https://www.trendyol.com/by-mo-accessories/18-bolmeli-inci-boncuk-seti-mocha-ton-sik-tasarim-taki-yapimi-icin-full-set-p-1140973093?boutiqueId=61&merchantId=880787,,,199,,,0,TRY,[],InStock,,,,,,4.6,62,26,0,,,,,4999,TRY,0,1,1,4,,En Çok Ziyaret Edilen 7. Ürün,https://cdn.dsmcdn.com/ty1947/prod/QC_ENRICHMENT/20260823/23/7b711f29-6853-3557-9e35-04e792ac2f5b/1_org_zoom.jpg,"{""Menşei"":""TR""}",20,4.9,refreshed,"[""daily_top""]",true,2026-08-26T14:30:28+03:00,0,"[""search_result_dom"",""product_detail_jsonld"",""product_detail_dom""]","{""title"":""observed"",""brand"":""observed"",""seller_name"":""unavailable"",""seller_score"":""unavailable"",""price"":""observed"",""original_price"":""unavailable"",""campaigns"":""unavailable"",""stock_status"":""observed"",""stock_signal"":""unavailable"",""rating"":""observed"",""rating_count"":""observed"",""review_count"":""observed"",""question_count"":""unavailable"",""delivery_summary"":""unavailable"",""shipping_cost"":""observed"",""properties"":""observed""}",true,
2026-08-26,2026-08-26T14:30:28+03:00,hobi,BEST_SELLER,hobi-malzemeleri,hobi malzemeleri,120,7,200,200,2,hobi:hobi-malzemeleri,120,-30,26.6,3.4,798679203,405742,798679203:405742,Rima Tasarım Dökülmeyen Incili Beyaz Isimli Söz Ve Nişan Kurdelesi Damat Kahvesi Hediyeli,Rima Tasarım,Söz Dekoru,https://www.trendyol.com/rima-tasarim/dokulmeyen-incili-beyaz-isimli-soz-ve-nisan-kurdelesi-damat-kahvesi-hediyeli-p-798679203?boutiqueId=61&merchantId=405742,,,199.95,,,0,TRY,[],InStock,,,,,,4.3,3194,2116,3,,,,,4999,TRY,0,1,1,4,,En Çok Satan 2. Ürün,https://cdn.dsmcdn.com/ty1624/prod/QC/20250115/01/3625d5c2-8367-375a-a9ab-d9ec852ed0a2/1_org_zoom.jpg,"{""Menşei"":""TR"",""Bakım Talimatları (Genel)"":""Ürünün kullanım ömrünü korumak için ürüne özel bakım talimatlarını takip ediniz.""}",20,5,refreshed,"[""daily_top"",""hot_change""]",true,2026-08-26T14:30:28+03:00,0,"[""search_result_dom"",""product_detail_jsonld"",""product_detail_dom""]","{""title"":""observed"",""brand"":""observed"",""seller_name"":""unavailable"",""seller_score"":""unavailable"",""price"":""observed"",""original_price"":""unavailable"",""campaigns"":""unavailable"",""stock_status"":""observed"",""stock_signal"":""unavailable"",""rating"":""observed"",""rating_count"":""observed"",""review_count"":""observed"",""question_count"":""unavailable"",""delivery_summary"":""unavailable"",""shipping_cost"":""observed"",""properties"":""observed""}",true,
