rank_scope,rank_scope_position,bestseller_rank,rank_delta,trend_score,niche_score,product_id,merchant_id,offer_key,title,brand,seller_name,price,original_price,price_delta_percent,stock_status,sales_signal,sales_signal_days,sales_signal_min,sales_signal_daily_min,rating,review_count,review_delta,question_count,campaigns,delivery_summary,detail_status,detail_age_days,url
kozmetik:makyaj,6,725,,174,78.4,1138203586,743162,1138203586:743162,"WIWIFY Su Bazlı Günlük Nemlendirici Jel Krem 100 ML | Hyaluronic Acid, Prebiyotik, Squalene, Niacinamide",WIWIFY,Wiwify,199.9,419.9,-56.5,InStock,Son 3 günde 2B+ ürün satıldı!,3,2000,666.7,4.5,884,0,73,"[""Son 10 Günün En Düşük Fiyatı"",""Süper Fırsat Ürünü""]",12 saat 51 dakika içinde sipariş verirsen en geç bugün kargoda!,carried_forward,2,https://www.trendyol.com/wiwify/su-bazli-gunluk-nemlendirici-jel-krem-100-ml-hyaluronic-acid-prebiyotik-squalene-niacinamide-p-1138203586?boutiqueId=61&merchantId=743162
kozmetik:kozmetik-vitrini,14,14,-3,106.7,73.3,1130961717,510669,1130961717:510669,PİRAYE AKSESUAR DIY Kirpik - Takma Kirpik 600 Adet Kirpik Seti Kitap Model 30-40-50-60-80-100 D Farklı Boylar,PİRAYE AKSESUAR,Seram Collection,400,,3.1,InStock,Son 3 günde 2B+ ürün satıldı!,3,2000,666.7,3.6370328425821064,1206,37,586,"[""Kargo Bedava""]",,refreshed,0,https://www.trendyol.com/piraye-aksesuar/diy-kirpik-takma-kirpik-600-adet-kirpik-seti-kitap-model-30-40-50-60-80-100-d-farkli-boylar-p-1130961717?boutiqueId=61&merchantId=510669
kozmetik:kozmetik-vitrini,87,87,-49,34.8,70.2,1188234275,154207,1188234275:154207,MOZIUR Tırnak Bakım Törpüsü 100-180 Kalıcı Oje Protez Tırnak,MOZIUR,Zerre İthalat,10.9,,17.8,InStock,"Son 3 günde 1,5B+ ürün satıldı!",3,1500,500,4.8478260869565215,16,1,4,"[""Kargo Bedava""]",,refreshed,0,https://www.trendyol.com/moziur/tirnak-bakim-torpusu-100-180-kalici-oje-protez-tirnak-p-1188234275?boutiqueId=61&merchantId=154207
kozmetik:kozmetik-vitrini,430,430,-92,40.7,69.3,1197524774,1234175,1197524774:1234175,RESETIFY Aydınlatıcı Barrier Defense Serum 20 ML,RESETIFY,,350,,-6.7,InStock,Son 3 günde 2B+ ürün satıldı!,3,2000,666.7,4.3,,,,"[""Kargo Bedava""]",,listing_only,,https://www.trendyol.com/resetify/aydinlatici-barrier-defense-serum-20-ml-p-1197524774?boutiqueId=61&merchantId=1234175
kozmetik:kozmetik-vitrini,23,23,33,84.9,68.6,971350517,830154,971350517:830154,CALLİEL Aydınlatıcı ve Canlandırıcı Leke Karşıtı Bakım Seti,CALLİEL,Calliel,376.89,380.7,0,InStock,"Son 3 günde 1,5B+ ürün satıldı!",3,1500,500,4.264727011494253,1291,7,912,"[""Kargo Bedava"",""Son 10 Günün En Düşük Fiyatı"",""Son 10 günün en düşük fiyatı""]",,refreshed,0,https://www.trendyol.com/calliel/aydinlatici-ve-canlandirici-leke-karsiti-bakim-seti-p-971350517?boutiqueId=61&merchantId=830154
kozmetik:kozmetik-vitrini,17,17,2,82.8,68.1,1174062985,830154,1174062985:830154,"CALLİEL Yoğun Nemlendirici, Yumuşatıcı, Işıltı Verici Tinted Dudak Bakım Maskesi",CALLİEL,Calliel,199.9,,-47.9,InStock,Son 3 günde 1B+ ürün satıldı!,3,1000,333.3,4.274086378737541,325,15,92,"[""Kargo Bedava""]",,refreshed,0,https://www.trendyol.com/calliel/yogun-nemlendirici-yumusatici-isilti-verici-tinted-dudak-bakim-maskesi-p-1174062985?boutiqueId=61&merchantId=830154
kozmetik:kozmetik-vitrini,5,5,3,173.9,67,844065301,989677,844065301:989677,"ILLUSIONE Lumiére Edp Kadın Parfüm 50ml | Tatlı - Vanilya - Gurme | Narenciye, Müge, Orkide, Misk",ILLUSIONE,ILLUSIONE,479,1199,0,InStock,Son 3 günde 1B+ ürün satıldı!,3,1000,333.3,4.138349514563107,2474,9,528,"[""Kargo Bedava"",""Son 10 Günün En Düşük Fiyatı"",""Süper Fırsat Ürünü"",""Son 10 günün en düşük fiyatı""]",,refreshed,0,https://www.trendyol.com/illusione/lumiere-edp-kadin-parfum-50ml-tatli-vanilya-gurme-narenciye-muge-orkide-misk-p-844065301?boutiqueId=61&merchantId=989677
kozmetik:kozmetik-vitrini,158,158,,80.3,62.5,1178144297,1279865,1178144297:1279865,Embeauty Barbiyies Glow Argan Yağı İçerikli Besleyici Saç Parfümü 100 ml,Embeauty,Viel Kozmetik,229,368.36,,InStock,"Son 3 günde 1,5B+ ürün satıldı!",3,1500,500,4.779005524861878,153,,16,"[""Son 10 Günün En Düşük Fiyatı"",""Süper Fırsat Ürünü"",""Kargo Bedava"",""Trendyol Plus'a Özel""]",,refreshed,0,https://www.trendyol.com/embeauty/barbiyies-glow-argan-yagi-icerikli-besleyici-sac-parfumu-100-ml-p-1178144297?boutiqueId=61&merchantId=1279865
kozmetik:makyaj,19,738,-4,83.6,62.2,940580468,556702,940580468:556702,Cream Co. İkili Moisturizer Canlandırıcı Cilt Tonu Eşitleyici Aydınlatıcı Su Bazlı Nemlendirici Yüz Kremi Seti,Cream Co.,Cream Co.,499.9,,0,InStock,Son 3 günde 1B+ ürün satıldı!,3,1000,333.3,4.7,1306,0,133,"[""Kargo Bedava""]",11 saat 56 dakika içinde sipariş verirsen en geç yarın kargoda!,carried_forward,3,https://www.trendyol.com/cream-co/ikili-moisturizer-canlandirici-cilt-tonu-esitleyici-aydinlatici-su-bazli-nemlendirici-yuz-kremi-seti-p-940580468?boutiqueId=61&merchantId=556702
kozmetik:makyaj,16,735,,152.4,62.1,985330523,473975,985330523:473975,Skin Sensual Magic Eye Duo Repair & CC Göz Altı Kapatıcısı 15 ml | Onarıcı & Aydınlatıcı | Light to Medium,Skin Sensual,Kozmetix House,383.5,989,,InStock,Son 3 günde 1B+ ürün satıldı!,3,1000,333.3,4.2,2069,0,496,"[""Kargo Bedava"",""Son 10 Günün En Düşük Fiyatı"",""Süper Fırsat Ürünü""]",9 saat 53 dakika içinde sipariş verirsen en geç bugün kargoda!,carried_forward,2,https://www.trendyol.com/skin-sensual/magic-eye-duo-repair-cc-goz-alti-kapaticisi-15-ml-onarici-aydinlatici-light-to-medium-p-985330523?boutiqueId=61&merchantId=473975
kozmetik:kozmetik-vitrini,348,348,-136,46,59,1183220792,107599,1183220792:107599,"Xoom Liberty Kalıcı Etkili Duş Jeli 200 ML – Cildi nemlendiren , Kalıcı Koku",Xoom,ENUCUZAVN,275,,0.4,InStock,"Son 3 günde 1,5B+ ürün satıldı!",3,1500,500,4.8,426,0,9,[],11 saat 47 dakika içinde sipariş verirsen en geç yarın kargoda!,carried_forward,6,https://www.trendyol.com/xoom/liberty-kalici-etkili-dus-jeli-200-ml-cildi-nemlendiren-kalici-koku-p-1183220792?boutiqueId=61&merchantId=107599
kozmetik:kozmetik-vitrini,365,365,-66,46,59,1039098286,1028724,1039098286:1028724,Master Lashes 100/180 Çift Taraflı Kağıt Törpü Profesyonel Törpü Kalıcı Oje Protez Tırnak (1 Adet),Master Lashes,Doğanlı Kozmetik,13.9,,-2.6,InStock,"Son 3 günde 1,5B+ ürün satıldı!",3,1500,500,4.6,423,0,44,[],Tahmini Teslim:,carried_forward,4,https://www.trendyol.com/master-lashes/100-180-cift-tarafli-kagit-torpu-profesyonel-torpu-kalici-oje-protez-tirnak-1-adet-p-1039098286?boutiqueId=61&merchantId=1028724
kozmetik:kozmetik-vitrini,122,122,262,86.7,58.4,1146364787,1279865,1146364787:1279865,Embeauty Advanced PDRN Dökülme Karşıtı & Saç Uzamasını Destekleyici Saç Toniği 120 ml,Embeauty,Viel Kozmetik,229,352.73,0,InStock,Son 3 günde 5B+ ürün satıldı!,3,5000,1666.7,4.151114781172585,504,,173,"[""Son 10 Günün En Düşük Fiyatı"",""Süper Fırsat Ürünü"",""Kargo Bedava"",""Trendyol Plus'a Özel""]",,refreshed,0,https://www.trendyol.com/embeauty/advanced-pdrn-dokulme-karsiti-sac-uzamasini-destekleyici-sac-tonigi-120-ml-p-1146364787?boutiqueId=61&merchantId=1279865
kozmetik:kozmetik-vitrini,114,114,-10,47.7,57.3,1145363142,1142754,1145363142:1142754,VULLY Glow Chanera Argan yağlı besleyici ve Panthenol içerikli ışıltı veren Saç Parfümü 100 Ml,VULLY,ORABELLA KOZMETİK,499,,0,InStock,"Son 3 günde 1,5B+ ürün satıldı!",3,1500,500,4.052870090634441,685,9,127,"[""Sepette %20 İndirim"",""Kargo Bedava"",""Trendyol Plus'a Özel""]",,refreshed,0,https://www.trendyol.com/vully/glow-chanera-argan-yagli-besleyici-ve-panthenol-icerikli-isilti-veren-sac-parfumu-100-ml-p-1145363142?boutiqueId=61&merchantId=1142754
kozmetik:kozmetik-vitrini,175,175,181,60.7,55.7,1090635124,1279865,1090635124:1279865,Embeauty Keratin Boost Onarıcı Dolgunlaştırıcı Saç Bakım Kremi 200 ml,Embeauty,Viel Kozmetik,229,258.4,-13.1,InStock,"Son 3 günde 1,5B+ ürün satıldı!",3,1500,500,4.311079545454546,1080,4,298,"[""Son 10 Günün En Düşük Fiyatı"",""Kargo Bedava"",""Trendyol Plus'a Özel""]",,refreshed,0,https://www.trendyol.com/embeauty/keratin-boost-onarici-dolgunlastirici-sac-bakim-kremi-200-ml-p-1090635124?boutiqueId=61&merchantId=1279865
kozmetik:kozmetik-vitrini,47,47,6,51.1,55.4,683006907,674296,683006907:674296,Mad Parfüm Mad P105 Selective 50 ml Kadın Parfüm,Mad Parfüm,MAD PARFÜM,599.99,,0,InStock,"Son 3 günde 1,5B+ ürün satıldı!",3,1500,500,4.2623811085601835,1821,5,909,"[""Kargo Bedava""]",,refreshed,0,https://www.trendyol.com/mad-parfum/mad-p105-selective-50-ml-kadin-parfum-p-683006907?boutiqueId=61&merchantId=674296
kozmetik:kozmetik-vitrini,61,61,185,54.8,55.2,1166153947,107599,1166153947:107599,Xoom Liberty Parfüm Mist 30 ML - Gün Boyu Tazelik,Xoom,N-Global,299,,-4.5,InStock,Son 3 günde 2B+ ürün satıldı!,3,2000,666.7,4.754957507082153,1272,2,44,"[""Kargo Bedava""]",,refreshed,0,https://www.trendyol.com/xoom/liberty-parfum-mist-30-ml-gun-boyu-tazelik-p-1166153947?boutiqueId=61&merchantId=107599
kozmetik:kozmetik-vitrini,257,257,-109,54.9,55.1,797836542,755049,797836542:755049,Ravla Çörek Otu Yağı - 50 ml,Ravla,Ravla,443,,0,InStock,Son 3 günde 2B+ ürün satıldı!,3,2000,666.7,4.710608078118065,1280,0,618,"[""Kargo Bedava""]",,refreshed,0,https://www.trendyol.com/ravla/corek-otu-yagi-50-ml-p-797836542?boutiqueId=61&merchantId=755049
kozmetik:makyaj,25,744,4,46.7,55,1188237919,154207,1188237919:154207,MOZIUR Protez Tırnak Kalıcı Oje Buffer 100-180,MOZIUR,Zerre İthalat,9.52,,-1.9,InStock,Son 3 günde 500+ ürün satıldı!,3,500,166.7,4.5,10,0,3,[],Tahmini Teslim:,carried_forward,4,https://www.trendyol.com/moziur/protez-tirnak-kalici-oje-buffer-100-180-p-1188237919?boutiqueId=61&merchantId=154207
kozmetik:kozmetik-vitrini,265,265,,107.6,54.4,993932462,897822,993932462:897822,Biorgin Collagen+Biotin Anti Hairloss Şampuan 400ML,Biorgin,Biorgin Cosmetic,279,649,,InStock,"Son 3 günde 1,5B+ ürün satıldı!",3,1500,500,3.8782552083333335,1565,,535,"[""Son 10 Günün En Düşük Fiyatı"",""Süper Fırsat Ürünü"",""Sepette %25 İndirim"",""Kargo Bedava"",""Son 10 günün en düşük fiyatı"",""Trendyol Plus'a Özel""]",,refreshed,0,https://www.trendyol.com/biorgin/collagen-biotin-anti-hairloss-sampuan-400ml-p-993932462?boutiqueId=61&merchantId=897822
kozmetik:kozmetik-vitrini,282,282,-37,50.7,54.3,941026728,707288,941026728:707288,"ORNATE Yoğun Nemlendirici Vücut Sütü Losyonu Tüy Azaltıcı, Onarıcı 4d Hyaluronik Asit 250 ml Vegan",ORNATE,Beauty Stock,250,,0,InStock,"Son 3 günde 1,5B+ ürün satıldı!",3,1500,500,4.416721964167219,1619,5,267,"[""Kargo Bedava"",""Trendyol Plus'a Özel""]",,refreshed,0,https://www.trendyol.com/ornate/yogun-nemlendirici-vucut-sutu-losyonu-tuy-azaltici-onarici-4d-hyaluronik-asit-250-ml-vegan-p-941026728?boutiqueId=61&merchantId=707288
kozmetik:kozmetik-vitrini,150,150,-70,51.3,53.7,795812872,856334,795812872:856334,ÖZDEN ÖZDOĞAN Bb Krem Bebeksi Latte 02 Spf 30 (50ML),ÖZDEN ÖZDOĞAN,ÖZDEN ÖZDOĞAN,1247.5,,0,InStock,"Son 3 günde 1,5B+ ürün satıldı!",3,1500,500,4.604644576607193,1933,4,444,"[""Sepette %60 İndirim"",""Kargo Bedava""]",,refreshed,0,https://www.trendyol.com/ozden-ozdogan/bb-krem-bebeksi-latte-02-spf-30-50ml-p-795812872?boutiqueId=61&merchantId=856334
kozmetik:kozmetik-vitrini,178,178,-23,35.3,53.1,1159346501,1279715,1159346501:1279715,"Vivante Retinal (%0,1) Shot Corrector Booster Krem Niacinamide %5 Pantehnol %1 Matrixyl %3",Vivante,VİVANTE,999,,0,InStock,Son 3 günde 1B+ ürün satıldı!,3,1000,333.3,4.364485981308412,210,15,92,"[""Sepette %30 İndirim"",""Kargo Bedava""]",,refreshed,0,https://www.trendyol.com/vivante/retinal-0-1-shot-corrector-booster-krem-niacinamide-5-pantehnol-1-matrixyl-3-p-1159346501?boutiqueId=61&merchantId=1279715
kozmetik:kozmetik-vitrini,185,185,138,37.4,51.9,1165573238,1158462,1165573238:1158462,NIVOSHE 75ML Diş Beyazlatıcı Jel Parlatıcı Jel 75 ML Teeth Whitening Gel 75ML,NIVOSHE,DEVACOS SAĞLIKLI YAŞAM ÜRÜNLERİ,368.27,371.99,36727,InStock,Son 3 günde 1B+ ürün satıldı!,3,1000,333.3,4.433766233766233,294,8,191,"[""Kargo Bedava"",""Son 10 Günün En Düşük Fiyatı"",""Son 10 günün en düşük fiyatı""]",21 saat 51 dakika içinde sipariş verirsen Yarın kargoda,refreshed,0,https://www.trendyol.com/nivoshe/75ml-dis-beyazlatici-jel-parlatici-jel-75-ml-teeth-whitening-gel-75ml-p-1165573238?boutiqueId=61&merchantId=1158462
kozmetik:kozmetik-vitrini,46,46,16,39.6,50.8,159186217,468928,159186217:468928,"Round Lab Birch Juice Moisturizing Sunscreen Nemlendirici, Aydınlatıcı Güneş Kremi 50 ml",Round Lab,Watsons,699.9,,5.2,InStock,Son 3 günde 1B+ ürün satıldı!,3,1000,333.3,4.463092463092463,728,3,789,"[""Kargo Bedava""]",21 saat 53 dakika içinde sipariş verirsen Yarın kargoda,refreshed,0,https://www.trendyol.com/round-lab/birch-juice-moisturizing-sunscreen-nemlendirici-aydinlatici-gunes-kremi-50-ml-p-159186217?boutiqueId=61&merchantId=468928
kozmetik:makyaj,38,757,,19.1,50.1,1117423886,1028724,1117423886:1028724,nailway Tırnak Bakım Törpüsü 100-180 Kalıcı Oje Protez Tırnak (1 Adet),nailway,Doğanlı Kozmetik,11.18,,19.3,InStock,Son 3 günde 500+ ürün satıldı!,3,500,166.7,4.9,6,0,3,[],11 saat 51 dakika içinde sipariş verirsen en geç bugün kargoda!,carried_forward,2,https://www.trendyol.com/nailway/tirnak-bakim-torpusu-100-180-kalici-oje-protez-tirnak-1-adet-p-1117423886?boutiqueId=61&merchantId=1028724
kozmetik:kozmetik-vitrini,504,504,-175,39.4,49,649015862,529402,649015862:529402,New Well Sıvı Allık (mat) No04,New Well,Rosewel Beauty,299.9,,,InStock,Son 3 günde 1B+ ürün satıldı!,3,1000,333.3,4.2,686,0,59,"[""Son 10 Günün En Düşük Fiyatı"",""Süper Fırsat Ürünü""]",51 dakika 19 saniye içinde sipariş verirsen en geç bugün kargoda!,carried_forward,2,https://www.trendyol.com/new-well/sivi-allik-mat-no04-p-649015862?boutiqueId=61&merchantId=529402
kozmetik:kozmetik-vitrini,508,508,-99,39.3,49,1129696830,1058193,1129696830:1058193,Ph Lab pHLab Micro Spicule Retinal PDRN Shot,Ph Lab,pH Lab,809,,0,InStock,Son 3 günde 1B+ ürün satıldı!,3,1000,333.3,4.4,674,0,594,"[""Kargo Bedava""]",Tahmini Teslim:,carried_forward,24,https://www.trendyol.com/ph-lab/phlab-micro-spicule-retinal-pdrn-shot-p-1129696830?boutiqueId=61&merchantId=1058193
kozmetik:kozmetik-vitrini,80,80,77,41.4,47.9,1138309399,830154,1138309399:830154,"CALLİEL 72 Saat Yoğun Nemlendirme Etikili, 20 SPF, 4D Hyaluronic Acid ve Cica Complex, Bariyer Destekleyici Nemlendirici 90 ML",CALLİEL,Calliel,197.9,199.9,-47.9,InStock,Son 3 günde 1B+ ürün satıldı!,3,1000,333.3,4.125,923,10,243,"[""Son 10 Günün En Düşük Fiyatı"",""Kargo Bedava"",""Son 10 günün en düşük fiyatı""]",,refreshed,0,https://www.trendyol.com/calliel/72-saat-yogun-nemlendirme-etikili-20-spf-4d-hyaluronic-acid-ve-cica-complex-bariyer-destekleyici-nemlendirici-90-ml-p-1138309399?boutiqueId=61&merchantId=830154
kozmetik:kozmetik-vitrini,518,518,-167,40.4,47.9,656085553,755049,656085553:755049,Ravla Udim Kostus Yağı - 50ml,Ravla,Ravla,751,,36.3,InStock,Son 3 günde 1B+ ürün satıldı!,3,1000,333.3,4.6,929,0,861,"[""Kargo Bedava""]",Tahmini Teslim:,carried_forward,19,https://www.trendyol.com/ravla/udim-kostus-yagi-50ml-p-656085553?boutiqueId=61&merchantId=755049
kozmetik:kozmetik-vitrini,125,125,-58,58.7,47.6,1059190418,789349,1059190418:789349,"Imprime Sue EDP Kadın Parfüm 50ml | Çiçeksi & Pudralı | Şakayık, Limon, Gül, Müge, Manolya, Misk",Imprime,Millstone,574.01,700,-20.3,InStock,Son 3 günde 1B+ ürün satıldı!,3,1000,333.3,3.8595933926302415,1012,10,151,"[""20 TL Kupon"",""Kargo Bedava"",""Son 10 Günün En Düşük Fiyatı"",""Süper Fırsat Ürünü"",""Son 10 günün en düşük fiyatı""]",21 saat 52 dakika içinde sipariş verirsen Yarın kargoda,refreshed,0,https://www.trendyol.com/imprime/sue-edp-kadin-parfum-50ml-ciceksi-pudrali-sakayik-limon-gul-muge-manolya-misk-p-1059190418?boutiqueId=61&merchantId=789349
kozmetik:kozmetik-vitrini,22,22,32,63,46.1,1109549494,365501,1109549494:365501,La Roche Posay Yağlı Ciltler İçin Onarıcı Bakım Seti: Cicaplast Baume 40ml & Effaclar Yüz Temizleyici 50ml,La Roche Posay,La Roche Posay,674.9,,1.1,InStock,Son 3 günde 500+ ürün satıldı!,3,500,166.7,4.504761904761905,216,30,106,"[""Kargo Bedava""]",,refreshed,0,https://www.trendyol.com/la-roche-posay/yagli-ciltler-icin-onarici-bakim-seti-cicaplast-baume-40ml-effaclar-yuz-temizleyici-50ml-p-1109549494?boutiqueId=61&merchantId=365501
kozmetik:kozmetik-vitrini,97,97,90,42.8,45.5,1072042577,1279865,1072042577:1279865,Embeauty Brow Lock Fıx Laminasyon Etkili Kaş Sabitleyici Maskara (Şeffaf Biotin & B5 İçerikli),Embeauty,Viel Kozmetik,229,,12.4,InStock,Son 3 günde 1B+ ürün satıldı!,3,1000,333.3,3.9391327767304065,1864,21,438,"[""Kargo Bedava""]",,refreshed,0,https://www.trendyol.com/embeauty/brow-lock-fix-laminasyon-etkili-kas-sabitleyici-maskara-seffaf-biotin-b5-icerikli-p-1072042577?boutiqueId=61&merchantId=1279865
kozmetik:kozmetik-vitrini,684,684,,13.9,45.2,1197208698,830154,1197208698:830154,CALLİEL Tranexamic Acid %3.5 Kararma ve Leke Karşıtı Aydınlatıcı Bakım Kremi 80 ML,CALLİEL,,499.9,,,InStock,Son 3 günde 500+ ürün satıldı!,3,500,166.7,5,,,,"[""Kargo Bedava""]",,listing_only,,https://www.trendyol.com/calliel/tranexamic-acid-3-5-kararma-ve-leke-karsiti-aydinlatici-bakim-kremi-80-ml-p-1197208698?boutiqueId=61&merchantId=830154
kozmetik:kozmetik-vitrini,236,236,-22,44.3,45.1,945615429,830154,945615429:830154,CALLİEL Ton Eşitleyici Gözenek Sıkılaştırıcı Mandelik Asit Tonik 200 Ml,CALLİEL,Calliel,197.9,199.9,-47.9,InStock,Son 3 günde 1B+ ürün satıldı!,3,1000,333.3,4.199876998769987,2119,13,2263,"[""Son 10 Günün En Düşük Fiyatı"",""Kargo Bedava"",""Son 10 günün en düşük fiyatı""]",,refreshed,0,https://www.trendyol.com/calliel/ton-esitleyici-gozenek-sikilastirici-mandelik-asit-tonik-200-ml-p-945615429?boutiqueId=61&merchantId=830154
kozmetik:kozmetik-vitrini,227,227,-63,43.5,44.8,187961048,651821,187961048:651821,Motto Plus Professional Dökülme Önleyici Şok Bakım & Saç Vitamini 5li Ampul,Motto Plus Professional,depommarket,315,,1.3,InStock,Son 3 günde 1B+ ürün satıldı!,3,1000,333.3,4.067870350228411,2248,-6,3146,"[""310 TL Kupon"",""1.399 TL Kupon"",""3.288 TL Kupon"",""344,90 TL Kupon"",""Kargo Bedava"",""Son 10 Günün En Düşük Fiyatı"",""Trendyol Plus'a Özel""]",,refreshed,0,https://www.trendyol.com/motto-plus-professional/dokulme-onleyici-sok-bakim-sac-vitamini-5li-ampul-p-187961048?boutiqueId=61&merchantId=651821
kozmetik:kozmetik-vitrini,548,548,-67,43.6,44.7,767471886,674296,767471886:674296,Mad Parfüm Mad V112 Selective 100 ml Kadın Parfüm,Mad Parfüm,MAD PARFÜM,899.99,,0,InStock,Son 3 günde 1B+ ürün satıldı!,3,1000,333.3,4.5,2319,0,723,"[""Kargo Bedava""]",Tahmini Teslim:,carried_forward,4,https://www.trendyol.com/mad-parfum/mad-v112-selective-100-ml-kadin-parfum-p-767471886?boutiqueId=61&merchantId=674296
kozmetik:makyaj,29,748,22,48.2,43.5,1056523627,333578,1056523627:333578,Muson Very Vanta Mascara,Muson,MUSON,208.62,,1.1,InStock,Son 3 günde 500+ ürün satıldı!,3,500,166.7,3.6,171,0,9,[],11 saat 58 dakika içinde sipariş verirsen en geç yarın kargoda!,carried_forward,15,https://www.trendyol.com/muson/very-vanta-mascara-p-1056523627?boutiqueId=61&merchantId=333578
kozmetik:makyaj,33,752,-5,39.8,41.9,1106945296,1028724,1106945296:1028724,Nail Master Protez Tırnak Kalıcı Oje Buffer 100-180 (1 Adet),Nail Master,,9.95,,1.5,InStock,Son 3 günde 500+ ürün satıldı!,3,500,166.7,4.2,,,,[],,listing_only,,https://www.trendyol.com/nail-master/protez-tirnak-kalici-oje-buffer-100-180-1-adet-p-1106945296?boutiqueId=61&merchantId=1028724
kozmetik:makyaj,31,750,,46.2,40.5,1130899457,107819,1130899457:107819,Maybelline New York Lash Sensational Sky Tubes Maskara - Limitsiz Uzunluk ve Hacim Etkisi Veren Tubing Maskara,Maybelline New York,L'Oreal,698.95,,0,InStock,Son 3 günde 500+ ürün satıldı!,3,500,166.7,4.6,305,0,46,"[""104 TL Kupon"",""Kargo Bedava""]",21 saat 51 dakika içinde sipariş verirsen en geç yarın kargoda!,carried_forward,2,https://www.trendyol.com/maybelline-new-york/lash-sensational-sky-tubes-maskara-limitsiz-uzunluk-ve-hacim-etkisi-veren-tubing-maskara-p-1130899457?boutiqueId=61&merchantId=107819
kozmetik:makyaj,27,746,-7,57.9,39.8,1130046928,132140,1130046928:132140,Güzellik Deposu Takma Kirpik Seti 580 Parça 30D/40D/50D/60D/80D/100D Komple Set,Güzellik Deposu,,455.3,459.9,1.1,InStock,Son 3 günde 500+ ürün satıldı!,3,500,166.7,4.4,,,,"[""Sepette %1 İndirim"",""Kargo Bedava""]",,listing_only,,https://www.trendyol.com/guzellik-deposu/takma-kirpik-seti-580-parca-30d-40d-50d-60d-80d-100d-komple-set-p-1130046928?boutiqueId=61&merchantId=132140
kozmetik:kozmetik-vitrini,462,462,9,47.8,38.9,1192660886,791156,1192660886:791156,"The Ceel Yoğun Nemlendirici & Cilt Bariyeri Destekleyici Jel Krem Hyaluronik Asit, Panthenol 50 ML",The Ceel,BS GİYİM KOZMETİK,434.89,599.9,-27.5,InStock,Son 3 günde 500+ ürün satıldı!,3,500,166.7,4.6,30,0,23,"[""Kargo Bedava"",""Son 10 Günün En Düşük Fiyatı"",""Süper Fırsat Ürünü""]",2 saat 46 dakika içinde sipariş verirsen en geç bugün kargoda!,carried_forward,6,https://www.trendyol.com/the-ceel/yogun-nemlendirici-cilt-bariyeri-destekleyici-jel-krem-hyaluronik-asit-panthenol-50-ml-p-1192660886?boutiqueId=61&merchantId=791156
kozmetik:kozmetik-vitrini,245,245,-3,20.6,38.6,1180109715,164987,1180109715:164987,The Purest Solutions 24 Saat Etkili Günlük Yoğun Nemlendirici Cilt Bakım Kremi 100 Ml,The Purest Solutions,The Purest Solutions,374.32,,0,InStock,Son 3 günde 500+ ürün satıldı!,3,500,166.7,4.430769230769231,33,4,18,"[""Kargo Bedava""]",21 saat 50 dakika içinde sipariş verirsen Yarın kargoda,refreshed,0,https://www.trendyol.com/the-purest-solutions/24-saat-etkili-gunluk-yogun-nemlendirici-cilt-bakim-kremi-100-ml-p-1180109715?boutiqueId=61&merchantId=164987
kozmetik:kozmetik-vitrini,186,186,-76,21.2,38,1194423567,908896,1194423567:908896,"mia klinika Besleyici Kaş Şekillendirici ve Sabitleyici Brow Glue 6,5 ml",mia klinika,Mia Klinika,429,,0,InStock,Son 3 günde 500+ ürün satıldı!,3,500,166.7,4.790697674418604,39,14,11,"[""Kargo Bedava"",""Trendyol Plus'a Özel""]",21 saat 51 dakika içinde sipariş verirsen Yarın kargoda,refreshed,0,https://www.trendyol.com/mia-klinika/besleyici-kas-sekillendirici-ve-sabitleyici-brow-glue-6-5-ml-p-1194423567?boutiqueId=61&merchantId=908896
kozmetik:kozmetik-vitrini,212,212,0,21.4,37.8,1183911818,107599,1183911818:107599,RESETIFY Triple Firming Shot Gua Sha Sıkılaştırıcı Gençleştirici Krem 100 ML,RESETIFY,N-Global,1080,,0,InStock,Son 3 günde 500+ ürün satıldı!,3,500,166.7,4.409090909090909,42,1,43,"[""Kargo Bedava""]",,refreshed,0,https://www.trendyol.com/resetify/triple-firming-shot-gua-sha-sikilastirici-genclestirici-krem-100-ml-p-1183911818?boutiqueId=61&merchantId=107599
kozmetik:kozmetik-vitrini,363,363,-22,22,37.2,1159641257,1122353,1159641257:1122353,Celimax The Vita-A Retinal Shot Tightening Dual Cream,Celimax,CelimaxTürkiye,1299,,0,InStock,Son 3 günde 500+ ürün satıldı!,3,500,166.7,4.4,50,0,162,"[""Kargo Bedava""]",11 saat 50 dakika içinde sipariş verirsen en geç yarın kargoda!,carried_forward,3,https://www.trendyol.com/celimax/the-vita-a-retinal-shot-tightening-dual-cream-p-1159641257?boutiqueId=61&merchantId=1122353
kozmetik:makyaj,39,758,,29.5,37.2,177500697,154207,177500697:154207,Genel Markalar 10'lu Kaş Kirpik Tarama Fırçası,Genel Markalar,Zerre İthalat,14.9,,-0.6,InStock,Son 3 günde 500+ ürün satıldı!,3,500,166.7,4.3,249,0,42,[],13 saat 50 dakika içinde sipariş verirsen en geç bugün kargoda!,carried_forward,2,https://www.trendyol.com/genel-markalar/10-lu-kas-kirpik-tarama-fircasi-p-177500697?boutiqueId=61&merchantId=154207
kozmetik:kozmetik-vitrini,277,277,-87,38.6,36.1,1174688260,1019054,1174688260:1019054,Lunova Anında Işıltı ve Gün Boyu Yoğun Nemlendirici Yüz Spreyi | Seramid Kompleksi Face Mist Therapy | 50ml,Lunova,Lunova Skin,490,580,-15.5,InStock,Son 3 günde 500+ ürün satıldı!,3,500,166.7,4.767857142857143,69,13,33,"[""Kargo Bedava"",""Son 10 Günün En Düşük Fiyatı"",""Süper Fırsat Ürünü"",""Trendyol Plus'a Özel""]",21 saat 49 dakika içinde sipariş verirsen Yarın kargoda,refreshed,0,https://www.trendyol.com/lunova/aninda-isilti-ve-gun-boyu-yogun-nemlendirici-yuz-spreyi-seramid-kompleksi-face-mist-therapy-50ml-p-1174688260?boutiqueId=61&merchantId=1019054
kozmetik:makyaj,32,751,-5,48.1,36.1,1144251469,556702,1144251469:556702,Cream Co. Çift Taraflı Makyaj Fırçası | Dual-Ended Allık Kontür Fondöten Kapatıcı | Çok Amaçlı Makeup Brush,Cream Co.,,329.9,,0,InStock,Son 3 günde 500+ ürün satıldı!,3,500,166.7,4.6,,,,[],,listing_only,,https://www.trendyol.com/cream-co/cift-tarafli-makyaj-fircasi-dual-ended-allik-kontur-fondoten-kapatici-cok-amacli-makeup-brush-p-1144251469?boutiqueId=61&merchantId=556702
kozmetik:makyaj,35,754,18,52.2,36,1046396994,468928,1046396994:468928,PURE BEAUTY BB Krem SPF50 PA++++ Ivory 30 ml,PURE BEAUTY,,349,394.18,0,InStock,Son 3 günde 500+ ürün satıldı!,3,500,166.7,4.3,,,,"[""Son 10 Günün En Düşük Fiyatı""]",,listing_only,,https://www.trendyol.com/pure-beauty/bb-krem-spf50-pa-ivory-30-ml-p-1046396994?boutiqueId=61&merchantId=468928
kozmetik:kozmetik-vitrini,70,70,8,28.4,35.8,1164644079,1003094,1164644079:1003094,CAVALYN Profesyonel İpek Kirpik Seti Doğal Görünümlü Kirpik Uygulama Kiti,CAVALYN,Cavalyn,419.63,441.77,-5,InStock,Son 3 günde 500+ ürün satıldı!,3,500,166.7,4.504201680672269,75,0,66,"[""Kargo Bedava"",""Son 10 Günün En Düşük Fiyatı"",""Sepette %1 İndirim"",""475 TL Kupon"",""Son 10 günün en düşük fiyatı""]",,refreshed,0,https://www.trendyol.com/cavalyn/profesyonel-ipek-kirpik-seti-dogal-gorunumlu-kirpik-uygulama-kiti-p-1164644079?boutiqueId=61&merchantId=1003094
kozmetik:kozmetik-vitrini,531,531,-95,23.4,35.8,1149217185,163501,1149217185:163501,Zubio Ağız Kokusu Giderici ve Önleyici Sprey | Çinko | Prebiyotik | Alkolsüz | 20 ml,Zubio,Zubio | Soltis,410,,0,InStock,Son 3 günde 500+ ürün satıldı!,3,500,166.7,4,75,0,51,"[""Kargo Bedava""]",Tahmini Teslim:,carried_forward,10,https://www.trendyol.com/zubio/agiz-kokusu-giderici-ve-onleyici-sprey-cinko-prebiyotik-alkolsuz-20-ml-p-1149217185?boutiqueId=61&merchantId=163501
kozmetik:kozmetik-vitrini,27,27,-14,106.3,35.2,307859093,387700,307859093:387700,KIKO Glossy Lip Set - Dudak Parlatıcısı Seti,KIKO,Kiko Milano,1598,2897,0,InStock,Son 3 günde 500+ ürün satıldı!,3,500,166.7,4.768218623481781,2457,3,271,"[""Kargo Bedava"",""Son 10 Günün En Düşük Fiyatı"",""Son 10 günün en düşük fiyatı""]",,refreshed,0,https://www.trendyol.com/kiko/glossy-lip-set-dudak-parlaticisi-seti-p-307859093?boutiqueId=61&merchantId=387700
kozmetik:kozmetik-vitrini,16,16,34,74.7,34.9,1044487898,1031124,1044487898:1031124,THE BATH FACTORY Liberty Duş Jeli + Vücut Spreyi + Vücut Losyonu + Vücut Peelingi,THE BATH FACTORY,The Bath Factory,1058,,-0.1,InStock,Son 3 günde 250+ ürün satıldı!,3,250,83.3,4.369533527696793,657,3,127,"[""Kargo Bedava""]",,refreshed,0,https://www.trendyol.com/the-bath-factory/liberty-dus-jeli-vucut-spreyi-vucut-losyonu-vucut-peelingi-p-1044487898?boutiqueId=61&merchantId=1031124
kozmetik:kozmetik-vitrini,101,101,48,24.3,34.9,1135584473,4473,1135584473:4473,Flormar Extreme Tattoo Mat Asansörlü Kalemtıraşlı Jel Göz Kalemi & Far Stick - 002 Burgundy,Flormar,Flormar,449.99,,0,InStock,Son 3 günde 500+ ürün satıldı!,3,500,166.7,4.572769953051643,97,1,21,"[""Kargo Bedava"",""Trendyol Plus'a Özel""]",,refreshed,0,https://www.trendyol.com/flormar/extreme-tattoo-mat-asansorlu-kalemtirasli-jel-goz-kalemi-far-stick-002-burgundy-p-1135584473?boutiqueId=61&merchantId=4473
kozmetik:makyaj,34,753,2,45.7,34.7,1106914024,743162,1106914024:743162,WIWIFY Su Bazlı Yoğun Nemlendirici Yüz Kremi 100 ML X2 Adet,WIWIFY,,414.89,419.9,-17,InStock,Son 3 günde 500+ ürün satıldı!,3,500,166.7,4.5,,,,"[""Kargo Bedava"",""Son 10 Günün En Düşük Fiyatı""]",,listing_only,,https://www.trendyol.com/wiwify/su-bazli-yogun-nemlendirici-yuz-kremi-100-ml-x2-adet-p-1106914024?boutiqueId=61&merchantId=743162
kozmetik:kozmetik-vitrini,563,563,-83,10.4,34.2,1193961383,1058193,1193961383:1058193,Ph Lab pHLab Hair Exosome + PDRN Brush Hair Serum,Ph Lab,pH Lab,1149,,0,InStock,Son 3 günde 250+ ürün satıldı!,3,250,83.3,5,5,0,,"[""Kargo Bedava""]",Tahmini Teslim:,carried_forward,10,https://www.trendyol.com/ph-lab/phlab-hair-exosome-pdrn-brush-hair-serum-p-1193961383?boutiqueId=61&merchantId=1058193
kozmetik:makyaj,37,756,12,58.4,33.7,954976526,830154,954976526:830154,"CALLİEL Görünmeyen, Şeffaf & Doğal Bitişli Nemlendirici Etkili 50 SPF Makyaj Bazı 80 Ml",CALLİEL,Calliel,199.9,250.98,0,InStock,Son 3 günde 500+ ürün satıldı!,3,500,166.7,4.3,906,0,374,"[""Süper Fırsat Ürünü""]",11 saat 54 dakika içinde sipariş verirsen en geç yarın kargoda!,carried_forward,3,https://www.trendyol.com/calliel/gorunmeyen-seffaf-dogal-bitisli-nemlendirici-etkili-50-spf-makyaj-bazi-80-ml-p-954976526?boutiqueId=61&merchantId=830154
kozmetik:kozmetik-vitrini,144,144,,58.5,33.1,1178138296,1279865,1178138296:1279865,Embeauty Bella Glow Argan Yağı İçerikli Besleyici Saç Parfümü 100 ml,Embeauty,Viel Kozmetik,229,338.7,,InStock,Son 3 günde 500+ ürün satıldı!,3,500,166.7,4.552631578947368,163,,13,"[""Son 10 Günün En Düşük Fiyatı"",""Süper Fırsat Ürünü"",""Kargo Bedava"",""Trendyol Plus'a Özel""]",,refreshed,0,https://www.trendyol.com/embeauty/bella-glow-argan-yagi-icerikli-besleyici-sac-parfumu-100-ml-p-1178138296?boutiqueId=61&merchantId=1279865
kozmetik:makyaj,41,760,-4,30.8,32.9,1108843707,556702,1108843707:556702,Cream Co. Leke Karşıtı Aydınlatıcı Nemlendirici SPF50 Güneş Kremi | Niasinamid Hyalüronik Asit Peptit Seramid,Cream Co.,Cream Co.,289.6,,0,InStock,Son 3 günde 500+ ürün satıldı!,3,500,166.7,4.3,642,0,176,[],11 saat 57 dakika içinde sipariş verirsen en geç yarın kargoda!,carried_forward,9,https://www.trendyol.com/cream-co/leke-karsiti-aydinlatici-nemlendirici-spf50-gunes-kremi-niasinamid-hyaluronik-asit-peptit-seramid-p-1108843707?boutiqueId=61&merchantId=556702
kozmetik:kozmetik-vitrini,196,196,173,26.3,32.8,849561974,875815,849561974:875815,"Anyong Sivilce Karşıtı, Yatıştırıcı Azelaik Asit %5 Serum 30 ml (Centella Özü & Prebiyotik)",Anyong,Anyong,299.9,,0.3,InStock,Son 3 günde 500+ ürün satıldı!,3,500,166.7,4.538720538720539,177,13,185,"[""Kargo Bedava"",""Trendyol Plus'a Özel""]",,refreshed,0,https://www.trendyol.com/anyong/sivilce-karsiti-yatistirici-azelaik-asit-5-serum-30-ml-centella-ozu-prebiyotik-p-849561974?boutiqueId=61&merchantId=875815
kozmetik:kozmetik-vitrini,539,539,146,66.8,32.8,1189128072,205639,1189128072:205639,Note Cosmetics Desired Lash Mascara Uzunluk ve Yoğun Hacim Etkili Maskara - Siyah,Note Cosmetics,,449.9,999.78,0,InStock,Son 3 günde 250+ ürün satıldı!,3,250,83.3,3.9,,,,"[""Sepette %55 İndirim"",""Kargo Bedava"",""Süper Fırsat Ürünü""]",,listing_only,,https://www.trendyol.com/note-cosmetics/desired-lash-mascara-uzunluk-ve-yogun-hacim-etkili-maskara-siyah-p-1189128072?boutiqueId=61&merchantId=205639
kozmetik:kozmetik-vitrini,239,239,142,27.5,32.6,1148779287,176633,1148779287:176633,Propia Keralith Saç Dökülmesine Karşı Serum 100 ml | 1.5% Kopexil™ Dökülme Karşıtı Saç Bakım Serumu,Propia,Propia,748.49,756.05,-11.9,InStock,Son 3 günde 500+ ürün satıldı!,3,500,166.7,4.3803921568627455,187,1,41,"[""Kargo Bedava"",""Son 10 Günün En Düşük Fiyatı"",""Son 10 günün en düşük fiyatı""]",21 saat 50 dakika içinde sipariş verirsen Yarın kargoda,refreshed,0,https://www.trendyol.com/propia/keralith-sac-dokulmesine-karsi-serum-100-ml-1-5-kopexil-dokulme-karsiti-sac-bakim-serumu-p-1148779287?boutiqueId=61&merchantId=176633
kozmetik:kozmetik-vitrini,52,52,351,26.8,32.4,152900780,451556,152900780:451556,Morfose Saç Spreyi 400 ml Turuncu,Morfose,MORFOSE,159,,-3,InStock,Son 3 günde 500+ ürün satıldı!,3,500,166.7,4.5710227272727275,200,2,17,"[""Kargo Bedava""]",21 saat 53 dakika içinde sipariş verirsen Yarın kargoda,refreshed,0,https://www.trendyol.com/morfose/sac-spreyi-400-ml-turuncu-p-152900780?boutiqueId=61&merchantId=451556
kozmetik:makyaj,62,781,-14,12.2,32.4,1187237349,556702,1187237349:556702,Cream Co. PDRN Kolajen Nemlendirici Yüz Kremi | Peptit NAD+ Argireline Sıkılaştırıcı Kırışıklık Karşıtı 50 ml,Cream Co.,Cream Co.,329.9,,0,InStock,Son 3 günde 250+ ürün satıldı!,3,250,83.3,4.7,9,0,28,[],Tahmini Teslim:,carried_forward,5,https://www.trendyol.com/cream-co/pdrn-kolajen-nemlendirici-yuz-kremi-peptit-nad-argireline-sikilastirici-kirisiklik-karsiti-50-ml-p-1187237349?boutiqueId=61&merchantId=556702
kozmetik:kozmetik-vitrini,38,38,54,36.9,32.3,175354560,468928,175354560:468928,Revolution Reloaded Dare To Divulge Aydınlatıcı,Revolution,Watsons,249,,0,InStock,Son 3 günde 500+ ürün satıldı!,3,500,166.7,4.600195026816187,1168,0,200,"[""Sepette %7 İndirim"",""Kargo Bedava""]",,refreshed,0,https://www.trendyol.com/revolution/reloaded-dare-to-divulge-aydinlatici-p-175354560?boutiqueId=61&merchantId=468928
kozmetik:kozmetik-vitrini,267,267,-220,27.9,32.3,971342862,830154,971342862:830154,CALLİEL Leke ve Akne Karşıtı Aydınlatıcı Bakım Seti,CALLİEL,Calliel,380.21,384.05,-39.6,InStock,Son 3 günde 500+ ürün satıldı!,3,500,166.7,4.250580046403712,206,4,133,"[""Kargo Bedava"",""Son 10 Günün En Düşük Fiyatı"",""Son 10 günün en düşük fiyatı""]",,refreshed,0,https://www.trendyol.com/calliel/leke-ve-akne-karsiti-aydinlatici-bakim-seti-p-971342862?boutiqueId=61&merchantId=830154
kozmetik:kozmetik-vitrini,574,574,-90,37.6,32,1103229850,1055691,1103229850:1055691,LOVECRA Aloe Vera Yüz Temizleme Köpüğü Gözenek Arındırıcı Derinlemesine Temizlik Canlılık 150 ml,LOVECRA,LOVECRA,349.36,389.99,34836,InStock,Son 3 günde 500+ ürün satıldı!,3,500,166.7,4.3,227,0,110,"[""Son 10 Günün En Düşük Fiyatı""]",11 saat 52 dakika içinde sipariş verirsen en geç yarın kargoda!,carried_forward,29,https://www.trendyol.com/lovecra/aloe-vera-yuz-temizleme-kopugu-gozenek-arindirici-derinlemesine-temizlik-canlilik-150-ml-p-1103229850?boutiqueId=61&merchantId=1055691
kozmetik:makyaj,50,769,,72.8,31.8,1142239907,205639,1142239907:205639,Note Cosmetics Aura Silk Lipstick 07 Classy Nude Kremsi Yarı Parlak Ruj - Nude,Note Cosmetics,Note Cosmetics,359.9,899.75,0,InStock,Son 3 günde 250+ ürün satıldı!,3,250,83.3,4.5,11,0,3,"[""Sepette %60 İndirim"",""Kargo Bedava"",""Süper Fırsat Ürünü""]",Tahmini Teslim:,carried_forward,2,https://www.trendyol.com/note-cosmetics/aura-silk-lipstick-07-classy-nude-kremsi-yari-parlak-ruj-nude-p-1142239907?boutiqueId=61&merchantId=205639
kozmetik:kozmetik-vitrini,127,127,12,27.5,31.7,1114214923,1174892,1114214923:1174892,The Ordinary Rice Lipids + Ectoin Microemulsion - Nemlendirici Emülsiyon 60ml,The Ordinary,The Ordinary,795,,0,InStock,Son 3 günde 500+ ürün satıldı!,3,500,166.7,4.424302788844622,248,1,259,"[""Kargo Bedava""]",,refreshed,0,https://www.trendyol.com/the-ordinary/rice-lipids-ectoin-microemulsion-nemlendirici-emulsiyon-60ml-p-1114214923?boutiqueId=61&merchantId=1174892
kozmetik:kozmetik-vitrini,43,43,86,32.2,31.4,971697551,830154,971697551:830154,CALLİEL Leke Karşıtı Ton Eşitleyici ve Gözenek Sıkılaştırıcı Bakım Seti,CALLİEL,Calliel,402.17,406.23,0,InStock,Son 3 günde 500+ ürün satıldı!,3,500,166.7,4.264908976773383,726,6,494,"[""Kargo Bedava"",""Son 10 Günün En Düşük Fiyatı"",""Son 10 günün en düşük fiyatı""]",,refreshed,0,https://www.trendyol.com/calliel/leke-karsiti-ton-esitleyici-ve-gozenek-sikilastirici-bakim-seti-p-971697551?boutiqueId=61&merchantId=830154
kozmetik:kozmetik-vitrini,129,129,-1,27.8,31.4,1154028547,1119222,1154028547:1119222,Tikatti Takma Kirpik 600 Demet Kirpik Seti Kitap Model 30-40-50-60-80-100 D 6 Farklı Hacim,Tikatti,DİAR KOZMETİK,475,,0,InStock,Son 3 günde 500+ ürün satıldı!,3,500,166.7,4.314666666666667,271,5,120,"[""Kargo Bedava""]",,refreshed,0,https://www.trendyol.com/tikatti/takma-kirpik-600-demet-kirpik-seti-kitap-model-30-40-50-60-80-100-d-6-farkli-hacim-p-1154028547?boutiqueId=61&merchantId=1119222
kozmetik:kozmetik-vitrini,356,356,-194,28.3,30.8,279937901,305805,279937901:305805,EVVAHE DOĞAL Misvak Vakumlu (yaş),EVVAHE DOĞAL,Evvahe Doğal,169,,0,InStock,Son 3 günde 500+ ürün satıldı!,3,500,166.7,4.2,316,0,83,[],21 saat 51 dakika içinde sipariş verirsen en geç yarın kargoda!,carried_forward,2,https://www.trendyol.com/evvahe-dogal/misvak-vakumlu-yas-p-279937901?boutiqueId=61&merchantId=305805
kozmetik:kozmetik-vitrini,577,577,-517,34.3,30.7,6516937,179281,6516937:179281,ISANA Dökülme Karşıtı Kafein Şampuan 250 Ml,ISANA,Rossmann,162,172,-5.8,InStock,Son 3 günde 500+ ürün satıldı!,3,500,166.7,4.2,329,0,100,"[""Son 10 Günün En Düşük Fiyatı""]",21 saat 53 dakika içinde sipariş verirsen en geç yarın kargoda!,carried_forward,2,https://www.trendyol.com/isana/dokulme-karsiti-kafein-sampuan-250-ml-p-6516937?boutiqueId=61&merchantId=179281
kozmetik:kozmetik-vitrini,243,243,-153,29,30.2,1157874477,856334,1157874477:856334,ÖZDEN ÖZDOĞAN Pink Touch Tone-Up SPF 50 PA+++ Ton Eşitleyici Güneş Kremi 50 ml,ÖZDEN ÖZDOĞAN,ÖZDEN ÖZDOĞAN,699.99,,0,InStock,Son 3 günde 500+ ürün satıldı!,3,500,166.7,4.4299719887955185,379,1,160,"[""Sepette %60 İndirim"",""Kargo Bedava""]",,refreshed,0,https://www.trendyol.com/ozden-ozdogan/pink-touch-tone-up-spf-50-pa-ton-esitleyici-gunes-kremi-50-ml-p-1157874477?boutiqueId=61&merchantId=856334
kozmetik:kozmetik-vitrini,237,237,51,14.7,29.8,1194722168,1080836,1194722168:1080836,gloceans feel the glow Dökülen ve Geç Uzayan Saçlar İçin Yoğun Onarıcı Saç Maskesi 350 ml,gloceans feel the glow,GLOCEANS,689,,0,InStock,Son 3 günde 250+ ürün satıldı!,3,250,83.3,4.689655172413793,20,3,16,"[""Sepette %25 İndirim"",""Kargo Bedava""]",,refreshed,0,https://www.trendyol.com/gloceans-feel-the-glow/dokulen-ve-gec-uzayan-saclar-icin-yogun-onarici-sac-maskesi-350-ml-p-1194722168?boutiqueId=61&merchantId=1080836
kozmetik:makyaj,53,772,22,30.5,29.7,1136086325,830154,1136086325:830154,"CALLİEL SPF 50 Tüm Ciltler, Yüksek Koruma ve Nemlendirici Etkili Leke Karşıtı Güneş Kremi 80 ML",CALLİEL,Calliel,197.9,199.9,0,InStock,Son 3 günde 500+ ürün satıldı!,3,500,166.7,4.2,441,0,173,"[""Son 10 Günün En Düşük Fiyatı""]",4 saat 54 dakika içinde sipariş verirsen en geç bugün kargoda!,carried_forward,2,https://www.trendyol.com/calliel/spf-50-tum-ciltler-yuksek-koruma-ve-nemlendirici-etkili-leke-karsiti-gunes-kremi-80-ml-p-1136086325?boutiqueId=61&merchantId=830154
kozmetik:kozmetik-vitrini,45,45,11,33.1,29.6,928922095,1983,928922095:1983,Helen's Home Bölmeli Makyaj Çantası Düzenleyici Seyahat Tipi Çanta Organizer,Helen's Home Bölmeli,Helen's Home,265.79,268.47,-1,InStock,Son 3 günde 500+ ürün satıldı!,3,500,166.7,4.289805269186713,936,3,51,"[""Son 10 Günün En Düşük Fiyatı"",""Kargo Bedava"",""Trendyol Plus'a Özel""]",,refreshed,0,https://www.trendyol.com/helen-s-home/bolmeli-makyaj-cantasi-duzenleyici-seyahat-tipi-canta-organizer-p-928922095?boutiqueId=61&merchantId=1983
kozmetik:kozmetik-vitrini,288,288,94,29.6,29.6,1145365033,1142754,1145365033:1142754,VULLY Glow Libera Argan yağlı besleyici ve Panthenol içerikli ışıltı veren Saç Parfümü 100 Ml,VULLY,ORABELLA KOZMETİK,499,,0,InStock,Son 3 günde 500+ ürün satıldı!,3,500,166.7,3.9252232142857144,452,27,46,"[""Sepette %20 İndirim"",""Kargo Bedava"",""Trendyol Plus'a Özel""]",,refreshed,0,https://www.trendyol.com/vully/glow-libera-argan-yagli-besleyici-ve-panthenol-icerikli-isilti-veren-sac-parfumu-100-ml-p-1145365033?boutiqueId=61&merchantId=1142754
kozmetik:kozmetik-vitrini,241,241,-38,29.8,29.4,1129696080,1058193,1129696080:1058193,Ph Lab pHLab Micro Spicule NAD+ PDRN Regenerating Shot,Ph Lab,pH Lab,839,,0,InStock,Son 3 günde 500+ ürün satıldı!,3,500,166.7,4.324805339265852,481,4,354,"[""Kargo Bedava""]",,refreshed,0,https://www.trendyol.com/ph-lab/phlab-micro-spicule-nad-pdrn-regenerating-shot-p-1129696080?boutiqueId=61&merchantId=1058193
kozmetik:kozmetik-vitrini,256,256,1,29.7,29.4,1145363788,1142754,1145363788:1142754,VULLY Glow Hera Argan yağlı besleyici ve Panthenol içerikli ışıltı veren Saç Parfümü 100 Ml,VULLY,ORABELLA KOZMETİK,499,,0,InStock,Son 3 günde 500+ ürün satıldı!,3,500,166.7,3.9316702819956615,472,3,43,"[""Sepette %20 İndirim"",""Kargo Bedava"",""Trendyol Plus'a Özel""]",,refreshed,0,https://www.trendyol.com/vully/glow-hera-argan-yagli-besleyici-ve-panthenol-icerikli-isilti-veren-sac-parfumu-100-ml-p-1145363788?boutiqueId=61&merchantId=1142754
kozmetik:kozmetik-vitrini,137,137,-74,15.3,29.2,1184421386,118774,1184421386:118774,La Roche Posay Effaclar Supramolecular Karma ve Yağlı Ciltler İçin Yağ İçermeyen Gözenek Karşıtı Nemlendirici 40 ml,La Roche Posay,bakımfırsatı,988,,,InStock,Son 3 günde 250+ ürün satıldı!,3,250,83.3,4.377777777777778,24,4,37,"[""Sepette %1 İndirim"",""Kargo Bedava""]",,refreshed,0,https://www.trendyol.com/la-roche-posay/effaclar-supramolecular-karma-ve-yagli-ciltler-icin-yag-icermeyen-gozenek-karsiti-nemlendirici-40-ml-p-1184421386?boutiqueId=61&merchantId=118774
kozmetik:kozmetik-vitrini,64,64,39,45.2,28.9,1073360532,1168206,1073360532:1168206,Pantene Molecular Bond Repair Yıpranmış Saçlar İçin Bağ Onarıcı Durulanmayan Saç Bakım Kremi 90 ml,Pantene,P&G Türkiye,220.37,259,-14.9,InStock,Son 3 günde 500+ ürün satıldı!,3,500,166.7,4.5876180482686255,559,6,148,"[""Son 10 Günün En Düşük Fiyatı"",""Kargo Bedava"",""Son 10 günün en düşük fiyatı""]",,refreshed,0,https://www.trendyol.com/pantene/molecular-bond-repair-yipranmis-saclar-icin-bag-onarici-durulanmayan-sac-bakim-kremi-90-ml-p-1073360532?boutiqueId=61&merchantId=1168206
kozmetik:kozmetik-vitrini,550,550,-76,30.3,28.9,1151876054,1058193,1151876054:1058193,"Ph Lab pHLab Hair Exosome, NAD+ & Triple PDRN Scalp Shot",Ph Lab,pH Lab,889,,0,InStock,Son 3 günde 500+ ürün satıldı!,3,500,166.7,4,551,0,382,"[""Kargo Bedava""]",Tahmini Teslim:,carried_forward,7,https://www.trendyol.com/ph-lab/phlab-hair-exosome-nad-triple-pdrn-scalp-shot-p-1151876054?boutiqueId=61&merchantId=1058193
kozmetik:kozmetik-vitrini,205,205,-46,71.3,28.8,992534265,122143,992534265:122143,"Imprime Muse Intense EDP Kadın Parfüm 50 ml | Çiçeksi ve Gurman | Frenk Üzümü, Çikolata, Vanilya, Pralin",Imprime,Imprimé,649,1099,,InStock,Son 3 günde 500+ ürün satıldı!,3,500,166.7,4.046958377801495,572,1,157,"[""Kargo Bedava"",""Son 10 Günün En Düşük Fiyatı"",""Süper Fırsat Ürünü"",""Son 10 günün en düşük fiyatı""]",,refreshed,0,https://www.trendyol.com/imprime/muse-intense-edp-kadin-parfum-50-ml-ciceksi-ve-gurman-frenk-uzumu-cikolata-vanilya-pralin-p-992534265?boutiqueId=61&merchantId=122143
kozmetik:kozmetik-vitrini,29,29,-7,53.4,28.7,970253240,891275,970253240:891275,Kremi Allık Ruj Göz Farı Kiss&Blush | Nemlendirici Makyaj Makeup | Stick | Seramid Skualen Vitamin E,Kremi,Kremi,284.9,299.9,-5,InStock,Son 3 günde 250+ ürün satıldı!,3,250,83.3,4.286042944785276,604,2,73,"[""Son 10 Günün En Düşük Fiyatı"",""Kargo Bedava"",""Trendyol Plus'a Özel""]",,refreshed,0,https://www.trendyol.com/kremi/allik-ruj-goz-fari-kiss-blush-nemlendirici-makyaj-makeup-stick-seramid-skualen-vitamin-e-p-970253240?boutiqueId=61&merchantId=891275
kozmetik:kozmetik-vitrini,481,481,-142,30.5,28.7,1052976682,529402,1052976682:529402,New Well Glow Creamy Highlighter Doğal Işıltılı Krem Aydınlatıcı 30 ML Pearl 01,New Well,TWİN BEAUTY,458.79,,,InStock,Son 3 günde 500+ ürün satıldı!,3,500,166.7,4.1,583,0,313,"[""Son 10 Günün En Düşük Fiyatı"",""Süper Fırsat Ürünü""]",2 saat 51 dakika içinde sipariş verirsen en geç bugün kargoda!,carried_forward,2,https://www.trendyol.com/new-well/glow-creamy-highlighter-dogal-isiltili-krem-aydinlatici-30-ml-pearl-01-p-1052976682?boutiqueId=61&merchantId=529402
kozmetik:kozmetik-vitrini,179,179,17,20.8,28.6,1181251468,107599,1181251468:107599,BOOM Ampoule Scalp Brush Dökülme Karşıtı ve Hızlı Uzama Ampul 150 ML,BOOM,N-Global,999,1049.28,0,InStock,Son 3 günde 250+ ürün satıldı!,3,250,83.3,4.666666666666667,29,0,37,"[""Kargo Bedava"",""Son 10 Günün En Düşük Fiyatı"",""Son 10 günün en düşük fiyatı""]",,refreshed,0,https://www.trendyol.com/boom/ampoule-scalp-brush-dokulme-karsiti-ve-hizli-uzama-ampul-150-ml-p-1181251468?boutiqueId=61&merchantId=107599
kozmetik:kozmetik-vitrini,187,187,-61,38.4,28.4,857264549,4473,857264549:4473,Flormar Hacim Veren Besleyici Maskara (SİYAH) - Carefull Volume - 000 Black - 8682536084093,Flormar,Flormar,229.99,249,0,InStock,Son 3 günde 500+ ürün satıldı!,3,500,166.7,4.331807780320367,633,18,48,"[""Son 10 Günün En Düşük Fiyatı"",""Kargo Bedava"",""Son 10 günün en düşük fiyatı""]",,refreshed,0,https://www.trendyol.com/flormar/hacim-veren-besleyici-maskara-siyah-carefull-volume-000-black-8682536084093-p-857264549?boutiqueId=61&merchantId=4473
kozmetik:kozmetik-vitrini,640,640,-79,30.8,28.4,1033265240,908896,1033265240:908896,mia klinika 72 Saat Etkili Su Bazlı Yoğun Nemlendirici Yüz Kremi,mia klinika,Mia Klinika,329,,-0.8,InStock,Son 3 günde 500+ ürün satıldı!,3,500,166.7,4.4,639,0,233,[],Tahmini Teslim:,carried_forward,4,https://www.trendyol.com/mia-klinika/72-saat-etkili-su-bazli-yogun-nemlendirici-yuz-kremi-p-1033265240?boutiqueId=61&merchantId=908896
kozmetik:kozmetik-vitrini,460,460,60,30.9,28.3,917751067,361197,917751067:361197,Dr.Melaxin Kırışıklık Karşıtı & Sıkılaştırıcı Rebornic Teknolojili Kalsiyum | Yüz & Göz Çevresi Kremi 50ml,Dr.Melaxin Kırışıklık,7co,1303.34,,-13.1,InStock,Son 3 günde 500+ ürün satıldı!,3,500,166.7,4.6,654,0,455,"[""Kargo Bedava""]",11 saat 51 dakika içinde sipariş verirsen en geç yarın kargoda!,carried_forward,3,https://www.trendyol.com/dr-melaxin/kirisiklik-karsiti-sikilastirici-rebornic-teknolojili-kalsiyum-yuz-goz-cevresi-kremi-50ml-p-917751067?boutiqueId=61&merchantId=361197
kozmetik:kozmetik-vitrini,193,193,-121,31.2,28,208551428,179281,208551428:179281,ISANA TIRAS BICAGI 6 BICAKLI SISTEM PACE MINI,ISANA,Rossmann,334,,2.8,InStock,Son 3 günde 500+ ürün satıldı!,3,500,166.7,4.42942942942943,714,4,257,"[""Kargo Bedava""]",21 saat 51 dakika içinde sipariş verirsen Yarın kargoda,refreshed,0,https://www.trendyol.com/isana/tiras-bicagi-6-bicakli-sistem-pace-mini-p-208551428?boutiqueId=61&merchantId=179281
kozmetik:kozmetik-vitrini,549,549,-376,31.3,27.9,900145643,830154,900145643:830154,"CALLİEL Leke Karşıtı Etkili, Aydınlatıcı Cilt Tonu Eşitleyici Blemish Bubble 120 Ml",CALLİEL,Calliel,199.9,,0,InStock,Son 3 günde 500+ ürün satıldı!,3,500,166.7,4.2,731,0,528,[],4 saat 53 dakika içinde sipariş verirsen en geç bugün kargoda!,carried_forward,7,https://www.trendyol.com/calliel/leke-karsiti-etkili-aydinlatici-cilt-tonu-esitleyici-blemish-bubble-120-ml-p-900145643?boutiqueId=61&merchantId=830154
kozmetik:kozmetik-vitrini,53,53,-13,31.5,27.7,891538884,630280,891538884:630280,Batekso Çıtır Kiraz Desenli Makyaj Çantası - Büyük Boy,Batekso,Batekso,159.9,,0,InStock,Son 3 günde 500+ ürün satıldı!,3,500,166.7,4.793170103092783,786,12,64,"[""Kargo Bedava""]",,refreshed,0,https://www.trendyol.com/batekso/citir-kiraz-desenli-makyaj-cantasi-buyuk-boy-p-891538884?boutiqueId=61&merchantId=630280
kozmetik:kozmetik-vitrini,457,457,-124,31.4,27.7,1033261181,908896,1033261181:908896,mia klinika Arındırıcı ve Aydınlatıcı Enzim Peeling Toz Temizleyici,mia klinika,Mia Klinika,349,,10.8,InStock,Son 3 günde 500+ ürün satıldı!,3,500,166.7,4.4,772,0,308,[],52 dakika 41 saniye içinde sipariş verirsen en geç bugün kargoda!,carried_forward,16,https://www.trendyol.com/mia-klinika/arindirici-ve-aydinlatici-enzim-peeling-toz-temizleyici-p-1033261181?boutiqueId=61&merchantId=908896
kozmetik:kozmetik-vitrini,632,632,-80,31.7,27.5,892034432,1174892,892034432:1174892,The Ordinary Hyaluronic Acid 2% + B5 - Derinlemesine Nemlendirici Serum 30ml,The Ordinary,The Ordinary,595,,0,InStock,Son 3 günde 500+ ürün satıldı!,3,500,166.7,4.4,824,0,574,"[""Kargo Bedava""]",Tahmini Teslim:,carried_forward,6,https://www.trendyol.com/the-ordinary/hyaluronic-acid-2-b5-derinlemesine-nemlendirici-serum-30ml-p-892034432?boutiqueId=61&merchantId=1174892
kozmetik:kozmetik-vitrini,115,115,-80,31.9,27.2,929180850,349368,929180850:349368,Armasari Ruby Prestige Çiçeksi ve Meyvemsi Kalıcı Kadın Parfüm 100ml,Armasari,Smella Kozmetik,249.9,,0,InStock,Son 3 günde 500+ ürün satıldı!,3,500,166.7,3.9315514993481093,893,5,263,"[""Kargo Bedava"",""Trendyol Plus'a Özel""]",21 saat 52 dakika içinde sipariş verirsen Yarın kargoda,refreshed,0,https://www.trendyol.com/armasari/ruby-prestige-ciceksi-ve-meyvemsi-kalici-kadin-parfum-100ml-p-929180850?boutiqueId=61&merchantId=349368
kozmetik:kozmetik-vitrini,400,400,-60,38.9,27.2,982021345,830154,982021345:830154,CALLİEL Cilde Nüfuzu Kolaylaştıran Pamuk Tonik Pad 160 Adet,CALLİEL,Calliel,161.01,173.13,-7,InStock,Son 3 günde 500+ ürün satıldı!,3,500,166.7,4.5,893,0,96,"[""Sepette %7 İndirim""]",4 saat 47 dakika içinde sipariş verirsen en geç bugün kargoda!,carried_forward,6,https://www.trendyol.com/calliel/cilde-nufuzu-kolaylastiran-pamuk-tonik-pad-160-adet-p-982021345?boutiqueId=61&merchantId=830154
kozmetik:kozmetik-vitrini,595,595,-41,33.1,27.1,843306899,791156,843306899:791156,"Ceelini El ve Ayak Tırnak Bakım Serumu Çay Ağacı , Salisik Asit Özlü Serum 30 ml",Ceelini,The Ceel,236.69,239.08,0,InStock,Son 3 günde 500+ ürün satıldı!,3,500,166.7,4.4,933,0,357,"[""Son 10 Günün En Düşük Fiyatı""]",11 saat 57 dakika içinde sipariş verirsen en geç yarın kargoda!,carried_forward,2,https://www.trendyol.com/ceelini/el-ve-ayak-tirnak-bakim-serumu-cay-agaci-salisik-asit-ozlu-serum-30-ml-p-843306899?boutiqueId=61&merchantId=791156
kozmetik:kozmetik-vitrini,138,138,550,32.2,27,786879237,1158462,786879237:1158462,NIVOSHE Ayak Kokusu Giderici Sprey Ayak Ayakkabı Terleme Ter Önleyici Ve Nemlendirici Ayakkabı Koku Spreyi,NIVOSHE,DEVACOS SAĞLIKLI YAŞAM ÜRÜNLERİ,214,,-1.4,InStock,Son 3 günde 500+ ürün satıldı!,3,500,166.7,4.333333333333334,954,17,382,"[""15 TL Kupon"",""Kargo Bedava"",""Son 10 Günün En Düşük Fiyatı"",""Trendyol Plus'a Özel""]",,refreshed,0,https://www.trendyol.com/nivoshe/ayak-kokusu-giderici-sprey-ayak-ayakkabi-terleme-ter-onleyici-ve-nemlendirici-ayakkabi-koku-spreyi-p-786879237?boutiqueId=61&merchantId=1158462
kozmetik:kozmetik-vitrini,285,285,-133,17.6,27,1184431752,132140,1184431752:132140,"Güzellik Deposu 960’lı 3 Kapaklı Takma İpek Kirpik Seti - Demet Kirpik, Yapıştırıcı, Cımbız ve Fırça Hediyeli",Güzellik Deposu,Misyul İstanbul,657.2,,-6.1,InStock,Son 3 günde 250+ ürün satıldı!,3,250,83.3,4.352112676056338,47,1,49,"[""Sepette %1 İndirim"",""Kargo Bedava""]",21 saat 49 dakika içinde sipariş verirsen Yarın kargoda,refreshed,0,https://www.trendyol.com/guzellik-deposu/960-li-3-kapakli-takma-ipek-kirpik-seti-demet-kirpik-yapistirici-cimbiz-ve-firca-hediyeli-p-1184431752?boutiqueId=61&merchantId=132140
kozmetik:kozmetik-vitrini,203,203,-61,32.3,26.9,866179587,685806,866179587:685806,DEMPOWER Şarjlı Ayak Törpüsü - Pedikür ve Ayak Bakım Aleti,DEMPOWER,İndirimSevinci,328,,2.4,InStock,Son 3 günde 500+ ürün satıldı!,3,500,166.7,4.027644869750134,990,9,338,"[""Sepette %7 İndirim"",""20 TL Kupon"",""Kargo Bedava""]",,refreshed,0,https://www.trendyol.com/dempower/sarjli-ayak-torpusu-pedikur-ve-ayak-bakim-aleti-p-866179587?boutiqueId=61&merchantId=685806
kozmetik:kozmetik-vitrini,437,437,-64,32.7,26.5,971346192,733266,971346192:733266,LumenaScent S401 Erkek Parfüm Woody Edp 50 ml,LumenaScent,FarmaStar,444.51,,-10.9,InStock,Son 3 günde 500+ ürün satıldı!,3,500,166.7,3.9,1104,0,113,"[""Kargo Bedava""]",Tahmini Teslim:,carried_forward,2,https://www.trendyol.com/lumenascent/s401-erkek-parfum-woody-edp-50-ml-p-971346192?boutiqueId=61&merchantId=733266
kozmetik:makyaj,46,765,,34.8,26.4,99783641,1174892,99783641:1174892,The Ordinary Caffeine Solution 5% + EGCG - Koyu Halka ve Şiş Görünüm Göz Çevresi Serumu,The Ordinary,,595,,,InStock,Son 3 günde 500+ ürün satıldı!,3,500,166.7,4.2,,,,"[""Kargo Bedava""]",,listing_only,,https://www.trendyol.com/the-ordinary/caffeine-solution-5-egcg-koyu-halka-ve-sis-gorunum-goz-cevresi-serumu-p-99783641?boutiqueId=61&merchantId=1174892
kozmetik:kozmetik-vitrini,121,121,39,32.9,26.3,1039596250,556702,1039596250:556702,Cream Co. Allık Ruj Göz Farı Glow Tint Dusty Rose Nemlendirici Makyaj | Gülkurusu | Hyaluronik Asit Peptit,Cream Co.,Cream Co.,199.9,,0,InStock,Son 3 günde 500+ ürün satıldı!,3,500,166.7,4.484813533256441,1172,12,90,"[""Kargo Bedava"",""Trendyol Plus'a Özel""]",,refreshed,0,https://www.trendyol.com/cream-co/allik-ruj-goz-fari-glow-tint-dusty-rose-nemlendirici-makyaj-gulkurusu-hyaluronik-asit-peptit-p-1039596250?boutiqueId=61&merchantId=556702
kozmetik:kozmetik-vitrini,587,587,-48,33,26.2,917843780,365501,917843780:365501,La Roche Posay Güneş Korumalı Cilt Bakım Seti: Effaclar Yüz Temizleme Jeli 400 ml & Anthelios Yüz Güneş Kremi 15ml,La Roche Posay,La Roche Posay,999.9,,0,InStock,Son 3 günde 500+ ürün satıldı!,3,500,166.7,4.5,1214,0,432,"[""Kargo Bedava""]",11 saat 56 dakika içinde sipariş verirsen en geç yarın kargoda!,carried_forward,22,https://www.trendyol.com/la-roche-posay/gunes-korumali-cilt-bakim-seti-effaclar-yuz-temizleme-jeli-400-ml-anthelios-yuz-gunes-kremi-15ml-p-917843780?boutiqueId=61&merchantId=365501
kozmetik:kozmetik-vitrini,630,630,-70,32.9,26.2,782194275,109162,782194275:109162,Maru.Derm Maruderm Azelaik Asit Solüsyon %10 Aydınlatıcı Leke Karşıtı Cilt Bakım Serumu 30 ml,Maru.Derm Maruderm,MARUDERM,293.18,,-2.2,InStock,Son 3 günde 500+ ürün satıldı!,3,500,166.7,4.3,1185,0,1599,[],11 saat 53 dakika içinde sipariş verirsen en geç yarın kargoda!,carried_forward,14,https://www.trendyol.com/maru-derm/maruderm-azelaik-asit-solusyon-10-aydinlatici-leke-karsiti-cilt-bakim-serumu-30-ml-p-782194275?boutiqueId=61&merchantId=109162
kozmetik:kozmetik-vitrini,254,254,-128,33,26.1,58750958,468928,58750958:468928,Opalescence Diş Macunu Beyazlatıcı 133 gr - 2 Adet Büyük Boy,Opalescence,Watsons,977.66,,-2.2,InStock,Son 3 günde 500+ ürün satıldı!,3,500,166.7,4.5865695792880254,1225,-1,151,"[""Kargo Bedava""]",21 saat 50 dakika içinde sipariş verirsen Yarın kargoda,refreshed,0,https://www.trendyol.com/opalescence/dis-macunu-beyazlatici-133-gr-2-adet-buyuk-boy-p-58750958?boutiqueId=61&merchantId=468928
kozmetik:kozmetik-vitrini,104,104,,73.2,26,1125077331,743162,1125077331:743162,"WIWIFY Pure Balance Yüz Yıkama Jeli Akne ve Yağlanma Karşıtı Sebum Dengeleyici, Nemledirici Etkili",WIWIFY,Wiwify,199.9,439.9,,InStock,Son 3 günde 250+ ürün satıldı!,3,250,83.3,4.323353293413174,63,,5,"[""Son 10 Günün En Düşük Fiyatı"",""Süper Fırsat Ürünü"",""Kargo Bedava"",""Son 10 günün en düşük fiyatı""]",,refreshed,0,https://www.trendyol.com/wiwify/pure-balance-yuz-yikama-jeli-akne-ve-yaglanma-karsiti-sebum-dengeleyici-nemledirici-etkili-p-1125077331?boutiqueId=61&merchantId=743162
kozmetik:kozmetik-vitrini,225,225,3,47.6,26,922042173,1081577,922042173:1081577,Golden Rose Max Hold Brow Glue - Şeffaf Kaş Sabitleyici,Golden Rose,Golden Rose,240.49,281.19,-14.5,InStock,Son 3 günde 500+ ürün satıldı!,3,500,166.7,4.201673640167364,1260,2,76,"[""Son 10 Günün En Düşük Fiyatı"",""Kargo Bedava"",""Son 10 günün en düşük fiyatı""]",21 saat 50 dakika içinde sipariş verirsen Yarın kargoda,refreshed,0,https://www.trendyol.com/golden-rose/max-hold-brow-glue-seffaf-kas-sabitleyici-p-922042173?boutiqueId=61&merchantId=1081577
kozmetik:kozmetik-vitrini,564,564,-9,33.2,26,754766166,852210,754766166:852210,GIGI MILANO Erkek Parfüm - Las Vegas Night Pour Homme Erkek Parfüm 50 Ml Afrodizyak erkek parfüm,GIGI MILANO,Gigi Milano,1980,,0,InStock,Son 3 günde 500+ ürün satıldı!,3,500,166.7,4.5,1277,0,,"[""Kargo Bedava""]",Tahmini Teslim:,carried_forward,10,https://www.trendyol.com/gigi-milano/erkek-parfum-las-vegas-night-pour-homme-erkek-parfum-50-ml-afrodizyak-erkek-parfum-p-754766166?boutiqueId=61&merchantId=852210
kozmetik:kozmetik-vitrini,475,475,-107,37.5,25.9,1093215130,1142754,1093215130:1142754,VULLY Panthenol Plus 48 Saate Kadar Yoğun Nemlendirici ve Onarıcı Yüz & Vücut Kremi 250 ml,VULLY,ORABELLA KOZMETİK,346.5,361.85,0,InStock,Son 3 günde 500+ ürün satıldı!,3,500,166.7,4.3,1323,0,382,"[""Son 10 Günün En Düşük Fiyatı""]",Tahmini Teslim:,carried_forward,3,https://www.trendyol.com/vully/panthenol-plus-48-saate-kadar-yogun-nemlendirici-ve-onarici-yuz-vucut-kremi-250-ml-p-1093215130?boutiqueId=61&merchantId=1142754
kozmetik:kozmetik-vitrini,124,124,-121,33.4,25.8,1100692352,774845,1100692352:774845,NUTRAX Nutraxmen Kalıcı Erkek Parfüm EDP 50 ml Odunsu Baharatlı,NUTRAX,NUTRAX,940,,0,InStock,Son 3 günde 500+ ürün satıldı!,3,500,166.7,4.219586067642605,1342,7,352,"[""Kargo Bedava"",""Trendyol Plus'a Özel""]",,refreshed,0,https://www.trendyol.com/nutrax/nutraxmen-kalici-erkek-parfum-edp-50-ml-odunsu-baharatli-p-1100692352?boutiqueId=61&merchantId=774845
kozmetik:kozmetik-vitrini,167,167,116,26.9,25.7,1142734332,1031124,1142734332:1031124,THE BATH FACTORY Hot Crush Vücut Spreyi 200 ml,THE BATH FACTORY,The Bath Factory,362.35,393.78,0,InStock,Son 3 günde 250+ ürün satıldı!,3,250,83.3,4.1441441441441444,68,1,17,"[""Kargo Bedava"",""Son 10 Günün En Düşük Fiyatı"",""Son 10 günün en düşük fiyatı""]",,refreshed,0,https://www.trendyol.com/the-bath-factory/hot-crush-vucut-spreyi-200-ml-p-1142734332?boutiqueId=61&merchantId=1031124
kozmetik:kozmetik-vitrini,368,368,-131,33.5,25.6,988457635,568895,988457635:568895,Flormar Volume Up Mascara Yoğun Hacim ve Lifting Etkili Kat Kat Uygulanabilir Maskara,Flormar,ONDOKUZ,436.6,,,InStock,Son 3 günde 500+ ürün satıldı!,3,500,166.7,4.3,1410,0,113,"[""Kargo Bedava""]",9 saat 50 dakika içinde sipariş verirsen en geç bugün kargoda!,carried_forward,2,https://www.trendyol.com/flormar/volume-up-mascara-yogun-hacim-ve-lifting-etkili-kat-kat-uygulanabilir-maskara-p-988457635?boutiqueId=61&merchantId=568895
kozmetik:kozmetik-vitrini,332,332,-171,83.7,25.5,838318036,138065,838318036:138065,Bargello Only One Erkek 50 ml Parfüm Edp,Bargello,Bargello,300,600,-50,InStock,Son 3 günde 500+ ürün satıldı!,3,500,166.7,4.1,1471,0,481,"[""Süper Fırsat Ürünü""]",Tahmini Teslim:,carried_forward,2,https://www.trendyol.com/bargello/only-one-erkek-50-ml-parfum-edp-p-838318036?boutiqueId=61&merchantId=138065
kozmetik:kozmetik-vitrini,33,33,-12,41.7,25.4,983343487,1046771,983343487:1046771,MAQYA KOZMETİK 14 Parça Kavanoz Kutulu Makyaj Sünger Seti,MAQYA KOZMETİK,ARLEN BAKIM VE KOZMETİK,133.99,,1,InStock,Son 3 günde 250+ ürün satıldı!,3,250,83.3,4.324886289798571,879,4,268,"[""Sepette %2 İndirim"",""Kargo Bedava"",""Trendyol Plus'a Özel""]",,refreshed,0,https://www.trendyol.com/maqya-kozmetik/14-parca-kavanoz-kutulu-makyaj-sunger-seti-p-983343487?boutiqueId=61&merchantId=1046771
kozmetik:kozmetik-vitrini,308,308,-26,34.1,25.1,844932737,109162,844932737:109162,Maru.Derm Vücut Kremi | %10 Urea (ÜRE) Yoğun Nemlendirici Vücut Kremi 400 ml,Maru.Derm Vücut,MARUDERM,299.9,,0,InStock,Son 3 günde 500+ ürün satıldı!,3,500,166.7,4.4,1661,0,570,[],8 saat 49 dakika içinde sipariş verirsen en geç bugün kargoda!,carried_forward,2,https://www.trendyol.com/maru-derm/vucut-kremi-10-urea-ure-yogun-nemlendirici-vucut-kremi-400-ml-p-844932737?boutiqueId=61&merchantId=109162
kozmetik:kozmetik-vitrini,415,415,-89,35.4,24.8,971346872,733266,971346872:733266,LumenaScent L101 Kadın Parfüm Floral Edp 50 ml,LumenaScent,FarmaStar,444.51,449,-10.9,InStock,Son 3 günde 500+ ürün satıldı!,3,500,166.7,4,1821,0,279,"[""Kargo Bedava"",""Son 10 Günün En Düşük Fiyatı""]",Tahmini Teslim:,carried_forward,5,https://www.trendyol.com/lumenascent/l101-kadin-parfum-floral-edp-50-ml-p-971346872?boutiqueId=61&merchantId=733266
kozmetik:kozmetik-vitrini,566,566,-150,74.3,24.8,45689234,109236,45689234:109236,Estee Lauder Yaşlanma Karşıtı Cilt Serumu - Advanced Night Repair Onarıcı Gece Serumu 20 ml,Estee Lauder,,1950,3250,0,InStock,Son 3 günde 500+ ürün satıldı!,3,500,166.7,4.5,,,,"[""Sepette %40 İndirim"",""100 TL Kupon"",""Kargo Bedava"",""Süper Fırsat Ürünü""]",,listing_only,,https://www.trendyol.com/estee-lauder/yaslanma-karsiti-cilt-serumu-advanced-night-repair-onarici-gece-serumu-20-ml-p-45689234?boutiqueId=61&merchantId=109236
kozmetik:kozmetik-vitrini,578,578,-190,34.4,24.8,241714397,106852,241714397:106852,Siveno %100 Doğal Zeytinyağlı Çocuk Köpük Kastil Sabun Yoğun Nemlendirici Arındırıcı Bitkisel Vegan 250ml,Siveno,,199.9,,14.9,InStock,Son 3 günde 500+ ürün satıldı!,3,500,166.7,4.6,,,,[],,listing_only,,https://www.trendyol.com/siveno/100-dogal-zeytinyagli-cocuk-kopuk-kastil-sabun-yogun-nemlendirici-arindirici-bitkisel-vegan-250ml-p-241714397?boutiqueId=61&merchantId=106852
kozmetik:kozmetik-vitrini,263,263,-69,34.5,24.7,1066170057,126383,1066170057:126383,KOREACO Red Dragon Bubble Clay Yüz Maskesi | Tazelenme Parlaklık Nemli ve İpeksi Köpüren Yüz Maskesi 100 ml,KOREACO,KOREACO,285,,-4.7,InStock,Son 3 günde 500+ ürün satıldı!,3,500,166.7,4.191535935789858,1865,6,400,"[""Kargo Bedava"",""Trendyol Plus'a Özel""]",,refreshed,0,https://www.trendyol.com/koreaco/red-dragon-bubble-clay-yuz-maskesi-tazelenme-parlaklik-nemli-ve-ipeksi-kopuren-yuz-maskesi-100-ml-p-1066170057?boutiqueId=61&merchantId=126383
kozmetik:kozmetik-vitrini,488,488,,57.7,24.7,985289220,110268,985289220:110268,HC Care Süper Duo 20 Dakikada Yoğun Onarıcı & Nemlendirici Saç Maskesi,HC Care,,99,129,,InStock,Son 3 günde 500+ ürün satıldı!,3,500,166.7,4.6,,,,"[""Son 10 Günün En Düşük Fiyatı"",""Süper Fırsat Ürünü""]",,listing_only,,https://www.trendyol.com/hc-care/super-duo-20-dakikada-yogun-onarici-nemlendirici-sac-maskesi-p-985289220?boutiqueId=61&merchantId=110268
kozmetik:kozmetik-vitrini,631,631,-145,34.5,24.7,885633782,138065,885633782:138065,Bargello 444 KADIN 50 ml PARFÜM EDP ORIENTAL,Bargello,Bargello,600,,0,InStock,Son 3 günde 500+ ürün satıldı!,3,500,166.7,4.5,1841,0,629,"[""Kargo Bedava""]",11 saat 52 dakika içinde sipariş verirsen en geç yarın kargoda!,carried_forward,3,https://www.trendyol.com/bargello/444-kadin-50-ml-parfum-edp-oriental-p-885633782?boutiqueId=61&merchantId=138065
kozmetik:makyaj,48,767,51,35.5,24.7,963255857,1019054,963255857:1019054,"Lunova Milk Therapy Serum 150 ML | Yoğun Nem, Bariyer Güçlendirme, Makyaj Bazı Serum",Lunova,,990,,0,InStock,Son 3 günde 500+ ürün satıldı!,3,500,166.7,4.4,,,,"[""Kargo Bedava"",""Son 10 Günün En Düşük Fiyatı"",""Süper Fırsat Ürünü""]",,listing_only,,https://www.trendyol.com/lunova/milk-therapy-serum-150-ml-yogun-nem-bariyer-guclendirme-makyaj-bazi-serum-p-963255857?boutiqueId=61&merchantId=1019054
kozmetik:kozmetik-vitrini,683,683,,52.3,24.6,819550765,138065,819550765:138065,Bargello 122 Edp Oriental Kadın Parfüm 2 Adet 50 ml,Bargello,,740,900,,InStock,Son 3 günde 500+ ürün satıldı!,3,500,166.7,4.6,,,,"[""100 TL Kupon"",""Kargo Bedava"",""Son 10 Günün En Düşük Fiyatı"",""Süper Fırsat Ürünü""]",,listing_only,,https://www.trendyol.com/bargello/122-edp-oriental-kadin-parfum-2-adet-50-ml-p-819550765?boutiqueId=61&merchantId=138065
kozmetik:kozmetik-vitrini,166,166,-15,85.7,24.5,279725317,122143,279725317:122143,"Imprime Interne Edp Kadın Parfüm 50ml | Meyveli Ve Çiçeksi | Bergamot, Şeftali, Yasemin, Zambak, Misk, Amber",Imprime,Imprimé,539,1099,0,InStock,Son 3 günde 500+ ürün satıldı!,3,500,166.7,4.253911342894393,1960,2,556,"[""Kargo Bedava"",""Son 10 Günün En Düşük Fiyatı"",""Süper Fırsat Ürünü"",""Son 10 günün en düşük fiyatı""]",,refreshed,0,https://www.trendyol.com/imprime/interne-edp-kadin-parfum-50ml-meyveli-ve-ciceksi-bergamot-seftali-yasemin-zambak-misk-amber-p-279725317?boutiqueId=61&merchantId=122143
kozmetik:kozmetik-vitrini,501,501,-12,59.8,24.4,355117737,674296,355117737:674296,Mad Parfüm Mad V102 Selective 50 ml Kadın Parfüm,Mad Parfüm,,449.99,599.99,0,InStock,Son 3 günde 500+ ürün satıldı!,3,500,166.7,4.4,2017,0,,"[""Kargo Bedava""]",,carried_forward,30,https://www.trendyol.com/mad-parfum/mad-v102-selective-50-ml-kadin-parfum-p-355117737?boutiqueId=61&merchantId=674296
kozmetik:kozmetik-vitrini,149,149,-74,44.7,24.3,1123206342,1242817,1123206342:1242817,İnowia YUZA-Eyeliner Stamp-Çift Taraflı Suya dayanıklı,İnowia,INOWIA,532.38,590,-22.8,InStock,Son 3 günde 500+ ürün satıldı!,3,500,166.7,4.118012422360249,2088,13,322,"[""Kargo Bedava"",""Son 10 Günün En Düşük Fiyatı"",""Trendyol Plus'a Özel""]",21 saat 51 dakika içinde sipariş verirsen Yarın kargoda,refreshed,0,https://www.trendyol.com/inowia/yuza-eyeliner-stamp-cift-tarafli-suya-dayanikli-p-1123206342?boutiqueId=61&merchantId=1242817
kozmetik:kozmetik-vitrini,395,395,81,50,24.2,788014387,783683,788014387:783683,"Skin401 START %5 Azelaik Asit Yatıştırıcı Günlük Bakım Serum 30 ml – Leke ve Kızarıklık Karşıtı, Akneye Eğilimli Ciltler İçin",Skin401,Skin401,299.2,352,-14.4,InStock,Son 3 günde 500+ ürün satıldı!,3,500,166.7,4.3,2138,0,1363,"[""Süper Fırsat Ürünü""]",Tahmini Teslim:,carried_forward,6,https://www.trendyol.com/skin401/start-5-azelaik-asit-yatistirici-gunluk-bakim-serum-30-ml-leke-ve-kizariklik-karsiti-akneye-egilimli-ciltler-icin-p-788014387?boutiqueId=61&merchantId=783683
kozmetik:kozmetik-vitrini,650,650,-145,59.9,24.2,799697929,674296,799697929:674296,Mad Parfüm Mad B107 Selective 50 ml Kadın Parfüm,Mad Parfüm,,449.99,599.99,0,InStock,Son 3 günde 500+ ürün satıldı!,3,500,166.7,4.4,,,,"[""Kargo Bedava""]",,listing_only,,https://www.trendyol.com/mad-parfum/mad-b107-selective-50-ml-kadin-parfum-p-799697929?boutiqueId=61&merchantId=674296
kozmetik:kozmetik-vitrini,75,75,13,35.2,24,896257220,1125806,896257220:1125806,EPİFY Epify Cilt Beyazlatıcı Peeling Etkili Glutatyon Shot,EPİFY,Epify,579,,0,InStock,Son 3 günde 500+ ürün satıldı!,3,500,166.7,3.473308112652375,2250,7,1800,"[""Kargo Bedava""]",,refreshed,0,https://www.trendyol.com/epify/epify-cilt-beyazlatici-peeling-etkili-glutatyon-shot-p-896257220?boutiqueId=61&merchantId=1125806
kozmetik:kozmetik-vitrini,219,219,10,38.8,24,772110476,908896,772110476:908896,mia klinika Akne Karşıtı Sivilce Kurutucu Losyon,mia klinika,Mia Klinika,319.59,331.55,-8.4,InStock,Son 3 günde 500+ ürün satıldı!,3,500,166.7,4.142568761039616,2293,5,1090,"[""Son 10 Günün En Düşük Fiyatı"",""Kargo Bedava"",""Son 10 günün en düşük fiyatı""]",,refreshed,0,https://www.trendyol.com/mia-klinika/akne-karsiti-sivilce-kurutucu-losyon-p-772110476?boutiqueId=61&merchantId=908896
kozmetik:kozmetik-vitrini,117,117,90,31.9,23.9,984248054,1081577,984248054:1081577,Golden Rose Mood Defining Lipliner No:07 Taupe Brown,Golden Rose,Golden Rose,161.51,181.87,-11.2,InStock,Son 3 günde 250+ ürün satıldı!,3,250,83.3,4.6872037914691935,115,1,22,"[""Son 10 Günün En Düşük Fiyatı"",""Kargo Bedava"",""Son 10 günün en düşük fiyatı""]",21 saat 52 dakika içinde sipariş verirsen Yarın kargoda,refreshed,0,https://www.trendyol.com/golden-rose/mood-defining-lipliner-no-07-taupe-brown-p-984248054?boutiqueId=61&merchantId=1081577
kozmetik:makyaj,51,770,,35.2,23.9,472209542,1028724,472209542:1028724,Nail Master Protez Tırnak Tips Yapıştırıcısı Fırçalı 10gr,Nail Master,,44.42,,-7.7,InStock,Son 3 günde 500+ ürün satıldı!,3,500,166.7,4.1,,,,[],,listing_only,,https://www.trendyol.com/nail-master/protez-tirnak-tips-yapistiricisi-fircali-10gr-p-472209542?boutiqueId=61&merchantId=1028724
kozmetik:kozmetik-vitrini,128,128,13,35.3,23.8,678433335,207099,678433335:207099,Neva Kaş Açıcı Krem 15 ml,Neva,PİGMENT KOZMETİK LTD. ŞTİ.,181,,-7.7,InStock,Son 3 günde 500+ ürün satıldı!,3,500,166.7,4.336176618163573,2370,0,1251,"[""Kargo Bedava""]",,refreshed,0,https://www.trendyol.com/neva/kas-acici-krem-15-ml-p-678433335?boutiqueId=61&merchantId=207099
kozmetik:kozmetik-vitrini,402,402,81,52.1,23.8,942013706,743162,942013706:743162,WIWIFY Yatıştırıcı Onarıcı Yüksek Korumalı Centella Soothing Sun Serum Spf 50+ Pa++++ 50ml Güneş Kremi,WIWIFY,Wiwify,399.9,479.9,-31,InStock,Son 3 günde 500+ ürün satıldı!,3,500,166.7,4.4,2381,0,431,"[""Kargo Bedava"",""Son 10 Günün En Düşük Fiyatı"",""Süper Fırsat Ürünü""]",2 saat 51 dakika içinde sipariş verirsen en geç bugün kargoda!,carried_forward,7,https://www.trendyol.com/wiwify/yatistirici-onarici-yuksek-korumali-centella-soothing-sun-serum-spf-50-pa-50ml-gunes-kremi-p-942013706?boutiqueId=61&merchantId=743162
kozmetik:kozmetik-vitrini,594,594,-59,82.1,23.7,338516375,122143,338516375:122143,"Imprime Mer Edp Erkek Parfüm 100ml | Marin Ve Fresh | Deniz, Bergamot, Nilüfer, Paçuli, Sandal Ağacı",Imprime,,639,1199,0,InStock,Son 3 günde 500+ ürün satıldı!,3,500,166.7,4.3,,,,"[""Kargo Bedava"",""Son 10 Günün En Düşük Fiyatı"",""Süper Fırsat Ürünü""]",,listing_only,,https://www.trendyol.com/imprime/mer-edp-erkek-parfum-100ml-marin-ve-fresh-deniz-bergamot-nilufer-paculi-sandal-agaci-p-338516375?boutiqueId=61&merchantId=122143
kozmetik:kozmetik-vitrini,72,72,-20,21.5,23.1,52241650,179281,52241650:179281,Isana Professional Professional Argan Yağı Içerikli Saç Maskesi Yıpranmış Ve Kuru Saçlar Için 250 ml,Isana Professional,Rossmann,199,,0.5,InStock,Son 3 günde 250+ ürün satıldı!,3,250,83.3,4.41044776119403,144,2,71,"[""Kargo Bedava""]",21 saat 53 dakika içinde sipariş verirsen Yarın kargoda,refreshed,0,https://www.trendyol.com/isana-professional/professional-argan-yagi-icerikli-sac-maskesi-yipranmis-ve-kuru-saclar-icin-250-ml-p-52241650?boutiqueId=61&merchantId=179281
kozmetik:kozmetik-vitrini,609,609,-186,21.6,23,1177887440,107599,1177887440:107599,"RESETIFY Retinal (%0,2) Shot NAD + PDRN Tightening Dual Cream 40 ML",RESETIFY,SoWhat Kozmetik,778,,0,InStock,Son 3 günde 250+ ürün satıldı!,3,250,83.3,4.4,149,0,61,"[""Kargo Bedava""]",Tahmini Teslim:,carried_forward,5,https://www.trendyol.com/resetify/retinal-0-2-shot-nad-pdrn-tightening-dual-cream-40-ml-p-1177887440?boutiqueId=61&merchantId=107599
kozmetik:kozmetik-vitrini,374,374,-251,28.7,22.1,46662736,154491,46662736:154491,Silva Kağıt Sabun 5'li (5 PAKET X 20 ADET),Silva,Silva,279,297.84,-6.3,InStock,Son 3 günde 250+ ürün satıldı!,3,250,83.3,4.8,192,0,40,"[""Son 10 Günün En Düşük Fiyatı""]",12 saat 52 dakika içinde sipariş verirsen en geç bugün kargoda!,carried_forward,2,https://www.trendyol.com/silva/kagit-sabun-5-li-5-paket-x-20-adet-p-46662736?boutiqueId=61&merchantId=154491
kozmetik:kozmetik-vitrini,195,195,-64,22.7,21.8,1154679007,107819,1154679007:107819,Maybelline New York Lifter Gel Ekstra Parlak ve Nemlendirici Dudak Parlatıcısı -06 Strawberry Shake,Maybelline New York,L'Oreal,379.96,,0,InStock,Son 3 günde 250+ ürün satıldı!,3,250,83.3,4.577287066246057,209,1,22,"[""56 TL Kupon"",""Kargo Bedava""]",21 saat 51 dakika içinde sipariş verirsen Yarın kargoda,refreshed,0,https://www.trendyol.com/maybelline-new-york/lifter-gel-ekstra-parlak-ve-nemlendirici-dudak-parlaticisi-06-strawberry-shake-p-1154679007?boutiqueId=61&merchantId=107819
kozmetik:kozmetik-vitrini,520,520,-373,34.6,21.8,1086340166,903143,1086340166:903143,NYX Professional Makeup Wonder Snatch Sabitleyici Toz Pudra - 01 Sugar Serve,NYX Professional Makeup,L'Oreal,1490,1690,,InStock,Son 3 günde 250+ ürün satıldı!,3,250,83.3,4.3,210,0,45,"[""Kargo Bedava""]",21 saat 51 dakika içinde sipariş verirsen en geç yarın kargoda!,carried_forward,2,https://www.trendyol.com/nyx-professional-makeup/wonder-snatch-sabitleyici-toz-pudra-01-sugar-serve-p-1086340166?boutiqueId=61&merchantId=903143
kozmetik:kozmetik-vitrini,366,366,-82,70.3,21.6,1059150937,122143,1059150937:122143,"Imprime Claire EDP Kadın Parfüm 50ml | Oryantal & Çiçeksi | Mandalina, Yasemin, Gül, Şeftali, Misk, Amber",Imprime,Imprimé,579,1099,0,InStock,Son 3 günde 250+ ürün satıldı!,3,250,83.3,4.2,226,0,57,"[""Kargo Bedava"",""Son 10 Günün En Düşük Fiyatı"",""Süper Fırsat Ürünü""]",10 saat 49 dakika içinde sipariş verirsen en geç bugün kargoda!,carried_forward,2,https://www.trendyol.com/imprime/claire-edp-kadin-parfum-50ml-oryantal-ciceksi-mandalina-yasemin-gul-seftali-misk-amber-p-1059150937?boutiqueId=61&merchantId=122143
kozmetik:kozmetik-vitrini,51,51,44,26.3,21.3,1107462415,154207,1107462415:154207,MOZIUR Kalıcı Oje ve BUILDER JEL Protez Tırnak Seti,MOZIUR,Zerre İthalat,1599,1649.9,-3.1,InStock,Son 3 günde 250+ ürün satıldı!,3,250,83.3,4.155882352941177,241,12,135,"[""Kargo Bedava"",""Son 10 Günün En Düşük Fiyatı"",""Son 10 günün en düşük fiyatı""]",,refreshed,0,https://www.trendyol.com/moziur/kalici-oje-ve-builder-jel-protez-tirnak-seti-p-1107462415?boutiqueId=61&merchantId=154207
kozmetik:kozmetik-vitrini,552,552,-301,53.3,21.3,1133516394,786475,1133516394:786475,Luis Bien Anıl Güler Leke Karşıtı Aydınlatıcı Bakım Kremi 50 ml Niasinamid | Cilt Tonu Eşitleyici | Niacinamide,Luis Bien,Luis Bien,349,499,0,InStock,Son 3 günde 250+ ürün satıldı!,3,250,83.3,4.1,242,0,114,"[""Son 10 Günün En Düşük Fiyatı"",""Süper Fırsat Ürünü""]",12 saat 50 dakika içinde sipariş verirsen en geç bugün kargoda!,carried_forward,2,https://www.trendyol.com/luis-bien/anil-guler-leke-karsiti-aydinlatici-bakim-kremi-50-ml-niasinamid-cilt-tonu-esitleyici-niacinamide-p-1133516394?boutiqueId=61&merchantId=786475
kozmetik:kozmetik-vitrini,109,109,-61,24.4,21.2,1160237449,1119222,1160237449:1119222,"Kifi 280'li İpek Takma Kirpik Seti,Yapıştırıcı Sabitleyici Çıkarıcı Ve Takma Kirpik Cımbızı",Kifi,DİAR KOZMETİK,322.66,325.99,-1,InStock,Son 3 günde 250+ ürün satıldı!,3,250,83.3,4.196629213483146,252,5,136,"[""Son 10 Günün En Düşük Fiyatı"",""Kargo Bedava"",""Son 10 günün en düşük fiyatı""]",,refreshed,0,https://www.trendyol.com/kifi/280-li-ipek-takma-kirpik-seti-yapistirici-sabitleyici-cikarici-ve-takma-kirpik-cimbizi-p-1160237449?boutiqueId=61&merchantId=1119222
kozmetik:kozmetik-vitrini,215,215,-39,23.5,21.1,895628961,1174892,895628961:1174892,The Ordinary Glycolic Acid 7% Exfoliating Toner - Aydınlatmaya ve Pürüzsüzleştirmeye Yardımcı Tonik 240ml,The Ordinary,The Ordinary,1120,,0,InStock,Son 3 günde 250+ ürün satıldı!,3,250,83.3,4.537617554858934,259,1,254,"[""Kargo Bedava""]",,refreshed,0,https://www.trendyol.com/the-ordinary/glycolic-acid-7-exfoliating-toner-aydinlatmaya-ve-puruzsuzlestirmeye-yardimci-tonik-240ml-p-895628961?boutiqueId=61&merchantId=1174892
kozmetik:kozmetik-vitrini,525,525,-443,23.8,20.8,788405388,403514,788405388:403514,"NIVEA MEN Erkek Sprey Deodorant Fresh Active 200ml, 48 Saat Ter Koruması, Avantajlı Boy, X3 Adet",NIVEA,NIVEA,436.15,,,InStock,Son 3 günde 250+ ürün satıldı!,3,250,83.3,4.6,284,0,42,"[""Kargo Bedava""]",21 saat 52 dakika içinde sipariş verirsen en geç yarın kargoda!,carried_forward,2,https://www.trendyol.com/nivea/men-erkek-sprey-deodorant-fresh-active-200ml-48-saat-ter-korumasi-avantajli-boy-x3-adet-p-788405388?boutiqueId=61&merchantId=403514
kozmetik:kozmetik-vitrini,83,83,42,28.1,20.3,333070623,661897,333070623:661897,Genel Markalar MAYKİS Şeffaf Makyaj Çantası Taşıma Saplı Geniş Hacimli Kozmetik Çantası 24x17x7 cm,Genel Markalar,Maykis,167.71,174.26,-4.3,InStock,Son 3 günde 250+ ürün satıldı!,3,250,83.3,4.664948453608248,330,3,57,"[""Son 10 Günün En Düşük Fiyatı"",""Kargo Bedava"",""Trendyol Plus'a Özel""]",,refreshed,0,https://www.trendyol.com/genel-markalar/maykis-seffaf-makyaj-cantasi-tasima-sapli-genis-hacimli-kozmetik-cantasi-24x17x7-cm-p-333070623?boutiqueId=61&merchantId=661897
kozmetik:kozmetik-vitrini,542,542,-149,31.4,20.2,75774797,179281,75774797:179281,"ISANA Yuvarlak Pamuk Makyaj Temizleme İçin, 140 adet",ISANA,,102.3,110,-9.5,InStock,Son 3 günde 250+ ürün satıldı!,3,250,83.3,4.7,,,,"[""Sepette %7 İndirim""]",,listing_only,,https://www.trendyol.com/isana/yuvarlak-pamuk-makyaj-temizleme-icin-140-adet-p-75774797?boutiqueId=61&merchantId=179281
kozmetik:kozmetik-vitrini,321,321,-96,75.5,20.1,992534437,122143,992534437:122143,"Imprime Chérie Bloom EDP Kadın Parfüm 50ml | Meyveli ve Vanilyalı | Şeftali, Müge, Vanilya, Misk",Imprime,Imprimé,539,1099,0,InStock,Son 3 günde 250+ ürün satıldı!,3,250,83.3,3.8,347,0,134,"[""Kargo Bedava"",""Son 10 Günün En Düşük Fiyatı"",""Süper Fırsat Ürünü""]",10 saat 50 dakika içinde sipariş verirsen en geç bugün kargoda!,carried_forward,2,https://www.trendyol.com/imprime/cherie-bloom-edp-kadin-parfum-50ml-meyveli-ve-vanilyali-seftali-muge-vanilya-misk-p-992534437?boutiqueId=61&merchantId=122143
kozmetik:kozmetik-vitrini,273,273,-27,24.7,19.9,971382590,139340,971382590:139340,dp Daily Perfection Saç Bakım Yağı Argan Yağlı ve E Vitaminli 100 ml,dp Daily Perfection,dp Daily Perfection,129.3,,0,InStock,Son 3 günde 250+ ürün satıldı!,3,250,83.3,4.452564102564102,367,1,74,"[""Kargo Bedava""]",21 saat 49 dakika içinde sipariş verirsen Yarın kargoda,refreshed,0,https://www.trendyol.com/dp-daily-perfection/sac-bakim-yagi-argan-yagli-ve-e-vitaminli-100-ml-p-971382590?boutiqueId=61&merchantId=139340
kozmetik:kozmetik-vitrini,283,283,-24,24.7,19.9,959856336,556702,959856336:556702,Cream Co. Sivilce & Akne & Siyah Nokta Karşıtı Yüz Temizleme Jeli | Niacinamide Çay Ağacı Yağı | 100 ML,Cream Co.,Cream Co.,185.59,,0,InStock,Son 3 günde 250+ ürün satıldı!,3,250,83.3,4.229621125143514,366,5,112,"[""Kargo Bedava"",""Trendyol Plus'a Özel""]",,refreshed,0,https://www.trendyol.com/cream-co/sivilce-akne-siyah-nokta-karsiti-yuz-temizleme-jeli-niacinamide-cay-agaci-yagi-100-ml-p-959856336?boutiqueId=61&merchantId=556702
kozmetik:makyaj,73,792,12,24.9,19.6,952224915,365501,952224915:365501,La Roche Posay Saf C Vitamini İçerikli Işıltı Veren Hassas Ciltler Dahil Tüm Ciltler İçin Yüz Temizleme Jeli 200 ml,La Roche Posay,La Roche Posay,839.9,,0,InStock,Son 3 günde 250+ ürün satıldı!,3,250,83.3,4.4,393,0,266,"[""Kargo Bedava""]",Tahmini Teslim:,carried_forward,5,https://www.trendyol.com/la-roche-posay/saf-c-vitamini-icerikli-isilti-veren-hassas-ciltler-dahil-tum-ciltler-icin-yuz-temizleme-jeli-200-ml-p-952224915?boutiqueId=61&merchantId=365501
kozmetik:kozmetik-vitrini,264,264,,25.2,19.4,354098882,674296,354098882:674296,Mad Parfüm Mad W191 Selective 50 ml Erkek Parfüm,Mad Parfüm,MAD PARFÜM,599.99,,,InStock,Son 3 günde 250+ ürün satıldı!,3,250,83.3,4.3105968331303295,424,,184,"[""Kargo Bedava""]",,refreshed,0,https://www.trendyol.com/mad-parfum/mad-w191-selective-50-ml-erkek-parfum-p-354098882?boutiqueId=61&merchantId=674296
kozmetik:kozmetik-vitrini,434,434,-204,25.2,19.4,867108754,781333,867108754:781333,Rivance Dökülme Karşıtı Ve Hızlı Saç Uzamasına Yardımcı Canlandırıcı %100 Doğal Saç Toniği,Rivance,Rivance,199.9,,0,InStock,Son 3 günde 250+ ürün satıldı!,3,250,83.3,4.1,423,0,244,[],14 saat 50 dakika içinde sipariş verirsen en geç bugün kargoda!,carried_forward,2,https://www.trendyol.com/rivance/dokulme-karsiti-ve-hizli-sac-uzamasina-yardimci-canlandirici-100-dogal-sac-tonigi-p-867108754?boutiqueId=61&merchantId=781333
kozmetik:makyaj,67,786,4,25.2,19.4,140011384,1085971,140011384:1085971,Genel Markalar Tırnak Süs Damgalama French Stamper Aleti,Genel Markalar,,33.66,,-13.5,InStock,Son 3 günde 250+ ürün satıldı!,3,250,83.3,4.2,,,,"[""Sepette %7 İndirim""]",,listing_only,,https://www.trendyol.com/genel-markalar/tirnak-sus-damgalama-french-stamper-aleti-p-140011384?boutiqueId=61&merchantId=1085971
kozmetik:makyaj,86,805,165,40.3,19.4,947383025,468928,947383025:468928,Revolution Forever Flawless Far Paleti Nova Green,Revolution,Watsons,449.9,529.9,0,InStock,Son 3 günde 250+ ürün satıldı!,3,250,83.3,4.4,428,0,34,"[""Son 10 Günün En Düşük Fiyatı"",""Süper Fırsat Ürünü""]",21 saat 49 dakika içinde sipariş verirsen en geç yarın kargoda!,carried_forward,2,https://www.trendyol.com/revolution/forever-flawless-far-paleti-nova-green-p-947383025?boutiqueId=61&merchantId=468928
kozmetik:kozmetik-vitrini,54,54,-28,25.2,19.3,1039610423,556702,1039610423:556702,Cream Co. Likit Bronzer Glow Sculpt Horizon | Kontür Nötr Açık Kahve | Yüz Şekillendirici Nemlendirici Makyaj,Cream Co.,Cream Co.,199.9,,0,OutOfStock,Son 3 günde 250+ ürün satıldı!,3,250,83.3,4.2542857142857144,430,21,56,"[""Kargo Bedava"",""Trendyol Plus'a Özel""]",,refreshed,0,https://www.trendyol.com/cream-co/likit-bronzer-glow-sculpt-horizon-kontur-notr-acik-kahve-yuz-sekillendirici-nemlendirici-makyaj-p-1039610423?boutiqueId=61&merchantId=556702
kozmetik:kozmetik-vitrini,295,295,60,25.5,19.1,990037847,441519,990037847:441519,Karseell SET Maca Özü Onarıcı Repair Kolajen Saç Maskesi 250 ml + Argan Yağı 50 ml Karsel,Karseell,FUA GLOBAL,1500,,-12.3,InStock,Son 3 günde 250+ ürün satıldı!,3,250,83.3,4.363128491620111,467,1,226,"[""Kargo Bedava"",""Trendyol Plus'a Özel""]",,refreshed,0,https://www.trendyol.com/karseell/set-maca-ozu-onarici-repair-kolajen-sac-maskesi-250-ml-argan-yagi-50-ml-karsel-p-990037847?boutiqueId=61&merchantId=441519
kozmetik:kozmetik-vitrini,376,376,-123,74.6,19,1042692280,122143,1042692280:122143,"Imprime Orenda EDP Kadın Parfüm 50ml | Aromatik & Gurman | Vanilya, Kakao, Portakal, Bergamot, Lavanta",Imprime,Imprimé,559,1099,0,InStock,Son 3 günde 250+ ürün satıldı!,3,250,83.3,4.1,470,0,83,"[""Kargo Bedava"",""Son 10 Günün En Düşük Fiyatı"",""Süper Fırsat Ürünü""]",10 saat 50 dakika içinde sipariş verirsen en geç bugün kargoda!,carried_forward,2,https://www.trendyol.com/imprime/orenda-edp-kadin-parfum-50ml-aromatik-gurman-vanilya-kakao-portakal-bergamot-lavanta-p-1042692280?boutiqueId=61&merchantId=122143
kozmetik:kozmetik-vitrini,420,420,-324,30.4,19,887972886,1225461,887972886:1225461,Tangle Teezer Ultimate Detangler Chrome Champagne Gold Islak & Kuru Düz ve Kıvırcık Saçlar için Saç Fırçası-Tarak,Tangle Teezer,Tangle Teezer,1579,1659,-4.8,InStock,Son 3 günde 250+ ürün satıldı!,3,250,83.3,4.6,477,0,148,"[""Kargo Bedava"",""Son 10 Günün En Düşük Fiyatı""]",Tahmini Teslim:,carried_forward,2,https://www.trendyol.com/tangle-teezer/ultimate-detangler-chrome-champagne-gold-islak-kuru-duz-ve-kivircik-saclar-icin-sac-fircasi-tarak-p-887972886?boutiqueId=61&merchantId=1225461
kozmetik:kozmetik-vitrini,489,489,-110,31.1,19,1133206753,1168742,1133206753:1168742,Mas'dala EGAR Profesyonel İpek Kirpik Seti Doğal Görünümlü Kirpik Uygulama Kiti,Mas'dala EGAR Profesyonel,Masdala EGAR,425.7,450.64,-7.4,InStock,Son 3 günde 250+ ürün satıldı!,3,250,83.3,4.3,474,0,236,"[""Kargo Bedava"",""Son 10 Günün En Düşük Fiyatı""]",Tahmini Teslim:,carried_forward,4,https://www.trendyol.com/mas-dala-egar/profesyonel-ipek-kirpik-seti-dogal-gorunumlu-kirpik-uygulama-kiti-p-1133206753?boutiqueId=61&merchantId=1168742
kozmetik:kozmetik-vitrini,171,171,-85,57.9,18.8,770016146,210033,770016146:210033,Lancome Teint Idole Ultra Wear Care & Glow Parlaklık veren Serum Kapatıcı 120n Concealer 3614273988476,Lancome,LANCOME,1799,2650,0,InStock,Son 3 günde 250+ ürün satıldı!,3,250,83.3,4.1560364464692485,503,0,47,"[""100 TL Kupon"",""Kargo Bedava"",""Son 10 Günün En Düşük Fiyatı"",""Süper Fırsat Ürünü"",""Son 10 günün en düşük fiyatı""]",,refreshed,0,https://www.trendyol.com/lancome/teint-idole-ultra-wear-care-glow-parlaklik-veren-serum-kapatici-120n-concealer-3614273988476-p-770016146?boutiqueId=61&merchantId=210033
kozmetik:kozmetik-vitrini,325,325,-10,25.9,18.7,7048320,451556,7048320:451556,Morfose Ossion Mat Saç Şekillendirici Wax 100 ml,Morfose,MORFOSE,152,,5.6,InStock,Son 3 günde 250+ ürün satıldı!,3,250,83.3,4.4,513,0,305,[],11 saat 51 dakika içinde sipariş verirsen en geç yarın kargoda!,carried_forward,8,https://www.trendyol.com/morfose/ossion-mat-sac-sekillendirici-wax-100-ml-p-7048320?boutiqueId=61&merchantId=451556
kozmetik:kozmetik-vitrini,223,223,231,26,18.6,845319090,378048,845319090:378048,Elidor 7/24 Şekillendirici Saç Bakım Kremi Belirgin Bukleler 240 ml,Elidor,Unilever,182.1,,-9.8,InStock,Son 3 günde 250+ ürün satıldı!,3,250,83.3,4.575896964121435,537,21,144,"[""Sepette %7 İndirim"",""Kargo Bedava"",""Son 10 Günün En Düşük Fiyatı""]",,refreshed,0,https://www.trendyol.com/elidor/7-24-sekillendirici-sac-bakim-kremi-belirgin-bukleler-240-ml-p-845319090?boutiqueId=61&merchantId=378048
kozmetik:kozmetik-vitrini,337,337,124,28.4,18.6,929624244,145234,929624244:145234,S'GLAM WHITE SWAN TRANSPARAN PUDRA,S'GLAM WHITE,SGLAM,399,409,-2.4,InStock,Son 3 günde 250+ ürün satıldı!,3,250,83.3,4.4,529,0,212,"[""Kargo Bedava"",""Son 10 Günün En Düşük Fiyatı""]",Tahmini Teslim:,carried_forward,4,https://www.trendyol.com/s-glam/white-swan-transparan-pudra-p-929624244?boutiqueId=61&merchantId=145234
kozmetik:kozmetik-vitrini,336,336,-45,26.2,18.4,1039596243,556702,1039596243:556702,Cream Co. Allık Ruj Göz Farı Glow Tint Baby Pink Nemlendirici Makyaj | Pastel Pembe Hyaluronik Asit Peptit,Cream Co.,Cream Co.,199.9,,0,InStock,Son 3 günde 250+ ürün satıldı!,3,250,83.3,4.3,561,0,70,[],Tahmini Teslim:,carried_forward,4,https://www.trendyol.com/cream-co/allik-ruj-goz-fari-glow-tint-baby-pink-nemlendirici-makyaj-pastel-pembe-hyaluronik-asit-peptit-p-1039596243?boutiqueId=61&merchantId=556702
kozmetik:kozmetik-vitrini,340,340,284,45.1,18.3,795545227,1028724,795545227:1028724,Nail Master 3 Gr Takma Tırnak Tips Yapıştırıcı,Nail Master,,16.13,19.87,-18.8,InStock,Son 3 günde 250+ ürün satıldı!,3,250,83.3,4.1,,,,"[""Son 10 Günün En Düşük Fiyatı""]",,listing_only,,https://www.trendyol.com/nail-master/3-gr-takma-tirnak-tips-yapistirici-p-795545227?boutiqueId=61&merchantId=1028724
kozmetik:kozmetik-vitrini,297,297,-173,64.8,18.1,766807504,138065,766807504:138065,Bargello 393 Kadın 50 ml Parfüm Edp Floral,Bargello,Bargello,370,600,0,InStock,Son 3 günde 250+ ürün satıldı!,3,250,83.3,4.5332167832167825,615,0,221,"[""Kargo Bedava"",""Son 10 Günün En Düşük Fiyatı"",""Süper Fırsat Ürünü"",""Son 10 günün en düşük fiyatı""]",,refreshed,0,https://www.trendyol.com/bargello/393-kadin-50-ml-parfum-edp-floral-p-766807504?boutiqueId=61&merchantId=138065
kozmetik:kozmetik-vitrini,674,674,34,42.1,18.1,917385346,361197,917385346:361197,"Dr.Melaxin Leke Karşıtı & Aydınlatıcı Güneş Kremi Çil Ve Koyu Leke Karşıtı, Spf50 /pa 50ml",Dr.Melaxin Leke,,841.96,999,-15.7,InStock,Son 3 günde 250+ ürün satıldı!,3,250,83.3,4.7,,,,"[""Kargo Bedava"",""Son 10 Günün En Düşük Fiyatı"",""Süper Fırsat Ürünü""]",,listing_only,,https://www.trendyol.com/dr-melaxin/leke-karsiti-aydinlatici-gunes-kremi-cil-ve-koyu-leke-karsiti-spf50-pa-50ml-p-917385346?boutiqueId=61&merchantId=361197
kozmetik:kozmetik-vitrini,281,281,-54,26.7,17.9,1080497921,105153,1080497921:105153,L'Oreal Paris Revitalift Filler Glassy Skin Cam Cilt Görünümü Veren[Hyaluronik Asit] İçeren Nemlendirici Krem 50ml,L'Oreal Paris,Daily Glow Shop,595.85,,-0.7,InStock,Son 3 günde 250+ ürün satıldı!,3,250,83.3,4.439597315436242,659,2,389,"[""Kargo Bedava""]",21 saat 49 dakika içinde sipariş verirsen Yarın kargoda,refreshed,0,https://www.trendyol.com/l-oreal-paris/revitalift-filler-glassy-skin-cam-cilt-gorunumu-veren-hyaluronik-asit-iceren-nemlendirici-krem-50ml-p-1080497921?boutiqueId=61&merchantId=105153
kozmetik:kozmetik-vitrini,473,473,-73,36.7,17.9,953795412,106852,953795412:106852,Siveno %100 Doğal Nioli Suyu Kötü Koku Önleyici Arındırıcı Ferahlatıcı İntim Bakım Toniği 150 ml,Siveno,Siveno,173.84,193.16,-13,InStock,Son 3 günde 250+ ürün satıldı!,3,250,83.3,4.3,649,0,191,"[""Sepette %10 İndirim""]",Tahmini Teslim:,carried_forward,4,https://www.trendyol.com/siveno/100-dogal-nioli-suyu-kotu-koku-onleyici-arindirici-ferahlatici-intim-bakim-tonigi-150-ml-p-953795412?boutiqueId=61&merchantId=106852
kozmetik:kozmetik-vitrini,502,502,193,26.8,17.8,1130870772,1058193,1130870772:1058193,Ph Lab pHLab PDRN Destekli NAD+ & Retinal Duo Shot,Ph Lab,,1598,,0,InStock,Son 3 günde 250+ ürün satıldı!,3,250,83.3,4.4,,,,"[""Kargo Bedava""]",,listing_only,,https://www.trendyol.com/ph-lab/phlab-pdrn-destekli-nad-retinal-duo-shot-p-1130870772?boutiqueId=61&merchantId=1058193
kozmetik:kozmetik-vitrini,646,646,-21,26.8,17.8,383062644,364212,383062644:364212,Organische Ahşap Saplı Topuk Törpüsü + 10 Adet Kendinden Yapışkanlı Yedek Törpü | Ponza Taşlı Ayak Bakım Törpüsü,Organische,,159,,0,InStock,Son 3 günde 250+ ürün satıldı!,3,250,83.3,4.6,,,,[],,listing_only,,https://www.trendyol.com/organische/ahsap-sapli-topuk-torpusu-10-adet-kendinden-yapiskanli-yedek-torpu-ponza-tasli-ayak-bakim-torpusu-p-383062644?boutiqueId=61&merchantId=364212
kozmetik:kozmetik-vitrini,244,244,197,91.2,17.7,1178140199,852527,1178140199:852527,Embeauty Cherki Glow Argan Yağı İçerikli Besleyici Saç Parfümü 100 ml,Embeauty,Embeauty Tr,249,699,,InStock,Son 3 günde 250+ ürün satıldı!,3,250,83.3,3.8692640692640694,680,145,53,"[""Son 10 Günün En Düşük Fiyatı"",""Kargo Bedava"",""Son 10 günün en düşük fiyatı""]",,refreshed,0,https://www.trendyol.com/embeauty/cherki-glow-argan-yagi-icerikli-besleyici-sac-parfumu-100-ml-p-1178140199?boutiqueId=61&merchantId=852527
kozmetik:kozmetik-vitrini,523,523,-17,26.9,17.7,84635173,908896,84635173:908896,mia klinika Cilt Aydınlatıcı C Vitamini Serumu,mia klinika,Mia Klinika,199,,5.3,InStock,Son 3 günde 250+ ürün satıldı!,3,250,83.3,4.3,698,0,517,[],51 dakika 23 saniye içinde sipariş verirsen en geç bugün kargoda!,carried_forward,5,https://www.trendyol.com/mia-klinika/cilt-aydinlatici-c-vitamini-serumu-p-84635173?boutiqueId=61&merchantId=908896
kozmetik:kozmetik-vitrini,693,693,-119,42.3,17.7,1040945321,107302,1040945321:107302,Sinoz Avokado Bomb Yüz Bakım Kremi - Kuru Ciltler İçin Nemlendirici ve Canlandırıcı 50 ml,Sinoz,Sinoz Kozmetik,456.54,539.4,0,InStock,Son 3 günde 250+ ürün satıldı!,3,250,83.3,4.5,687,0,281,"[""Kargo Bedava"",""Son 10 Günün En Düşük Fiyatı"",""Süper Fırsat Ürünü""]",11 saat 47 dakika içinde sipariş verirsen en geç yarın kargoda!,carried_forward,10,https://www.trendyol.com/sinoz/avokado-bomb-yuz-bakim-kremi-kuru-ciltler-icin-nemlendirici-ve-canlandirici-50-ml-p-1040945321?boutiqueId=61&merchantId=107302
kozmetik:kozmetik-vitrini,299,299,383,27,17.6,880656807,1142754,880656807:1142754,Laventin Biberiye - Argan - Keratin içeren Besleyici Ve Onarıcı Saç Bakım Spreyi 200 ml,Laventin,ORABELLA KOZMETİK,299.9,,0,InStock,Son 3 günde 250+ ürün satıldı!,3,250,83.3,4.278724981467754,716,,219,"[""Kargo Bedava""]",,refreshed,0,https://www.trendyol.com/laventin/biberiye-argan-keratin-iceren-besleyici-ve-onarici-sac-bakim-spreyi-200-ml-p-880656807?boutiqueId=61&merchantId=1142754
kozmetik:kozmetik-vitrini,472,472,-199,27,17.6,904547145,155056,904547145:155056,Oral White Ultra Soft 4290 Hassas Diş Fırçası,Oral White,Oral White TR,159.99,,0,InStock,Son 3 günde 250+ ürün satıldı!,3,250,83.3,4.6,713,0,378,[],12 saat 49 dakika içinde sipariş verirsen en geç bugün kargoda!,carried_forward,2,https://www.trendyol.com/oral-white/ultra-soft-4290-hassas-dis-fircasi-p-904547145?boutiqueId=61&merchantId=155056
kozmetik:kozmetik-vitrini,331,331,-95,27.1,17.5,140511531,105029,140511531:105029,Urban Care Style Guide Islak Görünüm Sağlayan Wax - Güçlü Tutuş - Vegan - 100 ml 8680690705946,Urban Care,NEHİR STORES,274.76,,,InStock,Son 3 günde 250+ ürün satıldı!,3,250,83.3,4.4,736,0,594,[],21 saat 50 dakika içinde sipariş verirsen en geç yarın kargoda!,carried_forward,2,https://www.trendyol.com/urban-care/style-guide-islak-gorunum-saglayan-wax-guclu-tutus-vegan-100-ml-8680690705946-p-140511531?boutiqueId=61&merchantId=105029
kozmetik:makyaj,71,790,-12,27,17.5,1108843741,556702,1108843741:556702,Cream Co. Ton Eşitleyici Aydınlatıcı Pink SPF50 Güneş Kremi Leke Karşıtı | Peptit Niasinamid Hyalüronik Asit,Cream Co.,Cream Co.,299.9,,0,InStock,Son 3 günde 250+ ürün satıldı!,3,250,83.3,4.3,720,0,220,[],11 saat 58 dakika içinde sipariş verirsen en geç yarın kargoda!,carried_forward,9,https://www.trendyol.com/cream-co/ton-esitleyici-aydinlatici-pink-spf50-gunes-kremi-leke-karsiti-peptit-niasinamid-hyaluronik-asit-p-1108843741?boutiqueId=61&merchantId=556702
kozmetik:kozmetik-vitrini,628,628,-435,27.2,17.4,951361694,630280,951361694:630280,Batekso Pembe Pötikare Kurdele Desenli Makyaj Çantası - Büyük Boy,Batekso,Batekso,159.9,,0,InStock,Son 3 günde 250+ ürün satıldı!,3,250,83.3,4.7,753,0,73,[],11 saat 53 dakika içinde sipariş verirsen en geç yarın kargoda!,carried_forward,14,https://www.trendyol.com/batekso/pembe-potikare-kurdele-desenli-makyaj-cantasi-buyuk-boy-p-951361694?boutiqueId=61&merchantId=630280
kozmetik:kozmetik-vitrini,298,298,-54,30.9,17.3,947763056,1028724,947763056:1028724,Nail Master Yapışkan Tabaka Temizleyici Kalıcı Oje Protez Tırnak Jel Kat Temizleme Cleanser Tüysüz Mendil Seti,Nail Master,Doğanlı Kozmetik,121.61,126.13,-3.6,InStock,Son 3 günde 250+ ürün satıldı!,3,250,83.3,4.5515615792575135,770,2,89,"[""Son 10 Günün En Düşük Fiyatı"",""Kargo Bedava"",""Trendyol Plus'a Özel""]",,refreshed,0,https://www.trendyol.com/nail-master/yapiskan-tabaka-temizleyici-kalici-oje-protez-tirnak-jel-kat-temizleme-cleanser-tuysuz-mendil-seti-p-947763056?boutiqueId=61&merchantId=1028724
kozmetik:kozmetik-vitrini,48,48,-21,59,17.1,766554206,236430,766554206:236430,Yves Saint Laurent Libre Travel Set - Libre EDP 30 ml & 10 ml Parfüm Seti,Yves Saint Laurent,YVES SAINT LAURENT BEAUTY,3750,5400,0,InStock,Son 3 günde 250+ ürün satıldı!,3,250,83.3,4.432288586635127,1081,3,96,"[""100 TL Kupon"",""Kargo Bedava"",""Son 10 Günün En Düşük Fiyatı"",""Süper Fırsat Ürünü"",""Son 10 günün en düşük fiyatı""]",,refreshed,0,https://www.trendyol.com/yves-saint-laurent/libre-travel-set-libre-edp-30-ml-10-ml-parfum-seti-p-766554206?boutiqueId=61&merchantId=236430
kozmetik:kozmetik-vitrini,132,132,-39,27.4,17.1,970253213,891275,970253213:891275,Kremi Allık Ruj Göz Farı Kiss&Blush | Nemlendirici Makyaj Makeup | Stick | Seramid Skualen Vitamin E,Kremi,Kremi,284.9,,0,InStock,Son 3 günde 250+ ürün satıldı!,3,250,83.3,4.222471910112359,808,2,75,"[""Kargo Bedava"",""Trendyol Plus'a Özel""]",,refreshed,0,https://www.trendyol.com/kremi/allik-ruj-goz-fari-kiss-blush-nemlendirici-makyaj-makeup-stick-seramid-skualen-vitamin-e-p-970253213?boutiqueId=61&merchantId=891275
kozmetik:kozmetik-vitrini,458,458,112,46.4,17,920722116,1028724,920722116:1028724,Nail Master 24'Lü Küt Takma Tırnak French,Nail Master,Doğanlı Kozmetik,97.27,119.72,-18.8,InStock,Son 3 günde 250+ ürün satıldı!,3,250,83.3,4.5,841,0,173,"[""Son 10 Günün En Düşük Fiyatı"",""Süper Fırsat Ürünü""]",11 saat 48 dakika içinde sipariş verirsen en geç yarın kargoda!,carried_forward,8,https://www.trendyol.com/nail-master/24-lu-kut-takma-tirnak-french-p-920722116?boutiqueId=61&merchantId=1028724
kozmetik:kozmetik-vitrini,446,446,-172,27.7,16.9,885896576,556702,885896576:556702,Cream Co. Leke Karşıtı Nemlendirici Yüz Temizleme Jeli Niacinamide Hyalüronik Asit | 400 ML | Tüm Cilt Tipleri,Cream Co.,Cream Co.,419.9,,0,InStock,Son 3 günde 250+ ürün satıldı!,3,250,83.3,4.3,873,0,337,"[""Kargo Bedava""]",11 saat 50 dakika içinde sipariş verirsen en geç yarın kargoda!,carried_forward,2,https://www.trendyol.com/cream-co/leke-karsiti-nemlendirici-yuz-temizleme-jeli-niacinamide-hyaluronik-asit-400-ml-tum-cilt-tipleri-p-885896576?boutiqueId=61&merchantId=556702
kozmetik:kozmetik-vitrini,161,161,-59,27.8,16.8,962591397,556702,962591397:556702,Cream Co. Aydınlatıcı Kırışıklık Karşıtı Cilt Tonu Eşitleyici Su Bazlı Nemlendirici Göz Kremi İkili,Cream Co.,Cream Co.,449.9,,0,InStock,Son 3 günde 250+ ürün satıldı!,3,250,83.3,4.490005402485143,903,3,126,"[""Kargo Bedava"",""Trendyol Plus'a Özel""]",,refreshed,0,https://www.trendyol.com/cream-co/aydinlatici-kirisiklik-karsiti-cilt-tonu-esitleyici-su-bazli-nemlendirici-goz-kremi-ikili-p-962591397?boutiqueId=61&merchantId=556702
kozmetik:kozmetik-vitrini,471,471,31,27.7,16.8,865200580,1031124,865200580:1031124,THE BATH FACTORY Sweet Vanilla Vücut Spreyi 200 ml,THE BATH FACTORY,The Bath Factory,395,,0,InStock,Son 3 günde 250+ ürün satıldı!,3,250,83.3,4.2,885,0,133,"[""Kargo Bedava""]",11 saat 52 dakika içinde sipariş verirsen en geç yarın kargoda!,carried_forward,9,https://www.trendyol.com/the-bath-factory/sweet-vanilla-vucut-spreyi-200-ml-p-865200580?boutiqueId=61&merchantId=1031124
kozmetik:kozmetik-vitrini,477,477,-302,28.2,16.4,830149257,324180,830149257:324180,Efsun Natural Kantaron Yağlı Bakım Kremi %100 Doğal Akne Ve Leke Karşıtı Nemlendirici Onarıcı Natural 29ml,Efsun Natural,Efsun Natural,398.9,,0,InStock,Son 3 günde 250+ ürün satıldı!,3,250,83.3,4.6,1015,0,783,"[""Son 10 Günün En Düşük Fiyatı"",""Süper Fırsat Ürünü""]",1 saat 52 dakika içinde sipariş verirsen en geç bugün kargoda!,carried_forward,19,https://www.trendyol.com/efsun-natural/kantaron-yagli-bakim-kremi-100-dogal-akne-ve-leke-karsiti-nemlendirici-onarici-natural-29ml-p-830149257?boutiqueId=61&merchantId=324180
kozmetik:kozmetik-vitrini,588,588,-162,28.3,16.3,937504591,107819,937504591:107819,Elseve Dream Long Isı Koruyucu & Pürüzsüzleştirici Sprey Serum 150 Ml,Elseve,L'Oreal,349.9,,0,InStock,Son 3 günde 250+ ürün satıldı!,3,250,83.3,4.5,1037,0,185,[],1 saat 45 dakika içinde sipariş verirsen en geç bugün kargoda!,carried_forward,6,https://www.trendyol.com/elseve/dream-long-isi-koruyucu-puruzsuzlestirici-sprey-serum-150-ml-p-937504591?boutiqueId=61&merchantId=107819
kozmetik:kozmetik-vitrini,111,111,-36,29.4,16.2,825533621,571412,825533621:571412,"NIVEA Yatıştırıcı Micellar Makyaj Temizleme Suyu Ve Aqua Rose Tonik 200ml, Pamuk Hediyeli Çeyiz Seti",NIVEA,NIVEA,267.66,270.36,-1,InStock,Son 3 günde 250+ ürün satıldı!,3,250,83.3,4.550952380952381,1077,2,113,"[""Son 10 Günün En Düşük Fiyatı"",""Kargo Bedava"",""Son 10 günün en düşük fiyatı""]",21 saat 52 dakika içinde sipariş verirsen Yarın kargoda,refreshed,0,https://www.trendyol.com/nivea/yatistirici-micellar-makyaj-temizleme-suyu-ve-aqua-rose-tonik-200ml-pamuk-hediyeli-ceyiz-seti-p-825533621?boutiqueId=61&merchantId=571412
kozmetik:kozmetik-vitrini,210,210,430,46.5,16.2,957655203,164987,957655203:164987,The Purest Solutions 72 Saat Etkili Sebum Dengeleyici Su Bazlı Günlük Nemlendirici Krem 50ml,The Purest Solutions,The Purest Solutions,286.4,349.9,-36.3,InStock,Son 3 günde 250+ ürün satıldı!,3,250,83.3,4.30667878237165,1056,96,591,"[""Son 10 Günün En Düşük Fiyatı"",""Süper Fırsat Ürünü"",""Kargo Bedava"",""Son 10 günün en düşük fiyatı""]",,refreshed,0,https://www.trendyol.com/the-purest-solutions/72-saat-etkili-sebum-dengeleyici-su-bazli-gunluk-nemlendirici-krem-50ml-p-957655203?boutiqueId=61&merchantId=164987
kozmetik:makyaj,72,791,-9,28.4,16.2,1146336295,1279865,1146336295:1279865,kyza skin Pearlized Glow BB Cream Light 01 SPF 50+ | Yoğun Işıltılı Cilt Görünümü 30 ml,kyza skin,,350,,0,InStock,Son 3 günde 250+ ürün satıldı!,3,250,83.3,4,,,,"[""Kargo Bedava""]",,listing_only,,https://www.trendyol.com/kyza-skin/pearlized-glow-bb-cream-light-01-spf-50-yogun-isiltili-cilt-gorunumu-30-ml-p-1146336295?boutiqueId=61&merchantId=1279865
kozmetik:kozmetik-vitrini,116,116,21,49.8,16.1,1044043582,1279865,1044043582:1279865,Embeauty Ultra Siyah Dolgunlaştırıcı Maskara – Hacim ve Uzunluk Etkili 2 Adet,Embeauty,Viel Kozmetik,499,633.79,0,InStock,Son 3 günde 250+ ürün satıldı!,3,250,83.3,4.20033319450229,1092,1,148,"[""Kargo Bedava"",""Son 10 Günün En Düşük Fiyatı"",""Süper Fırsat Ürünü"",""Son 10 günün en düşük fiyatı""]",,refreshed,0,https://www.trendyol.com/embeauty/ultra-siyah-dolgunlastirici-maskara-hacim-ve-uzunluk-etkili-2-adet-p-1044043582?boutiqueId=61&merchantId=1279865
kozmetik:makyaj,69,788,32,44.9,16,1081714443,107819,1081714443:107819,L'Oreal Paris Telescopic Extensionist Siyah Maskara,L'Oreal Paris Telescopic,,847.9,1012.46,0,InStock,Son 3 günde 250+ ürün satıldı!,3,250,83.3,4.4,,,,"[""127 TL Kupon"",""Kargo Bedava"",""Son 10 Günün En Düşük Fiyatı"",""Süper Fırsat Ürünü""]",,listing_only,,https://www.trendyol.com/l-oreal-paris/telescopic-extensionist-siyah-maskara-p-1081714443?boutiqueId=61&merchantId=107819
kozmetik:kozmetik-vitrini,50,50,124,28.7,15.9,870103379,885839,870103379:885839,"FRANKLY Pirinç Özü, 9 Çeşit peptit ve Kolajen İçeren Gözenek Sıkılaştırıcı Closer Toner Pad 70 Adet 105ml",FRANKLY,Frankly Türkiye,1199,,0,InStock,Son 3 günde 250+ ürün satıldı!,3,250,83.3,4.51925630810093,1174,6,707,"[""Sepette %15 İndirim"",""Kargo Bedava""]",,refreshed,0,https://www.trendyol.com/frankly/pirinc-ozu-9-cesit-peptit-ve-kolajen-iceren-gozenek-sikilastirici-closer-toner-pad-70-adet-105ml-p-870103379?boutiqueId=61&merchantId=885839
kozmetik:makyaj,74,793,-1,28.7,15.9,1051438132,1046771,1051438132:1046771,MAQYA KOZMETİK Fix Özel Keseli 13'lü Fırça Seti YEŞİL ve 4LÜ Sert Plastik Kutulu Makyaj Süngeri Seti 17 PARÇA,MAQYA KOZMETİK,,199.5,,0,InStock,Son 3 günde 250+ ürün satıldı!,3,250,83.3,3.7,,,,"[""Sepette %2 İndirim""]",,listing_only,,https://www.trendyol.com/maqya-kozmetik/fix-ozel-keseli-13-lu-firca-seti-yesil-ve-4lu-sert-plastik-kutulu-makyaj-sungeri-seti-17-parca-p-1051438132?boutiqueId=61&merchantId=1046771
kozmetik:kozmetik-vitrini,106,106,243,28.8,15.8,69020831,267454,69020831:267454,naturamisse Doğal Koltuk Altı Kremi 50 ml (ÇAY AĞACI YAĞLI) Deokrem Ter Kokusuna Doğal Çözüm,naturamisse,NaturaMisse Doğal Bakım Kozmetik,329,,0,InStock,Son 3 günde 250+ ürün satıldı!,3,250,83.3,4.587912087912088,1183,,170,"[""Sepette %5 İndirim"",""Kargo Bedava"",""Trendyol Plus'a Özel""]",,refreshed,0,https://www.trendyol.com/naturamisse/dogal-koltuk-alti-kremi-50-ml-cay-agaci-yagli-deokrem-ter-kokusuna-dogal-cozum-p-69020831?boutiqueId=61&merchantId=267454
kozmetik:kozmetik-vitrini,303,303,-41,28.9,15.7,1133750226,1264974,1133750226:1264974,AVEONIX Shine Veil Parlak Ruj 01 Nemlendirici Pürüzsüz Dolgun Dudak Etkili Lipstick,AVEONIX,Duru Kozmetik ve Sağlıklı Yaşam,349,,0,InStock,Son 3 günde 250+ ürün satıldı!,3,250,83.3,4.4,1221,0,339,[],Tahmini Teslim:,carried_forward,2,https://www.trendyol.com/aveonix/shine-veil-parlak-ruj-01-nemlendirici-puruzsuz-dolgun-dudak-etkili-lipstick-p-1133750226?boutiqueId=61&merchantId=1264974
kozmetik:kozmetik-vitrini,253,253,45,29,15.6,947441664,164987,947441664:164987,The Purest Solutions Hidrokolloid Akne ve Sivilce Karşıtı & Yatıştırıcı Bant 36'lı Patch,The Purest Solutions,The Purest Solutions,199.9,,-28.6,InStock,Son 3 günde 250+ ürün satıldı!,3,250,83.3,3.904677533664068,1278,3,164,"[""Kargo Bedava""]",,refreshed,0,https://www.trendyol.com/the-purest-solutions/hidrokolloid-akne-ve-sivilce-karsiti-yatistirici-bant-36-li-patch-p-947441664?boutiqueId=61&merchantId=164987
kozmetik:kozmetik-vitrini,296,296,-9,41.9,15.6,674567900,495718,674567900:495718,Bioderma Sebium Kerato+ Salisilik Asit İçeren Sivilce Akne Lekesi Siyah Nokta Karşıtı Nemlendirici Krem 30ml,Bioderma,Daffne,934.5,1074,,InStock,Son 3 günde 250+ ürün satıldı!,3,250,83.3,4.336633663366337,1252,1,1807,"[""Kargo Bedava"",""Son 10 Günün En Düşük Fiyatı"",""Son 10 günün en düşük fiyatı""]",,refreshed,0,https://www.trendyol.com/bioderma/sebium-kerato-salisilik-asit-iceren-sivilce-akne-lekesi-siyah-nokta-karsiti-nemlendirici-krem-30ml-p-674567900?boutiqueId=61&merchantId=495718
kozmetik:makyaj,61,780,-6,30.5,15.6,819518048,1121776,819518048:1121776,ZEYNABEAUTY 12 Renk Neon Yağlı Göz Kalemi Seti | Yoğun Pigmentli | Yumuşak Sürüm | Renkli Eyeliner,ZEYNABEAUTY,,180.16,182.95,0,InStock,Son 3 günde 250+ ürün satıldı!,3,250,83.3,4.5,,,,"[""Son 10 Günün En Düşük Fiyatı""]",,listing_only,,https://www.trendyol.com/zeynabeauty/12-renk-neon-yagli-goz-kalemi-seti-yogun-pigmentli-yumusak-surum-renkli-eyeliner-p-819518048?boutiqueId=61&merchantId=1121776
kozmetik:kozmetik-vitrini,454,454,-156,29.1,15.5,1063917638,1279865,1063917638:1279865,La Vielle Daydream Bare Vanilla 200 ml,La Vielle,Viel Kozmetik,350,,0,InStock,Son 3 günde 250+ ürün satıldı!,3,250,83.3,3.7,1301,0,260,"[""Kargo Bedava""]",Tahmini Teslim:,carried_forward,3,https://www.trendyol.com/la-vielle/daydream-bare-vanilla-200-ml-p-1063917638?boutiqueId=61&merchantId=1279865
kozmetik:kozmetik-vitrini,274,274,-103,29.2,15.4,520578710,1277709,520578710:1277709,TTO Saç ve Vücut Şampuanı Arındırıcı Bakım 400 + 100 ml Salisilik ve Azelaik Asit Thermal Black,TTO,NSH MEDİKAL,726.5,,-9.2,InStock,Son 3 günde 250+ ürün satıldı!,3,250,83.3,4.187570621468926,1352,-2,1291,"[""Kargo Bedava""]",21 saat 49 dakika içinde sipariş verirsen Yarın kargoda,refreshed,0,https://www.trendyol.com/tto/sac-ve-vucut-sampuani-arindirici-bakim-400-100-ml-salisilik-ve-azelaik-asit-thermal-black-p-520578710?boutiqueId=61&merchantId=1277709
kozmetik:kozmetik-vitrini,329,329,,39,15.4,881145362,164987,881145362:164987,The Purest Solutions Siyah Nokta Karşıtı Yağlı Ciltler İçin Salisilik Asit Arındırıcı Temizleme Jeli 400 ml,The Purest Solutions,,421.39,467.17,-21.2,InStock,Son 3 günde 250+ ürün satıldı!,3,250,83.3,4.6,,,,"[""Kargo Bedava"",""Son 10 Günün En Düşük Fiyatı""]",,listing_only,,https://www.trendyol.com/the-purest-solutions/siyah-nokta-karsiti-yagli-ciltler-icin-salisilik-asit-arindirici-temizleme-jeli-400-ml-p-881145362?boutiqueId=61&merchantId=164987
kozmetik:kozmetik-vitrini,613,613,-185,61.2,15.4,938143886,210033,938143886:210033,Lancome Lash Idole Lifting Etkili Hacim veren Maskara 02 Kahverengi 3614274306477,Lancome,,1799,2650,0,InStock,Son 3 günde 250+ ürün satıldı!,3,250,83.3,4.3,,,,"[""100 TL Kupon"",""Kargo Bedava"",""Son 10 Günün En Düşük Fiyatı"",""Süper Fırsat Ürünü""]",,listing_only,,https://www.trendyol.com/lancome/lash-idole-lifting-etkili-hacim-veren-maskara-02-kahverengi-3614274306477-p-938143886?boutiqueId=61&merchantId=210033
kozmetik:kozmetik-vitrini,467,467,136,34.2,15.3,858305830,4473,858305830:4473,Flormar Nemlendirici Parlak Ruj- Sheer up Lipstick- 018 Enchanted Kiss- 8682536097864,Flormar,Flormar,379.99,399.99,-4.8,InStock,Son 3 günde 250+ ürün satıldı!,3,250,83.3,4.5,1358,0,210,"[""Kargo Bedava"",""Son 10 Günün En Düşük Fiyatı""]",11 saat 52 dakika içinde sipariş verirsen en geç yarın kargoda!,carried_forward,22,https://www.trendyol.com/flormar/nemlendirici-parlak-ruj-sheer-up-lipstick-018-enchanted-kiss-8682536097864-p-858305830?boutiqueId=61&merchantId=4473
kozmetik:kozmetik-vitrini,580,580,,29.2,15.3,1135169672,1279865,1135169672:1279865,Embeauty Reactivate Saç Uzatan & Dökülme Karşıtı Güçlendirici Complex Serum 50 ML,Embeauty,,339.61,,,InStock,Son 3 günde 250+ ürün satıldı!,3,250,83.3,4.1,,,,"[""Son 10 Günün En Düşük Fiyatı"",""Süper Fırsat Ürünü""]",,listing_only,,https://www.trendyol.com/embeauty/reactivate-sac-uzatan-dokulme-karsiti-guclendirici-complex-serum-50-ml-p-1135169672?boutiqueId=61&merchantId=1279865
kozmetik:kozmetik-vitrini,165,165,17,29.5,15,2870702,468928,2870702:468928,Cosrx Low Ph Good Morning Gel Cleanser 150ml,Cosrx,Watsons,359.9,,0,InStock,Son 3 günde 250+ ürün satıldı!,3,250,83.3,4.564522268747621,1482,-4,919,"[""Kargo Bedava""]",21 saat 51 dakika içinde sipariş verirsen Yarın kargoda,refreshed,0,https://www.trendyol.com/cosrx/low-ph-good-morning-gel-cleanser-150ml-p-2870702?boutiqueId=61&merchantId=468928
kozmetik:kozmetik-vitrini,466,466,-163,29.6,15,901085661,1125806,901085661:1125806,EPİFY Epify Tüy Azaltıcı Papaya Sütü Epilasyon Sonrası Kıl Kökü Azaltıcı Papaya Gel,EPİFY,Epify,579,,0,InStock,Son 3 günde 250+ ürün satıldı!,3,250,83.3,3.8,1495,0,1992,"[""Kargo Bedava""]",Tahmini Teslim:,carried_forward,2,https://www.trendyol.com/epify/epify-tuy-azaltici-papaya-sutu-epilasyon-sonrasi-kil-koku-azaltici-papaya-gel-p-901085661?boutiqueId=61&merchantId=1125806
kozmetik:kozmetik-vitrini,88,88,211,38.8,14.9,1068311,571412,1068311:571412,"NIVEA Kadın Sprey Deodorant Pearl&Beauty 150ml, 72 Saat Anti Perspirant Koruma, Alkolsüz, Çiçeksi Koku",NIVEA,NIVEA,155.63,171.12,-9.1,InStock,Son 3 günde 250+ ürün satıldı!,3,250,83.3,4.580702376729336,1559,4,156,"[""Son 10 Günün En Düşük Fiyatı"",""Kargo Bedava"",""Son 10 günün en düşük fiyatı""]",21 saat 52 dakika içinde sipariş verirsen Yarın kargoda,refreshed,0,https://www.trendyol.com/nivea/kadin-sprey-deodorant-pearl-beauty-150ml-72-saat-anti-perspirant-koruma-alkolsuz-ciceksi-koku-p-1068311?boutiqueId=61&merchantId=571412
kozmetik:kozmetik-vitrini,260,260,-117,29.6,14.9,996722646,1031124,996722646:1031124,THE BATH FACTORY Liberty Vücut Losyonu 200 ml,THE BATH FACTORY,The Bath Factory,349,,0,InStock,Son 3 günde 250+ ürün satıldı!,3,250,83.3,4.493300852618757,1526,2,148,"[""Kargo Bedava""]",,refreshed,0,https://www.trendyol.com/the-bath-factory/liberty-vucut-losyonu-200-ml-p-996722646?boutiqueId=61&merchantId=1031124
kozmetik:kozmetik-vitrini,428,428,-61,29.7,14.9,906087869,106852,906087869:106852,Siveno %100 Doğal Biberiye Suyu Saç Dökülmesi Karşıtı ve Hızlı Saç Uzatma Etkili Saç Toniği 150 ml,Siveno,Siveno,199.9,,0,InStock,Son 3 günde 250+ ürün satıldı!,3,250,83.3,4.4,1541,0,526,[],11 saat 53 dakika içinde sipariş verirsen en geç yarın kargoda!,carried_forward,3,https://www.trendyol.com/siveno/100-dogal-biberiye-suyu-sac-dokulmesi-karsiti-ve-hizli-sac-uzatma-etkili-sac-tonigi-150-ml-p-906087869?boutiqueId=61&merchantId=106852
kozmetik:kozmetik-vitrini,384,384,-231,29.7,14.8,39346042,212174,39346042:212174,Genel Markalar Taze Misvak - Vakumlu Taze Misvak 5 Adet,Genel Markalar,Hicaz Pazarı Antalya,119.99,,31.9,InStock,Son 3 günde 250+ ürün satıldı!,3,250,83.3,3.9,1572,0,443,"[""50 TL Kupon""]",10 saat 51 dakika içinde sipariş verirsen en geç bugün kargoda!,carried_forward,2,https://www.trendyol.com/genel-markalar/taze-misvak-vakumlu-taze-misvak-5-adet-p-39346042?boutiqueId=61&merchantId=212174
kozmetik:kozmetik-vitrini,505,505,-122,29.8,14.8,87502008,176850,87502008:176850,Genel Markalar Bit Spreyi Ve Şampuan Tarak Set,Genel Markalar,Onlinedermo,159,,-6.5,InStock,Son 3 günde 250+ ürün satıldı!,3,250,83.3,4.4,1584,0,939,[],11 saat 51 dakika içinde sipariş verirsen en geç yarın kargoda!,carried_forward,2,https://www.trendyol.com/genel-markalar/bit-spreyi-ve-sampuan-tarak-set-p-87502008?boutiqueId=61&merchantId=176850
kozmetik:kozmetik-vitrini,214,214,,84.5,14.7,737137031,743162,737137031:743162,WIWIFY Yoğun Nemlendirici ve Onarıcı Hyaluronic Acid Serum (Hyaluronic Acid 2% + Vitamin B5),WIWIFY,Wiwify,199.9,439.9,,InStock,Son 3 günde 250+ ürün satıldı!,3,250,83.3,4.446916076845297,1648,,374,"[""Son 10 Günün En Düşük Fiyatı"",""Süper Fırsat Ürünü"",""Kargo Bedava"",""Son 10 günün en düşük fiyatı""]",,refreshed,0,https://www.trendyol.com/wiwify/yogun-nemlendirici-ve-onarici-hyaluronic-acid-serum-hyaluronic-acid-2-vitamin-b5-p-737137031?boutiqueId=61&merchantId=743162
kozmetik:kozmetik-vitrini,676,676,-183,29.8,14.7,160838387,908896,160838387:908896,"mia klinika Yağlı Akneli, Sivilceli Ve Kusurlu Ciltler İçin Yüz Yıkama Jeli",mia klinika,,279,,20.1,InStock,Son 3 günde 250+ ürün satıldı!,3,250,83.3,4.3,,,,[],,listing_only,,https://www.trendyol.com/mia-klinika/yagli-akneli-sivilceli-ve-kusurlu-ciltler-icin-yuz-yikama-jeli-p-160838387?boutiqueId=61&merchantId=908896
kozmetik:kozmetik-vitrini,133,133,51,30,14.6,936185837,107819,936185837:107819,NYX Professional Makeup Buttermelt Highlighter Kremsi Pudra Aydınlatıcı - 05 Bright & Butta,NYX Professional Makeup,L'Oreal,1149.99,,0,InStock,Son 3 günde 250+ ürün satıldı!,3,250,83.3,4.565812565812566,1690,0,81,"[""Sepette %50 İndirim"",""Kargo Bedava""]",21 saat 52 dakika içinde sipariş verirsen Yarın kargoda,refreshed,0,https://www.trendyol.com/nyx-professional-makeup/buttermelt-highlighter-kremsi-pudra-aydinlatici-05-bright-butta-p-936185837?boutiqueId=61&merchantId=107819
kozmetik:kozmetik-vitrini,140,140,273,30,14.6,899568341,105620,899568341:105620,Bioderma Photoderm XDefense SPF50+ Hassas&Tüm Ciltler Yüksek Korumalı Akışkan Güneş Kremi Renksiz 40 ML,Bioderma,Dermokozmetika,849,,0,InStock,Son 3 günde 250+ ürün satıldı!,3,250,83.3,4.378851767758675,1706,18,1295,"[""Kargo Bedava""]",,refreshed,0,https://www.trendyol.com/bioderma/photoderm-xdefense-spf50-hassas-tum-ciltler-yuksek-korumali-akiskan-gunes-kremi-renksiz-40-ml-p-899568341?boutiqueId=61&merchantId=105620
kozmetik:kozmetik-vitrini,553,553,-39,30.2,14.4,464947503,1277709,464947503:1277709,TTO Yüz Temizleme Köpüğü Demodex'e Eğilimli Ciltler İçin 200 ml Aplikatörlü Thermal,TTO,ELF PHARMA,745,,4.7,InStock,Son 3 günde 250+ ürün satıldı!,3,250,83.3,4.6,1802,0,1013,"[""Kargo Bedava""]",11 saat 52 dakika içinde sipariş verirsen en geç yarın kargoda!,carried_forward,23,https://www.trendyol.com/tto/yuz-temizleme-kopugu-demodex-e-egilimli-ciltler-icin-200-ml-aplikatorlu-thermal-p-464947503?boutiqueId=61&merchantId=1277709
kozmetik:kozmetik-vitrini,169,169,12,30.3,14.3,905023641,1060158,905023641:1060158,PHELSİUM Dökülme Karşıtı Kemik İlikli Bakım Şampuanı 500 ml,PHELSİUM,Online Sipariş,319,,-0.3,InStock,Son 3 günde 250+ ürün satıldı!,3,250,83.3,4.191633343586589,1829,2,823,"[""Kargo Bedava""]",,refreshed,0,https://www.trendyol.com/phelsium/dokulme-karsiti-kemik-ilikli-bakim-sampuani-500-ml-p-905023641?boutiqueId=61&merchantId=1060158
kozmetik:kozmetik-vitrini,413,413,253,90.4,14.2,985360761,473975,985360761:473975,Skin Sensual Magic Eye Duo Repair & CC Göz Altı Kapatıcısı 15 ml | Onarıcı & Aydınlatıcı | Medium to Dark,Skin Sensual,Kozmetix House,395.6,989,,InStock,Son 3 günde 250+ ürün satıldı!,3,250,83.3,4.1,,,199,"[""Sepette %60 İndirim"",""Kargo Bedava""]",Tahmini Teslim:,carried_forward,26,https://www.trendyol.com/skin-sensual/magic-eye-duo-repair-cc-goz-alti-kapaticisi-15-ml-onarici-aydinlatici-medium-to-dark-p-985360761?boutiqueId=61&merchantId=473975
kozmetik:makyaj,77,796,3,69.4,14.2,839504662,210033,839504662:210033,Lancome Hypnose Drama Anında Dolgunluk ve Hacim Etkili Maskara 01 3614273987714,Lancome,,1799,2950,0,InStock,Son 3 günde 250+ ürün satıldı!,3,250,83.3,4.1,,,,"[""100 TL Kupon"",""Kargo Bedava"",""Son 10 Günün En Düşük Fiyatı"",""Süper Fırsat Ürünü""]",,listing_only,,https://www.trendyol.com/lancome/hypnose-drama-aninda-dolgunluk-ve-hacim-etkili-maskara-01-3614273987714-p-839504662?boutiqueId=61&merchantId=210033
kozmetik:kozmetik-vitrini,148,148,-144,68.8,14.1,84813692,334474,84813692:334474,Bargello 561 Erkek Parfüm Fresh Edp 50 ml - Brgpen561,Bargello,Bargello Perfume Pendik Şubesi,370,600,0,InStock,Son 3 günde 250+ ürün satıldı!,3,250,83.3,4.581317550180134,1959,0,97,"[""Kargo Bedava"",""Son 10 Günün En Düşük Fiyatı"",""Son 10 günün en düşük fiyatı""]",,refreshed,0,https://www.trendyol.com/bargello/561-erkek-parfum-fresh-edp-50-ml-brgpen561-p-84813692?boutiqueId=61&merchantId=334474
kozmetik:kozmetik-vitrini,235,235,-67,90.6,14.1,844048329,989677,844048329:989677,"ILLUSIONE Mirage Edp Kadın Parfüm 50ml | Çiçeksi -Odunsu- Kremsi | Portakal Çiçeği, Sümbülteber, Vanilya, Misk",ILLUSIONE,ILLUSIONE,479,1199,0,InStock,Son 3 günde 250+ ürün satıldı!,3,250,83.3,3.9729909969989996,1938,4,402,"[""Kargo Bedava"",""Son 10 Günün En Düşük Fiyatı"",""Süper Fırsat Ürünü"",""Son 10 günün en düşük fiyatı""]",,refreshed,0,https://www.trendyol.com/illusione/mirage-edp-kadin-parfum-50ml-ciceksi-odunsu-kremsi-portakal-cicegi-sumbulteber-vanilya-misk-p-844048329?boutiqueId=61&merchantId=989677
kozmetik:makyaj,70,789,-8,31.8,14.1,955629063,126063,955629063:126063,Pastelya SİYAH- Suya Dayanıklı Çift Taraflı Eyeliner Damga Kalem Sağ Ve Sol Göz Uyumlu -(Bilgiler Açıklama Kısmında),Pastelya,,288.18,292,-2.2,InStock,Son 3 günde 250+ ürün satıldı!,3,250,83.3,3.5,,,,"[""Son 10 Günün En Düşük Fiyatı""]",,listing_only,,https://www.trendyol.com/pastelya/siyah-suya-dayanikli-cift-tarafli-eyeliner-damga-kalem-sag-ve-sol-goz-uyumlu-bilgiler-aciklama-kisminda-p-955629063?boutiqueId=61&merchantId=126063
kozmetik:kozmetik-vitrini,411,411,155,30.5,14,922442376,908896,922442376:908896,mia klinika Tiger Grass Ton Eşitleyici Kızarıklık Karşıtı 50 Spf Cica Krem 30 ml,mia klinika,Mia Klinika,349,,5.3,InStock,Son 3 günde 250+ ürün satıldı!,3,250,83.3,4.1,1977,0,,[],Tahmini Teslim:,carried_forward,11,https://www.trendyol.com/mia-klinika/tiger-grass-ton-esitleyici-kizariklik-karsiti-50-spf-cica-krem-30-ml-p-922442376?boutiqueId=61&merchantId=908896
kozmetik:kozmetik-vitrini,608,608,82,30.5,14,467979111,145234,467979111:145234,S'GLAM Makyaj Süngeri,S'GLAM Makyaj,SGLAM,188.75,,-5.2,InStock,Son 3 günde 250+ ürün satıldı!,3,250,83.3,4.5,1983,0,199,[],1 saat 53 dakika içinde sipariş verirsen en geç bugün kargoda!,carried_forward,27,https://www.trendyol.com/s-glam/makyaj-sungeri-p-467979111?boutiqueId=61&merchantId=145234
kozmetik:kozmetik-vitrini,503,503,-89,41.4,13.9,771252667,1028724,771252667:1028724,Nail Master 240 Adet Zararsız Takma Tırnak Yapıştırıcı Protez Yapıştırıcı Jel Sticker Tak Çıkar Yapıştırma Bandı,Nail Master,Doğanlı Kozmetik,41.55,46.54,-14.5,InStock,Son 3 günde 250+ ürün satıldı!,3,250,83.3,4.1,2079,0,383,"[""Son 10 Günün En Düşük Fiyatı""]",3 saat 51 dakika içinde sipariş verirsen en geç bugün kargoda!,carried_forward,7,https://www.trendyol.com/nail-master/240-adet-zararsiz-takma-tirnak-yapistirici-protez-yapistirici-jel-sticker-tak-cikar-yapistirma-bandi-p-771252667?boutiqueId=61&merchantId=1028724
kozmetik:kozmetik-vitrini,717,717,-244,41.7,13.9,364398765,591337,364398765:591337,LET'SCRUB Yavruağzı Yüz Kesesi Floş Ipek Peeling Eldiveni Hassas Ciltler Için 1 Adet,LET'SCRUB Yavruağzı,LET'SCRUB,186.9,210,0,InStock,Son 3 günde 250+ ürün satıldı!,3,250,83.3,4.6,2065,0,189,"[""Sepette %11 İndirim""]",1 saat 53 dakika içinde sipariş verirsen en geç bugün kargoda!,carried_forward,26,https://www.trendyol.com/let-scrub/yavruagzi-yuz-kesesi-flos-ipek-peeling-eldiveni-hassas-ciltler-icin-1-adet-p-364398765?boutiqueId=61&merchantId=591337
kozmetik:makyaj,65,784,,30.6,13.9,971358778,568895,971358778:568895,Cream Co. Nemlendirici Aydınlatıcı Yüz Spreyi | Peptit Face Mist | Ektoin Hyaluronik Asit | Tüm Cilt Tipleri,Cream Co.,Trendsin Evim,598.3,,,InStock,Son 3 günde 250+ ürün satıldı!,3,250,83.3,4.3137300843486415,2035,243,413,"[""Kargo Bedava""]",,refreshed,0,https://www.trendyol.com/cream-co/nemlendirici-aydinlatici-yuz-spreyi-peptit-face-mist-ektoin-hyaluronik-asit-tum-cilt-tipleri-p-971358778?boutiqueId=61&merchantId=568895
kozmetik:kozmetik-vitrini,209,209,-100,30.7,13.8,270114277,942892,270114277:942892,ALFAGİFT Elektrikli USB Tırnak Törpü Seti Manikür Pedikür Protez Tırnak Ayak Nasır Ve Tırnak Mantar Makinesi,ALFAGİFT,Saravita,349.99,,0,InStock,Son 3 günde 250+ ürün satıldı!,3,250,83.3,3.7498713329902214,2103,5,833,"[""Kargo Bedava"",""Son 10 Günün En Düşük Fiyatı""]",,refreshed,0,https://www.trendyol.com/alfagift/elektrikli-usb-tirnak-torpu-seti-manikur-pedikur-protez-tirnak-ayak-nasir-ve-tirnak-mantar-makinesi-p-270114277?boutiqueId=61&merchantId=942892
kozmetik:makyaj,78,797,15,30.8,13.8,421356030,1028724,421356030:1028724,Nail Master Kalıcı Oje Ve Protez Tırnak Jel Kurutucu Led Lamba 48w (NORMAL OJE KURUTMAZ),Nail Master,,349.08,,0,InStock,Son 3 günde 250+ ürün satıldı!,3,250,83.3,4.3,,,,[],,listing_only,,https://www.trendyol.com/nail-master/kalici-oje-ve-protez-tirnak-jel-kurutucu-led-lamba-48w-normal-oje-kurutmaz-p-421356030?boutiqueId=61&merchantId=1028724
kozmetik:kozmetik-vitrini,405,405,-98,32.2,13.6,820077851,105153,820077851:105153,L'Oreal Paris Infaillible 24H Brow Lamination Şeffaf Kaş Sabitleyici,L'Oreal Paris Infaillible,Daily Glow Shop,598.24,605.41,-3.5,InStock,Son 3 günde 250+ ürün satıldı!,3,250,83.3,4.5,2275,0,85,"[""Kargo Bedava"",""Son 10 Günün En Düşük Fiyatı""]",11 saat 50 dakika içinde sipariş verirsen en geç yarın kargoda!,carried_forward,2,https://www.trendyol.com/l-oreal-paris/infaillible-24h-brow-lamination-seffaf-kas-sabitleyici-p-820077851?boutiqueId=61&merchantId=105153
kozmetik:kozmetik-vitrini,530,530,,50.8,13.6,34463249,108880,34463249:108880,OGX Biotin & Kolajen Dolgunlaştırıcı Sülfatsız Şampuan 385 ml x2,OGX,,480.6,599.9,,InStock,Son 3 günde 250+ ürün satıldı!,3,250,83.3,4.4,,,,"[""Kargo Bedava"",""Son 10 Günün En Düşük Fiyatı"",""Süper Fırsat Ürünü""]",,listing_only,,https://www.trendyol.com/ogx/biotin-kolajen-dolgunlastirici-sulfatsiz-sampuan-385-ml-x2-p-34463249?boutiqueId=61&merchantId=108880
kozmetik:kozmetik-vitrini,664,664,,31.2,13.4,469836113,111134,469836113:111134,RESH LAB Unscented Cica Calming Daily Cream - Bariyer Onarıcı Nemlendirici Krem 50ml,RESH LAB,,689.9,,,InStock,Son 3 günde 250+ ürün satıldı!,3,250,83.3,4.5,,,,"[""Kargo Bedava"",""Son 10 Günün En Düşük Fiyatı""]",,listing_only,,https://www.trendyol.com/resh-lab/unscented-cica-calming-daily-cream-bariyer-onarici-nemlendirici-krem-50ml-p-469836113?boutiqueId=61&merchantId=111134
kozmetik:kozmetik-vitrini,319,319,-192,31.3,13.3,928299511,310522,928299511:310522,"Alix Avien Küçük Boy Çantalı Seyahat Makyaj Fırça Seti - 10 Çeşit Fırça Ucu, Aplikatör",Alix Avien,Alix Avien,949.9,,0,InStock,Son 3 günde 250+ ürün satıldı!,3,250,83.3,4.3,2475,0,287,"[""Kargo Bedava""]",21 saat 52 dakika içinde sipariş verirsen en geç yarın kargoda!,carried_forward,2,https://www.trendyol.com/alix-avien/kucuk-boy-cantali-seyahat-makyaj-firca-seti-10-cesit-firca-ucu-aplikator-p-928299511?boutiqueId=61&merchantId=310522
kozmetik:kozmetik-vitrini,328,328,-189,31.3,13.3,450534669,741333,450534669:741333,La Rachel Saç Dökülmesine Karşı Patentli Içeriğe Sahip Yeni Saç Oluşumunu Sağlayan Bilimsel Saç Serumu,La Rachel,La Rachel-Paris,549,,0,InStock,Son 3 günde 250+ ürün satıldı!,3,250,83.3,4.2,2432,0,1381,"[""Kargo Bedava""]",Tahmini Teslim:,carried_forward,5,https://www.trendyol.com/la-rachel/sac-dokulmesine-karsi-patentli-icerige-sahip-yeni-sac-olusumunu-saglayan-bilimsel-sac-serumu-p-450534669?boutiqueId=61&merchantId=741333
