rank_scope,rank_scope_position,bestseller_rank,rank_delta,trend_score,niche_score,product_id,merchant_id,offer_key,title,brand,seller_name,price,original_price,price_delta_percent,stock_status,sales_signal,sales_signal_days,sales_signal_min,sales_signal_daily_min,rating,review_count,review_delta,question_count,campaigns,delivery_summary,detail_status,detail_age_days,url
supermarket:birlesik-supermarket,12,12,3,188.2,69,641757800,679772,641757800:679772,"Erbatab Magnezyum 3 Lü Form (BİSGLİSİNAT, SİTRAT, MALAT) & Vitamin B2 , B3 , B6 - 60 Kapsül",Erbatab,erbatabstore,347.4,1158,0,InStock,Son 3 günde 2B+ ürün satıldı!,3,2000,666.7,4.6,10744,10,5657,"[""Sepette %70 İndirim"",""Kargo Bedava""]",3 saat 28 dakika içinde sipariş verirsen en geç bugün kargoda!,refreshed,0,https://www.trendyol.com/erbatab/magnezyum-3-lu-form-bisglisinat-sitrat-malat-vitamin-b2-b3-b6-60-kapsul-p-641757800?boutiqueId=61&merchantId=679772
supermarket:birlesik-supermarket,1,1,0,146.2,74.5,752356123,1013507,752356123:1013507,icollagen Kolajen Ve Prebiyotik Tablet,icollagen,FUAR BOX,350,,0,InStock,Son 3 günde 10B+ ürün satıldı!,3,10000,3333.3,4.2,,0,24374,"[""Kargo Bedava""]",28 dakika 32 saniye içinde sipariş verirsen en geç bugün kargoda!,refreshed,0,https://www.trendyol.com/icollagen/kolajen-ve-prebiyotik-tablet-p-752356123?boutiqueId=61&merchantId=1013507
supermarket:birlesik-supermarket,4,4,0,145,90,1187560650,179946,1187560650:179946,"Kiperin One | Tek Hidrolize Kolajen Peptitler | MSM, Biotin, Hyaluronik Asit, Selenyum, Vitamin D | 30Kapsül",Kiperin,Kiperin Türkiye,399,570,0,InStock,Son 3 günde 5B+ ürün satıldı!,3,5000,1666.7,4.5,41,6,35,"[""Sepette %30 İndirim"",""Kargo Bedava""]",Tahmini Teslim:,refreshed,0,https://www.trendyol.com/kiperin/one-tek-hidrolize-kolajen-peptitler-msm-biotin-hyaluronik-asit-selenyum-vitamin-d-30kapsul-p-1187560650?boutiqueId=61&merchantId=179946
supermarket:birlesik-supermarket,2,2,0,142.4,74,974364895,1024688,974364895:1024688,MOMORDİCA Coconut Mix - 250 ml,MOMORDİCA,Daily Organics,279,,32.3,InStock,Son 3 günde 10B+ ürün satıldı!,3,10000,3333.3,3.7,,-15349,7851,"[""225,97 TL Kupon"",""Kargo Bedava"",""Son 10 Günün En Düşük Fiyatı"",""Trendyol Plus'a Özel""]",1 saat 28 dakika içinde sipariş verirsen en geç bugün kargoda!,refreshed,0,https://www.trendyol.com/momordica/coconut-mix-250-ml-p-974364895?boutiqueId=61&merchantId=1024688
supermarket:birlesik-supermarket,8,8,-1,134.3,71,288620006,1303419,288620006:1303419,HARMANA Hindiba Kahvesi 1 Aylık - (60 Kullanım) Net 150gr,HARMANA,Botanica Sağlıklı Yaşam Ürünleri,363.95,367.63,0,InStock,Son 3 günde 5B+ ürün satıldı!,3,5000,1666.7,4.1,,0,27994,"[""Kargo Bedava"",""Son 10 Günün En Düşük Fiyatı"",""Son 10 günün en düşük fiyatı""]",Tahmini Teslim:,refreshed,0,https://www.trendyol.com/harmana/hindiba-kahvesi-1-aylik-60-kullanim-net-150gr-p-288620006?boutiqueId=61&merchantId=1303419
supermarket:birlesik-supermarket,3,3,0,133.7,73.8,806589462,1013507,806589462:1013507,icollagen İyi Uykular Kolajen Jelibonu - Kedi Otu & 5 Tip Kolajen,icollagen,FUAR BOX,350,,0,InStock,Son 3 günde 5B+ ürün satıldı!,3,5000,1666.7,4.2,5186,26,4122,"[""Kargo Bedava""]",28 dakika 32 saniye içinde sipariş verirsen en geç bugün kargoda!,refreshed,0,https://www.trendyol.com/icollagen/iyi-uykular-kolajen-jelibonu-kedi-otu-5-tip-kolajen-p-806589462?boutiqueId=61&merchantId=1013507
supermarket:birlesik-supermarket,6,6,4,132.7,77.3,940900057,707288,940900057:707288,"ORNATE Karınca Tüy Azaltıcı Beyazlatıcı, Koku Ve Ter Karşıtı Unisex Doğal Roll On - Aliminyum Içermez",ORNATE,Beauty Stock,268.97,298.9,0,InStock,Son 3 günde 5B+ ürün satıldı!,3,5000,1666.7,4.2,1214,19,83,"[""Son 10 Günün En Düşük Fiyatı"",""Kargo Bedava"",""Son 10 günün en düşük fiyatı""]",Tahmini Teslim:,refreshed,0,https://www.trendyol.com/ornate/karinca-tuy-azaltici-beyazlatici-koku-ve-ter-karsiti-unisex-dogal-roll-on-aliminyum-icermez-p-940900057?boutiqueId=61&merchantId=707288
supermarket:birlesik-supermarket,5,5,0,126.6,75.9,806591943,1013507,806591943:1013507,icollagen Gummies Jelibon Hidrolizat Kolajen & Prebiyotik,icollagen,FUAR BOX,350,,0,InStock,Son 3 günde 5B+ ürün satıldı!,3,5000,1666.7,4.1,2100,12,2468,"[""Kargo Bedava"",""Sepette %30 İndirim"",""570 TL Kupon"",""Trendyol Plus'a Özel""]",28 dakika 27 saniye içinde sipariş verirsen en geç bugün kargoda!,refreshed,0,https://www.trendyol.com/icollagen/gummies-jelibon-hidrolizat-kolajen-prebiyotik-p-806591943?boutiqueId=61&merchantId=1013507
supermarket:birlesik-supermarket,14,14,-1,124.5,72.7,1120997705,985455,1120997705:985455,Zühre Ana Kekre Termojenik Mix 250 Ml,Zühre Ana,,321.07,387.54,0,InStock,Son 3 günde 2B+ ürün satıldı!,3,2000,666.7,4,1460,10,,"[""Son 10 Günün En Düşük Fiyatı"",""Süper Fırsat Ürünü""]",,refreshed,0,https://www.trendyol.com/zuhre-ana/kekre-termojenik-mix-250-ml-p-1120997705?boutiqueId=61&merchantId=985455
supermarket:birlesik-supermarket,7,7,-1,121.3,76.2,900381109,1224693,900381109:1224693,"icollagen Kolajen, Isırgan Otu, Prebiyotik Şampuan - Dökülen Ve Geç Uzayan Yağlanma Karşıtı",icollagen,Doctamin iCollagen,450,,0,InStock,Son 3 günde 5B+ ürün satıldı!,3,5000,1666.7,4.4,1460,9,437,"[""Kargo Bedava""]",Tahmini Teslim:,refreshed,0,https://www.trendyol.com/icollagen/kolajen-isirgan-otu-prebiyotik-sampuan-dokulen-ve-gec-uzayan-yaglanma-karsiti-p-900381109?boutiqueId=61&merchantId=1224693
supermarket:birlesik-supermarket,11,11,-2,120.9,69.5,22730659,176892,22730659:176892,Nilem Sihirli Muhteşem Sıvı 1 L,Nilem,İpek Grup,249.9,,0,InStock,Son 3 günde 2B+ ürün satıldı!,3,2000,666.7,4.2,12944,16,,"[""Kargo Bedava""]",Tahmini Teslim:,refreshed,0,https://www.trendyol.com/nilem/sihirli-muhtesem-sivi-1-l-p-22730659?boutiqueId=61&merchantId=176892
supermarket:birlesik-supermarket,29,29,6,120.7,60.5,47323135,179946,47323135:179946,Kiperin %100 Saf Ve Doğal Yüksek Biyoaktif Çift Hidrolize Kolajen Peptitler içeren Diyet Takviyesi(50günlük),Kiperin,Kiperin Türkiye,1499,2141.43,0,InStock,Son 3 günde 2B+ ürün satıldı!,3,2000,666.7,4.5,,0,27403,"[""Sepette %30 İndirim"",""Kargo Bedava""]",2 saat 27 dakika içinde sipariş verirsen en geç bugün kargoda!,refreshed,0,https://www.trendyol.com/kiperin/100-saf-ve-dogal-yuksek-biyoaktif-cift-hidrolize-kolajen-peptitler-iceren-diyet-takviyesi-50gunluk-p-47323135?boutiqueId=61&merchantId=179946
supermarket:birlesik-supermarket,13,13,1,117.3,68.5,474728905,707288,474728905:707288,ORNATE Karınca Yumurtası Yağlı Tüy Azaltıcı Ve Tüy Serum 30ml %0.5 Formic Acid %10 Aloe Vera,ORNATE,,389.99,,57.9,InStock,Son 3 günde 2B+ ürün satıldı!,3,2000,666.7,4.3,14476,5,,"[""Kargo Bedava""]",,refreshed,0,https://www.trendyol.com/ornate/karinca-yumurtasi-yagli-tuy-azaltici-ve-tuy-serum-30ml-0-5-formic-acid-10-aloe-vera-p-474728905?boutiqueId=61&merchantId=707288
supermarket:birlesik-supermarket,10,10,2,116.9,73.1,855630147,337532,855630147:337532,Biobaby Ultra Hassas Saç ve Vücut Bebek Şampuanı 500 ml - 3 Al 2 Öde – Organik Elma Suyu ve Prebiyotik,Biobaby,Pharmasya Kozmetik ve Sağlık,626,,-0.7,InStock,Son 3 günde 2B+ ürün satıldı!,3,2000,666.7,4.4,2326,12,,"[""Kargo Bedava""]",3 saat 28 dakika içinde sipariş verirsen en geç bugün kargoda!,refreshed,0,https://www.trendyol.com/biobaby/ultra-hassas-sac-ve-vucut-bebek-sampuani-500-ml-3-al-2-ode-organik-elma-suyu-ve-prebiyotik-p-855630147?boutiqueId=61&merchantId=337532
supermarket:birlesik-supermarket,17,17,0,115.3,66.5,750099572,1024688,750099572:1024688,MOMORDİCA DetoxMix - 250 ml,MOMORDİCA,Daily Organics,216.88,219.07,0,InStock,Son 3 günde 2B+ ürün satıldı!,3,2000,666.7,4.3,,0,18079,"[""Son 10 Günün En Düşük Fiyatı"",""Kargo Bedava"",""Son 10 günün en düşük fiyatı""]",1 saat 28 dakika içinde sipariş verirsen en geç bugün kargoda!,refreshed,0,https://www.trendyol.com/momordica/detoxmix-250-ml-p-750099572?boutiqueId=61&merchantId=1024688
supermarket:birlesik-supermarket,9,9,-1,112.4,80.1,1174485891,1024688,1174485891:1024688,MOMORDİCA Karnıyarık Otu Mix - 250ml,MOMORDİCA,Daily Organics,499,,78.9,InStock,Son 3 günde 2B+ ürün satıldı!,3,2000,666.7,4.2,354,8,223,"[""Kargo Bedava"",""492,48 TL Kupon"",""Son 10 Günün En Düşük Fiyatı"",""Trendyol Plus'a Özel""]",1 saat 28 dakika içinde sipariş verirsen en geç bugün kargoda!,refreshed,0,https://www.trendyol.com/momordica/karniyarik-otu-mix-250ml-p-1174485891?boutiqueId=61&merchantId=1024688
supermarket:birlesik-supermarket,18,18,1,110.7,66,98844337,1125806,98844337:1125806,EPİFY Epify Tüy Dökücü Krem,EPİFY,Epify,549,,0,InStock,Son 3 günde 2B+ ürün satıldı!,3,2000,666.7,3.6,,0,10788,"[""Kargo Bedava"",""125 TL Kupon"",""27 TL Kupon"",""Son 10 Günün En Düşük Fiyatı"",""Trendyol Plus'a Özel""]",Tahmini Teslim:,refreshed,0,https://www.trendyol.com/epify/epify-tuy-dokucu-krem-p-98844337?boutiqueId=61&merchantId=1125806
supermarket:birlesik-supermarket,19,19,1,108.5,65.5,450797981,337532,450797981:337532,Nutraxin Magnezyum Complex 60 Tablet 125 Mg - Bisiglinat - Taurat - Malat - Sitrat - B6,Nutraxin,Pharmasya Kozmetik ve Sağlık,434.5,,0,InStock,Son 3 günde 2B+ ürün satıldı!,3,2000,666.7,4.6,,0,8747,"[""Kargo Bedava""]",3 saat 28 dakika içinde sipariş verirsen en geç bugün kargoda!,refreshed,0,https://www.trendyol.com/nutraxin/magnezyum-complex-60-tablet-125-mg-bisiglinat-taurat-malat-sitrat-b6-p-450797981?boutiqueId=61&merchantId=337532
supermarket:birlesik-supermarket,20,20,-2,107.3,65,266254989,834076,266254989:834076,Bilge İlaç Matcha Premium Japanese Premium Japanese Çilek Aromalı Detox Burner Form Maça Çayı 1 Kutu,Bilge İlaç Matcha Premium Japanese,Orient,181.46,,0,InStock,Son 3 günde 2B+ ürün satıldı!,3,2000,666.7,4.2,,0,21731,"[""Kargo Bedava""]",Tahmini Teslim:,refreshed,0,https://www.trendyol.com/bilge-ilac-matcha-premium-japanese/premium-japanese-cilek-aromali-detox-burner-form-maca-cayi-1-kutu-p-266254989?boutiqueId=61&merchantId=834076
supermarket:birlesik-supermarket,16,16,0,104.4,70.6,1130262186,126383,1130262186:126383,Swedent Gurme Serisi Sütlü Çikolata Sos Kremsi Dokusu ile Zengin ve Akışkan Kıvam,Swedent,KOREACO,269,,0,InStock,Son 3 günde 2B+ ürün satıldı!,3,2000,666.7,4,1968,24,313,"[""49 TL Kupon"",""249,99 TL Kupon"",""309 TL Kupon"",""Kargo Bedava"",""Son 10 Günün En Düşük Fiyatı"",""Trendyol Plus'a Özel""]",28 dakika 8 saniye içinde sipariş verirsen en geç bugün kargoda!,refreshed,0,https://www.trendyol.com/swedent/gurme-serisi-sutlu-cikolata-sos-kremsi-dokusu-ile-zengin-ve-akiskan-kivam-p-1130262186?boutiqueId=61&merchantId=126383
supermarket:birlesik-supermarket,28,28,6,102.5,61,864929980,779995,864929980:779995,Herbamina Inülin Ve Bromelain Coffee - 90gr,Herbamina,DERMAVISE CLEAN,529,599,0,InStock,Son 3 günde 2B+ ürün satıldı!,3,2000,666.7,3.6,,0,14636,"[""Kargo Bedava"",""Son 10 Günün En Düşük Fiyatı"",""Son 10 günün en düşük fiyatı""]",Tahmini Teslim:,refreshed,0,https://www.trendyol.com/herbamina/inulin-ve-bromelain-coffee-90gr-p-864929980?boutiqueId=61&merchantId=779995
supermarket:birlesik-supermarket,25,25,-3,93.9,62.5,47890151,145833,47890151:145833,MissClean ( 3 Adet ) Mikrofiber Mutfak Temizlik Bezi 40*40 Cm Leke Tutmaz Koku Yapmaz,MissClean,MissClean,199.9,,0,InStock,Son 3 günde 2B+ ürün satıldı!,3,2000,666.7,4.7,17464,-4,1659,"[""Kargo Bedava""]",Tahmini Teslim:,refreshed,0,https://www.trendyol.com/missclean/3-adet-mikrofiber-mutfak-temizlik-bezi-40-40-cm-leke-tutmaz-koku-yapmaz-p-47890151?boutiqueId=61&merchantId=145833
supermarket:birlesik-supermarket,21,21,9,93.8,68.7,1130262199,126383,1130262199:126383,Swedent Gurme Serisi Ruby Çilek Aromalı Sos Gerçek Meyve Lezzetiyle Canlı ve Akışkan Kıvam,Swedent,KOREACO,269,,0,InStock,Son 3 günde 2B+ ürün satıldı!,3,2000,666.7,4.1,1664,22,165,"[""Kargo Bedava"",""Trendyol Plus'a Özel""]",28 dakika 2 saniye içinde sipariş verirsen en geç bugün kargoda!,refreshed,0,https://www.trendyol.com/swedent/gurme-serisi-ruby-cilek-aromali-sos-gercek-meyve-lezzetiyle-canli-ve-akiskan-kivam-p-1130262199?boutiqueId=61&merchantId=126383
supermarket:birlesik-supermarket,22,22,4,91.3,68.7,1130262843,126383,1130262843:126383,Swedent Gurme Serisi Beyaz Çikolata Sos İpeksi Dokusu ile Dengeli ve Akışkan Kıvam,Swedent,KOREACO,269,,0,InStock,Son 3 günde 2B+ ürün satıldı!,3,2000,666.7,4.2,1462,10,178,"[""Kargo Bedava"",""Trendyol Plus'a Özel""]",27 dakika 57 saniye içinde sipariş verirsen en geç bugün kargoda!,refreshed,0,https://www.trendyol.com/swedent/gurme-serisi-beyaz-cikolata-sos-ipeksi-dokusu-ile-dengeli-ve-akiskan-kivam-p-1130262843?boutiqueId=61&merchantId=126383
supermarket:birlesik-supermarket,26,26,3,90.7,62,815352182,1024688,815352182:1024688,MOMORDİCA Bromelain Mix - (KOENZİM Q10 VE L-KARNİTİN ILAVELİ),MOMORDİCA,Daily Organics,245.58,248.06,0,InStock,Son 3 günde 2B+ ürün satıldı!,3,2000,666.7,4.2,9225,5,3491,"[""Son 10 Günün En Düşük Fiyatı"",""Kargo Bedava"",""Son 10 günün en düşük fiyatı""]",1 saat 27 dakika içinde sipariş verirsen en geç bugün kargoda!,refreshed,0,https://www.trendyol.com/momordica/bromelain-mix-koenzim-q10-ve-l-karnitin-ilaveli-p-815352182?boutiqueId=61&merchantId=1024688
supermarket:birlesik-supermarket,23,23,0,90.2,67.3,104212017,612931,104212017:612931,VOOP Multivitamin Multimineral Portakal Aromalı Şurup 150 ml | 11 Vitamin & 5 Mineral,VOOP,Mor Gezegen,455.9,,37.2,InStock,Son 3 günde 2B+ ürün satıldı!,3,2000,666.7,4.7,1906,5,1706,"[""30 TL Kupon"",""Kargo Bedava""]",Tahmini Teslim:,refreshed,0,https://www.trendyol.com/voop/multivitamin-multimineral-portakal-aromali-surup-150-ml-11-vitamin-5-mineral-p-104212017?boutiqueId=61&merchantId=612931
supermarket:birlesik-supermarket,174,174,-11,89,20.8,198702202,451570,198702202:451570,HAVRAN KOCASEYİT Karadut Özü 1400 g,HAVRAN KOCASEYİT,HAVRAN KOCASEYİT,398,798,3,InStock,Son 3 günde 500+ ürün satıldı!,3,500,166.7,4.7,6628,-120,1600,"[""Kargo Bedava"",""Son 10 Günün En Düşük Fiyatı"",""Süper Fırsat Ürünü"",""Son 10 günün en düşük fiyatı""]",1 saat 23 dakika içinde sipariş verirsen en geç bugün kargoda!,refreshed,0,https://www.trendyol.com/havran-kocaseyit/karadut-ozu-1400-g-p-198702202?boutiqueId=61&merchantId=451570
supermarket:birlesik-supermarket,35,35,2,87.9,64.6,1140371126,179946,1140371126:179946,"Kiperin Çift Hidrolize Multi Kolajen Kapsül | ATP, Hyaluronik Asit, D3, Biotin, Selenyum, Çinko ve Vitamin C",Kiperin,Kiperin Türkiye,629,898.57,0,InStock,"Son 3 günde 1,5B+ ürün satıldı!",3,1500,500,4.6,730,6,171,"[""Sepette %30 İndirim"",""Kargo Bedava""]",Tahmini Teslim:,refreshed,0,https://www.trendyol.com/kiperin/cift-hidrolize-multi-kolajen-kapsul-atp-hyaluronik-asit-d3-biotin-selenyum-cinko-ve-vitamin-c-p-1140371126?boutiqueId=61&merchantId=179946
supermarket:birlesik-supermarket,24,24,1,87.2,67.8,989033110,985455,989033110:985455,Evonox Clean Oxi Force Toz Leke Çıkarıcı 750 gr,Evonox,İndirimshop,447.78,,23.8,InStock,Son 3 günde 2B+ ürün satıldı!,3,2000,666.7,4.3,1415,3,316,"[""50 TL Kupon"",""Kargo Bedava""]",Tahmini Teslim:,refreshed,0,https://www.trendyol.com/evonox/clean-oxi-force-toz-leke-cikarici-750-gr-p-989033110?boutiqueId=61&merchantId=985455
supermarket:birlesik-supermarket,73,73,2,86.4,44.3,854062532,1010350,854062532:1010350,COZLEY Kötü Koku Önleyici Silikon Mat Banyo Mutfak Lavabo Balkon Gider Tıpası Kapağı Böcek Önleyici GRİ,COZLEY,COZLEY,74.99,129.99,0,InStock,Son 3 günde 1B+ ürün satıldı!,3,1000,333.3,4.7,2663,3,305,"[""Süper Fırsat Ürünü"",""Kargo Bedava""]",Tahmini Teslim:,refreshed,0,https://www.trendyol.com/cozley/kotu-koku-onleyici-silikon-mat-banyo-mutfak-lavabo-balkon-gider-tipasi-kapagi-bocek-onleyici-gri-p-854062532?boutiqueId=61&merchantId=1010350
supermarket:birlesik-supermarket,67,67,-4,81.9,44.3,104860210,612931,104860210:612931,VOOP Çocuklar için Balık Yağı Omega 3 Portakal Aromalı Şurup | Yüksek EPA & DHA Kaynağı - 150 ml,VOOP,Mor Gezegen,439.27,705.9,0,InStock,Son 3 günde 1B+ ürün satıldı!,3,1000,333.3,4.7,2649,4,1208,"[""Kargo Bedava"",""Son 10 Günün En Düşük Fiyatı"",""Süper Fırsat Ürünü"",""Son 10 günün en düşük fiyatı""]",Tahmini Teslim:,refreshed,0,https://www.trendyol.com/voop/cocuklar-icin-balik-yagi-omega-3-portakal-aromali-surup-yuksek-epa-dha-kaynagi-150-ml-p-104860210?boutiqueId=61&merchantId=612931
supermarket:birlesik-supermarket,15,15,-4,80,,796088323,985455,796088323:985455,Zühre Ana Bromelain Ananas İçeren Detox Şurubu,Zühre Ana,,369.9,,0,InStock,Son 3 günde 2B+ ürün satıldı!,3,2000,666.7,,,0,,"[""Kargo Bedava""]",,refreshed,0,https://www.trendyol.com/zuhre-ana/bromelain-ananas-iceren-detox-surubu-p-796088323?boutiqueId=61&merchantId=985455
supermarket:birlesik-supermarket,123,123,-37,78.7,40.4,1190343251,856334,1190343251:856334,ÖZDEN ÖZDOĞAN Kadın Beyazlatıcı Etkili Ter Önleyici Roll-On Antiperspirant 50ml,ÖZDEN ÖZDOĞAN,ÖZDEN ÖZDOĞAN,240,599.99,0,InStock,Son 3 günde 500+ ürün satıldı!,3,500,166.7,4.6,,0,12,"[""Sepette %60 İndirim"",""299,90 TL Kupon"",""Kargo Bedava"",""Son 10 Günün En Düşük Fiyatı"",""Trendyol Plus'a Özel""]",Tahmini Teslim:,refreshed,0,https://www.trendyol.com/ozden-ozdogan/kadin-beyazlatici-etkili-ter-onleyici-roll-on-antiperspirant-50ml-p-1190343251?boutiqueId=61&merchantId=856334
supermarket:birlesik-supermarket,34,34,-6,77.7,58,795882353,1259078,795882353:1259078,STOP Forte Leke Çıkarıcı 750 ML,STOP Forte,MARKA FABRİKASI,179,,0,InStock,"Son 3 günde 1,5B+ ürün satıldı!",3,1500,500,4,,0,5430,"[""Kargo Bedava"",""Son 10 Günün En Düşük Fiyatı"",""Trendyol Plus'a Özel""]",Tahmini Teslim:,refreshed,0,https://www.trendyol.com/stop-forte/leke-cikarici-750-ml-p-795882353?boutiqueId=61&merchantId=1259078
supermarket:birlesik-supermarket,146,146,20,77.1,28.4,1045462809,1184264,1045462809:1184264,ozzen GRİ Kötü Koku Böcek Önleyici Silikon Mat Banyo Mutfak Lavabo Balkon Gider Tıpası Kapağı,ozzen,ozzen,74.99,139.99,0,InStock,Son 3 günde 500+ ürün satıldı!,3,500,166.7,4.7,630,1,96,"[""Kargo Bedava""]",4 saat 24 dakika içinde sipariş verirsen en geç bugün kargoda!,refreshed,0,https://www.trendyol.com/ozzen/gri-kotu-koku-bocek-onleyici-silikon-mat-banyo-mutfak-lavabo-balkon-gider-tipasi-kapagi-p-1045462809?boutiqueId=61&merchantId=1184264
supermarket:birlesik-supermarket,27,27,-3,76.9,70.6,1039098286,1028724,1039098286:1028724,Master Lashes 100/180 Çift Taraflı Kağıt Törpü Profesyonel Törpü Kalıcı Oje Protez Tırnak (1 Adet),Master Lashes,Doğanlı Kozmetik,15.8,,0,InStock,Son 3 günde 2B+ ürün satıldı!,3,2000,666.7,4.6,413,4,42,"[""Kargo Bedava"",""Trendyol Plus'a Özel""]",4 saat 27 dakika içinde sipariş verirsen en geç bugün kargoda!,refreshed,0,https://www.trendyol.com/master-lashes/100-180-cift-tarafli-kagit-torpu-profesyonel-torpu-kalici-oje-protez-tirnak-1-adet-p-1039098286?boutiqueId=61&merchantId=1028724
supermarket:birlesik-supermarket,30,30,3,75.4,65.6,895903005,256324,895903005:256324,Genel Markalar 100 Adet Pratik Tazeliği Koruyan Tencere ve Tabak Bonesi Çok Amaçlı Kapak Gıda Bonesi,Genel Markalar,MorzaPazari,35.64,36,-1.4,InStock,Son 3 günde 2B+ ürün satıldı!,3,2000,666.7,4.2,1121,2,160,"[""Sepette %1 İndirim"",""15 TL Kupon"",""Kargo Bedava""]",Tahmini Teslim:,refreshed,0,https://www.trendyol.com/genel-markalar/100-adet-pratik-tazeligi-koruyan-tencere-ve-tabak-bonesi-cok-amacli-kapak-gida-bonesi-p-895903005?boutiqueId=61&merchantId=256324
supermarket:birlesik-supermarket,102,102,-7,74,20.8,47932852,130268,47932852:130268,Mayi Tuz İyotlu İnce Öğütülmüş Doğal Kaynak Tuzu 2000 gr,Mayi Tuz,MAYİ TUZ,377,580,0,InStock,Son 3 günde 500+ ürün satıldı!,3,500,166.7,4.8,6881,-4,955,"[""Sepette %35 İndirim"",""Kargo Bedava"",""Süper Fırsat Ürünü"",""60 TL Kupon"",""1.090 TL Kupon"",""995 TL Kupon"",""275 TL Kupon"",""195 TL Kupon"",""1.060 TL Kupon"",""Trendyol Plus'a Özel""]",Tahmini Teslim:,refreshed,0,https://www.trendyol.com/mayi-tuz/iyotlu-ince-ogutulmus-dogal-kaynak-tuzu-2000-gr-p-47932852?boutiqueId=61&merchantId=130268
supermarket:birlesik-supermarket,31,31,0,72.5,60,787006879,155056,787006879:155056,Oral White Paslanmaz Çelik Dil Temizleyici ve Dil Sıyırıcı 2 Parça,Oral White,Oral White TR,169.99,,0,InStock,"Son 3 günde 1,5B+ ürün satıldı!",3,1500,500,4.7,4809,4,364,"[""Kargo Bedava""]",3 saat 27 dakika içinde sipariş verirsen en geç bugün kargoda!,refreshed,0,https://www.trendyol.com/oral-white/paslanmaz-celik-dil-temizleyici-ve-dil-siyirici-2-parca-p-787006879?boutiqueId=61&merchantId=155056
supermarket:birlesik-supermarket,64,64,18,72.4,41.7,645690728,812252,645690728:812252,"Collagen Forte Platinum Omega-3 Balık Yağı 90 X 1000mg Softgel, Hidrolize Kolajen & C Vitamini",Collagen Forte Platinum,Collagen Forte,449.25,599,18.4,InStock,Son 3 günde 1B+ ürün satıldı!,3,1000,333.3,4.5,7014,-5,8343,"[""Sepette %25 İndirim"",""Kargo Bedava"",""Sepette %1 İndirim"",""30 TL Kupon"",""Trendyol Plus'a Özel""]",Tahmini Teslim:,refreshed,0,https://www.trendyol.com/collagen-forte-platinum/omega-3-balik-yagi-90-x-1000mg-softgel-hidrolize-kolajen-c-vitamini-p-645690728?boutiqueId=61&merchantId=812252
supermarket:birlesik-supermarket,39,39,16,72,55.8,649028574,721602,649028574:721602,My Rabbit! Çamaşır Ve Yüzey Için Çok Amaçlı Oksijenli Toz Leke Çıkarıcı ve beyazlatıcı 2'li Paket 2 X 800 gr,My Rabbit!,Labim,630,744,0,InStock,"Son 3 günde 1,5B+ ürün satıldı!",3,1500,500,4.5,5144,2,1369,"[""Kargo Bedava"",""Son 10 Günün En Düşük Fiyatı"",""50 TL Kupon"",""Son 10 günün en düşük fiyatı""]",Tahmini Teslim:,refreshed,0,https://www.trendyol.com/my-rabbit/camasir-ve-yuzey-icin-cok-amacli-oksijenli-toz-leke-cikarici-ve-beyazlatici-2-li-paket-2-x-800-gr-p-649028574?boutiqueId=61&merchantId=721602
supermarket:birlesik-supermarket,36,36,10,70.7,57,848195880,1084029,848195880:1084029,AHİ SULTAN Form Kahvesi 8 Farklı Kahve Ve Spirulina Içerikli 100 G,AHİ SULTAN,Eczamed,328.57,331.89,0,InStock,"Son 3 günde 1,5B+ ürün satıldı!",3,1500,500,4,,0,19971,"[""Son 10 Günün En Düşük Fiyatı"",""Kargo Bedava"",""Son 10 günün en düşük fiyatı"",""Trendyol Plus'a Özel""]",Tahmini Teslim:,refreshed,0,https://www.trendyol.com/ahi-sultan/form-kahvesi-8-farkli-kahve-ve-spirulina-icerikli-100-g-p-848195880?boutiqueId=61&merchantId=1084029
supermarket:birlesik-supermarket,32,32,-5,70.5,59.5,814204510,380979,814204510:380979,AYGÖREN HOME 100 Adet Pratik Tazeliği Koruyan Tencere ve Tabak Bonesi | Çok Amaçlı Kapak Gıda Bonesi,AYGÖREN HOME,Mutlu Pastacılık ve Malzemeleri,49.62,,0,InStock,"Son 3 günde 1,5B+ ürün satıldı!",3,1500,500,4.3,4875,5,161,"[""Kargo Bedava""]",Tahmini Teslim:,refreshed,0,https://www.trendyol.com/aygoren-home/100-adet-pratik-tazeligi-koruyan-tencere-ve-tabak-bonesi-cok-amacli-kapak-gida-bonesi-p-814204510?boutiqueId=61&merchantId=380979
supermarket:birlesik-supermarket,152,152,21,69.6,20.8,853388880,179946,853388880:179946,Kiperin %100 Saf ve Doğal Mor & Çoklu Kolajen Peptitleri içeren Lipozomal Teknoloji Diyet Takviyesi (576gr),Kiperin,Kiperin Türkiye,1999,2855.71,0,InStock,Son 3 günde 500+ ürün satıldı!,3,500,166.7,4.5,8203,2,5583,"[""Sepette %30 İndirim"",""Kargo Bedava""]",2 saat 24 dakika içinde sipariş verirsen en geç bugün kargoda!,refreshed,0,https://www.trendyol.com/kiperin/100-saf-ve-dogal-mor-coklu-kolajen-peptitleri-iceren-lipozomal-teknoloji-diyet-takviyesi-576gr-p-853388880?boutiqueId=61&merchantId=179946
supermarket:birlesik-supermarket,33,33,-1,69.5,58.5,861549746,106852,861549746:106852,Siveno %100 Doğal Bebek Çamaşır Sabunu Kendinden Yumuşatıcılı Bitkisel Deterjan 1000 ml X2 Adet,Siveno,Siveno,479.9,,0,InStock,"Son 3 günde 1,5B+ ürün satıldı!",3,1500,500,4.6,6517,2,908,"[""Kargo Bedava""]",Tahmini Teslim:,refreshed,0,https://www.trendyol.com/siveno/100-dogal-bebek-camasir-sabunu-kendinden-yumusaticili-bitkisel-deterjan-1000-ml-x2-adet-p-861549746?boutiqueId=61&merchantId=106852
supermarket:birlesik-supermarket,93,93,7,69.1,25,1094195693,441519,1094195693:441519,Activegen Caralluma Ekstraktlı Bitki İçeren Detox Tozu (1 Aylık),Activegen,FUA GLOBAL,493.35,759,0,InStock,Son 3 günde 500+ ürün satıldı!,3,500,166.7,3.9,1679,3,1498,"[""Sepette %35 İndirim"",""Kargo Bedava""]",26 dakika içinde sipariş verirsen en geç bugün kargoda!,refreshed,0,https://www.trendyol.com/activegen/caralluma-ekstraktli-bitki-iceren-detox-tozu-1-aylik-p-1094195693?boutiqueId=61&merchantId=441519
supermarket:birlesik-supermarket,147,147,,68.6,53.8,931259558,461235,931259558:461235,BioEra Aktif Oksijenli Güçlü Etkili Beyazlatıcı Toz Çamaşır Sodası Leke ve Grileşme Karşıtı 750g,BioEra,VERA Co,272.31,413,,InStock,Son 3 günde 1B+ ürün satıldı!,3,1000,333.3,4.7,170,,34,"[""Son 10 Günün En Düşük Fiyatı"",""Süper Fırsat Ürünü"",""Kargo Bedava"",""Son 10 günün en düşük fiyatı""]",Tahmini Teslim:,refreshed,0,https://www.trendyol.com/bioera/aktif-oksijenli-guclu-etkili-beyazlatici-toz-camasir-sodasi-leke-ve-grilesme-karsiti-750g-p-931259558?boutiqueId=61&merchantId=461235
supermarket:birlesik-supermarket,38,38,-17,67.3,56,447811888,721602,447811888:721602,My Rabbit! Çamaşır Ve Yüzey Için Çok Amaçlı Oksijenli Toz Leke Çıkarıcı ve beyazlatıcı 800 gr,My Rabbit!,Labim,415,452,0,InStock,"Son 3 günde 1,5B+ ürün satıldı!",3,1500,500,4.4,5771,6,3306,"[""Kargo Bedava"",""Son 10 Günün En Düşük Fiyatı"",""50 TL Kupon"",""Son 10 günün en düşük fiyatı""]",Tahmini Teslim:,refreshed,0,https://www.trendyol.com/my-rabbit/camasir-ve-yuzey-icin-cok-amacli-oksijenli-toz-leke-cikarici-ve-beyazlatici-800-gr-p-447811888?boutiqueId=61&merchantId=721602
supermarket:birlesik-supermarket,96,96,8,66.1,23,888377277,179946,888377277:179946,"Kiperin 5x Çoklu Magnezyum (Taurat, Bisglisinat, Malat, Sitrat, L-Treonat) 60 Kapsül | Akıllı Gıda Takviyesi",Kiperin,Kiperin Türkiye,549,784.29,0,InStock,Son 3 günde 500+ ürün satıldı!,3,500,166.7,4.6,2985,4,1476,"[""Sepette %30 İndirim"",""Kargo Bedava""]",2 saat 25 dakika içinde sipariş verirsen en geç bugün kargoda!,refreshed,0,https://www.trendyol.com/kiperin/5x-coklu-magnezyum-taurat-bisglisinat-malat-sitrat-l-treonat-60-kapsul-akilli-gida-takviyesi-p-888377277?boutiqueId=61&merchantId=179946
supermarket:birlesik-supermarket,155,155,-33,64.1,20.8,103702,1168206,103702:1168206,Gillette Venus Venüs Comfortglide Breeze Kadın Tıraş Bıçağı 2 Yedek Başlık,Gillette Venus,P&G Türkiye,459.64,612.86,15.2,InStock,Son 3 günde 500+ ürün satıldı!,3,500,166.7,4.5,7001,-22,2010,"[""Sepette %25 İndirim"",""Kargo Bedava"",""Sepette %7 İndirim"",""Son 10 Günün En Düşük Fiyatı"",""Trendyol Plus'a Özel""]",Tahmini Teslim:,refreshed,0,https://www.trendyol.com/gillette-venus/venus-comfortglide-breeze-kadin-tiras-bicagi-2-yedek-baslik-p-103702?boutiqueId=61&merchantId=1168206
supermarket:birlesik-supermarket,68,68,-15,57.3,41.7,712245449,985455,712245449:985455,Zühre Ana Karadut Özü 670 Gr,Zühre Ana,İndirimshop,366,,0,InStock,Son 3 günde 1B+ ürün satıldı!,3,1000,333.3,4.4,,0,11586,"[""Kargo Bedava""]",Tahmini Teslim:,refreshed,0,https://www.trendyol.com/zuhre-ana/karadut-ozu-670-gr-p-712245449?boutiqueId=61&merchantId=985455
supermarket:birlesik-supermarket,45,45,5,57.1,52.5,457192059,107493,457192059:107493,Proline Proline Aktif Karbonlu Topaklanan Kedi Kumu 10 Lt X 2 Adet,Proline,Kuzey Pazarlama,493.44,,0.1,InStock,"Son 3 günde 1,5B+ ürün satıldı!",3,1500,500,4.2,10358,-6,732,"[""Kargo Bedava""]",3 saat 27 dakika içinde sipariş verirsen en geç bugün kargoda!,refreshed,0,https://www.trendyol.com/proline/proline-aktif-karbonlu-topaklanan-kedi-kumu-10-lt-x-2-adet-p-457192059?boutiqueId=61&merchantId=107493
supermarket:birlesik-supermarket,189,189,-39,57.1,33.7,1179507562,224434,1179507562:224434,TGC Hair Care Cosmetic TGC Eşek Sütlü Ballı Kabak Lifli Peeling Sabunu 120 gr,TGC Hair Care Cosmetic,TGC Hair Care & Cosmetic,225,329,0,InStock,Son 3 günde 500+ ürün satıldı!,3,500,166.7,4.8,137,8,44,"[""Son 10 Günün En Düşük Fiyatı"",""Sepette %11 İndirim"",""359 TL Kupon"",""15 TL Kupon"",""Kargo Bedava"",""Son 10 günün en düşük fiyatı"",""Trendyol Plus'a Özel""]",Tahmini Teslim:,refreshed,0,https://www.trendyol.com/tgc-hair-care-cosmetic/tgc-esek-sutlu-balli-kabak-lifli-peeling-sabunu-120-gr-p-1179507562?boutiqueId=61&merchantId=224434
supermarket:birlesik-supermarket,53,53,11,56.3,41.7,127167800,775990,127167800:775990,"Pella İthal 3'lü Mikrofiber Temizlik Bezi, Cam, Araba, Mutfak, Fiber Bez (40 X 60 CM)",Pella,PELLA FABRİKA SATIŞ,183.82,197.9,0,InStock,Son 3 günde 1B+ ürün satıldı!,3,1000,333.3,4.5,11616,-17,,"[""Son 10 Günün En Düşük Fiyatı""]",3 saat 27 dakika içinde sipariş verirsen en geç bugün kargoda!,refreshed,0,https://www.trendyol.com/pella/ithal-3-lu-mikrofiber-temizlik-bezi-cam-araba-mutfak-fiber-bez-40-x-60-cm-p-127167800?boutiqueId=61&merchantId=775990
supermarket:birlesik-supermarket,137,137,39,55.5,21.8,217859278,145833,217859278:145833,MissClean ( 3 Adet ) Cam Ve Ayna Bezi Mikrofiber Genel Temizlik Bezi Çok Renkli 40*40 Cm,MissClean,MissClean,128.56,156.92,0,InStock,Son 3 günde 500+ ürün satıldı!,3,500,166.7,4.5,4300,1,437,"[""Son 10 Günün En Düşük Fiyatı"",""Süper Fırsat Ürünü"",""Kargo Bedava"",""Son 10 günün en düşük fiyatı""]",Tahmini Teslim:,refreshed,0,https://www.trendyol.com/missclean/3-adet-cam-ve-ayna-bezi-mikrofiber-genel-temizlik-bezi-cok-renkli-40-40-cm-p-217859278?boutiqueId=61&merchantId=145833
supermarket:birlesik-supermarket,92,92,-7,54.9,29.2,1073360532,1168206,1073360532:1168206,Pantene Molecular Bond Repair Yıpranmış Saçlar İçin Bağ Onarıcı Durulanmayan Saç Bakım Kremi 90 ml,Pantene,P&G Türkiye,266.78,355.71,0,InStock,Son 3 günde 500+ ürün satıldı!,3,500,166.7,4.6,499,8,138,"[""Sepette %25 İndirim"",""Kargo Bedava""]",Tahmini Teslim:,refreshed,0,https://www.trendyol.com/pantene/molecular-bond-repair-yipranmis-saclar-icin-bag-onarici-durulanmayan-sac-bakim-kremi-90-ml-p-1073360532?boutiqueId=61&merchantId=1168206
supermarket:birlesik-supermarket,74,74,2,52.8,41.7,760559900,762077,760559900:762077,MRS.UMRANTOO Karahindiba Kahve 30 Saşe,MRS.UMRANTOO,MRS. ÜMRANTOO,249.99,,-35.9,InStock,Son 3 günde 1B+ ürün satıldı!,3,1000,333.3,4.1,,-21139,10349,"[""Kargo Bedava""]",Tahmini Teslim:,refreshed,0,https://www.trendyol.com/mrs-umrantoo/karahindiba-kahve-30-sase-p-760559900?boutiqueId=61&merchantId=762077
supermarket:birlesik-supermarket,47,47,13,52.5,54,1141173503,264786,1141173503:264786,Herbamina Mix Bitkisel Karışım,Herbamina,GEZEGENX,650,,14.2,InStock,"Son 3 günde 1,5B+ ürün satıldı!",3,1500,500,3.7,2761,1,1176,"[""6 TL Kupon"",""Kargo Bedava""]",Tahmini Teslim:,refreshed,0,https://www.trendyol.com/herbamina/mix-bitkisel-karisim-p-1141173503?boutiqueId=61&merchantId=264786
supermarket:birlesik-supermarket,85,85,8,52.1,41.7,5776400,655364,5776400:655364,"Bingo ""büyük Ekonomi Paketi ; 9 Kg Toz Çamaşır Deterjanı Sık Yıkananlar Çamaşır Yumuşatıcısı 5 L Lovely",Bingo,LAMİATOPTAN,969.03,999,,InStock,Son 3 günde 1B+ ürün satıldı!,3,1000,333.3,4.4,11212,4,742,"[""9 TL Kupon"",""Kargo Bedava""]",3 saat 26 dakika içinde sipariş verirsen en geç bugün kargoda!,refreshed,0,https://www.trendyol.com/bingo/buyuk-ekonomi-paketi-9-kg-toz-camasir-deterjani-sik-yikananlar-camasir-yumusaticisi-5-l-lovely-p-5776400?boutiqueId=61&merchantId=655364
supermarket:birlesik-supermarket,166,166,-97,52,27.3,50114088,285256,50114088:285256,The Touch By Seda Altın Detox Tea,The Touch By Seda Altın,The Touch by Seda Altın,199,249,0.6,InStock,Son 3 günde 500+ ürün satıldı!,3,500,166.7,4.5,887,1,294,"[""Son 10 Günün En Düşük Fiyatı"",""Süper Fırsat Ürünü"",""Kargo Bedava"",""Son 10 günün en düşük fiyatı""]",Tahmini Teslim:,refreshed,0,https://www.trendyol.com/the-touch-by-seda-altin/detox-tea-p-50114088?boutiqueId=61&merchantId=285256
supermarket:birlesik-supermarket,55,55,-15,51.6,41.7,777619668,1194314,777619668:1194314,"WOU World of Unique Stick Krem, Koltuk Altı Terleme Önleyici 48 Saat Etkin Koruma Vegan, Kadın Koltuk Altı Stick 75ml",WOU World of Unique,Kozfa Store,208.09,218.89,0,InStock,Son 3 günde 1B+ ürün satıldı!,3,1000,333.3,4.4,5698,8,796,"[""Son 10 Günün En Düşük Fiyatı"",""Kargo Bedava"",""Son 10 günün en düşük fiyatı""]",26 dakika 57 saniye içinde sipariş verirsen en geç bugün kargoda!,refreshed,0,https://www.trendyol.com/wou-world-of-unique/stick-krem-koltuk-alti-terleme-onleyici-48-saat-etkin-koruma-vegan-kadin-koltuk-alti-stick-75ml-p-777619668?boutiqueId=61&merchantId=1194314
supermarket:birlesik-supermarket,184,184,-39,51.5,22.6,6900919,332840,6900919:332840,Molfix İzotonik Sulu Islak Mendil Yenidoğan 600 Adet,Molfix,İkoncan,594.15,699,0,InStock,Son 3 günde 500+ ürün satıldı!,3,500,166.7,4.7,3343,1,836,"[""Sepette %15 İndirim"",""Kargo Bedava""]",1 saat 23 dakika içinde sipariş verirsen en geç bugün kargoda!,refreshed,0,https://www.trendyol.com/molfix/izotonik-sulu-islak-mendil-yenidogan-600-adet-p-6900919?boutiqueId=61&merchantId=332840
supermarket:birlesik-supermarket,165,165,9,51.2,24.1,104777532,145833,104777532:145833,MissClean ( 1 Adet ) Sıkılması En Rahat Büyük Boy Yer Bezi 50*70 Cm,MissClean,MissClean,125.62,149.9,-16.2,InStock,Son 3 günde 500+ ürün satıldı!,3,500,166.7,4.8,2168,-11,267,"[""Son 10 Günün En Düşük Fiyatı"",""Süper Fırsat Ürünü"",""Kargo Bedava"",""Son 10 günün en düşük fiyatı""]",Tahmini Teslim:,refreshed,0,https://www.trendyol.com/missclean/1-adet-sikilmasi-en-rahat-buyuk-boy-yer-bezi-50-70-cm-p-104777532?boutiqueId=61&merchantId=145833
supermarket:birlesik-supermarket,111,111,15,50.9,28.8,250833606,419340,250833606:419340,SİLVER HOME Mikrofiber 5'li 40x50cm Klasik Cam Bezi,SİLVER HOME,silverhome,198.69,249.9,0,InStock,Son 3 günde 500+ ürün satıldı!,3,500,166.7,4.6,566,3,117,"[""Son 10 Günün En Düşük Fiyatı"",""Süper Fırsat Ürünü"",""Sepette %2 İndirim"",""Kargo Bedava"",""Son 10 günün en düşük fiyatı""]",1 saat 25 dakika içinde sipariş verirsen en geç bugün kargoda!,refreshed,0,https://www.trendyol.com/silver-home/mikrofiber-5-li-40x50cm-klasik-cam-bezi-p-250833606?boutiqueId=61&merchantId=419340
supermarket:birlesik-supermarket,78,78,0,50.7,41.7,3338529,468928,3338529:468928,Opalescence Diş Macunu Beyazlatıcı 133 gr,Opalescence,Watsons,569.9,579.9,0,InStock,Son 3 günde 1B+ ürün satıldı!,3,1000,333.3,4.4,11078,-13,903,"[""Son 10 Günün En Düşük Fiyatı"",""Kargo Bedava"",""Son 10 günün en düşük fiyatı""]",2 saat 26 dakika içinde sipariş verirsen en geç bugün kargoda!,refreshed,0,https://www.trendyol.com/opalescence/dis-macunu-beyazlatici-133-gr-p-3338529?boutiqueId=61&merchantId=468928
supermarket:birlesik-supermarket,40,40,3,50.5,59.5,941026728,707288,941026728:707288,"ORNATE Yoğun Nemlendirici Vücut Sütü Losyonu Tüy Azaltıcı, Onarıcı 4d Hyaluronik Asit 250 ml Vegan",ORNATE,Beauty Stock,399.99,,0,InStock,"Son 3 günde 1,5B+ ürün satıldı!",3,1500,500,4.4,1531,3,266,"[""Kargo Bedava"",""10 TL Kupon"",""Son 10 Günün En Düşük Fiyatı"",""Trendyol Plus'a Özel""]",Tahmini Teslim:,refreshed,0,https://www.trendyol.com/ornate/yogun-nemlendirici-vucut-sutu-losyonu-tuy-azaltici-onarici-4d-hyaluronik-asit-250-ml-vegan-p-941026728?boutiqueId=61&merchantId=707288
supermarket:birlesik-supermarket,135,135,65,50.5,20.8,879950409,779995,879950409:779995,Herbamina Kayısı Mix Sirke 250ml,Herbamina,DERMAVISE CLEAN,529,599,,InStock,Son 3 günde 500+ ürün satıldı!,3,500,166.7,3.5,6446,4,1802,"[""Kargo Bedava"",""Son 10 Günün En Düşük Fiyatı"",""Son 10 günün en düşük fiyatı""]",Tahmini Teslim:,refreshed,0,https://www.trendyol.com/herbamina/kayisi-mix-sirke-250ml-p-879950409?boutiqueId=61&merchantId=779995
supermarket:birlesik-supermarket,37,37,2,50.2,67.3,50302837,905443,50302837:905443,BioBellinda Mikrofiber Cam Bezi (40X40 CM),BioBellinda,Biobellinda Shop,399.99,,0,InStock,"Son 3 günde 1,5B+ ürün satıldı!",3,1500,500,4.6,247,5,60,"[""Kargo Bedava""]",Tahmini Teslim:,refreshed,0,https://www.trendyol.com/biobellinda/mikrofiber-cam-bezi-40x40-cm-p-50302837?boutiqueId=61&merchantId=905443
supermarket:birlesik-supermarket,56,56,-12,49.3,41.7,3952777,106852,3952777:106852,Siveno %100 Doğal Roll On Kadın Deodorant Ter Kokusu Önleyici Bitkisel Leke Bırakmayan Vegan 50 ml,Siveno,Siveno,299.9,,11.1,InStock,Son 3 günde 1B+ ürün satıldı!,3,1000,333.3,4.6,12169,-5,1323,"[""Kargo Bedava""]",Tahmini Teslim:,refreshed,0,https://www.trendyol.com/siveno/100-dogal-roll-on-kadin-deodorant-ter-kokusu-onleyici-bitkisel-leke-birakmayan-vegan-50-ml-p-3952777?boutiqueId=61&merchantId=106852
supermarket:birlesik-supermarket,81,81,29,48.1,41.7,318355522,574495,318355522:574495,Pure Baby Organik Pamuklu Islak Havlu 12×90 (1080 Yaprak),Pure Baby,Pure Baby,436,,21.9,InStock,Son 3 günde 1B+ ürün satıldı!,3,1000,333.3,4.5,8580,-16,655,"[""Kargo Bedava"",""Son 10 Günün En Düşük Fiyatı""]",Tahmini Teslim:,refreshed,0,https://www.trendyol.com/pure-baby/organik-pamuklu-islak-havlu-12-90-1080-yaprak-p-318355522?boutiqueId=61&merchantId=574495
supermarket:birlesik-supermarket,116,116,22,48.1,28.4,905842320,246399,905842320:246399,Orbitmoon 1 Adet Dış Mekan Çok Dilimli Taşınabilir Kamp Çocuk Tuvalet Pratik Çiçek Desenli Sihirli Sabun,Orbitmoon,Koza Gift,9.5,11.5,0,InStock,Son 3 günde 500+ ürün satıldı!,3,500,166.7,4,628,0,196,"[""Kargo Bedava""]",25 dakika 24 saniye içinde sipariş verirsen en geç bugün kargoda!,refreshed,0,https://www.trendyol.com/orbitmoon/1-adet-dis-mekan-cok-dilimli-tasinabilir-kamp-cocuk-tuvalet-pratik-cicek-desenli-sihirli-sabun-p-905842320?boutiqueId=61&merchantId=246399
supermarket:birlesik-supermarket,44,44,4,47.9,44.7,968271853,929922,968271853:929922,Melwiss Chocolate Sütlü Tatlı Sos 330 gr- Waffle & Krep & Pankek Sosu,Melwiss Chocolate,Cocowiss - Melwiss Chocolate,208.9,,0,InStock,Son 3 günde 1B+ ürün satıldı!,3,1000,333.3,4.5,8043,6,1285,"[""Kargo Bedava"",""Son 10 Günün En Düşük Fiyatı"",""Trendyol Plus'a Özel""]",27 dakika 17 saniye içinde sipariş verirsen en geç bugün kargoda!,refreshed,0,https://www.trendyol.com/melwiss-chocolate/sutlu-tatli-sos-330-gr-waffle-krep-pankek-sosu-p-968271853?boutiqueId=61&merchantId=929922
supermarket:birlesik-supermarket,54,54,-7,47.1,41.7,746559802,836716,746559802:836716,Nutriful Ibn-i Sina Sirkengebin Prebiyotik Macunu,Nutriful,Nutriful Premium,549,,0,InStock,Son 3 günde 1B+ ürün satıldı!,3,1000,333.3,3.9,6441,4,4557,"[""Kargo Bedava"",""Trendyol Plus'a Özel""]",27 dakika 2 saniye içinde sipariş verirsen en geç bugün kargoda!,refreshed,0,https://www.trendyol.com/nutriful/ibn-i-sina-sirkengebin-prebiyotik-macunu-p-746559802?boutiqueId=61&merchantId=836716
supermarket:birlesik-supermarket,76,76,7,47,41.7,968271645,929922,968271645:929922,Melwiss Chocolate Beyaz Tatlı Sos 330gr - Waffle & Krep & Pankek Sosu,Melwiss Chocolate,Cocowiss - Melwiss Chocolate,208.9,,0,InStock,Son 3 günde 1B+ ürün satıldı!,3,1000,333.3,4.6,6253,4,563,"[""Kargo Bedava"",""Son 10 Günün En Düşük Fiyatı"",""Trendyol Plus'a Özel""]",26 dakika 23 saniye içinde sipariş verirsen en geç bugün kargoda!,refreshed,0,https://www.trendyol.com/melwiss-chocolate/beyaz-tatli-sos-330gr-waffle-krep-pankek-sosu-p-968271645?boutiqueId=61&merchantId=929922
supermarket:birlesik-supermarket,87,87,9,47,41.7,32201319,117471,32201319:117471,Magic Sand Cat Litter Aktif Karbon Kedi Kumu 20 Lt,Magic Sand,Temiz Kedi Kumu,349.9,,0,InStock,Son 3 günde 1B+ ürün satıldı!,3,1000,333.3,4.4,6154,-7,430,"[""Kargo Bedava""]",2 saat 26 dakika içinde sipariş verirsen en geç bugün kargoda!,refreshed,0,https://www.trendyol.com/magic-sand/cat-litter-aktif-karbon-kedi-kumu-20-lt-p-32201319?boutiqueId=61&merchantId=117471
supermarket:birlesik-supermarket,61,61,18,46.7,41.7,780240241,276127,780240241:276127,Clinikid Rahatlatıcı Masaj Yağı 60 ml,Clinikid,,539,,57.4,InStock,Son 3 günde 1B+ ürün satıldı!,3,1000,333.3,4,5651,6,,"[""Kargo Bedava""]",,refreshed,0,https://www.trendyol.com/clinikid/rahatlatici-masaj-yagi-60-ml-p-780240241?boutiqueId=61&merchantId=276127
supermarket:birlesik-supermarket,80,80,-3,46.6,41.7,684477925,106852,684477925:106852,Siveno Sivrisinek ve Kene Kovucu Sprey Losyon Bitkisel Tüm Vücut İçin Seyahat Tatil Boy 50 ml,Siveno,Siveno,199.9,,0,InStock,Son 3 günde 1B+ ürün satıldı!,3,1000,333.3,4.4,5508,10,2107,"[""Kargo Bedava""]",Tahmini Teslim:,refreshed,0,https://www.trendyol.com/siveno/sivrisinek-ve-kene-kovucu-sprey-losyon-bitkisel-tum-vucut-icin-seyahat-tatil-boy-50-ml-p-684477925?boutiqueId=61&merchantId=106852
supermarket:birlesik-supermarket,154,154,6,46.6,20.8,796176401,985455,796176401:985455,Zühre Ana Ananas Sirkesi 500 Ml Doğal Fermantasyon Pineapple Vinegar,Zühre Ana,İndirimshop,229.58,241.6,0,InStock,Son 3 günde 500+ ürün satıldı!,3,500,166.7,4.3,14495,14495,4668,"[""Son 10 Günün En Düşük Fiyatı"",""Kargo Bedava"",""Son 10 günün en düşük fiyatı""]",Tahmini Teslim:,refreshed,0,https://www.trendyol.com/zuhre-ana/ananas-sirkesi-500-ml-dogal-fermantasyon-pineapple-vinegar-p-796176401?boutiqueId=61&merchantId=985455
supermarket:birlesik-supermarket,43,43,2,46.4,45.5,750051,967684,750051:967684,Enjoy Yetişkin Kediler için Tavuklu Tam ve Dengeli Kedi Maması 15 kg,Enjoy,GLC VETERİNERLİK,1374.95,,1.9,InStock,Son 3 günde 1B+ ürün satıldı!,3,1000,333.3,4.5,5143,-1712,2723,"[""Kargo Bedava"",""Peşin Fiyatına 3 Taksit""]",27 dakika 17 saniye içinde sipariş verirsen en geç bugün kargoda!,refreshed,0,https://www.trendyol.com/enjoy/yetiskin-kediler-icin-tavuklu-tam-ve-dengeli-kedi-mamasi-15-kg-p-750051?boutiqueId=61&merchantId=967684
supermarket:birlesik-supermarket,51,51,3,46.4,43,870319022,781333,870319022:781333,Rivance Genital Koku Giderici Ve Koku Önleyici %100 Saf Niaouli Suyu Hidrosol,Rivance,Rivance,197.9,199.9,0,InStock,Son 3 günde 1B+ ürün satıldı!,3,1000,333.3,4.2,3866,4,1551,"[""Son 10 Günün En Düşük Fiyatı"",""Kargo Bedava"",""Son 10 günün en düşük fiyatı""]",5 saat 27 dakika içinde sipariş verirsen en geç bugün kargoda!,refreshed,0,https://www.trendyol.com/rivance/genital-koku-giderici-ve-koku-onleyici-100-saf-niaouli-suyu-hidrosol-p-870319022?boutiqueId=61&merchantId=781333
supermarket:birlesik-supermarket,89,89,10,46,42.3,162152054,138932,162152054:138932,Palmolive Moments Nemlendirici Banyo ve Duş Jeli 500 ml x4 Adet Vücut Şampuanı + Seyahat Kiti Hediye,Palmolive,Colgate-Palmolive Kişisel Bakım Merkezi,340.9,,0.3,InStock,Son 3 günde 1B+ ürün satıldı!,3,1000,333.3,4.8,4665,-7,294,"[""Kargo Bedava""]",Tahmini Teslim:,refreshed,0,https://www.trendyol.com/palmolive/moments-nemlendirici-banyo-ve-dus-jeli-500-ml-x4-adet-vucut-sampuani-seyahat-kiti-hediye-p-162152054?boutiqueId=61&merchantId=138932
supermarket:birlesik-supermarket,65,65,-4,45.5,42.9,939611859,985171,939611859:985171,Nutraxin Vitamin D3K2 120 Tablet - 1000 IU D3 + 25 Mcg K2 Takviye Edici Gıda,Nutraxin,PharMega,304.97,,-10,InStock,Son 3 günde 1B+ ürün satıldı!,3,1000,333.3,4.6,3976,2,3453,"[""25 TL Kupon"",""Sepette %10 İndirim"",""Kargo Bedava"",""Trendyol Plus'a Özel""]",26 dakika 42 saniye içinde sipariş verirsen en geç bugün kargoda!,refreshed,0,https://www.trendyol.com/nutraxin/vitamin-d3k2-120-tablet-1000-iu-d3-25-mcg-k2-takviye-edici-gida-p-939611859?boutiqueId=61&merchantId=985171
supermarket:birlesik-supermarket,88,88,-8,45.5,20.8,882472249,126383,882472249:126383,Cleaning Mate Solutions Leke Sihirbazı,Cleaning Mate Solutions,KOREACO,217.55,,-5,InStock,Son 3 günde 500+ ürün satıldı!,3,500,166.7,3.8,,0,5448,"[""Kargo Bedava"",""Trendyol Plus'a Özel""]",26 dakika 4 saniye içinde sipariş verirsen en geç bugün kargoda!,refreshed,0,https://www.trendyol.com/cleaning-mate-solutions/leke-sihirbazi-p-882472249?boutiqueId=61&merchantId=126383
supermarket:birlesik-supermarket,57,57,0,45.3,45.5,837464341,985455,837464341:985455,Zühre Ana İğde Çekirdeği Macunu 240 Gr,Zühre Ana,İndirimshop,344.37,353.07,0,InStock,Son 3 günde 1B+ ürün satıldı!,3,1000,333.3,4.5,1871,4,1176,"[""Son 10 Günün En Düşük Fiyatı"",""Kargo Bedava"",""Son 10 günün en düşük fiyatı""]",Tahmini Teslim:,refreshed,0,https://www.trendyol.com/zuhre-ana/igde-cekirdegi-macunu-240-gr-p-837464341?boutiqueId=61&merchantId=985455
supermarket:birlesik-supermarket,122,122,11,45.1,21.8,220063980,168061,220063980:168061,Proteinocean CREATİNE - 120g - 40 servis,Proteinocean,Proteinocean,239,259,0,InStock,Son 3 günde 500+ ürün satıldı!,3,500,166.7,4.6,4269,-3,4324,"[""Kargo Bedava"",""Son 10 Günün En Düşük Fiyatı"",""Trendyol Plus'a Özel""]",3 saat 25 dakika içinde sipariş verirsen en geç bugün kargoda!,refreshed,0,https://www.trendyol.com/proteinocean/creatine-120g-40-servis-p-220063980?boutiqueId=61&merchantId=168061
supermarket:birlesik-supermarket,52,52,4,44.8,43.5,931212607,925915,931212607:925915,Powerhub Care & Massage For Man Premium Sprey 30ml,Powerhub,ZEN ORGANİK,249.9,,0,InStock,Son 3 günde 1B+ ürün satıldı!,3,1000,333.3,4.2,3271,8,,[],Tahmini Teslim:,refreshed,0,https://www.trendyol.com/powerhub/care-massage-for-man-premium-sprey-30ml-p-931212607?boutiqueId=61&merchantId=925915
supermarket:birlesik-supermarket,70,70,22,44.6,43.8,836345049,1259078,836345049:1259078,STOP Forte 2'li Leke Çıkarıcı,STOP Forte,MARKA FABRİKASI,249,,0,InStock,Son 3 günde 1B+ ürün satıldı!,3,1000,333.3,4.1,3082,2,260,"[""Kargo Bedava"",""Son 10 Günün En Düşük Fiyatı""]",Tahmini Teslim:,refreshed,0,https://www.trendyol.com/stop-forte/2-li-leke-cikarici-p-836345049?boutiqueId=61&merchantId=1259078
supermarket:birlesik-supermarket,113,113,-1,44.6,20.8,130593681,985455,130593681:985455,Zühre Ana Kids Arı Sütü Pekmez Bal ve Vitamin Katkılı Kakaolu Macun 240 gr,Zühre Ana,İndirimshop,362,,0.6,InStock,Son 3 günde 500+ ürün satıldı!,3,500,166.7,4.6,,-16881,10076,"[""Kargo Bedava""]",Tahmini Teslim:,refreshed,0,https://www.trendyol.com/zuhre-ana/kids-ari-sutu-pekmez-bal-ve-vitamin-katkili-kakaolu-macun-240-gr-p-130593681?boutiqueId=61&merchantId=985455
supermarket:birlesik-supermarket,151,151,47,44.6,20.8,47215147,571412,47215147:571412,"NIVEA Q10 Sıkılaştırıcı Vücut Losyonu 250ml, 7 Günde Sıkılaştırıcı, C Vitamini, Nemlendirici, X2 Adet",NIVEA,NIVEA,251.67,266.02,0,InStock,Son 3 günde 500+ ürün satıldı!,3,500,166.7,4.6,7195,0,2301,"[""Son 10 Günün En Düşük Fiyatı"",""Kargo Bedava"",""Son 10 günün en düşük fiyatı""]",24 dakika 32 saniye içinde sipariş verirsen en geç bugün kargoda!,refreshed,0,https://www.trendyol.com/nivea/q10-sikilastirici-vucut-losyonu-250ml-7-gunde-sikilastirici-c-vitamini-nemlendirici-x2-adet-p-47215147?boutiqueId=61&merchantId=571412
supermarket:birlesik-supermarket,63,63,9,44.4,44,833555153,836716,833555153:836716,Nutriful Glutawell Glutatyon Ve L-glutamin Içeren 30 Tablet,Nutriful,,539,,0,InStock,Son 3 günde 1B+ ürün satıldı!,3,1000,333.3,4,2905,5,,"[""Kargo Bedava""]",,refreshed,0,https://www.trendyol.com/nutriful/glutawell-glutatyon-ve-l-glutamin-iceren-30-tablet-p-833555153?boutiqueId=61&merchantId=836716
supermarket:birlesik-supermarket,71,71,-12,44.4,44.9,1122111005,1303163,1122111005:1303163,"MOEN Parmakla Yoğuran El Hissi Sunan Isıtmalı Masaj Aleti (Taşınabilir,Şarjlı) | Boyun,Sırt,Omuz,Bacak",MOEN,VOLTEK,2628.19,2654.74,0,InStock,Son 3 günde 1B+ ürün satıldı!,3,1000,333.3,4.1,2226,21,835,"[""Kargo Bedava"",""Son 10 Günün En Düşük Fiyatı"",""Peşin Fiyatına 3 Taksit"",""Son 10 günün en düşük fiyatı""]",Tahmini Teslim:,refreshed,0,https://www.trendyol.com/moen/parmakla-yoguran-el-hissi-sunan-isitmali-masaj-aleti-tasinabilir-sarjli-boyun-sirt-omuz-bacak-p-1122111005?boutiqueId=61&merchantId=1303163
supermarket:birlesik-supermarket,83,83,4,44.3,44.1,3935448,175188,3935448:175188,"Chrysamed İNSEKTİSİT MAX 1 LT Böcek ilacı Tahtakurusu,Karınca,Akrep,Kene,Örümcek,Hamamböceği,Sinek",Chrysamed,Chrysamed,377.1,,0,InStock,Son 3 günde 1B+ ürün satıldı!,3,1000,333.3,4.2,2813,9,3167,"[""Kargo Bedava"",""Trendyol Plus'a Özel""]",1 saat 26 dakika içinde sipariş verirsen en geç bugün kargoda!,refreshed,0,https://www.trendyol.com/chrysamed/insektisit-max-1-lt-bocek-ilaci-tahtakurusu-karinca-akrep-kene-orumcek-hamambocegi-sinek-p-3935448?boutiqueId=61&merchantId=175188
supermarket:birlesik-supermarket,101,101,19,44.2,20.8,49226069,985455,49226069:985455,Zühre Ana Kozalak Macunu - Çam Kozalağı Macunu Hologramlı Ürün,Zühre Ana,İndirimshop,369.9,,0,InStock,Son 3 günde 500+ ürün satıldı!,3,500,166.7,4.6,,0,7822,"[""Kargo Bedava""]",Tahmini Teslim:,refreshed,0,https://www.trendyol.com/zuhre-ana/kozalak-macunu-cam-kozalagi-macunu-hologramli-urun-p-49226069?boutiqueId=61&merchantId=985455
supermarket:birlesik-supermarket,145,145,22,44,20.8,3706799,370301,3706799:370301,Wefood Organik Hindistan Cevizi Yağı 150 ml (Soğuk Sıkım),Wefood,Wefood,284.05,299,0,InStock,Son 3 günde 500+ ürün satıldı!,3,500,166.7,4.6,6826,0,2326,"[""Sepette %5 İndirim"",""525,95 TL Kupon"",""Kargo Bedava"",""Son 10 Günün En Düşük Fiyatı"",""Trendyol Plus'a Özel""]",2 saat 24 dakika içinde sipariş verirsen en geç bugün kargoda!,refreshed,0,https://www.trendyol.com/wefood/organik-hindistan-cevizi-yagi-150-ml-soguk-sikim-p-3706799?boutiqueId=61&merchantId=370301
supermarket:birlesik-supermarket,58,58,7,43.8,44.5,802277773,1158462,802277773:1158462,NIVOSHE Ağız Kokusu Giderici Sprey Ağız Kokusu Önleyici Sprey Ağız Kokusu Spreyi Propolis05,NIVOSHE,DEVACOS SAĞLIKLI YAŞAM ÜRÜNLERİ,374.74,,4.7,InStock,Son 3 günde 1B+ ürün satıldı!,3,1000,333.3,4.1,2458,4,1079,"[""Kargo Bedava""]",1 saat 26 dakika içinde sipariş verirsen en geç bugün kargoda!,refreshed,0,https://www.trendyol.com/nivoshe/agiz-kokusu-giderici-sprey-agiz-kokusu-onleyici-sprey-agiz-kokusu-spreyi-propolis05-p-802277773?boutiqueId=61&merchantId=1158462
supermarket:birlesik-supermarket,183,183,5,43.8,24.5,217109607,168061,217109607:168061,Proteinocean Creatine - 300g - 100 Servis,Proteinocean,Proteinocean,499,549,0,InStock,Son 3 günde 500+ ürün satıldı!,3,500,166.7,4.6,1987,2,1534,"[""Kargo Bedava"",""50 TL Kupon"",""Son 10 Günün En Düşük Fiyatı"",""Trendyol Plus'a Özel""]",3 saat 23 dakika içinde sipariş verirsen en geç bugün kargoda!,refreshed,0,https://www.trendyol.com/proteinocean/creatine-300g-100-servis-p-217109607?boutiqueId=61&merchantId=168061
supermarket:birlesik-supermarket,42,42,16,43.5,65.5,1165573238,1158462,1165573238:1158462,NIVOSHE 75ML Diş Beyazlatıcı Jel Parlatıcı Jel 75 ML Teeth Whitening Gel 75ML,NIVOSHE,DEVACOS SAĞLIKLI YAŞAM ÜRÜNLERİ,441.7,,-9.7,InStock,"Son 3 günde 1,5B+ ürün satıldı!",3,1500,500,4.6,206,1,151,"[""Kargo Bedava""]",Tahmini Teslim:,refreshed,0,https://www.trendyol.com/nivoshe/75ml-dis-beyazlatici-jel-parlatici-jel-75-ml-teeth-whitening-gel-75ml-p-1165573238?boutiqueId=61&merchantId=1158462
supermarket:birlesik-supermarket,50,50,-8,42.4,46,35241393,905443,35241393:905443,BioBellinda 3x Ultra Konsantre Çamaşır Ve Tül Beyazlatıcı Deterjan 750 gr,BioBellinda,Biobellinda Shop,499.99,,0,InStock,Son 3 günde 1B+ ürün satıldı!,3,1000,333.3,4.3,1629,2,655,"[""Kargo Bedava""]",Tahmini Teslim:,refreshed,0,https://www.trendyol.com/biobellinda/3x-ultra-konsantre-camasir-ve-tul-beyazlatici-deterjan-750-gr-p-35241393?boutiqueId=61&merchantId=905443
supermarket:birlesik-supermarket,191,191,-10,42.4,21.8,3674890,134422,3674890:134422,Kahve Dünyası Orta Kavrulmuş Türk Kahve 100 gr 12'li Paket,Kahve Dünyası,DEVGROSS,711.82,749.28,0,InStock,Son 3 günde 500+ ürün satıldı!,3,500,166.7,4.7,4277,-8,1867,"[""Sepette %5 İndirim"",""Kargo Bedava"",""785,20 TL Kupon"",""20 TL Kupon"",""Trendyol Plus'a Özel""]",23 dakika 30 saniye içinde sipariş verirsen en geç bugün kargoda!,refreshed,0,https://www.trendyol.com/kahve-dunyasi/orta-kavrulmus-turk-kahve-100-gr-12-li-paket-p-3674890?boutiqueId=61&merchantId=134422
supermarket:birlesik-supermarket,46,46,5,42.2,48.1,892845236,1303419,892845236:1303419,HARMANA BeForm - Hindiba Sirkesi 250 ml,HARMANA,Botanica Sağlıklı Yaşam Ürünleri,314.1,,0,InStock,Son 3 günde 1B+ ürün satıldı!,3,1000,333.3,4.1,1565,4,367,"[""Kargo Bedava"",""Trendyol Plus'a Özel""]",Tahmini Teslim:,refreshed,0,https://www.trendyol.com/harmana/beform-hindiba-sirkesi-250-ml-p-892845236?boutiqueId=61&merchantId=1303419
supermarket:birlesik-supermarket,62,62,8,42.2,46.1,66056195,234224,66056195:234224,Dr. Ümit Aktaş Magnezyum - Bisglisinat - Yüksek Biyoyararlanım - 60 Kapsül,Dr. Ümit Aktaş,,760,,-5,InStock,Son 3 günde 1B+ ürün satıldı!,3,1000,333.3,4.7,1559,10,,"[""Sepette %50 İndirim"",""Kargo Bedava"",""Süper Fırsat Ürünü"",""Trendyol Plus'a Özel""]",,refreshed,0,https://www.trendyol.com/dr-umit-aktas/magnezyum-bisglisinat-yuksek-biyoyararlanim-60-kapsul-p-66056195?boutiqueId=61&merchantId=234224
supermarket:birlesik-supermarket,95,95,8,41.2,20.8,31324843,998533,31324843:998533,Sleepy Sensitive Islak Havlu 12x90 Lı 12 Paket 1080 Yaprak,Sleepy,HORON TOPTAN,500,,-3.7,InStock,Son 3 günde 500+ ürün satıldı!,3,500,166.7,4.6,12751,-8,1301,"[""Kargo Bedava""]",Tahmini Teslim:,refreshed,0,https://www.trendyol.com/sleepy/sensitive-islak-havlu-12x90-li-12-paket-1080-yaprak-p-31324843?boutiqueId=61&merchantId=998533
supermarket:birlesik-supermarket,97,97,-6,41.1,20.8,902396218,1259078,902396218:1259078,STOP Forte Derz Temizleyici,STOP Forte,MARKA FABRİKASI,179,,0,InStock,Son 3 günde 500+ ürün satıldı!,3,500,166.7,4.1,12462,4,551,"[""20 TL Kupon"",""179 TL Kupon"",""Kargo Bedava""]",Tahmini Teslim:,refreshed,0,https://www.trendyol.com/stop-forte/derz-temizleyici-p-902396218?boutiqueId=61&merchantId=1259078
supermarket:birlesik-supermarket,106,106,22,41.1,23.5,833681564,985455,833681564:985455,Evonox Clean Ultra Güçlü Mutfak Yüzey Temizleyici ve Yağ Sökücü Limon Kokulu Sprey 750 ml,Evonox,İndirimshop,184.45,195,0,InStock,Son 3 günde 500+ ürün satıldı!,3,500,166.7,4.3,2601,0,257,"[""Son 10 Günün En Düşük Fiyatı"",""Kargo Bedava"",""Son 10 günün en düşük fiyatı""]",Tahmini Teslim:,refreshed,0,https://www.trendyol.com/evonox/clean-ultra-guclu-mutfak-yuzey-temizleyici-ve-yag-sokucu-limon-kokulu-sprey-750-ml-p-833681564?boutiqueId=61&merchantId=985455
supermarket:birlesik-supermarket,138,138,-8,41.1,20.8,41161878,113082,41161878:113082,Tala Karınca Yumurtası Yağı Tüy Azaltıcı Tüy İnceltici Tüy Dökücü 20 Ml,Tala,Tala,189.95,,0,InStock,Son 3 günde 500+ ürün satıldı!,3,500,166.7,4.2,12437,-5,3888,"[""Kargo Bedava"",""Trendyol Plus'a Özel""]",1 saat 24 dakika içinde sipariş verirsen en geç bugün kargoda!,refreshed,0,https://www.trendyol.com/tala/karinca-yumurtasi-yagi-tuy-azaltici-tuy-inceltici-tuy-dokucu-20-ml-p-41161878?boutiqueId=61&merchantId=113082
supermarket:birlesik-supermarket,149,149,-5,41.1,20.8,239767731,301259,239767731:301259,Elvan Today Kruvasan Çikolatalı 40 Gr. 20 Adet (1 Kutu),Elvan,ELVAN MAĞAZACILIK,325.99,,46,InStock,Son 3 günde 500+ ürün satıldı!,3,500,166.7,4.6,12302,-17,898,"[""Kargo Bedava""]",1 saat 24 dakika içinde sipariş verirsen en geç bugün kargoda!,refreshed,0,https://www.trendyol.com/elvan/today-kruvasan-cikolatali-40-gr-20-adet-1-kutu-p-239767731?boutiqueId=61&merchantId=301259
supermarket:birlesik-supermarket,60,60,-19,41,48.3,843306899,791156,843306899:791156,"Ceelini El ve Ayak Tırnak Bakım Serumu Çay Ağacı , Salisik Asit Özlü Serum 30 ml",Ceelini,The Ceel,241.49,243.93,0,InStock,Son 3 günde 1B+ ürün satıldı!,3,1000,333.3,4.4,833,14,324,"[""Son 10 Günün En Düşük Fiyatı"",""Kargo Bedava"",""Son 10 günün en düşük fiyatı""]",Tahmini Teslim:,refreshed,0,https://www.trendyol.com/ceelini/el-ve-ayak-tirnak-bakim-serumu-cay-agaci-salisik-asit-ozlu-serum-30-ml-p-843306899?boutiqueId=61&merchantId=791156
supermarket:birlesik-supermarket,153,153,37,40.8,20.8,164520124,145833,164520124:145833,MissClean ( 1 Adet Yedek Bez Hediyeli ) Yer Mopu Fayans Duvar Yüzey Temizlik Mikrofiber Mandallı Mop,MissClean,MissClean,299.9,,18.8,InStock,Son 3 günde 500+ ürün satıldı!,3,500,166.7,4.3,11470,-9,3416,"[""Kargo Bedava""]",Tahmini Teslim:,refreshed,0,https://www.trendyol.com/missclean/1-adet-yedek-bez-hediyeli-yer-mopu-fayans-duvar-yuzey-temizlik-mikrofiber-mandalli-mop-p-164520124?boutiqueId=61&merchantId=145833
supermarket:birlesik-supermarket,100,100,1,40.7,20.8,136343308,105041,136343308:105041,İlbay's Ithal Fabrika Satış Mağazası Orijinal Mikrofiber Temizlik Bezi (40X60),İlbay's,Ne Lazımsa Bak,199.9,,0,InStock,Son 3 günde 500+ ürün satıldı!,3,500,166.7,4.8,11247,-22,1414,"[""Kargo Bedava""]",3 saat 25 dakika içinde sipariş verirsen en geç bugün kargoda!,refreshed,0,https://www.trendyol.com/ilbay-s/ithal-fabrika-satis-magazasi-orijinal-mikrofiber-temizlik-bezi-40x60-p-136343308?boutiqueId=61&merchantId=105041
supermarket:birlesik-supermarket,176,176,20,40.4,22.4,2645261,783049,2645261:783049,Wee Baby Göğüs Pedi Süper Emici Tanecikli Yapışkanlı Ped 40'lı,Wee Baby,SAGLIKOLSUN,172.56,178.99,-3.6,InStock,Son 3 günde 500+ ürün satıldı!,3,500,166.7,4.5,3594,0,185,"[""Son 10 Günün En Düşük Fiyatı"",""Sepette %20 İndirim"",""Sepette %10 İndirim"",""464,16 TL Kupon"",""Kargo Bedava"",""Son 10 günün en düşük fiyatı""]",4 saat 23 dakika içinde sipariş verirsen en geç bugün kargoda!,refreshed,0,https://www.trendyol.com/wee-baby/gogus-pedi-super-emici-tanecikli-yapiskanli-ped-40-li-p-2645261?boutiqueId=61&merchantId=783049
supermarket:birlesik-supermarket,159,159,3,40.3,20.8,399326376,679772,399326376:679772,Erbatab Vitamin D3 K2 2'si 1 Arada Damla,Erbatab,erbatabstore,370.56,,0,InStock,Son 3 günde 500+ ürün satıldı!,3,500,166.7,4.7,9929,3,4707,"[""Sepette %60 İndirim"",""Kargo Bedava"",""Süper Fırsat Ürünü"",""Trendyol Plus'a Özel""]",3 saat 24 dakika içinde sipariş verirsen en geç bugün kargoda!,refreshed,0,https://www.trendyol.com/erbatab/vitamin-d3-k2-2-si-1-arada-damla-p-399326376?boutiqueId=61&merchantId=679772
supermarket:birlesik-supermarket,162,162,6,40.2,20.8,79731620,145234,79731620:145234,S'GLAM Kaş Şekilendirici Brow Wax,S'GLAM,SGLAM,229,,0,InStock,Son 3 günde 500+ ürün satıldı!,3,500,166.7,4.5,9756,3,764,"[""Kargo Bedava""]",2 saat 24 dakika içinde sipariş verirsen en geç bugün kargoda!,refreshed,0,https://www.trendyol.com/s-glam/kas-sekilendirici-brow-wax-p-79731620?boutiqueId=61&merchantId=145234
supermarket:birlesik-supermarket,124,124,33,40.1,20.8,942332343,985455,942332343:985455,Evonox Clean Granül Çamaşır Parfümü & Çamaşır Yumuşatıcı Tokyo 210 gr,Evonox,İndirimshop,278.94,281.76,0,InStock,Son 3 günde 500+ ürün satıldı!,3,500,166.7,4.2,6981,4,889,"[""Son 10 Günün En Düşük Fiyatı"",""Kargo Bedava"",""Son 10 günün en düşük fiyatı""]",Tahmini Teslim:,refreshed,0,https://www.trendyol.com/evonox/clean-granul-camasir-parfumu-camasir-yumusatici-tokyo-210-gr-p-942332343?boutiqueId=61&merchantId=985455
supermarket:birlesik-supermarket,193,193,-32,40.1,27.4,174744183,775990,174744183:775990,Pella Sihirli Bez Mikrofiber Temizlik Bezi 3'lü Paket,Pella,PELLA FABRİKA SATIŞ,181.47,197.9,-9.2,InStock,Son 3 günde 500+ ürün satıldı!,3,500,166.7,4.5,855,8,157,"[""Son 10 Günün En Düşük Fiyatı"",""Kargo Bedava"",""Son 10 günün en düşük fiyatı""]",Tahmini Teslim:,refreshed,0,https://www.trendyol.com/pella/sihirli-bez-mikrofiber-temizlik-bezi-3-lu-paket-p-174744183?boutiqueId=61&merchantId=775990
supermarket:birlesik-supermarket,175,175,-4,39.8,20.8,942519291,985455,942519291:985455,Evonox Clean Granül Çamaşır Parfümü & Çamaşır Yumuşatıcı İstanbul 210 gr,Evonox,İndirimshop,295.67,299.9,0,InStock,Son 3 günde 500+ ürün satıldı!,3,500,166.7,4.3,5744,7,498,"[""Son 10 Günün En Düşük Fiyatı"",""Kargo Bedava"",""Son 10 günün en düşük fiyatı""]",Tahmini Teslim:,refreshed,0,https://www.trendyol.com/evonox/clean-granul-camasir-parfumu-camasir-yumusatici-istanbul-210-gr-p-942519291?boutiqueId=61&merchantId=985455
supermarket:birlesik-supermarket,141,141,36,39.5,24.7,836055121,301259,836055121:301259,Elvan Tanışma Paketi,Elvan,ELVAN MAĞAZACILIK,235.54,247.94,0,InStock,Son 3 günde 500+ ürün satıldı!,3,500,166.7,4.2,1864,9,303,"[""Sepette %5 İndirim"",""Kargo Bedava""]",1 saat 24 dakika içinde sipariş verirsen en geç bugün kargoda!,refreshed,0,https://www.trendyol.com/elvan/tanisma-paketi-p-836055121?boutiqueId=61&merchantId=301259
supermarket:birlesik-supermarket,168,168,4,39.2,20.8,6319796,1007116,6319796:1007116,Proline Proline Bebek Pudrası Kokulu Ince Tane Topaklanan Kedi Kumu 10 Lt X 2 Adet,Proline,Maskotpet,463,,4.3,InStock,Son 3 günde 500+ ürün satıldı!,3,500,166.7,4.2,7141,-9,453,"[""Kargo Bedava""]",24 dakika 8 saniye içinde sipariş verirsen en geç bugün kargoda!,refreshed,0,https://www.trendyol.com/proline/proline-bebek-pudrasi-kokulu-ince-tane-topaklanan-kedi-kumu-10-lt-x-2-adet-p-6319796?boutiqueId=61&merchantId=1007116
supermarket:birlesik-supermarket,82,82,-11,39.1,49.2,266864405,736295,266864405:736295,Restorex Keratin & Argan Onarıcı Saç Bakım Şampuanı 500ml,Restorex,Nysa,153,,0,InStock,Son 3 günde 1B+ ürün satıldı!,3,1000,333.3,4.5,645,1,165,"[""Sepette %15 İndirim"",""Kargo Bedava"",""Son 10 Günün En Düşük Fiyatı""]",5 saat 26 dakika içinde sipariş verirsen en geç bugün kargoda!,refreshed,0,https://www.trendyol.com/restorex/keratin-argan-onarici-sac-bakim-sampuani-500ml-p-266864405?boutiqueId=61&merchantId=736295
supermarket:birlesik-supermarket,129,129,13,39,20.8,39572519,107493,39572519:107493,Acura AC-9080K Şarjlı Türkçe Konuşan Koldan Tansiyon Aleti – Çanta Hediyeli,Acura,Kuzey Pazarlama,659,,0,InStock,Son 3 günde 500+ ürün satıldı!,3,500,166.7,4.6,6814,4,982,"[""Kargo Bedava""]",3 saat 25 dakika içinde sipariş verirsen en geç bugün kargoda!,refreshed,0,https://www.trendyol.com/acura/ac-9080k-sarjli-turkce-konusan-koldan-tansiyon-aleti-canta-hediyeli-p-39572519?boutiqueId=61&merchantId=107493
supermarket:birlesik-supermarket,48,48,1,38.9,50.5,1086911186,1154311,1086911186:1154311,DOCTAMIN Magnezyum Gece ve Gündüz Seti,DOCTAMIN,KOZMETİK PINARIM,599,,21.3,InStock,Son 3 günde 1B+ ürün satıldı!,3,1000,333.3,4.3,596,3,579,"[""Kargo Bedava"",""Trendyol Plus'a Özel""]",3 saat 27 dakika içinde sipariş verirsen en geç bugün kargoda!,refreshed,0,https://www.trendyol.com/doctamin/magnezyum-gece-ve-gunduz-seti-p-1086911186?boutiqueId=61&merchantId=1154311
supermarket:birlesik-supermarket,79,79,-12,38.8,20.8,32780559,571412,32780559:571412,"NIVEA Q10 7 Günde Sıkılaştırıcı Vücut Bakım Losyonu 250ml, C Vitamini, Kolajen, 72 Saat Nemlendirici",NIVEA,NIVEA,139.12,,0,InStock,Son 3 günde 500+ ürün satıldı!,3,500,166.7,4.5,6485,4,1935,"[""Kargo Bedava""]",26 dakika 18 saniye içinde sipariş verirsen en geç bugün kargoda!,refreshed,0,https://www.trendyol.com/nivea/q10-7-gunde-sikilastirici-vucut-bakim-losyonu-250ml-c-vitamini-kolajen-72-saat-nemlendirici-p-32780559?boutiqueId=61&merchantId=571412
supermarket:birlesik-supermarket,180,180,6,38.8,21.4,34939687,105319,34939687:105319,Agarta Doğal Hindistan Cevizi Özlü Aktif Karbonlu Florürsüz Diş Macunu 100 ml,Agarta,MANDAŞ GROUP,178.03,179.83,-3.8,InStock,Son 3 günde 500+ ürün satıldı!,3,500,166.7,4.4,4796,2,593,"[""Sepette %1 İndirim"",""Kargo Bedava""]",Tahmini Teslim:,refreshed,0,https://www.trendyol.com/agarta/dogal-hindistan-cevizi-ozlu-aktif-karbonlu-florursuz-dis-macunu-100-ml-p-34939687?boutiqueId=61&merchantId=105319
supermarket:birlesik-supermarket,107,107,10,38.7,20.8,819116529,337532,819116529:337532,Nutraxin Bromelain Forte 750 mg 60 Tablet Krom Yeşilçay Probiyotik,Nutraxin,Pharmasya Kozmetik ve Sağlık,504,,-10,InStock,Son 3 günde 500+ ürün satıldı!,3,500,166.7,4.4,6278,3,3891,"[""Kargo Bedava"",""Sepette %10 İndirim"",""Trendyol Plus'a Özel""]",3 saat 25 dakika içinde sipariş verirsen en geç bugün kargoda!,refreshed,0,https://www.trendyol.com/nutraxin/bromelain-forte-750-mg-60-tablet-krom-yesilcay-probiyotik-p-819116529?boutiqueId=61&merchantId=337532
supermarket:birlesik-supermarket,133,133,20,38.6,20.8,7035867,315690,7035867:315690,SMARTER Tüy Toplayıcı 12 Li Yedek Rulo *aparat*,SMARTER,SMARTER,449.9,,45,InStock,Son 3 günde 500+ ürün satıldı!,3,500,166.7,4.7,6111,-4,589,"[""75 TL Kupon"",""Kargo Bedava""]",3 saat 24 dakika içinde sipariş verirsen en geç bugün kargoda!,refreshed,0,https://www.trendyol.com/smarter/tuy-toplayici-12-li-yedek-rulo-aparat-p-7035867?boutiqueId=61&merchantId=315690
supermarket:birlesik-supermarket,125,125,9,38.5,20.8,49548946,176892,49548946:176892,Nilem Sihirli Muhteşem Sıvı 1 Litre 2'li,Nilem,İpek Grup,399.9,,0,InStock,Son 3 günde 500+ ürün satıldı!,3,500,166.7,4.3,5815,1,390,"[""Kargo Bedava""]",Tahmini Teslim:,refreshed,0,https://www.trendyol.com/nilem/sihirli-muhtesem-sivi-1-litre-2-li-p-49548946?boutiqueId=61&merchantId=176892
supermarket:birlesik-supermarket,72,72,12,38.4,49.9,1155515084,126383,1155515084:126383,Swedent Gurme Serisi Antep Fıstığı Aromalı Çikolata Sos Gerçek Antep Fıstığı Tadında Zengin ve Akışkan Kıvam,Swedent,KOREACO,269,,0,InStock,Son 3 günde 1B+ ürün satıldı!,3,1000,333.3,4.1,526,10,75,"[""Kargo Bedava"",""Trendyol Plus'a Özel""]",26 dakika 32 saniye içinde sipariş verirsen en geç bugün kargoda!,refreshed,0,https://www.trendyol.com/swedent/gurme-serisi-antep-fistigi-aromali-cikolata-sos-gercek-antep-fistigi-tadinda-zengin-ve-akiskan-kivam-p-1155515084?boutiqueId=61&merchantId=126383
supermarket:birlesik-supermarket,171,171,-20,38.4,20.8,825166201,137544,825166201:137544,Kitchen Beauty Kendinden Desenli Yağlı Kağıt | 50 Adet Vintage Gazete Desen Sunum Kağıdı | Karışık Desen,Kitchen Beauty,Eymen Ticaret,74.94,,0,InStock,Son 3 günde 500+ ürün satıldı!,3,500,166.7,4.7,5741,2,405,"[""Kargo Bedava""]",1 saat 24 dakika içinde sipariş verirsen en geç bugün kargoda!,refreshed,0,https://www.trendyol.com/kitchen-beauty/kendinden-desenli-yagli-kagit-50-adet-vintage-gazete-desen-sunum-kagidi-karisik-desen-p-825166201?boutiqueId=61&merchantId=137544
supermarket:birlesik-supermarket,130,130,22,38.2,21,812465901,105041,812465901:105041,İlbay's Ithal Mikrofiber Temizlik Bezi Orijinal Baskılı 30x40cm,İlbay's,Ne Lazımsa Bak,159.99,,0,InStock,Son 3 günde 500+ ürün satıldı!,3,500,166.7,4.4,5381,1,444,"[""379,90 TL Kupon"",""Kargo Bedava"",""Son 10 Günün En Düşük Fiyatı""]",3 saat 25 dakika içinde sipariş verirsen en geç bugün kargoda!,refreshed,0,https://www.trendyol.com/ilbay-s/ithal-mikrofiber-temizlik-bezi-orijinal-baskili-30x40cm-p-812465901?boutiqueId=61&merchantId=105041
supermarket:birlesik-supermarket,77,77,20,38.1,50.2,931754486,484623,931754486:484623,Petefor 20 LT Natural Kedi Kumu,Petefor,Petfor,290.25,,0,InStock,Son 3 günde 1B+ ürün satıldı!,3,1000,333.3,4.3,475,4,56,"[""Kargo Bedava""]",Tahmini Teslim:,refreshed,0,https://www.trendyol.com/petefor/20-lt-natural-kedi-kumu-p-931754486?boutiqueId=61&merchantId=484623
supermarket:birlesik-supermarket,194,194,4,38.1,21.1,467921164,679772,467921164:679772,Erbatab Vitamin B12- Folik Asit B9 Tablet Metilkobalamin-Metilfolat,Erbatab,erbatabstore,370.56,,-20,InStock,Son 3 günde 500+ ürün satıldı!,3,500,166.7,4.7,5286,2,2803,"[""Sepette %60 İndirim"",""Kargo Bedava"",""Süper Fırsat Ürünü"",""Trendyol Plus'a Özel""]",3 saat 23 dakika içinde sipariş verirsen en geç bugün kargoda!,refreshed,0,https://www.trendyol.com/erbatab/vitamin-b12-folik-asit-b9-tablet-metilkobalamin-metilfolat-p-467921164?boutiqueId=61&merchantId=679772
supermarket:birlesik-supermarket,90,90,-2,38,21.1,934996238,1126176,934996238:1126176,"Petiola Tüy Dökülme Engelleyici, Tüy Yumağı Ve Kusma Önleyici Multivitamin Kedi Malt Macun 100 gr",Petiola,Petiola,897,,0,InStock,Son 3 günde 500+ ürün satıldı!,3,500,166.7,4.6,5150,7,746,"[""Kargo Bedava""]",Tahmini Teslim:,refreshed,0,https://www.trendyol.com/petiola/tuy-dokulme-engelleyici-tuy-yumagi-ve-kusma-onleyici-multivitamin-kedi-malt-macun-100-gr-p-934996238?boutiqueId=61&merchantId=1126176
supermarket:birlesik-supermarket,119,119,-8,37.9,21.2,751943784,667789,751943784:667789,"Toi Moi 2li Avantaj Paketi Koku Hapseden, Topaklanan,Tozsuz Aktif Karbonlu Bentonit Kedi Kumu 2x10Kg",Toi Moi,Toi Moi Store,619,,0.7,InStock,Son 3 günde 500+ ürün satıldı!,3,500,166.7,4.4,5008,4,416,"[""Kargo Bedava""]",1 saat 25 dakika içinde sipariş verirsen en geç bugün kargoda!,refreshed,0,https://www.trendyol.com/toi-moi/2li-avantaj-paketi-koku-hapseden-topaklanan-tozsuz-aktif-karbonlu-bentonit-kedi-kumu-2x10kg-p-751943784?boutiqueId=61&merchantId=667789
supermarket:birlesik-supermarket,200,200,,37.6,21.6,175035441,228039,175035441:228039,TBRUSH Paslanmaz Çelik Dil Temizleyici / Dil Sıyırıcı,TBRUSH,T-BRUSH,105,,,InStock,Son 3 günde 500+ ürün satıldı!,3,500,166.7,4.5,4541,,283,"[""248 TL Kupon"",""74,52 TL Kupon"",""Kargo Bedava"",""Son 10 Günün En Düşük Fiyatı"",""Trendyol Plus'a Özel""]",23 dakika 17 saniye içinde sipariş verirsen en geç bugün kargoda!,refreshed,0,https://www.trendyol.com/tbrush/paslanmaz-celik-dil-temizleyici-dil-siyirici-p-175035441?boutiqueId=61&merchantId=228039
supermarket:birlesik-supermarket,114,114,-8,37.4,22.8,3060502,720131,3060502:720131,"Ocean Plus Omega 3 Balık Yağı - EPA, DHA, OMEGA 3 - 1200 Mg - 50 Kapsül (Emilimi Yüksek Trigliserit Form)",Ocean,FULL4YOU,499.5,504.55,0,InStock,Son 3 günde 500+ ürün satıldı!,3,500,166.7,4.6,3231,-2,3557,"[""Sepette %1 İndirim"",""Kargo Bedava""]",Tahmini Teslim:,refreshed,0,https://www.trendyol.com/ocean/plus-omega-3-balik-yagi-epa-dha-omega-3-1200-mg-50-kapsul-emilimi-yuksek-trigliserit-form-p-3060502?boutiqueId=61&merchantId=720131
supermarket:birlesik-supermarket,181,181,-11,37.3,31.9,1117011677,998533,1117011677:998533,Sleepy Meyve Serisi Yüzey Temizlik Havlusu Mendili Portakal+Ananas+Pomelo 3x100 (300 Yaprak),Sleepy,HORON TOPTAN,247.5,275,-17.5,InStock,Son 3 günde 500+ ürün satıldı!,3,500,166.7,4.5,233,7,23,"[""Sepette %10 İndirim"",""Kargo Bedava"",""Trendyol Plus'a Özel""]",Tahmini Teslim:,refreshed,0,https://www.trendyol.com/sleepy/meyve-serisi-yuzey-temizlik-havlusu-mendili-portakal-ananas-pomelo-3x100-300-yaprak-p-1117011677?boutiqueId=61&merchantId=998533
supermarket:birlesik-supermarket,66,66,0,37.2,51.1,787544793,145833,787544793:145833,MissClean ( 3 Adet ) Kahverengi Mikrofiber Mutfak Temizlik Bezi 40*40 Cm Leke Tutmaz Koku Yapmaz,MissClean,MissClean,199.9,,16.6,InStock,Son 3 günde 1B+ ürün satıldı!,3,1000,333.3,4.4,373,5,74,"[""Kargo Bedava""]",Tahmini Teslim:,refreshed,0,https://www.trendyol.com/missclean/3-adet-kahverengi-mikrofiber-mutfak-temizlik-bezi-40-40-cm-leke-tutmaz-koku-yapmaz-p-787544793?boutiqueId=61&merchantId=145833
supermarket:birlesik-supermarket,86,86,62,37.2,51.1,948350731,1024688,948350731:1024688,ultranatura Ham Kakao Tozu - 125 gr,ultranatura,Daily Organics,349,,31.5,InStock,Son 3 günde 1B+ ürün satıldı!,3,1000,333.3,4.5,368,1,157,"[""489,90 TL Kupon"",""269 TL Kupon"",""Kargo Bedava"",""Son 10 Günün En Düşük Fiyatı"",""Trendyol Plus'a Özel""]",1 saat 26 dakika içinde sipariş verirsen en geç bugün kargoda!,refreshed,0,https://www.trendyol.com/ultranatura/ham-kakao-tozu-125-gr-p-948350731?boutiqueId=61&merchantId=1024688
supermarket:birlesik-supermarket,134,134,13,37.1,22.1,34764581,315841,34764581:315841,Marvis Smokers Whitening Mint 85 ml – Sigara İçenler İçin Doğal Beyazlık,Marvis,Pharmacity,639,,0,InStock,Son 3 günde 500+ ürün satıldı!,3,500,166.7,4.4,3962,-3,903,"[""Kargo Bedava""]",2 saat 24 dakika içinde sipariş verirsen en geç bugün kargoda!,refreshed,0,https://www.trendyol.com/marvis/smokers-whitening-mint-85-ml-sigara-icenler-icin-dogal-beyazlik-p-34764581?boutiqueId=61&merchantId=315841
supermarket:birlesik-supermarket,139,139,-10,37.1,22.1,695807899,106852,695807899:106852,Siveno %100 Doğal Roll-on Beyazlatıcı Etkili Deodorant Ter Kokusu Önleyici Bitkisel Lekesiz Vegan 50 ml,Siveno,Siveno,299.9,,0,InStock,Son 3 günde 500+ ürün satıldı!,3,500,166.7,4.5,3929,2,835,"[""Kargo Bedava""]",Tahmini Teslim:,refreshed,0,https://www.trendyol.com/siveno/100-dogal-roll-on-beyazlatici-etkili-deodorant-ter-kokusu-onleyici-bitkisel-lekesiz-vegan-50-ml-p-695807899?boutiqueId=61&merchantId=106852
supermarket:birlesik-supermarket,167,167,24,37.1,22.1,338512661,116376,338512661:116376,Oral-B D103 Vitality Pro Cross Action Şarjlı Diş Fırçası - Siyah,Oral-B,Hepiyisi,1488,,0.1,InStock,Son 3 günde 500+ ürün satıldı!,3,500,166.7,4.6,3910,2,2957,"[""Kargo Bedava"",""Peşin Fiyatına 3 Taksit""]",2 saat 24 dakika içinde sipariş verirsen en geç bugün kargoda!,refreshed,0,https://www.trendyol.com/oral-b/d103-vitality-pro-cross-action-sarjli-dis-fircasi-siyah-p-338512661?boutiqueId=61&merchantId=116376
supermarket:birlesik-supermarket,198,198,-68,37.1,27.1,69101837,370301,69101837:370301,Wefood Karnıyarık Otu (Psyllium) Tozu 200 gr,Wefood,Wefood,411.74,433.41,-30.7,InStock,Son 3 günde 500+ ürün satıldı!,3,500,166.7,4.4,927,10,590,"[""Sepette %5 İndirim"",""Kargo Bedava"",""Son 10 Günün En Düşük Fiyatı"",""Trendyol Plus'a Özel""]",2 saat 23 dakika içinde sipariş verirsen en geç bugün kargoda!,refreshed,0,https://www.trendyol.com/wefood/karniyarik-otu-psyllium-tozu-200-gr-p-69101837?boutiqueId=61&merchantId=370301
supermarket:birlesik-supermarket,41,41,-5,37,55.9,1165218449,1303419,1165218449:1303419,HARMANA Karnıyarık Otu Tozu 150 Gr,HARMANA,Botanica Sağlıklı Yaşam Ürünleri,395.1,,-5.7,InStock,Son 3 günde 1B+ ürün satıldı!,3,1000,333.3,4,344,5,345,"[""Kargo Bedava"",""Trendyol Plus'a Özel""]",Tahmini Teslim:,refreshed,0,https://www.trendyol.com/harmana/karniyarik-otu-tozu-150-gr-p-1165218449?boutiqueId=61&merchantId=1303419
supermarket:birlesik-supermarket,103,103,5,36.9,22.3,655442897,985171,655442897:985171,"Nutraxin Iron Max 17 Mg 30 Tablet - Gentle Iron, Vitamin C, B12, B6, Folik Asit",Nutraxin,PharMega,356.85,,-13.3,InStock,Son 3 günde 500+ ürün satıldı!,3,500,166.7,4.6,3695,4,2566,"[""25 TL Kupon"",""Kargo Bedava"",""Sepette %10 İndirim"",""Trendyol Plus'a Özel""]",25 dakika 42 saniye içinde sipariş verirsen en geç bugün kargoda!,refreshed,0,https://www.trendyol.com/nutraxin/iron-max-17-mg-30-tablet-gentle-iron-vitamin-c-b12-b6-folik-asit-p-655442897?boutiqueId=61&merchantId=985171
supermarket:birlesik-supermarket,128,128,66,36.8,22.4,832814452,315690,832814452:315690,SMARTER Aqua Master Ve Üçgen Aparat Temiz & Kirli Suyu Ayırma Temizlik Seti Mop Paspas Cam Sileceği,SMARTER,SMARTER,1549.9,,14.8,InStock,Son 3 günde 500+ ürün satıldı!,3,500,166.7,4.4,3583,37,1372,"[""250 TL Kupon"",""Kargo Bedava"",""Peşin Fiyatına 3 Taksit""]",3 saat 25 dakika içinde sipariş verirsen en geç bugün kargoda!,refreshed,0,https://www.trendyol.com/smarter/aqua-master-ve-ucgen-aparat-temiz-kirli-suyu-ayirma-temizlik-seti-mop-paspas-cam-silecegi-p-832814452?boutiqueId=61&merchantId=315690
supermarket:birlesik-supermarket,173,173,-9,36.7,22.5,834529801,707288,834529801:707288,ORNATE Karınca Yumurtası Tüy Dökücü Krem (UNİSEX),ORNATE,Beauty Stock,379.99,,0,InStock,Son 3 günde 500+ ürün satıldı!,3,500,166.7,4,3468,3,1893,"[""Kargo Bedava"",""125 TL Kupon"",""75 TL Kupon"",""799,90 TL Kupon"",""Trendyol Plus'a Özel""]",Tahmini Teslim:,refreshed,0,https://www.trendyol.com/ornate/karinca-yumurtasi-tuy-dokucu-krem-unisex-p-834529801?boutiqueId=61&merchantId=707288
supermarket:birlesik-supermarket,199,199,,36.5,22.6,72642289,110026,72642289:110026,Silver Ayakkabı Deodorantı Koku Giderici Önleyici Sprey Fresh Up Unisex 100ml,Silver,Ayakkabı Malzemecim,199.9,,,InStock,Son 3 günde 500+ ürün satıldı!,3,500,166.7,4.6,3363,,150,"[""Kargo Bedava""]",2 saat 23 dakika içinde sipariş verirsen en geç bugün kargoda!,refreshed,0,https://www.trendyol.com/silver/ayakkabi-deodoranti-koku-giderici-onleyici-sprey-fresh-up-unisex-100ml-p-72642289?boutiqueId=61&merchantId=110026
supermarket:birlesik-supermarket,179,179,10,36.3,22.9,44061835,293398,44061835:293398,Direct NEXUS Dual Kulaktan & Alından Ateş Ölçer,Direct NEXUS,Farmahanem,1049,,0,InStock,Son 3 günde 500+ ürün satıldı!,3,500,166.7,4.6,3088,-1,1210,"[""Kargo Bedava"",""Peşin Fiyatına 3 Taksit"",""Son 10 Günün En Düşük Fiyatı""]",1 saat 23 dakika içinde sipariş verirsen en geç bugün kargoda!,refreshed,0,https://www.trendyol.com/direct-nexus/dual-kulaktan-alindan-ates-olcer-p-44061835?boutiqueId=61&merchantId=293398
supermarket:birlesik-supermarket,150,150,8,36.2,23,6900917,108328,6900917:108328,Molfix İzotonik Sulu Islak Mendil Ferah Temizlik 720 Adet,Molfix,Defne Bebek,547.99,,-0.4,InStock,Son 3 günde 500+ ürün satıldı!,3,500,166.7,4.7,3005,-6,445,"[""Kargo Bedava"",""Sepette %15 İndirim"",""Sepette %35 İndirim"",""Son 10 Günün En Düşük Fiyatı"",""Trendyol Plus'a Özel""]",4 saat 24 dakika içinde sipariş verirsen en geç bugün kargoda!,refreshed,0,https://www.trendyol.com/molfix/izotonik-sulu-islak-mendil-ferah-temizlik-720-adet-p-6900917?boutiqueId=61&merchantId=108328
supermarket:birlesik-supermarket,98,98,20,35.5,23.7,1014998885,1281196,1014998885:1281196,Glint Çok Amaçlı Bitkisel İçerikli Temizleyici 1 Litre Leke ve Yağ Temizliği,Glint,ARVENTO,110,,,InStock,Son 3 günde 500+ ürün satıldı!,3,500,166.7,4.5,2467,1,452,"[""Kargo Bedava"",""Son 10 Günün En Düşük Fiyatı""]",Tahmini Teslim:,refreshed,0,https://www.trendyol.com/glint/cok-amacli-bitkisel-icerikli-temizleyici-1-litre-leke-ve-yag-temizligi-p-1014998885?boutiqueId=61&merchantId=1281196
supermarket:birlesik-supermarket,99,99,-25,35.5,23.7,802679116,836716,802679116:836716,Nutriful İbni Sina Sirkengebin Prebiyotik Sirkesi,Nutriful,Nutriful Premium,549,,0,InStock,Son 3 günde 500+ ürün satıldı!,3,500,166.7,4,2485,5,1239,"[""Kargo Bedava"",""50 TL Kupon"",""349 TL Kupon"",""Son 10 Günün En Düşük Fiyatı"",""Trendyol Plus'a Özel""]",25 dakika 51 saniye içinde sipariş verirsen en geç bugün kargoda!,refreshed,0,https://www.trendyol.com/nutriful/ibni-sina-sirkengebin-prebiyotik-sirkesi-p-802679116?boutiqueId=61&merchantId=836716
supermarket:birlesik-supermarket,186,186,3,35.5,27.3,919959811,776130,919959811:776130,Pro Plan Proplan sterilised kısırlaştırılmış somonlu kedi maması 2 kg (5 adet 400 gr ),Pro Plan,RİOBONGO,965.74,1002,-4.9,InStock,Son 3 günde 500+ ürün satıldı!,3,500,166.7,4.7,887,24,668,"[""Kargo Bedava"",""Son 10 Günün En Düşük Fiyatı"",""Son 10 günün en düşük fiyatı""]",2 saat 23 dakika içinde sipariş verirsen en geç bugün kargoda!,refreshed,0,https://www.trendyol.com/pro-plan/proplan-sterilised-kisirlastirilmis-somonlu-kedi-mamasi-2-kg-5-adet-400-gr-p-919959811?boutiqueId=61&merchantId=776130
supermarket:birlesik-supermarket,190,190,-12,35.5,23.7,750115,279884,750115:279884,Royal Canin Sterilised37 Kısırlaştırılmış Yetişkin Kedi Maması 4 Kg,Royal Canin,HARBiMAMA,2130,,,InStock,Son 3 günde 500+ ürün satıldı!,3,500,166.7,4.6,2488,2488,3218,"[""Kargo Bedava"",""Peşin Fiyatına 3 Taksit""]",Tahmini Teslim:,refreshed,0,https://www.trendyol.com/royal-canin/sterilised37-kisirlastirilmis-yetiskin-kedi-mamasi-4-kg-p-750115?boutiqueId=61&merchantId=279884
supermarket:birlesik-supermarket,127,127,10,35.4,23.7,853014537,137544,853014537:137544,İndirimKap Diş Beyazlatıcı ve Diş Silgisi Ortodonti Diş Fırçası Diş Leke Tartar Çıkarıcı Ağız Bakım Fırçası,İndirimKap,Eymen Ticaret,74.96,,0,InStock,Son 3 günde 500+ ürün satıldı!,3,500,166.7,3.7,2447,1,401,"[""Kargo Bedava""]",1 saat 25 dakika içinde sipariş verirsen en geç bugün kargoda!,refreshed,0,https://www.trendyol.com/indirimkap/dis-beyazlatici-ve-dis-silgisi-ortodonti-dis-fircasi-dis-leke-tartar-cikarici-agiz-bakim-fircasi-p-853014537?boutiqueId=61&merchantId=137544
supermarket:birlesik-supermarket,187,187,6,35.4,23.8,313989125,114477,313989125:114477,Agarta Doğal Arındırıcı Yüz Temizleme Jeli Yağlı Ve Karma Cilt 400 ml,Agarta,Minimarketim,334,,0,InStock,Son 3 günde 500+ ürün satıldı!,3,500,166.7,4.5,2387,-5,1178,"[""Kargo Bedava"",""Son 10 Günün En Düşük Fiyatı"",""Trendyol Plus'a Özel""]",5 saat 23 dakika içinde sipariş verirsen en geç bugün kargoda!,refreshed,0,https://www.trendyol.com/agarta/dogal-arindirici-yuz-temizleme-jeli-yagli-ve-karma-cilt-400-ml-p-313989125?boutiqueId=61&merchantId=114477
supermarket:birlesik-supermarket,118,118,-5,35.1,24.1,896257220,1125806,896257220:1125806,EPİFY Epify Cilt Beyazlatıcı Peeling Etkili Glutatyon Shot,EPİFY,Epify,579,,0,InStock,Son 3 günde 500+ ürün satıldı!,3,500,166.7,3.5,2204,2,1767,"[""Kargo Bedava"",""262,95 TL Kupon"",""433 TL Kupon"",""360 TL Kupon"",""351 TL Kupon"",""299,99 TL Kupon"",""Son 10 Günün En Düşük Fiyatı"",""Trendyol Plus'a Özel""]",Tahmini Teslim:,refreshed,0,https://www.trendyol.com/epify/epify-cilt-beyazlatici-peeling-etkili-glutatyon-shot-p-896257220?boutiqueId=61&merchantId=1125806
supermarket:birlesik-supermarket,185,185,-3,35.1,24.1,6709428,337532,6709428:337532,"Nutraxin Omega 3 2000 Mg 60 Softjel - Balık Yağı, EPA 720, DHA 480 Mg",Nutraxin,Pharmasya Kozmetik ve Sağlık,509.4,,-10,InStock,Son 3 günde 500+ ürün satıldı!,3,500,166.7,4.6,2193,2,1451,"[""Kargo Bedava"",""Sepette %10 İndirim"",""Trendyol Plus'a Özel""]",3 saat 23 dakika içinde sipariş verirsen en geç bugün kargoda!,refreshed,0,https://www.trendyol.com/nutraxin/omega-3-2000-mg-60-softjel-balik-yagi-epa-720-dha-480-mg-p-6709428?boutiqueId=61&merchantId=337532
supermarket:birlesik-supermarket,59,59,22,35,53.4,229422487,755049,229422487:755049,Ravla Karadut Özü - 340g,Ravla,Ravla,400,,0,InStock,Son 3 günde 1B+ ürün satıldı!,3,1000,333.3,4.5,193,2,91,"[""Kargo Bedava""]",Tahmini Teslim:,refreshed,0,https://www.trendyol.com/ravla/karadut-ozu-340g-p-229422487?boutiqueId=61&merchantId=755049
supermarket:birlesik-supermarket,115,115,-17,34.9,24.2,994448280,1259078,994448280:1259078,STOP Forte Cam Temizleyici Sprey 750 ml,STOP Forte,MARKA FABRİKASI,179,,0,InStock,Son 3 günde 500+ ürün satıldı!,3,500,166.7,4.1,2105,2,113,"[""Kargo Bedava"",""Son 10 Günün En Düşük Fiyatı"",""Trendyol Plus'a Özel""]",Tahmini Teslim:,refreshed,0,https://www.trendyol.com/stop-forte/cam-temizleyici-sprey-750-ml-p-994448280?boutiqueId=61&merchantId=1259078
supermarket:birlesik-supermarket,142,142,-23,34.9,24.3,816244810,638780,816244810:638780,BEYZANA 100 Adet Pratik Tazeliği Koruyan Tencere ve Tabak Bonesi | Çok Amaçlı Kapak Gıda Bonesi,BEYZANA,BEYZANA,49.99,,0,InStock,Son 3 günde 500+ ürün satıldı!,3,500,166.7,4.4,2074,0,162,"[""Kargo Bedava""]",Tahmini Teslim:,refreshed,0,https://www.trendyol.com/beyzana/100-adet-pratik-tazeligi-koruyan-tencere-ve-tabak-bonesi-cok-amacli-kapak-gida-bonesi-p-816244810?boutiqueId=61&merchantId=638780
supermarket:birlesik-supermarket,112,112,3,34.7,24.5,343728564,503107,343728564:503107,"Oithox Plus Ul 1 Lt Hamam Böceği,Karınca,Kokarca,Gümüş Böceği,Kene,Bit,Sivrisinek, Karasinek,Haşere Ilacı",Oithox,Oithox,386.1,,0,InStock,Son 3 günde 500+ ürün satıldı!,3,500,166.7,4.2,1975,4,2654,"[""15 TL Kupon"",""Kargo Bedava"",""Trendyol Plus'a Özel""]",3 saat 25 dakika içinde sipariş verirsen en geç bugün kargoda!,refreshed,0,https://www.trendyol.com/oithox/plus-ul-1-lt-hamam-bocegi-karinca-kokarca-gumus-bocegi-kene-bit-sivrisinek-karasinek-hasere-ilaci-p-343728564?boutiqueId=61&merchantId=503107
supermarket:birlesik-supermarket,161,161,19,34.5,24.6,902126483,450512,902126483:450512,obido Lavine Click Mop 32cm Büyük Boy Asansörlü Mekanizma - 4XL Islak Havlu İle Uyumlu - 8 Adet Bez Hediye,obido,obido,559.92,,10.5,InStock,Son 3 günde 500+ ürün satıldı!,3,500,166.7,4.4,1885,2,469,"[""Kargo Bedava"",""Trendyol Plus'a Özel""]",Tahmini Teslim:,refreshed,0,https://www.trendyol.com/obido/lavine-click-mop-32cm-buyuk-boy-asansorlu-mekanizma-4xl-islak-havlu-ile-uyumlu-8-adet-bez-hediye-p-902126483?boutiqueId=61&merchantId=450512
supermarket:birlesik-supermarket,197,197,-13,34.5,24.7,833021021,246399,833021021:246399,SAVORYHOME Silikon Ayak Bakım Çorabı Nemlendirici Jel Çorap Çatlak Önleyici Ölü Deri Atıcı Çorap,SAVORYHOME,Koza Gift,45.5,,,InStock,Son 3 günde 500+ ürün satıldı!,3,500,166.7,3.8,1838,1,409,"[""15 TL Kupon"",""Sepette %1 İndirim"",""Kargo Bedava""]",23 dakika 22 saniye içinde sipariş verirsen en geç bugün kargoda!,refreshed,0,https://www.trendyol.com/savoryhome/silikon-ayak-bakim-corabi-nemlendirici-jel-corap-catlak-onleyici-olu-deri-atici-corap-p-833021021?boutiqueId=61&merchantId=246399
supermarket:birlesik-supermarket,108,108,24,34.4,24.8,902972969,106852,902972969:106852,Siveno %100 Doğal Yenidoğan Bebek Çocuk Jel Şampuanı Saç Vücut Konak Önleyici 325 ml,Siveno,Siveno,349.9,,17.9,InStock,Son 3 günde 500+ ürün satıldı!,3,500,166.7,4.5,1807,2,536,"[""Kargo Bedava""]",Tahmini Teslim:,refreshed,0,https://www.trendyol.com/siveno/100-dogal-yenidogan-bebek-cocuk-jel-sampuani-sac-vucut-konak-onleyici-325-ml-p-902972969?boutiqueId=61&merchantId=106852
supermarket:birlesik-supermarket,143,143,-27,34.3,28.4,1126083719,834076,1126083719:834076,Alaçatı Değirmeni Silifke Limon Özü L-Karnitin İçeren Sıvı İçecek 250 ml,Alaçatı Değirmeni,Orient,183.12,190,0,InStock,Son 3 günde 500+ ürün satıldı!,3,500,166.7,4.6,628,1,108,"[""Son 10 Günün En Düşük Fiyatı"",""Kargo Bedava"",""Son 10 günün en düşük fiyatı""]",Tahmini Teslim:,refreshed,0,https://www.trendyol.com/alacati-degirmeni/silifke-limon-ozu-l-karnitin-iceren-sivi-icecek-250-ml-p-1126083719?boutiqueId=61&merchantId=834076
supermarket:birlesik-supermarket,117,117,-8,33.9,25.3,742990366,393810,742990366:393810,anocin Akkermansia Muciniphila Probiyotik + Prebiyotik + Postbiyotik + inulin . x6 kat daha çok akkermansia,anocin,Anocin Resmi,779,,0,InStock,Son 3 günde 500+ ürün satıldı!,3,500,166.7,4.3,1576,1,1570,"[""50 TL Kupon"",""Kargo Bedava""]",2 saat 25 dakika içinde sipariş verirsen en geç bugün kargoda!,refreshed,0,https://www.trendyol.com/anocin/akkermansia-muciniphila-probiyotik-prebiyotik-postbiyotik-inulin-x6-kat-daha-cok-akkermansia-p-742990366?boutiqueId=61&merchantId=393810
supermarket:birlesik-supermarket,140,140,0,33.8,25.3,993932462,897822,993932462:897822,Biorgin Collagen+Biotin Anti Hairloss Şampuan 400ML,Biorgin,,649,,0,InStock,Son 3 günde 500+ ürün satıldı!,3,500,166.7,3.9,1545,0,530,"[""Kargo Bedava""]",24 dakika 49 saniye içinde sipariş verirsen en geç bugün kargoda!,refreshed,0,https://www.trendyol.com/biorgin/collagen-biotin-anti-hairloss-sampuan-400ml-p-993932462?boutiqueId=61&merchantId=897822
supermarket:birlesik-supermarket,49,49,-11,33.5,55.4,905476632,930650,905476632:930650,Sibelon Professionel Kağıt Tırnak Törpü 100/180 1 Adet,Sibelon,SibelON,14.99,,-3.6,InStock,Son 3 günde 1B+ ürün satıldı!,3,1000,333.3,4.7,125,2,25,"[""Kargo Bedava""]",Tahmini Teslim:,refreshed,0,https://www.trendyol.com/sibelon/professionel-kagit-tirnak-torpu-100-180-1-adet-p-905476632?boutiqueId=61&merchantId=930650
supermarket:birlesik-supermarket,132,132,23,33.1,27,1011260269,370301,1011260269:370301,Wefood Ham Kakao Tozu 140 gr,Wefood,Wefood,252.34,254.87,0,InStock,Son 3 günde 500+ ürün satıldı!,3,500,166.7,4.7,946,1,235,"[""Son 10 Günün En Düşük Fiyatı"",""699,49 TL Kupon"",""Kargo Bedava"",""Son 10 günün en düşük fiyatı""]",2 saat 25 dakika içinde sipariş verirsen en geç bugün kargoda!,refreshed,0,https://www.trendyol.com/wefood/ham-kakao-tozu-140-gr-p-1011260269?boutiqueId=61&merchantId=370301
supermarket:birlesik-supermarket,169,169,-20,32.9,26.3,1064421606,949556,1064421606:949556,"Exland S01 Ortopedik Tabanlık – Şok Emici, Ark ve Topuk Destekli Siyah Günlük Ayakkabı İçi Tabanlık",Exland,Exland,162.68,,-8.7,InStock,Son 3 günde 500+ ürün satıldı!,3,500,166.7,4.2,1164,10,445,"[""Kargo Bedava""]",3 saat 24 dakika içinde sipariş verirsen en geç bugün kargoda!,refreshed,0,https://www.trendyol.com/exland/s01-ortopedik-tabanlik-sok-emici-ark-ve-topuk-destekli-siyah-gunluk-ayakkabi-ici-tabanlik-p-1064421606?boutiqueId=61&merchantId=949556
supermarket:birlesik-supermarket,178,178,5,32.7,26.5,947262154,106852,947262154:106852,Siveno %100 Doğal Bebek Pişik Önleyici Krem Çinko PCA Yenidoğan Koruyucu & Hassas Onarıcı Bakım Kremi 50 ml,Siveno,Siveno,199.9,,0,InStock,Son 3 günde 500+ ürün satıldı!,3,500,166.7,4.5,1113,2,125,"[""Kargo Bedava""]",Tahmini Teslim:,refreshed,0,https://www.trendyol.com/siveno/100-dogal-bebek-pisik-onleyici-krem-cinko-pca-yenidogan-koruyucu-hassas-onarici-bakim-kremi-50-ml-p-947262154?boutiqueId=61&merchantId=106852
supermarket:birlesik-supermarket,121,121,18,32.5,26.7,304909047,602843,304909047:602843,Depend Emici Külot Büyük Boy Large 42-50 Beden 9 Adet (95-130 CM BEL ÖLÇÜSÜ),Depend,Hangar Express,197.9,,0,InStock,Son 3 günde 500+ ürün satıldı!,3,500,166.7,4.7,1047,4,451,"[""Kargo Bedava"",""Son 10 Günün En Düşük Fiyatı""]",Tahmini Teslim:,refreshed,0,https://www.trendyol.com/depend/emici-kulot-buyuk-boy-large-42-50-beden-9-adet-95-130-cm-bel-olcusu-p-304909047?boutiqueId=61&merchantId=602843
supermarket:birlesik-supermarket,195,195,-7,32.3,26.9,847749014,924780,847749014:924780,Pro Action Kayganlaştırıcı Jel 150ML Strawberry -çilek Premium Quality,Pro Action,PRO ACTION,199.9,,0,InStock,Son 3 günde 500+ ürün satıldı!,3,500,166.7,4.3,989,8,529,"[""Kargo Bedava""]",1 saat 23 dakika içinde sipariş verirsen en geç bugün kargoda!,refreshed,0,https://www.trendyol.com/pro-action/kayganlastirici-jel-150ml-strawberry-cilek-premium-quality-p-847749014?boutiqueId=61&merchantId=924780
supermarket:birlesik-supermarket,172,172,3,32.1,27.1,972308806,963045,972308806:963045,MONFİT Göbek Bandı,MONFİT,MONFİT,446.21,,-5,InStock,Son 3 günde 500+ ürün satıldı!,3,500,166.7,3.9,935,13,1250,"[""Kargo Bedava""]",Tahmini Teslim:,refreshed,0,https://www.trendyol.com/monfit/gobek-bandi-p-972308806?boutiqueId=61&merchantId=963045
supermarket:birlesik-supermarket,105,105,-16,32,27.1,1142666373,1303419,1142666373:1303419,HARMANA D21 Lemon Cure 250 ml,HARMANA,Botanica Sağlıklı Yaşam Ürünleri,314.1,,-6,InStock,Son 3 günde 500+ ürün satıldı!,3,500,166.7,4.1,914,3,532,"[""Kargo Bedava"",""Trendyol Plus'a Özel""]",Tahmini Teslim:,refreshed,0,https://www.trendyol.com/harmana/d21-lemon-cure-250-ml-p-1142666373?boutiqueId=61&merchantId=1303419
supermarket:birlesik-supermarket,131,131,12,32,27.1,866179587,685806,866179587:685806,DEMPOWER Şarjlı Ayak Törpüsü - Pedikür ve Ayak Bakım Aleti,DEMPOWER,İndirimSevinci,328,,0,InStock,Son 3 günde 500+ ürün satıldı!,3,500,166.7,4,919,8,322,"[""Kargo Bedava"",""Trendyol Plus'a Özel""]",2 saat 25 dakika içinde sipariş verirsen en geç bugün kargoda!,refreshed,0,https://www.trendyol.com/dempower/sarjli-ayak-torpusu-pedikur-ve-ayak-bakim-aleti-p-866179587?boutiqueId=61&merchantId=685806
supermarket:birlesik-supermarket,148,148,-13,31.9,27.3,982021345,830154,982021345:830154,CALLİEL Cilde Nüfuzu Kolaylaştıran Pamuk Tonik Pad 160 Adet,CALLİEL,Calliel,284.9,,0,InStock,Son 3 günde 500+ ürün satıldı!,3,500,166.7,4.5,879,30,90,"[""Sepette %1 İndirim"",""Kargo Bedava"",""Trendyol Plus'a Özel""]",5 saat 24 dakika içinde sipariş verirsen en geç bugün kargoda!,refreshed,0,https://www.trendyol.com/calliel/cilde-nufuzu-kolaylastiran-pamuk-tonik-pad-160-adet-p-982021345?boutiqueId=61&merchantId=830154
supermarket:birlesik-supermarket,75,75,-13,31.8,27.4,854892411,994079,854892411:994079,Dermojin Hünnap Bitkisel Karışım Yağlar Içeren Takviye Edici Soft Jel Kapsül,Dermojin,Viyora,365,,-3,InStock,Son 3 günde 500+ ürün satıldı!,3,500,166.7,4.4,846,2,328,"[""Kargo Bedava"",""Sepette %30 İndirim"",""889 TL Kupon"",""Trendyol Plus'a Özel""]",3 saat 26 dakika içinde sipariş verirsen en geç bugün kargoda!,refreshed,0,https://www.trendyol.com/dermojin/hunnap-bitkisel-karisim-yaglar-iceren-takviye-edici-soft-jel-kapsul-p-854892411?boutiqueId=61&merchantId=994079
supermarket:birlesik-supermarket,177,177,-6,31.5,27.7,250803322,419340,250803322:419340,SİLVER HOME Mikrofiber 3lü Dekoratif Cam Bezi,SİLVER HOME,silverhome,199.9,,0,InStock,Son 3 günde 500+ ürün satıldı!,3,500,166.7,4.7,779,4,135,"[""Sepette %2 İndirim"",""Kargo Bedava""]",1 saat 23 dakika içinde sipariş verirsen en geç bugün kargoda!,refreshed,0,https://www.trendyol.com/silver-home/mikrofiber-3lu-dekoratif-cam-bezi-p-250803322?boutiqueId=61&merchantId=419340
supermarket:birlesik-supermarket,84,84,-11,31.2,58.6,1164224843,985455,1164224843:985455,Zühre Ana Doğal Karnıyarık Otu (Psyllium) Tozu 30 saşe x 5gr,Zühre Ana,İndirimshop,492.48,499.9,0,InStock,Son 3 günde 1B+ ürün satıldı!,3,1000,333.3,4.3,42,2,56,"[""Kargo Bedava"",""Son 10 Günün En Düşük Fiyatı"",""Son 10 günün en düşük fiyatı""]",Tahmini Teslim:,refreshed,0,https://www.trendyol.com/zuhre-ana/dogal-karniyarik-otu-psyllium-tozu-30-sase-x-5gr-p-1164224843?boutiqueId=61&merchantId=985455
supermarket:birlesik-supermarket,109,109,-41,31.1,28.1,797591603,380979,797591603:380979,AYGÖREN HOME Çok Amaçlı Multi İnce Temizlik Fırçası Derz Arası Banyo Mutfak Lavabo Detay Temizleme Fırçası 1 ADET,AYGÖREN HOME,Mutlu Pastacılık ve Malzemeleri,48.62,,0,InStock,Son 3 günde 500+ ürün satıldı!,3,500,166.7,4.4,694,1,18,"[""Kargo Bedava""]",Tahmini Teslim:,refreshed,0,https://www.trendyol.com/aygoren-home/cok-amacli-multi-ince-temizlik-fircasi-derz-arasi-banyo-mutfak-lavabo-detay-temizleme-fircasi-1-adet-p-797591603?boutiqueId=61&merchantId=380979
supermarket:birlesik-supermarket,156,156,9,30.9,28.2,1019020085,165382,1019020085:165382,Kiyomi Rice Paper / Pirinç Yufkası - 22 cm - 200 gr,Kiyomi,Elisa Gıda,199,,0,InStock,Son 3 günde 500+ ürün satıldı!,3,500,166.7,4.6,667,1,202,"[""Kargo Bedava""]",Tahmini Teslim:,refreshed,0,https://www.trendyol.com/kiyomi/rice-paper-pirinc-yufkasi-22-cm-200-gr-p-1019020085?boutiqueId=61&merchantId=165382
supermarket:birlesik-supermarket,136,136,43,30.6,28.6,1130310340,126383,1130310340:126383,Swedent Gurme Serisi Bitter Çikolata Sos Gerçek Kakao ile Zengin ve Akışkan Kıvam,Swedent,KOREACO,269,,0,InStock,Son 3 günde 500+ ürün satıldı!,3,500,166.7,4.3,605,10,173,"[""Kargo Bedava"",""Trendyol Plus'a Özel""]",24 dakika 53 saniye içinde sipariş verirsen en geç bugün kargoda!,refreshed,0,https://www.trendyol.com/swedent/gurme-serisi-bitter-cikolata-sos-gercek-kakao-ile-zengin-ve-akiskan-kivam-p-1130310340?boutiqueId=61&merchantId=126383
supermarket:birlesik-supermarket,157,157,-3,30.4,28.7,834860092,337532,834860092:337532,Nutraxin Magnezyum Complex 60 Tablet 2 Adet,Nutraxin,Pharmasya Kozmetik ve Sağlık,785.5,,0,InStock,Son 3 günde 500+ ürün satıldı!,3,500,166.7,4.7,576,5,385,"[""Kargo Bedava""]",3 saat 24 dakika içinde sipariş verirsen en geç bugün kargoda!,refreshed,0,https://www.trendyol.com/nutraxin/magnezyum-complex-60-tablet-2-adet-p-834860092?boutiqueId=61&merchantId=337532
supermarket:birlesik-supermarket,110,110,-8,30.2,29,809422985,419340,809422985:419340,SİLVER HOME SİLVERHOME Süper Mop Emici Havlu Ucu 55*105,SİLVER HOME,silverhome,199.9,,38.9,InStock,Son 3 günde 500+ ürün satıldı!,3,500,166.7,4.5,538,3,131,"[""Sepette %2 İndirim"",""154,26 TL Kupon"",""189,45 TL Kupon"",""299 TL Kupon"",""Kargo Bedava"",""Son 10 Günün En Düşük Fiyatı"",""Trendyol Plus'a Özel""]",1 saat 25 dakika içinde sipariş verirsen en geç bugün kargoda!,refreshed,0,https://www.trendyol.com/silver-home/silverhome-super-mop-emici-havlu-ucu-55-105-p-809422985?boutiqueId=61&merchantId=419340
supermarket:birlesik-supermarket,192,192,,30.2,29,816345552,1024688,816345552:1024688,MOMORDİCA EDK (Enginar-Devedikeni-Karahindiba) Kapsül,MOMORDİCA,Daily Organics,399.9,,,InStock,Son 3 günde 500+ ürün satıldı!,3,500,166.7,4.1,538,,472,"[""Kargo Bedava"",""399 TL Kupon"",""Son 10 Günün En Düşük Fiyatı"",""Trendyol Plus'a Özel""]",1 saat 23 dakika içinde sipariş verirsen en geç bugün kargoda!,refreshed,0,https://www.trendyol.com/momordica/edk-enginar-devedikeni-karahindiba-kapsul-p-816345552?boutiqueId=61&merchantId=1024688
supermarket:birlesik-supermarket,91,91,14,29.8,29.4,1152854701,454496,1152854701:454496,Miss ÇAMAŞIR DETERJANI ARAP SABUNU ETKİLİ 3 ADET,Miss,KARGOLANDI,673.28,,-3.8,InStock,Son 3 günde 500+ ürün satıldı!,3,500,166.7,4.4,484,8,160,"[""Kargo Bedava""]",Tahmini Teslim:,refreshed,0,https://www.trendyol.com/miss/camasir-deterjani-arap-sabunu-etkili-3-adet-p-1152854701?boutiqueId=61&merchantId=454496
supermarket:birlesik-supermarket,163,163,,29.7,34.8,1104455159,879182,1104455159:879182,Enshall Şarjlı El Yoğurma Hissiyatlı Boyun Omuz ve Sırt Masaj Aleti – Rahatlatıcı Masaj Cihazı,Enshall,EnshallShop,1695.5,1789.88,,InStock,Son 3 günde 500+ ürün satıldı!,3,500,166.7,4.8,101,,75,"[""Kargo Bedava"",""Son 10 Günün En Düşük Fiyatı"",""Peşin Fiyatına 3 Taksit"",""Son 10 günün en düşük fiyatı""]",Tahmini Teslim:,refreshed,0,https://www.trendyol.com/enshall/sarjli-el-yogurma-hissiyatli-boyun-omuz-ve-sirt-masaj-aleti-rahatlatici-masaj-cihazi-p-1104455159?boutiqueId=61&merchantId=879182
supermarket:birlesik-supermarket,188,188,,29.4,29.8,901901783,203227,901901783:203227,FORX5 MAGIC KARIŞIK BİTKİ TOZU – Orijinal Hologramlı,FORX5,mi-center,1650,,,InStock,Son 3 günde 500+ ürün satıldı!,3,500,166.7,4,431,,2067,"[""Kargo Bedava"",""50 TL Kupon"",""15 TL Kupon"",""Trendyol Plus'a Özel""]",23 dakika 36 saniye içinde sipariş verirsen en geç bugün kargoda!,refreshed,0,https://www.trendyol.com/forx5/magic-karisik-bitki-tozu-orijinal-hologramli-p-901901783?boutiqueId=61&merchantId=203227
supermarket:birlesik-supermarket,160,160,-46,29.1,30.1,31894749,450266,31894749:450266,"Bioblas Onarıcı Bakım Saç Dökülmesine Karşı Phytokeratin Şampuan 1.000 Ml - Keratin Bakım, Yıpranmış Saçlar",Bioblas,AZİZDEN,267,,,InStock,Son 3 günde 500+ ürün satıldı!,3,500,166.7,4.4,392,3,176,"[""Sepette %15 İndirim"",""Sepette %25 İndirim"",""Kargo Bedava"",""Son 10 Günün En Düşük Fiyatı""]",24 dakika 19 saniye içinde sipariş verirsen en geç bugün kargoda!,refreshed,0,https://www.trendyol.com/bioblas/onarici-bakim-sac-dokulmesine-karsi-phytokeratin-sampuan-1-000-ml-keratin-bakim-yipranmis-saclar-p-31894749?boutiqueId=61&merchantId=450266
supermarket:birlesik-supermarket,158,158,5,28.9,30.3,1090223396,1178810,1090223396:1178810,Air Wick Elektrikli Oda Kokusu Yedek Şişe Sakura Bahçesi,Air Wick,Air Wick,199.9,,0,InStock,Son 3 günde 500+ ürün satıldı!,3,500,166.7,4.4,373,1,102,"[""Kargo Bedava""]",1 saat 24 dakika içinde sipariş verirsen en geç bugün kargoda!,refreshed,0,https://www.trendyol.com/air-wick/elektrikli-oda-kokusu-yedek-sise-sakura-bahcesi-p-1090223396?boutiqueId=61&merchantId=1178810
supermarket:birlesik-supermarket,196,196,-75,28.1,16.5,803840689,638780,803840689:638780,BEYZANA Çok Amaçlı Multi Ince Temizlik Fırçası Derz Arası Banyo Mutfak Lavabo Detay Temizleme Fırçası 1 Adet,BEYZANA,BEYZANA,49.9,,0,InStock,Son 3 günde 250+ ürün satıldı!,3,250,83.3,4.5,967,1,57,"[""Kargo Bedava""]",Tahmini Teslim:,refreshed,0,https://www.trendyol.com/beyzana/cok-amacli-multi-ince-temizlik-fircasi-derz-arasi-banyo-mutfak-lavabo-detay-temizleme-fircasi-1-adet-p-803840689?boutiqueId=61&merchantId=638780
supermarket:birlesik-supermarket,69,69,21,28,60.3,1120681769,755049,1120681769:755049,Ravla Karadut Özü - 690g,Ravla,Ravla,600,,0,InStock,Son 3 günde 1B+ ürün satıldı!,3,1000,333.3,4.1,25,0,4,"[""Kargo Bedava""]",Tahmini Teslim:,refreshed,0,https://www.trendyol.com/ravla/karadut-ozu-690g-p-1120681769?boutiqueId=61&merchantId=755049
supermarket:birlesik-supermarket,104,104,-10,27,32.2,1153637808,419340,1153637808:419340,SİLVER HOME 20'li Rulo Mikrofiber Temizlik Bezi 25x30 cm Çok Amaçlı Kopart Kullan Kaliteli Eko Paket,SİLVER HOME,silverhome,178.29,,0,InStock,Son 3 günde 500+ ürün satıldı!,3,500,166.7,4.6,213,3,39,"[""Sepette %2 İndirim"",""Kargo Bedava""]",1 saat 25 dakika içinde sipariş verirsen en geç bugün kargoda!,refreshed,0,https://www.trendyol.com/silver-home/20-li-rulo-mikrofiber-temizlik-bezi-25x30-cm-cok-amacli-kopart-kullan-kaliteli-eko-paket-p-1153637808?boutiqueId=61&merchantId=419340
supermarket:birlesik-supermarket,182,182,13,26.7,33.5,1130721631,720131,1130721631:720131,Ocean Magnezyum Complex — Bisglisinat - Malat - Sitrat - Taurat & B6 (P5P) Vitamini 60 Tablet,Ocean,FULL4YOU,383.9,387.78,-6.8,InStock,Son 3 günde 500+ ürün satıldı!,3,500,166.7,4.5,148,2,125,"[""Sepette %1 İndirim"",""Kargo Bedava"",""Son 10 Günün En Düşük Fiyatı""]",Tahmini Teslim:,refreshed,0,https://www.trendyol.com/ocean/magnezyum-complex-bisglisinat-malat-sitrat-taurat-b6-p5p-vitamini-60-tablet-p-1130721631?boutiqueId=61&merchantId=720131
supermarket:birlesik-supermarket,126,126,10,24.5,34.6,1054472039,677198,1054472039:677198,Amentes Miini Karakterli Mini Cep Mendil Seti | Renkli Desenli Yumuşak Kağıt Mendil | Hijyenik Tekli Paket,Amentes,Amentes,8.35,,0,InStock,Son 3 günde 500+ ürün satıldı!,3,500,166.7,4,105,1,55,"[""74,99 TL Kupon"",""Kargo Bedava"",""Son 10 Günün En Düşük Fiyatı"",""Trendyol Plus'a Özel""]",3 saat 25 dakika içinde sipariş verirsen en geç bugün kargoda!,refreshed,0,https://www.trendyol.com/amentes/miini-karakterli-mini-cep-mendil-seti-renkli-desenli-yumusak-kagit-mendil-hijyenik-tekli-paket-p-1054472039?boutiqueId=61&merchantId=677198
supermarket:birlesik-supermarket,120,120,,22.3,36.9,1174372536,1295597,1174372536:1295597,Mads Power Clean Cam Temizleyici Sprey 750 ml,Mads Power Clean,Mads Power Clean,279,,,InStock,Son 3 günde 500+ ürün satıldı!,3,500,166.7,5,55,,,"[""Kargo Bedava"",""Son 10 Günün En Düşük Fiyatı""]",Tahmini Teslim:,refreshed,0,https://www.trendyol.com/mads-power-clean/cam-temizleyici-sprey-750-ml-p-1174372536?boutiqueId=61&merchantId=1295597
supermarket:birlesik-supermarket,170,170,-9,22.2,37,1084012844,1216441,1084012844:1216441,Aura Bebe Bebek Burun Aspiratör Yedek Ucu 10 Adet Tüm Markalar ile Uyumlu,Aura Bebe,AuraBebe,74,,0,InStock,Son 3 günde 500+ ürün satıldı!,3,500,166.7,4.4,53,1,41,"[""Kargo Bedava""]",3 saat 24 dakika içinde sipariş verirsen en geç bugün kargoda!,refreshed,0,https://www.trendyol.com/aura-bebe/bebek-burun-aspirator-yedek-ucu-10-adet-tum-markalar-ile-uyumlu-p-1084012844?boutiqueId=61&merchantId=1216441
supermarket:birlesik-supermarket,94,94,29,22,38.2,31891653,720131,31891653:720131,Natural Nest Fishy Balık Yağı Şurup 150 ml- 1500 mg Omega,Natural Nest,FULL4YOU,432.63,437,0,InStock,Son 3 günde 500+ ürün satıldı!,3,500,166.7,4.4,37,1,113,"[""Sepette %1 İndirim"",""Kargo Bedava"",""Sepette %40 İndirim"",""30 TL Kupon"",""870 TL Kupon"",""353,54 TL Kupon"",""Son 10 Günün En Düşük Fiyatı""]",Tahmini Teslim:,refreshed,0,https://www.trendyol.com/natural-nest/fishy-balik-yagi-surup-150-ml-1500-mg-omega-p-31891653?boutiqueId=61&merchantId=720131
supermarket:birlesik-supermarket,164,164,-57,16,43.2,1166146259,1225741,1166146259:1225741,Blender Brand 100 Adet Pratik Tazeliği Koruyan Tencere ve Tabak Bonesi | Çok Amaçlı Kapak Gıda Bonesi Strech Kapak,Blender Brand,BLENDER BRAND,49.9,,0,InStock,Son 3 günde 500+ ürün satıldı!,3,500,166.7,4.6,8,0,12,"[""Kargo Bedava""]",Tahmini Teslim:,refreshed,0,https://www.trendyol.com/blender-brand/100-adet-pratik-tazeligi-koruyan-tencere-ve-tabak-bonesi-cok-amacli-kapak-gida-bonesi-strech-kapak-p-1166146259?boutiqueId=61&merchantId=1225741
supermarket:birlesik-supermarket,144,144,-20,12.2,47,1192195282,761610,1192195282:761610,ROYAL MIX Chunk In Jelly Tavuklu Yetişkin Kedi Maması Konserve 400 Gr,ROYAL MIX,ALFA PETSHOP,29.99,,0,InStock,Son 3 günde 500+ ürün satıldı!,3,500,166.7,4,,0,4,"[""Kargo Bedava"",""Son 10 Günün En Düşük Fiyatı""]",Tahmini Teslim:,refreshed,0,https://www.trendyol.com/royal-mix/chunk-in-jelly-tavuklu-yetiskin-kedi-mamasi-konserve-400-gr-p-1192195282?boutiqueId=61&merchantId=761610
