variant_id,variant_label,listing_id,inventory_key,stock_quantity,stock_quantity_source,stock_quantity_kind,stock_observed_at,max_sale_limit,seller_count,seller_count_observed,seller_count_kind,sellers,variants,favorite_count,inventory_decrease,sales_estimate_daily,sales_estimate_weekly,sales_estimate_monthly,sales_estimate_status,sales_estimate_hours,sales_estimate_source,date,captured_at,query,sort,source_segment,source_query,segment_position,source_page,search_position,bestseller_rank,category_rank,rank_scope,rank_scope_position,rank_delta,trend_score,niche_score,product_id,merchant_id,offer_key,title,brand,category,url,seller_name,seller_score,price,original_price,discount_percent,price_delta_percent,currency,campaigns,stock_status,stock_signal,sales_signal,sales_signal_days,sales_signal_min,sales_signal_daily_min,rating,rating_count,review_count,review_delta,question_count,basket_signal,favorite_signal,view_signal,shipping_cost,shipping_currency,handling_days_min,handling_days_max,transit_days_min,transit_days_max,delivery_summary,badge,image_url,properties,sample_review_count,sample_review_avg,detail_status,detail_selection,detail_attempted,detail_refreshed_at,detail_age_days,data_sources,field_availability,detail_ok,detail_error
1462062898,,fc24023b508675da7d8c66c3df8794b4,1056980004:1047736:1462062898:fc24023b508675da7d8c66c3df8794b4,8745,merchantListing.winnerVariant.quantity,reported,2026-09-08T10:32:35.168Z,10,4,4,reported_total,"[{""merchant_id"":""1047736"",""name"":""Özgül Reklam"",""score"":8.9,""price"":18,""variant_id"":""1462062898"",""listing_id"":""fc24023b508675da7d8c66c3df8794b4"",""stock_quantity"":8745},{""merchant_id"":""1156198"",""name"":""Çağlayan Reklam"",""score"":8.7,""price"":19,""variant_id"":""1462062898"",""listing_id"":""ee0af800f694d62002dced35eb34f21c"",""stock_quantity"":169},{""merchant_id"":""804096"",""name"":""ReklamX"",""score"":9.1,""price"":50,""variant_id"":""1462062898"",""listing_id"":""100ca10f494c00304ad2177161b75d66"",""stock_quantity"":87},{""merchant_id"":""1176771"",""name"":""Etiket Dünyası"",""score"":9,""price"":75,""variant_id"":""1462062898"",""listing_id"":""348e13cd3291f1ca07078aa1c4a7241a"",""stock_quantity"":4936}]","[{""variant_id"":""1462062898"",""label"":null,""in_stock"":true,""stock_quantity"":8745,""selected"":true}]",18730,190,189.82,,,estimated,24.02,inventory_net_decrease,2026-09-08,2026-09-08T13:30:55+03:00,otomobil motosiklet,BEST_SELLER,otomobil-motosiklet-cok-satanlar,Trendyol Otomobil & Motosiklet / Çok Satanlar,1,1,1,1,1,otomobil-motosiklet:otomobil-motosiklet-cok-satanlar,1,5,96.9,35.6,1056980004,1047736,1056980004:1047736,ReklamX Otomobil Motosiklet sticker seti 1 adet,ReklamX,Arma Sticker & Fosfor Şerit,https://www.trendyol.com/reklamx/otomobil-motosiklet-sticker-seti-1-adet-p-1056980004,Özgül Reklam,8.9,18,,,0,TRY,"[""Kargo Bedava"",""Trendyol Plus'a Özel""]",InStock,,,,,,3.880630630630631,444,229,1,,,,,4999,TRY,0,1,1,3,Tahmini Teslim:,,https://cdn.dsmcdn.com/ty1797/prod/QC_ENRICHMENT/20251208/22/250c0582-9f49-3d40-8c37-0a866faa7db9/1_org_zoom.jpg,"{""Renk"":""Çok Renkli"",""Menşei"":""TR""}",20,5,refreshed,"[""daily_top""]",true,2026-09-08T10:32:35.169Z,0,"[""search_result_dom"",""product_detail_jsonld"",""product_detail_dom""]","{""variant_id"":""observed"",""variant_label"":""unavailable"",""listing_id"":""observed"",""inventory_key"":""observed"",""stock_quantity"":""observed"",""stock_quantity_source"":""observed"",""stock_quantity_kind"":""observed"",""stock_observed_at"":""observed"",""max_sale_limit"":""observed"",""seller_count"":""observed"",""seller_count_observed"":""observed"",""seller_count_kind"":""observed"",""sellers"":""observed"",""variants"":""observed"",""favorite_count"":""observed"",""inventory_decrease"":""unavailable"",""sales_estimate_daily"":""unavailable"",""sales_estimate_weekly"":""unavailable"",""sales_estimate_monthly"":""unavailable"",""sales_estimate_status"":""unavailable"",""sales_estimate_hours"":""unavailable"",""sales_estimate_source"":""unavailable"",""title"":""observed"",""brand"":""observed"",""seller_name"":""observed"",""seller_score"":""observed"",""price"":""observed"",""original_price"":""unavailable"",""campaigns"":""observed"",""stock_status"":""observed"",""stock_signal"":""unavailable"",""rating"":""observed"",""rating_count"":""observed"",""review_count"":""observed"",""question_count"":""unavailable"",""delivery_summary"":""observed"",""shipping_cost"":""observed"",""properties"":""observed""}",true,
1330021064,,383dd8ae29d22c2f3970759df928f6cf,939791424:1120127:1330021064:383dd8ae29d22c2f3970759df928f6cf,7185,merchantListing.winnerVariant.quantity,reported,2026-09-08T10:32:35.648Z,10,3,3,reported_total,"[{""merchant_id"":""1120127"",""name"":""CLNK TECH"",""score"":8.7,""price"":189.25,""variant_id"":""1330021064"",""listing_id"":""383dd8ae29d22c2f3970759df928f6cf"",""stock_quantity"":7185},{""merchant_id"":""638780"",""name"":""BEYZANA"",""score"":9,""price"":299.99,""variant_id"":""1330021064"",""listing_id"":""dcec02174fd1fd092e9b1249e4bb731a"",""stock_quantity"":4970},{""merchant_id"":""246399"",""name"":""Koza Gift"",""score"":8.8,""price"":299,""variant_id"":""1330021064"",""listing_id"":""d17b8f3c18397773a5b674249a414411"",""stock_quantity"":871}]","[{""variant_id"":""1330021064"",""label"":null,""in_stock"":true,""stock_quantity"":7185,""selected"":true}]",41084,138,137.86,,,estimated,24.02,inventory_net_decrease,2026-09-08,2026-09-08T13:30:55+03:00,otomobil motosiklet,BEST_SELLER,otomobil-motosiklet-cok-satanlar,Trendyol Otomobil & Motosiklet / Çok Satanlar,2,1,2,2,2,otomobil-motosiklet:otomobil-motosiklet-cok-satanlar,2,-1,102.1,27.9,939791424,1120127,939791424:1120127,CLNK Araba Güneş Gölge Koruyucu Yenilenmiş Yansıtma Teknoloji Şemsiye Oto Ön Cam Güneşlik Araç Şemsiyesi,CLNK,Oto Güneşlik Perde,https://www.trendyol.com/clnk/araba-gunes-golge-koruyucu-yenilenmis-yansitma-teknoloji-semsiye-oto-on-cam-guneslik-arac-semsiyesi-p-939791424,CLNK TECH,8.7,189.25,,,-33.6,TRY,"[""Kargo Bedava""]",InStock,,,,,,4.068740740740741,3375,1855,8,,,,,4999,TRY,0,1,1,3,Tahmini Teslim:,,https://cdn.dsmcdn.com/ty1919/prod/QC_ENRICHMENT/20260505/18/1c4368fa-8063-3e63-97a8-1bd42d0c11f4/1_org_zoom.jpg,"{""Araç Markası"":""Lamborghini"",""Menşei"":""CN""}",20,5,refreshed,"[""daily_top""]",true,2026-09-08T10:32:35.648Z,0,"[""search_result_dom"",""product_detail_jsonld"",""product_detail_dom""]","{""variant_id"":""observed"",""variant_label"":""unavailable"",""listing_id"":""observed"",""inventory_key"":""observed"",""stock_quantity"":""observed"",""stock_quantity_source"":""observed"",""stock_quantity_kind"":""observed"",""stock_observed_at"":""observed"",""max_sale_limit"":""observed"",""seller_count"":""observed"",""seller_count_observed"":""observed"",""seller_count_kind"":""observed"",""sellers"":""observed"",""variants"":""observed"",""favorite_count"":""observed"",""inventory_decrease"":""unavailable"",""sales_estimate_daily"":""unavailable"",""sales_estimate_weekly"":""unavailable"",""sales_estimate_monthly"":""unavailable"",""sales_estimate_status"":""unavailable"",""sales_estimate_hours"":""unavailable"",""sales_estimate_source"":""unavailable"",""title"":""observed"",""brand"":""observed"",""seller_name"":""observed"",""seller_score"":""observed"",""price"":""observed"",""original_price"":""unavailable"",""campaigns"":""observed"",""stock_status"":""observed"",""stock_signal"":""unavailable"",""rating"":""observed"",""rating_count"":""observed"",""review_count"":""observed"",""question_count"":""unavailable"",""delivery_summary"":""observed"",""shipping_cost"":""observed"",""properties"":""observed""}",true,
1379017050,,24e0968fad33951bd40cee9c710b7300,975598255:108498:1379017050:24e0968fad33951bd40cee9c710b7300,8817,merchantListing.winnerVariant.quantity,reported,2026-09-08T10:32:35.102Z,10,1,1,reported_total,"[{""merchant_id"":""108498"",""name"":""Akıllıphone"",""score"":9.2,""price"":1249,""variant_id"":""1379017050"",""listing_id"":""24e0968fad33951bd40cee9c710b7300"",""stock_quantity"":8817}]","[{""variant_id"":""1379017050"",""label"":null,""in_stock"":true,""stock_quantity"":8817,""selected"":true}]",95830,398,397.63,,,estimated,24.02,inventory_net_decrease,2026-09-08,2026-09-08T13:30:55+03:00,otomobil motosiklet,BEST_SELLER,otomobil-motosiklet-cok-satanlar,Trendyol Otomobil & Motosiklet / Çok Satanlar,3,1,3,3,3,otomobil-motosiklet:otomobil-motosiklet-cok-satanlar,3,2,102.9,24.6,975598255,108498,975598255:108498,EZERE TurboVac 20000pa Güçlü Dijital Göstergeli Vakumlu Kablosuz Üflemeli Mini Araç Süpürgesi,EZERE,Araç İçi Süpürge,https://www.trendyol.com/ezere/turbovac-20000pa-guclu-dijital-gostergeli-vakumlu-kablosuz-uflemeli-mini-arac-supurgesi-p-975598255,Akıllıphone,9.2,1249,,,0,TRY,"[""Trendyol Plus'a Özel"",""Kargo Bedava""]",InStock,,,,,,4.5261889460154245,6224,4143,7,,,,,4999,TRY,0,,1,3,Tahmini Teslim:,,https://cdn.dsmcdn.com/ty1922/prod/QC_ENRICHMENT/20260729/14/cd94a37b-7cf9-313f-8151-7c20fed23d9e/1_org_zoom.jpg,"{""Garanti Süresi"":""2 Yıl"",""Garanti Tipi"":""Resmi Distribütör Garantili"",""Menşei"":""CN"",""Tamir Edilebilirlik"":""Yetkili Servis ile Tamiri Gerekir."",""Özellik"":""Kablosuz"",""Renk"":""Gümüş"",""Vakum Emiş Gücü"":""20000 PA"",""Güç (Watt)"":""0 - 250 Watt"",""Ses Seviyesi"":""61 Dba - 70 Dba"",""Şarj Süresi"":""3 - 4 Saat""}",20,5,refreshed,"[""daily_top""]",true,2026-09-08T10:32:35.103Z,0,"[""search_result_dom"",""product_detail_jsonld"",""product_detail_dom""]","{""variant_id"":""observed"",""variant_label"":""unavailable"",""listing_id"":""observed"",""inventory_key"":""observed"",""stock_quantity"":""observed"",""stock_quantity_source"":""observed"",""stock_quantity_kind"":""observed"",""stock_observed_at"":""observed"",""max_sale_limit"":""observed"",""seller_count"":""observed"",""seller_count_observed"":""observed"",""seller_count_kind"":""observed"",""sellers"":""observed"",""variants"":""observed"",""favorite_count"":""observed"",""inventory_decrease"":""unavailable"",""sales_estimate_daily"":""unavailable"",""sales_estimate_weekly"":""unavailable"",""sales_estimate_monthly"":""unavailable"",""sales_estimate_status"":""unavailable"",""sales_estimate_hours"":""unavailable"",""sales_estimate_source"":""unavailable"",""title"":""observed"",""brand"":""observed"",""seller_name"":""observed"",""seller_score"":""observed"",""price"":""observed"",""original_price"":""unavailable"",""campaigns"":""observed"",""stock_status"":""observed"",""stock_signal"":""unavailable"",""rating"":""observed"",""rating_count"":""observed"",""review_count"":""observed"",""question_count"":""unavailable"",""delivery_summary"":""observed"",""shipping_cost"":""observed"",""properties"":""observed""}",true,
1572738790,,0c008b3a96c8c240ac53c56216e85b03,1126496613:919254:1572738790:0c008b3a96c8c240ac53c56216e85b03,5073,merchantListing.winnerVariant.quantity,reported,2026-09-08T10:32:44.604Z,20,1,1,reported_total,"[{""merchant_id"":""919254"",""name"":""SHHOBİ LAB"",""score"":9.2,""price"":34.99,""variant_id"":""1572738790"",""listing_id"":""0c008b3a96c8c240ac53c56216e85b03"",""stock_quantity"":5073}]","[{""variant_id"":""1572738790"",""label"":null,""in_stock"":true,""stock_quantity"":5073,""selected"":true}]",18278,220,219.77,,,estimated,24.03,inventory_net_decrease,2026-09-08,2026-09-08T13:30:55+03:00,otomobil motosiklet,BEST_SELLER,otomobil-motosiklet-cok-satanlar,Trendyol Otomobil & Motosiklet / Çok Satanlar,4,1,4,4,4,otomobil-motosiklet:otomobil-motosiklet-cok-satanlar,4,0,88,37,1126496613,919254,1126496613:919254,SHHOBİ Araba Klima Süsü Papatya Araç İçi Aksesuar Klipsli Takmalı 1 Adet (Klips Sağlamlaştırıldı),SHHOBİ,Torpido Aksesuar,https://www.trendyol.com/shhobi/araba-klima-susu-papatya-arac-ici-aksesuar-klipsli-takmali-1-adet-klips-saglamlastirildi-p-1126496613,SHHOBİ LAB,9.2,34.99,,,47.6,TRY,"[""Trendyol Plus'a Özel"",""Sepette %1 İndirim"",""Kargo Bedava""]",InStock,,,,,,4.303571428571429,168,99,0,,,,,4999,TRY,0,1,1,3,Tahmini Teslim:,,https://cdn.dsmcdn.com/ty1850/prod/QC_PREP/20260331/23/21249f34-30f6-392b-9b30-71f9e001a653/1_org_zoom.jpg,"{""Menşei"":""TR"",""Bakım Talimatları (Genel)"":""Ürünün kullanım ömrünü korumak için ürüne özel bakım talimatlarını takip ediniz.""}",20,5,refreshed,"[""daily_top""]",true,2026-09-08T10:32:44.608Z,0,"[""search_result_dom"",""product_detail_jsonld"",""product_detail_dom""]","{""variant_id"":""observed"",""variant_label"":""unavailable"",""listing_id"":""observed"",""inventory_key"":""observed"",""stock_quantity"":""observed"",""stock_quantity_source"":""observed"",""stock_quantity_kind"":""observed"",""stock_observed_at"":""observed"",""max_sale_limit"":""observed"",""seller_count"":""observed"",""seller_count_observed"":""observed"",""seller_count_kind"":""observed"",""sellers"":""observed"",""variants"":""observed"",""favorite_count"":""observed"",""inventory_decrease"":""unavailable"",""sales_estimate_daily"":""unavailable"",""sales_estimate_weekly"":""unavailable"",""sales_estimate_monthly"":""unavailable"",""sales_estimate_status"":""unavailable"",""sales_estimate_hours"":""unavailable"",""sales_estimate_source"":""unavailable"",""title"":""observed"",""brand"":""observed"",""seller_name"":""observed"",""seller_score"":""observed"",""price"":""observed"",""original_price"":""unavailable"",""campaigns"":""observed"",""stock_status"":""observed"",""stock_signal"":""unavailable"",""rating"":""observed"",""rating_count"":""observed"",""review_count"":""observed"",""question_count"":""unavailable"",""delivery_summary"":""observed"",""shipping_cost"":""observed"",""properties"":""observed""}",true,
1634065207,,e252aaee7d62c73dc245ed78caf9883a,1166626657:919254:1634065207:e252aaee7d62c73dc245ed78caf9883a,3462,merchantListing.winnerVariant.quantity,reported,2026-09-08T10:32:44.688Z,20,1,1,reported_total,"[{""merchant_id"":""919254"",""name"":""SHHOBİ LAB"",""score"":9.2,""price"":34.99,""variant_id"":""1634065207"",""listing_id"":""e252aaee7d62c73dc245ed78caf9883a"",""stock_quantity"":3462}]","[{""variant_id"":""1634065207"",""label"":null,""in_stock"":true,""stock_quantity"":3462,""selected"":true}]",12157,190,189.79,,,estimated,24.03,inventory_net_decrease,2026-09-08,2026-09-08T13:30:55+03:00,otomobil motosiklet,BEST_SELLER,otomobil-motosiklet-cok-satanlar,Trendyol Otomobil & Motosiklet / Çok Satanlar,5,1,5,5,5,otomobil-motosiklet:otomobil-motosiklet-cok-satanlar,5,-2,81.6,40.9,1166626657,919254,1166626657:919254,SHHOBİ Pembe Kurdele Araba Klima Süsü - Pembe Fiyonk Torpido Süsü Torpido Aksesuar Klipsli 1 Adet,SHHOBİ,Torpido Aksesuar,https://www.trendyol.com/shhobi/pembe-kurdele-araba-klima-susu-pembe-fiyonk-torpido-susu-torpido-aksesuar-klipsli-1-adet-p-1166626657,SHHOBİ LAB,9.2,34.99,,,44.5,TRY,"[""Trendyol Plus'a Özel"",""Sepette %1 İndirim"",""Kargo Bedava""]",InStock,,,,,,4.535714285714286,56,27,1,,,,,4999,TRY,0,1,1,3,Tahmini Teslim:,,https://cdn.dsmcdn.com/ty1943/prod/QC_PREP/20260709/13/9d52859a-1e3c-3b8b-afd9-0e368289a9f5/1_org_zoom.jpg,"{""Menşei"":""TR"",""Bakım Talimatları (Genel)"":""Ürünün kullanım ömrünü korumak için ürüne özel bakım talimatlarını takip ediniz.""}",20,5,refreshed,"[""daily_top""]",true,2026-09-08T10:32:44.689Z,0,"[""search_result_dom"",""product_detail_jsonld"",""product_detail_dom""]","{""variant_id"":""observed"",""variant_label"":""unavailable"",""listing_id"":""observed"",""inventory_key"":""observed"",""stock_quantity"":""observed"",""stock_quantity_source"":""observed"",""stock_quantity_kind"":""observed"",""stock_observed_at"":""observed"",""max_sale_limit"":""observed"",""seller_count"":""observed"",""seller_count_observed"":""observed"",""seller_count_kind"":""observed"",""sellers"":""observed"",""variants"":""observed"",""favorite_count"":""observed"",""inventory_decrease"":""unavailable"",""sales_estimate_daily"":""unavailable"",""sales_estimate_weekly"":""unavailable"",""sales_estimate_monthly"":""unavailable"",""sales_estimate_status"":""unavailable"",""sales_estimate_hours"":""unavailable"",""sales_estimate_source"":""unavailable"",""title"":""observed"",""brand"":""observed"",""seller_name"":""observed"",""seller_score"":""observed"",""price"":""observed"",""original_price"":""unavailable"",""campaigns"":""observed"",""stock_status"":""observed"",""stock_signal"":""unavailable"",""rating"":""observed"",""rating_count"":""observed"",""review_count"":""observed"",""question_count"":""unavailable"",""delivery_summary"":""observed"",""shipping_cost"":""observed"",""properties"":""observed""}",true,
1101535200,,73bab0454be23bf85c6a7cd1421861e1,823656602:419340:1101535200:73bab0454be23bf85c6a7cd1421861e1,14792,merchantListing.winnerVariant.quantity,reported,2026-09-08T10:32:44.695Z,10,6,6,reported_total,"[{""merchant_id"":""419340"",""name"":""silverhome"",""score"":9.6,""price"":199.9,""variant_id"":""1101535200"",""listing_id"":""73bab0454be23bf85c6a7cd1421861e1"",""stock_quantity"":14792},{""merchant_id"":""857963"",""name"":""temizlikbezi"",""score"":9.4,""price"":203,""variant_id"":""1101535200"",""listing_id"":""bc46e2b0c08fcd35822cec3a0dbf4b16"",""stock_quantity"":100},{""merchant_id"":""109959"",""name"":""SEMİZ TİCARET"",""score"":9.2,""price"":199,""variant_id"":""1101535200"",""listing_id"":""a651e1bdd49a1c7fdf813cc8db3d2085"",""stock_quantity"":15},{""merchant_id"":""1227238"",""name"":""Şengül temizlik Kozmetik"",""score"":9.1,""price"":199,""variant_id"":""1101535200"",""listing_id"":""0a9c8896564205b8aac290898c178248"",""stock_quantity"":194},{""merchant_id"":""159973"",""name"":""EkonomiGross"",""score"":9.5,""price"":249.9,""variant_id"":""1101535200"",""listing_id"":""4dafe4e7120eb7e9c7c83a59b73ec944"",""stock_quantity"":146},{""merchant_id"":""176892"",""name"":""İpek Grup"",""score"":9.4,""price"":249.9,""variant_id"":""1101535200"",""listing_id"":""1512b3d150d94fe106c630c0e31e613d"",""stock_quantity"":49}]","[{""variant_id"":""1101535200"",""label"":null,""in_stock"":true,""stock_quantity"":14792,""selected"":true}]",25458,90,89.9,,,estimated,24.03,inventory_net_decrease,2026-09-08,2026-09-08T13:30:55+03:00,otomobil motosiklet,BEST_SELLER,otomobil-motosiklet-cok-satanlar,Trendyol Otomobil & Motosiklet / Çok Satanlar,6,1,6,6,6,otomobil-motosiklet:otomobil-motosiklet-cok-satanlar,6,-4,89.7,30.3,823656602,419340,823656602:419340,SİLVER HOME Silver Home Süper Emici Araç Kurulama Bezi 50x70 Cm - Mutfak Havlusu & Kurulama Bezi,SİLVER HOME,Oto Bez ve Sünger,https://www.trendyol.com/silver-home/silver-home-super-emici-arac-kurulama-bezi-50x70-cm-mutfak-havlusu-kurulama-bezi-p-823656602,silverhome,9.6,199.9,,,0,TRY,"[""Sepette %2 İndirim"",""Kargo Bedava""]",InStock,,,,,,4.544291338582677,1016,515,3,,,,,4999,TRY,0,1,1,3,Tahmini Teslim:,,https://cdn.dsmcdn.com/ty1928/prod/QC_ENRICHMENT/20260516/11/8a971ed0-296b-3abc-9195-51b606147eed/1_org_zoom.jpg,"{""Menşei"":""TR"",""Ürün Tipi"":""Bez + Sünger"",""Paket İçeriği"":""Tekli""}",20,5,refreshed,"[""daily_top""]",true,2026-09-08T10:32:44.696Z,0,"[""search_result_dom"",""product_detail_jsonld"",""product_detail_dom""]","{""variant_id"":""observed"",""variant_label"":""unavailable"",""listing_id"":""observed"",""inventory_key"":""observed"",""stock_quantity"":""observed"",""stock_quantity_source"":""observed"",""stock_quantity_kind"":""observed"",""stock_observed_at"":""observed"",""max_sale_limit"":""observed"",""seller_count"":""observed"",""seller_count_observed"":""observed"",""seller_count_kind"":""observed"",""sellers"":""observed"",""variants"":""observed"",""favorite_count"":""observed"",""inventory_decrease"":""unavailable"",""sales_estimate_daily"":""unavailable"",""sales_estimate_weekly"":""unavailable"",""sales_estimate_monthly"":""unavailable"",""sales_estimate_status"":""unavailable"",""sales_estimate_hours"":""unavailable"",""sales_estimate_source"":""unavailable"",""title"":""observed"",""brand"":""observed"",""seller_name"":""observed"",""seller_score"":""observed"",""price"":""observed"",""original_price"":""unavailable"",""campaigns"":""observed"",""stock_status"":""observed"",""stock_signal"":""unavailable"",""rating"":""observed"",""rating_count"":""observed"",""review_count"":""observed"",""question_count"":""unavailable"",""delivery_summary"":""observed"",""shipping_cost"":""observed"",""properties"":""observed""}",true,
612350943,,90463404fc834b6a7194b3396325a7a9,378946840:220716:612350943:90463404fc834b6a7194b3396325a7a9,15169,merchantListing.winnerVariant.quantity,reported,2026-09-08T10:32:55.822Z,10,1,1,reported_total,"[{""merchant_id"":""220716"",""name"":""Fine Clean"",""score"":9.4,""price"":199.9,""variant_id"":""612350943"",""listing_id"":""90463404fc834b6a7194b3396325a7a9"",""stock_quantity"":15169}]","[{""variant_id"":""612350943"",""label"":null,""in_stock"":true,""stock_quantity"":15169,""selected"":true}]",91695,171,170.83,,,estimated,24.02,inventory_net_decrease,2026-09-08,2026-09-08T13:30:55+03:00,otomobil motosiklet,BEST_SELLER,otomobil-motosiklet-cok-satanlar,Trendyol Otomobil & Motosiklet / Çok Satanlar,7,1,7,7,7,otomobil-motosiklet:otomobil-motosiklet-cok-satanlar,7,6,92.7,24.8,378946840,220716,378946840:220716,Fine Clean ( 90x60 Cm ) Maxi Boy Mikrofiber Oto Yıkama Ve Araba Kurulama Bezi Ekstra Su Emici,Fine Clean,Oto Bez ve Sünger,https://www.trendyol.com/fine-clean/90x60-cm-maxi-boy-mikrofiber-oto-yikama-ve-araba-kurulama-bezi-ekstra-su-emici-p-378946840,Fine Clean,9.4,199.9,,,23.8,TRY,"[""Kargo Bedava""]",InStock,,,,,,4.313491201390398,4603,2174,2,,,,,4999,TRY,0,1,1,3,Tahmini Teslim:,,https://cdn.dsmcdn.com/ty1945/prod/QC_ENRICHMENT/20260820/19/89fedc21-bf7a-3b93-9425-ba318658bcd6/1_org_zoom.jpg,"{""Menşei"":""TR"",""Ürün Tipi"":""Bez"",""Paket İçeriği"":""Tekli""}",20,5,refreshed,"[""daily_top""]",true,2026-09-08T10:32:55.824Z,0,"[""search_result_dom"",""product_detail_jsonld"",""product_detail_dom""]","{""variant_id"":""observed"",""variant_label"":""unavailable"",""listing_id"":""observed"",""inventory_key"":""observed"",""stock_quantity"":""observed"",""stock_quantity_source"":""observed"",""stock_quantity_kind"":""observed"",""stock_observed_at"":""observed"",""max_sale_limit"":""observed"",""seller_count"":""observed"",""seller_count_observed"":""observed"",""seller_count_kind"":""observed"",""sellers"":""observed"",""variants"":""observed"",""favorite_count"":""observed"",""inventory_decrease"":""unavailable"",""sales_estimate_daily"":""unavailable"",""sales_estimate_weekly"":""unavailable"",""sales_estimate_monthly"":""unavailable"",""sales_estimate_status"":""unavailable"",""sales_estimate_hours"":""unavailable"",""sales_estimate_source"":""unavailable"",""title"":""observed"",""brand"":""observed"",""seller_name"":""observed"",""seller_score"":""observed"",""price"":""observed"",""original_price"":""unavailable"",""campaigns"":""observed"",""stock_status"":""observed"",""stock_signal"":""unavailable"",""rating"":""observed"",""rating_count"":""observed"",""review_count"":""observed"",""question_count"":""unavailable"",""delivery_summary"":""observed"",""shipping_cost"":""observed"",""properties"":""observed""}",true,
1354555415,,0d97822116700554f27b48f6b6ce03ec,957235659:691817:1354555415:0d97822116700554f27b48f6b6ce03ec,4001,merchantListing.winnerVariant.quantity,reported,2026-09-08T10:32:55.770Z,100,5,5,reported_total,"[{""merchant_id"":""691817"",""name"":""Parker Otomotiv A.Ş"",""score"":8.9,""price"":159.99,""variant_id"":""1354555415"",""listing_id"":""0d97822116700554f27b48f6b6ce03ec"",""stock_quantity"":4001},{""merchant_id"":""1029528"",""name"":""Black Oto Market"",""score"":0,""price"":149.99,""variant_id"":""1354555415"",""listing_id"":""bc7c7b73639c343e1eb82772e733a43d"",""stock_quantity"":75},{""merchant_id"":""160590"",""name"":""BYOTOSTORE"",""score"":8.2,""price"":199,""variant_id"":""1354555415"",""listing_id"":""496a80d3583bbc7ab86f3107de3ea4a2"",""stock_quantity"":981},{""merchant_id"":""794393"",""name"":""gümüsautocenter"",""score"":8.1,""price"":247,""variant_id"":""1354555415"",""listing_id"":""291b81dd8739a312e212869c735219aa"",""stock_quantity"":77},{""merchant_id"":""631671"",""name"":""ATOM TASARIM"",""score"":8.9,""price"":450,""variant_id"":""1354555415"",""listing_id"":""91aeeec640fd5daf2acda695f34652a7"",""stock_quantity"":19996}]","[{""variant_id"":""1354555415"",""label"":null,""in_stock"":true,""stock_quantity"":4001,""selected"":true}]",30147,188,187.79,,,estimated,24.03,inventory_net_decrease,2026-09-08,2026-09-08T13:30:55+03:00,otomobil motosiklet,BEST_SELLER,otomobil-motosiklet-cok-satanlar,Trendyol Otomobil & Motosiklet / Çok Satanlar,8,1,8,8,8,otomobil-motosiklet:otomobil-motosiklet-cok-satanlar,8,-1,88.5,26.5,957235659,691817,957235659:691817,Genel Markalar PLEKSİ MARKALAMA ARAÇ PLAKALIĞI 2 ADET,Genel Markalar,Oto Plakalık,https://www.trendyol.com/genel-markalar/pleksi-markalama-arac-plakaligi-2-adet-p-957235659,Parker Otomotiv A.Ş,8.9,159.99,,,0,TRY,"[""Kargo Bedava""]",InStock,,,,,,3.74350171652771,2039,1170,4,,,,,4999,TRY,0,1,1,3,Tahmini Teslim:,,https://cdn.dsmcdn.com/ty1832/prod/QC_ENRICHMENT/20260225/09/c7e120f8-1f7c-3754-9fe7-cc3e0fa6d8fb/1_org_zoom.jpg,"{""Menşei"":""TR""}",20,5,refreshed,"[""daily_top""]",true,2026-09-08T10:32:55.772Z,0,"[""search_result_dom"",""product_detail_jsonld"",""product_detail_dom""]","{""variant_id"":""observed"",""variant_label"":""unavailable"",""listing_id"":""observed"",""inventory_key"":""observed"",""stock_quantity"":""observed"",""stock_quantity_source"":""observed"",""stock_quantity_kind"":""observed"",""stock_observed_at"":""observed"",""max_sale_limit"":""observed"",""seller_count"":""observed"",""seller_count_observed"":""observed"",""seller_count_kind"":""observed"",""sellers"":""observed"",""variants"":""observed"",""favorite_count"":""observed"",""inventory_decrease"":""unavailable"",""sales_estimate_daily"":""unavailable"",""sales_estimate_weekly"":""unavailable"",""sales_estimate_monthly"":""unavailable"",""sales_estimate_status"":""unavailable"",""sales_estimate_hours"":""unavailable"",""sales_estimate_source"":""unavailable"",""title"":""observed"",""brand"":""observed"",""seller_name"":""observed"",""seller_score"":""observed"",""price"":""observed"",""original_price"":""unavailable"",""campaigns"":""observed"",""stock_status"":""observed"",""stock_signal"":""unavailable"",""rating"":""observed"",""rating_count"":""observed"",""review_count"":""observed"",""question_count"":""unavailable"",""delivery_summary"":""observed"",""shipping_cost"":""observed"",""properties"":""observed""}",true,
1145411113,,95dc6937415893b964476b0ed19c287f,849262464:120735:1145411113:95dc6937415893b964476b0ed19c287f,4496,merchantListing.winnerVariant.quantity,reported,2026-09-08T10:32:55.943Z,10,1,1,reported_total,"[{""merchant_id"":""120735"",""name"":""Woyax Deji"",""score"":9.5,""price"":494.8,""variant_id"":""1145411113"",""listing_id"":""95dc6937415893b964476b0ed19c287f"",""stock_quantity"":4496}]","[{""variant_id"":""1145411113"",""label"":null,""in_stock"":true,""stock_quantity"":4496,""selected"":true}]",92592,130,129.85,,,estimated,24.03,inventory_net_decrease,2026-09-08,2026-09-08T13:30:55+03:00,otomobil motosiklet,BEST_SELLER,otomobil-motosiklet-cok-satanlar,Trendyol Otomobil & Motosiklet / Çok Satanlar,9,1,9,9,9,otomobil-motosiklet:otomobil-motosiklet-cok-satanlar,9,0,90.2,22.3,849262464,120735,849262464:120735,Woyax Kancalı Araç Içi Premium Telefon Tutucu - Araba Telefon Tutacağı Havalandırma Için,Woyax,Araç İçi Telefon Tutucular,https://www.trendyol.com/woyax/kancali-arac-ici-premium-telefon-tutucu-araba-telefon-tutacagi-havalandirma-icin-p-849262464,Woyax Deji,9.5,494.8,,,0,TRY,"[""Kargo Bedava""]",InStock,,,,,,4.699669471153846,6656,3395,4,,,,,4999,TRY,0,,1,3,Tahmini Teslim:,,https://cdn.dsmcdn.com/ty1619/prod/QC/20241231/20/d3737419-f19a-3a68-96f3-321d1119bdc1/1_org_zoom.jpg,"{""Telefon Tutucu Özellikleri"":""Akrobat"",""Renk"":""Siyah"",""Garanti Süresi"":""1 Yıl"",""Türü"":""Havalandırma"",""Materyal"":""Silikon"",""Menşei"":""CN"",""Bakım Talimatları (Genel)"":""Ürünün kullanım ömrünü korumak için ürüne özel bakım talimatlarını takip ediniz.""}",20,5,refreshed,"[""daily_top""]",true,2026-09-08T10:32:55.944Z,0,"[""search_result_dom"",""product_detail_jsonld"",""product_detail_dom""]","{""variant_id"":""observed"",""variant_label"":""unavailable"",""listing_id"":""observed"",""inventory_key"":""observed"",""stock_quantity"":""observed"",""stock_quantity_source"":""observed"",""stock_quantity_kind"":""observed"",""stock_observed_at"":""observed"",""max_sale_limit"":""observed"",""seller_count"":""observed"",""seller_count_observed"":""observed"",""seller_count_kind"":""observed"",""sellers"":""observed"",""variants"":""observed"",""favorite_count"":""observed"",""inventory_decrease"":""unavailable"",""sales_estimate_daily"":""unavailable"",""sales_estimate_weekly"":""unavailable"",""sales_estimate_monthly"":""unavailable"",""sales_estimate_status"":""unavailable"",""sales_estimate_hours"":""unavailable"",""sales_estimate_source"":""unavailable"",""title"":""observed"",""brand"":""observed"",""seller_name"":""observed"",""seller_score"":""observed"",""price"":""observed"",""original_price"":""unavailable"",""campaigns"":""observed"",""stock_status"":""observed"",""stock_signal"":""unavailable"",""rating"":""observed"",""rating_count"":""observed"",""review_count"":""observed"",""question_count"":""unavailable"",""delivery_summary"":""observed"",""shipping_cost"":""observed"",""properties"":""observed""}",true,
1039056509,,0b3f8f21423fb1ad1d0fdf5273bb6e6f,783729838:781346:1039056509:0b3f8f21423fb1ad1d0fdf5273bb6e6f,8709,merchantListing.winnerVariant.quantity,reported,2026-09-08T10:33:07.070Z,10,1,1,reported_total,"[{""merchant_id"":""781346"",""name"":""Bricave"",""score"":9.7,""price"":24.9,""variant_id"":""1039056509"",""listing_id"":""0b3f8f21423fb1ad1d0fdf5273bb6e6f"",""stock_quantity"":8709}]","[{""variant_id"":""1039056509"",""label"":null,""in_stock"":true,""stock_quantity"":8709,""selected"":true}]",81193,202,201.76,,,estimated,24.03,inventory_net_decrease,2026-09-08,2026-09-08T13:30:55+03:00,otomobil motosiklet,BEST_SELLER,otomobil-motosiklet-cok-satanlar,Trendyol Otomobil & Motosiklet / Çok Satanlar,10,1,10,10,10,otomobil-motosiklet:otomobil-motosiklet-cok-satanlar,10,2,84.1,25.9,783729838,781346,783729838:781346,"Bricave Çok Güzelsin Güneşlik Ayna Yazısı Araba-Motosiklet Cam Etiket Sticker 7,2x1,8cm",Bricave,Arma Sticker & Fosfor Şerit,https://www.trendyol.com/bricave/cok-guzelsin-guneslik-ayna-yazisi-araba-motosiklet-cam-etiket-sticker-7-2x1-8cm-p-783729838,Bricave,9.7,24.9,,,0,TRY,"[""Kargo Bedava""]",InStock,,,,,,4.585279858968709,2269,1041,1,,,,,4999,TRY,0,1,1,3,Tahmini Teslim:,,https://cdn.dsmcdn.com/ty1827/prod/QC_ENRICHMENT/20260219/20/f9e87719-9b58-3c53-91e7-6d3240ae2879/1_org_zoom.jpg,"{""Renk"":""Beyaz"",""Menşei"":""TR"",""Özellik"":""Hava""}",20,5,refreshed,"[""daily_top""]",true,2026-09-08T10:33:07.070Z,0,"[""search_result_dom"",""product_detail_jsonld"",""product_detail_dom""]","{""variant_id"":""observed"",""variant_label"":""unavailable"",""listing_id"":""observed"",""inventory_key"":""observed"",""stock_quantity"":""observed"",""stock_quantity_source"":""observed"",""stock_quantity_kind"":""observed"",""stock_observed_at"":""observed"",""max_sale_limit"":""observed"",""seller_count"":""observed"",""seller_count_observed"":""observed"",""seller_count_kind"":""observed"",""sellers"":""observed"",""variants"":""observed"",""favorite_count"":""observed"",""inventory_decrease"":""unavailable"",""sales_estimate_daily"":""unavailable"",""sales_estimate_weekly"":""unavailable"",""sales_estimate_monthly"":""unavailable"",""sales_estimate_status"":""unavailable"",""sales_estimate_hours"":""unavailable"",""sales_estimate_source"":""unavailable"",""title"":""observed"",""brand"":""observed"",""seller_name"":""observed"",""seller_score"":""observed"",""price"":""observed"",""original_price"":""unavailable"",""campaigns"":""observed"",""stock_status"":""observed"",""stock_signal"":""unavailable"",""rating"":""observed"",""rating_count"":""observed"",""review_count"":""observed"",""question_count"":""unavailable"",""delivery_summary"":""observed"",""shipping_cost"":""observed"",""properties"":""observed""}",true,
1593935510,,3d9597ebd486fc46c5261407f16caebc,1140522243:1072750:1593935510:3d9597ebd486fc46c5261407f16caebc,11421,merchantListing.winnerVariant.quantity,reported,2026-09-08T10:33:06.751Z,3,1,1,reported_total,"[{""merchant_id"":""1072750"",""name"":""7GO"",""score"":9.3,""price"":1795.44,""variant_id"":""1593935510"",""listing_id"":""3d9597ebd486fc46c5261407f16caebc"",""stock_quantity"":11421}]","[{""variant_id"":""1593935510"",""label"":null,""in_stock"":true,""stock_quantity"":11421,""selected"":true}]",25991,257,256.69,,,estimated,24.03,inventory_net_decrease,2026-09-08,2026-09-08T13:30:55+03:00,otomobil motosiklet,BEST_SELLER,otomobil-motosiklet-cok-satanlar,Trendyol Otomobil & Motosiklet / Çok Satanlar,11,1,11,11,11,otomobil-motosiklet:otomobil-motosiklet-cok-satanlar,11,0,80.4,27.1,1140522243,1072750,1140522243:1072750,auhma AHV-29 Kablosuz Araç Süpürgesi 220W 22000Pa Güçlü Vakum & Üfleme Özellikli Şarjlı Oto Süpürge,auhma,Araç İçi Süpürge,https://www.trendyol.com/auhma/ahv-29-kablosuz-arac-supurgesi-220w-22000pa-guclu-vakum-ufleme-ozellikli-sarjli-oto-supurge-p-1140522243,7GO,9.3,1795.44,,,0,TRY,"[""Kargo Bedava""]",InStock,,,,,,4.4723032069970845,1029,624,11,,,,,4999,TRY,0,1,1,3,Tahmini Teslim:,,https://cdn.dsmcdn.com/ty1900/prod/QC_ENRICHMENT/20260513/06/2c140b3b-40ff-3f68-8810-982746d27657/1_org_zoom.jpg,"{""Garanti Süresi"":""2 Yıl"",""Menşei"":""CN"",""Renk"":""Siyah"",""Vakum Emiş Gücü"":""22000 PA"",""Güç (Watt)"":""0 - 250 Watt"",""Ses Seviyesi"":""5 Dba - 10 Dba"",""Şarj Süresi"":""4 - 5 Saat""}",20,5,refreshed,"[""daily_top""]",true,2026-09-08T10:33:06.752Z,0,"[""search_result_dom"",""product_detail_jsonld"",""product_detail_dom""]","{""variant_id"":""observed"",""variant_label"":""unavailable"",""listing_id"":""observed"",""inventory_key"":""observed"",""stock_quantity"":""observed"",""stock_quantity_source"":""observed"",""stock_quantity_kind"":""observed"",""stock_observed_at"":""observed"",""max_sale_limit"":""observed"",""seller_count"":""observed"",""seller_count_observed"":""observed"",""seller_count_kind"":""observed"",""sellers"":""observed"",""variants"":""observed"",""favorite_count"":""observed"",""inventory_decrease"":""unavailable"",""sales_estimate_daily"":""unavailable"",""sales_estimate_weekly"":""unavailable"",""sales_estimate_monthly"":""unavailable"",""sales_estimate_status"":""unavailable"",""sales_estimate_hours"":""unavailable"",""sales_estimate_source"":""unavailable"",""title"":""observed"",""brand"":""observed"",""seller_name"":""observed"",""seller_score"":""observed"",""price"":""observed"",""original_price"":""unavailable"",""campaigns"":""observed"",""stock_status"":""observed"",""stock_signal"":""unavailable"",""rating"":""observed"",""rating_count"":""observed"",""review_count"":""observed"",""question_count"":""unavailable"",""delivery_summary"":""observed"",""shipping_cost"":""observed"",""properties"":""observed""}",true,
969691762,,60954b8f1595a47f447b1d741fe31c97,737181074:137544:969691762:60954b8f1595a47f447b1d741fe31c97,1393,merchantListing.winnerVariant.quantity,reported,2026-09-08T10:33:06.975Z,10,6,6,reported_total,"[{""merchant_id"":""137544"",""name"":""Eymen Ticaret"",""score"":8.9,""price"":269.9,""variant_id"":""969691762"",""listing_id"":""60954b8f1595a47f447b1d741fe31c97"",""stock_quantity"":1393},{""merchant_id"":""788392"",""name"":""Hombak"",""score"":8.8,""price"":270,""variant_id"":""969691762"",""listing_id"":""8d389c1905b63d65963024b3ab449e6b"",""stock_quantity"":4775},{""merchant_id"":""734112"",""name"":""OTO MARKETİNG"",""score"":8.5,""price"":499.99,""variant_id"":""969691762"",""listing_id"":""767853617a139189639c5fca12a39ed7"",""stock_quantity"":974},{""merchant_id"":""493419"",""name"":""Kitchen Beauty"",""score"":8.5,""price"":499.9,""variant_id"":""969691762"",""listing_id"":""7ae808b1c4160a8fa0b2ec21e6ec0e37"",""stock_quantity"":998},{""merchant_id"":""444502"",""name"":""Autowinn"",""score"":9.5,""price"":599.9,""variant_id"":""969691762"",""listing_id"":""81ffed272bdfe51996f9779c4c087e48"",""stock_quantity"":1934},{""merchant_id"":""199770"",""name"":""Rodos Ticaret"",""score"":8.5,""price"":799.99,""variant_id"":""969691762"",""listing_id"":""699a121f4e21f8a82e5f1e33a7723ffd"",""stock_quantity"":3}]","[{""variant_id"":""969691762"",""label"":null,""in_stock"":true,""stock_quantity"":1393,""selected"":true}]",75183,,,,,identity_changed_or_unknown,,inventory_net_decrease,2026-09-08,2026-09-08T13:30:55+03:00,otomobil motosiklet,BEST_SELLER,otomobil-motosiklet-cok-satanlar,Trendyol Otomobil & Motosiklet / Çok Satanlar,12,1,12,12,12,otomobil-motosiklet:otomobil-motosiklet-cok-satanlar,12,5,88.6,19.7,737181074,137544,737181074:137544,Universal Araç Ön Cam Güneşliği Katlanabilir Şemsiye Oto Güneşlik UV Korumalı Gölgelik Araba Oto Şemsiyesi,Universal,Oto Güneşlik Perde,https://www.trendyol.com/universal/arac-on-cam-gunesligi-katlanabilir-semsiye-oto-guneslik-uv-korumali-golgelik-araba-oto-semsiyesi-p-737181074,Eymen Ticaret,8.9,269.9,279.13,3.3,,TRY,"[""Son 10 Günün En Düşük Fiyatı"",""Sepette %5 İndirim"",""Kargo Bedava"",""Son 10 günün en düşük fiyatı"",""Trendyol Plus'a Özel""]",InStock,,,,,,4.144413211524948,8538,4581,0,,,,,4999,TRY,0,2,1,6,Tahmini Teslim:,,https://cdn.dsmcdn.com/ty1907/prod/QC_ENRICHMENT/20260816/21/49ad9a93-a862-396f-b8e0-3e1d20daba6e/1_org_zoom.jpg,"{""Araç Markası"":""Audi"",""Menşei"":""CN""}",20,5,refreshed,"[""daily_top""]",true,2026-09-08T10:33:06.976Z,0,"[""search_result_dom"",""product_detail_jsonld"",""product_detail_dom""]","{""variant_id"":""observed"",""variant_label"":""unavailable"",""listing_id"":""observed"",""inventory_key"":""observed"",""stock_quantity"":""observed"",""stock_quantity_source"":""observed"",""stock_quantity_kind"":""observed"",""stock_observed_at"":""observed"",""max_sale_limit"":""observed"",""seller_count"":""observed"",""seller_count_observed"":""observed"",""seller_count_kind"":""observed"",""sellers"":""observed"",""variants"":""observed"",""favorite_count"":""observed"",""inventory_decrease"":""unavailable"",""sales_estimate_daily"":""unavailable"",""sales_estimate_weekly"":""unavailable"",""sales_estimate_monthly"":""unavailable"",""sales_estimate_status"":""unavailable"",""sales_estimate_hours"":""unavailable"",""sales_estimate_source"":""unavailable"",""title"":""observed"",""brand"":""observed"",""seller_name"":""observed"",""seller_score"":""observed"",""price"":""observed"",""original_price"":""observed"",""campaigns"":""observed"",""stock_status"":""observed"",""stock_signal"":""unavailable"",""rating"":""observed"",""rating_count"":""observed"",""review_count"":""observed"",""question_count"":""unavailable"",""delivery_summary"":""observed"",""shipping_cost"":""observed"",""properties"":""observed""}",true,
80590358,,4034cd04aa3520a1adc3e3ccba9c304f,45721981:434536:80590358:4034cd04aa3520a1adc3e3ccba9c304f,2426,merchantListing.winnerVariant.quantity,reported,2026-09-08T10:33:16.738Z,20,1,1,reported_total,"[{""merchant_id"":""434536"",""name"":""Mega Oto Market"",""score"":9.3,""price"":499,""variant_id"":""80590358"",""listing_id"":""4034cd04aa3520a1adc3e3ccba9c304f"",""stock_quantity"":2426}]","[{""variant_id"":""80590358"",""label"":null,""in_stock"":true,""stock_quantity"":2426,""selected"":true}]",103636,174,173.76,,,estimated,24.03,inventory_net_decrease,2026-09-08,2026-09-08T13:30:55+03:00,otomobil motosiklet,BEST_SELLER,otomobil-motosiklet-cok-satanlar,Trendyol Otomobil & Motosiklet / Çok Satanlar,13,1,13,13,13,otomobil-motosiklet:otomobil-motosiklet-cok-satanlar,13,-5,83.1,19.4,45721981,434536,45721981:434536,FRT Ottoman Ayak Altı Led 12 Ledli Lamba Sese Duyarlı Led Müziğe Duyarlı Led,FRT Ottoman,Torpido Aksesuar,https://www.trendyol.com/frt-ottoman/ayak-alti-led-12-ledli-lamba-sese-duyarli-led-muzige-duyarli-led-p-45721981,Mega Oto Market,9.3,499,,,77.4,TRY,"[""Trendyol Plus'a Özel"",""Kargo Bedava""]",InStock,,,,,,4.317409505048018,8122,4345,-9,,,,,4999,TRY,0,1,1,3,Tahmini Teslim:,,https://cdn.dsmcdn.com/ty1398/product/media/images/prod/QC/20240704/01/81a54fd2-5eba-35c5-85fc-cc6494a393e9/1_org_zoom.jpg,"{""Menşei"":""CN"",""Bakım Talimatları (Genel)"":""Ürünün kullanım ömrünü korumak için ürüne özel bakım talimatlarını takip ediniz.""}",20,5,refreshed,"[""daily_top""]",true,2026-09-08T10:33:16.739Z,0,"[""search_result_dom"",""product_detail_jsonld"",""product_detail_dom""]","{""variant_id"":""observed"",""variant_label"":""unavailable"",""listing_id"":""observed"",""inventory_key"":""observed"",""stock_quantity"":""observed"",""stock_quantity_source"":""observed"",""stock_quantity_kind"":""observed"",""stock_observed_at"":""observed"",""max_sale_limit"":""observed"",""seller_count"":""observed"",""seller_count_observed"":""observed"",""seller_count_kind"":""observed"",""sellers"":""observed"",""variants"":""observed"",""favorite_count"":""observed"",""inventory_decrease"":""unavailable"",""sales_estimate_daily"":""unavailable"",""sales_estimate_weekly"":""unavailable"",""sales_estimate_monthly"":""unavailable"",""sales_estimate_status"":""unavailable"",""sales_estimate_hours"":""unavailable"",""sales_estimate_source"":""unavailable"",""title"":""observed"",""brand"":""observed"",""seller_name"":""observed"",""seller_score"":""observed"",""price"":""observed"",""original_price"":""unavailable"",""campaigns"":""observed"",""stock_status"":""observed"",""stock_signal"":""unavailable"",""rating"":""observed"",""rating_count"":""observed"",""review_count"":""observed"",""question_count"":""unavailable"",""delivery_summary"":""observed"",""shipping_cost"":""observed"",""properties"":""observed""}",true,
1520486576,,31b2afca1b5b9e7f739e38bc5f8ca197,1095935562:841196:1520486576:31b2afca1b5b9e7f739e38bc5f8ca197,9790,merchantListing.winnerVariant.quantity,reported,2026-09-08T10:33:16.568Z,10,1,1,reported_total,"[{""merchant_id"":""841196"",""name"":""Q Aksesuar"",""score"":8.3,""price"":49.9,""variant_id"":""1520486576"",""listing_id"":""31b2afca1b5b9e7f739e38bc5f8ca197"",""stock_quantity"":9790}]","[{""variant_id"":""1520486576"",""label"":null,""in_stock"":true,""stock_quantity"":9790,""selected"":true}]",40953,141,140.81,,,estimated,24.03,inventory_net_decrease,2026-09-08,2026-09-08T13:30:55+03:00,otomobil motosiklet,BEST_SELLER,otomobil-motosiklet-cok-satanlar,Trendyol Otomobil & Motosiklet / Çok Satanlar,14,1,14,14,14,otomobil-motosiklet:otomobil-motosiklet-cok-satanlar,14,-4,70.6,29.4,1095935562,841196,1095935562:841196,Q Aksesuar Vakumlu Silikon Vantuzlu Yapışkanlı Telefon Tutucu (1 ADET) Pembe Beyaz,Q Aksesuar,,https://www.trendyol.com/q-aksesuar/vakumlu-silikon-vantuzlu-yapiskanli-telefon-tutucu-1-adet-pembe-beyaz-p-1095935562,Q Aksesuar,8.3,49.9,,,0,TRY,"[""Kargo Bedava""]",InStock,,,,,,3.9340425531914893,470,213,0,,,,,,,0,,,,Tahmini Teslim:,,,{},0,,refreshed,"[""daily_top""]",true,2026-09-08T10:33:16.570Z,0,"[""search_result_dom"",""product_detail_jsonld"",""product_detail_dom""]","{""variant_id"":""observed"",""variant_label"":""unavailable"",""listing_id"":""observed"",""inventory_key"":""observed"",""stock_quantity"":""observed"",""stock_quantity_source"":""observed"",""stock_quantity_kind"":""observed"",""stock_observed_at"":""observed"",""max_sale_limit"":""observed"",""seller_count"":""observed"",""seller_count_observed"":""observed"",""seller_count_kind"":""observed"",""sellers"":""observed"",""variants"":""observed"",""favorite_count"":""observed"",""inventory_decrease"":""unavailable"",""sales_estimate_daily"":""unavailable"",""sales_estimate_weekly"":""unavailable"",""sales_estimate_monthly"":""unavailable"",""sales_estimate_status"":""unavailable"",""sales_estimate_hours"":""unavailable"",""sales_estimate_source"":""unavailable"",""title"":""observed"",""brand"":""observed"",""seller_name"":""observed"",""seller_score"":""observed"",""price"":""observed"",""original_price"":""unavailable"",""campaigns"":""observed"",""stock_status"":""observed"",""stock_signal"":""unavailable"",""rating"":""observed"",""rating_count"":""observed"",""review_count"":""observed"",""question_count"":""unavailable"",""delivery_summary"":""observed"",""shipping_cost"":""unavailable"",""properties"":""observed""}",true,
1402354067,,51466879ae21231abff6e0da5d07003f,992113354:760933:1402354067:51466879ae21231abff6e0da5d07003f,499,merchantListing.winnerVariant.quantity,reported,2026-09-08T10:33:16.858Z,10,1,1,reported_total,"[{""merchant_id"":""760933"",""name"":""PH PRENDİ HOME"",""score"":9.1,""price"":299.9,""variant_id"":""1402354067"",""listing_id"":""51466879ae21231abff6e0da5d07003f"",""stock_quantity"":499}]","[{""variant_id"":""1402354067"",""label"":null,""in_stock"":true,""stock_quantity"":499,""selected"":true}]",31076,,,,,restock_or_adjustment,24.03,inventory_net_decrease,2026-09-08,2026-09-08T13:30:55+03:00,otomobil motosiklet,BEST_SELLER,otomobil-motosiklet-cok-satanlar,Trendyol Otomobil & Motosiklet / Çok Satanlar,15,1,15,15,15,otomobil-motosiklet:otomobil-motosiklet-cok-satanlar,15,1,70.4,27.1,992113354,760933,992113354:760933,PH Prendi Home Siyah Araba Bagaj Çantası – Oto Bagaj Organizer Kapaklı Cırtlı Düzenleyici 50x25x15,PH Prendi Home,Bagaj Düzenleyici,https://www.trendyol.com/ph-prendi-home/siyah-araba-bagaj-cantasi-oto-bagaj-organizer-kapakli-cirtli-duzenleyici-50x25x15-p-992113354,PH PRENDİ HOME,9.1,299.9,,,0,TRY,"[""Kargo Bedava""]",InStock,,,,,,4.230024213075061,826,352,4,,,,,4999,TRY,0,,1,3,Tahmini Teslim:,,https://cdn.dsmcdn.com/ty1856/prod/QC_ENRICHMENT/20260417/15/86ae3631-c154-3cb2-9be6-0dcb2ca6be69/1_org_zoom.jpg,"{""Araç Marka ve Model"":""Universal"",""Menşei"":""TR""}",20,5,refreshed,"[""daily_top""]",true,2026-09-08T10:33:16.858Z,0,"[""search_result_dom"",""product_detail_jsonld"",""product_detail_dom""]","{""variant_id"":""observed"",""variant_label"":""unavailable"",""listing_id"":""observed"",""inventory_key"":""observed"",""stock_quantity"":""observed"",""stock_quantity_source"":""observed"",""stock_quantity_kind"":""observed"",""stock_observed_at"":""observed"",""max_sale_limit"":""observed"",""seller_count"":""observed"",""seller_count_observed"":""observed"",""seller_count_kind"":""observed"",""sellers"":""observed"",""variants"":""observed"",""favorite_count"":""observed"",""inventory_decrease"":""unavailable"",""sales_estimate_daily"":""unavailable"",""sales_estimate_weekly"":""unavailable"",""sales_estimate_monthly"":""unavailable"",""sales_estimate_status"":""unavailable"",""sales_estimate_hours"":""unavailable"",""sales_estimate_source"":""unavailable"",""title"":""observed"",""brand"":""observed"",""seller_name"":""observed"",""seller_score"":""observed"",""price"":""observed"",""original_price"":""unavailable"",""campaigns"":""observed"",""stock_status"":""observed"",""stock_signal"":""unavailable"",""rating"":""observed"",""rating_count"":""observed"",""review_count"":""observed"",""question_count"":""unavailable"",""delivery_summary"":""observed"",""shipping_cost"":""observed"",""properties"":""observed""}",true,
1236231586,,18336d4041a86d4d547205ec120c1995,890369421:185368:1236231586:18336d4041a86d4d547205ec120c1995,906,merchantListing.winnerVariant.quantity,reported,2026-09-08T10:33:27.068Z,20,1,1,reported_total,"[{""merchant_id"":""185368"",""name"":""MeyZone"",""score"":9.5,""price"":129.9,""variant_id"":""1236231586"",""listing_id"":""18336d4041a86d4d547205ec120c1995"",""stock_quantity"":906}]","[{""variant_id"":""1236231586"",""label"":null,""in_stock"":true,""stock_quantity"":906,""selected"":true}]",41328,99,98.86,,,estimated,24.03,inventory_net_decrease,2026-09-08,2026-09-08T13:30:55+03:00,otomobil motosiklet,BEST_SELLER,otomobil-motosiklet-cok-satanlar,Trendyol Otomobil & Motosiklet / Çok Satanlar,16,1,16,16,16,otomobil-motosiklet:otomobil-motosiklet-cok-satanlar,16,-2,74.1,20.9,890369421,185368,890369421:185368,MeyZone Metal Kasa Numara Çevirmeli Araç İçi Telefon Numaratör Park Numarası Parkmatik Araba Numaratör,MeyZone,Torpido Aksesuar,https://www.trendyol.com/meyzone/metal-kasa-numara-cevirmeli-arac-ici-telefon-numarator-park-numarasi-parkmatik-araba-numarator-p-890369421,MeyZone,9.5,129.9,,,0,TRY,"[""Sepette %1 İndirim""]",InStock,,,,,,4.2342717258261935,4085,1838,1,,,,,4999,TRY,0,,1,3,,,https://cdn.dsmcdn.com/ty1624/prod/QC/20250112/14/711c4198-2271-3db8-b23d-6b7349ef7b7b/1_org_zoom.jpg,"{""Menşei"":""CN"",""Bakım Talimatları (Genel)"":""Ürünün kullanım ömrünü korumak için ürüne özel bakım talimatlarını takip ediniz.""}",20,5,refreshed,"[""daily_top""]",true,2026-09-08T10:33:27.070Z,0,"[""search_result_dom"",""product_detail_jsonld"",""product_detail_dom""]","{""variant_id"":""observed"",""variant_label"":""unavailable"",""listing_id"":""observed"",""inventory_key"":""observed"",""stock_quantity"":""observed"",""stock_quantity_source"":""observed"",""stock_quantity_kind"":""observed"",""stock_observed_at"":""observed"",""max_sale_limit"":""observed"",""seller_count"":""observed"",""seller_count_observed"":""observed"",""seller_count_kind"":""observed"",""sellers"":""observed"",""variants"":""observed"",""favorite_count"":""observed"",""inventory_decrease"":""unavailable"",""sales_estimate_daily"":""unavailable"",""sales_estimate_weekly"":""unavailable"",""sales_estimate_monthly"":""unavailable"",""sales_estimate_status"":""unavailable"",""sales_estimate_hours"":""unavailable"",""sales_estimate_source"":""unavailable"",""title"":""observed"",""brand"":""observed"",""seller_name"":""observed"",""seller_score"":""observed"",""price"":""observed"",""original_price"":""unavailable"",""campaigns"":""observed"",""stock_status"":""observed"",""stock_signal"":""unavailable"",""rating"":""observed"",""rating_count"":""observed"",""review_count"":""observed"",""question_count"":""unavailable"",""delivery_summary"":""unavailable"",""shipping_cost"":""observed"",""properties"":""observed""}",true,
1334355847,,d8dfe413671f5ac712a1b0c5dd7787e3,942688022:942892:1334355847:d8dfe413671f5ac712a1b0c5dd7787e3,3581,merchantListing.winnerVariant.quantity,reported,2026-09-08T10:33:29.159Z,10,1,1,reported_total,"[{""merchant_id"":""942892"",""name"":""Saravita"",""score"":8.9,""price"":349.99,""variant_id"":""1334355847"",""listing_id"":""d8dfe413671f5ac712a1b0c5dd7787e3"",""stock_quantity"":3581}]","[{""variant_id"":""1334355847"",""label"":null,""in_stock"":true,""stock_quantity"":3581,""selected"":true}]",19591,214,213.73,,,estimated,24.03,inventory_net_decrease,2026-09-08,2026-09-08T13:30:55+03:00,otomobil motosiklet,BEST_SELLER,otomobil-motosiklet-cok-satanlar,Trendyol Otomobil & Motosiklet / Çok Satanlar,17,1,17,17,17,otomobil-motosiklet:otomobil-motosiklet-cok-satanlar,17,5,67.9,24.6,942688022,942892,942688022:942892,ALFAGİFT Katlanabilir Oto Güneşlik Şemsiye Araç İçi Koruma Perdesi – Numaratör Hediyeli,ALFAGİFT,Oto Güneşlik Perde,https://www.trendyol.com/alfagift/katlanabilir-oto-guneslik-semsiye-arac-ici-koruma-perdesi-numarator-hediyeli-p-942688022,Saravita,8.9,349.99,,,8.8,TRY,[],InStock,,,,,,4.165160230073952,1217,547,1,,,,,4999,TRY,0,,1,3,,,https://cdn.dsmcdn.com/ty1689/prod/QC_PREP/20250604/17/cf680021-16fa-36b5-bd55-a53e5f41f63e/1_org_zoom.jpg,"{""Araç Markası"":""Volkswagen"",""Menşei"":""CN""}",20,5,refreshed,"[""daily_top""]",true,2026-09-08T10:33:29.160Z,0,"[""search_result_dom"",""product_detail_jsonld"",""product_detail_dom""]","{""variant_id"":""observed"",""variant_label"":""unavailable"",""listing_id"":""observed"",""inventory_key"":""observed"",""stock_quantity"":""observed"",""stock_quantity_source"":""observed"",""stock_quantity_kind"":""observed"",""stock_observed_at"":""observed"",""max_sale_limit"":""observed"",""seller_count"":""observed"",""seller_count_observed"":""observed"",""seller_count_kind"":""observed"",""sellers"":""observed"",""variants"":""observed"",""favorite_count"":""observed"",""inventory_decrease"":""unavailable"",""sales_estimate_daily"":""unavailable"",""sales_estimate_weekly"":""unavailable"",""sales_estimate_monthly"":""unavailable"",""sales_estimate_status"":""unavailable"",""sales_estimate_hours"":""unavailable"",""sales_estimate_source"":""unavailable"",""title"":""observed"",""brand"":""observed"",""seller_name"":""observed"",""seller_score"":""observed"",""price"":""observed"",""original_price"":""unavailable"",""campaigns"":""unavailable"",""stock_status"":""observed"",""stock_signal"":""unavailable"",""rating"":""observed"",""rating_count"":""observed"",""review_count"":""observed"",""question_count"":""unavailable"",""delivery_summary"":""unavailable"",""shipping_cost"":""observed"",""properties"":""observed""}",true,
1368695190,,ad2ca5d90ff1712a090ab71514040184,967708759:1126238:1368695190:ad2ca5d90ff1712a090ab71514040184,4182,merchantListing.winnerVariant.quantity,reported,2026-09-08T10:33:29.313Z,15,1,1,reported_total,"[{""merchant_id"":""1126238"",""name"":""Clewax Group"",""score"":9.3,""price"":799,""variant_id"":""1368695190"",""listing_id"":""ad2ca5d90ff1712a090ab71514040184"",""stock_quantity"":4182}]","[{""variant_id"":""1368695190"",""label"":null,""in_stock"":true,""stock_quantity"":4182,""selected"":true}]",40017,154,153.79,,,estimated,24.03,inventory_net_decrease,2026-09-08,2026-09-08T13:30:55+03:00,otomobil motosiklet,BEST_SELLER,otomobil-motosiklet-cok-satanlar,Trendyol Otomobil & Motosiklet / Çok Satanlar,18,1,18,18,18,otomobil-motosiklet:otomobil-motosiklet-cok-satanlar,18,0,67.7,22.3,967708759,1126238,967708759:1126238,"clewax 14 Parça Premium Araç, Motorsiklet Yıkama ve Bakım Seti",clewax,Oto Bakım Seti,https://www.trendyol.com/clewax/14-parca-premium-arac-motorsiklet-yikama-ve-bakim-seti-p-967708759,Clewax Group,9.3,799,,,0,TRY,"[""Kargo Bedava""]",InStock,,,,,,4.556385362210605,1339,924,1,,,,,4999,TRY,0,1,1,3,,,https://cdn.dsmcdn.com/ty1919/prod/QC_ENRICHMENT/20260723/00/5912d967-48b2-3dd4-bb14-c8d0560c30a2/1_org_zoom.jpg,"{""Menşei"":""TR"",""Paket İçeriği"":""20'li"",""Hacim"":""10 - 15 L""}",20,5,refreshed,"[""daily_top""]",true,2026-09-08T10:33:29.314Z,0,"[""search_result_dom"",""product_detail_jsonld"",""product_detail_dom""]","{""variant_id"":""observed"",""variant_label"":""unavailable"",""listing_id"":""observed"",""inventory_key"":""observed"",""stock_quantity"":""observed"",""stock_quantity_source"":""observed"",""stock_quantity_kind"":""observed"",""stock_observed_at"":""observed"",""max_sale_limit"":""observed"",""seller_count"":""observed"",""seller_count_observed"":""observed"",""seller_count_kind"":""observed"",""sellers"":""observed"",""variants"":""observed"",""favorite_count"":""observed"",""inventory_decrease"":""unavailable"",""sales_estimate_daily"":""unavailable"",""sales_estimate_weekly"":""unavailable"",""sales_estimate_monthly"":""unavailable"",""sales_estimate_status"":""unavailable"",""sales_estimate_hours"":""unavailable"",""sales_estimate_source"":""unavailable"",""title"":""observed"",""brand"":""observed"",""seller_name"":""observed"",""seller_score"":""observed"",""price"":""observed"",""original_price"":""unavailable"",""campaigns"":""observed"",""stock_status"":""observed"",""stock_signal"":""unavailable"",""rating"":""observed"",""rating_count"":""observed"",""review_count"":""observed"",""question_count"":""unavailable"",""delivery_summary"":""unavailable"",""shipping_cost"":""observed"",""properties"":""observed""}",true,
442713810,,85f9ed8be381031cd0de3fbee476d1ee,278114100:318158:442713810:85f9ed8be381031cd0de3fbee476d1ee,8163,merchantListing.winnerVariant.quantity,reported,2026-09-08T10:33:39.968Z,15,1,1,reported_total,"[{""merchant_id"":""318158"",""name"":""Single"",""score"":9.4,""price"":252.3,""variant_id"":""442713810"",""listing_id"":""85f9ed8be381031cd0de3fbee476d1ee"",""stock_quantity"":8163}]","[{""variant_id"":""442713810"",""label"":null,""in_stock"":true,""stock_quantity"":8163,""selected"":true}]",57743,84,83.88,,,estimated,24.03,inventory_net_decrease,2026-09-08,2026-09-08T13:30:55+03:00,otomobil motosiklet,BEST_SELLER,otomobil-motosiklet-cok-satanlar,Trendyol Otomobil & Motosiklet / Çok Satanlar,19,1,19,19,19,otomobil-motosiklet:otomobil-motosiklet-cok-satanlar,19,1,76,19,278114100,318158,278114100:318158,Single Çok Fonksiyonlu 2 In 1 Mikrofiber Araba Yıkama Fırçası Teleskopik Uzun Saplı Detay Fırçası Oto Mopu,Single,Oto Bez ve Sünger,https://www.trendyol.com/single/cok-fonksiyonlu-2-in-1-mikrofiber-araba-yikama-fircasi-teleskopik-uzun-sapli-detay-fircasi-oto-mopu-p-278114100,Single,9.4,252.3,272.88,7.5,-15.9,TRY,"[""Son 10 Günün En Düşük Fiyatı""]",InStock,,,,,,4.304007369875634,4342,2036,0,,,,,4999,TRY,0,,1,3,,,https://cdn.dsmcdn.com/ty1583/prod/QC/20241011/20/0cbf35eb-9b64-301e-abd9-978785ee576f/1_org_zoom.jpg,"{""Menşei"":""TR"",""Ürün Tipi"":""Bez + Sünger"",""Paket İçeriği"":""2'li""}",20,5,refreshed,"[""daily_top""]",true,2026-09-08T10:33:39.969Z,0,"[""search_result_dom"",""product_detail_jsonld"",""product_detail_dom""]","{""variant_id"":""observed"",""variant_label"":""unavailable"",""listing_id"":""observed"",""inventory_key"":""observed"",""stock_quantity"":""observed"",""stock_quantity_source"":""observed"",""stock_quantity_kind"":""observed"",""stock_observed_at"":""observed"",""max_sale_limit"":""observed"",""seller_count"":""observed"",""seller_count_observed"":""observed"",""seller_count_kind"":""observed"",""sellers"":""observed"",""variants"":""observed"",""favorite_count"":""observed"",""inventory_decrease"":""unavailable"",""sales_estimate_daily"":""unavailable"",""sales_estimate_weekly"":""unavailable"",""sales_estimate_monthly"":""unavailable"",""sales_estimate_status"":""unavailable"",""sales_estimate_hours"":""unavailable"",""sales_estimate_source"":""unavailable"",""title"":""observed"",""brand"":""observed"",""seller_name"":""observed"",""seller_score"":""observed"",""price"":""observed"",""original_price"":""observed"",""campaigns"":""observed"",""stock_status"":""observed"",""stock_signal"":""unavailable"",""rating"":""observed"",""rating_count"":""observed"",""review_count"":""observed"",""question_count"":""unavailable"",""delivery_summary"":""unavailable"",""shipping_cost"":""observed"",""properties"":""observed""}",true,
1530458946,,d478a61f193aed61fc19c95043385bff,1102463350:108498:1530458946:d478a61f193aed61fc19c95043385bff,4551,merchantListing.winnerVariant.quantity,reported,2026-09-08T10:33:40.953Z,10,1,1,reported_total,"[{""merchant_id"":""108498"",""name"":""Akıllıphone"",""score"":9.2,""price"":1499,""variant_id"":""1530458946"",""listing_id"":""d478a61f193aed61fc19c95043385bff"",""stock_quantity"":4551}]","[{""variant_id"":""1530458946"",""label"":null,""in_stock"":true,""stock_quantity"":4551,""selected"":true}]",17813,99,98.86,,,estimated,24.03,inventory_net_decrease,2026-09-08,2026-09-08T13:30:55+03:00,otomobil motosiklet,BEST_SELLER,otomobil-motosiklet-cok-satanlar,Trendyol Otomobil & Motosiklet / Çok Satanlar,20,1,20,20,20,otomobil-motosiklet:otomobil-motosiklet-cok-satanlar,20,4,62.2,22.8,1102463350,108498,1102463350:108498,EZERE Vacpro 22000pa Güçlü Dijital Göstergeli Vakumlu Kablosuz Üflemeli Mini Araç Süpürgesi,EZERE,Araç İçi Süpürge,https://www.trendyol.com/ezere/vacpro-22000pa-guclu-dijital-gostergeli-vakumlu-kablosuz-uflemeli-mini-arac-supurgesi-p-1102463350,Akıllıphone,9.2,1499,,,0,TRY,"[""Trendyol Plus'a Özel"",""Kargo Bedava""]",InStock,,,,,,4.412823397075366,889,594,3,,,,,4999,TRY,0,,1,3,,,https://cdn.dsmcdn.com/ty1000428/product/media/images/prod/PIM/20260814/17/49be80b8-f22b-4f96-b5a2-c01bd4613b7b/1_org_zoom.jpg,"{""Garanti Süresi"":""2 Yıl"",""Garanti Tipi"":""Resmi Distribütör Garantili"",""Diğer Özellikler"":""Vakum Emiş Gücü: 22000PA"",""Menşei"":""CN"",""Tamir Edilebilirlik"":""Tamir Edilebilir, Satıcı ile İletişime Geçiniz."",""Özellik"":""Kablosuz"",""Renk"":""Gümüş"",""Vakum Emiş Gücü"":""22000 PA"",""Güç (Watt)"":""0 - 250 Watt"",""Ses Seviyesi"":""41 Dba - 50 Dba"",""Şarj Süresi"":""3 - 4 Saat"",""Şarjlı Kullanım Süresi"":""0-1 Saat"",""Hepa Filtre"":""Var"",""Priz Tipi"":""E"",""Ürün Tipi"":""Şarjlı""}",20,5,refreshed,"[""daily_top""]",true,2026-09-08T10:33:40.954Z,0,"[""search_result_dom"",""product_detail_jsonld"",""product_detail_dom""]","{""variant_id"":""observed"",""variant_label"":""unavailable"",""listing_id"":""observed"",""inventory_key"":""observed"",""stock_quantity"":""observed"",""stock_quantity_source"":""observed"",""stock_quantity_kind"":""observed"",""stock_observed_at"":""observed"",""max_sale_limit"":""observed"",""seller_count"":""observed"",""seller_count_observed"":""observed"",""seller_count_kind"":""observed"",""sellers"":""observed"",""variants"":""observed"",""favorite_count"":""observed"",""inventory_decrease"":""unavailable"",""sales_estimate_daily"":""unavailable"",""sales_estimate_weekly"":""unavailable"",""sales_estimate_monthly"":""unavailable"",""sales_estimate_status"":""unavailable"",""sales_estimate_hours"":""unavailable"",""sales_estimate_source"":""unavailable"",""title"":""observed"",""brand"":""observed"",""seller_name"":""observed"",""seller_score"":""observed"",""price"":""observed"",""original_price"":""unavailable"",""campaigns"":""observed"",""stock_status"":""observed"",""stock_signal"":""unavailable"",""rating"":""observed"",""rating_count"":""observed"",""review_count"":""observed"",""question_count"":""unavailable"",""delivery_summary"":""unavailable"",""shipping_cost"":""observed"",""properties"":""observed""}",true,
1299911716,,9e1595aa2d2bd74d424cb2f04b234001,920708166:193621:1299911716:9e1595aa2d2bd74d424cb2f04b234001,14015,merchantListing.winnerVariant.quantity,reported,2026-09-08T10:33:41.067Z,10,1,1,reported_total,"[{""merchant_id"":""193621"",""name"":""CaseStore"",""score"":9.2,""price"":249.9,""variant_id"":""1299911716"",""listing_id"":""9e1595aa2d2bd74d424cb2f04b234001"",""stock_quantity"":14015}]","[{""variant_id"":""1299911716"",""label"":null,""in_stock"":true,""stock_quantity"":14015,""selected"":true}]",50892,91,90.88,,,estimated,24.03,inventory_net_decrease,2026-09-08,2026-09-08T13:30:55+03:00,otomobil motosiklet,BEST_SELLER,arac-ici-aksesuar,araç içi aksesuar,1,1,21,21,3,otomobil-motosiklet:arac-ici-aksesuar,1,,104.5,28,920708166,193621,920708166:193621,m.tk moveteck 360 Dönebilen Ayarlanabilir Araç Içi Tutucu Kullanılabilen Vakumlu K007 Magsafe Telefon Tutucu,m.tk moveteck,Araç İçi Telefon Tutucular,https://www.trendyol.com/m-tk-moveteck/360-donebilen-ayarlanabilir-arac-ici-tutucu-kullanilabilen-vakumlu-k007-magsafe-telefon-tutucu-p-920708166?boutiqueId=61&merchantId=193621,CaseStore,9.2,249.9,,,0,TRY,"[""Sepette %20 İndirim"",""Süper Fırsat Ürünü""]",InStock,,,,,,4.137838562617324,3729,2053,2,,,,,4999,TRY,0,1,1,3,,En Çok Satan 3. Ürün,https://cdn.dsmcdn.com/ty1742/prod/QC_PREP/20250830/16/3d0bbf49-6c1e-3dec-8d7e-72bceb0099ab/1_org_zoom.jpg,"{""Telefon Tutucu Özellikleri"":""Akrobat"",""Renk"":""Siyah"",""Garanti Süresi"":""1 Yıl"",""Türü"":""Torpido Üstü"",""Materyal"":""Çinko"",""Menşei"":""CN"",""Bakım Talimatları (Genel)"":""Gıda ile temas için uygun değildir.""}",20,5,refreshed,"[""daily_top""]",true,2026-09-08T10:33:41.067Z,0,"[""search_result_dom"",""product_detail_jsonld"",""product_detail_dom""]","{""variant_id"":""observed"",""variant_label"":""unavailable"",""listing_id"":""observed"",""inventory_key"":""observed"",""stock_quantity"":""observed"",""stock_quantity_source"":""observed"",""stock_quantity_kind"":""observed"",""stock_observed_at"":""observed"",""max_sale_limit"":""observed"",""seller_count"":""observed"",""seller_count_observed"":""observed"",""seller_count_kind"":""observed"",""sellers"":""observed"",""variants"":""observed"",""favorite_count"":""observed"",""inventory_decrease"":""unavailable"",""sales_estimate_daily"":""unavailable"",""sales_estimate_weekly"":""unavailable"",""sales_estimate_monthly"":""unavailable"",""sales_estimate_status"":""unavailable"",""sales_estimate_hours"":""unavailable"",""sales_estimate_source"":""unavailable"",""title"":""observed"",""brand"":""observed"",""seller_name"":""observed"",""seller_score"":""observed"",""price"":""observed"",""original_price"":""unavailable"",""campaigns"":""observed"",""stock_status"":""observed"",""stock_signal"":""unavailable"",""rating"":""observed"",""rating_count"":""observed"",""review_count"":""observed"",""question_count"":""unavailable"",""delivery_summary"":""unavailable"",""shipping_cost"":""observed"",""properties"":""observed""}",true,
120531374,,b3e5014c66184f3cd2eeff3eda80051e,69541477:108498:120531374:b3e5014c66184f3cd2eeff3eda80051e,108,merchantListing.winnerVariant.quantity,reported,2026-09-08T10:33:51.762Z,10,1,1,reported_total,"[{""merchant_id"":""108498"",""name"":""Akıllıphone"",""score"":9.2,""price"":99.28,""variant_id"":""120531374"",""listing_id"":""b3e5014c66184f3cd2eeff3eda80051e"",""stock_quantity"":108}]","[{""variant_id"":""120531374"",""label"":null,""in_stock"":true,""stock_quantity"":108,""selected"":true}]",1074,129,128.82,,,estimated,24.03,inventory_net_decrease,2026-09-08,2026-09-08T13:30:55+03:00,otomobil motosiklet,BEST_SELLER,arac-ici-aksesuar,araç içi aksesuar,2,1,22,22,5,otomobil-motosiklet:arac-ici-aksesuar,2,,93.7,36.3,69541477,108498,69541477:108498,Ally Mobile Ally Temporary Araç Geçici Park Için Telefon Numaratörü-siyah,Ally Mobile,Torpido Aksesuar,https://www.trendyol.com/ally-mobile/ally-temporary-arac-gecici-park-icin-telefon-numaratoru-siyah-p-69541477?boutiqueId=61&merchantId=108498,Akıllıphone,9.2,99.28,,,2.2,TRY,"[""Trendyol Plus'a Özel""]",InStock,,,,,,3.7559681697612732,377,162,4,,,,,4999,TRY,0,2,1,6,,En Çok Satan 5. Ürün,https://cdn.dsmcdn.com/ty219/product/media/images/20211102/2/163695943/286037424/1/1_org_zoom.jpg,"{""Menşei"":""TR"",""Renk"":""Turuncu""}",20,5,refreshed,"[""daily_top""]",true,2026-09-08T10:33:51.763Z,0,"[""search_result_dom"",""product_detail_jsonld"",""product_detail_dom""]","{""variant_id"":""observed"",""variant_label"":""unavailable"",""listing_id"":""observed"",""inventory_key"":""observed"",""stock_quantity"":""observed"",""stock_quantity_source"":""observed"",""stock_quantity_kind"":""observed"",""stock_observed_at"":""observed"",""max_sale_limit"":""observed"",""seller_count"":""observed"",""seller_count_observed"":""observed"",""seller_count_kind"":""observed"",""sellers"":""observed"",""variants"":""observed"",""favorite_count"":""observed"",""inventory_decrease"":""unavailable"",""sales_estimate_daily"":""unavailable"",""sales_estimate_weekly"":""unavailable"",""sales_estimate_monthly"":""unavailable"",""sales_estimate_status"":""unavailable"",""sales_estimate_hours"":""unavailable"",""sales_estimate_source"":""unavailable"",""title"":""observed"",""brand"":""observed"",""seller_name"":""observed"",""seller_score"":""observed"",""price"":""observed"",""original_price"":""unavailable"",""campaigns"":""observed"",""stock_status"":""observed"",""stock_signal"":""unavailable"",""rating"":""observed"",""rating_count"":""observed"",""review_count"":""observed"",""question_count"":""unavailable"",""delivery_summary"":""unavailable"",""shipping_cost"":""observed"",""properties"":""observed""}",true,
971286695,,5fd607019e1ec50faf9539841f1e9457,738414991:346231:971286695:5fd607019e1ec50faf9539841f1e9457,1378,merchantListing.winnerVariant.quantity,reported,2026-09-08T10:33:52.922Z,10,1,1,reported_total,"[{""merchant_id"":""346231"",""name"":""Mimtec"",""score"":8.7,""price"":379.9,""variant_id"":""971286695"",""listing_id"":""5fd607019e1ec50faf9539841f1e9457"",""stock_quantity"":1378}]","[{""variant_id"":""971286695"",""label"":null,""in_stock"":true,""stock_quantity"":1378,""selected"":true}]",41984,101,100.85,,,estimated,24.04,inventory_net_decrease,2026-09-08,2026-09-08T13:30:55+03:00,otomobil motosiklet,BEST_SELLER,arac-ici-aksesuar,araç içi aksesuar,3,1,23,23,,otomobil-motosiklet:arac-ici-aksesuar,3,26,98.9,28.6,738414991,346231,738414991:346231,mimtec Araç Içi Uzayan Ayarlanabilir Telefon Tutucu Cam Ve Torpido Için Ücret İade Garantili,mimtec,Araç İçi Telefon Tutucular,https://www.trendyol.com/mimtec/arac-ici-uzayan-ayarlanabilir-telefon-tutucu-cam-ve-torpido-icin-ucret-iade-garantili-p-738414991?boutiqueId=61&merchantId=346231,Mimtec,8.7,379.9,,,8.6,TRY,"[""Kargo Bedava""]",InStock,,,,,,4.254658385093168,2254,1286,-2,,,,,4999,TRY,0,1,1,3,,En Çok Ziyaret Edilen 3. Ürün,https://cdn.dsmcdn.com/ty955/product/media/images/20230621/10/387766236/971286695/1/1_org_zoom.jpg,"{""Telefon Tutucu Özellikleri"":""Akrobat"",""Renk"":""Siyah"",""Garanti Süresi"":""Belirtilmemiş"",""Türü"":""Vantuzlu"",""Materyal"":""Cam"",""Menşei"":""CN"",""Bakım Talimatları (Genel)"":""Ürünün kullanım ömrünü korumak için ürüne özel bakım talimatlarını takip ediniz.""}",20,5,refreshed,"[""daily_top""]",true,2026-09-08T10:33:52.923Z,0,"[""search_result_dom"",""product_detail_jsonld"",""product_detail_dom""]","{""variant_id"":""observed"",""variant_label"":""unavailable"",""listing_id"":""observed"",""inventory_key"":""observed"",""stock_quantity"":""observed"",""stock_quantity_source"":""observed"",""stock_quantity_kind"":""observed"",""stock_observed_at"":""observed"",""max_sale_limit"":""observed"",""seller_count"":""observed"",""seller_count_observed"":""observed"",""seller_count_kind"":""observed"",""sellers"":""observed"",""variants"":""observed"",""favorite_count"":""observed"",""inventory_decrease"":""unavailable"",""sales_estimate_daily"":""unavailable"",""sales_estimate_weekly"":""unavailable"",""sales_estimate_monthly"":""unavailable"",""sales_estimate_status"":""unavailable"",""sales_estimate_hours"":""unavailable"",""sales_estimate_source"":""unavailable"",""title"":""observed"",""brand"":""observed"",""seller_name"":""observed"",""seller_score"":""observed"",""price"":""observed"",""original_price"":""unavailable"",""campaigns"":""observed"",""stock_status"":""observed"",""stock_signal"":""unavailable"",""rating"":""observed"",""rating_count"":""observed"",""review_count"":""observed"",""question_count"":""unavailable"",""delivery_summary"":""unavailable"",""shipping_cost"":""observed"",""properties"":""observed""}",true,
1319250510,,b2acb499454c2bd4dee341d05574a93d,932635719:110546:1319250510:b2acb499454c2bd4dee341d05574a93d,13449,merchantListing.winnerVariant.quantity,reported,2026-09-08T10:33:53.090Z,10,1,1,reported_total,"[{""merchant_id"":""110546"",""name"":""Fibaks"",""score"":9.6,""price"":185.87,""variant_id"":""1319250510"",""listing_id"":""b2acb499454c2bd4dee341d05574a93d"",""stock_quantity"":13449}]","[{""variant_id"":""1319250510"",""label"":null,""in_stock"":true,""stock_quantity"":13449,""selected"":true}]",26466,98,97.87,,,estimated,24.03,inventory_net_decrease,2026-09-08,2026-09-08T13:30:55+03:00,otomobil motosiklet,BEST_SELLER,arac-ici-aksesuar,araç içi aksesuar,4,1,24,24,11,otomobil-motosiklet:arac-ici-aksesuar,4,27,101.7,30.4,932635719,110546,932635719:110546,Fibaks 360 Dönebilen Araç İçi Telefon Tutucu Vakumlu Magsafe Destekli Masa Üstü Duvar Telefon Tutucu,Fibaks,,https://www.trendyol.com/fibaks/360-donebilen-arac-ici-telefon-tutucu-vakumlu-magsafe-destekli-masa-ustu-duvar-telefon-tutucu-p-932635719?boutiqueId=61&merchantId=110546,Fibaks,9.6,185.87,199.99,7.1,0,TRY,[],InStock,,,,,,4.108695652173913,1334,664,1,,,,,,,0,,,,,,,{},0,,refreshed,"[""daily_top""]",true,2026-09-08T10:33:53.091Z,0,"[""search_result_dom"",""product_detail_jsonld"",""product_detail_dom""]","{""variant_id"":""observed"",""variant_label"":""unavailable"",""listing_id"":""observed"",""inventory_key"":""observed"",""stock_quantity"":""observed"",""stock_quantity_source"":""observed"",""stock_quantity_kind"":""observed"",""stock_observed_at"":""observed"",""max_sale_limit"":""observed"",""seller_count"":""observed"",""seller_count_observed"":""observed"",""seller_count_kind"":""observed"",""sellers"":""observed"",""variants"":""observed"",""favorite_count"":""observed"",""inventory_decrease"":""unavailable"",""sales_estimate_daily"":""unavailable"",""sales_estimate_weekly"":""unavailable"",""sales_estimate_monthly"":""unavailable"",""sales_estimate_status"":""unavailable"",""sales_estimate_hours"":""unavailable"",""sales_estimate_source"":""unavailable"",""title"":""observed"",""brand"":""observed"",""seller_name"":""observed"",""seller_score"":""observed"",""price"":""observed"",""original_price"":""observed"",""campaigns"":""unavailable"",""stock_status"":""observed"",""stock_signal"":""unavailable"",""rating"":""observed"",""rating_count"":""observed"",""review_count"":""observed"",""question_count"":""unavailable"",""delivery_summary"":""unavailable"",""shipping_cost"":""unavailable"",""properties"":""observed""}",true,
1389264240,,c9baf61a6721c477ce4a54290cf4f2e2,982829933:688974:1389264240:c9baf61a6721c477ce4a54290cf4f2e2,2305,merchantListing.winnerVariant.quantity,reported,2026-09-08T10:34:00.958Z,10,1,1,reported_total,"[{""merchant_id"":""688974"",""name"":""İK Kuzey"",""score"":9.4,""price"":199.9,""variant_id"":""1389264240"",""listing_id"":""c9baf61a6721c477ce4a54290cf4f2e2"",""stock_quantity"":2305}]","[{""variant_id"":""1389264240"",""label"":null,""in_stock"":true,""stock_quantity"":2305,""selected"":true}]",70780,107,106.88,,,estimated,24.03,inventory_net_decrease,2026-09-08,2026-09-08T13:30:55+03:00,otomobil motosiklet,BEST_SELLER,arac-ici-aksesuar,araç içi aksesuar,5,1,25,25,1,otomobil-motosiklet:arac-ici-aksesuar,5,,93,29.5,982829933,688974,982829933:688974,İK Kuzey 2 Adet Araba Çöp Kutusu – Araç İçi Taşınabilir İtme Kapaklı Çöp Kovası,İK Kuzey,Oto Çöp Kovası,https://www.trendyol.com/ik-kuzey/2-adet-araba-cop-kutusu-arac-ici-tasinabilir-itme-kapakli-cop-kovasi-p-982829933?boutiqueId=61&merchantId=688974,İK Kuzey,9.4,199.9,,,0,TRY,[],InStock,,,,,,3.8659549228944248,1686,757,2,,,,,4999,TRY,0,1,1,3,,En Çok Satan 1. Ürün,https://cdn.dsmcdn.com/ty1749/prod/QC_PREP/20250904/23/582bfe79-7e47-3bd7-9e16-b11905d17d22/1_org_zoom.jpg,"{""Menşei"":""TR"",""Bakım Talimatları (Genel)"":""Ürünün kullanım ömrünü korumak için ürüne özel bakım talimatlarını takip ediniz.""}",20,5,refreshed,"[""daily_top""]",true,2026-09-08T10:34:00.959Z,0,"[""search_result_dom"",""product_detail_jsonld"",""product_detail_dom""]","{""variant_id"":""observed"",""variant_label"":""unavailable"",""listing_id"":""observed"",""inventory_key"":""observed"",""stock_quantity"":""observed"",""stock_quantity_source"":""observed"",""stock_quantity_kind"":""observed"",""stock_observed_at"":""observed"",""max_sale_limit"":""observed"",""seller_count"":""observed"",""seller_count_observed"":""observed"",""seller_count_kind"":""observed"",""sellers"":""observed"",""variants"":""observed"",""favorite_count"":""observed"",""inventory_decrease"":""unavailable"",""sales_estimate_daily"":""unavailable"",""sales_estimate_weekly"":""unavailable"",""sales_estimate_monthly"":""unavailable"",""sales_estimate_status"":""unavailable"",""sales_estimate_hours"":""unavailable"",""sales_estimate_source"":""unavailable"",""title"":""observed"",""brand"":""observed"",""seller_name"":""observed"",""seller_score"":""observed"",""price"":""observed"",""original_price"":""unavailable"",""campaigns"":""unavailable"",""stock_status"":""observed"",""stock_signal"":""unavailable"",""rating"":""observed"",""rating_count"":""observed"",""review_count"":""observed"",""question_count"":""unavailable"",""delivery_summary"":""unavailable"",""shipping_cost"":""observed"",""properties"":""observed""}",true,
1387319663,,a247e24c1f3b8c6b1c82203cb958d897,981567834:1106529:1387319663:a247e24c1f3b8c6b1c82203cb958d897,3773,merchantListing.winnerVariant.quantity,reported,2026-09-08T10:34:03.630Z,10,2,2,reported_total,"[{""merchant_id"":""1106529"",""name"":""Parmend Life"",""score"":8.8,""price"":49.9,""variant_id"":""1387319663"",""listing_id"":""a247e24c1f3b8c6b1c82203cb958d897"",""stock_quantity"":3773},{""merchant_id"":""943716"",""name"":""Abatay Group"",""score"":8.9,""price"":63.9,""variant_id"":""1387319663"",""listing_id"":""040c1aea48854bea42bab0c261b19b2e"",""stock_quantity"":98}]","[{""variant_id"":""1387319663"",""label"":null,""in_stock"":true,""stock_quantity"":3773,""selected"":true}]",12141,91,90.87,,,estimated,24.03,inventory_net_decrease,2026-09-08,2026-09-08T13:30:55+03:00,otomobil motosiklet,BEST_SELLER,arac-ici-aksesuar,araç içi aksesuar,6,1,26,26,,otomobil-motosiklet:arac-ici-aksesuar,6,5,84.4,35.6,981567834,1106529,981567834:1106529,Genel Markalar Silikonlu Vantuz Beyaz ve Pembe Telefon Vantuz Tutucu 2 Adet,Genel Markalar,Araç İçi Telefon Tutucular,https://www.trendyol.com/genel-markalar/silikonlu-vantuz-beyaz-ve-pembe-telefon-vantuz-tutucu-2-adet-p-981567834?boutiqueId=61&merchantId=1106529,Parmend Life,8.8,49.9,,,0,TRY,[],InStock,,,,,,4.059760956175299,251,110,1,,,,,4999,TRY,0,1,1,2,,En Çok Ziyaret Edilen 5. Ürün,https://cdn.dsmcdn.com/ty1719/prod/QC_ENRICHMENT/20250801/18/ed21528a-18d2-30a4-aef3-d5ab66037e08/1_org_zoom.jpg,"{""Telefon Tutucu Özellikleri"":""Akrobat"",""Renk"":""Çok Renkli"",""Garanti Süresi"":""Belirtilmemiş"",""Türü"":""Torpido Üstü"",""Materyal"":""Silikon"",""Menşei"":""TR"",""Bakım Talimatları (Genel)"":""Ürünün kullanım ömrünü korumak için ürüne özel bakım talimatlarını takip ediniz.""}",20,5,refreshed,"[""daily_top""]",true,2026-09-08T10:34:03.631Z,0,"[""search_result_dom"",""product_detail_jsonld"",""product_detail_dom""]","{""variant_id"":""observed"",""variant_label"":""unavailable"",""listing_id"":""observed"",""inventory_key"":""observed"",""stock_quantity"":""observed"",""stock_quantity_source"":""observed"",""stock_quantity_kind"":""observed"",""stock_observed_at"":""observed"",""max_sale_limit"":""observed"",""seller_count"":""observed"",""seller_count_observed"":""observed"",""seller_count_kind"":""observed"",""sellers"":""observed"",""variants"":""observed"",""favorite_count"":""observed"",""inventory_decrease"":""unavailable"",""sales_estimate_daily"":""unavailable"",""sales_estimate_weekly"":""unavailable"",""sales_estimate_monthly"":""unavailable"",""sales_estimate_status"":""unavailable"",""sales_estimate_hours"":""unavailable"",""sales_estimate_source"":""unavailable"",""title"":""observed"",""brand"":""observed"",""seller_name"":""observed"",""seller_score"":""observed"",""price"":""observed"",""original_price"":""unavailable"",""campaigns"":""unavailable"",""stock_status"":""observed"",""stock_signal"":""unavailable"",""rating"":""observed"",""rating_count"":""observed"",""review_count"":""observed"",""question_count"":""unavailable"",""delivery_summary"":""unavailable"",""shipping_cost"":""observed"",""properties"":""observed""}",true,
194825447,,3bea42bf28578e54baf0209da6c48b39,121018143:838726:194825447:3bea42bf28578e54baf0209da6c48b39,18010,merchantListing.winnerVariant.quantity,reported,2026-09-08T10:34:02.947Z,10,1,1,reported_total,"[{""merchant_id"":""838726"",""name"":""B&M MARKET"",""score"":9.5,""price"":74.99,""variant_id"":""194825447"",""listing_id"":""3bea42bf28578e54baf0209da6c48b39"",""stock_quantity"":18010}]","[{""variant_id"":""194825447"",""label"":null,""in_stock"":true,""stock_quantity"":18010,""selected"":true}]",2993,92,91.89,,,estimated,24.03,inventory_net_decrease,2026-09-08,2026-09-08T13:30:55+03:00,otomobil motosiklet,BEST_SELLER,arac-ici-aksesuar,araç içi aksesuar,7,1,27,27,1,otomobil-motosiklet:arac-ici-aksesuar,7,5,81.8,35.7,121018143,838726,121018143:838726,Beatitude Oto Parkmatik Numaratik Tüm Arabalara Uygun Oto Araç Numaratör Cam Önü Aç Kapa Telefon Numarası,Beatitude,Oto Aksesuar Seti,https://www.trendyol.com/beatitude/oto-parkmatik-numaratik-tum-arabalara-uygun-oto-arac-numarator-cam-onu-ac-kapa-telefon-numarasi-p-121018143?boutiqueId=61&merchantId=838726,B&M MARKET,9.5,74.99,,,9.5,TRY,"[""Trendyol Plus'a Özel""]",InStock,,,,,,3.9603960396039604,202,94,0,,,,,4999,TRY,0,1,1,3,,En Çok Satan 1. Ürün,https://cdn.dsmcdn.com/ty1913/prod/QC_ENRICHMENT/20260530/09/3162c6a2-af09-36bf-a64b-cc5b0a25aa1a/1_org_zoom.jpg,"{""Menşei"":""CN"",""Tamir Edilebilirlik"":""Tamir Edilebilir, Satıcı ile İletişime Geçiniz."",""Özellik"":""Diğer""}",20,5,refreshed,"[""daily_top""]",true,2026-09-08T10:34:02.949Z,0,"[""search_result_dom"",""product_detail_jsonld"",""product_detail_dom""]","{""variant_id"":""observed"",""variant_label"":""unavailable"",""listing_id"":""observed"",""inventory_key"":""observed"",""stock_quantity"":""observed"",""stock_quantity_source"":""observed"",""stock_quantity_kind"":""observed"",""stock_observed_at"":""observed"",""max_sale_limit"":""observed"",""seller_count"":""observed"",""seller_count_observed"":""observed"",""seller_count_kind"":""observed"",""sellers"":""observed"",""variants"":""observed"",""favorite_count"":""observed"",""inventory_decrease"":""unavailable"",""sales_estimate_daily"":""unavailable"",""sales_estimate_weekly"":""unavailable"",""sales_estimate_monthly"":""unavailable"",""sales_estimate_status"":""unavailable"",""sales_estimate_hours"":""unavailable"",""sales_estimate_source"":""unavailable"",""title"":""observed"",""brand"":""observed"",""seller_name"":""observed"",""seller_score"":""observed"",""price"":""observed"",""original_price"":""unavailable"",""campaigns"":""observed"",""stock_status"":""observed"",""stock_signal"":""unavailable"",""rating"":""observed"",""rating_count"":""observed"",""review_count"":""observed"",""question_count"":""unavailable"",""delivery_summary"":""unavailable"",""shipping_cost"":""observed"",""properties"":""observed""}",true,
1145136158,,52407214143f95f898b5959929e3c8e8,849112760:120735:1145136158:52407214143f95f898b5959929e3c8e8,3809,merchantListing.winnerVariant.quantity,reported,2026-09-08T10:34:11.039Z,10,1,1,reported_total,"[{""merchant_id"":""120735"",""name"":""Woyax Deji"",""score"":9.5,""price"":399.8,""variant_id"":""1145136158"",""listing_id"":""52407214143f95f898b5959929e3c8e8"",""stock_quantity"":3809}]","[{""variant_id"":""1145136158"",""label"":null,""in_stock"":true,""stock_quantity"":3809,""selected"":true}]",30152,78,77.9,,,estimated,24.03,inventory_net_decrease,2026-09-08,2026-09-08T13:30:55+03:00,otomobil motosiklet,BEST_SELLER,arac-ici-aksesuar,araç içi aksesuar,8,1,28,28,,otomobil-motosiklet:arac-ici-aksesuar,8,28,89.3,25.7,849112760,120735,849112760:120735,Woyax Active 360 Vantuzlu Araç Içi Telefon Tutucu - Vakumlu Akrobat Araba Telefon Tutacağı,Woyax,Araç İçi Telefon Tutucular,https://www.trendyol.com/woyax/active-360-vantuzlu-arac-ici-telefon-tutucu-vakumlu-akrobat-araba-telefon-tutacagi-p-849112760?boutiqueId=61&merchantId=120735,Woyax Deji,9.5,399.8,,,0,TRY,"[""Kargo Bedava""]",InStock,,,,,,4.516949152542373,2596,1442,2,,,,,4999,TRY,0,,1,3,Tahmini Teslim:,,https://cdn.dsmcdn.com/ty1618/prod/QC/20241231/20/a4a26edb-e95a-34be-b4de-e6793e3aa2a0/1_org_zoom.jpg,"{""Telefon Tutucu Özellikleri"":""Akrobat"",""Renk"":""Siyah"",""Garanti Süresi"":""2 Yıl"",""Türü"":""Vantuzlu"",""Materyal"":""Jel"",""Menşei"":""CN"",""Bakım Talimatları (Genel)"":""Nemli bir bezle silin.""}",20,5,refreshed,"[""daily_top""]",true,2026-09-08T10:34:11.040Z,0,"[""search_result_dom"",""product_detail_jsonld"",""product_detail_dom""]","{""variant_id"":""observed"",""variant_label"":""unavailable"",""listing_id"":""observed"",""inventory_key"":""observed"",""stock_quantity"":""observed"",""stock_quantity_source"":""observed"",""stock_quantity_kind"":""observed"",""stock_observed_at"":""observed"",""max_sale_limit"":""observed"",""seller_count"":""observed"",""seller_count_observed"":""observed"",""seller_count_kind"":""observed"",""sellers"":""observed"",""variants"":""observed"",""favorite_count"":""observed"",""inventory_decrease"":""unavailable"",""sales_estimate_daily"":""unavailable"",""sales_estimate_weekly"":""unavailable"",""sales_estimate_monthly"":""unavailable"",""sales_estimate_status"":""unavailable"",""sales_estimate_hours"":""unavailable"",""sales_estimate_source"":""unavailable"",""title"":""observed"",""brand"":""observed"",""seller_name"":""observed"",""seller_score"":""observed"",""price"":""observed"",""original_price"":""unavailable"",""campaigns"":""observed"",""stock_status"":""observed"",""stock_signal"":""unavailable"",""rating"":""observed"",""rating_count"":""observed"",""review_count"":""observed"",""question_count"":""unavailable"",""delivery_summary"":""observed"",""shipping_cost"":""observed"",""properties"":""observed""}",true,
1319591426,,095343b5e179873d48720ec2dfe468ff,932877302:110546:1319591426:095343b5e179873d48720ec2dfe468ff,11075,merchantListing.winnerVariant.quantity,reported,2026-09-08T10:34:11.804Z,10,1,1,reported_total,"[{""merchant_id"":""110546"",""name"":""Fibaks"",""score"":9.6,""price"":178.1,""variant_id"":""1319591426"",""listing_id"":""095343b5e179873d48720ec2dfe468ff"",""stock_quantity"":11075}]","[{""variant_id"":""1319591426"",""label"":null,""in_stock"":true,""stock_quantity"":11075,""selected"":true}]",16958,50,49.99,,,estimated,24.01,inventory_net_decrease,2026-09-08,2026-09-08T13:30:55+03:00,otomobil motosiklet,BEST_SELLER,arac-ici-aksesuar,araç içi aksesuar,9,1,29,29,,otomobil-motosiklet:arac-ici-aksesuar,9,-6,90.6,28.2,932877302,110546,932877302:110546,Fibaks 360 Dönebilen Araç İçi Telefon Tutucu Vakumlu Magsafe Destekli Masa Üstü Duvar Halka Telefon Tutucu,Fibaks,,https://www.trendyol.com/fibaks/360-donebilen-arac-ici-telefon-tutucu-vakumlu-magsafe-destekli-masa-ustu-duvar-halka-telefon-tutucu-p-932877302?boutiqueId=61&merchantId=110546,Fibaks,9.6,178.1,189.99,6.3,0,TRY,"[""Kargo Bedava""]",InStock,,,,,,3.900900900900901,1221,608,2,,,,,,,0,,,,Tahmini Teslim:,,,{},0,,refreshed,"[""daily_top""]",true,2026-09-08T10:34:11.806Z,0,"[""search_result_dom"",""product_detail_jsonld"",""product_detail_dom""]","{""variant_id"":""observed"",""variant_label"":""unavailable"",""listing_id"":""observed"",""inventory_key"":""observed"",""stock_quantity"":""observed"",""stock_quantity_source"":""observed"",""stock_quantity_kind"":""observed"",""stock_observed_at"":""observed"",""max_sale_limit"":""observed"",""seller_count"":""observed"",""seller_count_observed"":""observed"",""seller_count_kind"":""observed"",""sellers"":""observed"",""variants"":""observed"",""favorite_count"":""observed"",""inventory_decrease"":""unavailable"",""sales_estimate_daily"":""unavailable"",""sales_estimate_weekly"":""unavailable"",""sales_estimate_monthly"":""unavailable"",""sales_estimate_status"":""unavailable"",""sales_estimate_hours"":""unavailable"",""sales_estimate_source"":""unavailable"",""title"":""observed"",""brand"":""observed"",""seller_name"":""observed"",""seller_score"":""observed"",""price"":""observed"",""original_price"":""observed"",""campaigns"":""observed"",""stock_status"":""observed"",""stock_signal"":""unavailable"",""rating"":""observed"",""rating_count"":""observed"",""review_count"":""observed"",""question_count"":""unavailable"",""delivery_summary"":""observed"",""shipping_cost"":""unavailable"",""properties"":""observed""}",true,
1620033388,,ddb9dd2797f4445060b04d8e0a912fca,1157868565:130527:1620033388:ddb9dd2797f4445060b04d8e0a912fca,7766,merchantListing.winnerVariant.quantity,reported,2026-09-08T10:34:14.352Z,10,1,1,reported_total,"[{""merchant_id"":""130527"",""name"":""zubizubi"",""score"":9.4,""price"":199,""variant_id"":""1620033388"",""listing_id"":""ddb9dd2797f4445060b04d8e0a912fca"",""stock_quantity"":7766}]","[{""variant_id"":""1620033388"",""label"":null,""in_stock"":true,""stock_quantity"":7766,""selected"":true}]",1292,50,49.99,,,estimated,24.01,inventory_net_decrease,2026-09-08,2026-09-08T13:30:55+03:00,otomobil motosiklet,BEST_SELLER,arac-ici-aksesuar,araç içi aksesuar,10,1,30,30,,otomobil-motosiklet:arac-ici-aksesuar,10,-5,74.1,35.9,1157868565,130527,1157868565:130527,Venenon Araç İçi Tutucu 360 Dönebilen Ayarlanabilir Vakumlu Magsafe İphone Android Telefon Tutucu K007 Siyah,Venenon,,https://www.trendyol.com/venenon/arac-ici-tutucu-360-donebilen-ayarlanabilir-vakumlu-magsafe-iphone-android-telefon-tutucu-k007-siyah-p-1157868565?boutiqueId=61&merchantId=130527,zubizubi,9.4,199,,,24,TRY,"[""Kargo Bedava""]",InStock,,,,,,3.989010989010989,91,57,2,,,,,,,0,,,,Tahmini Teslim:,,,{},0,,refreshed,"[""daily_top"",""hot_change""]",true,2026-09-08T10:34:14.353Z,0,"[""search_result_dom"",""product_detail_jsonld"",""product_detail_dom""]","{""variant_id"":""observed"",""variant_label"":""unavailable"",""listing_id"":""observed"",""inventory_key"":""observed"",""stock_quantity"":""observed"",""stock_quantity_source"":""observed"",""stock_quantity_kind"":""observed"",""stock_observed_at"":""observed"",""max_sale_limit"":""observed"",""seller_count"":""observed"",""seller_count_observed"":""observed"",""seller_count_kind"":""observed"",""sellers"":""observed"",""variants"":""observed"",""favorite_count"":""observed"",""inventory_decrease"":""unavailable"",""sales_estimate_daily"":""unavailable"",""sales_estimate_weekly"":""unavailable"",""sales_estimate_monthly"":""unavailable"",""sales_estimate_status"":""unavailable"",""sales_estimate_hours"":""unavailable"",""sales_estimate_source"":""unavailable"",""title"":""observed"",""brand"":""observed"",""seller_name"":""observed"",""seller_score"":""observed"",""price"":""observed"",""original_price"":""unavailable"",""campaigns"":""observed"",""stock_status"":""observed"",""stock_signal"":""unavailable"",""rating"":""observed"",""rating_count"":""observed"",""review_count"":""observed"",""question_count"":""unavailable"",""delivery_summary"":""observed"",""shipping_cost"":""unavailable"",""properties"":""observed""}",true,
1145133721,,93adfd1ff88f9244b14fa878d475d196,849111553:120735:1145133721:93adfd1ff88f9244b14fa878d475d196,6370,merchantListing.winnerVariant.quantity,reported,2026-09-08T10:34:20.477Z,10,1,1,reported_total,"[{""merchant_id"":""120735"",""name"":""Woyax Deji"",""score"":9.5,""price"":499.8,""variant_id"":""1145133721"",""listing_id"":""93adfd1ff88f9244b14fa878d475d196"",""stock_quantity"":6370}]","[{""variant_id"":""1145133721"",""label"":null,""in_stock"":true,""stock_quantity"":6370,""selected"":true}]",14016,39,38.98,,,estimated,24.01,inventory_net_decrease,2026-09-08,2026-09-08T13:30:55+03:00,otomobil motosiklet,BEST_SELLER,arac-ici-aksesuar,araç içi aksesuar,11,1,31,31,,otomobil-motosiklet:arac-ici-aksesuar,11,-10,81.4,26.1,849111553,120735,849111553:120735,Woyax Güçlü Mıknatıslı Kancalı Araç Içi Telefon Tutucu - Magsafe Iphone Uyumlu Havalandırma Için,Woyax,Araç İçi Telefon Tutucular,https://www.trendyol.com/woyax/guclu-miknatisli-kancali-arac-ici-telefon-tutucu-magsafe-iphone-uyumlu-havalandirma-icin-p-849111553?boutiqueId=61&merchantId=120735,Woyax Deji,9.5,499.8,,,0,TRY,"[""Kargo Bedava""]",InStock,,,,,,4.726822363765039,1413,850,2,,,,,4999,TRY,0,1,1,3,Tahmini Teslim:,,https://cdn.dsmcdn.com/ty1619/prod/QC/20241231/20/660cceb5-1593-3418-8bfe-1849c5a019e4/1_org_zoom.jpg,"{""Telefon Tutucu Özellikleri"":""Mıknatıslı"",""Renk"":""Siyah"",""Garanti Süresi"":""1 Yıl"",""Türü"":""Havalandırma"",""Materyal"":""Silikon"",""Menşei"":""CN"",""Bakım Talimatları (Genel)"":""Ürünün kullanım ömrünü korumak için ürüne özel bakım talimatlarını takip ediniz.""}",20,5,refreshed,"[""daily_top""]",true,2026-09-08T10:34:20.478Z,0,"[""search_result_dom"",""product_detail_jsonld"",""product_detail_dom""]","{""variant_id"":""observed"",""variant_label"":""unavailable"",""listing_id"":""observed"",""inventory_key"":""observed"",""stock_quantity"":""observed"",""stock_quantity_source"":""observed"",""stock_quantity_kind"":""observed"",""stock_observed_at"":""observed"",""max_sale_limit"":""observed"",""seller_count"":""observed"",""seller_count_observed"":""observed"",""seller_count_kind"":""observed"",""sellers"":""observed"",""variants"":""observed"",""favorite_count"":""observed"",""inventory_decrease"":""unavailable"",""sales_estimate_daily"":""unavailable"",""sales_estimate_weekly"":""unavailable"",""sales_estimate_monthly"":""unavailable"",""sales_estimate_status"":""unavailable"",""sales_estimate_hours"":""unavailable"",""sales_estimate_source"":""unavailable"",""title"":""observed"",""brand"":""observed"",""seller_name"":""observed"",""seller_score"":""observed"",""price"":""observed"",""original_price"":""unavailable"",""campaigns"":""observed"",""stock_status"":""observed"",""stock_signal"":""unavailable"",""rating"":""observed"",""rating_count"":""observed"",""review_count"":""observed"",""question_count"":""unavailable"",""delivery_summary"":""observed"",""shipping_cost"":""observed"",""properties"":""observed""}",true,
1672449583,,940903e34e28d99462d33f994360d7bd,1191602767:136965:1672449583:940903e34e28d99462d33f994360d7bd,9800,merchantListing.winnerVariant.quantity,reported,2026-09-08T10:34:24.283Z,10,1,1,reported_total,"[{""merchant_id"":""136965"",""name"":""TeknoDrone"",""score"":9.1,""price"":1649,""variant_id"":""1672449583"",""listing_id"":""940903e34e28d99462d33f994360d7bd"",""stock_quantity"":9800}]","[{""variant_id"":""1672449583"",""label"":null,""in_stock"":true,""stock_quantity"":9800,""selected"":true}]",907,49,48.98,,,estimated,24.01,inventory_net_decrease,2026-09-08,2026-09-08T13:30:55+03:00,otomobil motosiklet,BEST_SELLER,arac-ici-aksesuar,araç içi aksesuar,12,1,32,32,,otomobil-motosiklet:arac-ici-aksesuar,12,-5,64.6,40.4,1191602767,136965,1191602767:136965,Teknodrone 24000 Pa Işıklı Araç Süpürgesi Kablosuz Vakum ve Üfleme 2in1 10 Başlıklı Metal Filtreli 300 ml Hazneli 5400 mAh Şarjlı Süpürge,Teknodrone,,https://www.trendyol.com/teknodrone/24000-pa-isikli-arac-supurgesi-kablosuz-vakum-ve-ufleme-2in1-10-baslikli-metal-filtreli-300-ml-hazneli-5400-mah-sarjli-supurge-p-1191602767?boutiqueId=61&merchantId=136965,TeknoDrone,9.1,1649,,,3.1,TRY,"[""Kargo Bedava""]",InStock,,,,,,4.538461538461538,13,11,2,,,,,,,0,,,,Tahmini Teslim:,,,{},0,,refreshed,"[""daily_top"",""hot_change""]",true,2026-09-08T10:34:24.284Z,0,"[""search_result_dom"",""product_detail_jsonld"",""product_detail_dom""]","{""variant_id"":""observed"",""variant_label"":""unavailable"",""listing_id"":""observed"",""inventory_key"":""observed"",""stock_quantity"":""observed"",""stock_quantity_source"":""observed"",""stock_quantity_kind"":""observed"",""stock_observed_at"":""observed"",""max_sale_limit"":""observed"",""seller_count"":""observed"",""seller_count_observed"":""observed"",""seller_count_kind"":""observed"",""sellers"":""observed"",""variants"":""observed"",""favorite_count"":""observed"",""inventory_decrease"":""unavailable"",""sales_estimate_daily"":""unavailable"",""sales_estimate_weekly"":""unavailable"",""sales_estimate_monthly"":""unavailable"",""sales_estimate_status"":""unavailable"",""sales_estimate_hours"":""unavailable"",""sales_estimate_source"":""unavailable"",""title"":""observed"",""brand"":""observed"",""seller_name"":""observed"",""seller_score"":""observed"",""price"":""observed"",""original_price"":""unavailable"",""campaigns"":""observed"",""stock_status"":""observed"",""stock_signal"":""unavailable"",""rating"":""observed"",""rating_count"":""observed"",""review_count"":""observed"",""question_count"":""unavailable"",""delivery_summary"":""observed"",""shipping_cost"":""unavailable"",""properties"":""observed""}",true,
1485865600,,37984c9dcb44f0da1ee63297cc16de88,1075455506:1184264:1485865600:37984c9dcb44f0da1ee63297cc16de88,19037,merchantListing.winnerVariant.quantity,reported,2026-09-08T10:34:24.479Z,10,1,1,reported_total,"[{""merchant_id"":""1184264"",""name"":""ozzen"",""score"":9.8,""price"":149.99,""variant_id"":""1485865600"",""listing_id"":""37984c9dcb44f0da1ee63297cc16de88"",""stock_quantity"":19037}]","[{""variant_id"":""1485865600"",""label"":null,""in_stock"":true,""stock_quantity"":19037,""selected"":true}]",14683,44,43.98,,,estimated,24.01,inventory_net_decrease,2026-09-08,2026-09-08T13:30:55+03:00,otomobil motosiklet,BEST_SELLER,arac-ici-aksesuar,araç içi aksesuar,13,1,33,33,,otomobil-motosiklet:arac-ici-aksesuar,13,-11,69,33.5,1075455506,1184264,1075455506:1184264,ozzen Araba Bardak Altlığı Silikon Araç İçi Kaymaz Mat Telefon Para Malzeme Tutucu SİYAH Renk 65 mm 2 ADET,ozzen,Oto Bardaklık,https://www.trendyol.com/ozzen/araba-bardak-altligi-silikon-arac-ici-kaymaz-mat-telefon-para-malzeme-tutucu-siyah-renk-65-mm-2-adet-p-1075455506?boutiqueId=61&merchantId=1184264,ozzen,9.8,149.99,,,0,TRY,"[""Kargo Bedava""]",InStock,,,,,,4.195,200,73,0,,,,,4999,TRY,0,,1,3,Tahmini Teslim:,,https://cdn.dsmcdn.com/ty1805/prod/QC_PREP/20251224/22/484d9e31-f577-37dd-ac45-c59f282ea4ff/1_org_zoom.jpg,"{""Menşei"":""TR""}",20,5,refreshed,"[""daily_top""]",true,2026-09-08T10:34:24.480Z,0,"[""search_result_dom"",""product_detail_jsonld"",""product_detail_dom""]","{""variant_id"":""observed"",""variant_label"":""unavailable"",""listing_id"":""observed"",""inventory_key"":""observed"",""stock_quantity"":""observed"",""stock_quantity_source"":""observed"",""stock_quantity_kind"":""observed"",""stock_observed_at"":""observed"",""max_sale_limit"":""observed"",""seller_count"":""observed"",""seller_count_observed"":""observed"",""seller_count_kind"":""observed"",""sellers"":""observed"",""variants"":""observed"",""favorite_count"":""observed"",""inventory_decrease"":""unavailable"",""sales_estimate_daily"":""unavailable"",""sales_estimate_weekly"":""unavailable"",""sales_estimate_monthly"":""unavailable"",""sales_estimate_status"":""unavailable"",""sales_estimate_hours"":""unavailable"",""sales_estimate_source"":""unavailable"",""title"":""observed"",""brand"":""observed"",""seller_name"":""observed"",""seller_score"":""observed"",""price"":""observed"",""original_price"":""unavailable"",""campaigns"":""observed"",""stock_status"":""observed"",""stock_signal"":""unavailable"",""rating"":""observed"",""rating_count"":""observed"",""review_count"":""observed"",""question_count"":""unavailable"",""delivery_summary"":""observed"",""shipping_cost"":""observed"",""properties"":""observed""}",true,
1235139970,,d6340e35749192d46e388ec019996ebf,889689911:108498:1235139970:d6340e35749192d46e388ec019996ebf,714,merchantListing.winnerVariant.quantity,reported,2026-09-08T10:34:30.704Z,10,1,1,reported_total,"[{""merchant_id"":""108498"",""name"":""Akıllıphone"",""score"":9.2,""price"":1399,""variant_id"":""1235139970"",""listing_id"":""d6340e35749192d46e388ec019996ebf"",""stock_quantity"":714}]","[{""variant_id"":""1235139970"",""label"":null,""in_stock"":true,""stock_quantity"":714,""selected"":true}]",111922,46,45.98,,,estimated,24.01,inventory_net_decrease,2026-09-08,2026-09-08T13:30:55+03:00,otomobil motosiklet,BEST_SELLER,arac-ici-aksesuar,araç içi aksesuar,14,1,34,34,,otomobil-motosiklet:arac-ici-aksesuar,14,-10,88.8,18,889689911,108498,889689911:108498,EZERE 7800 mAh Güçlendirilmiş Pil 20000pa Güçlü Portatif Vakumlu Kablosuz Üflemeli Mini Araç Süpürgesi,EZERE,,https://www.trendyol.com/ezere/7800-mah-guclendirilmis-pil-20000pa-guclu-portatif-vakumlu-kablosuz-uflemeli-mini-arac-supurgesi-p-889689911?boutiqueId=61&merchantId=108498,Akıllıphone,9.2,1399,1499,6.7,0,TRY,"[""Trendyol Plus'a Özel"",""Kargo Bedava""]",InStock,,,,,,4.506723515906855,9147,5777,2,,,,,,,0,,,,Tahmini Teslim:,,,{},0,,refreshed,"[""daily_top""]",true,2026-09-08T10:34:30.704Z,0,"[""search_result_dom"",""product_detail_jsonld"",""product_detail_dom""]","{""variant_id"":""observed"",""variant_label"":""unavailable"",""listing_id"":""observed"",""inventory_key"":""observed"",""stock_quantity"":""observed"",""stock_quantity_source"":""observed"",""stock_quantity_kind"":""observed"",""stock_observed_at"":""observed"",""max_sale_limit"":""observed"",""seller_count"":""observed"",""seller_count_observed"":""observed"",""seller_count_kind"":""observed"",""sellers"":""observed"",""variants"":""observed"",""favorite_count"":""observed"",""inventory_decrease"":""unavailable"",""sales_estimate_daily"":""unavailable"",""sales_estimate_weekly"":""unavailable"",""sales_estimate_monthly"":""unavailable"",""sales_estimate_status"":""unavailable"",""sales_estimate_hours"":""unavailable"",""sales_estimate_source"":""unavailable"",""title"":""observed"",""brand"":""observed"",""seller_name"":""observed"",""seller_score"":""observed"",""price"":""observed"",""original_price"":""observed"",""campaigns"":""observed"",""stock_status"":""observed"",""stock_signal"":""unavailable"",""rating"":""observed"",""rating_count"":""observed"",""review_count"":""observed"",""question_count"":""unavailable"",""delivery_summary"":""observed"",""shipping_cost"":""unavailable"",""properties"":""observed""}",true,
1622664139,,38c4eeba785639635f44ffe9cb8d1e21,1159646607:281461:1622664139:38c4eeba785639635f44ffe9cb8d1e21,12360,merchantListing.winnerVariant.quantity,reported,2026-09-08T10:34:33.354Z,10,3,3,reported_total,"[{""merchant_id"":""281461"",""name"":""MONYER"",""score"":9,""price"":432,""variant_id"":""1622664139"",""listing_id"":""38c4eeba785639635f44ffe9cb8d1e21"",""stock_quantity"":12360},{""merchant_id"":""1272679"",""name"":""S Group"",""score"":8.8,""price"":433,""variant_id"":""1622664139"",""listing_id"":""0bc2524cf0f01115ced3a4028f6c004d"",""stock_quantity"":33},{""merchant_id"":""1024578"",""name"":""Dorimo"",""score"":8.9,""price"":999,""variant_id"":""1622664139"",""listing_id"":""b417dcd69d543ee63929b4adca0eb191"",""stock_quantity"":99}]","[{""variant_id"":""1622664139"",""label"":null,""in_stock"":true,""stock_quantity"":12360,""selected"":true}]",6904,29,28.98,,,estimated,24.01,inventory_net_decrease,2026-09-08,2026-09-08T13:30:55+03:00,otomobil motosiklet,BEST_SELLER,arac-ici-aksesuar,araç içi aksesuar,15,1,35,35,,otomobil-motosiklet:arac-ici-aksesuar,15,-14,68,29.5,1159646607,281461,1159646607:281461,Dorimo Şemsiye Tip Araç Güneşliği Ön Cam İçin Katlanabilir UV Korumalı Oto Güneşlik,Dorimo,Oto Güneşlik Perde,https://www.trendyol.com/dorimo/semsiye-tip-arac-gunesligi-on-cam-icin-katlanabilir-uv-korumali-oto-guneslik-p-1159646607?boutiqueId=61&merchantId=281461,MONYER,9,432,,,12.8,TRY,"[""Kargo Bedava"",""Trendyol Plus'a Özel""]",InStock,,,,,,3.619047619047619,231,176,0,,,,,4999,TRY,0,1,1,3,Tahmini Teslim:,,https://cdn.dsmcdn.com/ty1893/prod/QC_ENRICHMENT/20260806/14/afe7d80c-54d7-37ec-9023-907804b1c45d/1_org_zoom.jpg,"{""Araç Markası"":""Renault"",""Menşei"":""CN""}",20,5,refreshed,"[""daily_top""]",true,2026-09-08T10:34:33.354Z,0,"[""search_result_dom"",""product_detail_jsonld"",""product_detail_dom""]","{""variant_id"":""observed"",""variant_label"":""unavailable"",""listing_id"":""observed"",""inventory_key"":""observed"",""stock_quantity"":""observed"",""stock_quantity_source"":""observed"",""stock_quantity_kind"":""observed"",""stock_observed_at"":""observed"",""max_sale_limit"":""observed"",""seller_count"":""observed"",""seller_count_observed"":""observed"",""seller_count_kind"":""observed"",""sellers"":""observed"",""variants"":""observed"",""favorite_count"":""observed"",""inventory_decrease"":""unavailable"",""sales_estimate_daily"":""unavailable"",""sales_estimate_weekly"":""unavailable"",""sales_estimate_monthly"":""unavailable"",""sales_estimate_status"":""unavailable"",""sales_estimate_hours"":""unavailable"",""sales_estimate_source"":""unavailable"",""title"":""observed"",""brand"":""observed"",""seller_name"":""observed"",""seller_score"":""observed"",""price"":""observed"",""original_price"":""unavailable"",""campaigns"":""observed"",""stock_status"":""observed"",""stock_signal"":""unavailable"",""rating"":""observed"",""rating_count"":""observed"",""review_count"":""observed"",""question_count"":""unavailable"",""delivery_summary"":""observed"",""shipping_cost"":""observed"",""properties"":""observed""}",true,
1618246873,,a59491113472a7214433e5202f49b7dd,1156692408:346231:1618246873:a59491113472a7214433e5202f49b7dd,1170,merchantListing.winnerVariant.quantity,reported,2026-09-08T10:34:33.553Z,10,1,1,reported_total,"[{""merchant_id"":""346231"",""name"":""Mimtec"",""score"":8.7,""price"":166.7,""variant_id"":""1618246873"",""listing_id"":""a59491113472a7214433e5202f49b7dd"",""stock_quantity"":1170}]","[{""variant_id"":""1618246873"",""label"":null,""in_stock"":true,""stock_quantity"":1170,""selected"":true}]",2125,68,67.97,,,estimated,24.01,inventory_net_decrease,2026-09-08,2026-09-08T13:30:55+03:00,otomobil motosiklet,BEST_SELLER,arac-ici-aksesuar,araç içi aksesuar,16,1,36,36,,otomobil-motosiklet:arac-ici-aksesuar,16,-10,63.2,33.5,1156692408,346231,1156692408:346231,mimtec Izgara Telefon Tutucu - 360 Dönebilen Kancalı Tüm Telefonlara Uyumlu Araç İçi Telefon Tutucu,mimtec,Araç İçi Telefon Tutucular,https://www.trendyol.com/mimtec/izgara-telefon-tutucu-360-donebilen-kancali-tum-telefonlara-uyumlu-arac-ici-telefon-tutucu-p-1156692408?boutiqueId=61&merchantId=346231,Mimtec,8.7,166.7,169.57,1.7,-6.6,TRY,"[""Son 10 Günün En Düşük Fiyatı"",""Kargo Bedava"",""Son 10 günün en düşük fiyatı""]",InStock,,,,,,4.609195402298851,87,48,1,,,,,4999,TRY,0,2,1,6,Tahmini Teslim:,,https://cdn.dsmcdn.com/ty1940/prod/QC_PREP/20260615/18/f285e711-4f64-380b-829f-12de6bdfe5f6/1_org_zoom.jpg,"{""Renk"":""Siyah"",""Garanti Süresi"":""2 Yıl"",""Türü"":""Havalandırma"",""Menşei"":""CN"",""Bakım Talimatları (Genel)"":""Nemli bir bezle silin.""}",20,5,refreshed,"[""daily_top""]",true,2026-09-08T10:34:33.553Z,0,"[""search_result_dom"",""product_detail_jsonld"",""product_detail_dom""]","{""variant_id"":""observed"",""variant_label"":""unavailable"",""listing_id"":""observed"",""inventory_key"":""observed"",""stock_quantity"":""observed"",""stock_quantity_source"":""observed"",""stock_quantity_kind"":""observed"",""stock_observed_at"":""observed"",""max_sale_limit"":""observed"",""seller_count"":""observed"",""seller_count_observed"":""observed"",""seller_count_kind"":""observed"",""sellers"":""observed"",""variants"":""observed"",""favorite_count"":""observed"",""inventory_decrease"":""unavailable"",""sales_estimate_daily"":""unavailable"",""sales_estimate_weekly"":""unavailable"",""sales_estimate_monthly"":""unavailable"",""sales_estimate_status"":""unavailable"",""sales_estimate_hours"":""unavailable"",""sales_estimate_source"":""unavailable"",""title"":""observed"",""brand"":""observed"",""seller_name"":""observed"",""seller_score"":""observed"",""price"":""observed"",""original_price"":""observed"",""campaigns"":""observed"",""stock_status"":""observed"",""stock_signal"":""unavailable"",""rating"":""observed"",""rating_count"":""observed"",""review_count"":""observed"",""question_count"":""unavailable"",""delivery_summary"":""observed"",""shipping_cost"":""observed"",""properties"":""observed""}",true,
1302826244,,e88ddab4267be8debfc3577a68207e39,922389824:691817:1302826244:e88ddab4267be8debfc3577a68207e39,3767,merchantListing.winnerVariant.quantity,reported,2026-09-08T10:34:41.091Z,10,1,1,reported_total,"[{""merchant_id"":""691817"",""name"":""Parker Otomotiv A.Ş"",""score"":8.9,""price"":190.99,""variant_id"":""1302826244"",""listing_id"":""e88ddab4267be8debfc3577a68207e39"",""stock_quantity"":3767}]","[{""variant_id"":""1302826244"",""label"":null,""in_stock"":true,""stock_quantity"":3767,""selected"":true}]",14306,63,62.88,,,estimated,24.04,inventory_net_decrease,2026-09-08,2026-09-08T13:30:55+03:00,otomobil motosiklet,BEST_SELLER,arac-ici-aksesuar,araç içi aksesuar,17,1,37,37,2,otomobil-motosiklet:arac-ici-aksesuar,17,,69.1,23.4,922389824,691817,922389824:691817,Parker Otomotiv Parlak Otomobil Araç Plakalık (2 Adet ) Kişiye Özel Yazılı,Parker Otomotiv,Oto Plakalık,https://www.trendyol.com/parker-otomotiv/parlak-otomobil-arac-plakalik-2-adet-kisiye-ozel-yazili-p-922389824?boutiqueId=61&merchantId=691817,Parker Otomotiv A.Ş,8.9,190.99,,,0,TRY,"[""Kargo Bedava"",""Trendyol Plus'a Özel""]",InStock,,,,,,4.275732531930879,1331,779,3,,,,,4999,TRY,0,1,1,3,Tahmini Teslim:,En Çok Satan 2. Ürün,https://cdn.dsmcdn.com/ty1662/prod/QC/20250414/18/5cdb183b-897e-3440-9c97-0bcf8274dd01/1_org_zoom.jpg,"{""Menşei"":""TR""}",20,5,refreshed,"[""daily_top""]",true,2026-09-08T10:34:41.093Z,0,"[""search_result_dom"",""product_detail_jsonld"",""product_detail_dom""]","{""variant_id"":""observed"",""variant_label"":""unavailable"",""listing_id"":""observed"",""inventory_key"":""observed"",""stock_quantity"":""observed"",""stock_quantity_source"":""observed"",""stock_quantity_kind"":""observed"",""stock_observed_at"":""observed"",""max_sale_limit"":""observed"",""seller_count"":""observed"",""seller_count_observed"":""observed"",""seller_count_kind"":""observed"",""sellers"":""observed"",""variants"":""observed"",""favorite_count"":""observed"",""inventory_decrease"":""unavailable"",""sales_estimate_daily"":""unavailable"",""sales_estimate_weekly"":""unavailable"",""sales_estimate_monthly"":""unavailable"",""sales_estimate_status"":""unavailable"",""sales_estimate_hours"":""unavailable"",""sales_estimate_source"":""unavailable"",""title"":""observed"",""brand"":""observed"",""seller_name"":""observed"",""seller_score"":""observed"",""price"":""observed"",""original_price"":""unavailable"",""campaigns"":""observed"",""stock_status"":""observed"",""stock_signal"":""unavailable"",""rating"":""observed"",""rating_count"":""observed"",""review_count"":""observed"",""question_count"":""unavailable"",""delivery_summary"":""observed"",""shipping_cost"":""observed"",""properties"":""observed""}",true,
1232460020,,8b045bb55a12d626cc1608c0d1fbcb1e,888165164:962848:1232460020:8b045bb55a12d626cc1608c0d1fbcb1e,19727,merchantListing.winnerVariant.quantity,reported,2026-09-08T10:34:43.968Z,10,14,14,reported_total,"[{""merchant_id"":""962848"",""name"":""BERONİKA"",""score"":8.1,""price"":24.99,""variant_id"":""1232460020"",""listing_id"":""8b045bb55a12d626cc1608c0d1fbcb1e"",""stock_quantity"":19727},{""merchant_id"":""1258312"",""name"":""Northern Star"",""score"":9.3,""price"":29,""variant_id"":""1232460020"",""listing_id"":""9bdbab0a56e6981e569c2ee9b48dc35d"",""stock_quantity"":1378},{""merchant_id"":""1197422"",""name"":""3DCraft"",""score"":9,""price"":32,""variant_id"":""1232460020"",""listing_id"":""db444280d74ae0344a8bd04881fb89c4"",""stock_quantity"":298},{""merchant_id"":""1195705"",""name"":""Trend Pazarlama ve Toptan Satış"",""score"":9.1,""price"":45,""variant_id"":""1232460020"",""listing_id"":""f7fbf0decd0299141c9455e615cccd4e"",""stock_quantity"":5961},{""merchant_id"":""1193950"",""name"":""Güvenli Adres"",""score"":8.8,""price"":47.99,""variant_id"":""1232460020"",""listing_id"":""d0864516b028d2675e254d74786d0e68"",""stock_quantity"":494},{""merchant_id"":""333220"",""name"":""DeerHome"",""score"":8.7,""price"":49.99,""variant_id"":""1232460020"",""listing_id"":""187d224c91b6ca034d47f22cad5c52f7"",""stock_quantity"":407},{""merchant_id"":""1257985"",""name"":""AEK E-TİCARET"",""score"":8.2,""price"":49.9,""variant_id"":""1232460020"",""listing_id"":""95790db33989d0d3653e53ca2ce16dbd"",""stock_quantity"":89},{""merchant_id"":""1096859"",""name"":""ARTEBA Global"",""score"":8.9,""price"":55,""variant_id"":""1232460020"",""listing_id"":""cf39c19ea4a22158dc0b2a2cf5f24e03"",""stock_quantity"":14555},{""merchant_id"":""943716"",""name"":""Abatay Group"",""score"":8.9,""price"":54.99,""variant_id"":""1232460020"",""listing_id"":""9e92d44172ec2acfeffeb68af5a1cf31"",""stock_quantity"":95},{""merchant_id"":""903933"",""name"":""İNFETA"",""score"":9,""price"":74.9,""variant_id"":""1232460020"",""listing_id"":""a5815a2836e2ce5caeb7798632253882"",""stock_quantity"":1994},{""merchant_id"":""118857"",""name"":""BUNUVER"",""score"":8.6,""price"":74.99,""variant_id"":""1232460020"",""listing_id"":""eda1ebedf7b3575444d982d24b789a38"",""stock_quantity"":10},{""merchant_id"":""385108"",""name"":""AydemirTech"",""score"":8.6,""price"":89,""variant_id"":""1232460020"",""listing_id"":""eeeceeffe12c4ca7720a262d4e8d4dc7"",""stock_quantity"":57},{""merchant_id"":""1130141"",""name"":""Vivotti"",""score"":8.6,""price"":89.9,""variant_id"":""1232460020"",""listing_id"":""d9bcbe0c818e60d8f8ef143f87308fb8"",""stock_quantity"":30},{""merchant_id"":""1252388"",""name"":""ADY TECH"",""score"":9.6,""price"":125,""variant_id"":""1232460020"",""listing_id"":""9505a505d952112604c4c94105c0842a"",""stock_quantity"":50}]","[{""variant_id"":""1232460020"",""label"":null,""in_stock"":true,""stock_quantity"":19727,""selected"":true}]",20339,61,60.87,,,estimated,24.05,inventory_net_decrease,2026-09-08,2026-09-08T13:30:55+03:00,otomobil motosiklet,BEST_SELLER,arac-ici-aksesuar,araç içi aksesuar,18,1,38,38,8,otomobil-motosiklet:arac-ici-aksesuar,18,,63.6,26.4,888165164,962848,888165164:962848,Genel Markalar Silikon Vakumlu Yapışkanlı Kaymaz Vantuz Cep Telefon Tutucu Akrobat Siyah Belirtilmemiş Silikon,Genel Markalar,,https://www.trendyol.com/genel-markalar/silikon-vakumlu-yapiskanli-kaymaz-vantuz-cep-telefon-tutucu-akrobat-siyah-belirtilmemis-silikon-p-888165164?boutiqueId=61&merchantId=962848,BERONİKA,8.1,24.99,,,0,TRY,"[""Kargo Bedava""]",InStock,,,,,,3.7963576158940397,604,283,1,,,,,,,0,,,,Tahmini Teslim:,En Çok Satan 8. Ürün,,{},0,,refreshed,"[""daily_top""]",true,2026-09-08T10:34:43.969Z,0,"[""search_result_dom"",""product_detail_jsonld"",""product_detail_dom""]","{""variant_id"":""observed"",""variant_label"":""unavailable"",""listing_id"":""observed"",""inventory_key"":""observed"",""stock_quantity"":""observed"",""stock_quantity_source"":""observed"",""stock_quantity_kind"":""observed"",""stock_observed_at"":""observed"",""max_sale_limit"":""observed"",""seller_count"":""observed"",""seller_count_observed"":""observed"",""seller_count_kind"":""observed"",""sellers"":""observed"",""variants"":""observed"",""favorite_count"":""observed"",""inventory_decrease"":""unavailable"",""sales_estimate_daily"":""unavailable"",""sales_estimate_weekly"":""unavailable"",""sales_estimate_monthly"":""unavailable"",""sales_estimate_status"":""unavailable"",""sales_estimate_hours"":""unavailable"",""sales_estimate_source"":""unavailable"",""title"":""observed"",""brand"":""observed"",""seller_name"":""observed"",""seller_score"":""observed"",""price"":""observed"",""original_price"":""unavailable"",""campaigns"":""observed"",""stock_status"":""observed"",""stock_signal"":""unavailable"",""rating"":""observed"",""rating_count"":""observed"",""review_count"":""observed"",""question_count"":""unavailable"",""delivery_summary"":""observed"",""shipping_cost"":""unavailable"",""properties"":""observed""}",true,
1329537007,,1a855d4b11f47aa3ba13abe68c3e4ec5,939490836:1128258:1329537007:1a855d4b11f47aa3ba13abe68c3e4ec5,555,merchantListing.winnerVariant.quantity,reported,2026-09-08T10:34:43.580Z,10,11,11,reported_total,"[{""merchant_id"":""1128258"",""name"":""İmalattan Kilim"",""score"":9.3,""price"":206,""variant_id"":""1329537007"",""listing_id"":""1a855d4b11f47aa3ba13abe68c3e4ec5"",""stock_quantity"":555},{""merchant_id"":""872829"",""name"":""Mes Garage"",""score"":8.1,""price"":196.4,""variant_id"":""1329537007"",""listing_id"":""1370fdaf7deb7c0b7647d9e0c7751553"",""stock_quantity"":4},{""merchant_id"":""787543"",""name"":""OTO AKSESUAR GARAJI"",""score"":8.6,""price"":240,""variant_id"":""1329537007"",""listing_id"":""ce2d8826a8631f299afcb8ed044d7f86"",""stock_quantity"":28},{""merchant_id"":""1200757"",""name"":""ZAFAKS"",""score"":8.2,""price"":299,""variant_id"":""1329537007"",""listing_id"":""edb6fc0eb49c11ac175c66460aa382d0"",""stock_quantity"":31},{""merchant_id"":""1123110"",""name"":""msr garaj"",""score"":7.5,""price"":299,""variant_id"":""1329537007"",""listing_id"":""e5a3dcc1cb399985ec38c30e991daf0a"",""stock_quantity"":5},{""merchant_id"":""1259656"",""name"":""REST GARAGE09 OTO AKSESUAR"",""score"":8.6,""price"":330,""variant_id"":""1329537007"",""listing_id"":""d1a9e5916a3c88dbee46c7cc9b8e4317"",""stock_quantity"":20},{""merchant_id"":""209508"",""name"":""EF GARAGE Oto Aksesuar"",""score"":8.8,""price"":349,""variant_id"":""1329537007"",""listing_id"":""2c06507f658679952b2ba679a7416e92"",""stock_quantity"":9991},{""merchant_id"":""244159"",""name"":""VEMAKS OTO KOLTUK KILIFI"",""score"":9.2,""price"":379,""variant_id"":""1329537007"",""listing_id"":""1d456339dfb15c0b6ba8ee7f1124406c"",""stock_quantity"":10},{""merchant_id"":""1128243"",""name"":""ARTDECO STORE"",""score"":9.6,""price"":449,""variant_id"":""1329537007"",""listing_id"":""d4341a5d7328cf27608870745866bd1f"",""stock_quantity"":1},{""merchant_id"":""1206097"",""name"":""Black Oto"",""score"":9,""price"":485,""variant_id"":""1329537007"",""listing_id"":""0ae2164522177c75547613a30bd3d3fb"",""stock_quantity"":4},{""merchant_id"":""1233657"",""name"":""Nocta"",""score"":6.9,""price"":1896,""variant_id"":""1329537007"",""listing_id"":""558b79feb6ade696b7756824bb77a74d"",""stock_quantity"":2}]","[{""variant_id"":""1329537007"",""label"":null,""in_stock"":true,""stock_quantity"":555,""selected"":true}]",18439,85,84.85,,,estimated,24.04,inventory_net_decrease,2026-09-08,2026-09-08T13:30:55+03:00,otomobil motosiklet,BEST_SELLER,arac-ici-aksesuar,araç içi aksesuar,19,1,39,39,1,otomobil-motosiklet:arac-ici-aksesuar,19,10,63.7,23.8,939490836,1128258,939490836:1128258,Genel Markalar Terletmez 3'lü Minder Set Serme Kilim Siyah Beyaz,Genel Markalar,Oto Koltuk Minderi ve Yastığı,https://www.trendyol.com/genel-markalar/terletmez-3-lu-minder-set-serme-kilim-siyah-beyaz-p-939490836?boutiqueId=61&merchantId=1128258,İmalattan Kilim,9.3,206,,,0,TRY,"[""Kargo Bedava""]",InStock,,,,,,4.559040590405904,1084,510,1,,,,,4999,TRY,0,1,1,3,Tahmini Teslim:,En Çok Satan 1. Ürün,https://cdn.dsmcdn.com/ty1684/prod/QC/20250524/21/fb046527-06a6-3f81-a363-c7dc2a7c16c7/1_org_zoom.jpg,"{""Araç Marka ve Model"":""Universal"",""Materyal"":""Polyester"",""Menşei"":""TR"",""Yıkama Talimatı"":""Type 1""}",20,5,refreshed,"[""daily_top""]",true,2026-09-08T10:34:43.580Z,0,"[""search_result_dom"",""product_detail_jsonld"",""product_detail_dom""]","{""variant_id"":""observed"",""variant_label"":""unavailable"",""listing_id"":""observed"",""inventory_key"":""observed"",""stock_quantity"":""observed"",""stock_quantity_source"":""observed"",""stock_quantity_kind"":""observed"",""stock_observed_at"":""observed"",""max_sale_limit"":""observed"",""seller_count"":""observed"",""seller_count_observed"":""observed"",""seller_count_kind"":""observed"",""sellers"":""observed"",""variants"":""observed"",""favorite_count"":""observed"",""inventory_decrease"":""unavailable"",""sales_estimate_daily"":""unavailable"",""sales_estimate_weekly"":""unavailable"",""sales_estimate_monthly"":""unavailable"",""sales_estimate_status"":""unavailable"",""sales_estimate_hours"":""unavailable"",""sales_estimate_source"":""unavailable"",""title"":""observed"",""brand"":""observed"",""seller_name"":""observed"",""seller_score"":""observed"",""price"":""observed"",""original_price"":""unavailable"",""campaigns"":""observed"",""stock_status"":""observed"",""stock_signal"":""unavailable"",""rating"":""observed"",""rating_count"":""observed"",""review_count"":""observed"",""question_count"":""unavailable"",""delivery_summary"":""observed"",""shipping_cost"":""observed"",""properties"":""observed""}",true,
87033184,,010c64ad4c3328c99a627b48fff7812c,49085647:449633:87033184:010c64ad4c3328c99a627b48fff7812c,1711,merchantListing.winnerVariant.quantity,reported,2026-09-08T10:34:51.377Z,10,1,1,reported_total,"[{""merchant_id"":""449633"",""name"":""MKEY TEKNOLOJİ"",""score"":9,""price"":151.99,""variant_id"":""87033184"",""listing_id"":""010c64ad4c3328c99a627b48fff7812c"",""stock_quantity"":1711}]","[{""variant_id"":""87033184"",""label"":null,""in_stock"":true,""stock_quantity"":1711,""selected"":true}]",56252,75,74.86,,,estimated,24.04,inventory_net_decrease,2026-09-08,2026-09-08T13:30:55+03:00,otomobil motosiklet,BEST_SELLER,arac-ici-aksesuar,araç içi aksesuar,20,1,40,40,,otomobil-motosiklet:arac-ici-aksesuar,20,-19,68.1,16.9,49085647,449633,49085647:449633,batcell Araba Araç içi Cep Telefonu Tutucu,batcell,Araç İçi Telefon Tutucular,https://www.trendyol.com/batcell/araba-arac-ici-cep-telefonu-tutucu-p-49085647?boutiqueId=61&merchantId=449633,MKEY TEKNOLOJİ,9,151.99,,,15.9,TRY,"[""Kargo Bedava""]",InStock,,,,,,3.6510282776349614,6224,3263,-7,,,,,4999,TRY,0,,1,3,Tahmini Teslim:,,https://cdn.dsmcdn.com/ty1458/product/media/images/prod/QC/20240803/12/880d8db6-5ba1-3a80-a711-982892263835/1_org_zoom.jpg,"{""Telefon Tutucu Özellikleri"":""Akrobat"",""Renk"":""Siyah"",""Garanti Süresi"":""1 Yıl"",""Türü"":""Havalandırma"",""Menşei"":""CN"",""Bakım Talimatları (Genel)"":""Ürünün kullanım ömrünü korumak için ürüne özel bakım talimatlarını takip ediniz.""}",20,5,refreshed,"[""daily_top""]",true,2026-09-08T10:34:51.378Z,0,"[""search_result_dom"",""product_detail_jsonld"",""product_detail_dom""]","{""variant_id"":""observed"",""variant_label"":""unavailable"",""listing_id"":""observed"",""inventory_key"":""observed"",""stock_quantity"":""observed"",""stock_quantity_source"":""observed"",""stock_quantity_kind"":""observed"",""stock_observed_at"":""observed"",""max_sale_limit"":""observed"",""seller_count"":""observed"",""seller_count_observed"":""observed"",""seller_count_kind"":""observed"",""sellers"":""observed"",""variants"":""observed"",""favorite_count"":""observed"",""inventory_decrease"":""unavailable"",""sales_estimate_daily"":""unavailable"",""sales_estimate_weekly"":""unavailable"",""sales_estimate_monthly"":""unavailable"",""sales_estimate_status"":""unavailable"",""sales_estimate_hours"":""unavailable"",""sales_estimate_source"":""unavailable"",""title"":""observed"",""brand"":""observed"",""seller_name"":""observed"",""seller_score"":""observed"",""price"":""observed"",""original_price"":""unavailable"",""campaigns"":""observed"",""stock_status"":""observed"",""stock_signal"":""unavailable"",""rating"":""observed"",""rating_count"":""observed"",""review_count"":""observed"",""question_count"":""unavailable"",""delivery_summary"":""observed"",""shipping_cost"":""observed"",""properties"":""observed""}",true,
1580738308,,4addf117d3a3fb1c26c6709623f96d5a,1131552012:1046196:1580738308:4addf117d3a3fb1c26c6709623f96d5a,3502,merchantListing.winnerVariant.quantity,reported,2026-09-08T10:34:54.168Z,50,5,5,reported_total,"[{""merchant_id"":""1046196"",""name"":""KİTCHEN TİME"",""score"":8.4,""price"":199,""variant_id"":""1580738308"",""listing_id"":""4addf117d3a3fb1c26c6709623f96d5a"",""stock_quantity"":3502},{""merchant_id"":""1157995"",""name"":""Kanarya kırtasiye"",""score"":0,""price"":230,""variant_id"":""1580738308"",""listing_id"":""3cd357c5573719f8999c60d035062787"",""stock_quantity"":93},{""merchant_id"":""1120127"",""name"":""CLNK TECH"",""score"":8.7,""price"":299,""variant_id"":""1580738308"",""listing_id"":""db585c1fa3209c3a27be7c5001867897"",""stock_quantity"":4726},{""merchant_id"":""1053270"",""name"":""perağ"",""score"":9.1,""price"":349,""variant_id"":""1580738308"",""listing_id"":""d4217783260592c284fc504fbe949db1"",""stock_quantity"":9},{""merchant_id"":""199770"",""name"":""Rodos Ticaret"",""score"":8.5,""price"":699.99,""variant_id"":""1580738308"",""listing_id"":""11beec979c1b8b98c6585e825c8a5f26"",""stock_quantity"":1}]","[{""variant_id"":""1580738308"",""label"":null,""in_stock"":true,""stock_quantity"":3502,""selected"":true}]",10572,50,49.89,,,estimated,24.05,inventory_net_decrease,2026-09-08,2026-09-08T13:30:55+03:00,otomobil motosiklet,BEST_SELLER,arac-ici-aksesuar,araç içi aksesuar,21,1,41,41,4,otomobil-motosiklet:arac-ici-aksesuar,21,,58.1,24.4,1131552012,1046196,1131552012:1046196,Kitchen Time Araba Güneş Gölge Koruyucu Yenilenmiş Yansıtma Teknoloji Şemsiye Oto Ön Cam Güneşlik Araç Şemsiyesi,Kitchen Time,Oto Güneşlik Perde,https://www.trendyol.com/kitchen-time/araba-gunes-golge-koruyucu-yenilenmis-yansitma-teknoloji-semsiye-oto-on-cam-guneslik-arac-semsiyesi-p-1131552012?boutiqueId=61&merchantId=1046196,KİTCHEN TİME,8.4,199,,,0,TRY,"[""Kargo Bedava""]",InStock,,,,,,4.123978201634878,734,320,1,,,,,4999,TRY,0,1,1,3,Tahmini Teslim:,En Çok Satan 4. Ürün,https://cdn.dsmcdn.com/ty1932/prod/QC_ENRICHMENT/20260508/12/147b88eb-8469-3e8d-938e-5e852cd9071c/1_org_zoom.jpg,"{""Araç Markası"":""Ferrari"",""Menşei"":""CN""}",20,5,refreshed,"[""daily_top""]",true,2026-09-08T10:34:54.169Z,0,"[""search_result_dom"",""product_detail_jsonld"",""product_detail_dom""]","{""variant_id"":""observed"",""variant_label"":""unavailable"",""listing_id"":""observed"",""inventory_key"":""observed"",""stock_quantity"":""observed"",""stock_quantity_source"":""observed"",""stock_quantity_kind"":""observed"",""stock_observed_at"":""observed"",""max_sale_limit"":""observed"",""seller_count"":""observed"",""seller_count_observed"":""observed"",""seller_count_kind"":""observed"",""sellers"":""observed"",""variants"":""observed"",""favorite_count"":""observed"",""inventory_decrease"":""unavailable"",""sales_estimate_daily"":""unavailable"",""sales_estimate_weekly"":""unavailable"",""sales_estimate_monthly"":""unavailable"",""sales_estimate_status"":""unavailable"",""sales_estimate_hours"":""unavailable"",""sales_estimate_source"":""unavailable"",""title"":""observed"",""brand"":""observed"",""seller_name"":""observed"",""seller_score"":""observed"",""price"":""observed"",""original_price"":""unavailable"",""campaigns"":""observed"",""stock_status"":""observed"",""stock_signal"":""unavailable"",""rating"":""observed"",""rating_count"":""observed"",""review_count"":""observed"",""question_count"":""unavailable"",""delivery_summary"":""observed"",""shipping_cost"":""observed"",""properties"":""observed""}",true,
105361248,,edfe9cdd0409d91cd7e332da10731ae2,59388085:211096:105361248:edfe9cdd0409d91cd7e332da10731ae2,2156,merchantListing.winnerVariant.quantity,reported,2026-09-08T10:34:53.918Z,10,2,2,reported_total,"[{""merchant_id"":""211096"",""name"":""Realx"",""score"":8.9,""price"":1199,""variant_id"":""105361248"",""listing_id"":""edfe9cdd0409d91cd7e332da10731ae2"",""stock_quantity"":2156},{""merchant_id"":""485354"",""name"":""Retoys"",""score"":8.6,""price"":1499.9,""variant_id"":""105361248"",""listing_id"":""ea5aaa3a274ae3defa35ca1c3dfb2e5a"",""stock_quantity"":988}]","[{""variant_id"":""105361248"",""label"":null,""in_stock"":true,""stock_quantity"":2156,""selected"":true}]",100053,70,69.89,,,estimated,24.04,inventory_net_decrease,2026-09-08,2026-09-08T13:30:55+03:00,otomobil motosiklet,BEST_SELLER,arac-ici-aksesuar,araç içi aksesuar,22,1,42,42,1,otomobil-motosiklet:arac-ici-aksesuar,22,-10,61.8,18.2,59388085,211096,59388085:211096,Sportlife Şişme Yatak Araba Ve Kamp Yatağı Çanta Elektrikli Pompa Tamir Kiti Ve Yastıklı Yatak Seti,Sportlife,Araç İçi Şişme Yatak,https://www.trendyol.com/sportlife/sisme-yatak-araba-ve-kamp-yatagi-canta-elektrikli-pompa-tamir-kiti-ve-yastikli-yatak-seti-p-59388085?boutiqueId=61&merchantId=211096,Realx,8.9,1199,,,10.5,TRY,"[""Kargo Bedava""]",InStock,,,,,,4.261561119293077,3395,1689,1,,,,,4999,TRY,0,1,1,3,Tahmini Teslim:,En Çok Satan 1. Ürün,https://cdn.dsmcdn.com/ty1622/prod/QC/20250109/19/58c9a492-ddf7-3234-aa0c-8efb612324eb/1_org_zoom.jpg,"{""Renk"":""Gri"",""Menşei"":""CN"",""Bakım Talimatları (Genel)"":""Nemli bir bezle silin.""}",20,5,refreshed,"[""daily_top""]",true,2026-09-08T10:34:53.919Z,0,"[""search_result_dom"",""product_detail_jsonld"",""product_detail_dom""]","{""variant_id"":""observed"",""variant_label"":""unavailable"",""listing_id"":""observed"",""inventory_key"":""observed"",""stock_quantity"":""observed"",""stock_quantity_source"":""observed"",""stock_quantity_kind"":""observed"",""stock_observed_at"":""observed"",""max_sale_limit"":""observed"",""seller_count"":""observed"",""seller_count_observed"":""observed"",""seller_count_kind"":""observed"",""sellers"":""observed"",""variants"":""observed"",""favorite_count"":""observed"",""inventory_decrease"":""unavailable"",""sales_estimate_daily"":""unavailable"",""sales_estimate_weekly"":""unavailable"",""sales_estimate_monthly"":""unavailable"",""sales_estimate_status"":""unavailable"",""sales_estimate_hours"":""unavailable"",""sales_estimate_source"":""unavailable"",""title"":""observed"",""brand"":""observed"",""seller_name"":""observed"",""seller_score"":""observed"",""price"":""observed"",""original_price"":""unavailable"",""campaigns"":""observed"",""stock_status"":""observed"",""stock_signal"":""unavailable"",""rating"":""observed"",""rating_count"":""observed"",""review_count"":""observed"",""question_count"":""unavailable"",""delivery_summary"":""observed"",""shipping_cost"":""observed"",""properties"":""observed""}",true,
1431060358,,90cdde7f97a6c7593be20be4e284691b,1033430358:620946:1431060358:90cdde7f97a6c7593be20be4e284691b,9284,merchantListing.winnerVariant.quantity,reported,2026-09-08T10:35:02.440Z,10,1,1,reported_total,"[{""merchant_id"":""620946"",""name"":""Banxtre"",""score"":8.9,""price"":24.9,""variant_id"":""1431060358"",""listing_id"":""90cdde7f97a6c7593be20be4e284691b"",""stock_quantity"":9284}]","[{""variant_id"":""1431060358"",""label"":null,""in_stock"":true,""stock_quantity"":9284,""selected"":true}]",16473,84,83.88,,,estimated,24.04,inventory_net_decrease,2026-09-08,2026-09-08T13:30:55+03:00,otomobil motosiklet,BEST_SELLER,arac-ici-aksesuar,araç içi aksesuar,23,1,43,43,4,otomobil-motosiklet:arac-ici-aksesuar,23,-19,50.5,27,1033430358,620946,1033430358:620946,Banxtre Motor için El Sueno Del Nino Sticker (Bir Çocuğun Rüyası) Sticker Etiket (15CMx2.5CM),Banxtre,,https://www.trendyol.com/banxtre/motor-icin-el-sueno-del-nino-sticker-bir-cocugun-ruyasi-sticker-etiket-15cmx2-5cm-p-1033430358?boutiqueId=61&merchantId=620946,Banxtre,8.9,24.9,,,0,TRY,"[""Kargo Bedava""]",InStock,,,,,,4.431226765799257,269,115,0,,,,,,,0,,,,Tahmini Teslim:,En Çok Satan 4. Ürün,,{},0,,refreshed,"[""daily_top""]",true,2026-09-08T10:35:02.441Z,0,"[""search_result_dom"",""product_detail_jsonld"",""product_detail_dom""]","{""variant_id"":""observed"",""variant_label"":""unavailable"",""listing_id"":""observed"",""inventory_key"":""observed"",""stock_quantity"":""observed"",""stock_quantity_source"":""observed"",""stock_quantity_kind"":""observed"",""stock_observed_at"":""observed"",""max_sale_limit"":""observed"",""seller_count"":""observed"",""seller_count_observed"":""observed"",""seller_count_kind"":""observed"",""sellers"":""observed"",""variants"":""observed"",""favorite_count"":""observed"",""inventory_decrease"":""unavailable"",""sales_estimate_daily"":""unavailable"",""sales_estimate_weekly"":""unavailable"",""sales_estimate_monthly"":""unavailable"",""sales_estimate_status"":""unavailable"",""sales_estimate_hours"":""unavailable"",""sales_estimate_source"":""unavailable"",""title"":""observed"",""brand"":""observed"",""seller_name"":""observed"",""seller_score"":""observed"",""price"":""observed"",""original_price"":""unavailable"",""campaigns"":""observed"",""stock_status"":""observed"",""stock_signal"":""unavailable"",""rating"":""observed"",""rating_count"":""observed"",""review_count"":""observed"",""question_count"":""unavailable"",""delivery_summary"":""observed"",""shipping_cost"":""unavailable"",""properties"":""observed""}",true,
1345917165,,76a28038832c3dc6be7848d6b3629e40,950675683:555700:1345917165:76a28038832c3dc6be7848d6b3629e40,8853,merchantListing.winnerVariant.quantity,reported,2026-09-08T10:35:04.326Z,20,1,1,reported_total,"[{""merchant_id"":""555700"",""name"":""GMD TECH"",""score"":8.9,""price"":24.9,""variant_id"":""1345917165"",""listing_id"":""76a28038832c3dc6be7848d6b3629e40"",""stock_quantity"":8853}]","[{""variant_id"":""1345917165"",""label"":null,""in_stock"":true,""stock_quantity"":8853,""selected"":true}]",136667,49,48.9,,,estimated,24.05,inventory_net_decrease,2026-09-08,2026-09-08T13:30:55+03:00,otomobil motosiklet,BEST_SELLER,arac-ici-aksesuar,araç içi aksesuar,24,1,44,44,,otomobil-motosiklet:arac-ici-aksesuar,24,27,55.7,19.3,950675683,555700,950675683:555700,"DecoVera Tatlı Tavşan Çift Sert Plastik Araba Süsü, Çift Hediye, Minik Süs, Tavşan Çift",DecoVera,Torpido Aksesuar,https://www.trendyol.com/decovera/tatli-tavsan-cift-sert-plastik-araba-susu-cift-hediye-minik-sus-tavsan-cift-p-950675683?boutiqueId=61&merchantId=555700,GMD TECH,8.9,24.9,,,0,TRY,"[""Kargo Bedava""]",InStock,,,,,,4.0641646489104115,1652,914,1,,,,,4999,TRY,0,1,1,3,Tahmini Teslim:,En Çok Favorilenen 1. Ürün,https://cdn.dsmcdn.com/ty1735/prod/QC_ENRICHMENT/20250823/20/235f21d0-13ff-3942-9f67-033560d77633/1_org_zoom.jpg,"{""Menşei"":""TR"",""Bakım Talimatları (Genel)"":""Nemli bir bezle silin.""}",20,5,refreshed,"[""daily_top""]",true,2026-09-08T10:35:04.327Z,0,"[""search_result_dom"",""product_detail_jsonld"",""product_detail_dom""]","{""variant_id"":""observed"",""variant_label"":""unavailable"",""listing_id"":""observed"",""inventory_key"":""observed"",""stock_quantity"":""observed"",""stock_quantity_source"":""observed"",""stock_quantity_kind"":""observed"",""stock_observed_at"":""observed"",""max_sale_limit"":""observed"",""seller_count"":""observed"",""seller_count_observed"":""observed"",""seller_count_kind"":""observed"",""sellers"":""observed"",""variants"":""observed"",""favorite_count"":""observed"",""inventory_decrease"":""unavailable"",""sales_estimate_daily"":""unavailable"",""sales_estimate_weekly"":""unavailable"",""sales_estimate_monthly"":""unavailable"",""sales_estimate_status"":""unavailable"",""sales_estimate_hours"":""unavailable"",""sales_estimate_source"":""unavailable"",""title"":""observed"",""brand"":""observed"",""seller_name"":""observed"",""seller_score"":""observed"",""price"":""observed"",""original_price"":""unavailable"",""campaigns"":""observed"",""stock_status"":""observed"",""stock_signal"":""unavailable"",""rating"":""observed"",""rating_count"":""observed"",""review_count"":""observed"",""question_count"":""unavailable"",""delivery_summary"":""observed"",""shipping_cost"":""observed"",""properties"":""observed""}",true,
1385098675,,e4f6fde71390b93864245247fd332908,979899669:156001:1385098675:e4f6fde71390b93864245247fd332908,9196,merchantListing.winnerVariant.quantity,reported,2026-09-08T10:35:04.540Z,10,1,1,reported_total,"[{""merchant_id"":""156001"",""name"":""essetasarım"",""score"":9.4,""price"":129.9,""variant_id"":""1385098675"",""listing_id"":""e4f6fde71390b93864245247fd332908"",""stock_quantity"":9196}]","[{""variant_id"":""1385098675"",""label"":null,""in_stock"":true,""stock_quantity"":9196,""selected"":true}]",25071,70,69.87,,,estimated,24.05,inventory_net_decrease,2026-09-08,2026-09-08T13:30:55+03:00,otomobil motosiklet,BEST_SELLER,arac-ici-aksesuar,araç içi aksesuar,25,1,45,45,1,otomobil-motosiklet:arac-ici-aksesuar,25,-17,50,22.5,979899669,156001,979899669:156001,estölye Siyah Pleksi Ayetel Kürsi Ve Nazar Dualı Araba Süsü Dikiz Aynası Süsü Araba Hediyesi -Çift Taraflı,estölye,Dikiz Aynası,https://www.trendyol.com/estolye/siyah-pleksi-ayetel-kursi-ve-nazar-duali-araba-susu-dikiz-aynasi-susu-araba-hediyesi-cift-tarafli-p-979899669?boutiqueId=61&merchantId=156001,essetasarım,9.4,129.9,,,0,TRY,"[""Kargo Bedava"",""Trendyol Plus'a Özel""]",InStock,,,,,,4.691798941798941,756,312,1,,,,,4999,TRY,0,,1,2,Tahmini Teslim:,En Çok Satan 1. Ürün,https://cdn.dsmcdn.com/ty1742/prod/QC_ENRICHMENT/20250830/09/d7720d3f-9596-3e86-b1e8-80d42b590f55/1_org_zoom.jpg,"{""Araç Marka ve Model"":""Universal"",""Diğer Özellikler"":""Araba Hediyesi, Araba Süsü"",""Menşei"":""TR"",""Tamir Edilebilirlik"":""Tamir Edilmez."",""Özellik"":""Diğer""}",20,5,refreshed,"[""daily_top""]",true,2026-09-08T10:35:04.541Z,0,"[""search_result_dom"",""product_detail_jsonld"",""product_detail_dom""]","{""variant_id"":""observed"",""variant_label"":""unavailable"",""listing_id"":""observed"",""inventory_key"":""observed"",""stock_quantity"":""observed"",""stock_quantity_source"":""observed"",""stock_quantity_kind"":""observed"",""stock_observed_at"":""observed"",""max_sale_limit"":""observed"",""seller_count"":""observed"",""seller_count_observed"":""observed"",""seller_count_kind"":""observed"",""sellers"":""observed"",""variants"":""observed"",""favorite_count"":""observed"",""inventory_decrease"":""unavailable"",""sales_estimate_daily"":""unavailable"",""sales_estimate_weekly"":""unavailable"",""sales_estimate_monthly"":""unavailable"",""sales_estimate_status"":""unavailable"",""sales_estimate_hours"":""unavailable"",""sales_estimate_source"":""unavailable"",""title"":""observed"",""brand"":""observed"",""seller_name"":""observed"",""seller_score"":""observed"",""price"":""observed"",""original_price"":""unavailable"",""campaigns"":""observed"",""stock_status"":""observed"",""stock_signal"":""unavailable"",""rating"":""observed"",""rating_count"":""observed"",""review_count"":""observed"",""question_count"":""unavailable"",""delivery_summary"":""observed"",""shipping_cost"":""observed"",""properties"":""observed""}",true,
1207050017,,37590347ccb6491cfb1c33b7e21e4d92,876683092:724455:1207050017:37590347ccb6491cfb1c33b7e21e4d92,603,merchantListing.winnerVariant.quantity,reported,2026-09-08T10:35:14.002Z,10,13,13,reported_total,"[{""merchant_id"":""724455"",""name"":""KOZAOUTLET"",""score"":8.7,""price"":30,""variant_id"":""1207050017"",""listing_id"":""37590347ccb6491cfb1c33b7e21e4d92"",""stock_quantity"":603},{""merchant_id"":""1096859"",""name"":""ARTEBA Global"",""score"":8.9,""price"":23.89,""variant_id"":""1207050017"",""listing_id"":""d2c0664ba3a8f67c3ad60ed6288f70d2"",""stock_quantity"":16367},{""merchant_id"":""1106529"",""name"":""Parmend Life"",""score"":8.8,""price"":25,""variant_id"":""1207050017"",""listing_id"":""eb4a15ab179c3012561008aa793cc6e3"",""stock_quantity"":8058},{""merchant_id"":""1238842"",""name"":""Lionix Store"",""score"":8.2,""price"":35,""variant_id"":""1207050017"",""listing_id"":""0dce883c3081e7dfbc7f7a469a257678"",""stock_quantity"":314},{""merchant_id"":""1154946"",""name"":""Hybee HOME"",""score"":9.4,""price"":49.9,""variant_id"":""1207050017"",""listing_id"":""c9e73371b86298600c2a11a8e4219716"",""stock_quantity"":97},{""merchant_id"":""1193950"",""name"":""Güvenli Adres"",""score"":8.8,""price"":49.9,""variant_id"":""1207050017"",""listing_id"":""2b45d0d47c1297d074ea49c79a1cc2c5"",""stock_quantity"":191},{""merchant_id"":""333220"",""name"":""DeerHome"",""score"":8.7,""price"":49.99,""variant_id"":""1207050017"",""listing_id"":""805ab48d3dedd0ee0e20f7e6dc7cc77d"",""stock_quantity"":1871},{""merchant_id"":""118857"",""name"":""BUNUVER"",""score"":8.6,""price"":74.99,""variant_id"":""1207050017"",""listing_id"":""74dd566689440137e3eaa57d29d25d43"",""stock_quantity"":50},{""merchant_id"":""1183305"",""name"":""BEKEM HOME"",""score"":8.6,""price"":90,""variant_id"":""1207050017"",""listing_id"":""dfee2f1d40bf4ffae36d8cc629f26b62"",""stock_quantity"":48},{""merchant_id"":""1321445"",""name"":""Karmenaksesuar"",""score"":0,""price"":90,""variant_id"":""1207050017"",""listing_id"":""0076804d2567cf2a79a02ed3b5531582"",""stock_quantity"":3},{""merchant_id"":""812642"",""name"":""ACARLAR TİCARET"",""score"":8.9,""price"":99,""variant_id"":""1207050017"",""listing_id"":""bbdf257ac3b912d065d48c88c6f377f5"",""stock_quantity"":12},{""merchant_id"":""1197422"",""name"":""3DCraft"",""score"":9,""price"":99,""variant_id"":""1207050017"",""listing_id"":""beaffe0749e8b45c5ae3af5a4d33cf89"",""stock_quantity"":417},{""merchant_id"":""433384"",""name"":""KarakayaStore"",""score"":9,""price"":99,""variant_id"":""1207050017"",""listing_id"":""6f0a08ac05c5cce38171acc2aea41b88"",""stock_quantity"":476}]","[{""variant_id"":""1207050017"",""label"":null,""in_stock"":true,""stock_quantity"":603,""selected"":true}]",20775,56,55.88,,,estimated,24.05,inventory_net_decrease,2026-09-08,2026-09-08T13:30:55+03:00,otomobil motosiklet,BEST_SELLER,arac-ici-aksesuar,araç içi aksesuar,26,1,46,46,,otomobil-motosiklet:arac-ici-aksesuar,26,-11,50.4,19.6,876683092,724455,876683092:724455,UZMANLAR Silikon Vantuzlu Telefon Tutacağı Vantuzlu 1 adet Cep Telefonu Tutucu,UZMANLAR,Araç İçi Telefon Tutucular,https://www.trendyol.com/uzmanlar/silikon-vantuzlu-telefon-tutacagi-vantuzlu-1-adet-cep-telefonu-tutucu-p-876683092?boutiqueId=61&merchantId=724455,KOZAOUTLET,8.7,30,,,42.9,TRY,"[""10 TL Kupon"",""Sepette %1 İndirim"",""Kargo Bedava""]",InStock,,,,,,3.649042844120328,1097,621,0,,,,,4999,TRY,0,1,1,3,Tahmini Teslim:,En Çok Ziyaret Edilen 8. Ürün,https://cdn.dsmcdn.com/ty1766/prod/QC_ENRICHMENT/20250926/23/1afd99a8-e7f2-36ea-afd9-2e95aceda128/1_org_zoom.jpg,"{""Telefon Tutucu Özellikleri"":""Mıknatıslı"",""Renk"":""Çok Renkli"",""Garanti Süresi"":""Belirtilmemiş"",""Türü"":""Vantuzlu"",""Materyal"":""PU"",""Menşei"":""HR"",""Bakım Talimatları (Genel)"":""Ürünün kullanım ömrünü korumak için ürüne özel bakım talimatlarını takip ediniz.""}",20,5,refreshed,"[""daily_top""]",true,2026-09-08T10:35:14.003Z,0,"[""search_result_dom"",""product_detail_jsonld"",""product_detail_dom""]","{""variant_id"":""observed"",""variant_label"":""unavailable"",""listing_id"":""observed"",""inventory_key"":""observed"",""stock_quantity"":""observed"",""stock_quantity_source"":""observed"",""stock_quantity_kind"":""observed"",""stock_observed_at"":""observed"",""max_sale_limit"":""observed"",""seller_count"":""observed"",""seller_count_observed"":""observed"",""seller_count_kind"":""observed"",""sellers"":""observed"",""variants"":""observed"",""favorite_count"":""observed"",""inventory_decrease"":""unavailable"",""sales_estimate_daily"":""unavailable"",""sales_estimate_weekly"":""unavailable"",""sales_estimate_monthly"":""unavailable"",""sales_estimate_status"":""unavailable"",""sales_estimate_hours"":""unavailable"",""sales_estimate_source"":""unavailable"",""title"":""observed"",""brand"":""observed"",""seller_name"":""observed"",""seller_score"":""observed"",""price"":""observed"",""original_price"":""unavailable"",""campaigns"":""observed"",""stock_status"":""observed"",""stock_signal"":""unavailable"",""rating"":""observed"",""rating_count"":""observed"",""review_count"":""observed"",""question_count"":""unavailable"",""delivery_summary"":""observed"",""shipping_cost"":""observed"",""properties"":""observed""}",true,
1637967857,,e0d4287b0878ba3e3874bea7bf2f2eb0,1169099901:108081:1637967857:e0d4287b0878ba3e3874bea7bf2f2eb0,8811,merchantListing.winnerVariant.quantity,reported,2026-09-08T10:35:14.329Z,5,1,1,reported_total,"[{""merchant_id"":""108081"",""name"":""Evpanya"",""score"":8.2,""price"":329.9,""variant_id"":""1637967857"",""listing_id"":""e0d4287b0878ba3e3874bea7bf2f2eb0"",""stock_quantity"":8811}]","[{""variant_id"":""1637967857"",""label"":null,""in_stock"":true,""stock_quantity"":8811,""selected"":true}]",2743,80,79.87,,,estimated,24.04,inventory_net_decrease,2026-09-08,2026-09-08T13:30:55+03:00,otomobil motosiklet,BEST_SELLER,arac-ici-aksesuar,araç içi aksesuar,27,1,47,47,1,otomobil-motosiklet:arac-ici-aksesuar,27,-11,39,28.5,1169099901,108081,1169099901:108081,Evpanya Korkunç Kız Dekoratif Oto Başlık Kılıfı 2'li,Evpanya,Araç İçi Organizer,https://www.trendyol.com/evpanya/korkunc-kiz-dekoratif-oto-baslik-kilifi-2-li-p-1169099901?boutiqueId=61&merchantId=108081,Evpanya,8.2,329.9,,,0,TRY,"[""Kargo Bedava""]",InStock,,,,,,4.761904761904762,63,41,7,,,,,4999,TRY,0,6,1,9,Tahmini Teslim:,En Çok Satan 1. Ürün,https://cdn.dsmcdn.com/ty1937/prod/QC_PREP/20260714/02/65f56e16-6cfb-399a-8523-68a04738e44e/1_org_zoom.jpg,"{""Menşei"":""TR""}",20,5,refreshed,"[""daily_top""]",true,2026-09-08T10:35:14.330Z,0,"[""search_result_dom"",""product_detail_jsonld"",""product_detail_dom""]","{""variant_id"":""observed"",""variant_label"":""unavailable"",""listing_id"":""observed"",""inventory_key"":""observed"",""stock_quantity"":""observed"",""stock_quantity_source"":""observed"",""stock_quantity_kind"":""observed"",""stock_observed_at"":""observed"",""max_sale_limit"":""observed"",""seller_count"":""observed"",""seller_count_observed"":""observed"",""seller_count_kind"":""observed"",""sellers"":""observed"",""variants"":""observed"",""favorite_count"":""observed"",""inventory_decrease"":""unavailable"",""sales_estimate_daily"":""unavailable"",""sales_estimate_weekly"":""unavailable"",""sales_estimate_monthly"":""unavailable"",""sales_estimate_status"":""unavailable"",""sales_estimate_hours"":""unavailable"",""sales_estimate_source"":""unavailable"",""title"":""observed"",""brand"":""observed"",""seller_name"":""observed"",""seller_score"":""observed"",""price"":""observed"",""original_price"":""unavailable"",""campaigns"":""observed"",""stock_status"":""observed"",""stock_signal"":""unavailable"",""rating"":""observed"",""rating_count"":""observed"",""review_count"":""observed"",""question_count"":""unavailable"",""delivery_summary"":""observed"",""shipping_cost"":""observed"",""properties"":""observed""}",true,
1636480173,,cf60f66cae05ca4ddbe2d1b3cb9f5334,1168040419:716051:1636480173:cf60f66cae05ca4ddbe2d1b3cb9f5334,18198,merchantListing.winnerVariant.quantity,reported,2026-09-08T10:35:14.369Z,10,1,1,reported_total,"[{""merchant_id"":""716051"",""name"":""Bayır E-Ticaret"",""score"":8.9,""price"":140,""variant_id"":""1636480173"",""listing_id"":""cf60f66cae05ca4ddbe2d1b3cb9f5334"",""stock_quantity"":18198}]","[{""variant_id"":""1636480173"",""label"":null,""in_stock"":true,""stock_quantity"":18198,""selected"":true}]",2445,50,49.92,,,estimated,24.04,inventory_net_decrease,2026-09-08,2026-09-08T13:30:55+03:00,otomobil motosiklet,BEST_SELLER,arac-ici-aksesuar,araç içi aksesuar,28,2,48,48,2,otomobil-motosiklet:arac-ici-aksesuar,28,-7,32.3,32.7,1168040419,716051,1168040419:716051,Bayırtech YÜKSEK KALİTELİ Araba Bardak Altlığı Silikon Araç İçi Kaymaz Telefon Para Malzeme Tutucu SİYAH Renk 65 mm,Bayırtech,Oto Bardaklık,https://www.trendyol.com/bayirtech/yuksek-kaliteli-araba-bardak-altligi-silikon-arac-ici-kaymaz-telefon-para-malzeme-tutucu-siyah-renk-65-mm-p-1168040419?boutiqueId=61&merchantId=716051,Bayır E-Ticaret,8.9,140,,,0,TRY,"[""Kargo Bedava""]",InStock,,,,,,4.421052631578948,19,10,0,,,,,4999,TRY,0,1,1,3,Tahmini Teslim:,En Çok Satan 2. Ürün,https://cdn.dsmcdn.com/ty1894/prod/QC_ENRICHMENT/20260718/00/df49fc2f-31ad-3c18-87fd-354fb6b6fcff/1_org_zoom.jpg,"{""Menşei"":""CN"",""Özellik"":""Yuvarlak""}",10,4.2,refreshed,"[""daily_top""]",true,2026-09-08T10:35:14.369Z,0,"[""search_result_dom"",""product_detail_jsonld"",""product_detail_dom""]","{""variant_id"":""observed"",""variant_label"":""unavailable"",""listing_id"":""observed"",""inventory_key"":""observed"",""stock_quantity"":""observed"",""stock_quantity_source"":""observed"",""stock_quantity_kind"":""observed"",""stock_observed_at"":""observed"",""max_sale_limit"":""observed"",""seller_count"":""observed"",""seller_count_observed"":""observed"",""seller_count_kind"":""observed"",""sellers"":""observed"",""variants"":""observed"",""favorite_count"":""observed"",""inventory_decrease"":""unavailable"",""sales_estimate_daily"":""unavailable"",""sales_estimate_weekly"":""unavailable"",""sales_estimate_monthly"":""unavailable"",""sales_estimate_status"":""unavailable"",""sales_estimate_hours"":""unavailable"",""sales_estimate_source"":""unavailable"",""title"":""observed"",""brand"":""observed"",""seller_name"":""observed"",""seller_score"":""observed"",""price"":""observed"",""original_price"":""unavailable"",""campaigns"":""observed"",""stock_status"":""observed"",""stock_signal"":""unavailable"",""rating"":""observed"",""rating_count"":""observed"",""review_count"":""observed"",""question_count"":""unavailable"",""delivery_summary"":""observed"",""shipping_cost"":""observed"",""properties"":""observed""}",true,
1624480490,,b7efb9c69a46bcee873be46c6946d24b,1160915665:647224:1624480490:b7efb9c69a46bcee873be46c6946d24b,9770,merchantListing.winnerVariant.quantity,reported,2026-09-08T10:35:28.001Z,10,1,1,reported_total,"[{""merchant_id"":""647224"",""name"":""Popidima"",""score"":9.2,""price"":149.99,""variant_id"":""1624480490"",""listing_id"":""b7efb9c69a46bcee873be46c6946d24b"",""stock_quantity"":9770}]","[{""variant_id"":""1624480490"",""label"":null,""in_stock"":true,""stock_quantity"":9770,""selected"":true}]",1508,34,33.96,,,estimated,24.03,inventory_net_decrease,2026-09-08,2026-09-08T13:30:55+03:00,otomobil motosiklet,BEST_SELLER,arac-ici-aksesuar,araç içi aksesuar,29,2,49,49,1,otomobil-motosiklet:arac-ici-aksesuar,29,-2,33.3,29.2,1160915665,647224,1160915665:647224,Popidima Oto Araç Içi Bardak Tutucu Çok Fonksiyonlu Içecek Tutacağı/bardaklık Car Cup Holder,Popidima,Oto Bardaklık,https://www.trendyol.com/popidima/oto-arac-ici-bardak-tutucu-cok-fonksiyonlu-icecek-tutacagi-bardaklik-car-cup-holder-p-1160915665?boutiqueId=61&merchantId=647224,Popidima,9.2,149.99,,,0,TRY,"[""Sepette %50 İndirim"",""Kargo Bedava""]",InStock,,,,,,4.155555555555556,45,25,0,,,,,4999,TRY,0,,1,3,Tahmini Teslim:,En Çok Satan 1. Ürün,https://cdn.dsmcdn.com/ty1939/prod/QC_ENRICHMENT/20260719/11/d06e4320-5125-3f41-8f2a-37e6be03b352/1_org_zoom.jpg,"{""Menşei"":""CN""}",20,4.75,refreshed,"[""daily_top""]",true,2026-09-08T10:35:28.002Z,0,"[""search_result_dom"",""product_detail_jsonld"",""product_detail_dom""]","{""variant_id"":""observed"",""variant_label"":""unavailable"",""listing_id"":""observed"",""inventory_key"":""observed"",""stock_quantity"":""observed"",""stock_quantity_source"":""observed"",""stock_quantity_kind"":""observed"",""stock_observed_at"":""observed"",""max_sale_limit"":""observed"",""seller_count"":""observed"",""seller_count_observed"":""observed"",""seller_count_kind"":""observed"",""sellers"":""observed"",""variants"":""observed"",""favorite_count"":""observed"",""inventory_decrease"":""unavailable"",""sales_estimate_daily"":""unavailable"",""sales_estimate_weekly"":""unavailable"",""sales_estimate_monthly"":""unavailable"",""sales_estimate_status"":""unavailable"",""sales_estimate_hours"":""unavailable"",""sales_estimate_source"":""unavailable"",""title"":""observed"",""brand"":""observed"",""seller_name"":""observed"",""seller_score"":""observed"",""price"":""observed"",""original_price"":""unavailable"",""campaigns"":""observed"",""stock_status"":""observed"",""stock_signal"":""unavailable"",""rating"":""observed"",""rating_count"":""observed"",""review_count"":""observed"",""question_count"":""unavailable"",""delivery_summary"":""observed"",""shipping_cost"":""observed"",""properties"":""observed""}",true,
344573205,,8599b0989b7b5d7ab9c99570efd6e35b,212128940:185368:344573205:8599b0989b7b5d7ab9c99570efd6e35b,1448,merchantListing.winnerVariant.quantity,reported,2026-09-08T10:35:28.884Z,10,1,1,reported_total,"[{""merchant_id"":""185368"",""name"":""MeyZone"",""score"":9.5,""price"":199.9,""variant_id"":""344573205"",""listing_id"":""8599b0989b7b5d7ab9c99570efd6e35b"",""stock_quantity"":1448}]","[{""variant_id"":""344573205"",""label"":null,""in_stock"":true,""stock_quantity"":1448,""selected"":true}]",30683,42,41.92,,,estimated,24.04,inventory_net_decrease,2026-09-08,2026-09-08T13:30:55+03:00,otomobil motosiklet,BEST_SELLER,arac-ici-aksesuar,araç içi aksesuar,30,2,50,50,,otomobil-motosiklet:arac-ici-aksesuar,30,-22,46.7,13.3,212128940,185368,212128940:185368,MeyZone Araba Bagaj Çantası Oto Halı Bagaj Organizer Alet Eşya Çantası Siyah,MeyZone,Bagaj Düzenleyici,https://www.trendyol.com/meyzone/araba-bagaj-cantasi-oto-hali-bagaj-organizer-alet-esya-cantasi-siyah-p-212128940?boutiqueId=61&merchantId=185368,MeyZone,9.5,199.9,,,0,TRY,"[""Sepette %1 İndirim"",""Kargo Bedava""]",InStock,,,,,,4.616213885295386,4638,2186,0,,,,,4999,TRY,0,,1,3,Tahmini Teslim:,,https://cdn.dsmcdn.com/ty1845/prod/QC_ENRICHMENT/20260330/01/428386d3-4d9e-36f7-ab8d-7c2f1049c119/1_org_zoom.jpg,"{""Araç Marka ve Model"":""Universal"",""Menşei"":""TR""}",20,5,refreshed,"[""daily_top""]",true,2026-09-08T10:35:28.885Z,0,"[""search_result_dom"",""product_detail_jsonld"",""product_detail_dom""]","{""variant_id"":""observed"",""variant_label"":""unavailable"",""listing_id"":""observed"",""inventory_key"":""observed"",""stock_quantity"":""observed"",""stock_quantity_source"":""observed"",""stock_quantity_kind"":""observed"",""stock_observed_at"":""observed"",""max_sale_limit"":""observed"",""seller_count"":""observed"",""seller_count_observed"":""observed"",""seller_count_kind"":""observed"",""sellers"":""observed"",""variants"":""observed"",""favorite_count"":""observed"",""inventory_decrease"":""unavailable"",""sales_estimate_daily"":""unavailable"",""sales_estimate_weekly"":""unavailable"",""sales_estimate_monthly"":""unavailable"",""sales_estimate_status"":""unavailable"",""sales_estimate_hours"":""unavailable"",""sales_estimate_source"":""unavailable"",""title"":""observed"",""brand"":""observed"",""seller_name"":""observed"",""seller_score"":""observed"",""price"":""observed"",""original_price"":""unavailable"",""campaigns"":""observed"",""stock_status"":""observed"",""stock_signal"":""unavailable"",""rating"":""observed"",""rating_count"":""observed"",""review_count"":""observed"",""question_count"":""unavailable"",""delivery_summary"":""observed"",""shipping_cost"":""observed"",""properties"":""observed""}",true,
1469852797,,1452aea42d733b0889b34058abb3c161,1062921611:963770:1469852797:1452aea42d733b0889b34058abb3c161,5434,merchantListing.winnerVariant.quantity,reported,2026-09-08T10:35:28.874Z,10,1,1,reported_total,"[{""merchant_id"":""963770"",""name"":""SHOWLIGHT"",""score"":7.6,""price"":49.9,""variant_id"":""1469852797"",""listing_id"":""1452aea42d733b0889b34058abb3c161"",""stock_quantity"":5434}]","[{""variant_id"":""1469852797"",""label"":null,""in_stock"":true,""stock_quantity"":5434,""selected"":true}]",5558,62,61.94,,,estimated,24.02,inventory_net_decrease,2026-09-08,2026-09-08T13:30:55+03:00,otomobil motosiklet,BEST_SELLER,arac-ici-aksesuar,araç içi aksesuar,31,2,51,51,6,otomobil-motosiklet:arac-ici-aksesuar,31,-18,30.5,27,1062921611,963770,1062921611:963770,"SHOWLIGHT Vakumlu Slikon Vantuz Telefon Tutucu, Cep Telefonu İçin Yapışkanlı Kaymaz Tutucu Cama Yapışan",SHOWLIGHT,,https://www.trendyol.com/showlight/vakumlu-slikon-vantuz-telefon-tutucu-cep-telefonu-icin-yapiskanli-kaymaz-tutucu-cama-yapisan-p-1062921611?boutiqueId=61&merchantId=963770,SHOWLIGHT,7.6,49.9,,,0,TRY,"[""Kargo Bedava""]",InStock,,,,,,3.3230769230769233,65,35,1,,,,,,,0,,,,Tahmini Teslim:,,,{},0,,refreshed,"[""daily_top""]",true,2026-09-08T10:35:28.875Z,0,"[""search_result_dom"",""product_detail_jsonld"",""product_detail_dom""]","{""variant_id"":""observed"",""variant_label"":""unavailable"",""listing_id"":""observed"",""inventory_key"":""observed"",""stock_quantity"":""observed"",""stock_quantity_source"":""observed"",""stock_quantity_kind"":""observed"",""stock_observed_at"":""observed"",""max_sale_limit"":""observed"",""seller_count"":""observed"",""seller_count_observed"":""observed"",""seller_count_kind"":""observed"",""sellers"":""observed"",""variants"":""observed"",""favorite_count"":""observed"",""inventory_decrease"":""unavailable"",""sales_estimate_daily"":""unavailable"",""sales_estimate_weekly"":""unavailable"",""sales_estimate_monthly"":""unavailable"",""sales_estimate_status"":""unavailable"",""sales_estimate_hours"":""unavailable"",""sales_estimate_source"":""unavailable"",""title"":""observed"",""brand"":""observed"",""seller_name"":""observed"",""seller_score"":""observed"",""price"":""observed"",""original_price"":""unavailable"",""campaigns"":""observed"",""stock_status"":""observed"",""stock_signal"":""unavailable"",""rating"":""observed"",""rating_count"":""observed"",""review_count"":""observed"",""question_count"":""unavailable"",""delivery_summary"":""observed"",""shipping_cost"":""unavailable"",""properties"":""observed""}",true,
1100767905,,8c69f368e33dcba955f5595fbcc1be71,823117877:722741:1100767905:8c69f368e33dcba955f5595fbcc1be71,346,merchantListing.winnerVariant.quantity,reported,2026-09-08T10:35:41.732Z,10,62,62,reported_total,"[{""merchant_id"":""722741"",""name"":""Zue Gift"",""score"":8.1,""price"":187.99,""variant_id"":""1100767905"",""listing_id"":""8c69f368e33dcba955f5595fbcc1be71"",""stock_quantity"":346},{""merchant_id"":""520352"",""name"":""AutoMare"",""score"":9.2,""price"":190,""variant_id"":""1100767905"",""listing_id"":""9b056c3454834ad04499a06227817980"",""stock_quantity"":147},{""merchant_id"":""510669"",""name"":""Seram Collection"",""score"":8.6,""price"":187.99,""variant_id"":""1100767905"",""listing_id"":""7f4bd0b4a88e9230901d873a831c4f68"",""stock_quantity"":720},{""merchant_id"":""1292014"",""name"":""ÜÇLER"",""score"":8.2,""price"":199,""variant_id"":""1100767905"",""listing_id"":""383fe81c0e66b14aac6efdf0521c0ec3"",""stock_quantity"":19910},{""merchant_id"":""1258312"",""name"":""Northern Star"",""score"":9.3,""price"":249.9,""variant_id"":""1100767905"",""listing_id"":""39f3af3487e69a30200092015894c855"",""stock_quantity"":1985},{""merchant_id"":""1116633"",""name"":""İpeksi Ev"",""score"":8.2,""price"":249,""variant_id"":""1100767905"",""listing_id"":""9798a15fbdb87fd9b584b0612aea8075"",""stock_quantity"":5},{""merchant_id"":""130705"",""name"":""ALGELSİN ARSVİSİON GROUP"",""score"":8.7,""price"":270,""variant_id"":""1100767905"",""listing_id"":""0b8aef72d44367e21e81f7c437d2eef3"",""stock_quantity"":491},{""merchant_id"":""1269512"",""name"":""NİSİBİS HOME"",""score"":9.2,""price"":288.2,""variant_id"":""1100767905"",""listing_id"":""c62efe5c90cd0dea77455406afd4efc7"",""stock_quantity"":2995},{""merchant_id"":""386081"",""name"":""CHN GROUP"",""score"":9.3,""price"":290,""variant_id"":""1100767905"",""listing_id"":""7035bcf245b6c9ffc31bdf6c903a0688"",""stock_quantity"":11972},{""merchant_id"":""724455"",""name"":""KOZAOUTLET"",""score"":8.7,""price"":290,""variant_id"":""1100767905"",""listing_id"":""acdc714bd89cc8e58eb1d1f7d5a24fb7"",""stock_quantity"":4572},{""merchant_id"":""983080"",""name"":""HOUSETREND"",""score"":9.3,""price"":299,""variant_id"":""1100767905"",""listing_id"":""bc683a67b34c47ad1b19ba4375ba117f"",""stock_quantity"":54},{""merchant_id"":""1270130"",""name"":""CESTELLO"",""score"":7.9,""price"":290,""variant_id"":""1100767905"",""listing_id"":""b71286bd420a36a36198092f52ab00c1"",""stock_quantity"":9733},{""merchant_id"":""1109461"",""name"":""ALNİMA"",""score"":9.2,""price"":299,""variant_id"":""1100767905"",""listing_id"":""56ece338fb53b158b2b4fab9b63fc33c"",""stock_quantity"":58},{""merchant_id"":""739242"",""name"":""MİMOZA PARK"",""score"":9.2,""price"":299.9,""variant_id"":""1100767905"",""listing_id"":""4f9800b5d644e9255c4bba6b764b6a5c"",""stock_quantity"":14},{""merchant_id"":""1166229"",""name"":""İndecor Houseware"",""score"":8.7,""price"":299.9,""variant_id"":""1100767905"",""listing_id"":""af1b222e0bdc7060cd72a6bfe56db04d"",""stock_quantity"":9721},{""merchant_id"":""410689"",""name"":""Bi Desing"",""score"":9,""price"":299,""variant_id"":""1100767905"",""listing_id"":""4dea43dfa1c557c1750fb01ea6bfa599"",""stock_quantity"":9877},{""merchant_id"":""1036556"",""name"":""-OSCAR-"",""score"":9.2,""price"":340,""variant_id"":""1100767905"",""listing_id"":""d92c28b6f64ec3cd99f7f4aee230f351"",""stock_quantity"":77},{""merchant_id"":""459291"",""name"":""NumuneMarket"",""score"":9.3,""price"":350,""variant_id"":""1100767905"",""listing_id"":""eea8f427987cb30d2cf2f9eebcfb134f"",""stock_quantity"":19977},{""merchant_id"":""333220"",""name"":""DeerHome"",""score"":8.7,""price"":350,""variant_id"":""1100767905"",""listing_id"":""ee55b745a1b82a03ff843c3d92ede342"",""stock_quantity"":864},{""merchant_id"":""107951"",""name"":""DE-KA"",""score"":8.6,""price"":350,""variant_id"":""1100767905"",""listing_id"":""29c30a62c3a72394c7fa77cfa0ef0540"",""stock_quantity"":484},{""merchant_id"":""219087"",""name"":""Newstore Home"",""score"":9.3,""price"":349.8,""variant_id"":""1100767905"",""listing_id"":""06125454663660bf9ad3859e53d9f239"",""stock_quantity"":9996},{""merchant_id"":""108638"",""name"":""urunkolik"",""score"":8.9,""price"":349.99,""variant_id"":""1100767905"",""listing_id"":""229856da8928c662d5b93fdc8d0f8a27"",""stock_quantity"":9981},{""merchant_id"":""885057"",""name"":""Aygoren Home"",""score"":9.2,""price"":349.9,""variant_id"":""1100767905"",""listing_id"":""653e5010827fd1a87ba9dc6a66c4e1b0"",""stock_quantity"":1972},{""merchant_id"":""453256"",""name"":""MUCİT HOME"",""score"":9,""price"":349,""variant_id"":""1100767905"",""listing_id"":""cf36290c4a75696896f07714f706d45d"",""stock_quantity"":17},{""merchant_id"":""114382"",""name"":""HAZARPAZAR"",""score"":9,""price"":349,""variant_id"":""1100767905"",""listing_id"":""11df357b7cd5081a303200d9e20b4e8e"",""stock_quantity"":3},{""merchant_id"":""111097"",""name"":""Gogidigo"",""score"":8.6,""price"":349.9,""variant_id"":""1100767905"",""listing_id"":""8ac4d40faf74edc1f69ec918cd929a0c"",""stock_quantity"":16},{""merchant_id"":""667249"",""name"":""Blue Side"",""score"":8.3,""price"":349,""variant_id"":""1100767905"",""listing_id"":""6cb43fce6efaaf6190498e932ee90a03"",""stock_quantity"":998},{""merchant_id"":""857006"",""name"":""Anadolu Saray"",""score"":8.3,""price"":349.9,""variant_id"":""1100767905"",""listing_id"":""20f1cdf372a41981c617ce353d4c38d6"",""stock_quantity"":81},{""merchant_id"":""737845"",""name"":""Maloria"",""score"":7.7,""price"":349,""variant_id"":""1100767905"",""listing_id"":""79763658c709f15fcb0feccf8d92ab2c"",""stock_quantity"":10},{""merchant_id"":""788392"",""name"":""Hombak"",""score"":8.8,""price"":369,""variant_id"":""1100767905"",""listing_id"":""69b8b8f6fc1dd958f234b73e7119f6b2"",""stock_quantity"":88},{""merchant_id"":""369927"",""name"":""LESGO"",""score"":8.7,""price"":389,""variant_id"":""1100767905"",""listing_id"":""b6e4dac10069639c6f45689b906de452"",""stock_quantity"":100},{""merchant_id"":""1274484"",""name"":""GoldLine AVM"",""score"":9.1,""price"":399,""variant_id"":""1100767905"",""listing_id"":""760345aae49c1659d50c22c26351fc8f"",""stock_quantity"":181},{""merchant_id"":""1133541"",""name"":""ZenAirlife"",""score"":8.9,""price"":399,""variant_id"":""1100767905"",""listing_id"":""88ba095d96220eec8d309aa8150add74"",""stock_quantity"":1797},{""merchant_id"":""359433"",""name"":""MARLUX"",""score"":8.8,""price"":399.9,""variant_id"":""1100767905"",""listing_id"":""b15233fc3e0baaa01050a37fc57f5665"",""stock_quantity"":19994},{""merchant_id"":""974406"",""name"":""COSARGROUP"",""score"":8.1,""price"":399,""variant_id"":""1100767905"",""listing_id"":""86b149f8c2036bbd177e32fffceab983"",""stock_quantity"":100},{""merchant_id"":""185958"",""name"":""SELLDEY"",""score"":8.5,""price"":399,""variant_id"":""1100767905"",""listing_id"":""6f83124171c5587483d1fbe9f245f56e"",""stock_quantity"":94},{""merchant_id"":""130748"",""name"":""barototuning"",""score"":9.2,""price"":429,""variant_id"":""1100767905"",""listing_id"":""49f7843e48db0b29ba5b47d1d3cf0fd5"",""stock_quantity"":10},{""merchant_id"":""118141"",""name"":""Fırsatvar"",""score"":8.4,""price"":442.67,""variant_id"":""1100767905"",""listing_id"":""0868d6248cd7322b4a952f22447e8193"",""stock_quantity"":2106},{""merchant_id"":""710568"",""name"":""Point Marketing"",""score"":9.2,""price"":449,""variant_id"":""1100767905"",""listing_id"":""7736ba504250a39ad8d73f2705f7bdab"",""stock_quantity"":974},{""merchant_id"":""1126238"",""name"":""Clewax Group"",""score"":9.3,""price"":450,""variant_id"":""1100767905"",""listing_id"":""39057d644afc64153c3a3936ea472300"",""stock_quantity"":4991},{""merchant_id"":""1234840"",""name"":""BUYUKBURGAZ GRUP"",""score"":9.2,""price"":450,""variant_id"":""1100767905"",""listing_id"":""526521129b3d4aaa0f90ba80c4c76a71"",""stock_quantity"":4},{""merchant_id"":""116163"",""name"":""ŞAHLAN OTO NKT GROUP"",""score"":8.8,""price"":459,""variant_id"":""1100767905"",""listing_id"":""ae6954c14a3b6033d2f170e4e218ac48"",""stock_quantity"":974},{""merchant_id"":""160272"",""name"":""BAŞAK OTOMOTİV  AKSESUAR SAN. VE TİC.LTD"",""score"":8.7,""price"":470,""variant_id"":""1100767905"",""listing_id"":""3bd16902fee2dac3208431441d8538f1"",""stock_quantity"":100},{""merchant_id"":""734112"",""name"":""OTO MARKETİNG"",""score"":8.5,""price"":499.99,""variant_id"":""1100767905"",""listing_id"":""9798cc721d1e0624fb1695e7b4522616"",""stock_quantity"":1000},{""merchant_id"":""482943"",""name"":""MczStore"",""score"":8.7,""price"":499.99,""variant_id"":""1100767905"",""listing_id"":""598159d528f496b019c4c094b77b0675"",""stock_quantity"":2141},{""merchant_id"":""1044957"",""name"":""FTA TİCARET"",""score"":8.7,""price"":490,""variant_id"":""1100767905"",""listing_id"":""68a19a26b896d897a36403e446fbded8"",""stock_quantity"":500},{""merchant_id"":""971022"",""name"":""ARARAT YAZICI ÇÖZÜMLERİ"",""score"":9.1,""price"":499.99,""variant_id"":""1100767905"",""listing_id"":""36b96ab36408cbc38e4d150beaebba0a"",""stock_quantity"":9988},{""merchant_id"":""880842"",""name"":""Lara İSTOÇ"",""score"":8.8,""price"":499,""variant_id"":""1100767905"",""listing_id"":""0fc8ee5f211187591ad2ca02f73bdd80"",""stock_quantity"":99},{""merchant_id"":""977807"",""name"":""hauswert"",""score"":9.1,""price"":499,""variant_id"":""1100767905"",""listing_id"":""ea1570e4ec8b6f876f1a3d896e682372"",""stock_quantity"":1799},{""merchant_id"":""865428"",""name"":""Tiger Marketing"",""score"":9.1,""price"":499,""variant_id"":""1100767905"",""listing_id"":""3115942118878543c5102806e48dc29f"",""stock_quantity"":499},{""merchant_id"":""1217303"",""name"":""İŞLEYEN EV GEREÇLERİ"",""score"":8.9,""price"":499,""variant_id"":""1100767905"",""listing_id"":""9b24b8a9bd41afe6f0d24b397710a69e"",""stock_quantity"":16},{""merchant_id"":""1106529"",""name"":""Parmend Life"",""score"":8.8,""price"":499,""variant_id"":""1100767905"",""listing_id"":""d3d01f2f67a6760a12207542d20056e1"",""stock_quantity"":482},{""merchant_id"":""209508"",""name"":""EF GARAGE Oto Aksesuar"",""score"":8.8,""price"":500,""variant_id"":""1100767905"",""listing_id"":""28589d29750df37af76fbb4da412c41e"",""stock_quantity"":9998},{""merchant_id"":""872829"",""name"":""Mes Garage"",""score"":8.1,""price"":499,""variant_id"":""1100767905"",""listing_id"":""d47a216dede9b7e0c8ff21bea9cb2199"",""stock_quantity"":2},{""merchant_id"":""1149411"",""name"":""HOMTİVA"",""score"":8.1,""price"":499,""variant_id"":""1100767905"",""listing_id"":""1ffe6cd067ae44bf5673be6854bdab8b"",""stock_quantity"":10},{""merchant_id"":""444502"",""name"":""Autowinn"",""score"":9.5,""price"":599.9,""variant_id"":""1100767905"",""listing_id"":""47fe1ccd322b3f76b6c7f16f1aa0debd"",""stock_quantity"":2500},{""merchant_id"":""772469"",""name"":""Autowise"",""score"":9.3,""price"":599.9,""variant_id"":""1100767905"",""listing_id"":""2433950c4eb5760002f3b2449b37c28d"",""stock_quantity"":1999},{""merchant_id"":""459300"",""name"":""İMZA DİREKSİYON KILIFI"",""score"":9.1,""price"":700,""variant_id"":""1100767905"",""listing_id"":""aa7cbad20548a5aee9977a92dd96c9bd"",""stock_quantity"":50},{""merchant_id"":""1259656"",""name"":""REST GARAGE09 OTO AKSESUAR"",""score"":8.6,""price"":699,""variant_id"":""1100767905"",""listing_id"":""d5a3880e500060d465e3e67d9903e3e5"",""stock_quantity"":100},{""merchant_id"":""199770"",""name"":""Rodos Ticaret"",""score"":8.5,""price"":799.99,""variant_id"":""1100767905"",""listing_id"":""2bc19538d1fa1775a7d80dfd13bc7298"",""stock_quantity"":5},{""merchant_id"":""1100298"",""name"":""hopecorner"",""score"":8.9,""price"":199,""variant_id"":""1100767905"",""listing_id"":""b31e034d05ac515b3405d53464a69241"",""stock_quantity"":1654},{""merchant_id"":""1097342"",""name"":""MUUN STORE"",""score"":9.5,""price"":499.99,""variant_id"":""1100767905"",""listing_id"":""a72962ee849d37e667ecfd8c415065df"",""stock_quantity"":1}]","[{""variant_id"":""1100767905"",""label"":null,""in_stock"":true,""stock_quantity"":346,""selected"":true}]",10458,,,,,identity_changed_or_unknown,,inventory_net_decrease,2026-09-08,2026-09-08T13:30:55+03:00,otomobil motosiklet,BEST_SELLER,arac-ici-aksesuar,araç içi aksesuar,32,2,52,52,6,otomobil-motosiklet:arac-ici-aksesuar,32,-24,36.8,18.2,823117877,722741,823117877:722741,Genel Markalar Tüm Araçlar Için Araba Ön Cam Güneşlik Katlanabilir Güneşlik Şemsiye Ön Cam Gölgelik Esnek,Genel Markalar,Oto Güneşlik Perde,https://www.trendyol.com/genel-markalar/tum-araclar-icin-araba-on-cam-guneslik-katlanabilir-guneslik-semsiye-on-cam-golgelik-esnek-p-823117877?boutiqueId=61&merchantId=722741,Zue Gift,8.1,187.99,,,,TRY,"[""10 TL Kupon"",""Kargo Bedava""]",InStock,,,,,,4.114570361145703,803,393,2,,,,,4999,TRY,0,1,1,3,Tahmini Teslim:,En Çok Satan 6. Ürün,https://cdn.dsmcdn.com/ty1749/prod/QC_ENRICHMENT/20250905/22/0b61a3ff-5b58-303b-8dca-6f600fc5020a/1_org_zoom.jpg,"{""Araç Markası"":""Hyundai"",""Menşei"":""TR""}",20,5,refreshed,"[""daily_top""]",true,2026-09-08T10:35:41.733Z,0,"[""search_result_dom"",""product_detail_jsonld"",""product_detail_dom""]","{""variant_id"":""observed"",""variant_label"":""unavailable"",""listing_id"":""observed"",""inventory_key"":""observed"",""stock_quantity"":""observed"",""stock_quantity_source"":""observed"",""stock_quantity_kind"":""observed"",""stock_observed_at"":""observed"",""max_sale_limit"":""observed"",""seller_count"":""observed"",""seller_count_observed"":""observed"",""seller_count_kind"":""observed"",""sellers"":""observed"",""variants"":""observed"",""favorite_count"":""observed"",""inventory_decrease"":""unavailable"",""sales_estimate_daily"":""unavailable"",""sales_estimate_weekly"":""unavailable"",""sales_estimate_monthly"":""unavailable"",""sales_estimate_status"":""unavailable"",""sales_estimate_hours"":""unavailable"",""sales_estimate_source"":""unavailable"",""title"":""observed"",""brand"":""observed"",""seller_name"":""observed"",""seller_score"":""observed"",""price"":""observed"",""original_price"":""unavailable"",""campaigns"":""observed"",""stock_status"":""observed"",""stock_signal"":""unavailable"",""rating"":""observed"",""rating_count"":""observed"",""review_count"":""observed"",""question_count"":""unavailable"",""delivery_summary"":""observed"",""shipping_cost"":""observed"",""properties"":""observed""}",true,
1615364548,,88c9d854154e6f60ea674f1fdd72f7fe,1154790642:320329:1615364548:88c9d854154e6f60ea674f1fdd72f7fe,18642,merchantListing.winnerVariant.quantity,reported,2026-09-08T10:35:42.456Z,5,1,1,reported_total,"[{""merchant_id"":""320329"",""name"":""EMSAL GRUP"",""score"":9.4,""price"":40.26,""variant_id"":""1615364548"",""listing_id"":""88c9d854154e6f60ea674f1fdd72f7fe"",""stock_quantity"":18642}]","[{""variant_id"":""1615364548"",""label"":null,""in_stock"":true,""stock_quantity"":18642,""selected"":true}]",1614,49,48.92,,,estimated,24.04,inventory_net_decrease,2026-09-08,2026-09-08T13:30:55+03:00,otomobil motosiklet,BEST_SELLER,arac-ici-aksesuar,araç içi aksesuar,33,2,53,53,,otomobil-motosiklet:arac-ici-aksesuar,33,-5,24.4,28.1,1154790642,320329,1154790642:320329,"Emsal Grup 2'li Set Plastik - Araç İçi Koltuk Arkası Çanta, Tablet, Telefon ve Eşya Askısı, Araç Düzenleyici",Emsal Grup,Araç İçi Organizer,https://www.trendyol.com/emsal-grup/2-li-set-plastik-arac-ici-koltuk-arkasi-canta-tablet-telefon-ve-esya-askisi-arac-duzenleyici-p-1154790642?boutiqueId=61&merchantId=320329,EMSAL GRUP,9.4,40.26,,,-7.7,TRY,"[""Kargo Bedava""]",InStock,,,,,,4.416666666666667,48,19,0,,,,,4999,TRY,0,1,1,3,Tahmini Teslim:,,https://cdn.dsmcdn.com/ty1931/prod/QC_ENRICHMENT/20260708/12/b645ff7d-9c64-363d-a505-fbe10022b453/1_org_zoom.jpg,"{""Menşei"":""TR""}",19,4.37,refreshed,"[""daily_top""]",true,2026-09-08T10:35:42.457Z,0,"[""search_result_dom"",""product_detail_jsonld"",""product_detail_dom""]","{""variant_id"":""observed"",""variant_label"":""unavailable"",""listing_id"":""observed"",""inventory_key"":""observed"",""stock_quantity"":""observed"",""stock_quantity_source"":""observed"",""stock_quantity_kind"":""observed"",""stock_observed_at"":""observed"",""max_sale_limit"":""observed"",""seller_count"":""observed"",""seller_count_observed"":""observed"",""seller_count_kind"":""observed"",""sellers"":""observed"",""variants"":""observed"",""favorite_count"":""observed"",""inventory_decrease"":""unavailable"",""sales_estimate_daily"":""unavailable"",""sales_estimate_weekly"":""unavailable"",""sales_estimate_monthly"":""unavailable"",""sales_estimate_status"":""unavailable"",""sales_estimate_hours"":""unavailable"",""sales_estimate_source"":""unavailable"",""title"":""observed"",""brand"":""observed"",""seller_name"":""observed"",""seller_score"":""observed"",""price"":""observed"",""original_price"":""unavailable"",""campaigns"":""observed"",""stock_status"":""observed"",""stock_signal"":""unavailable"",""rating"":""observed"",""rating_count"":""observed"",""review_count"":""observed"",""question_count"":""unavailable"",""delivery_summary"":""observed"",""shipping_cost"":""observed"",""properties"":""observed""}",true,
1378868207,,613f28d81db25c6ac9bfc32121459af9,975491747:919254:1378868207:613f28d81db25c6ac9bfc32121459af9,8136,merchantListing.winnerVariant.quantity,reported,2026-09-08T10:35:42.365Z,10,1,1,reported_total,"[{""merchant_id"":""919254"",""name"":""SHHOBİ LAB"",""score"":9.2,""price"":34.99,""variant_id"":""1378868207"",""listing_id"":""613f28d81db25c6ac9bfc32121459af9"",""stock_quantity"":8136}]","[{""variant_id"":""1378868207"",""label"":null,""in_stock"":true,""stock_quantity"":8136,""selected"":true}]",2275,36,35.95,,,estimated,24.04,inventory_net_decrease,2026-09-08,2026-09-08T13:30:55+03:00,otomobil motosiklet,BEST_SELLER,arac-ici-aksesuar,araç içi aksesuar,34,2,54,54,8,otomobil-motosiklet:arac-ici-aksesuar,34,-24,20.3,29.7,975491747,919254,975491747:919254,SHHOBİ 1 Adet Mini Panda Torpido Süsü Araç İçi Aksesuar Araba Dikiz Aynası Süsü Panda Torpido Aksesuar,SHHOBİ,Torpido Aksesuar,https://www.trendyol.com/shhobi/1-adet-mini-panda-torpido-susu-arac-ici-aksesuar-araba-dikiz-aynasi-susu-panda-torpido-aksesuar-p-975491747?boutiqueId=61&merchantId=919254,SHHOBİ LAB,9.2,34.99,,,40,TRY,"[""Sepette %1 İndirim"",""Kargo Bedava"",""Trendyol Plus'a Özel""]",InStock,,,,,,4.541666666666667,24,10,0,,,,,4999,TRY,0,1,1,3,Tahmini Teslim:,En Çok Satan 8. Ürün,https://cdn.dsmcdn.com/ty1730/prod/QC_PREP/20250820/20/16f9c423-e6e5-375c-bd30-762e2dbe1cc0/1_org_zoom.jpg,"{""Menşei"":""TR"",""Bakım Talimatları (Genel)"":""Ürünün kullanım ömrünü korumak için ürüne özel bakım talimatlarını takip ediniz.""}",10,4.3,refreshed,"[""daily_top""]",true,2026-09-08T10:35:42.366Z,0,"[""search_result_dom"",""product_detail_jsonld"",""product_detail_dom""]","{""variant_id"":""observed"",""variant_label"":""unavailable"",""listing_id"":""observed"",""inventory_key"":""observed"",""stock_quantity"":""observed"",""stock_quantity_source"":""observed"",""stock_quantity_kind"":""observed"",""stock_observed_at"":""observed"",""max_sale_limit"":""observed"",""seller_count"":""observed"",""seller_count_observed"":""observed"",""seller_count_kind"":""observed"",""sellers"":""observed"",""variants"":""observed"",""favorite_count"":""observed"",""inventory_decrease"":""unavailable"",""sales_estimate_daily"":""unavailable"",""sales_estimate_weekly"":""unavailable"",""sales_estimate_monthly"":""unavailable"",""sales_estimate_status"":""unavailable"",""sales_estimate_hours"":""unavailable"",""sales_estimate_source"":""unavailable"",""title"":""observed"",""brand"":""observed"",""seller_name"":""observed"",""seller_score"":""observed"",""price"":""observed"",""original_price"":""unavailable"",""campaigns"":""observed"",""stock_status"":""observed"",""stock_signal"":""unavailable"",""rating"":""observed"",""rating_count"":""observed"",""review_count"":""observed"",""question_count"":""unavailable"",""delivery_summary"":""observed"",""shipping_cost"":""observed"",""properties"":""observed""}",true,
224684608,,ba06e164d5754a5844a7ef6febd91f32,130865410:185368:224684608:ba06e164d5754a5844a7ef6febd91f32,1602,merchantListing.winnerVariant.quantity,reported,2026-09-08T10:35:50.773Z,20,1,1,reported_total,"[{""merchant_id"":""185368"",""name"":""MeyZone"",""score"":9.5,""price"":89.9,""variant_id"":""224684608"",""listing_id"":""ba06e164d5754a5844a7ef6febd91f32"",""stock_quantity"":1602}]","[{""variant_id"":""224684608"",""label"":null,""in_stock"":true,""stock_quantity"":1602,""selected"":true}]",11287,53,52.91,,,estimated,24.04,inventory_net_decrease,2026-09-08,2026-09-08T13:30:55+03:00,otomobil motosiklet,BEST_SELLER,arac-ici-aksesuar,araç içi aksesuar,35,2,55,55,,otomobil-motosiklet:arac-ici-aksesuar,35,-20,34.3,13.2,130865410,185368,130865410:185368,MeyZone Araç Içi Park Telefon Numarası Fosforlu Numaratör Oto Cam Kartı,MeyZone,Torpido Aksesuar,https://www.trendyol.com/meyzone/arac-ici-park-telefon-numarasi-fosforlu-numarator-oto-cam-karti-p-130865410?boutiqueId=61&merchantId=185368,MeyZone,9.5,89.9,,,0,TRY,"[""Sepette %1 İndirim"",""Kargo Bedava""]",InStock,,,,,,4.468737554759059,2511,1094,1,,,,,4999,TRY,0,,1,3,Tahmini Teslim:,,https://cdn.dsmcdn.com/ty1522/product/media/images/prod/QC/20240904/09/b6e80c2c-794d-3b31-8eaa-ff920c039314/1_org_zoom.jpg,"{""Menşei"":""CN"",""Bakım Talimatları (Genel)"":""Ürünün kullanım ömrünü korumak için ürüne özel bakım talimatlarını takip ediniz.""}",20,5,refreshed,"[""daily_top""]",true,2026-09-08T10:35:50.774Z,0,"[""search_result_dom"",""product_detail_jsonld"",""product_detail_dom""]","{""variant_id"":""observed"",""variant_label"":""unavailable"",""listing_id"":""observed"",""inventory_key"":""observed"",""stock_quantity"":""observed"",""stock_quantity_source"":""observed"",""stock_quantity_kind"":""observed"",""stock_observed_at"":""observed"",""max_sale_limit"":""observed"",""seller_count"":""observed"",""seller_count_observed"":""observed"",""seller_count_kind"":""observed"",""sellers"":""observed"",""variants"":""observed"",""favorite_count"":""observed"",""inventory_decrease"":""unavailable"",""sales_estimate_daily"":""unavailable"",""sales_estimate_weekly"":""unavailable"",""sales_estimate_monthly"":""unavailable"",""sales_estimate_status"":""unavailable"",""sales_estimate_hours"":""unavailable"",""sales_estimate_source"":""unavailable"",""title"":""observed"",""brand"":""observed"",""seller_name"":""observed"",""seller_score"":""observed"",""price"":""observed"",""original_price"":""unavailable"",""campaigns"":""observed"",""stock_status"":""observed"",""stock_signal"":""unavailable"",""rating"":""observed"",""rating_count"":""observed"",""review_count"":""observed"",""question_count"":""unavailable"",""delivery_summary"":""observed"",""shipping_cost"":""observed"",""properties"":""observed""}",true,
998383532,,3c94289c4a6ef3ea3a89af98a6b1941b,757565802:434536:998383532:3c94289c4a6ef3ea3a89af98a6b1941b,2015,merchantListing.winnerVariant.quantity,reported,2026-09-08T10:35:53.038Z,20,1,1,reported_total,"[{""merchant_id"":""434536"",""name"":""Mega Oto Market"",""score"":9.3,""price"":34.9,""variant_id"":""998383532"",""listing_id"":""3c94289c4a6ef3ea3a89af98a6b1941b"",""stock_quantity"":2015}]","[{""variant_id"":""998383532"",""label"":null,""in_stock"":true,""stock_quantity"":2015,""selected"":true}]",10133,33,32.96,,,estimated,24.03,inventory_net_decrease,2026-09-08,2026-09-08T13:30:55+03:00,otomobil motosiklet,BEST_SELLER,arac-ici-aksesuar,araç içi aksesuar,36,2,56,56,10,otomobil-motosiklet:arac-ici-aksesuar,36,-24,29.7,15.3,757565802,434536,757565802:434536,Mega Oto Market Gözlük Tutucu Araç İçi Klipsli Universal Gözlük Kart Tutucu,Mega Oto Market,Torpido Aksesuar,https://www.trendyol.com/mega-oto-market/gozluk-tutucu-arac-ici-klipsli-universal-gozluk-kart-tutucu-p-757565802?boutiqueId=61&merchantId=434536,Mega Oto Market,9.3,34.9,,,0,TRY,"[""Kargo Bedava""]",InStock,,,,,,4.3017578125,1024,520,0,,,,,4999,TRY,0,1,1,3,Tahmini Teslim:,En Çok Satan 10. Ürün,https://cdn.dsmcdn.com/ty995/product/media/images/prod/SPM/PIM/20230902/11/63f2e580-d31a-3a99-a977-e8519d98496f/1_org_zoom.jpg,"{""Menşei"":""CN"",""Bakım Talimatları (Genel)"":""Nemli bir bezle silin.""}",20,5,refreshed,"[""daily_top""]",true,2026-09-08T10:35:53.039Z,0,"[""search_result_dom"",""product_detail_jsonld"",""product_detail_dom""]","{""variant_id"":""observed"",""variant_label"":""unavailable"",""listing_id"":""observed"",""inventory_key"":""observed"",""stock_quantity"":""observed"",""stock_quantity_source"":""observed"",""stock_quantity_kind"":""observed"",""stock_observed_at"":""observed"",""max_sale_limit"":""observed"",""seller_count"":""observed"",""seller_count_observed"":""observed"",""seller_count_kind"":""observed"",""sellers"":""observed"",""variants"":""observed"",""favorite_count"":""observed"",""inventory_decrease"":""unavailable"",""sales_estimate_daily"":""unavailable"",""sales_estimate_weekly"":""unavailable"",""sales_estimate_monthly"":""unavailable"",""sales_estimate_status"":""unavailable"",""sales_estimate_hours"":""unavailable"",""sales_estimate_source"":""unavailable"",""title"":""observed"",""brand"":""observed"",""seller_name"":""observed"",""seller_score"":""observed"",""price"":""observed"",""original_price"":""unavailable"",""campaigns"":""observed"",""stock_status"":""observed"",""stock_signal"":""unavailable"",""rating"":""observed"",""rating_count"":""observed"",""review_count"":""observed"",""question_count"":""unavailable"",""delivery_summary"":""observed"",""shipping_cost"":""observed"",""properties"":""observed""}",true,
1383782479,,a78ea45da270de03d633650b34f5b693,978997861:185368:1383782479:a78ea45da270de03d633650b34f5b693,456,merchantListing.winnerVariant.quantity,reported,2026-09-08T10:35:53.230Z,10,1,1,reported_total,"[{""merchant_id"":""185368"",""name"":""MeyZone"",""score"":9.5,""price"":149.9,""variant_id"":""1383782479"",""listing_id"":""a78ea45da270de03d633650b34f5b693"",""stock_quantity"":456}]","[{""variant_id"":""1383782479"",""label"":null,""in_stock"":true,""stock_quantity"":456,""selected"":true}]",39727,59,58.92,,,estimated,24.03,inventory_net_decrease,2026-09-08,2026-09-08T13:30:55+03:00,otomobil motosiklet,BEST_SELLER,arac-ici-aksesuar,araç içi aksesuar,37,2,57,57,,otomobil-motosiklet:arac-ici-aksesuar,37,-27,27.7,14.8,978997861,185368,978997861:185368,MeyZone Fırça Seti Araç Oto Araba Klima Havalandırma Detaylı Temizlik Fırçası Premium Yumuşak Tüylü Fırça,MeyZone,Oto Bez ve Sünger,https://www.trendyol.com/meyzone/firca-seti-arac-oto-araba-klima-havalandirma-detayli-temizlik-fircasi-premium-yumusak-tuylu-firca-p-978997861?boutiqueId=61&merchantId=185368,MeyZone,9.5,149.9,,,0,TRY,"[""Sepette %1 İndirim"",""Kargo Bedava""]",InStock,,,,,,4.399010717230008,1213,508,0,,,,,4999,TRY,0,,1,3,Tahmini Teslim:,En Çok Favorilenen 4. Ürün,https://cdn.dsmcdn.com/ty1737/prod/QC_PREP/20250827/04/e1261f0f-e97c-3f3d-9101-2dc5d6824b01/1_org_zoom.jpg,"{""Menşei"":""CN"",""Ürün Tipi"":""Fırça"",""Paket İçeriği"":""Tekli""}",20,5,refreshed,"[""daily_top""]",true,2026-09-08T10:35:53.231Z,0,"[""search_result_dom"",""product_detail_jsonld"",""product_detail_dom""]","{""variant_id"":""observed"",""variant_label"":""unavailable"",""listing_id"":""observed"",""inventory_key"":""observed"",""stock_quantity"":""observed"",""stock_quantity_source"":""observed"",""stock_quantity_kind"":""observed"",""stock_observed_at"":""observed"",""max_sale_limit"":""observed"",""seller_count"":""observed"",""seller_count_observed"":""observed"",""seller_count_kind"":""observed"",""sellers"":""observed"",""variants"":""observed"",""favorite_count"":""observed"",""inventory_decrease"":""unavailable"",""sales_estimate_daily"":""unavailable"",""sales_estimate_weekly"":""unavailable"",""sales_estimate_monthly"":""unavailable"",""sales_estimate_status"":""unavailable"",""sales_estimate_hours"":""unavailable"",""sales_estimate_source"":""unavailable"",""title"":""observed"",""brand"":""observed"",""seller_name"":""observed"",""seller_score"":""observed"",""price"":""observed"",""original_price"":""unavailable"",""campaigns"":""observed"",""stock_status"":""observed"",""stock_signal"":""unavailable"",""rating"":""observed"",""rating_count"":""observed"",""review_count"":""observed"",""question_count"":""unavailable"",""delivery_summary"":""observed"",""shipping_cost"":""observed"",""properties"":""observed""}",true,
1469545903,,2ca4ccf441ab7f474754eb286edc8d05,1062672600:137544:1469545903:2ca4ccf441ab7f474754eb286edc8d05,1548,merchantListing.winnerVariant.quantity,reported,2026-09-08T10:36:00.525Z,10,2,2,reported_total,"[{""merchant_id"":""137544"",""name"":""Eymen Ticaret"",""score"":8.9,""price"":199.99,""variant_id"":""1469545903"",""listing_id"":""2ca4ccf441ab7f474754eb286edc8d05"",""stock_quantity"":1548},{""merchant_id"":""493419"",""name"":""Kitchen Beauty"",""score"":8.5,""price"":299.9,""variant_id"":""1469545903"",""listing_id"":""1beeb08bca070ad1b2cd8efa1dbf3941"",""stock_quantity"":473}]","[{""variant_id"":""1469545903"",""label"":null,""in_stock"":true,""stock_quantity"":1548,""selected"":true}]",12820,46,45.94,,,estimated,24.03,inventory_net_decrease,2026-09-08,2026-09-08T13:30:55+03:00,otomobil motosiklet,BEST_SELLER,arac-ici-aksesuar,araç içi aksesuar,38,2,58,58,,otomobil-motosiklet:arac-ici-aksesuar,38,-29,19.9,20.1,1062672600,137544,1062672600:137544,İndirimKap 2 Adet Araba Koltuk Arası Düşme Engelleyici Organizer Araç İçi Telefon Tutucu Siyah Renk,İndirimKap,Torpido Aksesuar,https://www.trendyol.com/indirimkap/2-adet-araba-koltuk-arasi-dusme-engelleyici-organizer-arac-ici-telefon-tutucu-siyah-renk-p-1062672600?boutiqueId=61&merchantId=137544,Eymen Ticaret,8.9,199.99,,,0,TRY,"[""Kargo Bedava""]",InStock,,,,,,3.4714285714285715,210,97,1,,,,,4999,TRY,0,2,1,6,Tahmini Teslim:,En Çok Ziyaret Edilen 7. Ürün,https://cdn.dsmcdn.com/ty1897/prod/QC_ENRICHMENT/20260603/07/d4685c53-cff5-30c0-afbc-d96250b0950c/1_org_zoom.jpg,"{""Menşei"":""CN"",""Renk"":""Siyah""}",20,5,refreshed,"[""daily_top""]",true,2026-09-08T10:36:00.526Z,0,"[""search_result_dom"",""product_detail_jsonld"",""product_detail_dom""]","{""variant_id"":""observed"",""variant_label"":""unavailable"",""listing_id"":""observed"",""inventory_key"":""observed"",""stock_quantity"":""observed"",""stock_quantity_source"":""observed"",""stock_quantity_kind"":""observed"",""stock_observed_at"":""observed"",""max_sale_limit"":""observed"",""seller_count"":""observed"",""seller_count_observed"":""observed"",""seller_count_kind"":""observed"",""sellers"":""observed"",""variants"":""observed"",""favorite_count"":""observed"",""inventory_decrease"":""unavailable"",""sales_estimate_daily"":""unavailable"",""sales_estimate_weekly"":""unavailable"",""sales_estimate_monthly"":""unavailable"",""sales_estimate_status"":""unavailable"",""sales_estimate_hours"":""unavailable"",""sales_estimate_source"":""unavailable"",""title"":""observed"",""brand"":""observed"",""seller_name"":""observed"",""seller_score"":""observed"",""price"":""observed"",""original_price"":""unavailable"",""campaigns"":""observed"",""stock_status"":""observed"",""stock_signal"":""unavailable"",""rating"":""observed"",""rating_count"":""observed"",""review_count"":""observed"",""question_count"":""unavailable"",""delivery_summary"":""observed"",""shipping_cost"":""observed"",""properties"":""observed""}",true,
1041259613,,0e0e92949e807bb6d5716b46abbdb288,785203759:434536:1041259613:0e0e92949e807bb6d5716b46abbdb288,184,merchantListing.winnerVariant.quantity,reported,2026-09-08T10:36:02.851Z,10,1,1,reported_total,"[{""merchant_id"":""434536"",""name"":""Mega Oto Market"",""score"":9.3,""price"":399,""variant_id"":""1041259613"",""listing_id"":""0e0e92949e807bb6d5716b46abbdb288"",""stock_quantity"":184}]","[{""variant_id"":""1041259613"",""label"":null,""in_stock"":true,""stock_quantity"":184,""selected"":true}]",58448,40,39.93,,,estimated,24.04,inventory_net_decrease,2026-09-08,2026-09-08T13:30:55+03:00,otomobil motosiklet,BEST_SELLER,arac-ici-aksesuar,araç içi aksesuar,39,2,59,59,,otomobil-motosiklet:arac-ici-aksesuar,39,,30.3,7.2,785203759,434536,785203759:434536,Mega Oto Market Oto Araba Güneşlik Şemsiye Tip Ön Cam Güneş Önleyici Katlanabilir 140cm X 75cm,Mega Oto Market,Oto Güneşlik Perde,https://www.trendyol.com/mega-oto-market/oto-araba-guneslik-semsiye-tip-on-cam-gunes-onleyici-katlanabilir-140cm-x-75cm-p-785203759?boutiqueId=61&merchantId=434536,Mega Oto Market,9.3,399,,,0,TRY,"[""30 TL Kupon"",""Kargo Bedava"",""Trendyol Plus'a Özel""]",InStock,,,,,,4.415767045454545,7040,3457,0,,,,,4999,TRY,0,1,1,3,Tahmini Teslim:,En Çok Favorilenen 2. Ürün,https://cdn.dsmcdn.com/ty1547/product/media/images/ty1547/prod/QC/20240915/14/f437f9cc-2bdb-3ede-a5bc-df248b956fac/1_org_zoom.jpg,"{""Araç Markası"":""Opel"",""Menşei"":""CN""}",20,5,refreshed,"[""daily_top""]",true,2026-09-08T10:36:02.853Z,0,"[""search_result_dom"",""product_detail_jsonld"",""product_detail_dom""]","{""variant_id"":""observed"",""variant_label"":""unavailable"",""listing_id"":""observed"",""inventory_key"":""observed"",""stock_quantity"":""observed"",""stock_quantity_source"":""observed"",""stock_quantity_kind"":""observed"",""stock_observed_at"":""observed"",""max_sale_limit"":""observed"",""seller_count"":""observed"",""seller_count_observed"":""observed"",""seller_count_kind"":""observed"",""sellers"":""observed"",""variants"":""observed"",""favorite_count"":""observed"",""inventory_decrease"":""unavailable"",""sales_estimate_daily"":""unavailable"",""sales_estimate_weekly"":""unavailable"",""sales_estimate_monthly"":""unavailable"",""sales_estimate_status"":""unavailable"",""sales_estimate_hours"":""unavailable"",""sales_estimate_source"":""unavailable"",""title"":""observed"",""brand"":""observed"",""seller_name"":""observed"",""seller_score"":""observed"",""price"":""observed"",""original_price"":""unavailable"",""campaigns"":""observed"",""stock_status"":""observed"",""stock_signal"":""unavailable"",""rating"":""observed"",""rating_count"":""observed"",""review_count"":""observed"",""question_count"":""unavailable"",""delivery_summary"":""observed"",""shipping_cost"":""observed"",""properties"":""observed""}",true,
1232459966,,3310c25dc57f4a8e8c5358d2f7b5a6dc,888165130:1106529:1232459966:3310c25dc57f4a8e8c5358d2f7b5a6dc,242,merchantListing.winnerVariant.quantity,reported,2026-09-08T10:36:03.062Z,10,11,11,reported_total,"[{""merchant_id"":""1106529"",""name"":""Parmend Life"",""score"":8.8,""price"":24.78,""variant_id"":""1232459966"",""listing_id"":""3310c25dc57f4a8e8c5358d2f7b5a6dc"",""stock_quantity"":242},{""merchant_id"":""1197422"",""name"":""3DCraft"",""score"":9,""price"":39,""variant_id"":""1232459966"",""listing_id"":""b28534f918c29831d363467099d2008f"",""stock_quantity"":149},{""merchant_id"":""1238842"",""name"":""Lionix Store"",""score"":8.2,""price"":39,""variant_id"":""1232459966"",""listing_id"":""1163a213013cde74dcbd71cba05edc1a"",""stock_quantity"":19793},{""merchant_id"":""433384"",""name"":""KarakayaStore"",""score"":9,""price"":44,""variant_id"":""1232459966"",""listing_id"":""d75b139ad14ee9640bb442aff277e2eb"",""stock_quantity"":978},{""merchant_id"":""1193950"",""name"":""Güvenli Adres"",""score"":8.8,""price"":49.9,""variant_id"":""1232459966"",""listing_id"":""1fbbb7f3281b0f6b560cb59fbfc8ae31"",""stock_quantity"":222},{""merchant_id"":""333220"",""name"":""DeerHome"",""score"":8.7,""price"":49.99,""variant_id"":""1232459966"",""listing_id"":""c03220f842617efcaadb1153f4865fcf"",""stock_quantity"":100},{""merchant_id"":""395307"",""name"":""EfCase"",""score"":9.1,""price"":74,""variant_id"":""1232459966"",""listing_id"":""774245d08944f788e779bf9c251f42d5"",""stock_quantity"":9},{""merchant_id"":""943716"",""name"":""Abatay Group"",""score"":8.9,""price"":73.99,""variant_id"":""1232459966"",""listing_id"":""e477cb1cf491693aacc57bb1f911efa3"",""stock_quantity"":100},{""merchant_id"":""1096859"",""name"":""ARTEBA Global"",""score"":8.9,""price"":75,""variant_id"":""1232459966"",""listing_id"":""ef72c2dbf5129a382bb48352758f9d2c"",""stock_quantity"":16088},{""merchant_id"":""1258680"",""name"":""AS AVM"",""score"":7.8,""price"":82,""variant_id"":""1232459966"",""listing_id"":""32b8f9ed401312d065bd9ffbfc269f7e"",""stock_quantity"":16},{""merchant_id"":""385108"",""name"":""AydemirTech"",""score"":8.6,""price"":89,""variant_id"":""1232459966"",""listing_id"":""44fa538b54235d7579a243f4bc14e85f"",""stock_quantity"":79}]","[{""variant_id"":""1232459966"",""label"":null,""in_stock"":true,""stock_quantity"":242,""selected"":true}]",9059,21,20.97,,,estimated,24.03,inventory_net_decrease,2026-09-08,2026-09-08T13:30:55+03:00,otomobil motosiklet,BEST_SELLER,arac-ici-aksesuar,araç içi aksesuar,40,2,60,60,8,otomobil-motosiklet:arac-ici-aksesuar,40,-29,17,18,888165130,1106529,888165130:1106529,Aksesuar Kasabası Silikon Vakumlu Yapışkanlı Kaymaz Vantuz Cep Telefon Tutucu,Aksesuar Kasabası,,https://www.trendyol.com/aksesuar-kasabasi/silikon-vakumlu-yapiskanli-kaymaz-vantuz-cep-telefon-tutucu-p-888165130?boutiqueId=61&merchantId=1106529,Parmend Life,8.8,24.78,,,0,TRY,"[""Kargo Bedava""]",InStock,,,,,,3.910204081632653,245,132,1,,,,,,,0,,,,Tahmini Teslim:,,,{},0,,refreshed,"[""daily_top""]",true,2026-09-08T10:36:03.062Z,0,"[""search_result_dom"",""product_detail_jsonld"",""product_detail_dom""]","{""variant_id"":""observed"",""variant_label"":""unavailable"",""listing_id"":""observed"",""inventory_key"":""observed"",""stock_quantity"":""observed"",""stock_quantity_source"":""observed"",""stock_quantity_kind"":""observed"",""stock_observed_at"":""observed"",""max_sale_limit"":""observed"",""seller_count"":""observed"",""seller_count_observed"":""observed"",""seller_count_kind"":""observed"",""sellers"":""observed"",""variants"":""observed"",""favorite_count"":""observed"",""inventory_decrease"":""unavailable"",""sales_estimate_daily"":""unavailable"",""sales_estimate_weekly"":""unavailable"",""sales_estimate_monthly"":""unavailable"",""sales_estimate_status"":""unavailable"",""sales_estimate_hours"":""unavailable"",""sales_estimate_source"":""unavailable"",""title"":""observed"",""brand"":""observed"",""seller_name"":""observed"",""seller_score"":""observed"",""price"":""observed"",""original_price"":""unavailable"",""campaigns"":""observed"",""stock_status"":""observed"",""stock_signal"":""unavailable"",""rating"":""observed"",""rating_count"":""observed"",""review_count"":""observed"",""question_count"":""unavailable"",""delivery_summary"":""observed"",""shipping_cost"":""unavailable"",""properties"":""observed""}",true,
1344804064,,4488a409ee35f3bff2ae474dc4a6ef07,949790402:867640:1344804064:4488a409ee35f3bff2ae474dc4a6ef07,4269,merchantListing.winnerVariant.quantity,reported,2026-09-08T10:36:09.794Z,20,1,1,reported_total,"[{""merchant_id"":""867640"",""name"":""Modifiyum"",""score"":9.6,""price"":124.61,""variant_id"":""1344804064"",""listing_id"":""4488a409ee35f3bff2ae474dc4a6ef07"",""stock_quantity"":4269}]","[{""variant_id"":""1344804064"",""label"":null,""in_stock"":true,""stock_quantity"":4269,""selected"":true}]",7302,35,34.94,,,estimated,24.04,inventory_net_decrease,2026-09-08,2026-09-08T13:30:55+03:00,otomobil motosiklet,BEST_SELLER,arac-ici-aksesuar,araç içi aksesuar,41,2,61,61,,otomobil-motosiklet:arac-ici-aksesuar,41,-30,23.1,14.4,949790402,867640,949790402:867640,Modifiyum Metal Kasa Numara Çevirmeli Araç İçi Telefon Numaratör Parkmatik Araba Numaratör Siyah,Modifiyum,Torpido Aksesuar,https://www.trendyol.com/modifiyum/metal-kasa-numara-cevirmeli-arac-ici-telefon-numarator-parkmatik-araba-numarator-siyah-p-949790402?boutiqueId=61&merchantId=867640,Modifiyum,9.6,124.61,128.5,3,-4,TRY,"[""Sepette %1 İndirim"",""Kargo Bedava"",""Trendyol Plus'a Özel""]",InStock,,,,,,4.580495356037152,646,323,0,,,,,4999,TRY,0,1,1,3,Tahmini Teslim:,,https://cdn.dsmcdn.com/ty1702/prod/QC_PREP/20250628/15/76f83162-f8de-37a6-b5ef-1fa9053ed455/1_org_zoom.jpg,"{""Menşei"":""CN"",""Bakım Talimatları (Genel)"":""Nemli bir bezle silin.""}",20,5,refreshed,"[""daily_top""]",true,2026-09-08T10:36:09.795Z,0,"[""search_result_dom"",""product_detail_jsonld"",""product_detail_dom""]","{""variant_id"":""observed"",""variant_label"":""unavailable"",""listing_id"":""observed"",""inventory_key"":""observed"",""stock_quantity"":""observed"",""stock_quantity_source"":""observed"",""stock_quantity_kind"":""observed"",""stock_observed_at"":""observed"",""max_sale_limit"":""observed"",""seller_count"":""observed"",""seller_count_observed"":""observed"",""seller_count_kind"":""observed"",""sellers"":""observed"",""variants"":""observed"",""favorite_count"":""observed"",""inventory_decrease"":""unavailable"",""sales_estimate_daily"":""unavailable"",""sales_estimate_weekly"":""unavailable"",""sales_estimate_monthly"":""unavailable"",""sales_estimate_status"":""unavailable"",""sales_estimate_hours"":""unavailable"",""sales_estimate_source"":""unavailable"",""title"":""observed"",""brand"":""observed"",""seller_name"":""observed"",""seller_score"":""observed"",""price"":""observed"",""original_price"":""observed"",""campaigns"":""observed"",""stock_status"":""observed"",""stock_signal"":""unavailable"",""rating"":""observed"",""rating_count"":""observed"",""review_count"":""observed"",""question_count"":""unavailable"",""delivery_summary"":""observed"",""shipping_cost"":""observed"",""properties"":""observed""}",true,
1482716677,,d4b25be9a26740557223e3a281ed70a6,1073308677:1047736:1482716677:d4b25be9a26740557223e3a281ed70a6,8151,merchantListing.winnerVariant.quantity,reported,2026-09-08T10:36:12.401Z,10,1,1,reported_total,"[{""merchant_id"":""1047736"",""name"":""Özgül Reklam"",""score"":8.9,""price"":35,""variant_id"":""1482716677"",""listing_id"":""d4b25be9a26740557223e3a281ed70a6"",""stock_quantity"":8151}]","[{""variant_id"":""1482716677"",""label"":null,""in_stock"":true,""stock_quantity"":8151,""selected"":true}]",22031,51,50.96,,,estimated,24.02,inventory_net_decrease,2026-09-08,2026-09-08T13:30:55+03:00,otomobil motosiklet,BEST_SELLER,arac-ici-aksesuar,araç içi aksesuar,42,2,62,62,,otomobil-motosiklet:arac-ici-aksesuar,42,9,16.7,17.3,1073308677,1047736,1073308677:1047736,ÖZGÜL REKLAM Tom ve Jerry Gaz Kapağı Sticker Araba sticker / Motor Sticker / Laptop Sticker,ÖZGÜL REKLAM,Arma Sticker & Fosfor Şerit,https://www.trendyol.com/ozgul-reklam/tom-ve-jerry-gaz-kapagi-sticker-araba-sticker-motor-sticker-laptop-sticker-p-1073308677?boutiqueId=61&merchantId=1047736,Özgül Reklam,8.9,35,,,0,TRY,"[""Kargo Bedava""]",InStock,,,,,,4.65929203539823,226,121,0,,,,,4999,TRY,0,1,1,3,Tahmini Teslim:,En Çok Favorilenen 3. Ürün,https://cdn.dsmcdn.com/ty1802/prod/QC_PREP/20251219/14/e836be58-e04d-3c0c-8c2c-a6a17b11b7ad/1_org_zoom.jpg,"{""Renk"":""Çok Renkli"",""Menşei"":""TR""}",20,5,refreshed,"[""daily_top"",""hot_change""]",true,2026-09-08T10:36:12.403Z,0,"[""search_result_dom"",""product_detail_jsonld"",""product_detail_dom""]","{""variant_id"":""observed"",""variant_label"":""unavailable"",""listing_id"":""observed"",""inventory_key"":""observed"",""stock_quantity"":""observed"",""stock_quantity_source"":""observed"",""stock_quantity_kind"":""observed"",""stock_observed_at"":""observed"",""max_sale_limit"":""observed"",""seller_count"":""observed"",""seller_count_observed"":""observed"",""seller_count_kind"":""observed"",""sellers"":""observed"",""variants"":""observed"",""favorite_count"":""observed"",""inventory_decrease"":""unavailable"",""sales_estimate_daily"":""unavailable"",""sales_estimate_weekly"":""unavailable"",""sales_estimate_monthly"":""unavailable"",""sales_estimate_status"":""unavailable"",""sales_estimate_hours"":""unavailable"",""sales_estimate_source"":""unavailable"",""title"":""observed"",""brand"":""observed"",""seller_name"":""observed"",""seller_score"":""observed"",""price"":""observed"",""original_price"":""unavailable"",""campaigns"":""observed"",""stock_status"":""observed"",""stock_signal"":""unavailable"",""rating"":""observed"",""rating_count"":""observed"",""review_count"":""observed"",""question_count"":""unavailable"",""delivery_summary"":""observed"",""shipping_cost"":""observed"",""properties"":""observed""}",true,
1233072705,,5a0bf7098fe53fb5f5bffaf47fd7f474,888546790:814068:1233072705:5a0bf7098fe53fb5f5bffaf47fd7f474,6867,merchantListing.winnerVariant.quantity,reported,2026-09-08T10:36:12.551Z,10,1,1,reported_total,"[{""merchant_id"":""814068"",""name"":""PapirusArt"",""score"":8.6,""price"":245,""variant_id"":""1233072705"",""listing_id"":""5a0bf7098fe53fb5f5bffaf47fd7f474"",""stock_quantity"":6867}]","[{""variant_id"":""1233072705"",""label"":null,""in_stock"":true,""stock_quantity"":6867,""selected"":true}]",58527,48,47.93,,,estimated,24.03,inventory_net_decrease,2026-09-08,2026-09-08T13:30:55+03:00,otomobil motosiklet,BEST_SELLER,arac-ici-aksesuar,araç içi aksesuar,43,2,63,63,,otomobil-motosiklet:arac-ici-aksesuar,43,-24,22.4,11.1,888546790,814068,888546790:814068,"papirusart Fotoğraflı Araba Süsü, Kişiye özel Oto süsü, Kokusuzdur, Sevgililer Günü için Hediye Fikri",papirusart,Torpido Aksesuar,https://www.trendyol.com/papirusart/fotografli-araba-susu-kisiye-ozel-oto-susu-kokusuzdur-sevgililer-gunu-icin-hediye-fikri-p-888546790?boutiqueId=61&merchantId=814068,PapirusArt,8.6,245,,,0,TRY,"[""Sepette %20 İndirim"",""Kargo Bedava"",""Trendyol Plus'a Özel""]",InStock,,,,,,4.6640776699029125,1030,627,1,,,,,4999,TRY,0,2,1,6,Tahmini Teslim:,En Çok Favorilenen 4. Ürün,https://cdn.dsmcdn.com/ty1619/prod/QC/20250101/23/9cb418ad-c70f-32a2-88ac-b216b735a6f3/1_org_zoom.jpg,"{""Menşei"":""TR""}",20,5,refreshed,"[""daily_top""]",true,2026-09-08T10:36:12.552Z,0,"[""search_result_dom"",""product_detail_jsonld"",""product_detail_dom""]","{""variant_id"":""observed"",""variant_label"":""unavailable"",""listing_id"":""observed"",""inventory_key"":""observed"",""stock_quantity"":""observed"",""stock_quantity_source"":""observed"",""stock_quantity_kind"":""observed"",""stock_observed_at"":""observed"",""max_sale_limit"":""observed"",""seller_count"":""observed"",""seller_count_observed"":""observed"",""seller_count_kind"":""observed"",""sellers"":""observed"",""variants"":""observed"",""favorite_count"":""observed"",""inventory_decrease"":""unavailable"",""sales_estimate_daily"":""unavailable"",""sales_estimate_weekly"":""unavailable"",""sales_estimate_monthly"":""unavailable"",""sales_estimate_status"":""unavailable"",""sales_estimate_hours"":""unavailable"",""sales_estimate_source"":""unavailable"",""title"":""observed"",""brand"":""observed"",""seller_name"":""observed"",""seller_score"":""observed"",""price"":""observed"",""original_price"":""unavailable"",""campaigns"":""observed"",""stock_status"":""observed"",""stock_signal"":""unavailable"",""rating"":""observed"",""rating_count"":""observed"",""review_count"":""observed"",""question_count"":""unavailable"",""delivery_summary"":""observed"",""shipping_cost"":""observed"",""properties"":""observed""}",true,
1634107156,,787c28d0e97e82e66e5ab96773b3065e,1166649387:919254:1634107156:787c28d0e97e82e66e5ab96773b3065e,8883,merchantListing.winnerVariant.quantity,reported,2026-09-08T10:36:18.269Z,20,1,1,reported_total,"[{""merchant_id"":""919254"",""name"":""SHHOBİ LAB"",""score"":9.2,""price"":34.99,""variant_id"":""1634107156"",""listing_id"":""787c28d0e97e82e66e5ab96773b3065e"",""stock_quantity"":8883}]","[{""variant_id"":""1634107156"",""label"":null,""in_stock"":true,""stock_quantity"":8883,""selected"":true}]",952,33,32.94,,,estimated,24.04,inventory_net_decrease,2026-09-08,2026-09-08T13:30:55+03:00,otomobil motosiklet,BEST_SELLER,arac-ici-aksesuar,araç içi aksesuar,44,2,64,64,,otomobil-motosiklet:arac-ici-aksesuar,44,-31,4.8,28.2,1166649387,919254,1166649387:919254,SHHOBİ Kırmızı Kurdele Araba Klima Süsü - Kırmızı Fiyonk Torpido Süsü Torpido Aksesuar Klipsli 1 Adet,SHHOBİ,Torpido Aksesuar,https://www.trendyol.com/shhobi/kirmizi-kurdele-araba-klima-susu-kirmizi-fiyonk-torpido-susu-torpido-aksesuar-klipsli-1-adet-p-1166649387?boutiqueId=61&merchantId=919254,SHHOBİ LAB,9.2,34.99,,,41.7,TRY,"[""Sepette %1 İndirim"",""Kargo Bedava"",""Trendyol Plus'a Özel""]",InStock,,,,,,4.666666666666667,9,3,0,,,,,4999,TRY,0,1,1,3,Tahmini Teslim:,,https://cdn.dsmcdn.com/ty1918/prod/QC_PREP/20260709/14/a710040e-b259-3925-bffa-21a1f3a53a47/1_org_zoom.jpg,"{""Menşei"":""TR"",""Bakım Talimatları (Genel)"":""Ürünün kullanım ömrünü korumak için ürüne özel bakım talimatlarını takip ediniz.""}",3,4.67,refreshed,"[""daily_top""]",true,2026-09-08T10:36:18.270Z,0,"[""search_result_dom"",""product_detail_jsonld"",""product_detail_dom""]","{""variant_id"":""observed"",""variant_label"":""unavailable"",""listing_id"":""observed"",""inventory_key"":""observed"",""stock_quantity"":""observed"",""stock_quantity_source"":""observed"",""stock_quantity_kind"":""observed"",""stock_observed_at"":""observed"",""max_sale_limit"":""observed"",""seller_count"":""observed"",""seller_count_observed"":""observed"",""seller_count_kind"":""observed"",""sellers"":""observed"",""variants"":""observed"",""favorite_count"":""observed"",""inventory_decrease"":""unavailable"",""sales_estimate_daily"":""unavailable"",""sales_estimate_weekly"":""unavailable"",""sales_estimate_monthly"":""unavailable"",""sales_estimate_status"":""unavailable"",""sales_estimate_hours"":""unavailable"",""sales_estimate_source"":""unavailable"",""title"":""observed"",""brand"":""observed"",""seller_name"":""observed"",""seller_score"":""observed"",""price"":""observed"",""original_price"":""unavailable"",""campaigns"":""observed"",""stock_status"":""observed"",""stock_signal"":""unavailable"",""rating"":""observed"",""rating_count"":""observed"",""review_count"":""observed"",""question_count"":""unavailable"",""delivery_summary"":""observed"",""shipping_cost"":""observed"",""properties"":""observed""}",true,
1384126746,,c03955ff79d9df4bb9906d9525ca2e2b,979239694:1155325:1384126746:c03955ff79d9df4bb9906d9525ca2e2b,850,merchantListing.winnerVariant.quantity,reported,2026-09-08T10:36:20.936Z,10,5,5,reported_total,"[{""merchant_id"":""1155325"",""name"":""Form Oto Aksesuar Sanayi"",""score"":9.6,""price"":199,""variant_id"":""1384126746"",""listing_id"":""c03955ff79d9df4bb9906d9525ca2e2b"",""stock_quantity"":850},{""merchant_id"":""872829"",""name"":""Mes Garage"",""score"":8.1,""price"":209.13,""variant_id"":""1384126746"",""listing_id"":""05fc1d0a19a99471a0c0b78f83a0f25e"",""stock_quantity"":2},{""merchant_id"":""680035"",""name"":""Özel Oto Aksesuar"",""score"":8.9,""price"":249.9,""variant_id"":""1384126746"",""listing_id"":""0eac93522e69f4bc8c0349eb779a0b66"",""stock_quantity"":1998},{""merchant_id"":""130705"",""name"":""ALGELSİN ARSVİSİON GROUP"",""score"":8.7,""price"":249,""variant_id"":""1384126746"",""listing_id"":""431e2a9ac0be98994aa6f114b67f24e7"",""stock_quantity"":1443},{""merchant_id"":""244159"",""name"":""VEMAKS OTO KOLTUK KILIFI"",""score"":9.2,""price"":295,""variant_id"":""1384126746"",""listing_id"":""1193e6f60230e14a06e915f5033c9f4e"",""stock_quantity"":18}]","[{""variant_id"":""1384126746"",""label"":null,""in_stock"":true,""stock_quantity"":850,""selected"":true}]",15174,49,48.92,,,estimated,24.04,inventory_net_decrease,2026-09-08,2026-09-08T13:30:55+03:00,otomobil motosiklet,BEST_SELLER,arac-ici-aksesuar,araç içi aksesuar,45,2,65,65,1,otomobil-motosiklet:arac-ici-aksesuar,45,-31,21.4,11.1,979239694,1155325,979239694:1155325,Genel Markalar Oto Geçmeli Direksiyon Kılıfı 38cm %100 Yerli Üretim Noktalı Siyah Düz Siyah 1.Kalite Suni Deri,Genel Markalar,,https://www.trendyol.com/genel-markalar/oto-gecmeli-direksiyon-kilifi-38cm-100-yerli-uretim-noktali-siyah-duz-siyah-1-kalite-suni-deri-p-979239694?boutiqueId=61&merchantId=1155325,Form Oto Aksesuar Sanayi,9.6,199,,,0,TRY,"[""Kargo Bedava"",""Son 10 Günün En Düşük Fiyatı"",""Trendyol Plus'a Özel""]",InStock,,,,,,4.485042735042735,936,472,2,,,,,,,0,,,,Tahmini Teslim:,En Çok Satan 1. Ürün,,{},0,,refreshed,"[""daily_top""]",true,2026-09-08T10:36:20.937Z,0,"[""search_result_dom"",""product_detail_jsonld"",""product_detail_dom""]","{""variant_id"":""observed"",""variant_label"":""unavailable"",""listing_id"":""observed"",""inventory_key"":""observed"",""stock_quantity"":""observed"",""stock_quantity_source"":""observed"",""stock_quantity_kind"":""observed"",""stock_observed_at"":""observed"",""max_sale_limit"":""observed"",""seller_count"":""observed"",""seller_count_observed"":""observed"",""seller_count_kind"":""observed"",""sellers"":""observed"",""variants"":""observed"",""favorite_count"":""observed"",""inventory_decrease"":""unavailable"",""sales_estimate_daily"":""unavailable"",""sales_estimate_weekly"":""unavailable"",""sales_estimate_monthly"":""unavailable"",""sales_estimate_status"":""unavailable"",""sales_estimate_hours"":""unavailable"",""sales_estimate_source"":""unavailable"",""title"":""observed"",""brand"":""observed"",""seller_name"":""observed"",""seller_score"":""observed"",""price"":""observed"",""original_price"":""unavailable"",""campaigns"":""observed"",""stock_status"":""observed"",""stock_signal"":""unavailable"",""rating"":""observed"",""rating_count"":""observed"",""review_count"":""observed"",""question_count"":""unavailable"",""delivery_summary"":""observed"",""shipping_cost"":""unavailable"",""properties"":""observed""}",true,
450559026,,77b4a8eb4b12191f545dab403346fa69,283244067:1154565:450559026:77b4a8eb4b12191f545dab403346fa69,66,merchantListing.winnerVariant.quantity,reported,2026-09-08T10:36:21.083Z,10,19,19,reported_total,"[{""merchant_id"":""1154565"",""name"":""Dijipazar"",""score"":9.2,""price"":290,""variant_id"":""450559026"",""listing_id"":""77b4a8eb4b12191f545dab403346fa69"",""stock_quantity"":66},{""merchant_id"":""246399"",""name"":""Koza Gift"",""score"":8.8,""price"":298,""variant_id"":""450559026"",""listing_id"":""ec896d542b35e4b477e9c74d62c7a246"",""stock_quantity"":127},{""merchant_id"":""1152779"",""name"":""A&Y Oto Aksesuar"",""score"":8.9,""price"":299.92,""variant_id"":""450559026"",""listing_id"":""2b252152125f3b4f8cb1ff1e24bfe74e"",""stock_quantity"":907},{""merchant_id"":""477336"",""name"":""OTO AKSESUAR TUTKUSU"",""score"":8.6,""price"":305,""variant_id"":""450559026"",""listing_id"":""4dc7f95ebc71fe8ff5e1c2be577f6262"",""stock_quantity"":960},{""merchant_id"":""976719"",""name"":""PRATİK PERİ"",""score"":8.7,""price"":330,""variant_id"":""450559026"",""listing_id"":""82a4941f8000cacdeec86968a9fd2fc9"",""stock_quantity"":100},{""merchant_id"":""717018"",""name"":""OTOACTİON"",""score"":8.9,""price"":340,""variant_id"":""450559026"",""listing_id"":""a51d7fe46afe3ce3715964ea3c3733ba"",""stock_quantity"":4992},{""merchant_id"":""234714"",""name"":""SpotDepo"",""score"":8.8,""price"":345,""variant_id"":""450559026"",""listing_id"":""61b9a5db6579c1bf33bb3a2bc36495a7"",""stock_quantity"":10},{""merchant_id"":""363597"",""name"":""TRENDLIFEOTO"",""score"":8.8,""price"":349,""variant_id"":""450559026"",""listing_id"":""ec94e611dfb98f1adf84e5131a971938"",""stock_quantity"":95},{""merchant_id"":""335457"",""name"":""Fast Tuning Shop"",""score"":9.2,""price"":370,""variant_id"":""450559026"",""listing_id"":""62df39f0ab5b9fcfb79b3c793519a2c6"",""stock_quantity"":992},{""merchant_id"":""892308"",""name"":""ASTRA LED"",""score"":9.1,""price"":399,""variant_id"":""450559026"",""listing_id"":""eae68d8c03c4eb710f749af04e383000"",""stock_quantity"":98},{""merchant_id"":""780074"",""name"":""Drive Dream"",""score"":8.9,""price"":399,""variant_id"":""450559026"",""listing_id"":""daeb17b15c9492a693c26a7af205e272"",""stock_quantity"":3},{""merchant_id"":""787543"",""name"":""OTO AKSESUAR GARAJI"",""score"":8.6,""price"":399,""variant_id"":""450559026"",""listing_id"":""5e184a5ae77dd1a9956fc13043cb8779"",""stock_quantity"":2},{""merchant_id"":""203388"",""name"":""E.K.Tuning"",""score"":8.1,""price"":399,""variant_id"":""450559026"",""listing_id"":""cbbf224b04230245267546b25420fcbf"",""stock_quantity"":498},{""merchant_id"":""116163"",""name"":""ŞAHLAN OTO NKT GROUP"",""score"":8.8,""price"":409,""variant_id"":""450559026"",""listing_id"":""bb402b36e058a442dcb0cabc4e77e7f1"",""stock_quantity"":973},{""merchant_id"":""1227992"",""name"":""Teknolojik Garaj"",""score"":9.6,""price"":429,""variant_id"":""450559026"",""listing_id"":""a66ea451994d8b7b5d32000e5c283742"",""stock_quantity"":7},{""merchant_id"":""794393"",""name"":""gümüsautocenter"",""score"":8.1,""price"":450,""variant_id"":""450559026"",""listing_id"":""e4f20e8dc294480e2973211d5e5848ec"",""stock_quantity"":50},{""merchant_id"":""1209418"",""name"":""YILDIRIMOTO AKSESUAR"",""score"":9.3,""price"":499,""variant_id"":""450559026"",""listing_id"":""1d83c7682724bc49981338a3696e3346"",""stock_quantity"":3},{""merchant_id"":""865428"",""name"":""Tiger Marketing"",""score"":9.1,""price"":499,""variant_id"":""450559026"",""listing_id"":""78f5541b199138c62512e5d0a743c9a8"",""stock_quantity"":52},{""merchant_id"":""1200757"",""name"":""ZAFAKS"",""score"":8.2,""price"":499,""variant_id"":""450559026"",""listing_id"":""5062eee7f8b298aac945c5edd12ba4bb"",""stock_quantity"":18}]","[{""variant_id"":""450559026"",""label"":null,""in_stock"":true,""stock_quantity"":66,""selected"":true}]",6073,,,,,identity_changed_or_unknown,,inventory_net_decrease,2026-09-08,2026-09-08T13:30:55+03:00,otomobil motosiklet,BEST_SELLER,arac-ici-aksesuar,araç içi aksesuar,46,2,66,66,1,otomobil-motosiklet:arac-ici-aksesuar,46,-12,18,14,283244067,1154565,283244067:1154565,Apexi Her Araca Uyumlu Araç Içi Ayak Aydınlatma Ambıans 12 Led 8 Renk,Apexi,Sistem Kablo Aksesuar,https://www.trendyol.com/apexi/her-araca-uyumlu-arac-ici-ayak-aydinlatma-ambians-12-led-8-renk-p-283244067?boutiqueId=61&merchantId=1154565,Dijipazar,9.2,290,,,,TRY,"[""Kargo Bedava""]",InStock,,,,,,4.117486338797814,366,179,0,,,,,4999,TRY,0,1,1,3,Tahmini Teslim:,En Çok Satan 1. Ürün,https://cdn.dsmcdn.com/ty1427/product/media/images/prod/QC/20240710/23/0663d8cd-74f0-38a4-a2da-fbc7e68caf06/1_org_zoom.jpg,"{""Menşei"":""TR""}",20,5,refreshed,"[""daily_top""]",true,2026-09-08T10:36:21.083Z,0,"[""search_result_dom"",""product_detail_jsonld"",""product_detail_dom""]","{""variant_id"":""observed"",""variant_label"":""unavailable"",""listing_id"":""observed"",""inventory_key"":""observed"",""stock_quantity"":""observed"",""stock_quantity_source"":""observed"",""stock_quantity_kind"":""observed"",""stock_observed_at"":""observed"",""max_sale_limit"":""observed"",""seller_count"":""observed"",""seller_count_observed"":""observed"",""seller_count_kind"":""observed"",""sellers"":""observed"",""variants"":""observed"",""favorite_count"":""observed"",""inventory_decrease"":""unavailable"",""sales_estimate_daily"":""unavailable"",""sales_estimate_weekly"":""unavailable"",""sales_estimate_monthly"":""unavailable"",""sales_estimate_status"":""unavailable"",""sales_estimate_hours"":""unavailable"",""sales_estimate_source"":""unavailable"",""title"":""observed"",""brand"":""observed"",""seller_name"":""observed"",""seller_score"":""observed"",""price"":""observed"",""original_price"":""unavailable"",""campaigns"":""observed"",""stock_status"":""observed"",""stock_signal"":""unavailable"",""rating"":""observed"",""rating_count"":""observed"",""review_count"":""observed"",""question_count"":""unavailable"",""delivery_summary"":""observed"",""shipping_cost"":""observed"",""properties"":""observed""}",true,
1385430016,,ab8502ed64ee2e48144771e4280d2c86,980144490:841196:1385430016:ab8502ed64ee2e48144771e4280d2c86,5988,merchantListing.winnerVariant.quantity,reported,2026-09-08T10:36:27.102Z,10,1,1,reported_total,"[{""merchant_id"":""841196"",""name"":""Q Aksesuar"",""score"":8.3,""price"":49.9,""variant_id"":""1385430016"",""listing_id"":""ab8502ed64ee2e48144771e4280d2c86"",""stock_quantity"":5988}]","[{""variant_id"":""1385430016"",""label"":null,""in_stock"":true,""stock_quantity"":5988,""selected"":true}]",10004,32,31.95,,,estimated,24.04,inventory_net_decrease,2026-09-08,2026-09-08T13:30:55+03:00,otomobil motosiklet,BEST_SELLER,arac-ici-aksesuar,araç içi aksesuar,47,2,67,67,13,otomobil-motosiklet:arac-ici-aksesuar,47,-24,18.5,13,980144490,841196,980144490:841196,"Q Aksesuar Silikon Vakumlu Telefon Tutucu, Cep Telefonu için Silikon Yapışkanlı, Kaymaz Vantuz Telefon Tutucu",Q Aksesuar,,https://www.trendyol.com/q-aksesuar/silikon-vakumlu-telefon-tutucu-cep-telefonu-icin-silikon-yapiskanli-kaymaz-vantuz-telefon-tutucu-p-980144490?boutiqueId=61&merchantId=841196,Q Aksesuar,8.3,49.9,,,0,TRY,"[""Kargo Bedava""]",InStock,,,,,,4.181818181818182,429,206,0,,,,,,,0,,,,Tahmini Teslim:,,,{},0,,refreshed,"[""daily_top""]",true,2026-09-08T10:36:27.103Z,0,"[""search_result_dom"",""product_detail_jsonld"",""product_detail_dom""]","{""variant_id"":""observed"",""variant_label"":""unavailable"",""listing_id"":""observed"",""inventory_key"":""observed"",""stock_quantity"":""observed"",""stock_quantity_source"":""observed"",""stock_quantity_kind"":""observed"",""stock_observed_at"":""observed"",""max_sale_limit"":""observed"",""seller_count"":""observed"",""seller_count_observed"":""observed"",""seller_count_kind"":""observed"",""sellers"":""observed"",""variants"":""observed"",""favorite_count"":""observed"",""inventory_decrease"":""unavailable"",""sales_estimate_daily"":""unavailable"",""sales_estimate_weekly"":""unavailable"",""sales_estimate_monthly"":""unavailable"",""sales_estimate_status"":""unavailable"",""sales_estimate_hours"":""unavailable"",""sales_estimate_source"":""unavailable"",""title"":""observed"",""brand"":""observed"",""seller_name"":""observed"",""seller_score"":""observed"",""price"":""observed"",""original_price"":""unavailable"",""campaigns"":""observed"",""stock_status"":""observed"",""stock_signal"":""unavailable"",""rating"":""observed"",""rating_count"":""observed"",""review_count"":""observed"",""question_count"":""unavailable"",""delivery_summary"":""observed"",""shipping_cost"":""unavailable"",""properties"":""observed""}",true,
385357725,,3bdb1022aba84a68c5fd98d01f07d7cd,239886972:1143469:385357725:3bdb1022aba84a68c5fd98d01f07d7cd,456,merchantListing.winnerVariant.quantity,reported,2026-09-08T10:36:30.499Z,10,14,14,reported_total,"[{""merchant_id"":""1143469"",""name"":""Elsa Home"",""score"":8.3,""price"":69,""variant_id"":""385357725"",""listing_id"":""3bdb1022aba84a68c5fd98d01f07d7cd"",""stock_quantity"":456},{""merchant_id"":""968792"",""name"":""LOVEBELLA"",""score"":9.3,""price"":74.99,""variant_id"":""385357725"",""listing_id"":""c0354384ff7cfd222d03e7ff9c257890"",""stock_quantity"":12465},{""merchant_id"":""510669"",""name"":""Seram Collection"",""score"":8.6,""price"":74.99,""variant_id"":""385357725"",""listing_id"":""b75e9f0dc4449a05c23d812e945cdfa6"",""stock_quantity"":23},{""merchant_id"":""568918"",""name"":""TeknoNisa"",""score"":8.3,""price"":114.9,""variant_id"":""385357725"",""listing_id"":""7f3fe2e212ac51735e0481462aa64659"",""stock_quantity"":144},{""merchant_id"":""386081"",""name"":""CHN GROUP"",""score"":9.3,""price"":140,""variant_id"":""385357725"",""listing_id"":""2c4d505a198b6424150ef5ac3e48b9fa"",""stock_quantity"":12428},{""merchant_id"":""385108"",""name"":""AydemirTech"",""score"":8.6,""price"":140,""variant_id"":""385357725"",""listing_id"":""c165a502d2367bd0403955974ed738a4"",""stock_quantity"":98},{""merchant_id"":""124641"",""name"":""Mavi Teknoloji"",""score"":8.3,""price"":144,""variant_id"":""385357725"",""listing_id"":""76c608116a370c0dfed05546c4b00c31"",""stock_quantity"":1992},{""merchant_id"":""1072118"",""name"":""DGN TAKIKOZMETİK"",""score"":8.6,""price"":145,""variant_id"":""385357725"",""listing_id"":""c15d2ab58b31ad3452c52628329ba99e"",""stock_quantity"":1621},{""merchant_id"":""1269512"",""name"":""NİSİBİS HOME"",""score"":9.2,""price"":159.9,""variant_id"":""385357725"",""listing_id"":""0abce7951f99ec7ec4578abd466042ed"",""stock_quantity"":15},{""merchant_id"":""1247474"",""name"":""CanDerel Plus"",""score"":8.4,""price"":159,""variant_id"":""385357725"",""listing_id"":""5365bc73d097c31f1f1b4ff151aea54b"",""stock_quantity"":969},{""merchant_id"":""1079459"",""name"":""Fırsat7"",""score"":8.3,""price"":189.9,""variant_id"":""385357725"",""listing_id"":""956d927c85cc276f964e3b0ebb20ee31"",""stock_quantity"":90},{""merchant_id"":""1271060"",""name"":""Hemen Hızlı Al"",""score"":8,""price"":189.9,""variant_id"":""385357725"",""listing_id"":""ae92a335424dda67f9858ed224e1e0f2"",""stock_quantity"":100},{""merchant_id"":""1181393"",""name"":""Asel-Aksesuar"",""score"":9.1,""price"":199.99,""variant_id"":""385357725"",""listing_id"":""337a723e81f6eb5e480dd88f8ad9ff82"",""stock_quantity"":2},{""merchant_id"":""760640"",""name"":""TechnoStation"",""score"":8.5,""price"":249.9,""variant_id"":""385357725"",""listing_id"":""0f20a6d4da638d4206b56f20a507d636"",""stock_quantity"":982}]","[{""variant_id"":""385357725"",""label"":null,""in_stock"":true,""stock_quantity"":456,""selected"":true}]",1449,,,,,identity_changed_or_unknown,,inventory_net_decrease,2026-09-08,2026-09-08T13:30:55+03:00,otomobil motosiklet,BEST_SELLER,arac-ici-aksesuar,araç içi aksesuar,48,2,68,68,,otomobil-motosiklet:arac-ici-aksesuar,48,-6,15.1,15.9,239886972,1143469,239886972:1143469,Jetcom Masa Üstü Telefon Standı Masa Üstü Tablet Standı Kademeli Yükseklik Ayarlı Siyah,Jetcom,Araç İçi Telefon Tutucular,https://www.trendyol.com/jetcom/masa-ustu-telefon-standi-masa-ustu-tablet-standi-kademeli-yukseklik-ayarli-siyah-p-239886972?boutiqueId=61&merchantId=1143469,Elsa Home,8.3,69,,,,TRY,"[""Kargo Bedava"",""Son 10 Günün En Düşük Fiyatı""]",InStock,,,,,,3.568345323741007,139,77,1,,,,,4999,TRY,0,1,1,3,Tahmini Teslim:,,https://cdn.dsmcdn.com/ty327/product/media/images/20220211/21/48760868/385357725/1/1_org_zoom.jpg,"{""Telefon Tutucu Özellikleri"":""Akrobat"",""Renk"":""Gri"",""Garanti Süresi"":""Belirtilmemiş"",""Türü"":""Torpido Üstü"",""Materyal"":""Silikon"",""Menşei"":""TR"",""Bakım Talimatları (Genel)"":""Ürünün kullanım ömrünü korumak için ürüne özel bakım talimatlarını takip ediniz.""}",20,5,refreshed,"[""daily_top""]",true,2026-09-08T10:36:30.499Z,0,"[""search_result_dom"",""product_detail_jsonld"",""product_detail_dom""]","{""variant_id"":""observed"",""variant_label"":""unavailable"",""listing_id"":""observed"",""inventory_key"":""observed"",""stock_quantity"":""observed"",""stock_quantity_source"":""observed"",""stock_quantity_kind"":""observed"",""stock_observed_at"":""observed"",""max_sale_limit"":""observed"",""seller_count"":""observed"",""seller_count_observed"":""observed"",""seller_count_kind"":""observed"",""sellers"":""observed"",""variants"":""observed"",""favorite_count"":""observed"",""inventory_decrease"":""unavailable"",""sales_estimate_daily"":""unavailable"",""sales_estimate_weekly"":""unavailable"",""sales_estimate_monthly"":""unavailable"",""sales_estimate_status"":""unavailable"",""sales_estimate_hours"":""unavailable"",""sales_estimate_source"":""unavailable"",""title"":""observed"",""brand"":""observed"",""seller_name"":""observed"",""seller_score"":""observed"",""price"":""observed"",""original_price"":""unavailable"",""campaigns"":""observed"",""stock_status"":""observed"",""stock_signal"":""unavailable"",""rating"":""observed"",""rating_count"":""observed"",""review_count"":""observed"",""question_count"":""unavailable"",""delivery_summary"":""observed"",""shipping_cost"":""observed"",""properties"":""observed""}",true,
1348225504,,d64ff3c595df32f73052050f94feb737,952402946:438262:1348225504:d64ff3c595df32f73052050f94feb737,9855,merchantListing.winnerVariant.quantity,reported,2026-09-08T10:36:30.627Z,20,2,2,reported_total,"[{""merchant_id"":""438262"",""name"":""Rex Aksesuar"",""score"":9.5,""price"":24.99,""variant_id"":""1348225504"",""listing_id"":""d64ff3c595df32f73052050f94feb737"",""stock_quantity"":9855},{""merchant_id"":""1133972"",""name"":""Rex Toys"",""score"":9.3,""price"":24.99,""variant_id"":""1348225504"",""listing_id"":""066ef5dc6b35020d85ad12a6b21560c5"",""stock_quantity"":759}]","[{""variant_id"":""1348225504"",""label"":null,""in_stock"":true,""stock_quantity"":9855,""selected"":true}]",52111,8,7.99,,,estimated,24.04,inventory_net_decrease,2026-09-08,2026-09-08T13:30:55+03:00,otomobil motosiklet,BEST_SELLER,arac-ici-aksesuar,araç içi aksesuar,49,2,69,69,,otomobil-motosiklet:arac-ici-aksesuar,49,-34,21.2,9.3,952402946,438262,952402946:438262,Rex Aksesuar Otomobil Klima Süsü Papatya Araç Içi Aksesuar 1 ADET,Rex Aksesuar,Torpido Aksesuar,https://www.trendyol.com/rex-aksesuar/otomobil-klima-susu-papatya-arac-ici-aksesuar-1-adet-p-952402946?boutiqueId=61&merchantId=438262,Rex Aksesuar,9.5,24.99,,,0,TRY,"[""Kargo Bedava""]",InStock,,,,,,4.380396732788798,857,440,0,,,,,4999,TRY,0,,1,3,Tahmini Teslim:,En Çok Favorilenen 10. Ürün,https://cdn.dsmcdn.com/ty1728/prod/QC_ENRICHMENT/20250819/15/58f0c8b0-5371-384c-9d51-988bf9ca8d4e/1_org_zoom.jpg,"{""Menşei"":""TR"",""Bakım Talimatları (Genel)"":""Ürünün kullanım ömrünü korumak için ürüne özel bakım talimatlarını takip ediniz.""}",20,5,refreshed,"[""daily_top""]",true,2026-09-08T10:36:30.628Z,0,"[""search_result_dom"",""product_detail_jsonld"",""product_detail_dom""]","{""variant_id"":""observed"",""variant_label"":""unavailable"",""listing_id"":""observed"",""inventory_key"":""observed"",""stock_quantity"":""observed"",""stock_quantity_source"":""observed"",""stock_quantity_kind"":""observed"",""stock_observed_at"":""observed"",""max_sale_limit"":""observed"",""seller_count"":""observed"",""seller_count_observed"":""observed"",""seller_count_kind"":""observed"",""sellers"":""observed"",""variants"":""observed"",""favorite_count"":""observed"",""inventory_decrease"":""unavailable"",""sales_estimate_daily"":""unavailable"",""sales_estimate_weekly"":""unavailable"",""sales_estimate_monthly"":""unavailable"",""sales_estimate_status"":""unavailable"",""sales_estimate_hours"":""unavailable"",""sales_estimate_source"":""unavailable"",""title"":""observed"",""brand"":""observed"",""seller_name"":""observed"",""seller_score"":""observed"",""price"":""observed"",""original_price"":""unavailable"",""campaigns"":""observed"",""stock_status"":""observed"",""stock_signal"":""unavailable"",""rating"":""observed"",""rating_count"":""observed"",""review_count"":""observed"",""question_count"":""unavailable"",""delivery_summary"":""observed"",""shipping_cost"":""observed"",""properties"":""observed""}",true,
1389265314,,dbe6ba9b52fc8453db8b26059b36754c,982830430:688974:1389265314:dbe6ba9b52fc8453db8b26059b36754c,3635,merchantListing.winnerVariant.quantity,reported,2026-09-08T10:36:36.911Z,10,1,1,reported_total,"[{""merchant_id"":""688974"",""name"":""İK Kuzey"",""score"":9.4,""price"":119.99,""variant_id"":""1389265314"",""listing_id"":""dbe6ba9b52fc8453db8b26059b36754c"",""stock_quantity"":3635}]","[{""variant_id"":""1389265314"",""label"":null,""in_stock"":true,""stock_quantity"":3635,""selected"":true}]",5024,16,15.96,,,estimated,24.05,inventory_net_decrease,2026-09-08,2026-09-08T13:30:55+03:00,otomobil motosiklet,BEST_SELLER,arac-ici-aksesuar,araç içi aksesuar,50,2,70,70,3,otomobil-motosiklet:arac-ici-aksesuar,50,-4,16,14,982830430,688974,982830430:688974,İK Kuzey Araba Çöp Kutusu – Araç İçi Kapaklı Taşınabilir Organizer Kova,İK Kuzey,Oto Çöp Kovası,https://www.trendyol.com/ik-kuzey/araba-cop-kutusu-arac-ici-kapakli-tasinabilir-organizer-kova-p-982830430?boutiqueId=61&merchantId=688974,İK Kuzey,9.4,119.99,,,0,TRY,"[""Kargo Bedava""]",InStock,,,,,,3.754385964912281,228,98,1,,,,,4999,TRY,0,1,1,3,Tahmini Teslim:,En Çok Satan 3. Ürün,https://cdn.dsmcdn.com/ty1766/prod/QC_ENRICHMENT/20251001/17/aa5915da-bf48-3592-ab69-2fa1ea15ad98/1_org_zoom.jpg,"{""Menşei"":""TR"",""Bakım Talimatları (Genel)"":""Ürünün kullanım ömrünü korumak için ürüne özel bakım talimatlarını takip ediniz.""}",20,5,refreshed,"[""daily_top""]",true,2026-09-08T10:36:36.912Z,0,"[""search_result_dom"",""product_detail_jsonld"",""product_detail_dom""]","{""variant_id"":""observed"",""variant_label"":""unavailable"",""listing_id"":""observed"",""inventory_key"":""observed"",""stock_quantity"":""observed"",""stock_quantity_source"":""observed"",""stock_quantity_kind"":""observed"",""stock_observed_at"":""observed"",""max_sale_limit"":""observed"",""seller_count"":""observed"",""seller_count_observed"":""observed"",""seller_count_kind"":""observed"",""sellers"":""observed"",""variants"":""observed"",""favorite_count"":""observed"",""inventory_decrease"":""unavailable"",""sales_estimate_daily"":""unavailable"",""sales_estimate_weekly"":""unavailable"",""sales_estimate_monthly"":""unavailable"",""sales_estimate_status"":""unavailable"",""sales_estimate_hours"":""unavailable"",""sales_estimate_source"":""unavailable"",""title"":""observed"",""brand"":""observed"",""seller_name"":""observed"",""seller_score"":""observed"",""price"":""observed"",""original_price"":""unavailable"",""campaigns"":""observed"",""stock_status"":""observed"",""stock_signal"":""unavailable"",""rating"":""observed"",""rating_count"":""observed"",""review_count"":""observed"",""question_count"":""unavailable"",""delivery_summary"":""observed"",""shipping_cost"":""observed"",""properties"":""observed""}",true,
1100059379,,5b151772c994a8d8e70cc36bf0a4e826,822695373:575762:1100059379:5b151772c994a8d8e70cc36bf0a4e826,422,merchantListing.winnerVariant.quantity,reported,2026-09-08T10:36:40.560Z,10,1,1,reported_total,"[{""merchant_id"":""575762"",""name"":""Babikamium"",""score"":9.1,""price"":765,""variant_id"":""1100059379"",""listing_id"":""5b151772c994a8d8e70cc36bf0a4e826"",""stock_quantity"":422}]","[{""variant_id"":""1100059379"",""label"":null,""in_stock"":true,""stock_quantity"":422,""selected"":true}]",23522,53,52.91,,,estimated,24.04,inventory_net_decrease,2026-09-08,2026-09-08T13:30:55+03:00,otomobil motosiklet,BEST_SELLER,arac-ici-aksesuar,araç içi aksesuar,51,2,71,71,1,otomobil-motosiklet:arac-ici-aksesuar,51,-35,22.2,7.8,822695373,575762,822695373:575762,babikamium Kumandalı Şarjlı Çift RGB Led Flaşör 2’li Set Araç İçi Ambiyans Pedal Altı Uyarı Lambası,babikamium,Motosiklet Aydınlatma Ürünü,https://www.trendyol.com/babikamium/kumandali-sarjli-cift-rgb-led-flasor-2-li-set-arac-ici-ambiyans-pedal-alti-uyari-lambasi-p-822695373?boutiqueId=61&merchantId=575762,Babikamium,9.1,765,,,0,TRY,"[""Kargo Bedava""]",InStock,,,,,,4.105315947843531,997,598,0,,,,,4999,TRY,0,1,1,3,Tahmini Teslim:,En Çok Satan 1. Ürün,https://cdn.dsmcdn.com/ty1942/prod/QC_ENRICHMENT/20260511/11/030af35b-71fa-3243-8719-f0f4b96c7a94/1_org_zoom.jpg,"{""Garanti Süresi"":""2 Yıl"",""Menşei"":""CN"",""Özellik"":""Şarjlı""}",20,5,refreshed,"[""daily_top""]",true,2026-09-08T10:36:40.561Z,0,"[""search_result_dom"",""product_detail_jsonld"",""product_detail_dom""]","{""variant_id"":""observed"",""variant_label"":""unavailable"",""listing_id"":""observed"",""inventory_key"":""observed"",""stock_quantity"":""observed"",""stock_quantity_source"":""observed"",""stock_quantity_kind"":""observed"",""stock_observed_at"":""observed"",""max_sale_limit"":""observed"",""seller_count"":""observed"",""seller_count_observed"":""observed"",""seller_count_kind"":""observed"",""sellers"":""observed"",""variants"":""observed"",""favorite_count"":""observed"",""inventory_decrease"":""unavailable"",""sales_estimate_daily"":""unavailable"",""sales_estimate_weekly"":""unavailable"",""sales_estimate_monthly"":""unavailable"",""sales_estimate_status"":""unavailable"",""sales_estimate_hours"":""unavailable"",""sales_estimate_source"":""unavailable"",""title"":""observed"",""brand"":""observed"",""seller_name"":""observed"",""seller_score"":""observed"",""price"":""observed"",""original_price"":""unavailable"",""campaigns"":""observed"",""stock_status"":""observed"",""stock_signal"":""unavailable"",""rating"":""observed"",""rating_count"":""observed"",""review_count"":""observed"",""question_count"":""unavailable"",""delivery_summary"":""observed"",""shipping_cost"":""observed"",""properties"":""observed""}",true,
1583160711,,2d59141b6241137816cd48fcd72ebf7d,1133162714:1244322:1583160711:2d59141b6241137816cd48fcd72ebf7d,304,merchantListing.winnerVariant.quantity,reported,2026-09-08T10:36:40.772Z,10,1,1,reported_total,"[{""merchant_id"":""1244322"",""name"":""chiconom"",""score"":9.4,""price"":967,""variant_id"":""1583160711"",""listing_id"":""2d59141b6241137816cd48fcd72ebf7d"",""stock_quantity"":304}]","[{""variant_id"":""1583160711"",""label"":null,""in_stock"":true,""stock_quantity"":304,""selected"":true}]",1887,15,14.97,,,estimated,24.04,inventory_net_decrease,2026-09-08,2026-09-08T13:30:55+03:00,otomobil motosiklet,BEST_SELLER,arac-ici-aksesuar,araç içi aksesuar,52,2,72,72,6,otomobil-motosiklet:arac-ici-aksesuar,52,-35,14.3,15.7,1133162714,1244322,1133162714:1244322,"chiconom Onell Kablosuz Araç Süpürgesi 18000 Pa 3 Kademeli Vakum ve Üfleme, HEPA Filtreli,Type-C Şarjlı, Siyah",chiconom,Araç İçi Süpürge,https://www.trendyol.com/chiconom/onell-kablosuz-arac-supurgesi-18000-pa-3-kademeli-vakum-ve-ufleme-hepa-filtreli-type-c-sarjli-siyah-p-1133162714?boutiqueId=61&merchantId=1244322,chiconom,9.4,967,,,0,TRY,"[""Kargo Bedava"",""Trendyol Plus'a Özel""]",InStock,,,,,,4.7375,80,61,3,,,,,4999,TRY,0,,1,3,Tahmini Teslim:,En Çok Satan 6. Ürün,https://cdn.dsmcdn.com/ty1949/prod/QC_ENRICHMENT/20260824/16/63ef5030-5276-3b94-b865-4151c243de5b/1_org_zoom.jpg,"{""Garanti Süresi"":""2 Yıl"",""Garanti Tipi"":""İthalatçı Garantili"",""Menşei"":""CN"",""Tamir Edilebilirlik"":""Yetkili Servis ile Tamiri Gerekir."",""Özellik"":""Hava"",""Renk"":""Siyah"",""Vakum Emiş Gücü"":""18000 PA"",""Güç (Watt)"":""0 - 250 Watt"",""Ses Seviyesi"":""41 Dba - 50 Dba"",""Şarj Süresi"":""2 - 3 Saat"",""Ürün Tipi"":""Şarjlı""}",20,5,refreshed,"[""daily_top""]",true,2026-09-08T10:36:40.773Z,0,"[""search_result_dom"",""product_detail_jsonld"",""product_detail_dom""]","{""variant_id"":""observed"",""variant_label"":""unavailable"",""listing_id"":""observed"",""inventory_key"":""observed"",""stock_quantity"":""observed"",""stock_quantity_source"":""observed"",""stock_quantity_kind"":""observed"",""stock_observed_at"":""observed"",""max_sale_limit"":""observed"",""seller_count"":""observed"",""seller_count_observed"":""observed"",""seller_count_kind"":""observed"",""sellers"":""observed"",""variants"":""observed"",""favorite_count"":""observed"",""inventory_decrease"":""unavailable"",""sales_estimate_daily"":""unavailable"",""sales_estimate_weekly"":""unavailable"",""sales_estimate_monthly"":""unavailable"",""sales_estimate_status"":""unavailable"",""sales_estimate_hours"":""unavailable"",""sales_estimate_source"":""unavailable"",""title"":""observed"",""brand"":""observed"",""seller_name"":""observed"",""seller_score"":""observed"",""price"":""observed"",""original_price"":""unavailable"",""campaigns"":""observed"",""stock_status"":""observed"",""stock_signal"":""unavailable"",""rating"":""observed"",""rating_count"":""observed"",""review_count"":""observed"",""question_count"":""unavailable"",""delivery_summary"":""observed"",""shipping_cost"":""observed"",""properties"":""observed""}",true,
62283119,,27b6379c67dec8daca5e9f173ef19bdc,34840432:256324:62283119:27b6379c67dec8daca5e9f173ef19bdc,268,merchantListing.winnerVariant.quantity,reported,2026-09-08T10:36:46.455Z,10,49,49,reported_total,"[{""merchant_id"":""256324"",""name"":""MorzaPazari"",""score"":8.4,""price"":33.49,""variant_id"":""62283119"",""listing_id"":""27b6379c67dec8daca5e9f173ef19bdc"",""stock_quantity"":268},{""merchant_id"":""1297145"",""name"":""ROTA AVM"",""score"":9.5,""price"":28,""variant_id"":""62283119"",""listing_id"":""f4c0d3649bf21ff81f21ecf59af773a5"",""stock_quantity"":16},{""merchant_id"":""1084873"",""name"":""YemuCo"",""score"":9,""price"":32,""variant_id"":""62283119"",""listing_id"":""0717c0c8fad4b6780e9b9f7273ad6c45"",""stock_quantity"":4977},{""merchant_id"":""1270775"",""name"":""Parçasepette Prime"",""score"":8.6,""price"":34,""variant_id"":""62283119"",""listing_id"":""c3246cdab85423e27298d20bb3123ad8"",""stock_quantity"":20},{""merchant_id"":""178286"",""name"":""YILMAZ YATIRIM"",""score"":8.7,""price"":34.99,""variant_id"":""62283119"",""listing_id"":""63ba0aaa9c0651e8726ef5f507bf8b5f"",""stock_quantity"":151},{""merchant_id"":""111097"",""name"":""Gogidigo"",""score"":8.6,""price"":46.9,""variant_id"":""62283119"",""listing_id"":""7687f2e0257877a73941d7e551f4b9fe"",""stock_quantity"":97},{""merchant_id"":""345234"",""name"":""elektroTeChno"",""score"":9.2,""price"":49,""variant_id"":""62283119"",""listing_id"":""fe95a9235d83d4956004da8b3d34cf82"",""stock_quantity"":87},{""merchant_id"":""1258312"",""name"":""Northern Star"",""score"":9.3,""price"":49.9,""variant_id"":""62283119"",""listing_id"":""fd9bfc7bcf5d9106fb37f1102a0b6515"",""stock_quantity"":1997},{""merchant_id"":""1106529"",""name"":""Parmend Life"",""score"":8.8,""price"":49.9,""variant_id"":""62283119"",""listing_id"":""e48541574d3b75fcef18ada48fdaddeb"",""stock_quantity"":488},{""merchant_id"":""386081"",""name"":""CHN GROUP"",""score"":9.3,""price"":74.99,""variant_id"":""62283119"",""listing_id"":""bd474af4107b7995de46849013b6c559"",""stock_quantity"":12201},{""merchant_id"":""962848"",""name"":""BERONİKA"",""score"":8.1,""price"":74.9,""variant_id"":""62283119"",""listing_id"":""b824864c629c95387a4b09684e58d1ed"",""stock_quantity"":9985},{""merchant_id"":""497547"",""name"":""Horasan Ticaret"",""score"":8.9,""price"":85,""variant_id"":""62283119"",""listing_id"":""701834abf041cc51e2743aad2594747e"",""stock_quantity"":10},{""merchant_id"":""110369"",""name"":""SARFEX STORE"",""score"":9.2,""price"":89,""variant_id"":""62283119"",""listing_id"":""f5500a792fdce8371756928092180c89"",""stock_quantity"":24},{""merchant_id"":""679756"",""name"":""RED KİTCHEN"",""score"":8.7,""price"":89,""variant_id"":""62283119"",""listing_id"":""8e60e025669fe8b3fe707a095b879228"",""stock_quantity"":119},{""merchant_id"":""385108"",""name"":""AydemirTech"",""score"":8.6,""price"":89,""variant_id"":""62283119"",""listing_id"":""a12488449a045d5e017432618fb6f859"",""stock_quantity"":90},{""merchant_id"":""341198"",""name"":""BEST HIRDAVAT"",""score"":9.5,""price"":94.9,""variant_id"":""62283119"",""listing_id"":""12aa4676583a6961284fad54a3d03f19"",""stock_quantity"":1000},{""merchant_id"":""788392"",""name"":""Hombak"",""score"":8.8,""price"":99,""variant_id"":""62283119"",""listing_id"":""9d33a1e3991cdccd76cb6cfbeda126df"",""stock_quantity"":38},{""merchant_id"":""1247474"",""name"":""CanDerel Plus"",""score"":8.4,""price"":99,""variant_id"":""62283119"",""listing_id"":""d2dccb26f2ced9d4399d1286e09c79f1"",""stock_quantity"":983},{""merchant_id"":""660815"",""name"":""KARA AUTO SHOP"",""score"":8.3,""price"":99,""variant_id"":""62283119"",""listing_id"":""1811f4ae42d2202d9a12f00ee3b7232b"",""stock_quantity"":996},{""merchant_id"":""468029"",""name"":""Garden Auto"",""score"":8.6,""price"":99,""variant_id"":""62283119"",""listing_id"":""a2360af68b37de4cd3cb7e02d1353b6e"",""stock_quantity"":19995},{""merchant_id"":""1101584"",""name"":""ForbinTeknoloji"",""score"":9.5,""price"":104.9,""variant_id"":""62283119"",""listing_id"":""63ce80b59534a62096984eaa5dc022fa"",""stock_quantity"":1000},{""merchant_id"":""464473"",""name"":""TTVAKUM"",""score"":8.1,""price"":105,""variant_id"":""62283119"",""listing_id"":""724c48ece2732db2b617b03c0ba530a4"",""stock_quantity"":988},{""merchant_id"":""291584"",""name"":""Güzelyüz AVM"",""score"":9.5,""price"":109.9,""variant_id"":""62283119"",""listing_id"":""e28a8aef784d7b83d875393275a070b7"",""stock_quantity"":45},{""merchant_id"":""117498"",""name"":""Fırsatyeri"",""score"":8.4,""price"":109.37,""variant_id"":""62283119"",""listing_id"":""f794dfeb8a57b24b75151242d91242ad"",""stock_quantity"":645},{""merchant_id"":""246743"",""name"":""ToptanHane"",""score"":9.3,""price"":109.9,""variant_id"":""62283119"",""listing_id"":""fa073892aa784b93b06fbac24ccd2c78"",""stock_quantity"":461},{""merchant_id"":""1045003"",""name"":""Aveo"",""score"":9.3,""price"":119,""variant_id"":""62283119"",""listing_id"":""bd0e1e7d092e2305530729f72a05d382"",""stock_quantity"":82},{""merchant_id"":""710568"",""name"":""Point Marketing"",""score"":9.2,""price"":119,""variant_id"":""62283119"",""listing_id"":""f47289f1ce857b5376fae10d3f45f8c4"",""stock_quantity"":1096},{""merchant_id"":""1004792"",""name"":""Teknotik"",""score"":8.9,""price"":119,""variant_id"":""62283119"",""listing_id"":""2a4e98a2da0fb7ec45d8cd0d475d53e2"",""stock_quantity"":999},{""merchant_id"":""495615"",""name"":""ERLER TİCARET"",""score"":9.1,""price"":120,""variant_id"":""62283119"",""listing_id"":""714fe21a6eab26ae7f3a612cf50afd0d"",""stock_quantity"":7},{""merchant_id"":""295182"",""name"":""YCL GRUP"",""score"":8.6,""price"":119.99,""variant_id"":""62283119"",""listing_id"":""dc590fdf521f8ec9a1bbf6529e3edf90"",""stock_quantity"":196},{""merchant_id"":""174129"",""name"":""WAPPA AŞ"",""score"":9.2,""price"":124.99,""variant_id"":""62283119"",""listing_id"":""116992c1411854dc876a920f5c118e24"",""stock_quantity"":50},{""merchant_id"":""118141"",""name"":""Fırsatvar"",""score"":8.4,""price"":125.64,""variant_id"":""62283119"",""listing_id"":""48b24a23ab89690770efd9c549931b45"",""stock_quantity"":645},{""merchant_id"":""294149"",""name"":""Sanal Mağazanız"",""score"":9.2,""price"":129,""variant_id"":""62283119"",""listing_id"":""b580a246a836c1404d66adf57e0ec7d9"",""stock_quantity"":98},{""merchant_id"":""512653"",""name"":""Safestore"",""score"":9.2,""price"":129.9,""variant_id"":""62283119"",""listing_id"":""32235f1c8e5ec457ebc5151a41748cc8"",""stock_quantity"":67},{""merchant_id"":""406856"",""name"":""Trajanis"",""score"":7.7,""price"":129.72,""variant_id"":""62283119"",""listing_id"":""413e20e606497df98d02470a81202830"",""stock_quantity"":1000},{""merchant_id"":""316195"",""name"":""DUFFA STORE"",""score"":9.4,""price"":139.9,""variant_id"":""62283119"",""listing_id"":""ab03ed845fc8195c7a954f0af6dd26d8"",""stock_quantity"":927},{""merchant_id"":""617773"",""name"":""Emre Bilisim"",""score"":9.5,""price"":145,""variant_id"":""62283119"",""listing_id"":""63d65db7784aa1c916883b3d6a8ab0b5"",""stock_quantity"":94},{""merchant_id"":""257078"",""name"":""İstoçAVM"",""score"":8.9,""price"":149,""variant_id"":""62283119"",""listing_id"":""5d08779794ab1ef8368d9fdda5c4dac9"",""stock_quantity"":14},{""merchant_id"":""865428"",""name"":""Tiger Marketing"",""score"":9.1,""price"":149.99,""variant_id"":""62283119"",""listing_id"":""6e1007e2357b0b41e28dcc2e84aaf7dd"",""stock_quantity"":989},{""merchant_id"":""1231939"",""name"":""ERAL GROUP"",""score"":8,""price"":149,""variant_id"":""62283119"",""listing_id"":""57eae18a14fdec276463691056fbd2fe"",""stock_quantity"":19},{""merchant_id"":""459300"",""name"":""İMZA DİREKSİYON KILIFI"",""score"":9.1,""price"":170,""variant_id"":""62283119"",""listing_id"":""7ca440240dd5f08fdcff932c9812778d"",""stock_quantity"":46},{""merchant_id"":""137969"",""name"":""NordMende Medikal Elektronik Tekstil Yay"",""score"":8.7,""price"":169,""variant_id"":""62283119"",""listing_id"":""f49b9b042db7f58befe852277c9907d9"",""stock_quantity"":10},{""merchant_id"":""922919"",""name"":""Emek Teknoloji"",""score"":8.9,""price"":199,""variant_id"":""62283119"",""listing_id"":""5fb1d22a6005b31e8b697385178b275d"",""stock_quantity"":4},{""merchant_id"":""506551"",""name"":""Q-İN"",""score"":8.6,""price"":199,""variant_id"":""62283119"",""listing_id"":""6e1c26dfa9d6db4f2044421ebb94914e"",""stock_quantity"":93},{""merchant_id"":""760640"",""name"":""TechnoStation"",""score"":8.5,""price"":189.9,""variant_id"":""62283119"",""listing_id"":""c825a99d753254837822ec00f33f4885"",""stock_quantity"":50},{""merchant_id"":""1181393"",""name"":""Asel-Aksesuar"",""score"":9.1,""price"":199.99,""variant_id"":""62283119"",""listing_id"":""195dddb7b8a46acd1c833d209e6d2d3c"",""stock_quantity"":10},{""merchant_id"":""554621"",""name"":""Ribac"",""score"":9.4,""price"":279,""variant_id"":""62283119"",""listing_id"":""6eb229b2c0c3356086283cd5741d6ec0"",""stock_quantity"":20000},{""merchant_id"":""780074"",""name"":""Drive Dream"",""score"":8.9,""price"":290,""variant_id"":""62283119"",""listing_id"":""17701520faa0b2175523c4f1db56605e"",""stock_quantity"":9994},{""merchant_id"":""127690"",""name"":""SIGHTZER"",""score"":8,""price"":299,""variant_id"":""62283119"",""listing_id"":""dde76d7943813d4fbabf176f6346fba2"",""stock_quantity"":284}]","[{""variant_id"":""62283119"",""label"":null,""in_stock"":true,""stock_quantity"":268,""selected"":true}]",3374,16,15.98,,,estimated,24.04,inventory_net_decrease,2026-09-08,2026-09-08T13:30:55+03:00,otomobil motosiklet,BEST_SELLER,arac-ici-aksesuar,araç içi aksesuar,53,2,73,73,,otomobil-motosiklet:arac-ici-aksesuar,53,-20,19.7,10.3,34840432,256324,34840432:256324,Genel Markalar Araç Park Numaratör Parkmatik Telefon Numara Yazma Araba Park Içi,Genel Markalar,Torpido Aksesuar,https://www.trendyol.com/genel-markalar/arac-park-numarator-parkmatik-telefon-numara-yazma-araba-park-ici-p-34840432?boutiqueId=61&merchantId=256324,MorzaPazari,8.4,33.49,,,1.5,TRY,"[""Sepette %1 İndirim"",""15 TL Kupon"",""Kargo Bedava""]",InStock,,,,,,4.066787003610108,554,292,0,,,,,4999,TRY,0,1,1,3,Tahmini Teslim:,,https://cdn.dsmcdn.com/ty1853/prod/QC_ENRICHMENT/20260407/18/8c5d7500-d457-3e20-a676-bfd714208f55/1_org_zoom.jpg,"{""Menşei"":""TR"",""Bakım Talimatları (Genel)"":""Ürünün kullanım ömrünü korumak için ürüne özel bakım talimatlarını takip ediniz."",""Renk"":""Siyah""}",20,5,refreshed,"[""daily_top""]",true,2026-09-08T10:36:46.456Z,0,"[""search_result_dom"",""product_detail_jsonld"",""product_detail_dom""]","{""variant_id"":""observed"",""variant_label"":""unavailable"",""listing_id"":""observed"",""inventory_key"":""observed"",""stock_quantity"":""observed"",""stock_quantity_source"":""observed"",""stock_quantity_kind"":""observed"",""stock_observed_at"":""observed"",""max_sale_limit"":""observed"",""seller_count"":""observed"",""seller_count_observed"":""observed"",""seller_count_kind"":""observed"",""sellers"":""observed"",""variants"":""observed"",""favorite_count"":""observed"",""inventory_decrease"":""unavailable"",""sales_estimate_daily"":""unavailable"",""sales_estimate_weekly"":""unavailable"",""sales_estimate_monthly"":""unavailable"",""sales_estimate_status"":""unavailable"",""sales_estimate_hours"":""unavailable"",""sales_estimate_source"":""unavailable"",""title"":""observed"",""brand"":""observed"",""seller_name"":""observed"",""seller_score"":""observed"",""price"":""observed"",""original_price"":""unavailable"",""campaigns"":""observed"",""stock_status"":""observed"",""stock_signal"":""unavailable"",""rating"":""observed"",""rating_count"":""observed"",""review_count"":""observed"",""question_count"":""unavailable"",""delivery_summary"":""observed"",""shipping_cost"":""observed"",""properties"":""observed""}",true,
1469853161,,10fb352348011586957b00417b4f9aed,1062921786:841196:1469853161:10fb352348011586957b00417b4f9aed,4649,merchantListing.winnerVariant.quantity,reported,2026-09-08T10:36:56.045Z,10,1,1,reported_total,"[{""merchant_id"":""841196"",""name"":""Q Aksesuar"",""score"":8.3,""price"":34.9,""variant_id"":""1469853161"",""listing_id"":""10fb352348011586957b00417b4f9aed"",""stock_quantity"":4649}]","[{""variant_id"":""1469853161"",""label"":null,""in_stock"":true,""stock_quantity"":4649,""selected"":true}]",3079,43,42.92,,,estimated,24.04,inventory_net_decrease,2026-09-08,2026-09-08T13:30:55+03:00,otomobil motosiklet,BEST_SELLER,arac-ici-aksesuar,araç içi aksesuar,54,2,74,74,7,otomobil-motosiklet:arac-ici-aksesuar,54,-34,12.5,17.5,1062921786,841196,1062921786:841196,"Q Aksesuar Vakumlu Slikon Vantuz Telefon Tutucu, Cep Telefonu İçin Yapışkanlı Kaymaz Tutucu Cama Yapışan vantuz",Q Aksesuar,,https://www.trendyol.com/q-aksesuar/vakumlu-slikon-vantuz-telefon-tutucu-cep-telefonu-icin-yapiskanli-kaymaz-tutucu-cama-yapisan-vantuz-p-1062921786?boutiqueId=61&merchantId=841196,Q Aksesuar,8.3,34.9,,,0,TRY,"[""Kargo Bedava""]",InStock,,,,,,4.104477611940299,67,36,1,,,,,,,0,,,,Tahmini Teslim:,,,{},0,,refreshed,"[""daily_top""]",true,2026-09-08T10:36:56.046Z,0,"[""search_result_dom"",""product_detail_jsonld"",""product_detail_dom""]","{""variant_id"":""observed"",""variant_label"":""unavailable"",""listing_id"":""observed"",""inventory_key"":""observed"",""stock_quantity"":""observed"",""stock_quantity_source"":""observed"",""stock_quantity_kind"":""observed"",""stock_observed_at"":""observed"",""max_sale_limit"":""observed"",""seller_count"":""observed"",""seller_count_observed"":""observed"",""seller_count_kind"":""observed"",""sellers"":""observed"",""variants"":""observed"",""favorite_count"":""observed"",""inventory_decrease"":""unavailable"",""sales_estimate_daily"":""unavailable"",""sales_estimate_weekly"":""unavailable"",""sales_estimate_monthly"":""unavailable"",""sales_estimate_status"":""unavailable"",""sales_estimate_hours"":""unavailable"",""sales_estimate_source"":""unavailable"",""title"":""observed"",""brand"":""observed"",""seller_name"":""observed"",""seller_score"":""observed"",""price"":""observed"",""original_price"":""unavailable"",""campaigns"":""observed"",""stock_status"":""observed"",""stock_signal"":""unavailable"",""rating"":""observed"",""rating_count"":""observed"",""review_count"":""observed"",""question_count"":""unavailable"",""delivery_summary"":""observed"",""shipping_cost"":""unavailable"",""properties"":""observed""}",true,
1570481911,,5bf7b64ac97cfa0aa0cbcb7b88bbe9f8,1125346813:817599:1570481911:5bf7b64ac97cfa0aa0cbcb7b88bbe9f8,1256,merchantListing.winnerVariant.quantity,reported,2026-09-08T10:36:57.225Z,20,1,1,reported_total,"[{""merchant_id"":""817599"",""name"":""BRE HOME"",""score"":8.9,""price"":34.99,""variant_id"":""1570481911"",""listing_id"":""5bf7b64ac97cfa0aa0cbcb7b88bbe9f8"",""stock_quantity"":1256}]","[{""variant_id"":""1570481911"",""label"":null,""in_stock"":true,""stock_quantity"":1256,""selected"":true}]",6406,42,41.93,,,estimated,24.04,inventory_net_decrease,2026-09-08,2026-09-08T13:30:55+03:00,otomobil motosiklet,BEST_SELLER,arac-ici-aksesuar,araç içi aksesuar,55,2,75,75,,otomobil-motosiklet:arac-ici-aksesuar,55,-31,10.6,19.4,1125346813,817599,1125346813:817599,BRE HOME Araba Torpido Aksesuarı Sevimli Ördek Figür - Araç İçi Dekoratif Hediyelik Süs - 1 Adet,BRE HOME,Torpido Aksesuar,https://www.trendyol.com/bre-home/araba-torpido-aksesuari-sevimli-ordek-figur-arac-ici-dekoratif-hediyelik-sus-1-adet-p-1125346813?boutiqueId=61&merchantId=817599,BRE HOME,8.9,34.99,,,92,TRY,"[""Kargo Bedava""]",InStock,,,,,,4.052631578947368,38,20,2,,,,,4999,TRY,0,1,1,3,Tahmini Teslim:,,https://cdn.dsmcdn.com/ty1847/prod/QC_PREP/20260329/03/b7808911-0cb3-3df5-a0db-9134e7747963/1_org_zoom.jpg,"{""Menşei"":""TR"",""Bakım Talimatları (Genel)"":""Nemli bir bezle silin.""}",20,3.75,refreshed,"[""daily_top""]",true,2026-09-08T10:36:57.226Z,0,"[""search_result_dom"",""product_detail_jsonld"",""product_detail_dom""]","{""variant_id"":""observed"",""variant_label"":""unavailable"",""listing_id"":""observed"",""inventory_key"":""observed"",""stock_quantity"":""observed"",""stock_quantity_source"":""observed"",""stock_quantity_kind"":""observed"",""stock_observed_at"":""observed"",""max_sale_limit"":""observed"",""seller_count"":""observed"",""seller_count_observed"":""observed"",""seller_count_kind"":""observed"",""sellers"":""observed"",""variants"":""observed"",""favorite_count"":""observed"",""inventory_decrease"":""unavailable"",""sales_estimate_daily"":""unavailable"",""sales_estimate_weekly"":""unavailable"",""sales_estimate_monthly"":""unavailable"",""sales_estimate_status"":""unavailable"",""sales_estimate_hours"":""unavailable"",""sales_estimate_source"":""unavailable"",""title"":""observed"",""brand"":""observed"",""seller_name"":""observed"",""seller_score"":""observed"",""price"":""observed"",""original_price"":""unavailable"",""campaigns"":""observed"",""stock_status"":""observed"",""stock_signal"":""unavailable"",""rating"":""observed"",""rating_count"":""observed"",""review_count"":""observed"",""question_count"":""unavailable"",""delivery_summary"":""observed"",""shipping_cost"":""observed"",""properties"":""observed""}",true,
75620333,,83b18e56a466b645aaff48c1efed9266,42572747:968792:75620333:83b18e56a466b645aaff48c1efed9266,11835,merchantListing.winnerVariant.quantity,reported,2026-09-08T10:36:58.022Z,20,18,18,reported_total,"[{""merchant_id"":""968792"",""name"":""LOVEBELLA"",""score"":9.3,""price"":35,""variant_id"":""75620333"",""listing_id"":""83b18e56a466b645aaff48c1efed9266"",""stock_quantity"":11835},{""merchant_id"":""912214"",""name"":""UGURSEPETİ"",""score"":8.9,""price"":31.85,""variant_id"":""75620333"",""listing_id"":""e16f9bfe5da07ce677c4657f9501ca58"",""stock_quantity"":798},{""merchant_id"":""345234"",""name"":""elektroTeChno"",""score"":9.2,""price"":35,""variant_id"":""75620333"",""listing_id"":""ea6f98c607d84c8f7ab55bd3de266fe9"",""stock_quantity"":478},{""merchant_id"":""386081"",""name"":""CHN GROUP"",""score"":9.3,""price"":49.99,""variant_id"":""75620333"",""listing_id"":""b359f4a2e91ea8c6b3c2b1436e97ca7f"",""stock_quantity"":12481},{""merchant_id"":""256324"",""name"":""MorzaPazari"",""score"":8.4,""price"":50.5,""variant_id"":""75620333"",""listing_id"":""ed126e34fec31482f662b057deda1b1d"",""stock_quantity"":270},{""merchant_id"":""231721"",""name"":""Dream Plus"",""score"":9.3,""price"":74.9,""variant_id"":""75620333"",""listing_id"":""09ab8cb16f7feaf615926cc6930b8cf5"",""stock_quantity"":19989},{""merchant_id"":""903933"",""name"":""İNFETA"",""score"":9,""price"":74.9,""variant_id"":""75620333"",""listing_id"":""71d4cb14cd692f63ff5fedfcbcb3bce5"",""stock_quantity"":1996},{""merchant_id"":""788392"",""name"":""Hombak"",""score"":8.8,""price"":99,""variant_id"":""75620333"",""listing_id"":""35f2c5f179bead82288f5728278ca1fa"",""stock_quantity"":64},{""merchant_id"":""294149"",""name"":""Sanal Mağazanız"",""score"":9.2,""price"":108,""variant_id"":""75620333"",""listing_id"":""bbffb7e534de157b17633864ca5902d5"",""stock_quantity"":887},{""merchant_id"":""1045003"",""name"":""Aveo"",""score"":9.3,""price"":109,""variant_id"":""75620333"",""listing_id"":""5dbe4672a4b37e7388950d5f5162f0e0"",""stock_quantity"":85},{""merchant_id"":""668090"",""name"":""Mes Store"",""score"":9.6,""price"":109.9,""variant_id"":""75620333"",""listing_id"":""3f8d2af93a334838c38d1807fa403f63"",""stock_quantity"":20},{""merchant_id"":""114160"",""name"":""TRENDSEPETİ"",""score"":8.9,""price"":109,""variant_id"":""75620333"",""listing_id"":""5e88310bcb730cf6df0cd5cd19d3547e"",""stock_quantity"":94},{""merchant_id"":""716220"",""name"":""TrendHepsi"",""score"":9.4,""price"":129,""variant_id"":""75620333"",""listing_id"":""ef3a72e90e0a3a07a0f14f59ce5c7673"",""stock_quantity"":1},{""merchant_id"":""210538"",""name"":""Uygun Market"",""score"":9.1,""price"":129,""variant_id"":""75620333"",""listing_id"":""1a17335f0224d8dfd8dbb95df0ba5358"",""stock_quantity"":19999},{""merchant_id"":""406856"",""name"":""Trajanis"",""score"":7.7,""price"":129.72,""variant_id"":""75620333"",""listing_id"":""d3b850fd9100f8ed9b26ecd4e895d83d"",""stock_quantity"":999},{""merchant_id"":""126610"",""name"":""Evgereçlerim"",""score"":9.2,""price"":139.33,""variant_id"":""75620333"",""listing_id"":""bfd133df7c31b490ad008fa8f1c55391"",""stock_quantity"":775},{""merchant_id"":""111101"",""name"":""PLUSOMİ"",""score"":9.3,""price"":143.99,""variant_id"":""75620333"",""listing_id"":""b85cb79d4e6e78ac669316a55fc45dfb"",""stock_quantity"":128},{""merchant_id"":""1181393"",""name"":""Asel-Aksesuar"",""score"":9.1,""price"":199.99,""variant_id"":""75620333"",""listing_id"":""6083ab03053dc4cd2024b9e0ed952ecc"",""stock_quantity"":9}]","[{""variant_id"":""75620333"",""label"":null,""in_stock"":true,""stock_quantity"":11835,""selected"":true}]",6111,,,,,identity_changed_or_unknown,,inventory_net_decrease,2026-09-08,2026-09-08T13:30:55+03:00,otomobil motosiklet,BEST_SELLER,arac-ici-aksesuar,araç içi aksesuar,56,2,76,76,,otomobil-motosiklet:arac-ici-aksesuar,56,-18,23.2,6.8,42572747,968792,42572747:968792,CMT Fosforlu Acılır Kapanabilir Numaratör Ön Torpido Üstü Telefon Numarası Göstergesi Araba,CMT,Torpido Aksesuar,https://www.trendyol.com/cmt/fosforlu-acilir-kapanabilir-numarator-on-torpido-ustu-telefon-numarasi-gostergesi-araba-p-42572747?boutiqueId=61&merchantId=968792,LOVEBELLA,9.3,35,,,40,TRY,"[""10 TL Kupon"",""Kargo Bedava"",""Son 10 Günün En Düşük Fiyatı""]",InStock,,,,,,4.257313829787235,1504,783,1,,,,,4999,TRY,0,,1,3,Tahmini Teslim:,,https://cdn.dsmcdn.com/ty1539/product/media/images/ty1540/prod/QC/20240912/23/6b496035-24a8-31ca-ab2b-7ad8b79fad6c/1_org_zoom.jpg,"{""Menşei"":""CN"",""Bakım Talimatları (Genel)"":""Ürünün kullanım ömrünü korumak için ürüne özel bakım talimatlarını takip ediniz.""}",20,5,refreshed,"[""daily_top""]",true,2026-09-08T10:36:58.023Z,0,"[""search_result_dom"",""product_detail_jsonld"",""product_detail_dom""]","{""variant_id"":""observed"",""variant_label"":""unavailable"",""listing_id"":""observed"",""inventory_key"":""observed"",""stock_quantity"":""observed"",""stock_quantity_source"":""observed"",""stock_quantity_kind"":""observed"",""stock_observed_at"":""observed"",""max_sale_limit"":""observed"",""seller_count"":""observed"",""seller_count_observed"":""observed"",""seller_count_kind"":""observed"",""sellers"":""observed"",""variants"":""observed"",""favorite_count"":""observed"",""inventory_decrease"":""unavailable"",""sales_estimate_daily"":""unavailable"",""sales_estimate_weekly"":""unavailable"",""sales_estimate_monthly"":""unavailable"",""sales_estimate_status"":""unavailable"",""sales_estimate_hours"":""unavailable"",""sales_estimate_source"":""unavailable"",""title"":""observed"",""brand"":""observed"",""seller_name"":""observed"",""seller_score"":""observed"",""price"":""observed"",""original_price"":""unavailable"",""campaigns"":""observed"",""stock_status"":""observed"",""stock_signal"":""unavailable"",""rating"":""observed"",""rating_count"":""observed"",""review_count"":""observed"",""question_count"":""unavailable"",""delivery_summary"":""observed"",""shipping_cost"":""observed"",""properties"":""observed""}",true,
1581692663,,6e6e55d415eb7f6c9334ba589a2ee6dd,1132172089:688974:1581692663:6e6e55d415eb7f6c9334ba589a2ee6dd,301,merchantListing.winnerVariant.quantity,reported,2026-09-08T10:37:06.540Z,10,1,1,reported_total,"[{""merchant_id"":""688974"",""name"":""İK Kuzey"",""score"":9.4,""price"":74.9,""variant_id"":""1581692663"",""listing_id"":""6e6e55d415eb7f6c9334ba589a2ee6dd"",""stock_quantity"":301}]","[{""variant_id"":""1581692663"",""label"":null,""in_stock"":true,""stock_quantity"":301,""selected"":true}]",2786,43,42.91,,,estimated,24.05,inventory_net_decrease,2026-09-08,2026-09-08T13:30:55+03:00,otomobil motosiklet,BEST_SELLER,arac-ici-aksesuar,araç içi aksesuar,57,2,77,77,2,otomobil-motosiklet:arac-ici-aksesuar,57,-39,12.6,17.4,1132172089,688974,1132172089:688974,LELVANİ Araba Çöp Kutusu - Araç İçi Kapaklı Çöp Kovası Taşınabilir Oto Organizer Siyah,LELVANİ,Oto Çöp Kovası,https://www.trendyol.com/lelvani/araba-cop-kutusu-arac-ici-kapakli-cop-kovasi-tasinabilir-oto-organizer-siyah-p-1132172089?boutiqueId=61&merchantId=688974,İK Kuzey,9.4,74.9,,,10.2,TRY,"[""Kargo Bedava""]",InStock,,,,,,4.075949367088608,79,37,0,,,,,4999,TRY,0,1,1,3,Tahmini Teslim:,En Çok Satan 2. Ürün,https://cdn.dsmcdn.com/ty1854/prod/QC_PREP/20260411/22/142cd740-c390-36bf-85a8-19c398ad4fbb/1_org_zoom.jpg,"{""Menşei"":""TR""}",20,5,refreshed,"[""daily_top""]",true,2026-09-08T10:37:06.542Z,0,"[""search_result_dom"",""product_detail_jsonld"",""product_detail_dom""]","{""variant_id"":""observed"",""variant_label"":""unavailable"",""listing_id"":""observed"",""inventory_key"":""observed"",""stock_quantity"":""observed"",""stock_quantity_source"":""observed"",""stock_quantity_kind"":""observed"",""stock_observed_at"":""observed"",""max_sale_limit"":""observed"",""seller_count"":""observed"",""seller_count_observed"":""observed"",""seller_count_kind"":""observed"",""sellers"":""observed"",""variants"":""observed"",""favorite_count"":""observed"",""inventory_decrease"":""unavailable"",""sales_estimate_daily"":""unavailable"",""sales_estimate_weekly"":""unavailable"",""sales_estimate_monthly"":""unavailable"",""sales_estimate_status"":""unavailable"",""sales_estimate_hours"":""unavailable"",""sales_estimate_source"":""unavailable"",""title"":""observed"",""brand"":""observed"",""seller_name"":""observed"",""seller_score"":""observed"",""price"":""observed"",""original_price"":""unavailable"",""campaigns"":""observed"",""stock_status"":""observed"",""stock_signal"":""unavailable"",""rating"":""observed"",""rating_count"":""observed"",""review_count"":""observed"",""question_count"":""unavailable"",""delivery_summary"":""observed"",""shipping_cost"":""observed"",""properties"":""observed""}",true,
1394591799,,7d4f6306e6fdcd3e466ea976752d9c8a,986700082:190134:1394591799:7d4f6306e6fdcd3e466ea976752d9c8a,20000,merchantListing.winnerVariant.quantity,reported,2026-09-08T10:37:06.717Z,5,1,1,reported_total,"[{""merchant_id"":""190134"",""name"":""AUTOFRESH"",""score"":9.5,""price"":49.9,""variant_id"":""1394591799"",""listing_id"":""7d4f6306e6fdcd3e466ea976752d9c8a"",""stock_quantity"":20000}]","[{""variant_id"":""1394591799"",""label"":null,""in_stock"":true,""stock_quantity"":20000,""selected"":true}]",49155,,,,,unchanged_stock,24.06,inventory_net_decrease,2026-09-08,2026-09-08T13:30:55+03:00,otomobil motosiklet,BEST_SELLER,arac-ici-aksesuar,araç içi aksesuar,58,2,78,78,,otomobil-motosiklet:arac-ici-aksesuar,58,-44,39,10,986700082,190134,986700082:190134,AutoFresh 2 ADET ARABA KOLTUK ARKASI KANCA ÇOK FONKSİYONLU TELEFON TUTUCU ARAÇ ÇANTA ASKISI,AutoFresh,Araç İçi Organizer,https://www.trendyol.com/autofresh/2-adet-araba-koltuk-arkasi-kanca-cok-fonksiyonlu-telefon-tutucu-arac-canta-askisi-p-986700082?boutiqueId=61&merchantId=190134,AUTOFRESH,9.5,49.9,61.58,19,0,TRY,"[""Kargo Bedava""]",InStock,,,,,,4.264591439688716,771,312,1,,,,,4999,TRY,0,,1,3,Tahmini Teslim:,En Çok Favorilenen 2. Ürün,https://cdn.dsmcdn.com/ty1000422/product/media/images/prod/PIM/20260803/11/112e72ee-d1fb-4057-9e3d-2a126e41c573/1_org_zoom.jpg,"{""Diğer Özellikler"":""1. KALİTE PLASTİK"",""Menşei"":""TR""}",20,5,refreshed,"[""daily_top""]",true,2026-09-08T10:37:06.718Z,0,"[""search_result_dom"",""product_detail_jsonld"",""product_detail_dom""]","{""variant_id"":""observed"",""variant_label"":""unavailable"",""listing_id"":""observed"",""inventory_key"":""observed"",""stock_quantity"":""observed"",""stock_quantity_source"":""observed"",""stock_quantity_kind"":""observed"",""stock_observed_at"":""observed"",""max_sale_limit"":""observed"",""seller_count"":""observed"",""seller_count_observed"":""observed"",""seller_count_kind"":""observed"",""sellers"":""observed"",""variants"":""observed"",""favorite_count"":""observed"",""inventory_decrease"":""unavailable"",""sales_estimate_daily"":""unavailable"",""sales_estimate_weekly"":""unavailable"",""sales_estimate_monthly"":""unavailable"",""sales_estimate_status"":""unavailable"",""sales_estimate_hours"":""unavailable"",""sales_estimate_source"":""unavailable"",""title"":""observed"",""brand"":""observed"",""seller_name"":""observed"",""seller_score"":""observed"",""price"":""observed"",""original_price"":""observed"",""campaigns"":""observed"",""stock_status"":""observed"",""stock_signal"":""unavailable"",""rating"":""observed"",""rating_count"":""observed"",""review_count"":""observed"",""question_count"":""unavailable"",""delivery_summary"":""observed"",""shipping_cost"":""observed"",""properties"":""observed""}",true,
1367791760,,559285f6db3208f8b50719eb1572cf7e,967000752:108498:1367791760:559285f6db3208f8b50719eb1572cf7e,1593,merchantListing.winnerVariant.quantity,reported,2026-09-08T10:37:06.862Z,10,2,2,reported_total,"[{""merchant_id"":""108498"",""name"":""Akıllıphone"",""score"":9.2,""price"":1199,""variant_id"":""1367791760"",""listing_id"":""559285f6db3208f8b50719eb1572cf7e"",""stock_quantity"":1593},{""merchant_id"":""801276"",""name"":""Areksphone"",""score"":9.2,""price"":2238.12,""variant_id"":""1367791760"",""listing_id"":""be8a7b55521a84cd18dd09a83fa707f3"",""stock_quantity"":19}]","[{""variant_id"":""1367791760"",""label"":null,""in_stock"":true,""stock_quantity"":1593,""selected"":true}]",14043,39,38.93,,,estimated,24.04,inventory_net_decrease,2026-09-08,2026-09-08T13:30:55+03:00,otomobil motosiklet,BEST_SELLER,arac-ici-aksesuar,araç içi aksesuar,59,2,79,79,7,otomobil-motosiklet:arac-ici-aksesuar,59,-32,21.5,8.5,967000752,108498,967000752:108498,Ally Powerjet Pro 20000pa Güçlü Portatif Tasinabilir Vakumlu Kablosuz Üflemeli Mini Araç Süpürgesi,Ally,Araç İçi Süpürge,https://www.trendyol.com/ally/powerjet-pro-20000pa-guclu-portatif-tasinabilir-vakumlu-kablosuz-uflemeli-mini-arac-supurgesi-p-967000752?boutiqueId=61&merchantId=108498,Akıllıphone,9.2,1199,,,0,TRY,"[""Kargo Bedava"",""Trendyol Plus'a Özel""]",InStock,,,,,,4.488801054018445,759,487,2,,,,,4999,TRY,0,,1,3,Tahmini Teslim:,En Çok Satan 7. Ürün,https://cdn.dsmcdn.com/ty1824/prod/QC_ENRICHMENT/20260213/11/02a8c14d-d94c-3266-a6ec-3b1c5ff6cf84/1_org_zoom.jpg,"{""Garanti Süresi"":""2 Yıl"",""Garanti Tipi"":""Resmi Distribütör Garantili"",""Menşei"":""CN"",""Tamir Edilebilirlik"":""Yetkili Servis ile Tamiri Gerekir."",""Özellik"":""Kablosuz""}",20,5,refreshed,"[""daily_top""]",true,2026-09-08T10:37:06.863Z,0,"[""search_result_dom"",""product_detail_jsonld"",""product_detail_dom""]","{""variant_id"":""observed"",""variant_label"":""unavailable"",""listing_id"":""observed"",""inventory_key"":""observed"",""stock_quantity"":""observed"",""stock_quantity_source"":""observed"",""stock_quantity_kind"":""observed"",""stock_observed_at"":""observed"",""max_sale_limit"":""observed"",""seller_count"":""observed"",""seller_count_observed"":""observed"",""seller_count_kind"":""observed"",""sellers"":""observed"",""variants"":""observed"",""favorite_count"":""observed"",""inventory_decrease"":""unavailable"",""sales_estimate_daily"":""unavailable"",""sales_estimate_weekly"":""unavailable"",""sales_estimate_monthly"":""unavailable"",""sales_estimate_status"":""unavailable"",""sales_estimate_hours"":""unavailable"",""sales_estimate_source"":""unavailable"",""title"":""observed"",""brand"":""observed"",""seller_name"":""observed"",""seller_score"":""observed"",""price"":""observed"",""original_price"":""unavailable"",""campaigns"":""observed"",""stock_status"":""observed"",""stock_signal"":""unavailable"",""rating"":""observed"",""rating_count"":""observed"",""review_count"":""observed"",""question_count"":""unavailable"",""delivery_summary"":""observed"",""shipping_cost"":""observed"",""properties"":""observed""}",true,
1671101001,,20ef80bd24259d47bb8d7f9f19ba0eb6,1190712325:1072750:1671101001:20ef80bd24259d47bb8d7f9f19ba0eb6,9450,merchantListing.winnerVariant.quantity,reported,2026-09-08T10:37:18.054Z,10,1,1,reported_total,"[{""merchant_id"":""1072750"",""name"":""7GO"",""score"":9.3,""price"":2537.79,""variant_id"":""1671101001"",""listing_id"":""20ef80bd24259d47bb8d7f9f19ba0eb6"",""stock_quantity"":9450}]","[{""variant_id"":""1671101001"",""label"":null,""in_stock"":true,""stock_quantity"":9450,""selected"":true}]",1234,41,40.92,,,estimated,24.04,inventory_net_decrease,2026-09-08,2026-09-08T13:30:55+03:00,otomobil motosiklet,BEST_SELLER,arac-ici-aksesuar,araç içi aksesuar,60,2,80,80,,otomobil-motosiklet:arac-ici-aksesuar,60,-25,10.6,19.4,1190712325,1072750,1190712325:1072750,"7GO 7GAB-04 25.000 Pa Şarjlı Araç Süpürgesi ve Hava Üfleme Makinesi – 90.000 RPM Fırçasız Motor, 2's",7GO,,https://www.trendyol.com/7go/7gab-04-25-000-pa-sarjli-arac-supurgesi-ve-hava-ufleme-makinesi-90-000-rpm-fircasiz-motor-2-s-p-1190712325?boutiqueId=61&merchantId=1072750,7GO,9.3,2537.79,,,-15.4,TRY,"[""Kargo Bedava""]",InStock,,,,,,4.954545454545454,22,20,2,,,,,,,0,,,,Tahmini Teslim:,,,{},0,,refreshed,"[""daily_top""]",true,2026-09-08T10:37:18.055Z,0,"[""search_result_dom"",""product_detail_jsonld"",""product_detail_dom""]","{""variant_id"":""observed"",""variant_label"":""unavailable"",""listing_id"":""observed"",""inventory_key"":""observed"",""stock_quantity"":""observed"",""stock_quantity_source"":""observed"",""stock_quantity_kind"":""observed"",""stock_observed_at"":""observed"",""max_sale_limit"":""observed"",""seller_count"":""observed"",""seller_count_observed"":""observed"",""seller_count_kind"":""observed"",""sellers"":""observed"",""variants"":""observed"",""favorite_count"":""observed"",""inventory_decrease"":""unavailable"",""sales_estimate_daily"":""unavailable"",""sales_estimate_weekly"":""unavailable"",""sales_estimate_monthly"":""unavailable"",""sales_estimate_status"":""unavailable"",""sales_estimate_hours"":""unavailable"",""sales_estimate_source"":""unavailable"",""title"":""observed"",""brand"":""observed"",""seller_name"":""observed"",""seller_score"":""observed"",""price"":""observed"",""original_price"":""unavailable"",""campaigns"":""observed"",""stock_status"":""observed"",""stock_signal"":""unavailable"",""rating"":""observed"",""rating_count"":""observed"",""review_count"":""observed"",""question_count"":""unavailable"",""delivery_summary"":""observed"",""shipping_cost"":""unavailable"",""properties"":""observed""}",true,
160845779,,37ad7ce99a54fa98843b47d2f5f9a3c2,96564079:190134:160845779:37ad7ce99a54fa98843b47d2f5f9a3c2,20000,merchantListing.winnerVariant.quantity,reported,2026-09-08T10:37:16.876Z,15,1,1,reported_total,"[{""merchant_id"":""190134"",""name"":""AUTOFRESH"",""score"":9.5,""price"":790,""variant_id"":""160845779"",""listing_id"":""37ad7ce99a54fa98843b47d2f5f9a3c2"",""stock_quantity"":20000}]","[{""variant_id"":""160845779"",""label"":null,""in_stock"":true,""stock_quantity"":20000,""selected"":true}]",165739,,,,,identity_changed_or_unknown,,inventory_net_decrease,2026-09-08,2026-09-08T13:30:55+03:00,otomobil motosiklet,BEST_SELLER,arac-ici-aksesuar,araç içi aksesuar,61,2,81,81,,otomobil-motosiklet:arac-ici-aksesuar,61,31,30.2,0,96564079,190134,96564079:190134,AutoFresh 12'li Efsane Set Araç Araba Yıkama Bakım Seti Fırsat Full Oto Bakım Temizlik Seti Kovalı,AutoFresh,Oto Bakım Seti,https://www.trendyol.com/autofresh/12-li-efsane-set-arac-araba-yikama-bakim-seti-firsat-full-oto-bakim-temizlik-seti-kovali-p-96564079?boutiqueId=61&merchantId=190134,AUTOFRESH,9.5,790,,,5.3,TRY,"[""Kargo Bedava"",""Trendyol Plus'a Özel""]",InStock,,,,,,4.417363237606554,12083,5941,-17,,,,,4999,TRY,0,,1,3,Tahmini Teslim:,En Çok Favorilenen 1. Ürün,https://cdn.dsmcdn.com/ty1000440/product/media/images/prod/PIM/20260823/13/92aebfc4-4d11-4844-8fd6-149f0dddaf25/1_org_zoom.jpg,"{""Menşei"":""TR"",""Ürün Güvenliği Bilgisi"":""Tehlikeli Değil"",""Paket İçeriği"":""12'li"",""Hacim"":""10 L""}",20,5,refreshed,"[""daily_top"",""hot_change""]",true,2026-09-08T10:37:16.877Z,0,"[""search_result_dom"",""product_detail_jsonld"",""product_detail_dom""]","{""variant_id"":""observed"",""variant_label"":""unavailable"",""listing_id"":""observed"",""inventory_key"":""observed"",""stock_quantity"":""observed"",""stock_quantity_source"":""observed"",""stock_quantity_kind"":""observed"",""stock_observed_at"":""observed"",""max_sale_limit"":""observed"",""seller_count"":""observed"",""seller_count_observed"":""observed"",""seller_count_kind"":""observed"",""sellers"":""observed"",""variants"":""observed"",""favorite_count"":""observed"",""inventory_decrease"":""unavailable"",""sales_estimate_daily"":""unavailable"",""sales_estimate_weekly"":""unavailable"",""sales_estimate_monthly"":""unavailable"",""sales_estimate_status"":""unavailable"",""sales_estimate_hours"":""unavailable"",""sales_estimate_source"":""unavailable"",""title"":""observed"",""brand"":""observed"",""seller_name"":""observed"",""seller_score"":""observed"",""price"":""observed"",""original_price"":""unavailable"",""campaigns"":""observed"",""stock_status"":""observed"",""stock_signal"":""unavailable"",""rating"":""observed"",""rating_count"":""observed"",""review_count"":""observed"",""question_count"":""unavailable"",""delivery_summary"":""observed"",""shipping_cost"":""observed"",""properties"":""observed""}",true,
1447773212,,fbbfccd0567cfa48ad4b129c46a8ccfc,1046237262:408727:1447773212:fbbfccd0567cfa48ad4b129c46a8ccfc,391,merchantListing.winnerVariant.quantity,reported,2026-09-08T10:37:17.297Z,10,1,1,reported_total,"[{""merchant_id"":""408727"",""name"":""WOTOBEUS"",""score"":8.7,""price"":123,""variant_id"":""1447773212"",""listing_id"":""fbbfccd0567cfa48ad4b129c46a8ccfc"",""stock_quantity"":391}]","[{""variant_id"":""1447773212"",""label"":null,""in_stock"":true,""stock_quantity"":391,""selected"":true}]",20245,14,13.96,,,estimated,24.06,inventory_net_decrease,2026-09-08,2026-09-08T13:30:55+03:00,otomobil motosiklet,BEST_SELLER,arac-ici-aksesuar,araç içi aksesuar,62,2,82,82,,otomobil-motosiklet:arac-ici-aksesuar,62,-53,18.9,11.1,1046237262,408727,1046237262:408727,ila bags İki Renk Silikon Vantuzlu Telefon Tutacağı – Telefon Arkası Silikon Vantuz Yapışkanlı Güçlü Tutuş,ila bags,,https://www.trendyol.com/ila-bags/iki-renk-silikon-vantuzlu-telefon-tutacagi-telefon-arkasi-silikon-vantuz-yapiskanli-guclu-tutus-p-1046237262?boutiqueId=61&merchantId=408727,WOTOBEUS,8.7,123,,,0,TRY,"[""Kargo Bedava"",""Trendyol Plus'a Özel""]",InStock,,,,,,4.2630560928433265,517,227,2,,,,,,,0,,,,Tahmini Teslim:,,,{},0,,refreshed,"[""daily_top""]",true,2026-09-08T10:37:17.298Z,0,"[""search_result_dom"",""product_detail_jsonld"",""product_detail_dom""]","{""variant_id"":""observed"",""variant_label"":""unavailable"",""listing_id"":""observed"",""inventory_key"":""observed"",""stock_quantity"":""observed"",""stock_quantity_source"":""observed"",""stock_quantity_kind"":""observed"",""stock_observed_at"":""observed"",""max_sale_limit"":""observed"",""seller_count"":""observed"",""seller_count_observed"":""observed"",""seller_count_kind"":""observed"",""sellers"":""observed"",""variants"":""observed"",""favorite_count"":""observed"",""inventory_decrease"":""unavailable"",""sales_estimate_daily"":""unavailable"",""sales_estimate_weekly"":""unavailable"",""sales_estimate_monthly"":""unavailable"",""sales_estimate_status"":""unavailable"",""sales_estimate_hours"":""unavailable"",""sales_estimate_source"":""unavailable"",""title"":""observed"",""brand"":""observed"",""seller_name"":""observed"",""seller_score"":""observed"",""price"":""observed"",""original_price"":""unavailable"",""campaigns"":""observed"",""stock_status"":""observed"",""stock_signal"":""unavailable"",""rating"":""observed"",""rating_count"":""observed"",""review_count"":""observed"",""question_count"":""unavailable"",""delivery_summary"":""observed"",""shipping_cost"":""unavailable"",""properties"":""observed""}",true,
1328563199,,63511b7be7fb49651f4be99593d7aea6,938862717:620946:1328563199:63511b7be7fb49651f4be99593d7aea6,625,merchantListing.winnerVariant.quantity,reported,2026-09-08T10:37:30.478Z,10,1,1,reported_total,"[{""merchant_id"":""620946"",""name"":""Banxtre"",""score"":8.9,""price"":24.9,""variant_id"":""1328563199"",""listing_id"":""63511b7be7fb49651f4be99593d7aea6"",""stock_quantity"":625}]","[{""variant_id"":""1328563199"",""label"":null,""in_stock"":true,""stock_quantity"":625,""selected"":true}]",4623,44,43.9,,,estimated,24.05,inventory_net_decrease,2026-09-08,2026-09-08T13:30:55+03:00,otomobil motosiklet,BEST_SELLER,arac-ici-aksesuar,araç içi aksesuar,63,2,83,83,,otomobil-motosiklet:arac-ici-aksesuar,63,-42,14.8,15.2,938862717,620946,938862717:620946,Banxtre Motor için Roll Yazılı Beyaz Renk Sticker Etiket (8CMx1CM),Banxtre,Arma Sticker & Fosfor Şerit,https://www.trendyol.com/banxtre/motor-icin-roll-yazili-beyaz-renk-sticker-etiket-8cmx1cm-p-938862717?boutiqueId=61&merchantId=620946,Banxtre,8.9,24.9,,,0,TRY,"[""Kargo Bedava""]",InStock,,,,,,4.175438596491228,114,70,0,,,,,4999,TRY,0,1,1,3,Tahmini Teslim:,,https://cdn.dsmcdn.com/ty1682/prod/QC/20250522/18/70e2361f-43de-3345-a924-187aae5c033a/1_org_zoom.jpg,"{""Renk"":""Beyaz"",""Menşei"":""TR"",""Özellik"":""Uzun"",""Tamir Edilebilirlik"":""Tamir Edilmez.""}",20,5,refreshed,"[""daily_top""]",true,2026-09-08T10:37:30.480Z,0,"[""search_result_dom"",""product_detail_jsonld"",""product_detail_dom""]","{""variant_id"":""observed"",""variant_label"":""unavailable"",""listing_id"":""observed"",""inventory_key"":""observed"",""stock_quantity"":""observed"",""stock_quantity_source"":""observed"",""stock_quantity_kind"":""observed"",""stock_observed_at"":""observed"",""max_sale_limit"":""observed"",""seller_count"":""observed"",""seller_count_observed"":""observed"",""seller_count_kind"":""observed"",""sellers"":""observed"",""variants"":""observed"",""favorite_count"":""observed"",""inventory_decrease"":""unavailable"",""sales_estimate_daily"":""unavailable"",""sales_estimate_weekly"":""unavailable"",""sales_estimate_monthly"":""unavailable"",""sales_estimate_status"":""unavailable"",""sales_estimate_hours"":""unavailable"",""sales_estimate_source"":""unavailable"",""title"":""observed"",""brand"":""observed"",""seller_name"":""observed"",""seller_score"":""observed"",""price"":""observed"",""original_price"":""unavailable"",""campaigns"":""observed"",""stock_status"":""observed"",""stock_signal"":""unavailable"",""rating"":""observed"",""rating_count"":""observed"",""review_count"":""observed"",""question_count"":""unavailable"",""delivery_summary"":""observed"",""shipping_cost"":""observed"",""properties"":""observed""}",true,
1190246259,,100a08a354e33c1facbef5529b05d82e,871445225:106994:1190246259:100a08a354e33c1facbef5529b05d82e,289,merchantListing.winnerVariant.quantity,reported,2026-09-08T10:37:31.720Z,10,2,2,reported_total,"[{""merchant_id"":""106994"",""name"":""Torima"",""score"":9.2,""price"":739.97,""variant_id"":""1190246259"",""listing_id"":""100a08a354e33c1facbef5529b05d82e"",""stock_quantity"":289},{""merchant_id"":""530598"",""name"":""SUNTECH"",""score"":9.1,""price"":1199,""variant_id"":""1190246259"",""listing_id"":""9bab461d7d2ef36b3785df60664f01e9"",""stock_quantity"":41}]","[{""variant_id"":""1190246259"",""label"":null,""in_stock"":true,""stock_quantity"":289,""selected"":true}]",19973,40,39.92,,,estimated,24.05,inventory_net_decrease,2026-09-08,2026-09-08T13:30:55+03:00,otomobil motosiklet,BEST_SELLER,arac-ici-aksesuar,araç içi aksesuar,64,2,84,84,,otomobil-motosiklet:arac-ici-aksesuar,64,-35,20.6,9.4,871445225,106994,871445225:106994,Torima Mini Şarjlı Araç Süpürgesi Çok Fonksiyonlu El Süpürgesi LT132 Siyah,Torima,Araç İçi Süpürge,https://www.trendyol.com/torima/mini-sarjli-arac-supurgesi-cok-fonksiyonlu-el-supurgesi-lt132-siyah-p-871445225?boutiqueId=61&merchantId=106994,Torima,9.2,739.97,,,0,TRY,"[""Kargo Bedava""]",InStock,,,,,,3.43048128342246,748,376,0,,,,,4999,TRY,0,,1,3,Tahmini Teslim:,,https://cdn.dsmcdn.com/ty1891/prod/QC_ENRICHMENT/20260612/19/af776e79-6459-3e47-a268-94010dfc555c/1_org_zoom.jpg,"{""Garanti Süresi"":""2 Yıl"",""Garanti Tipi"":""İthalatçı Garantili"",""Diğer Özellikler"":""Üfleme ve Çekme"",""Menşei"":""TR"",""Tamir Edilebilirlik"":""Tamir Edilebilir, Satıcı ile İletişime Geçiniz."",""Özellik"":""Şarjlı""}",20,5,refreshed,"[""daily_top""]",true,2026-09-08T10:37:31.722Z,0,"[""search_result_dom"",""product_detail_jsonld"",""product_detail_dom""]","{""variant_id"":""observed"",""variant_label"":""unavailable"",""listing_id"":""observed"",""inventory_key"":""observed"",""stock_quantity"":""observed"",""stock_quantity_source"":""observed"",""stock_quantity_kind"":""observed"",""stock_observed_at"":""observed"",""max_sale_limit"":""observed"",""seller_count"":""observed"",""seller_count_observed"":""observed"",""seller_count_kind"":""observed"",""sellers"":""observed"",""variants"":""observed"",""favorite_count"":""observed"",""inventory_decrease"":""unavailable"",""sales_estimate_daily"":""unavailable"",""sales_estimate_weekly"":""unavailable"",""sales_estimate_monthly"":""unavailable"",""sales_estimate_status"":""unavailable"",""sales_estimate_hours"":""unavailable"",""sales_estimate_source"":""unavailable"",""title"":""observed"",""brand"":""observed"",""seller_name"":""observed"",""seller_score"":""observed"",""price"":""observed"",""original_price"":""unavailable"",""campaigns"":""observed"",""stock_status"":""observed"",""stock_signal"":""unavailable"",""rating"":""observed"",""rating_count"":""observed"",""review_count"":""observed"",""question_count"":""unavailable"",""delivery_summary"":""observed"",""shipping_cost"":""observed"",""properties"":""observed""}",true,
495464631,,7f79e0baac76c3713841fe9f8d3d468f,310566813:346231:495464631:7f79e0baac76c3713841fe9f8d3d468f,1279,merchantListing.winnerVariant.quantity,reported,2026-09-08T10:37:31.862Z,10,1,1,reported_total,"[{""merchant_id"":""346231"",""name"":""Mimtec"",""score"":8.7,""price"":299.9,""variant_id"":""495464631"",""listing_id"":""7f79e0baac76c3713841fe9f8d3d468f"",""stock_quantity"":1279}]","[{""variant_id"":""495464631"",""label"":null,""in_stock"":true,""stock_quantity"":1279,""selected"":true}]",34980,35,34.92,,,estimated,24.05,inventory_net_decrease,2026-09-08,2026-09-08T13:30:55+03:00,otomobil motosiklet,BEST_SELLER,arac-ici-aksesuar,araç içi aksesuar,65,2,85,85,,otomobil-motosiklet:arac-ici-aksesuar,65,-40,50.6,4.4,310566813,346231,310566813:346231,mimtec Araç Içi Uzayan Ayarlanabilir Cam Ve Torpido Için Vantuzlu Telefon Tutucu,mimtec,Araç İçi Telefon Tutucular,https://www.trendyol.com/mimtec/arac-ici-uzayan-ayarlanabilir-cam-ve-torpido-icin-vantuzlu-telefon-tutucu-p-310566813?boutiqueId=61&merchantId=346231,Mimtec,8.7,299.9,399.9,25,0,TRY,"[""Kargo Bedava""]",InStock,,,,,,4.094827586206897,3016,1582,0,,,,,4999,TRY,0,1,1,3,Tahmini Teslim:,,https://cdn.dsmcdn.com/ty1484/product/media/images/prod/QC/20240816/08/81d254ea-f7f7-388c-b775-cd403f5b905b/1_org_zoom.jpg,"{""Telefon Tutucu Özellikleri"":""Akrobat"",""Renk"":""Siyah"",""Garanti Süresi"":""Belirtilmemiş"",""Türü"":""Vantuzlu"",""Materyal"":""Cam"",""Menşei"":""CN"",""Bakım Talimatları (Genel)"":""Ürünün kullanım ömrünü korumak için ürüne özel bakım talimatlarını takip ediniz.""}",20,5,refreshed,"[""daily_top""]",true,2026-09-08T10:37:31.863Z,0,"[""search_result_dom"",""product_detail_jsonld"",""product_detail_dom""]","{""variant_id"":""observed"",""variant_label"":""unavailable"",""listing_id"":""observed"",""inventory_key"":""observed"",""stock_quantity"":""observed"",""stock_quantity_source"":""observed"",""stock_quantity_kind"":""observed"",""stock_observed_at"":""observed"",""max_sale_limit"":""observed"",""seller_count"":""observed"",""seller_count_observed"":""observed"",""seller_count_kind"":""observed"",""sellers"":""observed"",""variants"":""observed"",""favorite_count"":""observed"",""inventory_decrease"":""unavailable"",""sales_estimate_daily"":""unavailable"",""sales_estimate_weekly"":""unavailable"",""sales_estimate_monthly"":""unavailable"",""sales_estimate_status"":""unavailable"",""sales_estimate_hours"":""unavailable"",""sales_estimate_source"":""unavailable"",""title"":""observed"",""brand"":""observed"",""seller_name"":""observed"",""seller_score"":""observed"",""price"":""observed"",""original_price"":""observed"",""campaigns"":""observed"",""stock_status"":""observed"",""stock_signal"":""unavailable"",""rating"":""observed"",""rating_count"":""observed"",""review_count"":""observed"",""question_count"":""unavailable"",""delivery_summary"":""observed"",""shipping_cost"":""observed"",""properties"":""observed""}",true,
1624972582,,c88dc7efa8292af52572516b5ee1a21c,1161153204:108627:1624972582:c88dc7efa8292af52572516b5ee1a21c,8781,merchantListing.winnerVariant.quantity,reported,2026-09-08T10:37:39.840Z,10,1,1,reported_total,"[{""merchant_id"":""108627"",""name"":""ByLizard"",""score"":9.4,""price"":899,""variant_id"":""1624972582"",""listing_id"":""c88dc7efa8292af52572516b5ee1a21c"",""stock_quantity"":8781}]","[{""variant_id"":""1624972582"",""label"":null,""in_stock"":true,""stock_quantity"":8781,""selected"":true}]",3759,40,39.92,,,estimated,24.05,inventory_net_decrease,2026-09-08,2026-09-08T13:30:55+03:00,otomobil motosiklet,BEST_SELLER,arac-ici-aksesuar,araç içi aksesuar,66,2,86,86,,otomobil-motosiklet:arac-ici-aksesuar,66,-29,12.5,17.5,1161153204,108627,1161153204:108627,Dust Araba Bagaj Çantası – 60x30x30cm Oto Bagaj Organizer Kapaklı Cırtlı Düzenleyici,Dust,Bagaj Düzenleyici,https://www.trendyol.com/dust/araba-bagaj-cantasi-60x30x30cm-oto-bagaj-organizer-kapakli-cirtli-duzenleyici-p-1161153204?boutiqueId=61&merchantId=108627,ByLizard,9.4,899,,,0,TRY,"[""Kargo Bedava""]",InStock,,,,,,4.209677419354839,62,36,0,,,,,4999,TRY,0,,1,2,Tahmini Teslim:,En Çok Ziyaret Edilen 2. Ürün,https://cdn.dsmcdn.com/ty1910/prod/QC_ENRICHMENT/20260630/09/9395faf9-66f3-32e4-818a-db64617ecc3c/1_org_zoom.jpg,"{""Araç Marka ve Model"":""Universal"",""Menşei"":""TR""}",20,5,refreshed,"[""daily_top""]",true,2026-09-08T10:37:39.842Z,0,"[""search_result_dom"",""product_detail_jsonld"",""product_detail_dom""]","{""variant_id"":""observed"",""variant_label"":""unavailable"",""listing_id"":""observed"",""inventory_key"":""observed"",""stock_quantity"":""observed"",""stock_quantity_source"":""observed"",""stock_quantity_kind"":""observed"",""stock_observed_at"":""observed"",""max_sale_limit"":""observed"",""seller_count"":""observed"",""seller_count_observed"":""observed"",""seller_count_kind"":""observed"",""sellers"":""observed"",""variants"":""observed"",""favorite_count"":""observed"",""inventory_decrease"":""unavailable"",""sales_estimate_daily"":""unavailable"",""sales_estimate_weekly"":""unavailable"",""sales_estimate_monthly"":""unavailable"",""sales_estimate_status"":""unavailable"",""sales_estimate_hours"":""unavailable"",""sales_estimate_source"":""unavailable"",""title"":""observed"",""brand"":""observed"",""seller_name"":""observed"",""seller_score"":""observed"",""price"":""observed"",""original_price"":""unavailable"",""campaigns"":""observed"",""stock_status"":""observed"",""stock_signal"":""unavailable"",""rating"":""observed"",""rating_count"":""observed"",""review_count"":""observed"",""question_count"":""unavailable"",""delivery_summary"":""observed"",""shipping_cost"":""observed"",""properties"":""observed""}",true,
1402373317,,34560272e9cb5244b10a0c5dfdae24e5,992123457:760933:1402373317:34560272e9cb5244b10a0c5dfdae24e5,19999,merchantListing.winnerVariant.quantity,reported,2026-09-08T10:37:41.465Z,10,1,1,reported_total,"[{""merchant_id"":""760933"",""name"":""PH PRENDİ HOME"",""score"":9.1,""price"":299,""variant_id"":""1402373317"",""listing_id"":""34560272e9cb5244b10a0c5dfdae24e5"",""stock_quantity"":19999}]","[{""variant_id"":""1402373317"",""label"":null,""in_stock"":true,""stock_quantity"":19999,""selected"":true}]",79968,,,,,restock_or_adjustment,24.05,inventory_net_decrease,2026-09-08,2026-09-08T13:30:55+03:00,otomobil motosiklet,BEST_SELLER,arac-ici-aksesuar,araç içi aksesuar,67,2,87,87,,otomobil-motosiklet:arac-ici-aksesuar,67,-26,24.1,5.9,992123457,760933,992123457:760933,PH Prendi Home Araba Bagaj Çantası Antrasit – Oto Bagaj Organizer Kapaklı Cırtlı Düzenleyici 50x25x15,PH Prendi Home,Bagaj Düzenleyici,https://www.trendyol.com/ph-prendi-home/araba-bagaj-cantasi-antrasit-oto-bagaj-organizer-kapakli-cirtli-duzenleyici-50x25x15-p-992123457?boutiqueId=61&merchantId=760933,PH PRENDİ HOME,9.1,299,,,0,TRY,"[""Kargo Bedava""]",InStock,,,,,,4.229828850855745,2454,1040,2,,,,,4999,TRY,0,1,1,3,Tahmini Teslim:,En Çok Favorilenen 1. Ürün,https://cdn.dsmcdn.com/ty1917/prod/QC_ENRICHMENT/20260716/08/77d1939b-b046-3a60-a65a-922c0ef11325/1_org_zoom.jpg,"{""Araç Marka ve Model"":""Universal"",""Menşei"":""TR""}",20,5,refreshed,"[""daily_top""]",true,2026-09-08T10:37:41.466Z,0,"[""search_result_dom"",""product_detail_jsonld"",""product_detail_dom""]","{""variant_id"":""observed"",""variant_label"":""unavailable"",""listing_id"":""observed"",""inventory_key"":""observed"",""stock_quantity"":""observed"",""stock_quantity_source"":""observed"",""stock_quantity_kind"":""observed"",""stock_observed_at"":""observed"",""max_sale_limit"":""observed"",""seller_count"":""observed"",""seller_count_observed"":""observed"",""seller_count_kind"":""observed"",""sellers"":""observed"",""variants"":""observed"",""favorite_count"":""observed"",""inventory_decrease"":""unavailable"",""sales_estimate_daily"":""unavailable"",""sales_estimate_weekly"":""unavailable"",""sales_estimate_monthly"":""unavailable"",""sales_estimate_status"":""unavailable"",""sales_estimate_hours"":""unavailable"",""sales_estimate_source"":""unavailable"",""title"":""observed"",""brand"":""observed"",""seller_name"":""observed"",""seller_score"":""observed"",""price"":""observed"",""original_price"":""unavailable"",""campaigns"":""observed"",""stock_status"":""observed"",""stock_signal"":""unavailable"",""rating"":""observed"",""rating_count"":""observed"",""review_count"":""observed"",""question_count"":""unavailable"",""delivery_summary"":""observed"",""shipping_cost"":""observed"",""properties"":""observed""}",true,
1628492606,,26697c188ae1f8d565c4648b011073f5,1163313536:761715:1628492606:26697c188ae1f8d565c4648b011073f5,1851,merchantListing.winnerVariant.quantity,reported,2026-09-08T10:37:41.673Z,1,1,1,reported_total,"[{""merchant_id"":""761715"",""name"":""Coofbe"",""score"":9.2,""price"":918.56,""variant_id"":""1628492606"",""listing_id"":""26697c188ae1f8d565c4648b011073f5"",""stock_quantity"":1851}]","[{""variant_id"":""1628492606"",""label"":null,""in_stock"":true,""stock_quantity"":1851,""selected"":true}]",677,47,46.95,,,estimated,24.03,inventory_net_decrease,2026-09-08,2026-09-08T13:30:55+03:00,otomobil motosiklet,BEST_SELLER,arac-ici-aksesuar,araç içi aksesuar,68,2,88,88,1,otomobil-motosiklet:arac-ici-aksesuar,68,26,5.6,24.4,1163313536,761715,1163313536:761715,coofbe Premıum 4in1 Araç Kol Dayama Araç Bardaklık Peçetelik 2 Yan Cüzdanlı Araç İçi Organizer Kol D,coofbe,Kolçak,https://www.trendyol.com/coofbe/premium-4in1-arac-kol-dayama-arac-bardaklik-pecetelik-2-yan-cuzdanli-arac-ici-organizer-kol-d-p-1163313536?boutiqueId=61&merchantId=761715,Coofbe,9.2,918.56,,,7,TRY,"[""Kargo Bedava""]",InStock,,,,,,3.857142857142857,7,4,1,,,,,4999,TRY,0,,1,3,Tahmini Teslim:,En Çok Satan 1. Ürün,https://cdn.dsmcdn.com/ty1920/prod/QC_PREP/20260701/10/31a85ff9-8b9b-369a-84d3-ed2a1cee60bc/1_org_zoom.jpg,"{""Araç Marka ve Model"":""Universal"",""Menşei"":""CN""}",5,3.6,refreshed,"[""daily_top"",""hot_change""]",true,2026-09-08T10:37:41.674Z,0,"[""search_result_dom"",""product_detail_jsonld"",""product_detail_dom""]","{""variant_id"":""observed"",""variant_label"":""unavailable"",""listing_id"":""observed"",""inventory_key"":""observed"",""stock_quantity"":""observed"",""stock_quantity_source"":""observed"",""stock_quantity_kind"":""observed"",""stock_observed_at"":""observed"",""max_sale_limit"":""observed"",""seller_count"":""observed"",""seller_count_observed"":""observed"",""seller_count_kind"":""observed"",""sellers"":""observed"",""variants"":""observed"",""favorite_count"":""observed"",""inventory_decrease"":""unavailable"",""sales_estimate_daily"":""unavailable"",""sales_estimate_weekly"":""unavailable"",""sales_estimate_monthly"":""unavailable"",""sales_estimate_status"":""unavailable"",""sales_estimate_hours"":""unavailable"",""sales_estimate_source"":""unavailable"",""title"":""observed"",""brand"":""observed"",""seller_name"":""observed"",""seller_score"":""observed"",""price"":""observed"",""original_price"":""unavailable"",""campaigns"":""observed"",""stock_status"":""observed"",""stock_signal"":""unavailable"",""rating"":""observed"",""rating_count"":""observed"",""review_count"":""observed"",""question_count"":""unavailable"",""delivery_summary"":""observed"",""shipping_cost"":""observed"",""properties"":""observed""}",true,
1351938552,,4f2a02b6755cd78823f26e6b5471cb81,955288272:1072750:1351938552:4f2a02b6755cd78823f26e6b5471cb81,73,merchantListing.winnerVariant.quantity,reported,2026-09-08T10:37:50.804Z,3,1,1,reported_total,"[{""merchant_id"":""1072750"",""name"":""7GO"",""score"":9.3,""price"":1599,""variant_id"":""1351938552"",""listing_id"":""4f2a02b6755cd78823f26e6b5471cb81"",""stock_quantity"":73}]","[{""variant_id"":""1351938552"",""label"":null,""in_stock"":true,""stock_quantity"":73,""selected"":true}]",140641,,,,,observation_gap,,inventory_net_decrease,2026-09-08,2026-09-08T13:30:55+03:00,otomobil motosiklet,BEST_SELLER,arac-ici-aksesuar,araç içi aksesuar,69,2,89,89,,otomobil-motosiklet:arac-ici-aksesuar,69,,30,0,955288272,1072750,955288272:1072750,auhma AHV-02 Kablosuz Araç İçi Süpürge Mor | 21000PA Güçlü Vakum | Fırçasız Motor | Üfleme & Vakum Ö,auhma,Araç İçi Süpürge,https://www.trendyol.com/auhma/ahv-02-kablosuz-arac-ici-supurge-mor-21000pa-guclu-vakum-fircasiz-motor-ufleme-vakum-o-p-955288272?boutiqueId=61&merchantId=1072750,7GO,9.3,1599,,,21.2,TRY,"[""Kargo Bedava""]",InStock,,,,,,4.427519151443725,10182,5637,11,,,,,4999,TRY,0,1,1,3,Tahmini Teslim:,En Çok Favorilenen 1. Ürün,https://cdn.dsmcdn.com/ty1000417/product/media/images/prod/PIM/20260713/07/6f4b0de7-866f-4177-95a6-24894390e407/1_org_zoom.jpg,"{""Garanti Süresi"":""2 Yıl"",""Garanti Tipi"":""İthalatçı Garantili"",""Menşei"":""CN"",""Özellik"":""Kablosuz"",""Renk"":""Gri"",""Vakum Emiş Gücü"":""21000 PA"",""Güç (Watt)"":""0 - 250 Watt"",""Ses Seviyesi"":""41 Dba - 50 Dba"",""Şarj Süresi"":""2 - 3 Saat"",""Ürün Tipi"":""Şarjlı""}",20,5,refreshed,"[""daily_top""]",true,2026-09-08T10:37:50.806Z,0,"[""search_result_dom"",""product_detail_jsonld"",""product_detail_dom""]","{""variant_id"":""observed"",""variant_label"":""unavailable"",""listing_id"":""observed"",""inventory_key"":""observed"",""stock_quantity"":""observed"",""stock_quantity_source"":""observed"",""stock_quantity_kind"":""observed"",""stock_observed_at"":""observed"",""max_sale_limit"":""observed"",""seller_count"":""observed"",""seller_count_observed"":""observed"",""seller_count_kind"":""observed"",""sellers"":""observed"",""variants"":""observed"",""favorite_count"":""observed"",""inventory_decrease"":""unavailable"",""sales_estimate_daily"":""unavailable"",""sales_estimate_weekly"":""unavailable"",""sales_estimate_monthly"":""unavailable"",""sales_estimate_status"":""unavailable"",""sales_estimate_hours"":""unavailable"",""sales_estimate_source"":""unavailable"",""title"":""observed"",""brand"":""observed"",""seller_name"":""observed"",""seller_score"":""observed"",""price"":""observed"",""original_price"":""unavailable"",""campaigns"":""observed"",""stock_status"":""observed"",""stock_signal"":""unavailable"",""rating"":""observed"",""rating_count"":""observed"",""review_count"":""observed"",""question_count"":""unavailable"",""delivery_summary"":""observed"",""shipping_cost"":""observed"",""properties"":""observed""}",true,
1079414216,,ef5b47dcb0e058e9bdc25676cc9c7d8f,810080327:1247474:1079414216:ef5b47dcb0e058e9bdc25676cc9c7d8f,1868,merchantListing.winnerVariant.quantity,reported,2026-09-08T10:37:51.279Z,10,2,2,reported_total,"[{""merchant_id"":""1247474"",""name"":""CanDerel Plus"",""score"":8.4,""price"":149,""variant_id"":""1079414216"",""listing_id"":""ef5b47dcb0e058e9bdc25676cc9c7d8f"",""stock_quantity"":1868},{""merchant_id"":""124641"",""name"":""Mavi Teknoloji"",""score"":8.3,""price"":199,""variant_id"":""1079414216"",""listing_id"":""6907bcb9adbe0a3c2cfccd8ef364fff3"",""stock_quantity"":997}]","[{""variant_id"":""1079414216"",""label"":null,""in_stock"":true,""stock_quantity"":1868,""selected"":true}]",49474,,,,,identity_changed_or_unknown,,inventory_net_decrease,2026-09-08,2026-09-08T13:30:55+03:00,otomobil motosiklet,BEST_SELLER,arac-ici-aksesuar,araç içi aksesuar,70,2,90,90,,otomobil-motosiklet:arac-ici-aksesuar,70,-48,28.7,1.3,810080327,1247474,810080327:1247474,TeknoClass Masa Üstü Tablet Ve Telefon Tutucu Stand 2 Kademeli Uzunluk Ayarlı,TeknoClass,Araç İçi Telefon Tutucular,https://www.trendyol.com/teknoclass/masa-ustu-tablet-ve-telefon-tutucu-stand-2-kademeli-uzunluk-ayarli-p-810080327?boutiqueId=61&merchantId=1247474,CanDerel Plus,8.4,149,,,0,TRY,"[""Kargo Bedava""]",InStock,,,,,,3.9538870824711796,6766,3853,-3,,,,,4999,TRY,0,1,1,3,Tahmini Teslim:,,https://cdn.dsmcdn.com/ty1189/product/media/images/prod/SPM/PIM/20240229/17/1040493b-1d38-33d6-889f-1ee638f55651/1_org_zoom.jpg,"{""Telefon Tutucu Özellikleri"":""Akrobat"",""Renk"":""Beyaz"",""Garanti Süresi"":""Belirtilmemiş"",""Türü"":""Torpido Üstü"",""Menşei"":""TR"",""Bakım Talimatları (Genel)"":""Ürünün kullanım ömrünü korumak için ürüne özel bakım talimatlarını takip ediniz.""}",20,5,refreshed,"[""daily_top""]",true,2026-09-08T10:37:51.279Z,0,"[""search_result_dom"",""product_detail_jsonld"",""product_detail_dom""]","{""variant_id"":""observed"",""variant_label"":""unavailable"",""listing_id"":""observed"",""inventory_key"":""observed"",""stock_quantity"":""observed"",""stock_quantity_source"":""observed"",""stock_quantity_kind"":""observed"",""stock_observed_at"":""observed"",""max_sale_limit"":""observed"",""seller_count"":""observed"",""seller_count_observed"":""observed"",""seller_count_kind"":""observed"",""sellers"":""observed"",""variants"":""observed"",""favorite_count"":""observed"",""inventory_decrease"":""unavailable"",""sales_estimate_daily"":""unavailable"",""sales_estimate_weekly"":""unavailable"",""sales_estimate_monthly"":""unavailable"",""sales_estimate_status"":""unavailable"",""sales_estimate_hours"":""unavailable"",""sales_estimate_source"":""unavailable"",""title"":""observed"",""brand"":""observed"",""seller_name"":""observed"",""seller_score"":""observed"",""price"":""observed"",""original_price"":""unavailable"",""campaigns"":""observed"",""stock_status"":""observed"",""stock_signal"":""unavailable"",""rating"":""observed"",""rating_count"":""observed"",""review_count"":""observed"",""question_count"":""unavailable"",""delivery_summary"":""observed"",""shipping_cost"":""observed"",""properties"":""observed""}",true,
1385114009,,70c3cd8985f9cbb6954e33f04a3d903f,979910996:267809:1385114009:70c3cd8985f9cbb6954e33f04a3d903f,326,merchantListing.winnerVariant.quantity,reported,2026-09-08T10:37:51.188Z,10,1,1,reported_total,"[{""merchant_id"":""267809"",""name"":""klovi"",""score"":9.4,""price"":659.9,""variant_id"":""1385114009"",""listing_id"":""70c3cd8985f9cbb6954e33f04a3d903f"",""stock_quantity"":326}]","[{""variant_id"":""1385114009"",""label"":null,""in_stock"":true,""stock_quantity"":326,""selected"":true}]",41040,26,25.95,,,estimated,24.05,inventory_net_decrease,2026-09-08,2026-09-08T13:30:55+03:00,otomobil motosiklet,BEST_SELLER,arac-ici-aksesuar,araç içi aksesuar,71,2,91,91,1,otomobil-motosiklet:arac-ici-aksesuar,71,-23,18.7,11.3,979910996,267809,979910996:267809,klovi İthal Çiçekli Araç İçi Telefon Tutucu,klovi,Torpido Telefon Sabitleyici,https://www.trendyol.com/klovi/ithal-cicekli-arac-ici-telefon-tutucu-p-979910996?boutiqueId=61&merchantId=267809,klovi,9.4,659.9,,,0,TRY,"[""Kargo Bedava""]",InStock,,,,,,4.373595505617978,356,214,2,,,,,4999,TRY,0,1,1,3,Tahmini Teslim:,En Çok Satan 1. Ürün,https://cdn.dsmcdn.com/ty1757/prod/QC_ENRICHMENT/20250918/19/85bb1e79-fb0e-33e9-aa42-d59289d25e57/1_org_zoom.jpg,"{""Renk"":""Siyah"",""Ürün Tipi"":""Akrobat"",""Materyal"":""Plastik""}",20,5,refreshed,"[""daily_top""]",true,2026-09-08T10:37:51.189Z,0,"[""search_result_dom"",""product_detail_jsonld"",""product_detail_dom""]","{""variant_id"":""observed"",""variant_label"":""unavailable"",""listing_id"":""observed"",""inventory_key"":""observed"",""stock_quantity"":""observed"",""stock_quantity_source"":""observed"",""stock_quantity_kind"":""observed"",""stock_observed_at"":""observed"",""max_sale_limit"":""observed"",""seller_count"":""observed"",""seller_count_observed"":""observed"",""seller_count_kind"":""observed"",""sellers"":""observed"",""variants"":""observed"",""favorite_count"":""observed"",""inventory_decrease"":""unavailable"",""sales_estimate_daily"":""unavailable"",""sales_estimate_weekly"":""unavailable"",""sales_estimate_monthly"":""unavailable"",""sales_estimate_status"":""unavailable"",""sales_estimate_hours"":""unavailable"",""sales_estimate_source"":""unavailable"",""title"":""observed"",""brand"":""observed"",""seller_name"":""observed"",""seller_score"":""observed"",""price"":""observed"",""original_price"":""unavailable"",""campaigns"":""observed"",""stock_status"":""observed"",""stock_signal"":""unavailable"",""rating"":""observed"",""rating_count"":""observed"",""review_count"":""observed"",""question_count"":""unavailable"",""delivery_summary"":""observed"",""shipping_cost"":""observed"",""properties"":""observed""}",true,
1491771092,,8584c41f11a5d7d1d7d321d9be37328f,1079558872:110546:1491771092:8584c41f11a5d7d1d7d321d9be37328f,7449,merchantListing.winnerVariant.quantity,reported,2026-09-08T10:38:05.435Z,10,1,1,reported_total,"[{""merchant_id"":""110546"",""name"":""Fibaks"",""score"":9.6,""price"":199.99,""variant_id"":""1491771092"",""listing_id"":""8584c41f11a5d7d1d7d321d9be37328f"",""stock_quantity"":7449}]","[{""variant_id"":""1491771092"",""label"":null,""in_stock"":true,""stock_quantity"":7449,""selected"":true}]",3260,7,6.98,,,estimated,24.06,inventory_net_decrease,2026-09-08,2026-09-08T13:30:55+03:00,otomobil motosiklet,BEST_SELLER,arac-ici-aksesuar,araç içi aksesuar,72,2,92,92,11,otomobil-motosiklet:arac-ici-aksesuar,72,-40,15.8,14.2,1079558872,110546,1079558872:110546,Fibaks MagSafe Uyumlu Yapışkanlı Metal Halka 3'lü Paket Tüm Telefonlar Kılıflar İçin Güçlü Manyetik Adaptör,Fibaks,,https://www.trendyol.com/fibaks/magsafe-uyumlu-yapiskanli-metal-halka-3-lu-paket-tum-telefonlar-kiliflar-icin-guclu-manyetik-adaptor-p-1079558872?boutiqueId=61&merchantId=110546,Fibaks,9.6,199.99,,,0,TRY,"[""Kargo Bedava""]",InStock,,,,,,4.3768115942028984,207,94,2,,,,,,,0,,,,Tahmini Teslim:,,,{},0,,refreshed,"[""daily_top""]",true,2026-09-08T10:38:05.437Z,0,"[""search_result_dom"",""product_detail_jsonld"",""product_detail_dom""]","{""variant_id"":""observed"",""variant_label"":""unavailable"",""listing_id"":""observed"",""inventory_key"":""observed"",""stock_quantity"":""observed"",""stock_quantity_source"":""observed"",""stock_quantity_kind"":""observed"",""stock_observed_at"":""observed"",""max_sale_limit"":""observed"",""seller_count"":""observed"",""seller_count_observed"":""observed"",""seller_count_kind"":""observed"",""sellers"":""observed"",""variants"":""observed"",""favorite_count"":""observed"",""inventory_decrease"":""unavailable"",""sales_estimate_daily"":""unavailable"",""sales_estimate_weekly"":""unavailable"",""sales_estimate_monthly"":""unavailable"",""sales_estimate_status"":""unavailable"",""sales_estimate_hours"":""unavailable"",""sales_estimate_source"":""unavailable"",""title"":""observed"",""brand"":""observed"",""seller_name"":""observed"",""seller_score"":""observed"",""price"":""observed"",""original_price"":""unavailable"",""campaigns"":""observed"",""stock_status"":""observed"",""stock_signal"":""unavailable"",""rating"":""observed"",""rating_count"":""observed"",""review_count"":""observed"",""question_count"":""unavailable"",""delivery_summary"":""observed"",""shipping_cost"":""unavailable"",""properties"":""observed""}",true,
1583667717,,0e3edc263d042a904f444214ba28715e,1133557870:1273648:1583667717:0e3edc263d042a904f444214ba28715e,397,merchantListing.winnerVariant.quantity,reported,2026-09-08T10:38:06.126Z,20,2,2,reported_total,"[{""merchant_id"":""1273648"",""name"":""Sefen"",""score"":9.3,""price"":189,""variant_id"":""1583667717"",""listing_id"":""0e3edc263d042a904f444214ba28715e"",""stock_quantity"":397},{""merchant_id"":""1003631"",""name"":""BEVATİR"",""score"":9.3,""price"":183,""variant_id"":""1583667717"",""listing_id"":""cba9f337c4c794035e890381ed3048a1"",""stock_quantity"":112}]","[{""variant_id"":""1583667717"",""label"":null,""in_stock"":true,""stock_quantity"":397,""selected"":true}]",10668,15,14.96,,,estimated,24.06,inventory_net_decrease,2026-09-08,2026-09-08T13:30:55+03:00,otomobil motosiklet,BEST_SELLER,arac-ici-aksesuar,araç içi aksesuar,73,2,93,93,,otomobil-motosiklet:arac-ici-aksesuar,73,-42,12.7,17.3,1133557870,1273648,1133557870:1273648,BEVATİR Civciv Figürlü Araç Klima Aksesuarı-Koku Hazneli-Torpido Aksesuar,BEVATİR,Torpido Aksesuar,https://www.trendyol.com/bevatir/civciv-figurlu-arac-klima-aksesuari-koku-hazneli-torpido-aksesuar-p-1133557870?boutiqueId=61&merchantId=1273648,Sefen,9.3,189,,,0,TRY,"[""10 TL Kupon"",""Kargo Bedava"",""Trendyol Plus'a Özel""]",InStock,,,,,,4.548387096774194,93,38,1,,,,,4999,TRY,0,1,1,3,Tahmini Teslim:,,https://cdn.dsmcdn.com/ty1856/prod/QC_PREP/20260415/10/fd988d9c-3215-3f45-8555-a4eaa21af9d9/1_org_zoom.jpg,"{""Menşei"":""TR""}",20,5,refreshed,"[""daily_top""]",true,2026-09-08T10:38:06.126Z,0,"[""search_result_dom"",""product_detail_jsonld"",""product_detail_dom""]","{""variant_id"":""observed"",""variant_label"":""unavailable"",""listing_id"":""observed"",""inventory_key"":""observed"",""stock_quantity"":""observed"",""stock_quantity_source"":""observed"",""stock_quantity_kind"":""observed"",""stock_observed_at"":""observed"",""max_sale_limit"":""observed"",""seller_count"":""observed"",""seller_count_observed"":""observed"",""seller_count_kind"":""observed"",""sellers"":""observed"",""variants"":""observed"",""favorite_count"":""observed"",""inventory_decrease"":""unavailable"",""sales_estimate_daily"":""unavailable"",""sales_estimate_weekly"":""unavailable"",""sales_estimate_monthly"":""unavailable"",""sales_estimate_status"":""unavailable"",""sales_estimate_hours"":""unavailable"",""sales_estimate_source"":""unavailable"",""title"":""observed"",""brand"":""observed"",""seller_name"":""observed"",""seller_score"":""observed"",""price"":""observed"",""original_price"":""unavailable"",""campaigns"":""observed"",""stock_status"":""observed"",""stock_signal"":""unavailable"",""rating"":""observed"",""rating_count"":""observed"",""review_count"":""observed"",""question_count"":""unavailable"",""delivery_summary"":""observed"",""shipping_cost"":""observed"",""properties"":""observed""}",true,
1051802107,,117076f76397057f271d5bc0a6ba67b3,792283874:386081:1051802107:117076f76397057f271d5bc0a6ba67b3,12186,merchantListing.winnerVariant.quantity,reported,2026-09-08T10:38:06.054Z,20,17,17,reported_total,"[{""merchant_id"":""386081"",""name"":""CHN GROUP"",""score"":9.3,""price"":115,""variant_id"":""1051802107"",""listing_id"":""117076f76397057f271d5bc0a6ba67b3"",""stock_quantity"":12186},{""merchant_id"":""1165413"",""name"":""CAZYY SHOP DESING"",""score"":8.9,""price"":115,""variant_id"":""1051802107"",""listing_id"":""20b1cccd2f75e26265d9a5292e3dd62e"",""stock_quantity"":1470},{""merchant_id"":""1246526"",""name"":""Exonix STORE"",""score"":8.4,""price"":132,""variant_id"":""1051802107"",""listing_id"":""93c7b31a9092b57a24d3bbcbbe25fe77"",""stock_quantity"":90},{""merchant_id"":""1227992"",""name"":""Teknolojik Garaj"",""score"":9.6,""price"":139,""variant_id"":""1051802107"",""listing_id"":""4e38650a9d43b4bbfb5dd39c2c0ade10"",""stock_quantity"":2},{""merchant_id"":""135817"",""name"":""Dmay"",""score"":9.2,""price"":144,""variant_id"":""1051802107"",""listing_id"":""a6e7581f400b4bce0b30cca5a18e1158"",""stock_quantity"":494},{""merchant_id"":""739958"",""name"":""CingözMarket CNGZSHOP"",""score"":8.4,""price"":145,""variant_id"":""1051802107"",""listing_id"":""3fb7f4880871334428497e140169afed"",""stock_quantity"":28},{""merchant_id"":""234289"",""name"":""MrsCargift"",""score"":9.4,""price"":150,""variant_id"":""1051802107"",""listing_id"":""d18fc069c9866a3ab4955782b990463b"",""stock_quantity"":4},{""merchant_id"":""1258312"",""name"":""Northern Star"",""score"":9.3,""price"":149.9,""variant_id"":""1051802107"",""listing_id"":""1758d40ca6c2c5dc2d56438cedde43cb"",""stock_quantity"":2000},{""merchant_id"":""1004792"",""name"":""Teknotik"",""score"":8.9,""price"":149,""variant_id"":""1051802107"",""listing_id"":""607c6a6c1322a612d279063a4e493305"",""stock_quantity"":2},{""merchant_id"":""668090"",""name"":""Mes Store"",""score"":9.6,""price"":159.9,""variant_id"":""1051802107"",""listing_id"":""254757f69cd3d607e7c3e8c56504742e"",""stock_quantity"":1},{""merchant_id"":""512653"",""name"":""Safestore"",""score"":9.2,""price"":159.9,""variant_id"":""1051802107"",""listing_id"":""ecc291812cd5185f1cc8e5a8a7b987cc"",""stock_quantity"":99},{""merchant_id"":""576240"",""name"":""Darkeye"",""score"":9,""price"":175,""variant_id"":""1051802107"",""listing_id"":""d3fcbc3f3028676acb872ec95c78f4c5"",""stock_quantity"":6},{""merchant_id"":""1070653"",""name"":""ASSEV"",""score"":9.1,""price"":199,""variant_id"":""1051802107"",""listing_id"":""767103dfa6536a9c0d310aa38962ed69"",""stock_quantity"":48},{""merchant_id"":""1126238"",""name"":""Clewax Group"",""score"":9.3,""price"":199,""variant_id"":""1051802107"",""listing_id"":""5d1bc59dc81b1fb10a374436222e58e3"",""stock_quantity"":4991},{""merchant_id"":""618539"",""name"":""BUKET TEDARİK"",""score"":7.6,""price"":240,""variant_id"":""1051802107"",""listing_id"":""77f737f633868b15cbc8b991b38aace7"",""stock_quantity"":10},{""merchant_id"":""294149"",""name"":""Sanal Mağazanız"",""score"":9.2,""price"":299.99,""variant_id"":""1051802107"",""listing_id"":""825dd8a2671f4e29d5d8c831526a7df2"",""stock_quantity"":98},{""merchant_id"":""1045003"",""name"":""Aveo"",""score"":9.3,""price"":309,""variant_id"":""1051802107"",""listing_id"":""7988ec0c5da90ab0ac0e7215c3297e9d"",""stock_quantity"":97}]","[{""variant_id"":""1051802107"",""label"":null,""in_stock"":true,""stock_quantity"":12186,""selected"":true}]",5573,,,,,identity_changed_or_unknown,,inventory_net_decrease,2026-09-08,2026-09-08T13:30:55+03:00,otomobil motosiklet,BEST_SELLER,arac-ici-aksesuar,araç içi aksesuar,74,2,94,94,,otomobil-motosiklet:arac-ici-aksesuar,74,-7,22,8,792283874,386081,792283874:386081,Genel Markalar Alüminyum Kasa Çevirmeli Araç Içi Park Telefon Numaratör Parkmatik (SİYAH) Tüm Araçlara,Genel Markalar,Torpido Aksesuar,https://www.trendyol.com/genel-markalar/aluminyum-kasa-cevirmeli-arac-ici-park-telefon-numarator-parkmatik-siyah-tum-araclara-p-792283874?boutiqueId=61&merchantId=386081,CHN GROUP,9.3,115,,,55,TRY,"[""10 TL Kupon"",""Kargo Bedava""]",InStock,,,,,,4.09433962264151,1060,569,1,,,,,4999,TRY,0,1,1,3,Tahmini Teslim:,,https://cdn.dsmcdn.com/ty1814/prod/QC_ENRICHMENT/20260122/00/12d93272-65d4-3548-802e-92f4be2cc057/1_org_zoom.jpg,"{""Menşei"":""CN"",""Bakım Talimatları (Genel)"":""Nemli bir bezle silin.""}",20,5,refreshed,"[""daily_top""]",true,2026-09-08T10:38:06.055Z,0,"[""search_result_dom"",""product_detail_jsonld"",""product_detail_dom""]","{""variant_id"":""observed"",""variant_label"":""unavailable"",""listing_id"":""observed"",""inventory_key"":""observed"",""stock_quantity"":""observed"",""stock_quantity_source"":""observed"",""stock_quantity_kind"":""observed"",""stock_observed_at"":""observed"",""max_sale_limit"":""observed"",""seller_count"":""observed"",""seller_count_observed"":""observed"",""seller_count_kind"":""observed"",""sellers"":""observed"",""variants"":""observed"",""favorite_count"":""observed"",""inventory_decrease"":""unavailable"",""sales_estimate_daily"":""unavailable"",""sales_estimate_weekly"":""unavailable"",""sales_estimate_monthly"":""unavailable"",""sales_estimate_status"":""unavailable"",""sales_estimate_hours"":""unavailable"",""sales_estimate_source"":""unavailable"",""title"":""observed"",""brand"":""observed"",""seller_name"":""observed"",""seller_score"":""observed"",""price"":""observed"",""original_price"":""unavailable"",""campaigns"":""observed"",""stock_status"":""observed"",""stock_signal"":""unavailable"",""rating"":""observed"",""rating_count"":""observed"",""review_count"":""observed"",""question_count"":""unavailable"",""delivery_summary"":""observed"",""shipping_cost"":""observed"",""properties"":""observed""}",true,
1447033197,,ef3d609c9389deb33c6de0f2f85d496f,1045716825:117925:1447033197:ef3d609c9389deb33c6de0f2f85d496f,4340,merchantListing.winnerVariant.quantity,reported,2026-09-08T10:38:13.948Z,10,2,2,reported_total,"[{""merchant_id"":""117925"",""name"":""Teknoloji Gelsin"",""score"":9.2,""price"":1399,""variant_id"":""1447033197"",""listing_id"":""ef3d609c9389deb33c6de0f2f85d496f"",""stock_quantity"":4340},{""merchant_id"":""238241"",""name"":""İstoçÇarşı"",""score"":9,""price"":2999.99,""variant_id"":""1447033197"",""listing_id"":""2804896d5c5cdfd97df53a2ead29f8be"",""stock_quantity"":997}]","[{""variant_id"":""1447033197"",""label"":null,""in_stock"":true,""stock_quantity"":4340,""selected"":true}]",12853,21,20.95,,,estimated,24.06,inventory_net_decrease,2026-09-08,2026-09-08T13:30:55+03:00,otomobil motosiklet,BEST_SELLER,arac-ici-aksesuar,araç içi aksesuar,75,2,95,95,,otomobil-motosiklet:arac-ici-aksesuar,75,-32,20.5,9.5,1045716825,117925,1045716825:117925,Teknoloji Gelsin Işıklı Araç Süpürgesi Kablosuz 22.000 Pascal Çekim Gücü Vakum ve Üfleme 2in1 10Başlık Metal Filtreli,Teknoloji Gelsin,Araç İçi Süpürge,https://www.trendyol.com/teknoloji-gelsin/isikli-arac-supurgesi-kablosuz-22-000-pascal-cekim-gucu-vakum-ve-ufleme-2in1-10baslik-metal-filtreli-p-1045716825?boutiqueId=61&merchantId=117925,Teknoloji Gelsin,9.2,1399,,,10.6,TRY,"[""Kargo Bedava""]",InStock,,,,,,4.170953101361573,661,361,0,,,,,4999,TRY,0,,1,3,Tahmini Teslim:,,https://cdn.dsmcdn.com/ty1000385/product/media/images/prod/PIM/20260406/20/821196ee-0392-4145-9fc8-be0fe550234f/1_org_zoom.jpg,"{""Garanti Süresi"":""2 Yıl"",""Garanti Tipi"":""İthalatçı Garantili"",""Diğer Özellikler"":""22.000 Pascal Çekim Gücü"",""Menşei"":""CN"",""Tamir Edilebilirlik"":""Yetkili Servis ile Tamiri Gerekir."",""Özellik"":""Şarjlı""}",20,5,refreshed,"[""daily_top""]",true,2026-09-08T10:38:13.950Z,0,"[""search_result_dom"",""product_detail_jsonld"",""product_detail_dom""]","{""variant_id"":""observed"",""variant_label"":""unavailable"",""listing_id"":""observed"",""inventory_key"":""observed"",""stock_quantity"":""observed"",""stock_quantity_source"":""observed"",""stock_quantity_kind"":""observed"",""stock_observed_at"":""observed"",""max_sale_limit"":""observed"",""seller_count"":""observed"",""seller_count_observed"":""observed"",""seller_count_kind"":""observed"",""sellers"":""observed"",""variants"":""observed"",""favorite_count"":""observed"",""inventory_decrease"":""unavailable"",""sales_estimate_daily"":""unavailable"",""sales_estimate_weekly"":""unavailable"",""sales_estimate_monthly"":""unavailable"",""sales_estimate_status"":""unavailable"",""sales_estimate_hours"":""unavailable"",""sales_estimate_source"":""unavailable"",""title"":""observed"",""brand"":""observed"",""seller_name"":""observed"",""seller_score"":""observed"",""price"":""observed"",""original_price"":""unavailable"",""campaigns"":""observed"",""stock_status"":""observed"",""stock_signal"":""unavailable"",""rating"":""observed"",""rating_count"":""observed"",""review_count"":""observed"",""question_count"":""unavailable"",""delivery_summary"":""observed"",""shipping_cost"":""observed"",""properties"":""observed""}",true,
1431060361,,f2e675e15206acb9c3b7db6de30dc24f,1033430361:620946:1431060361:f2e675e15206acb9c3b7db6de30dc24f,16555,merchantListing.winnerVariant.quantity,reported,2026-09-08T10:38:15.337Z,10,1,1,reported_total,"[{""merchant_id"":""620946"",""name"":""Banxtre"",""score"":8.9,""price"":24.9,""variant_id"":""1431060361"",""listing_id"":""f2e675e15206acb9c3b7db6de30dc24f"",""stock_quantity"":16555}]","[{""variant_id"":""1431060361"",""label"":null,""in_stock"":true,""stock_quantity"":16555,""selected"":true}]",3647,37,36.92,,,estimated,24.05,inventory_net_decrease,2026-09-08,2026-09-08T13:30:55+03:00,otomobil motosiklet,BEST_SELLER,arac-ici-aksesuar,araç içi aksesuar,76,2,96,96,,otomobil-motosiklet:arac-ici-aksesuar,76,-19,12.5,17.5,1033430361,620946,1033430361:620946,Banxtre Motor için El Sueno Del Nino Sticker (Bir Çocuğun Rüyası) Sticker Etiket (15CMx2.5CM),Banxtre,,https://www.trendyol.com/banxtre/motor-icin-el-sueno-del-nino-sticker-bir-cocugun-ruyasi-sticker-etiket-15cmx2-5cm-p-1033430361?boutiqueId=61&merchantId=620946,Banxtre,8.9,24.9,,,0,TRY,"[""Kargo Bedava""]",InStock,,,,,,3.9529411764705884,85,35,0,,,,,,,0,,,,Tahmini Teslim:,,,{},0,,refreshed,"[""daily_top""]",true,2026-09-08T10:38:15.338Z,0,"[""search_result_dom"",""product_detail_jsonld"",""product_detail_dom""]","{""variant_id"":""observed"",""variant_label"":""unavailable"",""listing_id"":""observed"",""inventory_key"":""observed"",""stock_quantity"":""observed"",""stock_quantity_source"":""observed"",""stock_quantity_kind"":""observed"",""stock_observed_at"":""observed"",""max_sale_limit"":""observed"",""seller_count"":""observed"",""seller_count_observed"":""observed"",""seller_count_kind"":""observed"",""sellers"":""observed"",""variants"":""observed"",""favorite_count"":""observed"",""inventory_decrease"":""unavailable"",""sales_estimate_daily"":""unavailable"",""sales_estimate_weekly"":""unavailable"",""sales_estimate_monthly"":""unavailable"",""sales_estimate_status"":""unavailable"",""sales_estimate_hours"":""unavailable"",""sales_estimate_source"":""unavailable"",""title"":""observed"",""brand"":""observed"",""seller_name"":""observed"",""seller_score"":""observed"",""price"":""observed"",""original_price"":""unavailable"",""campaigns"":""observed"",""stock_status"":""observed"",""stock_signal"":""unavailable"",""rating"":""observed"",""rating_count"":""observed"",""review_count"":""observed"",""question_count"":""unavailable"",""delivery_summary"":""observed"",""shipping_cost"":""unavailable"",""properties"":""observed""}",true,
1306288285,,6547ea7bb53dff2e6e908a7677716523,924555151:597872:1306288285:6547ea7bb53dff2e6e908a7677716523,4805,merchantListing.winnerVariant.quantity,reported,2026-09-08T10:38:15.538Z,10,1,1,reported_total,"[{""merchant_id"":""597872"",""name"":""Balkan Ticaret"",""score"":8.9,""price"":740,""variant_id"":""1306288285"",""listing_id"":""6547ea7bb53dff2e6e908a7677716523"",""stock_quantity"":4805}]","[{""variant_id"":""1306288285"",""label"":null,""in_stock"":true,""stock_quantity"":4805,""selected"":true}]",3362,18,17.96,,,estimated,24.06,inventory_net_decrease,2026-09-08,2026-09-08T13:30:55+03:00,otomobil motosiklet,BEST_SELLER,arac-ici-aksesuar,araç içi aksesuar,77,2,97,97,1,otomobil-motosiklet:arac-ici-aksesuar,77,-41,18.1,11.9,924555151,597872,924555151:597872,"Balkan Ticaret 2Kg Yangın Tüpü Tozlu Yangın Tüpü - ev, araç ve iş yerleri için ideal",Balkan Ticaret,Yangın Söndürme Tüpü,https://www.trendyol.com/balkan-ticaret/2kg-yangin-tupu-tozlu-yangin-tupu-ev-arac-ve-is-yerleri-icin-ideal-p-924555151?boutiqueId=61&merchantId=597872,Balkan Ticaret,8.9,740,,,5.8,TRY,"[""Kargo Bedava""]",InStock,,,,,,4.317507418397626,337,182,0,,,,,4999,TRY,0,1,1,3,Tahmini Teslim:,En Çok Satan 1. Ürün,https://cdn.dsmcdn.com/ty1834/prod/QC_PREP/20260305/16/ea876d03-3379-36ff-a8e1-af5a755fda43/1_org_zoom.jpg,"{""Menşei"":""TR"",""Tamir Edilebilirlik"":""Yetkili Servis ile Tamiri Gerekir."",""Özellik"":""Katı""}",20,5,refreshed,"[""daily_top""]",true,2026-09-08T10:38:15.539Z,0,"[""search_result_dom"",""product_detail_jsonld"",""product_detail_dom""]","{""variant_id"":""observed"",""variant_label"":""unavailable"",""listing_id"":""observed"",""inventory_key"":""observed"",""stock_quantity"":""observed"",""stock_quantity_source"":""observed"",""stock_quantity_kind"":""observed"",""stock_observed_at"":""observed"",""max_sale_limit"":""observed"",""seller_count"":""observed"",""seller_count_observed"":""observed"",""seller_count_kind"":""observed"",""sellers"":""observed"",""variants"":""observed"",""favorite_count"":""observed"",""inventory_decrease"":""unavailable"",""sales_estimate_daily"":""unavailable"",""sales_estimate_weekly"":""unavailable"",""sales_estimate_monthly"":""unavailable"",""sales_estimate_status"":""unavailable"",""sales_estimate_hours"":""unavailable"",""sales_estimate_source"":""unavailable"",""title"":""observed"",""brand"":""observed"",""seller_name"":""observed"",""seller_score"":""observed"",""price"":""observed"",""original_price"":""unavailable"",""campaigns"":""observed"",""stock_status"":""observed"",""stock_signal"":""unavailable"",""rating"":""observed"",""rating_count"":""observed"",""review_count"":""observed"",""question_count"":""unavailable"",""delivery_summary"":""observed"",""shipping_cost"":""observed"",""properties"":""observed""}",true,
1240574549,,2b3da32849f0d5785a6eba0412d347f9,892994045:185368:1240574549:2b3da32849f0d5785a6eba0412d347f9,645,merchantListing.winnerVariant.quantity,reported,2026-09-08T10:38:23.315Z,10,1,1,reported_total,"[{""merchant_id"":""185368"",""name"":""MeyZone"",""score"":9.5,""price"":159.9,""variant_id"":""1240574549"",""listing_id"":""2b3da32849f0d5785a6eba0412d347f9"",""stock_quantity"":645}]","[{""variant_id"":""1240574549"",""label"":null,""in_stock"":true,""stock_quantity"":645,""selected"":true}]",7561,21,20.95,,,estimated,24.06,inventory_net_decrease,2026-09-08,2026-09-08T13:30:55+03:00,otomobil motosiklet,BEST_SELLER,arac-ici-aksesuar,araç içi aksesuar,78,2,98,98,5,otomobil-motosiklet:arac-ici-aksesuar,78,-39,18.8,11.2,892994045,185368,892994045:185368,MeyZone 3 Boy Cırtlı Bagaj Bandı Sabitleyici Ve Düzenleyici Bant Bagaj Lastiği Çantası Sabitleyici Organizer,MeyZone,Bagaj Düzenleyici,https://www.trendyol.com/meyzone/3-boy-cirtli-bagaj-bandi-sabitleyici-ve-duzenleyici-bant-bagaj-lastigi-cantasi-sabitleyici-organizer-p-892994045?boutiqueId=61&merchantId=185368,MeyZone,9.5,159.9,,,0,TRY,"[""Sepette %1 İndirim"",""Kargo Bedava""]",InStock,,,,,,4.122137404580153,524,223,0,,,,,4999,TRY,0,,1,3,Tahmini Teslim:,En Çok Satan 5. Ürün,https://cdn.dsmcdn.com/ty1628/prod/QC/20250119/05/9fb6a656-b410-35c2-a5c7-7c6375fdc06f/1_org_zoom.jpg,"{""Araç Marka ve Model"":""Universal"",""Menşei"":""TR""}",20,5,refreshed,"[""daily_top""]",true,2026-09-08T10:38:23.317Z,0,"[""search_result_dom"",""product_detail_jsonld"",""product_detail_dom""]","{""variant_id"":""observed"",""variant_label"":""unavailable"",""listing_id"":""observed"",""inventory_key"":""observed"",""stock_quantity"":""observed"",""stock_quantity_source"":""observed"",""stock_quantity_kind"":""observed"",""stock_observed_at"":""observed"",""max_sale_limit"":""observed"",""seller_count"":""observed"",""seller_count_observed"":""observed"",""seller_count_kind"":""observed"",""sellers"":""observed"",""variants"":""observed"",""favorite_count"":""observed"",""inventory_decrease"":""unavailable"",""sales_estimate_daily"":""unavailable"",""sales_estimate_weekly"":""unavailable"",""sales_estimate_monthly"":""unavailable"",""sales_estimate_status"":""unavailable"",""sales_estimate_hours"":""unavailable"",""sales_estimate_source"":""unavailable"",""title"":""observed"",""brand"":""observed"",""seller_name"":""observed"",""seller_score"":""observed"",""price"":""observed"",""original_price"":""unavailable"",""campaigns"":""observed"",""stock_status"":""observed"",""stock_signal"":""unavailable"",""rating"":""observed"",""rating_count"":""observed"",""review_count"":""observed"",""question_count"":""unavailable"",""delivery_summary"":""observed"",""shipping_cost"":""observed"",""properties"":""observed""}",true,
1487222329,,7947f97d3e558a5af15db06fd620864c,1076490695:867640:1487222329:7947f97d3e558a5af15db06fd620864c,294,merchantListing.winnerVariant.quantity,reported,2026-09-08T10:38:25.511Z,10,1,1,reported_total,"[{""merchant_id"":""867640"",""name"":""Modifiyum"",""score"":9.6,""price"":199,""variant_id"":""1487222329"",""listing_id"":""7947f97d3e558a5af15db06fd620864c"",""stock_quantity"":294}]","[{""variant_id"":""1487222329"",""label"":null,""in_stock"":true,""stock_quantity"":294,""selected"":true}]",14893,18,17.96,,,estimated,24.06,inventory_net_decrease,2026-09-08,2026-09-08T13:30:55+03:00,otomobil motosiklet,BEST_SELLER,arac-ici-aksesuar,araç içi aksesuar,79,2,99,99,1,otomobil-motosiklet:arac-ici-aksesuar,79,-29,17.4,12.6,1076490695,867640,1076490695:867640,Modifiyum Araç Içi Renkli Işıklı Küllük Renkli Işıklı Kapaklı Araba Küllüğü Oto Küllük RGB Işıklı,Modifiyum,Oto Küllük,https://www.trendyol.com/modifiyum/arac-ici-renkli-isikli-kulluk-renkli-isikli-kapakli-araba-kullugu-oto-kulluk-rgb-isikli-p-1076490695?boutiqueId=61&merchantId=867640,Modifiyum,9.6,199,,,1.1,TRY,"[""Sepette %1 İndirim"",""Kargo Bedava""]",InStock,,,,,,4.5177304964539005,282,147,0,,,,,4999,TRY,0,1,1,3,Tahmini Teslim:,En Çok Satan 1. Ürün,https://cdn.dsmcdn.com/ty1805/prod/QC_PREP/20251227/01/03bb219b-13c1-38b1-ae6f-3efcafa9e85c/1_org_zoom.jpg,"{""Menşei"":""CN"",""Bakım Talimatları (Genel)"":""Nemli bir bezle silin.""}",20,5,refreshed,"[""daily_top""]",true,2026-09-08T10:38:25.512Z,0,"[""search_result_dom"",""product_detail_jsonld"",""product_detail_dom""]","{""variant_id"":""observed"",""variant_label"":""unavailable"",""listing_id"":""observed"",""inventory_key"":""observed"",""stock_quantity"":""observed"",""stock_quantity_source"":""observed"",""stock_quantity_kind"":""observed"",""stock_observed_at"":""observed"",""max_sale_limit"":""observed"",""seller_count"":""observed"",""seller_count_observed"":""observed"",""seller_count_kind"":""observed"",""sellers"":""observed"",""variants"":""observed"",""favorite_count"":""observed"",""inventory_decrease"":""unavailable"",""sales_estimate_daily"":""unavailable"",""sales_estimate_weekly"":""unavailable"",""sales_estimate_monthly"":""unavailable"",""sales_estimate_status"":""unavailable"",""sales_estimate_hours"":""unavailable"",""sales_estimate_source"":""unavailable"",""title"":""observed"",""brand"":""observed"",""seller_name"":""observed"",""seller_score"":""observed"",""price"":""observed"",""original_price"":""unavailable"",""campaigns"":""observed"",""stock_status"":""observed"",""stock_signal"":""unavailable"",""rating"":""observed"",""rating_count"":""observed"",""review_count"":""observed"",""question_count"":""unavailable"",""delivery_summary"":""observed"",""shipping_cost"":""observed"",""properties"":""observed""}",true,
496144786,,6e7bc24aa21e25d2d4848f828a4e378e,311044614:412407:496144786:6e7bc24aa21e25d2d4848f828a4e378e,15197,merchantListing.winnerVariant.quantity,reported,2026-09-08T10:38:25.759Z,10,1,1,reported_total,"[{""merchant_id"":""412407"",""name"":""ELSE NİPPON"",""score"":9.3,""price"":160.62,""variant_id"":""496144786"",""listing_id"":""6e7bc24aa21e25d2d4848f828a4e378e"",""stock_quantity"":15197}]","[{""variant_id"":""496144786"",""label"":null,""in_stock"":true,""stock_quantity"":15197,""selected"":true}]",38546,21,20.95,,,estimated,24.06,inventory_net_decrease,2026-09-08,2026-09-08T13:30:55+03:00,otomobil motosiklet,BEST_SELLER,arac-ici-aksesuar,araç içi aksesuar,80,2,100,100,,otomobil-motosiklet:arac-ici-aksesuar,80,-34,23.4,6.6,311044614,412407,311044614:412407,ELSE NIPPON Oto Araç Içi Bardak Tutucu Çok Fonksiyonlu Içecek Tutacağı/bardaklık,ELSE NIPPON,Oto Bardaklık,https://www.trendyol.com/else-nippon/oto-arac-ici-bardak-tutucu-cok-fonksiyonlu-icecek-tutacagi-bardaklik-p-311044614?boutiqueId=61&merchantId=412407,ELSE NİPPON,9.3,160.62,,,0.9,TRY,"[""Kargo Bedava"",""Trendyol Plus'a Özel""]",InStock,,,,,,4.437571592210768,1746,843,0,,,,,4999,TRY,0,1,1,3,Tahmini Teslim:,En Çok Favorilenen 1. Ürün,https://cdn.dsmcdn.com/ty1622/prod/QC/20250108/18/f36d4fc8-837d-3b42-bba1-11f4d011eb70/1_org_zoom.jpg,"{""Diğer Özellikler"":""Dayanıklılığını Artırmak İçin Tabanında Mekanizması Vardır"",""Menşei"":""CN"",""Özellik"":""Ayarlanabilir Boyut""}",20,5,refreshed,"[""daily_top""]",true,2026-09-08T10:38:25.760Z,0,"[""search_result_dom"",""product_detail_jsonld"",""product_detail_dom""]","{""variant_id"":""observed"",""variant_label"":""unavailable"",""listing_id"":""observed"",""inventory_key"":""observed"",""stock_quantity"":""observed"",""stock_quantity_source"":""observed"",""stock_quantity_kind"":""observed"",""stock_observed_at"":""observed"",""max_sale_limit"":""observed"",""seller_count"":""observed"",""seller_count_observed"":""observed"",""seller_count_kind"":""observed"",""sellers"":""observed"",""variants"":""observed"",""favorite_count"":""observed"",""inventory_decrease"":""unavailable"",""sales_estimate_daily"":""unavailable"",""sales_estimate_weekly"":""unavailable"",""sales_estimate_monthly"":""unavailable"",""sales_estimate_status"":""unavailable"",""sales_estimate_hours"":""unavailable"",""sales_estimate_source"":""unavailable"",""title"":""observed"",""brand"":""observed"",""seller_name"":""observed"",""seller_score"":""observed"",""price"":""observed"",""original_price"":""unavailable"",""campaigns"":""observed"",""stock_status"":""observed"",""stock_signal"":""unavailable"",""rating"":""observed"",""rating_count"":""observed"",""review_count"":""observed"",""question_count"":""unavailable"",""delivery_summary"":""observed"",""shipping_cost"":""observed"",""properties"":""observed""}",true,
453186648,,acdc9e6c2ee751e181ffc079192b7053,284981608:185368:453186648:acdc9e6c2ee751e181ffc079192b7053,98,merchantListing.winnerVariant.quantity,reported,2026-09-08T10:38:33.885Z,20,1,1,reported_total,"[{""merchant_id"":""185368"",""name"":""MeyZone"",""score"":9.5,""price"":89.9,""variant_id"":""453186648"",""listing_id"":""acdc9e6c2ee751e181ffc079192b7053"",""stock_quantity"":98}]","[{""variant_id"":""453186648"",""label"":null,""in_stock"":true,""stock_quantity"":98,""selected"":true}]",9459,32,31.93,,,estimated,24.06,inventory_net_decrease,2026-09-08,2026-09-08T13:30:55+03:00,otomobil motosiklet,BEST_SELLER,arac-ici-aksesuar,araç içi aksesuar,81,2,101,101,,otomobil-motosiklet:arac-ici-aksesuar,81,-23,22.7,7.3,284981608,185368,284981608:185368,MeyZone Araç Içi Gözlük Tutucu Oto Gözlük Tutacağı Klipsli Güneşliğe Takılan Kartvizit Tutucu,MeyZone,Torpido Aksesuar,https://www.trendyol.com/meyzone/arac-ici-gozluk-tutucu-oto-gozluk-tutacagi-klipsli-guneslige-takilan-kartvizit-tutucu-p-284981608?boutiqueId=61&merchantId=185368,MeyZone,9.5,89.9,,,0,TRY,"[""Sepette %1 İndirim"",""Kargo Bedava""]",InStock,,,,,,3.4938539407086044,1383,690,1,,,,,4999,TRY,0,,1,3,Tahmini Teslim:,,https://cdn.dsmcdn.com/ty1506/product/media/images/prod/QC/20240827/23/42678b79-9735-366a-ac76-1cef7b419d20/1_org_zoom.jpg,"{""Menşei"":""CN"",""Bakım Talimatları (Genel)"":""Ürünün kullanım ömrünü korumak için ürüne özel bakım talimatlarını takip ediniz.""}",20,5,refreshed,"[""daily_top""]",true,2026-09-08T10:38:33.886Z,0,"[""search_result_dom"",""product_detail_jsonld"",""product_detail_dom""]","{""variant_id"":""observed"",""variant_label"":""unavailable"",""listing_id"":""observed"",""inventory_key"":""observed"",""stock_quantity"":""observed"",""stock_quantity_source"":""observed"",""stock_quantity_kind"":""observed"",""stock_observed_at"":""observed"",""max_sale_limit"":""observed"",""seller_count"":""observed"",""seller_count_observed"":""observed"",""seller_count_kind"":""observed"",""sellers"":""observed"",""variants"":""observed"",""favorite_count"":""observed"",""inventory_decrease"":""unavailable"",""sales_estimate_daily"":""unavailable"",""sales_estimate_weekly"":""unavailable"",""sales_estimate_monthly"":""unavailable"",""sales_estimate_status"":""unavailable"",""sales_estimate_hours"":""unavailable"",""sales_estimate_source"":""unavailable"",""title"":""observed"",""brand"":""observed"",""seller_name"":""observed"",""seller_score"":""observed"",""price"":""observed"",""original_price"":""unavailable"",""campaigns"":""observed"",""stock_status"":""observed"",""stock_signal"":""unavailable"",""rating"":""observed"",""rating_count"":""observed"",""review_count"":""observed"",""question_count"":""unavailable"",""delivery_summary"":""observed"",""shipping_cost"":""observed"",""properties"":""observed""}",true,
22061444,,6bf08905c6442c780b5bc5af5afe3ef1,7014046:1109857:22061444:6bf08905c6442c780b5bc5af5afe3ef1,709,merchantListing.winnerVariant.quantity,reported,2026-09-08T10:38:36.349Z,10,7,7,reported_total,"[{""merchant_id"":""1109857"",""name"":""KTR TECH"",""score"":9,""price"":109,""variant_id"":""22061444"",""listing_id"":""6bf08905c6442c780b5bc5af5afe3ef1"",""stock_quantity"":709},{""merchant_id"":""628179"",""name"":""EndStore"",""score"":8.9,""price"":164.68,""variant_id"":""22061444"",""listing_id"":""6a5c66e4c0b34cb7b81757467e004f44"",""stock_quantity"":19923},{""merchant_id"":""618539"",""name"":""BUKET TEDARİK"",""score"":7.6,""price"":175,""variant_id"":""22061444"",""listing_id"":""00613554dba3638c85c861664c2d70f3"",""stock_quantity"":11},{""merchant_id"":""207765"",""name"":""SEPETTE HERŞEY"",""score"":9.2,""price"":185.2,""variant_id"":""22061444"",""listing_id"":""97e3afabe7823d8faba9e196f4528347"",""stock_quantity"":1},{""merchant_id"":""395307"",""name"":""EfCase"",""score"":9.1,""price"":187.5,""variant_id"":""22061444"",""listing_id"":""dd6e64deac99504c45710ac9c370746d"",""stock_quantity"":78},{""merchant_id"":""224558"",""name"":""TEKNOSEPETİM"",""score"":8.4,""price"":190,""variant_id"":""22061444"",""listing_id"":""afdd59dd6b5a34828c012e5c8e88d19d"",""stock_quantity"":992},{""merchant_id"":""127101"",""name"":""Moryconcept"",""score"":8.9,""price"":199.99,""variant_id"":""22061444"",""listing_id"":""1984c591de1aae3e0a1d93176105c719"",""stock_quantity"":4837}]","[{""variant_id"":""22061444"",""label"":null,""in_stock"":true,""stock_quantity"":709,""selected"":true}]",6711,25,24.93,,,estimated,24.07,inventory_net_decrease,2026-09-08,2026-09-08T13:30:55+03:00,otomobil motosiklet,BEST_SELLER,arac-ici-aksesuar,araç içi aksesuar,82,2,102,102,,otomobil-motosiklet:arac-ici-aksesuar,82,-54,22.2,7.8,7014046,1109857,7014046:1109857,Genel Markalar Üniversal Manyetik Mıknatıslı Telefon Tutucu Oto Araç Içi Tutucu,Genel Markalar,Araç İçi Telefon Tutucular,https://www.trendyol.com/genel-markalar/universal-manyetik-miknatisli-telefon-tutucu-oto-arac-ici-tutucu-p-7014046?boutiqueId=61&merchantId=1109857,KTR TECH,9,109,,,0,TRY,"[""Kargo Bedava""]",InStock,,,,,,4.042728019720624,1217,587,1,,,,,4999,TRY,0,1,1,3,Tahmini Teslim:,,https://cdn.dsmcdn.com/ty1581/prod/QC/20241012/15/b7530f67-f402-3c1a-becc-887ef1d206dd/1_org_zoom.jpg,"{""Telefon Tutucu Özellikleri"":""Mıknatıslı"",""Renk"":""Yeşil"",""Garanti Süresi"":""1 Yıl"",""Türü"":""Torpido Üstü"",""Materyal"":""Nikel"",""Menşei"":""CN""}",20,5,refreshed,"[""daily_top""]",true,2026-09-08T10:38:36.350Z,0,"[""search_result_dom"",""product_detail_jsonld"",""product_detail_dom""]","{""variant_id"":""observed"",""variant_label"":""unavailable"",""listing_id"":""observed"",""inventory_key"":""observed"",""stock_quantity"":""observed"",""stock_quantity_source"":""observed"",""stock_quantity_kind"":""observed"",""stock_observed_at"":""observed"",""max_sale_limit"":""observed"",""seller_count"":""observed"",""seller_count_observed"":""observed"",""seller_count_kind"":""observed"",""sellers"":""observed"",""variants"":""observed"",""favorite_count"":""observed"",""inventory_decrease"":""unavailable"",""sales_estimate_daily"":""unavailable"",""sales_estimate_weekly"":""unavailable"",""sales_estimate_monthly"":""unavailable"",""sales_estimate_status"":""unavailable"",""sales_estimate_hours"":""unavailable"",""sales_estimate_source"":""unavailable"",""title"":""observed"",""brand"":""observed"",""seller_name"":""observed"",""seller_score"":""observed"",""price"":""observed"",""original_price"":""unavailable"",""campaigns"":""observed"",""stock_status"":""observed"",""stock_signal"":""unavailable"",""rating"":""observed"",""rating_count"":""observed"",""review_count"":""observed"",""question_count"":""unavailable"",""delivery_summary"":""observed"",""shipping_cost"":""observed"",""properties"":""observed""}",true,
389033199,,6534de3d2953af98f389df31f1050f66,242133102:404545:389033199:6534de3d2953af98f389df31f1050f66,19632,merchantListing.winnerVariant.quantity,reported,2026-09-08T10:38:35.963Z,10,2,2,reported_total,"[{""merchant_id"":""404545"",""name"":""Pratik Center BYENS"",""score"":9.1,""price"":173.3,""variant_id"":""389033199"",""listing_id"":""6534de3d2953af98f389df31f1050f66"",""stock_quantity"":19632},{""merchant_id"":""596513"",""name"":""Lidya Life"",""score"":9.5,""price"":209.65,""variant_id"":""389033199"",""listing_id"":""a88fa1e6ec3b8fbe6ae25b25d6eb16c8"",""stock_quantity"":19748}]","[{""variant_id"":""389033199"",""label"":null,""in_stock"":true,""stock_quantity"":19632,""selected"":true}]",53825,29,28.93,,,estimated,24.06,inventory_net_decrease,2026-09-08,2026-09-08T13:30:55+03:00,otomobil motosiklet,BEST_SELLER,arac-ici-aksesuar,araç içi aksesuar,83,2,103,103,,otomobil-motosiklet:arac-ici-aksesuar,83,-38,38.2,5,242133102,404545,242133102:404545,BYENS Oto Güneşlik Perde Araba Yan Cam Perdesi Güneş Önleyici Araç Içi Güneşliği Için Sinekliği,BYENS,Oto Güneşlik Perde,https://www.trendyol.com/byens/oto-guneslik-perde-araba-yan-cam-perdesi-gunes-onleyici-arac-ici-gunesligi-icin-sinekligi-p-242133102?boutiqueId=61&merchantId=404545,Pratik Center BYENS,9.1,173.3,199.65,13.2,-13.2,TRY,"[""Son 10 Günün En Düşük Fiyatı"",""Kargo Bedava"",""Trendyol Plus'a Özel""]",InStock,,,,,,4.31835032437442,2158,1340,0,,,,,4999,TRY,0,1,1,3,Tahmini Teslim:,En Çok Favorilenen 3. Ürün,https://cdn.dsmcdn.com/ty1911/prod/QC_ENRICHMENT/20260512/15/f28fc507-1a7a-31c4-82ad-67fc35312961/1_org_zoom.jpg,"{""Araç Markası"":""Alfa Romeo"",""Diğer Özellikler"":""YIKANABİLİR"",""Menşei"":""TR""}",20,5,refreshed,"[""daily_top""]",true,2026-09-08T10:38:35.964Z,0,"[""search_result_dom"",""product_detail_jsonld"",""product_detail_dom""]","{""variant_id"":""observed"",""variant_label"":""unavailable"",""listing_id"":""observed"",""inventory_key"":""observed"",""stock_quantity"":""observed"",""stock_quantity_source"":""observed"",""stock_quantity_kind"":""observed"",""stock_observed_at"":""observed"",""max_sale_limit"":""observed"",""seller_count"":""observed"",""seller_count_observed"":""observed"",""seller_count_kind"":""observed"",""sellers"":""observed"",""variants"":""observed"",""favorite_count"":""observed"",""inventory_decrease"":""unavailable"",""sales_estimate_daily"":""unavailable"",""sales_estimate_weekly"":""unavailable"",""sales_estimate_monthly"":""unavailable"",""sales_estimate_status"":""unavailable"",""sales_estimate_hours"":""unavailable"",""sales_estimate_source"":""unavailable"",""title"":""observed"",""brand"":""observed"",""seller_name"":""observed"",""seller_score"":""observed"",""price"":""observed"",""original_price"":""observed"",""campaigns"":""observed"",""stock_status"":""observed"",""stock_signal"":""unavailable"",""rating"":""observed"",""rating_count"":""observed"",""review_count"":""observed"",""question_count"":""unavailable"",""delivery_summary"":""observed"",""shipping_cost"":""observed"",""properties"":""observed""}",true,
1144773599,,a2009cd7f6d4bc41a89a5bf5a1f6e873,848919057:603209:1144773599:a2009cd7f6d4bc41a89a5bf5a1f6e873,1792,merchantListing.winnerVariant.quantity,reported,2026-09-08T10:38:42.934Z,20,1,1,reported_total,"[{""merchant_id"":""603209"",""name"":""BİLMEL"",""score"":9.7,""price"":350,""variant_id"":""1144773599"",""listing_id"":""a2009cd7f6d4bc41a89a5bf5a1f6e873"",""stock_quantity"":1792}]","[{""variant_id"":""1144773599"",""label"":null,""in_stock"":true,""stock_quantity"":1792,""selected"":true}]",96625,19,18.95,,,estimated,24.06,inventory_net_decrease,2026-09-08,2026-09-08T13:30:55+03:00,otomobil motosiklet,BEST_SELLER,arac-ici-aksesuar,araç içi aksesuar,84,2,104,104,,otomobil-motosiklet:arac-ici-aksesuar,84,-40,22.9,7.1,848919057,603209,848919057:603209,bilmel I Love You Balon Tutan Çift Minimal Torpido Aksesuarı - Sevgiliye Hediye Romantik Araba Süsü,bilmel,Torpido Aksesuar,https://www.trendyol.com/bilmel/i-love-you-balon-tutan-cift-minimal-torpido-aksesuari-sevgiliye-hediye-romantik-araba-susu-p-848919057?boutiqueId=61&merchantId=603209,BİLMEL,9.7,350,,,0,TRY,"[""20 TL Kupon"",""Kargo Bedava""]",InStock,,,,,,4.626432391138273,1309,737,2,,,,,4999,TRY,0,1,1,3,Tahmini Teslim:,En Çok Favorilenen 3. Ürün,https://cdn.dsmcdn.com/ty1528/product/media/images/prod/QC/20240907/01/905f4c1d-f4f6-310c-ab4a-37a8700cd76d/1_org_zoom.jpg,"{""Menşei"":""CN"",""Bakım Talimatları (Genel)"":""Nemli bir bezle silin.""}",20,5,refreshed,"[""daily_top""]",true,2026-09-08T10:38:42.935Z,0,"[""search_result_dom"",""product_detail_jsonld"",""product_detail_dom""]","{""variant_id"":""observed"",""variant_label"":""unavailable"",""listing_id"":""observed"",""inventory_key"":""observed"",""stock_quantity"":""observed"",""stock_quantity_source"":""observed"",""stock_quantity_kind"":""observed"",""stock_observed_at"":""observed"",""max_sale_limit"":""observed"",""seller_count"":""observed"",""seller_count_observed"":""observed"",""seller_count_kind"":""observed"",""sellers"":""observed"",""variants"":""observed"",""favorite_count"":""observed"",""inventory_decrease"":""unavailable"",""sales_estimate_daily"":""unavailable"",""sales_estimate_weekly"":""unavailable"",""sales_estimate_monthly"":""unavailable"",""sales_estimate_status"":""unavailable"",""sales_estimate_hours"":""unavailable"",""sales_estimate_source"":""unavailable"",""title"":""observed"",""brand"":""observed"",""seller_name"":""observed"",""seller_score"":""observed"",""price"":""observed"",""original_price"":""unavailable"",""campaigns"":""observed"",""stock_status"":""observed"",""stock_signal"":""unavailable"",""rating"":""observed"",""rating_count"":""observed"",""review_count"":""observed"",""question_count"":""unavailable"",""delivery_summary"":""observed"",""shipping_cost"":""observed"",""properties"":""observed""}",true,
56714883,,25cb82be877db77f85853d437096d73e,31523735:892308:56714883:25cb82be877db77f85853d437096d73e,4960,merchantListing.winnerVariant.quantity,reported,2026-09-08T10:38:45.223Z,20,7,7,reported_total,"[{""merchant_id"":""892308"",""name"":""ASTRA LED"",""score"":9.1,""price"":145,""variant_id"":""56714883"",""listing_id"":""25cb82be877db77f85853d437096d73e"",""stock_quantity"":4960},{""merchant_id"":""266472"",""name"":""CNK OTO AKSESUARLARI"",""score"":8.3,""price"":149,""variant_id"":""56714883"",""listing_id"":""07b619b4da2d278f3097fc8da5b09f2a"",""stock_quantity"":30},{""merchant_id"":""717018"",""name"":""OTOACTİON"",""score"":8.9,""price"":189,""variant_id"":""56714883"",""listing_id"":""8ab2a0f1e3a482dbe9b53e6c223e61ca"",""stock_quantity"":4746},{""merchant_id"":""734112"",""name"":""OTO MARKETİNG"",""score"":8.5,""price"":249.99,""variant_id"":""56714883"",""listing_id"":""cafd3c52bc985afba91d1e148441db77"",""stock_quantity"":988},{""merchant_id"":""582933"",""name"":""Otoçizgi"",""score"":8.6,""price"":249.99,""variant_id"":""56714883"",""listing_id"":""71a9dc41469817b055e53eec9c1471e4"",""stock_quantity"":21},{""merchant_id"":""130705"",""name"":""ALGELSİN ARSVİSİON GROUP"",""score"":8.7,""price"":269,""variant_id"":""56714883"",""listing_id"":""8bdd0dc08ed674b89af87f6c7d94402f"",""stock_quantity"":187},{""merchant_id"":""561185"",""name"":""Rukye Shop"",""score"":9.2,""price"":299.9,""variant_id"":""56714883"",""listing_id"":""a3ae1c84a2293948e475037059f1c9fa"",""stock_quantity"":496}]","[{""variant_id"":""56714883"",""label"":null,""in_stock"":true,""stock_quantity"":4960,""selected"":true}]",17216,26,25.94,,,estimated,24.05,inventory_net_decrease,2026-09-08,2026-09-08T13:30:55+03:00,otomobil motosiklet,BEST_SELLER,arac-ici-aksesuar,araç içi aksesuar,85,2,105,105,,otomobil-motosiklet:arac-ici-aksesuar,85,-16,18.4,11.6,31523735,892308,31523735:892308,Genel Markalar Araç Içi Torpido Ledi - Ip Led - Neon Led - Şerit Led / Mavi,Genel Markalar,Torpido Aksesuar,https://www.trendyol.com/genel-markalar/arac-ici-torpido-ledi-ip-led-neon-led-serit-led-mavi-p-31523735?boutiqueId=61&merchantId=892308,ASTRA LED,9.1,145,,,0,TRY,"[""Kargo Bedava"",""Trendyol Plus'a Özel""]",InStock,,,,,,3.7994791666666665,384,196,1,,,,,4999,TRY,0,1,1,3,Tahmini Teslim:,En Çok Ziyaret Edilen 10. Ürün,https://cdn.dsmcdn.com/ty1550/prod/QC/20240916/22/62426597-e7a8-30c5-b8fa-9dae551de113/1_org_zoom.jpg,"{""Menşei"":""CN"",""Bakım Talimatları (Genel)"":""Ürünün kullanım ömrünü korumak için ürüne özel bakım talimatlarını takip ediniz.""}",20,5,refreshed,"[""daily_top""]",true,2026-09-08T10:38:45.224Z,0,"[""search_result_dom"",""product_detail_jsonld"",""product_detail_dom""]","{""variant_id"":""observed"",""variant_label"":""unavailable"",""listing_id"":""observed"",""inventory_key"":""observed"",""stock_quantity"":""observed"",""stock_quantity_source"":""observed"",""stock_quantity_kind"":""observed"",""stock_observed_at"":""observed"",""max_sale_limit"":""observed"",""seller_count"":""observed"",""seller_count_observed"":""observed"",""seller_count_kind"":""observed"",""sellers"":""observed"",""variants"":""observed"",""favorite_count"":""observed"",""inventory_decrease"":""unavailable"",""sales_estimate_daily"":""unavailable"",""sales_estimate_weekly"":""unavailable"",""sales_estimate_monthly"":""unavailable"",""sales_estimate_status"":""unavailable"",""sales_estimate_hours"":""unavailable"",""sales_estimate_source"":""unavailable"",""title"":""observed"",""brand"":""observed"",""seller_name"":""observed"",""seller_score"":""observed"",""price"":""observed"",""original_price"":""unavailable"",""campaigns"":""observed"",""stock_status"":""observed"",""stock_signal"":""unavailable"",""rating"":""observed"",""rating_count"":""observed"",""review_count"":""observed"",""question_count"":""unavailable"",""delivery_summary"":""observed"",""shipping_cost"":""observed"",""properties"":""observed""}",true,
1042913565,,244838af637a6db677a5f51634289f96,786324308:1257985:1042913565:244838af637a6db677a5f51634289f96,19489,merchantListing.winnerVariant.quantity,reported,2026-09-08T10:38:45.051Z,10,2,2,reported_total,"[{""merchant_id"":""1257985"",""name"":""AEK E-TİCARET"",""score"":8.2,""price"":399,""variant_id"":""1042913565"",""listing_id"":""244838af637a6db677a5f51634289f96"",""stock_quantity"":19489},{""merchant_id"":""109262"",""name"":""DAHAUYGUNYOKCOM"",""score"":8.6,""price"":599,""variant_id"":""1042913565"",""listing_id"":""dcb8c3e4c059d60ac0aaed63e6256ff9"",""stock_quantity"":592}]","[{""variant_id"":""1042913565"",""label"":null,""in_stock"":true,""stock_quantity"":19489,""selected"":true}]",61507,18,17.95,,,estimated,24.06,inventory_net_decrease,2026-09-08,2026-09-08T13:30:55+03:00,otomobil motosiklet,BEST_SELLER,arac-ici-aksesuar,araç içi aksesuar,86,2,106,106,,otomobil-motosiklet:arac-ici-aksesuar,86,-39,29.3,0.7,786324308,1257985,786324308:1257985,HASUBA Mini Vakumlu Type C Şarjlı Araç Süpürgesi El Süpürgesi Şarjlı Çok Fonksiyonlu 5500 Pa,HASUBA,Araç İçi Süpürge,https://www.trendyol.com/hasuba/mini-vakumlu-type-c-sarjli-arac-supurgesi-el-supurgesi-sarjli-cok-fonksiyonlu-5500-pa-p-786324308?boutiqueId=61&merchantId=1257985,AEK E-TİCARET,8.2,399,,,0,TRY,"[""Kargo Bedava""]",InStock,,,,,,3.097685645321596,7043,4566,0,,,,,4999,TRY,0,1,1,3,Tahmini Teslim:,,https://cdn.dsmcdn.com/ty1673/prod/QC/20250501/03/b18542e3-5435-378a-8f99-938de9046767/1_org_zoom.jpg,"{""Garanti Süresi"":""2 Yıl"",""Garanti Tipi"":""Üretici Garantili"",""Menşei"":""CN"",""Özellik"":""Şarjlı"",""Renk"":""Siyah"",""Vakum Emiş Gücü"":""17000 PA"",""Güç (Watt)"":""0 - 250 Watt"",""Ses Seviyesi"":""90 Dba üstü"",""Şarj Süresi"":""2 - 3 Saat""}",20,5,refreshed,"[""daily_top""]",true,2026-09-08T10:38:45.052Z,0,"[""search_result_dom"",""product_detail_jsonld"",""product_detail_dom""]","{""variant_id"":""observed"",""variant_label"":""unavailable"",""listing_id"":""observed"",""inventory_key"":""observed"",""stock_quantity"":""observed"",""stock_quantity_source"":""observed"",""stock_quantity_kind"":""observed"",""stock_observed_at"":""observed"",""max_sale_limit"":""observed"",""seller_count"":""observed"",""seller_count_observed"":""observed"",""seller_count_kind"":""observed"",""sellers"":""observed"",""variants"":""observed"",""favorite_count"":""observed"",""inventory_decrease"":""unavailable"",""sales_estimate_daily"":""unavailable"",""sales_estimate_weekly"":""unavailable"",""sales_estimate_monthly"":""unavailable"",""sales_estimate_status"":""unavailable"",""sales_estimate_hours"":""unavailable"",""sales_estimate_source"":""unavailable"",""title"":""observed"",""brand"":""observed"",""seller_name"":""observed"",""seller_score"":""observed"",""price"":""observed"",""original_price"":""unavailable"",""campaigns"":""observed"",""stock_status"":""observed"",""stock_signal"":""unavailable"",""rating"":""observed"",""rating_count"":""observed"",""review_count"":""observed"",""question_count"":""unavailable"",""delivery_summary"":""observed"",""shipping_cost"":""observed"",""properties"":""observed""}",true,
981721777,,3c74297f90e7b3a606f5b067215a8b40,745800862:822244:981721777:3c74297f90e7b3a606f5b067215a8b40,71,merchantListing.winnerVariant.quantity,reported,2026-09-08T10:38:53.625Z,10,1,1,reported_total,"[{""merchant_id"":""822244"",""name"":""CarSense"",""score"":9,""price"":194.9,""variant_id"":""981721777"",""listing_id"":""3c74297f90e7b3a606f5b067215a8b40"",""stock_quantity"":71}]","[{""variant_id"":""981721777"",""label"":null,""in_stock"":true,""stock_quantity"":71,""selected"":true}]",8409,20,19.95,,,estimated,24.06,inventory_net_decrease,2026-09-08,2026-09-08T13:30:55+03:00,otomobil motosiklet,BEST_SELLER,arac-ici-aksesuar,araç içi aksesuar,87,2,107,107,2,otomobil-motosiklet:arac-ici-aksesuar,87,-33,19.9,10.1,745800862,822244,745800862:822244,CarSense Araç Içi Temizleme Köpüğü 150 ml,CarSense,Oto Döşeme Temizleyici,https://www.trendyol.com/carsense/arac-ici-temizleme-kopugu-150-ml-p-745800862?boutiqueId=61&merchantId=822244,CarSense,9,194.9,,,0,TRY,"[""Kargo Bedava""]",InStock,,,,,,4.502471169686985,607,302,2,,,,,4999,TRY,0,1,1,3,Tahmini Teslim:,En Çok Satan 2. Ürün,https://cdn.dsmcdn.com/ty1553/product/media/images/ty1551/prod/QC/20240917/12/998b44f6-810c-3327-b51d-3922944d2654/1_org_zoom.jpg,{},20,5,refreshed,"[""daily_top""]",true,2026-09-08T10:38:53.626Z,0,"[""search_result_dom"",""product_detail_jsonld"",""product_detail_dom""]","{""variant_id"":""observed"",""variant_label"":""unavailable"",""listing_id"":""observed"",""inventory_key"":""observed"",""stock_quantity"":""observed"",""stock_quantity_source"":""observed"",""stock_quantity_kind"":""observed"",""stock_observed_at"":""observed"",""max_sale_limit"":""observed"",""seller_count"":""observed"",""seller_count_observed"":""observed"",""seller_count_kind"":""observed"",""sellers"":""observed"",""variants"":""observed"",""favorite_count"":""observed"",""inventory_decrease"":""unavailable"",""sales_estimate_daily"":""unavailable"",""sales_estimate_weekly"":""unavailable"",""sales_estimate_monthly"":""unavailable"",""sales_estimate_status"":""unavailable"",""sales_estimate_hours"":""unavailable"",""sales_estimate_source"":""unavailable"",""title"":""observed"",""brand"":""observed"",""seller_name"":""observed"",""seller_score"":""observed"",""price"":""observed"",""original_price"":""unavailable"",""campaigns"":""observed"",""stock_status"":""observed"",""stock_signal"":""unavailable"",""rating"":""observed"",""rating_count"":""observed"",""review_count"":""observed"",""question_count"":""unavailable"",""delivery_summary"":""observed"",""shipping_cost"":""observed"",""properties"":""observed""}",true,
194085110,,804cc4281d4480cb20392941ccdd7a2f,120513140:185368:194085110:804cc4281d4480cb20392941ccdd7a2f,1257,merchantListing.winnerVariant.quantity,reported,2026-09-08T10:38:57.394Z,20,1,1,reported_total,"[{""merchant_id"":""185368"",""name"":""MeyZone"",""score"":9.5,""price"":99.9,""variant_id"":""194085110"",""listing_id"":""804cc4281d4480cb20392941ccdd7a2f"",""stock_quantity"":1257}]","[{""variant_id"":""194085110"",""label"":null,""in_stock"":true,""stock_quantity"":1257,""selected"":true}]",25289,26,25.93,,,estimated,24.07,inventory_net_decrease,2026-09-08,2026-09-08T13:30:55+03:00,otomobil motosiklet,BEST_SELLER,arac-ici-aksesuar,araç içi aksesuar,88,2,108,108,,otomobil-motosiklet:arac-ici-aksesuar,88,-48,23.5,6.5,120513140,185368,120513140:185368,MeyZone Araç Içi Klima Izgara Hava Çıkış Dekoratif Şeritler Klima Şerit Krom Gri,MeyZone,Torpido Aksesuar,https://www.trendyol.com/meyzone/arac-ici-klima-izgara-hava-cikis-dekoratif-seritler-klima-serit-krom-gri-p-120513140?boutiqueId=61&merchantId=185368,MeyZone,9.5,99.9,,,0,TRY,"[""Sepette %1 İndirim"",""Kargo Bedava""]",InStock,,,,,,4.41147807255008,1847,866,1,,,,,4999,TRY,0,,1,3,Tahmini Teslim:,,https://cdn.dsmcdn.com/ty1521/product/media/images/prod/QC/20240904/20/fb6e9ed2-3a91-31c1-9eb0-39898417e8f9/1_org_zoom.jpg,"{""Menşei"":""CN"",""Bakım Talimatları (Genel)"":""Ürünün kullanım ömrünü korumak için ürüne özel bakım talimatlarını takip ediniz.""}",20,5,refreshed,"[""daily_top""]",true,2026-09-08T10:38:57.395Z,0,"[""search_result_dom"",""product_detail_jsonld"",""product_detail_dom""]","{""variant_id"":""observed"",""variant_label"":""unavailable"",""listing_id"":""observed"",""inventory_key"":""observed"",""stock_quantity"":""observed"",""stock_quantity_source"":""observed"",""stock_quantity_kind"":""observed"",""stock_observed_at"":""observed"",""max_sale_limit"":""observed"",""seller_count"":""observed"",""seller_count_observed"":""observed"",""seller_count_kind"":""observed"",""sellers"":""observed"",""variants"":""observed"",""favorite_count"":""observed"",""inventory_decrease"":""unavailable"",""sales_estimate_daily"":""unavailable"",""sales_estimate_weekly"":""unavailable"",""sales_estimate_monthly"":""unavailable"",""sales_estimate_status"":""unavailable"",""sales_estimate_hours"":""unavailable"",""sales_estimate_source"":""unavailable"",""title"":""observed"",""brand"":""observed"",""seller_name"":""observed"",""seller_score"":""observed"",""price"":""observed"",""original_price"":""unavailable"",""campaigns"":""observed"",""stock_status"":""observed"",""stock_signal"":""unavailable"",""rating"":""observed"",""rating_count"":""observed"",""review_count"":""observed"",""question_count"":""unavailable"",""delivery_summary"":""observed"",""shipping_cost"":""observed"",""properties"":""observed""}",true,
1355505123,,49692e6926c4845d6ccbff2c06fa934b,957896870:156001:1355505123:49692e6926c4845d6ccbff2c06fa934b,15710,merchantListing.winnerVariant.quantity,reported,2026-09-08T10:38:57.544Z,10,1,1,reported_total,"[{""merchant_id"":""156001"",""name"":""essetasarım"",""score"":9.4,""price"":129.9,""variant_id"":""1355505123"",""listing_id"":""49692e6926c4845d6ccbff2c06fa934b"",""stock_quantity"":15710}]","[{""variant_id"":""1355505123"",""label"":null,""in_stock"":true,""stock_quantity"":15710,""selected"":true}]",14982,,,,,unchanged_stock,24.06,inventory_net_decrease,2026-09-08,2026-09-08T13:30:55+03:00,otomobil motosiklet,BEST_SELLER,arac-ici-aksesuar,araç içi aksesuar,89,2,109,109,2,otomobil-motosiklet:arac-ici-aksesuar,89,-28,19.8,10.2,957896870,156001,957896870:156001,estölye Siyah Pleksi Ayetel Kürsi Ve Nazar Dualı Araba Süsü Dikiz Aynası Süsü Araba Hediyesi -Çift Taraflı,estölye,Dikiz Aynası,https://www.trendyol.com/estolye/siyah-pleksi-ayetel-kursi-ve-nazar-duali-araba-susu-dikiz-aynasi-susu-araba-hediyesi-cift-tarafli-p-957896870?boutiqueId=61&merchantId=156001,essetasarım,9.4,129.9,,,0,TRY,"[""Kargo Bedava"",""Trendyol Plus'a Özel""]",InStock,,,,,,4.743975903614458,664,296,0,,,,,4999,TRY,0,,1,2,Tahmini Teslim:,En Çok Satan 2. Ürün,https://cdn.dsmcdn.com/ty1712/prod/QC_PREP/20250717/22/3d3d38db-520e-39df-a2d0-5b0a7fa8a00a/1_org_zoom.jpg,"{""Araç Marka ve Model"":""Universal"",""Diğer Özellikler"":""Araba Hediyesi, Araba Süsü"",""Menşei"":""TR"",""Özellik"":""Diğer""}",20,5,refreshed,"[""daily_top""]",true,2026-09-08T10:38:57.545Z,0,"[""search_result_dom"",""product_detail_jsonld"",""product_detail_dom""]","{""variant_id"":""observed"",""variant_label"":""unavailable"",""listing_id"":""observed"",""inventory_key"":""observed"",""stock_quantity"":""observed"",""stock_quantity_source"":""observed"",""stock_quantity_kind"":""observed"",""stock_observed_at"":""observed"",""max_sale_limit"":""observed"",""seller_count"":""observed"",""seller_count_observed"":""observed"",""seller_count_kind"":""observed"",""sellers"":""observed"",""variants"":""observed"",""favorite_count"":""observed"",""inventory_decrease"":""unavailable"",""sales_estimate_daily"":""unavailable"",""sales_estimate_weekly"":""unavailable"",""sales_estimate_monthly"":""unavailable"",""sales_estimate_status"":""unavailable"",""sales_estimate_hours"":""unavailable"",""sales_estimate_source"":""unavailable"",""title"":""observed"",""brand"":""observed"",""seller_name"":""observed"",""seller_score"":""observed"",""price"":""observed"",""original_price"":""unavailable"",""campaigns"":""observed"",""stock_status"":""observed"",""stock_signal"":""unavailable"",""rating"":""observed"",""rating_count"":""observed"",""review_count"":""observed"",""question_count"":""unavailable"",""delivery_summary"":""observed"",""shipping_cost"":""observed"",""properties"":""observed""}",true,
882200282,,a31ea7973404d467de25eba0931e6131,666735454:330378:882200282:a31ea7973404d467de25eba0931e6131,3683,merchantListing.winnerVariant.quantity,reported,2026-09-08T10:39:02.409Z,20,3,3,reported_total,"[{""merchant_id"":""330378"",""name"":""BroNet"",""score"":9.4,""price"":144.21,""variant_id"":""882200282"",""listing_id"":""a31ea7973404d467de25eba0931e6131"",""stock_quantity"":3683},{""merchant_id"":""461765"",""name"":""SnrGrup"",""score"":9.3,""price"":199.9,""variant_id"":""882200282"",""listing_id"":""5e2685393075c855936551b07dfc1c9e"",""stock_quantity"":1000},{""merchant_id"":""256211"",""name"":""CandaGrup"",""score"":9.3,""price"":300,""variant_id"":""882200282"",""listing_id"":""9b7b8001f5bb7989950bce9209a59e70"",""stock_quantity"":1493}]","[{""variant_id"":""882200282"",""label"":null,""in_stock"":true,""stock_quantity"":3683,""selected"":true}]",22225,42,41.9,,,estimated,24.06,inventory_net_decrease,2026-09-08,2026-09-08T13:30:55+03:00,otomobil motosiklet,BEST_SELLER,arac-ici-aksesuar,araç içi aksesuar,90,2,110,110,,otomobil-motosiklet:arac-ici-aksesuar,90,-22,46.8,6.9,666735454,330378,666735454:330378,Unichrome Dokunmatik Mini 6 Ledli Lamba Usb Şarj Edilebilir Rgb Işık Ayak Altı Torpido Lambası 1 Adet,Unichrome,Torpido Aksesuar,https://www.trendyol.com/unichrome/dokunmatik-mini-6-ledli-lamba-usb-sarj-edilebilir-rgb-isik-ayak-alti-torpido-lambasi-1-adet-p-666735454?boutiqueId=61&merchantId=330378,BroNet,9.4,144.21,189.01,23.7,-27.9,TRY,"[""Son 10 Günün En Düşük Fiyatı"",""Kargo Bedava"",""Son 10 günün en düşük fiyatı""]",InStock,,,,,,3.8997968855788763,1477,774,0,,,,,4999,TRY,0,1,1,3,Tahmini Teslim:,,https://cdn.dsmcdn.com/ty1832/prod/QC_ENRICHMENT/20260225/14/b7ab9ef0-995e-33dd-91a8-e1910dc59085/1_org_zoom.jpg,"{""Menşei"":""CN"",""Bakım Talimatları (Genel)"":""Ürünün kullanım ömrünü korumak için ürüne özel bakım talimatlarını takip ediniz.""}",20,5,refreshed,"[""daily_top""]",true,2026-09-08T10:39:02.409Z,0,"[""search_result_dom"",""product_detail_jsonld"",""product_detail_dom""]","{""variant_id"":""observed"",""variant_label"":""unavailable"",""listing_id"":""observed"",""inventory_key"":""observed"",""stock_quantity"":""observed"",""stock_quantity_source"":""observed"",""stock_quantity_kind"":""observed"",""stock_observed_at"":""observed"",""max_sale_limit"":""observed"",""seller_count"":""observed"",""seller_count_observed"":""observed"",""seller_count_kind"":""observed"",""sellers"":""observed"",""variants"":""observed"",""favorite_count"":""observed"",""inventory_decrease"":""unavailable"",""sales_estimate_daily"":""unavailable"",""sales_estimate_weekly"":""unavailable"",""sales_estimate_monthly"":""unavailable"",""sales_estimate_status"":""unavailable"",""sales_estimate_hours"":""unavailable"",""sales_estimate_source"":""unavailable"",""title"":""observed"",""brand"":""observed"",""seller_name"":""observed"",""seller_score"":""observed"",""price"":""observed"",""original_price"":""observed"",""campaigns"":""observed"",""stock_status"":""observed"",""stock_signal"":""unavailable"",""rating"":""observed"",""rating_count"":""observed"",""review_count"":""observed"",""question_count"":""unavailable"",""delivery_summary"":""observed"",""shipping_cost"":""observed"",""properties"":""observed""}",true,
1351778037,,a312e24b224a54da7c60b9ff548019d0,955185812:1010350:1351778037:a312e24b224a54da7c60b9ff548019d0,19803,merchantListing.winnerVariant.quantity,reported,2026-09-08T10:39:06.235Z,10,1,1,reported_total,"[{""merchant_id"":""1010350"",""name"":""COZLEY"",""score"":9.6,""price"":129.99,""variant_id"":""1351778037"",""listing_id"":""a312e24b224a54da7c60b9ff548019d0"",""stock_quantity"":19803}]","[{""variant_id"":""1351778037"",""label"":null,""in_stock"":true,""stock_quantity"":19803,""selected"":true}]",14786,,,,,unchanged_stock,24.06,inventory_net_decrease,2026-09-08,2026-09-08T13:30:55+03:00,otomobil motosiklet,BEST_SELLER,arac-ici-aksesuar,araç içi aksesuar,91,3,111,111,,otomobil-motosiklet:arac-ici-aksesuar,91,-19,17.9,12.1,955185812,1010350,955185812:1010350,COZLEY Araba Bardak Altlığı Silikon Araç İçi Kaymaz Mat Telefon Para Malzeme Tutucu Siyah Renk 65 mm,COZLEY,Oto Bardaklık,https://www.trendyol.com/cozley/araba-bardak-altligi-silikon-arac-ici-kaymaz-mat-telefon-para-malzeme-tutucu-siyah-renk-65-mm-p-955185812?boutiqueId=61&merchantId=1010350,COZLEY,9.6,129.99,,,0,TRY,"[""Süper Fırsat Ürünü"",""Kargo Bedava""]",InStock,,,,,,4.271551724137931,464,172,0,,,,,4999,TRY,0,1,1,3,Tahmini Teslim:,En Çok Favorilenen 4. Ürün,https://cdn.dsmcdn.com/ty1708/prod/QC_PREP/20250710/14/ad401a0a-1225-3d51-90d8-84001145bd54/1_org_zoom.jpg,"{""Diğer Özellikler"":""Yıkanabilir. Kaymaz. Esnek"",""Menşei"":""TR"",""Özellik"":""Su Geçirmez""}",20,5,refreshed,"[""daily_top""]",true,2026-09-08T10:39:06.237Z,0,"[""search_result_dom"",""product_detail_jsonld"",""product_detail_dom""]","{""variant_id"":""observed"",""variant_label"":""unavailable"",""listing_id"":""observed"",""inventory_key"":""observed"",""stock_quantity"":""observed"",""stock_quantity_source"":""observed"",""stock_quantity_kind"":""observed"",""stock_observed_at"":""observed"",""max_sale_limit"":""observed"",""seller_count"":""observed"",""seller_count_observed"":""observed"",""seller_count_kind"":""observed"",""sellers"":""observed"",""variants"":""observed"",""favorite_count"":""observed"",""inventory_decrease"":""unavailable"",""sales_estimate_daily"":""unavailable"",""sales_estimate_weekly"":""unavailable"",""sales_estimate_monthly"":""unavailable"",""sales_estimate_status"":""unavailable"",""sales_estimate_hours"":""unavailable"",""sales_estimate_source"":""unavailable"",""title"":""observed"",""brand"":""observed"",""seller_name"":""observed"",""seller_score"":""observed"",""price"":""observed"",""original_price"":""unavailable"",""campaigns"":""observed"",""stock_status"":""observed"",""stock_signal"":""unavailable"",""rating"":""observed"",""rating_count"":""observed"",""review_count"":""observed"",""question_count"":""unavailable"",""delivery_summary"":""observed"",""shipping_cost"":""observed"",""properties"":""observed""}",true,
1144196338,,f1edc6f69c0fd691570bba8404f1e8fa,848613983:1176771:1144196338:f1edc6f69c0fd691570bba8404f1e8fa,4394,merchantListing.winnerVariant.quantity,reported,2026-09-08T10:39:06.338Z,10,6,6,reported_total,"[{""merchant_id"":""1176771"",""name"":""Etiket Dünyası"",""score"":9,""price"":35,""variant_id"":""1144196338"",""listing_id"":""f1edc6f69c0fd691570bba8404f1e8fa"",""stock_quantity"":4394},{""merchant_id"":""1047736"",""name"":""Özgül Reklam"",""score"":8.9,""price"":36,""variant_id"":""1144196338"",""listing_id"":""d4f9e79959aeceec8fffc3b6b471f4f6"",""stock_quantity"":8806},{""merchant_id"":""990390"",""name"":""AYDIN GARAGE OTOMOTİV VE TİC.LTD.ŞTİ."",""score"":9.3,""price"":100,""variant_id"":""1144196338"",""listing_id"":""b2edc15520a5c272b29a98f8775cfd7d"",""stock_quantity"":416},{""merchant_id"":""860361"",""name"":""Rune Rise"",""score"":9.2,""price"":199,""variant_id"":""1144196338"",""listing_id"":""d2afb9ae5fc29f431c0e768429418f10"",""stock_quantity"":2000},{""merchant_id"":""272755"",""name"":""Türkiye'nin Markaları"",""score"":9.2,""price"":199.9,""variant_id"":""1144196338"",""listing_id"":""ef602dce83d3af983faa94a7313b35e3"",""stock_quantity"":20000},{""merchant_id"":""929759"",""name"":""Şahin Reklam Tabela"",""score"":9.1,""price"":200,""variant_id"":""1144196338"",""listing_id"":""0a7874d854ef69b93d075df49849bfec"",""stock_quantity"":200}]","[{""variant_id"":""1144196338"",""label"":null,""in_stock"":true,""stock_quantity"":4394,""selected"":true}]",7103,19,18.94,,,estimated,24.08,inventory_net_decrease,2026-09-08,2026-09-08T13:30:55+03:00,otomobil motosiklet,BEST_SELLER,arac-ici-aksesuar,araç içi aksesuar,92,3,112,112,,otomobil-motosiklet:arac-ici-aksesuar,92,-66,15.6,14.4,848613983,1176771,848613983:1176771,Genel Markalar Dekoratif Hologramlı Hahaha Sticker Motor-araba-kask Için Etiket 15cmx20cm (1 ADET),Genel Markalar,Arma Sticker & Fosfor Şerit,https://www.trendyol.com/genel-markalar/dekoratif-hologramli-hahaha-sticker-motor-araba-kask-icin-etiket-15cmx20cm-1-adet-p-848613983?boutiqueId=61&merchantId=1176771,Etiket Dünyası,9,35,,,0,TRY,"[""Kargo Bedava"",""Son 10 Günün En Düşük Fiyatı""]",InStock,,,,,,4.10828025477707,157,89,0,,,,,4999,TRY,0,1,1,3,Tahmini Teslim:,,https://cdn.dsmcdn.com/ty1467/product/media/images/prod/QC/20240806/09/a55b1610-cb98-3817-a281-74edd86b9350/1_org_zoom.jpg,"{""Renk"":""Bordo"",""Menşei"":""TR"",""Özellik"":""Hava""}",20,5,refreshed,"[""daily_top""]",true,2026-09-08T10:39:06.338Z,0,"[""search_result_dom"",""product_detail_jsonld"",""product_detail_dom""]","{""variant_id"":""observed"",""variant_label"":""unavailable"",""listing_id"":""observed"",""inventory_key"":""observed"",""stock_quantity"":""observed"",""stock_quantity_source"":""observed"",""stock_quantity_kind"":""observed"",""stock_observed_at"":""observed"",""max_sale_limit"":""observed"",""seller_count"":""observed"",""seller_count_observed"":""observed"",""seller_count_kind"":""observed"",""sellers"":""observed"",""variants"":""observed"",""favorite_count"":""observed"",""inventory_decrease"":""unavailable"",""sales_estimate_daily"":""unavailable"",""sales_estimate_weekly"":""unavailable"",""sales_estimate_monthly"":""unavailable"",""sales_estimate_status"":""unavailable"",""sales_estimate_hours"":""unavailable"",""sales_estimate_source"":""unavailable"",""title"":""observed"",""brand"":""observed"",""seller_name"":""observed"",""seller_score"":""observed"",""price"":""observed"",""original_price"":""unavailable"",""campaigns"":""observed"",""stock_status"":""observed"",""stock_signal"":""unavailable"",""rating"":""observed"",""rating_count"":""observed"",""review_count"":""observed"",""question_count"":""unavailable"",""delivery_summary"":""observed"",""shipping_cost"":""observed"",""properties"":""observed""}",true,
186366149,,90c6baab28bb0db9899bcccc35133612,115173716:324866:186366149:90c6baab28bb0db9899bcccc35133612,8527,merchantListing.winnerVariant.quantity,reported,2026-09-08T10:39:11.577Z,10,3,3,reported_total,"[{""merchant_id"":""324866"",""name"":""Reidan"",""score"":9.1,""price"":1140,""variant_id"":""186366149"",""listing_id"":""90c6baab28bb0db9899bcccc35133612"",""stock_quantity"":8527},{""merchant_id"":""966865"",""name"":""Tisul"",""score"":9.1,""price"":1290,""variant_id"":""186366149"",""listing_id"":""d1447a6a58bbb66656193cd7ad065c6e"",""stock_quantity"":10000},{""merchant_id"":""911975"",""name"":""POBO"",""score"":9.1,""price"":1299,""variant_id"":""186366149"",""listing_id"":""644be3de6af761cd082fb48f68870072"",""stock_quantity"":10000}]","[{""variant_id"":""186366149"",""label"":null,""in_stock"":true,""stock_quantity"":8527,""selected"":true}]",17583,25,24.94,,,estimated,24.06,inventory_net_decrease,2026-09-08,2026-09-08T13:30:55+03:00,otomobil motosiklet,BEST_SELLER,arac-ici-aksesuar,araç içi aksesuar,93,3,113,113,2,otomobil-motosiklet:arac-ici-aksesuar,93,-17,21,9,115173716,324866,115173716:324866,Havana Siyah Şişme Araç Içi Araba Ve Kamp Yatağı - Çanta Ve Pompalı Yatak Seti Araba Ve Kamp Yatağı,Havana,Araç İçi Şişme Yatak,https://www.trendyol.com/havana/siyah-sisme-arac-ici-araba-ve-kamp-yatagi-canta-ve-pompali-yatak-seti-araba-ve-kamp-yatagi-p-115173716?boutiqueId=61&merchantId=324866,Reidan,9.1,1140,,,14.5,TRY,"[""Kargo Bedava""]",InStock,,,,,,4.292917166866747,833,423,1,,,,,4999,TRY,0,1,1,3,Tahmini Teslim:,En Çok Satan 2. Ürün,https://cdn.dsmcdn.com/ty1506/product/media/images/prod/QC/20240827/15/39b11e0b-16d6-3bc3-95db-61b557a41e83/1_org_zoom.jpg,"{""Renk"":""Çok Renkli"",""Menşei"":""CN""}",20,5,refreshed,"[""daily_top""]",true,2026-09-08T10:39:11.577Z,0,"[""search_result_dom"",""product_detail_jsonld"",""product_detail_dom""]","{""variant_id"":""observed"",""variant_label"":""unavailable"",""listing_id"":""observed"",""inventory_key"":""observed"",""stock_quantity"":""observed"",""stock_quantity_source"":""observed"",""stock_quantity_kind"":""observed"",""stock_observed_at"":""observed"",""max_sale_limit"":""observed"",""seller_count"":""observed"",""seller_count_observed"":""observed"",""seller_count_kind"":""observed"",""sellers"":""observed"",""variants"":""observed"",""favorite_count"":""observed"",""inventory_decrease"":""unavailable"",""sales_estimate_daily"":""unavailable"",""sales_estimate_weekly"":""unavailable"",""sales_estimate_monthly"":""unavailable"",""sales_estimate_status"":""unavailable"",""sales_estimate_hours"":""unavailable"",""sales_estimate_source"":""unavailable"",""title"":""observed"",""brand"":""observed"",""seller_name"":""observed"",""seller_score"":""observed"",""price"":""observed"",""original_price"":""unavailable"",""campaigns"":""observed"",""stock_status"":""observed"",""stock_signal"":""unavailable"",""rating"":""observed"",""rating_count"":""observed"",""review_count"":""observed"",""question_count"":""unavailable"",""delivery_summary"":""observed"",""shipping_cost"":""observed"",""properties"":""observed""}",true,
211649771,,d66da9b9dba3bcf054befca0f0c9a9b1,126847596:555700:211649771:d66da9b9dba3bcf054befca0f0c9a9b1,1321,merchantListing.winnerVariant.quantity,reported,2026-09-08T10:39:16.051Z,50,1,1,reported_total,"[{""merchant_id"":""555700"",""name"":""GMD TECH"",""score"":8.9,""price"":169,""variant_id"":""211649771"",""listing_id"":""d66da9b9dba3bcf054befca0f0c9a9b1"",""stock_quantity"":1321}]","[{""variant_id"":""211649771"",""label"":null,""in_stock"":true,""stock_quantity"":1321,""selected"":true}]",57160,23,22.94,,,estimated,24.07,inventory_net_decrease,2026-09-08,2026-09-08T13:30:55+03:00,otomobil motosiklet,BEST_SELLER,arac-ici-aksesuar,araç içi aksesuar,94,3,114,114,,otomobil-motosiklet:arac-ici-aksesuar,94,-32,23.8,6.2,126847596,555700,126847596:555700,Mbois Kırmızı Ayak Altı Tavan Led Araç Içi Aydınlatma Oto Araba Iç Disko Ayarlanır Usb Lamba Işık,Mbois,Torpido Aksesuar,https://www.trendyol.com/mbois/kirmizi-ayak-alti-tavan-led-arac-ici-aydinlatma-oto-araba-ic-disko-ayarlanir-usb-lamba-isik-p-126847596?boutiqueId=61&merchantId=555700,GMD TECH,8.9,169,,,0,TRY,"[""Kargo Bedava""]",InStock,,,,,,3.8721768380586257,2081,954,0,,,,,4999,TRY,0,1,1,3,Tahmini Teslim:,En Çok Favorilenen 5. Ürün,https://cdn.dsmcdn.com/ty1537/product/media/images/ty1540/prod/QC/20240912/18/fe7dd50c-fac0-3348-968d-1c546d10143c/1_org_zoom.jpg,"{""Menşei"":""TR"",""Bakım Talimatları (Genel)"":""Nemli bir bezle silin.""}",20,5,refreshed,"[""daily_top""]",true,2026-09-08T10:39:16.051Z,0,"[""search_result_dom"",""product_detail_jsonld"",""product_detail_dom""]","{""variant_id"":""observed"",""variant_label"":""unavailable"",""listing_id"":""observed"",""inventory_key"":""observed"",""stock_quantity"":""observed"",""stock_quantity_source"":""observed"",""stock_quantity_kind"":""observed"",""stock_observed_at"":""observed"",""max_sale_limit"":""observed"",""seller_count"":""observed"",""seller_count_observed"":""observed"",""seller_count_kind"":""observed"",""sellers"":""observed"",""variants"":""observed"",""favorite_count"":""observed"",""inventory_decrease"":""unavailable"",""sales_estimate_daily"":""unavailable"",""sales_estimate_weekly"":""unavailable"",""sales_estimate_monthly"":""unavailable"",""sales_estimate_status"":""unavailable"",""sales_estimate_hours"":""unavailable"",""sales_estimate_source"":""unavailable"",""title"":""observed"",""brand"":""observed"",""seller_name"":""observed"",""seller_score"":""observed"",""price"":""observed"",""original_price"":""unavailable"",""campaigns"":""observed"",""stock_status"":""observed"",""stock_signal"":""unavailable"",""rating"":""observed"",""rating_count"":""observed"",""review_count"":""observed"",""question_count"":""unavailable"",""delivery_summary"":""observed"",""shipping_cost"":""observed"",""properties"":""observed""}",true,
1613359662,,02da60ee9f937a06bda65542a4b6bc05,1153426130:211918:1613359662:02da60ee9f937a06bda65542a4b6bc05,1048,merchantListing.winnerVariant.quantity,reported,2026-09-08T10:39:15.868Z,10,4,4,reported_total,"[{""merchant_id"":""211918"",""name"":""İŞCAN MOTOR"",""score"":9.3,""price"":149,""variant_id"":""1613359662"",""listing_id"":""02da60ee9f937a06bda65542a4b6bc05"",""stock_quantity"":1048},{""merchant_id"":""1197386"",""name"":""stckrcompany"",""score"":9.4,""price"":149.99,""variant_id"":""1613359662"",""listing_id"":""9e6365db706273da0f172937bc0f971a"",""stock_quantity"":416},{""merchant_id"":""471610"",""name"":""MotoRisk"",""score"":9.2,""price"":159.99,""variant_id"":""1613359662"",""listing_id"":""37f48e4ca8a1920f44cf93d1efd46926"",""stock_quantity"":14},{""merchant_id"":""855597"",""name"":""SA Printpro"",""score"":8.6,""price"":261,""variant_id"":""1613359662"",""listing_id"":""1703f5d8045d2bf8361fe2f98648e850"",""stock_quantity"":10000}]","[{""variant_id"":""1613359662"",""label"":null,""in_stock"":true,""stock_quantity"":1048,""selected"":true}]",4267,14,13.96,,,estimated,24.06,inventory_net_decrease,2026-09-08,2026-09-08T13:30:55+03:00,otomobil motosiklet,BEST_SELLER,arac-ici-aksesuar,araç içi aksesuar,95,3,115,115,5,otomobil-motosiklet:arac-ici-aksesuar,95,-32,11.5,18.5,1153426130,211918,1153426130:211918,Genel Markalar Blessed Kask Sticker – Motor Kaskı İçin Premium Yazı Kaligrafik Sticker,Genel Markalar,,https://www.trendyol.com/genel-markalar/blessed-kask-sticker-motor-kaski-icin-premium-yazi-kaligrafik-sticker-p-1153426130?boutiqueId=61&merchantId=211918,İŞCAN MOTOR,9.3,149,,,3.5,TRY,"[""Kargo Bedava"",""Trendyol Plus'a Özel""]",InStock,,,,,,4.53125,32,26,1,,,,,,,0,,,,Tahmini Teslim:,En Çok Satan 5. Ürün,,{},0,,refreshed,"[""daily_top""]",true,2026-09-08T10:39:15.869Z,0,"[""search_result_dom"",""product_detail_jsonld"",""product_detail_dom""]","{""variant_id"":""observed"",""variant_label"":""unavailable"",""listing_id"":""observed"",""inventory_key"":""observed"",""stock_quantity"":""observed"",""stock_quantity_source"":""observed"",""stock_quantity_kind"":""observed"",""stock_observed_at"":""observed"",""max_sale_limit"":""observed"",""seller_count"":""observed"",""seller_count_observed"":""observed"",""seller_count_kind"":""observed"",""sellers"":""observed"",""variants"":""observed"",""favorite_count"":""observed"",""inventory_decrease"":""unavailable"",""sales_estimate_daily"":""unavailable"",""sales_estimate_weekly"":""unavailable"",""sales_estimate_monthly"":""unavailable"",""sales_estimate_status"":""unavailable"",""sales_estimate_hours"":""unavailable"",""sales_estimate_source"":""unavailable"",""title"":""observed"",""brand"":""observed"",""seller_name"":""observed"",""seller_score"":""observed"",""price"":""observed"",""original_price"":""unavailable"",""campaigns"":""observed"",""stock_status"":""observed"",""stock_signal"":""unavailable"",""rating"":""observed"",""rating_count"":""observed"",""review_count"":""observed"",""question_count"":""unavailable"",""delivery_summary"":""observed"",""shipping_cost"":""unavailable"",""properties"":""observed""}",true,
1078637302,,92c03d3dd39610a7c001c6cbc6f4b681,809622308:108498:1078637302:92c03d3dd39610a7c001c6cbc6f4b681,3809,merchantListing.winnerVariant.quantity,reported,2026-09-08T10:39:20.437Z,10,1,1,reported_total,"[{""merchant_id"":""108498"",""name"":""Akıllıphone"",""score"":9.2,""price"":199,""variant_id"":""1078637302"",""listing_id"":""92c03d3dd39610a7c001c6cbc6f4b681"",""stock_quantity"":3809}]","[{""variant_id"":""1078637302"",""label"":null,""in_stock"":true,""stock_quantity"":3809,""selected"":true}]",4270,34,33.9,,,estimated,24.07,inventory_net_decrease,2026-09-08,2026-09-08T13:30:55+03:00,otomobil motosiklet,BEST_SELLER,arac-ici-aksesuar,araç içi aksesuar,96,3,116,116,2,otomobil-motosiklet:arac-ici-aksesuar,96,-43,18.4,11.6,809622308,108498,809622308:108498,Ally Z1S Araç İçi Havalandırma Telefon Tutucu SİYAH,Ally,Torpido Telefon Sabitleyici,https://www.trendyol.com/ally/z1s-arac-ici-havalandirma-telefon-tutucu-siyah-p-809622308?boutiqueId=61&merchantId=108498,Akıllıphone,9.2,199,,,0,TRY,"[""Kargo Bedava"",""Trendyol Plus'a Özel""]",InStock,,,,,,4.271689497716895,438,199,0,,,,,4999,TRY,0,1,1,3,Tahmini Teslim:,En Çok Satan 2. Ürün,https://cdn.dsmcdn.com/ty1186/product/media/images/prod/SPM/PIM/20240228/11/30df47b1-1c5c-30b3-9a23-a8d23faa2832/1_org_zoom.jpg,"{""Renk"":""Siyah""}",20,5,refreshed,"[""daily_top""]",true,2026-09-08T10:39:20.437Z,0,"[""search_result_dom"",""product_detail_jsonld"",""product_detail_dom""]","{""variant_id"":""observed"",""variant_label"":""unavailable"",""listing_id"":""observed"",""inventory_key"":""observed"",""stock_quantity"":""observed"",""stock_quantity_source"":""observed"",""stock_quantity_kind"":""observed"",""stock_observed_at"":""observed"",""max_sale_limit"":""observed"",""seller_count"":""observed"",""seller_count_observed"":""observed"",""seller_count_kind"":""observed"",""sellers"":""observed"",""variants"":""observed"",""favorite_count"":""observed"",""inventory_decrease"":""unavailable"",""sales_estimate_daily"":""unavailable"",""sales_estimate_weekly"":""unavailable"",""sales_estimate_monthly"":""unavailable"",""sales_estimate_status"":""unavailable"",""sales_estimate_hours"":""unavailable"",""sales_estimate_source"":""unavailable"",""title"":""observed"",""brand"":""observed"",""seller_name"":""observed"",""seller_score"":""observed"",""price"":""observed"",""original_price"":""unavailable"",""campaigns"":""observed"",""stock_status"":""observed"",""stock_signal"":""unavailable"",""rating"":""observed"",""rating_count"":""observed"",""review_count"":""observed"",""question_count"":""unavailable"",""delivery_summary"":""observed"",""shipping_cost"":""observed"",""properties"":""observed""}",true,
228184607,,d7bc5a81056851ae90b6c352c165b446,132921187:158075:228184607:d7bc5a81056851ae90b6c352c165b446,468,merchantListing.winnerVariant.quantity,reported,2026-09-08T10:39:26.345Z,20,2,2,reported_total,"[{""merchant_id"":""158075"",""name"":""Ulaşkan Otomotiv"",""score"":9.1,""price"":599.9,""variant_id"":""228184607"",""listing_id"":""d7bc5a81056851ae90b6c352c165b446"",""stock_quantity"":468},{""merchant_id"":""729306"",""name"":""Offroad Dünyası"",""score"":8.8,""price"":599.9,""variant_id"":""228184607"",""listing_id"":""4309bb6aaf480c27091ace00234f7c7b"",""stock_quantity"":10}]","[{""variant_id"":""228184607"",""label"":null,""in_stock"":true,""stock_quantity"":468,""selected"":true}]",7999,141,140.61,,,estimated,24.07,inventory_net_decrease,2026-09-08,2026-09-08T13:30:55+03:00,otomobil motosiklet,BEST_SELLER,arac-ici-aksesuar,araç içi aksesuar,97,3,117,117,,otomobil-motosiklet:arac-ici-aksesuar,97,-31,19.4,10.6,132921187,158075,132921187:158075,CARMANİAKS Usb Girişli Ayak Altı Led Sese Duyarlı Led Müziğe Duyarlı 12 Led 5V,CARMANİAKS,Torpido Aksesuar,https://www.trendyol.com/carmaniaks/usb-girisli-ayak-alti-led-sese-duyarli-led-muzige-duyarli-12-led-5v-p-132921187?boutiqueId=61&merchantId=158075,Ulaşkan Otomotiv,9.1,599.9,,,20,TRY,"[""Kargo Bedava""]",InStock,,,,,,4.283203125,512,262,0,,,,,4999,TRY,0,1,1,3,Tahmini Teslim:,,https://cdn.dsmcdn.com/ty1159/product/media/images/prod/SPM/PIM/20240130/17/3acaf20a-ff0d-3412-a846-4c39bd57f99c/1_org_zoom.jpg,"{""Menşei"":""TR"",""Bakım Talimatları (Genel)"":""Ürünün kullanım ömrünü korumak için ürüne özel bakım talimatlarını takip ediniz.""}",20,5,refreshed,"[""daily_top""]",true,2026-09-08T10:39:26.346Z,0,"[""search_result_dom"",""product_detail_jsonld"",""product_detail_dom""]","{""variant_id"":""observed"",""variant_label"":""unavailable"",""listing_id"":""observed"",""inventory_key"":""observed"",""stock_quantity"":""observed"",""stock_quantity_source"":""observed"",""stock_quantity_kind"":""observed"",""stock_observed_at"":""observed"",""max_sale_limit"":""observed"",""seller_count"":""observed"",""seller_count_observed"":""observed"",""seller_count_kind"":""observed"",""sellers"":""observed"",""variants"":""observed"",""favorite_count"":""observed"",""inventory_decrease"":""unavailable"",""sales_estimate_daily"":""unavailable"",""sales_estimate_weekly"":""unavailable"",""sales_estimate_monthly"":""unavailable"",""sales_estimate_status"":""unavailable"",""sales_estimate_hours"":""unavailable"",""sales_estimate_source"":""unavailable"",""title"":""observed"",""brand"":""observed"",""seller_name"":""observed"",""seller_score"":""observed"",""price"":""observed"",""original_price"":""unavailable"",""campaigns"":""observed"",""stock_status"":""observed"",""stock_signal"":""unavailable"",""rating"":""observed"",""rating_count"":""observed"",""review_count"":""observed"",""question_count"":""unavailable"",""delivery_summary"":""observed"",""shipping_cost"":""observed"",""properties"":""observed""}",true,
1075275775,,d3be63bdc36d6eb5ae0c13f0ee061a06,807600041:1215691:1075275775:d3be63bdc36d6eb5ae0c13f0ee061a06,9350,merchantListing.winnerVariant.quantity,reported,2026-09-08T10:39:26.450Z,10,14,14,reported_total,"[{""merchant_id"":""1215691"",""name"":""A&Z STORE"",""score"":9.1,""price"":74.9,""variant_id"":""1075275775"",""listing_id"":""d3be63bdc36d6eb5ae0c13f0ee061a06"",""stock_quantity"":9350},{""merchant_id"":""1072798"",""name"":""ZİRİTİCARET"",""score"":9.1,""price"":99.99,""variant_id"":""1075275775"",""listing_id"":""462b421198be673c2783fef9cc9d5415"",""stock_quantity"":923},{""merchant_id"":""132969"",""name"":""OTO MOTTO"",""score"":9.6,""price"":149.8,""variant_id"":""1075275775"",""listing_id"":""5bb8af1c5f5b6a3054de1272ebd68ac7"",""stock_quantity"":288},{""merchant_id"":""234289"",""name"":""MrsCargift"",""score"":9.4,""price"":150,""variant_id"":""1075275775"",""listing_id"":""ac6eda9cd620d69bc47ffecc065fb141"",""stock_quantity"":14},{""merchant_id"":""541028"",""name"":""akztuning"",""score"":7,""price"":149,""variant_id"":""1075275775"",""listing_id"":""26e6314de177efa6a582aaf7eb2d711b"",""stock_quantity"":2},{""merchant_id"":""688974"",""name"":""İK Kuzey"",""score"":9.4,""price"":199,""variant_id"":""1075275775"",""listing_id"":""6e91a9e4ea591646ef36087c12c16e98"",""stock_quantity"":408},{""merchant_id"":""386081"",""name"":""CHN GROUP"",""score"":9.3,""price"":199,""variant_id"":""1075275775"",""listing_id"":""81256375c9ca69d858cbd9bc3d578518"",""stock_quantity"":2493},{""merchant_id"":""209508"",""name"":""EF GARAGE Oto Aksesuar"",""score"":8.8,""price"":199,""variant_id"":""1075275775"",""listing_id"":""ff7564a5c6087633d00f49c6614968f0"",""stock_quantity"":9998},{""merchant_id"":""788392"",""name"":""Hombak"",""score"":8.8,""price"":199,""variant_id"":""1075275775"",""listing_id"":""f26e1d6998fec29f4f5cae665c202e05"",""stock_quantity"":96},{""merchant_id"":""1201194"",""name"":""Luseron"",""score"":7.9,""price"":199.9,""variant_id"":""1075275775"",""listing_id"":""63e7de665002f3f179ac05bf571bab4d"",""stock_quantity"":96},{""merchant_id"":""1070653"",""name"":""ASSEV"",""score"":9.1,""price"":349,""variant_id"":""1075275775"",""listing_id"":""3768fdffc8bc4df36ef3200dafff0c6d"",""stock_quantity"":5},{""merchant_id"":""1172935"",""name"":""HETicaret"",""score"":9.1,""price"":349.99,""variant_id"":""1075275775"",""listing_id"":""ebaf072644920616f01343f967b607ec"",""stock_quantity"":1},{""merchant_id"":""284234"",""name"":""THREESTEP"",""score"":9.2,""price"":349.9,""variant_id"":""1075275775"",""listing_id"":""fd9852030a87358f382087e545625468"",""stock_quantity"":3},{""merchant_id"":""295182"",""name"":""YCL GRUP"",""score"":8.6,""price"":499,""variant_id"":""1075275775"",""listing_id"":""4004f1616ab7e52e7f8a93e735bfe404"",""stock_quantity"":100}]","[{""variant_id"":""1075275775"",""label"":null,""in_stock"":true,""stock_quantity"":9350,""selected"":true}]",8527,29,28.93,,,estimated,24.06,inventory_net_decrease,2026-09-08,2026-09-08T13:30:55+03:00,otomobil motosiklet,BEST_SELLER,arac-ici-aksesuar,araç içi aksesuar,98,3,118,118,4,otomobil-motosiklet:arac-ici-aksesuar,98,-8,20.5,9.5,807600041,1215691,807600041:1215691,cabbaroglu Araç İçi Kapaklı Çöp Kutusu Uyumlu -Portatif Taşınabilir Kapaklı Çöp Kutusu -Ofis Tipi Çöp Kovası,cabbaroglu,Oto Çöp Kovası,https://www.trendyol.com/cabbaroglu/arac-ici-kapakli-cop-kutusu-uyumlu-portatif-tasinabilir-kapakli-cop-kutusu-ofis-tipi-cop-kovasi-p-807600041?boutiqueId=61&merchantId=1215691,A&Z STORE,9.1,74.9,,,0,TRY,"[""Sepette %1 İndirim"",""Kargo Bedava""]",InStock,,,,,,4.001618122977346,618,364,1,,,,,4999,TRY,0,1,1,3,Tahmini Teslim:,En Çok Satan 4. Ürün,https://cdn.dsmcdn.com/ty1657/prod/QC/20250404/02/7fcb7885-2ced-3a24-9659-52347fe6217a/1_org_zoom.jpg,"{""Diğer Özellikler"":""YOK"",""Menşei"":""CN"",""Bakım Talimatları (Genel)"":""Nemli bir bezle silin.""}",20,5,refreshed,"[""daily_top""]",true,2026-09-08T10:39:26.451Z,0,"[""search_result_dom"",""product_detail_jsonld"",""product_detail_dom""]","{""variant_id"":""observed"",""variant_label"":""unavailable"",""listing_id"":""observed"",""inventory_key"":""observed"",""stock_quantity"":""observed"",""stock_quantity_source"":""observed"",""stock_quantity_kind"":""observed"",""stock_observed_at"":""observed"",""max_sale_limit"":""observed"",""seller_count"":""observed"",""seller_count_observed"":""observed"",""seller_count_kind"":""observed"",""sellers"":""observed"",""variants"":""observed"",""favorite_count"":""observed"",""inventory_decrease"":""unavailable"",""sales_estimate_daily"":""unavailable"",""sales_estimate_weekly"":""unavailable"",""sales_estimate_monthly"":""unavailable"",""sales_estimate_status"":""unavailable"",""sales_estimate_hours"":""unavailable"",""sales_estimate_source"":""unavailable"",""title"":""observed"",""brand"":""observed"",""seller_name"":""observed"",""seller_score"":""observed"",""price"":""observed"",""original_price"":""unavailable"",""campaigns"":""observed"",""stock_status"":""observed"",""stock_signal"":""unavailable"",""rating"":""observed"",""rating_count"":""observed"",""review_count"":""observed"",""question_count"":""unavailable"",""delivery_summary"":""observed"",""shipping_cost"":""observed"",""properties"":""observed""}",true,
1469852789,,ffcb9b90022685e1c1d0c852e17718bf,1062921603:963770:1469852789:ffcb9b90022685e1c1d0c852e17718bf,9473,merchantListing.winnerVariant.quantity,reported,2026-09-08T10:39:29.666Z,10,1,1,reported_total,"[{""merchant_id"":""963770"",""name"":""SHOWLIGHT"",""score"":7.6,""price"":49.9,""variant_id"":""1469852789"",""listing_id"":""ffcb9b90022685e1c1d0c852e17718bf"",""stock_quantity"":9473}]","[{""variant_id"":""1469852789"",""label"":null,""in_stock"":true,""stock_quantity"":9473,""selected"":true}]",1618,17,16.95,,,estimated,24.07,inventory_net_decrease,2026-09-08,2026-09-08T13:30:55+03:00,otomobil motosiklet,BEST_SELLER,arac-ici-aksesuar,araç içi aksesuar,99,3,119,119,6,otomobil-motosiklet:arac-ici-aksesuar,99,-47,9.4,20.6,1062921603,963770,1062921603:963770,"SHOWLIGHT Vakumlu Slikon Vantuz Telefon Tutucu, Cep Telefonu İçin Yapışkanlı Kaymaz Tutucu Cama Yapışan",SHOWLIGHT,,https://www.trendyol.com/showlight/vakumlu-slikon-vantuz-telefon-tutucu-cep-telefonu-icin-yapiskanli-kaymaz-tutucu-cama-yapisan-p-1062921603?boutiqueId=61&merchantId=963770,SHOWLIGHT,7.6,49.9,,,0,TRY,"[""Kargo Bedava""]",InStock,,,,,,3.4,25,14,1,,,,,,,0,,,,Tahmini Teslim:,,,{},0,,refreshed,"[""daily_top""]",true,2026-09-08T10:39:29.667Z,0,"[""search_result_dom"",""product_detail_jsonld"",""product_detail_dom""]","{""variant_id"":""observed"",""variant_label"":""unavailable"",""listing_id"":""observed"",""inventory_key"":""observed"",""stock_quantity"":""observed"",""stock_quantity_source"":""observed"",""stock_quantity_kind"":""observed"",""stock_observed_at"":""observed"",""max_sale_limit"":""observed"",""seller_count"":""observed"",""seller_count_observed"":""observed"",""seller_count_kind"":""observed"",""sellers"":""observed"",""variants"":""observed"",""favorite_count"":""observed"",""inventory_decrease"":""unavailable"",""sales_estimate_daily"":""unavailable"",""sales_estimate_weekly"":""unavailable"",""sales_estimate_monthly"":""unavailable"",""sales_estimate_status"":""unavailable"",""sales_estimate_hours"":""unavailable"",""sales_estimate_source"":""unavailable"",""title"":""observed"",""brand"":""observed"",""seller_name"":""observed"",""seller_score"":""observed"",""price"":""observed"",""original_price"":""unavailable"",""campaigns"":""observed"",""stock_status"":""observed"",""stock_signal"":""unavailable"",""rating"":""observed"",""rating_count"":""observed"",""review_count"":""observed"",""question_count"":""unavailable"",""delivery_summary"":""observed"",""shipping_cost"":""unavailable"",""properties"":""observed""}",true,
270939449,,179125f4f4eda30e3186b5fb634626ae,166200778:185368:270939449:179125f4f4eda30e3186b5fb634626ae,1263,merchantListing.winnerVariant.quantity,reported,2026-09-08T10:39:37.896Z,20,1,1,reported_total,"[{""merchant_id"":""185368"",""name"":""MeyZone"",""score"":9.5,""price"":99.9,""variant_id"":""270939449"",""listing_id"":""179125f4f4eda30e3186b5fb634626ae"",""stock_quantity"":1263}]","[{""variant_id"":""270939449"",""label"":null,""in_stock"":true,""stock_quantity"":1263,""selected"":true}]",21285,8,7.98,,,estimated,24.06,inventory_net_decrease,2026-09-08,2026-09-08T13:30:55+03:00,otomobil motosiklet,BEST_SELLER,arac-ici-aksesuar,araç içi aksesuar,100,3,120,120,,otomobil-motosiklet:arac-ici-aksesuar,100,-20,23.5,6.5,166200778,185368,166200778:185368,MeyZone Araç Içi Klima Izgara Hava Çıkış Dekoratif Şeritler Klima Şerit Krom Kırmızı,MeyZone,Torpido Aksesuar,https://www.trendyol.com/meyzone/arac-ici-klima-izgara-hava-cikis-dekoratif-seritler-klima-serit-krom-kirmizi-p-166200778?boutiqueId=61&merchantId=185368,MeyZone,9.5,99.9,,,0,TRY,"[""Sepette %1 İndirim"",""Kargo Bedava""]",InStock,,,,,,4.450828729281769,1810,875,-1,,,,,4999,TRY,0,,1,3,Tahmini Teslim:,,https://cdn.dsmcdn.com/ty1486/product/media/images/prod/QC/20240817/21/af5de698-ff40-306f-970c-c2f01597c2d1/1_org_zoom.jpg,"{""Menşei"":""CN"",""Bakım Talimatları (Genel)"":""Ürünün kullanım ömrünü korumak için ürüne özel bakım talimatlarını takip ediniz.""}",20,5,refreshed,"[""daily_top""]",true,2026-09-08T10:39:37.896Z,0,"[""search_result_dom"",""product_detail_jsonld"",""product_detail_dom""]","{""variant_id"":""observed"",""variant_label"":""unavailable"",""listing_id"":""observed"",""inventory_key"":""observed"",""stock_quantity"":""observed"",""stock_quantity_source"":""observed"",""stock_quantity_kind"":""observed"",""stock_observed_at"":""observed"",""max_sale_limit"":""observed"",""seller_count"":""observed"",""seller_count_observed"":""observed"",""seller_count_kind"":""observed"",""sellers"":""observed"",""variants"":""observed"",""favorite_count"":""observed"",""inventory_decrease"":""unavailable"",""sales_estimate_daily"":""unavailable"",""sales_estimate_weekly"":""unavailable"",""sales_estimate_monthly"":""unavailable"",""sales_estimate_status"":""unavailable"",""sales_estimate_hours"":""unavailable"",""sales_estimate_source"":""unavailable"",""title"":""observed"",""brand"":""observed"",""seller_name"":""observed"",""seller_score"":""observed"",""price"":""observed"",""original_price"":""unavailable"",""campaigns"":""observed"",""stock_status"":""observed"",""stock_signal"":""unavailable"",""rating"":""observed"",""rating_count"":""observed"",""review_count"":""observed"",""question_count"":""unavailable"",""delivery_summary"":""observed"",""shipping_cost"":""observed"",""properties"":""observed""}",true,
312635427,,f1ede7b83e1e53a4612d73074c683d9c,190162311:1081599:312635427:f1ede7b83e1e53a4612d73074c683d9c,4961,merchantListing.winnerVariant.quantity,reported,2026-09-08T10:39:37.603Z,10,4,4,reported_total,"[{""merchant_id"":""1081599"",""name"":""HASYÜNCÜ OFSET MATBAACILIK"",""score"":9.6,""price"":140,""variant_id"":""312635427"",""listing_id"":""f1ede7b83e1e53a4612d73074c683d9c"",""stock_quantity"":4961},{""merchant_id"":""306623"",""name"":""İyimi E-Ticaret"",""score"":9.4,""price"":144.9,""variant_id"":""312635427"",""listing_id"":""e0751a95275869f0736b13daebeb73fc"",""stock_quantity"":8592},{""merchant_id"":""847338"",""name"":""TANPETAMBALAJ"",""score"":8.8,""price"":189,""variant_id"":""312635427"",""listing_id"":""994b8914a87706541c0be1f8db1061d0"",""stock_quantity"":49},{""merchant_id"":""1060489"",""name"":""EXBAY KİMYA"",""score"":8.7,""price"":299,""variant_id"":""312635427"",""listing_id"":""bafcf6bbced40fa884c878d51ca20730"",""stock_quantity"":337}]","[{""variant_id"":""312635427"",""label"":null,""in_stock"":true,""stock_quantity"":4961,""selected"":true}]",22768,,,,,identity_changed_or_unknown,,inventory_net_decrease,2026-09-08,2026-09-08T13:30:55+03:00,otomobil motosiklet,BEST_SELLER,arac-ici-aksesuar,araç içi aksesuar,101,3,121,121,1,otomobil-motosiklet:arac-ici-aksesuar,101,7,21.4,8.6,190162311,1081599,190162311:1081599,Genel Markalar Kraft Araç Araba Oto Paspas Kağıdı Baskılı 50 Adet 35x50 Cm 632KSERI,Genel Markalar,Oto Paspas Kağıdı,https://www.trendyol.com/genel-markalar/kraft-arac-araba-oto-paspas-kagidi-baskili-50-adet-35x50-cm-632kseri-p-190162311?boutiqueId=61&merchantId=1081599,HASYÜNCÜ OFSET MATBAACILIK,9.6,140,,,,TRY,"[""Kargo Bedava""]",InStock,,,,,,4.607040913415794,1051,475,0,,,,,4999,TRY,0,1,1,3,Tahmini Teslim:,En Çok Satan 1. Ürün,https://cdn.dsmcdn.com/ty245/product/media/images/20211114/18/179309718/312635427/1/1_org_zoom.jpg,"{""Renk"":""Bej"",""Paket İçeriği"":""50'li""}",20,5,refreshed,"[""daily_top"",""hot_change""]",true,2026-09-08T10:39:37.604Z,0,"[""search_result_dom"",""product_detail_jsonld"",""product_detail_dom""]","{""variant_id"":""observed"",""variant_label"":""unavailable"",""listing_id"":""observed"",""inventory_key"":""observed"",""stock_quantity"":""observed"",""stock_quantity_source"":""observed"",""stock_quantity_kind"":""observed"",""stock_observed_at"":""observed"",""max_sale_limit"":""observed"",""seller_count"":""observed"",""seller_count_observed"":""observed"",""seller_count_kind"":""observed"",""sellers"":""observed"",""variants"":""observed"",""favorite_count"":""observed"",""inventory_decrease"":""unavailable"",""sales_estimate_daily"":""unavailable"",""sales_estimate_weekly"":""unavailable"",""sales_estimate_monthly"":""unavailable"",""sales_estimate_status"":""unavailable"",""sales_estimate_hours"":""unavailable"",""sales_estimate_source"":""unavailable"",""title"":""observed"",""brand"":""observed"",""seller_name"":""observed"",""seller_score"":""observed"",""price"":""observed"",""original_price"":""unavailable"",""campaigns"":""observed"",""stock_status"":""observed"",""stock_signal"":""unavailable"",""rating"":""observed"",""rating_count"":""observed"",""review_count"":""observed"",""question_count"":""unavailable"",""delivery_summary"":""observed"",""shipping_cost"":""observed"",""properties"":""observed""}",true,
1292004347,,c6e101e37917eb291d6b6f5f145001d2,917481790:1100118:1292004347:c6e101e37917eb291d6b6f5f145001d2,1329,merchantListing.winnerVariant.quantity,reported,2026-09-08T10:39:39.494Z,5,2,2,reported_total,"[{""merchant_id"":""1100118"",""name"":""HemenTıklaAl"",""score"":8.6,""price"":199,""variant_id"":""1292004347"",""listing_id"":""c6e101e37917eb291d6b6f5f145001d2"",""stock_quantity"":1329},{""merchant_id"":""388542"",""name"":""KİTECH"",""score"":9.3,""price"":405,""variant_id"":""1292004347"",""listing_id"":""5ac0c9edbf456463bce93697e62e7308"",""stock_quantity"":983}]","[{""variant_id"":""1292004347"",""label"":null,""in_stock"":true,""stock_quantity"":1329,""selected"":true}]",20393,20,19.94,,,estimated,24.07,inventory_net_decrease,2026-09-08,2026-09-08T13:30:55+03:00,otomobil motosiklet,BEST_SELLER,arac-ici-aksesuar,araç içi aksesuar,102,3,122,122,4,otomobil-motosiklet:arac-ici-aksesuar,102,-32,20,10,917481790,1100118,917481790:1100118,Arfseb Araç İçi Koltuk Arkası Organizer Şık Tasarım Pratik Depolama - Geniş Hazne Özel Bölmeler,Arfseb,Araç İçi Organizer,https://www.trendyol.com/arfseb/arac-ici-koltuk-arkasi-organizer-sik-tasarim-pratik-depolama-genis-hazne-ozel-bolmeler-p-917481790?boutiqueId=61&merchantId=1100118,HemenTıklaAl,8.6,199,,,0,TRY,"[""Kargo Bedava""]",InStock,,,,,,4.254820936639119,726,315,1,,,,,4999,TRY,0,,1,3,Tahmini Teslim:,En Çok Satan 4. Ürün,https://cdn.dsmcdn.com/ty1738/prod/QC_ENRICHMENT/20250829/10/22a7f2a6-6d55-3adf-89fd-75af1785f119/1_org_zoom.jpg,"{""Diğer Özellikler"":""Su geçirmez"",""Menşei"":""CN"",""Bakım Talimatları (Genel)"":""Nemli bir bezle silin.""}",20,5,refreshed,"[""daily_top""]",true,2026-09-08T10:39:39.495Z,0,"[""search_result_dom"",""product_detail_jsonld"",""product_detail_dom""]","{""variant_id"":""observed"",""variant_label"":""unavailable"",""listing_id"":""observed"",""inventory_key"":""observed"",""stock_quantity"":""observed"",""stock_quantity_source"":""observed"",""stock_quantity_kind"":""observed"",""stock_observed_at"":""observed"",""max_sale_limit"":""observed"",""seller_count"":""observed"",""seller_count_observed"":""observed"",""seller_count_kind"":""observed"",""sellers"":""observed"",""variants"":""observed"",""favorite_count"":""observed"",""inventory_decrease"":""unavailable"",""sales_estimate_daily"":""unavailable"",""sales_estimate_weekly"":""unavailable"",""sales_estimate_monthly"":""unavailable"",""sales_estimate_status"":""unavailable"",""sales_estimate_hours"":""unavailable"",""sales_estimate_source"":""unavailable"",""title"":""observed"",""brand"":""observed"",""seller_name"":""observed"",""seller_score"":""observed"",""price"":""observed"",""original_price"":""unavailable"",""campaigns"":""observed"",""stock_status"":""observed"",""stock_signal"":""unavailable"",""rating"":""observed"",""rating_count"":""observed"",""review_count"":""observed"",""question_count"":""unavailable"",""delivery_summary"":""observed"",""shipping_cost"":""observed"",""properties"":""observed""}",true,
886056300,,b6db4ea2d47fb29d11b3ea64cfb2c30e,669829503:158075:886056300:b6db4ea2d47fb29d11b3ea64cfb2c30e,411,merchantListing.winnerVariant.quantity,reported,2026-09-08T10:39:46.669Z,20,1,1,reported_total,"[{""merchant_id"":""158075"",""name"":""Ulaşkan Otomotiv"",""score"":9.1,""price"":498.9,""variant_id"":""886056300"",""listing_id"":""b6db4ea2d47fb29d11b3ea64cfb2c30e"",""stock_quantity"":411}]","[{""variant_id"":""886056300"",""label"":null,""in_stock"":true,""stock_quantity"":411,""selected"":true}]",16082,27,26.93,,,estimated,24.06,inventory_net_decrease,2026-09-08,2026-09-08T13:30:55+03:00,otomobil motosiklet,BEST_SELLER,arac-ici-aksesuar,araç içi aksesuar,103,3,123,123,,otomobil-motosiklet:arac-ici-aksesuar,103,-7,17.3,12.7,669829503,158075,669829503:158075,C9 Rgb Araç Içi Atmosfer Ambiyans Ip Neon Torpido Led USB Girişli 2 Metre,C9,Torpido Aksesuar,https://www.trendyol.com/c9/rgb-arac-ici-atmosfer-ambiyans-ip-neon-torpido-led-usb-girisli-2-metre-p-669829503?boutiqueId=61&merchantId=158075,Ulaşkan Otomotiv,9.1,498.9,,,0,TRY,"[""Kargo Bedava""]",InStock,,,,,,3.5984848484848486,264,146,2,,,,,4999,TRY,0,1,1,3,Tahmini Teslim:,En Çok Ziyaret Edilen 3. Ürün,https://cdn.dsmcdn.com/ty1085/product/media/images/prod/SPM/PIM/20231209/12/f5c1ce4d-f2c5-3813-a5bc-61de2cf66155/1_org_zoom.jpg,"{""Menşei"":""TR"",""Bakım Talimatları (Genel)"":""Ürünün kullanım ömrünü korumak için ürüne özel bakım talimatlarını takip ediniz.""}",20,5,refreshed,"[""daily_top""]",true,2026-09-08T10:39:46.670Z,0,"[""search_result_dom"",""product_detail_jsonld"",""product_detail_dom""]","{""variant_id"":""observed"",""variant_label"":""unavailable"",""listing_id"":""observed"",""inventory_key"":""observed"",""stock_quantity"":""observed"",""stock_quantity_source"":""observed"",""stock_quantity_kind"":""observed"",""stock_observed_at"":""observed"",""max_sale_limit"":""observed"",""seller_count"":""observed"",""seller_count_observed"":""observed"",""seller_count_kind"":""observed"",""sellers"":""observed"",""variants"":""observed"",""favorite_count"":""observed"",""inventory_decrease"":""unavailable"",""sales_estimate_daily"":""unavailable"",""sales_estimate_weekly"":""unavailable"",""sales_estimate_monthly"":""unavailable"",""sales_estimate_status"":""unavailable"",""sales_estimate_hours"":""unavailable"",""sales_estimate_source"":""unavailable"",""title"":""observed"",""brand"":""observed"",""seller_name"":""observed"",""seller_score"":""observed"",""price"":""observed"",""original_price"":""unavailable"",""campaigns"":""observed"",""stock_status"":""observed"",""stock_signal"":""unavailable"",""rating"":""observed"",""rating_count"":""observed"",""review_count"":""observed"",""question_count"":""unavailable"",""delivery_summary"":""observed"",""shipping_cost"":""observed"",""properties"":""observed""}",true,
1334773194,,77c0c27bc83977f033f126e9d07610e5,942945786:210134:1334773194:77c0c27bc83977f033f126e9d07610e5,2148,merchantListing.winnerVariant.quantity,reported,2026-09-08T10:39:46.778Z,10,1,1,reported_total,"[{""merchant_id"":""210134"",""name"":""PSGT"",""score"":9.2,""price"":299,""variant_id"":""1334773194"",""listing_id"":""77c0c27bc83977f033f126e9d07610e5"",""stock_quantity"":2148}]","[{""variant_id"":""1334773194"",""label"":null,""in_stock"":true,""stock_quantity"":2148,""selected"":true}]",24028,8,7.97,,,estimated,24.08,inventory_net_decrease,2026-09-08,2026-09-08T13:30:55+03:00,otomobil motosiklet,BEST_SELLER,arac-ici-aksesuar,araç içi aksesuar,104,3,124,124,7,otomobil-motosiklet:arac-ici-aksesuar,104,-55,22.4,7.6,942945786,210134,942945786:210134,PSGT Araç içi /Her Yerde Kullanılabilen Magsafe Kilitli Vakum Telefon Tutucu 360° + 2adet Metal Halka,PSGT,,https://www.trendyol.com/psgt/arac-ici-her-yerde-kullanilabilen-magsafe-kilitli-vakum-telefon-tutucu-360-2adet-metal-halka-p-942945786?boutiqueId=61&merchantId=210134,PSGT,9.2,299,,,0,TRY,"[""Kargo Bedava""]",InStock,,,,,,4.077173030056865,1231,627,1,,,,,,,0,,,,Tahmini Teslim:,,,{},0,,refreshed,"[""daily_top""]",true,2026-09-08T10:39:46.778Z,0,"[""search_result_dom"",""product_detail_jsonld"",""product_detail_dom""]","{""variant_id"":""observed"",""variant_label"":""unavailable"",""listing_id"":""observed"",""inventory_key"":""observed"",""stock_quantity"":""observed"",""stock_quantity_source"":""observed"",""stock_quantity_kind"":""observed"",""stock_observed_at"":""observed"",""max_sale_limit"":""observed"",""seller_count"":""observed"",""seller_count_observed"":""observed"",""seller_count_kind"":""observed"",""sellers"":""observed"",""variants"":""observed"",""favorite_count"":""observed"",""inventory_decrease"":""unavailable"",""sales_estimate_daily"":""unavailable"",""sales_estimate_weekly"":""unavailable"",""sales_estimate_monthly"":""unavailable"",""sales_estimate_status"":""unavailable"",""sales_estimate_hours"":""unavailable"",""sales_estimate_source"":""unavailable"",""title"":""observed"",""brand"":""observed"",""seller_name"":""observed"",""seller_score"":""observed"",""price"":""observed"",""original_price"":""unavailable"",""campaigns"":""observed"",""stock_status"":""observed"",""stock_signal"":""unavailable"",""rating"":""observed"",""rating_count"":""observed"",""review_count"":""observed"",""question_count"":""unavailable"",""delivery_summary"":""observed"",""shipping_cost"":""unavailable"",""properties"":""observed""}",true,
351912031,,e398c570bdecd8cad18a14aef5517fa5,217366182:576149:351912031:e398c570bdecd8cad18a14aef5517fa5,1698,merchantListing.winnerVariant.quantity,reported,2026-09-08T10:39:48.283Z,10,5,5,reported_total,"[{""merchant_id"":""576149"",""name"":""SAVORY HOME"",""score"":8.9,""price"":44,""variant_id"":""351912031"",""listing_id"":""e398c570bdecd8cad18a14aef5517fa5"",""stock_quantity"":1698},{""merchant_id"":""751525"",""name"":""NEW KİTCHEN"",""score"":8.8,""price"":47.9,""variant_id"":""351912031"",""listing_id"":""db3ac8dba1ac595026a5921d30a36fed"",""stock_quantity"":1056},{""merchant_id"":""219087"",""name"":""Newstore Home"",""score"":9.3,""price"":115.9,""variant_id"":""351912031"",""listing_id"":""7e6303e635efb59fd13c1243d2da0783"",""stock_quantity"":1},{""merchant_id"":""1218518"",""name"":""Orvenheim"",""score"":9.1,""price"":199.9,""variant_id"":""351912031"",""listing_id"":""d1802dd88bef94f5df3e3b351b36bea3"",""stock_quantity"":12222},{""merchant_id"":""1102810"",""name"":""PLASFIRE STORE"",""score"":8.3,""price"":200,""variant_id"":""351912031"",""listing_id"":""1dd66145a553b62ea29be5c28e00f185"",""stock_quantity"":100}]","[{""variant_id"":""351912031"",""label"":null,""in_stock"":true,""stock_quantity"":1698,""selected"":true}]",1805,12,11.97,,,estimated,24.07,inventory_net_decrease,2026-09-08,2026-09-08T13:30:55+03:00,otomobil motosiklet,BEST_SELLER,arac-ici-aksesuar,araç içi aksesuar,105,3,125,125,,otomobil-motosiklet:arac-ici-aksesuar,105,-32,16.1,13.9,217366182,576149,217366182:576149,Genel Markalar Telefon Tutacağı Duvara Monte Tv Kumandası Klima Kumandası Asma Aparatı,Genel Markalar,Araç İçi Telefon Tutucular,https://www.trendyol.com/genel-markalar/telefon-tutacagi-duvara-monte-tv-kumandasi-klima-kumandasi-asma-aparati-p-217366182?boutiqueId=61&merchantId=576149,SAVORY HOME,8.9,44,,,24.8,TRY,"[""Sepette %1 İndirim"",""Kargo Bedava""]",InStock,,,,,,3.4791666666666665,192,103,0,,,,,4999,TRY,0,1,1,3,Tahmini Teslim:,,https://cdn.dsmcdn.com/ty1544/product/media/images/ty1543/prod/QC/20240914/14/51d62ba0-3d5e-3e46-812e-4c432a3083b6/1_org_zoom.jpg,"{""Telefon Tutucu Özellikleri"":""Mıknatıslı"",""Renk"":""Mor"",""Garanti Süresi"":""Belirtilmemiş"",""Materyal"":""Plastik"",""Menşei"":""CN"",""Bakım Talimatları (Genel)"":""Ürünün kullanım ömrünü korumak için ürüne özel bakım talimatlarını takip ediniz.""}",20,5,refreshed,"[""daily_top""]",true,2026-09-08T10:39:48.284Z,0,"[""search_result_dom"",""product_detail_jsonld"",""product_detail_dom""]","{""variant_id"":""observed"",""variant_label"":""unavailable"",""listing_id"":""observed"",""inventory_key"":""observed"",""stock_quantity"":""observed"",""stock_quantity_source"":""observed"",""stock_quantity_kind"":""observed"",""stock_observed_at"":""observed"",""max_sale_limit"":""observed"",""seller_count"":""observed"",""seller_count_observed"":""observed"",""seller_count_kind"":""observed"",""sellers"":""observed"",""variants"":""observed"",""favorite_count"":""observed"",""inventory_decrease"":""unavailable"",""sales_estimate_daily"":""unavailable"",""sales_estimate_weekly"":""unavailable"",""sales_estimate_monthly"":""unavailable"",""sales_estimate_status"":""unavailable"",""sales_estimate_hours"":""unavailable"",""sales_estimate_source"":""unavailable"",""title"":""observed"",""brand"":""observed"",""seller_name"":""observed"",""seller_score"":""observed"",""price"":""observed"",""original_price"":""unavailable"",""campaigns"":""observed"",""stock_status"":""observed"",""stock_signal"":""unavailable"",""rating"":""observed"",""rating_count"":""observed"",""review_count"":""observed"",""question_count"":""unavailable"",""delivery_summary"":""observed"",""shipping_cost"":""observed"",""properties"":""observed""}",true,
1338091954,,91041e1c4a75a355951d6f5460755735,945131580:111284:1338091954:91041e1c4a75a355951d6f5460755735,81,merchantListing.winnerVariant.quantity,reported,2026-09-08T10:39:56.033Z,5,1,1,reported_total,"[{""merchant_id"":""111284"",""name"":""AZRUA"",""score"":9.6,""price"":175,""variant_id"":""1338091954"",""listing_id"":""91041e1c4a75a355951d6f5460755735"",""stock_quantity"":81}]","[{""variant_id"":""1338091954"",""label"":null,""in_stock"":true,""stock_quantity"":81,""selected"":true}]",14706,,,,,unchanged_stock,24.07,inventory_net_decrease,2026-09-08,2026-09-08T13:30:55+03:00,otomobil motosiklet,BEST_SELLER,arac-ici-aksesuar,araç içi aksesuar,106,3,126,126,3,otomobil-motosiklet:arac-ici-aksesuar,106,-32,14.5,15.5,945131580,111284,945131580:111284,Azrua Yaldızlı Açık Mavi Turkuaz Kaplumbağa Nazar Boncuklu Araba Ayna Süsü Araba Nazarlık Nazar Koruması,Azrua,Dikiz Aynası,https://www.trendyol.com/azrua/yaldizli-acik-mavi-turkuaz-kaplumbaga-nazar-boncuklu-araba-ayna-susu-araba-nazarlik-nazar-korumasi-p-945131580?boutiqueId=61&merchantId=111284,AZRUA,9.6,175,,,0,TRY,"[""10 TL Kupon"",""Kargo Bedava""]",InStock,,,,,,4.64245810055866,179,64,0,,,,,4999,TRY,0,1,1,3,Tahmini Teslim:,En Çok Satan 3. Ürün,https://cdn.dsmcdn.com/ty1692/prod/QC_PREP/20250616/01/632a13ae-35f4-3a12-893c-c2fa5a6611b3/1_org_zoom.jpg,"{""Diğer Özellikler"":""araba nazarlık"",""Menşei"":""TR""}",20,5,refreshed,"[""daily_top""]",true,2026-09-08T10:39:56.034Z,0,"[""search_result_dom"",""product_detail_jsonld"",""product_detail_dom""]","{""variant_id"":""observed"",""variant_label"":""unavailable"",""listing_id"":""observed"",""inventory_key"":""observed"",""stock_quantity"":""observed"",""stock_quantity_source"":""observed"",""stock_quantity_kind"":""observed"",""stock_observed_at"":""observed"",""max_sale_limit"":""observed"",""seller_count"":""observed"",""seller_count_observed"":""observed"",""seller_count_kind"":""observed"",""sellers"":""observed"",""variants"":""observed"",""favorite_count"":""observed"",""inventory_decrease"":""unavailable"",""sales_estimate_daily"":""unavailable"",""sales_estimate_weekly"":""unavailable"",""sales_estimate_monthly"":""unavailable"",""sales_estimate_status"":""unavailable"",""sales_estimate_hours"":""unavailable"",""sales_estimate_source"":""unavailable"",""title"":""observed"",""brand"":""observed"",""seller_name"":""observed"",""seller_score"":""observed"",""price"":""observed"",""original_price"":""unavailable"",""campaigns"":""observed"",""stock_status"":""observed"",""stock_signal"":""unavailable"",""rating"":""observed"",""rating_count"":""observed"",""review_count"":""observed"",""question_count"":""unavailable"",""delivery_summary"":""observed"",""shipping_cost"":""observed"",""properties"":""observed""}",true,
1647173892,,a5f6eb505c5264dc3f7be52335906a5f,1175349712:1100118:1647173892:a5f6eb505c5264dc3f7be52335906a5f,5267,merchantListing.winnerVariant.quantity,reported,2026-09-08T10:39:55.974Z,10,2,2,reported_total,"[{""merchant_id"":""1100118"",""name"":""HemenTıklaAl"",""score"":8.6,""price"":74.99,""variant_id"":""1647173892"",""listing_id"":""a5f6eb505c5264dc3f7be52335906a5f"",""stock_quantity"":5267},{""merchant_id"":""388542"",""name"":""KİTECH"",""score"":9.3,""price"":249,""variant_id"":""1647173892"",""listing_id"":""3c75aabe7ffb8fc79d4ac631b3b9061c"",""stock_quantity"":5395}]","[{""variant_id"":""1647173892"",""label"":null,""in_stock"":true,""stock_quantity"":5267,""selected"":true}]",196,12,11.96,,,estimated,24.08,inventory_net_decrease,2026-09-08,2026-09-08T13:30:55+03:00,otomobil motosiklet,BEST_SELLER,arac-ici-aksesuar,araç içi aksesuar,107,3,127,127,,otomobil-motosiklet:arac-ici-aksesuar,107,-42,48.2,25.2,1175349712,1100118,1175349712:1100118,omitech 360° Döner Alüminyum Ayarlanabilir Telefon ve Tablet Standı Katlanabilir Masaüstü Telefon Tutucu,omitech,Araç İçi Telefon Tutucular,https://www.trendyol.com/omitech/360-doner-aluminyum-ayarlanabilir-telefon-ve-tablet-standi-katlanabilir-masaustu-telefon-tutucu-p-1175349712?boutiqueId=61&merchantId=1100118,HemenTıklaAl,8.6,74.99,132.41,43.4,0,TRY,"[""Son 10 Günün En Düşük Fiyatı"",""Kargo Bedava"",""Son 10 günün en düşük fiyatı""]",InStock,,,,,,4.1,10,3,2,,,,,4999,TRY,0,1,1,3,Tahmini Teslim:,,https://cdn.dsmcdn.com/ty1893/prod/QC_PREP/20260723/17/ccbb8345-0bc6-363e-be8c-4111b9c885cb/1_org_zoom.jpg,"{""Telefon Tutucu Özellikleri"":""Akrobat"",""Renk"":""Siyah"",""Garanti Süresi"":""6 Ay"",""Türü"":""Direksiyon"",""Materyal"":""Alüminyum"",""Menşei"":""CN"",""Bakım Talimatları (Genel)"":""Nemli bir bezle silin.""}",3,2,refreshed,"[""daily_top""]",true,2026-09-08T10:39:55.976Z,0,"[""search_result_dom"",""product_detail_jsonld"",""product_detail_dom""]","{""variant_id"":""observed"",""variant_label"":""unavailable"",""listing_id"":""observed"",""inventory_key"":""observed"",""stock_quantity"":""observed"",""stock_quantity_source"":""observed"",""stock_quantity_kind"":""observed"",""stock_observed_at"":""observed"",""max_sale_limit"":""observed"",""seller_count"":""observed"",""seller_count_observed"":""observed"",""seller_count_kind"":""observed"",""sellers"":""observed"",""variants"":""observed"",""favorite_count"":""observed"",""inventory_decrease"":""unavailable"",""sales_estimate_daily"":""unavailable"",""sales_estimate_weekly"":""unavailable"",""sales_estimate_monthly"":""unavailable"",""sales_estimate_status"":""unavailable"",""sales_estimate_hours"":""unavailable"",""sales_estimate_source"":""unavailable"",""title"":""observed"",""brand"":""observed"",""seller_name"":""observed"",""seller_score"":""observed"",""price"":""observed"",""original_price"":""observed"",""campaigns"":""observed"",""stock_status"":""observed"",""stock_signal"":""unavailable"",""rating"":""observed"",""rating_count"":""observed"",""review_count"":""observed"",""question_count"":""unavailable"",""delivery_summary"":""observed"",""shipping_cost"":""observed"",""properties"":""observed""}",true,
1634216904,,c8336cff90c0aa4ee6b496f82998be0c,1166695369:215882:1634216904:c8336cff90c0aa4ee6b496f82998be0c,2207,merchantListing.winnerVariant.quantity,reported,2026-09-08T10:39:57.642Z,10,1,1,reported_total,"[{""merchant_id"":""215882"",""name"":""BG-TİCARET"",""score"":9.8,""price"":299.9,""variant_id"":""1634216904"",""listing_id"":""c8336cff90c0aa4ee6b496f82998be0c"",""stock_quantity"":2207}]","[{""variant_id"":""1634216904"",""label"":null,""in_stock"":true,""stock_quantity"":2207,""selected"":true}]",1536,19,18.95,,,estimated,24.07,inventory_net_decrease,2026-09-08,2026-09-08T13:30:55+03:00,otomobil motosiklet,BEST_SELLER,arac-ici-aksesuar,araç içi aksesuar,108,3,128,128,5,otomobil-motosiklet:arac-ici-aksesuar,108,-25,14.3,15.7,1166695369,215882,1166695369:215882,bgvibe Araba İçi Tablet Tutucu Koltuk Arkası Organizer Araç Oto Çocuk Çok Bölmeli Organizer Cepli Eşya Düzenleyici,bgvibe,Araç İçi Organizer,https://www.trendyol.com/bgvibe/araba-ici-tablet-tutucu-koltuk-arkasi-organizer-arac-oto-cocuk-cok-bolmeli-organizer-cepli-esya-duzenleyici-p-1166695369?boutiqueId=61&merchantId=215882,BG-TİCARET,9.8,299.9,,,11.4,TRY,"[""Kargo Bedava"",""Trendyol Plus'a Özel""]",InStock,,,,,,4.7164179104477615,67,60,0,,,,,4999,TRY,0,,1,2,Tahmini Teslim:,En Çok Satan 5. Ürün,https://cdn.dsmcdn.com/ty1941/prod/QC_PREP/20260709/16/baae0ec2-6e21-36ff-b4a2-12854667b492/1_org_zoom.jpg,"{""Diğer Özellikler"":""kolay kurulum. elde yıkanabilir. tak çıkar."",""Menşei"":""TR""}",20,5,refreshed,"[""daily_top""]",true,2026-09-08T10:39:57.642Z,0,"[""search_result_dom"",""product_detail_jsonld"",""product_detail_dom""]","{""variant_id"":""observed"",""variant_label"":""unavailable"",""listing_id"":""observed"",""inventory_key"":""observed"",""stock_quantity"":""observed"",""stock_quantity_source"":""observed"",""stock_quantity_kind"":""observed"",""stock_observed_at"":""observed"",""max_sale_limit"":""observed"",""seller_count"":""observed"",""seller_count_observed"":""observed"",""seller_count_kind"":""observed"",""sellers"":""observed"",""variants"":""observed"",""favorite_count"":""observed"",""inventory_decrease"":""unavailable"",""sales_estimate_daily"":""unavailable"",""sales_estimate_weekly"":""unavailable"",""sales_estimate_monthly"":""unavailable"",""sales_estimate_status"":""unavailable"",""sales_estimate_hours"":""unavailable"",""sales_estimate_source"":""unavailable"",""title"":""observed"",""brand"":""observed"",""seller_name"":""observed"",""seller_score"":""observed"",""price"":""observed"",""original_price"":""unavailable"",""campaigns"":""observed"",""stock_status"":""observed"",""stock_signal"":""unavailable"",""rating"":""observed"",""rating_count"":""observed"",""review_count"":""observed"",""question_count"":""unavailable"",""delivery_summary"":""observed"",""shipping_cost"":""observed"",""properties"":""observed""}",true,
1502628356,,10e5c8bc1deca5a7e151de61b34c2bd5,1086914506:185368:1502628356:10e5c8bc1deca5a7e151de61b34c2bd5,497,merchantListing.winnerVariant.quantity,reported,2026-09-08T10:40:04.915Z,10,1,1,reported_total,"[{""merchant_id"":""185368"",""name"":""MeyZone"",""score"":9.5,""price"":129.9,""variant_id"":""1502628356"",""listing_id"":""10e5c8bc1deca5a7e151de61b34c2bd5"",""stock_quantity"":497}]","[{""variant_id"":""1502628356"",""label"":null,""in_stock"":true,""stock_quantity"":497,""selected"":true}]",3453,3,2.99,,,estimated,24.07,inventory_net_decrease,2026-09-08,2026-09-08T13:30:55+03:00,otomobil motosiklet,BEST_SELLER,arac-ici-aksesuar,araç içi aksesuar,109,3,129,129,6,otomobil-motosiklet:arac-ici-aksesuar,109,-28,14.1,15.9,1086914506,185368,1086914506:185368,MeyZone 4'Lü Oto Araç Arka Koltuk Kafalığı Askılık Koltuk Arkası Askı Torba Eşya Askısı,MeyZone,Araç İçi Organizer,https://www.trendyol.com/meyzone/4-lu-oto-arac-arka-koltuk-kafaligi-askilik-koltuk-arkasi-aski-torba-esya-askisi-p-1086914506?boutiqueId=61&merchantId=185368,MeyZone,9.5,129.9,,,0,TRY,"[""Sepette %1 İndirim"",""Kargo Bedava""]",InStock,,,,,,4.563218390804598,174,57,1,,,,,4999,TRY,0,,1,3,Tahmini Teslim:,En Çok Satan 6. Ürün,https://cdn.dsmcdn.com/ty1812/prod/QC_PREP/20260117/10/001461e5-b46c-31b4-a110-10c2de2afc2b/1_org_zoom.jpg,"{""Menşei"":""CN""}",20,5,refreshed,"[""daily_top""]",true,2026-09-08T10:40:04.916Z,0,"[""search_result_dom"",""product_detail_jsonld"",""product_detail_dom""]","{""variant_id"":""observed"",""variant_label"":""unavailable"",""listing_id"":""observed"",""inventory_key"":""observed"",""stock_quantity"":""observed"",""stock_quantity_source"":""observed"",""stock_quantity_kind"":""observed"",""stock_observed_at"":""observed"",""max_sale_limit"":""observed"",""seller_count"":""observed"",""seller_count_observed"":""observed"",""seller_count_kind"":""observed"",""sellers"":""observed"",""variants"":""observed"",""favorite_count"":""observed"",""inventory_decrease"":""unavailable"",""sales_estimate_daily"":""unavailable"",""sales_estimate_weekly"":""unavailable"",""sales_estimate_monthly"":""unavailable"",""sales_estimate_status"":""unavailable"",""sales_estimate_hours"":""unavailable"",""sales_estimate_source"":""unavailable"",""title"":""observed"",""brand"":""observed"",""seller_name"":""observed"",""seller_score"":""observed"",""price"":""observed"",""original_price"":""unavailable"",""campaigns"":""observed"",""stock_status"":""observed"",""stock_signal"":""unavailable"",""rating"":""observed"",""rating_count"":""observed"",""review_count"":""observed"",""question_count"":""unavailable"",""delivery_summary"":""observed"",""shipping_cost"":""observed"",""properties"":""observed""}",true,
1662092126,L,76863beeb088946e15c5aadde9c53990,839070909:441763:1662092126:76863beeb088946e15c5aadde9c53990,8915,merchantListing.winnerVariant.quantity,reported,2026-09-08T10:40:04.837Z,10,1,1,reported_total,"[{""merchant_id"":""441763"",""name"":""Moonrider Moto Sports"",""score"":8.9,""price"":499,""variant_id"":""1662092126"",""listing_id"":""76863beeb088946e15c5aadde9c53990"",""stock_quantity"":8915}]","[{""variant_id"":""1662092126"",""label"":""L"",""in_stock"":true,""stock_quantity"":8915,""selected"":true},{""variant_id"":""1127516975"",""label"":""XL"",""in_stock"":true,""stock_quantity"":null,""selected"":false},{""variant_id"":""1662092125"",""label"":""2XL"",""in_stock"":true,""stock_quantity"":null,""selected"":false},{""variant_id"":""1662092127"",""label"":""3XL"",""in_stock"":true,""stock_quantity"":null,""selected"":false}]",3138,,,,,unchanged_stock,24.07,inventory_net_decrease,2026-09-08,2026-09-08T13:30:55+03:00,otomobil motosiklet,BEST_SELLER,arac-ici-aksesuar,araç içi aksesuar,110,3,130,130,4,otomobil-motosiklet:arac-ici-aksesuar,110,-24,17.2,12.8,839070909,441763,839070909:441763,Moonrider Gri Su Geçirmez Premium Motosiklet Branda tüm Motorlar Için Alttan Lastikli Motorsiklet Çadır,Moonrider,Motosiklet Branda,https://www.trendyol.com/moonrider/gri-su-gecirmez-premium-motosiklet-branda-tum-motorlar-icin-alttan-lastikli-motorsiklet-cadir-p-839070909?boutiqueId=61&merchantId=441763,Moonrider Moto Sports,8.9,499,,,0,TRY,"[""Kargo Bedava"",""Trendyol Plus'a Özel""]",InStock,,,,,,4.484375,256,142,1,,,,,4999,TRY,0,1,1,3,Tahmini Teslim:,En Çok Satan 4. Ürün,https://cdn.dsmcdn.com/ty1903/prod/QC_ENRICHMENT/20260815/01/8a19db79-63d9-3cc1-9c66-2613a54147f4/1_org_zoom.jpg,"{""Diğer Özellikler"":""su geçirmez"",""Menşei"":""TR"",""Yıkama Talimatı"":""https://cdn.dsmcdn.com/ty375/product/charts/carelabel/do_not_wash.jpg""}",20,5,refreshed,"[""daily_top""]",true,2026-09-08T10:40:04.838Z,0,"[""search_result_dom"",""product_detail_jsonld"",""product_detail_dom""]","{""variant_id"":""observed"",""variant_label"":""observed"",""listing_id"":""observed"",""inventory_key"":""observed"",""stock_quantity"":""observed"",""stock_quantity_source"":""observed"",""stock_quantity_kind"":""observed"",""stock_observed_at"":""observed"",""max_sale_limit"":""observed"",""seller_count"":""observed"",""seller_count_observed"":""observed"",""seller_count_kind"":""observed"",""sellers"":""observed"",""variants"":""observed"",""favorite_count"":""observed"",""inventory_decrease"":""unavailable"",""sales_estimate_daily"":""unavailable"",""sales_estimate_weekly"":""unavailable"",""sales_estimate_monthly"":""unavailable"",""sales_estimate_status"":""unavailable"",""sales_estimate_hours"":""unavailable"",""sales_estimate_source"":""unavailable"",""title"":""observed"",""brand"":""observed"",""seller_name"":""observed"",""seller_score"":""observed"",""price"":""observed"",""original_price"":""unavailable"",""campaigns"":""observed"",""stock_status"":""observed"",""stock_signal"":""unavailable"",""rating"":""observed"",""rating_count"":""observed"",""review_count"":""observed"",""question_count"":""unavailable"",""delivery_summary"":""observed"",""shipping_cost"":""observed"",""properties"":""observed""}",true,
1099696628,,9f9a6b7b188258b1a1114414470b8a2e,822483662:1297145:1099696628:9f9a6b7b188258b1a1114414470b8a2e,9,merchantListing.winnerVariant.quantity,reported,2026-09-08T10:40:06.579Z,10,14,14,reported_total,"[{""merchant_id"":""1297145"",""name"":""ROTA AVM"",""score"":9.5,""price"":34,""variant_id"":""1099696628"",""listing_id"":""9f9a6b7b188258b1a1114414470b8a2e"",""stock_quantity"":9},{""merchant_id"":""468029"",""name"":""Garden Auto"",""score"":8.6,""price"":42,""variant_id"":""1099696628"",""listing_id"":""8a84c594788ef7e0d68d30dc6afb9914"",""stock_quantity"":19690},{""merchant_id"":""130705"",""name"":""ALGELSİN ARSVİSİON GROUP"",""score"":8.7,""price"":75,""variant_id"":""1099696628"",""listing_id"":""49d4edb8d2f71d6f4c9d2836533009aa"",""stock_quantity"":416},{""merchant_id"":""1120180"",""name"":""ZDA Oto Market"",""score"":9.5,""price"":99,""variant_id"":""1099696628"",""listing_id"":""108e2414f59f988765c83e9b2019a33b"",""stock_quantity"":10},{""merchant_id"":""453256"",""name"":""MUCİT HOME"",""score"":9,""price"":99,""variant_id"":""1099696628"",""listing_id"":""deae1a66307321ee6c4db36d205cfcdc"",""stock_quantity"":861},{""merchant_id"":""710681"",""name"":""Trendhane AVM"",""score"":8.9,""price"":99,""variant_id"":""1099696628"",""listing_id"":""9d88db336f473ab552495ed03c8ce484"",""stock_quantity"":70},{""merchant_id"":""1165413"",""name"":""CAZYY SHOP DESING"",""score"":8.9,""price"":99,""variant_id"":""1099696628"",""listing_id"":""825923bb0cec7d357ea945014f27cbab"",""stock_quantity"":752},{""merchant_id"":""788392"",""name"":""Hombak"",""score"":8.8,""price"":99,""variant_id"":""1099696628"",""listing_id"":""9d401c4ea04cd5d3a397ffbcbd0fdcfe"",""stock_quantity"":343},{""merchant_id"":""1127902"",""name"":""DarkStar"",""score"":9.4,""price"":118.49,""variant_id"":""1099696628"",""listing_id"":""5e4947efe271942d0f0b8da40685f334"",""stock_quantity"":50},{""merchant_id"":""712762"",""name"":""adagarage"",""score"":9.6,""price"":124.5,""variant_id"":""1099696628"",""listing_id"":""1ab481884df6a439aa9d5933edbd0289"",""stock_quantity"":178},{""merchant_id"":""129858"",""name"":""Buffer Shop"",""score"":8.9,""price"":126.9,""variant_id"":""1099696628"",""listing_id"":""d4aa4e82afadcce5f1afb070b7af8ccc"",""stock_quantity"":4248},{""merchant_id"":""109959"",""name"":""SEMİZ TİCARET"",""score"":9.2,""price"":129,""variant_id"":""1099696628"",""listing_id"":""218f50875ca0043b4af58dcd864b4364"",""stock_quantity"":189},{""merchant_id"":""1023021"",""name"":""carlux auto care products"",""score"":9.5,""price"":199.99,""variant_id"":""1099696628"",""listing_id"":""ec9bf0db496f60d525e698ec4d02b3e0"",""stock_quantity"":9},{""merchant_id"":""284234"",""name"":""THREESTEP"",""score"":9.2,""price"":199.9,""variant_id"":""1099696628"",""listing_id"":""4fdd4dd91775752f46844bfaacf93c14"",""stock_quantity"":7}]","[{""variant_id"":""1099696628"",""label"":null,""in_stock"":true,""stock_quantity"":9,""selected"":true}]",3907,27,26.93,,,estimated,24.06,inventory_net_decrease,2026-09-08,2026-09-08T13:30:55+03:00,otomobil motosiklet,BEST_SELLER,arac-ici-aksesuar,araç içi aksesuar,111,3,131,131,3,otomobil-motosiklet:arac-ici-aksesuar,111,-6,33.5,13.6,822483662,1297145,822483662:1297145,Genel Markalar Yumuşak Kıllı Araç İçi Detay Toz Temizleme Fırçası KORUMA KAPLI,Genel Markalar,Oto Döşeme Temizleyici,https://www.trendyol.com/genel-markalar/yumusak-killi-arac-ici-detay-toz-temizleme-fircasi-koruma-kapli-p-822483662?boutiqueId=61&merchantId=1297145,ROTA AVM,9.5,34,41,17.1,0,TRY,"[""Son 10 Günün En Düşük Fiyatı"",""Süper Fırsat Ürünü"",""Kargo Bedava"",""Son 10 günün en düşük fiyatı""]",InStock,Tükeniyor,,,,,4.117886178861789,246,110,1,,,,,4999,TRY,0,1,1,3,Tahmini Teslim:,En Çok Satan 3. Ürün,https://cdn.dsmcdn.com/ty1422/product/media/images/prod/QC/20240717/02/bf9e6d7f-84d2-371b-b159-eb71a009e272/1_org_zoom.jpg,"{""Diğer Özellikler"":""METAL"",""Menşei"":""TR"",""Ürün Güvenliği Bilgisi"":""Tehlikeli Değil""}",20,5,refreshed,"[""daily_top""]",true,2026-09-08T10:40:06.580Z,0,"[""search_result_dom"",""product_detail_jsonld"",""product_detail_dom""]","{""variant_id"":""observed"",""variant_label"":""unavailable"",""listing_id"":""observed"",""inventory_key"":""observed"",""stock_quantity"":""observed"",""stock_quantity_source"":""observed"",""stock_quantity_kind"":""observed"",""stock_observed_at"":""observed"",""max_sale_limit"":""observed"",""seller_count"":""observed"",""seller_count_observed"":""observed"",""seller_count_kind"":""observed"",""sellers"":""observed"",""variants"":""observed"",""favorite_count"":""observed"",""inventory_decrease"":""unavailable"",""sales_estimate_daily"":""unavailable"",""sales_estimate_weekly"":""unavailable"",""sales_estimate_monthly"":""unavailable"",""sales_estimate_status"":""unavailable"",""sales_estimate_hours"":""unavailable"",""sales_estimate_source"":""unavailable"",""title"":""observed"",""brand"":""observed"",""seller_name"":""observed"",""seller_score"":""observed"",""price"":""observed"",""original_price"":""observed"",""campaigns"":""observed"",""stock_status"":""observed"",""stock_signal"":""observed"",""rating"":""observed"",""rating_count"":""observed"",""review_count"":""observed"",""question_count"":""unavailable"",""delivery_summary"":""observed"",""shipping_cost"":""observed"",""properties"":""observed""}",true,
1145131604,,53ba33eceb42ec7f6c354478924bc28b,849110313:120735:1145131604:53ba33eceb42ec7f6c354478924bc28b,8811,merchantListing.winnerVariant.quantity,reported,2026-09-08T10:40:13.550Z,10,1,1,reported_total,"[{""merchant_id"":""120735"",""name"":""Woyax Deji"",""score"":9.5,""price"":464.8,""variant_id"":""1145131604"",""listing_id"":""53ba33eceb42ec7f6c354478924bc28b"",""stock_quantity"":8811}]","[{""variant_id"":""1145131604"",""label"":null,""in_stock"":true,""stock_quantity"":8811,""selected"":true}]",16585,26,25.92,,,estimated,24.07,inventory_net_decrease,2026-09-08,2026-09-08T13:30:55+03:00,otomobil motosiklet,BEST_SELLER,arac-ici-aksesuar,araç içi aksesuar,112,3,132,132,,otomobil-motosiklet:arac-ici-aksesuar,112,-24,23.5,6.5,849110313,120735,849110313:120735,Woyax Güçlü Mıknatıslı Kancalı Araç Içi Telefon Tutucu - Havalandırma Araba Telefon Tutacağı,Woyax,Araç İçi Telefon Tutucular,https://www.trendyol.com/woyax/guclu-miknatisli-kancali-arac-ici-telefon-tutucu-havalandirma-araba-telefon-tutacagi-p-849110313?boutiqueId=61&merchantId=120735,Woyax Deji,9.5,464.8,,,0,TRY,"[""Kargo Bedava""]",InStock,,,,,,4.721415034744156,1583,877,2,,,,,4999,TRY,0,1,1,3,Tahmini Teslim:,,https://cdn.dsmcdn.com/ty1619/prod/QC/20241231/21/c3cc9635-7491-3a8a-8784-7479a05c5e78/1_org_zoom.jpg,"{""Telefon Tutucu Özellikleri"":""Mıknatıslı"",""Renk"":""Siyah"",""Garanti Süresi"":""1 Yıl"",""Türü"":""Havalandırma"",""Materyal"":""Silikon"",""Menşei"":""CN"",""Bakım Talimatları (Genel)"":""Ürünün kullanım ömrünü korumak için ürüne özel bakım talimatlarını takip ediniz.""}",20,5,refreshed,"[""daily_top""]",true,2026-09-08T10:40:13.551Z,0,"[""search_result_dom"",""product_detail_jsonld"",""product_detail_dom""]","{""variant_id"":""observed"",""variant_label"":""unavailable"",""listing_id"":""observed"",""inventory_key"":""observed"",""stock_quantity"":""observed"",""stock_quantity_source"":""observed"",""stock_quantity_kind"":""observed"",""stock_observed_at"":""observed"",""max_sale_limit"":""observed"",""seller_count"":""observed"",""seller_count_observed"":""observed"",""seller_count_kind"":""observed"",""sellers"":""observed"",""variants"":""observed"",""favorite_count"":""observed"",""inventory_decrease"":""unavailable"",""sales_estimate_daily"":""unavailable"",""sales_estimate_weekly"":""unavailable"",""sales_estimate_monthly"":""unavailable"",""sales_estimate_status"":""unavailable"",""sales_estimate_hours"":""unavailable"",""sales_estimate_source"":""unavailable"",""title"":""observed"",""brand"":""observed"",""seller_name"":""observed"",""seller_score"":""observed"",""price"":""observed"",""original_price"":""unavailable"",""campaigns"":""observed"",""stock_status"":""observed"",""stock_signal"":""unavailable"",""rating"":""observed"",""rating_count"":""observed"",""review_count"":""observed"",""question_count"":""unavailable"",""delivery_summary"":""observed"",""shipping_cost"":""observed"",""properties"":""observed""}",true,
1039709934,,e9b59c71519036b61a3efe630eae8b11,784137010:246399:1039709934:e9b59c71519036b61a3efe630eae8b11,745,merchantListing.winnerVariant.quantity,reported,2026-09-08T10:40:14.305Z,10,15,15,reported_total,"[{""merchant_id"":""246399"",""name"":""Koza Gift"",""score"":8.8,""price"":22,""variant_id"":""1039709934"",""listing_id"":""e9b59c71519036b61a3efe630eae8b11"",""stock_quantity"":745},{""merchant_id"":""976719"",""name"":""PRATİK PERİ"",""score"":8.7,""price"":22,""variant_id"":""1039709934"",""listing_id"":""3afb5a35a4443f599677eb2784995e21"",""stock_quantity"":100},{""merchant_id"":""137951"",""name"":""iTarz"",""score"":9.1,""price"":23.99,""variant_id"":""1039709934"",""listing_id"":""8e37e293509f3907540be494e6e73b6e"",""stock_quantity"":10091},{""merchant_id"":""1096859"",""name"":""ARTEBA Global"",""score"":8.9,""price"":31.89,""variant_id"":""1039709934"",""listing_id"":""d4ab9627f072d3512d80fafac389dac3"",""stock_quantity"":4882},{""merchant_id"":""1193950"",""name"":""Güvenli Adres"",""score"":8.8,""price"":45,""variant_id"":""1039709934"",""listing_id"":""03998b1845c651646a0dfadee0f8f0e6"",""stock_quantity"":5552},{""merchant_id"":""333220"",""name"":""DeerHome"",""score"":8.7,""price"":49.99,""variant_id"":""1039709934"",""listing_id"":""903b5992f1bef0e238a90d66b581d725"",""stock_quantity"":9991},{""merchant_id"":""386081"",""name"":""CHN GROUP"",""score"":9.3,""price"":74.99,""variant_id"":""1039709934"",""listing_id"":""8047261aa0900c1ae926248c474af8e5"",""stock_quantity"":12461},{""merchant_id"":""124641"",""name"":""Mavi Teknoloji"",""score"":8.3,""price"":109,""variant_id"":""1039709934"",""listing_id"":""9e604cfd4809e890764e9d988d43a7c6"",""stock_quantity"":445},{""merchant_id"":""135817"",""name"":""Dmay"",""score"":9.2,""price"":119,""variant_id"":""1039709934"",""listing_id"":""cc076e859486c090abe1dc1a15f87cbf"",""stock_quantity"":998},{""merchant_id"":""1162907"",""name"":""teknopad"",""score"":8.9,""price"":119,""variant_id"":""1039709934"",""listing_id"":""3a403cb8df55d4bfacbe06e7850544a1"",""stock_quantity"":12},{""merchant_id"":""433384"",""name"":""KarakayaStore"",""score"":9,""price"":149,""variant_id"":""1039709934"",""listing_id"":""817067f9e0b9587626f4bae914c8955f"",""stock_quantity"":439},{""merchant_id"":""1079459"",""name"":""Fırsat7"",""score"":8.3,""price"":189.9,""variant_id"":""1039709934"",""listing_id"":""e463810ac3901968039351959e097efd"",""stock_quantity"":100},{""merchant_id"":""1271060"",""name"":""Hemen Hızlı Al"",""score"":8,""price"":189.9,""variant_id"":""1039709934"",""listing_id"":""ec315862a4fe182932f57edcaffbb196"",""stock_quantity"":100},{""merchant_id"":""1201632"",""name"":""Brentino"",""score"":8.1,""price"":249.9,""variant_id"":""1039709934"",""listing_id"":""0b7cde380d4c9a4d21f3e34ac090b2f8"",""stock_quantity"":111},{""merchant_id"":""1097342"",""name"":""MUUN STORE"",""score"":9.5,""price"":119.99,""variant_id"":""1039709934"",""listing_id"":""d0d62ae50840b401099cf7a7b0e149cd"",""stock_quantity"":4}]","[{""variant_id"":""1039709934"",""label"":null,""in_stock"":true,""stock_quantity"":745,""selected"":true}]",21768,25,24.91,,,estimated,24.08,inventory_net_decrease,2026-09-08,2026-09-08T13:30:55+03:00,otomobil motosiklet,BEST_SELLER,arac-ici-aksesuar,araç içi aksesuar,113,3,133,133,5,otomobil-motosiklet:arac-ici-aksesuar,113,-58,21.8,8.2,784137010,246399,784137010:246399,Genel Markalar Özel Üretim Güçlü Tutucu Vantuzlu Sağlam Yapışkan Silikon Malzeme Cep Telefonu Kapağı Sabitleme Pedi,Genel Markalar,,https://www.trendyol.com/genel-markalar/ozel-uretim-guclu-tutucu-vantuzlu-saglam-yapiskan-silikon-malzeme-cep-telefonu-kapagi-sabitleme-pedi-p-784137010?boutiqueId=61&merchantId=246399,Koza Gift,8.8,22,,,10,TRY,"[""Kargo Bedava""]",InStock,,,,,,3.850602409638554,830,528,0,,,,,,,0,,,,Tahmini Teslim:,,,{},0,,refreshed,"[""daily_top""]",true,2026-09-08T10:40:14.306Z,0,"[""search_result_dom"",""product_detail_jsonld"",""product_detail_dom""]","{""variant_id"":""observed"",""variant_label"":""unavailable"",""listing_id"":""observed"",""inventory_key"":""observed"",""stock_quantity"":""observed"",""stock_quantity_source"":""observed"",""stock_quantity_kind"":""observed"",""stock_observed_at"":""observed"",""max_sale_limit"":""observed"",""seller_count"":""observed"",""seller_count_observed"":""observed"",""seller_count_kind"":""observed"",""sellers"":""observed"",""variants"":""observed"",""favorite_count"":""observed"",""inventory_decrease"":""unavailable"",""sales_estimate_daily"":""unavailable"",""sales_estimate_weekly"":""unavailable"",""sales_estimate_monthly"":""unavailable"",""sales_estimate_status"":""unavailable"",""sales_estimate_hours"":""unavailable"",""sales_estimate_source"":""unavailable"",""title"":""observed"",""brand"":""observed"",""seller_name"":""observed"",""seller_score"":""observed"",""price"":""observed"",""original_price"":""unavailable"",""campaigns"":""observed"",""stock_status"":""observed"",""stock_signal"":""unavailable"",""rating"":""observed"",""rating_count"":""observed"",""review_count"":""observed"",""question_count"":""unavailable"",""delivery_summary"":""observed"",""shipping_cost"":""unavailable"",""properties"":""observed""}",true,
1374070530,,0a5c10bc7aad7c980b73fa9b3b088679,971819251:520352:1374070530:0a5c10bc7aad7c980b73fa9b3b088679,234,merchantListing.winnerVariant.quantity,reported,2026-09-08T10:40:15.658Z,10,30,30,reported_total,"[{""merchant_id"":""520352"",""name"":""AutoMare"",""score"":9.2,""price"":190,""variant_id"":""1374070530"",""listing_id"":""0a5c10bc7aad7c980b73fa9b3b088679"",""stock_quantity"":234},{""merchant_id"":""1175518"",""name"":""PANGO"",""score"":8.2,""price"":184,""variant_id"":""1374070530"",""listing_id"":""1c1b5addd169550c78cfa28bad5799e8"",""stock_quantity"":151},{""merchant_id"":""386081"",""name"":""CHN GROUP"",""score"":9.3,""price"":298,""variant_id"":""1374070530"",""listing_id"":""1f007bb853940df08aca29c4269878bf"",""stock_quantity"":12495},{""merchant_id"":""1109461"",""name"":""ALNİMA"",""score"":9.2,""price"":299,""variant_id"":""1374070530"",""listing_id"":""b85f203d198486e0e9b71826c55e5267"",""stock_quantity"":654},{""merchant_id"":""739242"",""name"":""MİMOZA PARK"",""score"":9.2,""price"":299.9,""variant_id"":""1374070530"",""listing_id"":""9515fdd57f5349ab0347625574492f8b"",""stock_quantity"":41},{""merchant_id"":""158075"",""name"":""Ulaşkan Otomotiv"",""score"":9.1,""price"":299.9,""variant_id"":""1374070530"",""listing_id"":""1e0f535cc476689c89f74fe919eb3719"",""stock_quantity"":997},{""merchant_id"":""234714"",""name"":""SpotDepo"",""score"":8.8,""price"":299,""variant_id"":""1374070530"",""listing_id"":""4478006d74d71437d1abc7ffc22639a8"",""stock_quantity"":18},{""merchant_id"":""137544"",""name"":""Eymen Ticaret"",""score"":8.9,""price"":299.99,""variant_id"":""1374070530"",""listing_id"":""2cb42a7068ed581eb444eadbd8478d0f"",""stock_quantity"":496},{""merchant_id"":""333220"",""name"":""DeerHome"",""score"":8.7,""price"":299.9,""variant_id"":""1374070530"",""listing_id"":""6ebc6513d6aef4fa06fea23f9ecc22b6"",""stock_quantity"":973},{""merchant_id"":""410689"",""name"":""Bi Desing"",""score"":9,""price"":299,""variant_id"":""1374070530"",""listing_id"":""8fd91e393f52293a8bf5024656c44382"",""stock_quantity"":4974},{""merchant_id"":""219087"",""name"":""Newstore Home"",""score"":9.3,""price"":349.9,""variant_id"":""1374070530"",""listing_id"":""8f633d469c9292b9a83c59cfd931ff38"",""stock_quantity"":84},{""merchant_id"":""1269512"",""name"":""NİSİBİS HOME"",""score"":9.2,""price"":348.8,""variant_id"":""1374070530"",""listing_id"":""dacd8d9450074f92ecc02f853e58de6d"",""stock_quantity"":998},{""merchant_id"":""246399"",""name"":""Koza Gift"",""score"":8.8,""price"":349,""variant_id"":""1374070530"",""listing_id"":""eb553a4fbfcf14ba6118a9ceccc3d146"",""stock_quantity"":95},{""merchant_id"":""731207"",""name"":""Frezyahome"",""score"":8.8,""price"":349,""variant_id"":""1374070530"",""listing_id"":""087740455d6a756dc5d790816632f9d8"",""stock_quantity"":100},{""merchant_id"":""677198"",""name"":""Amentes"",""score"":8.9,""price"":349.9,""variant_id"":""1374070530"",""listing_id"":""f080b41a1e6c2ad73d7740d2e36f10a7"",""stock_quantity"":19999},{""merchant_id"":""724455"",""name"":""KOZAOUTLET"",""score"":8.7,""price"":349,""variant_id"":""1374070530"",""listing_id"":""fc5193dc3a0e6de1c66fc8efa56b82c7"",""stock_quantity"":498},{""merchant_id"":""1106529"",""name"":""Parmend Life"",""score"":8.8,""price"":349.9,""variant_id"":""1374070530"",""listing_id"":""a955db9f59b548ec577ba12f9b1259bb"",""stock_quantity"":443},{""merchant_id"":""190338"",""name"":""AYD CONCEPT"",""score"":8.5,""price"":349,""variant_id"":""1374070530"",""listing_id"":""b506902d4ebc9ca96ee95e1959bbfb21"",""stock_quantity"":499},{""merchant_id"":""667249"",""name"":""Blue Side"",""score"":8.3,""price"":349.9,""variant_id"":""1374070530"",""listing_id"":""800cf5c2cf26268e6b62c59e5b405c9c"",""stock_quantity"":997},{""merchant_id"":""1270225"",""name"":""PİYATECH"",""score"":8.8,""price"":390,""variant_id"":""1374070530"",""listing_id"":""5285f1db77c045d91a4c88da3b083956"",""stock_quantity"":995},{""merchant_id"":""1133541"",""name"":""ZenAirlife"",""score"":8.9,""price"":399,""variant_id"":""1374070530"",""listing_id"":""20aa9d899fc7075be312d8de087ef4aa"",""stock_quantity"":997},{""merchant_id"":""974406"",""name"":""COSARGROUP"",""score"":8.1,""price"":399,""variant_id"":""1374070530"",""listing_id"":""e2698605c7518e5cb4c9db7cc7275a72"",""stock_quantity"":100},{""merchant_id"":""857006"",""name"":""Anadolu Saray"",""score"":8.3,""price"":409.9,""variant_id"":""1374070530"",""listing_id"":""cf9c9e9ef1e887bda0bb1390510f20bd"",""stock_quantity"":33},{""merchant_id"":""130705"",""name"":""ALGELSİN ARSVİSİON GROUP"",""score"":8.7,""price"":419,""variant_id"":""1374070530"",""listing_id"":""f64b3fd769d6d67e53b72772e6249e28"",""stock_quantity"":499},{""merchant_id"":""482943"",""name"":""MczStore"",""score"":8.7,""price"":499.99,""variant_id"":""1374070530"",""listing_id"":""f489a0921e86c2bb8040dc65de53e0d7"",""stock_quantity"":9999},{""merchant_id"":""865428"",""name"":""Tiger Marketing"",""score"":9.1,""price"":499,""variant_id"":""1374070530"",""listing_id"":""bac9f76ee0cc8b4c64b23bf0ab20dbf8"",""stock_quantity"":100},{""merchant_id"":""638780"",""name"":""BEYZANA"",""score"":9,""price"":499.99,""variant_id"":""1374070530"",""listing_id"":""59f87c8e57dd439a2f3e0d8791287940"",""stock_quantity"":980},{""merchant_id"":""209508"",""name"":""EF GARAGE Oto Aksesuar"",""score"":8.8,""price"":500,""variant_id"":""1374070530"",""listing_id"":""e082f7aafab0eaf250e5d23a1cf24a3e"",""stock_quantity"":10000},{""merchant_id"":""199770"",""name"":""Rodos Ticaret"",""score"":8.5,""price"":799.99,""variant_id"":""1374070530"",""listing_id"":""4122ee9725bdc6a38232511ca936200b"",""stock_quantity"":3},{""merchant_id"":""1100298"",""name"":""hopecorner"",""score"":8.9,""price"":195,""variant_id"":""1374070530"",""listing_id"":""9d8093697a07c54da432f52bbbc0c9bb"",""stock_quantity"":980}]","[{""variant_id"":""1374070530"",""label"":null,""in_stock"":true,""stock_quantity"":234,""selected"":true}]",11771,8,7.98,,,estimated,24.06,inventory_net_decrease,2026-09-08,2026-09-08T13:30:55+03:00,otomobil motosiklet,BEST_SELLER,arac-ici-aksesuar,araç içi aksesuar,114,3,134,134,,otomobil-motosiklet:arac-ici-aksesuar,114,-12,22.6,7.4,971819251,520352,971819251:520352,Amentes Tüm Araçlar İçin Araba Ön Cam Güneşlik Uyumlu ESNEK Katlanabilir Güneşlik Şemsiye Ön Cam Gölgelik,Amentes,Oto Güneşlik Perde,https://www.trendyol.com/amentes/tum-araclar-icin-araba-on-cam-guneslik-uyumlu-esnek-katlanabilir-guneslik-semsiye-on-cam-golgelik-p-971819251?boutiqueId=61&merchantId=520352,AutoMare,9.2,190,,,0,TRY,"[""Kargo Bedava"",""Trendyol Plus'a Özel""]",InStock,,,,,,4.053303303303303,1332,671,1,,,,,4999,TRY,0,1,1,3,Tahmini Teslim:,,https://cdn.dsmcdn.com/ty1768/prod/QC_ENRICHMENT/20251009/13/6f9ae207-8686-39b8-bd72-410ebcca2598/1_org_zoom.jpg,"{""Araç Markası"":""Smart"",""Diğer Özellikler"":""Tüm modeler"",""Menşei"":""CN""}",20,5,refreshed,"[""daily_top""]",true,2026-09-08T10:40:15.659Z,0,"[""search_result_dom"",""product_detail_jsonld"",""product_detail_dom""]","{""variant_id"":""observed"",""variant_label"":""unavailable"",""listing_id"":""observed"",""inventory_key"":""observed"",""stock_quantity"":""observed"",""stock_quantity_source"":""observed"",""stock_quantity_kind"":""observed"",""stock_observed_at"":""observed"",""max_sale_limit"":""observed"",""seller_count"":""observed"",""seller_count_observed"":""observed"",""seller_count_kind"":""observed"",""sellers"":""observed"",""variants"":""observed"",""favorite_count"":""observed"",""inventory_decrease"":""unavailable"",""sales_estimate_daily"":""unavailable"",""sales_estimate_weekly"":""unavailable"",""sales_estimate_monthly"":""unavailable"",""sales_estimate_status"":""unavailable"",""sales_estimate_hours"":""unavailable"",""sales_estimate_source"":""unavailable"",""title"":""observed"",""brand"":""observed"",""seller_name"":""observed"",""seller_score"":""observed"",""price"":""observed"",""original_price"":""unavailable"",""campaigns"":""observed"",""stock_status"":""observed"",""stock_signal"":""unavailable"",""rating"":""observed"",""rating_count"":""observed"",""review_count"":""observed"",""question_count"":""unavailable"",""delivery_summary"":""observed"",""shipping_cost"":""observed"",""properties"":""observed""}",true,
1008384853,,da207eb58be64ea41ed8e382288fa5f2,764146017:825484:1008384853:da207eb58be64ea41ed8e382288fa5f2,9706,merchantListing.winnerVariant.quantity,reported,2026-09-08T10:40:22.661Z,10,1,1,reported_total,"[{""merchant_id"":""825484"",""name"":""indirimhanem"",""score"":9.2,""price"":939,""variant_id"":""1008384853"",""listing_id"":""da207eb58be64ea41ed8e382288fa5f2"",""stock_quantity"":9706}]","[{""variant_id"":""1008384853"",""label"":null,""in_stock"":true,""stock_quantity"":9706,""selected"":true}]",3004,9,8.97,,,estimated,24.08,inventory_net_decrease,2026-09-08,2026-09-08T13:30:55+03:00,otomobil motosiklet,BEST_SELLER,arac-ici-aksesuar,araç içi aksesuar,115,3,135,135,3,otomobil-motosiklet:arac-ici-aksesuar,115,-40,15.7,15.4,764146017,825484,764146017:825484,nextbuy Araç İçi Şişme Yatak Çift Kişilik Seyahat Kamp Yatağı Universal Uzun Yol Uyku İçin Yastık Pompa Seti,nextbuy,,https://www.trendyol.com/nextbuy/arac-ici-sisme-yatak-cift-kisilik-seyahat-kamp-yatagi-universal-uzun-yol-uyku-icin-yastik-pompa-seti-p-764146017?boutiqueId=61&merchantId=825484,indirimhanem,9.2,939,949,1.1,0,TRY,"[""Kargo Bedava""]",InStock,,,,,,4.222222222222221,117,65,0,,,,,,,0,,,,Tahmini Teslim:,En Çok Satan 3. Ürün,,{},0,,refreshed,"[""daily_top""]",true,2026-09-08T10:40:22.662Z,0,"[""search_result_dom"",""product_detail_jsonld"",""product_detail_dom""]","{""variant_id"":""observed"",""variant_label"":""unavailable"",""listing_id"":""observed"",""inventory_key"":""observed"",""stock_quantity"":""observed"",""stock_quantity_source"":""observed"",""stock_quantity_kind"":""observed"",""stock_observed_at"":""observed"",""max_sale_limit"":""observed"",""seller_count"":""observed"",""seller_count_observed"":""observed"",""seller_count_kind"":""observed"",""sellers"":""observed"",""variants"":""observed"",""favorite_count"":""observed"",""inventory_decrease"":""unavailable"",""sales_estimate_daily"":""unavailable"",""sales_estimate_weekly"":""unavailable"",""sales_estimate_monthly"":""unavailable"",""sales_estimate_status"":""unavailable"",""sales_estimate_hours"":""unavailable"",""sales_estimate_source"":""unavailable"",""title"":""observed"",""brand"":""observed"",""seller_name"":""observed"",""seller_score"":""observed"",""price"":""observed"",""original_price"":""observed"",""campaigns"":""observed"",""stock_status"":""observed"",""stock_signal"":""unavailable"",""rating"":""observed"",""rating_count"":""observed"",""review_count"":""observed"",""question_count"":""unavailable"",""delivery_summary"":""observed"",""shipping_cost"":""unavailable"",""properties"":""observed""}",true,
1616344239,,de7fc45128859d7673a2c16b37b4de2e,1155468723:990872:1616344239:de7fc45128859d7673a2c16b37b4de2e,9217,merchantListing.winnerVariant.quantity,reported,2026-09-08T10:40:22.786Z,5,1,1,reported_total,"[{""merchant_id"":""990872"",""name"":""ALİTA TEXTILE"",""score"":9.6,""price"":299,""variant_id"":""1616344239"",""listing_id"":""de7fc45128859d7673a2c16b37b4de2e"",""stock_quantity"":9217}]","[{""variant_id"":""1616344239"",""label"":null,""in_stock"":true,""stock_quantity"":9217,""selected"":true}]",2263,20,19.94,,,estimated,24.08,inventory_net_decrease,2026-09-08,2026-09-08T13:30:55+03:00,otomobil motosiklet,BEST_SELLER,arac-ici-aksesuar,araç içi aksesuar,116,3,136,136,,otomobil-motosiklet:arac-ici-aksesuar,116,-38,24,20.6,1155468723,990872,1155468723:990872,"Genel Markalar Araç İçi Koltuk Arkası Düzenleyici, Oto Koltuk Arkası Organizer ve Koruyucu, Tablet Bölmeli, Çok Amaçlı Organizer",Genel Markalar,Araç İçi Organizer,https://www.trendyol.com/genel-markalar/arac-ici-koltuk-arkasi-duzenleyici-oto-koltuk-arkasi-organizer-ve-koruyucu-tablet-bolmeli-cok-amacli-organizer-p-1155468723?boutiqueId=61&merchantId=990872,ALİTA TEXTILE,9.6,299,350,14.6,0,TRY,"[""15 TL Kupon"",""Son 10 Günün En Düşük Fiyatı"",""Kargo Bedava"",""Trendyol Plus'a Özel""]",InStock,,,,,,4.65,40,14,0,,,,,4999,TRY,0,1,1,3,Tahmini Teslim:,,https://cdn.dsmcdn.com/ty1909/prod/QC_PREP/20260611/17/64b05b8b-7d85-3bc3-aab3-82c545308b06/1_org_zoom.jpg,"{""Diğer Özellikler"":""Sıvı geçirmez kumaş."",""Menşei"":""TR""}",15,4.53,refreshed,"[""daily_top""]",true,2026-09-08T10:40:22.787Z,0,"[""search_result_dom"",""product_detail_jsonld"",""product_detail_dom""]","{""variant_id"":""observed"",""variant_label"":""unavailable"",""listing_id"":""observed"",""inventory_key"":""observed"",""stock_quantity"":""observed"",""stock_quantity_source"":""observed"",""stock_quantity_kind"":""observed"",""stock_observed_at"":""observed"",""max_sale_limit"":""observed"",""seller_count"":""observed"",""seller_count_observed"":""observed"",""seller_count_kind"":""observed"",""sellers"":""observed"",""variants"":""observed"",""favorite_count"":""observed"",""inventory_decrease"":""unavailable"",""sales_estimate_daily"":""unavailable"",""sales_estimate_weekly"":""unavailable"",""sales_estimate_monthly"":""unavailable"",""sales_estimate_status"":""unavailable"",""sales_estimate_hours"":""unavailable"",""sales_estimate_source"":""unavailable"",""title"":""observed"",""brand"":""observed"",""seller_name"":""observed"",""seller_score"":""observed"",""price"":""observed"",""original_price"":""observed"",""campaigns"":""observed"",""stock_status"":""observed"",""stock_signal"":""unavailable"",""rating"":""observed"",""rating_count"":""observed"",""review_count"":""observed"",""question_count"":""unavailable"",""delivery_summary"":""observed"",""shipping_cost"":""observed"",""properties"":""observed""}",true,
1580189724,,20bd0f2697e829d6bb4e4b84817348da,1131147160:814068:1580189724:20bd0f2697e829d6bb4e4b84817348da,9033,merchantListing.winnerVariant.quantity,reported,2026-09-08T10:40:24.854Z,20,1,1,reported_total,"[{""merchant_id"":""814068"",""name"":""PapirusArt"",""score"":8.6,""price"":228,""variant_id"":""1580189724"",""listing_id"":""20bd0f2697e829d6bb4e4b84817348da"",""stock_quantity"":9033}]","[{""variant_id"":""1580189724"",""label"":null,""in_stock"":true,""stock_quantity"":9033,""selected"":true}]",8076,34,33.91,,,estimated,24.07,inventory_net_decrease,2026-09-08,2026-09-08T13:30:55+03:00,otomobil motosiklet,BEST_SELLER,arac-ici-aksesuar,araç içi aksesuar,117,3,137,137,,otomobil-motosiklet:arac-ici-aksesuar,117,-13,13,17,1131147160,814068,1131147160:814068,"papirusart Fotoğraflı Araba Süsü, Kişiye özel Oto süsü, Kokusuzdur, Sevgililer Günü için Hediye Fikri",papirusart,Torpido Aksesuar,https://www.trendyol.com/papirusart/fotografli-araba-susu-kisiye-ozel-oto-susu-kokusuzdur-sevgililer-gunu-icin-hediye-fikri-p-1131147160?boutiqueId=61&merchantId=814068,PapirusArt,8.6,228,,,0,TRY,"[""Sepette %20 İndirim"",""Kargo Bedava"",""Trendyol Plus'a Özel""]",InStock,,,,,,4.661764705882353,68,41,0,,,,,4999,TRY,0,2,1,6,Tahmini Teslim:,,https://cdn.dsmcdn.com/ty1946/prod/QC_ENRICHMENT/20260821/22/5c7a4186-6497-3d09-b6c5-2b53476297de/1_org_zoom.jpg,"{""Menşei"":""TR""}",20,5,refreshed,"[""daily_top""]",true,2026-09-08T10:40:24.854Z,0,"[""search_result_dom"",""product_detail_jsonld"",""product_detail_dom""]","{""variant_id"":""observed"",""variant_label"":""unavailable"",""listing_id"":""observed"",""inventory_key"":""observed"",""stock_quantity"":""observed"",""stock_quantity_source"":""observed"",""stock_quantity_kind"":""observed"",""stock_observed_at"":""observed"",""max_sale_limit"":""observed"",""seller_count"":""observed"",""seller_count_observed"":""observed"",""seller_count_kind"":""observed"",""sellers"":""observed"",""variants"":""observed"",""favorite_count"":""observed"",""inventory_decrease"":""unavailable"",""sales_estimate_daily"":""unavailable"",""sales_estimate_weekly"":""unavailable"",""sales_estimate_monthly"":""unavailable"",""sales_estimate_status"":""unavailable"",""sales_estimate_hours"":""unavailable"",""sales_estimate_source"":""unavailable"",""title"":""observed"",""brand"":""observed"",""seller_name"":""observed"",""seller_score"":""observed"",""price"":""observed"",""original_price"":""unavailable"",""campaigns"":""observed"",""stock_status"":""observed"",""stock_signal"":""unavailable"",""rating"":""observed"",""rating_count"":""observed"",""review_count"":""observed"",""question_count"":""unavailable"",""delivery_summary"":""observed"",""shipping_cost"":""observed"",""properties"":""observed""}",true,
230535315,,b9c2abe7c4c38658cea3d4b89f8c42e5,134001887:386081:230535315:b9c2abe7c4c38658cea3d4b89f8c42e5,11531,merchantListing.winnerVariant.quantity,reported,2026-09-08T10:40:31.306Z,20,25,25,reported_total,"[{""merchant_id"":""386081"",""name"":""CHN GROUP"",""score"":9.3,""price"":35,""variant_id"":""230535315"",""listing_id"":""b9c2abe7c4c38658cea3d4b89f8c42e5"",""stock_quantity"":11531},{""merchant_id"":""724455"",""name"":""KOZAOUTLET"",""score"":8.7,""price"":30,""variant_id"":""230535315"",""listing_id"":""93aacc8e6d1a87864cef6cd6b3ababdd"",""stock_quantity"":295},{""merchant_id"":""290181"",""name"":""ELİTEWOOD"",""score"":9.7,""price"":34,""variant_id"":""230535315"",""listing_id"":""c779e1284ff27a49168b95f488b738e5"",""stock_quantity"":50},{""merchant_id"":""345234"",""name"":""elektroTeChno"",""score"":9.2,""price"":34,""variant_id"":""230535315"",""listing_id"":""8fc935fd5a5c4e295d797570aff9fa7a"",""stock_quantity"":199},{""merchant_id"":""677198"",""name"":""Amentes"",""score"":8.9,""price"":34.99,""variant_id"":""230535315"",""listing_id"":""71b9b388ccb9e57d12916b88708c8070"",""stock_quantity"":19997},{""merchant_id"":""1154946"",""name"":""Hybee HOME"",""score"":9.4,""price"":46,""variant_id"":""230535315"",""listing_id"":""98789d3a30c17fa8aef68cfc84681d94"",""stock_quantity"":79},{""merchant_id"":""111097"",""name"":""Gogidigo"",""score"":8.6,""price"":46.9,""variant_id"":""230535315"",""listing_id"":""2a62e8352e0aea717218682af1c372f3"",""stock_quantity"":97},{""merchant_id"":""246399"",""name"":""Koza Gift"",""score"":8.8,""price"":49.9,""variant_id"":""230535315"",""listing_id"":""127f3ab2ae9fd32931bf9ab2634c4998"",""stock_quantity"":496},{""merchant_id"":""576149"",""name"":""SAVORY HOME"",""score"":8.9,""price"":89,""variant_id"":""230535315"",""listing_id"":""2fd5633b537abd836006a2294acbfaad"",""stock_quantity"":150},{""merchant_id"":""468029"",""name"":""Garden Auto"",""score"":8.6,""price"":89,""variant_id"":""230535315"",""listing_id"":""02d24efc8c82edca948d22edd9cef85d"",""stock_quantity"":19998},{""merchant_id"":""955434"",""name"":""yusufleren"",""score"":9,""price"":99,""variant_id"":""230535315"",""listing_id"":""f4a735e3b40f3180ea739de0381247db"",""stock_quantity"":5},{""merchant_id"":""215645"",""name"":""COLORs"",""score"":8.6,""price"":99,""variant_id"":""230535315"",""listing_id"":""34c42ddc3290b8bac6ff2a31ed2b25a8"",""stock_quantity"":42},{""merchant_id"":""124641"",""name"":""Mavi Teknoloji"",""score"":8.3,""price"":109,""variant_id"":""230535315"",""listing_id"":""94b41102af37b871f5f0aab8daeba17f"",""stock_quantity"":412},{""merchant_id"":""1004792"",""name"":""Teknotik"",""score"":8.9,""price"":119,""variant_id"":""230535315"",""listing_id"":""4f8ddffca6d5674d33aa52ad66c2823a"",""stock_quantity"":1000},{""merchant_id"":""660815"",""name"":""KARA AUTO SHOP"",""score"":8.3,""price"":119,""variant_id"":""230535315"",""listing_id"":""016867d5984f28d52fa60d0284c82db5"",""stock_quantity"":999},{""merchant_id"":""370682"",""name"":""MiniCare"",""score"":9,""price"":120,""variant_id"":""230535315"",""listing_id"":""decb5d6d99a250d47aeea942d2b1ec3b"",""stock_quantity"":2},{""merchant_id"":""739958"",""name"":""CingözMarket CNGZSHOP"",""score"":8.4,""price"":125,""variant_id"":""230535315"",""listing_id"":""12dadd5a46d94a52bcd8c7022dbb038e"",""stock_quantity"":3},{""merchant_id"":""135817"",""name"":""Dmay"",""score"":9.2,""price"":129,""variant_id"":""230535315"",""listing_id"":""f252dcf668205e20ddbfe7e8a34f2c93"",""stock_quantity"":97},{""merchant_id"":""886955"",""name"":""Cebeci Marketing"",""score"":9.4,""price"":130,""variant_id"":""230535315"",""listing_id"":""2c26843fd2ffa4db880acd1f223dd7c5"",""stock_quantity"":1},{""merchant_id"":""664820"",""name"":""ÇAVDAR TİCARET"",""score"":9.4,""price"":129.99,""variant_id"":""230535315"",""listing_id"":""3bc509b88484382a518452ca07613006"",""stock_quantity"":12},{""merchant_id"":""850569"",""name"":""NS Ticaret"",""score"":9.3,""price"":149,""variant_id"":""230535315"",""listing_id"":""edfae62b6e6b37f70801f3e8eff44025"",""stock_quantity"":1},{""merchant_id"":""865428"",""name"":""Tiger Marketing"",""score"":9.1,""price"":149.99,""variant_id"":""230535315"",""listing_id"":""3e3f8035dd6649fec61690d85c483ce4"",""stock_quantity"":990},{""merchant_id"":""1149760"",""name"":""KAYAS HOME"",""score"":8.8,""price"":159,""variant_id"":""230535315"",""listing_id"":""54400cf20a9910eac2fa6b7f6a261eac"",""stock_quantity"":5},{""merchant_id"":""1079459"",""name"":""Fırsat7"",""score"":8.3,""price"":159.9,""variant_id"":""230535315"",""listing_id"":""e5cd7cdc4e11bee1c61977c95021fb9e"",""stock_quantity"":84},{""merchant_id"":""810051"",""name"":""Hemdem Hediyelik"",""score"":9.4,""price"":165,""variant_id"":""230535315"",""listing_id"":""4e105e0fb9181ded10eefa48adc7cb37"",""stock_quantity"":997}]","[{""variant_id"":""230535315"",""label"":null,""in_stock"":true,""stock_quantity"":11531,""selected"":true}]",22591,6,5.98,,,estimated,24.08,inventory_net_decrease,2026-09-08,2026-09-08T13:30:55+03:00,otomobil motosiklet,BEST_SELLER,arac-ici-aksesuar,araç içi aksesuar,118,3,138,138,,otomobil-motosiklet:arac-ici-aksesuar,118,-33,25.1,4.9,134001887,386081,134001887:386081,Genel Markalar Araba Park Numaratörü Araç Içi Torpido Üstü Açılır Kapanır Neon Telefon Numarası Bırakma,Genel Markalar,Torpido Aksesuar,https://www.trendyol.com/genel-markalar/araba-park-numaratoru-arac-ici-torpido-ustu-acilir-kapanir-neon-telefon-numarasi-birakma-p-134001887?boutiqueId=61&merchantId=386081,CHN GROUP,9.3,35,,,0,TRY,"[""10 TL Kupon"",""Kargo Bedava""]",InStock,,,,,,4.077620602103736,2757,1381,1,,,,,4999,TRY,0,1,1,3,Tahmini Teslim:,,https://cdn.dsmcdn.com/ty1681/prod/QC/20250517/12/3608be3e-5242-3e2c-bee3-05589d73eadc/1_org_zoom.jpg,"{""Menşei"":""TR"",""Bakım Talimatları (Genel)"":""Nemli bir bezle silin.""}",20,5,refreshed,"[""daily_top""]",true,2026-09-08T10:40:31.307Z,0,"[""search_result_dom"",""product_detail_jsonld"",""product_detail_dom""]","{""variant_id"":""observed"",""variant_label"":""unavailable"",""listing_id"":""observed"",""inventory_key"":""observed"",""stock_quantity"":""observed"",""stock_quantity_source"":""observed"",""stock_quantity_kind"":""observed"",""stock_observed_at"":""observed"",""max_sale_limit"":""observed"",""seller_count"":""observed"",""seller_count_observed"":""observed"",""seller_count_kind"":""observed"",""sellers"":""observed"",""variants"":""observed"",""favorite_count"":""observed"",""inventory_decrease"":""unavailable"",""sales_estimate_daily"":""unavailable"",""sales_estimate_weekly"":""unavailable"",""sales_estimate_monthly"":""unavailable"",""sales_estimate_status"":""unavailable"",""sales_estimate_hours"":""unavailable"",""sales_estimate_source"":""unavailable"",""title"":""observed"",""brand"":""observed"",""seller_name"":""observed"",""seller_score"":""observed"",""price"":""observed"",""original_price"":""unavailable"",""campaigns"":""observed"",""stock_status"":""observed"",""stock_signal"":""unavailable"",""rating"":""observed"",""rating_count"":""observed"",""review_count"":""observed"",""question_count"":""unavailable"",""delivery_summary"":""observed"",""shipping_cost"":""observed"",""properties"":""observed""}",true,
1113252799,,58046fd78e6962d640c5a7f3ba974c65,830770272:520352:1113252799:58046fd78e6962d640c5a7f3ba974c65,285,merchantListing.winnerVariant.quantity,reported,2026-09-08T10:40:31.460Z,10,2,2,reported_total,"[{""merchant_id"":""520352"",""name"":""AutoMare"",""score"":9.2,""price"":169,""variant_id"":""1113252799"",""listing_id"":""58046fd78e6962d640c5a7f3ba974c65"",""stock_quantity"":285},{""merchant_id"":""967510"",""name"":""Oto Asya Group"",""score"":8.7,""price"":189,""variant_id"":""1113252799"",""listing_id"":""e102f69d52bb7f454b16d933b6d55d76"",""stock_quantity"":7}]","[{""variant_id"":""1113252799"",""label"":null,""in_stock"":true,""stock_quantity"":285,""selected"":true}]",3747,13,12.95,,,estimated,24.09,inventory_net_decrease,2026-09-08,2026-09-08T13:30:55+03:00,otomobil motosiklet,BEST_SELLER,arac-ici-aksesuar,araç içi aksesuar,119,3,139,139,,otomobil-motosiklet:arac-ici-aksesuar,119,-63,19.5,10.5,830770272,520352,830770272:520352,Kingstar 150 X 70 Cm Araba Ön Cam Güneşlik Cam Güneşliği Otomobil Güneşlikleri Araç Gölgelik Oto Içi Vantuzlu,Kingstar,Oto Güneşlik Perde,https://www.trendyol.com/kingstar/150-x-70-cm-araba-on-cam-guneslik-cam-gunesligi-otomobil-guneslikleri-arac-golgelik-oto-ici-vantuzlu-p-830770272?boutiqueId=61&merchantId=520352,AutoMare,9.2,169,,,0,TRY,"[""Sepette %1 İndirim"",""Kargo Bedava""]",InStock,,,,,,4.177858439201452,551,273,0,,,,,4999,TRY,0,1,1,3,Tahmini Teslim:,,https://cdn.dsmcdn.com/ty1726/prod/QC_ENRICHMENT/20250815/17/3d863182-53c4-3cb8-bdf9-3cf166c99f64/1_org_zoom.jpg,"{""Araç Markası"":""Hyundai"",""Menşei"":""TR""}",20,5,refreshed,"[""daily_top""]",true,2026-09-08T10:40:31.460Z,0,"[""search_result_dom"",""product_detail_jsonld"",""product_detail_dom""]","{""variant_id"":""observed"",""variant_label"":""unavailable"",""listing_id"":""observed"",""inventory_key"":""observed"",""stock_quantity"":""observed"",""stock_quantity_source"":""observed"",""stock_quantity_kind"":""observed"",""stock_observed_at"":""observed"",""max_sale_limit"":""observed"",""seller_count"":""observed"",""seller_count_observed"":""observed"",""seller_count_kind"":""observed"",""sellers"":""observed"",""variants"":""observed"",""favorite_count"":""observed"",""inventory_decrease"":""unavailable"",""sales_estimate_daily"":""unavailable"",""sales_estimate_weekly"":""unavailable"",""sales_estimate_monthly"":""unavailable"",""sales_estimate_status"":""unavailable"",""sales_estimate_hours"":""unavailable"",""sales_estimate_source"":""unavailable"",""title"":""observed"",""brand"":""observed"",""seller_name"":""observed"",""seller_score"":""observed"",""price"":""observed"",""original_price"":""unavailable"",""campaigns"":""observed"",""stock_status"":""observed"",""stock_signal"":""unavailable"",""rating"":""observed"",""rating_count"":""observed"",""review_count"":""observed"",""question_count"":""unavailable"",""delivery_summary"":""observed"",""shipping_cost"":""observed"",""properties"":""observed""}",true,
1647081516,,e73e82eb144634fb0f5bff7641e1b84d,1175306041:817599:1647081516:e73e82eb144634fb0f5bff7641e1b84d,720,merchantListing.winnerVariant.quantity,reported,2026-09-08T10:40:33.306Z,20,1,1,reported_total,"[{""merchant_id"":""817599"",""name"":""BRE HOME"",""score"":8.9,""price"":49.99,""variant_id"":""1647081516"",""listing_id"":""e73e82eb144634fb0f5bff7641e1b84d"",""stock_quantity"":720}]","[{""variant_id"":""1647081516"",""label"":null,""in_stock"":true,""stock_quantity"":720,""selected"":true}]",403,24,23.95,,,estimated,24.05,inventory_net_decrease,2026-09-08,2026-09-08T13:30:55+03:00,otomobil motosiklet,BEST_SELLER,arac-ici-aksesuar,araç içi aksesuar,120,3,140,140,,otomobil-motosiklet:arac-ici-aksesuar,120,33,0,30,1175306041,817599,1175306041:817599,BRE HOME Sevimli Sinirli Ördek Araç Süsü | Havalandırma Klipsli Araba İçi Dekoratif Aksesuar | Komik Sarı Ördek Oto Süsü,BRE HOME,Torpido Aksesuar,https://www.trendyol.com/bre-home/sevimli-sinirli-ordek-arac-susu-havalandirma-klipsli-araba-ici-dekoratif-aksesuar-komik-sari-ordek-oto-susu-p-1175306041?boutiqueId=61&merchantId=817599,BRE HOME,8.9,49.99,,,108,TRY,"[""Kargo Bedava""]",InStock,,,,,,5,1,0,0,,,,,4999,TRY,0,1,1,3,Tahmini Teslim:,,https://cdn.dsmcdn.com/ty1906/prod/QC_PREP/20260724/06/6dcc8465-9d28-3a73-9aa7-c6e56a715d9d/1_org_zoom.jpg,"{""Menşei"":""TR"",""Bakım Talimatları (Genel)"":""Nemli bir bezle silin.""}",0,,refreshed,"[""daily_top"",""hot_change""]",true,2026-09-08T10:40:33.307Z,0,"[""search_result_dom"",""product_detail_jsonld"",""product_detail_dom""]","{""variant_id"":""observed"",""variant_label"":""unavailable"",""listing_id"":""observed"",""inventory_key"":""observed"",""stock_quantity"":""observed"",""stock_quantity_source"":""observed"",""stock_quantity_kind"":""observed"",""stock_observed_at"":""observed"",""max_sale_limit"":""observed"",""seller_count"":""observed"",""seller_count_observed"":""observed"",""seller_count_kind"":""observed"",""sellers"":""observed"",""variants"":""observed"",""favorite_count"":""observed"",""inventory_decrease"":""unavailable"",""sales_estimate_daily"":""unavailable"",""sales_estimate_weekly"":""unavailable"",""sales_estimate_monthly"":""unavailable"",""sales_estimate_status"":""unavailable"",""sales_estimate_hours"":""unavailable"",""sales_estimate_source"":""unavailable"",""title"":""observed"",""brand"":""observed"",""seller_name"":""observed"",""seller_score"":""observed"",""price"":""observed"",""original_price"":""unavailable"",""campaigns"":""observed"",""stock_status"":""observed"",""stock_signal"":""unavailable"",""rating"":""observed"",""rating_count"":""observed"",""review_count"":""observed"",""question_count"":""unavailable"",""delivery_summary"":""observed"",""shipping_cost"":""observed"",""properties"":""observed""}",true,
1583055249,,11af912eddbdf97e99602941984ddca9,1133092247:227716:1583055249:11af912eddbdf97e99602941984ddca9,1849,merchantListing.winnerVariant.quantity,reported,2026-09-08T10:40:40.107Z,10,4,4,reported_total,"[{""merchant_id"":""227716"",""name"":""Evidea"",""score"":8.8,""price"":1599,""variant_id"":""1583055249"",""listing_id"":""11af912eddbdf97e99602941984ddca9"",""stock_quantity"":1849},{""merchant_id"":""969326"",""name"":""TURAN BİLGİSAYAR"",""score"":9.3,""price"":1899,""variant_id"":""1583055249"",""listing_id"":""a6b5ec785ce6a14e13d1462eb3b26c1f"",""stock_quantity"":3},{""merchant_id"":""1271389"",""name"":""TREND FIRSAT"",""score"":9.2,""price"":1999,""variant_id"":""1583055249"",""listing_id"":""7f1288bf9126c0d942daa562690dabc9"",""stock_quantity"":120},{""merchant_id"":""856875"",""name"":""BİLİM Teknoloji&Oyuncak"",""score"":9,""price"":1999,""variant_id"":""1583055249"",""listing_id"":""1ed78929f58a0f5947c248c16fb050ea"",""stock_quantity"":48}]","[{""variant_id"":""1583055249"",""label"":null,""in_stock"":true,""stock_quantity"":1849,""selected"":true}]",16339,38,37.89,,,estimated,24.07,inventory_net_decrease,2026-09-08,2026-09-08T13:30:55+03:00,otomobil motosiklet,BEST_SELLER,arac-ici-aksesuar,araç içi aksesuar,121,3,141,141,,otomobil-motosiklet:arac-ici-aksesuar,121,-20,14.2,15.8,1133092247,227716,1133092247:227716,Kiwi KVC-4036 Şarjlı El Süpürgesi | BLDC Motor & 3 Kademe & 17000 Pa & 7 Başlık,Kiwi,Araç İçi Süpürge,https://www.trendyol.com/kiwi/kvc-4036-sarjli-el-supurgesi-bldc-motor-3-kademe-17000-pa-7-baslik-p-1133092247?boutiqueId=61&merchantId=227716,Evidea,8.8,1599,,,0,TRY,"[""Kargo Bedava""]",InStock,,,,,,4.475806451612903,124,58,0,,,,,4999,TRY,0,2,1,6,Tahmini Teslim:,En Çok Ziyaret Edilen 8. Ürün,https://cdn.dsmcdn.com/ty1000396/product/media/images/prod/PIM/20260512/10/56852036-e431-43d6-a3b9-835974e44a53/1_org_zoom.jpg,"{""Garanti Süresi"":""2 Yıl"",""Garanti Tipi"":""Resmi Distribütör Garantili"",""Menşei"":""CN"",""Tamir Edilebilirlik"":""Yetkili Servis ile Tamiri Gerekir."",""Renk"":""Siyah"",""Vakum Emiş Gücü"":""17000 PA"",""Güç (Watt)"":""0 - 250 Watt"",""Ses Seviyesi"":""51 Dba - 60 Dba"",""Şarj Süresi"":""4 - 5 Saat""}",20,5,refreshed,"[""daily_top""]",true,2026-09-08T10:40:40.109Z,0,"[""search_result_dom"",""product_detail_jsonld"",""product_detail_dom""]","{""variant_id"":""observed"",""variant_label"":""unavailable"",""listing_id"":""observed"",""inventory_key"":""observed"",""stock_quantity"":""observed"",""stock_quantity_source"":""observed"",""stock_quantity_kind"":""observed"",""stock_observed_at"":""observed"",""max_sale_limit"":""observed"",""seller_count"":""observed"",""seller_count_observed"":""observed"",""seller_count_kind"":""observed"",""sellers"":""observed"",""variants"":""observed"",""favorite_count"":""observed"",""inventory_decrease"":""unavailable"",""sales_estimate_daily"":""unavailable"",""sales_estimate_weekly"":""unavailable"",""sales_estimate_monthly"":""unavailable"",""sales_estimate_status"":""unavailable"",""sales_estimate_hours"":""unavailable"",""sales_estimate_source"":""unavailable"",""title"":""observed"",""brand"":""observed"",""seller_name"":""observed"",""seller_score"":""observed"",""price"":""observed"",""original_price"":""unavailable"",""campaigns"":""observed"",""stock_status"":""observed"",""stock_signal"":""unavailable"",""rating"":""observed"",""rating_count"":""observed"",""review_count"":""observed"",""question_count"":""unavailable"",""delivery_summary"":""observed"",""shipping_cost"":""observed"",""properties"":""observed""}",true,
1483409632,,e2787bbbaa79d81ba5acf53b33d19596,1073837784:1155325:1483409632:e2787bbbaa79d81ba5acf53b33d19596,959,merchantListing.winnerVariant.quantity,reported,2026-09-08T10:40:40.743Z,10,1,1,reported_total,"[{""merchant_id"":""1155325"",""name"":""Form Oto Aksesuar Sanayi"",""score"":9.6,""price"":394,""variant_id"":""1483409632"",""listing_id"":""e2787bbbaa79d81ba5acf53b33d19596"",""stock_quantity"":959}]","[{""variant_id"":""1483409632"",""label"":null,""in_stock"":true,""stock_quantity"":959,""selected"":true}]",10123,11,10.96,,,estimated,24.09,inventory_net_decrease,2026-09-08,2026-09-08T13:30:55+03:00,otomobil motosiklet,BEST_SELLER,arac-ici-aksesuar,araç içi aksesuar,122,3,142,142,,otomobil-motosiklet:arac-ici-aksesuar,122,-62,14.3,15.7,1073837784,1155325,1073837784:1155325,Form Leopar Geçmeli Oto Direksiyon Kılıfı 38cm %100 Yerli Üretim File/Leopar 1.Kalite,Form,Direksiyon Ürünü,https://www.trendyol.com/form/leopar-gecmeli-oto-direksiyon-kilifi-38cm-100-yerli-uretim-file-leopar-1-kalite-p-1073837784?boutiqueId=61&merchantId=1155325,Form Oto Aksesuar Sanayi,9.6,394,,,0,TRY,"[""Kargo Bedava"",""Trendyol Plus'a Özel""]",InStock,,,,,,4.728070175438597,114,60,0,,,,,4999,TRY,0,1,1,3,Tahmini Teslim:,En Çok Ziyaret Edilen 1. Ürün,https://cdn.dsmcdn.com/ty1801/prod/QC_ENRICHMENT/20251220/22/b598b1db-f7b6-309e-b687-80130e74b1b3/1_org_zoom.jpg,"{""Renk"":""Beyaz"",""Menşei"":""TR"",""Tamir Edilebilirlik"":""Tamir Edilmez."",""Özellik"":""Solmaya Dayanıklı""}",20,5,refreshed,"[""daily_top""]",true,2026-09-08T10:40:40.744Z,0,"[""search_result_dom"",""product_detail_jsonld"",""product_detail_dom""]","{""variant_id"":""observed"",""variant_label"":""unavailable"",""listing_id"":""observed"",""inventory_key"":""observed"",""stock_quantity"":""observed"",""stock_quantity_source"":""observed"",""stock_quantity_kind"":""observed"",""stock_observed_at"":""observed"",""max_sale_limit"":""observed"",""seller_count"":""observed"",""seller_count_observed"":""observed"",""seller_count_kind"":""observed"",""sellers"":""observed"",""variants"":""observed"",""favorite_count"":""observed"",""inventory_decrease"":""unavailable"",""sales_estimate_daily"":""unavailable"",""sales_estimate_weekly"":""unavailable"",""sales_estimate_monthly"":""unavailable"",""sales_estimate_status"":""unavailable"",""sales_estimate_hours"":""unavailable"",""sales_estimate_source"":""unavailable"",""title"":""observed"",""brand"":""observed"",""seller_name"":""observed"",""seller_score"":""observed"",""price"":""observed"",""original_price"":""unavailable"",""campaigns"":""observed"",""stock_status"":""observed"",""stock_signal"":""unavailable"",""rating"":""observed"",""rating_count"":""observed"",""review_count"":""observed"",""question_count"":""unavailable"",""delivery_summary"":""observed"",""shipping_cost"":""observed"",""properties"":""observed""}",true,
1653279577,,cc5739532f7acc310f13213826268162,1179062429:318158:1653279577:cc5739532f7acc310f13213826268162,2329,merchantListing.winnerVariant.quantity,reported,2026-09-08T10:40:42.843Z,10,1,1,reported_total,"[{""merchant_id"":""318158"",""name"":""Single"",""score"":9.4,""price"":184.16,""variant_id"":""1653279577"",""listing_id"":""cc5739532f7acc310f13213826268162"",""stock_quantity"":2329}]","[{""variant_id"":""1653279577"",""label"":null,""in_stock"":true,""stock_quantity"":2329,""selected"":true}]",754,21,20.94,,,estimated,24.07,inventory_net_decrease,2026-09-08,2026-09-08T13:30:55+03:00,otomobil motosiklet,BEST_SELLER,arac-ici-aksesuar,araç içi aksesuar,123,3,143,143,,otomobil-motosiklet:arac-ici-aksesuar,123,-26,6.2,23.8,1179062429,318158,1179062429:318158,Single Araç İçi Led Küllük Kapaklı Araba Oto Küllüğü,Single,Oto Bez ve Sünger,https://www.trendyol.com/single/arac-ici-led-kulluk-kapakli-araba-oto-kullugu-p-1179062429?boutiqueId=61&merchantId=318158,Single,9.4,184.16,,,-7.9,TRY,"[""Kargo Bedava"",""Trendyol Plus'a Özel""]",InStock,,,,,,4.2,5,5,1,,,,,4999,TRY,0,,1,3,Tahmini Teslim:,En Çok Ziyaret Edilen 9. Ürün,https://cdn.dsmcdn.com/ty1900/prod/QC_PREP/20260803/01/be736658-b5bb-339f-b7de-22fc4a9ffabb/1_org_zoom.jpg,"{""Menşei"":""CN"",""Özellik"":""Oval"",""Ürün Tipi"":""Fırça"",""Paket İçeriği"":""Tekli""}",5,4.2,refreshed,"[""daily_top""]",true,2026-09-08T10:40:42.843Z,0,"[""search_result_dom"",""product_detail_jsonld"",""product_detail_dom""]","{""variant_id"":""observed"",""variant_label"":""unavailable"",""listing_id"":""observed"",""inventory_key"":""observed"",""stock_quantity"":""observed"",""stock_quantity_source"":""observed"",""stock_quantity_kind"":""observed"",""stock_observed_at"":""observed"",""max_sale_limit"":""observed"",""seller_count"":""observed"",""seller_count_observed"":""observed"",""seller_count_kind"":""observed"",""sellers"":""observed"",""variants"":""observed"",""favorite_count"":""observed"",""inventory_decrease"":""unavailable"",""sales_estimate_daily"":""unavailable"",""sales_estimate_weekly"":""unavailable"",""sales_estimate_monthly"":""unavailable"",""sales_estimate_status"":""unavailable"",""sales_estimate_hours"":""unavailable"",""sales_estimate_source"":""unavailable"",""title"":""observed"",""brand"":""observed"",""seller_name"":""observed"",""seller_score"":""observed"",""price"":""observed"",""original_price"":""unavailable"",""campaigns"":""observed"",""stock_status"":""observed"",""stock_signal"":""unavailable"",""rating"":""observed"",""rating_count"":""observed"",""review_count"":""observed"",""question_count"":""unavailable"",""delivery_summary"":""observed"",""shipping_cost"":""observed"",""properties"":""observed""}",true,
1556079418,,6da372780f64e0291bbe7d6b9f16d991,1117376980:438273:1556079418:6da372780f64e0291bbe7d6b9f16d991,2323,merchantListing.winnerVariant.quantity,reported,2026-09-08T10:40:48.750Z,5,1,1,reported_total,"[{""merchant_id"":""438273"",""name"":""AYACO TREND"",""score"":9.3,""price"":369,""variant_id"":""1556079418"",""listing_id"":""6da372780f64e0291bbe7d6b9f16d991"",""stock_quantity"":2323}]","[{""variant_id"":""1556079418"",""label"":null,""in_stock"":true,""stock_quantity"":2323,""selected"":true}]",19144,22,21.92,,,estimated,24.08,inventory_net_decrease,2026-09-08,2026-09-08T13:30:55+03:00,otomobil motosiklet,BEST_SELLER,arac-ici-aksesuar,araç içi aksesuar,124,3,144,144,,otomobil-motosiklet:arac-ici-aksesuar,124,-45,15.8,14.2,1117376980,438273,1117376980:438273,Arnee Araç İçi Koltuk Arkası Organizer Koruyucu Kılıf Eşya Düzenleyici Tablet Tutucu Organizer,Arnee,Araç İçi Organizer,https://www.trendyol.com/arnee/arac-ici-koltuk-arkasi-organizer-koruyucu-kilif-esya-duzenleyici-tablet-tutucu-organizer-p-1117376980?boutiqueId=61&merchantId=438273,AYACO TREND,9.3,369,,,0,TRY,"[""Kargo Bedava"",""Trendyol Plus'a Özel""]",InStock,,,,,,3.881516587677725,211,94,3,,,,,4999,TRY,0,1,1,3,Tahmini Teslim:,En Çok Ziyaret Edilen 2. Ürün,https://cdn.dsmcdn.com/ty1836/prod/QC_PREP/20260311/00/0deb5f76-a2b5-3fd8-a378-bac6d2b4cbab/1_org_zoom.jpg,"{""Diğer Özellikler"":""Keçe Kumaş ürününden üretilmiştir."",""Menşei"":""TR""}",20,5,refreshed,"[""daily_top""]",true,2026-09-08T10:40:48.752Z,0,"[""search_result_dom"",""product_detail_jsonld"",""product_detail_dom""]","{""variant_id"":""observed"",""variant_label"":""unavailable"",""listing_id"":""observed"",""inventory_key"":""observed"",""stock_quantity"":""observed"",""stock_quantity_source"":""observed"",""stock_quantity_kind"":""observed"",""stock_observed_at"":""observed"",""max_sale_limit"":""observed"",""seller_count"":""observed"",""seller_count_observed"":""observed"",""seller_count_kind"":""observed"",""sellers"":""observed"",""variants"":""observed"",""favorite_count"":""observed"",""inventory_decrease"":""unavailable"",""sales_estimate_daily"":""unavailable"",""sales_estimate_weekly"":""unavailable"",""sales_estimate_monthly"":""unavailable"",""sales_estimate_status"":""unavailable"",""sales_estimate_hours"":""unavailable"",""sales_estimate_source"":""unavailable"",""title"":""observed"",""brand"":""observed"",""seller_name"":""observed"",""seller_score"":""observed"",""price"":""observed"",""original_price"":""unavailable"",""campaigns"":""observed"",""stock_status"":""observed"",""stock_signal"":""unavailable"",""rating"":""observed"",""rating_count"":""observed"",""review_count"":""observed"",""question_count"":""unavailable"",""delivery_summary"":""observed"",""shipping_cost"":""observed"",""properties"":""observed""}",true,
1008881933,,7a857e16f9a7d2bd0318b3c89e4a8723,764506252:747099:1008881933:7a857e16f9a7d2bd0318b3c89e4a8723,144,merchantListing.winnerVariant.quantity,reported,2026-09-08T10:40:49.224Z,10,4,4,reported_total,"[{""merchant_id"":""747099"",""name"":""Tasarım Arabam Bey"",""score"":9.1,""price"":699,""variant_id"":""1008881933"",""listing_id"":""7a857e16f9a7d2bd0318b3c89e4a8723"",""stock_quantity"":144},{""merchant_id"":""423976"",""name"":""TASARIM ARABAM"",""score"":9.3,""price"":699,""variant_id"":""1008881933"",""listing_id"":""586008019329b7540b68731e7fa8a38e"",""stock_quantity"":5143},{""merchant_id"":""1259830"",""name"":""Queen Garage"",""score"":9.2,""price"":749,""variant_id"":""1008881933"",""listing_id"":""11d17ffc5a6aec6aaf1da9e8debf44c5"",""stock_quantity"":5},{""merchant_id"":""1098668"",""name"":""Arabaks"",""score"":8.6,""price"":1064.16,""variant_id"":""1008881933"",""listing_id"":""562fe6452ee017dde3dd2324128d7945"",""stock_quantity"":198}]","[{""variant_id"":""1008881933"",""label"":null,""in_stock"":true,""stock_quantity"":144,""selected"":true}]",40131,22,21.94,,,estimated,24.07,inventory_net_decrease,2026-09-08,2026-09-08T13:30:55+03:00,otomobil motosiklet,BEST_SELLER,arac-ici-aksesuar,araç içi aksesuar,125,3,145,145,2,otomobil-motosiklet:arac-ici-aksesuar,125,-16,23.5,6.5,764506252,747099,764506252:747099,TASARIM ARABAM ATİKE ELİF AKIN Full Pırlanta Direksiyon Kılıfı-taş Direksiyon,TASARIM ARABAM ATİKE ELİF AKIN,Direksiyon Ürünü,https://www.trendyol.com/tasarim-arabam-atike-elif-akin/full-pirlanta-direksiyon-kilifi-tas-direksiyon-p-764506252?boutiqueId=61&merchantId=747099,Tasarım Arabam Bey,9.1,699,,,0,TRY,"[""Sepette %5 İndirim"",""40 TL Kupon"",""Kargo Bedava"",""Trendyol Plus'a Özel""]",InStock,,,,,,4.629169899146626,1289,876,1,,,,,4999,TRY,0,1,1,3,Tahmini Teslim:,En Çok Satan 2. Ürün,https://cdn.dsmcdn.com/ty1651/prod/QC/20250319/12/9ea8d76d-2413-3f57-8518-bb5dfc058e4b/1_org_zoom.jpg,"{""Renk"":""Gri"",""Menşei"":""TR"",""Tamir Edilebilirlik"":""Tamir Edilmez."",""Özellik"":""Uzun""}",20,5,refreshed,"[""daily_top""]",true,2026-09-08T10:40:49.225Z,0,"[""search_result_dom"",""product_detail_jsonld"",""product_detail_dom""]","{""variant_id"":""observed"",""variant_label"":""unavailable"",""listing_id"":""observed"",""inventory_key"":""observed"",""stock_quantity"":""observed"",""stock_quantity_source"":""observed"",""stock_quantity_kind"":""observed"",""stock_observed_at"":""observed"",""max_sale_limit"":""observed"",""seller_count"":""observed"",""seller_count_observed"":""observed"",""seller_count_kind"":""observed"",""sellers"":""observed"",""variants"":""observed"",""favorite_count"":""observed"",""inventory_decrease"":""unavailable"",""sales_estimate_daily"":""unavailable"",""sales_estimate_weekly"":""unavailable"",""sales_estimate_monthly"":""unavailable"",""sales_estimate_status"":""unavailable"",""sales_estimate_hours"":""unavailable"",""sales_estimate_source"":""unavailable"",""title"":""observed"",""brand"":""observed"",""seller_name"":""observed"",""seller_score"":""observed"",""price"":""observed"",""original_price"":""unavailable"",""campaigns"":""observed"",""stock_status"":""observed"",""stock_signal"":""unavailable"",""rating"":""observed"",""rating_count"":""observed"",""review_count"":""observed"",""question_count"":""unavailable"",""delivery_summary"":""observed"",""shipping_cost"":""observed"",""properties"":""observed""}",true,
609031814,,0dae13897cd7c04557946812b1f5b8d7,376901914:712762:609031814:0dae13897cd7c04557946812b1f5b8d7,1526,merchantListing.winnerVariant.quantity,reported,2026-09-08T10:40:52.639Z,5,10,10,reported_total,"[{""merchant_id"":""712762"",""name"":""adagarage"",""score"":9.6,""price"":114,""variant_id"":""609031814"",""listing_id"":""0dae13897cd7c04557946812b1f5b8d7"",""stock_quantity"":1526},{""merchant_id"":""660815"",""name"":""KARA AUTO SHOP"",""score"":8.3,""price"":115,""variant_id"":""609031814"",""listing_id"":""d17b95b3f3181e97b362310c26195b59"",""stock_quantity"":996},{""merchant_id"":""886955"",""name"":""Cebeci Marketing"",""score"":9.4,""price"":130,""variant_id"":""609031814"",""listing_id"":""aab128336c3a9d3870818852a882180f"",""stock_quantity"":2},{""merchant_id"":""987323"",""name"":""POYOTO GROUP"",""score"":8.6,""price"":129,""variant_id"":""609031814"",""listing_id"":""fc9cb370fc96224dca3a1f18c98abe7b"",""stock_quantity"":999},{""merchant_id"":""872829"",""name"":""Mes Garage"",""score"":8.1,""price"":130.62,""variant_id"":""609031814"",""listing_id"":""37a0aa5f7a9175aa9bf9690ed6f5ffe4"",""stock_quantity"":5},{""merchant_id"":""1123110"",""name"":""msr garaj"",""score"":7.5,""price"":130.62,""variant_id"":""609031814"",""listing_id"":""4407c79229f0e76e1831ce53120d2613"",""stock_quantity"":2},{""merchant_id"":""626586"",""name"":""AS GARAJ"",""score"":8.5,""price"":150,""variant_id"":""609031814"",""listing_id"":""abb0478f0f214a3213f83ad29ea76d41"",""stock_quantity"":5554},{""merchant_id"":""1259656"",""name"":""REST GARAGE09 OTO AKSESUAR"",""score"":8.6,""price"":199,""variant_id"":""609031814"",""listing_id"":""6e2ae5b6308861130dc28c020fe84ecd"",""stock_quantity"":84},{""merchant_id"":""787543"",""name"":""OTO AKSESUAR GARAJI"",""score"":8.6,""price"":249,""variant_id"":""609031814"",""listing_id"":""b475b382129d79cec55db21f668b2916"",""stock_quantity"":16},{""merchant_id"":""1200757"",""name"":""ZAFAKS"",""score"":8.2,""price"":255,""variant_id"":""609031814"",""listing_id"":""ecdbd6880cfc75dec61c2e74d4cc78fb"",""stock_quantity"":236}]","[{""variant_id"":""609031814"",""label"":null,""in_stock"":true,""stock_quantity"":1526,""selected"":true}]",8538,15,14.96,,,estimated,24.07,inventory_net_decrease,2026-09-08,2026-09-08T13:30:55+03:00,otomobil motosiklet,BEST_SELLER,arac-ici-aksesuar,araç içi aksesuar,126,3,146,146,,otomobil-motosiklet:arac-ici-aksesuar,126,-16,24,10.5,376901914,712762,376901914:712762,Genel Markalar Beyaz File Seti 10 Lu,Genel Markalar,Araç İçi Organizer,https://www.trendyol.com/genel-markalar/beyaz-file-seti-10-lu-p-376901914?boutiqueId=61&merchantId=712762,adagarage,9.6,114,119.37,4.5,-4.5,TRY,"[""Son 10 Günün En Düşük Fiyatı"",""Sepette %1 İndirim"",""Kargo Bedava"",""Son 10 günün en düşük fiyatı""]",InStock,,,,,,4.45777027027027,592,270,1,,,,,4999,TRY,0,1,1,3,Tahmini Teslim:,,https://cdn.dsmcdn.com/ty1794/prod/QC_ENRICHMENT/20251203/13/434a2946-dce8-30cb-a31e-fb2149a2c5f6/1_org_zoom.jpg,"{""Menşei"":""TR""}",20,5,refreshed,"[""daily_top""]",true,2026-09-08T10:40:52.640Z,0,"[""search_result_dom"",""product_detail_jsonld"",""product_detail_dom""]","{""variant_id"":""observed"",""variant_label"":""unavailable"",""listing_id"":""observed"",""inventory_key"":""observed"",""stock_quantity"":""observed"",""stock_quantity_source"":""observed"",""stock_quantity_kind"":""observed"",""stock_observed_at"":""observed"",""max_sale_limit"":""observed"",""seller_count"":""observed"",""seller_count_observed"":""observed"",""seller_count_kind"":""observed"",""sellers"":""observed"",""variants"":""observed"",""favorite_count"":""observed"",""inventory_decrease"":""unavailable"",""sales_estimate_daily"":""unavailable"",""sales_estimate_weekly"":""unavailable"",""sales_estimate_monthly"":""unavailable"",""sales_estimate_status"":""unavailable"",""sales_estimate_hours"":""unavailable"",""sales_estimate_source"":""unavailable"",""title"":""observed"",""brand"":""observed"",""seller_name"":""observed"",""seller_score"":""observed"",""price"":""observed"",""original_price"":""observed"",""campaigns"":""observed"",""stock_status"":""observed"",""stock_signal"":""unavailable"",""rating"":""observed"",""rating_count"":""observed"",""review_count"":""observed"",""question_count"":""unavailable"",""delivery_summary"":""observed"",""shipping_cost"":""observed"",""properties"":""observed""}",true,
,,,,,,,,,,,,,,,,,,,identity_changed_or_unknown,,inventory_net_decrease,2026-09-08,2026-09-08T13:30:55+03:00,otomobil motosiklet,BEST_SELLER,arac-ici-aksesuar,araç içi aksesuar,127,3,147,147,,otomobil-motosiklet:arac-ici-aksesuar,127,40,15.8,14.2,857296077,,857296077:unknown,Apple Yenilenmiş IPHONE 16 PRO MAX 256GB -B Kalite- Siyah Titanyum,Apple,Yenilenmiş Cep Telefonu,https://www.trendyol.com/apple/iphone-16-pro-max-256gb-siyah-titanyum-p-857296077,,,87039,,,0,TRY,"[""Kargo Bedava""]",InStock,Son 1 Ürün,,,,,4.6,153,94,0,,,,,4999,TRY,0,1,1,3,Tahmini Teslim:,,https://cdn.dsmcdn.com/ty1804/prod/QC_PREP/20251225/16/8a9805f3-24d0-36d6-9b4a-b0a6654067ca/1_org_zoom.jpg,"{""Pil Gücü (mAh)"":""2800 ve üstü"",""Dahili Hafıza"":""256 GB"",""Ana Kamera Çözünürlük Aralığı"":""10 - 15 MP"",""Kozmetik Durum"":""B seviye-Çok İyi"",""Renk"":""Siyah"",""Garanti Tipi"":""Yenilenmiş Ürün (12 Ay Garanti)"",""Ekran Boyutu"":""6,7 inç"",""Kamera Çözünürlüğü"":""12 MP"",""RAM Kapasitesi"":""8 GB"",""Garanti Süresi"":""1 Yıl"",""Batarya Kapasitesi Aralığı"":""3500-4000 mAh"",""Menşei"":""TR"",""Tamir Edilebilirlik"":""Tamir Edilebilir, Satıcı ile İletişime Geçiniz."",""Cep Telefonu Modeli"":""iPhone 16 Pro Max""}",20,5,refreshed,"[""daily_top"",""hot_change""]",true,2026-09-08T10:40:58.173Z,0,"[""search_result_dom"",""product_detail_jsonld"",""product_detail_dom""]","{""variant_id"":""unavailable"",""variant_label"":""unavailable"",""listing_id"":""unavailable"",""inventory_key"":""unavailable"",""stock_quantity"":""unavailable"",""stock_quantity_source"":""unavailable"",""stock_quantity_kind"":""unavailable"",""stock_observed_at"":""unavailable"",""max_sale_limit"":""unavailable"",""seller_count"":""unavailable"",""seller_count_observed"":""unavailable"",""seller_count_kind"":""unavailable"",""sellers"":""unavailable"",""variants"":""unavailable"",""favorite_count"":""unavailable"",""inventory_decrease"":""unavailable"",""sales_estimate_daily"":""unavailable"",""sales_estimate_weekly"":""unavailable"",""sales_estimate_monthly"":""unavailable"",""sales_estimate_status"":""unavailable"",""sales_estimate_hours"":""unavailable"",""sales_estimate_source"":""unavailable"",""title"":""observed"",""brand"":""observed"",""seller_name"":""unavailable"",""seller_score"":""unavailable"",""price"":""observed"",""original_price"":""unavailable"",""campaigns"":""observed"",""stock_status"":""observed"",""stock_signal"":""observed"",""rating"":""observed"",""rating_count"":""observed"",""review_count"":""observed"",""question_count"":""unavailable"",""delivery_summary"":""observed"",""shipping_cost"":""observed"",""properties"":""observed""}",true,
1051264749,,68cf03c1e217588896aa546a07ee5734,791961964:648992:1051264749:68cf03c1e217588896aa546a07ee5734,2444,merchantListing.winnerVariant.quantity,reported,2026-09-08T10:40:58.409Z,10,1,1,reported_total,"[{""merchant_id"":""648992"",""name"":""CONOCER"",""score"":9.1,""price"":169.99,""variant_id"":""1051264749"",""listing_id"":""68cf03c1e217588896aa546a07ee5734"",""stock_quantity"":2444}]","[{""variant_id"":""1051264749"",""label"":null,""in_stock"":true,""stock_quantity"":2444,""selected"":true}]",9464,10,9.97,,,estimated,24.08,inventory_net_decrease,2026-09-08,2026-09-08T13:30:55+03:00,otomobil motosiklet,BEST_SELLER,arac-ici-aksesuar,araç içi aksesuar,128,4,148,148,,otomobil-motosiklet:arac-ici-aksesuar,128,-30,19.9,10.1,791961964,648992,791961964:648992,CONOCER Araba Araç Içi Iki Taraflı Güneş Gözlük Ve Kart Tutacağı Oto Araç Içi Klips Siyah Organizer,CONOCER,Torpido Aksesuar,https://www.trendyol.com/conocer/araba-arac-ici-iki-tarafli-gunes-gozluk-ve-kart-tutacagi-oto-arac-ici-klips-siyah-organizer-p-791961964?boutiqueId=61&merchantId=648992,CONOCER,9.1,169.99,,,17,TRY,"[""Kargo Bedava""]",InStock,,,,,,4.535714285714286,644,305,0,,,,,4999,TRY,0,1,1,3,Tahmini Teslim:,,https://cdn.dsmcdn.com/ty1489/product/media/images/prod/QC/20240819/17/e3ee616c-7225-3045-9a7d-875aaa1e7846/1_org_zoom.jpg,"{""Menşei"":""CN"",""Bakım Talimatları (Genel)"":""Ürünün kullanım ömrünü korumak için ürüne özel bakım talimatlarını takip ediniz."",""Renk"":""Siyah""}",20,5,refreshed,"[""daily_top""]",true,2026-09-08T10:40:58.411Z,0,"[""search_result_dom"",""product_detail_jsonld"",""product_detail_dom""]","{""variant_id"":""observed"",""variant_label"":""unavailable"",""listing_id"":""observed"",""inventory_key"":""observed"",""stock_quantity"":""observed"",""stock_quantity_source"":""observed"",""stock_quantity_kind"":""observed"",""stock_observed_at"":""observed"",""max_sale_limit"":""observed"",""seller_count"":""observed"",""seller_count_observed"":""observed"",""seller_count_kind"":""observed"",""sellers"":""observed"",""variants"":""observed"",""favorite_count"":""observed"",""inventory_decrease"":""unavailable"",""sales_estimate_daily"":""unavailable"",""sales_estimate_weekly"":""unavailable"",""sales_estimate_monthly"":""unavailable"",""sales_estimate_status"":""unavailable"",""sales_estimate_hours"":""unavailable"",""sales_estimate_source"":""unavailable"",""title"":""observed"",""brand"":""observed"",""seller_name"":""observed"",""seller_score"":""observed"",""price"":""observed"",""original_price"":""unavailable"",""campaigns"":""observed"",""stock_status"":""observed"",""stock_signal"":""unavailable"",""rating"":""observed"",""rating_count"":""observed"",""review_count"":""observed"",""question_count"":""unavailable"",""delivery_summary"":""observed"",""shipping_cost"":""observed"",""properties"":""observed""}",true,
1597247243,,09d0ad27090db7b328e2c683c67fdc22,1142859507:879182:1597247243:09d0ad27090db7b328e2c683c67fdc22,4896,merchantListing.winnerVariant.quantity,reported,2026-09-08T10:41:03.424Z,10,3,3,reported_total,"[{""merchant_id"":""879182"",""name"":""EnshallShop"",""score"":9.3,""price"":1799,""variant_id"":""1597247243"",""listing_id"":""09d0ad27090db7b328e2c683c67fdc22"",""stock_quantity"":4896},{""merchant_id"":""1072750"",""name"":""7GO"",""score"":9.3,""price"":2199,""variant_id"":""1597247243"",""listing_id"":""0053f91008187456e8d0b338fdfc472f"",""stock_quantity"":497},{""merchant_id"":""1257995"",""name"":""Seyoni"",""score"":9.2,""price"":2200,""variant_id"":""1597247243"",""listing_id"":""dcef9e5c1efaf8ee5901140c417531e0"",""stock_quantity"":20}]","[{""variant_id"":""1597247243"",""label"":null,""in_stock"":true,""stock_quantity"":4896,""selected"":true}]",2405,13,12.97,,,estimated,24.05,inventory_net_decrease,2026-09-08,2026-09-08T13:30:55+03:00,otomobil motosiklet,BEST_SELLER,arac-ici-aksesuar,araç içi aksesuar,129,4,149,149,,otomobil-motosiklet:arac-ici-aksesuar,129,32,13.8,16.2,1142859507,879182,1142859507:879182,Matt Authentic Craftsman MATT MCV22 Şarjlı Araç Süpürgesi Kırmızı 22.000Pa Güçlü Vakumlu Mini El Süpürgesi Type-C Şarjlı 220M,Matt Authentic Craftsman,Araç İçi Süpürge,https://www.trendyol.com/matt-authentic-craftsman/matt-mcv22-sarjli-arac-supurgesi-kirmizi-22-000pa-guclu-vakumlu-mini-el-supurgesi-type-c-sarjli-220m-p-1142859507?boutiqueId=61&merchantId=879182,EnshallShop,9.3,1799,,,22.8,TRY,"[""Kargo Bedava"",""Trendyol Plus'a Özel""]",InStock,,,,,,4.436781609195402,87,52,0,,,,,4999,TRY,0,1,1,3,Tahmini Teslim:,,https://cdn.dsmcdn.com/ty1950/prod/QC_ENRICHMENT/20260903/12/8ce7c44a-bfad-3df2-9f45-4ca5dc098ea8/1_org_zoom.jpg,"{""Garanti Süresi"":""2 Yıl"",""Menşei"":""CN"",""Renk"":""Metalik"",""Vakum Emiş Gücü"":""22000 PA"",""Güç (Watt)"":""2001 - 2500 Watt"",""Ses Seviyesi"":""21 Dba - 30 Dba"",""Şarj Süresi"":""0 - 1 Saat""}",20,5,refreshed,"[""daily_top"",""hot_change""]",true,2026-09-08T10:41:03.425Z,0,"[""search_result_dom"",""product_detail_jsonld"",""product_detail_dom""]","{""variant_id"":""observed"",""variant_label"":""unavailable"",""listing_id"":""observed"",""inventory_key"":""observed"",""stock_quantity"":""observed"",""stock_quantity_source"":""observed"",""stock_quantity_kind"":""observed"",""stock_observed_at"":""observed"",""max_sale_limit"":""observed"",""seller_count"":""observed"",""seller_count_observed"":""observed"",""seller_count_kind"":""observed"",""sellers"":""observed"",""variants"":""observed"",""favorite_count"":""observed"",""inventory_decrease"":""unavailable"",""sales_estimate_daily"":""unavailable"",""sales_estimate_weekly"":""unavailable"",""sales_estimate_monthly"":""unavailable"",""sales_estimate_status"":""unavailable"",""sales_estimate_hours"":""unavailable"",""sales_estimate_source"":""unavailable"",""title"":""observed"",""brand"":""observed"",""seller_name"":""observed"",""seller_score"":""observed"",""price"":""observed"",""original_price"":""unavailable"",""campaigns"":""observed"",""stock_status"":""observed"",""stock_signal"":""unavailable"",""rating"":""observed"",""rating_count"":""observed"",""review_count"":""observed"",""question_count"":""unavailable"",""delivery_summary"":""observed"",""shipping_cost"":""observed"",""properties"":""observed""}",true,
1313479808,,d5c6a6d2e1710ffc26d0984a06442167,928917519:185368:1313479808:d5c6a6d2e1710ffc26d0984a06442167,455,merchantListing.winnerVariant.quantity,reported,2026-09-08T10:41:08.958Z,20,1,1,reported_total,"[{""merchant_id"":""185368"",""name"":""MeyZone"",""score"":9.5,""price"":129.9,""variant_id"":""1313479808"",""listing_id"":""d5c6a6d2e1710ffc26d0984a06442167"",""stock_quantity"":455}]","[{""variant_id"":""1313479808"",""label"":null,""in_stock"":true,""stock_quantity"":455,""selected"":true}]",4274,21,20.94,,,estimated,24.07,inventory_net_decrease,2026-09-08,2026-09-08T13:30:55+03:00,otomobil motosiklet,BEST_SELLER,arac-ici-aksesuar,araç içi aksesuar,130,4,150,150,,otomobil-motosiklet:arac-ici-aksesuar,130,-1,19.5,10.5,928917519,185368,928917519:185368,MeyZone Gri Metal Kasa Numara Çevirmeli Araç İçi Telefon Numaratör Park Numarası Parkmatik Araba Numaratör,MeyZone,Torpido Aksesuar,https://www.trendyol.com/meyzone/gri-metal-kasa-numara-cevirmeli-arac-ici-telefon-numarator-park-numarasi-parkmatik-araba-numarator-p-928917519?boutiqueId=61&merchantId=185368,MeyZone,9.5,129.9,,,0,TRY,"[""Sepette %1 İndirim"",""Kargo Bedava""]",InStock,,,,,,4.16326530612245,637,270,0,,,,,4999,TRY,0,,1,3,Tahmini Teslim:,,https://cdn.dsmcdn.com/ty1666/prod/QC/20250421/04/e6460fec-35e5-39d2-bc29-f3120aedae82/1_org_zoom.jpg,"{""Menşei"":""CN"",""Bakım Talimatları (Genel)"":""Ürünün kullanım ömrünü korumak için ürüne özel bakım talimatlarını takip ediniz.""}",20,5,refreshed,"[""daily_top"",""hot_change""]",true,2026-09-08T10:41:08.959Z,0,"[""search_result_dom"",""product_detail_jsonld"",""product_detail_dom""]","{""variant_id"":""observed"",""variant_label"":""unavailable"",""listing_id"":""observed"",""inventory_key"":""observed"",""stock_quantity"":""observed"",""stock_quantity_source"":""observed"",""stock_quantity_kind"":""observed"",""stock_observed_at"":""observed"",""max_sale_limit"":""observed"",""seller_count"":""observed"",""seller_count_observed"":""observed"",""seller_count_kind"":""observed"",""sellers"":""observed"",""variants"":""observed"",""favorite_count"":""observed"",""inventory_decrease"":""unavailable"",""sales_estimate_daily"":""unavailable"",""sales_estimate_weekly"":""unavailable"",""sales_estimate_monthly"":""unavailable"",""sales_estimate_status"":""unavailable"",""sales_estimate_hours"":""unavailable"",""sales_estimate_source"":""unavailable"",""title"":""observed"",""brand"":""observed"",""seller_name"":""observed"",""seller_score"":""observed"",""price"":""observed"",""original_price"":""unavailable"",""campaigns"":""observed"",""stock_status"":""observed"",""stock_signal"":""unavailable"",""rating"":""observed"",""rating_count"":""observed"",""review_count"":""observed"",""question_count"":""unavailable"",""delivery_summary"":""observed"",""shipping_cost"":""observed"",""properties"":""observed""}",true,
1508989304,,41dfd7cbfecdfe220a6f6306c92bea72,1090743385:717660:1508989304:41dfd7cbfecdfe220a6f6306c92bea72,17,merchantListing.winnerVariant.quantity,reported,2026-09-08T10:41:08.969Z,20,3,3,reported_total,"[{""merchant_id"":""717660"",""name"":""MisterionStudio"",""score"":9.7,""price"":40,""variant_id"":""1508989304"",""listing_id"":""41dfd7cbfecdfe220a6f6306c92bea72"",""stock_quantity"":17},{""merchant_id"":""1109799"",""name"":""BiKutu3D"",""score"":8.5,""price"":39.99,""variant_id"":""1508989304"",""listing_id"":""5712ae37658e5ed3a26d883f517ffd14"",""stock_quantity"":4927},{""merchant_id"":""1169512"",""name"":""GreenWay"",""score"":9.6,""price"":120,""variant_id"":""1508989304"",""listing_id"":""7ae147ce94215c2c10ebd1fbc4bdd10c"",""stock_quantity"":12}]","[{""variant_id"":""1508989304"",""label"":null,""in_stock"":true,""stock_quantity"":17,""selected"":true}]",8533,13,12.97,,,estimated,24.06,inventory_net_decrease,2026-09-08,2026-09-08T13:30:55+03:00,otomobil motosiklet,BEST_SELLER,arac-ici-aksesuar,araç içi aksesuar,131,4,151,151,,otomobil-motosiklet:arac-ici-aksesuar,131,5,16.7,13.3,1090743385,717660,1090743385:717660,MisterionStudio Pembe Fiyonk Torpido Süsü Araba Süsü - Araç İçi Aksesuar Dekoratif Fiyonk - Oto Aksesuarı,MisterionStudio,Torpido Aksesuar,https://www.trendyol.com/misterionstudio/pembe-fiyonk-torpido-susu-araba-susu-arac-ici-aksesuar-dekoratif-fiyonk-oto-aksesuari-p-1090743385?boutiqueId=61&merchantId=717660,MisterionStudio,9.7,40,,,0,TRY,"[""Sepette %5 İndirim"",""Kargo Bedava""]",InStock,,,,,,4.719745222929936,157,121,0,,,,,4999,TRY,0,1,1,3,Tahmini Teslim:,,https://cdn.dsmcdn.com/ty1818/prod/QC_ENRICHMENT/20260202/19/a03ca522-3942-3e7f-b3ec-56eae4506cdd/1_org_zoom.jpg,"{""Menşei"":""TR"",""Bakım Talimatları (Genel)"":""Nemli bir bezle silin.""}",20,5,refreshed,"[""daily_top"",""hot_change""]",true,2026-09-08T10:41:08.969Z,0,"[""search_result_dom"",""product_detail_jsonld"",""product_detail_dom""]","{""variant_id"":""observed"",""variant_label"":""unavailable"",""listing_id"":""observed"",""inventory_key"":""observed"",""stock_quantity"":""observed"",""stock_quantity_source"":""observed"",""stock_quantity_kind"":""observed"",""stock_observed_at"":""observed"",""max_sale_limit"":""observed"",""seller_count"":""observed"",""seller_count_observed"":""observed"",""seller_count_kind"":""observed"",""sellers"":""observed"",""variants"":""observed"",""favorite_count"":""observed"",""inventory_decrease"":""unavailable"",""sales_estimate_daily"":""unavailable"",""sales_estimate_weekly"":""unavailable"",""sales_estimate_monthly"":""unavailable"",""sales_estimate_status"":""unavailable"",""sales_estimate_hours"":""unavailable"",""sales_estimate_source"":""unavailable"",""title"":""observed"",""brand"":""observed"",""seller_name"":""observed"",""seller_score"":""observed"",""price"":""observed"",""original_price"":""unavailable"",""campaigns"":""observed"",""stock_status"":""observed"",""stock_signal"":""unavailable"",""rating"":""observed"",""rating_count"":""observed"",""review_count"":""observed"",""question_count"":""unavailable"",""delivery_summary"":""observed"",""shipping_cost"":""observed"",""properties"":""observed""}",true,
1031722892,,fab6183f22cfb4d8a9147d953dff2f04,778971451:182363:1031722892:fab6183f22cfb4d8a9147d953dff2f04,17394,merchantListing.winnerVariant.quantity,reported,2026-09-08T10:41:13.045Z,15,1,1,reported_total,"[{""merchant_id"":""182363"",""name"":""Black Master Cam Filmleri"",""score"":9.1,""price"":199,""variant_id"":""1031722892"",""listing_id"":""fab6183f22cfb4d8a9147d953dff2f04"",""stock_quantity"":17394}]","[{""variant_id"":""1031722892"",""label"":null,""in_stock"":true,""stock_quantity"":17394,""selected"":true}]",4408,18,17.94,,,estimated,24.07,inventory_net_decrease,2026-09-08,2026-09-08T13:30:55+03:00,otomobil motosiklet,BEST_SELLER,arac-ici-aksesuar,araç içi aksesuar,132,4,152,152,,otomobil-motosiklet:arac-ici-aksesuar,132,-18,14.9,15.1,778971451,182363,778971451:182363,DARK PLUS %15 Siyah Orta Ton Cam Filmi (50 cm x 2 metre) Işığı %80 Oranında Keser - Arabalar için Uygun,DARK PLUS,Oto Cam Filmi,https://www.trendyol.com/dark-plus/15-siyah-orta-ton-cam-filmi-50-cm-x-2-metre-isigi-80-oraninda-keser-arabalar-icin-uygun-p-778971451?boutiqueId=61&merchantId=182363,Black Master Cam Filmleri,9.1,199,,,12.4,TRY,"[""Kargo Bedava""]",InStock,,,,,,4.032258064516128,155,72,0,,,,,4999,TRY,0,1,1,3,Tahmini Teslim:,En Çok Ziyaret Edilen 8. Ürün,https://cdn.dsmcdn.com/ty1817/prod/QC_PREP/20260129/09/2125ffa6-a867-3903-bf2e-8a83bfe4fecd/1_org_zoom.jpg,"{""Cam Filmi Tonu"":""%15"",""Menşei"":""KR"",""Özellik"":""Ayarlanabilir""}",20,5,refreshed,"[""daily_top""]",true,2026-09-08T10:41:13.046Z,0,"[""search_result_dom"",""product_detail_jsonld"",""product_detail_dom""]","{""variant_id"":""observed"",""variant_label"":""unavailable"",""listing_id"":""observed"",""inventory_key"":""observed"",""stock_quantity"":""observed"",""stock_quantity_source"":""observed"",""stock_quantity_kind"":""observed"",""stock_observed_at"":""observed"",""max_sale_limit"":""observed"",""seller_count"":""observed"",""seller_count_observed"":""observed"",""seller_count_kind"":""observed"",""sellers"":""observed"",""variants"":""observed"",""favorite_count"":""observed"",""inventory_decrease"":""unavailable"",""sales_estimate_daily"":""unavailable"",""sales_estimate_weekly"":""unavailable"",""sales_estimate_monthly"":""unavailable"",""sales_estimate_status"":""unavailable"",""sales_estimate_hours"":""unavailable"",""sales_estimate_source"":""unavailable"",""title"":""observed"",""brand"":""observed"",""seller_name"":""observed"",""seller_score"":""observed"",""price"":""observed"",""original_price"":""unavailable"",""campaigns"":""observed"",""stock_status"":""observed"",""stock_signal"":""unavailable"",""rating"":""observed"",""rating_count"":""observed"",""review_count"":""observed"",""question_count"":""unavailable"",""delivery_summary"":""observed"",""shipping_cost"":""observed"",""properties"":""observed""}",true,
14098875,,10fbb55e0962485c3055b41130872862,3020303:122616:14098875:10fbb55e0962485c3055b41130872862,1,merchantListing.winnerVariant.quantity,reported,2026-09-08T10:41:18.638Z,15,14,14,reported_total,"[{""merchant_id"":""122616"",""name"":""Boya Atölyesi"",""score"":8.7,""price"":382,""variant_id"":""14098875"",""listing_id"":""10fbb55e0962485c3055b41130872862"",""stock_quantity"":1},{""merchant_id"":""722298"",""name"":""OTOLUB"",""score"":8.9,""price"":400,""variant_id"":""14098875"",""listing_id"":""b1022896b93f97a6daf264234abe13c8"",""stock_quantity"":88},{""merchant_id"":""132969"",""name"":""OTO MOTTO"",""score"":9.6,""price"":449,""variant_id"":""14098875"",""listing_id"":""18e401e4863681dd7fa8d592c1a94b14"",""stock_quantity"":80},{""merchant_id"":""1203104"",""name"":""HB GLOBAL"",""score"":9.2,""price"":475,""variant_id"":""14098875"",""listing_id"":""88387a8c8a72a63c52acdda1de90dec9"",""stock_quantity"":3},{""merchant_id"":""1033011"",""name"":""ADN ENDÜSTRİYEL ÜRÜNLER"",""score"":9.6,""price"":489,""variant_id"":""14098875"",""listing_id"":""04b872ba6857befcdc00d79d098df5ab"",""stock_quantity"":24},{""merchant_id"":""765779"",""name"":""Otomotor"",""score"":9.7,""price"":490,""variant_id"":""14098875"",""listing_id"":""8438f817faa0015f34e37055d7069eb4"",""stock_quantity"":99},{""merchant_id"":""1072357"",""name"":""CHSTORE"",""score"":9.6,""price"":499,""variant_id"":""14098875"",""listing_id"":""e3c69e713aacf0f51d42431d69f2d3f3"",""stock_quantity"":100},{""merchant_id"":""825041"",""name"":""Teknoparts"",""score"":9.4,""price"":499,""variant_id"":""14098875"",""listing_id"":""c96eff9ab7bbc5691ddbc16bbedc9d4b"",""stock_quantity"":27},{""merchant_id"":""721369"",""name"":""SUSTORE"",""score"":9.3,""price"":499,""variant_id"":""14098875"",""listing_id"":""4b6a252f411c0b8b08ffc9fcdef28d83"",""stock_quantity"":100},{""merchant_id"":""1156282"",""name"":""THE BTRX"",""score"":9.3,""price"":499,""variant_id"":""14098875"",""listing_id"":""4b41b9a868b7cd05093576051240211d"",""stock_quantity"":248},{""merchant_id"":""193526"",""name"":""askkimya"",""score"":9.2,""price"":650,""variant_id"":""14098875"",""listing_id"":""ba538a55efdc15f322932e5398d10d03"",""stock_quantity"":22},{""merchant_id"":""1224752"",""name"":""BTEC OTOMOTİV"",""score"":9.7,""price"":789,""variant_id"":""14098875"",""listing_id"":""c5751bfbadf08ef9608b52d8ffbdb8da"",""stock_quantity"":4},{""merchant_id"":""1171971"",""name"":""Miran store"",""score"":9.1,""price"":799.99,""variant_id"":""14098875"",""listing_id"":""daf50e9c77986e52af1decb1e85fab71"",""stock_quantity"":5},{""merchant_id"":""247505"",""name"":""Ören Yapı"",""score"":9.5,""price"":1000,""variant_id"":""14098875"",""listing_id"":""c0eccb5bef217eb2b453f62553eab5d6"",""stock_quantity"":100}]","[{""variant_id"":""14098875"",""label"":null,""in_stock"":true,""stock_quantity"":1,""selected"":true}]",706,,,,,identity_changed_or_unknown,,inventory_net_decrease,2026-09-08,2026-09-08T13:30:55+03:00,otomobil motosiklet,BEST_SELLER,arac-ici-aksesuar,araç içi aksesuar,133,4,153,153,,otomobil-motosiklet:arac-ici-aksesuar,133,-30,23.5,6.5,3020303,122616,3020303:122616,Würth Araç İçi Temizleme Spreyi 500 ML ( Interior Cleaner ),Würth,Oto Bakım Seti,https://www.trendyol.com/wurth/arac-ici-temizleme-spreyi-500-ml-interior-cleaner-p-3020303?boutiqueId=61&merchantId=122616,Boya Atölyesi,8.7,382,,,0,TRY,"[""Kargo Bedava"",""Sepette %1 İndirim""]",InStock,Tükeniyor,,,,,4.388355342136855,1666,853,-2,,,,,4999,TRY,0,2,1,6,Tahmini Teslim:,,https://cdn.dsmcdn.com/ty1828/prod/QC_PREP/20260218/09/f6e00515-9dfe-3111-8735-587e57970a66/1_org_zoom.jpg,"{""Menşei"":""DE"",""Paket İçeriği"":""Tekli"",""Hacim"":""0,5 L""}",20,5,refreshed,"[""daily_top""]",true,2026-09-08T10:41:18.640Z,0,"[""search_result_dom"",""product_detail_jsonld"",""product_detail_dom""]","{""variant_id"":""observed"",""variant_label"":""unavailable"",""listing_id"":""observed"",""inventory_key"":""observed"",""stock_quantity"":""observed"",""stock_quantity_source"":""observed"",""stock_quantity_kind"":""observed"",""stock_observed_at"":""observed"",""max_sale_limit"":""observed"",""seller_count"":""observed"",""seller_count_observed"":""observed"",""seller_count_kind"":""observed"",""sellers"":""observed"",""variants"":""observed"",""favorite_count"":""observed"",""inventory_decrease"":""unavailable"",""sales_estimate_daily"":""unavailable"",""sales_estimate_weekly"":""unavailable"",""sales_estimate_monthly"":""unavailable"",""sales_estimate_status"":""unavailable"",""sales_estimate_hours"":""unavailable"",""sales_estimate_source"":""unavailable"",""title"":""observed"",""brand"":""observed"",""seller_name"":""observed"",""seller_score"":""observed"",""price"":""observed"",""original_price"":""unavailable"",""campaigns"":""observed"",""stock_status"":""observed"",""stock_signal"":""observed"",""rating"":""observed"",""rating_count"":""observed"",""review_count"":""observed"",""question_count"":""unavailable"",""delivery_summary"":""observed"",""shipping_cost"":""observed"",""properties"":""observed""}",true,
1653313969,,210d7c0de1d79981387be20ac921ac2f,1179084106:1084512:1653313969:210d7c0de1d79981387be20ac921ac2f,923,merchantListing.winnerVariant.quantity,reported,2026-09-08T10:41:18.799Z,10,1,1,reported_total,"[{""merchant_id"":""1084512"",""name"":""KOZTECH"",""score"":9.3,""price"":432.65,""variant_id"":""1653313969"",""listing_id"":""210d7c0de1d79981387be20ac921ac2f"",""stock_quantity"":923}]","[{""variant_id"":""1653313969"",""label"":null,""in_stock"":true,""stock_quantity"":923,""selected"":true}]",155,15,14.95,,,estimated,24.08,inventory_net_decrease,2026-09-08,2026-09-08T13:30:55+03:00,otomobil motosiklet,BEST_SELLER,arac-ici-aksesuar,araç içi aksesuar,134,4,154,154,,otomobil-motosiklet:arac-ici-aksesuar,134,-34,0,30,1179084106,1084512,1179084106:1084512,"ALKESE USB Şarjlı Kablosuz Mini El Süpürgesi – Güçlü Emiş, Kompakt Tasarım Araç Süpürgesi, Masa Üstü Süpürgesi",ALKESE,Araç İçi Süpürge,https://www.trendyol.com/alkese/usb-sarjli-kablosuz-mini-el-supurgesi-guclu-emis-kompakt-tasarim-arac-supurgesi-masa-ustu-supurgesi-p-1179084106?boutiqueId=61&merchantId=1084512,KOZTECH,9.3,432.65,,,-21.3,TRY,"[""Kargo Bedava"",""Trendyol Plus'a Özel""]",InStock,,,,,,0,0,0,0,,,,,4999,TRY,0,1,1,3,Tahmini Teslim:,,https://cdn.dsmcdn.com/ty1928/prod/QC_PREP/20260803/08/e2c62da2-ab88-3568-af04-4c0548e01ae2/1_org_zoom.jpg,"{""Garanti Süresi"":""1 Yıl"",""Menşei"":""CN"",""Renk"":""Siyah"",""Vakum Emiş Gücü"":""6000 PA"",""Güç (Watt)"":""0 - 250 Watt"",""Ses Seviyesi"":""5 Dba - 10 Dba"",""Şarj Süresi"":""4 - 5 Saat""}",0,,refreshed,"[""daily_top""]",true,2026-09-08T10:41:18.800Z,0,"[""search_result_dom"",""product_detail_jsonld"",""product_detail_dom""]","{""variant_id"":""observed"",""variant_label"":""unavailable"",""listing_id"":""observed"",""inventory_key"":""observed"",""stock_quantity"":""observed"",""stock_quantity_source"":""observed"",""stock_quantity_kind"":""observed"",""stock_observed_at"":""observed"",""max_sale_limit"":""observed"",""seller_count"":""observed"",""seller_count_observed"":""observed"",""seller_count_kind"":""observed"",""sellers"":""observed"",""variants"":""observed"",""favorite_count"":""observed"",""inventory_decrease"":""unavailable"",""sales_estimate_daily"":""unavailable"",""sales_estimate_weekly"":""unavailable"",""sales_estimate_monthly"":""unavailable"",""sales_estimate_status"":""unavailable"",""sales_estimate_hours"":""unavailable"",""sales_estimate_source"":""unavailable"",""title"":""observed"",""brand"":""observed"",""seller_name"":""observed"",""seller_score"":""observed"",""price"":""observed"",""original_price"":""unavailable"",""campaigns"":""observed"",""stock_status"":""observed"",""stock_signal"":""unavailable"",""rating"":""observed"",""rating_count"":""observed"",""review_count"":""observed"",""question_count"":""unavailable"",""delivery_summary"":""observed"",""shipping_cost"":""observed"",""properties"":""observed""}",true,
1510080322,,df2c6bcaf05ce6f74b250573955e1b35,1091200385:919254:1510080322:df2c6bcaf05ce6f74b250573955e1b35,6282,merchantListing.winnerVariant.quantity,reported,2026-09-08T10:41:22.065Z,20,1,1,reported_total,"[{""merchant_id"":""919254"",""name"":""SHHOBİ LAB"",""score"":9.2,""price"":129.99,""variant_id"":""1510080322"",""listing_id"":""df2c6bcaf05ce6f74b250573955e1b35"",""stock_quantity"":6282}]","[{""variant_id"":""1510080322"",""label"":null,""in_stock"":true,""stock_quantity"":6282,""selected"":true}]",13031,18,17.94,,,estimated,24.09,inventory_net_decrease,2026-09-08,2026-09-08T13:30:55+03:00,otomobil motosiklet,BEST_SELLER,arac-ici-aksesuar,araç içi aksesuar,135,4,155,155,,otomobil-motosiklet:arac-ici-aksesuar,135,-42,13.7,16.3,1091200385,919254,1091200385:919254,SHHOBİ Pembe Yastık Üzerinde Uyuyan Sevimli Mini Kedi Torpido Süsü – Araba İçi Dekoratif Torpido Aksesuar,SHHOBİ,Torpido Aksesuar,https://www.trendyol.com/shhobi/pembe-yastik-uzerinde-uyuyan-sevimli-mini-kedi-torpido-susu-araba-ici-dekoratif-torpido-aksesuar-p-1091200385?boutiqueId=61&merchantId=919254,SHHOBİ LAB,9.2,129.99,,,4,TRY,"[""Sepette %1 İndirim"",""Kargo Bedava"",""Trendyol Plus'a Özel""]",InStock,,,,,,4.607476635514018,107,51,1,,,,,4999,TRY,0,1,1,3,Tahmini Teslim:,,https://cdn.dsmcdn.com/ty1815/prod/QC_PREP/20260124/16/9f9bd764-029b-32c2-903e-81086f0c42de/1_org_zoom.jpg,"{""Menşei"":""TR"",""Bakım Talimatları (Genel)"":""Ürünün kullanım ömrünü korumak için ürüne özel bakım talimatlarını takip ediniz.""}",20,5,refreshed,"[""daily_top""]",true,2026-09-08T10:41:22.066Z,0,"[""search_result_dom"",""product_detail_jsonld"",""product_detail_dom""]","{""variant_id"":""observed"",""variant_label"":""unavailable"",""listing_id"":""observed"",""inventory_key"":""observed"",""stock_quantity"":""observed"",""stock_quantity_source"":""observed"",""stock_quantity_kind"":""observed"",""stock_observed_at"":""observed"",""max_sale_limit"":""observed"",""seller_count"":""observed"",""seller_count_observed"":""observed"",""seller_count_kind"":""observed"",""sellers"":""observed"",""variants"":""observed"",""favorite_count"":""observed"",""inventory_decrease"":""unavailable"",""sales_estimate_daily"":""unavailable"",""sales_estimate_weekly"":""unavailable"",""sales_estimate_monthly"":""unavailable"",""sales_estimate_status"":""unavailable"",""sales_estimate_hours"":""unavailable"",""sales_estimate_source"":""unavailable"",""title"":""observed"",""brand"":""observed"",""seller_name"":""observed"",""seller_score"":""observed"",""price"":""observed"",""original_price"":""unavailable"",""campaigns"":""observed"",""stock_status"":""observed"",""stock_signal"":""unavailable"",""rating"":""observed"",""rating_count"":""observed"",""review_count"":""observed"",""question_count"":""unavailable"",""delivery_summary"":""observed"",""shipping_cost"":""observed"",""properties"":""observed""}",true,
621146807,,368735e00c69eed81bdfc13f371c95ec,385285417:346231:621146807:368735e00c69eed81bdfc13f371c95ec,365,merchantListing.winnerVariant.quantity,reported,2026-09-08T10:41:27.461Z,10,1,1,reported_total,"[{""merchant_id"":""346231"",""name"":""Mimtec"",""score"":8.7,""price"":369.9,""variant_id"":""621146807"",""listing_id"":""368735e00c69eed81bdfc13f371c95ec"",""stock_quantity"":365}]","[{""variant_id"":""621146807"",""label"":null,""in_stock"":true,""stock_quantity"":365,""selected"":true}]",16775,8,7.97,,,estimated,24.08,inventory_net_decrease,2026-09-08,2026-09-08T13:30:55+03:00,otomobil motosiklet,BEST_SELLER,arac-ici-aksesuar,araç içi aksesuar,136,4,156,156,,otomobil-motosiklet:arac-ici-aksesuar,136,-14,31.4,6.1,385285417,346231,385285417:346231,mimtec Klipsli Araç Telefon Tutacağı Klima Peteği Araba Telefon Tutacağı Metal Klipsli Düşmeme Garantili,mimtec,Araç İçi Telefon Tutucular,https://www.trendyol.com/mimtec/klipsli-arac-telefon-tutacagi-klima-petegi-araba-telefon-tutacagi-metal-klipsli-dusmeme-garantili-p-385285417?boutiqueId=61&merchantId=346231,Mimtec,8.7,369.9,399.9,7.5,0,TRY,"[""Kargo Bedava"",""Son 10 Günün En Düşük Fiyatı"",""Son 10 günün en düşük fiyatı""]",InStock,,,,,,4.417995444191344,1756,972,-2,,,,,4999,TRY,0,2,1,6,Tahmini Teslim:,Fenomen Seçimi,https://cdn.dsmcdn.com/ty1625/prod/QC/20250112/16/22f20783-164e-34d9-a81d-141493f61581/1_org_zoom.jpg,"{""Telefon Tutucu Özellikleri"":""Akrobat"",""Renk"":""Beyaz"",""Garanti Süresi"":""Belirtilmemiş"",""Türü"":""Havalandırma"",""Materyal"":""Metal"",""Bakım Talimatları (Genel)"":""Ürünün kullanım ömrünü korumak için ürüne özel bakım talimatlarını takip ediniz.""}",20,5,refreshed,"[""daily_top""]",true,2026-09-08T10:41:27.462Z,0,"[""search_result_dom"",""product_detail_jsonld"",""product_detail_dom""]","{""variant_id"":""observed"",""variant_label"":""unavailable"",""listing_id"":""observed"",""inventory_key"":""observed"",""stock_quantity"":""observed"",""stock_quantity_source"":""observed"",""stock_quantity_kind"":""observed"",""stock_observed_at"":""observed"",""max_sale_limit"":""observed"",""seller_count"":""observed"",""seller_count_observed"":""observed"",""seller_count_kind"":""observed"",""sellers"":""observed"",""variants"":""observed"",""favorite_count"":""observed"",""inventory_decrease"":""unavailable"",""sales_estimate_daily"":""unavailable"",""sales_estimate_weekly"":""unavailable"",""sales_estimate_monthly"":""unavailable"",""sales_estimate_status"":""unavailable"",""sales_estimate_hours"":""unavailable"",""sales_estimate_source"":""unavailable"",""title"":""observed"",""brand"":""observed"",""seller_name"":""observed"",""seller_score"":""observed"",""price"":""observed"",""original_price"":""observed"",""campaigns"":""observed"",""stock_status"":""observed"",""stock_signal"":""unavailable"",""rating"":""observed"",""rating_count"":""observed"",""review_count"":""observed"",""question_count"":""unavailable"",""delivery_summary"":""observed"",""shipping_cost"":""observed"",""properties"":""observed""}",true,
1327206753,,53b5de96b3a9c22208702a2d5e0043cc,937975049:555700:1327206753:53b5de96b3a9c22208702a2d5e0043cc,9267,merchantListing.winnerVariant.quantity,reported,2026-09-08T10:41:27.503Z,20,1,1,reported_total,"[{""merchant_id"":""555700"",""name"":""GMD TECH"",""score"":8.9,""price"":24.9,""variant_id"":""1327206753"",""listing_id"":""53b5de96b3a9c22208702a2d5e0043cc"",""stock_quantity"":9267}]","[{""variant_id"":""1327206753"",""label"":null,""in_stock"":true,""stock_quantity"":9267,""selected"":true}]",54186,21,20.91,,,estimated,24.1,inventory_net_decrease,2026-09-08,2026-09-08T13:30:55+03:00,otomobil motosiklet,BEST_SELLER,arac-ici-aksesuar,araç içi aksesuar,137,4,157,157,,otomobil-motosiklet:arac-ici-aksesuar,137,-73,20,10,937975049,555700,937975049:555700,"DecoVera 1 Adet Plastik Mini Panda Araç İçi Aksesuar, Araba Dekoru, Klima Süsü, Panda Dekor, Masa Dekoru.",DecoVera,Torpido Aksesuar,https://www.trendyol.com/decovera/1-adet-plastik-mini-panda-arac-ici-aksesuar-araba-dekoru-klima-susu-panda-dekor-masa-dekoru-p-937975049?boutiqueId=61&merchantId=555700,GMD TECH,8.9,24.9,,,0,TRY,"[""Kargo Bedava""]",InStock,,,,,,4.205607476635514,642,319,0,,,,,4999,TRY,0,1,1,3,Tahmini Teslim:,En Çok Favorilenen 7. Ürün,https://cdn.dsmcdn.com/ty1727/prod/QC_ENRICHMENT/20250817/12/15f939a5-a29d-3ec7-8d30-75051f015a7e/1_org_zoom.jpg,"{""Menşei"":""TR"",""Bakım Talimatları (Genel)"":""Nemli bir bezle silin.""}",20,5,refreshed,"[""daily_top""]",true,2026-09-08T10:41:27.504Z,0,"[""search_result_dom"",""product_detail_jsonld"",""product_detail_dom""]","{""variant_id"":""observed"",""variant_label"":""unavailable"",""listing_id"":""observed"",""inventory_key"":""observed"",""stock_quantity"":""observed"",""stock_quantity_source"":""observed"",""stock_quantity_kind"":""observed"",""stock_observed_at"":""observed"",""max_sale_limit"":""observed"",""seller_count"":""observed"",""seller_count_observed"":""observed"",""seller_count_kind"":""observed"",""sellers"":""observed"",""variants"":""observed"",""favorite_count"":""observed"",""inventory_decrease"":""unavailable"",""sales_estimate_daily"":""unavailable"",""sales_estimate_weekly"":""unavailable"",""sales_estimate_monthly"":""unavailable"",""sales_estimate_status"":""unavailable"",""sales_estimate_hours"":""unavailable"",""sales_estimate_source"":""unavailable"",""title"":""observed"",""brand"":""observed"",""seller_name"":""observed"",""seller_score"":""observed"",""price"":""observed"",""original_price"":""unavailable"",""campaigns"":""observed"",""stock_status"":""observed"",""stock_signal"":""unavailable"",""rating"":""observed"",""rating_count"":""observed"",""review_count"":""observed"",""question_count"":""unavailable"",""delivery_summary"":""observed"",""shipping_cost"":""observed"",""properties"":""observed""}",true,
1460315730,,b77a0c74a35832e1e385fad505d7fd70,1055797341:260682:1460315730:b77a0c74a35832e1e385fad505d7fd70,18,merchantListing.winnerVariant.quantity,reported,2026-09-08T10:41:30.447Z,20,12,12,reported_total,"[{""merchant_id"":""260682"",""name"":""CarAudioSystem"",""score"":9.6,""price"":3370,""variant_id"":""1460315730"",""listing_id"":""b77a0c74a35832e1e385fad505d7fd70"",""stock_quantity"":18},{""merchant_id"":""1000218"",""name"":""Kadiroğlu Ticaret"",""score"":9.2,""price"":3370,""variant_id"":""1460315730"",""listing_id"":""d95cc731a6d1363a91c2b425d051f3c4"",""stock_quantity"":59},{""merchant_id"":""1283175"",""name"":""METROCENTER"",""score"":9.4,""price"":3399,""variant_id"":""1460315730"",""listing_id"":""bd9dd695d6b3f74e612c66cf7eeb90c0"",""stock_quantity"":214},{""merchant_id"":""122323"",""name"":""WAAWSTAR"",""score"":8.5,""price"":3448,""variant_id"":""1460315730"",""listing_id"":""41f8fb6caead0cf88ee0f69d922efa81"",""stock_quantity"":19},{""merchant_id"":""124875"",""name"":""EYMEN TİCARET"",""score"":9.3,""price"":3699,""variant_id"":""1460315730"",""listing_id"":""5efd9fd9e04f4b2e727650a0c90823f1"",""stock_quantity"":111},{""merchant_id"":""545640"",""name"":""Kampüs Oto Aksesuar"",""score"":8.9,""price"":4000,""variant_id"":""1460315730"",""listing_id"":""a2ac8f2e28512b419872b579175ac8a6"",""stock_quantity"":10},{""merchant_id"":""351615"",""name"":""Eminal"",""score"":8.9,""price"":3780,""variant_id"":""1460315730"",""listing_id"":""8e919d8324c89adf6a5c462623fd2803"",""stock_quantity"":33},{""merchant_id"":""278647"",""name"":""otomuzikcenneti"",""score"":9.5,""price"":3800,""variant_id"":""1460315730"",""listing_id"":""a197270c60f3b2f4c518c232b8e86b6c"",""stock_quantity"":79},{""merchant_id"":""265315"",""name"":""BOZKURT ELEKTRONİK"",""score"":8.7,""price"":3999,""variant_id"":""1460315730"",""listing_id"":""1cfdc3edd1c4ec46fa94fb8620752900"",""stock_quantity"":10},{""merchant_id"":""1193173"",""name"":""navicars sakarya 5461"",""score"":8.3,""price"":4500,""variant_id"":""1460315730"",""listing_id"":""4b92c3b6ef168b966a6fe3714511601a"",""stock_quantity"":2000},{""merchant_id"":""498154"",""name"":""ekonomikmarketim01"",""score"":8.6,""price"":4899.8,""variant_id"":""1460315730"",""listing_id"":""28f66e3867f6f963603d751990d7cd5f"",""stock_quantity"":54},{""merchant_id"":""1036195"",""name"":""YSNSOUNDScom"",""score"":9.1,""price"":5262.93,""variant_id"":""1460315730"",""listing_id"":""9867a7109a5eb0940f9475a6e003c85a"",""stock_quantity"":6}]","[{""variant_id"":""1460315730"",""label"":null,""in_stock"":true,""stock_quantity"":18,""selected"":true}]",10526,15,14.94,,,estimated,24.09,inventory_net_decrease,2026-09-08,2026-09-08T13:30:55+03:00,otomobil motosiklet,BEST_SELLER,arac-ici-aksesuar,araç içi aksesuar,138,4,158,158,,otomobil-motosiklet:arac-ici-aksesuar,138,-43,17.4,12.6,1055797341,260682,1055797341:260682,For-X Araç İçi Ambiyans Led Aydınlatma - X-24LED64P Animasyonlu 64 Renkli Müziğe Duyarlı RBG L,For-X,Torpido Aksesuar,https://www.trendyol.com/for-x/arac-ici-ambiyans-led-aydinlatma-x-24led64p-animasyonlu-64-renkli-muzige-duyarli-rbg-l-p-1055797341?boutiqueId=61&merchantId=260682,CarAudioSystem,9.6,3370,,,0,TRY,"[""25 TL Kupon"",""Kargo Bedava""]",InStock,,,,,,4.226923076923077,260,149,0,,,,,4999,TRY,0,1,1,3,Tahmini Teslim:,,https://cdn.dsmcdn.com/ty1816/prod/QC_ENRICHMENT/20260123/10/cf07b022-f49f-34b6-852e-bb79fdba5d9b/1_org_zoom.jpg,"{""Menşei"":""TR"",""Bakım Talimatları (Genel)"":""Ürünün kullanım ömrünü korumak için ürüne özel bakım talimatlarını takip ediniz.""}",20,5,refreshed,"[""daily_top""]",true,2026-09-08T10:41:30.448Z,0,"[""search_result_dom"",""product_detail_jsonld"",""product_detail_dom""]","{""variant_id"":""observed"",""variant_label"":""unavailable"",""listing_id"":""observed"",""inventory_key"":""observed"",""stock_quantity"":""observed"",""stock_quantity_source"":""observed"",""stock_quantity_kind"":""observed"",""stock_observed_at"":""observed"",""max_sale_limit"":""observed"",""seller_count"":""observed"",""seller_count_observed"":""observed"",""seller_count_kind"":""observed"",""sellers"":""observed"",""variants"":""observed"",""favorite_count"":""observed"",""inventory_decrease"":""unavailable"",""sales_estimate_daily"":""unavailable"",""sales_estimate_weekly"":""unavailable"",""sales_estimate_monthly"":""unavailable"",""sales_estimate_status"":""unavailable"",""sales_estimate_hours"":""unavailable"",""sales_estimate_source"":""unavailable"",""title"":""observed"",""brand"":""observed"",""seller_name"":""observed"",""seller_score"":""observed"",""price"":""observed"",""original_price"":""unavailable"",""campaigns"":""observed"",""stock_status"":""observed"",""stock_signal"":""unavailable"",""rating"":""observed"",""rating_count"":""observed"",""review_count"":""observed"",""question_count"":""unavailable"",""delivery_summary"":""observed"",""shipping_cost"":""observed"",""properties"":""observed""}",true,
153980564,,7a92a135fa2a0f775a70f935b88974db,92397097:185368:153980564:7a92a135fa2a0f775a70f935b88974db,150,merchantListing.winnerVariant.quantity,reported,2026-09-08T10:41:36.641Z,10,1,1,reported_total,"[{""merchant_id"":""185368"",""name"":""MeyZone"",""score"":9.5,""price"":159.9,""variant_id"":""153980564"",""listing_id"":""7a92a135fa2a0f775a70f935b88974db"",""stock_quantity"":150}]","[{""variant_id"":""153980564"",""label"":null,""in_stock"":true,""stock_quantity"":150,""selected"":true}]",13588,,,,,restock_or_adjustment,24.08,inventory_net_decrease,2026-09-08,2026-09-08T13:30:55+03:00,otomobil motosiklet,BEST_SELLER,arac-ici-aksesuar,araç içi aksesuar,139,4,159,159,,otomobil-motosiklet:arac-ici-aksesuar,139,-15,19.7,10.3,92397097,185368,92397097:185368,MeyZone Araç Koltuk Arası Bardak Tutucu Organizer Koltuk Arası Bardaklık,MeyZone,Oto Bardaklık,https://www.trendyol.com/meyzone/arac-koltuk-arasi-bardak-tutucu-organizer-koltuk-arasi-bardaklik-p-92397097?boutiqueId=61&merchantId=185368,MeyZone,9.5,159.9,,,0,TRY,"[""Sepette %1 İndirim"",""Kargo Bedava""]",InStock,,,,,,3.878962536023055,694,290,0,,,,,4999,TRY,0,,1,3,Tahmini Teslim:,En Çok Ziyaret Edilen 4. Ürün,https://cdn.dsmcdn.com/ty1513/product/media/images/prod/QC/20240830/20/96ccc44a-fa19-3884-9952-6e5c9e5f6e7c/1_org_zoom.jpg,"{""Menşei"":""TR""}",20,5,refreshed,"[""daily_top""]",true,2026-09-08T10:41:36.642Z,0,"[""search_result_dom"",""product_detail_jsonld"",""product_detail_dom""]","{""variant_id"":""observed"",""variant_label"":""unavailable"",""listing_id"":""observed"",""inventory_key"":""observed"",""stock_quantity"":""observed"",""stock_quantity_source"":""observed"",""stock_quantity_kind"":""observed"",""stock_observed_at"":""observed"",""max_sale_limit"":""observed"",""seller_count"":""observed"",""seller_count_observed"":""observed"",""seller_count_kind"":""observed"",""sellers"":""observed"",""variants"":""observed"",""favorite_count"":""observed"",""inventory_decrease"":""unavailable"",""sales_estimate_daily"":""unavailable"",""sales_estimate_weekly"":""unavailable"",""sales_estimate_monthly"":""unavailable"",""sales_estimate_status"":""unavailable"",""sales_estimate_hours"":""unavailable"",""sales_estimate_source"":""unavailable"",""title"":""observed"",""brand"":""observed"",""seller_name"":""observed"",""seller_score"":""observed"",""price"":""observed"",""original_price"":""unavailable"",""campaigns"":""observed"",""stock_status"":""observed"",""stock_signal"":""unavailable"",""rating"":""observed"",""rating_count"":""observed"",""review_count"":""observed"",""question_count"":""unavailable"",""delivery_summary"":""observed"",""shipping_cost"":""observed"",""properties"":""observed""}",true,
1454773592,,27d408d2c25439c017c4116db6d1be6f,1051576305:150270:1454773592:27d408d2c25439c017c4116db6d1be6f,6264,merchantListing.winnerVariant.quantity,reported,2026-09-08T10:41:36.287Z,10,1,1,reported_total,"[{""merchant_id"":""150270"",""name"":""Zineets"",""score"":8.3,""price"":1489,""variant_id"":""1454773592"",""listing_id"":""27d408d2c25439c017c4116db6d1be6f"",""stock_quantity"":6264}]","[{""variant_id"":""1454773592"",""label"":null,""in_stock"":true,""stock_quantity"":6264,""selected"":true}]",6599,22,21.92,,,estimated,24.09,inventory_net_decrease,2026-09-08,2026-09-08T13:30:55+03:00,otomobil motosiklet,BEST_SELLER,arac-ici-aksesuar,araç içi aksesuar,140,4,160,160,,otomobil-motosiklet:arac-ici-aksesuar,140,-53,15.3,14.7,1051576305,150270,1051576305:150270,Zineets Büyük Boy 22.000Pa Süper Güçlü Dikey Işıklı Kablosuz Vakumlu Ve Üflemeli Araç Süpürgesi Dijital,Zineets,Araç İçi Süpürge,https://www.trendyol.com/zineets/buyuk-boy-22-000pa-super-guclu-dikey-isikli-kablosuz-vakumlu-ve-uflemeli-arac-supurgesi-dijital-p-1051576305?boutiqueId=61&merchantId=150270,Zineets,8.3,1489,,,0,TRY,"[""Kargo Bedava""]",InStock,,,,,,3.896551724137931,145,81,1,,,,,4999,TRY,0,1,1,3,Tahmini Teslim:,,https://cdn.dsmcdn.com/ty1947/prod/QC_ENRICHMENT/20260827/09/44e468c6-f3be-3619-b66a-ad0693dc0897/1_org_zoom.jpg,"{""Garanti Süresi"":""2 Yıl"",""Garanti Tipi"":""İthalatçı Garantili"",""Menşei"":""CN"",""Özellik"":""Kablosuz"",""Renk"":""Metalik"",""Vakum Emiş Gücü"":""23000 PA"",""Güç (Watt)"":""0 - 250 Watt"",""Ses Seviyesi"":""5 Dba - 10 Dba"",""Şarj Süresi"":""5 Saat üstü"",""Ürün Tipi"":""Şarjlı""}",20,5,refreshed,"[""daily_top""]",true,2026-09-08T10:41:36.288Z,0,"[""search_result_dom"",""product_detail_jsonld"",""product_detail_dom""]","{""variant_id"":""observed"",""variant_label"":""unavailable"",""listing_id"":""observed"",""inventory_key"":""observed"",""stock_quantity"":""observed"",""stock_quantity_source"":""observed"",""stock_quantity_kind"":""observed"",""stock_observed_at"":""observed"",""max_sale_limit"":""observed"",""seller_count"":""observed"",""seller_count_observed"":""observed"",""seller_count_kind"":""observed"",""sellers"":""observed"",""variants"":""observed"",""favorite_count"":""observed"",""inventory_decrease"":""unavailable"",""sales_estimate_daily"":""unavailable"",""sales_estimate_weekly"":""unavailable"",""sales_estimate_monthly"":""unavailable"",""sales_estimate_status"":""unavailable"",""sales_estimate_hours"":""unavailable"",""sales_estimate_source"":""unavailable"",""title"":""observed"",""brand"":""observed"",""seller_name"":""observed"",""seller_score"":""observed"",""price"":""observed"",""original_price"":""unavailable"",""campaigns"":""observed"",""stock_status"":""observed"",""stock_signal"":""unavailable"",""rating"":""observed"",""rating_count"":""observed"",""review_count"":""observed"",""question_count"":""unavailable"",""delivery_summary"":""observed"",""shipping_cost"":""observed"",""properties"":""observed""}",true,
992162753,,024dc8f27efcc1a963b85339b3a98a8f,753302323:752609:992162753:024dc8f27efcc1a963b85339b3a98a8f,8259,merchantListing.winnerVariant.quantity,reported,2026-09-08T10:41:39.108Z,20,8,8,reported_total,"[{""merchant_id"":""752609"",""name"":""DARİNZA TEXTİL"",""score"":8.7,""price"":120,""variant_id"":""992162753"",""listing_id"":""024dc8f27efcc1a963b85339b3a98a8f"",""stock_quantity"":8259},{""merchant_id"":""898292"",""name"":""AUTOSAR"",""score"":9.4,""price"":119.99,""variant_id"":""992162753"",""listing_id"":""40b5a7526c6a631f724f27295ca2f4aa"",""stock_quantity"":83},{""merchant_id"":""917380"",""name"":""MINICS&MC REYN"",""score"":9.2,""price"":129,""variant_id"":""992162753"",""listing_id"":""c2f58af0cc27498bb8be81283dc1da84"",""stock_quantity"":9992},{""merchant_id"":""586897"",""name"":""MİRMERRY"",""score"":9.8,""price"":130,""variant_id"":""992162753"",""listing_id"":""b7bd7120424b6d0aba984466ceb52f70"",""stock_quantity"":66},{""merchant_id"":""170607"",""name"":""Bs.Elektronik"",""score"":9.2,""price"":174.9,""variant_id"":""992162753"",""listing_id"":""3d7c73604bcf46636e47b74d73fed31d"",""stock_quantity"":2},{""merchant_id"":""914850"",""name"":""Freeyez"",""score"":9,""price"":199,""variant_id"":""992162753"",""listing_id"":""58d1c474c5db719c534769c554a15e84"",""stock_quantity"":10},{""merchant_id"":""660815"",""name"":""KARA AUTO SHOP"",""score"":8.3,""price"":199,""variant_id"":""992162753"",""listing_id"":""d0d69197f5d385bbca50f5ab3b7df2a9"",""stock_quantity"":40},{""merchant_id"":""763755"",""name"":""SILA BUTİK TERZİ"",""score"":7.6,""price"":299.99,""variant_id"":""992162753"",""listing_id"":""eca806c0051cc4524974b3398d357974"",""stock_quantity"":100}]","[{""variant_id"":""992162753"",""label"":null,""in_stock"":true,""stock_quantity"":8259,""selected"":true}]",32928,18,17.94,,,estimated,24.08,inventory_net_decrease,2026-09-08,2026-09-08T13:30:55+03:00,otomobil motosiklet,BEST_SELLER,arac-ici-aksesuar,araç içi aksesuar,141,4,161,161,,otomobil-motosiklet:arac-ici-aksesuar,141,-25,31,6.7,753302323,752609,753302323:752609,oneoff Ay Yıldız Kırmızı Vites Hoodie - Araç Vites Kıyafeti - Vites Poları - Her Araca Uyumlu Vites Hoodie,oneoff,Torpido Aksesuar,https://www.trendyol.com/oneoff/ay-yildiz-kirmizi-vites-hoodie-arac-vites-kiyafeti-vites-polari-her-araca-uyumlu-vites-hoodie-p-753302323?boutiqueId=61&merchantId=752609,DARİNZA TEXTİL,8.7,120,130,7.7,0,TRY,"[""10 TL Kupon"",""Son 10 Günün En Düşük Fiyatı"",""Sepette %5 İndirim"",""Kargo Bedava"",""Son 10 günün en düşük fiyatı""]",InStock,,,,,,4.090112640801001,1598,809,-1,,,,,4999,TRY,0,1,1,3,Tahmini Teslim:,,https://cdn.dsmcdn.com/ty1532/product/media/images/prod/QC/20240908/15/efd32300-ba37-3151-b6cb-e4f788ed97c8/1_org_zoom.jpg,"{""Menşei"":""TR"",""Bakım Talimatları (Genel)"":""Nemli bir bezle silin.""}",20,5,refreshed,"[""daily_top""]",true,2026-09-08T10:41:39.108Z,0,"[""search_result_dom"",""product_detail_jsonld"",""product_detail_dom""]","{""variant_id"":""observed"",""variant_label"":""unavailable"",""listing_id"":""observed"",""inventory_key"":""observed"",""stock_quantity"":""observed"",""stock_quantity_source"":""observed"",""stock_quantity_kind"":""observed"",""stock_observed_at"":""observed"",""max_sale_limit"":""observed"",""seller_count"":""observed"",""seller_count_observed"":""observed"",""seller_count_kind"":""observed"",""sellers"":""observed"",""variants"":""observed"",""favorite_count"":""observed"",""inventory_decrease"":""unavailable"",""sales_estimate_daily"":""unavailable"",""sales_estimate_weekly"":""unavailable"",""sales_estimate_monthly"":""unavailable"",""sales_estimate_status"":""unavailable"",""sales_estimate_hours"":""unavailable"",""sales_estimate_source"":""unavailable"",""title"":""observed"",""brand"":""observed"",""seller_name"":""observed"",""seller_score"":""observed"",""price"":""observed"",""original_price"":""observed"",""campaigns"":""observed"",""stock_status"":""observed"",""stock_signal"":""unavailable"",""rating"":""observed"",""rating_count"":""observed"",""review_count"":""observed"",""question_count"":""unavailable"",""delivery_summary"":""observed"",""shipping_cost"":""observed"",""properties"":""observed""}",true,
1626279990,,c8a8987d07c3e9298ada150896239e68,1161994822:220716:1626279990:c8a8987d07c3e9298ada150896239e68,17956,merchantListing.winnerVariant.quantity,reported,2026-09-08T10:41:44.934Z,10,1,1,reported_total,"[{""merchant_id"":""220716"",""name"":""Fine Clean"",""score"":9.4,""price"":194.94,""variant_id"":""1626279990"",""listing_id"":""c8a8987d07c3e9298ada150896239e68"",""stock_quantity"":17956}]","[{""variant_id"":""1626279990"",""label"":null,""in_stock"":true,""stock_quantity"":17956,""selected"":true}]",572,19,18.94,,,estimated,24.07,inventory_net_decrease,2026-09-08,2026-09-08T13:30:55+03:00,otomobil motosiklet,BEST_SELLER,arac-ici-aksesuar,araç içi aksesuar,142,4,162,162,,otomobil-motosiklet:arac-ici-aksesuar,142,-7,8.6,21.4,1161994822,220716,1161994822:220716,Fine Clean Oto Ön Cam Şemsiyeli Güneşlik Araba Camı Araç İçi Güneşliği 140x80cm,Fine Clean,Oto Güneşlik Perde,https://www.trendyol.com/fine-clean/oto-on-cam-semsiyeli-guneslik-araba-cami-arac-ici-gunesligi-140x80cm-p-1161994822?boutiqueId=61&merchantId=220716,Fine Clean,9.4,194.94,,,-1.5,TRY,"[""Kargo Bedava""]",InStock,,,,,,4.3125,32,11,0,,,,,4999,TRY,0,1,1,3,Tahmini Teslim:,,https://cdn.dsmcdn.com/ty1927/prod/QC_PREP/20260628/16/8b212798-23e6-3682-8887-46806650d4e5/1_org_zoom.jpg,"{""Araç Markası"":""BMW"",""Menşei"":""CN""}",11,4.18,refreshed,"[""daily_top""]",true,2026-09-08T10:41:44.935Z,0,"[""search_result_dom"",""product_detail_jsonld"",""product_detail_dom""]","{""variant_id"":""observed"",""variant_label"":""unavailable"",""listing_id"":""observed"",""inventory_key"":""observed"",""stock_quantity"":""observed"",""stock_quantity_source"":""observed"",""stock_quantity_kind"":""observed"",""stock_observed_at"":""observed"",""max_sale_limit"":""observed"",""seller_count"":""observed"",""seller_count_observed"":""observed"",""seller_count_kind"":""observed"",""sellers"":""observed"",""variants"":""observed"",""favorite_count"":""observed"",""inventory_decrease"":""unavailable"",""sales_estimate_daily"":""unavailable"",""sales_estimate_weekly"":""unavailable"",""sales_estimate_monthly"":""unavailable"",""sales_estimate_status"":""unavailable"",""sales_estimate_hours"":""unavailable"",""sales_estimate_source"":""unavailable"",""title"":""observed"",""brand"":""observed"",""seller_name"":""observed"",""seller_score"":""observed"",""price"":""observed"",""original_price"":""unavailable"",""campaigns"":""observed"",""stock_status"":""observed"",""stock_signal"":""unavailable"",""rating"":""observed"",""rating_count"":""observed"",""review_count"":""observed"",""question_count"":""unavailable"",""delivery_summary"":""observed"",""shipping_cost"":""observed"",""properties"":""observed""}",true,
1188181693,,4b549c6157d41325f9c854b3a9633368,870904505:459291:1188181693:4b549c6157d41325f9c854b3a9633368,18647,merchantListing.winnerVariant.quantity,reported,2026-09-08T10:41:45.095Z,10,1,1,reported_total,"[{""merchant_id"":""459291"",""name"":""NumuneMarket"",""score"":9.3,""price"":256.51,""variant_id"":""1188181693"",""listing_id"":""4b549c6157d41325f9c854b3a9633368"",""stock_quantity"":18647}]","[{""variant_id"":""1188181693"",""label"":null,""in_stock"":true,""stock_quantity"":18647,""selected"":true}]",8895,13,12.95,,,estimated,24.08,inventory_net_decrease,2026-09-08,2026-09-08T13:30:55+03:00,otomobil motosiklet,BEST_SELLER,arac-ici-aksesuar,araç içi aksesuar,143,4,163,163,,otomobil-motosiklet:arac-ici-aksesuar,143,-31,21.6,8.4,870904505,459291,870904505:459291,NumuneMarket Suhvee Tüm Araçlar Için Araba Ön Cam Güneşlik Katlanabilir Güneşlik Şemsiye Ön Cam Gölgelik,NumuneMarket,Oto Güneşlik Perde,https://www.trendyol.com/numunemarket/suhvee-tum-araclar-icin-araba-on-cam-guneslik-katlanabilir-guneslik-semsiye-on-cam-golgelik-p-870904505?boutiqueId=61&merchantId=459291,NumuneMarket,9.3,256.51,,,6.4,TRY,"[""Kargo Bedava"",""Trendyol Plus'a Özel""]",InStock,,,,,,4.019417475728155,1030,499,1,,,,,4999,TRY,0,1,1,3,Tahmini Teslim:,,https://cdn.dsmcdn.com/ty1593/prod/QC/20241028/18/e680b1e5-e2fa-39e7-a0cb-0b53d256525d/1_org_zoom.jpg,"{""Araç Markası"":""Lamborghini"",""Diğer Özellikler"":""Güneşlik"",""Menşei"":""CN""}",20,5,refreshed,"[""daily_top""]",true,2026-09-08T10:41:45.096Z,0,"[""search_result_dom"",""product_detail_jsonld"",""product_detail_dom""]","{""variant_id"":""observed"",""variant_label"":""unavailable"",""listing_id"":""observed"",""inventory_key"":""observed"",""stock_quantity"":""observed"",""stock_quantity_source"":""observed"",""stock_quantity_kind"":""observed"",""stock_observed_at"":""observed"",""max_sale_limit"":""observed"",""seller_count"":""observed"",""seller_count_observed"":""observed"",""seller_count_kind"":""observed"",""sellers"":""observed"",""variants"":""observed"",""favorite_count"":""observed"",""inventory_decrease"":""unavailable"",""sales_estimate_daily"":""unavailable"",""sales_estimate_weekly"":""unavailable"",""sales_estimate_monthly"":""unavailable"",""sales_estimate_status"":""unavailable"",""sales_estimate_hours"":""unavailable"",""sales_estimate_source"":""unavailable"",""title"":""observed"",""brand"":""observed"",""seller_name"":""observed"",""seller_score"":""observed"",""price"":""observed"",""original_price"":""unavailable"",""campaigns"":""observed"",""stock_status"":""observed"",""stock_signal"":""unavailable"",""rating"":""observed"",""rating_count"":""observed"",""review_count"":""observed"",""question_count"":""unavailable"",""delivery_summary"":""observed"",""shipping_cost"":""observed"",""properties"":""observed""}",true,
1413207391,,f6d8aa090e5702d14efc76e57df2a3fd,1018239351:1009327:1413207391:f6d8aa090e5702d14efc76e57df2a3fd,401,merchantListing.winnerVariant.quantity,reported,2026-09-08T10:41:47.532Z,10,1,1,reported_total,"[{""merchant_id"":""1009327"",""name"":""WANNACASE"",""score"":8.8,""price"":152.41,""variant_id"":""1413207391"",""listing_id"":""f6d8aa090e5702d14efc76e57df2a3fd"",""stock_quantity"":401}]","[{""variant_id"":""1413207391"",""label"":null,""in_stock"":true,""stock_quantity"":401,""selected"":true}]",926,11,10.96,,,estimated,24.09,inventory_net_decrease,2026-09-08,2026-09-08T13:30:55+03:00,otomobil motosiklet,BEST_SELLER,arac-ici-aksesuar,araç içi aksesuar,144,4,164,164,5,otomobil-motosiklet:arac-ici-aksesuar,144,-37,18.1,18.1,1018239351,1009327,1018239351:1009327,WANNACASE 360 Dönebilen Kancalı Araç İçi Parlak Premium Telefon Tutucu Havalandırma Araba Telefon Tutacağı,WANNACASE,,https://www.trendyol.com/wannacase/360-donebilen-kancali-arac-ici-parlak-premium-telefon-tutucu-havalandirma-araba-telefon-tutacagi-p-1018239351?boutiqueId=61&merchantId=1009327,WANNACASE,8.8,152.41,162.51,6.2,0,TRY,"[""Son 10 Günün En Düşük Fiyatı"",""Kargo Bedava"",""Trendyol Plus'a Özel""]",InStock,,,,,,4.0476190476190474,63,30,0,,,,,,,0,,,,Tahmini Teslim:,,,{},0,,refreshed,"[""daily_top""]",true,2026-09-08T10:41:47.533Z,0,"[""search_result_dom"",""product_detail_jsonld"",""product_detail_dom""]","{""variant_id"":""observed"",""variant_label"":""unavailable"",""listing_id"":""observed"",""inventory_key"":""observed"",""stock_quantity"":""observed"",""stock_quantity_source"":""observed"",""stock_quantity_kind"":""observed"",""stock_observed_at"":""observed"",""max_sale_limit"":""observed"",""seller_count"":""observed"",""seller_count_observed"":""observed"",""seller_count_kind"":""observed"",""sellers"":""observed"",""variants"":""observed"",""favorite_count"":""observed"",""inventory_decrease"":""unavailable"",""sales_estimate_daily"":""unavailable"",""sales_estimate_weekly"":""unavailable"",""sales_estimate_monthly"":""unavailable"",""sales_estimate_status"":""unavailable"",""sales_estimate_hours"":""unavailable"",""sales_estimate_source"":""unavailable"",""title"":""observed"",""brand"":""observed"",""seller_name"":""observed"",""seller_score"":""observed"",""price"":""observed"",""original_price"":""observed"",""campaigns"":""observed"",""stock_status"":""observed"",""stock_signal"":""unavailable"",""rating"":""observed"",""rating_count"":""observed"",""review_count"":""observed"",""question_count"":""unavailable"",""delivery_summary"":""observed"",""shipping_cost"":""unavailable"",""properties"":""observed""}",true,
1667325400,,54f4c7e83dd54f8bcde7bf161476f4a2,1188349957:477336:1667325400:54f4c7e83dd54f8bcde7bf161476f4a2,752,merchantListing.winnerVariant.quantity,reported,2026-09-08T10:41:58.091Z,5,3,3,reported_total,"[{""merchant_id"":""477336"",""name"":""OTO AKSESUAR TUTKUSU"",""score"":8.6,""price"":189,""variant_id"":""1667325400"",""listing_id"":""54f4c7e83dd54f8bcde7bf161476f4a2"",""stock_quantity"":752},{""merchant_id"":""266472"",""name"":""CNK OTO AKSESUARLARI"",""score"":8.3,""price"":189,""variant_id"":""1667325400"",""listing_id"":""c0d4a86e4ec7667fd75717055874280b"",""stock_quantity"":50},{""merchant_id"":""244159"",""name"":""VEMAKS OTO KOLTUK KILIFI"",""score"":9.2,""price"":238,""variant_id"":""1667325400"",""listing_id"":""30eb32094a7fac8535552c665c968811"",""stock_quantity"":47}]","[{""variant_id"":""1667325400"",""label"":null,""in_stock"":true,""stock_quantity"":752,""selected"":true}]",173,34,33.86,,,estimated,24.1,inventory_net_decrease,2026-09-08,2026-09-08T13:30:55+03:00,otomobil motosiklet,BEST_SELLER,arac-ici-aksesuar,araç içi aksesuar,145,4,165,165,,otomobil-motosiklet:arac-ici-aksesuar,145,-63,3.8,26.2,1188349957,477336,1188349957:477336,Genel Markalar Emniyet Kemeri Yükseltme Aparatı 2’li Set Universal,Genel Markalar,,https://www.trendyol.com/genel-markalar/emniyet-kemeri-yukseltme-aparati-2-li-set-universal-p-1188349957?boutiqueId=61&merchantId=477336,OTO AKSESUAR TUTKUSU,8.6,189,,,0,TRY,"[""Kargo Bedava"",""Trendyol Plus'a Özel""]",InStock,,,,,,3.5,6,2,0,,,,,,,0,,,,Tahmini Teslim:,,,{},0,,refreshed,"[""daily_top""]",true,2026-09-08T10:41:58.092Z,0,"[""search_result_dom"",""product_detail_jsonld"",""product_detail_dom""]","{""variant_id"":""observed"",""variant_label"":""unavailable"",""listing_id"":""observed"",""inventory_key"":""observed"",""stock_quantity"":""observed"",""stock_quantity_source"":""observed"",""stock_quantity_kind"":""observed"",""stock_observed_at"":""observed"",""max_sale_limit"":""observed"",""seller_count"":""observed"",""seller_count_observed"":""observed"",""seller_count_kind"":""observed"",""sellers"":""observed"",""variants"":""observed"",""favorite_count"":""observed"",""inventory_decrease"":""unavailable"",""sales_estimate_daily"":""unavailable"",""sales_estimate_weekly"":""unavailable"",""sales_estimate_monthly"":""unavailable"",""sales_estimate_status"":""unavailable"",""sales_estimate_hours"":""unavailable"",""sales_estimate_source"":""unavailable"",""title"":""observed"",""brand"":""observed"",""seller_name"":""observed"",""seller_score"":""observed"",""price"":""observed"",""original_price"":""unavailable"",""campaigns"":""observed"",""stock_status"":""observed"",""stock_signal"":""unavailable"",""rating"":""observed"",""rating_count"":""observed"",""review_count"":""observed"",""question_count"":""unavailable"",""delivery_summary"":""observed"",""shipping_cost"":""unavailable"",""properties"":""observed""}",true,
997416887,,a9514939c1a0286792ca59e114f74228,756890957:1226994:997416887:a9514939c1a0286792ca59e114f74228,159,merchantListing.winnerVariant.quantity,reported,2026-09-08T10:41:56.788Z,10,4,4,reported_total,"[{""merchant_id"":""1226994"",""name"":""ILGAR DESİGN"",""score"":9.5,""price"":249,""variant_id"":""997416887"",""listing_id"":""a9514939c1a0286792ca59e114f74228"",""stock_quantity"":159},{""merchant_id"":""541025"",""name"":""Sellin"",""score"":8.1,""price"":280,""variant_id"":""997416887"",""listing_id"":""21e747d1813122f5f1b136259369ec73"",""stock_quantity"":16},{""merchant_id"":""987323"",""name"":""POYOTO GROUP"",""score"":8.6,""price"":289,""variant_id"":""997416887"",""listing_id"":""38e4b1a31f995ce62d290fafd28c83a7"",""stock_quantity"":857},{""merchant_id"":""1002420"",""name"":""Smart Garage Marketing"",""score"":8.7,""price"":399,""variant_id"":""997416887"",""listing_id"":""ac67365781e405d9e9065b878cbd8703"",""stock_quantity"":10}]","[{""variant_id"":""997416887"",""label"":null,""in_stock"":true,""stock_quantity"":159,""selected"":true}]",4311,,,,,restock_or_adjustment,24.07,inventory_net_decrease,2026-09-08,2026-09-08T13:30:55+03:00,otomobil motosiklet,BEST_SELLER,arac-ici-aksesuar,araç içi aksesuar,146,4,166,166,,otomobil-motosiklet:arac-ici-aksesuar,146,-2,13.8,16.2,756890957,1226994,756890957:1226994,BEYLİNİ Oto Paspas Halı 5'li Set Her Araca Uygun Uzun Süre Dayanıklı Çift Taraflı Kullanım Siyah Renk,BEYLİNİ,Oto Paspas,https://www.trendyol.com/beylini/oto-paspas-hali-5-li-set-her-araca-uygun-uzun-sure-dayanikli-cift-tarafli-kullanim-siyah-renk-p-756890957?boutiqueId=61&merchantId=1226994,ILGAR DESİGN,9.5,249,,,0,TRY,"[""Sepette %5 İndirim"",""Kargo Bedava"",""Trendyol Plus'a Özel""]",InStock,,,,,,4.018691588785047,107,52,0,,,,,4999,TRY,0,1,1,3,Tahmini Teslim:,En Çok Ziyaret Edilen 1. Ürün,https://cdn.dsmcdn.com/ty991/product/media/images/prod/SPM/PIM/20230831/10/5414b13f-ada6-3f1e-b63c-9d7226cb0aee/1_org_zoom.jpg,"{""Araç Marka ve Model"":""Universal"",""Paspas Türleri"":""Halı"",""Ürün Özelliği"":""2D"",""Menşei"":""TR"",""Bakım Talimatları (Genel)"":""Ürünün kullanım ömrünü korumak için ürüne özel bakım talimatlarını takip ediniz."",""Renk"":""Siyah""}",20,5,refreshed,"[""daily_top"",""hot_change""]",true,2026-09-08T10:41:56.789Z,0,"[""search_result_dom"",""product_detail_jsonld"",""product_detail_dom""]","{""variant_id"":""observed"",""variant_label"":""unavailable"",""listing_id"":""observed"",""inventory_key"":""observed"",""stock_quantity"":""observed"",""stock_quantity_source"":""observed"",""stock_quantity_kind"":""observed"",""stock_observed_at"":""observed"",""max_sale_limit"":""observed"",""seller_count"":""observed"",""seller_count_observed"":""observed"",""seller_count_kind"":""observed"",""sellers"":""observed"",""variants"":""observed"",""favorite_count"":""observed"",""inventory_decrease"":""unavailable"",""sales_estimate_daily"":""unavailable"",""sales_estimate_weekly"":""unavailable"",""sales_estimate_monthly"":""unavailable"",""sales_estimate_status"":""unavailable"",""sales_estimate_hours"":""unavailable"",""sales_estimate_source"":""unavailable"",""title"":""observed"",""brand"":""observed"",""seller_name"":""observed"",""seller_score"":""observed"",""price"":""observed"",""original_price"":""unavailable"",""campaigns"":""observed"",""stock_status"":""observed"",""stock_signal"":""unavailable"",""rating"":""observed"",""rating_count"":""observed"",""review_count"":""observed"",""question_count"":""unavailable"",""delivery_summary"":""observed"",""shipping_cost"":""observed"",""properties"":""observed""}",true,
1497712808,,5f504ab4a37e3762e94bfea242debe82,1083616434:635563:1497712808:5f504ab4a37e3762e94bfea242debe82,307,merchantListing.winnerVariant.quantity,reported,2026-09-08T10:41:58.227Z,10,1,1,reported_total,"[{""merchant_id"":""635563"",""name"":""Beylini"",""score"":9.5,""price"":349.98,""variant_id"":""1497712808"",""listing_id"":""5f504ab4a37e3762e94bfea242debe82"",""stock_quantity"":307}]","[{""variant_id"":""1497712808"",""label"":null,""in_stock"":true,""stock_quantity"":307,""selected"":true}]",4516,20,19.94,,,estimated,24.08,inventory_net_decrease,2026-09-08,2026-09-08T13:30:55+03:00,otomobil motosiklet,BEST_SELLER,arac-ici-aksesuar,araç içi aksesuar,147,4,167,167,,otomobil-motosiklet:arac-ici-aksesuar,147,-10,14,16,1083616434,635563,1083616434:635563,BEYLİNİ 2 Adet 4 Cepli Araç Koltuk Arkası Koruma Kılıfı Ek Oto Organizer Toz Suya dayanıklı Araba Koltuk Düzenleyici Koltuk Koruyucu,BEYLİNİ,Araç İçi Organizer,https://www.trendyol.com/beylini/2-adet-4-cepli-arac-koltuk-arkasi-koruma-kilifi-ek-oto-organizer-toz-suya-dayanikli-araba-koltuk-duzenleyici-koltuk-koruyucu-p-1083616434?boutiqueId=61&merchantId=635563,Beylini,9.5,349.98,,,0,TRY,"[""Kargo Bedava""]",InStock,,,,,,4.135416666666667,96,55,1,,,,,4999,TRY,0,,1,3,Tahmini Teslim:,En Çok Ziyaret Edilen 7. Ürün,https://cdn.dsmcdn.com/ty1906/prod/QC_ENRICHMENT/20260814/15/abfb3159-4b82-34dc-9989-0a3afe209eca/1_org_zoom.jpg,"{""Menşei"":""TR"",""Renk"":""Siyah""}",20,5,refreshed,"[""daily_top""]",true,2026-09-08T10:41:58.228Z,0,"[""search_result_dom"",""product_detail_jsonld"",""product_detail_dom""]","{""variant_id"":""observed"",""variant_label"":""unavailable"",""listing_id"":""observed"",""inventory_key"":""observed"",""stock_quantity"":""observed"",""stock_quantity_source"":""observed"",""stock_quantity_kind"":""observed"",""stock_observed_at"":""observed"",""max_sale_limit"":""observed"",""seller_count"":""observed"",""seller_count_observed"":""observed"",""seller_count_kind"":""observed"",""sellers"":""observed"",""variants"":""observed"",""favorite_count"":""observed"",""inventory_decrease"":""unavailable"",""sales_estimate_daily"":""unavailable"",""sales_estimate_weekly"":""unavailable"",""sales_estimate_monthly"":""unavailable"",""sales_estimate_status"":""unavailable"",""sales_estimate_hours"":""unavailable"",""sales_estimate_source"":""unavailable"",""title"":""observed"",""brand"":""observed"",""seller_name"":""observed"",""seller_score"":""observed"",""price"":""observed"",""original_price"":""unavailable"",""campaigns"":""observed"",""stock_status"":""observed"",""stock_signal"":""unavailable"",""rating"":""observed"",""rating_count"":""observed"",""review_count"":""observed"",""question_count"":""unavailable"",""delivery_summary"":""observed"",""shipping_cost"":""observed"",""properties"":""observed""}",true,
1469853010,,f558a3a1babf448e3e316e21367a191f,1062921731:841196:1469853010:f558a3a1babf448e3e316e21367a191f,5087,merchantListing.winnerVariant.quantity,reported,2026-09-08T10:42:05.665Z,10,1,1,reported_total,"[{""merchant_id"":""841196"",""name"":""Q Aksesuar"",""score"":8.3,""price"":34.9,""variant_id"":""1469853010"",""listing_id"":""f558a3a1babf448e3e316e21367a191f"",""stock_quantity"":5087}]","[{""variant_id"":""1469853010"",""label"":null,""in_stock"":true,""stock_quantity"":5087,""selected"":true}]",3276,7,6.97,,,estimated,24.11,inventory_net_decrease,2026-09-08,2026-09-08T13:30:55+03:00,otomobil motosiklet,BEST_SELLER,arac-ici-aksesuar,araç içi aksesuar,148,4,168,168,7,otomobil-motosiklet:arac-ici-aksesuar,148,-77,12,18,1062921731,841196,1062921731:841196,"Q Aksesuar Vakumlu Slikon Vantuz Telefon Tutucu, Cep Telefonu İçin Yapışkanlı Kaymaz Tutucu Cama Yapışan vantuz",Q Aksesuar,,https://www.trendyol.com/q-aksesuar/vakumlu-slikon-vantuz-telefon-tutucu-cep-telefonu-icin-yapiskanli-kaymaz-tutucu-cama-yapisan-vantuz-p-1062921731?boutiqueId=61&merchantId=841196,Q Aksesuar,8.3,34.9,,,0,TRY,"[""Kargo Bedava""]",InStock,,,,,,4.160919540229885,87,31,0,,,,,,,0,,,,Tahmini Teslim:,,,{},0,,refreshed,"[""daily_top""]",true,2026-09-08T10:42:05.666Z,0,"[""search_result_dom"",""product_detail_jsonld"",""product_detail_dom""]","{""variant_id"":""observed"",""variant_label"":""unavailable"",""listing_id"":""observed"",""inventory_key"":""observed"",""stock_quantity"":""observed"",""stock_quantity_source"":""observed"",""stock_quantity_kind"":""observed"",""stock_observed_at"":""observed"",""max_sale_limit"":""observed"",""seller_count"":""observed"",""seller_count_observed"":""observed"",""seller_count_kind"":""observed"",""sellers"":""observed"",""variants"":""observed"",""favorite_count"":""observed"",""inventory_decrease"":""unavailable"",""sales_estimate_daily"":""unavailable"",""sales_estimate_weekly"":""unavailable"",""sales_estimate_monthly"":""unavailable"",""sales_estimate_status"":""unavailable"",""sales_estimate_hours"":""unavailable"",""sales_estimate_source"":""unavailable"",""title"":""observed"",""brand"":""observed"",""seller_name"":""observed"",""seller_score"":""observed"",""price"":""observed"",""original_price"":""unavailable"",""campaigns"":""observed"",""stock_status"":""observed"",""stock_signal"":""unavailable"",""rating"":""observed"",""rating_count"":""observed"",""review_count"":""observed"",""question_count"":""unavailable"",""delivery_summary"":""observed"",""shipping_cost"":""unavailable"",""properties"":""observed""}",true,
1508929530,,3337902b5c1c700223ec0c15fc9c88ad,1090708882:145833:1508929530:3337902b5c1c700223ec0c15fc9c88ad,754,merchantListing.winnerVariant.quantity,reported,2026-09-08T10:42:07.705Z,10,1,1,reported_total,"[{""merchant_id"":""145833"",""name"":""MissClean"",""score"":9.1,""price"":49.9,""variant_id"":""1508929530"",""listing_id"":""3337902b5c1c700223ec0c15fc9c88ad"",""stock_quantity"":754}]","[{""variant_id"":""1508929530"",""label"":null,""in_stock"":true,""stock_quantity"":754,""selected"":true}]",2191,,,,,missing_baseline,,inventory_net_decrease,2026-09-08,2026-09-08T13:30:55+03:00,otomobil motosiklet,BEST_SELLER,arac-ici-aksesuar,araç içi aksesuar,149,4,169,169,,otomobil-motosiklet:arac-ici-aksesuar,149,,11.9,18.1,1090708882,145833,1090708882:145833,MissClean 35 Lİ Araç İçi Bardak Islak Mendili - Oto Bardaklık Uyumlu Kurumaz Kapaklı Bardak Islak Mendili,MissClean,Oto Bez ve Sünger,https://www.trendyol.com/missclean/35-li-arac-ici-bardak-islak-mendili-oto-bardaklik-uyumlu-kurumaz-kapakli-bardak-islak-mendili-p-1090708882?boutiqueId=61&merchantId=145833,MissClean,9.1,49.9,,,,TRY,"[""Kargo Bedava""]",InStock,,,,,,3.4642857142857144,56,30,,,,,,4999,TRY,0,1,1,3,Tahmini Teslim:,,https://cdn.dsmcdn.com/ty1894/prod/QC_ENRICHMENT/20260624/23/2d5624fa-94fc-3c19-a771-fd83c49a9ade/1_org_zoom.jpg,"{""Menşei"":""TR"",""Ürün Tipi"":""Bez"",""Paket İçeriği"":""Tekli""}",20,3.75,refreshed,"[""daily_top""]",true,2026-09-08T10:42:07.706Z,0,"[""search_result_dom"",""product_detail_jsonld"",""product_detail_dom""]","{""variant_id"":""observed"",""variant_label"":""unavailable"",""listing_id"":""observed"",""inventory_key"":""observed"",""stock_quantity"":""observed"",""stock_quantity_source"":""observed"",""stock_quantity_kind"":""observed"",""stock_observed_at"":""observed"",""max_sale_limit"":""observed"",""seller_count"":""observed"",""seller_count_observed"":""observed"",""seller_count_kind"":""observed"",""sellers"":""observed"",""variants"":""observed"",""favorite_count"":""observed"",""inventory_decrease"":""unavailable"",""sales_estimate_daily"":""unavailable"",""sales_estimate_weekly"":""unavailable"",""sales_estimate_monthly"":""unavailable"",""sales_estimate_status"":""unavailable"",""sales_estimate_hours"":""unavailable"",""sales_estimate_source"":""unavailable"",""title"":""observed"",""brand"":""observed"",""seller_name"":""observed"",""seller_score"":""observed"",""price"":""observed"",""original_price"":""unavailable"",""campaigns"":""observed"",""stock_status"":""observed"",""stock_signal"":""unavailable"",""rating"":""observed"",""rating_count"":""observed"",""review_count"":""observed"",""question_count"":""unavailable"",""delivery_summary"":""observed"",""shipping_cost"":""observed"",""properties"":""observed""}",true,
1232459950,,aa5c7e6139868169fbf13385bd2e9147,888165117:433384:1232459950:aa5c7e6139868169fbf13385bd2e9147,10,merchantListing.winnerVariant.quantity,reported,2026-09-08T10:42:07.731Z,10,8,8,reported_total,"[{""merchant_id"":""433384"",""name"":""KarakayaStore"",""score"":9,""price"":29,""variant_id"":""1232459950"",""listing_id"":""aa5c7e6139868169fbf13385bd2e9147"",""stock_quantity"":10},{""merchant_id"":""1238842"",""name"":""Lionix Store"",""score"":8.2,""price"":29.99,""variant_id"":""1232459950"",""listing_id"":""b0aed30b2793224a0c6081ddd48f92bb"",""stock_quantity"":19815},{""merchant_id"":""1197422"",""name"":""3DCraft"",""score"":9,""price"":40,""variant_id"":""1232459950"",""listing_id"":""df0391f0f85db40f87132a42c1577390"",""stock_quantity"":50},{""merchant_id"":""1195705"",""name"":""Trend Pazarlama ve Toptan Satış"",""score"":9.1,""price"":45,""variant_id"":""1232459950"",""listing_id"":""d6540edc88876aef9fecb03e5540e82a"",""stock_quantity"":4296},{""merchant_id"":""1193950"",""name"":""Güvenli Adres"",""score"":8.8,""price"":49.9,""variant_id"":""1232459950"",""listing_id"":""3770388ef7b54c1a0fd07e591ab00ddf"",""stock_quantity"":555},{""merchant_id"":""395307"",""name"":""EfCase"",""score"":9.1,""price"":74,""variant_id"":""1232459950"",""listing_id"":""1fcfb79f366b260f08b8a8b7eed21fd4"",""stock_quantity"":16},{""merchant_id"":""118857"",""name"":""BUNUVER"",""score"":8.6,""price"":74.99,""variant_id"":""1232459950"",""listing_id"":""5af8c30b56b97b10382a637d7fdc313c"",""stock_quantity"":4},{""merchant_id"":""1096859"",""name"":""ARTEBA Global"",""score"":8.9,""price"":97,""variant_id"":""1232459950"",""listing_id"":""bd0024553f5c2843e0ec8876b229c06c"",""stock_quantity"":19998}]","[{""variant_id"":""1232459950"",""label"":null,""in_stock"":true,""stock_quantity"":10,""selected"":true}]",2147,12,11.95,,,estimated,24.1,inventory_net_decrease,2026-09-08,2026-09-08T13:30:55+03:00,otomobil motosiklet,BEST_SELLER,arac-ici-aksesuar,araç içi aksesuar,150,4,170,170,8,otomobil-motosiklet:arac-ici-aksesuar,150,-66,44.5,19.6,888165117,433384,888165117:433384,Aksesuar Kasabası Silikon Vakumlu Yapışkanlı Kaymaz Vantuz Cep Telefon Tutucu,Aksesuar Kasabası,,https://www.trendyol.com/aksesuar-kasabasi/silikon-vakumlu-yapiskanli-kaymaz-vantuz-cep-telefon-tutucu-p-888165117?boutiqueId=61&merchantId=433384,KarakayaStore,9,29,44,34.1,0,TRY,"[""Kargo Bedava""]",InStock,Tükeniyor,,,,,3.9454545454545453,55,19,0,,,,,,,0,,,,Tahmini Teslim:,,,{},0,,refreshed,"[""daily_top""]",true,2026-09-08T10:42:07.732Z,0,"[""search_result_dom"",""product_detail_jsonld"",""product_detail_dom""]","{""variant_id"":""observed"",""variant_label"":""unavailable"",""listing_id"":""observed"",""inventory_key"":""observed"",""stock_quantity"":""observed"",""stock_quantity_source"":""observed"",""stock_quantity_kind"":""observed"",""stock_observed_at"":""observed"",""max_sale_limit"":""observed"",""seller_count"":""observed"",""seller_count_observed"":""observed"",""seller_count_kind"":""observed"",""sellers"":""observed"",""variants"":""observed"",""favorite_count"":""observed"",""inventory_decrease"":""unavailable"",""sales_estimate_daily"":""unavailable"",""sales_estimate_weekly"":""unavailable"",""sales_estimate_monthly"":""unavailable"",""sales_estimate_status"":""unavailable"",""sales_estimate_hours"":""unavailable"",""sales_estimate_source"":""unavailable"",""title"":""observed"",""brand"":""observed"",""seller_name"":""observed"",""seller_score"":""observed"",""price"":""observed"",""original_price"":""observed"",""campaigns"":""observed"",""stock_status"":""observed"",""stock_signal"":""observed"",""rating"":""observed"",""rating_count"":""observed"",""review_count"":""observed"",""question_count"":""unavailable"",""delivery_summary"":""observed"",""shipping_cost"":""unavailable"",""properties"":""observed""}",true,
1546017912,,61d4357e83b198c32cbf825cdd25108d,1111692009:1047736:1546017912:61d4357e83b198c32cbf825cdd25108d,8688,merchantListing.winnerVariant.quantity,reported,2026-09-08T10:42:15.859Z,10,1,1,reported_total,"[{""merchant_id"":""1047736"",""name"":""Özgül Reklam"",""score"":8.9,""price"":149,""variant_id"":""1546017912"",""listing_id"":""61d4357e83b198c32cbf825cdd25108d"",""stock_quantity"":8688}]","[{""variant_id"":""1546017912"",""label"":null,""in_stock"":true,""stock_quantity"":8688,""selected"":true}]",2649,19,18.93,,,estimated,24.09,inventory_net_decrease,2026-09-08,2026-09-08T13:30:55+03:00,otomobil motosiklet,BEST_SELLER,arac-ici-aksesuar,araç içi aksesuar,151,4,171,171,4,otomobil-motosiklet:arac-ici-aksesuar,151,-40,13.1,16.9,1111692009,1047736,1111692009:1047736,ÖZGÜL REKLAM Motosiklet Deposu için 35x11 CM Kelime-i Tevhid Sticker Etiket / Araç Sticker / Motor Sticker,ÖZGÜL REKLAM,,https://www.trendyol.com/ozgul-reklam/motosiklet-deposu-icin-35x11-cm-kelime-i-tevhid-sticker-etiket-arac-sticker-motor-sticker-p-1111692009?boutiqueId=61&merchantId=1047736,Özgül Reklam,8.9,149,,,0,TRY,"[""Kargo Bedava"",""Trendyol Plus'a Özel""]",InStock,,,,,,4.512820512820513,78,42,1,,,,,,,0,,,,Tahmini Teslim:,,,{},0,,refreshed,"[""daily_top""]",true,2026-09-08T10:42:15.860Z,0,"[""search_result_dom"",""product_detail_jsonld"",""product_detail_dom""]","{""variant_id"":""observed"",""variant_label"":""unavailable"",""listing_id"":""observed"",""inventory_key"":""observed"",""stock_quantity"":""observed"",""stock_quantity_source"":""observed"",""stock_quantity_kind"":""observed"",""stock_observed_at"":""observed"",""max_sale_limit"":""observed"",""seller_count"":""observed"",""seller_count_observed"":""observed"",""seller_count_kind"":""observed"",""sellers"":""observed"",""variants"":""observed"",""favorite_count"":""observed"",""inventory_decrease"":""unavailable"",""sales_estimate_daily"":""unavailable"",""sales_estimate_weekly"":""unavailable"",""sales_estimate_monthly"":""unavailable"",""sales_estimate_status"":""unavailable"",""sales_estimate_hours"":""unavailable"",""sales_estimate_source"":""unavailable"",""title"":""observed"",""brand"":""observed"",""seller_name"":""observed"",""seller_score"":""observed"",""price"":""observed"",""original_price"":""unavailable"",""campaigns"":""observed"",""stock_status"":""observed"",""stock_signal"":""unavailable"",""rating"":""observed"",""rating_count"":""observed"",""review_count"":""observed"",""question_count"":""unavailable"",""delivery_summary"":""observed"",""shipping_cost"":""unavailable"",""properties"":""observed""}",true,
1059026402,,48812f2dd40bc5ec25979a86a821f9a8,796953485:185368:1059026402:48812f2dd40bc5ec25979a86a821f9a8,33,merchantListing.winnerVariant.quantity,reported,2026-09-08T10:42:16.752Z,10,1,1,reported_total,"[{""merchant_id"":""185368"",""name"":""MeyZone"",""score"":9.5,""price"":199.9,""variant_id"":""1059026402"",""listing_id"":""48812f2dd40bc5ec25979a86a821f9a8"",""stock_quantity"":33}]","[{""variant_id"":""1059026402"",""label"":null,""in_stock"":true,""stock_quantity"":33,""selected"":true}]",5162,3,2.99,,,estimated,24.1,inventory_net_decrease,2026-09-08,2026-09-08T13:30:55+03:00,otomobil motosiklet,BEST_SELLER,arac-ici-aksesuar,araç içi aksesuar,152,4,172,172,9,otomobil-motosiklet:arac-ici-aksesuar,152,-53,21.1,8.9,796953485,185368,796953485:185368,MeyZone Araba Bagaj Çantası Cırtcırtlı Kırmızı Çizgili Oto Halı Bagaj Organizer Alet Eşya Çantası,MeyZone,Bagaj Düzenleyici,https://www.trendyol.com/meyzone/araba-bagaj-cantasi-cirtcirtli-kirmizi-cizgili-oto-hali-bagaj-organizer-alet-esya-cantasi-p-796953485?boutiqueId=61&merchantId=185368,MeyZone,9.5,199.9,,,0,TRY,"[""Sepette %1 İndirim"",""Kargo Bedava""]",InStock,,,,,,4.679026651216686,863,431,0,,,,,4999,TRY,0,,1,3,Tahmini Teslim:,En Çok Satan 9. Ürün,https://cdn.dsmcdn.com/ty1844/prod/QC_ENRICHMENT/20260324/12/5e771b9f-9fbb-3c8f-8580-7144636881c6/1_org_zoom.jpg,"{""Araç Marka ve Model"":""Universal"",""Menşei"":""TR""}",20,5,refreshed,"[""daily_top""]",true,2026-09-08T10:42:16.753Z,0,"[""search_result_dom"",""product_detail_jsonld"",""product_detail_dom""]","{""variant_id"":""observed"",""variant_label"":""unavailable"",""listing_id"":""observed"",""inventory_key"":""observed"",""stock_quantity"":""observed"",""stock_quantity_source"":""observed"",""stock_quantity_kind"":""observed"",""stock_observed_at"":""observed"",""max_sale_limit"":""observed"",""seller_count"":""observed"",""seller_count_observed"":""observed"",""seller_count_kind"":""observed"",""sellers"":""observed"",""variants"":""observed"",""favorite_count"":""observed"",""inventory_decrease"":""unavailable"",""sales_estimate_daily"":""unavailable"",""sales_estimate_weekly"":""unavailable"",""sales_estimate_monthly"":""unavailable"",""sales_estimate_status"":""unavailable"",""sales_estimate_hours"":""unavailable"",""sales_estimate_source"":""unavailable"",""title"":""observed"",""brand"":""observed"",""seller_name"":""observed"",""seller_score"":""observed"",""price"":""observed"",""original_price"":""unavailable"",""campaigns"":""observed"",""stock_status"":""observed"",""stock_signal"":""unavailable"",""rating"":""observed"",""rating_count"":""observed"",""review_count"":""observed"",""question_count"":""unavailable"",""delivery_summary"":""observed"",""shipping_cost"":""observed"",""properties"":""observed""}",true,
1385430265,,ffb0efc8036095a2f0b49ebe58f5e4d3,980144619:841196:1385430265:ffb0efc8036095a2f0b49ebe58f5e4d3,6971,merchantListing.winnerVariant.quantity,reported,2026-09-08T10:42:16.788Z,10,1,1,reported_total,"[{""merchant_id"":""841196"",""name"":""Q Aksesuar"",""score"":8.3,""price"":49.9,""variant_id"":""1385430265"",""listing_id"":""ffb0efc8036095a2f0b49ebe58f5e4d3"",""stock_quantity"":6971}]","[{""variant_id"":""1385430265"",""label"":null,""in_stock"":true,""stock_quantity"":6971,""selected"":true}]",1577,18,17.94,,,estimated,24.08,inventory_net_decrease,2026-09-08,2026-09-08T13:30:55+03:00,otomobil motosiklet,BEST_SELLER,arac-ici-aksesuar,araç içi aksesuar,153,4,173,173,13,otomobil-motosiklet:arac-ici-aksesuar,153,-12,10.9,19.1,980144619,841196,980144619:841196,"Q Aksesuar Vakumlu Telefon Tutucu 2’li Set – Vantuzlu Kaymaz Telefon Sabitleyici, Silikon Yapışkanlı Tutucu",Q Aksesuar,,https://www.trendyol.com/q-aksesuar/vakumlu-telefon-tutucu-2-li-set-vantuzlu-kaymaz-telefon-sabitleyici-silikon-yapiskanli-tutucu-p-980144619?boutiqueId=61&merchantId=841196,Q Aksesuar,8.3,49.9,,,0,TRY,"[""Kargo Bedava""]",InStock,,,,,,3.6578947368421053,38,22,0,,,,,,,0,,,,Tahmini Teslim:,,,{},0,,refreshed,"[""daily_top""]",true,2026-09-08T10:42:16.788Z,0,"[""search_result_dom"",""product_detail_jsonld"",""product_detail_dom""]","{""variant_id"":""observed"",""variant_label"":""unavailable"",""listing_id"":""observed"",""inventory_key"":""observed"",""stock_quantity"":""observed"",""stock_quantity_source"":""observed"",""stock_quantity_kind"":""observed"",""stock_observed_at"":""observed"",""max_sale_limit"":""observed"",""seller_count"":""observed"",""seller_count_observed"":""observed"",""seller_count_kind"":""observed"",""sellers"":""observed"",""variants"":""observed"",""favorite_count"":""observed"",""inventory_decrease"":""unavailable"",""sales_estimate_daily"":""unavailable"",""sales_estimate_weekly"":""unavailable"",""sales_estimate_monthly"":""unavailable"",""sales_estimate_status"":""unavailable"",""sales_estimate_hours"":""unavailable"",""sales_estimate_source"":""unavailable"",""title"":""observed"",""brand"":""observed"",""seller_name"":""observed"",""seller_score"":""observed"",""price"":""observed"",""original_price"":""unavailable"",""campaigns"":""observed"",""stock_status"":""observed"",""stock_signal"":""unavailable"",""rating"":""observed"",""rating_count"":""observed"",""review_count"":""observed"",""question_count"":""unavailable"",""delivery_summary"":""observed"",""shipping_cost"":""unavailable"",""properties"":""observed""}",true,
22255450,,22b2b8fbb7574c8ae3c84d45f2a64c43,7103076:722298:22255450:22b2b8fbb7574c8ae3c84d45f2a64c43,2,merchantListing.winnerVariant.quantity,reported,2026-09-08T10:42:27.843Z,15,25,25,reported_total,"[{""merchant_id"":""722298"",""name"":""OTOLUB"",""score"":8.9,""price"":400,""variant_id"":""22255450"",""listing_id"":""22b2b8fbb7574c8ae3c84d45f2a64c43"",""stock_quantity"":2},{""merchant_id"":""403514"",""name"":""LİVAYDA"",""score"":9.5,""price"":424,""variant_id"":""22255450"",""listing_id"":""4d0c2bd5d07343350059019d028f195b"",""stock_quantity"":828},{""merchant_id"":""219116"",""name"":""Aslıhane"",""score"":9.3,""price"":425,""variant_id"":""22255450"",""listing_id"":""4c2f1fce1966c78e319fc9852f0fd274"",""stock_quantity"":197},{""merchant_id"":""119856"",""name"":""tozlumadeniyağ"",""score"":9.4,""price"":430,""variant_id"":""22255450"",""listing_id"":""da8bf87fed9e69704f5e338781571876"",""stock_quantity"":121},{""merchant_id"":""905227"",""name"":""Technow Home"",""score"":9.6,""price"":439,""variant_id"":""22255450"",""listing_id"":""0f21726dfd667c46b521f2f2970d00a6"",""stock_quantity"":32},{""merchant_id"":""1203104"",""name"":""HB GLOBAL"",""score"":9.2,""price"":450,""variant_id"":""22255450"",""listing_id"":""be59f4812df353aaf6dc16a8ff3372b8"",""stock_quantity"":79},{""merchant_id"":""1224492"",""name"":""GLORINDA KOZMETİK"",""score"":9,""price"":450,""variant_id"":""22255450"",""listing_id"":""9cc5a14c39e65d2e82d94b3981f31dba"",""stock_quantity"":2},{""merchant_id"":""1008392"",""name"":""Prochea Haircare"",""score"":9.1,""price"":460,""variant_id"":""22255450"",""listing_id"":""07dafbef9f5908b5deb0e6ecdfeb15da"",""stock_quantity"":2},{""merchant_id"":""304796"",""name"":""KUŞCU ETİKET&RULO"",""score"":9.6,""price"":468,""variant_id"":""22255450"",""listing_id"":""7bd751457e9ead2a5dc69cb34b7febf4"",""stock_quantity"":997},{""merchant_id"":""381817"",""name"":""KOLAYDA"",""score"":9.7,""price"":475,""variant_id"":""22255450"",""listing_id"":""472c262e2327f20cf076046ddbe4cc01"",""stock_quantity"":43},{""merchant_id"":""765779"",""name"":""Otomotor"",""score"":9.7,""price"":480,""variant_id"":""22255450"",""listing_id"":""4c006144f5da79a82ef551e71bd6b633"",""stock_quantity"":1000},{""merchant_id"":""1072357"",""name"":""CHSTORE"",""score"":9.6,""price"":499,""variant_id"":""22255450"",""listing_id"":""e1c8bb198589d177f9bb8f0c0e4a32b4"",""stock_quantity"":59},{""merchant_id"":""1204999"",""name"":""petromarkt-com"",""score"":9.5,""price"":499,""variant_id"":""22255450"",""listing_id"":""16960fa05c8a3917c000277cb3cfc7f4"",""stock_quantity"":2},{""merchant_id"":""721369"",""name"":""SUSTORE"",""score"":9.3,""price"":499,""variant_id"":""22255450"",""listing_id"":""4ccff7ab40e881fc49d1b340e3f896df"",""stock_quantity"":95},{""merchant_id"":""1156282"",""name"":""THE BTRX"",""score"":9.3,""price"":499,""variant_id"":""22255450"",""listing_id"":""e8ff1066addce4638d1735325529dd2d"",""stock_quantity"":249},{""merchant_id"":""840828"",""name"":""ÇağdaşYapı"",""score"":9.2,""price"":499,""variant_id"":""22255450"",""listing_id"":""4878bba389446881cbc1609ba84688c1"",""stock_quantity"":59},{""merchant_id"":""914046"",""name"":""MANAVGAT OTO MARKET"",""score"":9.6,""price"":550,""variant_id"":""22255450"",""listing_id"":""a49cce6806fe9d0d4ff8052aa38ac272"",""stock_quantity"":19},{""merchant_id"":""365892"",""name"":""ERBAYLAR POLYESTER"",""score"":9.5,""price"":550,""variant_id"":""22255450"",""listing_id"":""affc033362c4b31c22f12bb630004b2e"",""stock_quantity"":10},{""merchant_id"":""467421"",""name"":""TNTSHOP"",""score"":8.5,""price"":549,""variant_id"":""22255450"",""listing_id"":""2f1fd74379f55cd8e3733247a7e1d8d2"",""stock_quantity"":4},{""merchant_id"":""107533"",""name"":""MarketPlace"",""score"":9.4,""price"":599,""variant_id"":""22255450"",""listing_id"":""8837aab3efb71d54a071161e03023cf6"",""stock_quantity"":5},{""merchant_id"":""1266998"",""name"":""ŞANLIURFA OTO DETAY MARKET"",""score"":9.3,""price"":600,""variant_id"":""22255450"",""listing_id"":""4e95fa08d6b0f9553648808f5e6014f9"",""stock_quantity"":24},{""merchant_id"":""193526"",""name"":""askkimya"",""score"":9.2,""price"":650,""variant_id"":""22255450"",""listing_id"":""51cc8f94e4c862f9d5a8c30add461f43"",""stock_quantity"":20},{""merchant_id"":""111896"",""name"":""OilMarkt"",""score"":8.7,""price"":647,""variant_id"":""22255450"",""listing_id"":""6a793c737e3e4f3641524e3c15762320"",""stock_quantity"":6},{""merchant_id"":""1003087"",""name"":""Myra Atelier"",""score"":8,""price"":779.9,""variant_id"":""22255450"",""listing_id"":""eb28fe5b22503d5737dfcd026b76c666"",""stock_quantity"":5},{""merchant_id"":""247505"",""name"":""Ören Yapı"",""score"":9.5,""price"":1000,""variant_id"":""22255450"",""listing_id"":""f344993dbbdc26a29513fc106d32a11a"",""stock_quantity"":100}]","[{""variant_id"":""22255450"",""label"":null,""in_stock"":true,""stock_quantity"":2,""selected"":true}]",31567,13,12.95,,,estimated,24.09,inventory_net_decrease,2026-09-08,2026-09-08T13:30:55+03:00,otomobil motosiklet,BEST_SELLER,arac-ici-aksesuar,araç içi aksesuar,154,4,174,174,,otomobil-motosiklet:arac-ici-aksesuar,154,-34,22.5,7.5,7103076,722298,7103076:722298,Würth Araç içi Temizleme ve Bakım Spreyi 500 ml,Würth,Oto Bakım Seti,https://www.trendyol.com/wurth/arac-ici-temizleme-ve-bakim-spreyi-500-ml-p-7103076?boutiqueId=61&merchantId=722298,OTOLUB,8.9,400,,,0,TRY,"[""Kargo Bedava""]",InStock,Tükeniyor,,,,,4.279516358463727,1406,656,0,,,,,4999,TRY,0,1,1,3,Tahmini Teslim:,En Çok Favorilenen 6. Ürün,https://cdn.dsmcdn.com/ty1702/prod/QC_ENRICHMENT/20250629/01/9cf083f4-0e5e-3f95-a3f5-ec6453f46353/1_org_zoom.jpg,"{""Diğer Özellikler"":""Tüm boyalı ve plastik parçalar, cam yüzeyler ve döşemelerdeki nikotin, kir ve tozu temizler Tek hareketle iç mekan temizliği Antistatik katkı maddesi, yüzeyde geçici toz koruması sağlar Aracın iç kısmının uzun süreli temizliği. Dikey yüzeylerden akmaz, yani uygulandığı yüzeylerde tutunma sağlar Minimum çalışma süresi sayesinde tasarruflu kullanım Yoğun etkisi sayesinde kiri güvenilir şekilde gevşetir Tekrarlanan silme gerekmediği için zaman kazandırır Görünür beyaz köpük Her bir noktaya yalnızca bir kez püskürtüldüğü için zaman ve malzeme tasarrufu sağlar İç mekanda her zaman hoş, taze bir koku Torpido yüzeyinde artık hoş olmayan nikotin kokusu kalmaz Silikon içermez"",""Menşei"":""DE"",""Paket İçeriği"":""Tekli"",""Hacim"":""0,5 L""}",20,5,refreshed,"[""daily_top""]",true,2026-09-08T10:42:27.844Z,0,"[""search_result_dom"",""product_detail_jsonld"",""product_detail_dom""]","{""variant_id"":""observed"",""variant_label"":""unavailable"",""listing_id"":""observed"",""inventory_key"":""observed"",""stock_quantity"":""observed"",""stock_quantity_source"":""observed"",""stock_quantity_kind"":""observed"",""stock_observed_at"":""observed"",""max_sale_limit"":""observed"",""seller_count"":""observed"",""seller_count_observed"":""observed"",""seller_count_kind"":""observed"",""sellers"":""observed"",""variants"":""observed"",""favorite_count"":""observed"",""inventory_decrease"":""unavailable"",""sales_estimate_daily"":""unavailable"",""sales_estimate_weekly"":""unavailable"",""sales_estimate_monthly"":""unavailable"",""sales_estimate_status"":""unavailable"",""sales_estimate_hours"":""unavailable"",""sales_estimate_source"":""unavailable"",""title"":""observed"",""brand"":""observed"",""seller_name"":""observed"",""seller_score"":""observed"",""price"":""observed"",""original_price"":""unavailable"",""campaigns"":""observed"",""stock_status"":""observed"",""stock_signal"":""observed"",""rating"":""observed"",""rating_count"":""observed"",""review_count"":""observed"",""question_count"":""unavailable"",""delivery_summary"":""observed"",""shipping_cost"":""observed"",""properties"":""observed""}",true,
1307732379,,e887d6d30f00f14ef97a8885f02f0887,925428347:4651:1307732379:e887d6d30f00f14ef97a8885f02f0887,965,merchantListing.winnerVariant.quantity,reported,2026-09-08T10:42:28.776Z,10,1,1,reported_total,"[{""merchant_id"":""4651"",""name"":""WEXTA"",""score"":8.9,""price"":599,""variant_id"":""1307732379"",""listing_id"":""e887d6d30f00f14ef97a8885f02f0887"",""stock_quantity"":965}]","[{""variant_id"":""1307732379"",""label"":null,""in_stock"":true,""stock_quantity"":965,""selected"":true}]",2748,27,26.93,,,estimated,24.06,inventory_net_decrease,2026-09-08,2026-09-08T13:30:55+03:00,otomobil motosiklet,BEST_SELLER,arac-ici-aksesuar,araç içi aksesuar,155,4,175,175,,otomobil-motosiklet:arac-ici-aksesuar,155,43,12.8,17.2,925428347,4651,925428347:4651,Proseg Portatif Vakumlu Mini Kablolu Araç Süpürgesi - Toz Ve Kül Temizliği El Süpürgesi PR-AS04,Proseg,Araç İçi Süpürge,https://www.trendyol.com/proseg/portatif-vakumlu-mini-kablolu-arac-supurgesi-toz-ve-kul-temizligi-el-supurgesi-pr-as04-p-925428347?boutiqueId=61&merchantId=4651,WEXTA,8.9,599,,,64.1,TRY,"[""Kargo Bedava""]",InStock,,,,,,4.314285714285714,70,39,2,,,,,4999,TRY,0,1,1,3,Tahmini Teslim:,,https://cdn.dsmcdn.com/ty1660/prod/QC/20250407/17/4482f228-732e-35f0-a999-e788953bf3b8/1_org_zoom.jpg,"{""Garanti Süresi"":""2 Yıl"",""Garanti Tipi"":""İthalatçı Garantili"",""Menşei"":""CN"",""Özellik"":""Kablolu"",""Renk"":""Siyah"",""Vakum Emiş Gücü"":""5000 PA"",""Güç (Watt)"":""3001 Watt ve üzeri"",""Ses Seviyesi"":""61 Dba - 70 Dba"",""Şarj Süresi"":""0 - 1 Saat"",""Ürün Tipi"":""Kablolu""}",20,5,refreshed,"[""daily_top"",""hot_change""]",true,2026-09-08T10:42:28.777Z,0,"[""search_result_dom"",""product_detail_jsonld"",""product_detail_dom""]","{""variant_id"":""observed"",""variant_label"":""unavailable"",""listing_id"":""observed"",""inventory_key"":""observed"",""stock_quantity"":""observed"",""stock_quantity_source"":""observed"",""stock_quantity_kind"":""observed"",""stock_observed_at"":""observed"",""max_sale_limit"":""observed"",""seller_count"":""observed"",""seller_count_observed"":""observed"",""seller_count_kind"":""observed"",""sellers"":""observed"",""variants"":""observed"",""favorite_count"":""observed"",""inventory_decrease"":""unavailable"",""sales_estimate_daily"":""unavailable"",""sales_estimate_weekly"":""unavailable"",""sales_estimate_monthly"":""unavailable"",""sales_estimate_status"":""unavailable"",""sales_estimate_hours"":""unavailable"",""sales_estimate_source"":""unavailable"",""title"":""observed"",""brand"":""observed"",""seller_name"":""observed"",""seller_score"":""observed"",""price"":""observed"",""original_price"":""unavailable"",""campaigns"":""observed"",""stock_status"":""observed"",""stock_signal"":""unavailable"",""rating"":""observed"",""rating_count"":""observed"",""review_count"":""observed"",""question_count"":""unavailable"",""delivery_summary"":""observed"",""shipping_cost"":""observed"",""properties"":""observed""}",true,
1345140998,,97eb83657d991244564b0e82fe008cce,950072476:1117907:1345140998:97eb83657d991244564b0e82fe008cce,8912,merchantListing.winnerVariant.quantity,reported,2026-09-08T10:42:28.381Z,20,1,1,reported_total,"[{""merchant_id"":""1117907"",""name"":""TEMUNGUR"",""score"":9.4,""price"":299,""variant_id"":""1345140998"",""listing_id"":""97eb83657d991244564b0e82fe008cce"",""stock_quantity"":8912}]","[{""variant_id"":""1345140998"",""label"":null,""in_stock"":true,""stock_quantity"":8912,""selected"":true}]",22700,16,15.93,,,estimated,24.11,inventory_net_decrease,2026-09-08,2026-09-08T13:30:55+03:00,otomobil motosiklet,BEST_SELLER,arac-ici-aksesuar,araç içi aksesuar,156,4,176,176,,otomobil-motosiklet:arac-ici-aksesuar,156,-64,16.9,13.1,950072476,1117907,950072476:1117907,ÇiçekAntalya Parlak Simli Kalp Araç Klima Izgara Süsü Figürler Araç İçi Torpido Aksesuar 5'li,ÇiçekAntalya,Torpido Aksesuar,https://www.trendyol.com/cicekantalya/parlak-simli-kalp-arac-klima-izgara-susu-figurler-arac-ici-torpido-aksesuar-5-li-p-950072476?boutiqueId=61&merchantId=1117907,TEMUNGUR,9.4,299,,,0,TRY,"[""Kargo Bedava""]",InStock,,,,,,3.4684684684684686,222,129,1,,,,,4999,TRY,0,1,1,3,Tahmini Teslim:,,https://cdn.dsmcdn.com/ty1926/prod/QC_ENRICHMENT/20260705/13/3d83fb19-039b-39f8-b441-de857bf9e9ef/1_org_zoom.jpg,"{""Menşei"":""CN""}",20,5,refreshed,"[""daily_top""]",true,2026-09-08T10:42:28.382Z,0,"[""search_result_dom"",""product_detail_jsonld"",""product_detail_dom""]","{""variant_id"":""observed"",""variant_label"":""unavailable"",""listing_id"":""observed"",""inventory_key"":""observed"",""stock_quantity"":""observed"",""stock_quantity_source"":""observed"",""stock_quantity_kind"":""observed"",""stock_observed_at"":""observed"",""max_sale_limit"":""observed"",""seller_count"":""observed"",""seller_count_observed"":""observed"",""seller_count_kind"":""observed"",""sellers"":""observed"",""variants"":""observed"",""favorite_count"":""observed"",""inventory_decrease"":""unavailable"",""sales_estimate_daily"":""unavailable"",""sales_estimate_weekly"":""unavailable"",""sales_estimate_monthly"":""unavailable"",""sales_estimate_status"":""unavailable"",""sales_estimate_hours"":""unavailable"",""sales_estimate_source"":""unavailable"",""title"":""observed"",""brand"":""observed"",""seller_name"":""observed"",""seller_score"":""observed"",""price"":""observed"",""original_price"":""unavailable"",""campaigns"":""observed"",""stock_status"":""observed"",""stock_signal"":""unavailable"",""rating"":""observed"",""rating_count"":""observed"",""review_count"":""observed"",""question_count"":""unavailable"",""delivery_summary"":""observed"",""shipping_cost"":""observed"",""properties"":""observed""}",true,
967327953,,0e3f36f1bdc048d43b675cdd916a9d94,735672210:606505:967327953:0e3f36f1bdc048d43b675cdd916a9d94,2058,merchantListing.winnerVariant.quantity,reported,2026-09-08T10:42:40.156Z,10,1,1,reported_total,"[{""merchant_id"":""606505"",""name"":""Farway"",""score"":9.2,""price"":454.9,""variant_id"":""967327953"",""listing_id"":""0e3f36f1bdc048d43b675cdd916a9d94"",""stock_quantity"":2058}]","[{""variant_id"":""967327953"",""label"":null,""in_stock"":true,""stock_quantity"":2058,""selected"":true}]",11310,12,11.95,,,estimated,24.1,inventory_net_decrease,2026-09-08,2026-09-08T13:30:55+03:00,otomobil motosiklet,BEST_SELLER,arac-ici-aksesuar,araç içi aksesuar,157,4,177,177,,otomobil-motosiklet:arac-ici-aksesuar,157,-51,22.5,7.5,735672210,606505,735672210:606505,Farway Araç İçi Vantuzlu Premium Telefon Tutucu Cam ve Torpido İçin,Farway,Araç İçi Telefon Tutucular,https://www.trendyol.com/farway/arac-ici-vantuzlu-premium-telefon-tutucu-cam-ve-torpido-icin-p-735672210?boutiqueId=61&merchantId=606505,Farway,9.2,454.9,,,0,TRY,"[""Kargo Bedava""]",InStock,,,,,,4.414445399828031,1163,655,-1,,,,,4999,TRY,0,1,1,3,Tahmini Teslim:,,https://cdn.dsmcdn.com/ty1600/prod/QC/20241109/00/9295b1d7-b7c8-3528-a56c-fe55acd8e8a8/1_org_zoom.jpg,"{""Telefon Tutucu Özellikleri"":""Akrobat"",""Renk"":""Siyah"",""Garanti Süresi"":""Belirtilmemiş"",""Türü"":""Vantuzlu"",""Materyal"":""Plastik"",""Menşei"":""CN"",""Bakım Talimatları (Genel)"":""Ürünün kullanım ömrünü korumak için ürüne özel bakım talimatlarını takip ediniz.""}",20,5,refreshed,"[""daily_top""]",true,2026-09-08T10:42:40.158Z,0,"[""search_result_dom"",""product_detail_jsonld"",""product_detail_dom""]","{""variant_id"":""observed"",""variant_label"":""unavailable"",""listing_id"":""observed"",""inventory_key"":""observed"",""stock_quantity"":""observed"",""stock_quantity_source"":""observed"",""stock_quantity_kind"":""observed"",""stock_observed_at"":""observed"",""max_sale_limit"":""observed"",""seller_count"":""observed"",""seller_count_observed"":""observed"",""seller_count_kind"":""observed"",""sellers"":""observed"",""variants"":""observed"",""favorite_count"":""observed"",""inventory_decrease"":""unavailable"",""sales_estimate_daily"":""unavailable"",""sales_estimate_weekly"":""unavailable"",""sales_estimate_monthly"":""unavailable"",""sales_estimate_status"":""unavailable"",""sales_estimate_hours"":""unavailable"",""sales_estimate_source"":""unavailable"",""title"":""observed"",""brand"":""observed"",""seller_name"":""observed"",""seller_score"":""observed"",""price"":""observed"",""original_price"":""unavailable"",""campaigns"":""observed"",""stock_status"":""observed"",""stock_signal"":""unavailable"",""rating"":""observed"",""rating_count"":""observed"",""review_count"":""observed"",""question_count"":""unavailable"",""delivery_summary"":""observed"",""shipping_cost"":""observed"",""properties"":""observed""}",true,
1387837929,,89cf141fe4f877f54323d219dd17d2ec,981887973:1144858:1387837929:89cf141fe4f877f54323d219dd17d2ec,8,merchantListing.winnerVariant.quantity,reported,2026-09-08T10:42:40.906Z,20,1,1,reported_total,"[{""merchant_id"":""1144858"",""name"":""FSK STUDIO"",""score"":9.5,""price"":250,""variant_id"":""1387837929"",""listing_id"":""89cf141fe4f877f54323d219dd17d2ec"",""stock_quantity"":8}]","[{""variant_id"":""1387837929"",""label"":null,""in_stock"":true,""stock_quantity"":8,""selected"":true}]",4332,,,,,restock_or_adjustment,24.08,inventory_net_decrease,2026-09-08,2026-09-08T13:30:55+03:00,otomobil motosiklet,BEST_SELLER,arac-ici-aksesuar,araç içi aksesuar,158,4,178,178,,otomobil-motosiklet:arac-ici-aksesuar,158,2,13.2,16.8,981887973,1144858,981887973:1144858,FSK STUDIO Kartal Figürlü Araba Ayna Süsü - Hediyelik Oto Aksesuar,FSK STUDIO,Torpido Aksesuar,https://www.trendyol.com/fsk-studio/kartal-figurlu-araba-ayna-susu-hediyelik-oto-aksesuar-p-981887973?boutiqueId=61&merchantId=1144858,FSK STUDIO,9.5,250,,,0,TRY,"[""Kargo Bedava""]",InStock,Tükeniyor,,,,,4.588235294117647,85,44,0,,,,,4999,TRY,0,1,1,3,Tahmini Teslim:,,https://cdn.dsmcdn.com/ty1944/prod/QC_ENRICHMENT/20260823/14/eed8f7f9-b73a-39a4-a1d0-a7182a9969d5/1_org_zoom.jpg,"{""Menşei"":""TR"",""Bakım Talimatları (Genel)"":""Nemli bir bezle silin.""}",20,5,refreshed,"[""daily_top"",""hot_change""]",true,2026-09-08T10:42:40.907Z,0,"[""search_result_dom"",""product_detail_jsonld"",""product_detail_dom""]","{""variant_id"":""observed"",""variant_label"":""unavailable"",""listing_id"":""observed"",""inventory_key"":""observed"",""stock_quantity"":""observed"",""stock_quantity_source"":""observed"",""stock_quantity_kind"":""observed"",""stock_observed_at"":""observed"",""max_sale_limit"":""observed"",""seller_count"":""observed"",""seller_count_observed"":""observed"",""seller_count_kind"":""observed"",""sellers"":""observed"",""variants"":""observed"",""favorite_count"":""observed"",""inventory_decrease"":""unavailable"",""sales_estimate_daily"":""unavailable"",""sales_estimate_weekly"":""unavailable"",""sales_estimate_monthly"":""unavailable"",""sales_estimate_status"":""unavailable"",""sales_estimate_hours"":""unavailable"",""sales_estimate_source"":""unavailable"",""title"":""observed"",""brand"":""observed"",""seller_name"":""observed"",""seller_score"":""observed"",""price"":""observed"",""original_price"":""unavailable"",""campaigns"":""observed"",""stock_status"":""observed"",""stock_signal"":""observed"",""rating"":""observed"",""rating_count"":""observed"",""review_count"":""observed"",""question_count"":""unavailable"",""delivery_summary"":""observed"",""shipping_cost"":""observed"",""properties"":""observed""}",true,
1608492446,,43e1394dfdb1a6710791ec5822376b3c,1150607349:919254:1608492446:43e1394dfdb1a6710791ec5822376b3c,9241,merchantListing.winnerVariant.quantity,reported,2026-09-08T10:42:41.034Z,20,1,1,reported_total,"[{""merchant_id"":""919254"",""name"":""SHHOBİ LAB"",""score"":9.2,""price"":34.99,""variant_id"":""1608492446"",""listing_id"":""43e1394dfdb1a6710791ec5822376b3c"",""stock_quantity"":9241}]","[{""variant_id"":""1608492446"",""label"":null,""in_stock"":true,""stock_quantity"":9241,""selected"":true}]",401,2,1.99,,,estimated,24.12,inventory_net_decrease,2026-09-08,2026-09-08T13:30:55+03:00,otomobil motosiklet,BEST_SELLER,arac-ici-aksesuar,araç içi aksesuar,159,4,179,179,,otomobil-motosiklet:arac-ici-aksesuar,159,-82,4.8,25.2,1150607349,919254,1150607349:919254,SHHOBİ Araba Klima Süsü Renkli Papatyalar - Araç İçi Rengarenk Papatyalar Klipsli Takmalı 1 Adet,SHHOBİ,Torpido Aksesuar,https://www.trendyol.com/shhobi/araba-klima-susu-renkli-papatyalar-arac-ici-rengarenk-papatyalar-klipsli-takmali-1-adet-p-1150607349?boutiqueId=61&merchantId=919254,SHHOBİ LAB,9.2,34.99,,,49.8,TRY,"[""Sepette %1 İndirim"",""Kargo Bedava"",""Trendyol Plus'a Özel""]",InStock,,,,,,3.2,5,3,0,,,,,4999,TRY,0,1,1,3,Tahmini Teslim:,,https://cdn.dsmcdn.com/ty1934/prod/QC_PREP/20260528/14/1b1cfaea-bf28-3a02-97f9-f29f451020e3/1_org_zoom.jpg,"{""Menşei"":""TR"",""Bakım Talimatları (Genel)"":""Ürünün kullanım ömrünü korumak için ürüne özel bakım talimatlarını takip ediniz.""}",3,4,refreshed,"[""daily_top""]",true,2026-09-08T10:42:41.034Z,0,"[""search_result_dom"",""product_detail_jsonld"",""product_detail_dom""]","{""variant_id"":""observed"",""variant_label"":""unavailable"",""listing_id"":""observed"",""inventory_key"":""observed"",""stock_quantity"":""observed"",""stock_quantity_source"":""observed"",""stock_quantity_kind"":""observed"",""stock_observed_at"":""observed"",""max_sale_limit"":""observed"",""seller_count"":""observed"",""seller_count_observed"":""observed"",""seller_count_kind"":""observed"",""sellers"":""observed"",""variants"":""observed"",""favorite_count"":""observed"",""inventory_decrease"":""unavailable"",""sales_estimate_daily"":""unavailable"",""sales_estimate_weekly"":""unavailable"",""sales_estimate_monthly"":""unavailable"",""sales_estimate_status"":""unavailable"",""sales_estimate_hours"":""unavailable"",""sales_estimate_source"":""unavailable"",""title"":""observed"",""brand"":""observed"",""seller_name"":""observed"",""seller_score"":""observed"",""price"":""observed"",""original_price"":""unavailable"",""campaigns"":""observed"",""stock_status"":""observed"",""stock_signal"":""unavailable"",""rating"":""observed"",""rating_count"":""observed"",""review_count"":""observed"",""question_count"":""unavailable"",""delivery_summary"":""observed"",""shipping_cost"":""observed"",""properties"":""observed""}",true,
319376263,,3d4811da39713f6726cf69f1e787b838,194056886:457726:319376263:3d4811da39713f6726cf69f1e787b838,19999,merchantListing.winnerVariant.quantity,reported,2026-09-08T10:42:50.380Z,5,1,1,reported_total,"[{""merchant_id"":""457726"",""name"":""HR PLAST"",""score"":9.7,""price"":448.92,""variant_id"":""319376263"",""listing_id"":""3d4811da39713f6726cf69f1e787b838"",""stock_quantity"":19999}]","[{""variant_id"":""319376263"",""label"":null,""in_stock"":true,""stock_quantity"":19999,""selected"":true}]",27808,,,,,unchanged_stock,24.1,inventory_net_decrease,2026-09-08,2026-09-08T13:30:55+03:00,otomobil motosiklet,BEST_SELLER,arac-ici-aksesuar,araç içi aksesuar,160,4,180,180,,otomobil-motosiklet:arac-ici-aksesuar,160,-34,20.5,9.5,194056886,457726,194056886:457726,H&R PLASTİK Oto Araç Içi Bardaklık (SİYAH RENK) Organizer Araba Bardak Tutucu Siyah Renk Seçeneği(MAGAZADA 6 RENK SEÇENEGİ),H&R PLASTİK,Oto Bardaklık,https://www.trendyol.com/h-r-plastik/oto-arac-ici-bardaklik-siyah-renk-organizer-araba-bardak-tutucu-siyah-renk-secenegi-magazada-6-renk-secenegi-p-194056886?boutiqueId=61&merchantId=457726,HR PLAST,9.7,448.92,,,0,TRY,"[""Sepette %1 İndirim"",""20 TL Kupon"",""Kargo Bedava"",""Trendyol Plus'a Özel""]",InStock,,,,,,4.193005181347149,772,362,1,,,,,4999,TRY,0,,1,3,Tahmini Teslim:,En Çok Ziyaret Edilen 3. Ürün,https://cdn.dsmcdn.com/ty1810/prod/QC_ENRICHMENT/20260115/23/f2ccb042-a88f-3367-97b7-ec64265d544d/1_org_zoom.jpg,"{""Diğer Özellikler"":""kaliteli Araç Içi Bardaklık Organizer ayarlanabilir kulplar universal"",""Menşei"":""TR"",""Özellik"":""Fonksiyonlu"",""Tamir Edilebilirlik"":""Tamir Edilmez.""}",20,5,refreshed,"[""daily_top""]",true,2026-09-08T10:42:50.382Z,0,"[""search_result_dom"",""product_detail_jsonld"",""product_detail_dom""]","{""variant_id"":""observed"",""variant_label"":""unavailable"",""listing_id"":""observed"",""inventory_key"":""observed"",""stock_quantity"":""observed"",""stock_quantity_source"":""observed"",""stock_quantity_kind"":""observed"",""stock_observed_at"":""observed"",""max_sale_limit"":""observed"",""seller_count"":""observed"",""seller_count_observed"":""observed"",""seller_count_kind"":""observed"",""sellers"":""observed"",""variants"":""observed"",""favorite_count"":""observed"",""inventory_decrease"":""unavailable"",""sales_estimate_daily"":""unavailable"",""sales_estimate_weekly"":""unavailable"",""sales_estimate_monthly"":""unavailable"",""sales_estimate_status"":""unavailable"",""sales_estimate_hours"":""unavailable"",""sales_estimate_source"":""unavailable"",""title"":""observed"",""brand"":""observed"",""seller_name"":""observed"",""seller_score"":""observed"",""price"":""observed"",""original_price"":""unavailable"",""campaigns"":""observed"",""stock_status"":""observed"",""stock_signal"":""unavailable"",""rating"":""observed"",""rating_count"":""observed"",""review_count"":""observed"",""question_count"":""unavailable"",""delivery_summary"":""observed"",""shipping_cost"":""observed"",""properties"":""observed""}",true,
983864708,,2dabe7023d91bf11046d4124e9991222,747323950:845435:983864708:2dabe7023d91bf11046d4124e9991222,9942,merchantListing.winnerVariant.quantity,reported,2026-09-08T10:42:51.447Z,5,1,1,reported_total,"[{""merchant_id"":""845435"",""name"":""Cherila"",""score"":9.2,""price"":299,""variant_id"":""983864708"",""listing_id"":""2dabe7023d91bf11046d4124e9991222"",""stock_quantity"":9942}]","[{""variant_id"":""983864708"",""label"":null,""in_stock"":true,""stock_quantity"":9942,""selected"":true}]",3018,20,19.94,,,estimated,24.07,inventory_net_decrease,2026-09-08,2026-09-08T13:30:55+03:00,otomobil motosiklet,BEST_SELLER,arac-ici-aksesuar,araç içi aksesuar,161,4,181,181,,otomobil-motosiklet:arac-ici-aksesuar,161,31,15.1,14.9,747323950,845435,747323950:845435,cherila Tüm Araçlara Uygun Araba Güneşlik Yan Cam Emzirme Perdesi Bebekler Için 4 Mevsim Koruyucu (1 ADET),cherila,Oto Güneşlik Perde,https://www.trendyol.com/cherila/tum-araclara-uygun-araba-guneslik-yan-cam-emzirme-perdesi-bebekler-icin-4-mevsim-koruyucu-1-adet-p-747323950?boutiqueId=61&merchantId=845435,Cherila,9.2,299,,,96.4,TRY,"[""Kargo Bedava""]",InStock,,,,,,4.625,136,76,0,,,,,4999,TRY,0,1,1,3,Tahmini Teslim:,,https://cdn.dsmcdn.com/ty1937/prod/QC_ENRICHMENT/20260522/23/42e69c02-6f6a-3c5f-9c7b-e50c0c7c06b5/1_org_zoom.jpg,"{""Araç Markası"":""BMW"",""Diğer Özellikler"":""Tüm araçlara uygundur"",""Menşei"":""TR"",""Renk"":""Beyaz""}",20,5,refreshed,"[""daily_top"",""hot_change""]",true,2026-09-08T10:42:51.448Z,0,"[""search_result_dom"",""product_detail_jsonld"",""product_detail_dom""]","{""variant_id"":""observed"",""variant_label"":""unavailable"",""listing_id"":""observed"",""inventory_key"":""observed"",""stock_quantity"":""observed"",""stock_quantity_source"":""observed"",""stock_quantity_kind"":""observed"",""stock_observed_at"":""observed"",""max_sale_limit"":""observed"",""seller_count"":""observed"",""seller_count_observed"":""observed"",""seller_count_kind"":""observed"",""sellers"":""observed"",""variants"":""observed"",""favorite_count"":""observed"",""inventory_decrease"":""unavailable"",""sales_estimate_daily"":""unavailable"",""sales_estimate_weekly"":""unavailable"",""sales_estimate_monthly"":""unavailable"",""sales_estimate_status"":""unavailable"",""sales_estimate_hours"":""unavailable"",""sales_estimate_source"":""unavailable"",""title"":""observed"",""brand"":""observed"",""seller_name"":""observed"",""seller_score"":""observed"",""price"":""observed"",""original_price"":""unavailable"",""campaigns"":""observed"",""stock_status"":""observed"",""stock_signal"":""unavailable"",""rating"":""observed"",""rating_count"":""observed"",""review_count"":""observed"",""question_count"":""unavailable"",""delivery_summary"":""observed"",""shipping_cost"":""observed"",""properties"":""observed""}",true,
1050004375,,d591eda4687e1a45921e3f4e1d9eafaa,791079195:1210351:1050004375:d591eda4687e1a45921e3f4e1d9eafaa,949,merchantListing.winnerVariant.quantity,reported,2026-09-08T10:42:51.604Z,10,2,2,reported_total,"[{""merchant_id"":""1210351"",""name"":""CGN Grup"",""score"":9.2,""price"":199.9,""variant_id"":""1050004375"",""listing_id"":""d591eda4687e1a45921e3f4e1d9eafaa"",""stock_quantity"":949},{""merchant_id"":""1079459"",""name"":""Fırsat7"",""score"":8.3,""price"":249.9,""variant_id"":""1050004375"",""listing_id"":""b5b9e9a39861304b2adc65ce6d7e7533"",""stock_quantity"":97}]","[{""variant_id"":""1050004375"",""label"":null,""in_stock"":true,""stock_quantity"":949,""selected"":true}]",25605,,,,,identity_changed_or_unknown,,inventory_net_decrease,2026-09-08,2026-09-08T13:30:55+03:00,otomobil motosiklet,BEST_SELLER,arac-ici-aksesuar,araç içi aksesuar,162,4,182,182,,otomobil-motosiklet:arac-ici-aksesuar,162,-14,26.8,3.2,791079195,1210351,791079195:1210351,Genel Markalar Araç Telefon Tutucu Torpido Cama Uygun Vantuzlu Araba Telefon Tutacağı,Genel Markalar,Araç İçi Telefon Tutucular,https://www.trendyol.com/genel-markalar/arac-telefon-tutucu-torpido-cama-uygun-vantuzlu-araba-telefon-tutacagi-p-791079195?boutiqueId=61&merchantId=1210351,CGN Grup,9.2,199.9,,,,TRY,"[""Kargo Bedava""]",InStock,,,,,,3.375908618899273,3852,2229,0,,,,,4999,TRY,0,1,1,3,Tahmini Teslim:,,https://cdn.dsmcdn.com/ty1769/prod/QC_ENRICHMENT/20251008/14/c9dac5a5-f738-3cb2-b71e-ba743cd14377/1_org_zoom.jpg,"{""Telefon Tutucu Özellikleri"":""Akrobat"",""Renk"":""Siyah"",""Garanti Süresi"":""Belirtilmemiş"",""Türü"":""Vantuzlu"",""Materyal"":""Plastik"",""Menşei"":""CN"",""Bakım Talimatları (Genel)"":""Ürünün kullanım ömrünü korumak için ürüne özel bakım talimatlarını takip ediniz.""}",20,5,refreshed,"[""daily_top""]",true,2026-09-08T10:42:51.605Z,0,"[""search_result_dom"",""product_detail_jsonld"",""product_detail_dom""]","{""variant_id"":""observed"",""variant_label"":""unavailable"",""listing_id"":""observed"",""inventory_key"":""observed"",""stock_quantity"":""observed"",""stock_quantity_source"":""observed"",""stock_quantity_kind"":""observed"",""stock_observed_at"":""observed"",""max_sale_limit"":""observed"",""seller_count"":""observed"",""seller_count_observed"":""observed"",""seller_count_kind"":""observed"",""sellers"":""observed"",""variants"":""observed"",""favorite_count"":""observed"",""inventory_decrease"":""unavailable"",""sales_estimate_daily"":""unavailable"",""sales_estimate_weekly"":""unavailable"",""sales_estimate_monthly"":""unavailable"",""sales_estimate_status"":""unavailable"",""sales_estimate_hours"":""unavailable"",""sales_estimate_source"":""unavailable"",""title"":""observed"",""brand"":""observed"",""seller_name"":""observed"",""seller_score"":""observed"",""price"":""observed"",""original_price"":""unavailable"",""campaigns"":""observed"",""stock_status"":""observed"",""stock_signal"":""unavailable"",""rating"":""observed"",""rating_count"":""observed"",""review_count"":""observed"",""question_count"":""unavailable"",""delivery_summary"":""observed"",""shipping_cost"":""observed"",""properties"":""observed""}",true,
1385095487,,ebe4bab5dc9696bc318dd7325b08c430,979897806:185368:1385095487:ebe4bab5dc9696bc318dd7325b08c430,569,merchantListing.winnerVariant.quantity,reported,2026-09-08T10:43:01.479Z,10,1,1,reported_total,"[{""merchant_id"":""185368"",""name"":""MeyZone"",""score"":9.5,""price"":289.9,""variant_id"":""1385095487"",""listing_id"":""ebe4bab5dc9696bc318dd7325b08c430"",""stock_quantity"":569}]","[{""variant_id"":""1385095487"",""label"":null,""in_stock"":true,""stock_quantity"":569,""selected"":true}]",12409,12,11.94,,,estimated,24.12,inventory_net_decrease,2026-09-08,2026-09-08T13:30:55+03:00,otomobil motosiklet,BEST_SELLER,arac-ici-aksesuar,araç içi aksesuar,163,4,183,183,,otomobil-motosiklet:arac-ici-aksesuar,163,-74,21.6,8.4,979897806,185368,979897806:185368,MeyZone Yeni Nesil Esnek Telefon Cüzdan Anahtar Para Düşme Engelleyici Araç Koltuk Arası Düzenleyici Siyah,MeyZone,Emniyet Kemeri & Aksesuarı,https://www.trendyol.com/meyzone/yeni-nesil-esnek-telefon-cuzdan-anahtar-para-dusme-engelleyici-arac-koltuk-arasi-duzenleyici-siyah-p-979897806?boutiqueId=61&merchantId=185368,MeyZone,9.5,289.9,,,0,TRY,"[""Sepette %1 İndirim"",""Kargo Bedava""]",InStock,,,,,,4.0455868089233755,1031,505,1,,,,,4999,TRY,0,,1,3,Tahmini Teslim:,En Çok Ziyaret Edilen 2. Ürün,https://cdn.dsmcdn.com/ty1740/prod/QC_PREP/20250830/03/2646831a-c455-335e-9e05-9c7de2a6d952/1_org_zoom.jpg,"{""Garanti Süresi"":""2 Yıl"",""Menşei"":""CN""}",20,5,refreshed,"[""daily_top""]",true,2026-09-08T10:43:01.480Z,0,"[""search_result_dom"",""product_detail_jsonld"",""product_detail_dom""]","{""variant_id"":""observed"",""variant_label"":""unavailable"",""listing_id"":""observed"",""inventory_key"":""observed"",""stock_quantity"":""observed"",""stock_quantity_source"":""observed"",""stock_quantity_kind"":""observed"",""stock_observed_at"":""observed"",""max_sale_limit"":""observed"",""seller_count"":""observed"",""seller_count_observed"":""observed"",""seller_count_kind"":""observed"",""sellers"":""observed"",""variants"":""observed"",""favorite_count"":""observed"",""inventory_decrease"":""unavailable"",""sales_estimate_daily"":""unavailable"",""sales_estimate_weekly"":""unavailable"",""sales_estimate_monthly"":""unavailable"",""sales_estimate_status"":""unavailable"",""sales_estimate_hours"":""unavailable"",""sales_estimate_source"":""unavailable"",""title"":""observed"",""brand"":""observed"",""seller_name"":""observed"",""seller_score"":""observed"",""price"":""observed"",""original_price"":""unavailable"",""campaigns"":""observed"",""stock_status"":""observed"",""stock_signal"":""unavailable"",""rating"":""observed"",""rating_count"":""observed"",""review_count"":""observed"",""question_count"":""unavailable"",""delivery_summary"":""observed"",""shipping_cost"":""observed"",""properties"":""observed""}",true,
12519356,,ea49b4d7685bbe72cac87b074c1d6de3,2344138:105173:12519356:ea49b4d7685bbe72cac87b074c1d6de3,1116,merchantListing.winnerVariant.quantity,reported,2026-09-08T10:43:01.607Z,15,1,1,reported_total,"[{""merchant_id"":""105173"",""name"":""Sonax Shop"",""score"":9.3,""price"":490,""variant_id"":""12519356"",""listing_id"":""ea49b4d7685bbe72cac87b074c1d6de3"",""stock_quantity"":1116}]","[{""variant_id"":""12519356"",""label"":null,""in_stock"":true,""stock_quantity"":1116,""selected"":true}]",8657,,,,,unchanged_stock,24.09,inventory_net_decrease,2026-09-08,2026-09-08T13:30:55+03:00,otomobil motosiklet,BEST_SELLER,arac-ici-aksesuar,araç içi aksesuar,164,5,184,184,,otomobil-motosiklet:arac-ici-aksesuar,164,-18,19.5,10.5,2344138,105173,2344138:105173,Sonax Araç İçi Temizleyici 500 ml,Sonax,Oto Bakım Seti,https://www.trendyol.com/sonax/arac-ici-temizleyici-500-ml-p-2344138?boutiqueId=61&merchantId=105173,Sonax Shop,9.3,490,,,0,TRY,"[""Kargo Bedava""]",InStock,,,,,,4.413494809688581,578,273,0,,,,,4999,TRY,0,1,1,3,Tahmini Teslim:,Fenomen Seçimi,https://cdn.dsmcdn.com/ty1649/prod/QC/20250312/11/9fb80879-8a9d-3caa-8a3e-68866a8f6f25/1_org_zoom.jpg,"{""Menşei"":""DE""}",20,5,refreshed,"[""daily_top""]",true,2026-09-08T10:43:01.607Z,0,"[""search_result_dom"",""product_detail_jsonld"",""product_detail_dom""]","{""variant_id"":""observed"",""variant_label"":""unavailable"",""listing_id"":""observed"",""inventory_key"":""observed"",""stock_quantity"":""observed"",""stock_quantity_source"":""observed"",""stock_quantity_kind"":""observed"",""stock_observed_at"":""observed"",""max_sale_limit"":""observed"",""seller_count"":""observed"",""seller_count_observed"":""observed"",""seller_count_kind"":""observed"",""sellers"":""observed"",""variants"":""observed"",""favorite_count"":""observed"",""inventory_decrease"":""unavailable"",""sales_estimate_daily"":""unavailable"",""sales_estimate_weekly"":""unavailable"",""sales_estimate_monthly"":""unavailable"",""sales_estimate_status"":""unavailable"",""sales_estimate_hours"":""unavailable"",""sales_estimate_source"":""unavailable"",""title"":""observed"",""brand"":""observed"",""seller_name"":""observed"",""seller_score"":""observed"",""price"":""observed"",""original_price"":""unavailable"",""campaigns"":""observed"",""stock_status"":""observed"",""stock_signal"":""unavailable"",""rating"":""observed"",""rating_count"":""observed"",""review_count"":""observed"",""question_count"":""unavailable"",""delivery_summary"":""observed"",""shipping_cost"":""observed"",""properties"":""observed""}",true,
1538514508,,9873144112628582a4abbdc085b8e9b8,1107517310:190134:1538514508:9873144112628582a4abbdc085b8e9b8,205,merchantListing.winnerVariant.quantity,reported,2026-09-08T10:43:01.764Z,10,1,1,reported_total,"[{""merchant_id"":""190134"",""name"":""AUTOFRESH"",""score"":9.5,""price"":168.44,""variant_id"":""1538514508"",""listing_id"":""9873144112628582a4abbdc085b8e9b8"",""stock_quantity"":205}]","[{""variant_id"":""1538514508"",""label"":null,""in_stock"":true,""stock_quantity"":205,""selected"":true}]",1049,,,,,observation_gap,,inventory_net_decrease,2026-09-08,2026-09-08T13:30:55+03:00,otomobil motosiklet,BEST_SELLER,arac-ici-aksesuar,araç içi aksesuar,165,5,185,185,7,otomobil-motosiklet:arac-ici-aksesuar,165,32,9.6,20.4,1107517310,190134,1107517310:190134,"AutoFresh Araç İç Temizleyici Köpük Sprey 500 ml Oto Koltuk, Tavan, Araba Döşeme Temizleme Köpüğü",AutoFresh,Oto Döşeme Temizleyici,https://www.trendyol.com/autofresh/arac-ic-temizleyici-kopuk-sprey-500-ml-oto-koltuk-tavan-araba-doseme-temizleme-kopugu-p-1107517310?boutiqueId=61&merchantId=190134,AUTOFRESH,9.5,168.44,,,12.5,TRY,"[""Kargo Bedava""]",InStock,,,,,,3.652173913043478,23,15,0,,,,,4999,TRY,0,,1,3,Tahmini Teslim:,En Çok Satan 7. Ürün,https://cdn.dsmcdn.com/ty1827/prod/QC_PREP/20260220/21/c508dd84-9ef5-3364-8b8e-4b6706c0280b/1_org_zoom.jpg,"{""Menşei"":""TR"",""Ürün Güvenliği Bilgisi"":""Tehlikeli Değil""}",14,3.79,refreshed,"[""daily_top""]",true,2026-09-08T10:43:01.764Z,0,"[""search_result_dom"",""product_detail_jsonld"",""product_detail_dom""]","{""variant_id"":""observed"",""variant_label"":""unavailable"",""listing_id"":""observed"",""inventory_key"":""observed"",""stock_quantity"":""observed"",""stock_quantity_source"":""observed"",""stock_quantity_kind"":""observed"",""stock_observed_at"":""observed"",""max_sale_limit"":""observed"",""seller_count"":""observed"",""seller_count_observed"":""observed"",""seller_count_kind"":""observed"",""sellers"":""observed"",""variants"":""observed"",""favorite_count"":""observed"",""inventory_decrease"":""unavailable"",""sales_estimate_daily"":""unavailable"",""sales_estimate_weekly"":""unavailable"",""sales_estimate_monthly"":""unavailable"",""sales_estimate_status"":""unavailable"",""sales_estimate_hours"":""unavailable"",""sales_estimate_source"":""unavailable"",""title"":""observed"",""brand"":""observed"",""seller_name"":""observed"",""seller_score"":""observed"",""price"":""observed"",""original_price"":""unavailable"",""campaigns"":""observed"",""stock_status"":""observed"",""stock_signal"":""unavailable"",""rating"":""observed"",""rating_count"":""observed"",""review_count"":""observed"",""question_count"":""unavailable"",""delivery_summary"":""observed"",""shipping_cost"":""observed"",""properties"":""observed""}",true,
1654150069,,d63c180c781c12463bd3434739e1712e,1179597163:596513:1654150069:d63c180c781c12463bd3434739e1712e,19743,merchantListing.winnerVariant.quantity,reported,2026-09-08T10:43:10.221Z,10,1,1,reported_total,"[{""merchant_id"":""596513"",""name"":""Lidya Life"",""score"":9.5,""price"":484.76,""variant_id"":""1654150069"",""listing_id"":""d63c180c781c12463bd3434739e1712e"",""stock_quantity"":19743}]","[{""variant_id"":""1654150069"",""label"":null,""in_stock"":true,""stock_quantity"":19743,""selected"":true}]",123,12,11.94,,,estimated,24.12,inventory_net_decrease,2026-09-08,2026-09-08T13:30:55+03:00,otomobil motosiklet,BEST_SELLER,arac-ici-aksesuar,araç içi aksesuar,166,5,186,186,,otomobil-motosiklet:arac-ici-aksesuar,166,-75,12.3,17.7,1179597163,596513,1179597163:596513,Blessca Araba Güneşlik Şemsiye Ön Cam Güneşliği Otomobil Güneşlikleri Araç Oto İçi Şemsiyesi Gölge Yansıtma Gölgelik Güneş Koruyucu Katlanabilir UV Teknoloji,Blessca,Oto Güneşlik Perde,https://www.trendyol.com/blessca/araba-guneslik-semsiye-on-cam-gunesligi-otomobil-guneslikleri-arac-oto-ici-semsiyesi-golge-yansitma-golgelik-gunes-koruyucu-katlanabilir-uv-teknoloji-p-1179597163?boutiqueId=61&merchantId=596513,Lidya Life,9.5,484.76,,,1.8,TRY,"[""Kargo Bedava""]",InStock,,,,,,4.882352941176471,34,33,2,,,,,4999,TRY,0,1,1,3,Tahmini Teslim:,,https://cdn.dsmcdn.com/ty1907/prod/QC_PREP/20260804/15/c815b0f8-b54a-3479-a5d8-90f59e462639/1_org_zoom.jpg,"{""Araç Markası"":""Renault"",""Diğer Özellikler"":""Çantalıdır."",""Menşei"":""CN""}",20,5,refreshed,"[""daily_top""]",true,2026-09-08T10:43:10.222Z,0,"[""search_result_dom"",""product_detail_jsonld"",""product_detail_dom""]","{""variant_id"":""observed"",""variant_label"":""unavailable"",""listing_id"":""observed"",""inventory_key"":""observed"",""stock_quantity"":""observed"",""stock_quantity_source"":""observed"",""stock_quantity_kind"":""observed"",""stock_observed_at"":""observed"",""max_sale_limit"":""observed"",""seller_count"":""observed"",""seller_count_observed"":""observed"",""seller_count_kind"":""observed"",""sellers"":""observed"",""variants"":""observed"",""favorite_count"":""observed"",""inventory_decrease"":""unavailable"",""sales_estimate_daily"":""unavailable"",""sales_estimate_weekly"":""unavailable"",""sales_estimate_monthly"":""unavailable"",""sales_estimate_status"":""unavailable"",""sales_estimate_hours"":""unavailable"",""sales_estimate_source"":""unavailable"",""title"":""observed"",""brand"":""observed"",""seller_name"":""observed"",""seller_score"":""observed"",""price"":""observed"",""original_price"":""unavailable"",""campaigns"":""observed"",""stock_status"":""observed"",""stock_signal"":""unavailable"",""rating"":""observed"",""rating_count"":""observed"",""review_count"":""observed"",""question_count"":""unavailable"",""delivery_summary"":""observed"",""shipping_cost"":""observed"",""properties"":""observed""}",true,
1415748946,,04303220b7e0e03c6b08d094f4f764a5,1020244407:360912:1415748946:04303220b7e0e03c6b08d094f4f764a5,9704,merchantListing.winnerVariant.quantity,reported,2026-09-08T10:43:10.435Z,10,6,6,reported_total,"[{""merchant_id"":""360912"",""name"":""ÖREL MOTORSİKLET BİSİKLET"",""score"":8.4,""price"":75.34,""variant_id"":""1415748946"",""listing_id"":""04303220b7e0e03c6b08d094f4f764a5"",""stock_quantity"":9704},{""merchant_id"":""978668"",""name"":""ENES-WORKS"",""score"":9.1,""price"":119.9,""variant_id"":""1415748946"",""listing_id"":""03cefc97febec6c09d0a906daae4877c"",""stock_quantity"":20},{""merchant_id"":""1191883"",""name"":""motogrip"",""score"":9.6,""price"":130,""variant_id"":""1415748946"",""listing_id"":""8f4770898323c3a04529dbfdd0ca944c"",""stock_quantity"":782},{""merchant_id"":""519565"",""name"":""YEDEK PARÇACI"",""score"":8.9,""price"":129.95,""variant_id"":""1415748946"",""listing_id"":""67175ef6701768f0e0706037befd5be9"",""stock_quantity"":85},{""merchant_id"":""1173905"",""name"":""Cihad Motor"",""score"":9.3,""price"":160,""variant_id"":""1415748946"",""listing_id"":""0d070f7f85e9e78aecb4650795261cd4"",""stock_quantity"":5},{""merchant_id"":""258364"",""name"":""Güney Bisiklet"",""score"":8.3,""price"":188,""variant_id"":""1415748946"",""listing_id"":""96726f2b8c9338077fce2942edf97b7b"",""stock_quantity"":19}]","[{""variant_id"":""1415748946"",""label"":null,""in_stock"":true,""stock_quantity"":9704,""selected"":true}]",3404,,,,,identity_changed_or_unknown,,inventory_net_decrease,2026-09-08,2026-09-08T13:30:55+03:00,otomobil motosiklet,BEST_SELLER,arac-ici-aksesuar,araç içi aksesuar,167,5,187,187,,otomobil-motosiklet:arac-ici-aksesuar,167,-40,10.6,19.4,1020244407,360912,1020244407:360912,Palas Motor MOTOSİKLET MODİFİYE KRAL TACI SİBOP KAPAĞI 2 ADET ( 1 ÇİFT ÖN-ARKA İÇİN) GÜMÜŞ GRİ,Palas Motor,Motosiklet Lüzumlu Ürün,https://www.trendyol.com/palas-motor/motosiklet-modifiye-kral-taci-sibop-kapagi-2-adet-1-cift-on-arka-icin-gumus-gri-p-1020244407?boutiqueId=61&merchantId=360912,ÖREL MOTORSİKLET BİSİKLET,8.4,75.34,,,0,TRY,"[""Kargo Bedava"",""Trendyol Plus'a Özel""]",InStock,,,,,,4,45,20,0,,,,,4999,TRY,0,1,1,3,Tahmini Teslim:,,https://cdn.dsmcdn.com/ty1771/prod/QC_PREP/20251011/01/80a502b5-0467-3ddd-910d-3d601739fb05/1_org_zoom.jpg,"{""Diğer Özellikler"":""Plastik"",""Menşei"":""TR"",""Tamir Edilebilirlik"":""Tamir Edilmez."",""Özellik"":""Diğer""}",20,3.7,refreshed,"[""daily_top""]",true,2026-09-08T10:43:10.436Z,0,"[""search_result_dom"",""product_detail_jsonld"",""product_detail_dom""]","{""variant_id"":""observed"",""variant_label"":""unavailable"",""listing_id"":""observed"",""inventory_key"":""observed"",""stock_quantity"":""observed"",""stock_quantity_source"":""observed"",""stock_quantity_kind"":""observed"",""stock_observed_at"":""observed"",""max_sale_limit"":""observed"",""seller_count"":""observed"",""seller_count_observed"":""observed"",""seller_count_kind"":""observed"",""sellers"":""observed"",""variants"":""observed"",""favorite_count"":""observed"",""inventory_decrease"":""unavailable"",""sales_estimate_daily"":""unavailable"",""sales_estimate_weekly"":""unavailable"",""sales_estimate_monthly"":""unavailable"",""sales_estimate_status"":""unavailable"",""sales_estimate_hours"":""unavailable"",""sales_estimate_source"":""unavailable"",""title"":""observed"",""brand"":""observed"",""seller_name"":""observed"",""seller_score"":""observed"",""price"":""observed"",""original_price"":""unavailable"",""campaigns"":""observed"",""stock_status"":""observed"",""stock_signal"":""unavailable"",""rating"":""observed"",""rating_count"":""observed"",""review_count"":""observed"",""question_count"":""unavailable"",""delivery_summary"":""observed"",""shipping_cost"":""observed"",""properties"":""observed""}",true,
1209529037,,1188022e6a1cfdf4e9dfe7ed2c742cd4,877449303:346231:1209529037:1188022e6a1cfdf4e9dfe7ed2c742cd4,1186,merchantListing.winnerVariant.quantity,reported,2026-09-08T10:43:10.531Z,10,1,1,reported_total,"[{""merchant_id"":""346231"",""name"":""Mimtec"",""score"":8.7,""price"":132.56,""variant_id"":""1209529037"",""listing_id"":""1188022e6a1cfdf4e9dfe7ed2c742cd4"",""stock_quantity"":1186}]","[{""variant_id"":""1209529037"",""label"":null,""in_stock"":true,""stock_quantity"":1186,""selected"":true}]",8765,11,10.96,,,estimated,24.09,inventory_net_decrease,2026-09-08,2026-09-08T13:30:55+03:00,otomobil motosiklet,BEST_SELLER,arac-ici-aksesuar,araç içi aksesuar,168,5,188,188,,otomobil-motosiklet:arac-ici-aksesuar,168,-14,28,11.8,877449303,346231,877449303:346231,mimtec Oto Araç İçi Bardak Tutucu Çok Fonksiyonlu İçecek Tutacağı Bardaklık Araç Aksesuarı,mimtec,,https://www.trendyol.com/mimtec/oto-arac-ici-bardak-tutucu-cok-fonksiyonlu-icecek-tutacagi-bardaklik-arac-aksesuari-p-877449303?boutiqueId=61&merchantId=346231,Mimtec,8.7,132.56,147,9.8,-10.4,TRY,"[""Son 10 Günün En Düşük Fiyatı"",""Kargo Bedava"",""Son 10 günün en düşük fiyatı""]",InStock,,,,,,4.04066985645933,418,185,0,,,,,,,0,,,,Tahmini Teslim:,,,{},0,,refreshed,"[""daily_top""]",true,2026-09-08T10:43:10.532Z,0,"[""search_result_dom"",""product_detail_jsonld"",""product_detail_dom""]","{""variant_id"":""observed"",""variant_label"":""unavailable"",""listing_id"":""observed"",""inventory_key"":""observed"",""stock_quantity"":""observed"",""stock_quantity_source"":""observed"",""stock_quantity_kind"":""observed"",""stock_observed_at"":""observed"",""max_sale_limit"":""observed"",""seller_count"":""observed"",""seller_count_observed"":""observed"",""seller_count_kind"":""observed"",""sellers"":""observed"",""variants"":""observed"",""favorite_count"":""observed"",""inventory_decrease"":""unavailable"",""sales_estimate_daily"":""unavailable"",""sales_estimate_weekly"":""unavailable"",""sales_estimate_monthly"":""unavailable"",""sales_estimate_status"":""unavailable"",""sales_estimate_hours"":""unavailable"",""sales_estimate_source"":""unavailable"",""title"":""observed"",""brand"":""observed"",""seller_name"":""observed"",""seller_score"":""observed"",""price"":""observed"",""original_price"":""observed"",""campaigns"":""observed"",""stock_status"":""observed"",""stock_signal"":""unavailable"",""rating"":""observed"",""rating_count"":""observed"",""review_count"":""observed"",""question_count"":""unavailable"",""delivery_summary"":""observed"",""shipping_cost"":""unavailable"",""properties"":""observed""}",true,
1576054528,,864f930b4d49e302fbda3e98f8c4238c,1128519919:673550:1576054528:864f930b4d49e302fbda3e98f8c4238c,9031,merchantListing.winnerVariant.quantity,reported,2026-09-08T10:43:19.104Z,10,2,2,reported_total,"[{""merchant_id"":""673550"",""name"":""Bundeba"",""score"":9.4,""price"":348.9,""variant_id"":""1576054528"",""listing_id"":""864f930b4d49e302fbda3e98f8c4238c"",""stock_quantity"":9031},{""merchant_id"":""1219010"",""name"":""ADA Star Shopping"",""score"":9.2,""price"":999,""variant_id"":""1576054528"",""listing_id"":""c324c3cd7f7fd793a06619a448ac2ad5"",""stock_quantity"":5}]","[{""variant_id"":""1576054528"",""label"":null,""in_stock"":true,""stock_quantity"":9031,""selected"":true}]",12138,11,10.95,,,estimated,24.11,inventory_net_decrease,2026-09-08,2026-09-08T13:30:55+03:00,otomobil motosiklet,BEST_SELLER,arac-ici-aksesuar,araç içi aksesuar,169,5,189,189,,otomobil-motosiklet:arac-ici-aksesuar,169,-52,11.9,18.1,1128519919,673550,1128519919:673550,Bundeba Fiyonk Pembe Oto Boyun Yastığı 2x Adet Welsoft Peluş Ortopedik Araç Destek Boyun Yastığı Yastık,Bundeba,Koltuk Başlıkları,https://www.trendyol.com/bundeba/fiyonk-pembe-oto-boyun-yastigi-2x-adet-welsoft-pelus-ortopedik-arac-destek-boyun-yastigi-yastik-p-1128519919?boutiqueId=61&merchantId=673550,Bundeba,9.4,348.9,,,-12.6,TRY,"[""Kargo Bedava""]",InStock,,,,,,4.849056603773585,53,30,0,,,,,4999,TRY,0,1,1,3,Tahmini Teslim:,En Çok Ziyaret Edilen 1. Ürün,https://cdn.dsmcdn.com/ty1894/prod/QC_ENRICHMENT/20260614/10/bffb9ebc-4006-3128-8a72-ea75a2482853/1_org_zoom.jpg,"{""Menşei"":""TR""}",20,5,refreshed,"[""daily_top""]",true,2026-09-08T10:43:19.105Z,0,"[""search_result_dom"",""product_detail_jsonld"",""product_detail_dom""]","{""variant_id"":""observed"",""variant_label"":""unavailable"",""listing_id"":""observed"",""inventory_key"":""observed"",""stock_quantity"":""observed"",""stock_quantity_source"":""observed"",""stock_quantity_kind"":""observed"",""stock_observed_at"":""observed"",""max_sale_limit"":""observed"",""seller_count"":""observed"",""seller_count_observed"":""observed"",""seller_count_kind"":""observed"",""sellers"":""observed"",""variants"":""observed"",""favorite_count"":""observed"",""inventory_decrease"":""unavailable"",""sales_estimate_daily"":""unavailable"",""sales_estimate_weekly"":""unavailable"",""sales_estimate_monthly"":""unavailable"",""sales_estimate_status"":""unavailable"",""sales_estimate_hours"":""unavailable"",""sales_estimate_source"":""unavailable"",""title"":""observed"",""brand"":""observed"",""seller_name"":""observed"",""seller_score"":""observed"",""price"":""observed"",""original_price"":""unavailable"",""campaigns"":""observed"",""stock_status"":""observed"",""stock_signal"":""unavailable"",""rating"":""observed"",""rating_count"":""observed"",""review_count"":""observed"",""question_count"":""unavailable"",""delivery_summary"":""observed"",""shipping_cost"":""observed"",""properties"":""observed""}",true,
531584813,,f29a6d9776f32ae4b3de403f49b1bfea,333502813:404545:531584813:f29a6d9776f32ae4b3de403f49b1bfea,19657,merchantListing.winnerVariant.quantity,reported,2026-09-08T10:43:19.231Z,10,1,1,reported_total,"[{""merchant_id"":""404545"",""name"":""Pratik Center BYENS"",""score"":9.1,""price"":175.31,""variant_id"":""531584813"",""listing_id"":""f29a6d9776f32ae4b3de403f49b1bfea"",""stock_quantity"":19657}]","[{""variant_id"":""531584813"",""label"":null,""in_stock"":true,""stock_quantity"":19657,""selected"":true}]",8614,29,28.87,,,estimated,24.11,inventory_net_decrease,2026-09-08,2026-09-08T13:30:55+03:00,otomobil motosiklet,BEST_SELLER,arac-ici-aksesuar,araç içi aksesuar,170,5,190,190,,otomobil-motosiklet:arac-ici-aksesuar,170,-45,20.5,13.2,333502813,404545,333502813:404545,BYENS Oto Güneşlik Perde Araba Yan Cam Perdesi Önleyici Araç Içi Güneşliği Için Güneş Sinekliği,BYENS,Oto Güneşlik Perde,https://www.trendyol.com/byens/oto-guneslik-perde-araba-yan-cam-perdesi-onleyici-arac-ici-gunesligi-icin-gunes-sinekligi-p-333502813?boutiqueId=61&merchantId=404545,Pratik Center BYENS,9.1,175.31,181.97,3.7,-3.7,TRY,"[""Son 10 Günün En Düşük Fiyatı"",""Kargo Bedava"",""Trendyol Plus'a Özel""]",InStock,,,,,,4.310185185185185,216,126,0,,,,,4999,TRY,0,1,1,3,Tahmini Teslim:,,https://cdn.dsmcdn.com/ty1355/product/media/images/prod/QC/20240609/18/5d932a66-e13a-3288-ad6f-5f9c8e54c750/1_org_zoom.jpg,"{""Araç Markası"":""Renault""}",20,5,refreshed,"[""daily_top""]",true,2026-09-08T10:43:19.231Z,0,"[""search_result_dom"",""product_detail_jsonld"",""product_detail_dom""]","{""variant_id"":""observed"",""variant_label"":""unavailable"",""listing_id"":""observed"",""inventory_key"":""observed"",""stock_quantity"":""observed"",""stock_quantity_source"":""observed"",""stock_quantity_kind"":""observed"",""stock_observed_at"":""observed"",""max_sale_limit"":""observed"",""seller_count"":""observed"",""seller_count_observed"":""observed"",""seller_count_kind"":""observed"",""sellers"":""observed"",""variants"":""observed"",""favorite_count"":""observed"",""inventory_decrease"":""unavailable"",""sales_estimate_daily"":""unavailable"",""sales_estimate_weekly"":""unavailable"",""sales_estimate_monthly"":""unavailable"",""sales_estimate_status"":""unavailable"",""sales_estimate_hours"":""unavailable"",""sales_estimate_source"":""unavailable"",""title"":""observed"",""brand"":""observed"",""seller_name"":""observed"",""seller_score"":""observed"",""price"":""observed"",""original_price"":""observed"",""campaigns"":""observed"",""stock_status"":""observed"",""stock_signal"":""unavailable"",""rating"":""observed"",""rating_count"":""observed"",""review_count"":""observed"",""question_count"":""unavailable"",""delivery_summary"":""observed"",""shipping_cost"":""observed"",""properties"":""observed""}",true,
1545182680,,a9597aec1509889352ca52e8c3bf4858,1111300195:211918:1545182680:a9597aec1509889352ca52e8c3bf4858,9982,merchantListing.winnerVariant.quantity,reported,2026-09-08T10:43:19.449Z,10,1,1,reported_total,"[{""merchant_id"":""211918"",""name"":""İŞCAN MOTOR"",""score"":9.3,""price"":149,""variant_id"":""1545182680"",""listing_id"":""a9597aec1509889352ca52e8c3bf4858"",""stock_quantity"":9982}]","[{""variant_id"":""1545182680"",""label"":null,""in_stock"":true,""stock_quantity"":9982,""selected"":true}]",5631,16,15.93,,,estimated,24.1,inventory_net_decrease,2026-09-08,2026-09-08T13:30:55+03:00,otomobil motosiklet,BEST_SELLER,arac-ici-aksesuar,araç içi aksesuar,171,5,191,191,8,otomobil-motosiklet:arac-ici-aksesuar,171,-43,13.1,16.9,1111300195,211918,1111300195:211918,İŞCAN MOTOR Motosiklet Deposu İçin Gold Renk Kelime-i Tevhid Sticker Etiket 30cm,İŞCAN MOTOR,Tankpad & Sticker,https://www.trendyol.com/iscan-motor/motosiklet-deposu-icin-gold-renk-kelime-i-tevhid-sticker-etiket-30cm-p-1111300195?boutiqueId=61&merchantId=211918,İŞCAN MOTOR,9.3,149,,,0,TRY,"[""Kargo Bedava""]",InStock,,,,,,4.060975609756097,82,43,0,,,,,4999,TRY,0,2,1,6,Tahmini Teslim:,En Çok Satan 8. Ürün,https://cdn.dsmcdn.com/ty1831/prod/QC_PREP/20260227/17/bab26b36-1ee6-37d1-b52a-840a9680b85f/1_org_zoom.jpg,"{""Menşei"":""TR""}",20,5,refreshed,"[""daily_top""]",true,2026-09-08T10:43:19.450Z,0,"[""search_result_dom"",""product_detail_jsonld"",""product_detail_dom""]","{""variant_id"":""observed"",""variant_label"":""unavailable"",""listing_id"":""observed"",""inventory_key"":""observed"",""stock_quantity"":""observed"",""stock_quantity_source"":""observed"",""stock_quantity_kind"":""observed"",""stock_observed_at"":""observed"",""max_sale_limit"":""observed"",""seller_count"":""observed"",""seller_count_observed"":""observed"",""seller_count_kind"":""observed"",""sellers"":""observed"",""variants"":""observed"",""favorite_count"":""observed"",""inventory_decrease"":""unavailable"",""sales_estimate_daily"":""unavailable"",""sales_estimate_weekly"":""unavailable"",""sales_estimate_monthly"":""unavailable"",""sales_estimate_status"":""unavailable"",""sales_estimate_hours"":""unavailable"",""sales_estimate_source"":""unavailable"",""title"":""observed"",""brand"":""observed"",""seller_name"":""observed"",""seller_score"":""observed"",""price"":""observed"",""original_price"":""unavailable"",""campaigns"":""observed"",""stock_status"":""observed"",""stock_signal"":""unavailable"",""rating"":""observed"",""rating_count"":""observed"",""review_count"":""observed"",""question_count"":""unavailable"",""delivery_summary"":""observed"",""shipping_cost"":""observed"",""properties"":""observed""}",true,
1576545996,,79c9b430e7c28a115107ea6ddbdc98d9,1128864832:673550:1576545996:79c9b430e7c28a115107ea6ddbdc98d9,9300,merchantListing.winnerVariant.quantity,reported,2026-09-08T10:43:28.441Z,10,1,1,reported_total,"[{""merchant_id"":""673550"",""name"":""Bundeba"",""score"":9.4,""price"":289,""variant_id"":""1576545996"",""listing_id"":""79c9b430e7c28a115107ea6ddbdc98d9"",""stock_quantity"":9300}]","[{""variant_id"":""1576545996"",""label"":null,""in_stock"":true,""stock_quantity"":9300,""selected"":true}]",19498,7,6.98,,,estimated,24.08,inventory_net_decrease,2026-09-08,2026-09-08T13:30:55+03:00,otomobil motosiklet,BEST_SELLER,arac-ici-aksesuar,araç içi aksesuar,172,5,192,192,,otomobil-motosiklet:arac-ici-aksesuar,172,10,12.6,17.4,1128864832,673550,1128864832:673550,Bundeba 2 Adet Peluş Pembe Emniyet Kemeri Kılıfı - Emniyet Kemeri Aksesuarı - Kemer Pedi Araba Aksesuarı,Bundeba,Emniyet Kemeri & Aksesuarı,https://www.trendyol.com/bundeba/2-adet-pelus-pembe-emniyet-kemeri-kilifi-emniyet-kemeri-aksesuari-kemer-pedi-araba-aksesuari-p-1128864832?boutiqueId=61&merchantId=673550,Bundeba,9.4,289,,,0,TRY,"[""Kargo Bedava""]",InStock,,,,,,4.471264367816092,87,37,0,,,,,4999,TRY,0,1,1,3,Tahmini Teslim:,En Çok Ziyaret Edilen 3. Ürün,https://cdn.dsmcdn.com/ty1767/prod/QC_ENRICHMENT/20251007/18/088714a5-d8f9-3f55-ad8d-662c17bece4c/1_org_zoom.jpg,"{""Garanti Süresi"":""2 Yıl"",""Diğer Özellikler"":""peluş yıkanabilirç"",""Menşei"":""TR"",""Tamir Edilebilirlik"":""Tamir Edilebilir, Satıcı ile İletişime Geçiniz."",""Özellik"":""Standart""}",20,5,refreshed,"[""daily_top"",""hot_change""]",true,2026-09-08T10:43:28.442Z,0,"[""search_result_dom"",""product_detail_jsonld"",""product_detail_dom""]","{""variant_id"":""observed"",""variant_label"":""unavailable"",""listing_id"":""observed"",""inventory_key"":""observed"",""stock_quantity"":""observed"",""stock_quantity_source"":""observed"",""stock_quantity_kind"":""observed"",""stock_observed_at"":""observed"",""max_sale_limit"":""observed"",""seller_count"":""observed"",""seller_count_observed"":""observed"",""seller_count_kind"":""observed"",""sellers"":""observed"",""variants"":""observed"",""favorite_count"":""observed"",""inventory_decrease"":""unavailable"",""sales_estimate_daily"":""unavailable"",""sales_estimate_weekly"":""unavailable"",""sales_estimate_monthly"":""unavailable"",""sales_estimate_status"":""unavailable"",""sales_estimate_hours"":""unavailable"",""sales_estimate_source"":""unavailable"",""title"":""observed"",""brand"":""observed"",""seller_name"":""observed"",""seller_score"":""observed"",""price"":""observed"",""original_price"":""unavailable"",""campaigns"":""observed"",""stock_status"":""observed"",""stock_signal"":""unavailable"",""rating"":""observed"",""rating_count"":""observed"",""review_count"":""observed"",""question_count"":""unavailable"",""delivery_summary"":""observed"",""shipping_cost"":""observed"",""properties"":""observed""}",true,
1532057020,,bc0e51a39bb6b5412fa5d34d4cf1240b,1103610300:709079:1532057020:bc0e51a39bb6b5412fa5d34d4cf1240b,279,merchantListing.winnerVariant.quantity,reported,2026-09-08T10:43:28.324Z,10,1,1,reported_total,"[{""merchant_id"":""709079"",""name"":""HYPERSOFT"",""score"":8.6,""price"":129.9,""variant_id"":""1532057020"",""listing_id"":""bc0e51a39bb6b5412fa5d34d4cf1240b"",""stock_quantity"":279}]","[{""variant_id"":""1532057020"",""label"":null,""in_stock"":true,""stock_quantity"":279,""selected"":true}]",6504,,,,,observation_gap,,inventory_net_decrease,2026-09-08,2026-09-08T13:30:55+03:00,otomobil motosiklet,BEST_SELLER,arac-ici-aksesuar,araç içi aksesuar,173,5,193,193,,otomobil-motosiklet:arac-ici-aksesuar,173,48,10,20,1103610300,709079,1103610300:709079,HYPERSOFT Tüm Telefonlarla Uyumlu Yapışkanlı Kaymaz Silikon Vantuz Telefon Tutucu,HYPERSOFT,,https://www.trendyol.com/hypersoft/tum-telefonlarla-uyumlu-yapiskanli-kaymaz-silikon-vantuz-telefon-tutucu-p-1103610300?boutiqueId=61&merchantId=709079,HYPERSOFT,8.6,129.9,,,0,TRY,"[""Kargo Bedava"",""Trendyol Plus'a Özel""]",InStock,,,,,,3.9607843137254903,51,17,0,,,,,,,0,,,,Tahmini Teslim:,,,{},0,,refreshed,"[""daily_top"",""hot_change""]",true,2026-09-08T10:43:28.326Z,0,"[""search_result_dom"",""product_detail_jsonld"",""product_detail_dom""]","{""variant_id"":""observed"",""variant_label"":""unavailable"",""listing_id"":""observed"",""inventory_key"":""observed"",""stock_quantity"":""observed"",""stock_quantity_source"":""observed"",""stock_quantity_kind"":""observed"",""stock_observed_at"":""observed"",""max_sale_limit"":""observed"",""seller_count"":""observed"",""seller_count_observed"":""observed"",""seller_count_kind"":""observed"",""sellers"":""observed"",""variants"":""observed"",""favorite_count"":""observed"",""inventory_decrease"":""unavailable"",""sales_estimate_daily"":""unavailable"",""sales_estimate_weekly"":""unavailable"",""sales_estimate_monthly"":""unavailable"",""sales_estimate_status"":""unavailable"",""sales_estimate_hours"":""unavailable"",""sales_estimate_source"":""unavailable"",""title"":""observed"",""brand"":""observed"",""seller_name"":""observed"",""seller_score"":""observed"",""price"":""observed"",""original_price"":""unavailable"",""campaigns"":""observed"",""stock_status"":""observed"",""stock_signal"":""unavailable"",""rating"":""observed"",""rating_count"":""observed"",""review_count"":""observed"",""question_count"":""unavailable"",""delivery_summary"":""observed"",""shipping_cost"":""unavailable"",""properties"":""observed""}",true,
1098026426,,5410a11986756b8eef90591298b5e8c4,821395811:691915:1098026426:5410a11986756b8eef90591298b5e8c4,640,merchantListing.winnerVariant.quantity,reported,2026-09-08T10:43:28.470Z,100,1,1,reported_total,"[{""merchant_id"":""691915"",""name"":""ToyFest"",""score"":9.4,""price"":199,""variant_id"":""1098026426"",""listing_id"":""5410a11986756b8eef90591298b5e8c4"",""stock_quantity"":640}]","[{""variant_id"":""1098026426"",""label"":null,""in_stock"":true,""stock_quantity"":640,""selected"":true}]",4885,17,16.94,,,estimated,24.09,inventory_net_decrease,2026-09-08,2026-09-08T13:30:55+03:00,otomobil motosiklet,BEST_SELLER,arac-ici-aksesuar,araç içi aksesuar,174,5,194,194,,otomobil-motosiklet:arac-ici-aksesuar,174,-2,36.1,15,821395811,691915,821395811:691915,TOYFEST 2 Adet - Otomobil Bardak Tutucu - Araba Küllük & Bardaklık Tutacağı,TOYFEST,Oto Bardaklık,https://www.trendyol.com/toyfest/2-adet-otomobil-bardak-tutucu-araba-kulluk-bardaklik-tutacagi-p-821395811?boutiqueId=61&merchantId=691915,ToyFest,9.4,199,252.22,21.1,-33.8,TRY,"[""Son 10 Günün En Düşük Fiyatı"",""Süper Fırsat Ürünü"",""Kargo Bedava"",""Son 10 günün en düşük fiyatı""]",InStock,,,,,,4.1420118343195265,169,73,0,,,,,4999,TRY,0,,1,3,Tahmini Teslim:,,https://cdn.dsmcdn.com/ty1901/prod/QC_ENRICHMENT/20260701/16/b2841321-a32e-302b-8d88-2b280a7966cc/1_org_zoom.jpg,"{""Menşei"":""CN"",""Özellik"":""Diğer""}",20,5,refreshed,"[""daily_top"",""hot_change""]",true,2026-09-08T10:43:28.471Z,0,"[""search_result_dom"",""product_detail_jsonld"",""product_detail_dom""]","{""variant_id"":""observed"",""variant_label"":""unavailable"",""listing_id"":""observed"",""inventory_key"":""observed"",""stock_quantity"":""observed"",""stock_quantity_source"":""observed"",""stock_quantity_kind"":""observed"",""stock_observed_at"":""observed"",""max_sale_limit"":""observed"",""seller_count"":""observed"",""seller_count_observed"":""observed"",""seller_count_kind"":""observed"",""sellers"":""observed"",""variants"":""observed"",""favorite_count"":""observed"",""inventory_decrease"":""unavailable"",""sales_estimate_daily"":""unavailable"",""sales_estimate_weekly"":""unavailable"",""sales_estimate_monthly"":""unavailable"",""sales_estimate_status"":""unavailable"",""sales_estimate_hours"":""unavailable"",""sales_estimate_source"":""unavailable"",""title"":""observed"",""brand"":""observed"",""seller_name"":""observed"",""seller_score"":""observed"",""price"":""observed"",""original_price"":""observed"",""campaigns"":""observed"",""stock_status"":""observed"",""stock_signal"":""unavailable"",""rating"":""observed"",""rating_count"":""observed"",""review_count"":""observed"",""question_count"":""unavailable"",""delivery_summary"":""observed"",""shipping_cost"":""observed"",""properties"":""observed""}",true,
981656172,,7249e077e273975ef616dba5426f2014,745767464:822244:981656172:7249e077e273975ef616dba5426f2014,129,merchantListing.winnerVariant.quantity,reported,2026-09-08T10:43:40.195Z,15,1,1,reported_total,"[{""merchant_id"":""822244"",""name"":""CarSense"",""score"":9,""price"":254.9,""variant_id"":""981656172"",""listing_id"":""7249e077e273975ef616dba5426f2014"",""stock_quantity"":129}]","[{""variant_id"":""981656172"",""label"":null,""in_stock"":true,""stock_quantity"":129,""selected"":true}]",9693,,,,,unchanged_stock,24.11,inventory_net_decrease,2026-09-08,2026-09-08T13:30:55+03:00,otomobil motosiklet,BEST_SELLER,arac-ici-aksesuar,araç içi aksesuar,175,5,195,195,,otomobil-motosiklet:arac-ici-aksesuar,175,-36,19.6,10.4,745767464,822244,745767464:822244,CarSense Detay Temizleyici Araç Içi Temizleyici 500 ml Detay Fırçası Hediyeli,CarSense,Oto Bakım Seti,https://www.trendyol.com/carsense/detay-temizleyici-arac-ici-temizleyici-500-ml-detay-fircasi-hediyeli-p-745767464?boutiqueId=61&merchantId=822244,CarSense,9,254.9,,,0,TRY,"[""Kargo Bedava""]",InStock,,,,,,4.231617647058823,544,282,-1,,,,,4999,TRY,0,1,1,3,Tahmini Teslim:,,https://cdn.dsmcdn.com/ty1441/product/media/images/prod/QC/20240726/10/b400a432-0d16-3293-88e1-025bb6efdec3/1_org_zoom.jpg,{},20,5,refreshed,"[""daily_top""]",true,2026-09-08T10:43:40.197Z,0,"[""search_result_dom"",""product_detail_jsonld"",""product_detail_dom""]","{""variant_id"":""observed"",""variant_label"":""unavailable"",""listing_id"":""observed"",""inventory_key"":""observed"",""stock_quantity"":""observed"",""stock_quantity_source"":""observed"",""stock_quantity_kind"":""observed"",""stock_observed_at"":""observed"",""max_sale_limit"":""observed"",""seller_count"":""observed"",""seller_count_observed"":""observed"",""seller_count_kind"":""observed"",""sellers"":""observed"",""variants"":""observed"",""favorite_count"":""observed"",""inventory_decrease"":""unavailable"",""sales_estimate_daily"":""unavailable"",""sales_estimate_weekly"":""unavailable"",""sales_estimate_monthly"":""unavailable"",""sales_estimate_status"":""unavailable"",""sales_estimate_hours"":""unavailable"",""sales_estimate_source"":""unavailable"",""title"":""observed"",""brand"":""observed"",""seller_name"":""observed"",""seller_score"":""observed"",""price"":""observed"",""original_price"":""unavailable"",""campaigns"":""observed"",""stock_status"":""observed"",""stock_signal"":""unavailable"",""rating"":""observed"",""rating_count"":""observed"",""review_count"":""observed"",""question_count"":""unavailable"",""delivery_summary"":""observed"",""shipping_cost"":""observed"",""properties"":""observed""}",true,
343520664,,ec6ee9208eb062fafb712b0c19bcf8d6,211419060:185368:343520664:ec6ee9208eb062fafb712b0c19bcf8d6,802,merchantListing.winnerVariant.quantity,reported,2026-09-08T10:43:40.216Z,20,1,1,reported_total,"[{""merchant_id"":""185368"",""name"":""MeyZone"",""score"":9.5,""price"":149.9,""variant_id"":""343520664"",""listing_id"":""ec6ee9208eb062fafb712b0c19bcf8d6"",""stock_quantity"":802}]","[{""variant_id"":""343520664"",""label"":null,""in_stock"":true,""stock_quantity"":802,""selected"":true}]",11881,11,10.95,,,estimated,24.11,inventory_net_decrease,2026-09-08,2026-09-08T13:30:55+03:00,otomobil motosiklet,BEST_SELLER,arac-ici-aksesuar,araç içi aksesuar,176,5,196,196,,otomobil-motosiklet:arac-ici-aksesuar,176,-44,20.1,9.9,211419060,185368,211419060:185368,MeyZone Araç Içi Fileli Pratik Göz Telefon Için Yapışkanlı Fileli Telefon Tutucu Ceplik,MeyZone,Torpido Aksesuar,https://www.trendyol.com/meyzone/arac-ici-fileli-pratik-goz-telefon-icin-yapiskanli-fileli-telefon-tutucu-ceplik-p-211419060?boutiqueId=61&merchantId=185368,MeyZone,9.5,149.9,,,0,TRY,"[""Sepette %1 İndirim"",""Kargo Bedava""]",InStock,,,,,,3.3546875,640,322,-1,,,,,4999,TRY,0,,1,3,Tahmini Teslim:,,https://cdn.dsmcdn.com/ty278/product/media/images/20211223/3/15340774/343520664/1/1_org_zoom.jpg,"{""Menşei"":""CN"",""Bakım Talimatları (Genel)"":""Ürünün kullanım ömrünü korumak için ürüne özel bakım talimatlarını takip ediniz.""}",20,5,refreshed,"[""daily_top""]",true,2026-09-08T10:43:40.217Z,0,"[""search_result_dom"",""product_detail_jsonld"",""product_detail_dom""]","{""variant_id"":""observed"",""variant_label"":""unavailable"",""listing_id"":""observed"",""inventory_key"":""observed"",""stock_quantity"":""observed"",""stock_quantity_source"":""observed"",""stock_quantity_kind"":""observed"",""stock_observed_at"":""observed"",""max_sale_limit"":""observed"",""seller_count"":""observed"",""seller_count_observed"":""observed"",""seller_count_kind"":""observed"",""sellers"":""observed"",""variants"":""observed"",""favorite_count"":""observed"",""inventory_decrease"":""unavailable"",""sales_estimate_daily"":""unavailable"",""sales_estimate_weekly"":""unavailable"",""sales_estimate_monthly"":""unavailable"",""sales_estimate_status"":""unavailable"",""sales_estimate_hours"":""unavailable"",""sales_estimate_source"":""unavailable"",""title"":""observed"",""brand"":""observed"",""seller_name"":""observed"",""seller_score"":""observed"",""price"":""observed"",""original_price"":""unavailable"",""campaigns"":""observed"",""stock_status"":""observed"",""stock_signal"":""unavailable"",""rating"":""observed"",""rating_count"":""observed"",""review_count"":""observed"",""question_count"":""unavailable"",""delivery_summary"":""observed"",""shipping_cost"":""observed"",""properties"":""observed""}",true,
1230629539,,836f2f71edd878eec127de9bd5a542ea,887089901:1072798:1230629539:836f2f71edd878eec127de9bd5a542ea,1429,merchantListing.winnerVariant.quantity,reported,2026-09-08T10:43:40.329Z,10,1,1,reported_total,"[{""merchant_id"":""1072798"",""name"":""ZİRİTİCARET"",""score"":9.1,""price"":349.99,""variant_id"":""1230629539"",""listing_id"":""836f2f71edd878eec127de9bd5a542ea"",""stock_quantity"":1429}]","[{""variant_id"":""1230629539"",""label"":null,""in_stock"":true,""stock_quantity"":1429,""selected"":true}]",21695,,,,,unchanged_stock,24.11,inventory_net_decrease,2026-09-08,2026-09-08T13:30:55+03:00,otomobil motosiklet,BEST_SELLER,arac-ici-aksesuar,araç içi aksesuar,177,5,197,197,,otomobil-motosiklet:arac-ici-aksesuar,177,-39,17.9,12.1,887089901,1072798,887089901:1072798,batcell Araç içi Vizör Araba Güneşlik Oto Güneşlik Güneş Işığı Önleyici Koruma,batcell,Oto Güneşlik Perde,https://www.trendyol.com/batcell/arac-ici-vizor-araba-guneslik-oto-guneslik-gunes-isigi-onleyici-koruma-p-887089901?boutiqueId=61&merchantId=1072798,ZİRİTİCARET,9.1,349.99,,,0,TRY,"[""Kargo Bedava""]",InStock,,,,,,3.5512048192771086,332,170,0,,,,,4999,TRY,0,,1,3,Tahmini Teslim:,En Çok Favorilenen 7. Ürün,https://cdn.dsmcdn.com/ty1617/prod/QC/20241225/15/32609a20-cc5c-3e17-b3bc-f0335987b1a6/1_org_zoom.jpg,"{""Araç Markası"":""Fiat""}",20,5,refreshed,"[""daily_top""]",true,2026-09-08T10:43:40.330Z,0,"[""search_result_dom"",""product_detail_jsonld"",""product_detail_dom""]","{""variant_id"":""observed"",""variant_label"":""unavailable"",""listing_id"":""observed"",""inventory_key"":""observed"",""stock_quantity"":""observed"",""stock_quantity_source"":""observed"",""stock_quantity_kind"":""observed"",""stock_observed_at"":""observed"",""max_sale_limit"":""observed"",""seller_count"":""observed"",""seller_count_observed"":""observed"",""seller_count_kind"":""observed"",""sellers"":""observed"",""variants"":""observed"",""favorite_count"":""observed"",""inventory_decrease"":""unavailable"",""sales_estimate_daily"":""unavailable"",""sales_estimate_weekly"":""unavailable"",""sales_estimate_monthly"":""unavailable"",""sales_estimate_status"":""unavailable"",""sales_estimate_hours"":""unavailable"",""sales_estimate_source"":""unavailable"",""title"":""observed"",""brand"":""observed"",""seller_name"":""observed"",""seller_score"":""observed"",""price"":""observed"",""original_price"":""unavailable"",""campaigns"":""observed"",""stock_status"":""observed"",""stock_signal"":""unavailable"",""rating"":""observed"",""rating_count"":""observed"",""review_count"":""observed"",""question_count"":""unavailable"",""delivery_summary"":""observed"",""shipping_cost"":""observed"",""properties"":""observed""}",true,
1644992581,,28e3aeb70af6729b90c98a099ca6da2c,1174075305:760933:1644992581:28e3aeb70af6729b90c98a099ca6da2c,461,merchantListing.winnerVariant.quantity,reported,2026-09-08T10:43:51.070Z,10,1,1,reported_total,"[{""merchant_id"":""760933"",""name"":""PH PRENDİ HOME"",""score"":9.1,""price"":499.9,""variant_id"":""1644992581"",""listing_id"":""28e3aeb70af6729b90c98a099ca6da2c"",""stock_quantity"":461}]","[{""variant_id"":""1644992581"",""label"":null,""in_stock"":true,""stock_quantity"":461,""selected"":true}]",4005,17,16.93,,,estimated,24.09,inventory_net_decrease,2026-09-08,2026-09-08T13:30:55+03:00,otomobil motosiklet,BEST_SELLER,arac-ici-aksesuar,araç içi aksesuar,178,5,198,198,,otomobil-motosiklet:arac-ici-aksesuar,178,-4,10.4,19.6,1174075305,760933,1174075305:760933,PH Prendi Home 2'li Siyah Araba Bagaj Çantası – Oto Bagaj Organizer Kapaklı Cırtlı Düzenleyici 50x25x15,PH Prendi Home,Bagaj Düzenleyici,https://www.trendyol.com/ph-prendi-home/2-li-siyah-araba-bagaj-cantasi-oto-bagaj-organizer-kapakli-cirtli-duzenleyici-50x25x15-p-1174075305?boutiqueId=61&merchantId=760933,PH PRENDİ HOME,9.1,499.9,,,0,TRY,"[""Kargo Bedava""]",InStock,,,,,,3.375,40,19,0,,,,,4999,TRY,0,,1,3,Tahmini Teslim:,En Çok Ziyaret Edilen 5. Ürün,https://cdn.dsmcdn.com/ty1893/prod/QC_PREP/20260721/14/743068f0-34fd-3d52-82d0-34b42a6eedad/1_org_zoom.jpg,"{""Araç Marka ve Model"":""Universal"",""Menşei"":""TR""}",19,2.63,refreshed,"[""daily_top"",""hot_change""]",true,2026-09-08T10:43:51.071Z,0,"[""search_result_dom"",""product_detail_jsonld"",""product_detail_dom""]","{""variant_id"":""observed"",""variant_label"":""unavailable"",""listing_id"":""observed"",""inventory_key"":""observed"",""stock_quantity"":""observed"",""stock_quantity_source"":""observed"",""stock_quantity_kind"":""observed"",""stock_observed_at"":""observed"",""max_sale_limit"":""observed"",""seller_count"":""observed"",""seller_count_observed"":""observed"",""seller_count_kind"":""observed"",""sellers"":""observed"",""variants"":""observed"",""favorite_count"":""observed"",""inventory_decrease"":""unavailable"",""sales_estimate_daily"":""unavailable"",""sales_estimate_weekly"":""unavailable"",""sales_estimate_monthly"":""unavailable"",""sales_estimate_status"":""unavailable"",""sales_estimate_hours"":""unavailable"",""sales_estimate_source"":""unavailable"",""title"":""observed"",""brand"":""observed"",""seller_name"":""observed"",""seller_score"":""observed"",""price"":""observed"",""original_price"":""unavailable"",""campaigns"":""observed"",""stock_status"":""observed"",""stock_signal"":""unavailable"",""rating"":""observed"",""rating_count"":""observed"",""review_count"":""observed"",""question_count"":""unavailable"",""delivery_summary"":""observed"",""shipping_cost"":""observed"",""properties"":""observed""}",true,
1596095234,,55adb990a7d3f63f3b24d0efc0cb1b6f,1142142547:688974:1596095234:55adb990a7d3f63f3b24d0efc0cb1b6f,109,merchantListing.winnerVariant.quantity,reported,2026-09-08T10:43:51.420Z,10,1,1,reported_total,"[{""merchant_id"":""688974"",""name"":""İK Kuzey"",""score"":9.4,""price"":49.9,""variant_id"":""1596095234"",""listing_id"":""55adb990a7d3f63f3b24d0efc0cb1b6f"",""stock_quantity"":109}]","[{""variant_id"":""1596095234"",""label"":null,""in_stock"":true,""stock_quantity"":109,""selected"":true}]",120,,,,,unchanged_stock,24.1,inventory_net_decrease,2026-09-08,2026-09-08T13:30:55+03:00,otomobil motosiklet,BEST_SELLER,arac-ici-aksesuar,araç içi aksesuar,179,5,199,199,6,otomobil-motosiklet:arac-ici-aksesuar,179,-10,0,30,1142142547,688974,1142142547:688974,LELVANİ Araç İçi Çöp Torbası 1 Rulo 15 Adet | Oto Çöp Kutusu Uyumlu Dayanıklı Sızdırmaz Mini Poşet,LELVANİ,Oto Çöp Kovası,https://www.trendyol.com/lelvani/arac-ici-cop-torbasi-1-rulo-15-adet-oto-cop-kutusu-uyumlu-dayanikli-sizdirmaz-mini-poset-p-1142142547?boutiqueId=61&merchantId=688974,İK Kuzey,9.4,49.9,,,0,TRY,"[""Kargo Bedava""]",InStock,,,,,,0,0,0,0,,,,,4999,TRY,0,1,1,3,Tahmini Teslim:,En Çok Satan 6. Ürün,https://cdn.dsmcdn.com/ty1935/prod/QC_PREP/20260504/23/c4d7820c-bb37-3fd6-b1cb-14a09b0453e2/1_org_zoom.jpg,"{""Diğer Özellikler"":""Araç İçi Çöp Torbası 1 Rulo 15 Adet | Oto Çöp Kutusu Uyumlu Dayanıklı Sızdırmaz Mini Poşet"",""Menşei"":""TR""}",0,,refreshed,"[""daily_top""]",true,2026-09-08T10:43:51.421Z,0,"[""search_result_dom"",""product_detail_jsonld"",""product_detail_dom""]","{""variant_id"":""observed"",""variant_label"":""unavailable"",""listing_id"":""observed"",""inventory_key"":""observed"",""stock_quantity"":""observed"",""stock_quantity_source"":""observed"",""stock_quantity_kind"":""observed"",""stock_observed_at"":""observed"",""max_sale_limit"":""observed"",""seller_count"":""observed"",""seller_count_observed"":""observed"",""seller_count_kind"":""observed"",""sellers"":""observed"",""variants"":""observed"",""favorite_count"":""observed"",""inventory_decrease"":""unavailable"",""sales_estimate_daily"":""unavailable"",""sales_estimate_weekly"":""unavailable"",""sales_estimate_monthly"":""unavailable"",""sales_estimate_status"":""unavailable"",""sales_estimate_hours"":""unavailable"",""sales_estimate_source"":""unavailable"",""title"":""observed"",""brand"":""observed"",""seller_name"":""observed"",""seller_score"":""observed"",""price"":""observed"",""original_price"":""unavailable"",""campaigns"":""observed"",""stock_status"":""observed"",""stock_signal"":""unavailable"",""rating"":""observed"",""rating_count"":""observed"",""review_count"":""observed"",""question_count"":""unavailable"",""delivery_summary"":""observed"",""shipping_cost"":""observed"",""properties"":""observed""}",true,
978978489,,0849c34c1549d815fc4bc5508ffc17b0,743959329:445138:978978489:0849c34c1549d815fc4bc5508ffc17b0,2926,merchantListing.winnerVariant.quantity,reported,2026-09-08T10:43:51.179Z,10,1,1,reported_total,"[{""merchant_id"":""445138"",""name"":""CKV_CENTER"",""score"":8.9,""price"":149.9,""variant_id"":""978978489"",""listing_id"":""0849c34c1549d815fc4bc5508ffc17b0"",""stock_quantity"":2926}]","[{""variant_id"":""978978489"",""label"":null,""in_stock"":true,""stock_quantity"":2926,""selected"":true}]",58332,,,,,unchanged_stock,24.11,inventory_net_decrease,2026-09-08,2026-09-08T13:30:55+03:00,otomobil motosiklet,BEST_SELLER,arac-ici-aksesuar,araç içi aksesuar,180,5,200,200,,otomobil-motosiklet:arac-ici-aksesuar,180,-50,25.9,4.1,743959329,445138,743959329:445138,CKV CENTER Araç Bagaj Düzenleyici Çanta Organizer Araba Çantası Oto Içi Eşya Aksesuarları Düzenleme,CKV CENTER,Bagaj Düzenleyici,https://www.trendyol.com/ckv-center/arac-bagaj-duzenleyici-canta-organizer-araba-cantasi-oto-ici-esya-aksesuarlari-duzenleme-p-743959329?boutiqueId=61&merchantId=445138,CKV_CENTER,8.9,149.9,,,0,TRY,"[""Kargo Bedava""]",InStock,,,,,,3.9233828207847297,3772,1721,0,,,,,4999,TRY,0,1,1,3,Tahmini Teslim:,En Çok Favorilenen 2. Ürün,https://cdn.dsmcdn.com/ty1852/prod/QC_ENRICHMENT/20260408/17/32ca51f8-9626-3d50-b0e4-a1f25c364a31/1_org_zoom.jpg,"{""Araç Marka ve Model"":""Universal"",""Menşei"":""TR""}",20,5,refreshed,"[""daily_top""]",true,2026-09-08T10:43:51.180Z,0,"[""search_result_dom"",""product_detail_jsonld"",""product_detail_dom""]","{""variant_id"":""observed"",""variant_label"":""unavailable"",""listing_id"":""observed"",""inventory_key"":""observed"",""stock_quantity"":""observed"",""stock_quantity_source"":""observed"",""stock_quantity_kind"":""observed"",""stock_observed_at"":""observed"",""max_sale_limit"":""observed"",""seller_count"":""observed"",""seller_count_observed"":""observed"",""seller_count_kind"":""observed"",""sellers"":""observed"",""variants"":""observed"",""favorite_count"":""observed"",""inventory_decrease"":""unavailable"",""sales_estimate_daily"":""unavailable"",""sales_estimate_weekly"":""unavailable"",""sales_estimate_monthly"":""unavailable"",""sales_estimate_status"":""unavailable"",""sales_estimate_hours"":""unavailable"",""sales_estimate_source"":""unavailable"",""title"":""observed"",""brand"":""observed"",""seller_name"":""observed"",""seller_score"":""observed"",""price"":""observed"",""original_price"":""unavailable"",""campaigns"":""observed"",""stock_status"":""observed"",""stock_signal"":""unavailable"",""rating"":""observed"",""rating_count"":""observed"",""review_count"":""observed"",""question_count"":""unavailable"",""delivery_summary"":""observed"",""shipping_cost"":""observed"",""properties"":""observed""}",true,
1354749947,,85c16e791d0059343e0e14ecf9287772,957386751:754471:1354749947:85c16e791d0059343e0e14ecf9287772,885,merchantListing.winnerVariant.quantity,reported,2026-09-08T10:44:00.515Z,10,1,1,reported_total,"[{""merchant_id"":""754471"",""name"":""WOMİDİ TÜRKİYE"",""score"":9.2,""price"":1702.08,""variant_id"":""1354749947"",""listing_id"":""85c16e791d0059343e0e14ecf9287772"",""stock_quantity"":885}]","[{""variant_id"":""1354749947"",""label"":null,""in_stock"":true,""stock_quantity"":885,""selected"":true}]",23590,22,21.92,,,estimated,24.09,inventory_net_decrease,2026-09-08,2026-09-08T13:30:55+03:00,otomobil motosiklet,BEST_SELLER,arac-ici-aksesuar,araç içi aksesuar,181,5,201,201,,otomobil-motosiklet:arac-ici-aksesuar,181,4,19.5,10.5,957386751,754471,957386751:754471,"womidi Güçlü Emiş Kablosuz Üflemeli 18.000Pa Süpürge, Taşınabilir Fonksiyonel Mini Portatif Ev Araç İçi",womidi,Araç İçi Süpürge,https://www.trendyol.com/womidi/guclu-emis-kablosuz-uflemeli-18-000pa-supurge-tasinabilir-fonksiyonel-mini-portatif-ev-arac-ici-p-957386751?boutiqueId=61&merchantId=754471,WOMİDİ TÜRKİYE,9.2,1702.08,,,0,TRY,"[""Kargo Bedava""]",InStock,,,,,,4.658653846153847,416,270,0,,,,,4999,TRY,0,1,1,3,Tahmini Teslim:,,https://cdn.dsmcdn.com/ty1931/prod/QC_ENRICHMENT/20260624/11/c33be359-1bbe-336c-a4dd-9635abf71f3a/1_org_zoom.jpg,"{""Garanti Süresi"":""2 Yıl"",""Garanti Tipi"":""Resmi Distribütör Garantili"",""Diğer Özellikler"":""Üfleme Özelliği"",""Menşei"":""CN"",""Tamir Edilebilirlik"":""Tamir Edilebilir, Satıcı ile İletişime Geçiniz."",""Özellik"":""Şarjlı"",""Renk"":""Beyaz"",""Vakum Emiş Gücü"":""18000 PA"",""Güç (Watt)"":""0 - 250 Watt"",""Ses Seviyesi"":""41 Dba - 50 Dba"",""Şarj Süresi"":""4 - 5 Saat""}",20,5,refreshed,"[""daily_top"",""hot_change""]",true,2026-09-08T10:44:00.517Z,0,"[""search_result_dom"",""product_detail_jsonld"",""product_detail_dom""]","{""variant_id"":""observed"",""variant_label"":""unavailable"",""listing_id"":""observed"",""inventory_key"":""observed"",""stock_quantity"":""observed"",""stock_quantity_source"":""observed"",""stock_quantity_kind"":""observed"",""stock_observed_at"":""observed"",""max_sale_limit"":""observed"",""seller_count"":""observed"",""seller_count_observed"":""observed"",""seller_count_kind"":""observed"",""sellers"":""observed"",""variants"":""observed"",""favorite_count"":""observed"",""inventory_decrease"":""unavailable"",""sales_estimate_daily"":""unavailable"",""sales_estimate_weekly"":""unavailable"",""sales_estimate_monthly"":""unavailable"",""sales_estimate_status"":""unavailable"",""sales_estimate_hours"":""unavailable"",""sales_estimate_source"":""unavailable"",""title"":""observed"",""brand"":""observed"",""seller_name"":""observed"",""seller_score"":""observed"",""price"":""observed"",""original_price"":""unavailable"",""campaigns"":""observed"",""stock_status"":""observed"",""stock_signal"":""unavailable"",""rating"":""observed"",""rating_count"":""observed"",""review_count"":""observed"",""question_count"":""unavailable"",""delivery_summary"":""observed"",""shipping_cost"":""observed"",""properties"":""observed""}",true,
286647828,,9e61ffc5b9a65617ca10cc3182febbd3,175881576:1066897:286647828:9e61ffc5b9a65617ca10cc3182febbd3,103,merchantListing.winnerVariant.quantity,reported,2026-09-08T10:44:00.960Z,10,1,1,reported_total,"[{""merchant_id"":""1066897"",""name"":""Norviva"",""score"":9.1,""price"":199,""variant_id"":""286647828"",""listing_id"":""9e61ffc5b9a65617ca10cc3182febbd3"",""stock_quantity"":103}]","[{""variant_id"":""286647828"",""label"":null,""in_stock"":true,""stock_quantity"":103,""selected"":true}]",19024,,,,,observation_gap,,inventory_net_decrease,2026-09-08,2026-09-08T13:30:55+03:00,otomobil motosiklet,BEST_SELLER,arac-ici-aksesuar,araç içi aksesuar,182,5,202,202,,otomobil-motosiklet:arac-ici-aksesuar,182,20,25,5,175881576,1066897,175881576:1066897,Norviva Siyah Akrobat Telefon Tutucu Oynar Başlıklı Klipsli Araç Içi Masa Kenarı Telefon Tutacağı,Norviva,Araç İçi Telefon Tutucular,https://www.trendyol.com/norviva/siyah-akrobat-telefon-tutucu-oynar-baslikli-klipsli-arac-ici-masa-kenari-telefon-tutacagi-p-175881576?boutiqueId=61&merchantId=1066897,Norviva,9.1,199,,,11.5,TRY,"[""Kargo Bedava""]",InStock,,,,,,3.372073222647935,2349,1333,-12,,,,,4999,TRY,0,1,1,3,Tahmini Teslim:,,https://cdn.dsmcdn.com/ty1547/product/media/images/ty1546/prod/QC/20240916/03/f5122d3d-2bf0-340c-b58e-aa9142603449/1_org_zoom.jpg,"{""Telefon Tutucu Özellikleri"":""Akrobat"",""Renk"":""Siyah"",""Garanti Süresi"":""Belirtilmemiş"",""Materyal"":""Poliüretan"",""Menşei"":""CN"",""Bakım Talimatları (Genel)"":""Ürünün kullanım ömrünü korumak için ürüne özel bakım talimatlarını takip ediniz.""}",20,5,refreshed,"[""daily_top""]",true,2026-09-08T10:44:00.961Z,0,"[""search_result_dom"",""product_detail_jsonld"",""product_detail_dom""]","{""variant_id"":""observed"",""variant_label"":""unavailable"",""listing_id"":""observed"",""inventory_key"":""observed"",""stock_quantity"":""observed"",""stock_quantity_source"":""observed"",""stock_quantity_kind"":""observed"",""stock_observed_at"":""observed"",""max_sale_limit"":""observed"",""seller_count"":""observed"",""seller_count_observed"":""observed"",""seller_count_kind"":""observed"",""sellers"":""observed"",""variants"":""observed"",""favorite_count"":""observed"",""inventory_decrease"":""unavailable"",""sales_estimate_daily"":""unavailable"",""sales_estimate_weekly"":""unavailable"",""sales_estimate_monthly"":""unavailable"",""sales_estimate_status"":""unavailable"",""sales_estimate_hours"":""unavailable"",""sales_estimate_source"":""unavailable"",""title"":""observed"",""brand"":""observed"",""seller_name"":""observed"",""seller_score"":""observed"",""price"":""observed"",""original_price"":""unavailable"",""campaigns"":""observed"",""stock_status"":""observed"",""stock_signal"":""unavailable"",""rating"":""observed"",""rating_count"":""observed"",""review_count"":""observed"",""question_count"":""unavailable"",""delivery_summary"":""observed"",""shipping_cost"":""observed"",""properties"":""observed""}",true,
1343049611,,b3a5f7d80c014f701ecdb2f02144169e,948587927:792678:1343049611:b3a5f7d80c014f701ecdb2f02144169e,71,merchantListing.winnerVariant.quantity,reported,2026-09-08T10:44:01.057Z,20,5,5,reported_total,"[{""merchant_id"":""792678"",""name"":""PureGlow"",""score"":8,""price"":16.98,""variant_id"":""1343049611"",""listing_id"":""b3a5f7d80c014f701ecdb2f02144169e"",""stock_quantity"":71},{""merchant_id"":""1109799"",""name"":""BiKutu3D"",""score"":8.5,""price"":19.99,""variant_id"":""1343049611"",""listing_id"":""955959b5a6389d5356bfeb5bd047f777"",""stock_quantity"":39},{""merchant_id"":""1112880"",""name"":""GreenRoad3D"",""score"":9,""price"":20,""variant_id"":""1343049611"",""listing_id"":""2f4553214c9c8c3e1be6041ef20c4b93"",""stock_quantity"":11},{""merchant_id"":""983080"",""name"":""HOUSETREND"",""score"":9.3,""price"":22,""variant_id"":""1343049611"",""listing_id"":""ab5daffd8b66bfa22926f16945da22e8"",""stock_quantity"":928},{""merchant_id"":""1173915"",""name"":""OXEROM"",""score"":8.3,""price"":21.37,""variant_id"":""1343049611"",""listing_id"":""0f42fa608c306ec1300c733561cda9e4"",""stock_quantity"":379}]","[{""variant_id"":""1343049611"",""label"":null,""in_stock"":true,""stock_quantity"":71,""selected"":true}]",22663,14,13.94,,,estimated,24.1,inventory_net_decrease,2026-09-08,2026-09-08T13:30:55+03:00,otomobil motosiklet,BEST_SELLER,arac-ici-aksesuar,araç içi aksesuar,183,5,203,203,,otomobil-motosiklet:arac-ici-aksesuar,183,-13,16.2,13.8,948587927,792678,948587927:792678,Genel Markalar Kırmızı Fiyonk Torpido Süsü Araba Süsü - Araç İçi Aksesuar Dekoratif Fiyonk - Oto Aksesuarı,Genel Markalar,Torpido Aksesuar,https://www.trendyol.com/genel-markalar/kirmizi-fiyonk-torpido-susu-araba-susu-arac-ici-aksesuar-dekoratif-fiyonk-oto-aksesuari-p-948587927?boutiqueId=61&merchantId=792678,PureGlow,8,16.98,,,0,TRY,"[""Sepette %5 İndirim"",""Kargo Bedava""]",InStock,,,,,,4.128834355828221,163,104,0,,,,,4999,TRY,0,1,1,3,Tahmini Teslim:,,https://cdn.dsmcdn.com/ty1706/prod/QC_ENRICHMENT/20250705/19/e025dcf0-e000-3464-bb09-5696fd000a75/1_org_zoom.jpg,"{""Menşei"":""TR"",""Bakım Talimatları (Genel)"":""Nemli bir bezle silin.""}",20,5,refreshed,"[""daily_top""]",true,2026-09-08T10:44:01.058Z,0,"[""search_result_dom"",""product_detail_jsonld"",""product_detail_dom""]","{""variant_id"":""observed"",""variant_label"":""unavailable"",""listing_id"":""observed"",""inventory_key"":""observed"",""stock_quantity"":""observed"",""stock_quantity_source"":""observed"",""stock_quantity_kind"":""observed"",""stock_observed_at"":""observed"",""max_sale_limit"":""observed"",""seller_count"":""observed"",""seller_count_observed"":""observed"",""seller_count_kind"":""observed"",""sellers"":""observed"",""variants"":""observed"",""favorite_count"":""observed"",""inventory_decrease"":""unavailable"",""sales_estimate_daily"":""unavailable"",""sales_estimate_weekly"":""unavailable"",""sales_estimate_monthly"":""unavailable"",""sales_estimate_status"":""unavailable"",""sales_estimate_hours"":""unavailable"",""sales_estimate_source"":""unavailable"",""title"":""observed"",""brand"":""observed"",""seller_name"":""observed"",""seller_score"":""observed"",""price"":""observed"",""original_price"":""unavailable"",""campaigns"":""observed"",""stock_status"":""observed"",""stock_signal"":""unavailable"",""rating"":""observed"",""rating_count"":""observed"",""review_count"":""observed"",""question_count"":""unavailable"",""delivery_summary"":""observed"",""shipping_cost"":""observed"",""properties"":""observed""}",true,
1339067929,,67cc9d79e1698d09e3ea42fc4613fe0e,945814630:1117907:1339067929:67cc9d79e1698d09e3ea42fc4613fe0e,498,merchantListing.winnerVariant.quantity,reported,2026-09-08T10:44:09.203Z,20,1,1,reported_total,"[{""merchant_id"":""1117907"",""name"":""TEMUNGUR"",""score"":9.4,""price"":399,""variant_id"":""1339067929"",""listing_id"":""67cc9d79e1698d09e3ea42fc4613fe0e"",""stock_quantity"":498}]","[{""variant_id"":""1339067929"",""label"":null,""in_stock"":true,""stock_quantity"":498,""selected"":true}]",12266,10,9.96,,,estimated,24.1,inventory_net_decrease,2026-09-08,2026-09-08T13:30:55+03:00,otomobil motosiklet,BEST_SELLER,arac-ici-aksesuar,araç içi aksesuar,184,5,204,204,,otomobil-motosiklet:arac-ici-aksesuar,184,-5,12.6,17.4,945814630,1117907,945814630:1117907,ÇiçekAntalya Mini Kedi Takımı - 4’lü Araç İçi Torpido Dekor Seti Aksesuar Çift Taraflı Bantlı,ÇiçekAntalya,Torpido Aksesuar,https://www.trendyol.com/cicekantalya/mini-kedi-takimi-4-lu-arac-ici-torpido-dekor-seti-aksesuar-cift-tarafli-bantli-p-945814630?boutiqueId=61&merchantId=1117907,TEMUNGUR,9.4,399,,,0,TRY,"[""Kargo Bedava""]",InStock,,,,,,4.809523809523809,84,37,0,,,,,4999,TRY,0,1,1,3,Tahmini Teslim:,,https://cdn.dsmcdn.com/ty1695/prod/QC_PREP/20250618/06/684e74fd-a986-3bac-853f-193cde67f6f0/1_org_zoom.jpg,"{""Menşei"":""TR"",""Bakım Talimatları (Genel)"":""Nemli bir bezle silin.""}",20,5,refreshed,"[""daily_top""]",true,2026-09-08T10:44:09.204Z,0,"[""search_result_dom"",""product_detail_jsonld"",""product_detail_dom""]","{""variant_id"":""observed"",""variant_label"":""unavailable"",""listing_id"":""observed"",""inventory_key"":""observed"",""stock_quantity"":""observed"",""stock_quantity_source"":""observed"",""stock_quantity_kind"":""observed"",""stock_observed_at"":""observed"",""max_sale_limit"":""observed"",""seller_count"":""observed"",""seller_count_observed"":""observed"",""seller_count_kind"":""observed"",""sellers"":""observed"",""variants"":""observed"",""favorite_count"":""observed"",""inventory_decrease"":""unavailable"",""sales_estimate_daily"":""unavailable"",""sales_estimate_weekly"":""unavailable"",""sales_estimate_monthly"":""unavailable"",""sales_estimate_status"":""unavailable"",""sales_estimate_hours"":""unavailable"",""sales_estimate_source"":""unavailable"",""title"":""observed"",""brand"":""observed"",""seller_name"":""observed"",""seller_score"":""observed"",""price"":""observed"",""original_price"":""unavailable"",""campaigns"":""observed"",""stock_status"":""observed"",""stock_signal"":""unavailable"",""rating"":""observed"",""rating_count"":""observed"",""review_count"":""observed"",""question_count"":""unavailable"",""delivery_summary"":""observed"",""shipping_cost"":""observed"",""properties"":""observed""}",true,
1642949323,,2f7fdc2fd226ae5597430dbea7517b01,1172860153:919254:1642949323:2f7fdc2fd226ae5597430dbea7517b01,9606,merchantListing.winnerVariant.quantity,reported,2026-09-08T10:44:09.429Z,20,1,1,reported_total,"[{""merchant_id"":""919254"",""name"":""SHHOBİ LAB"",""score"":9.2,""price"":289.99,""variant_id"":""1642949323"",""listing_id"":""2f7fdc2fd226ae5597430dbea7517b01"",""stock_quantity"":9606}]","[{""variant_id"":""1642949323"",""label"":null,""in_stock"":true,""stock_quantity"":9606,""selected"":true}]",1882,8,7.96,,,estimated,24.12,inventory_net_decrease,2026-09-08,2026-09-08T13:30:55+03:00,otomobil motosiklet,BEST_SELLER,arac-ici-aksesuar,araç içi aksesuar,185,5,205,205,,otomobil-motosiklet:arac-ici-aksesuar,185,-54,5.6,24.4,1172860153,919254,1172860153:919254,SHHOBİ 3'lü Araba Süs Seti: 6'lı Papatya Klima Süsü + 1 Adet Yastıkta Uyuyan Kedi (pembe) + 1 Adet Tatlı Tavşan Çift Torpido Süsü,SHHOBİ,Torpido Aksesuar,https://www.trendyol.com/shhobi/3-lu-araba-sus-seti-6-li-papatya-klima-susu-1-adet-yastikta-uyuyan-kedi-pembe-1-adet-tatli-tavsan-cift-torpido-susu-p-1172860153?boutiqueId=61&merchantId=919254,SHHOBİ LAB,9.2,289.99,,,19.5,TRY,"[""Sepette %1 İndirim"",""40 TL Kupon"",""Kargo Bedava"",""Trendyol Plus'a Özel""]",InStock,,,,,,4.333333333333333,9,4,0,,,,,4999,TRY,0,1,1,3,Tahmini Teslim:,,https://cdn.dsmcdn.com/ty1894/prod/QC_PREP/20260718/12/98885e66-a998-372a-b762-f39a51ee569a/1_org_zoom.jpg,"{""Menşei"":""TR"",""Bakım Talimatları (Genel)"":""Ürünün kullanım ömrünü korumak için ürüne özel bakım talimatlarını takip ediniz.""}",4,3.75,refreshed,"[""daily_top""]",true,2026-09-08T10:44:09.431Z,0,"[""search_result_dom"",""product_detail_jsonld"",""product_detail_dom""]","{""variant_id"":""observed"",""variant_label"":""unavailable"",""listing_id"":""observed"",""inventory_key"":""observed"",""stock_quantity"":""observed"",""stock_quantity_source"":""observed"",""stock_quantity_kind"":""observed"",""stock_observed_at"":""observed"",""max_sale_limit"":""observed"",""seller_count"":""observed"",""seller_count_observed"":""observed"",""seller_count_kind"":""observed"",""sellers"":""observed"",""variants"":""observed"",""favorite_count"":""observed"",""inventory_decrease"":""unavailable"",""sales_estimate_daily"":""unavailable"",""sales_estimate_weekly"":""unavailable"",""sales_estimate_monthly"":""unavailable"",""sales_estimate_status"":""unavailable"",""sales_estimate_hours"":""unavailable"",""sales_estimate_source"":""unavailable"",""title"":""observed"",""brand"":""observed"",""seller_name"":""observed"",""seller_score"":""observed"",""price"":""observed"",""original_price"":""unavailable"",""campaigns"":""observed"",""stock_status"":""observed"",""stock_signal"":""unavailable"",""rating"":""observed"",""rating_count"":""observed"",""review_count"":""observed"",""question_count"":""unavailable"",""delivery_summary"":""observed"",""shipping_cost"":""observed"",""properties"":""observed""}",true,
1428940516,,c31bec36935e13bdbc4570e5efcc68b5,1031614263:586685:1428940516:c31bec36935e13bdbc4570e5efcc68b5,16261,merchantListing.winnerVariant.quantity,reported,2026-09-08T10:44:09.728Z,10,1,1,reported_total,"[{""merchant_id"":""586685"",""name"":""KILIF HOUSE"",""score"":9.1,""price"":549.9,""variant_id"":""1428940516"",""listing_id"":""c31bec36935e13bdbc4570e5efcc68b5"",""stock_quantity"":16261}]","[{""variant_id"":""1428940516"",""label"":null,""in_stock"":true,""stock_quantity"":16261,""selected"":true}]",68974,14,13.93,,,estimated,24.12,inventory_net_decrease,2026-09-08,2026-09-08T13:30:55+03:00,otomobil motosiklet,BEST_SELLER,arac-ici-aksesuar,araç içi aksesuar,186,5,206,206,,otomobil-motosiklet:arac-ici-aksesuar,186,-68,16.5,13.5,1031614263,586685,1031614263:586685,KILIF HOUSE 360 Dönebilen Ayarlanabilir Vakumlu Araç İçi Telefon Tutucu Kullanılabilen Magsafe Telefon Tutucu,KILIF HOUSE,Araç İçi Telefon Tutucular,https://www.trendyol.com/kilif-house/360-donebilen-ayarlanabilir-vakumlu-arac-ici-telefon-tutucu-kullanilabilen-magsafe-telefon-tutucu-p-1031614263?boutiqueId=61&merchantId=586685,KILIF HOUSE,9.1,549.9,,,0,TRY,"[""Sepette %15 İndirim"",""Kargo Bedava""]",InStock,,,,,,3.841698841698842,259,116,0,,,,,4999,TRY,0,1,1,3,Tahmini Teslim:,En Çok Favorilenen 2. Ürün,https://cdn.dsmcdn.com/ty1776/prod/QC_PREP/20251020/18/010c5a9a-b015-3c0d-8419-2c8dc79dd4e8/1_org_zoom.jpg,"{""Telefon Tutucu Özellikleri"":""Mıknatıslı"",""Renk"":""Siyah"",""Garanti Süresi"":""Belirtilmemiş"",""Türü"":""Vantuzlu"",""Materyal"":""Silikon"",""Menşei"":""TR"",""Bakım Talimatları (Genel)"":""Nemli bir bezle silin.""}",20,5,refreshed,"[""daily_top""]",true,2026-09-08T10:44:09.729Z,0,"[""search_result_dom"",""product_detail_jsonld"",""product_detail_dom""]","{""variant_id"":""observed"",""variant_label"":""unavailable"",""listing_id"":""observed"",""inventory_key"":""observed"",""stock_quantity"":""observed"",""stock_quantity_source"":""observed"",""stock_quantity_kind"":""observed"",""stock_observed_at"":""observed"",""max_sale_limit"":""observed"",""seller_count"":""observed"",""seller_count_observed"":""observed"",""seller_count_kind"":""observed"",""sellers"":""observed"",""variants"":""observed"",""favorite_count"":""observed"",""inventory_decrease"":""unavailable"",""sales_estimate_daily"":""unavailable"",""sales_estimate_weekly"":""unavailable"",""sales_estimate_monthly"":""unavailable"",""sales_estimate_status"":""unavailable"",""sales_estimate_hours"":""unavailable"",""sales_estimate_source"":""unavailable"",""title"":""observed"",""brand"":""observed"",""seller_name"":""observed"",""seller_score"":""observed"",""price"":""observed"",""original_price"":""unavailable"",""campaigns"":""observed"",""stock_status"":""observed"",""stock_signal"":""unavailable"",""rating"":""observed"",""rating_count"":""observed"",""review_count"":""observed"",""question_count"":""unavailable"",""delivery_summary"":""observed"",""shipping_cost"":""observed"",""properties"":""observed""}",true,
194090278,,1bd0cb5fd15805029fd2c4a1d9ba5c92,120517996:185368:194090278:1bd0cb5fd15805029fd2c4a1d9ba5c92,10,merchantListing.winnerVariant.quantity,reported,2026-09-08T10:44:17.621Z,20,1,1,reported_total,"[{""merchant_id"":""185368"",""name"":""MeyZone"",""score"":9.5,""price"":99.9,""variant_id"":""194090278"",""listing_id"":""1bd0cb5fd15805029fd2c4a1d9ba5c92"",""stock_quantity"":10}]","[{""variant_id"":""194090278"",""label"":null,""in_stock"":true,""stock_quantity"":10,""selected"":true}]",8498,11,10.94,,,estimated,24.12,inventory_net_decrease,2026-09-08,2026-09-08T13:30:55+03:00,otomobil motosiklet,BEST_SELLER,arac-ici-aksesuar,araç içi aksesuar,187,5,207,207,,otomobil-motosiklet:arac-ici-aksesuar,187,-68,20.9,9.1,120517996,185368,120517996:185368,MeyZone Araç Içi Klima Izgara Hava Çıkış Dekoratif Şeritler Klima Şerit Krom Mavi,MeyZone,Torpido Aksesuar,https://www.trendyol.com/meyzone/arac-ici-klima-izgara-hava-cikis-dekoratif-seritler-klima-serit-krom-mavi-p-120517996?boutiqueId=61&merchantId=185368,MeyZone,9.5,99.9,,,0,TRY,"[""Sepette %1 İndirim"",""Kargo Bedava""]",InStock,Tükeniyor,,,,,4.344671201814059,882,409,0,,,,,4999,TRY,0,,1,3,Tahmini Teslim:,,https://cdn.dsmcdn.com/ty1399/product/media/images/prod/QC/20240704/16/23f34a04-0173-3456-baa7-38a2b862d5cc/1_org_zoom.jpg,"{""Bakım Talimatları (Genel)"":""Ürünün kullanım ömrünü korumak için ürüne özel bakım talimatlarını takip ediniz.""}",20,5,refreshed,"[""daily_top""]",true,2026-09-08T10:44:17.622Z,0,"[""search_result_dom"",""product_detail_jsonld"",""product_detail_dom""]","{""variant_id"":""observed"",""variant_label"":""unavailable"",""listing_id"":""observed"",""inventory_key"":""observed"",""stock_quantity"":""observed"",""stock_quantity_source"":""observed"",""stock_quantity_kind"":""observed"",""stock_observed_at"":""observed"",""max_sale_limit"":""observed"",""seller_count"":""observed"",""seller_count_observed"":""observed"",""seller_count_kind"":""observed"",""sellers"":""observed"",""variants"":""observed"",""favorite_count"":""observed"",""inventory_decrease"":""unavailable"",""sales_estimate_daily"":""unavailable"",""sales_estimate_weekly"":""unavailable"",""sales_estimate_monthly"":""unavailable"",""sales_estimate_status"":""unavailable"",""sales_estimate_hours"":""unavailable"",""sales_estimate_source"":""unavailable"",""title"":""observed"",""brand"":""observed"",""seller_name"":""observed"",""seller_score"":""observed"",""price"":""observed"",""original_price"":""unavailable"",""campaigns"":""observed"",""stock_status"":""observed"",""stock_signal"":""observed"",""rating"":""observed"",""rating_count"":""observed"",""review_count"":""observed"",""question_count"":""unavailable"",""delivery_summary"":""observed"",""shipping_cost"":""observed"",""properties"":""observed""}",true,
1385430482,,13d4e9878c7e57fb0b2f7e1c2ce1a655,980144711:841196:1385430482:13d4e9878c7e57fb0b2f7e1c2ce1a655,8710,merchantListing.winnerVariant.quantity,reported,2026-09-08T10:44:18.000Z,10,1,1,reported_total,"[{""merchant_id"":""841196"",""name"":""Q Aksesuar"",""score"":8.3,""price"":49.9,""variant_id"":""1385430482"",""listing_id"":""13d4e9878c7e57fb0b2f7e1c2ce1a655"",""stock_quantity"":8710}]","[{""variant_id"":""1385430482"",""label"":null,""in_stock"":true,""stock_quantity"":8710,""selected"":true}]",560,12,11.95,,,estimated,24.09,inventory_net_decrease,2026-09-08,2026-09-08T13:30:55+03:00,otomobil motosiklet,BEST_SELLER,arac-ici-aksesuar,araç içi aksesuar,188,5,208,208,13,otomobil-motosiklet:arac-ici-aksesuar,188,6,8.3,21.7,980144711,841196,980144711:841196,"Q Aksesuar Silikon Vakumlu Telefon Tutucu, Cep Telefonu için Silikon Yapışkanlı, Kaymaz Vantuz Telefon Tutucu",Q Aksesuar,,https://www.trendyol.com/q-aksesuar/silikon-vakumlu-telefon-tutucu-cep-telefonu-icin-silikon-yapiskanli-kaymaz-vantuz-telefon-tutucu-p-980144711?boutiqueId=61&merchantId=841196,Q Aksesuar,8.3,49.9,,,0,TRY,"[""Kargo Bedava""]",InStock,,,,,,3.9047619047619047,21,10,0,,,,,,,0,,,,Tahmini Teslim:,,,{},0,,refreshed,"[""daily_top"",""hot_change""]",true,2026-09-08T10:44:18.001Z,0,"[""search_result_dom"",""product_detail_jsonld"",""product_detail_dom""]","{""variant_id"":""observed"",""variant_label"":""unavailable"",""listing_id"":""observed"",""inventory_key"":""observed"",""stock_quantity"":""observed"",""stock_quantity_source"":""observed"",""stock_quantity_kind"":""observed"",""stock_observed_at"":""observed"",""max_sale_limit"":""observed"",""seller_count"":""observed"",""seller_count_observed"":""observed"",""seller_count_kind"":""observed"",""sellers"":""observed"",""variants"":""observed"",""favorite_count"":""observed"",""inventory_decrease"":""unavailable"",""sales_estimate_daily"":""unavailable"",""sales_estimate_weekly"":""unavailable"",""sales_estimate_monthly"":""unavailable"",""sales_estimate_status"":""unavailable"",""sales_estimate_hours"":""unavailable"",""sales_estimate_source"":""unavailable"",""title"":""observed"",""brand"":""observed"",""seller_name"":""observed"",""seller_score"":""observed"",""price"":""observed"",""original_price"":""unavailable"",""campaigns"":""observed"",""stock_status"":""observed"",""stock_signal"":""unavailable"",""rating"":""observed"",""rating_count"":""observed"",""review_count"":""observed"",""question_count"":""unavailable"",""delivery_summary"":""observed"",""shipping_cost"":""unavailable"",""properties"":""observed""}",true,
224700410,,8f6f29bdf61e560d133b2258a8f00b81,130880403:185368:224700410:8f6f29bdf61e560d133b2258a8f00b81,682,merchantListing.winnerVariant.quantity,reported,2026-09-08T10:44:18.085Z,20,1,1,reported_total,"[{""merchant_id"":""185368"",""name"":""MeyZone"",""score"":9.5,""price"":119.9,""variant_id"":""224700410"",""listing_id"":""8f6f29bdf61e560d133b2258a8f00b81"",""stock_quantity"":682}]","[{""variant_id"":""224700410"",""label"":null,""in_stock"":true,""stock_quantity"":682,""selected"":true}]",16028,7,6.96,,,estimated,24.12,inventory_net_decrease,2026-09-08,2026-09-08T13:30:55+03:00,otomobil motosiklet,BEST_SELLER,arac-ici-aksesuar,araç içi aksesuar,189,5,209,209,,otomobil-motosiklet:arac-ici-aksesuar,189,-68,22,8,130880403,185368,130880403:185368,MeyZone Trim Fitilli Yeni Araç Içi Ip Şerit Balık Sırtı Nikelajlı 5 Metre Krom Kırmızı,MeyZone,Torpido Aksesuar,https://www.trendyol.com/meyzone/trim-fitilli-yeni-arac-ici-ip-serit-balik-sirti-nikelajli-5-metre-krom-kirmizi-p-130880403?boutiqueId=61&merchantId=185368,MeyZone,9.5,119.9,,,0,TRY,"[""Sepette %1 İndirim"",""Kargo Bedava""]",InStock,,,,,,4.0592718035563085,1181,562,0,,,,,4999,TRY,0,,1,3,Tahmini Teslim:,,https://cdn.dsmcdn.com/ty450/product/media/images/20220609/17/123451145/224700410/1/1_org_zoom.jpg,"{""Bakım Talimatları (Genel)"":""Ürünün kullanım ömrünü korumak için ürüne özel bakım talimatlarını takip ediniz.""}",20,5,refreshed,"[""daily_top""]",true,2026-09-08T10:44:18.085Z,0,"[""search_result_dom"",""product_detail_jsonld"",""product_detail_dom""]","{""variant_id"":""observed"",""variant_label"":""unavailable"",""listing_id"":""observed"",""inventory_key"":""observed"",""stock_quantity"":""observed"",""stock_quantity_source"":""observed"",""stock_quantity_kind"":""observed"",""stock_observed_at"":""observed"",""max_sale_limit"":""observed"",""seller_count"":""observed"",""seller_count_observed"":""observed"",""seller_count_kind"":""observed"",""sellers"":""observed"",""variants"":""observed"",""favorite_count"":""observed"",""inventory_decrease"":""unavailable"",""sales_estimate_daily"":""unavailable"",""sales_estimate_weekly"":""unavailable"",""sales_estimate_monthly"":""unavailable"",""sales_estimate_status"":""unavailable"",""sales_estimate_hours"":""unavailable"",""sales_estimate_source"":""unavailable"",""title"":""observed"",""brand"":""observed"",""seller_name"":""observed"",""seller_score"":""observed"",""price"":""observed"",""original_price"":""unavailable"",""campaigns"":""observed"",""stock_status"":""observed"",""stock_signal"":""unavailable"",""rating"":""observed"",""rating_count"":""observed"",""review_count"":""observed"",""question_count"":""unavailable"",""delivery_summary"":""observed"",""shipping_cost"":""observed"",""properties"":""observed""}",true,
1597247292,,3fd9643f3ff5fdfdc7ebcbeae444858c,1142859522:879182:1597247292:3fd9643f3ff5fdfdc7ebcbeae444858c,4852,merchantListing.winnerVariant.quantity,reported,2026-09-08T10:44:26.441Z,10,5,5,reported_total,"[{""merchant_id"":""879182"",""name"":""EnshallShop"",""score"":9.3,""price"":1799,""variant_id"":""1597247292"",""listing_id"":""3fd9643f3ff5fdfdc7ebcbeae444858c"",""stock_quantity"":4852},{""merchant_id"":""1249799"",""name"":""HİBOTEKNO"",""score"":8.8,""price"":1799,""variant_id"":""1597247292"",""listing_id"":""1ad6e89907ce9c4c7154ed3f2cb64b15"",""stock_quantity"":20},{""merchant_id"":""1257995"",""name"":""Seyoni"",""score"":9.2,""price"":2200,""variant_id"":""1597247292"",""listing_id"":""f7dc37c5e4b5018632fc015e4f46d7f7"",""stock_quantity"":20},{""merchant_id"":""1161595"",""name"":""LORA TEKNOLOJİ AKSESUAR"",""score"":8.3,""price"":2400,""variant_id"":""1597247292"",""listing_id"":""074d8509dbd041d28b1e1cb83ce7f600"",""stock_quantity"":2},{""merchant_id"":""1187588"",""name"":""Şehirli Teknoloji Dünyası"",""score"":8.8,""price"":2450,""variant_id"":""1597247292"",""listing_id"":""31fd0d5b3b0aa300b412fbaac2ad6428"",""stock_quantity"":4}]","[{""variant_id"":""1597247292"",""label"":null,""in_stock"":true,""stock_quantity"":4852,""selected"":true}]",2512,10,9.95,,,estimated,24.12,inventory_net_decrease,2026-09-08,2026-09-08T13:30:55+03:00,otomobil motosiklet,BEST_SELLER,arac-ici-aksesuar,araç içi aksesuar,190,5,210,210,,otomobil-motosiklet:arac-ici-aksesuar,190,-50,14.3,15.7,1142859522,879182,1142859522:879182,Matt Authentic Craftsman MATT MCV22 Şarjlı Araç Süpürgesi Sarı 22.000Pa Güçlü Vakumlu Mini El Süpürgesi Type-C Şarjlı 220ML,Matt Authentic Craftsman,Araç İçi Süpürge,https://www.trendyol.com/matt-authentic-craftsman/matt-mcv22-sarjli-arac-supurgesi-sari-22-000pa-guclu-vakumlu-mini-el-supurgesi-type-c-sarjli-220ml-p-1142859522?boutiqueId=61&merchantId=879182,EnshallShop,9.3,1799,,,22.4,TRY,"[""Kargo Bedava"",""Trendyol Plus'a Özel""]",InStock,,,,,,4.571428571428571,98,60,0,,,,,4999,TRY,0,1,1,3,Tahmini Teslim:,,https://cdn.dsmcdn.com/ty1952/prod/QC_ENRICHMENT/20260903/12/2a2f8b9c-dfcb-3163-96b0-03610e15d7b5/1_org_zoom.jpg,"{""Garanti Süresi"":""2 Yıl"",""Menşei"":""CN"",""Renk"":""Siyah"",""Vakum Emiş Gücü"":""22000 PA"",""Güç (Watt)"":""0 - 250 Watt"",""Ses Seviyesi"":""21 Dba - 30 Dba"",""Şarj Süresi"":""0 - 1 Saat""}",20,5,refreshed,"[""daily_top""]",true,2026-09-08T10:44:26.443Z,0,"[""search_result_dom"",""product_detail_jsonld"",""product_detail_dom""]","{""variant_id"":""observed"",""variant_label"":""unavailable"",""listing_id"":""observed"",""inventory_key"":""observed"",""stock_quantity"":""observed"",""stock_quantity_source"":""observed"",""stock_quantity_kind"":""observed"",""stock_observed_at"":""observed"",""max_sale_limit"":""observed"",""seller_count"":""observed"",""seller_count_observed"":""observed"",""seller_count_kind"":""observed"",""sellers"":""observed"",""variants"":""observed"",""favorite_count"":""observed"",""inventory_decrease"":""unavailable"",""sales_estimate_daily"":""unavailable"",""sales_estimate_weekly"":""unavailable"",""sales_estimate_monthly"":""unavailable"",""sales_estimate_status"":""unavailable"",""sales_estimate_hours"":""unavailable"",""sales_estimate_source"":""unavailable"",""title"":""observed"",""brand"":""observed"",""seller_name"":""observed"",""seller_score"":""observed"",""price"":""observed"",""original_price"":""unavailable"",""campaigns"":""observed"",""stock_status"":""observed"",""stock_signal"":""unavailable"",""rating"":""observed"",""rating_count"":""observed"",""review_count"":""observed"",""question_count"":""unavailable"",""delivery_summary"":""observed"",""shipping_cost"":""observed"",""properties"":""observed""}",true,
1260048611,,a64d661a4c3c73fcd5e9b8b9db2abe7e,904694095:185368:1260048611:a64d661a4c3c73fcd5e9b8b9db2abe7e,259,merchantListing.winnerVariant.quantity,reported,2026-09-08T10:44:26.904Z,20,1,1,reported_total,"[{""merchant_id"":""185368"",""name"":""MeyZone"",""score"":9.5,""price"":119.9,""variant_id"":""1260048611"",""listing_id"":""a64d661a4c3c73fcd5e9b8b9db2abe7e"",""stock_quantity"":259}]","[{""variant_id"":""1260048611"",""label"":null,""in_stock"":true,""stock_quantity"":259,""selected"":true}]",7810,2,1.99,,,estimated,24.11,inventory_net_decrease,2026-09-08,2026-09-08T13:30:55+03:00,otomobil motosiklet,BEST_SELLER,arac-ici-aksesuar,araç içi aksesuar,191,5,211,211,,otomobil-motosiklet:arac-ici-aksesuar,191,-42,20.8,9.2,904694095,185368,904694095:185368,MeyZone Araç İçi Telefon Tutuculu Numaratör Park Numarası Parkmatik Araba Numaratör Telefon Tutacağı 360°,MeyZone,Torpido Telefon Sabitleyici,https://www.trendyol.com/meyzone/arac-ici-telefon-tutuculu-numarator-park-numarasi-parkmatik-araba-numarator-telefon-tutacagi-360-p-904694095?boutiqueId=61&merchantId=185368,MeyZone,9.5,119.9,,,0,TRY,"[""Sepette %1 İndirim"",""Kargo Bedava""]",InStock,,,,,,3.791530944625407,921,401,1,,,,,4999,TRY,0,,1,3,Tahmini Teslim:,,https://cdn.dsmcdn.com/ty1646/prod/QC/20250306/15/ca995e3d-4f0f-3d01-beec-c72d50965fdc/1_org_zoom.jpg,{},20,5,refreshed,"[""daily_top""]",true,2026-09-08T10:44:26.906Z,0,"[""search_result_dom"",""product_detail_jsonld"",""product_detail_dom""]","{""variant_id"":""observed"",""variant_label"":""unavailable"",""listing_id"":""observed"",""inventory_key"":""observed"",""stock_quantity"":""observed"",""stock_quantity_source"":""observed"",""stock_quantity_kind"":""observed"",""stock_observed_at"":""observed"",""max_sale_limit"":""observed"",""seller_count"":""observed"",""seller_count_observed"":""observed"",""seller_count_kind"":""observed"",""sellers"":""observed"",""variants"":""observed"",""favorite_count"":""observed"",""inventory_decrease"":""unavailable"",""sales_estimate_daily"":""unavailable"",""sales_estimate_weekly"":""unavailable"",""sales_estimate_monthly"":""unavailable"",""sales_estimate_status"":""unavailable"",""sales_estimate_hours"":""unavailable"",""sales_estimate_source"":""unavailable"",""title"":""observed"",""brand"":""observed"",""seller_name"":""observed"",""seller_score"":""observed"",""price"":""observed"",""original_price"":""unavailable"",""campaigns"":""observed"",""stock_status"":""observed"",""stock_signal"":""unavailable"",""rating"":""observed"",""rating_count"":""observed"",""review_count"":""observed"",""question_count"":""unavailable"",""delivery_summary"":""observed"",""shipping_cost"":""observed"",""properties"":""observed""}",true,
1445943726,,d1463cef885ba3da357fabe5fdb80d3d,1045045873:1189122:1445943726:d1463cef885ba3da357fabe5fdb80d3d,99,merchantListing.winnerVariant.quantity,reported,2026-09-08T10:44:27.173Z,10,1,1,reported_total,"[{""merchant_id"":""1189122"",""name"":""Flecks"",""score"":9.2,""price"":529,""variant_id"":""1445943726"",""listing_id"":""d1463cef885ba3da357fabe5fdb80d3d"",""stock_quantity"":99}]","[{""variant_id"":""1445943726"",""label"":null,""in_stock"":true,""stock_quantity"":99,""selected"":true}]",1698,13,12.93,,,estimated,24.13,inventory_net_decrease,2026-09-08,2026-09-08T13:30:55+03:00,otomobil motosiklet,BEST_SELLER,arac-ici-aksesuar,araç içi aksesuar,192,5,212,212,,otomobil-motosiklet:arac-ici-aksesuar,192,-79,13.1,16.9,1045045873,1189122,1045045873:1189122,Flecks Kireç ve Su Lekesi Temizleyici - Parlak Yüzey ve Camlar İçin Güçlü Formül 500 ml,Flecks,Oto Cam Temizleyici,https://www.trendyol.com/flecks/kirec-ve-su-lekesi-temizleyici-parlak-yuzey-ve-camlar-icin-guclu-formul-500-ml-p-1045045873?boutiqueId=61&merchantId=1189122,Flecks,9.2,529,,,0,TRY,"[""Sepette %2 İndirim"",""20 TL Kupon"",""Kargo Bedava"",""Trendyol Plus'a Özel""]",InStock,,,,,,4.05,60,42,1,,,,,4999,TRY,0,1,1,3,Tahmini Teslim:,,https://cdn.dsmcdn.com/ty1785/prod/QC_PREP/20251105/13/4ba32d09-254d-3be6-b261-863a219f0999/1_org_zoom.jpg,"{""Diğer Özellikler"":""su kireç temizleyici"",""Menşei"":""TR"",""Ürün Güvenliği Bilgisi"":""Tehlikeli Değil""}",20,5,refreshed,"[""daily_top""]",true,2026-09-08T10:44:27.174Z,0,"[""search_result_dom"",""product_detail_jsonld"",""product_detail_dom""]","{""variant_id"":""observed"",""variant_label"":""unavailable"",""listing_id"":""observed"",""inventory_key"":""observed"",""stock_quantity"":""observed"",""stock_quantity_source"":""observed"",""stock_quantity_kind"":""observed"",""stock_observed_at"":""observed"",""max_sale_limit"":""observed"",""seller_count"":""observed"",""seller_count_observed"":""observed"",""seller_count_kind"":""observed"",""sellers"":""observed"",""variants"":""observed"",""favorite_count"":""observed"",""inventory_decrease"":""unavailable"",""sales_estimate_daily"":""unavailable"",""sales_estimate_weekly"":""unavailable"",""sales_estimate_monthly"":""unavailable"",""sales_estimate_status"":""unavailable"",""sales_estimate_hours"":""unavailable"",""sales_estimate_source"":""unavailable"",""title"":""observed"",""brand"":""observed"",""seller_name"":""observed"",""seller_score"":""observed"",""price"":""observed"",""original_price"":""unavailable"",""campaigns"":""observed"",""stock_status"":""observed"",""stock_signal"":""unavailable"",""rating"":""observed"",""rating_count"":""observed"",""review_count"":""observed"",""question_count"":""unavailable"",""delivery_summary"":""observed"",""shipping_cost"":""observed"",""properties"":""observed""}",true,
1438600661,,6d9b97159ae6564437b5adaca86a740c,1040065912:267809:1438600661:6d9b97159ae6564437b5adaca86a740c,429,merchantListing.winnerVariant.quantity,reported,2026-09-08T10:44:34.953Z,10,1,1,reported_total,"[{""merchant_id"":""267809"",""name"":""klovi"",""score"":9.4,""price"":657.92,""variant_id"":""1438600661"",""listing_id"":""6d9b97159ae6564437b5adaca86a740c"",""stock_quantity"":429}]","[{""variant_id"":""1438600661"",""label"":null,""in_stock"":true,""stock_quantity"":429,""selected"":true}]",10854,12,11.94,,,estimated,24.12,inventory_net_decrease,2026-09-08,2026-09-08T13:30:55+03:00,otomobil motosiklet,BEST_SELLER,arac-ici-aksesuar,araç içi aksesuar,193,5,213,213,,otomobil-motosiklet:arac-ici-aksesuar,193,-46,14.8,15.2,1040065912,267809,1040065912:267809,klovi İthal Kalpli Araç İçi Telefon Tutucu,klovi,Torpido Telefon Sabitleyici,https://www.trendyol.com/klovi/ithal-kalpli-arac-ici-telefon-tutucu-p-1040065912?boutiqueId=61&merchantId=267809,klovi,9.4,657.92,,,0,TRY,"[""Kargo Bedava""]",InStock,,,,,,3.869158878504673,107,69,1,,,,,4999,TRY,0,1,1,3,Tahmini Teslim:,,https://cdn.dsmcdn.com/ty1780/prod/QC_PREP/20251025/21/74266add-de1e-3cce-82df-2a65b3bc43c9/1_org_zoom.jpg,"{""Renk"":""Siyah"",""Ürün Tipi"":""Akrobat"",""Materyal"":""Cam""}",20,5,refreshed,"[""daily_top""]",true,2026-09-08T10:44:34.955Z,0,"[""search_result_dom"",""product_detail_jsonld"",""product_detail_dom""]","{""variant_id"":""observed"",""variant_label"":""unavailable"",""listing_id"":""observed"",""inventory_key"":""observed"",""stock_quantity"":""observed"",""stock_quantity_source"":""observed"",""stock_quantity_kind"":""observed"",""stock_observed_at"":""observed"",""max_sale_limit"":""observed"",""seller_count"":""observed"",""seller_count_observed"":""observed"",""seller_count_kind"":""observed"",""sellers"":""observed"",""variants"":""observed"",""favorite_count"":""observed"",""inventory_decrease"":""unavailable"",""sales_estimate_daily"":""unavailable"",""sales_estimate_weekly"":""unavailable"",""sales_estimate_monthly"":""unavailable"",""sales_estimate_status"":""unavailable"",""sales_estimate_hours"":""unavailable"",""sales_estimate_source"":""unavailable"",""title"":""observed"",""brand"":""observed"",""seller_name"":""observed"",""seller_score"":""observed"",""price"":""observed"",""original_price"":""unavailable"",""campaigns"":""observed"",""stock_status"":""observed"",""stock_signal"":""unavailable"",""rating"":""observed"",""rating_count"":""observed"",""review_count"":""observed"",""question_count"":""unavailable"",""delivery_summary"":""observed"",""shipping_cost"":""observed"",""properties"":""observed""}",true,
1261355649,,d68c002f36c65a7712a11d5fc5b66840,905394423:867640:1261355649:d68c002f36c65a7712a11d5fc5b66840,350,merchantListing.winnerVariant.quantity,reported,2026-09-08T10:44:35.746Z,10,1,1,reported_total,"[{""merchant_id"":""867640"",""name"":""Modifiyum"",""score"":9.6,""price"":159,""variant_id"":""1261355649"",""listing_id"":""d68c002f36c65a7712a11d5fc5b66840"",""stock_quantity"":350}]","[{""variant_id"":""1261355649"",""label"":null,""in_stock"":true,""stock_quantity"":350,""selected"":true}]",10192,16,15.92,,,estimated,24.12,inventory_net_decrease,2026-09-08,2026-09-08T13:30:55+03:00,otomobil motosiklet,BEST_SELLER,arac-ici-aksesuar,araç içi aksesuar,194,5,214,214,3,otomobil-motosiklet:arac-ici-aksesuar,194,-61,20.8,9.2,905394423,867640,905394423:867640,Serzembil Araç İçi Telefon Tutucu Numaratörlü Araba Numaratör Telefon Tutucu 360° Dönen,Serzembil,Torpido Telefon Sabitleyici,https://www.trendyol.com/serzembil/arac-ici-telefon-tutucu-numaratorlu-araba-numarator-telefon-tutucu-360-donen-p-905394423?boutiqueId=61&merchantId=867640,Modifiyum,9.6,159,,,0,TRY,"[""Sepette %1 İndirim"",""Kargo Bedava""]",InStock,,,,,,3.9868938401048495,763,396,0,,,,,4999,TRY,0,1,1,3,Tahmini Teslim:,En Çok Satan 3. Ürün,https://cdn.dsmcdn.com/ty1905/prod/QC_ENRICHMENT/20260517/12/acf1bd69-513f-31dc-91e6-1569992aed79/1_org_zoom.jpg,"{""Renk"":""Siyah"",""Ürün Tipi"":""Akrobat""}",20,5,refreshed,"[""daily_top""]",true,2026-09-08T10:44:35.747Z,0,"[""search_result_dom"",""product_detail_jsonld"",""product_detail_dom""]","{""variant_id"":""observed"",""variant_label"":""unavailable"",""listing_id"":""observed"",""inventory_key"":""observed"",""stock_quantity"":""observed"",""stock_quantity_source"":""observed"",""stock_quantity_kind"":""observed"",""stock_observed_at"":""observed"",""max_sale_limit"":""observed"",""seller_count"":""observed"",""seller_count_observed"":""observed"",""seller_count_kind"":""observed"",""sellers"":""observed"",""variants"":""observed"",""favorite_count"":""observed"",""inventory_decrease"":""unavailable"",""sales_estimate_daily"":""unavailable"",""sales_estimate_weekly"":""unavailable"",""sales_estimate_monthly"":""unavailable"",""sales_estimate_status"":""unavailable"",""sales_estimate_hours"":""unavailable"",""sales_estimate_source"":""unavailable"",""title"":""observed"",""brand"":""observed"",""seller_name"":""observed"",""seller_score"":""observed"",""price"":""observed"",""original_price"":""unavailable"",""campaigns"":""observed"",""stock_status"":""observed"",""stock_signal"":""unavailable"",""rating"":""observed"",""rating_count"":""observed"",""review_count"":""observed"",""question_count"":""unavailable"",""delivery_summary"":""observed"",""shipping_cost"":""observed"",""properties"":""observed""}",true,
199203539,,14ba06309464a4bb7b842d0cce6291c0,123453835:878721:199203539:14ba06309464a4bb7b842d0cce6291c0,117,merchantListing.winnerVariant.quantity,reported,2026-09-08T10:44:36.426Z,20,4,4,reported_total,"[{""merchant_id"":""878721"",""name"":""Furens Grup"",""score"":8.3,""price"":165.77,""variant_id"":""199203539"",""listing_id"":""14ba06309464a4bb7b842d0cce6291c0"",""stock_quantity"":117},{""merchant_id"":""595724"",""name"":""NAYİNO"",""score"":8.5,""price"":189,""variant_id"":""199203539"",""listing_id"":""8a58ae328d8a6d92d036104b773e0811"",""stock_quantity"":8954},{""merchant_id"":""363597"",""name"":""TRENDLIFEOTO"",""score"":8.8,""price"":400,""variant_id"":""199203539"",""listing_id"":""52c1d7fd29d7012a1f3964fb21851498"",""stock_quantity"":1},{""merchant_id"":""1186142"",""name"":""TITAN GARAGE"",""score"":8.9,""price"":449,""variant_id"":""199203539"",""listing_id"":""181ad5292ee3196bcfe1f6990cb16d5a"",""stock_quantity"":11}]","[{""variant_id"":""199203539"",""label"":null,""in_stock"":true,""stock_quantity"":117,""selected"":true}]",53820,13,12.94,,,estimated,24.12,inventory_net_decrease,2026-09-08,2026-09-08T13:30:55+03:00,otomobil motosiklet,BEST_SELLER,arac-ici-aksesuar,araç içi aksesuar,195,5,215,215,,otomobil-motosiklet:arac-ici-aksesuar,195,-50,26.4,3.6,123453835,878721,123453835:878721,Genel Markalar Araba Içi Torpido Üstü Simülasyon Pitbull Köpek Dekorasyon,Genel Markalar,Torpido Aksesuar,https://www.trendyol.com/genel-markalar/araba-ici-torpido-ustu-simulasyon-pitbull-kopek-dekorasyon-p-123453835?boutiqueId=61&merchantId=878721,Furens Grup,8.3,165.77,,,0,TRY,"[""Kargo Bedava""]",InStock,,,,,,4.217556286364786,3953,1979,-3,,,,,4999,TRY,0,1,1,3,Tahmini Teslim:,,https://cdn.dsmcdn.com/ty1740/prod/QC_ENRICHMENT/20250903/14/015df8b3-9f3c-3164-b219-bd5f48dfd126/1_org_zoom.jpg,"{""Menşei"":""TR""}",20,5,refreshed,"[""daily_top""]",true,2026-09-08T10:44:36.427Z,0,"[""search_result_dom"",""product_detail_jsonld"",""product_detail_dom""]","{""variant_id"":""observed"",""variant_label"":""unavailable"",""listing_id"":""observed"",""inventory_key"":""observed"",""stock_quantity"":""observed"",""stock_quantity_source"":""observed"",""stock_quantity_kind"":""observed"",""stock_observed_at"":""observed"",""max_sale_limit"":""observed"",""seller_count"":""observed"",""seller_count_observed"":""observed"",""seller_count_kind"":""observed"",""sellers"":""observed"",""variants"":""observed"",""favorite_count"":""observed"",""inventory_decrease"":""unavailable"",""sales_estimate_daily"":""unavailable"",""sales_estimate_weekly"":""unavailable"",""sales_estimate_monthly"":""unavailable"",""sales_estimate_status"":""unavailable"",""sales_estimate_hours"":""unavailable"",""sales_estimate_source"":""unavailable"",""title"":""observed"",""brand"":""observed"",""seller_name"":""observed"",""seller_score"":""observed"",""price"":""observed"",""original_price"":""unavailable"",""campaigns"":""observed"",""stock_status"":""observed"",""stock_signal"":""unavailable"",""rating"":""observed"",""rating_count"":""observed"",""review_count"":""observed"",""question_count"":""unavailable"",""delivery_summary"":""observed"",""shipping_cost"":""observed"",""properties"":""observed""}",true,
1187758365,,ad4073fee79fef78e8358d759e95a56b,870752830:644352:1187758365:ad4073fee79fef78e8358d759e95a56b,364,merchantListing.winnerVariant.quantity,reported,2026-09-08T10:44:44.208Z,20,1,1,reported_total,"[{""merchant_id"":""644352"",""name"":""Otto Dizayn"",""score"":9.4,""price"":539,""variant_id"":""1187758365"",""listing_id"":""ad4073fee79fef78e8358d759e95a56b"",""stock_quantity"":364}]","[{""variant_id"":""1187758365"",""label"":null,""in_stock"":true,""stock_quantity"":364,""selected"":true}]",20692,,,,,observation_gap,,inventory_net_decrease,2026-09-08,2026-09-08T13:30:55+03:00,otomobil motosiklet,BEST_SELLER,arac-ici-aksesuar,araç içi aksesuar,196,5,216,216,,otomobil-motosiklet:arac-ici-aksesuar,196,5,16.3,13.7,870752830,644352,870752830:644352,"Oasis Life Araç Içi Bardak Altlık,taşlı Araba Bardaklık 2 Adet,araba Bardak Altlığı,taşlı Araba Aksesuar",Oasis Life,Torpido Aksesuar,https://www.trendyol.com/oasis-life/arac-ici-bardak-altlik-tasli-araba-bardaklik-2-adet-araba-bardak-altligi-tasli-araba-aksesuar-p-870752830?boutiqueId=61&merchantId=644352,Otto Dizayn,9.4,539,,,17.5,TRY,"[""Kargo Bedava""]",InStock,,,,,,4.785310734463277,177,108,0,,,,,4999,TRY,0,1,1,3,Tahmini Teslim:,,https://cdn.dsmcdn.com/ty1595/prod/QC/20241030/13/98656e94-b089-33c3-abeb-bb03989a943e/1_org_zoom.jpg,"{""Menşei"":""TR"",""Bakım Talimatları (Genel)"":""Ürünün kullanım ömrünü korumak için ürüne özel bakım talimatlarını takip ediniz.""}",20,5,refreshed,"[""daily_top""]",true,2026-09-08T10:44:44.209Z,0,"[""search_result_dom"",""product_detail_jsonld"",""product_detail_dom""]","{""variant_id"":""observed"",""variant_label"":""unavailable"",""listing_id"":""observed"",""inventory_key"":""observed"",""stock_quantity"":""observed"",""stock_quantity_source"":""observed"",""stock_quantity_kind"":""observed"",""stock_observed_at"":""observed"",""max_sale_limit"":""observed"",""seller_count"":""observed"",""seller_count_observed"":""observed"",""seller_count_kind"":""observed"",""sellers"":""observed"",""variants"":""observed"",""favorite_count"":""observed"",""inventory_decrease"":""unavailable"",""sales_estimate_daily"":""unavailable"",""sales_estimate_weekly"":""unavailable"",""sales_estimate_monthly"":""unavailable"",""sales_estimate_status"":""unavailable"",""sales_estimate_hours"":""unavailable"",""sales_estimate_source"":""unavailable"",""title"":""observed"",""brand"":""observed"",""seller_name"":""observed"",""seller_score"":""observed"",""price"":""observed"",""original_price"":""unavailable"",""campaigns"":""observed"",""stock_status"":""observed"",""stock_signal"":""unavailable"",""rating"":""observed"",""rating_count"":""observed"",""review_count"":""observed"",""question_count"":""unavailable"",""delivery_summary"":""observed"",""shipping_cost"":""observed"",""properties"":""observed""}",true,
1618009290,,0f5e73b8e075e41240ee68f60db87d53,1156539199:620946:1618009290:0f5e73b8e075e41240ee68f60db87d53,1956,merchantListing.winnerVariant.quantity,reported,2026-09-08T10:44:44.577Z,10,1,1,reported_total,"[{""merchant_id"":""620946"",""name"":""Banxtre"",""score"":8.9,""price"":49.9,""variant_id"":""1618009290"",""listing_id"":""0f5e73b8e075e41240ee68f60db87d53"",""stock_quantity"":1956}]","[{""variant_id"":""1618009290"",""label"":null,""in_stock"":true,""stock_quantity"":1956,""selected"":true}]",535,,,,,missing_baseline,,inventory_net_decrease,2026-09-08,2026-09-08T13:30:55+03:00,otomobil motosiklet,BEST_SELLER,arac-ici-aksesuar,araç içi aksesuar,197,5,217,217,,otomobil-motosiklet:arac-ici-aksesuar,197,,2.4,27.6,1156539199,620946,1156539199:620946,Banxtre Motosiklet ve CG Deposu için Leopar Desenli Depo için Sticker Etiket (Sağ ve Sol ),Banxtre,,https://www.trendyol.com/banxtre/motosiklet-ve-cg-deposu-icin-leopar-desenli-depo-icin-sticker-etiket-sag-ve-sol-p-1156539199?boutiqueId=61&merchantId=620946,Banxtre,8.9,49.9,,,,TRY,"[""Kargo Bedava""]",InStock,,,,,,5,4,1,,,,,,,,0,,,,Tahmini Teslim:,,,{},0,,refreshed,"[""daily_top""]",true,2026-09-08T10:44:44.578Z,0,"[""search_result_dom"",""product_detail_jsonld"",""product_detail_dom""]","{""variant_id"":""observed"",""variant_label"":""unavailable"",""listing_id"":""observed"",""inventory_key"":""observed"",""stock_quantity"":""observed"",""stock_quantity_source"":""observed"",""stock_quantity_kind"":""observed"",""stock_observed_at"":""observed"",""max_sale_limit"":""observed"",""seller_count"":""observed"",""seller_count_observed"":""observed"",""seller_count_kind"":""observed"",""sellers"":""observed"",""variants"":""observed"",""favorite_count"":""observed"",""inventory_decrease"":""unavailable"",""sales_estimate_daily"":""unavailable"",""sales_estimate_weekly"":""unavailable"",""sales_estimate_monthly"":""unavailable"",""sales_estimate_status"":""unavailable"",""sales_estimate_hours"":""unavailable"",""sales_estimate_source"":""unavailable"",""title"":""observed"",""brand"":""observed"",""seller_name"":""observed"",""seller_score"":""observed"",""price"":""observed"",""original_price"":""unavailable"",""campaigns"":""observed"",""stock_status"":""observed"",""stock_signal"":""unavailable"",""rating"":""observed"",""rating_count"":""observed"",""review_count"":""observed"",""question_count"":""unavailable"",""delivery_summary"":""observed"",""shipping_cost"":""unavailable"",""properties"":""observed""}",true,
1525181588,,5bc007177f407e46a52fe7de1eeab7ce,1098955771:867640:1525181588:5bc007177f407e46a52fe7de1eeab7ce,68,merchantListing.winnerVariant.quantity,reported,2026-09-08T10:44:44.936Z,20,1,1,reported_total,"[{""merchant_id"":""867640"",""name"":""Modifiyum"",""score"":9.6,""price"":127.37,""variant_id"":""1525181588"",""listing_id"":""5bc007177f407e46a52fe7de1eeab7ce"",""stock_quantity"":68}]","[{""variant_id"":""1525181588"",""label"":null,""in_stock"":true,""stock_quantity"":68,""selected"":true}]",1210,12,11.94,,,estimated,24.12,inventory_net_decrease,2026-09-08,2026-09-08T13:30:55+03:00,otomobil motosiklet,BEST_SELLER,arac-ici-aksesuar,araç içi aksesuar,198,5,218,218,,otomobil-motosiklet:arac-ici-aksesuar,198,-56,13.7,16.3,1098955771,867640,1098955771:867640,Modifiyum Kırmızı Metal Kasa Numara Çevirmeli Araç İçi Telefon Numaratör Parkmatik Araba Numaratör,Modifiyum,Torpido Aksesuar,https://www.trendyol.com/modifiyum/kirmizi-metal-kasa-numara-cevirmeli-arac-ici-telefon-numarator-parkmatik-araba-numarator-p-1098955771?boutiqueId=61&merchantId=867640,Modifiyum,9.6,127.37,,,2.5,TRY,"[""Sepette %1 İndirim"",""Kargo Bedava""]",InStock,,,,,,4.537634408602151,93,51,1,,,,,4999,TRY,0,1,1,3,Tahmini Teslim:,,https://cdn.dsmcdn.com/ty1823/prod/QC_PREP/20260208/14/c381c6a4-1b3e-346c-8d4f-e434ca271fb6/1_org_zoom.jpg,"{""Menşei"":""CN"",""Bakım Talimatları (Genel)"":""Nemli bir bezle silin.""}",20,5,refreshed,"[""daily_top""]",true,2026-09-08T10:44:44.937Z,0,"[""search_result_dom"",""product_detail_jsonld"",""product_detail_dom""]","{""variant_id"":""observed"",""variant_label"":""unavailable"",""listing_id"":""observed"",""inventory_key"":""observed"",""stock_quantity"":""observed"",""stock_quantity_source"":""observed"",""stock_quantity_kind"":""observed"",""stock_observed_at"":""observed"",""max_sale_limit"":""observed"",""seller_count"":""observed"",""seller_count_observed"":""observed"",""seller_count_kind"":""observed"",""sellers"":""observed"",""variants"":""observed"",""favorite_count"":""observed"",""inventory_decrease"":""unavailable"",""sales_estimate_daily"":""unavailable"",""sales_estimate_weekly"":""unavailable"",""sales_estimate_monthly"":""unavailable"",""sales_estimate_status"":""unavailable"",""sales_estimate_hours"":""unavailable"",""sales_estimate_source"":""unavailable"",""title"":""observed"",""brand"":""observed"",""seller_name"":""observed"",""seller_score"":""observed"",""price"":""observed"",""original_price"":""unavailable"",""campaigns"":""observed"",""stock_status"":""observed"",""stock_signal"":""unavailable"",""rating"":""observed"",""rating_count"":""observed"",""review_count"":""observed"",""question_count"":""unavailable"",""delivery_summary"":""observed"",""shipping_cost"":""observed"",""properties"":""observed""}",true,
127641868,,68a0ebcf2e4d6bbd5579a80fd9754cc6,74281792:185368:127641868:68a0ebcf2e4d6bbd5579a80fd9754cc6,26,merchantListing.winnerVariant.quantity,reported,2026-09-08T10:44:53.234Z,20,1,1,reported_total,"[{""merchant_id"":""185368"",""name"":""MeyZone"",""score"":9.5,""price"":129.9,""variant_id"":""127641868"",""listing_id"":""68a0ebcf2e4d6bbd5579a80fd9754cc6"",""stock_quantity"":26}]","[{""variant_id"":""127641868"",""label"":null,""in_stock"":true,""stock_quantity"":26,""selected"":true}]",19203,9,8.95,,,estimated,24.14,inventory_net_decrease,2026-09-08,2026-09-08T13:30:55+03:00,otomobil motosiklet,BEST_SELLER,arac-ici-aksesuar,araç içi aksesuar,199,5,219,219,,otomobil-motosiklet:arac-ici-aksesuar,199,-84,24.3,5.7,74281792,185368,74281792:185368,MeyZone Araç Torpido Göğüs Konsol Ön Cam Arası Fitil Araç Ses Yalıtım Fitili,MeyZone,Torpido Aksesuar,https://www.trendyol.com/meyzone/arac-torpido-gogus-konsol-on-cam-arasi-fitil-arac-ses-yalitim-fitili-p-74281792?boutiqueId=61&merchantId=185368,MeyZone,9.5,129.9,,,0,TRY,"[""Sepette %1 İndirim"",""Kargo Bedava""]",InStock,,,,,,4.326961369972123,2511,1091,1,,,,,4999,TRY,0,,1,3,Tahmini Teslim:,,https://cdn.dsmcdn.com/ty1551/product/media/images/ty1551/prod/QC/20240917/19/19e68fbd-57f4-337f-bc1e-307db7c4ea6a/1_org_zoom.jpg,"{""Menşei"":""TR"",""Bakım Talimatları (Genel)"":""Ürünün kullanım ömrünü korumak için ürüne özel bakım talimatlarını takip ediniz.""}",20,5,refreshed,"[""daily_top""]",true,2026-09-08T10:44:53.236Z,0,"[""search_result_dom"",""product_detail_jsonld"",""product_detail_dom""]","{""variant_id"":""observed"",""variant_label"":""unavailable"",""listing_id"":""observed"",""inventory_key"":""observed"",""stock_quantity"":""observed"",""stock_quantity_source"":""observed"",""stock_quantity_kind"":""observed"",""stock_observed_at"":""observed"",""max_sale_limit"":""observed"",""seller_count"":""observed"",""seller_count_observed"":""observed"",""seller_count_kind"":""observed"",""sellers"":""observed"",""variants"":""observed"",""favorite_count"":""observed"",""inventory_decrease"":""unavailable"",""sales_estimate_daily"":""unavailable"",""sales_estimate_weekly"":""unavailable"",""sales_estimate_monthly"":""unavailable"",""sales_estimate_status"":""unavailable"",""sales_estimate_hours"":""unavailable"",""sales_estimate_source"":""unavailable"",""title"":""observed"",""brand"":""observed"",""seller_name"":""observed"",""seller_score"":""observed"",""price"":""observed"",""original_price"":""unavailable"",""campaigns"":""observed"",""stock_status"":""observed"",""stock_signal"":""unavailable"",""rating"":""observed"",""rating_count"":""observed"",""review_count"":""observed"",""question_count"":""unavailable"",""delivery_summary"":""observed"",""shipping_cost"":""observed"",""properties"":""observed""}",true,
1527776531,,a6a037931b6c0e11d0dcdcf62e06a8b0,1100520868:1234051:1527776531:a6a037931b6c0e11d0dcdcf62e06a8b0,249,merchantListing.winnerVariant.quantity,reported,2026-09-08T10:44:53.890Z,5,2,2,reported_total,"[{""merchant_id"":""1234051"",""name"":""EAE DESİGN STUDİO"",""score"":8.8,""price"":161.47,""variant_id"":""1527776531"",""listing_id"":""a6a037931b6c0e11d0dcdcf62e06a8b0"",""stock_quantity"":249},{""merchant_id"":""1221997"",""name"":""BNB ART"",""score"":8.9,""price"":179,""variant_id"":""1527776531"",""listing_id"":""4e5c14ef518b3d8681a2fd74b815be7d"",""stock_quantity"":82}]","[{""variant_id"":""1527776531"",""label"":null,""in_stock"":true,""stock_quantity"":249,""selected"":true}]",1398,11,10.95,,,estimated,24.11,inventory_net_decrease,2026-09-08,2026-09-08T13:30:55+03:00,otomobil motosiklet,BEST_SELLER,arac-ici-aksesuar,araç içi aksesuar,200,6,220,220,,otomobil-motosiklet:arac-ici-aksesuar,200,-22,16.1,13.9,1100520868,1234051,1100520868:1234051,EAE DESİGN STUDİO Otomobil Park Numaratörü -Araç İçi Plaka model-Telefon numarası - Sıradışı Model Yeni Modern tasarım,EAE DESİGN STUDİO,Araç İçi Organizer,https://www.trendyol.com/eae-design-studio/otomobil-park-numaratoru-arac-ici-plaka-model-telefon-numarasi-siradisi-model-yeni-modern-tasarim-p-1100520868?boutiqueId=61&merchantId=1234051,EAE DESİGN STUDİO,8.8,161.47,,,0,TRY,"[""Sepette %7 İndirim"",""Kargo Bedava""]",InStock,,,,,,4.193333333333333,150,103,0,,,,,4999,TRY,0,2,1,6,Tahmini Teslim:,,https://cdn.dsmcdn.com/ty1826/prod/QC_ENRICHMENT/20260215/14/3e6692c6-9747-3cbc-93fa-3ad67d777fe2/1_org_zoom.jpg,"{""Menşei"":""TR""}",20,5,refreshed,"[""daily_top""]",true,2026-09-08T10:44:53.891Z,0,"[""search_result_dom"",""product_detail_jsonld"",""product_detail_dom""]","{""variant_id"":""observed"",""variant_label"":""unavailable"",""listing_id"":""observed"",""inventory_key"":""observed"",""stock_quantity"":""observed"",""stock_quantity_source"":""observed"",""stock_quantity_kind"":""observed"",""stock_observed_at"":""observed"",""max_sale_limit"":""observed"",""seller_count"":""observed"",""seller_count_observed"":""observed"",""seller_count_kind"":""observed"",""sellers"":""observed"",""variants"":""observed"",""favorite_count"":""observed"",""inventory_decrease"":""unavailable"",""sales_estimate_daily"":""unavailable"",""sales_estimate_weekly"":""unavailable"",""sales_estimate_monthly"":""unavailable"",""sales_estimate_status"":""unavailable"",""sales_estimate_hours"":""unavailable"",""sales_estimate_source"":""unavailable"",""title"":""observed"",""brand"":""observed"",""seller_name"":""observed"",""seller_score"":""observed"",""price"":""observed"",""original_price"":""unavailable"",""campaigns"":""observed"",""stock_status"":""observed"",""stock_signal"":""unavailable"",""rating"":""observed"",""rating_count"":""observed"",""review_count"":""observed"",""question_count"":""unavailable"",""delivery_summary"":""observed"",""shipping_cost"":""observed"",""properties"":""observed""}",true,
429306114,,d3f58ebb07c2f9c7098d48303855c489,269332622:573922:429306114:d3f58ebb07c2f9c7098d48303855c489,120,merchantListing.winnerVariant.quantity,reported,2026-09-08T10:44:54.026Z,10,2,2,reported_total,"[{""merchant_id"":""573922"",""name"":""ozio"",""score"":9.4,""price"":299,""variant_id"":""429306114"",""listing_id"":""d3f58ebb07c2f9c7098d48303855c489"",""stock_quantity"":120},{""merchant_id"":""113703"",""name"":""Techmaster"",""score"":9.2,""price"":350,""variant_id"":""429306114"",""listing_id"":""044024823aa95a3b1d619d03d0a53faa"",""stock_quantity"":349}]","[{""variant_id"":""429306114"",""label"":null,""in_stock"":true,""stock_quantity"":120,""selected"":true}]",1338,17,16.92,,,estimated,24.12,inventory_net_decrease,2026-09-08,2026-09-08T13:30:55+03:00,otomobil motosiklet,BEST_SELLER,arac-ici-aksesuar,araç içi aksesuar,201,6,221,221,,otomobil-motosiklet:arac-ici-aksesuar,201,-44,15,15,269332622,573922,269332622:573922,Techmaster Metal Bisiklet Motosiklet Atv Telefon Tutucu Ayarlanabilir Siyah,Techmaster,Araç İçi Telefon Tutucular,https://www.trendyol.com/techmaster/metal-bisiklet-motosiklet-atv-telefon-tutucu-ayarlanabilir-siyah-p-269332622?boutiqueId=61&merchantId=573922,ozio,9.4,299,,,7.2,TRY,"[""Sepette %1 İndirim"",""Kargo Bedava""]",InStock,,,,,,4.486301369863014,146,73,0,,,,,4999,TRY,0,,1,3,Tahmini Teslim:,,https://cdn.dsmcdn.com/ty1633/prod/QC/20250206/11/6a4997d5-86a0-3492-805f-7bf13dbc05bd/1_org_zoom.jpg,"{""Telefon Tutucu Özellikleri"":""Akrobat"",""Garanti Süresi"":""2 Yıl"",""Türü"":""Dikiz Aynası"",""Materyal"":""Metal"",""Menşei"":""CN"",""Bakım Talimatları (Genel)"":""Ürünün kullanım ömrünü korumak için ürüne özel bakım talimatlarını takip ediniz.""}",20,5,refreshed,"[""daily_top""]",true,2026-09-08T10:44:54.027Z,0,"[""search_result_dom"",""product_detail_jsonld"",""product_detail_dom""]","{""variant_id"":""observed"",""variant_label"":""unavailable"",""listing_id"":""observed"",""inventory_key"":""observed"",""stock_quantity"":""observed"",""stock_quantity_source"":""observed"",""stock_quantity_kind"":""observed"",""stock_observed_at"":""observed"",""max_sale_limit"":""observed"",""seller_count"":""observed"",""seller_count_observed"":""observed"",""seller_count_kind"":""observed"",""sellers"":""observed"",""variants"":""observed"",""favorite_count"":""observed"",""inventory_decrease"":""unavailable"",""sales_estimate_daily"":""unavailable"",""sales_estimate_weekly"":""unavailable"",""sales_estimate_monthly"":""unavailable"",""sales_estimate_status"":""unavailable"",""sales_estimate_hours"":""unavailable"",""sales_estimate_source"":""unavailable"",""title"":""observed"",""brand"":""observed"",""seller_name"":""observed"",""seller_score"":""observed"",""price"":""observed"",""original_price"":""unavailable"",""campaigns"":""observed"",""stock_status"":""observed"",""stock_signal"":""unavailable"",""rating"":""observed"",""rating_count"":""observed"",""review_count"":""observed"",""question_count"":""unavailable"",""delivery_summary"":""observed"",""shipping_cost"":""observed"",""properties"":""observed""}",true,
1424302100,,fb057109da584e253712bcfc683f0ae5,1027452819:1128258:1424302100:fb057109da584e253712bcfc683f0ae5,586,merchantListing.winnerVariant.quantity,reported,2026-09-08T10:45:04.289Z,5,5,5,reported_total,"[{""merchant_id"":""1128258"",""name"":""İmalattan Kilim"",""score"":9.3,""price"":185,""variant_id"":""1424302100"",""listing_id"":""fb057109da584e253712bcfc683f0ae5"",""stock_quantity"":586},{""merchant_id"":""1307197"",""name"":""ESR Çanta ve Deri AVM"",""score"":9.7,""price"":200,""variant_id"":""1424302100"",""listing_id"":""0a2f9434cde79022d067b9d4ffc58378"",""stock_quantity"":497},{""merchant_id"":""835630"",""name"":""Nuryak"",""score"":9.2,""price"":199,""variant_id"":""1424302100"",""listing_id"":""74518d0c716f5d05e823abad094edba4"",""stock_quantity"":193},{""merchant_id"":""898292"",""name"":""AUTOSAR"",""score"":9.4,""price"":280,""variant_id"":""1424302100"",""listing_id"":""c035e6af836d43b58f694291fb61bdde"",""stock_quantity"":103},{""merchant_id"":""322599"",""name"":""Rovitto"",""score"":9.2,""price"":599,""variant_id"":""1424302100"",""listing_id"":""5d68eb17a6e14bb600bed9c5902ceacf"",""stock_quantity"":793}]","[{""variant_id"":""1424302100"",""label"":null,""in_stock"":true,""stock_quantity"":586,""selected"":true}]",2912,,,,,observation_gap,,inventory_net_decrease,2026-09-08,2026-09-08T13:30:55+03:00,otomobil motosiklet,BEST_SELLER,arac-ici-aksesuar,araç içi aksesuar,202,6,222,222,,otomobil-motosiklet:arac-ici-aksesuar,202,-12,13.7,16.3,1027452819,1128258,1027452819:1128258,Genel Markalar Oto Koltuk Arkası Koruma Kılıfı Kapitone Deri Siyah Dikiş,Genel Markalar,Araç İçi Organizer,https://www.trendyol.com/genel-markalar/oto-koltuk-arkasi-koruma-kilifi-kapitone-deri-siyah-dikis-p-1027452819?boutiqueId=61&merchantId=1128258,İmalattan Kilim,9.3,185,,,0,TRY,"[""Kargo Bedava"",""Trendyol Plus'a Özel""]",InStock,,,,,,4.640776699029126,103,51,1,,,,,4999,TRY,0,1,1,3,Tahmini Teslim:,,https://cdn.dsmcdn.com/ty1852/prod/QC_ENRICHMENT/20260410/23/51767f37-c0a7-3b18-8e18-ca15cd488d84/1_org_zoom.jpg,"{""Menşei"":""TR""}",20,5,refreshed,"[""daily_top""]",true,2026-09-08T10:45:04.290Z,0,"[""search_result_dom"",""product_detail_jsonld"",""product_detail_dom""]","{""variant_id"":""observed"",""variant_label"":""unavailable"",""listing_id"":""observed"",""inventory_key"":""observed"",""stock_quantity"":""observed"",""stock_quantity_source"":""observed"",""stock_quantity_kind"":""observed"",""stock_observed_at"":""observed"",""max_sale_limit"":""observed"",""seller_count"":""observed"",""seller_count_observed"":""observed"",""seller_count_kind"":""observed"",""sellers"":""observed"",""variants"":""observed"",""favorite_count"":""observed"",""inventory_decrease"":""unavailable"",""sales_estimate_daily"":""unavailable"",""sales_estimate_weekly"":""unavailable"",""sales_estimate_monthly"":""unavailable"",""sales_estimate_status"":""unavailable"",""sales_estimate_hours"":""unavailable"",""sales_estimate_source"":""unavailable"",""title"":""observed"",""brand"":""observed"",""seller_name"":""observed"",""seller_score"":""observed"",""price"":""observed"",""original_price"":""unavailable"",""campaigns"":""observed"",""stock_status"":""observed"",""stock_signal"":""unavailable"",""rating"":""observed"",""rating_count"":""observed"",""review_count"":""observed"",""question_count"":""unavailable"",""delivery_summary"":""observed"",""shipping_cost"":""observed"",""properties"":""observed""}",true,
1329624112,,d4a775fde61db71d3c97f35bacf6b998,939542914:210134:1329624112:d4a775fde61db71d3c97f35bacf6b998,415,merchantListing.winnerVariant.quantity,reported,2026-09-08T10:45:06.075Z,10,1,1,reported_total,"[{""merchant_id"":""210134"",""name"":""PSGT"",""score"":9.2,""price"":74.99,""variant_id"":""1329624112"",""listing_id"":""d4a775fde61db71d3c97f35bacf6b998"",""stock_quantity"":415}]","[{""variant_id"":""1329624112"",""label"":null,""in_stock"":true,""stock_quantity"":415,""selected"":true}]",606,17,16.92,,,estimated,24.12,inventory_net_decrease,2026-09-08,2026-09-08T13:30:55+03:00,otomobil motosiklet,BEST_SELLER,arac-ici-aksesuar,araç içi aksesuar,203,6,223,223,2,otomobil-motosiklet:arac-ici-aksesuar,203,-40,11.8,18.2,939542914,210134,939542914:210134,PSGT [2adet] Araç Içi Mıknatıslı Telefon Tutucular Için 3m Bantlı Metal Plaka Seti,PSGT,,https://www.trendyol.com/psgt/2adet-arac-ici-miknatisli-telefon-tutucular-icin-3m-bantli-metal-plaka-seti-p-939542914?boutiqueId=61&merchantId=210134,PSGT,9.2,74.99,,,0,TRY,"[""Kargo Bedava""]",InStock,,,,,,4.019607843137255,51,29,0,,,,,,,0,,,,Tahmini Teslim:,,,{},0,,refreshed,"[""daily_top""]",true,2026-09-08T10:45:06.076Z,0,"[""search_result_dom"",""product_detail_jsonld"",""product_detail_dom""]","{""variant_id"":""observed"",""variant_label"":""unavailable"",""listing_id"":""observed"",""inventory_key"":""observed"",""stock_quantity"":""observed"",""stock_quantity_source"":""observed"",""stock_quantity_kind"":""observed"",""stock_observed_at"":""observed"",""max_sale_limit"":""observed"",""seller_count"":""observed"",""seller_count_observed"":""observed"",""seller_count_kind"":""observed"",""sellers"":""observed"",""variants"":""observed"",""favorite_count"":""observed"",""inventory_decrease"":""unavailable"",""sales_estimate_daily"":""unavailable"",""sales_estimate_weekly"":""unavailable"",""sales_estimate_monthly"":""unavailable"",""sales_estimate_status"":""unavailable"",""sales_estimate_hours"":""unavailable"",""sales_estimate_source"":""unavailable"",""title"":""observed"",""brand"":""observed"",""seller_name"":""observed"",""seller_score"":""observed"",""price"":""observed"",""original_price"":""unavailable"",""campaigns"":""observed"",""stock_status"":""observed"",""stock_signal"":""unavailable"",""rating"":""observed"",""rating_count"":""observed"",""review_count"":""observed"",""question_count"":""unavailable"",""delivery_summary"":""observed"",""shipping_cost"":""unavailable"",""properties"":""observed""}",true,
1538183870,,8f361146ae427b87894046076df226bc,1107338940:443130:1538183870:8f361146ae427b87894046076df226bc,3280,merchantListing.winnerVariant.quantity,reported,2026-09-08T10:45:06.566Z,10,2,2,reported_total,"[{""merchant_id"":""443130"",""name"":""DEARLING TR"",""score"":8.9,""price"":810.29,""variant_id"":""1538183870"",""listing_id"":""8f361146ae427b87894046076df226bc"",""stock_quantity"":3280},{""merchant_id"":""1312651"",""name"":""ECAMP"",""score"":0,""price"":1955,""variant_id"":""1538183870"",""listing_id"":""d0ebf27ae64eb8b7fc4eaf99a589be0b"",""stock_quantity"":2}]","[{""variant_id"":""1538183870"",""label"":null,""in_stock"":true,""stock_quantity"":3280,""selected"":true}]",3175,12,11.93,,,estimated,24.13,inventory_net_decrease,2026-09-08,2026-09-08T13:30:55+03:00,otomobil motosiklet,BEST_SELLER,arac-ici-aksesuar,araç içi aksesuar,204,6,224,224,,otomobil-motosiklet:arac-ici-aksesuar,204,-70,15.5,14.5,1107338940,443130,1107338940:443130,"Goldorion Mini Şarjlı Hava Üfleyici ve Vakumlu El Süpürgesi - 110.000 RPM Güçlü Motor, Led Işıklı",Goldorion,Araç İçi Süpürge,https://www.trendyol.com/goldorion/mini-sarjli-hava-ufleyici-ve-vakumlu-el-supurgesi-110-000-rpm-guclu-motor-led-isikli-p-1107338940?boutiqueId=61&merchantId=443130,DEARLING TR,8.9,810.29,,,14.9,TRY,"[""Kargo Bedava""]",InStock,,,,,,4.108695652173913,184,86,1,,,,,4999,TRY,0,,1,2,Tahmini Teslim:,,https://cdn.dsmcdn.com/ty1831/prod/QC_ENRICHMENT/20260227/15/01625c22-55b3-3e2b-8d02-a117f564cc2a/1_org_zoom.jpg,"{""Garanti Süresi"":""2 Yıl"",""Garanti Tipi"":""İthalatçı Garantili"",""Menşei"":""CN"",""Renk"":""Siyah"",""Vakum Emiş Gücü"":""13000 PA"",""Güç (Watt)"":""2001 - 2500 Watt"",""Ses Seviyesi"":""90 Dba üstü"",""Şarj Süresi"":""5 Saat üstü"",""Ürün Tipi"":""Şarjlı""}",20,5,refreshed,"[""daily_top""]",true,2026-09-08T10:45:06.567Z,0,"[""search_result_dom"",""product_detail_jsonld"",""product_detail_dom""]","{""variant_id"":""observed"",""variant_label"":""unavailable"",""listing_id"":""observed"",""inventory_key"":""observed"",""stock_quantity"":""observed"",""stock_quantity_source"":""observed"",""stock_quantity_kind"":""observed"",""stock_observed_at"":""observed"",""max_sale_limit"":""observed"",""seller_count"":""observed"",""seller_count_observed"":""observed"",""seller_count_kind"":""observed"",""sellers"":""observed"",""variants"":""observed"",""favorite_count"":""observed"",""inventory_decrease"":""unavailable"",""sales_estimate_daily"":""unavailable"",""sales_estimate_weekly"":""unavailable"",""sales_estimate_monthly"":""unavailable"",""sales_estimate_status"":""unavailable"",""sales_estimate_hours"":""unavailable"",""sales_estimate_source"":""unavailable"",""title"":""observed"",""brand"":""observed"",""seller_name"":""observed"",""seller_score"":""observed"",""price"":""observed"",""original_price"":""unavailable"",""campaigns"":""observed"",""stock_status"":""observed"",""stock_signal"":""unavailable"",""rating"":""observed"",""rating_count"":""observed"",""review_count"":""observed"",""question_count"":""unavailable"",""delivery_summary"":""observed"",""shipping_cost"":""observed"",""properties"":""observed""}",true,
1339629752,,d08378414ac33dca484bdfe16fd601e8,946239305:185368:1339629752:d08378414ac33dca484bdfe16fd601e8,149,merchantListing.winnerVariant.quantity,reported,2026-09-08T10:45:13.596Z,10,1,1,reported_total,"[{""merchant_id"":""185368"",""name"":""MeyZone"",""score"":9.5,""price"":139.9,""variant_id"":""1339629752"",""listing_id"":""d08378414ac33dca484bdfe16fd601e8"",""stock_quantity"":149}]","[{""variant_id"":""1339629752"",""label"":null,""in_stock"":true,""stock_quantity"":149,""selected"":true}]",6939,3,2.99,,,estimated,24.11,inventory_net_decrease,2026-09-08,2026-09-08T13:30:55+03:00,otomobil motosiklet,BEST_SELLER,arac-ici-aksesuar,araç içi aksesuar,205,6,225,225,,otomobil-motosiklet:arac-ici-aksesuar,205,-25,18.8,11.2,946239305,185368,946239305:185368,MeyZone Oto Araç Araba Içi Katlanır Bardak Tutucu Içecek Tutacağı Bardaklık,MeyZone,Oto Bardaklık,https://www.trendyol.com/meyzone/oto-arac-araba-ici-katlanir-bardak-tutucu-icecek-tutacagi-bardaklik-p-946239305?boutiqueId=61&merchantId=185368,MeyZone,9.5,139.9,,,0,TRY,"[""Sepette %1 İndirim"",""Kargo Bedava""]",InStock,,,,,,3.6275229357798167,545,224,0,,,,,4999,TRY,0,,1,3,Tahmini Teslim:,,https://cdn.dsmcdn.com/ty1696/prod/QC_PREP/20250619/10/0f0ff0a7-0986-30c8-8066-ad2a195a346f/1_org_zoom.jpg,"{""Menşei"":""CN""}",20,5,refreshed,"[""daily_top""]",true,2026-09-08T10:45:13.597Z,0,"[""search_result_dom"",""product_detail_jsonld"",""product_detail_dom""]","{""variant_id"":""observed"",""variant_label"":""unavailable"",""listing_id"":""observed"",""inventory_key"":""observed"",""stock_quantity"":""observed"",""stock_quantity_source"":""observed"",""stock_quantity_kind"":""observed"",""stock_observed_at"":""observed"",""max_sale_limit"":""observed"",""seller_count"":""observed"",""seller_count_observed"":""observed"",""seller_count_kind"":""observed"",""sellers"":""observed"",""variants"":""observed"",""favorite_count"":""observed"",""inventory_decrease"":""unavailable"",""sales_estimate_daily"":""unavailable"",""sales_estimate_weekly"":""unavailable"",""sales_estimate_monthly"":""unavailable"",""sales_estimate_status"":""unavailable"",""sales_estimate_hours"":""unavailable"",""sales_estimate_source"":""unavailable"",""title"":""observed"",""brand"":""observed"",""seller_name"":""observed"",""seller_score"":""observed"",""price"":""observed"",""original_price"":""unavailable"",""campaigns"":""observed"",""stock_status"":""observed"",""stock_signal"":""unavailable"",""rating"":""observed"",""rating_count"":""observed"",""review_count"":""observed"",""question_count"":""unavailable"",""delivery_summary"":""observed"",""shipping_cost"":""observed"",""properties"":""observed""}",true,
589113534,,025006462ddf3bedfdb50ec2241e4f7c,363288197:838726:589113534:025006462ddf3bedfdb50ec2241e4f7c,17393,merchantListing.winnerVariant.quantity,reported,2026-09-08T10:45:14.897Z,10,1,1,reported_total,"[{""merchant_id"":""838726"",""name"":""B&M MARKET"",""score"":9.5,""price"":290.96,""variant_id"":""589113534"",""listing_id"":""025006462ddf3bedfdb50ec2241e4f7c"",""stock_quantity"":17393}]","[{""variant_id"":""589113534"",""label"":null,""in_stock"":true,""stock_quantity"":17393,""selected"":true}]",46381,10,9.95,,,estimated,24.13,inventory_net_decrease,2026-09-08,2026-09-08T13:30:55+03:00,otomobil motosiklet,BEST_SELLER,arac-ici-aksesuar,araç içi aksesuar,206,6,226,226,,otomobil-motosiklet:arac-ici-aksesuar,206,-51,25.3,4.7,363288197,838726,363288197:838726,Beatitude Araba Akrobat Telefon Tutucu Araç Içine Cep Telefonu Tutacağı Oto Aksesuar Arac Telefon Tutucu,Beatitude,Araç İçi Telefon Tutucular,https://www.trendyol.com/beatitude/araba-akrobat-telefon-tutucu-arac-icine-cep-telefonu-tutacagi-oto-aksesuar-arac-telefon-tutucu-p-363288197?boutiqueId=61&merchantId=838726,B&M MARKET,9.5,290.96,,,-1.6,TRY,"[""20 TL Kupon"",""Kargo Bedava"",""Trendyol Plus'a Özel""]",InStock,,,,,,3.8228155339805827,2884,1469,1,,,,,4999,TRY,0,1,1,3,Tahmini Teslim:,En Çok Favorilenen 7. Ürün,https://cdn.dsmcdn.com/ty1602/prod/QC/20241117/14/d35fa1de-bc21-3941-bae9-a6787bd0720b/1_org_zoom.jpg,"{""Telefon Tutucu Özellikleri"":""Akrobat"",""Renk"":""Beyaz"",""Garanti Süresi"":""Belirtilmemiş"",""Türü"":""Torpido Üstü"",""Materyal"":""Plastik"",""Menşei"":""CN"",""Bakım Talimatları (Genel)"":""Nemli bir bezle silin.""}",20,5,refreshed,"[""daily_top""]",true,2026-09-08T10:45:14.898Z,0,"[""search_result_dom"",""product_detail_jsonld"",""product_detail_dom""]","{""variant_id"":""observed"",""variant_label"":""unavailable"",""listing_id"":""observed"",""inventory_key"":""observed"",""stock_quantity"":""observed"",""stock_quantity_source"":""observed"",""stock_quantity_kind"":""observed"",""stock_observed_at"":""observed"",""max_sale_limit"":""observed"",""seller_count"":""observed"",""seller_count_observed"":""observed"",""seller_count_kind"":""observed"",""sellers"":""observed"",""variants"":""observed"",""favorite_count"":""observed"",""inventory_decrease"":""unavailable"",""sales_estimate_daily"":""unavailable"",""sales_estimate_weekly"":""unavailable"",""sales_estimate_monthly"":""unavailable"",""sales_estimate_status"":""unavailable"",""sales_estimate_hours"":""unavailable"",""sales_estimate_source"":""unavailable"",""title"":""observed"",""brand"":""observed"",""seller_name"":""observed"",""seller_score"":""observed"",""price"":""observed"",""original_price"":""unavailable"",""campaigns"":""observed"",""stock_status"":""observed"",""stock_signal"":""unavailable"",""rating"":""observed"",""rating_count"":""observed"",""review_count"":""observed"",""question_count"":""unavailable"",""delivery_summary"":""observed"",""shipping_cost"":""observed"",""properties"":""observed""}",true,
1169959438,,fe9c79bd45b7da3e1e8c9a3185116556,863155139:620946:1169959438:fe9c79bd45b7da3e1e8c9a3185116556,1172,merchantListing.winnerVariant.quantity,reported,2026-09-08T10:45:15.018Z,10,1,1,reported_total,"[{""merchant_id"":""620946"",""name"":""Banxtre"",""score"":8.9,""price"":49.9,""variant_id"":""1169959438"",""listing_id"":""fe9c79bd45b7da3e1e8c9a3185116556"",""stock_quantity"":1172}]","[{""variant_id"":""1169959438"",""label"":null,""in_stock"":true,""stock_quantity"":1172,""selected"":true}]",3591,,,,,unchanged_stock,24.12,inventory_net_decrease,2026-09-08,2026-09-08T13:30:55+03:00,otomobil motosiklet,BEST_SELLER,arac-ici-aksesuar,araç içi aksesuar,207,6,227,227,,otomobil-motosiklet:arac-ici-aksesuar,207,-30,10.2,19.8,863155139,620946,863155139:620946,Banxtre Motor-Araba için Beyaz Renk İnan Hiç Farketmez Sticker Etiket 20CMx7CM (1 Adet),Banxtre,Arma Sticker & Fosfor Şerit,https://www.trendyol.com/banxtre/motor-araba-icin-beyaz-renk-inan-hic-farketmez-sticker-etiket-20cmx7cm-1-adet-p-863155139?boutiqueId=61&merchantId=620946,Banxtre,8.9,49.9,,,0,TRY,"[""Kargo Bedava""]",InStock,,,,,,4.5,54,18,0,,,,,4999,TRY,0,1,1,3,Tahmini Teslim:,,https://cdn.dsmcdn.com/ty1577/prod/QC/20241002/17/327a9d3d-23cc-3f95-99bd-a1efd68940ea/1_org_zoom.jpg,"{""Renk"":""Beyaz"",""Özellik"":""Uzun""}",18,4.5,refreshed,"[""daily_top""]",true,2026-09-08T10:45:15.018Z,0,"[""search_result_dom"",""product_detail_jsonld"",""product_detail_dom""]","{""variant_id"":""observed"",""variant_label"":""unavailable"",""listing_id"":""observed"",""inventory_key"":""observed"",""stock_quantity"":""observed"",""stock_quantity_source"":""observed"",""stock_quantity_kind"":""observed"",""stock_observed_at"":""observed"",""max_sale_limit"":""observed"",""seller_count"":""observed"",""seller_count_observed"":""observed"",""seller_count_kind"":""observed"",""sellers"":""observed"",""variants"":""observed"",""favorite_count"":""observed"",""inventory_decrease"":""unavailable"",""sales_estimate_daily"":""unavailable"",""sales_estimate_weekly"":""unavailable"",""sales_estimate_monthly"":""unavailable"",""sales_estimate_status"":""unavailable"",""sales_estimate_hours"":""unavailable"",""sales_estimate_source"":""unavailable"",""title"":""observed"",""brand"":""observed"",""seller_name"":""observed"",""seller_score"":""observed"",""price"":""observed"",""original_price"":""unavailable"",""campaigns"":""observed"",""stock_status"":""observed"",""stock_signal"":""unavailable"",""rating"":""observed"",""rating_count"":""observed"",""review_count"":""observed"",""question_count"":""unavailable"",""delivery_summary"":""observed"",""shipping_cost"":""observed"",""properties"":""observed""}",true,
1461913215,,6b3ffb914492e8f35145196a6faec992,1056867844:185368:1461913215:6b3ffb914492e8f35145196a6faec992,1937,merchantListing.winnerVariant.quantity,reported,2026-09-08T10:45:22.531Z,10,1,1,reported_total,"[{""merchant_id"":""185368"",""name"":""MeyZone"",""score"":9.5,""price"":139.9,""variant_id"":""1461913215"",""listing_id"":""6b3ffb914492e8f35145196a6faec992"",""stock_quantity"":1937}]","[{""variant_id"":""1461913215"",""label"":null,""in_stock"":true,""stock_quantity"":1937,""selected"":true}]",722,10,9.95,,,estimated,24.13,inventory_net_decrease,2026-09-08,2026-09-08T13:30:55+03:00,otomobil motosiklet,BEST_SELLER,arac-ici-aksesuar,araç içi aksesuar,208,6,228,228,,otomobil-motosiklet:arac-ici-aksesuar,208,-56,11.9,18.1,1056867844,185368,1056867844:185368,MeyZone Kahve Oto Araç Araba Klima Havalandırma Detaylı Temizlik Fırçası Premium Temizlik Fırça,MeyZone,Oto Bez ve Sünger,https://www.trendyol.com/meyzone/kahve-oto-arac-araba-klima-havalandirma-detayli-temizlik-fircasi-premium-temizlik-firca-p-1056867844?boutiqueId=61&merchantId=185368,MeyZone,9.5,139.9,,,0,TRY,"[""Sepette %1 İndirim"",""Kargo Bedava""]",InStock,,,,,,3.8137254901960786,102,30,0,,,,,4999,TRY,0,,1,3,Tahmini Teslim:,,https://cdn.dsmcdn.com/ty1791/prod/QC_PREP/20251127/03/2547261d-5a71-35d3-b8aa-1675df1f497d/1_org_zoom.jpg,"{""Menşei"":""CN""}",20,4.7,refreshed,"[""daily_top""]",true,2026-09-08T10:45:22.532Z,0,"[""search_result_dom"",""product_detail_jsonld"",""product_detail_dom""]","{""variant_id"":""observed"",""variant_label"":""unavailable"",""listing_id"":""observed"",""inventory_key"":""observed"",""stock_quantity"":""observed"",""stock_quantity_source"":""observed"",""stock_quantity_kind"":""observed"",""stock_observed_at"":""observed"",""max_sale_limit"":""observed"",""seller_count"":""observed"",""seller_count_observed"":""observed"",""seller_count_kind"":""observed"",""sellers"":""observed"",""variants"":""observed"",""favorite_count"":""observed"",""inventory_decrease"":""unavailable"",""sales_estimate_daily"":""unavailable"",""sales_estimate_weekly"":""unavailable"",""sales_estimate_monthly"":""unavailable"",""sales_estimate_status"":""unavailable"",""sales_estimate_hours"":""unavailable"",""sales_estimate_source"":""unavailable"",""title"":""observed"",""brand"":""observed"",""seller_name"":""observed"",""seller_score"":""observed"",""price"":""observed"",""original_price"":""unavailable"",""campaigns"":""observed"",""stock_status"":""observed"",""stock_signal"":""unavailable"",""rating"":""observed"",""rating_count"":""observed"",""review_count"":""observed"",""question_count"":""unavailable"",""delivery_summary"":""observed"",""shipping_cost"":""observed"",""properties"":""observed""}",true,
1308894975,,c7c1180482458bdcd909b1eebef2b4a8,926086061:1056538:1308894975:c7c1180482458bdcd909b1eebef2b4a8,304,merchantListing.winnerVariant.quantity,reported,2026-09-08T10:45:24.424Z,10,1,1,reported_total,"[{""merchant_id"":""1056538"",""name"":""Elix Group"",""score"":8.7,""price"":499.9,""variant_id"":""1308894975"",""listing_id"":""c7c1180482458bdcd909b1eebef2b4a8"",""stock_quantity"":304}]","[{""variant_id"":""1308894975"",""label"":null,""in_stock"":true,""stock_quantity"":304,""selected"":true}]",11285,10,9.94,,,estimated,24.13,inventory_net_decrease,2026-09-08,2026-09-08T13:30:55+03:00,otomobil motosiklet,BEST_SELLER,arac-ici-aksesuar,araç içi aksesuar,209,6,229,229,,otomobil-motosiklet:arac-ici-aksesuar,209,-66,16.7,13.3,926086061,1056538,926086061:1056538,inkarix Araç İçi Güneşlik Perde Araba Cam Perdesi Araba Gizlilik Perdesi,inkarix,Oto Güneşlik Perde,https://www.trendyol.com/inkarix/arac-ici-guneslik-perde-araba-cam-perdesi-araba-gizlilik-perdesi-p-926086061?boutiqueId=61&merchantId=1056538,Elix Group,8.7,499.9,,,0,TRY,"[""Kargo Bedava""]",InStock,,,,,,3.871287128712871,303,120,0,,,,,4999,TRY,0,1,1,3,Tahmini Teslim:,,https://cdn.dsmcdn.com/ty1662/prod/QC/20250411/10/08d9bd46-42f6-3dcb-aeb1-9a5d4f586e32/1_org_zoom.jpg,"{""Araç Markası"":""Volkswagen"",""Diğer Özellikler"":""%95 Güneş geçirmez"",""Menşei"":""TR""}",20,5,refreshed,"[""daily_top""]",true,2026-09-08T10:45:24.425Z,0,"[""search_result_dom"",""product_detail_jsonld"",""product_detail_dom""]","{""variant_id"":""observed"",""variant_label"":""unavailable"",""listing_id"":""observed"",""inventory_key"":""observed"",""stock_quantity"":""observed"",""stock_quantity_source"":""observed"",""stock_quantity_kind"":""observed"",""stock_observed_at"":""observed"",""max_sale_limit"":""observed"",""seller_count"":""observed"",""seller_count_observed"":""observed"",""seller_count_kind"":""observed"",""sellers"":""observed"",""variants"":""observed"",""favorite_count"":""observed"",""inventory_decrease"":""unavailable"",""sales_estimate_daily"":""unavailable"",""sales_estimate_weekly"":""unavailable"",""sales_estimate_monthly"":""unavailable"",""sales_estimate_status"":""unavailable"",""sales_estimate_hours"":""unavailable"",""sales_estimate_source"":""unavailable"",""title"":""observed"",""brand"":""observed"",""seller_name"":""observed"",""seller_score"":""observed"",""price"":""observed"",""original_price"":""unavailable"",""campaigns"":""observed"",""stock_status"":""observed"",""stock_signal"":""unavailable"",""rating"":""observed"",""rating_count"":""observed"",""review_count"":""observed"",""question_count"":""unavailable"",""delivery_summary"":""observed"",""shipping_cost"":""observed"",""properties"":""observed""}",true,
1108135180,,d34f3c7942b07ae8eef7f5c5feca7c92,827778499:296969:1108135180:d34f3c7942b07ae8eef7f5c5feca7c92,4394,merchantListing.winnerVariant.quantity,reported,2026-09-08T10:45:24.386Z,10,1,1,reported_total,"[{""merchant_id"":""296969"",""name"":""Pera Garaj"",""score"":8.6,""price"":620,""variant_id"":""1108135180"",""listing_id"":""d34f3c7942b07ae8eef7f5c5feca7c92"",""stock_quantity"":4394}]","[{""variant_id"":""1108135180"",""label"":null,""in_stock"":true,""stock_quantity"":4394,""selected"":true}]",64274,13,12.94,,,estimated,24.11,inventory_net_decrease,2026-09-08,2026-09-08T13:30:55+03:00,otomobil motosiklet,BEST_SELLER,arac-ici-aksesuar,araç içi aksesuar,210,6,230,230,,otomobil-motosiklet:arac-ici-aksesuar,210,-23,21.9,8.1,827778499,296969,827778499:296969,Fox Full Siyah Taşlı Direksiyon Kılıfı,Fox,Direksiyon Ürünü,https://www.trendyol.com/fox/full-siyah-tasli-direksiyon-kilifi-p-827778499?boutiqueId=61&merchantId=296969,Pera Garaj,8.6,620,,,0,TRY,"[""Kargo Bedava""]",InStock,,,,,,4.639705882352941,952,541,0,,,,,4999,TRY,0,1,1,3,Tahmini Teslim:,En Çok Favorilenen 1. Ürün,https://cdn.dsmcdn.com/ty1893/prod/QC_ENRICHMENT/20260809/00/a1899653-a30b-362d-b8c7-4182d8ca485c/1_org_zoom.jpg,"{""Renk"":""Siyah"",""Menşei"":""TR""}",20,5,refreshed,"[""daily_top""]",true,2026-09-08T10:45:24.387Z,0,"[""search_result_dom"",""product_detail_jsonld"",""product_detail_dom""]","{""variant_id"":""observed"",""variant_label"":""unavailable"",""listing_id"":""observed"",""inventory_key"":""observed"",""stock_quantity"":""observed"",""stock_quantity_source"":""observed"",""stock_quantity_kind"":""observed"",""stock_observed_at"":""observed"",""max_sale_limit"":""observed"",""seller_count"":""observed"",""seller_count_observed"":""observed"",""seller_count_kind"":""observed"",""sellers"":""observed"",""variants"":""observed"",""favorite_count"":""observed"",""inventory_decrease"":""unavailable"",""sales_estimate_daily"":""unavailable"",""sales_estimate_weekly"":""unavailable"",""sales_estimate_monthly"":""unavailable"",""sales_estimate_status"":""unavailable"",""sales_estimate_hours"":""unavailable"",""sales_estimate_source"":""unavailable"",""title"":""observed"",""brand"":""observed"",""seller_name"":""observed"",""seller_score"":""observed"",""price"":""observed"",""original_price"":""unavailable"",""campaigns"":""observed"",""stock_status"":""observed"",""stock_signal"":""unavailable"",""rating"":""observed"",""rating_count"":""observed"",""review_count"":""observed"",""question_count"":""unavailable"",""delivery_summary"":""observed"",""shipping_cost"":""observed"",""properties"":""observed""}",true,
1557586578,,452819490330cb5bfae861cf4bbf90fb,1118309213:404545:1557586578:452819490330cb5bfae861cf4bbf90fb,19906,merchantListing.winnerVariant.quantity,reported,2026-09-08T10:45:31.359Z,10,2,2,reported_total,"[{""merchant_id"":""404545"",""name"":""Pratik Center BYENS"",""score"":9.1,""price"":476.42,""variant_id"":""1557586578"",""listing_id"":""452819490330cb5bfae861cf4bbf90fb"",""stock_quantity"":19906},{""merchant_id"":""596513"",""name"":""Lidya Life"",""score"":9.5,""price"":689.65,""variant_id"":""1557586578"",""listing_id"":""a6acd22ae0a99118cb90203191c8cebe"",""stock_quantity"":19459}]","[{""variant_id"":""1557586578"",""label"":null,""in_stock"":true,""stock_quantity"":19906,""selected"":true}]",6545,8,7.96,,,estimated,24.13,inventory_net_decrease,2026-09-08,2026-09-08T13:30:55+03:00,otomobil motosiklet,BEST_SELLER,arac-ici-aksesuar,araç içi aksesuar,211,6,231,231,,otomobil-motosiklet:arac-ici-aksesuar,211,-55,20.7,9.3,1118309213,404545,1118309213:404545,BYENS Araba Ön Cam Güneşlik Şemsiye Araba Cam Güneşliği Otomobil Güneşlikleri Araç Oto İçi Şemsiyesi,BYENS,Oto Güneşlik Perde,https://www.trendyol.com/byens/araba-on-cam-guneslik-semsiye-araba-cam-gunesligi-otomobil-guneslikleri-arac-oto-ici-semsiyesi-p-1118309213?boutiqueId=61&merchantId=404545,Pratik Center BYENS,9.1,476.42,,,1.1,TRY,"[""Kargo Bedava"",""Trendyol Plus'a Özel""]",InStock,,,,,,4.561538461538461,520,389,7,,,,,4999,TRY,0,1,1,3,Tahmini Teslim:,,https://cdn.dsmcdn.com/ty1836/prod/QC_PREP/20260312/22/9d835aea-95bf-322f-bb1c-7fb954028ac4/1_org_zoom.jpg,"{""Araç Markası"":""Volkswagen"",""Diğer Özellikler"":""Kılıflıdır."",""Menşei"":""CN""}",20,5,refreshed,"[""daily_top""]",true,2026-09-08T10:45:31.361Z,0,"[""search_result_dom"",""product_detail_jsonld"",""product_detail_dom""]","{""variant_id"":""observed"",""variant_label"":""unavailable"",""listing_id"":""observed"",""inventory_key"":""observed"",""stock_quantity"":""observed"",""stock_quantity_source"":""observed"",""stock_quantity_kind"":""observed"",""stock_observed_at"":""observed"",""max_sale_limit"":""observed"",""seller_count"":""observed"",""seller_count_observed"":""observed"",""seller_count_kind"":""observed"",""sellers"":""observed"",""variants"":""observed"",""favorite_count"":""observed"",""inventory_decrease"":""unavailable"",""sales_estimate_daily"":""unavailable"",""sales_estimate_weekly"":""unavailable"",""sales_estimate_monthly"":""unavailable"",""sales_estimate_status"":""unavailable"",""sales_estimate_hours"":""unavailable"",""sales_estimate_source"":""unavailable"",""title"":""observed"",""brand"":""observed"",""seller_name"":""observed"",""seller_score"":""observed"",""price"":""observed"",""original_price"":""unavailable"",""campaigns"":""observed"",""stock_status"":""observed"",""stock_signal"":""unavailable"",""rating"":""observed"",""rating_count"":""observed"",""review_count"":""observed"",""question_count"":""unavailable"",""delivery_summary"":""observed"",""shipping_cost"":""observed"",""properties"":""observed""}",true,
1583746605,,e619e4121d05c12954a0ae30b0b23246,1133629320:1244322:1583746605:e619e4121d05c12954a0ae30b0b23246,734,merchantListing.winnerVariant.quantity,reported,2026-09-08T10:45:33.206Z,10,1,1,reported_total,"[{""merchant_id"":""1244322"",""name"":""chiconom"",""score"":9.4,""price"":947,""variant_id"":""1583746605"",""listing_id"":""e619e4121d05c12954a0ae30b0b23246"",""stock_quantity"":734}]","[{""variant_id"":""1583746605"",""label"":null,""in_stock"":true,""stock_quantity"":734,""selected"":true}]",683,,,,,unchanged_stock,24.13,inventory_net_decrease,2026-09-08,2026-09-08T13:30:55+03:00,otomobil motosiklet,BEST_SELLER,arac-ici-aksesuar,araç içi aksesuar,212,6,232,232,,otomobil-motosiklet:arac-ici-aksesuar,212,-53,12.8,17.2,1133629320,1244322,1133629320:1244322,"chiconom Onell Kablosuz Araç Süpürgesi 18000 Pa 3 Kademeli Vakum ve Üfleme, HEPA Filtreli,Type-C Şarjlı, Beyaz",chiconom,Araç İçi Süpürge,https://www.trendyol.com/chiconom/onell-kablosuz-arac-supurgesi-18000-pa-3-kademeli-vakum-ve-ufleme-hepa-filtreli-type-c-sarjli-beyaz-p-1133629320?boutiqueId=61&merchantId=1244322,chiconom,9.4,947,,,0,TRY,"[""Kargo Bedava"",""Trendyol Plus'a Özel""]",InStock,,,,,,4.822222222222222,45,39,0,,,,,4999,TRY,0,,1,3,Tahmini Teslim:,,https://cdn.dsmcdn.com/ty1947/prod/QC_ENRICHMENT/20260824/17/469f0d84-ac5d-3dc7-948e-d58286136528/1_org_zoom.jpg,"{""Garanti Süresi"":""2 Yıl"",""Garanti Tipi"":""İthalatçı Garantili"",""Menşei"":""CN"",""Tamir Edilebilirlik"":""Yetkili Servis ile Tamiri Gerekir."",""Özellik"":""Hava"",""Renk"":""Beyaz"",""Vakum Emiş Gücü"":""18000 PA"",""Güç (Watt)"":""0 - 250 Watt"",""Ses Seviyesi"":""41 Dba - 50 Dba"",""Şarj Süresi"":""2 - 3 Saat"",""Ürün Tipi"":""Şarjlı""}",20,5,refreshed,"[""daily_top""]",true,2026-09-08T10:45:33.207Z,0,"[""search_result_dom"",""product_detail_jsonld"",""product_detail_dom""]","{""variant_id"":""observed"",""variant_label"":""unavailable"",""listing_id"":""observed"",""inventory_key"":""observed"",""stock_quantity"":""observed"",""stock_quantity_source"":""observed"",""stock_quantity_kind"":""observed"",""stock_observed_at"":""observed"",""max_sale_limit"":""observed"",""seller_count"":""observed"",""seller_count_observed"":""observed"",""seller_count_kind"":""observed"",""sellers"":""observed"",""variants"":""observed"",""favorite_count"":""observed"",""inventory_decrease"":""unavailable"",""sales_estimate_daily"":""unavailable"",""sales_estimate_weekly"":""unavailable"",""sales_estimate_monthly"":""unavailable"",""sales_estimate_status"":""unavailable"",""sales_estimate_hours"":""unavailable"",""sales_estimate_source"":""unavailable"",""title"":""observed"",""brand"":""observed"",""seller_name"":""observed"",""seller_score"":""observed"",""price"":""observed"",""original_price"":""unavailable"",""campaigns"":""observed"",""stock_status"":""observed"",""stock_signal"":""unavailable"",""rating"":""observed"",""rating_count"":""observed"",""review_count"":""observed"",""question_count"":""unavailable"",""delivery_summary"":""observed"",""shipping_cost"":""observed"",""properties"":""observed""}",true,
1363889069,,e9be68a92620d0d6e2aeb278dc5dbb2f,963766116:919254:1363889069:e9be68a92620d0d6e2aeb278dc5dbb2f,5661,merchantListing.winnerVariant.quantity,reported,2026-09-08T10:45:33.304Z,10,1,1,reported_total,"[{""merchant_id"":""919254"",""name"":""SHHOBİ LAB"",""score"":9.2,""price"":129.99,""variant_id"":""1363889069"",""listing_id"":""e9be68a92620d0d6e2aeb278dc5dbb2f"",""stock_quantity"":5661}]","[{""variant_id"":""1363889069"",""label"":null,""in_stock"":true,""stock_quantity"":5661,""selected"":true}]",11742,8,7.96,,,estimated,24.13,inventory_net_decrease,2026-09-08,2026-09-08T13:30:55+03:00,otomobil motosiklet,BEST_SELLER,arac-ici-aksesuar,araç içi aksesuar,213,6,233,233,,otomobil-motosiklet:arac-ici-aksesuar,213,-63,15.3,14.7,963766116,919254,963766116:919254,SHHOBİ Sevimli Uyuyan Kedi Araba Dikiz Aynası Süsü Torpido Süsü - Araç Torpido Aksesuar Mutfak Masa Süsü,SHHOBİ,Torpido Aksesuar,https://www.trendyol.com/shhobi/sevimli-uyuyan-kedi-araba-dikiz-aynasi-susu-torpido-susu-arac-torpido-aksesuar-mutfak-masa-susu-p-963766116?boutiqueId=61&merchantId=919254,SHHOBİ LAB,9.2,129.99,,,4,TRY,"[""Sepette %1 İndirim"",""Kargo Bedava"",""Trendyol Plus'a Özel""]",InStock,,,,,,4.401315789473684,152,81,0,,,,,4999,TRY,0,1,1,3,Tahmini Teslim:,,https://cdn.dsmcdn.com/ty1763/prod/QC_ENRICHMENT/20250921/13/70d46288-85f9-3ce5-ab4f-c6bb97416617/1_org_zoom.jpg,"{""Menşei"":""TR"",""Bakım Talimatları (Genel)"":""Ürünün kullanım ömrünü korumak için ürüne özel bakım talimatlarını takip ediniz.""}",20,5,refreshed,"[""daily_top""]",true,2026-09-08T10:45:33.305Z,0,"[""search_result_dom"",""product_detail_jsonld"",""product_detail_dom""]","{""variant_id"":""observed"",""variant_label"":""unavailable"",""listing_id"":""observed"",""inventory_key"":""observed"",""stock_quantity"":""observed"",""stock_quantity_source"":""observed"",""stock_quantity_kind"":""observed"",""stock_observed_at"":""observed"",""max_sale_limit"":""observed"",""seller_count"":""observed"",""seller_count_observed"":""observed"",""seller_count_kind"":""observed"",""sellers"":""observed"",""variants"":""observed"",""favorite_count"":""observed"",""inventory_decrease"":""unavailable"",""sales_estimate_daily"":""unavailable"",""sales_estimate_weekly"":""unavailable"",""sales_estimate_monthly"":""unavailable"",""sales_estimate_status"":""unavailable"",""sales_estimate_hours"":""unavailable"",""sales_estimate_source"":""unavailable"",""title"":""observed"",""brand"":""observed"",""seller_name"":""observed"",""seller_score"":""observed"",""price"":""observed"",""original_price"":""unavailable"",""campaigns"":""observed"",""stock_status"":""observed"",""stock_signal"":""unavailable"",""rating"":""observed"",""rating_count"":""observed"",""review_count"":""observed"",""question_count"":""unavailable"",""delivery_summary"":""observed"",""shipping_cost"":""observed"",""properties"":""observed""}",true,
109885966,,127fff215a433918ddddd7a0911f3bbb,62903242:108301:109885966:127fff215a433918ddddd7a0911f3bbb,98,merchantListing.winnerVariant.quantity,reported,2026-09-08T10:45:40.303Z,20,1,1,reported_total,"[{""merchant_id"":""108301"",""name"":""Otoaksesuarci"",""score"":9.1,""price"":795,""variant_id"":""109885966"",""listing_id"":""127fff215a433918ddddd7a0911f3bbb"",""stock_quantity"":98}]","[{""variant_id"":""109885966"",""label"":null,""in_stock"":true,""stock_quantity"":98,""selected"":true}]",6338,,,,,observation_gap,,inventory_net_decrease,2026-09-08,2026-09-08T13:30:55+03:00,otomobil motosiklet,BEST_SELLER,arac-ici-aksesuar,araç içi aksesuar,214,6,234,234,,otomobil-motosiklet:arac-ici-aksesuar,214,-14,17.3,12.7,62903242,108301,62903242:108301,Bod Rodos Serisi Oto Koltuk Arkası Eşya Düzenleyici Araç Içi Organizer Deri Siyah,Bod,Araç İçi Organizer,https://www.trendyol.com/bod/rodos-serisi-oto-koltuk-arkasi-esya-duzenleyici-arac-ici-organizer-deri-siyah-p-62903242?boutiqueId=61&merchantId=108301,Otoaksesuarci,9.1,795,,,0,TRY,"[""Kargo Bedava""]",InStock,,,,,,4.772200772200772,259,144,2,,,,,4999,TRY,0,2,1,6,Tahmini Teslim:,,https://cdn.dsmcdn.com/ty1754/prod/QC_ENRICHMENT/20250916/16/452c5cb5-bf4c-3617-aea2-b7dd785c5873/1_org_zoom.jpg,"{""Menşei"":""TR""}",20,5,refreshed,"[""daily_top""]",true,2026-09-08T10:45:40.305Z,0,"[""search_result_dom"",""product_detail_jsonld"",""product_detail_dom""]","{""variant_id"":""observed"",""variant_label"":""unavailable"",""listing_id"":""observed"",""inventory_key"":""observed"",""stock_quantity"":""observed"",""stock_quantity_source"":""observed"",""stock_quantity_kind"":""observed"",""stock_observed_at"":""observed"",""max_sale_limit"":""observed"",""seller_count"":""observed"",""seller_count_observed"":""observed"",""seller_count_kind"":""observed"",""sellers"":""observed"",""variants"":""observed"",""favorite_count"":""observed"",""inventory_decrease"":""unavailable"",""sales_estimate_daily"":""unavailable"",""sales_estimate_weekly"":""unavailable"",""sales_estimate_monthly"":""unavailable"",""sales_estimate_status"":""unavailable"",""sales_estimate_hours"":""unavailable"",""sales_estimate_source"":""unavailable"",""title"":""observed"",""brand"":""observed"",""seller_name"":""observed"",""seller_score"":""observed"",""price"":""observed"",""original_price"":""unavailable"",""campaigns"":""observed"",""stock_status"":""observed"",""stock_signal"":""unavailable"",""rating"":""observed"",""rating_count"":""observed"",""review_count"":""observed"",""question_count"":""unavailable"",""delivery_summary"":""observed"",""shipping_cost"":""observed"",""properties"":""observed""}",true,
1556407866,,8d3dd1c4e65433b51a6aa7ed628d5547,1117590803:404545:1556407866:8d3dd1c4e65433b51a6aa7ed628d5547,19923,merchantListing.winnerVariant.quantity,reported,2026-09-08T10:45:41.784Z,10,2,2,reported_total,"[{""merchant_id"":""404545"",""name"":""Pratik Center BYENS"",""score"":9.1,""price"":555.1,""variant_id"":""1556407866"",""listing_id"":""8d3dd1c4e65433b51a6aa7ed628d5547"",""stock_quantity"":19923},{""merchant_id"":""596513"",""name"":""Lidya Life"",""score"":9.5,""price"":689.65,""variant_id"":""1556407866"",""listing_id"":""d5a2c5ba0744969d4595d1af9f798cee"",""stock_quantity"":19428}]","[{""variant_id"":""1556407866"",""label"":null,""in_stock"":true,""stock_quantity"":19923,""selected"":true}]",5253,9,8.96,,,estimated,24.12,inventory_net_decrease,2026-09-08,2026-09-08T13:30:55+03:00,otomobil motosiklet,BEST_SELLER,arac-ici-aksesuar,araç içi aksesuar,215,6,235,235,,otomobil-motosiklet:arac-ici-aksesuar,215,-26,20.6,9.4,1117590803,404545,1117590803:404545,BYENS Araba Ön Cam Güneşlik Araba Cam Güneşliği Otomobil Güneşlikleri Araç Gölgelik Oto İçi Katlanır Kare,BYENS,Oto Güneşlik Perde,https://www.trendyol.com/byens/araba-on-cam-guneslik-araba-cam-gunesligi-otomobil-guneslikleri-arac-golgelik-oto-ici-katlanir-kare-p-1117590803?boutiqueId=61&merchantId=404545,Pratik Center BYENS,9.1,555.1,,,1.4,TRY,"[""Kargo Bedava"",""Trendyol Plus'a Özel""]",InStock,,,,,,4.471287128712872,505,378,2,,,,,4999,TRY,0,1,1,3,Tahmini Teslim:,,https://cdn.dsmcdn.com/ty1838/prod/QC_PREP/20260311/17/2621718d-3644-3980-a47e-8b2fc005f30a/1_org_zoom.jpg,"{""Araç Markası"":""Volkswagen"",""Diğer Özellikler"":""Güneşlik Kare Katlanabilir"",""Menşei"":""CN""}",20,5,refreshed,"[""daily_top""]",true,2026-09-08T10:45:41.785Z,0,"[""search_result_dom"",""product_detail_jsonld"",""product_detail_dom""]","{""variant_id"":""observed"",""variant_label"":""unavailable"",""listing_id"":""observed"",""inventory_key"":""observed"",""stock_quantity"":""observed"",""stock_quantity_source"":""observed"",""stock_quantity_kind"":""observed"",""stock_observed_at"":""observed"",""max_sale_limit"":""observed"",""seller_count"":""observed"",""seller_count_observed"":""observed"",""seller_count_kind"":""observed"",""sellers"":""observed"",""variants"":""observed"",""favorite_count"":""observed"",""inventory_decrease"":""unavailable"",""sales_estimate_daily"":""unavailable"",""sales_estimate_weekly"":""unavailable"",""sales_estimate_monthly"":""unavailable"",""sales_estimate_status"":""unavailable"",""sales_estimate_hours"":""unavailable"",""sales_estimate_source"":""unavailable"",""title"":""observed"",""brand"":""observed"",""seller_name"":""observed"",""seller_score"":""observed"",""price"":""observed"",""original_price"":""unavailable"",""campaigns"":""observed"",""stock_status"":""observed"",""stock_signal"":""unavailable"",""rating"":""observed"",""rating_count"":""observed"",""review_count"":""observed"",""question_count"":""unavailable"",""delivery_summary"":""observed"",""shipping_cost"":""observed"",""properties"":""observed""}",true,
1327210787,,3a59069b7041ce17eb3e737038e6315a,937977911:555700:1327210787:3a59069b7041ce17eb3e737038e6315a,459,merchantListing.winnerVariant.quantity,reported,2026-09-08T10:45:42.035Z,20,1,1,reported_total,"[{""merchant_id"":""555700"",""name"":""GMD TECH"",""score"":8.9,""price"":24.9,""variant_id"":""1327210787"",""listing_id"":""3a59069b7041ce17eb3e737038e6315a"",""stock_quantity"":459}]","[{""variant_id"":""1327210787"",""label"":null,""in_stock"":true,""stock_quantity"":459,""selected"":true}]",42766,6,5.97,,,estimated,24.12,inventory_net_decrease,2026-09-08,2026-09-08T13:30:55+03:00,otomobil motosiklet,BEST_SELLER,arac-ici-aksesuar,araç içi aksesuar,216,6,236,236,,otomobil-motosiklet:arac-ici-aksesuar,216,-33,20.1,9.9,937977911,555700,937977911:555700,"DecoVera Mini Civciv Araç Içi Süsü, Masa Dekoru, Tatlı Dekor, Klima Süsü, Minik Dekor, Göğüs Süsü 1 adet",DecoVera,Torpido Aksesuar,https://www.trendyol.com/decovera/mini-civciv-arac-ici-susu-masa-dekoru-tatli-dekor-klima-susu-minik-dekor-gogus-susu-1-adet-p-937977911?boutiqueId=61&merchantId=555700,GMD TECH,8.9,24.9,,,0,TRY,"[""Kargo Bedava""]",InStock,,,,,,4.109697933227345,629,326,0,,,,,4999,TRY,0,1,1,3,Tahmini Teslim:,,https://cdn.dsmcdn.com/ty1770/prod/QC_ENRICHMENT/20251013/17/fef8fc78-ee5f-35e2-a7c6-456f35f43270/1_org_zoom.jpg,"{""Menşei"":""TR"",""Bakım Talimatları (Genel)"":""Nemli bir bezle silin.""}",20,5,refreshed,"[""daily_top""]",true,2026-09-08T10:45:42.036Z,0,"[""search_result_dom"",""product_detail_jsonld"",""product_detail_dom""]","{""variant_id"":""observed"",""variant_label"":""unavailable"",""listing_id"":""observed"",""inventory_key"":""observed"",""stock_quantity"":""observed"",""stock_quantity_source"":""observed"",""stock_quantity_kind"":""observed"",""stock_observed_at"":""observed"",""max_sale_limit"":""observed"",""seller_count"":""observed"",""seller_count_observed"":""observed"",""seller_count_kind"":""observed"",""sellers"":""observed"",""variants"":""observed"",""favorite_count"":""observed"",""inventory_decrease"":""unavailable"",""sales_estimate_daily"":""unavailable"",""sales_estimate_weekly"":""unavailable"",""sales_estimate_monthly"":""unavailable"",""sales_estimate_status"":""unavailable"",""sales_estimate_hours"":""unavailable"",""sales_estimate_source"":""unavailable"",""title"":""observed"",""brand"":""observed"",""seller_name"":""observed"",""seller_score"":""observed"",""price"":""observed"",""original_price"":""unavailable"",""campaigns"":""observed"",""stock_status"":""observed"",""stock_signal"":""unavailable"",""rating"":""observed"",""rating_count"":""observed"",""review_count"":""observed"",""question_count"":""unavailable"",""delivery_summary"":""observed"",""shipping_cost"":""observed"",""properties"":""observed""}",true,
1665532500,,beff9aa07d78a946e5f281897f033080,1187150465:209512:1665532500:beff9aa07d78a946e5f281897f033080,437,merchantListing.winnerVariant.quantity,reported,2026-09-08T10:45:49.441Z,10,1,1,reported_total,"[{""merchant_id"":""209512"",""name"":""MARİMA"",""score"":8.8,""price"":801.8,""variant_id"":""1665532500"",""listing_id"":""beff9aa07d78a946e5f281897f033080"",""stock_quantity"":437}]","[{""variant_id"":""1665532500"",""label"":null,""in_stock"":true,""stock_quantity"":437,""selected"":true}]",149,20,19.9,,,estimated,24.12,inventory_net_decrease,2026-09-08,2026-09-08T13:30:55+03:00,otomobil motosiklet,BEST_SELLER,arac-ici-aksesuar,araç içi aksesuar,217,6,237,237,,otomobil-motosiklet:arac-ici-aksesuar,217,-29,6.6,24.4,1187150465,209512,1187150465:209512,"ROBEVE X9 Turbo Jet Fan 100.000 RPM Yüksek Güçlü Hava Üfleyici – 5 Kademeli Şarjlı Fan LED Aydınlatmalı Toz Temizleme Fanı – Bilgisayar, Klavye, Araç İçi, Mangal, Kamp, Dış Mekan Taşınabilir Turbo Fan",ROBEVE,,https://www.trendyol.com/robeve/x9-turbo-jet-fan-100-000-rpm-yuksek-guclu-hava-ufleyici-5-kademeli-sarjli-fan-led-aydinlatmali-toz-temizleme-fani-bilgisayar-klavye-arac-ici-mangal-kamp-dis-mekan-tasinabilir-turbo-fan-p-1187150465?boutiqueId=61&merchantId=209512,MARİMA,8.8,801.8,809.9,1,-1,TRY,"[""Kargo Bedava"",""Son 10 Günün En Düşük Fiyatı"",""Son 10 günün en düşük fiyatı""]",InStock,,,,,,4.75,4,4,1,,,,,,,0,,,,Tahmini Teslim:,,,{},0,,refreshed,"[""daily_top""]",true,2026-09-08T10:45:49.442Z,0,"[""search_result_dom"",""product_detail_jsonld"",""product_detail_dom""]","{""variant_id"":""observed"",""variant_label"":""unavailable"",""listing_id"":""observed"",""inventory_key"":""observed"",""stock_quantity"":""observed"",""stock_quantity_source"":""observed"",""stock_quantity_kind"":""observed"",""stock_observed_at"":""observed"",""max_sale_limit"":""observed"",""seller_count"":""observed"",""seller_count_observed"":""observed"",""seller_count_kind"":""observed"",""sellers"":""observed"",""variants"":""observed"",""favorite_count"":""observed"",""inventory_decrease"":""unavailable"",""sales_estimate_daily"":""unavailable"",""sales_estimate_weekly"":""unavailable"",""sales_estimate_monthly"":""unavailable"",""sales_estimate_status"":""unavailable"",""sales_estimate_hours"":""unavailable"",""sales_estimate_source"":""unavailable"",""title"":""observed"",""brand"":""observed"",""seller_name"":""observed"",""seller_score"":""observed"",""price"":""observed"",""original_price"":""observed"",""campaigns"":""observed"",""stock_status"":""observed"",""stock_signal"":""unavailable"",""rating"":""observed"",""rating_count"":""observed"",""review_count"":""observed"",""question_count"":""unavailable"",""delivery_summary"":""observed"",""shipping_cost"":""unavailable"",""properties"":""observed""}",true,
1085900238,,1af36a115f3cd4d21d1b4055371d243c,814237024:185368:1085900238:1af36a115f3cd4d21d1b4055371d243c,98,merchantListing.winnerVariant.quantity,reported,2026-09-08T10:45:50.217Z,10,1,1,reported_total,"[{""merchant_id"":""185368"",""name"":""MeyZone"",""score"":9.5,""price"":79.9,""variant_id"":""1085900238"",""listing_id"":""1af36a115f3cd4d21d1b4055371d243c"",""stock_quantity"":98}]","[{""variant_id"":""1085900238"",""label"":null,""in_stock"":true,""stock_quantity"":98,""selected"":true}]",3155,2,1.99,,,estimated,24.11,inventory_net_decrease,2026-09-08,2026-09-08T13:30:55+03:00,otomobil motosiklet,BEST_SELLER,arac-ici-aksesuar,araç içi aksesuar,218,6,238,238,,otomobil-motosiklet:arac-ici-aksesuar,218,-18,14.6,15.4,814237024,185368,814237024:185368,MeyZone Telefon Tutucu Mini Çok Fonksiyonlu Araç İçi Telefon Tutucu Bantlı Yapıştırma,MeyZone,Torpido Telefon Sabitleyici,https://www.trendyol.com/meyzone/telefon-tutucu-mini-cok-fonksiyonlu-arac-ici-telefon-tutucu-bantli-yapistirma-p-814237024?boutiqueId=61&merchantId=185368,MeyZone,9.5,79.9,,,0,TRY,"[""Sepette %1 İndirim"",""Kargo Bedava""]",InStock,,,,,,3.7823834196891193,193,66,0,,,,,4999,TRY,0,,1,3,Tahmini Teslim:,En Çok Ziyaret Edilen 4. Ürün,https://cdn.dsmcdn.com/ty1446/product/media/images/prod/QC/20240728/13/546b7fbf-9863-389b-bb88-46097ebbdd19/1_org_zoom.jpg,"{""Renk"":""Siyah""}",20,5,refreshed,"[""daily_top""]",true,2026-09-08T10:45:50.218Z,0,"[""search_result_dom"",""product_detail_jsonld"",""product_detail_dom""]","{""variant_id"":""observed"",""variant_label"":""unavailable"",""listing_id"":""observed"",""inventory_key"":""observed"",""stock_quantity"":""observed"",""stock_quantity_source"":""observed"",""stock_quantity_kind"":""observed"",""stock_observed_at"":""observed"",""max_sale_limit"":""observed"",""seller_count"":""observed"",""seller_count_observed"":""observed"",""seller_count_kind"":""observed"",""sellers"":""observed"",""variants"":""observed"",""favorite_count"":""observed"",""inventory_decrease"":""unavailable"",""sales_estimate_daily"":""unavailable"",""sales_estimate_weekly"":""unavailable"",""sales_estimate_monthly"":""unavailable"",""sales_estimate_status"":""unavailable"",""sales_estimate_hours"":""unavailable"",""sales_estimate_source"":""unavailable"",""title"":""observed"",""brand"":""observed"",""seller_name"":""observed"",""seller_score"":""observed"",""price"":""observed"",""original_price"":""unavailable"",""campaigns"":""observed"",""stock_status"":""observed"",""stock_signal"":""unavailable"",""rating"":""observed"",""rating_count"":""observed"",""review_count"":""observed"",""question_count"":""unavailable"",""delivery_summary"":""observed"",""shipping_cost"":""observed"",""properties"":""observed""}",true,
1220391983,,807420c7c0718c7acac408cf9e639b6b,881222651:497612:1220391983:807420c7c0718c7acac408cf9e639b6b,9897,merchantListing.winnerVariant.quantity,reported,2026-09-08T10:45:50.613Z,5,1,1,reported_total,"[{""merchant_id"":""497612"",""name"":""MEGBUY"",""score"":9.3,""price"":198.95,""variant_id"":""1220391983"",""listing_id"":""807420c7c0718c7acac408cf9e639b6b"",""stock_quantity"":9897}]","[{""variant_id"":""1220391983"",""label"":null,""in_stock"":true,""stock_quantity"":9897,""selected"":true}]",4457,6,5.97,,,estimated,24.13,inventory_net_decrease,2026-09-08,2026-09-08T13:30:55+03:00,otomobil motosiklet,BEST_SELLER,arac-ici-aksesuar,araç içi aksesuar,219,6,239,239,,otomobil-motosiklet:arac-ici-aksesuar,219,-46,16.9,13.1,881222651,497612,881222651:497612,MEGBUY Sarı Zemin Üzerine Siyah Renk Dikkat Yeni Sürücü Yazılı Acemi Sürücü Araba Cam Oto Aksesuar Vantuzlu,MEGBUY,Araç İçi Organizer,https://www.trendyol.com/megbuy/sari-zemin-uzerine-siyah-renk-dikkat-yeni-surucu-yazili-acemi-surucu-araba-cam-oto-aksesuar-vantuzlu-p-881222651?boutiqueId=61&merchantId=497612,MEGBUY,9.3,198.95,,,11,TRY,"[""Kargo Bedava""]",InStock,,,,,,4.395744680851064,235,128,0,,,,,4999,TRY,0,1,1,3,Tahmini Teslim:,,https://cdn.dsmcdn.com/ty1823/prod/QC_ENRICHMENT/20260208/09/0d086438-1a00-3195-921b-b1080f67911a/1_org_zoom.jpg,"{""Diğer Özellikler"":""Vantuzlu Kullanım"",""Menşei"":""TR""}",20,5,refreshed,"[""daily_top""]",true,2026-09-08T10:45:50.614Z,0,"[""search_result_dom"",""product_detail_jsonld"",""product_detail_dom""]","{""variant_id"":""observed"",""variant_label"":""unavailable"",""listing_id"":""observed"",""inventory_key"":""observed"",""stock_quantity"":""observed"",""stock_quantity_source"":""observed"",""stock_quantity_kind"":""observed"",""stock_observed_at"":""observed"",""max_sale_limit"":""observed"",""seller_count"":""observed"",""seller_count_observed"":""observed"",""seller_count_kind"":""observed"",""sellers"":""observed"",""variants"":""observed"",""favorite_count"":""observed"",""inventory_decrease"":""unavailable"",""sales_estimate_daily"":""unavailable"",""sales_estimate_weekly"":""unavailable"",""sales_estimate_monthly"":""unavailable"",""sales_estimate_status"":""unavailable"",""sales_estimate_hours"":""unavailable"",""sales_estimate_source"":""unavailable"",""title"":""observed"",""brand"":""observed"",""seller_name"":""observed"",""seller_score"":""observed"",""price"":""observed"",""original_price"":""unavailable"",""campaigns"":""observed"",""stock_status"":""observed"",""stock_signal"":""unavailable"",""rating"":""observed"",""rating_count"":""observed"",""review_count"":""observed"",""question_count"":""unavailable"",""delivery_summary"":""observed"",""shipping_cost"":""observed"",""properties"":""observed""}",true,
1431060374,,c1f93d1702f7a8c4bf1783aef60f5222,1033430372:620946:1431060374:c1f93d1702f7a8c4bf1783aef60f5222,358,merchantListing.winnerVariant.quantity,reported,2026-09-08T10:46:01.236Z,10,1,1,reported_total,"[{""merchant_id"":""620946"",""name"":""Banxtre"",""score"":8.9,""price"":24.9,""variant_id"":""1431060374"",""listing_id"":""c1f93d1702f7a8c4bf1783aef60f5222"",""stock_quantity"":358}]","[{""variant_id"":""1431060374"",""label"":null,""in_stock"":true,""stock_quantity"":358,""selected"":true}]",1888,,,,,missing_baseline,,inventory_net_decrease,2026-09-08,2026-09-08T13:30:55+03:00,otomobil motosiklet,BEST_SELLER,arac-ici-aksesuar,araç içi aksesuar,220,6,240,240,4,otomobil-motosiklet:arac-ici-aksesuar,220,,10.4,19.6,1033430372,620946,1033430372:620946,Banxtre Motor için El Sueno Del Nino Sticker (Bir Çocuğun Rüyası) Sticker Etiket (15CMx2.5CM),Banxtre,,https://www.trendyol.com/banxtre/motor-icin-el-sueno-del-nino-sticker-bir-cocugun-ruyasi-sticker-etiket-15cmx2-5cm-p-1033430372?boutiqueId=61&merchantId=620946,Banxtre,8.9,24.9,,,,TRY,"[""Kargo Bedava""]",InStock,,,,,,4.346938775510204,49,19,,,,,,,,0,,,,Tahmini Teslim:,,,{},0,,refreshed,"[""daily_top""]",true,2026-09-08T10:46:01.237Z,0,"[""search_result_dom"",""product_detail_jsonld"",""product_detail_dom""]","{""variant_id"":""observed"",""variant_label"":""unavailable"",""listing_id"":""observed"",""inventory_key"":""observed"",""stock_quantity"":""observed"",""stock_quantity_source"":""observed"",""stock_quantity_kind"":""observed"",""stock_observed_at"":""observed"",""max_sale_limit"":""observed"",""seller_count"":""observed"",""seller_count_observed"":""observed"",""seller_count_kind"":""observed"",""sellers"":""observed"",""variants"":""observed"",""favorite_count"":""observed"",""inventory_decrease"":""unavailable"",""sales_estimate_daily"":""unavailable"",""sales_estimate_weekly"":""unavailable"",""sales_estimate_monthly"":""unavailable"",""sales_estimate_status"":""unavailable"",""sales_estimate_hours"":""unavailable"",""sales_estimate_source"":""unavailable"",""title"":""observed"",""brand"":""observed"",""seller_name"":""observed"",""seller_score"":""observed"",""price"":""observed"",""original_price"":""unavailable"",""campaigns"":""observed"",""stock_status"":""observed"",""stock_signal"":""unavailable"",""rating"":""observed"",""rating_count"":""observed"",""review_count"":""observed"",""question_count"":""unavailable"",""delivery_summary"":""observed"",""shipping_cost"":""unavailable"",""properties"":""observed""}",true,
1513723504,,5eacc17d5134422bace48a07e9abf7b9,1092643458:185368:1513723504:5eacc17d5134422bace48a07e9abf7b9,316,merchantListing.winnerVariant.quantity,reported,2026-09-08T10:46:01.954Z,20,1,1,reported_total,"[{""merchant_id"":""185368"",""name"":""MeyZone"",""score"":9.5,""price"":129.9,""variant_id"":""1513723504"",""listing_id"":""5eacc17d5134422bace48a07e9abf7b9"",""stock_quantity"":316}]","[{""variant_id"":""1513723504"",""label"":null,""in_stock"":true,""stock_quantity"":316,""selected"":true}]",480,4,3.98,,,estimated,24.13,inventory_net_decrease,2026-09-08,2026-09-08T13:30:55+03:00,otomobil motosiklet,BEST_SELLER,arac-ici-aksesuar,araç içi aksesuar,221,6,241,241,,otomobil-motosiklet:arac-ici-aksesuar,221,-57,12.1,17.9,1092643458,185368,1092643458:185368,MeyZone Kırmızı Metal Kasa Numara Çevirmeli Araç İçi Telefon Numaratör Park Numarası Parkmatik Numaratör,MeyZone,Torpido Aksesuar,https://www.trendyol.com/meyzone/kirmizi-metal-kasa-numara-cevirmeli-arac-ici-telefon-numarator-park-numarasi-parkmatik-numarator-p-1092643458?boutiqueId=61&merchantId=185368,MeyZone,9.5,129.9,,,0,TRY,"[""Sepette %1 İndirim"",""Kargo Bedava""]",InStock,,,,,,4.09,100,32,0,,,,,4999,TRY,0,,1,3,Tahmini Teslim:,,https://cdn.dsmcdn.com/ty1816/prod/QC_PREP/20260127/09/5d6d1c26-2aea-39e4-90b4-a5934efe3b48/1_org_zoom.jpg,"{""Menşei"":""CN""}",20,4.6,refreshed,"[""daily_top""]",true,2026-09-08T10:46:01.955Z,0,"[""search_result_dom"",""product_detail_jsonld"",""product_detail_dom""]","{""variant_id"":""observed"",""variant_label"":""unavailable"",""listing_id"":""observed"",""inventory_key"":""observed"",""stock_quantity"":""observed"",""stock_quantity_source"":""observed"",""stock_quantity_kind"":""observed"",""stock_observed_at"":""observed"",""max_sale_limit"":""observed"",""seller_count"":""observed"",""seller_count_observed"":""observed"",""seller_count_kind"":""observed"",""sellers"":""observed"",""variants"":""observed"",""favorite_count"":""observed"",""inventory_decrease"":""unavailable"",""sales_estimate_daily"":""unavailable"",""sales_estimate_weekly"":""unavailable"",""sales_estimate_monthly"":""unavailable"",""sales_estimate_status"":""unavailable"",""sales_estimate_hours"":""unavailable"",""sales_estimate_source"":""unavailable"",""title"":""observed"",""brand"":""observed"",""seller_name"":""observed"",""seller_score"":""observed"",""price"":""observed"",""original_price"":""unavailable"",""campaigns"":""observed"",""stock_status"":""observed"",""stock_signal"":""unavailable"",""rating"":""observed"",""rating_count"":""observed"",""review_count"":""observed"",""question_count"":""unavailable"",""delivery_summary"":""observed"",""shipping_cost"":""observed"",""properties"":""observed""}",true,
94650039,,e47e02e5199c5b5d7c2e1bd6a5c26614,53255875:386081:94650039:e47e02e5199c5b5d7c2e1bd6a5c26614,12010,merchantListing.winnerVariant.quantity,reported,2026-09-08T10:46:02.067Z,20,14,14,reported_total,"[{""merchant_id"":""386081"",""name"":""CHN GROUP"",""score"":9.3,""price"":49.99,""variant_id"":""94650039"",""listing_id"":""e47e02e5199c5b5d7c2e1bd6a5c26614"",""stock_quantity"":12010},{""merchant_id"":""256324"",""name"":""MorzaPazari"",""score"":8.4,""price"":50.5,""variant_id"":""94650039"",""listing_id"":""b1afe3bab19f313b8f4ba287cde4ab82"",""stock_quantity"":184},{""merchant_id"":""345234"",""name"":""elektroTeChno"",""score"":9.2,""price"":46,""variant_id"":""94650039"",""listing_id"":""5f687763784558def79b37dbb0d5c09a"",""stock_quantity"":508},{""merchant_id"":""126610"",""name"":""Evgereçlerim"",""score"":9.2,""price"":46.52,""variant_id"":""94650039"",""listing_id"":""326083ebfb256983e04812c736a577ce"",""stock_quantity"":82},{""merchant_id"":""1045003"",""name"":""Aveo"",""score"":9.3,""price"":48.88,""variant_id"":""94650039"",""listing_id"":""a9f74872383d2ae7941c144563d566a3"",""stock_quantity"":78},{""merchant_id"":""142085"",""name"":""MATES STORE"",""score"":9.3,""price"":74.99,""variant_id"":""94650039"",""listing_id"":""26c73c661e9f676280b0a77395702fa6"",""stock_quantity"":4095},{""merchant_id"":""214762"",""name"":""ÖZASYA AVM"",""score"":9.1,""price"":99.9,""variant_id"":""94650039"",""listing_id"":""629c4293b4e4e7b1c64e5197a9334a88"",""stock_quantity"":19955},{""merchant_id"":""912214"",""name"":""UGURSEPETİ"",""score"":8.9,""price"":99.9,""variant_id"":""94650039"",""listing_id"":""29d6727a0fad145f3516e191be6e640d"",""stock_quantity"":9989},{""merchant_id"":""406856"",""name"":""Trajanis"",""score"":7.7,""price"":112.91,""variant_id"":""94650039"",""listing_id"":""14f751b9c6b03d12ce2b2edddd65b661"",""stock_quantity"":13559},{""merchant_id"":""788392"",""name"":""Hombak"",""score"":8.8,""price"":120,""variant_id"":""94650039"",""listing_id"":""d7d6ef9b91c1214e33ebab226df6c45f"",""stock_quantity"":97},{""merchant_id"":""1181393"",""name"":""Asel-Aksesuar"",""score"":9.1,""price"":149.99,""variant_id"":""94650039"",""listing_id"":""57f9e12582e8cdd3eef28c1d6170f3b0"",""stock_quantity"":21},{""merchant_id"":""294149"",""name"":""Sanal Mağazanız"",""score"":9.2,""price"":149,""variant_id"":""94650039"",""listing_id"":""5eae1bd9d41ce0f93d06e11cf920abfa"",""stock_quantity"":84},{""merchant_id"":""114160"",""name"":""TRENDSEPETİ"",""score"":8.9,""price"":149,""variant_id"":""94650039"",""listing_id"":""cd685f9d3adcb86a57baef89b02c2c27"",""stock_quantity"":3},{""merchant_id"":""235393"",""name"":""Mrt-Bilisim"",""score"":9.4,""price"":199.99,""variant_id"":""94650039"",""listing_id"":""c9a71810099b08c8325a0e0129e6a17f"",""stock_quantity"":50}]","[{""variant_id"":""94650039"",""label"":null,""in_stock"":true,""stock_quantity"":12010,""selected"":true}]",7380,,,,,identity_changed_or_unknown,,inventory_net_decrease,2026-09-08,2026-09-08T13:30:55+03:00,otomobil motosiklet,BEST_SELLER,arac-ici-aksesuar,araç içi aksesuar,222,6,242,242,,otomobil-motosiklet:arac-ici-aksesuar,222,-120,22.6,7.4,53255875,386081,53255875:386081,CMT Oto Araç İçi Mandallı Gözlük Tutucu Tutacağı Gözlük Klipsi TEK,CMT,Torpido Aksesuar,https://www.trendyol.com/cmt/oto-arac-ici-mandalli-gozluk-tutucu-tutacagi-gozluk-klipsi-tek-p-53255875?boutiqueId=61&merchantId=386081,CHN GROUP,9.3,49.99,,,6.4,TRY,"[""10 TL Kupon"",""Sepette %1 İndirim"",""Kargo Bedava""]",InStock,,,,,,3.5196982397317687,1193,671,4,,,,,4999,TRY,0,1,1,3,Tahmini Teslim:,,https://cdn.dsmcdn.com/ty1919/prod/QC_ENRICHMENT/20260505/11/da6a0a8e-b0dc-3783-9699-dfc6b7260d74/1_org_zoom.jpg,"{""Menşei"":""TR"",""Bakım Talimatları (Genel)"":""Ürünün kullanım ömrünü korumak için ürüne özel bakım talimatlarını takip ediniz.""}",20,5,refreshed,"[""daily_top""]",true,2026-09-08T10:46:02.068Z,0,"[""search_result_dom"",""product_detail_jsonld"",""product_detail_dom""]","{""variant_id"":""observed"",""variant_label"":""unavailable"",""listing_id"":""observed"",""inventory_key"":""observed"",""stock_quantity"":""observed"",""stock_quantity_source"":""observed"",""stock_quantity_kind"":""observed"",""stock_observed_at"":""observed"",""max_sale_limit"":""observed"",""seller_count"":""observed"",""seller_count_observed"":""observed"",""seller_count_kind"":""observed"",""sellers"":""observed"",""variants"":""observed"",""favorite_count"":""observed"",""inventory_decrease"":""unavailable"",""sales_estimate_daily"":""unavailable"",""sales_estimate_weekly"":""unavailable"",""sales_estimate_monthly"":""unavailable"",""sales_estimate_status"":""unavailable"",""sales_estimate_hours"":""unavailable"",""sales_estimate_source"":""unavailable"",""title"":""observed"",""brand"":""observed"",""seller_name"":""observed"",""seller_score"":""observed"",""price"":""observed"",""original_price"":""unavailable"",""campaigns"":""observed"",""stock_status"":""observed"",""stock_signal"":""unavailable"",""rating"":""observed"",""rating_count"":""observed"",""review_count"":""observed"",""question_count"":""unavailable"",""delivery_summary"":""observed"",""shipping_cost"":""observed"",""properties"":""observed""}",true,
1424429945,,55d520f299c65a2d9cd2d14a86f295a6,1027544109:107786:1424429945:55d520f299c65a2d9cd2d14a86f295a6,410,merchantListing.winnerVariant.quantity,reported,2026-09-08T10:46:13.692Z,10,2,2,reported_total,"[{""merchant_id"":""107786"",""name"":""Wise"",""score"":8.9,""price"":1149,""variant_id"":""1424429945"",""listing_id"":""55d520f299c65a2d9cd2d14a86f295a6"",""stock_quantity"":410},{""merchant_id"":""117962"",""name"":""Smart"",""score"":8.8,""price"":1299,""variant_id"":""1424429945"",""listing_id"":""f3d139d8b390eba234088feb08deb025"",""stock_quantity"":411}]","[{""variant_id"":""1424429945"",""label"":null,""in_stock"":true,""stock_quantity"":410,""selected"":true}]",8902,9,8.95,,,estimated,24.14,inventory_net_decrease,2026-09-08,2026-09-08T13:30:55+03:00,otomobil motosiklet,BEST_SELLER,arac-ici-aksesuar,araç içi aksesuar,223,6,243,243,4,otomobil-motosiklet:arac-ici-aksesuar,223,-58,15.4,14.6,1027544109,107786,1027544109:107786,Blooma Araç Içi Şişme Yatak Çakmaklık Pompalı 130x80x40 cm Krem,Blooma,,https://www.trendyol.com/blooma/arac-ici-sisme-yatak-cakmaklik-pompali-130x80x40-cm-krem-p-1027544109?boutiqueId=61&merchantId=107786,Wise,8.9,1149,,,22.2,TRY,"[""Kargo Bedava""]",InStock,,,,,,4.222222222222221,189,82,3,,,,,,,0,,,,Tahmini Teslim:,En Çok Satan 4. Ürün,,{},0,,refreshed,"[""daily_top""]",true,2026-09-08T10:46:13.693Z,0,"[""search_result_dom"",""product_detail_jsonld"",""product_detail_dom""]","{""variant_id"":""observed"",""variant_label"":""unavailable"",""listing_id"":""observed"",""inventory_key"":""observed"",""stock_quantity"":""observed"",""stock_quantity_source"":""observed"",""stock_quantity_kind"":""observed"",""stock_observed_at"":""observed"",""max_sale_limit"":""observed"",""seller_count"":""observed"",""seller_count_observed"":""observed"",""seller_count_kind"":""observed"",""sellers"":""observed"",""variants"":""observed"",""favorite_count"":""observed"",""inventory_decrease"":""unavailable"",""sales_estimate_daily"":""unavailable"",""sales_estimate_weekly"":""unavailable"",""sales_estimate_monthly"":""unavailable"",""sales_estimate_status"":""unavailable"",""sales_estimate_hours"":""unavailable"",""sales_estimate_source"":""unavailable"",""title"":""observed"",""brand"":""observed"",""seller_name"":""observed"",""seller_score"":""observed"",""price"":""observed"",""original_price"":""unavailable"",""campaigns"":""observed"",""stock_status"":""observed"",""stock_signal"":""unavailable"",""rating"":""observed"",""rating_count"":""observed"",""review_count"":""observed"",""question_count"":""unavailable"",""delivery_summary"":""observed"",""shipping_cost"":""unavailable"",""properties"":""observed""}",true,
1526008018,,bac08491ee65e3a17e97df390b2206f9,1099446894:867640:1526008018:bac08491ee65e3a17e97df390b2206f9,1545,merchantListing.winnerVariant.quantity,reported,2026-09-08T10:46:14.078Z,10,1,1,reported_total,"[{""merchant_id"":""867640"",""name"":""Modifiyum"",""score"":9.6,""price"":116.53,""variant_id"":""1526008018"",""listing_id"":""bac08491ee65e3a17e97df390b2206f9"",""stock_quantity"":1545}]","[{""variant_id"":""1526008018"",""label"":null,""in_stock"":true,""stock_quantity"":1545,""selected"":true}]",4641,,,,,observation_gap,,inventory_net_decrease,2026-09-08,2026-09-08T13:30:55+03:00,otomobil motosiklet,BEST_SELLER,arac-ici-aksesuar,araç içi aksesuar,224,6,244,244,,otomobil-motosiklet:arac-ici-aksesuar,224,-45,15.7,14.3,1099446894,867640,1099446894:867640,Modifiyum Siyah Araç İçi Küllük Metal Hazneli Kayar Kapaklı Yapışkanlı Oto Küllük,Modifiyum,Oto Küllük,https://www.trendyol.com/modifiyum/siyah-arac-ici-kulluk-metal-hazneli-kayar-kapakli-yapiskanli-oto-kulluk-p-1099446894?boutiqueId=61&merchantId=867640,Modifiyum,9.6,116.53,,,-0.7,TRY,"[""Sepette %1 İndirim"",""Kargo Bedava""]",InStock,,,,,,4.1938775510204085,196,92,0,,,,,4999,TRY,0,1,1,3,Tahmini Teslim:,En Çok Ziyaret Edilen 2. Ürün,https://cdn.dsmcdn.com/ty1821/prod/QC_PREP/20260209/15/dd185938-535f-378a-82e8-f5fa1b5bd331/1_org_zoom.jpg,"{""Menşei"":""CN"",""Bakım Talimatları (Genel)"":""Nemli bir bezle silin.""}",20,5,refreshed,"[""daily_top""]",true,2026-09-08T10:46:14.079Z,0,"[""search_result_dom"",""product_detail_jsonld"",""product_detail_dom""]","{""variant_id"":""observed"",""variant_label"":""unavailable"",""listing_id"":""observed"",""inventory_key"":""observed"",""stock_quantity"":""observed"",""stock_quantity_source"":""observed"",""stock_quantity_kind"":""observed"",""stock_observed_at"":""observed"",""max_sale_limit"":""observed"",""seller_count"":""observed"",""seller_count_observed"":""observed"",""seller_count_kind"":""observed"",""sellers"":""observed"",""variants"":""observed"",""favorite_count"":""observed"",""inventory_decrease"":""unavailable"",""sales_estimate_daily"":""unavailable"",""sales_estimate_weekly"":""unavailable"",""sales_estimate_monthly"":""unavailable"",""sales_estimate_status"":""unavailable"",""sales_estimate_hours"":""unavailable"",""sales_estimate_source"":""unavailable"",""title"":""observed"",""brand"":""observed"",""seller_name"":""observed"",""seller_score"":""observed"",""price"":""observed"",""original_price"":""unavailable"",""campaigns"":""observed"",""stock_status"":""observed"",""stock_signal"":""unavailable"",""rating"":""observed"",""rating_count"":""observed"",""review_count"":""observed"",""question_count"":""unavailable"",""delivery_summary"":""observed"",""shipping_cost"":""observed"",""properties"":""observed""}",true,
224684219,,723f0909ad7f315a689f6f2f90156277,130865225:185368:224684219:723f0909ad7f315a689f6f2f90156277,838,merchantListing.winnerVariant.quantity,reported,2026-09-08T10:46:14.201Z,20,1,1,reported_total,"[{""merchant_id"":""185368"",""name"":""MeyZone"",""score"":9.5,""price"":119.9,""variant_id"":""224684219"",""listing_id"":""723f0909ad7f315a689f6f2f90156277"",""stock_quantity"":838}]","[{""variant_id"":""224684219"",""label"":null,""in_stock"":true,""stock_quantity"":838,""selected"":true}]",7075,9,8.95,,,estimated,24.14,inventory_net_decrease,2026-09-08,2026-09-08T13:30:55+03:00,otomobil motosiklet,BEST_SELLER,arac-ici-aksesuar,araç içi aksesuar,225,6,245,245,,otomobil-motosiklet:arac-ici-aksesuar,225,-59,20.9,9.1,130865225,185368,130865225:185368,MeyZone Trim Fitilli Yeni Araç Içi Ip Şerit Balık Sırtı Nikelajlı 5 Metre Krom Gri,MeyZone,Torpido Aksesuar,https://www.trendyol.com/meyzone/trim-fitilli-yeni-arac-ici-ip-serit-balik-sirti-nikelajli-5-metre-krom-gri-p-130865225?boutiqueId=61&merchantId=185368,MeyZone,9.5,119.9,,,0,TRY,"[""Sepette %1 İndirim"",""Kargo Bedava""]",InStock,,,,,,4.0978021978021975,910,413,0,,,,,4999,TRY,0,,1,3,Tahmini Teslim:,,https://cdn.dsmcdn.com/ty450/product/media/images/20220609/17/123451068/224684219/1/1_org_zoom.jpg,"{""Bakım Talimatları (Genel)"":""Ürünün kullanım ömrünü korumak için ürüne özel bakım talimatlarını takip ediniz.""}",20,5,refreshed,"[""daily_top""]",true,2026-09-08T10:46:14.201Z,0,"[""search_result_dom"",""product_detail_jsonld"",""product_detail_dom""]","{""variant_id"":""observed"",""variant_label"":""unavailable"",""listing_id"":""observed"",""inventory_key"":""observed"",""stock_quantity"":""observed"",""stock_quantity_source"":""observed"",""stock_quantity_kind"":""observed"",""stock_observed_at"":""observed"",""max_sale_limit"":""observed"",""seller_count"":""observed"",""seller_count_observed"":""observed"",""seller_count_kind"":""observed"",""sellers"":""observed"",""variants"":""observed"",""favorite_count"":""observed"",""inventory_decrease"":""unavailable"",""sales_estimate_daily"":""unavailable"",""sales_estimate_weekly"":""unavailable"",""sales_estimate_monthly"":""unavailable"",""sales_estimate_status"":""unavailable"",""sales_estimate_hours"":""unavailable"",""sales_estimate_source"":""unavailable"",""title"":""observed"",""brand"":""observed"",""seller_name"":""observed"",""seller_score"":""observed"",""price"":""observed"",""original_price"":""unavailable"",""campaigns"":""observed"",""stock_status"":""observed"",""stock_signal"":""unavailable"",""rating"":""observed"",""rating_count"":""observed"",""review_count"":""observed"",""question_count"":""unavailable"",""delivery_summary"":""observed"",""shipping_cost"":""observed"",""properties"":""observed""}",true,
1260785679,,025cd345816b192052308631abe9a17a,905061650:193500:1260785679:025cd345816b192052308631abe9a17a,4351,merchantListing.winnerVariant.quantity,reported,2026-09-08T10:46:24.736Z,10,1,1,reported_total,"[{""merchant_id"":""193500"",""name"":""HyperCep"",""score"":9.1,""price"":139,""variant_id"":""1260785679"",""listing_id"":""025cd345816b192052308631abe9a17a"",""stock_quantity"":4351}]","[{""variant_id"":""1260785679"",""label"":null,""in_stock"":true,""stock_quantity"":4351,""selected"":true}]",5937,9,8.95,,,estimated,24.14,inventory_net_decrease,2026-09-08,2026-09-08T13:30:55+03:00,otomobil motosiklet,BEST_SELLER,arac-ici-aksesuar,araç içi aksesuar,226,6,246,246,8,otomobil-motosiklet:arac-ici-aksesuar,226,-68,19.9,10.1,905061650,193500,905061650:193500,WANNA PROTECT 360 Dönebilen Numaratörlü Araç İçi Premium Telefon Tutucu Yapışkanlı Araba Telefon Tutacağı Standı,WANNA PROTECT,,https://www.trendyol.com/wanna-protect/360-donebilen-numaratorlu-arac-ici-premium-telefon-tutucu-yapiskanli-araba-telefon-tutacagi-standi-p-905061650?boutiqueId=61&merchantId=193500,HyperCep,9.1,139,,,0,TRY,"[""Kargo Bedava""]",InStock,,,,,,3.9983079526226732,591,304,0,,,,,,,0,,,,Tahmini Teslim:,,,{},0,,refreshed,"[""daily_top""]",true,2026-09-08T10:46:24.737Z,0,"[""search_result_dom"",""product_detail_jsonld"",""product_detail_dom""]","{""variant_id"":""observed"",""variant_label"":""unavailable"",""listing_id"":""observed"",""inventory_key"":""observed"",""stock_quantity"":""observed"",""stock_quantity_source"":""observed"",""stock_quantity_kind"":""observed"",""stock_observed_at"":""observed"",""max_sale_limit"":""observed"",""seller_count"":""observed"",""seller_count_observed"":""observed"",""seller_count_kind"":""observed"",""sellers"":""observed"",""variants"":""observed"",""favorite_count"":""observed"",""inventory_decrease"":""unavailable"",""sales_estimate_daily"":""unavailable"",""sales_estimate_weekly"":""unavailable"",""sales_estimate_monthly"":""unavailable"",""sales_estimate_status"":""unavailable"",""sales_estimate_hours"":""unavailable"",""sales_estimate_source"":""unavailable"",""title"":""observed"",""brand"":""observed"",""seller_name"":""observed"",""seller_score"":""observed"",""price"":""observed"",""original_price"":""unavailable"",""campaigns"":""observed"",""stock_status"":""observed"",""stock_signal"":""unavailable"",""rating"":""observed"",""rating_count"":""observed"",""review_count"":""observed"",""question_count"":""unavailable"",""delivery_summary"":""observed"",""shipping_cost"":""unavailable"",""properties"":""observed""}",true,
576501488,,3dad9944c9ca6d98e9760eb7c40f91ac,357179738:501798:576501488:3dad9944c9ca6d98e9760eb7c40f91ac,1656,merchantListing.winnerVariant.quantity,reported,2026-09-08T10:46:24.823Z,10,1,1,reported_total,"[{""merchant_id"":""501798"",""name"":""aymobil"",""score"":9.3,""price"":148.99,""variant_id"":""576501488"",""listing_id"":""3dad9944c9ca6d98e9760eb7c40f91ac"",""stock_quantity"":1656}]","[{""variant_id"":""576501488"",""label"":null,""in_stock"":true,""stock_quantity"":1656,""selected"":true}]",2909,,,,,missing_baseline,,inventory_net_decrease,2026-09-08,2026-09-08T13:30:55+03:00,otomobil motosiklet,BEST_SELLER,arac-ici-aksesuar,araç içi aksesuar,227,6,247,247,,otomobil-motosiklet:arac-ici-aksesuar,227,,15.5,14.5,357179738,501798,357179738:501798,USIDE Araç İçi Mıknatıslı Telefon Tutucu İçin Metal Plaka Seti -Güçlü Manyetik 3M Mıknatıs Demiri [4adet],USIDE,Araç İçi Telefon Tutucular,https://www.trendyol.com/uside/arac-ici-miknatisli-telefon-tutucu-icin-metal-plaka-seti-guclu-manyetik-3m-miknatis-demiri-4adet-p-357179738?boutiqueId=61&merchantId=501798,aymobil,9.3,148.99,,,,TRY,"[""Kargo Bedava""]",InStock,,,,,,4.5963302752293576,218,85,,,,,,4999,TRY,0,1,1,3,Tahmini Teslim:,,https://cdn.dsmcdn.com/ty1749/prod/QC_ENRICHMENT/20250908/10/cc1f5014-6f9c-30dc-8077-6fe4d83fd4b6/1_org_zoom.jpg,"{""Telefon Tutucu Özellikleri"":""Mıknatıslı"",""Renk"":""Gri"",""Garanti Süresi"":""Belirtilmemiş"",""Türü"":""Havalandırma"",""Materyal"":""Metal"",""Menşei"":""TR"",""Bakım Talimatları (Genel)"":""Nemli bir bezle silin.""}",20,5,refreshed,"[""daily_top""]",true,2026-09-08T10:46:24.823Z,0,"[""search_result_dom"",""product_detail_jsonld"",""product_detail_dom""]","{""variant_id"":""observed"",""variant_label"":""unavailable"",""listing_id"":""observed"",""inventory_key"":""observed"",""stock_quantity"":""observed"",""stock_quantity_source"":""observed"",""stock_quantity_kind"":""observed"",""stock_observed_at"":""observed"",""max_sale_limit"":""observed"",""seller_count"":""observed"",""seller_count_observed"":""observed"",""seller_count_kind"":""observed"",""sellers"":""observed"",""variants"":""observed"",""favorite_count"":""observed"",""inventory_decrease"":""unavailable"",""sales_estimate_daily"":""unavailable"",""sales_estimate_weekly"":""unavailable"",""sales_estimate_monthly"":""unavailable"",""sales_estimate_status"":""unavailable"",""sales_estimate_hours"":""unavailable"",""sales_estimate_source"":""unavailable"",""title"":""observed"",""brand"":""observed"",""seller_name"":""observed"",""seller_score"":""observed"",""price"":""observed"",""original_price"":""unavailable"",""campaigns"":""observed"",""stock_status"":""observed"",""stock_signal"":""unavailable"",""rating"":""observed"",""rating_count"":""observed"",""review_count"":""observed"",""question_count"":""unavailable"",""delivery_summary"":""observed"",""shipping_cost"":""observed"",""properties"":""observed""}",true,
1131291044,,05a3b5a0e198d588aadb0f49c1c1a27c,841228980:990778:1131291044:05a3b5a0e198d588aadb0f49c1c1a27c,19112,merchantListing.winnerVariant.quantity,reported,2026-09-08T10:46:24.883Z,2,1,1,reported_total,"[{""merchant_id"":""990778"",""name"":""EN SİGA"",""score"":8.1,""price"":1899,""variant_id"":""1131291044"",""listing_id"":""05a3b5a0e198d588aadb0f49c1c1a27c"",""stock_quantity"":19112}]","[{""variant_id"":""1131291044"",""label"":null,""in_stock"":true,""stock_quantity"":19112,""selected"":true}]",135056,,,,,observation_gap,,inventory_net_decrease,2026-09-08,2026-09-08T13:30:55+03:00,otomobil motosiklet,BEST_SELLER,arac-ici-aksesuar,araç içi aksesuar,228,6,248,248,,otomobil-motosiklet:arac-ici-aksesuar,228,4,23.8,6.2,841228980,990778,841228980:990778,EN SİGA El Süpürgesi 20.000 PA Üflemeli Güçlü Vakumlu Ev Ofis Araç 7 Parça Şarjlı Çok Fonksiyonlu,EN SİGA,Araç İçi Süpürge,https://www.trendyol.com/en-siga/el-supurgesi-20-000-pa-uflemeli-guclu-vakumlu-ev-ofis-arac-7-parca-sarjli-cok-fonksiyonlu-p-841228980?boutiqueId=61&merchantId=990778,EN SİGA,8.1,1899,,,0,TRY,"[""Kargo Bedava""]",InStock,,,,,,4.002962085308057,1688,947,2,,,,,4999,TRY,0,1,1,3,Tahmini Teslim:,En Çok Favorilenen 2. Ürün,https://cdn.dsmcdn.com/ty1822/prod/QC_ENRICHMENT/20260210/13/f5abd5ea-ae1e-327b-a1c1-2426fe00ad31/1_org_zoom.jpg,"{""Garanti Süresi"":""2 Yıl"",""Garanti Tipi"":""İthalatçı Garantili"",""Diğer Özellikler"":""ŞARJLI - KABLOSUZ - ÇOK AMAÇLI"",""Menşei"":""CN"",""Tamir Edilebilirlik"":""Yetkili Servis ile Tamiri Gerekir."",""Özellik"":""Şarjlı"",""Renk"":""Gri"",""Güç (Watt)"":""0 - 250 Watt"",""Ses Seviyesi"":""61 Dba - 70 Dba"",""Şarj Süresi"":""1 - 2 Saat"",""Şarjlı Kullanım Süresi"":""0-1 Saat"",""Hepa Filtre"":""Var"",""Priz Tipi"":""C"",""Ürün Tipi"":""Akülü""}",20,5,refreshed,"[""daily_top""]",true,2026-09-08T10:46:24.884Z,0,"[""search_result_dom"",""product_detail_jsonld"",""product_detail_dom""]","{""variant_id"":""observed"",""variant_label"":""unavailable"",""listing_id"":""observed"",""inventory_key"":""observed"",""stock_quantity"":""observed"",""stock_quantity_source"":""observed"",""stock_quantity_kind"":""observed"",""stock_observed_at"":""observed"",""max_sale_limit"":""observed"",""seller_count"":""observed"",""seller_count_observed"":""observed"",""seller_count_kind"":""observed"",""sellers"":""observed"",""variants"":""observed"",""favorite_count"":""observed"",""inventory_decrease"":""unavailable"",""sales_estimate_daily"":""unavailable"",""sales_estimate_weekly"":""unavailable"",""sales_estimate_monthly"":""unavailable"",""sales_estimate_status"":""unavailable"",""sales_estimate_hours"":""unavailable"",""sales_estimate_source"":""unavailable"",""title"":""observed"",""brand"":""observed"",""seller_name"":""observed"",""seller_score"":""observed"",""price"":""observed"",""original_price"":""unavailable"",""campaigns"":""observed"",""stock_status"":""observed"",""stock_signal"":""unavailable"",""rating"":""observed"",""rating_count"":""observed"",""review_count"":""observed"",""question_count"":""unavailable"",""delivery_summary"":""observed"",""shipping_cost"":""observed"",""properties"":""observed""}",true,
1385121792,,08632c25f6a25f22e98dba1e3b935bbd,979917859:267809:1385121792:08632c25f6a25f22e98dba1e3b935bbd,129,merchantListing.winnerVariant.quantity,reported,2026-09-08T10:46:33.725Z,20,1,1,reported_total,"[{""merchant_id"":""267809"",""name"":""klovi"",""score"":9.4,""price"":194.98,""variant_id"":""1385121792"",""listing_id"":""08632c25f6a25f22e98dba1e3b935bbd"",""stock_quantity"":129}]","[{""variant_id"":""1385121792"",""label"":null,""in_stock"":true,""stock_quantity"":129,""selected"":true}]",16017,,,,,observation_gap,,inventory_net_decrease,2026-09-08,2026-09-08T13:30:55+03:00,otomobil motosiklet,BEST_SELLER,arac-ici-aksesuar,araç içi aksesuar,229,6,249,249,,otomobil-motosiklet:arac-ici-aksesuar,229,-54,16.8,15.7,979917859,267809,979917859:267809,klovi Peluş Koala Klipsli Araba Süsü,klovi,Torpido Aksesuar,https://www.trendyol.com/klovi/pelus-koala-klipsli-araba-susu-p-979917859?boutiqueId=61&merchantId=267809,klovi,9.4,194.98,199.9,2.5,-2.5,TRY,"[""Son 10 Günün En Düşük Fiyatı"",""Kargo Bedava"",""Trendyol Plus'a Özel""]",InStock,,,,,,4.357723577235772,123,60,2,,,,,4999,TRY,0,1,1,3,Tahmini Teslim:,,https://cdn.dsmcdn.com/ty1741/prod/QC_PREP/20250830/06/4af4fdd2-e49d-33f2-b681-b1ed24750a51/1_org_zoom.jpg,"{""Menşei"":""TR"",""Bakım Talimatları (Genel)"":""Ürünün kullanım ömrünü korumak için ürüne özel bakım talimatlarını takip ediniz.""}",20,5,refreshed,"[""daily_top""]",true,2026-09-08T10:46:33.726Z,0,"[""search_result_dom"",""product_detail_jsonld"",""product_detail_dom""]","{""variant_id"":""observed"",""variant_label"":""unavailable"",""listing_id"":""observed"",""inventory_key"":""observed"",""stock_quantity"":""observed"",""stock_quantity_source"":""observed"",""stock_quantity_kind"":""observed"",""stock_observed_at"":""observed"",""max_sale_limit"":""observed"",""seller_count"":""observed"",""seller_count_observed"":""observed"",""seller_count_kind"":""observed"",""sellers"":""observed"",""variants"":""observed"",""favorite_count"":""observed"",""inventory_decrease"":""unavailable"",""sales_estimate_daily"":""unavailable"",""sales_estimate_weekly"":""unavailable"",""sales_estimate_monthly"":""unavailable"",""sales_estimate_status"":""unavailable"",""sales_estimate_hours"":""unavailable"",""sales_estimate_source"":""unavailable"",""title"":""observed"",""brand"":""observed"",""seller_name"":""observed"",""seller_score"":""observed"",""price"":""observed"",""original_price"":""observed"",""campaigns"":""observed"",""stock_status"":""observed"",""stock_signal"":""unavailable"",""rating"":""observed"",""rating_count"":""observed"",""review_count"":""observed"",""question_count"":""unavailable"",""delivery_summary"":""observed"",""shipping_cost"":""observed"",""properties"":""observed""}",true,
158035816,,fe489cd45a2b4896980125705158a896,94774589:501798:158035816:fe489cd45a2b4896980125705158a896,43,merchantListing.winnerVariant.quantity,reported,2026-09-08T10:46:33.955Z,10,2,2,reported_total,"[{""merchant_id"":""501798"",""name"":""aymobil"",""score"":9.3,""price"":149.99,""variant_id"":""158035816"",""listing_id"":""fe489cd45a2b4896980125705158a896"",""stock_quantity"":43},{""merchant_id"":""284234"",""name"":""THREESTEP"",""score"":9.2,""price"":199.9,""variant_id"":""158035816"",""listing_id"":""bd45c5a341148c26f5098b3b09fce9c0"",""stock_quantity"":263}]","[{""variant_id"":""158035816"",""label"":null,""in_stock"":true,""stock_quantity"":43,""selected"":true}]",7157,,,,,identity_changed_or_unknown,,inventory_net_decrease,2026-09-08,2026-09-08T13:30:55+03:00,otomobil motosiklet,BEST_SELLER,arac-ici-aksesuar,araç içi aksesuar,230,6,250,250,,otomobil-motosiklet:arac-ici-aksesuar,230,-171,21.3,8.7,94774589,501798,94774589:501798,ucuzmi 2adet Telefon Araç Içi Tutucu Stant Metal Plaka Magnetic Mıknatıslı Tutucular Için Metal Saç Seti 3m,ucuzmi,Araç İçi Telefon Tutucular,https://www.trendyol.com/ucuzmi/2adet-telefon-arac-ici-tutucu-stant-metal-plaka-magnetic-miknatisli-tutucular-icin-metal-sac-seti-3m-p-94774589?boutiqueId=61&merchantId=501798,aymobil,9.3,149.99,,,,TRY,"[""Kargo Bedava"",""Trendyol Plus'a Özel""]",InStock,,,,,,4.384545454545455,1100,465,-1,,,,,4999,TRY,0,1,1,3,Tahmini Teslim:,,https://cdn.dsmcdn.com/ty951/product/media/images/20230614/23/385649809/158035816/1/1_org_zoom.jpg,"{""Telefon Tutucu Özellikleri"":""Akrobat"",""Renk"":""Siyah"",""Garanti Süresi"":""Belirtilmemiş"",""Türü"":""Havalandırma"",""Materyal"":""Metal"",""Menşei"":""CN"",""Bakım Talimatları (Genel)"":""Ürünün kullanım ömrünü korumak için ürüne özel bakım talimatlarını takip ediniz.""}",20,5,refreshed,"[""daily_top"",""hot_change""]",true,2026-09-08T10:46:33.957Z,0,"[""search_result_dom"",""product_detail_jsonld"",""product_detail_dom""]","{""variant_id"":""observed"",""variant_label"":""unavailable"",""listing_id"":""observed"",""inventory_key"":""observed"",""stock_quantity"":""observed"",""stock_quantity_source"":""observed"",""stock_quantity_kind"":""observed"",""stock_observed_at"":""observed"",""max_sale_limit"":""observed"",""seller_count"":""observed"",""seller_count_observed"":""observed"",""seller_count_kind"":""observed"",""sellers"":""observed"",""variants"":""observed"",""favorite_count"":""observed"",""inventory_decrease"":""unavailable"",""sales_estimate_daily"":""unavailable"",""sales_estimate_weekly"":""unavailable"",""sales_estimate_monthly"":""unavailable"",""sales_estimate_status"":""unavailable"",""sales_estimate_hours"":""unavailable"",""sales_estimate_source"":""unavailable"",""title"":""observed"",""brand"":""observed"",""seller_name"":""observed"",""seller_score"":""observed"",""price"":""observed"",""original_price"":""unavailable"",""campaigns"":""observed"",""stock_status"":""observed"",""stock_signal"":""unavailable"",""rating"":""observed"",""rating_count"":""observed"",""review_count"":""observed"",""question_count"":""unavailable"",""delivery_summary"":""observed"",""shipping_cost"":""observed"",""properties"":""observed""}",true,
1643959495,,c5fd188bc5352c64eaf2f380a66776a4,1173484868:1296501:1643959495:c5fd188bc5352c64eaf2f380a66776a4,339,merchantListing.winnerVariant.quantity,reported,2026-09-08T10:46:34.039Z,10,1,1,reported_total,"[{""merchant_id"":""1296501"",""name"":""SerBugo"",""score"":9.6,""price"":2250,""variant_id"":""1643959495"",""listing_id"":""c5fd188bc5352c64eaf2f380a66776a4"",""stock_quantity"":339}]","[{""variant_id"":""1643959495"",""label"":null,""in_stock"":true,""stock_quantity"":339,""selected"":true}]",554,,,,,missing_baseline,,inventory_net_decrease,2026-09-08,2026-09-08T13:30:55+03:00,otomobil motosiklet,BEST_SELLER,arac-ici-aksesuar,araç içi aksesuar,231,6,251,251,,otomobil-motosiklet:arac-ici-aksesuar,231,,6.8,23.2,1173484868,1296501,1173484868:1296501,SerBugo TÜVTÜRK ONAYLI YENİ MEVZUATA UYGUN ARAÇ TRAFİK SETİ VE İLK YARDIM SETİ (araç içi numaratör hediyeli),SerBugo,Trafik & İlk Yardım Seti,https://www.trendyol.com/serbugo/tuvturk-onayli-yeni-mevzuata-uygun-arac-trafik-seti-ve-ilk-yardim-seti-arac-ici-numarator-hediyeli-p-1173484868?boutiqueId=61&merchantId=1296501,SerBugo,9.6,2250,,,,TRY,"[""Kargo Bedava"",""Trendyol Plus'a Özel""]",InStock,,,,,,5,10,6,,,,,,4999,TRY,0,1,1,3,Tahmini Teslim:,En Çok Ziyaret Edilen 7. Ürün,https://cdn.dsmcdn.com/ty1944/prod/QC_ENRICHMENT/20260817/21/fb4af153-822a-3356-a9bd-af78611cc4b3/1_org_zoom.jpg,"{""Menşei"":""TR""}",6,5,refreshed,"[""daily_top""]",true,2026-09-08T10:46:34.040Z,0,"[""search_result_dom"",""product_detail_jsonld"",""product_detail_dom""]","{""variant_id"":""observed"",""variant_label"":""unavailable"",""listing_id"":""observed"",""inventory_key"":""observed"",""stock_quantity"":""observed"",""stock_quantity_source"":""observed"",""stock_quantity_kind"":""observed"",""stock_observed_at"":""observed"",""max_sale_limit"":""observed"",""seller_count"":""observed"",""seller_count_observed"":""observed"",""seller_count_kind"":""observed"",""sellers"":""observed"",""variants"":""observed"",""favorite_count"":""observed"",""inventory_decrease"":""unavailable"",""sales_estimate_daily"":""unavailable"",""sales_estimate_weekly"":""unavailable"",""sales_estimate_monthly"":""unavailable"",""sales_estimate_status"":""unavailable"",""sales_estimate_hours"":""unavailable"",""sales_estimate_source"":""unavailable"",""title"":""observed"",""brand"":""observed"",""seller_name"":""observed"",""seller_score"":""observed"",""price"":""observed"",""original_price"":""unavailable"",""campaigns"":""observed"",""stock_status"":""observed"",""stock_signal"":""unavailable"",""rating"":""observed"",""rating_count"":""observed"",""review_count"":""observed"",""question_count"":""unavailable"",""delivery_summary"":""observed"",""shipping_cost"":""observed"",""properties"":""observed""}",true,
1401470755,,38b74ff86207e0b103891bab3b332a38,991507344:210134:1401470755:38b74ff86207e0b103891bab3b332a38,1769,merchantListing.winnerVariant.quantity,reported,2026-09-08T10:46:43.910Z,10,1,1,reported_total,"[{""merchant_id"":""210134"",""name"":""PSGT"",""score"":9.2,""price"":74.99,""variant_id"":""1401470755"",""listing_id"":""38b74ff86207e0b103891bab3b332a38"",""stock_quantity"":1769}]","[{""variant_id"":""1401470755"",""label"":null,""in_stock"":true,""stock_quantity"":1769,""selected"":true}]",2066,,,,,observation_gap,,inventory_net_decrease,2026-09-08,2026-09-08T13:30:55+03:00,otomobil motosiklet,BEST_SELLER,arac-ici-aksesuar,araç içi aksesuar,232,6,252,252,7,otomobil-motosiklet:arac-ici-aksesuar,232,-9,14.7,15.3,991507344,210134,991507344:210134,PSGT Power Metal Magsafe Halka Yüzük Ring Iphone 8ve Üstü Model Uyumlu Gümüş,PSGT,,https://www.trendyol.com/psgt/power-metal-magsafe-halka-yuzuk-ring-iphone-8ve-ustu-model-uyumlu-gumus-p-991507344?boutiqueId=61&merchantId=210134,PSGT,9.2,74.99,,,0,TRY,"[""Kargo Bedava""]",InStock,,,,,,3.847826086956522,138,68,0,,,,,,,0,,,,Tahmini Teslim:,,,{},0,,refreshed,"[""daily_top""]",true,2026-09-08T10:46:43.911Z,0,"[""search_result_dom"",""product_detail_jsonld"",""product_detail_dom""]","{""variant_id"":""observed"",""variant_label"":""unavailable"",""listing_id"":""observed"",""inventory_key"":""observed"",""stock_quantity"":""observed"",""stock_quantity_source"":""observed"",""stock_quantity_kind"":""observed"",""stock_observed_at"":""observed"",""max_sale_limit"":""observed"",""seller_count"":""observed"",""seller_count_observed"":""observed"",""seller_count_kind"":""observed"",""sellers"":""observed"",""variants"":""observed"",""favorite_count"":""observed"",""inventory_decrease"":""unavailable"",""sales_estimate_daily"":""unavailable"",""sales_estimate_weekly"":""unavailable"",""sales_estimate_monthly"":""unavailable"",""sales_estimate_status"":""unavailable"",""sales_estimate_hours"":""unavailable"",""sales_estimate_source"":""unavailable"",""title"":""observed"",""brand"":""observed"",""seller_name"":""observed"",""seller_score"":""observed"",""price"":""observed"",""original_price"":""unavailable"",""campaigns"":""observed"",""stock_status"":""observed"",""stock_signal"":""unavailable"",""rating"":""observed"",""rating_count"":""observed"",""review_count"":""observed"",""question_count"":""unavailable"",""delivery_summary"":""observed"",""shipping_cost"":""unavailable"",""properties"":""observed""}",true,
1172211034,,4dc2b046ff4ad6ae04a20b00ba4072a1,864474127:1035820:1172211034:4dc2b046ff4ad6ae04a20b00ba4072a1,121,merchantListing.winnerVariant.quantity,reported,2026-09-08T10:46:44.072Z,10,1,1,reported_total,"[{""merchant_id"":""1035820"",""name"":""Blanco Car Turkey"",""score"":9.7,""price"":199.9,""variant_id"":""1172211034"",""listing_id"":""4dc2b046ff4ad6ae04a20b00ba4072a1"",""stock_quantity"":121}]","[{""variant_id"":""1172211034"",""label"":null,""in_stock"":true,""stock_quantity"":121,""selected"":true}]",8650,,,,,observation_gap,,inventory_net_decrease,2026-09-08,2026-09-08T13:30:55+03:00,otomobil motosiklet,BEST_SELLER,arac-ici-aksesuar,araç içi aksesuar,233,6,253,253,,otomobil-motosiklet:arac-ici-aksesuar,233,-19,17.7,12.3,864474127,1035820,864474127:1035820,Volkswagen Silikon Bardaklık Altlığı 2’li Set Araç Içi Bardak Altlığı Aksesuar Vw Logolu 72mm,Volkswagen,Araç İçi Organizer,https://www.trendyol.com/volkswagen/silikon-bardaklik-altligi-2-li-set-arac-ici-bardak-altligi-aksesuar-vw-logolu-72mm-p-864474127?boutiqueId=61&merchantId=1035820,Blanco Car Turkey,9.7,199.9,,,16.7,TRY,"[""Kargo Bedava""]",InStock,,,,,,4.536231884057971,414,164,0,,,,,4999,TRY,0,1,1,3,Tahmini Teslim:,,https://cdn.dsmcdn.com/ty1580/prod/QC/20241006/16/6ba6c459-028b-39a6-aadd-6a68d4367cbb/1_org_zoom.jpg,"{""Menşei"":""TR""}",20,5,refreshed,"[""daily_top""]",true,2026-09-08T10:46:44.072Z,0,"[""search_result_dom"",""product_detail_jsonld"",""product_detail_dom""]","{""variant_id"":""observed"",""variant_label"":""unavailable"",""listing_id"":""observed"",""inventory_key"":""observed"",""stock_quantity"":""observed"",""stock_quantity_source"":""observed"",""stock_quantity_kind"":""observed"",""stock_observed_at"":""observed"",""max_sale_limit"":""observed"",""seller_count"":""observed"",""seller_count_observed"":""observed"",""seller_count_kind"":""observed"",""sellers"":""observed"",""variants"":""observed"",""favorite_count"":""observed"",""inventory_decrease"":""unavailable"",""sales_estimate_daily"":""unavailable"",""sales_estimate_weekly"":""unavailable"",""sales_estimate_monthly"":""unavailable"",""sales_estimate_status"":""unavailable"",""sales_estimate_hours"":""unavailable"",""sales_estimate_source"":""unavailable"",""title"":""observed"",""brand"":""observed"",""seller_name"":""observed"",""seller_score"":""observed"",""price"":""observed"",""original_price"":""unavailable"",""campaigns"":""observed"",""stock_status"":""observed"",""stock_signal"":""unavailable"",""rating"":""observed"",""rating_count"":""observed"",""review_count"":""observed"",""question_count"":""unavailable"",""delivery_summary"":""observed"",""shipping_cost"":""observed"",""properties"":""observed""}",true,
1502195914,,bf9fe0358527df3e403ac3bdc676bed3,1086694936:841196:1502195914:bf9fe0358527df3e403ac3bdc676bed3,8738,merchantListing.winnerVariant.quantity,reported,2026-09-08T10:46:44.206Z,10,1,1,reported_total,"[{""merchant_id"":""841196"",""name"":""Q Aksesuar"",""score"":8.3,""price"":49.9,""variant_id"":""1502195914"",""listing_id"":""bf9fe0358527df3e403ac3bdc676bed3"",""stock_quantity"":8738}]","[{""variant_id"":""1502195914"",""label"":null,""in_stock"":true,""stock_quantity"":8738,""selected"":true}]",731,,,,,unchanged_stock,24.14,inventory_net_decrease,2026-09-08,2026-09-08T13:30:55+03:00,otomobil motosiklet,BEST_SELLER,arac-ici-aksesuar,araç içi aksesuar,234,6,254,254,13,otomobil-motosiklet:arac-ici-aksesuar,234,-59,8.9,21.1,1086694936,841196,1086694936:841196,"Q Aksesuar Silikon Vakumlu Telefon Tutucu, Cep Telefonu için Kaymaz Vantuzlu Yapışkanlı Telefon Tutucu (1 ADET)",Q Aksesuar,,https://www.trendyol.com/q-aksesuar/silikon-vakumlu-telefon-tutucu-cep-telefonu-icin-kaymaz-vantuzlu-yapiskanli-telefon-tutucu-1-adet-p-1086694936?boutiqueId=61&merchantId=841196,Q Aksesuar,8.3,49.9,,,0,TRY,"[""Kargo Bedava""]",InStock,,,,,,4.380952380952381,21,12,0,,,,,,,0,,,,Tahmini Teslim:,,,{},0,,refreshed,"[""daily_top""]",true,2026-09-08T10:46:44.207Z,0,"[""search_result_dom"",""product_detail_jsonld"",""product_detail_dom""]","{""variant_id"":""observed"",""variant_label"":""unavailable"",""listing_id"":""observed"",""inventory_key"":""observed"",""stock_quantity"":""observed"",""stock_quantity_source"":""observed"",""stock_quantity_kind"":""observed"",""stock_observed_at"":""observed"",""max_sale_limit"":""observed"",""seller_count"":""observed"",""seller_count_observed"":""observed"",""seller_count_kind"":""observed"",""sellers"":""observed"",""variants"":""observed"",""favorite_count"":""observed"",""inventory_decrease"":""unavailable"",""sales_estimate_daily"":""unavailable"",""sales_estimate_weekly"":""unavailable"",""sales_estimate_monthly"":""unavailable"",""sales_estimate_status"":""unavailable"",""sales_estimate_hours"":""unavailable"",""sales_estimate_source"":""unavailable"",""title"":""observed"",""brand"":""observed"",""seller_name"":""observed"",""seller_score"":""observed"",""price"":""observed"",""original_price"":""unavailable"",""campaigns"":""observed"",""stock_status"":""observed"",""stock_signal"":""unavailable"",""rating"":""observed"",""rating_count"":""observed"",""review_count"":""observed"",""question_count"":""unavailable"",""delivery_summary"":""observed"",""shipping_cost"":""unavailable"",""properties"":""observed""}",true,
1258715097,,c1708f589572286b4021f7a393e81deb,903991187:1131175:1258715097:c1708f589572286b4021f7a393e81deb,47,merchantListing.winnerVariant.quantity,reported,2026-09-08T10:46:54.051Z,20,7,7,reported_total,"[{""merchant_id"":""1131175"",""name"":""Dersan3D"",""score"":9.5,""price"":30,""variant_id"":""1258715097"",""listing_id"":""c1708f589572286b4021f7a393e81deb"",""stock_quantity"":47},{""merchant_id"":""1205101"",""name"":""3DcraftTr"",""score"":9.3,""price"":35,""variant_id"":""1258715097"",""listing_id"":""2a11c3f2aa41750e7cf8cc246397e253"",""stock_quantity"":65},{""merchant_id"":""1141352"",""name"":""Mynivora Craft"",""score"":9.1,""price"":34.99,""variant_id"":""1258715097"",""listing_id"":""a5aceb39c95db3ebe01518f7ed1a5929"",""stock_quantity"":172},{""merchant_id"":""610958"",""name"":""DOĞUDAN YÖRESEL"",""score"":9.2,""price"":49.95,""variant_id"":""1258715097"",""listing_id"":""ca1b0d8e176d6117724ed973229046f2"",""stock_quantity"":97},{""merchant_id"":""1128931"",""name"":""BCB STORE"",""score"":8.6,""price"":74,""variant_id"":""1258715097"",""listing_id"":""5ed4579c3bfda3121a7767aeddfd3388"",""stock_quantity"":10},{""merchant_id"":""1234122"",""name"":""Esen 3D Garage"",""score"":8.7,""price"":74.99,""variant_id"":""1258715097"",""listing_id"":""6f070acc5ae5f5571e4dc24f5450d924"",""stock_quantity"":1000},{""merchant_id"":""422851"",""name"":""Synetellya"",""score"":8.7,""price"":110,""variant_id"":""1258715097"",""listing_id"":""e3a91ed99c92cdae55e1adec3b1d2d11"",""stock_quantity"":38}]","[{""variant_id"":""1258715097"",""label"":null,""in_stock"":true,""stock_quantity"":47,""selected"":true}]",8455,,,,,unchanged_stock,24.14,inventory_net_decrease,2026-09-08,2026-09-08T13:30:55+03:00,otomobil motosiklet,BEST_SELLER,arac-ici-aksesuar,araç içi aksesuar,235,6,255,255,,otomobil-motosiklet:arac-ici-aksesuar,235,-42,17.2,12.8,903991187,1131175,903991187:1131175,HisConcept Sevimli Kalp Ayaklı Torpido Süsü Kalp Araba Süsü - Araç İçi Aksesuar Sevimli Kalp - Oto Aksesuarı,HisConcept,Torpido Aksesuar,https://www.trendyol.com/hisconcept/sevimli-kalp-ayakli-torpido-susu-kalp-araba-susu-arac-ici-aksesuar-sevimli-kalp-oto-aksesuari-p-903991187?boutiqueId=61&merchantId=1131175,Dersan3D,9.5,30,,,0,TRY,"[""Sepette %3 İndirim"",""Kargo Bedava""]",InStock,,,,,,4.137777777777778,225,140,0,,,,,4999,TRY,0,1,1,3,Tahmini Teslim:,,https://cdn.dsmcdn.com/ty1649/prod/QC/20250313/00/f94a9105-c4be-3247-b96b-461f9a0317ec/1_org_zoom.jpg,"{""Menşei"":""TR"",""Bakım Talimatları (Genel)"":""Nemli bir bezle silin.""}",20,5,refreshed,"[""daily_top""]",true,2026-09-08T10:46:54.052Z,0,"[""search_result_dom"",""product_detail_jsonld"",""product_detail_dom""]","{""variant_id"":""observed"",""variant_label"":""unavailable"",""listing_id"":""observed"",""inventory_key"":""observed"",""stock_quantity"":""observed"",""stock_quantity_source"":""observed"",""stock_quantity_kind"":""observed"",""stock_observed_at"":""observed"",""max_sale_limit"":""observed"",""seller_count"":""observed"",""seller_count_observed"":""observed"",""seller_count_kind"":""observed"",""sellers"":""observed"",""variants"":""observed"",""favorite_count"":""observed"",""inventory_decrease"":""unavailable"",""sales_estimate_daily"":""unavailable"",""sales_estimate_weekly"":""unavailable"",""sales_estimate_monthly"":""unavailable"",""sales_estimate_status"":""unavailable"",""sales_estimate_hours"":""unavailable"",""sales_estimate_source"":""unavailable"",""title"":""observed"",""brand"":""observed"",""seller_name"":""observed"",""seller_score"":""observed"",""price"":""observed"",""original_price"":""unavailable"",""campaigns"":""observed"",""stock_status"":""observed"",""stock_signal"":""unavailable"",""rating"":""observed"",""rating_count"":""observed"",""review_count"":""observed"",""question_count"":""unavailable"",""delivery_summary"":""observed"",""shipping_cost"":""observed"",""properties"":""observed""}",true,
1102627446,,65a6d493c5e50b4792a95f5c751309aa,824373383:620946:1102627446:65a6d493c5e50b4792a95f5c751309aa,3534,merchantListing.winnerVariant.quantity,reported,2026-09-08T10:46:54.242Z,10,1,1,reported_total,"[{""merchant_id"":""620946"",""name"":""Banxtre"",""score"":8.9,""price"":49.9,""variant_id"":""1102627446"",""listing_id"":""65a6d493c5e50b4792a95f5c751309aa"",""stock_quantity"":3534}]","[{""variant_id"":""1102627446"",""label"":null,""in_stock"":true,""stock_quantity"":3534,""selected"":true}]",2689,4,3.97,,,estimated,24.17,inventory_net_decrease,2026-09-08,2026-09-08T13:30:55+03:00,otomobil motosiklet,BEST_SELLER,arac-ici-aksesuar,araç içi aksesuar,236,7,256,256,,otomobil-motosiklet:arac-ici-aksesuar,236,-113,16.5,13.5,824373383,620946,824373383:620946,Banxtre Dekoratif Hologramlı Ride Or Die Sticker Kask-Vizör için Etiket (1 Adet),Banxtre,Arma Sticker & Fosfor Şerit,https://www.trendyol.com/banxtre/dekoratif-hologramli-ride-or-die-sticker-kask-vizor-icin-etiket-1-adet-p-824373383?boutiqueId=61&merchantId=620946,Banxtre,8.9,49.9,,,0,TRY,"[""Kargo Bedava""]",InStock,,,,,,4.439814814814815,216,113,1,,,,,4999,TRY,0,1,1,3,Tahmini Teslim:,,https://cdn.dsmcdn.com/ty1413/product/media/images/prod/QC/20240710/20/13d23359-e54a-399c-b8c3-cbc46767ff65/1_org_zoom.jpg,"{""Renk"":""Bordo"",""Özellik"":""Hava""}",20,5,refreshed,"[""daily_top""]",true,2026-09-08T10:46:54.242Z,0,"[""search_result_dom"",""product_detail_jsonld"",""product_detail_dom""]","{""variant_id"":""observed"",""variant_label"":""unavailable"",""listing_id"":""observed"",""inventory_key"":""observed"",""stock_quantity"":""observed"",""stock_quantity_source"":""observed"",""stock_quantity_kind"":""observed"",""stock_observed_at"":""observed"",""max_sale_limit"":""observed"",""seller_count"":""observed"",""seller_count_observed"":""observed"",""seller_count_kind"":""observed"",""sellers"":""observed"",""variants"":""observed"",""favorite_count"":""observed"",""inventory_decrease"":""unavailable"",""sales_estimate_daily"":""unavailable"",""sales_estimate_weekly"":""unavailable"",""sales_estimate_monthly"":""unavailable"",""sales_estimate_status"":""unavailable"",""sales_estimate_hours"":""unavailable"",""sales_estimate_source"":""unavailable"",""title"":""observed"",""brand"":""observed"",""seller_name"":""observed"",""seller_score"":""observed"",""price"":""observed"",""original_price"":""unavailable"",""campaigns"":""observed"",""stock_status"":""observed"",""stock_signal"":""unavailable"",""rating"":""observed"",""rating_count"":""observed"",""review_count"":""observed"",""question_count"":""unavailable"",""delivery_summary"":""observed"",""shipping_cost"":""observed"",""properties"":""observed""}",true,
1534104411,,2a7b905267d001cf01ecb605cb30a087,1104768880:446211:1534104411:2a7b905267d001cf01ecb605cb30a087,95,merchantListing.winnerVariant.quantity,reported,2026-09-08T10:46:53.514Z,5,1,1,reported_total,"[{""merchant_id"":""446211"",""name"":""HUMAS"",""score"":9.2,""price"":259.9,""variant_id"":""1534104411"",""listing_id"":""2a7b905267d001cf01ecb605cb30a087"",""stock_quantity"":95}]","[{""variant_id"":""1534104411"",""label"":null,""in_stock"":true,""stock_quantity"":95,""selected"":true}]",3255,,,,,unchanged_stock,24.15,inventory_net_decrease,2026-09-08,2026-09-08T13:30:55+03:00,otomobil motosiklet,BEST_SELLER,arac-ici-aksesuar,araç içi aksesuar,237,7,257,257,,otomobil-motosiklet:arac-ici-aksesuar,237,-66,12,18,1104768880,446211,1104768880:446211,HUMAS Araba Yan Cep Organizeri – Araç İçi Bardaklık ve Telefon Tutuculu Çok Amaçlı Düzenleyici,HUMAS,Araç İçi Organizer,https://www.trendyol.com/humas/araba-yan-cep-organizeri-arac-ici-bardaklik-ve-telefon-tutuculu-cok-amacli-duzenleyici-p-1104768880?boutiqueId=61&merchantId=446211,HUMAS,9.2,259.9,,,0,TRY,"[""Kargo Bedava""]",InStock,,,,,,3.8641975308641974,81,31,1,,,,,4999,TRY,0,1,1,3,Tahmini Teslim:,,https://cdn.dsmcdn.com/ty1896/prod/QC_ENRICHMENT/20260616/20/971df6df-1c63-3e09-8106-d10689c1b621/1_org_zoom.jpg,"{""Diğer Özellikler"":""Universaldir."",""Menşei"":""TR""}",20,4.9,refreshed,"[""daily_top""]",true,2026-09-08T10:46:53.515Z,0,"[""search_result_dom"",""product_detail_jsonld"",""product_detail_dom""]","{""variant_id"":""observed"",""variant_label"":""unavailable"",""listing_id"":""observed"",""inventory_key"":""observed"",""stock_quantity"":""observed"",""stock_quantity_source"":""observed"",""stock_quantity_kind"":""observed"",""stock_observed_at"":""observed"",""max_sale_limit"":""observed"",""seller_count"":""observed"",""seller_count_observed"":""observed"",""seller_count_kind"":""observed"",""sellers"":""observed"",""variants"":""observed"",""favorite_count"":""observed"",""inventory_decrease"":""unavailable"",""sales_estimate_daily"":""unavailable"",""sales_estimate_weekly"":""unavailable"",""sales_estimate_monthly"":""unavailable"",""sales_estimate_status"":""unavailable"",""sales_estimate_hours"":""unavailable"",""sales_estimate_source"":""unavailable"",""title"":""observed"",""brand"":""observed"",""seller_name"":""observed"",""seller_score"":""observed"",""price"":""observed"",""original_price"":""unavailable"",""campaigns"":""observed"",""stock_status"":""observed"",""stock_signal"":""unavailable"",""rating"":""observed"",""rating_count"":""observed"",""review_count"":""observed"",""question_count"":""unavailable"",""delivery_summary"":""observed"",""shipping_cost"":""observed"",""properties"":""observed""}",true,
1379424965,,fd933f1182188e1124543f2d60bdcf68,975900654:185368:1379424965:fd933f1182188e1124543f2d60bdcf68,100,merchantListing.winnerVariant.quantity,reported,2026-09-08T10:47:03.096Z,10,1,1,reported_total,"[{""merchant_id"":""185368"",""name"":""MeyZone"",""score"":9.5,""price"":349.9,""variant_id"":""1379424965"",""listing_id"":""fd933f1182188e1124543f2d60bdcf68"",""stock_quantity"":100}]","[{""variant_id"":""1379424965"",""label"":null,""in_stock"":true,""stock_quantity"":100,""selected"":true}]",11264,,,,,observation_gap,,inventory_net_decrease,2026-09-08,2026-09-08T13:30:55+03:00,otomobil motosiklet,BEST_SELLER,arac-ici-aksesuar,araç içi aksesuar,238,7,258,258,,otomobil-motosiklet:arac-ici-aksesuar,238,-35,20.6,9.4,975900654,185368,975900654:185368,MeyZone Araba Akrobat Telefon Tutucu Araç Içine Cep Telefonu Tutacağı Oto Aksesuar Arac Telefon Tutucu,MeyZone,Torpido Telefon Sabitleyici,https://www.trendyol.com/meyzone/araba-akrobat-telefon-tutucu-arac-icine-cep-telefonu-tutacagi-oto-aksesuar-arac-telefon-tutucu-p-975900654?boutiqueId=61&merchantId=185368,MeyZone,9.5,349.9,,,0,TRY,"[""Sepette %1 İndirim"",""Kargo Bedava""]",InStock,,,,,,3.7934272300469485,852,373,3,,,,,4999,TRY,0,,1,3,Tahmini Teslim:,En Çok Favorilenen 2. Ürün,https://cdn.dsmcdn.com/ty1730/prod/QC_PREP/20250821/11/ef24751b-1ca1-3c12-a91f-2b6a15558009/1_org_zoom.jpg,"{""Renk"":""Siyah""}",20,5,refreshed,"[""daily_top""]",true,2026-09-08T10:47:03.097Z,0,"[""search_result_dom"",""product_detail_jsonld"",""product_detail_dom""]","{""variant_id"":""observed"",""variant_label"":""unavailable"",""listing_id"":""observed"",""inventory_key"":""observed"",""stock_quantity"":""observed"",""stock_quantity_source"":""observed"",""stock_quantity_kind"":""observed"",""stock_observed_at"":""observed"",""max_sale_limit"":""observed"",""seller_count"":""observed"",""seller_count_observed"":""observed"",""seller_count_kind"":""observed"",""sellers"":""observed"",""variants"":""observed"",""favorite_count"":""observed"",""inventory_decrease"":""unavailable"",""sales_estimate_daily"":""unavailable"",""sales_estimate_weekly"":""unavailable"",""sales_estimate_monthly"":""unavailable"",""sales_estimate_status"":""unavailable"",""sales_estimate_hours"":""unavailable"",""sales_estimate_source"":""unavailable"",""title"":""observed"",""brand"":""observed"",""seller_name"":""observed"",""seller_score"":""observed"",""price"":""observed"",""original_price"":""unavailable"",""campaigns"":""observed"",""stock_status"":""observed"",""stock_signal"":""unavailable"",""rating"":""observed"",""rating_count"":""observed"",""review_count"":""observed"",""question_count"":""unavailable"",""delivery_summary"":""observed"",""shipping_cost"":""observed"",""properties"":""observed""}",true,
1523593031,,eb457de3a5a223d4c9ccc6057c8b5de0,1097890390:120735:1523593031:eb457de3a5a223d4c9ccc6057c8b5de0,8124,merchantListing.winnerVariant.quantity,reported,2026-09-08T10:47:03.173Z,10,1,1,reported_total,"[{""merchant_id"":""120735"",""name"":""Woyax Deji"",""score"":9.5,""price"":599.8,""variant_id"":""1523593031"",""listing_id"":""eb457de3a5a223d4c9ccc6057c8b5de0"",""stock_quantity"":8124}]","[{""variant_id"":""1523593031"",""label"":null,""in_stock"":true,""stock_quantity"":8124,""selected"":true}]",8174,,,,,missing_baseline,,inventory_net_decrease,2026-09-08,2026-09-08T13:30:55+03:00,otomobil motosiklet,BEST_SELLER,arac-ici-aksesuar,araç içi aksesuar,239,7,259,259,,otomobil-motosiklet:arac-ici-aksesuar,239,,15.6,14.4,1097890390,120735,1097890390:120735,Woyax MagSafe Uyumlu 360° Mıknatıslı Ayarlanabilir Araç İçi Telefon Tutucu Kilitli Vakumlu Masa Dolap Cam,Woyax,Araç İçi Telefon Tutucular,https://www.trendyol.com/woyax/magsafe-uyumlu-360-miknatisli-ayarlanabilir-arac-ici-telefon-tutucu-kilitli-vakumlu-masa-dolap-cam-p-1097890390?boutiqueId=61&merchantId=120735,Woyax Deji,9.5,599.8,,,,TRY,"[""Kargo Bedava""]",InStock,,,,,,4.506024096385542,166,88,,,,,,4999,TRY,0,,1,3,Tahmini Teslim:,,https://cdn.dsmcdn.com/ty1922/prod/QC_ENRICHMENT/20260625/08/4ba02667-172c-3102-8e5a-f82503e5ef44/1_org_zoom.jpg,"{""Telefon Tutucu Özellikleri"":""Mıknatıslı"",""Renk"":""Siyah"",""Garanti Süresi"":""1 Yıl"",""Türü"":""Vantuzlu"",""Materyal"":""Metal"",""Menşei"":""CN"",""Bakım Talimatları (Genel)"":""Nemli bir bezle silin.""}",20,5,refreshed,"[""daily_top""]",true,2026-09-08T10:47:03.174Z,0,"[""search_result_dom"",""product_detail_jsonld"",""product_detail_dom""]","{""variant_id"":""observed"",""variant_label"":""unavailable"",""listing_id"":""observed"",""inventory_key"":""observed"",""stock_quantity"":""observed"",""stock_quantity_source"":""observed"",""stock_quantity_kind"":""observed"",""stock_observed_at"":""observed"",""max_sale_limit"":""observed"",""seller_count"":""observed"",""seller_count_observed"":""observed"",""seller_count_kind"":""observed"",""sellers"":""observed"",""variants"":""observed"",""favorite_count"":""observed"",""inventory_decrease"":""unavailable"",""sales_estimate_daily"":""unavailable"",""sales_estimate_weekly"":""unavailable"",""sales_estimate_monthly"":""unavailable"",""sales_estimate_status"":""unavailable"",""sales_estimate_hours"":""unavailable"",""sales_estimate_source"":""unavailable"",""title"":""observed"",""brand"":""observed"",""seller_name"":""observed"",""seller_score"":""observed"",""price"":""observed"",""original_price"":""unavailable"",""campaigns"":""observed"",""stock_status"":""observed"",""stock_signal"":""unavailable"",""rating"":""observed"",""rating_count"":""observed"",""review_count"":""observed"",""question_count"":""unavailable"",""delivery_summary"":""observed"",""shipping_cost"":""observed"",""properties"":""observed""}",true,
1337242914,,f85489b31f91a2e1afbde251dffcb1c3,944554981:867640:1337242914:f85489b31f91a2e1afbde251dffcb1c3,1129,merchantListing.winnerVariant.quantity,reported,2026-09-08T10:47:03.025Z,20,1,1,reported_total,"[{""merchant_id"":""867640"",""name"":""Modifiyum"",""score"":9.6,""price"":74.18,""variant_id"":""1337242914"",""listing_id"":""f85489b31f91a2e1afbde251dffcb1c3"",""stock_quantity"":1129}]","[{""variant_id"":""1337242914"",""label"":null,""in_stock"":true,""stock_quantity"":1129,""selected"":true}]",4944,8,7.95,,,estimated,24.16,inventory_net_decrease,2026-09-08,2026-09-08T13:30:55+03:00,otomobil motosiklet,BEST_SELLER,arac-ici-aksesuar,araç içi aksesuar,240,7,260,260,,otomobil-motosiklet:arac-ici-aksesuar,240,-89,18.5,11.5,944554981,867640,944554981:867640,Modifiyum Araç Içi Park Telefon Numarası Fosforlu Numaratör Oto Cam Kartı Siyah,Modifiyum,Torpido Aksesuar,https://www.trendyol.com/modifiyum/arac-ici-park-telefon-numarasi-fosforlu-numarator-oto-cam-karti-siyah-p-944554981?boutiqueId=61&merchantId=867640,Modifiyum,9.6,74.18,,,-46.6,TRY,"[""Sepette %1 İndirim"",""Kargo Bedava""]",InStock,,,,,,4.71462829736211,417,204,0,,,,,4999,TRY,0,1,1,3,Tahmini Teslim:,,https://cdn.dsmcdn.com/ty1893/prod/QC_ENRICHMENT/20260518/15/75f01d6b-b94f-3571-9fbd-0f47d6037bac/1_org_zoom.jpg,"{""Menşei"":""CN"",""Bakım Talimatları (Genel)"":""Nemli bir bezle silin.""}",20,5,refreshed,"[""daily_top""]",true,2026-09-08T10:47:03.025Z,0,"[""search_result_dom"",""product_detail_jsonld"",""product_detail_dom""]","{""variant_id"":""observed"",""variant_label"":""unavailable"",""listing_id"":""observed"",""inventory_key"":""observed"",""stock_quantity"":""observed"",""stock_quantity_source"":""observed"",""stock_quantity_kind"":""observed"",""stock_observed_at"":""observed"",""max_sale_limit"":""observed"",""seller_count"":""observed"",""seller_count_observed"":""observed"",""seller_count_kind"":""observed"",""sellers"":""observed"",""variants"":""observed"",""favorite_count"":""observed"",""inventory_decrease"":""unavailable"",""sales_estimate_daily"":""unavailable"",""sales_estimate_weekly"":""unavailable"",""sales_estimate_monthly"":""unavailable"",""sales_estimate_status"":""unavailable"",""sales_estimate_hours"":""unavailable"",""sales_estimate_source"":""unavailable"",""title"":""observed"",""brand"":""observed"",""seller_name"":""observed"",""seller_score"":""observed"",""price"":""observed"",""original_price"":""unavailable"",""campaigns"":""observed"",""stock_status"":""observed"",""stock_signal"":""unavailable"",""rating"":""observed"",""rating_count"":""observed"",""review_count"":""observed"",""question_count"":""unavailable"",""delivery_summary"":""observed"",""shipping_cost"":""observed"",""properties"":""observed""}",true,
1580992358,,a85041edc259a6414fd1ca7146207616,1131724833:1248745:1580992358:a85041edc259a6414fd1ca7146207616,9,merchantListing.winnerVariant.quantity,reported,2026-09-08T10:47:12.770Z,20,1,1,reported_total,"[{""merchant_id"":""1248745"",""name"":""AutoBase"",""score"":9.5,""price"":175.9,""variant_id"":""1580992358"",""listing_id"":""a85041edc259a6414fd1ca7146207616"",""stock_quantity"":9}]","[{""variant_id"":""1580992358"",""label"":null,""in_stock"":true,""stock_quantity"":9,""selected"":true}]",79,,,,,missing_baseline,,inventory_net_decrease,2026-09-08,2026-09-08T13:30:55+03:00,otomobil motosiklet,BEST_SELLER,arac-ici-aksesuar,araç içi aksesuar,241,7,261,261,,otomobil-motosiklet:arac-ici-aksesuar,241,,3.8,26.2,1131724833,1248745,1131724833:1248745,Autobase Metal Kasa Numara Çevirmeli Araç İçi Telefon Numaratör Parkmatik,Autobase,Torpido Aksesuar,https://www.trendyol.com/autobase/metal-kasa-numara-cevirmeli-arac-ici-telefon-numarator-parkmatik-p-1131724833?boutiqueId=61&merchantId=1248745,AutoBase,9.5,175.9,,,,TRY,"[""Sepette %1 İndirim"",""Kargo Bedava""]",InStock,Tükeniyor,,,,,5,4,2,,,,,,4999,TRY,0,1,1,3,Tahmini Teslim:,,https://cdn.dsmcdn.com/ty1853/prod/QC_PREP/20260411/15/17aa19d4-8f70-3b77-bac7-9ab39a7d1bf4/1_org_zoom.jpg,"{""Menşei"":""TR""}",2,5,refreshed,"[""daily_top""]",true,2026-09-08T10:47:12.771Z,0,"[""search_result_dom"",""product_detail_jsonld"",""product_detail_dom""]","{""variant_id"":""observed"",""variant_label"":""unavailable"",""listing_id"":""observed"",""inventory_key"":""observed"",""stock_quantity"":""observed"",""stock_quantity_source"":""observed"",""stock_quantity_kind"":""observed"",""stock_observed_at"":""observed"",""max_sale_limit"":""observed"",""seller_count"":""observed"",""seller_count_observed"":""observed"",""seller_count_kind"":""observed"",""sellers"":""observed"",""variants"":""observed"",""favorite_count"":""observed"",""inventory_decrease"":""unavailable"",""sales_estimate_daily"":""unavailable"",""sales_estimate_weekly"":""unavailable"",""sales_estimate_monthly"":""unavailable"",""sales_estimate_status"":""unavailable"",""sales_estimate_hours"":""unavailable"",""sales_estimate_source"":""unavailable"",""title"":""observed"",""brand"":""observed"",""seller_name"":""observed"",""seller_score"":""observed"",""price"":""observed"",""original_price"":""unavailable"",""campaigns"":""observed"",""stock_status"":""observed"",""stock_signal"":""observed"",""rating"":""observed"",""rating_count"":""observed"",""review_count"":""observed"",""question_count"":""unavailable"",""delivery_summary"":""observed"",""shipping_cost"":""observed"",""properties"":""observed""}",true,
464480638,,7b19bba006d7402654b25b13c2634993,290742014:434528:464480638:7b19bba006d7402654b25b13c2634993,549,merchantListing.winnerVariant.quantity,reported,2026-09-08T10:47:12.002Z,10,1,1,reported_total,"[{""merchant_id"":""434528"",""name"":""PİLLOWART"",""score"":9.6,""price"":849,""variant_id"":""464480638"",""listing_id"":""7b19bba006d7402654b25b13c2634993"",""stock_quantity"":549}]","[{""variant_id"":""464480638"",""label"":null,""in_stock"":true,""stock_quantity"":549,""selected"":true}]",2699,,,,,missing_baseline,,inventory_net_decrease,2026-09-08,2026-09-08T13:30:55+03:00,otomobil motosiklet,BEST_SELLER,arac-ici-aksesuar,araç içi aksesuar,242,7,262,262,,otomobil-motosiklet:arac-ici-aksesuar,242,,15,15,290742014,434528,290742014:434528,PİLLOWART Araç Içi Visco Boyun Ve Sırt Bel Destek Yastığı Siyah Uyumlu,PİLLOWART,Oto Koltuk Minderi ve Yastığı,https://www.trendyol.com/pillowart/arac-ici-visco-boyun-ve-sirt-bel-destek-yastigi-siyah-uyumlu-p-290742014?boutiqueId=61&merchantId=434528,PİLLOWART,9.6,849,,,,TRY,"[""Sepette %3 İndirim"",""30 TL Kupon"",""Kargo Bedava""]",InStock,,,,,,4.609929078014185,141,74,,,,,,4999,TRY,0,1,1,3,Tahmini Teslim:,,https://cdn.dsmcdn.com/ty1766/prod/QC_ENRICHMENT/20250928/18/77eb682e-a2df-3fe9-8f17-ac29f79317b1/1_org_zoom.jpg,"{""Araç Marka ve Model"":""Hyundai İ40"",""Materyal"":""Visco"",""Menşei"":""TR"",""Yıkama Talimatı"":""Type 1""}",20,5,refreshed,"[""daily_top""]",true,2026-09-08T10:47:12.003Z,0,"[""search_result_dom"",""product_detail_jsonld"",""product_detail_dom""]","{""variant_id"":""observed"",""variant_label"":""unavailable"",""listing_id"":""observed"",""inventory_key"":""observed"",""stock_quantity"":""observed"",""stock_quantity_source"":""observed"",""stock_quantity_kind"":""observed"",""stock_observed_at"":""observed"",""max_sale_limit"":""observed"",""seller_count"":""observed"",""seller_count_observed"":""observed"",""seller_count_kind"":""observed"",""sellers"":""observed"",""variants"":""observed"",""favorite_count"":""observed"",""inventory_decrease"":""unavailable"",""sales_estimate_daily"":""unavailable"",""sales_estimate_weekly"":""unavailable"",""sales_estimate_monthly"":""unavailable"",""sales_estimate_status"":""unavailable"",""sales_estimate_hours"":""unavailable"",""sales_estimate_source"":""unavailable"",""title"":""observed"",""brand"":""observed"",""seller_name"":""observed"",""seller_score"":""observed"",""price"":""observed"",""original_price"":""unavailable"",""campaigns"":""observed"",""stock_status"":""observed"",""stock_signal"":""unavailable"",""rating"":""observed"",""rating_count"":""observed"",""review_count"":""observed"",""question_count"":""unavailable"",""delivery_summary"":""observed"",""shipping_cost"":""observed"",""properties"":""observed""}",true,
59174258,,88f19867879823dcd693471a490c2a7b,32871185:256324:59174258:88f19867879823dcd693471a490c2a7b,291,merchantListing.winnerVariant.quantity,reported,2026-09-08T10:47:13.570Z,10,67,67,reported_total,"[{""merchant_id"":""256324"",""name"":""MorzaPazari"",""score"":8.4,""price"":41.49,""variant_id"":""59174258"",""listing_id"":""88f19867879823dcd693471a490c2a7b"",""stock_quantity"":291},{""merchant_id"":""1258312"",""name"":""Northern Star"",""score"":9.3,""price"":31.9,""variant_id"":""59174258"",""listing_id"":""dbb7abd54b0a7ae2fbf8aca0c24a01f2"",""stock_quantity"":1982},{""merchant_id"":""1084873"",""name"":""YemuCo"",""score"":9,""price"":33.99,""variant_id"":""59174258"",""listing_id"":""81de17db81345366405f73c071873350"",""stock_quantity"":4996},{""merchant_id"":""178286"",""name"":""YILMAZ YATIRIM"",""score"":8.7,""price"":34.99,""variant_id"":""59174258"",""listing_id"":""1d3c5fadfafb98d2f32f3f46c540b535"",""stock_quantity"":160},{""merchant_id"":""677198"",""name"":""Amentes"",""score"":8.9,""price"":41.35,""variant_id"":""59174258"",""listing_id"":""f9843a52f35f3e3e44c97f4f06d954aa"",""stock_quantity"":19640},{""merchant_id"":""345234"",""name"":""elektroTeChno"",""score"":9.2,""price"":47,""variant_id"":""59174258"",""listing_id"":""477164b500e75b3e2448a38308b92b0d"",""stock_quantity"":1892},{""merchant_id"":""111097"",""name"":""Gogidigo"",""score"":8.6,""price"":46.9,""variant_id"":""59174258"",""listing_id"":""83c40098766d2b9404f0342bb107528c"",""stock_quantity"":82},{""merchant_id"":""386081"",""name"":""CHN GROUP"",""score"":9.3,""price"":49.99,""variant_id"":""59174258"",""listing_id"":""d1e809cc9f93a01a47813f36f640fbe8"",""stock_quantity"":11891},{""merchant_id"":""1106529"",""name"":""Parmend Life"",""score"":8.8,""price"":49.9,""variant_id"":""59174258"",""listing_id"":""8de1a415724fc76c3c198e52e1531d03"",""stock_quantity"":407},{""merchant_id"":""246399"",""name"":""Koza Gift"",""score"":8.8,""price"":49.9,""variant_id"":""59174258"",""listing_id"":""b376425a8f0567178959121820a2cd8f"",""stock_quantity"":479},{""merchant_id"":""1270775"",""name"":""Parçasepette Prime"",""score"":8.6,""price"":49.99,""variant_id"":""59174258"",""listing_id"":""08ce7480b4750a726d5b4d188ea1b033"",""stock_quantity"":161},{""merchant_id"":""1072118"",""name"":""DGN TAKIKOZMETİK"",""score"":8.6,""price"":50,""variant_id"":""59174258"",""listing_id"":""6f917bdd7c5eba6af7fa12b821e292f6"",""stock_quantity"":19972},{""merchant_id"":""976719"",""name"":""PRATİK PERİ"",""score"":8.7,""price"":54.89,""variant_id"":""59174258"",""listing_id"":""9b9a47e57cc7c958b42bc736c437b3e3"",""stock_quantity"":100},{""merchant_id"":""610522"",""name"":""BODRUM OTO PASPAS"",""score"":9,""price"":62.08,""variant_id"":""59174258"",""listing_id"":""2f53355e18178f8f67063dfb909f0730"",""stock_quantity"":38},{""merchant_id"":""679756"",""name"":""RED KİTCHEN"",""score"":8.7,""price"":64.1,""variant_id"":""59174258"",""listing_id"":""e195126aa800e6a28110fd755043f493"",""stock_quantity"":19},{""merchant_id"":""1269512"",""name"":""NİSİBİS HOME"",""score"":9.2,""price"":73.9,""variant_id"":""59174258"",""listing_id"":""01003e537c7eefea8edd4e3225f63670"",""stock_quantity"":192},{""merchant_id"":""971022"",""name"":""ARARAT YAZICI ÇÖZÜMLERİ"",""score"":9.1,""price"":74.99,""variant_id"":""59174258"",""listing_id"":""49cfb45f6fcc2c39b1e9f53a555d8baf"",""stock_quantity"":9953},{""merchant_id"":""1154946"",""name"":""Hybee HOME"",""score"":9.4,""price"":74.9,""variant_id"":""59174258"",""listing_id"":""fa3e6f9ca61e88efb12ef7bd4cb0f164"",""stock_quantity"":100},{""merchant_id"":""881335"",""name"":""Özay Home"",""score"":9.1,""price"":74.99,""variant_id"":""59174258"",""listing_id"":""338e52aca378a5750026ac0569af5010"",""stock_quantity"":991},{""merchant_id"":""731207"",""name"":""Frezyahome"",""score"":8.8,""price"":74.9,""variant_id"":""59174258"",""listing_id"":""c5a10e22905d01d1d45bdea636a82343"",""stock_quantity"":19990},{""merchant_id"":""510669"",""name"":""Seram Collection"",""score"":8.6,""price"":74.99,""variant_id"":""59174258"",""listing_id"":""b50b434b6658028f99cfbd7f16d40fbd"",""stock_quantity"":27},{""merchant_id"":""877390"",""name"":""DepoTronik"",""score"":8.4,""price"":74.9,""variant_id"":""59174258"",""listing_id"":""faf63dbb4e37ef53193b57fb87fad3b7"",""stock_quantity"":49},{""merchant_id"":""683676"",""name"":""DİNÇ BİLİŞİM KIRTASİYE"",""score"":0,""price"":80,""variant_id"":""59174258"",""listing_id"":""dafa817074599ee4d643e93a1fcdbcb3"",""stock_quantity"":8},{""merchant_id"":""385108"",""name"":""AydemirTech"",""score"":8.6,""price"":89,""variant_id"":""59174258"",""listing_id"":""a684d23c64eca47fe86f16651527ed6a"",""stock_quantity"":70},{""merchant_id"":""110369"",""name"":""SARFEX STORE"",""score"":9.2,""price"":98,""variant_id"":""59174258"",""listing_id"":""c55d9e54b6d9c6de5531a6020d7f528d"",""stock_quantity"":24},{""merchant_id"":""1220878"",""name"":""Brother Store"",""score"":8.1,""price"":99,""variant_id"":""59174258"",""listing_id"":""70a86544f6b3b6cabb3d0a284bfd9e18"",""stock_quantity"":4991},{""merchant_id"":""497547"",""name"":""Horasan Ticaret"",""score"":8.9,""price"":99,""variant_id"":""59174258"",""listing_id"":""b9377d03d46feb290c9c9659c2eec5bb"",""stock_quantity"":62},{""merchant_id"":""1247474"",""name"":""CanDerel Plus"",""score"":8.4,""price"":99,""variant_id"":""59174258"",""listing_id"":""66c81b165986712c5480ea90998bc6d1"",""stock_quantity"":959},{""merchant_id"":""468029"",""name"":""Garden Auto"",""score"":8.6,""price"":99,""variant_id"":""59174258"",""listing_id"":""06ea86e6c898cadd1eddd9115814a01a"",""stock_quantity"":19997},{""merchant_id"":""634351"",""name"":""NİLLE"",""score"":7.4,""price"":99.9,""variant_id"":""59174258"",""listing_id"":""fc19bb84ddaab6c9f7a82e75f29c141a"",""stock_quantity"":19945},{""merchant_id"":""1101584"",""name"":""ForbinTeknoloji"",""score"":9.5,""price"":105.9,""variant_id"":""59174258"",""listing_id"":""1c56ec0f83f1bc8b8df005bdf7783a22"",""stock_quantity"":1000},{""merchant_id"":""668090"",""name"":""Mes Store"",""score"":9.6,""price"":109.9,""variant_id"":""59174258"",""listing_id"":""5116278a741a2a535327cc2259692b82"",""stock_quantity"":20},{""merchant_id"":""246743"",""name"":""ToptanHane"",""score"":9.3,""price"":109.9,""variant_id"":""59174258"",""listing_id"":""69579765547ee77b9dbab878174979a3"",""stock_quantity"":422},{""merchant_id"":""117498"",""name"":""Fırsatyeri"",""score"":8.4,""price"":119.07,""variant_id"":""59174258"",""listing_id"":""921b512de37716db7dd9d3f0d5646fc0"",""stock_quantity"":645},{""merchant_id"":""1149976"",""name"":""EdaBijuteri"",""score"":9,""price"":119,""variant_id"":""59174258"",""listing_id"":""b7ab14b02fc95a3f5f6eb4fbc98a9afb"",""stock_quantity"":8},{""merchant_id"":""1004792"",""name"":""Teknotik"",""score"":8.9,""price"":119,""variant_id"":""59174258"",""listing_id"":""a2d3191e8b877c205f57a7720dc97cbc"",""stock_quantity"":9996},{""merchant_id"":""1245088"",""name"":""ADEL SHOPPİNG CENTER"",""score"":8.5,""price"":119,""variant_id"":""59174258"",""listing_id"":""7dbf2d6d0f9b403e68e83bbcb1c4c83b"",""stock_quantity"":100},{""merchant_id"":""788392"",""name"":""Hombak"",""score"":8.8,""price"":120,""variant_id"":""59174258"",""listing_id"":""23b9d1d0c4525a946fe8f41cd10bbe40"",""stock_quantity"":97},{""merchant_id"":""660815"",""name"":""KARA AUTO SHOP"",""score"":8.3,""price"":120,""variant_id"":""59174258"",""listing_id"":""c1e17c3372389cbbe41812735094ba78"",""stock_quantity"":994},{""merchant_id"":""873830"",""name"":""YİĞİT OTO ONLİNE"",""score"":9.3,""price"":123,""variant_id"":""59174258"",""listing_id"":""aeaab79301bd4a8772d947a42c6a8254"",""stock_quantity"":951},{""merchant_id"":""219087"",""name"":""Newstore Home"",""score"":9.3,""price"":124.9,""variant_id"":""59174258"",""listing_id"":""a86605a3c086f01a257d0a35172f33c3"",""stock_quantity"":935},{""merchant_id"":""108638"",""name"":""urunkolik"",""score"":8.9,""price"":124.99,""variant_id"":""59174258"",""listing_id"":""eb8708ab4e809a5e6351a85a55f41e8b"",""stock_quantity"":9777},{""merchant_id"":""880042"",""name"":""Car Master Shop"",""score"":9.3,""price"":124.9,""variant_id"":""59174258"",""listing_id"":""9ed9507cd1e8d694cb24766f0bfc3efb"",""stock_quantity"":15},{""merchant_id"":""284234"",""name"":""THREESTEP"",""score"":9.2,""price"":124.9,""variant_id"":""59174258"",""listing_id"":""a6ba7112bc7f0d5d3c878eb003d023da"",""stock_quantity"":966},{""merchant_id"":""445138"",""name"":""CKV_CENTER"",""score"":8.9,""price"":124.9,""variant_id"":""59174258"",""listing_id"":""e8dfb064138570073549c52d1b70f61d"",""stock_quantity"":988},{""merchant_id"":""135817"",""name"":""Dmay"",""score"":9.2,""price"":129,""variant_id"":""59174258"",""listing_id"":""82f0cec99157ef6dbb55ffc52d4d08f9"",""stock_quantity"":490},{""merchant_id"":""1127902"",""name"":""DarkStar"",""score"":9.4,""price"":129.49,""variant_id"":""59174258"",""listing_id"":""16d659e659b3eaec1976dc2ad38ccbc8"",""stock_quantity"":49},{""merchant_id"":""512653"",""name"":""Safestore"",""score"":9.2,""price"":129.9,""variant_id"":""59174258"",""listing_id"":""32c14cd0e057a485dbef3500fd4031f8"",""stock_quantity"":46},{""merchant_id"":""118141"",""name"":""Fırsatvar"",""score"":8.4,""price"":132.77,""variant_id"":""59174258"",""listing_id"":""53800c7676596111744f7348590d7b57"",""stock_quantity"":645},{""merchant_id"":""675300"",""name"":""Airobazar"",""score"":8.5,""price"":129.95,""variant_id"":""59174258"",""listing_id"":""6f5a28f19f9b44f4386992219beb819c"",""stock_quantity"":1000},{""merchant_id"":""1171523"",""name"":""Otomutluluk"",""score"":9.2,""price"":199,""variant_id"":""59174258"",""listing_id"":""092a5d92b4aa3ace0cdd833c7d1e33a3"",""stock_quantity"":59},{""merchant_id"":""615668"",""name"":""LİDER  GÜLÜZADE HOME"",""score"":9.3,""price"":149,""variant_id"":""59174258"",""listing_id"":""5e7437f04db45e6c1782a2940b46e813"",""stock_quantity"":20},{""merchant_id"":""225837"",""name"":""bidolu ihtiyaç"",""score"":9.4,""price"":149,""variant_id"":""59174258"",""listing_id"":""80cfedcae926db43de21951d12abbf1e"",""stock_quantity"":10},{""merchant_id"":""850569"",""name"":""NS Ticaret"",""score"":9.3,""price"":149,""variant_id"":""59174258"",""listing_id"":""fd160281d896b844f9b0d5ab3ebdd1c6"",""stock_quantity"":1},{""merchant_id"":""1002420"",""name"":""Smart Garage Marketing"",""score"":8.7,""price"":149,""variant_id"":""59174258"",""listing_id"":""7c1b36ea7fe2301ec7c674f908f0facf"",""stock_quantity"":7},{""merchant_id"":""209508"",""name"":""EF GARAGE Oto Aksesuar"",""score"":8.8,""price"":149,""variant_id"":""59174258"",""listing_id"":""d116efdfd9f1b50c1409e039278b6e82"",""stock_quantity"":9971},{""merchant_id"":""444502"",""name"":""Autowinn"",""score"":9.5,""price"":149.9,""variant_id"":""59174258"",""listing_id"":""dc5012e3760d74e7e51475c6f2b4c714"",""stock_quantity"":1961},{""merchant_id"":""433250"",""name"":""Olgun Home"",""score"":8.4,""price"":169.95,""variant_id"":""59174258"",""listing_id"":""b89a5925fb532bfd44100f9981bf56b1"",""stock_quantity"":2000},{""merchant_id"":""626586"",""name"":""AS GARAJ"",""score"":8.5,""price"":179,""variant_id"":""59174258"",""listing_id"":""d7c5274beae6d70b3ebc6bc0d5280099"",""stock_quantity"":49},{""merchant_id"":""1251348"",""name"":""MS GARAJ"",""score"":8.1,""price"":180,""variant_id"":""59174258"",""listing_id"":""76b5bb39ec9bbf4555beaf145c4f4609"",""stock_quantity"":999},{""merchant_id"":""374468"",""name"":""TEAMCAR"",""score"":8.6,""price"":184.5,""variant_id"":""59174258"",""listing_id"":""10820c620ac0262ac39322ad7ec765bb"",""stock_quantity"":94},{""merchant_id"":""708107"",""name"":""Galaxy-Store"",""score"":9.4,""price"":189,""variant_id"":""59174258"",""listing_id"":""713f6820a7a95413be68406b046851ec"",""stock_quantity"":988},{""merchant_id"":""618539"",""name"":""BUKET TEDARİK"",""score"":7.6,""price"":190,""variant_id"":""59174258"",""listing_id"":""a2335537119b3a9b857bed9fa93978af"",""stock_quantity"":10},{""merchant_id"":""1181393"",""name"":""Asel-Aksesuar"",""score"":9.1,""price"":199.99,""variant_id"":""59174258"",""listing_id"":""ef1bb55753534e17385ac8ae219b3ad6"",""stock_quantity"":22},{""merchant_id"":""991359"",""name"":""EFEAKS"",""score"":9.6,""price"":199,""variant_id"":""59174258"",""listing_id"":""db4c96feeb344765c28bfc5b647aac9d"",""stock_quantity"":91},{""merchant_id"":""122576"",""name"":""Vip Home Concept"",""score"":9.1,""price"":249.95,""variant_id"":""59174258"",""listing_id"":""08013dc067874ce302dd6950b17dd20b"",""stock_quantity"":5000},{""merchant_id"":""1097342"",""name"":""MUUN STORE"",""score"":9.5,""price"":74.99,""variant_id"":""59174258"",""listing_id"":""74987a268d4519a6affe2a9e6fec61a6"",""stock_quantity"":20}]","[{""variant_id"":""59174258"",""label"":null,""in_stock"":true,""stock_quantity"":291,""selected"":true}]",10024,9,8.95,,,estimated,24.14,inventory_net_decrease,2026-09-08,2026-09-08T13:30:55+03:00,otomobil motosiklet,BEST_SELLER,arac-ici-aksesuar,araç içi aksesuar,243,7,263,263,,otomobil-motosiklet:arac-ici-aksesuar,243,-46,22.2,7.8,32871185,256324,32871185:256324,Genel Markalar Araç Parktel Numaratör Oto Telefon Park Numaratörü Ön Cam Torpido Siyah ......,Genel Markalar,Araç İçi Telefon Tutucular,https://www.trendyol.com/genel-markalar/arac-parktel-numarator-oto-telefon-park-numaratoru-on-cam-torpido-siyah-p-32871185?boutiqueId=61&merchantId=256324,MorzaPazari,8.4,41.49,,,0,TRY,"[""Sepette %1 İndirim"",""15 TL Kupon"",""Kargo Bedava""]",InStock,,,,,,4.011618900077459,1291,601,0,,,,,4999,TRY,0,1,1,3,Tahmini Teslim:,,https://cdn.dsmcdn.com/ty1853/prod/QC_ENRICHMENT/20260407/18/8c5d7500-d457-3e20-a676-bfd714208f55/1_org_zoom.jpg,"{""Telefon Tutucu Özellikleri"":""Mıknatıslı"",""Renk"":""Siyah"",""Garanti Süresi"":""Belirtilmemiş"",""Türü"":""Torpido Üstü"",""Materyal"":""Plastik"",""Menşei"":""TR""}",20,5,refreshed,"[""daily_top""]",true,2026-09-08T10:47:13.570Z,0,"[""search_result_dom"",""product_detail_jsonld"",""product_detail_dom""]","{""variant_id"":""observed"",""variant_label"":""unavailable"",""listing_id"":""observed"",""inventory_key"":""observed"",""stock_quantity"":""observed"",""stock_quantity_source"":""observed"",""stock_quantity_kind"":""observed"",""stock_observed_at"":""observed"",""max_sale_limit"":""observed"",""seller_count"":""observed"",""seller_count_observed"":""observed"",""seller_count_kind"":""observed"",""sellers"":""observed"",""variants"":""observed"",""favorite_count"":""observed"",""inventory_decrease"":""unavailable"",""sales_estimate_daily"":""unavailable"",""sales_estimate_weekly"":""unavailable"",""sales_estimate_monthly"":""unavailable"",""sales_estimate_status"":""unavailable"",""sales_estimate_hours"":""unavailable"",""sales_estimate_source"":""unavailable"",""title"":""observed"",""brand"":""observed"",""seller_name"":""observed"",""seller_score"":""observed"",""price"":""observed"",""original_price"":""unavailable"",""campaigns"":""observed"",""stock_status"":""observed"",""stock_signal"":""unavailable"",""rating"":""observed"",""rating_count"":""observed"",""review_count"":""observed"",""question_count"":""unavailable"",""delivery_summary"":""observed"",""shipping_cost"":""observed"",""properties"":""observed""}",true,
1502195343,,eacdb1cf9a4afe746dd6f3ccb7cf1cae,1086694458:841196:1502195343:eacdb1cf9a4afe746dd6f3ccb7cf1cae,9789,merchantListing.winnerVariant.quantity,reported,2026-09-08T10:47:20.768Z,10,1,1,reported_total,"[{""merchant_id"":""841196"",""name"":""Q Aksesuar"",""score"":8.3,""price"":49.9,""variant_id"":""1502195343"",""listing_id"":""eacdb1cf9a4afe746dd6f3ccb7cf1cae"",""stock_quantity"":9789}]","[{""variant_id"":""1502195343"",""label"":null,""in_stock"":true,""stock_quantity"":9789,""selected"":true}]",685,,,,,unchanged_stock,24.15,inventory_net_decrease,2026-09-08,2026-09-08T13:30:55+03:00,otomobil motosiklet,BEST_SELLER,arac-ici-aksesuar,araç içi aksesuar,244,7,264,264,13,otomobil-motosiklet:arac-ici-aksesuar,244,-68,10.6,19.4,1086694458,841196,1086694458:841196,"Q Aksesuar Silikon Vakumlu Telefon Tutucu, Cep Telefonu için Kaymaz Vantuzlu Yapışkanlı Telefon Tutucu (1 ADET)",Q Aksesuar,,https://www.trendyol.com/q-aksesuar/silikon-vakumlu-telefon-tutucu-cep-telefonu-icin-kaymaz-vantuzlu-yapiskanli-telefon-tutucu-1-adet-p-1086694458?boutiqueId=61&merchantId=841196,Q Aksesuar,8.3,49.9,,,0,TRY,"[""Kargo Bedava""]",InStock,,,,,,4.136363636363637,44,20,0,,,,,,,0,,,,Tahmini Teslim:,,,{},0,,refreshed,"[""daily_top""]",true,2026-09-08T10:47:20.769Z,0,"[""search_result_dom"",""product_detail_jsonld"",""product_detail_dom""]","{""variant_id"":""observed"",""variant_label"":""unavailable"",""listing_id"":""observed"",""inventory_key"":""observed"",""stock_quantity"":""observed"",""stock_quantity_source"":""observed"",""stock_quantity_kind"":""observed"",""stock_observed_at"":""observed"",""max_sale_limit"":""observed"",""seller_count"":""observed"",""seller_count_observed"":""observed"",""seller_count_kind"":""observed"",""sellers"":""observed"",""variants"":""observed"",""favorite_count"":""observed"",""inventory_decrease"":""unavailable"",""sales_estimate_daily"":""unavailable"",""sales_estimate_weekly"":""unavailable"",""sales_estimate_monthly"":""unavailable"",""sales_estimate_status"":""unavailable"",""sales_estimate_hours"":""unavailable"",""sales_estimate_source"":""unavailable"",""title"":""observed"",""brand"":""observed"",""seller_name"":""observed"",""seller_score"":""observed"",""price"":""observed"",""original_price"":""unavailable"",""campaigns"":""observed"",""stock_status"":""observed"",""stock_signal"":""unavailable"",""rating"":""observed"",""rating_count"":""observed"",""review_count"":""observed"",""question_count"":""unavailable"",""delivery_summary"":""observed"",""shipping_cost"":""unavailable"",""properties"":""observed""}",true,
1142694567,,9d25eb41d404310dc2e7c6c5ea3398e6,847760699:620946:1142694567:9d25eb41d404310dc2e7c6c5ea3398e6,18122,merchantListing.winnerVariant.quantity,reported,2026-09-08T10:47:21.805Z,10,1,1,reported_total,"[{""merchant_id"":""620946"",""name"":""Banxtre"",""score"":8.9,""price"":49.9,""variant_id"":""1142694567"",""listing_id"":""9d25eb41d404310dc2e7c6c5ea3398e6"",""stock_quantity"":18122}]","[{""variant_id"":""1142694567"",""label"":null,""in_stock"":true,""stock_quantity"":18122,""selected"":true}]",5065,,,,,missing_baseline,,inventory_net_decrease,2026-09-08,2026-09-08T13:30:55+03:00,otomobil motosiklet,BEST_SELLER,arac-ici-aksesuar,araç içi aksesuar,245,7,265,265,,otomobil-motosiklet:arac-ici-aksesuar,245,,15.6,14.4,847760699,620946,847760699:620946,Banxtre Motor-Araba-Kask için Dekoratif Japonca Yazı Siyah Hayabusa Logo Sticker Etiket 10CM,Banxtre,Arma Sticker & Fosfor Şerit,https://www.trendyol.com/banxtre/motor-araba-kask-icin-dekoratif-japonca-yazi-siyah-hayabusa-logo-sticker-etiket-10cm-p-847760699?boutiqueId=61&merchantId=620946,Banxtre,8.9,49.9,,,,TRY,"[""Kargo Bedava""]",InStock,,,,,,4.61139896373057,193,87,,,,,,4999,TRY,0,1,1,3,Tahmini Teslim:,,https://cdn.dsmcdn.com/ty1461/product/media/images/prod/QC/20240805/10/e33ed5db-884c-3ccc-8031-e42800e38b14/1_org_zoom.jpg,"{""Renk"":""Siyah"",""Menşei"":""TR"",""Özellik"":""Kendinden Yapışkanlı""}",20,5,refreshed,"[""daily_top""]",true,2026-09-08T10:47:21.806Z,0,"[""search_result_dom"",""product_detail_jsonld"",""product_detail_dom""]","{""variant_id"":""observed"",""variant_label"":""unavailable"",""listing_id"":""observed"",""inventory_key"":""observed"",""stock_quantity"":""observed"",""stock_quantity_source"":""observed"",""stock_quantity_kind"":""observed"",""stock_observed_at"":""observed"",""max_sale_limit"":""observed"",""seller_count"":""observed"",""seller_count_observed"":""observed"",""seller_count_kind"":""observed"",""sellers"":""observed"",""variants"":""observed"",""favorite_count"":""observed"",""inventory_decrease"":""unavailable"",""sales_estimate_daily"":""unavailable"",""sales_estimate_weekly"":""unavailable"",""sales_estimate_monthly"":""unavailable"",""sales_estimate_status"":""unavailable"",""sales_estimate_hours"":""unavailable"",""sales_estimate_source"":""unavailable"",""title"":""observed"",""brand"":""observed"",""seller_name"":""observed"",""seller_score"":""observed"",""price"":""observed"",""original_price"":""unavailable"",""campaigns"":""observed"",""stock_status"":""observed"",""stock_signal"":""unavailable"",""rating"":""observed"",""rating_count"":""observed"",""review_count"":""observed"",""question_count"":""unavailable"",""delivery_summary"":""observed"",""shipping_cost"":""observed"",""properties"":""observed""}",true,
992058901,,7b420d5a708626f8a28179887cb1d451,753238230:591996:992058901:7b420d5a708626f8a28179887cb1d451,14277,merchantListing.winnerVariant.quantity,reported,2026-09-08T10:47:24.082Z,10,1,1,reported_total,"[{""merchant_id"":""591996"",""name"":""MARVA"",""score"":9.3,""price"":429.9,""variant_id"":""992058901"",""listing_id"":""7b420d5a708626f8a28179887cb1d451"",""stock_quantity"":14277}]","[{""variant_id"":""992058901"",""label"":null,""in_stock"":true,""stock_quantity"":14277,""selected"":true}]",19011,,,,,observation_gap,,inventory_net_decrease,2026-09-08,2026-09-08T13:30:55+03:00,otomobil motosiklet,BEST_SELLER,arac-ici-aksesuar,araç içi aksesuar,246,7,266,266,,otomobil-motosiklet:arac-ici-aksesuar,246,-85,24,6,753238230,591996,753238230:591996,MARVA Araç Bagaj Düzenleyici 8 Cepli Organizer Araba Eşya Malzeme Düzenleme Oto Içi Aksesuar Düzenleme,MARVA,Bagaj Düzenleyici,https://www.trendyol.com/marva/arac-bagaj-duzenleyici-8-cepli-organizer-araba-esya-malzeme-duzenleme-oto-ici-aksesuar-duzenleme-p-753238230?boutiqueId=61&merchantId=591996,MARVA,9.3,429.9,,,0,TRY,"[""Kargo Bedava""]",InStock,,,,,,4.593637762955361,1949,997,0,,,,,4999,TRY,0,2,1,6,Tahmini Teslim:,,https://cdn.dsmcdn.com/ty987/product/media/images/prod/SPM/PIM/20230819/09/dae65c3e-6007-324e-bf91-361685683d41/1_org_zoom.jpg,"{""Araç Marka ve Model"":""Universal"",""Menşei"":""TR""}",20,5,refreshed,"[""daily_top""]",true,2026-09-08T10:47:24.083Z,0,"[""search_result_dom"",""product_detail_jsonld"",""product_detail_dom""]","{""variant_id"":""observed"",""variant_label"":""unavailable"",""listing_id"":""observed"",""inventory_key"":""observed"",""stock_quantity"":""observed"",""stock_quantity_source"":""observed"",""stock_quantity_kind"":""observed"",""stock_observed_at"":""observed"",""max_sale_limit"":""observed"",""seller_count"":""observed"",""seller_count_observed"":""observed"",""seller_count_kind"":""observed"",""sellers"":""observed"",""variants"":""observed"",""favorite_count"":""observed"",""inventory_decrease"":""unavailable"",""sales_estimate_daily"":""unavailable"",""sales_estimate_weekly"":""unavailable"",""sales_estimate_monthly"":""unavailable"",""sales_estimate_status"":""unavailable"",""sales_estimate_hours"":""unavailable"",""sales_estimate_source"":""unavailable"",""title"":""observed"",""brand"":""observed"",""seller_name"":""observed"",""seller_score"":""observed"",""price"":""observed"",""original_price"":""unavailable"",""campaigns"":""observed"",""stock_status"":""observed"",""stock_signal"":""unavailable"",""rating"":""observed"",""rating_count"":""observed"",""review_count"":""observed"",""question_count"":""unavailable"",""delivery_summary"":""observed"",""shipping_cost"":""observed"",""properties"":""observed""}",true,
1141715193,,37e9786a8f725fb247af13cf0ad8c749,847235067:510669:1141715193:37e9786a8f725fb247af13cf0ad8c749,350,merchantListing.winnerVariant.quantity,reported,2026-09-08T10:47:31.299Z,10,12,12,reported_total,"[{""merchant_id"":""510669"",""name"":""Seram Collection"",""score"":8.6,""price"":175,""variant_id"":""1141715193"",""listing_id"":""37e9786a8f725fb247af13cf0ad8c749"",""stock_quantity"":350},{""merchant_id"":""520352"",""name"":""AutoMare"",""score"":9.2,""price"":193,""variant_id"":""1141715193"",""listing_id"":""0775694bfa56b8cc2183f4248c0ab678"",""stock_quantity"":150},{""merchant_id"":""1109461"",""name"":""ALNİMA"",""score"":9.2,""price"":299,""variant_id"":""1141715193"",""listing_id"":""324481a61936ee51ca2086c89fa098ac"",""stock_quantity"":989},{""merchant_id"":""410689"",""name"":""Bi Desing"",""score"":9,""price"":299,""variant_id"":""1141715193"",""listing_id"":""3ad87d207ebeb1ef13773c17da0829f4"",""stock_quantity"":9854},{""merchant_id"":""788392"",""name"":""Hombak"",""score"":8.8,""price"":349,""variant_id"":""1141715193"",""listing_id"":""9e4812afbd4e4ae3f02d4dbd550317fa"",""stock_quantity"":9},{""merchant_id"":""130748"",""name"":""barototuning"",""score"":9.2,""price"":429,""variant_id"":""1141715193"",""listing_id"":""d25551b8862645ad97d83bafc49fd7b7"",""stock_quantity"":10},{""merchant_id"":""734112"",""name"":""OTO MARKETİNG"",""score"":8.5,""price"":449.99,""variant_id"":""1141715193"",""listing_id"":""f013544b0c0d341bd43f42fcb030f94c"",""stock_quantity"":1000},{""merchant_id"":""158075"",""name"":""Ulaşkan Otomotiv"",""score"":9.1,""price"":449.9,""variant_id"":""1141715193"",""listing_id"":""340137e0def18f8b48a5b22128a52fb4"",""stock_quantity"":5194},{""merchant_id"":""160272"",""name"":""BAŞAK OTOMOTİV  AKSESUAR SAN. VE TİC.LTD"",""score"":8.7,""price"":470,""variant_id"":""1141715193"",""listing_id"":""92ea41411409172ebf90467e56d9fc87"",""stock_quantity"":100},{""merchant_id"":""865428"",""name"":""Tiger Marketing"",""score"":9.1,""price"":499,""variant_id"":""1141715193"",""listing_id"":""fcb8cfb44ce3e582525e8e00a041f223"",""stock_quantity"":500},{""merchant_id"":""209508"",""name"":""EF GARAGE Oto Aksesuar"",""score"":8.8,""price"":500,""variant_id"":""1141715193"",""listing_id"":""cdb6c6c0164f8a5e3bf2344a29157c9e"",""stock_quantity"":10000},{""merchant_id"":""199770"",""name"":""Rodos Ticaret"",""score"":8.5,""price"":699.99,""variant_id"":""1141715193"",""listing_id"":""9703f802d90f7a80916b9458afd91c99"",""stock_quantity"":1}]","[{""variant_id"":""1141715193"",""label"":null,""in_stock"":true,""stock_quantity"":350,""selected"":true}]",354,,,,,identity_changed_or_unknown,,inventory_net_decrease,2026-09-08,2026-09-08T13:30:55+03:00,otomobil motosiklet,BEST_SELLER,arac-ici-aksesuar,araç içi aksesuar,247,7,267,267,,otomobil-motosiklet:arac-ici-aksesuar,247,-56,9.4,20.6,847235067,510669,847235067:510669,Seram Collection Tüm Araçlar Için Uyumlu Araba Ön Cam Güneşlik Katlanabilir Güneşlik Şemsiye Ön Cam Gölgelik,Seram Collection,Oto Güneşlik Perde,https://www.trendyol.com/seram-collection/tum-araclar-icin-uyumlu-araba-on-cam-guneslik-katlanabilir-guneslik-semsiye-on-cam-golgelik-p-847235067?boutiqueId=61&merchantId=510669,Seram Collection,8.6,175,,,0,TRY,"[""Kargo Bedava"",""Son 10 Günün En Düşük Fiyatı""]",InStock,,,,,,4.323529411764706,34,14,0,,,,,4999,TRY,0,1,1,3,Tahmini Teslim:,,https://cdn.dsmcdn.com/ty1504/product/media/images/prod/QC/20240826/12/7d7e3a0d-6966-3ab2-a086-0fceb301852e/1_org_zoom.jpg,"{""Araç Markası"":""Alfa Romeo"",""Menşei"":""CN""}",14,3.71,refreshed,"[""daily_top""]",true,2026-09-08T10:47:31.300Z,0,"[""search_result_dom"",""product_detail_jsonld"",""product_detail_dom""]","{""variant_id"":""observed"",""variant_label"":""unavailable"",""listing_id"":""observed"",""inventory_key"":""observed"",""stock_quantity"":""observed"",""stock_quantity_source"":""observed"",""stock_quantity_kind"":""observed"",""stock_observed_at"":""observed"",""max_sale_limit"":""observed"",""seller_count"":""observed"",""seller_count_observed"":""observed"",""seller_count_kind"":""observed"",""sellers"":""observed"",""variants"":""observed"",""favorite_count"":""observed"",""inventory_decrease"":""unavailable"",""sales_estimate_daily"":""unavailable"",""sales_estimate_weekly"":""unavailable"",""sales_estimate_monthly"":""unavailable"",""sales_estimate_status"":""unavailable"",""sales_estimate_hours"":""unavailable"",""sales_estimate_source"":""unavailable"",""title"":""observed"",""brand"":""observed"",""seller_name"":""observed"",""seller_score"":""observed"",""price"":""observed"",""original_price"":""unavailable"",""campaigns"":""observed"",""stock_status"":""observed"",""stock_signal"":""unavailable"",""rating"":""observed"",""rating_count"":""observed"",""review_count"":""observed"",""question_count"":""unavailable"",""delivery_summary"":""observed"",""shipping_cost"":""observed"",""properties"":""observed""}",true,
1007989522,,946a25d2ed688cd538a095c6417f0eda,763843895:182363:1007989522:946a25d2ed688cd538a095c6417f0eda,769,merchantListing.winnerVariant.quantity,reported,2026-09-08T10:47:31.706Z,15,1,1,reported_total,"[{""merchant_id"":""182363"",""name"":""Black Master Cam Filmleri"",""score"":9.1,""price"":479.9,""variant_id"":""1007989522"",""listing_id"":""946a25d2ed688cd538a095c6417f0eda"",""stock_quantity"":769}]","[{""variant_id"":""1007989522"",""label"":null,""in_stock"":true,""stock_quantity"":769,""selected"":true}]",9410,,,,,identity_changed_or_unknown,,inventory_net_decrease,2026-09-08,2026-09-08T13:30:55+03:00,otomobil motosiklet,BEST_SELLER,arac-ici-aksesuar,araç içi aksesuar,248,7,268,268,,otomobil-motosiklet:arac-ici-aksesuar,248,-135,13.1,16.9,763843895,182363,763843895:182363,BLACK MASTER Aynalı Cam Filmi (60 CM X 2 MT) Isı Yalıtımlı - Ev - Ofis - Balkon Için Uygundur,BLACK MASTER,Oto Cam Filmi,https://www.trendyol.com/black-master/aynali-cam-filmi-60-cm-x-2-mt-isi-yalitimli-ev-ofis-balkon-icin-uygundur-p-763843895?boutiqueId=61&merchantId=182363,Black Master Cam Filmleri,9.1,479.9,,,27.8,TRY,"[""Kargo Bedava""]",InStock,,,,,,4.127906976744186,86,43,4,,,,,4999,TRY,0,1,1,3,,,https://cdn.dsmcdn.com/ty1850/prod/QC_ENRICHMENT/20260331/12/9fc96d17-b147-3664-b0d2-1ca6fe249599/1_org_zoom.jpg,"{""Cam Filmi Tonu"":""%10"",""Diğer Özellikler"":""Kendinden Yapışkanlı"",""Menşei"":""KR"",""Özellik"":""Yalıtımlı"",""Tamir Edilebilirlik"":""Tamir Edilmez.""}",20,5,refreshed,"[""daily_top""]",true,2026-09-08T10:47:31.707Z,0,"[""search_result_dom"",""product_detail_jsonld"",""product_detail_dom""]","{""variant_id"":""observed"",""variant_label"":""unavailable"",""listing_id"":""observed"",""inventory_key"":""observed"",""stock_quantity"":""observed"",""stock_quantity_source"":""observed"",""stock_quantity_kind"":""observed"",""stock_observed_at"":""observed"",""max_sale_limit"":""observed"",""seller_count"":""observed"",""seller_count_observed"":""observed"",""seller_count_kind"":""observed"",""sellers"":""observed"",""variants"":""observed"",""favorite_count"":""observed"",""inventory_decrease"":""unavailable"",""sales_estimate_daily"":""unavailable"",""sales_estimate_weekly"":""unavailable"",""sales_estimate_monthly"":""unavailable"",""sales_estimate_status"":""unavailable"",""sales_estimate_hours"":""unavailable"",""sales_estimate_source"":""unavailable"",""title"":""observed"",""brand"":""observed"",""seller_name"":""observed"",""seller_score"":""observed"",""price"":""observed"",""original_price"":""unavailable"",""campaigns"":""observed"",""stock_status"":""observed"",""stock_signal"":""unavailable"",""rating"":""observed"",""rating_count"":""observed"",""review_count"":""observed"",""question_count"":""unavailable"",""delivery_summary"":""unavailable"",""shipping_cost"":""observed"",""properties"":""observed""}",true,
991706348,,ade4514cb4d4e89089f2e8bd51e7ddd9,752959353:346231:991706348:ade4514cb4d4e89089f2e8bd51e7ddd9,954,merchantListing.winnerVariant.quantity,reported,2026-09-08T10:47:33.148Z,10,1,1,reported_total,"[{""merchant_id"":""346231"",""name"":""Mimtec"",""score"":8.7,""price"":329.9,""variant_id"":""991706348"",""listing_id"":""ade4514cb4d4e89089f2e8bd51e7ddd9"",""stock_quantity"":954}]","[{""variant_id"":""991706348"",""label"":null,""in_stock"":true,""stock_quantity"":954,""selected"":true}]",11992,,,,,missing_baseline,,inventory_net_decrease,2026-09-08,2026-09-08T13:30:55+03:00,otomobil motosiklet,BEST_SELLER,arac-ici-aksesuar,araç içi aksesuar,249,7,269,269,,otomobil-motosiklet:arac-ici-aksesuar,249,,22.2,7.8,752959353,346231,752959353:346231,mimtec Araç Içi Ayarlanabilir Telefon Tutucu Cam Ve Torpido Kademeli Için Ücret Iade Garantili,mimtec,Araç İçi Telefon Tutucular,https://www.trendyol.com/mimtec/arac-ici-ayarlanabilir-telefon-tutucu-cam-ve-torpido-kademeli-icin-ucret-iade-garantili-p-752959353?boutiqueId=61&merchantId=346231,Mimtec,8.7,329.9,,,,TRY,"[""Kargo Bedava""]",InStock,,,,,,4.222222222222222,918,595,,,,,,4999,TRY,0,1,1,3,Tahmini Teslim:,,https://cdn.dsmcdn.com/ty986/product/media/images/prod/SPM/PIM/20230818/15/30357986-1383-37ba-b4e0-28e69e1269da/1_org_zoom.jpg,"{""Telefon Tutucu Özellikleri"":""Akrobat"",""Renk"":""Siyah"",""Garanti Süresi"":""Belirtilmemiş"",""Türü"":""Torpido Üstü"",""Materyal"":""Cam"",""Menşei"":""TR"",""Bakım Talimatları (Genel)"":""Ürünün kullanım ömrünü korumak için ürüne özel bakım talimatlarını takip ediniz.""}",20,5,refreshed,"[""daily_top""]",true,2026-09-08T10:47:33.149Z,0,"[""search_result_dom"",""product_detail_jsonld"",""product_detail_dom""]","{""variant_id"":""observed"",""variant_label"":""unavailable"",""listing_id"":""observed"",""inventory_key"":""observed"",""stock_quantity"":""observed"",""stock_quantity_source"":""observed"",""stock_quantity_kind"":""observed"",""stock_observed_at"":""observed"",""max_sale_limit"":""observed"",""seller_count"":""observed"",""seller_count_observed"":""observed"",""seller_count_kind"":""observed"",""sellers"":""observed"",""variants"":""observed"",""favorite_count"":""observed"",""inventory_decrease"":""unavailable"",""sales_estimate_daily"":""unavailable"",""sales_estimate_weekly"":""unavailable"",""sales_estimate_monthly"":""unavailable"",""sales_estimate_status"":""unavailable"",""sales_estimate_hours"":""unavailable"",""sales_estimate_source"":""unavailable"",""title"":""observed"",""brand"":""observed"",""seller_name"":""observed"",""seller_score"":""observed"",""price"":""observed"",""original_price"":""unavailable"",""campaigns"":""observed"",""stock_status"":""observed"",""stock_signal"":""unavailable"",""rating"":""observed"",""rating_count"":""observed"",""review_count"":""observed"",""question_count"":""unavailable"",""delivery_summary"":""observed"",""shipping_cost"":""observed"",""properties"":""observed""}",true,
1347947677,,15abe0a8a7fb55d7c13c675c511f8daf,952224808:1215691:1347947677:15abe0a8a7fb55d7c13c675c511f8daf,18225,merchantListing.winnerVariant.quantity,reported,2026-09-08T10:47:39.669Z,10,1,1,reported_total,"[{""merchant_id"":""1215691"",""name"":""A&Z STORE"",""score"":9.1,""price"":199.9,""variant_id"":""1347947677"",""listing_id"":""15abe0a8a7fb55d7c13c675c511f8daf"",""stock_quantity"":18225}]","[{""variant_id"":""1347947677"",""label"":null,""in_stock"":true,""stock_quantity"":18225,""selected"":true}]",13147,,,,,observation_gap,,inventory_net_decrease,2026-09-08,2026-09-08T13:30:55+03:00,otomobil motosiklet,BEST_SELLER,arac-ici-aksesuar,araç içi aksesuar,250,7,270,270,,otomobil-motosiklet:arac-ici-aksesuar,250,-55,14.7,15.3,952224808,1215691,952224808:1215691,Miu Oto Araç Çöp Kutusu Yaylı Kapaklı Sıvı Geçirmez Çöp Kovası Pembe Renk,Miu,Oto Çöp Kovası,https://www.trendyol.com/miu/oto-arac-cop-kutusu-yayli-kapakli-sivi-gecirmez-cop-kovasi-pembe-renk-p-952224808?boutiqueId=61&merchantId=1215691,A&Z STORE,9.1,199.9,,,0,TRY,"[""Kargo Bedava""]",InStock,,,,,,3.973333333333333,150,67,0,,,,,4999,TRY,0,,1,3,Tahmini Teslim:,En Çok Ziyaret Edilen 2. Ürün,https://cdn.dsmcdn.com/ty1828/prod/QC_ENRICHMENT/20260217/22/3facf3e0-68cb-3b36-82e5-53d544915e5a/1_org_zoom.jpg,"{""Diğer Özellikler"":""SIVI GEÇİRMEZ VE KAPAKLI"",""Menşei"":""TR"",""Bakım Talimatları (Genel)"":""Nemli bir bezle silin.""}",20,5,refreshed,"[""daily_top""]",true,2026-09-08T10:47:39.671Z,0,"[""search_result_dom"",""product_detail_jsonld"",""product_detail_dom""]","{""variant_id"":""observed"",""variant_label"":""unavailable"",""listing_id"":""observed"",""inventory_key"":""observed"",""stock_quantity"":""observed"",""stock_quantity_source"":""observed"",""stock_quantity_kind"":""observed"",""stock_observed_at"":""observed"",""max_sale_limit"":""observed"",""seller_count"":""observed"",""seller_count_observed"":""observed"",""seller_count_kind"":""observed"",""sellers"":""observed"",""variants"":""observed"",""favorite_count"":""observed"",""inventory_decrease"":""unavailable"",""sales_estimate_daily"":""unavailable"",""sales_estimate_weekly"":""unavailable"",""sales_estimate_monthly"":""unavailable"",""sales_estimate_status"":""unavailable"",""sales_estimate_hours"":""unavailable"",""sales_estimate_source"":""unavailable"",""title"":""observed"",""brand"":""observed"",""seller_name"":""observed"",""seller_score"":""observed"",""price"":""observed"",""original_price"":""unavailable"",""campaigns"":""observed"",""stock_status"":""observed"",""stock_signal"":""unavailable"",""rating"":""observed"",""rating_count"":""observed"",""review_count"":""observed"",""question_count"":""unavailable"",""delivery_summary"":""observed"",""shipping_cost"":""observed"",""properties"":""observed""}",true,
1579592644,,0b6e08f1ea86e2346f0f57cb9a9a2630,1130746887:1175514:1579592644:0b6e08f1ea86e2346f0f57cb9a9a2630,19664,merchantListing.winnerVariant.quantity,reported,2026-09-08T10:47:40.069Z,10,1,1,reported_total,"[{""merchant_id"":""1175514"",""name"":""Mavera Stickers"",""score"":9.1,""price"":170.61,""variant_id"":""1579592644"",""listing_id"":""0b6e08f1ea86e2346f0f57cb9a9a2630"",""stock_quantity"":19664}]","[{""variant_id"":""1579592644"",""label"":null,""in_stock"":true,""stock_quantity"":19664,""selected"":true}]",2193,,,,,missing_baseline,,inventory_net_decrease,2026-09-08,2026-09-08T13:30:55+03:00,otomobil motosiklet,BEST_SELLER,arac-ici-aksesuar,araç içi aksesuar,251,7,271,271,10,otomobil-motosiklet:arac-ici-aksesuar,251,,9.4,20.6,1130746887,1175514,1130746887:1175514,Mavera Stickers Kask İçin Boğa Sponsor Seti 7 Parça,Mavera Stickers,,https://www.trendyol.com/mavera-stickers/kask-icin-boga-sponsor-seti-7-parca-p-1130746887?boutiqueId=61&merchantId=1175514,Mavera Stickers,9.1,170.61,,,,TRY,"[""Kargo Bedava"",""Trendyol Plus'a Özel""]",InStock,,,,,,4.947368421052632,19,14,,,,,,,,0,,,,Tahmini Teslim:,,,{},0,,refreshed,"[""daily_top""]",true,2026-09-08T10:47:40.070Z,0,"[""search_result_dom"",""product_detail_jsonld"",""product_detail_dom""]","{""variant_id"":""observed"",""variant_label"":""unavailable"",""listing_id"":""observed"",""inventory_key"":""observed"",""stock_quantity"":""observed"",""stock_quantity_source"":""observed"",""stock_quantity_kind"":""observed"",""stock_observed_at"":""observed"",""max_sale_limit"":""observed"",""seller_count"":""observed"",""seller_count_observed"":""observed"",""seller_count_kind"":""observed"",""sellers"":""observed"",""variants"":""observed"",""favorite_count"":""observed"",""inventory_decrease"":""unavailable"",""sales_estimate_daily"":""unavailable"",""sales_estimate_weekly"":""unavailable"",""sales_estimate_monthly"":""unavailable"",""sales_estimate_status"":""unavailable"",""sales_estimate_hours"":""unavailable"",""sales_estimate_source"":""unavailable"",""title"":""observed"",""brand"":""observed"",""seller_name"":""observed"",""seller_score"":""observed"",""price"":""observed"",""original_price"":""unavailable"",""campaigns"":""observed"",""stock_status"":""observed"",""stock_signal"":""unavailable"",""rating"":""observed"",""rating_count"":""observed"",""review_count"":""observed"",""question_count"":""unavailable"",""delivery_summary"":""observed"",""shipping_cost"":""unavailable"",""properties"":""observed""}",true,
1239663550,,011f749c0de59c3a84e0f58e4ac35d6c,892433001:231353:1239663550:011f749c0de59c3a84e0f58e4ac35d6c,863,merchantListing.winnerVariant.quantity,reported,2026-09-08T10:47:42.298Z,10,3,3,reported_total,"[{""merchant_id"":""231353"",""name"":""Outdoor One I Hızlı Kargo-Hediyelik Ürün"",""score"":8.3,""price"":168.9,""variant_id"":""1239663550"",""listing_id"":""011f749c0de59c3a84e0f58e4ac35d6c"",""stock_quantity"":863},{""merchant_id"":""113367"",""name"":""ALINTEX I Günlük Yaşam Ürünleri"",""score"":8.5,""price"":199,""variant_id"":""1239663550"",""listing_id"":""94a005e4204b7e2dd3563385eb798364"",""stock_quantity"":991},{""merchant_id"":""716606"",""name"":""Suel - Hızlı Kargo-Hediyelik"",""score"":8.7,""price"":219,""variant_id"":""1239663550"",""listing_id"":""bd6bbe7503dfee93f62ce71f78b33627"",""stock_quantity"":791}]","[{""variant_id"":""1239663550"",""label"":null,""in_stock"":true,""stock_quantity"":863,""selected"":true}]",86,,,,,missing_baseline,,inventory_net_decrease,2026-09-08,2026-09-08T13:30:55+03:00,otomobil motosiklet,BEST_SELLER,arac-ici-aksesuar,araç içi aksesuar,252,7,272,272,,otomobil-motosiklet:arac-ici-aksesuar,252,,6.8,23.2,892433001,231353,892433001:231353,Outdoor One Jandarma Asayiş Askeri İsimlik Çırtlı Üniforma İçin – 007,Outdoor One,Arma Sticker & Fosfor Şerit,https://www.trendyol.com/outdoor-one/jandarma-asayis-askeri-isimlik-cirtli-uniforma-icin-007-p-892433001?boutiqueId=61&merchantId=231353,Outdoor One I Hızlı Kargo-Hediyelik Ürün,8.3,168.9,,,,TRY,"[""10 TL Kupon"",""Kargo Bedava"",""Trendyol Plus'a Özel""]",InStock,,,,,,4.266666666666667,15,6,,,,,,4999,TRY,0,1,1,3,Tahmini Teslim:,,https://cdn.dsmcdn.com/ty1855/prod/QC_ENRICHMENT/20260414/22/cff73985-e54a-31f8-9003-33a90157050e/1_org_zoom.jpg,"{""Renk"":""Metalik"",""Menşei"":""TR""}",6,4.33,refreshed,"[""daily_top""]",true,2026-09-08T10:47:42.299Z,0,"[""search_result_dom"",""product_detail_jsonld"",""product_detail_dom""]","{""variant_id"":""observed"",""variant_label"":""unavailable"",""listing_id"":""observed"",""inventory_key"":""observed"",""stock_quantity"":""observed"",""stock_quantity_source"":""observed"",""stock_quantity_kind"":""observed"",""stock_observed_at"":""observed"",""max_sale_limit"":""observed"",""seller_count"":""observed"",""seller_count_observed"":""observed"",""seller_count_kind"":""observed"",""sellers"":""observed"",""variants"":""observed"",""favorite_count"":""observed"",""inventory_decrease"":""unavailable"",""sales_estimate_daily"":""unavailable"",""sales_estimate_weekly"":""unavailable"",""sales_estimate_monthly"":""unavailable"",""sales_estimate_status"":""unavailable"",""sales_estimate_hours"":""unavailable"",""sales_estimate_source"":""unavailable"",""title"":""observed"",""brand"":""observed"",""seller_name"":""observed"",""seller_score"":""observed"",""price"":""observed"",""original_price"":""unavailable"",""campaigns"":""observed"",""stock_status"":""observed"",""stock_signal"":""unavailable"",""rating"":""observed"",""rating_count"":""observed"",""review_count"":""observed"",""question_count"":""unavailable"",""delivery_summary"":""observed"",""shipping_cost"":""observed"",""properties"":""observed""}",true,
1568168949,,db51655ccebdf39a232c18a0204132ca,1124090924:803260:1568168949:db51655ccebdf39a232c18a0204132ca,8915,merchantListing.winnerVariant.quantity,reported,2026-09-08T10:47:48.657Z,10,1,1,reported_total,"[{""merchant_id"":""803260"",""name"":""Seyu Teknoloji"",""score"":8.8,""price"":1399,""variant_id"":""1568168949"",""listing_id"":""db51655ccebdf39a232c18a0204132ca"",""stock_quantity"":8915}]","[{""variant_id"":""1568168949"",""label"":null,""in_stock"":true,""stock_quantity"":8915,""selected"":true}]",10633,,,,,missing_baseline,,inventory_net_decrease,2026-09-08,2026-09-08T13:30:55+03:00,otomobil motosiklet,BEST_SELLER,arac-ici-aksesuar,araç içi aksesuar,253,7,273,273,,otomobil-motosiklet:arac-ici-aksesuar,253,,16.4,13.6,1124090924,803260,1124090924:803260,SEYUTECH 18000pa Güçlü Vakum Araç Süpürgesi Taşınabilir Çantalı 6000mAh Bataryalı Üflemeli,SEYUTECH,Araç İçi Süpürge,https://www.trendyol.com/seyutech/18000pa-guclu-vakum-arac-supurgesi-tasinabilir-cantali-6000mah-bataryali-uflemeli-p-1124090924?boutiqueId=61&merchantId=803260,Seyu Teknoloji,8.8,1399,,,,TRY,"[""Kargo Bedava"",""Trendyol Plus'a Özel""]",InStock,,,,,,4.508571428571429,175,111,,,,,,4999,TRY,0,1,1,3,Tahmini Teslim:,,https://cdn.dsmcdn.com/ty1922/prod/QC_ENRICHMENT/20260814/16/f1cfa91a-6461-3a2b-b07d-61c7a82e94c4/1_org_zoom.jpg,"{""Garanti Süresi"":""2 Yıl"",""Garanti Tipi"":""İthalatçı Garantili"",""Diğer Özellikler"":""Led Göstergeli"",""Menşei"":""CN"",""Tamir Edilebilirlik"":""Tamir Edilebilir, Satıcı ile İletişime Geçiniz."",""Özellik"":""Şarjlı"",""Renk"":""Gri"",""Vakum Emiş Gücü"":""20000 PA"",""Güç (Watt)"":""251 - 500 Watt"",""Ses Seviyesi"":""61 Dba - 70 Dba"",""Şarj Süresi"":""2 - 3 Saat"",""Ürün Tipi"":""Şarjlı""}",20,5,refreshed,"[""daily_top""]",true,2026-09-08T10:47:48.658Z,0,"[""search_result_dom"",""product_detail_jsonld"",""product_detail_dom""]","{""variant_id"":""observed"",""variant_label"":""unavailable"",""listing_id"":""observed"",""inventory_key"":""observed"",""stock_quantity"":""observed"",""stock_quantity_source"":""observed"",""stock_quantity_kind"":""observed"",""stock_observed_at"":""observed"",""max_sale_limit"":""observed"",""seller_count"":""observed"",""seller_count_observed"":""observed"",""seller_count_kind"":""observed"",""sellers"":""observed"",""variants"":""observed"",""favorite_count"":""observed"",""inventory_decrease"":""unavailable"",""sales_estimate_daily"":""unavailable"",""sales_estimate_weekly"":""unavailable"",""sales_estimate_monthly"":""unavailable"",""sales_estimate_status"":""unavailable"",""sales_estimate_hours"":""unavailable"",""sales_estimate_source"":""unavailable"",""title"":""observed"",""brand"":""observed"",""seller_name"":""observed"",""seller_score"":""observed"",""price"":""observed"",""original_price"":""unavailable"",""campaigns"":""observed"",""stock_status"":""observed"",""stock_signal"":""unavailable"",""rating"":""observed"",""rating_count"":""observed"",""review_count"":""observed"",""question_count"":""unavailable"",""delivery_summary"":""observed"",""shipping_cost"":""observed"",""properties"":""observed""}",true,
1487077831,,4842b42ab4697ebae34e80286628f8fd,1076398868:1184264:1487077831:4842b42ab4697ebae34e80286628f8fd,19889,merchantListing.winnerVariant.quantity,reported,2026-09-08T10:47:49.238Z,10,1,1,reported_total,"[{""merchant_id"":""1184264"",""name"":""ozzen"",""score"":9.8,""price"":129.99,""variant_id"":""1487077831"",""listing_id"":""4842b42ab4697ebae34e80286628f8fd"",""stock_quantity"":19889}]","[{""variant_id"":""1487077831"",""label"":null,""in_stock"":true,""stock_quantity"":19889,""selected"":true}]",11325,,,,,missing_baseline,,inventory_net_decrease,2026-09-08,2026-09-08T13:30:55+03:00,otomobil motosiklet,BEST_SELLER,arac-ici-aksesuar,araç içi aksesuar,254,7,274,274,,otomobil-motosiklet:arac-ici-aksesuar,254,,12.6,17.4,1076398868,1184264,1076398868:1184264,ozzen Araba Bardak Altlığı Silikon Araç İçi Kaymaz Mat Telefon Para Malzeme Tutucu Pembe Renk 65 mm 2 ADET,ozzen,Oto Bardaklık,https://www.trendyol.com/ozzen/araba-bardak-altligi-silikon-arac-ici-kaymaz-mat-telefon-para-malzeme-tutucu-pembe-renk-65-mm-2-adet-p-1076398868?boutiqueId=61&merchantId=1184264,ozzen,9.8,129.99,,,,TRY,"[""Kargo Bedava""]",InStock,,,,,,4.524271844660194,103,37,,,,,,4999,TRY,0,,1,3,Tahmini Teslim:,En Çok Favorilenen 7. Ürün,https://cdn.dsmcdn.com/ty1804/prod/QC_PREP/20251226/20/134d21a2-3c1f-3d3c-b4ad-588919929537/1_org_zoom.jpg,"{""Menşei"":""TR"",""Özellik"":""Yuvarlak""}",20,5,refreshed,"[""daily_top""]",true,2026-09-08T10:47:49.239Z,0,"[""search_result_dom"",""product_detail_jsonld"",""product_detail_dom""]","{""variant_id"":""observed"",""variant_label"":""unavailable"",""listing_id"":""observed"",""inventory_key"":""observed"",""stock_quantity"":""observed"",""stock_quantity_source"":""observed"",""stock_quantity_kind"":""observed"",""stock_observed_at"":""observed"",""max_sale_limit"":""observed"",""seller_count"":""observed"",""seller_count_observed"":""observed"",""seller_count_kind"":""observed"",""sellers"":""observed"",""variants"":""observed"",""favorite_count"":""observed"",""inventory_decrease"":""unavailable"",""sales_estimate_daily"":""unavailable"",""sales_estimate_weekly"":""unavailable"",""sales_estimate_monthly"":""unavailable"",""sales_estimate_status"":""unavailable"",""sales_estimate_hours"":""unavailable"",""sales_estimate_source"":""unavailable"",""title"":""observed"",""brand"":""observed"",""seller_name"":""observed"",""seller_score"":""observed"",""price"":""observed"",""original_price"":""unavailable"",""campaigns"":""observed"",""stock_status"":""observed"",""stock_signal"":""unavailable"",""rating"":""observed"",""rating_count"":""observed"",""review_count"":""observed"",""question_count"":""unavailable"",""delivery_summary"":""observed"",""shipping_cost"":""observed"",""properties"":""observed""}",true,
1447773559,,8a82822227ecba40976659caa8b8b5bd,1046237364:408727:1447773559:8a82822227ecba40976659caa8b8b5bd,460,merchantListing.winnerVariant.quantity,reported,2026-09-08T10:47:50.771Z,10,1,1,reported_total,"[{""merchant_id"":""408727"",""name"":""WOTOBEUS"",""score"":8.7,""price"":127.75,""variant_id"":""1447773559"",""listing_id"":""8a82822227ecba40976659caa8b8b5bd"",""stock_quantity"":460}]","[{""variant_id"":""1447773559"",""label"":null,""in_stock"":true,""stock_quantity"":460,""selected"":true}]",2483,3,2.98,,,estimated,24.16,inventory_net_decrease,2026-09-08,2026-09-08T13:30:55+03:00,otomobil motosiklet,BEST_SELLER,arac-ici-aksesuar,araç içi aksesuar,255,7,275,275,20,otomobil-motosiklet:arac-ici-aksesuar,255,-71,14.2,15.8,1046237364,408727,1046237364:408727,ila bags İki Renk Vantuzlu Telefon Tutacağı–Telefon Arkası Vantuz Yapışkanlı Güçlü Tutuş,ila bags,,https://www.trendyol.com/ila-bags/iki-renk-vantuzlu-telefon-tutacagi-telefon-arkasi-vantuz-yapiskanli-guclu-tutus-p-1046237364?boutiqueId=61&merchantId=408727,WOTOBEUS,8.7,127.75,,,0,TRY,"[""Kargo Bedava"",""Trendyol Plus'a Özel""]",InStock,,,,,,4.1328671328671325,143,59,1,,,,,,,0,,,,Tahmini Teslim:,,,{},0,,refreshed,"[""daily_top""]",true,2026-09-08T10:47:50.772Z,0,"[""search_result_dom"",""product_detail_jsonld"",""product_detail_dom""]","{""variant_id"":""observed"",""variant_label"":""unavailable"",""listing_id"":""observed"",""inventory_key"":""observed"",""stock_quantity"":""observed"",""stock_quantity_source"":""observed"",""stock_quantity_kind"":""observed"",""stock_observed_at"":""observed"",""max_sale_limit"":""observed"",""seller_count"":""observed"",""seller_count_observed"":""observed"",""seller_count_kind"":""observed"",""sellers"":""observed"",""variants"":""observed"",""favorite_count"":""observed"",""inventory_decrease"":""unavailable"",""sales_estimate_daily"":""unavailable"",""sales_estimate_weekly"":""unavailable"",""sales_estimate_monthly"":""unavailable"",""sales_estimate_status"":""unavailable"",""sales_estimate_hours"":""unavailable"",""sales_estimate_source"":""unavailable"",""title"":""observed"",""brand"":""observed"",""seller_name"":""observed"",""seller_score"":""observed"",""price"":""observed"",""original_price"":""unavailable"",""campaigns"":""observed"",""stock_status"":""observed"",""stock_signal"":""unavailable"",""rating"":""observed"",""rating_count"":""observed"",""review_count"":""observed"",""question_count"":""unavailable"",""delivery_summary"":""observed"",""shipping_cost"":""unavailable"",""properties"":""observed""}",true,
1523307358,,39228b091f2c2e187814008b8b0b2fcf,1097666272:1117907:1523307358:39228b091f2c2e187814008b8b0b2fcf,9410,merchantListing.winnerVariant.quantity,reported,2026-09-08T10:47:57.764Z,20,1,1,reported_total,"[{""merchant_id"":""1117907"",""name"":""TEMUNGUR"",""score"":9.4,""price"":299,""variant_id"":""1523307358"",""listing_id"":""39228b091f2c2e187814008b8b0b2fcf"",""stock_quantity"":9410}]","[{""variant_id"":""1523307358"",""label"":null,""in_stock"":true,""stock_quantity"":9410,""selected"":true}]",12311,8,7.95,,,estimated,24.15,inventory_net_decrease,2026-09-08,2026-09-08T13:30:55+03:00,otomobil motosiklet,BEST_SELLER,arac-ici-aksesuar,araç içi aksesuar,256,7,276,276,,otomobil-motosiklet:arac-ici-aksesuar,256,-57,13.2,16.8,1097666272,1117907,1097666272:1117907,ÇiçekAntalya Pastel Pembe Araç İçi Aksesuar Seti – Klima Süs Çiçek & Bardak Altlığı 6’lı Set,ÇiçekAntalya,Torpido Aksesuar,https://www.trendyol.com/cicekantalya/pastel-pembe-arac-ici-aksesuar-seti-klima-sus-cicek-bardak-altligi-6-li-set-p-1097666272?boutiqueId=61&merchantId=1117907,TEMUNGUR,9.4,299,,,0,TRY,"[""Kargo Bedava""]",InStock,,,,,,4.12987012987013,77,44,1,,,,,4999,TRY,0,1,1,3,Tahmini Teslim:,,https://cdn.dsmcdn.com/ty1839/prod/QC_ENRICHMENT/20260318/18/25cd60cc-a7c5-3d6f-86bc-1c0daef4f4b5/1_org_zoom.jpg,"{""Menşei"":""TR"",""Bakım Talimatları (Genel)"":""Ürünün kullanım ömrünü korumak için ürüne özel bakım talimatlarını takip ediniz.""}",20,5,refreshed,"[""daily_top""]",true,2026-09-08T10:47:57.765Z,0,"[""search_result_dom"",""product_detail_jsonld"",""product_detail_dom""]","{""variant_id"":""observed"",""variant_label"":""unavailable"",""listing_id"":""observed"",""inventory_key"":""observed"",""stock_quantity"":""observed"",""stock_quantity_source"":""observed"",""stock_quantity_kind"":""observed"",""stock_observed_at"":""observed"",""max_sale_limit"":""observed"",""seller_count"":""observed"",""seller_count_observed"":""observed"",""seller_count_kind"":""observed"",""sellers"":""observed"",""variants"":""observed"",""favorite_count"":""observed"",""inventory_decrease"":""unavailable"",""sales_estimate_daily"":""unavailable"",""sales_estimate_weekly"":""unavailable"",""sales_estimate_monthly"":""unavailable"",""sales_estimate_status"":""unavailable"",""sales_estimate_hours"":""unavailable"",""sales_estimate_source"":""unavailable"",""title"":""observed"",""brand"":""observed"",""seller_name"":""observed"",""seller_score"":""observed"",""price"":""observed"",""original_price"":""unavailable"",""campaigns"":""observed"",""stock_status"":""observed"",""stock_signal"":""unavailable"",""rating"":""observed"",""rating_count"":""observed"",""review_count"":""observed"",""question_count"":""unavailable"",""delivery_summary"":""observed"",""shipping_cost"":""observed"",""properties"":""observed""}",true,
1131346004,,f633e79758e01c127b10947f040cfc03,841269167:1024956:1131346004:f633e79758e01c127b10947f040cfc03,18803,merchantListing.winnerVariant.quantity,reported,2026-09-08T10:47:58.656Z,10,1,1,reported_total,"[{""merchant_id"":""1024956"",""name"":""Emars"",""score"":9.2,""price"":349,""variant_id"":""1131346004"",""listing_id"":""f633e79758e01c127b10947f040cfc03"",""stock_quantity"":18803}]","[{""variant_id"":""1131346004"",""label"":null,""in_stock"":true,""stock_quantity"":18803,""selected"":true}]",5379,,,,,observation_gap,,inventory_net_decrease,2026-09-08,2026-09-08T13:30:55+03:00,otomobil motosiklet,BEST_SELLER,arac-ici-aksesuar,araç içi aksesuar,257,7,277,277,,otomobil-motosiklet:arac-ici-aksesuar,257,-51,12.5,17.5,841269167,1024956,841269167:1024956,UYDEE Sıvı Geçirmez Araba Çöp Kutusu Portatif Araç İçi Taşınabilir Kapaklı Çöp Kovası Kapaklı Kova,UYDEE,Oto Çöp Kovası,https://www.trendyol.com/uydee/sivi-gecirmez-araba-cop-kutusu-portatif-arac-ici-tasinabilir-kapakli-cop-kovasi-kapakli-kova-p-841269167?boutiqueId=61&merchantId=1024956,Emars,9.2,349,,,2.9,TRY,"[""Kargo Bedava""]",InStock,,,,,,4.443037974683544,79,35,0,,,,,4999,TRY,0,1,1,3,Tahmini Teslim:,En Çok Ziyaret Edilen 6. Ürün,https://cdn.dsmcdn.com/ty1700/prod/QC_ENRICHMENT/20250627/14/8de9c5f5-d3c7-37bb-9064-8473add8d138/1_org_zoom.jpg,"{""Diğer Özellikler"":""Kurulumu basittir ve kolay temizlenir"",""Menşei"":""TR"",""Bakım Talimatları (Genel)"":""Ürünün kullanım ömrünü korumak için ürüne özel bakım talimatlarını takip ediniz.""}",20,5,refreshed,"[""daily_top""]",true,2026-09-08T10:47:58.657Z,0,"[""search_result_dom"",""product_detail_jsonld"",""product_detail_dom""]","{""variant_id"":""observed"",""variant_label"":""unavailable"",""listing_id"":""observed"",""inventory_key"":""observed"",""stock_quantity"":""observed"",""stock_quantity_source"":""observed"",""stock_quantity_kind"":""observed"",""stock_observed_at"":""observed"",""max_sale_limit"":""observed"",""seller_count"":""observed"",""seller_count_observed"":""observed"",""seller_count_kind"":""observed"",""sellers"":""observed"",""variants"":""observed"",""favorite_count"":""observed"",""inventory_decrease"":""unavailable"",""sales_estimate_daily"":""unavailable"",""sales_estimate_weekly"":""unavailable"",""sales_estimate_monthly"":""unavailable"",""sales_estimate_status"":""unavailable"",""sales_estimate_hours"":""unavailable"",""sales_estimate_source"":""unavailable"",""title"":""observed"",""brand"":""observed"",""seller_name"":""observed"",""seller_score"":""observed"",""price"":""observed"",""original_price"":""unavailable"",""campaigns"":""observed"",""stock_status"":""observed"",""stock_signal"":""unavailable"",""rating"":""observed"",""rating_count"":""observed"",""review_count"":""observed"",""question_count"":""unavailable"",""delivery_summary"":""observed"",""shipping_cost"":""observed"",""properties"":""observed""}",true,
1005721083,,d45103fc571f6f320bd96af77dfd25d6,762321371:871483:1005721083:d45103fc571f6f320bd96af77dfd25d6,4914,merchantListing.winnerVariant.quantity,reported,2026-09-08T10:48:00.381Z,10,33,33,reported_total,"[{""merchant_id"":""871483"",""name"":""HİROSH"",""score"":9.2,""price"":169,""variant_id"":""1005721083"",""listing_id"":""d45103fc571f6f320bd96af77dfd25d6"",""stock_quantity"":4914},{""merchant_id"":""333220"",""name"":""DeerHome"",""score"":8.7,""price"":169.99,""variant_id"":""1005721083"",""listing_id"":""7aca5a1f8b0bd7f25a0e8414a0da1029"",""stock_quantity"":54},{""merchant_id"":""1154565"",""name"":""Dijipazar"",""score"":9.2,""price"":180,""variant_id"":""1005721083"",""listing_id"":""6af4e183939272a6ab4d9d96bc010200"",""stock_quantity"":199},{""merchant_id"":""833230"",""name"":""Elegant Shop"",""score"":9,""price"":192.5,""variant_id"":""1005721083"",""listing_id"":""1aa5037525455c2c0965946b1fbc279a"",""stock_quantity"":235},{""merchant_id"":""266472"",""name"":""CNK OTO AKSESUARLARI"",""score"":8.3,""price"":185,""variant_id"":""1005721083"",""listing_id"":""157cb5305790a43505a0476ccda471de"",""stock_quantity"":18},{""merchant_id"":""892308"",""name"":""ASTRA LED"",""score"":9.1,""price"":199,""variant_id"":""1005721083"",""listing_id"":""8e404e07b24da4203a183f159c785238"",""stock_quantity"":451},{""merchant_id"":""880042"",""name"":""Car Master Shop"",""score"":9.3,""price"":199.9,""variant_id"":""1005721083"",""listing_id"":""2187b116f05db353f5bf375299a125c0"",""stock_quantity"":5},{""merchant_id"":""123703"",""name"":""Tuningpazar"",""score"":9.1,""price"":199.9,""variant_id"":""1005721083"",""listing_id"":""839a000b5cb1b6bddb5408eb3deeb30c"",""stock_quantity"":45},{""merchant_id"":""130705"",""name"":""ALGELSİN ARSVİSİON GROUP"",""score"":8.7,""price"":224,""variant_id"":""1005721083"",""listing_id"":""ab4317a956c74b5d9f8bb961ebf1c0df"",""stock_quantity"":355},{""merchant_id"":""1251348"",""name"":""MS GARAJ"",""score"":8.1,""price"":225,""variant_id"":""1005721083"",""listing_id"":""9fe6f47b219cb1e2f62073cef02af9b2"",""stock_quantity"":992},{""merchant_id"":""126791"",""name"":""Eng Aksesuar"",""score"":8.9,""price"":234,""variant_id"":""1005721083"",""listing_id"":""75f82ba2b24f0bf326b49dc4c7bafadf"",""stock_quantity"":244},{""merchant_id"":""1165413"",""name"":""CAZYY SHOP DESING"",""score"":8.9,""price"":249,""variant_id"":""1005721083"",""listing_id"":""d9fcb2708f8ac5af368b9fd236f41384"",""stock_quantity"":400},{""merchant_id"":""787543"",""name"":""OTO AKSESUAR GARAJI"",""score"":8.6,""price"":248,""variant_id"":""1005721083"",""listing_id"":""23ec95cc2298b7f15078b0e3b33f6bb3"",""stock_quantity"":18},{""merchant_id"":""1273573"",""name"":""ÜNAL OTO"",""score"":7.4,""price"":249,""variant_id"":""1005721083"",""listing_id"":""dc060b19fa3eb7d15b8cf1ce324c3705"",""stock_quantity"":49},{""merchant_id"":""712762"",""name"":""adagarage"",""score"":9.6,""price"":290,""variant_id"":""1005721083"",""listing_id"":""b6aa161543b56f9e3af684915dfa426d"",""stock_quantity"":185},{""merchant_id"":""363597"",""name"":""TRENDLIFEOTO"",""score"":8.8,""price"":290,""variant_id"":""1005721083"",""listing_id"":""94d80e00c5c44b08ee02ffebf10a234d"",""stock_quantity"":31},{""merchant_id"":""131125"",""name"":""aksesuaryeri"",""score"":9.2,""price"":299,""variant_id"":""1005721083"",""listing_id"":""a913218738b16c0187b091b8528bac47"",""stock_quantity"":976},{""merchant_id"":""512653"",""name"":""Safestore"",""score"":9.2,""price"":299.9,""variant_id"":""1005721083"",""listing_id"":""3b0259ecc8c1ff8bed77d10c090766a2"",""stock_quantity"":793},{""merchant_id"":""545640"",""name"":""Kampüs Oto Aksesuar"",""score"":8.9,""price"":320,""variant_id"":""1005721083"",""listing_id"":""2dabaf768c35d8d6574f3d3a90d147fa"",""stock_quantity"":906},{""merchant_id"":""1222425"",""name"":""Sivor Group"",""score"":8.8,""price"":299,""variant_id"":""1005721083"",""listing_id"":""7132746c436df75e5204162cc3c12a81"",""stock_quantity"":98},{""merchant_id"":""170607"",""name"":""Bs.Elektronik"",""score"":9.2,""price"":299.9,""variant_id"":""1005721083"",""listing_id"":""6b1c786d5fa790f55f04fac6e4e2944a"",""stock_quantity"":14},{""merchant_id"":""788392"",""name"":""Hombak"",""score"":8.8,""price"":299,""variant_id"":""1005721083"",""listing_id"":""72d6f754b759ff4c2aaa6d2fc7410c65"",""stock_quantity"":9},{""merchant_id"":""209508"",""name"":""EF GARAGE Oto Aksesuar"",""score"":8.8,""price"":299,""variant_id"":""1005721083"",""listing_id"":""dd7c29a97475b945890d061f54ad2534"",""stock_quantity"":9999},{""merchant_id"":""477336"",""name"":""OTO AKSESUAR TUTKUSU"",""score"":8.6,""price"":299,""variant_id"":""1005721083"",""listing_id"":""9efe370da0875d61c2f7ee18b688a1d3"",""stock_quantity"":98},{""merchant_id"":""991359"",""name"":""EFEAKS"",""score"":9.6,""price"":339,""variant_id"":""1005721083"",""listing_id"":""eb077e8a4cb6668c859f76598c3d0547"",""stock_quantity"":45},{""merchant_id"":""734112"",""name"":""OTO MARKETİNG"",""score"":8.5,""price"":350,""variant_id"":""1005721083"",""listing_id"":""9137561650634a01c05bf31e423b93eb"",""stock_quantity"":1000},{""merchant_id"":""253190"",""name"":""Fvtuning"",""score"":8.4,""price"":350,""variant_id"":""1005721083"",""listing_id"":""5afdeb07e310a21e5e9589cddbc9f2d9"",""stock_quantity"":49},{""merchant_id"":""795460"",""name"":""POLATLI OTO AKSESUAR"",""score"":8.8,""price"":355,""variant_id"":""1005721083"",""listing_id"":""d5d1b3ab05ed14cd1e3bb31b7a45b070"",""stock_quantity"":1},{""merchant_id"":""780074"",""name"":""Drive Dream"",""score"":8.9,""price"":349,""variant_id"":""1005721083"",""listing_id"":""6d8c505e2809c27b1956e8305b6e99bf"",""stock_quantity"":9998},{""merchant_id"":""1209418"",""name"":""YILDIRIMOTO AKSESUAR"",""score"":9.3,""price"":400,""variant_id"":""1005721083"",""listing_id"":""1ad51c2bf3f8933666bc9492957df5cc"",""stock_quantity"":4},{""merchant_id"":""1200757"",""name"":""ZAFAKS"",""score"":8.2,""price"":399,""variant_id"":""1005721083"",""listing_id"":""1b66c2461fb72161ddf34783b4161565"",""stock_quantity"":29},{""merchant_id"":""1140293"",""name"":""AUTO SVIESA"",""score"":8.7,""price"":475,""variant_id"":""1005721083"",""listing_id"":""6856840b6166816a8da7ea51ae6236c8"",""stock_quantity"":88},{""merchant_id"":""1232777"",""name"":""YLC OTO AKSESUAR"",""score"":9.7,""price"":500,""variant_id"":""1005721083"",""listing_id"":""e79c4d774f91be1be7c7aaac65a026e4"",""stock_quantity"":2}]","[{""variant_id"":""1005721083"",""label"":null,""in_stock"":true,""stock_quantity"":4914,""selected"":true}]",4120,,,,,missing_baseline,,inventory_net_decrease,2026-09-08,2026-09-08T13:30:55+03:00,otomobil motosiklet,BEST_SELLER,arac-ici-aksesuar,araç içi aksesuar,258,7,278,278,,otomobil-motosiklet:arac-ici-aksesuar,258,,21.4,12.6,762321371,871483,762321371:871483,Genel Markalar OTO KÜLLÜK RENKLİ IŞILTILI RGB ARAÇ İÇİ LED KÜLLÜK 7 IŞIKLI BLACKPİNK HAYRANI BADGİRL KÜLLÜĞÜ,Genel Markalar,Oto Küllük,https://www.trendyol.com/genel-markalar/oto-kulluk-renkli-isiltili-rgb-arac-ici-led-kulluk-7-isikli-blackpink-hayrani-badgirl-kullugu-p-762321371?boutiqueId=61&merchantId=871483,HİROSH,9.2,169,176,4,,TRY,"[""Son 10 Günün En Düşük Fiyatı"",""Kargo Bedava"",""Son 10 günün en düşük fiyatı""]",InStock,,,,,,4.36518771331058,293,148,,,,,,4999,TRY,0,1,1,3,Tahmini Teslim:,En Çok Favorilenen 5. Ürün,https://cdn.dsmcdn.com/ty1740/prod/QC_ENRICHMENT/20250903/10/a55c313b-d107-311b-86db-d58e83a71e93/1_org_zoom.jpg,"{""Menşei"":""TR"",""Bakım Talimatları (Genel)"":""Nemli bir bezle silin.""}",20,5,refreshed,"[""daily_top""]",true,2026-09-08T10:48:00.382Z,0,"[""search_result_dom"",""product_detail_jsonld"",""product_detail_dom""]","{""variant_id"":""observed"",""variant_label"":""unavailable"",""listing_id"":""observed"",""inventory_key"":""observed"",""stock_quantity"":""observed"",""stock_quantity_source"":""observed"",""stock_quantity_kind"":""observed"",""stock_observed_at"":""observed"",""max_sale_limit"":""observed"",""seller_count"":""observed"",""seller_count_observed"":""observed"",""seller_count_kind"":""observed"",""sellers"":""observed"",""variants"":""observed"",""favorite_count"":""observed"",""inventory_decrease"":""unavailable"",""sales_estimate_daily"":""unavailable"",""sales_estimate_weekly"":""unavailable"",""sales_estimate_monthly"":""unavailable"",""sales_estimate_status"":""unavailable"",""sales_estimate_hours"":""unavailable"",""sales_estimate_source"":""unavailable"",""title"":""observed"",""brand"":""observed"",""seller_name"":""observed"",""seller_score"":""observed"",""price"":""observed"",""original_price"":""observed"",""campaigns"":""observed"",""stock_status"":""observed"",""stock_signal"":""unavailable"",""rating"":""observed"",""rating_count"":""observed"",""review_count"":""observed"",""question_count"":""unavailable"",""delivery_summary"":""observed"",""shipping_cost"":""observed"",""properties"":""observed""}",true,
1678257021,,d39bf2026b6f8bbeaf291ac4c87b2c04,1194718370:110546:1678257021:d39bf2026b6f8bbeaf291ac4c87b2c04,166,merchantListing.winnerVariant.quantity,reported,2026-09-08T10:48:06.850Z,10,1,1,reported_total,"[{""merchant_id"":""110546"",""name"":""Fibaks"",""score"":9.6,""price"":199.99,""variant_id"":""1678257021"",""listing_id"":""d39bf2026b6f8bbeaf291ac4c87b2c04"",""stock_quantity"":166}]","[{""variant_id"":""1678257021"",""label"":null,""in_stock"":true,""stock_quantity"":166,""selected"":true}]",0,,,,,missing_baseline,,inventory_net_decrease,2026-09-08,2026-09-08T13:30:55+03:00,otomobil motosiklet,BEST_SELLER,arac-ici-aksesuar,araç içi aksesuar,259,7,279,279,11,otomobil-motosiklet:arac-ici-aksesuar,259,,2.4,27.6,1194718370,110546,1194718370:110546,Fibaks Araç İçi Mıknatıslı Telefon Tutucu Klima Havalandırma Izgara Tipi MagSafe Uyumlu Kancalı,Fibaks,,https://www.trendyol.com/fibaks/arac-ici-miknatisli-telefon-tutucu-klima-havalandirma-izgara-tipi-magsafe-uyumlu-kancali-p-1194718370?boutiqueId=61&merchantId=110546,Fibaks,9.6,199.99,,,,TRY,"[""Kargo Bedava""]",InStock,,,,,,5,3,1,,,,,,,,0,,,,Tahmini Teslim:,,,{},0,,refreshed,"[""daily_top""]",true,2026-09-08T10:48:06.852Z,0,"[""search_result_dom"",""product_detail_jsonld"",""product_detail_dom""]","{""variant_id"":""observed"",""variant_label"":""unavailable"",""listing_id"":""observed"",""inventory_key"":""observed"",""stock_quantity"":""observed"",""stock_quantity_source"":""observed"",""stock_quantity_kind"":""observed"",""stock_observed_at"":""observed"",""max_sale_limit"":""observed"",""seller_count"":""observed"",""seller_count_observed"":""observed"",""seller_count_kind"":""observed"",""sellers"":""observed"",""variants"":""observed"",""favorite_count"":""observed"",""inventory_decrease"":""unavailable"",""sales_estimate_daily"":""unavailable"",""sales_estimate_weekly"":""unavailable"",""sales_estimate_monthly"":""unavailable"",""sales_estimate_status"":""unavailable"",""sales_estimate_hours"":""unavailable"",""sales_estimate_source"":""unavailable"",""title"":""observed"",""brand"":""observed"",""seller_name"":""observed"",""seller_score"":""observed"",""price"":""observed"",""original_price"":""unavailable"",""campaigns"":""observed"",""stock_status"":""observed"",""stock_signal"":""unavailable"",""rating"":""observed"",""rating_count"":""observed"",""review_count"":""observed"",""question_count"":""unavailable"",""delivery_summary"":""observed"",""shipping_cost"":""unavailable"",""properties"":""observed""}",true,
1329293412,,85b40770c10a07e23a61bd82e16f5739,939315596:835630:1329293412:85b40770c10a07e23a61bd82e16f5739,70,merchantListing.winnerVariant.quantity,reported,2026-09-08T10:48:09.196Z,5,5,5,reported_total,"[{""merchant_id"":""835630"",""name"":""Nuryak"",""score"":9.2,""price"":545,""variant_id"":""1329293412"",""listing_id"":""85b40770c10a07e23a61bd82e16f5739"",""stock_quantity"":70},{""merchant_id"":""811365"",""name"":""Saatciler Store"",""score"":9,""price"":550,""variant_id"":""1329293412"",""listing_id"":""92e7ac1309f49cea2410d2fb60e30954"",""stock_quantity"":44},{""merchant_id"":""1233480"",""name"":""ER-AY OTO TEKSTİL SUNİ DERİ"",""score"":9,""price"":565,""variant_id"":""1329293412"",""listing_id"":""baab264a1b8b254730ca4a61b5dd41f2"",""stock_quantity"":53},{""merchant_id"":""1307197"",""name"":""ESR Çanta ve Deri AVM"",""score"":9.7,""price"":599,""variant_id"":""1329293412"",""listing_id"":""4e1c6fbce2fcb436efa8513f524c6505"",""stock_quantity"":371},{""merchant_id"":""898292"",""name"":""AUTOSAR"",""score"":9.4,""price"":850,""variant_id"":""1329293412"",""listing_id"":""0876dea412477c22d7013e718b8ad9d7"",""stock_quantity"":36}]","[{""variant_id"":""1329293412"",""label"":null,""in_stock"":true,""stock_quantity"":70,""selected"":true}]",2398,,,,,unchanged_stock,24.16,inventory_net_decrease,2026-09-08,2026-09-08T13:30:55+03:00,otomobil motosiklet,BEST_SELLER,arac-ici-aksesuar,araç içi aksesuar,260,7,280,280,,otomobil-motosiklet:arac-ici-aksesuar,260,-79,14.5,15.5,939315596,835630,939315596:835630,rebols Suni Deri Araba Koltuk Arkası Eşya Düzenleyici Organizer Araç İçi Oto Aksesuar Koruyucu Kılıf 2 ADET,rebols,Araç İçi Organizer,https://www.trendyol.com/rebols/suni-deri-araba-koltuk-arkasi-esya-duzenleyici-organizer-arac-ici-oto-aksesuar-koruyucu-kilif-2-adet-p-939315596?boutiqueId=61&merchantId=835630,Nuryak,9.2,545,,,0,TRY,"[""Kargo Bedava""]",InStock,,,,,,4.336206896551724,116,64,0,,,,,4999,TRY,0,1,1,3,Tahmini Teslim:,,https://cdn.dsmcdn.com/ty1853/prod/QC_ENRICHMENT/20260409/16/49dff4c1-9288-35ba-ad49-14e0771bbd86/1_org_zoom.jpg,"{""Diğer Özellikler"":""LASTİKLİ"",""Menşei"":""TR"",""Bakım Talimatları (Genel)"":""Nemli bir bezle silin.""}",20,5,refreshed,"[""daily_top""]",true,2026-09-08T10:48:09.197Z,0,"[""search_result_dom"",""product_detail_jsonld"",""product_detail_dom""]","{""variant_id"":""observed"",""variant_label"":""unavailable"",""listing_id"":""observed"",""inventory_key"":""observed"",""stock_quantity"":""observed"",""stock_quantity_source"":""observed"",""stock_quantity_kind"":""observed"",""stock_observed_at"":""observed"",""max_sale_limit"":""observed"",""seller_count"":""observed"",""seller_count_observed"":""observed"",""seller_count_kind"":""observed"",""sellers"":""observed"",""variants"":""observed"",""favorite_count"":""observed"",""inventory_decrease"":""unavailable"",""sales_estimate_daily"":""unavailable"",""sales_estimate_weekly"":""unavailable"",""sales_estimate_monthly"":""unavailable"",""sales_estimate_status"":""unavailable"",""sales_estimate_hours"":""unavailable"",""sales_estimate_source"":""unavailable"",""title"":""observed"",""brand"":""observed"",""seller_name"":""observed"",""seller_score"":""observed"",""price"":""observed"",""original_price"":""unavailable"",""campaigns"":""observed"",""stock_status"":""observed"",""stock_signal"":""unavailable"",""rating"":""observed"",""rating_count"":""observed"",""review_count"":""observed"",""question_count"":""unavailable"",""delivery_summary"":""observed"",""shipping_cost"":""observed"",""properties"":""observed""}",true,
1474309140,,3254dc0df9d711d9dc076d572cf81016,1066222778:675708:1474309140:3254dc0df9d711d9dc076d572cf81016,13949,merchantListing.winnerVariant.quantity,reported,2026-09-08T10:48:10.089Z,20,1,1,reported_total,"[{""merchant_id"":""675708"",""name"":""Past Store"",""score"":9.6,""price"":49.9,""variant_id"":""1474309140"",""listing_id"":""3254dc0df9d711d9dc076d572cf81016"",""stock_quantity"":13949}]","[{""variant_id"":""1474309140"",""label"":null,""in_stock"":true,""stock_quantity"":13949,""selected"":true}]",5706,,,,,unchanged_stock,24.17,inventory_net_decrease,2026-09-08,2026-09-08T13:30:55+03:00,otomobil motosiklet,BEST_SELLER,arac-ici-aksesuar,araç içi aksesuar,261,7,281,281,,otomobil-motosiklet:arac-ici-aksesuar,261,-99,13.3,16.7,1066222778,675708,1066222778:675708,"OVERMAX Mini Panda Araç İçi Aksesuar, Araba Dekoru, Klima Süsü, Panda Dekor, Masa Dekoru 1 Adet",OVERMAX,Torpido Aksesuar,https://www.trendyol.com/overmax/mini-panda-arac-ici-aksesuar-araba-dekoru-klima-susu-panda-dekor-masa-dekoru-1-adet-p-1066222778?boutiqueId=61&merchantId=675708,Past Store,9.6,49.9,,,0,TRY,"[""Kargo Bedava""]",InStock,,,,,,4.35,80,45,0,,,,,4999,TRY,0,,1,3,Tahmini Teslim:,,https://cdn.dsmcdn.com/ty1797/prod/QC_PREP/20251213/12/6b4297ca-f841-3369-a267-efcd9614e22a/1_org_zoom.jpg,"{""Menşei"":""TR"",""Bakım Talimatları (Genel)"":""Nemli bir bezle silin.""}",20,5,refreshed,"[""daily_top""]",true,2026-09-08T10:48:10.090Z,0,"[""search_result_dom"",""product_detail_jsonld"",""product_detail_dom""]","{""variant_id"":""observed"",""variant_label"":""unavailable"",""listing_id"":""observed"",""inventory_key"":""observed"",""stock_quantity"":""observed"",""stock_quantity_source"":""observed"",""stock_quantity_kind"":""observed"",""stock_observed_at"":""observed"",""max_sale_limit"":""observed"",""seller_count"":""observed"",""seller_count_observed"":""observed"",""seller_count_kind"":""observed"",""sellers"":""observed"",""variants"":""observed"",""favorite_count"":""observed"",""inventory_decrease"":""unavailable"",""sales_estimate_daily"":""unavailable"",""sales_estimate_weekly"":""unavailable"",""sales_estimate_monthly"":""unavailable"",""sales_estimate_status"":""unavailable"",""sales_estimate_hours"":""unavailable"",""sales_estimate_source"":""unavailable"",""title"":""observed"",""brand"":""observed"",""seller_name"":""observed"",""seller_score"":""observed"",""price"":""observed"",""original_price"":""unavailable"",""campaigns"":""observed"",""stock_status"":""observed"",""stock_signal"":""unavailable"",""rating"":""observed"",""rating_count"":""observed"",""review_count"":""observed"",""question_count"":""unavailable"",""delivery_summary"":""observed"",""shipping_cost"":""observed"",""properties"":""observed""}",true,
1340709080,,dd4d8cb2654c3f6b49db2c30fb5043f1,946917266:867640:1340709080:dd4d8cb2654c3f6b49db2c30fb5043f1,168,merchantListing.winnerVariant.quantity,reported,2026-09-08T10:48:15.378Z,10,1,1,reported_total,"[{""merchant_id"":""867640"",""name"":""Modifiyum"",""score"":9.6,""price"":135.49,""variant_id"":""1340709080"",""listing_id"":""dd4d8cb2654c3f6b49db2c30fb5043f1"",""stock_quantity"":168}]","[{""variant_id"":""1340709080"",""label"":null,""in_stock"":true,""stock_quantity"":168,""selected"":true}]",4323,,,,,missing_baseline,,inventory_net_decrease,2026-09-08,2026-09-08T13:30:55+03:00,otomobil motosiklet,BEST_SELLER,arac-ici-aksesuar,araç içi aksesuar,262,7,282,282,,otomobil-motosiklet:arac-ici-aksesuar,262,,16.1,13.9,946917266,867640,946917266:867640,Modifiyum Oto Araç Içi Bardak Tutucu Katlanabilir Çok Fonksiyonlu Içecek Tutacağı/bardaklık Siyah,Modifiyum,Oto Bardaklık,https://www.trendyol.com/modifiyum/oto-arac-ici-bardak-tutucu-katlanabilir-cok-fonksiyonlu-icecek-tutacagi-bardaklik-siyah-p-946917266?boutiqueId=61&merchantId=867640,Modifiyum,9.6,135.49,,,,TRY,"[""Sepette %1 İndirim"",""Kargo Bedava""]",InStock,,,,,,3.5833333333333335,216,103,,,,,,4999,TRY,0,1,1,3,Tahmini Teslim:,,https://cdn.dsmcdn.com/ty1697/prod/QC_PREP/20250620/14/a37a9b7b-2355-312c-906a-f9710f310f6c/1_org_zoom.jpg,"{""Menşei"":""CN""}",20,5,refreshed,"[""daily_top""]",true,2026-09-08T10:48:15.379Z,0,"[""search_result_dom"",""product_detail_jsonld"",""product_detail_dom""]","{""variant_id"":""observed"",""variant_label"":""unavailable"",""listing_id"":""observed"",""inventory_key"":""observed"",""stock_quantity"":""observed"",""stock_quantity_source"":""observed"",""stock_quantity_kind"":""observed"",""stock_observed_at"":""observed"",""max_sale_limit"":""observed"",""seller_count"":""observed"",""seller_count_observed"":""observed"",""seller_count_kind"":""observed"",""sellers"":""observed"",""variants"":""observed"",""favorite_count"":""observed"",""inventory_decrease"":""unavailable"",""sales_estimate_daily"":""unavailable"",""sales_estimate_weekly"":""unavailable"",""sales_estimate_monthly"":""unavailable"",""sales_estimate_status"":""unavailable"",""sales_estimate_hours"":""unavailable"",""sales_estimate_source"":""unavailable"",""title"":""observed"",""brand"":""observed"",""seller_name"":""observed"",""seller_score"":""observed"",""price"":""observed"",""original_price"":""unavailable"",""campaigns"":""observed"",""stock_status"":""observed"",""stock_signal"":""unavailable"",""rating"":""observed"",""rating_count"":""observed"",""review_count"":""observed"",""question_count"":""unavailable"",""delivery_summary"":""observed"",""shipping_cost"":""observed"",""properties"":""observed""}",true,
1581700204,,0a55039f4d44966c1302caf7185094ac,1132178096:688974:1581700204:0a55039f4d44966c1302caf7185094ac,4517,merchantListing.winnerVariant.quantity,reported,2026-09-08T10:48:20.041Z,10,1,1,reported_total,"[{""merchant_id"":""688974"",""name"":""İK Kuzey"",""score"":9.4,""price"":189.9,""variant_id"":""1581700204"",""listing_id"":""0a55039f4d44966c1302caf7185094ac"",""stock_quantity"":4517}]","[{""variant_id"":""1581700204"",""label"":null,""in_stock"":true,""stock_quantity"":4517,""selected"":true}]",4793,7,6.95,,,estimated,24.16,inventory_net_decrease,2026-09-08,2026-09-08T13:30:55+03:00,otomobil motosiklet,BEST_SELLER,arac-ici-aksesuar,araç içi aksesuar,263,7,283,283,8,otomobil-motosiklet:arac-ici-aksesuar,263,-67,15,15,1132178096,688974,1132178096:688974,LELVANİ Araba Çöp Kutusu 2’li Set Araç İçi Kapaklı Çöp Kovası Taşınabilir Oto Organizer Siyah,LELVANİ,Oto Çöp Kovası,https://www.trendyol.com/lelvani/araba-cop-kutusu-2-li-set-arac-ici-kapakli-cop-kovasi-tasinabilir-oto-organizer-siyah-p-1132178096?boutiqueId=61&merchantId=688974,İK Kuzey,9.4,189.9,,,0,TRY,"[""Kargo Bedava""]",InStock,,,,,,4.149068322981367,161,74,0,,,,,4999,TRY,0,1,1,3,Tahmini Teslim:,En Çok Satan 8. Ürün,https://cdn.dsmcdn.com/ty1855/prod/QC_PREP/20260411/23/30095e16-a1ff-3572-a3c9-b22bb51dacdb/1_org_zoom.jpg,"{""Menşei"":""TR""}",20,5,refreshed,"[""daily_top""]",true,2026-09-08T10:48:20.041Z,0,"[""search_result_dom"",""product_detail_jsonld"",""product_detail_dom""]","{""variant_id"":""observed"",""variant_label"":""unavailable"",""listing_id"":""observed"",""inventory_key"":""observed"",""stock_quantity"":""observed"",""stock_quantity_source"":""observed"",""stock_quantity_kind"":""observed"",""stock_observed_at"":""observed"",""max_sale_limit"":""observed"",""seller_count"":""observed"",""seller_count_observed"":""observed"",""seller_count_kind"":""observed"",""sellers"":""observed"",""variants"":""observed"",""favorite_count"":""observed"",""inventory_decrease"":""unavailable"",""sales_estimate_daily"":""unavailable"",""sales_estimate_weekly"":""unavailable"",""sales_estimate_monthly"":""unavailable"",""sales_estimate_status"":""unavailable"",""sales_estimate_hours"":""unavailable"",""sales_estimate_source"":""unavailable"",""title"":""observed"",""brand"":""observed"",""seller_name"":""observed"",""seller_score"":""observed"",""price"":""observed"",""original_price"":""unavailable"",""campaigns"":""observed"",""stock_status"":""observed"",""stock_signal"":""unavailable"",""rating"":""observed"",""rating_count"":""observed"",""review_count"":""observed"",""question_count"":""unavailable"",""delivery_summary"":""observed"",""shipping_cost"":""observed"",""properties"":""observed""}",true,
1162391042,,9ac12fa3ddcff6e174d3e7ddaed2f70e,858767327:1133972:1162391042:9ac12fa3ddcff6e174d3e7ddaed2f70e,9325,merchantListing.winnerVariant.quantity,reported,2026-09-08T10:48:19.603Z,10,2,2,reported_total,"[{""merchant_id"":""1133972"",""name"":""Rex Toys"",""score"":9.3,""price"":110,""variant_id"":""1162391042"",""listing_id"":""9ac12fa3ddcff6e174d3e7ddaed2f70e"",""stock_quantity"":9325},{""merchant_id"":""438262"",""name"":""Rex Aksesuar"",""score"":9.5,""price"":120,""variant_id"":""1162391042"",""listing_id"":""d500a8863222971b037973ca4e9a5ec8"",""stock_quantity"":1615}]","[{""variant_id"":""1162391042"",""label"":null,""in_stock"":true,""stock_quantity"":9325,""selected"":true}]",32131,,,,,identity_changed_or_unknown,,inventory_net_decrease,2026-09-08,2026-09-08T13:30:55+03:00,otomobil motosiklet,BEST_SELLER,arac-ici-aksesuar,araç içi aksesuar,264,7,284,284,,otomobil-motosiklet:arac-ici-aksesuar,264,-65,19.5,10.5,858767327,1133972,858767327:1133972,Rex Aksesuar 5 Parça Sevimli Tavuk Ailesi Dikiz Aynası Süsü Ayna Süsü Araba Süsü Torpido Süsü Oto Aksesuar,Rex Aksesuar,Torpido Aksesuar,https://www.trendyol.com/rex-aksesuar/5-parca-sevimli-tavuk-ailesi-dikiz-aynasi-susu-ayna-susu-araba-susu-torpido-susu-oto-aksesuar-p-858767327?boutiqueId=61&merchantId=1133972,Rex Toys,9.3,110,,,,TRY,"[""Kargo Bedava"",""Trendyol Plus'a Özel""]",InStock,,,,,,4.662790697674419,516,271,1,,,,,4999,TRY,0,1,1,3,Tahmini Teslim:,,https://cdn.dsmcdn.com/ty1549/product/media/images/ty1548/prod/QC/20240916/22/decca1eb-18ce-395a-b165-fbb30f7dde8a/1_org_zoom.jpg,"{""Menşei"":""TR""}",20,5,refreshed,"[""daily_top""]",true,2026-09-08T10:48:19.604Z,0,"[""search_result_dom"",""product_detail_jsonld"",""product_detail_dom""]","{""variant_id"":""observed"",""variant_label"":""unavailable"",""listing_id"":""observed"",""inventory_key"":""observed"",""stock_quantity"":""observed"",""stock_quantity_source"":""observed"",""stock_quantity_kind"":""observed"",""stock_observed_at"":""observed"",""max_sale_limit"":""observed"",""seller_count"":""observed"",""seller_count_observed"":""observed"",""seller_count_kind"":""observed"",""sellers"":""observed"",""variants"":""observed"",""favorite_count"":""observed"",""inventory_decrease"":""unavailable"",""sales_estimate_daily"":""unavailable"",""sales_estimate_weekly"":""unavailable"",""sales_estimate_monthly"":""unavailable"",""sales_estimate_status"":""unavailable"",""sales_estimate_hours"":""unavailable"",""sales_estimate_source"":""unavailable"",""title"":""observed"",""brand"":""observed"",""seller_name"":""observed"",""seller_score"":""observed"",""price"":""observed"",""original_price"":""unavailable"",""campaigns"":""observed"",""stock_status"":""observed"",""stock_signal"":""unavailable"",""rating"":""observed"",""rating_count"":""observed"",""review_count"":""observed"",""question_count"":""unavailable"",""delivery_summary"":""observed"",""shipping_cost"":""observed"",""properties"":""observed""}",true,
1630489335,,5b76b754bd22c4aca6dd5015d2893201,1164497981:867640:1630489335:5b76b754bd22c4aca6dd5015d2893201,294,merchantListing.winnerVariant.quantity,reported,2026-09-08T10:48:24.306Z,20,1,1,reported_total,"[{""merchant_id"":""867640"",""name"":""Modifiyum"",""score"":9.6,""price"":129.24,""variant_id"":""1630489335"",""listing_id"":""5b76b754bd22c4aca6dd5015d2893201"",""stock_quantity"":294}]","[{""variant_id"":""1630489335"",""label"":null,""in_stock"":true,""stock_quantity"":294,""selected"":true}]",915,,,,,identity_changed_or_unknown,,inventory_net_decrease,2026-09-08,2026-09-08T13:30:55+03:00,otomobil motosiklet,BEST_SELLER,arac-ici-aksesuar,araç içi aksesuar,265,7,285,285,,otomobil-motosiklet:arac-ici-aksesuar,265,-147,10,20,1164497981,867640,1164497981:867640,Modifiyum Premium Kaydırmalı Araç İçi Telefon Numaratör Park Numarası Parkmatik Siyah,Modifiyum,Torpido Aksesuar,https://www.trendyol.com/modifiyum/premium-kaydirmali-arac-ici-telefon-numarator-park-numarasi-parkmatik-siyah-p-1164497981?boutiqueId=61&merchantId=867640,Modifiyum,9.6,129.24,,,3.4,TRY,"[""Sepette %1 İndirim"",""Kargo Bedava"",""Trendyol Plus'a Özel""]",InStock,,,,,,4.323529411764706,34,17,1,,,,,4999,TRY,0,1,1,3,Tahmini Teslim:,,https://cdn.dsmcdn.com/ty1926/prod/QC_PREP/20260704/13/1af14eed-36a4-39f1-abc0-fe5fb4149b92/1_org_zoom.jpg,"{""Menşei"":""CN""}",17,4.35,refreshed,"[""daily_top"",""hot_change""]",true,2026-09-08T10:48:24.306Z,0,"[""search_result_dom"",""product_detail_jsonld"",""product_detail_dom""]","{""variant_id"":""observed"",""variant_label"":""unavailable"",""listing_id"":""observed"",""inventory_key"":""observed"",""stock_quantity"":""observed"",""stock_quantity_source"":""observed"",""stock_quantity_kind"":""observed"",""stock_observed_at"":""observed"",""max_sale_limit"":""observed"",""seller_count"":""observed"",""seller_count_observed"":""observed"",""seller_count_kind"":""observed"",""sellers"":""observed"",""variants"":""observed"",""favorite_count"":""observed"",""inventory_decrease"":""unavailable"",""sales_estimate_daily"":""unavailable"",""sales_estimate_weekly"":""unavailable"",""sales_estimate_monthly"":""unavailable"",""sales_estimate_status"":""unavailable"",""sales_estimate_hours"":""unavailable"",""sales_estimate_source"":""unavailable"",""title"":""observed"",""brand"":""observed"",""seller_name"":""observed"",""seller_score"":""observed"",""price"":""observed"",""original_price"":""unavailable"",""campaigns"":""observed"",""stock_status"":""observed"",""stock_signal"":""unavailable"",""rating"":""observed"",""rating_count"":""observed"",""review_count"":""observed"",""question_count"":""unavailable"",""delivery_summary"":""observed"",""shipping_cost"":""observed"",""properties"":""observed""}",true,
148997324,,9c4062f06d70f31788a2e40948e3becf,89173159:942892:148997324:9c4062f06d70f31788a2e40948e3becf,1326,merchantListing.winnerVariant.quantity,reported,2026-09-08T10:48:28.784Z,10,1,1,reported_total,"[{""merchant_id"":""942892"",""name"":""Saravita"",""score"":8.9,""price"":1199,""variant_id"":""148997324"",""listing_id"":""9c4062f06d70f31788a2e40948e3becf"",""stock_quantity"":1326}]","[{""variant_id"":""148997324"",""label"":null,""in_stock"":true,""stock_quantity"":1326,""selected"":true}]",41467,,,,,observation_gap,,inventory_net_decrease,2026-09-08,2026-09-08T13:30:55+03:00,otomobil motosiklet,BEST_SELLER,arac-ici-aksesuar,araç içi aksesuar,266,7,286,286,,otomobil-motosiklet:arac-ici-aksesuar,266,-44,25.5,4.5,89173159,942892,89173159:942892,"ALFAGİFT Siyah Araç Içi Şişme Yatak- Iki Hava Yastıklı, Araba Seyahat Ve Kamp Suv Ve Binek Araçlara Uygun",ALFAGİFT,Araç İçi Şişme Yatak,https://www.trendyol.com/alfagift/siyah-arac-ici-sisme-yatak-iki-hava-yastikli-araba-seyahat-ve-kamp-suv-ve-binek-araclara-uygun-p-89173159?boutiqueId=61&merchantId=942892,Saravita,8.9,1199,,,8.5,TRY,"[""Kargo Bedava""]",InStock,,,,,,4.220817843866171,2690,1549,-5,,,,,4999,TRY,0,,1,3,Tahmini Teslim:,,https://cdn.dsmcdn.com/ty1702/prod/QC_ENRICHMENT/20250630/13/646a3103-12a1-3bee-a676-365d8a1cdb15/1_org_zoom.jpg,"{""Renk"":""Siyah"",""Menşei"":""CN"",""Bakım Talimatları (Genel)"":""Nemli bir bezle silin.""}",20,5,refreshed,"[""daily_top""]",true,2026-09-08T10:48:28.785Z,0,"[""search_result_dom"",""product_detail_jsonld"",""product_detail_dom""]","{""variant_id"":""observed"",""variant_label"":""unavailable"",""listing_id"":""observed"",""inventory_key"":""observed"",""stock_quantity"":""observed"",""stock_quantity_source"":""observed"",""stock_quantity_kind"":""observed"",""stock_observed_at"":""observed"",""max_sale_limit"":""observed"",""seller_count"":""observed"",""seller_count_observed"":""observed"",""seller_count_kind"":""observed"",""sellers"":""observed"",""variants"":""observed"",""favorite_count"":""observed"",""inventory_decrease"":""unavailable"",""sales_estimate_daily"":""unavailable"",""sales_estimate_weekly"":""unavailable"",""sales_estimate_monthly"":""unavailable"",""sales_estimate_status"":""unavailable"",""sales_estimate_hours"":""unavailable"",""sales_estimate_source"":""unavailable"",""title"":""observed"",""brand"":""observed"",""seller_name"":""observed"",""seller_score"":""observed"",""price"":""observed"",""original_price"":""unavailable"",""campaigns"":""observed"",""stock_status"":""observed"",""stock_signal"":""unavailable"",""rating"":""observed"",""rating_count"":""observed"",""review_count"":""observed"",""question_count"":""unavailable"",""delivery_summary"":""observed"",""shipping_cost"":""observed"",""properties"":""observed""}",true,
886056686,,9ba6ccb14d7041f5222a5aceb2382aad,669829821:158075:886056686:9ba6ccb14d7041f5222a5aceb2382aad,51,merchantListing.winnerVariant.quantity,reported,2026-09-08T10:48:29.146Z,20,1,1,reported_total,"[{""merchant_id"":""158075"",""name"":""Ulaşkan Otomotiv"",""score"":9.1,""price"":599.9,""variant_id"":""886056686"",""listing_id"":""9ba6ccb14d7041f5222a5aceb2382aad"",""stock_quantity"":51}]","[{""variant_id"":""886056686"",""label"":null,""in_stock"":true,""stock_quantity"":51,""selected"":true}]",6185,,,,,observation_gap,,inventory_net_decrease,2026-09-08,2026-09-08T13:30:55+03:00,otomobil motosiklet,BEST_SELLER,arac-ici-aksesuar,araç içi aksesuar,267,7,287,287,,otomobil-motosiklet:arac-ici-aksesuar,267,-60,16,14,669829821,158075,669829821:158075,C9 Rgb Araç Içi Atmosfer Ambiyans Ip Neon Torpido Led 5 Metre usb girişli,C9,Torpido Aksesuar,https://www.trendyol.com/c9/rgb-arac-ici-atmosfer-ambiyans-ip-neon-torpido-led-5-metre-usb-girisli-p-669829821?boutiqueId=61&merchantId=158075,Ulaşkan Otomotiv,9.1,599.9,,,0,TRY,"[""Kargo Bedava""]",InStock,,,,,,3.38953488372093,172,98,0,,,,,4999,TRY,0,1,1,3,Tahmini Teslim:,,https://cdn.dsmcdn.com/ty1011/product/media/images/prod/SPM/PIM/20231011/11/5e70a722-17e7-3387-b765-03f023f8d3c0/1_org_zoom.jpg,"{""Menşei"":""TR"",""Bakım Talimatları (Genel)"":""Ürünün kullanım ömrünü korumak için ürüne özel bakım talimatlarını takip ediniz.""}",20,5,refreshed,"[""daily_top""]",true,2026-09-08T10:48:29.147Z,0,"[""search_result_dom"",""product_detail_jsonld"",""product_detail_dom""]","{""variant_id"":""observed"",""variant_label"":""unavailable"",""listing_id"":""observed"",""inventory_key"":""observed"",""stock_quantity"":""observed"",""stock_quantity_source"":""observed"",""stock_quantity_kind"":""observed"",""stock_observed_at"":""observed"",""max_sale_limit"":""observed"",""seller_count"":""observed"",""seller_count_observed"":""observed"",""seller_count_kind"":""observed"",""sellers"":""observed"",""variants"":""observed"",""favorite_count"":""observed"",""inventory_decrease"":""unavailable"",""sales_estimate_daily"":""unavailable"",""sales_estimate_weekly"":""unavailable"",""sales_estimate_monthly"":""unavailable"",""sales_estimate_status"":""unavailable"",""sales_estimate_hours"":""unavailable"",""sales_estimate_source"":""unavailable"",""title"":""observed"",""brand"":""observed"",""seller_name"":""observed"",""seller_score"":""observed"",""price"":""observed"",""original_price"":""unavailable"",""campaigns"":""observed"",""stock_status"":""observed"",""stock_signal"":""unavailable"",""rating"":""observed"",""rating_count"":""observed"",""review_count"":""observed"",""question_count"":""unavailable"",""delivery_summary"":""observed"",""shipping_cost"":""observed"",""properties"":""observed""}",true,
323063116,,8c37dc53d2416efa92fbd3aab0d4cfd4,196520411:412407:323063116:8c37dc53d2416efa92fbd3aab0d4cfd4,9856,merchantListing.winnerVariant.quantity,reported,2026-09-08T10:48:33.306Z,10,1,1,reported_total,"[{""merchant_id"":""412407"",""name"":""ELSE NİPPON"",""score"":9.3,""price"":269.4,""variant_id"":""323063116"",""listing_id"":""8c37dc53d2416efa92fbd3aab0d4cfd4"",""stock_quantity"":9856}]","[{""variant_id"":""323063116"",""label"":null,""in_stock"":true,""stock_quantity"":9856,""selected"":true}]",9930,,,,,observation_gap,,inventory_net_decrease,2026-09-08,2026-09-08T13:30:55+03:00,otomobil motosiklet,BEST_SELLER,arac-ici-aksesuar,araç içi aksesuar,268,7,288,288,,otomobil-motosiklet:arac-ici-aksesuar,268,-34,21.6,8.4,196520411,412407,196520411:412407,ELSE NIPPON Araç Içi Telefon Tutucu Klipsli - Torpido Üst - Gösterge Paneli - Ofis Masası - Oto Telefon Tutucu,ELSE NIPPON,Araç İçi Telefon Tutucular,https://www.trendyol.com/else-nippon/arac-ici-telefon-tutucu-klipsli-torpido-ust-gosterge-paneli-ofis-masasi-oto-telefon-tutucu-p-196520411?boutiqueId=61&merchantId=412407,ELSE NİPPON,9.3,269.4,,,2,TRY,"[""Kargo Bedava"",""Trendyol Plus'a Özel""]",InStock,,,,,,3.708416833667335,998,494,1,,,,,4999,TRY,0,1,1,3,Tahmini Teslim:,,https://cdn.dsmcdn.com/ty1670/prod/QC/20250426/07/cdd6689b-1a47-3493-b8ca-b130390e0384/1_org_zoom.jpg,"{""Telefon Tutucu Özellikleri"":""Akrobat"",""Renk"":""Gri"",""Garanti Süresi"":""1 Yıl"",""Türü"":""Direksiyon"",""Materyal"":""Plastik"",""Menşei"":""CN"",""Bakım Talimatları (Genel)"":""Nemli bir bezle silin.""}",20,5,refreshed,"[""daily_top""]",true,2026-09-08T10:48:33.307Z,0,"[""search_result_dom"",""product_detail_jsonld"",""product_detail_dom""]","{""variant_id"":""observed"",""variant_label"":""unavailable"",""listing_id"":""observed"",""inventory_key"":""observed"",""stock_quantity"":""observed"",""stock_quantity_source"":""observed"",""stock_quantity_kind"":""observed"",""stock_observed_at"":""observed"",""max_sale_limit"":""observed"",""seller_count"":""observed"",""seller_count_observed"":""observed"",""seller_count_kind"":""observed"",""sellers"":""observed"",""variants"":""observed"",""favorite_count"":""observed"",""inventory_decrease"":""unavailable"",""sales_estimate_daily"":""unavailable"",""sales_estimate_weekly"":""unavailable"",""sales_estimate_monthly"":""unavailable"",""sales_estimate_status"":""unavailable"",""sales_estimate_hours"":""unavailable"",""sales_estimate_source"":""unavailable"",""title"":""observed"",""brand"":""observed"",""seller_name"":""observed"",""seller_score"":""observed"",""price"":""observed"",""original_price"":""unavailable"",""campaigns"":""observed"",""stock_status"":""observed"",""stock_signal"":""unavailable"",""rating"":""observed"",""rating_count"":""observed"",""review_count"":""observed"",""question_count"":""unavailable"",""delivery_summary"":""observed"",""shipping_cost"":""observed"",""properties"":""observed""}",true,
1592305923,,406da01a06acdc116e06853e3036c597,1139388751:173019:1592305923:406da01a06acdc116e06853e3036c597,4614,merchantListing.winnerVariant.quantity,reported,2026-09-08T10:48:38.618Z,100,1,1,reported_total,"[{""merchant_id"":""173019"",""name"":""BenceaL"",""score"":9.3,""price"":375.5,""variant_id"":""1592305923"",""listing_id"":""406da01a06acdc116e06853e3036c597"",""stock_quantity"":4614}]","[{""variant_id"":""1592305923"",""label"":null,""in_stock"":true,""stock_quantity"":4614,""selected"":true}]",902,,,,,missing_baseline,,inventory_net_decrease,2026-09-08,2026-09-08T13:30:55+03:00,otomobil motosiklet,BEST_SELLER,arac-ici-aksesuar,araç içi aksesuar,269,7,289,289,,otomobil-motosiklet:arac-ici-aksesuar,269,,9.2,20.8,1139388751,173019,1139388751:173019,Tor Store 2'li Set Araba Oto Bagaj İçi Organizer Cırt Cırtlı File Pratik Eşya Tutucu Bagaj İçi Düzenleyici File,Tor Store,Bagaj Düzenleyici,https://www.trendyol.com/tor-store/2-li-set-araba-oto-bagaj-ici-organizer-cirt-cirtli-file-pratik-esya-tutucu-bagaj-ici-duzenleyici-file-p-1139388751?boutiqueId=61&merchantId=173019,BenceaL,9.3,375.5,,,,TRY,"[""Kargo Bedava""]",InStock,,,,,,4.551724137931035,29,13,,,,,,4999,TRY,0,1,1,3,Tahmini Teslim:,,https://cdn.dsmcdn.com/ty1927/prod/QC_PREP/20260428/13/b2d76d06-6c0a-359e-813c-b0e1631175f1/1_org_zoom.jpg,"{""Araç Marka ve Model"":""Universal"",""Menşei"":""CN""}",13,4.69,refreshed,"[""daily_top""]",true,2026-09-08T10:48:38.619Z,0,"[""search_result_dom"",""product_detail_jsonld"",""product_detail_dom""]","{""variant_id"":""observed"",""variant_label"":""unavailable"",""listing_id"":""observed"",""inventory_key"":""observed"",""stock_quantity"":""observed"",""stock_quantity_source"":""observed"",""stock_quantity_kind"":""observed"",""stock_observed_at"":""observed"",""max_sale_limit"":""observed"",""seller_count"":""observed"",""seller_count_observed"":""observed"",""seller_count_kind"":""observed"",""sellers"":""observed"",""variants"":""observed"",""favorite_count"":""observed"",""inventory_decrease"":""unavailable"",""sales_estimate_daily"":""unavailable"",""sales_estimate_weekly"":""unavailable"",""sales_estimate_monthly"":""unavailable"",""sales_estimate_status"":""unavailable"",""sales_estimate_hours"":""unavailable"",""sales_estimate_source"":""unavailable"",""title"":""observed"",""brand"":""observed"",""seller_name"":""observed"",""seller_score"":""observed"",""price"":""observed"",""original_price"":""unavailable"",""campaigns"":""observed"",""stock_status"":""observed"",""stock_signal"":""unavailable"",""rating"":""observed"",""rating_count"":""observed"",""review_count"":""observed"",""question_count"":""unavailable"",""delivery_summary"":""observed"",""shipping_cost"":""observed"",""properties"":""observed""}",true,
1533831090,,669053e7b43d7d67b71aa69cebccd85d,1104557195:1064037:1533831090:669053e7b43d7d67b71aa69cebccd85d,1443,merchantListing.winnerVariant.quantity,reported,2026-09-08T10:48:38.668Z,10,1,1,reported_total,"[{""merchant_id"":""1064037"",""name"":""VEMA Nebron"",""score"":9.4,""price"":180,""variant_id"":""1533831090"",""listing_id"":""669053e7b43d7d67b71aa69cebccd85d"",""stock_quantity"":1443}]","[{""variant_id"":""1533831090"",""label"":null,""in_stock"":true,""stock_quantity"":1443,""selected"":true}]",5205,,,,,missing_baseline,,inventory_net_decrease,2026-09-08,2026-09-08T13:30:55+03:00,otomobil motosiklet,BEST_SELLER,arac-ici-aksesuar,araç içi aksesuar,270,7,290,290,2,otomobil-motosiklet:arac-ici-aksesuar,270,,12.7,17.3,1104557195,1064037,1104557195:1064037,Nebron Masaüstü Tablet Telefon Tutucu. Telefon standı. Tablet standı. Tavşan Telefon Tutucu,Nebron,,https://www.trendyol.com/nebron/masaustu-tablet-telefon-tutucu-telefon-standi-tablet-standi-tavsan-telefon-tutucu-p-1104557195?boutiqueId=61&merchantId=1064037,VEMA Nebron,9.4,180,,,,TRY,"[""Sepette %1 İndirim"",""Kargo Bedava""]",InStock,,,,,,4.765432098765432,81,38,,,,,,,,0,,,,Tahmini Teslim:,,,{},0,,refreshed,"[""daily_top""]",true,2026-09-08T10:48:38.669Z,0,"[""search_result_dom"",""product_detail_jsonld"",""product_detail_dom""]","{""variant_id"":""observed"",""variant_label"":""unavailable"",""listing_id"":""observed"",""inventory_key"":""observed"",""stock_quantity"":""observed"",""stock_quantity_source"":""observed"",""stock_quantity_kind"":""observed"",""stock_observed_at"":""observed"",""max_sale_limit"":""observed"",""seller_count"":""observed"",""seller_count_observed"":""observed"",""seller_count_kind"":""observed"",""sellers"":""observed"",""variants"":""observed"",""favorite_count"":""observed"",""inventory_decrease"":""unavailable"",""sales_estimate_daily"":""unavailable"",""sales_estimate_weekly"":""unavailable"",""sales_estimate_monthly"":""unavailable"",""sales_estimate_status"":""unavailable"",""sales_estimate_hours"":""unavailable"",""sales_estimate_source"":""unavailable"",""title"":""observed"",""brand"":""observed"",""seller_name"":""observed"",""seller_score"":""observed"",""price"":""observed"",""original_price"":""unavailable"",""campaigns"":""observed"",""stock_status"":""observed"",""stock_signal"":""unavailable"",""rating"":""observed"",""rating_count"":""observed"",""review_count"":""observed"",""question_count"":""unavailable"",""delivery_summary"":""observed"",""shipping_cost"":""unavailable"",""properties"":""observed""}",true,
106678403,,a1f68b10d0837c67a153a28c5ad7f487,60387027:185368:106678403:a1f68b10d0837c67a153a28c5ad7f487,130,merchantListing.winnerVariant.quantity,reported,2026-09-08T10:48:42.009Z,10,1,1,reported_total,"[{""merchant_id"":""185368"",""name"":""MeyZone"",""score"":9.5,""price"":139.9,""variant_id"":""106678403"",""listing_id"":""a1f68b10d0837c67a153a28c5ad7f487"",""stock_quantity"":130}]","[{""variant_id"":""106678403"",""label"":null,""in_stock"":true,""stock_quantity"":130,""selected"":true}]",6077,,,,,identity_changed_or_unknown,,inventory_net_decrease,2026-09-08,2026-09-08T13:30:55+03:00,otomobil motosiklet,BEST_SELLER,arac-ici-aksesuar,araç içi aksesuar,271,7,291,291,,otomobil-motosiklet:arac-ici-aksesuar,271,-264,18.1,11.9,60387027,185368,60387027:185368,MeyZone Araç Içi Işıklı Küllük Işıklı Kapaklı Araba Küllüğü Oto Küllük,MeyZone,Oto Küllük,https://www.trendyol.com/meyzone/arac-ici-isikli-kulluk-isikli-kapakli-araba-kullugu-oto-kulluk-p-60387027?boutiqueId=61&merchantId=185368,MeyZone,9.5,139.9,,,2,TRY,"[""Sepette %1 İndirim"",""Kargo Bedava""]",InStock,,,,,,4.0604534005037785,397,184,1,,,,,4999,TRY,0,,1,3,Tahmini Teslim:,En Çok Favorilenen 2. Ürün,https://cdn.dsmcdn.com/ty22/product/media/images/20201106/12/23006935/101724751/1/1_org_zoom.jpg,"{""Menşei"":""TR"",""Bakım Talimatları (Genel)"":""Ürünün kullanım ömrünü korumak için ürüne özel bakım talimatlarını takip ediniz.""}",20,5,refreshed,"[""daily_top"",""hot_change""]",true,2026-09-08T10:48:42.010Z,0,"[""search_result_dom"",""product_detail_jsonld"",""product_detail_dom""]","{""variant_id"":""observed"",""variant_label"":""unavailable"",""listing_id"":""observed"",""inventory_key"":""observed"",""stock_quantity"":""observed"",""stock_quantity_source"":""observed"",""stock_quantity_kind"":""observed"",""stock_observed_at"":""observed"",""max_sale_limit"":""observed"",""seller_count"":""observed"",""seller_count_observed"":""observed"",""seller_count_kind"":""observed"",""sellers"":""observed"",""variants"":""observed"",""favorite_count"":""observed"",""inventory_decrease"":""unavailable"",""sales_estimate_daily"":""unavailable"",""sales_estimate_weekly"":""unavailable"",""sales_estimate_monthly"":""unavailable"",""sales_estimate_status"":""unavailable"",""sales_estimate_hours"":""unavailable"",""sales_estimate_source"":""unavailable"",""title"":""observed"",""brand"":""observed"",""seller_name"":""observed"",""seller_score"":""observed"",""price"":""observed"",""original_price"":""unavailable"",""campaigns"":""observed"",""stock_status"":""observed"",""stock_signal"":""unavailable"",""rating"":""observed"",""rating_count"":""observed"",""review_count"":""observed"",""question_count"":""unavailable"",""delivery_summary"":""observed"",""shipping_cost"":""observed"",""properties"":""observed""}",true,
192597106,,65f0f02e2ab2621ec72972ece135c6ec,119586160:107493:192597106:65f0f02e2ab2621ec72972ece135c6ec,74,merchantListing.winnerVariant.quantity,reported,2026-09-08T10:48:47.332Z,10,3,3,reported_total,"[{""merchant_id"":""107493"",""name"":""Kuzey Pazarlama"",""score"":9.4,""price"":996.07,""variant_id"":""192597106"",""listing_id"":""65f0f02e2ab2621ec72972ece135c6ec"",""stock_quantity"":74},{""merchant_id"":""653591"",""name"":""LOTUS AVM"",""score"":8.9,""price"":990,""variant_id"":""192597106"",""listing_id"":""e2637fd03c65c01dd2f78ddd30c6d118"",""stock_quantity"":63},{""merchant_id"":""299696"",""name"":""Yenibirev"",""score"":8.8,""price"":1079,""variant_id"":""192597106"",""listing_id"":""5d0dea9824d8fff7828f6703fc218a12"",""stock_quantity"":13}]","[{""variant_id"":""192597106"",""label"":null,""in_stock"":true,""stock_quantity"":74,""selected"":true}]",32176,,,,,identity_changed_or_unknown,,inventory_net_decrease,2026-09-08,2026-09-08T13:30:55+03:00,otomobil motosiklet,BEST_SELLER,arac-ici-aksesuar,araç içi aksesuar,272,8,292,292,,otomobil-motosiklet:arac-ici-aksesuar,272,-82,28.3,1.7,119586160,107493,119586160:107493,AWOX Cracks Max Şarjlı EL süpürgesi Dikey Ev ve Araç Süpürgesi Şık Tasarım Tam sarjda 10-15 dk kullanım,AWOX,Araç İçi Süpürge,https://www.trendyol.com/awox/cracks-max-sarjli-el-supurgesi-dikey-ev-ve-arac-supurgesi-sik-tasarim-tam-sarjda-10-15-dk-kullanim-p-119586160?boutiqueId=61&merchantId=107493,Kuzey Pazarlama,9.4,996.07,,,,TRY,"[""Kargo Bedava""]",InStock,,,,,,3.9904027098231087,5314,3458,-4,,,,,4999,TRY,0,1,1,3,Tahmini Teslim:,,https://cdn.dsmcdn.com/ty1730/prod/QC_ENRICHMENT/20250819/17/69763cf1-19aa-3b38-9abd-e01b3a77e1d2/1_org_zoom.jpg,"{""Garanti Süresi"":""2 Yıl"",""Garanti Tipi"":""Üretici Garantili"",""Menşei"":""TR"",""Tamir Edilebilirlik"":""Yetkili Servis ile Tamiri Gerekir."",""Özellik"":""Şarjlı"",""Renk"":""Siyah"",""Vakum Emiş Gücü"":""8000 PA"",""Güç (Watt)"":""501 - 1000 Watt"",""Ses Seviyesi"":""5 Dba - 10 Dba"",""Şarj Süresi"":""0 - 1 Saat""}",20,5,refreshed,"[""daily_top""]",true,2026-09-08T10:48:47.333Z,0,"[""search_result_dom"",""product_detail_jsonld"",""product_detail_dom""]","{""variant_id"":""observed"",""variant_label"":""unavailable"",""listing_id"":""observed"",""inventory_key"":""observed"",""stock_quantity"":""observed"",""stock_quantity_source"":""observed"",""stock_quantity_kind"":""observed"",""stock_observed_at"":""observed"",""max_sale_limit"":""observed"",""seller_count"":""observed"",""seller_count_observed"":""observed"",""seller_count_kind"":""observed"",""sellers"":""observed"",""variants"":""observed"",""favorite_count"":""observed"",""inventory_decrease"":""unavailable"",""sales_estimate_daily"":""unavailable"",""sales_estimate_weekly"":""unavailable"",""sales_estimate_monthly"":""unavailable"",""sales_estimate_status"":""unavailable"",""sales_estimate_hours"":""unavailable"",""sales_estimate_source"":""unavailable"",""title"":""observed"",""brand"":""observed"",""seller_name"":""observed"",""seller_score"":""observed"",""price"":""observed"",""original_price"":""unavailable"",""campaigns"":""observed"",""stock_status"":""observed"",""stock_signal"":""unavailable"",""rating"":""observed"",""rating_count"":""observed"",""review_count"":""observed"",""question_count"":""unavailable"",""delivery_summary"":""observed"",""shipping_cost"":""observed"",""properties"":""observed""}",true,
1467411422,,01e063392fbe99476a3df02ddd5def54,1060973156:620946:1467411422:01e063392fbe99476a3df02ddd5def54,2077,merchantListing.winnerVariant.quantity,reported,2026-09-08T10:48:47.135Z,10,1,1,reported_total,"[{""merchant_id"":""620946"",""name"":""Banxtre"",""score"":8.9,""price"":119.9,""variant_id"":""1467411422"",""listing_id"":""01e063392fbe99476a3df02ddd5def54"",""stock_quantity"":2077}]","[{""variant_id"":""1467411422"",""label"":null,""in_stock"":true,""stock_quantity"":2077,""selected"":true}]",1148,,,,,missing_baseline,,inventory_net_decrease,2026-09-08,2026-09-08T13:30:55+03:00,otomobil motosiklet,BEST_SELLER,arac-ici-aksesuar,araç içi aksesuar,273,8,293,293,2,otomobil-motosiklet:arac-ici-aksesuar,273,,9.2,20.8,1060973156,620946,1060973156:620946,Banxtre RKS SRK125 Racing Model için Gündüz Ledine Uyumlu Renkli Far Film Far Tasarım Sticker,Banxtre,,https://www.trendyol.com/banxtre/rks-srk125-racing-model-icin-gunduz-ledine-uyumlu-renkli-far-film-far-tasarim-sticker-p-1060973156?boutiqueId=61&merchantId=620946,Banxtre,8.9,119.9,,,,TRY,"[""Kargo Bedava"",""Trendyol Plus'a Özel""]",InStock,,,,,,3.608695652173913,23,13,,,,,,,,0,,,,Tahmini Teslim:,,,{},0,,refreshed,"[""daily_top""]",true,2026-09-08T10:48:47.136Z,0,"[""search_result_dom"",""product_detail_jsonld"",""product_detail_dom""]","{""variant_id"":""observed"",""variant_label"":""unavailable"",""listing_id"":""observed"",""inventory_key"":""observed"",""stock_quantity"":""observed"",""stock_quantity_source"":""observed"",""stock_quantity_kind"":""observed"",""stock_observed_at"":""observed"",""max_sale_limit"":""observed"",""seller_count"":""observed"",""seller_count_observed"":""observed"",""seller_count_kind"":""observed"",""sellers"":""observed"",""variants"":""observed"",""favorite_count"":""observed"",""inventory_decrease"":""unavailable"",""sales_estimate_daily"":""unavailable"",""sales_estimate_weekly"":""unavailable"",""sales_estimate_monthly"":""unavailable"",""sales_estimate_status"":""unavailable"",""sales_estimate_hours"":""unavailable"",""sales_estimate_source"":""unavailable"",""title"":""observed"",""brand"":""observed"",""seller_name"":""observed"",""seller_score"":""observed"",""price"":""observed"",""original_price"":""unavailable"",""campaigns"":""observed"",""stock_status"":""observed"",""stock_signal"":""unavailable"",""rating"":""observed"",""rating_count"":""observed"",""review_count"":""observed"",""question_count"":""unavailable"",""delivery_summary"":""observed"",""shipping_cost"":""unavailable"",""properties"":""observed""}",true,
1538194481,,67ca4db4f8da1e8b7ca2962ca49f5af8,1107342779:620946:1538194481:67ca4db4f8da1e8b7ca2962ca49f5af8,1874,merchantListing.winnerVariant.quantity,reported,2026-09-08T10:48:50.549Z,10,1,1,reported_total,"[{""merchant_id"":""620946"",""name"":""Banxtre"",""score"":8.9,""price"":149.9,""variant_id"":""1538194481"",""listing_id"":""67ca4db4f8da1e8b7ca2962ca49f5af8"",""stock_quantity"":1874}]","[{""variant_id"":""1538194481"",""label"":null,""in_stock"":true,""stock_quantity"":1874,""selected"":true}]",1675,,,,,observation_gap,,inventory_net_decrease,2026-09-08,2026-09-08T13:30:55+03:00,otomobil motosiklet,BEST_SELLER,arac-ici-aksesuar,araç içi aksesuar,274,8,294,294,,otomobil-motosiklet:arac-ici-aksesuar,274,-137,9.2,20.8,1107342779,620946,1107342779:620946,Banxtre Motor ve Kask için Sponsorlu Markalar Hologramlı A4 Sticker Pack Seri -2,Banxtre,Arma Sticker & Fosfor Şerit,https://www.trendyol.com/banxtre/motor-ve-kask-icin-sponsorlu-markalar-hologramli-a4-sticker-pack-seri-2-p-1107342779?boutiqueId=61&merchantId=620946,Banxtre,8.9,149.9,,,0,TRY,"[""Kargo Bedava"",""Trendyol Plus'a Özel""]",InStock,,,,,,3.888888888888889,18,13,1,,,,,4999,TRY,0,1,1,3,Tahmini Teslim:,,https://cdn.dsmcdn.com/ty1829/prod/QC_PREP/20260220/11/6e4103de-0ce4-3963-9bd5-8746313da910/1_org_zoom.jpg,"{""Renk"":""Çok Renkli"",""Menşei"":""TR""}",13,3.77,refreshed,"[""daily_top"",""hot_change""]",true,2026-09-08T10:48:50.549Z,0,"[""search_result_dom"",""product_detail_jsonld"",""product_detail_dom""]","{""variant_id"":""observed"",""variant_label"":""unavailable"",""listing_id"":""observed"",""inventory_key"":""observed"",""stock_quantity"":""observed"",""stock_quantity_source"":""observed"",""stock_quantity_kind"":""observed"",""stock_observed_at"":""observed"",""max_sale_limit"":""observed"",""seller_count"":""observed"",""seller_count_observed"":""observed"",""seller_count_kind"":""observed"",""sellers"":""observed"",""variants"":""observed"",""favorite_count"":""observed"",""inventory_decrease"":""unavailable"",""sales_estimate_daily"":""unavailable"",""sales_estimate_weekly"":""unavailable"",""sales_estimate_monthly"":""unavailable"",""sales_estimate_status"":""unavailable"",""sales_estimate_hours"":""unavailable"",""sales_estimate_source"":""unavailable"",""title"":""observed"",""brand"":""observed"",""seller_name"":""observed"",""seller_score"":""observed"",""price"":""observed"",""original_price"":""unavailable"",""campaigns"":""observed"",""stock_status"":""observed"",""stock_signal"":""unavailable"",""rating"":""observed"",""rating_count"":""observed"",""review_count"":""observed"",""question_count"":""unavailable"",""delivery_summary"":""observed"",""shipping_cost"":""observed"",""properties"":""observed""}",true,
1620122713,,f169585d5f7ce633d9f6d6d8ffb5bf28,1157938722:716051:1620122713:f169585d5f7ce633d9f6d6d8ffb5bf28,773,merchantListing.winnerVariant.quantity,reported,2026-09-08T10:48:56.274Z,20,1,1,reported_total,"[{""merchant_id"":""716051"",""name"":""Bayır E-Ticaret"",""score"":8.9,""price"":179,""variant_id"":""1620122713"",""listing_id"":""f169585d5f7ce633d9f6d6d8ffb5bf28"",""stock_quantity"":773}]","[{""variant_id"":""1620122713"",""label"":null,""in_stock"":true,""stock_quantity"":773,""selected"":true}]",269,,,,,observation_gap,,inventory_net_decrease,2026-09-08,2026-09-08T13:30:55+03:00,otomobil motosiklet,BEST_SELLER,arac-ici-aksesuar,araç içi aksesuar,275,8,295,295,,otomobil-motosiklet:arac-ici-aksesuar,275,-48,7.2,22.8,1157938722,716051,1157938722:716051,Genel Markalar 2 Adet Araba Koltuk Arası Düşme Engelleyici Organizer Araç İçi Telefon Tutucu Siyah Renk,Genel Markalar,Torpido Aksesuar,https://www.trendyol.com/genel-markalar/2-adet-araba-koltuk-arasi-dusme-engelleyici-organizer-arac-ici-telefon-tutucu-siyah-renk-p-1157938722?boutiqueId=61&merchantId=716051,Bayır E-Ticaret,8.9,179,,,0,TRY,"[""Kargo Bedava""]",InStock,,,,,,2.7,10,7,0,,,,,4999,TRY,0,,1,3,Tahmini Teslim:,,https://cdn.dsmcdn.com/ty1923/prod/QC_ENRICHMENT/20260722/00/17d4f3c4-bf1c-32b4-9f64-5ab73075cee4/1_org_zoom.jpg,"{""Menşei"":""CN""}",7,3.29,refreshed,"[""daily_top""]",true,2026-09-08T10:48:56.274Z,0,"[""search_result_dom"",""product_detail_jsonld"",""product_detail_dom""]","{""variant_id"":""observed"",""variant_label"":""unavailable"",""listing_id"":""observed"",""inventory_key"":""observed"",""stock_quantity"":""observed"",""stock_quantity_source"":""observed"",""stock_quantity_kind"":""observed"",""stock_observed_at"":""observed"",""max_sale_limit"":""observed"",""seller_count"":""observed"",""seller_count_observed"":""observed"",""seller_count_kind"":""observed"",""sellers"":""observed"",""variants"":""observed"",""favorite_count"":""observed"",""inventory_decrease"":""unavailable"",""sales_estimate_daily"":""unavailable"",""sales_estimate_weekly"":""unavailable"",""sales_estimate_monthly"":""unavailable"",""sales_estimate_status"":""unavailable"",""sales_estimate_hours"":""unavailable"",""sales_estimate_source"":""unavailable"",""title"":""observed"",""brand"":""observed"",""seller_name"":""observed"",""seller_score"":""observed"",""price"":""observed"",""original_price"":""unavailable"",""campaigns"":""observed"",""stock_status"":""observed"",""stock_signal"":""unavailable"",""rating"":""observed"",""rating_count"":""observed"",""review_count"":""observed"",""question_count"":""unavailable"",""delivery_summary"":""observed"",""shipping_cost"":""observed"",""properties"":""observed""}",true,
1005539995,,5e0d358175f1c84a725a78685b182663,762212239:346231:1005539995:5e0d358175f1c84a725a78685b182663,359,merchantListing.winnerVariant.quantity,reported,2026-09-08T10:48:56.252Z,10,1,1,reported_total,"[{""merchant_id"":""346231"",""name"":""Mimtec"",""score"":8.7,""price"":368.9,""variant_id"":""1005539995"",""listing_id"":""5e0d358175f1c84a725a78685b182663"",""stock_quantity"":359}]","[{""variant_id"":""1005539995"",""label"":null,""in_stock"":true,""stock_quantity"":359,""selected"":true}]",7790,,,,,missing_baseline,,inventory_net_decrease,2026-09-08,2026-09-08T13:30:55+03:00,otomobil motosiklet,BEST_SELLER,arac-ici-aksesuar,araç içi aksesuar,276,8,296,296,,otomobil-motosiklet:arac-ici-aksesuar,276,,23.2,8.1,762212239,346231,762212239:346231,mimtec Klipsli Araç Telefon Tutacağı Klima Peteği Araba Telefon Tutacağı Metal Klipsli Düşmeme Garantili,mimtec,Araç İçi Telefon Tutucular,https://www.trendyol.com/mimtec/klipsli-arac-telefon-tutacagi-klima-petegi-araba-telefon-tutacagi-metal-klipsli-dusmeme-garantili-p-762212239?boutiqueId=61&merchantId=346231,Mimtec,8.7,368.9,373.9,1.3,,TRY,"[""Kargo Bedava"",""Son 10 Günün En Düşük Fiyatı"",""Son 10 günün en düşük fiyatı""]",InStock,,,,,,4.536036036036036,888,544,,,,,,4999,TRY,0,2,1,6,Tahmini Teslim:,,https://cdn.dsmcdn.com/ty1324/product/media/images/prod/QC/20240522/00/357747a1-7481-356c-ab69-9509a97c0367/1_org_zoom.jpg,"{""Telefon Tutucu Özellikleri"":""Akrobat"",""Renk"":""Metalik"",""Garanti Süresi"":""Belirtilmemiş"",""Türü"":""Havalandırma"",""Materyal"":""Metal"",""Bakım Talimatları (Genel)"":""Ürünün kullanım ömrünü korumak için ürüne özel bakım talimatlarını takip ediniz.""}",20,5,refreshed,"[""daily_top""]",true,2026-09-08T10:48:56.253Z,0,"[""search_result_dom"",""product_detail_jsonld"",""product_detail_dom""]","{""variant_id"":""observed"",""variant_label"":""unavailable"",""listing_id"":""observed"",""inventory_key"":""observed"",""stock_quantity"":""observed"",""stock_quantity_source"":""observed"",""stock_quantity_kind"":""observed"",""stock_observed_at"":""observed"",""max_sale_limit"":""observed"",""seller_count"":""observed"",""seller_count_observed"":""observed"",""seller_count_kind"":""observed"",""sellers"":""observed"",""variants"":""observed"",""favorite_count"":""observed"",""inventory_decrease"":""unavailable"",""sales_estimate_daily"":""unavailable"",""sales_estimate_weekly"":""unavailable"",""sales_estimate_monthly"":""unavailable"",""sales_estimate_status"":""unavailable"",""sales_estimate_hours"":""unavailable"",""sales_estimate_source"":""unavailable"",""title"":""observed"",""brand"":""observed"",""seller_name"":""observed"",""seller_score"":""observed"",""price"":""observed"",""original_price"":""observed"",""campaigns"":""observed"",""stock_status"":""observed"",""stock_signal"":""unavailable"",""rating"":""observed"",""rating_count"":""observed"",""review_count"":""observed"",""question_count"":""unavailable"",""delivery_summary"":""observed"",""shipping_cost"":""observed"",""properties"":""observed""}",true,
241154441,,c4e2c6a43ada510390f994b35d720f55,142521054:433314:241154441:c4e2c6a43ada510390f994b35d720f55,8104,merchantListing.winnerVariant.quantity,reported,2026-09-08T10:48:59.345Z,10,1,1,reported_total,"[{""merchant_id"":""433314"",""name"":""BE ACTİVE"",""score"":8.9,""price"":550,""variant_id"":""241154441"",""listing_id"":""c4e2c6a43ada510390f994b35d720f55"",""stock_quantity"":8104}]","[{""variant_id"":""241154441"",""label"":null,""in_stock"":true,""stock_quantity"":8104,""selected"":true}]",7292,,,,,observation_gap,,inventory_net_decrease,2026-09-08,2026-09-08T13:30:55+03:00,otomobil motosiklet,BEST_SELLER,arac-ici-aksesuar,araç içi aksesuar,277,8,297,297,,otomobil-motosiklet:arac-ici-aksesuar,277,-39,17.7,12.3,142521054,433314,142521054:433314,BE ACTİVE Araba Koltuk Koruma Örtüsü Kılıfı Oto Araç Içi Su Geçirmez Şilte Kedi Köpek Minderi Yatağı,BE ACTİVE,Oto Koltuk Minderi ve Yastığı,https://www.trendyol.com/be-active/araba-koltuk-koruma-ortusu-kilifi-oto-arac-ici-su-gecirmez-silte-kedi-kopek-minderi-yatagi-p-142521054?boutiqueId=61&merchantId=433314,BE ACTİVE,8.9,550,,,18.1,TRY,"[""50 TL Kupon"",""Kargo Bedava"",""Trendyol Plus'a Özel""]",InStock,,,,,,4.023809523809524,336,163,0,,,,,4999,TRY,0,1,1,3,Tahmini Teslim:,,https://cdn.dsmcdn.com/ty1802/prod/QC_ENRICHMENT/20251216/17/17ebb67b-1d47-3518-8d6e-b18ac59cd721/1_org_zoom.jpg,"{""Araç Marka ve Model"":""Bmw E30"",""Materyal"":""Polyester"",""Diğer Özellikler"":""silinebilir"",""Menşei"":""TR"",""Yıkama Talimatı"":""T100""}",20,5,refreshed,"[""daily_top""]",true,2026-09-08T10:48:59.345Z,0,"[""search_result_dom"",""product_detail_jsonld"",""product_detail_dom""]","{""variant_id"":""observed"",""variant_label"":""unavailable"",""listing_id"":""observed"",""inventory_key"":""observed"",""stock_quantity"":""observed"",""stock_quantity_source"":""observed"",""stock_quantity_kind"":""observed"",""stock_observed_at"":""observed"",""max_sale_limit"":""observed"",""seller_count"":""observed"",""seller_count_observed"":""observed"",""seller_count_kind"":""observed"",""sellers"":""observed"",""variants"":""observed"",""favorite_count"":""observed"",""inventory_decrease"":""unavailable"",""sales_estimate_daily"":""unavailable"",""sales_estimate_weekly"":""unavailable"",""sales_estimate_monthly"":""unavailable"",""sales_estimate_status"":""unavailable"",""sales_estimate_hours"":""unavailable"",""sales_estimate_source"":""unavailable"",""title"":""observed"",""brand"":""observed"",""seller_name"":""observed"",""seller_score"":""observed"",""price"":""observed"",""original_price"":""unavailable"",""campaigns"":""observed"",""stock_status"":""observed"",""stock_signal"":""unavailable"",""rating"":""observed"",""rating_count"":""observed"",""review_count"":""observed"",""question_count"":""unavailable"",""delivery_summary"":""observed"",""shipping_cost"":""observed"",""properties"":""observed""}",true,
1035695523,,153260c9f11ab5f3e76962f85f4e27df,781539253:508301:1035695523:153260c9f11ab5f3e76962f85f4e27df,439,merchantListing.winnerVariant.quantity,reported,2026-09-08T10:49:05.344Z,10,2,2,reported_total,"[{""merchant_id"":""508301"",""name"":""Otosüslen"",""score"":8.8,""price"":145.99,""variant_id"":""1035695523"",""listing_id"":""153260c9f11ab5f3e76962f85f4e27df"",""stock_quantity"":439},{""merchant_id"":""449633"",""name"":""MKEY TEKNOLOJİ"",""score"":9,""price"":189.99,""variant_id"":""1035695523"",""listing_id"":""00f0f085d6d94e4200ad10ae21522c2c"",""stock_quantity"":18}]","[{""variant_id"":""1035695523"",""label"":null,""in_stock"":true,""stock_quantity"":439,""selected"":true}]",27972,,,,,missing_baseline,,inventory_net_decrease,2026-09-08,2026-09-08T13:30:55+03:00,otomobil motosiklet,BEST_SELLER,arac-ici-aksesuar,araç içi aksesuar,278,8,298,298,,otomobil-motosiklet:arac-ici-aksesuar,278,,45.3,7,781539253,508301,781539253:508301,batcell Oto Araç Içi Bardak Tutucu Çok Fonksiyonlu Içecek Tutacağı/bardaklık Car Cup Holder 1 adet,batcell,Oto Bardaklık,https://www.trendyol.com/batcell/oto-arac-ici-bardak-tutucu-cok-fonksiyonlu-icecek-tutacagi-bardaklik-car-cup-holder-1-adet-p-781539253?boutiqueId=61&merchantId=508301,Otosüslen,8.8,145.99,187.99,22.3,,TRY,"[""Son 10 Günün En Düşük Fiyatı"",""Süper Fırsat Ürünü"",""Kargo Bedava"",""Trendyol Plus'a Özel""]",InStock,,,,,,4.337334175615919,1583,753,,,,,,4999,TRY,0,,1,3,Tahmini Teslim:,En Çok Favorilenen 2. Ürün,https://cdn.dsmcdn.com/ty1051/product/media/images/prod/SPM/PIM/20231118/03/f347d39a-6c2d-3506-b1a7-1fa6b0382970/1_org_zoom.jpg,"{""Menşei"":""CN"",""Renk"":""Siyah""}",20,5,refreshed,"[""daily_top""]",true,2026-09-08T10:49:05.344Z,0,"[""search_result_dom"",""product_detail_jsonld"",""product_detail_dom""]","{""variant_id"":""observed"",""variant_label"":""unavailable"",""listing_id"":""observed"",""inventory_key"":""observed"",""stock_quantity"":""observed"",""stock_quantity_source"":""observed"",""stock_quantity_kind"":""observed"",""stock_observed_at"":""observed"",""max_sale_limit"":""observed"",""seller_count"":""observed"",""seller_count_observed"":""observed"",""seller_count_kind"":""observed"",""sellers"":""observed"",""variants"":""observed"",""favorite_count"":""observed"",""inventory_decrease"":""unavailable"",""sales_estimate_daily"":""unavailable"",""sales_estimate_weekly"":""unavailable"",""sales_estimate_monthly"":""unavailable"",""sales_estimate_status"":""unavailable"",""sales_estimate_hours"":""unavailable"",""sales_estimate_source"":""unavailable"",""title"":""observed"",""brand"":""observed"",""seller_name"":""observed"",""seller_score"":""observed"",""price"":""observed"",""original_price"":""observed"",""campaigns"":""observed"",""stock_status"":""observed"",""stock_signal"":""unavailable"",""rating"":""observed"",""rating_count"":""observed"",""review_count"":""observed"",""question_count"":""unavailable"",""delivery_summary"":""observed"",""shipping_cost"":""observed"",""properties"":""observed""}",true,
1069509788,,96dbd2cea4abd2a5e5f1f33410799c9a,804051083:620946:1069509788:96dbd2cea4abd2a5e5f1f33410799c9a,827,merchantListing.winnerVariant.quantity,reported,2026-09-08T10:49:05.160Z,10,1,1,reported_total,"[{""merchant_id"":""620946"",""name"":""Banxtre"",""score"":8.9,""price"":99.9,""variant_id"":""1069509788"",""listing_id"":""96dbd2cea4abd2a5e5f1f33410799c9a"",""stock_quantity"":827}]","[{""variant_id"":""1069509788"",""label"":null,""in_stock"":true,""stock_quantity"":827,""selected"":true}]",13555,,,,,observation_gap,,inventory_net_decrease,2026-09-08,2026-09-08T13:30:55+03:00,otomobil motosiklet,BEST_SELLER,arac-ici-aksesuar,araç içi aksesuar,279,8,299,299,,otomobil-motosiklet:arac-ici-aksesuar,279,-80,18,12,804051083,620946,804051083:620946,Banxtre Motor için Dekoratif Sticker Hard Core Rider Beyaz (1 Adet),Banxtre,Arma Sticker & Fosfor Şerit,https://www.trendyol.com/banxtre/motor-icin-dekoratif-sticker-hard-core-rider-beyaz-1-adet-p-804051083?boutiqueId=61&merchantId=620946,Banxtre,8.9,99.9,,,0,TRY,"[""Kargo Bedava""]",InStock,,,,,,4.109289617486339,366,178,0,,,,,4999,TRY,0,1,1,3,Tahmini Teslim:,,https://cdn.dsmcdn.com/ty1624/prod/QC/20250117/15/82e9cec9-dae4-3912-82b9-7eabc3fecb2f/1_org_zoom.jpg,"{""Renk"":""Beyaz"",""Menşei"":""TR"",""Özellik"":""Gece""}",20,5,refreshed,"[""daily_top""]",true,2026-09-08T10:49:05.160Z,0,"[""search_result_dom"",""product_detail_jsonld"",""product_detail_dom""]","{""variant_id"":""observed"",""variant_label"":""unavailable"",""listing_id"":""observed"",""inventory_key"":""observed"",""stock_quantity"":""observed"",""stock_quantity_source"":""observed"",""stock_quantity_kind"":""observed"",""stock_observed_at"":""observed"",""max_sale_limit"":""observed"",""seller_count"":""observed"",""seller_count_observed"":""observed"",""seller_count_kind"":""observed"",""sellers"":""observed"",""variants"":""observed"",""favorite_count"":""observed"",""inventory_decrease"":""unavailable"",""sales_estimate_daily"":""unavailable"",""sales_estimate_weekly"":""unavailable"",""sales_estimate_monthly"":""unavailable"",""sales_estimate_status"":""unavailable"",""sales_estimate_hours"":""unavailable"",""sales_estimate_source"":""unavailable"",""title"":""observed"",""brand"":""observed"",""seller_name"":""observed"",""seller_score"":""observed"",""price"":""observed"",""original_price"":""unavailable"",""campaigns"":""observed"",""stock_status"":""observed"",""stock_signal"":""unavailable"",""rating"":""observed"",""rating_count"":""observed"",""review_count"":""observed"",""question_count"":""unavailable"",""delivery_summary"":""observed"",""shipping_cost"":""observed"",""properties"":""observed""}",true,
1470329501,,17ef4455b48b752fc9b57c8758e3720e,1063247211:620946:1470329501:17ef4455b48b752fc9b57c8758e3720e,1188,merchantListing.winnerVariant.quantity,reported,2026-09-08T10:49:08.187Z,10,1,1,reported_total,"[{""merchant_id"":""620946"",""name"":""Banxtre"",""score"":8.9,""price"":49.9,""variant_id"":""1470329501"",""listing_id"":""17ef4455b48b752fc9b57c8758e3720e"",""stock_quantity"":1188}]","[{""variant_id"":""1470329501"",""label"":null,""in_stock"":true,""stock_quantity"":1188,""selected"":true}]",1176,,,,,observation_gap,,inventory_net_decrease,2026-09-08,2026-09-08T13:30:55+03:00,otomobil motosiklet,BEST_SELLER,arac-ici-aksesuar,araç içi aksesuar,280,8,300,300,,otomobil-motosiklet:arac-ici-aksesuar,280,-111,7.6,22.4,1063247211,620946,1063247211:620946,Banxtre Motosiklet Kedigözü Reflektör Beyaz için DONT STOP Sticker Etiket,Banxtre,Arma Sticker & Fosfor Şerit,https://www.trendyol.com/banxtre/motosiklet-kedigozu-reflektor-beyaz-icin-dont-stop-sticker-etiket-p-1063247211?boutiqueId=61&merchantId=620946,Banxtre,8.9,49.9,,,0,TRY,"[""Kargo Bedava""]",InStock,,,,,,4.277777777777778,18,8,0,,,,,4999,TRY,0,1,1,3,Tahmini Teslim:,,https://cdn.dsmcdn.com/ty1799/prod/QC_PREP/20251208/21/3532921b-4efc-3b51-a4ea-edeea87882e6/1_org_zoom.jpg,"{""Renk"":""Beyaz"",""Menşei"":""TR"",""Özellik"":""Katı""}",8,3.75,refreshed,"[""daily_top""]",true,2026-09-08T10:49:08.188Z,0,"[""search_result_dom"",""product_detail_jsonld"",""product_detail_dom""]","{""variant_id"":""observed"",""variant_label"":""unavailable"",""listing_id"":""observed"",""inventory_key"":""observed"",""stock_quantity"":""observed"",""stock_quantity_source"":""observed"",""stock_quantity_kind"":""observed"",""stock_observed_at"":""observed"",""max_sale_limit"":""observed"",""seller_count"":""observed"",""seller_count_observed"":""observed"",""seller_count_kind"":""observed"",""sellers"":""observed"",""variants"":""observed"",""favorite_count"":""observed"",""inventory_decrease"":""unavailable"",""sales_estimate_daily"":""unavailable"",""sales_estimate_weekly"":""unavailable"",""sales_estimate_monthly"":""unavailable"",""sales_estimate_status"":""unavailable"",""sales_estimate_hours"":""unavailable"",""sales_estimate_source"":""unavailable"",""title"":""observed"",""brand"":""observed"",""seller_name"":""observed"",""seller_score"":""observed"",""price"":""observed"",""original_price"":""unavailable"",""campaigns"":""observed"",""stock_status"":""observed"",""stock_signal"":""unavailable"",""rating"":""observed"",""rating_count"":""observed"",""review_count"":""observed"",""question_count"":""unavailable"",""delivery_summary"":""observed"",""shipping_cost"":""observed"",""properties"":""observed""}",true,
