rank_scope,rank_scope_position,bestseller_rank,rank_delta,trend_score,niche_score,product_id,merchant_id,offer_key,title,brand,seller_name,price,original_price,price_delta_percent,stock_status,sales_signal,sales_signal_days,sales_signal_min,sales_signal_daily_min,rating,review_count,review_delta,question_count,campaigns,delivery_summary,detail_status,detail_age_days,url
kozmetik:kozmetik-vitrini,145,145,35,101.4,10.4,449034123,1084029,449034123:1084029,eliamora Cilt Beyazlatıcı Cilt Tonu Eşitleyici Leke Kremi Ton 30+Spf,eliamora,Eczamed,185,499,0,InStock,Son 3 günde 250+ ürün satıldı!,3,250,83.3,3.950585175552666,19502,,,"[""Süper Fırsat Ürünü"",""Kargo Bedava""]",Tahmini Teslim:,refreshed,0,https://www.trendyol.com/eliamora/cilt-beyazlatici-cilt-tonu-esitleyici-leke-kremi-ton-30-spf-p-449034123?boutiqueId=61&merchantId=1084029
kozmetik:kozmetik-vitrini,121,121,12,83,36.3,1042376568,170399,1042376568:170399,Bath & Body Works In The Stars Seyahat Boy Vücut Spreyi 75 ml,Bath & Body Works,BATH & BODY WORKS,379,949,0,InStock,Son 3 günde 500+ ürün satıldı!,3,500,166.7,4.323943661971831,65,1,,"[""Kargo Bedava"",""Son 10 Günün En Düşük Fiyatı"",""Son 10 günün en düşük fiyatı""]",Tahmini Teslim:,refreshed,0,https://www.trendyol.com/bath-body-works/in-the-stars-seyahat-boy-vucut-spreyi-75-ml-p-1042376568?boutiqueId=61&merchantId=170399
kozmetik:kozmetik-vitrini,66,66,-25,77.2,6.5,920166375,820695,920166375:820695,"wimi Yüz Ve Boyun Kırşıklık Giderici 3 Modlu Ems Güzellik Cihazı ( Gıdık, Sarkma, Kırışıklık )",wimi,Vimi,454,980,0,InStock,,,,,4.157985117344018,856,,,"[""Kargo Bedava""]",Tahmini Teslim:,refreshed,0,https://www.trendyol.com/wimi/yuz-ve-boyun-kirsiklik-giderici-3-modlu-ems-guzellik-cihazi-gidik-sarkma-kirisiklik-p-920166375?boutiqueId=61&merchantId=820695
kozmetik:kozmetik-vitrini,241,241,,64.2,18.5,1115494332,111163,1115494332:111163,Bio Asia Profesyonel Ayak Topuk Törpüsü – Sertleşmiş Deriyi Arındıran Çift Yüzeyli Ahşap Törpü,Bio Asia,Bio Asia,74.9,158.3,,InStock,,,,,4.686274509803922,26,,,"[""Süper Fırsat Ürünü"",""Kargo Bedava""]",Tahmini Teslim:,refreshed,0,https://www.trendyol.com/bio-asia/profesyonel-ayak-topuk-torpusu-sertlesmis-deriyi-arindiran-cift-yuzeyli-ahsap-torpu-p-1115494332?boutiqueId=61&merchantId=111163
kozmetik:kozmetik-vitrini,1,1,1,178.9,74.5,93595097,138065,93595097:138065,Bargello 384 Kadın 50 ml Parfüm Edp Floral,Bargello,Bargello,370,600,0,InStock,Son 3 günde 2B+ ürün satıldı!,3,2000,666.7,4.480886954155897,11974,398,,"[""Kargo Bedava"",""Son 10 Günün En Düşük Fiyatı"",""Son 10 günün en düşük fiyatı""]",Tahmini Teslim:,refreshed,0,https://www.trendyol.com/bargello/384-kadin-50-ml-parfum-edp-floral-p-93595097?boutiqueId=61&merchantId=138065
kozmetik:kozmetik-vitrini,111,111,1,78.2,48.4,372726376,301311,372726376:301311,Bargello 709 Oriental Erkek Parfüm 50 ml Edp,Bargello,Bargello Parfüm Center,370,600,0,InStock,Son 3 günde 1B+ ürün satıldı!,3,1000,333.3,4.500583430571763,799,19,,"[""Kargo Bedava"",""Son 10 Günün En Düşük Fiyatı"",""Son 10 günün en düşük fiyatı""]",Tahmini Teslim:,refreshed,0,https://www.trendyol.com/bargello/709-oriental-erkek-parfum-50-ml-edp-p-372726376?boutiqueId=61&merchantId=301311
kozmetik:kozmetik-vitrini,255,255,-71,96.4,51.9,41194137,138065,41194137:138065,Bargello 709 Erkek Parfüm Edp Orıental 50 ml,Bargello,Bargello,370,600,,InStock,Son 3 günde 2B+ ürün satıldı!,3,2000,666.7,4.53921856639248,3237,57,1429,"[""Kargo Bedava"",""Son 10 Günün En Düşük Fiyatı"",""Son 10 günün en düşük fiyatı""]",Tahmini Teslim:,refreshed,0,https://www.trendyol.com/bargello/709-erkek-parfum-edp-oriental-50-ml-p-41194137?boutiqueId=61&merchantId=138065
kozmetik:kozmetik-vitrini,26,26,8,88.4,31.6,1039610423,556702,1039610423:556702,Cream Co. Likit Bronzer Glow Sculpt Horizon | Kontür Nötr Açık Kahve | Yüz Şekillendirici Nemlendirici Makyaj,Cream Co.,Cream Co.,199.9,309.9,0,InStock,Son 3 günde 250+ ürün satıldı!,3,250,83.3,4.244234800838575,393,,,"[""Süper Fırsat Ürünü"",""Kargo Bedava""]",Tahmini Teslim:,refreshed,0,https://www.trendyol.com/cream-co/likit-bronzer-glow-sculpt-horizon-kontur-notr-acik-kahve-yuz-sekillendirici-nemlendirici-makyaj-p-1039610423?boutiqueId=61&merchantId=556702
kozmetik:kozmetik-vitrini,6,6,3,127.2,42.2,860418402,775953,860418402:775953,Bambus Home Kadın Makyaj Çantası Iki Geniş Bölmeli Askılı Katlanabilir Bakım Seyahat Organizer,Bambus Home,Bambuss,195.15,299.9,0,InStock,Son 3 günde 250+ ürün satıldı!,3,250,83.3,4.420035149384886,331,,,"[""Son 10 Günün En Düşük Fiyatı"",""Kargo Bedava"",""Son 10 günün en düşük fiyatı""]",Tahmini Teslim:,refreshed,0,https://www.trendyol.com/bambus-home/kadin-makyaj-cantasi-iki-genis-bolmeli-askili-katlanabilir-bakim-seyahat-organizer-p-860418402?boutiqueId=61&merchantId=775953
kozmetik:kozmetik-vitrini,258,258,,44.5,17.5,957624417,968283,957624417:968283,h.OLA Karma Baking Powder Sponge | Pembe Pudra Süngeri,h.OLA,HOLA TÜRKİYE,169.9,249.9,,InStock,,,,,4.417582417582418,35,,5,"[""Kargo Bedava""]",Tahmini Teslim:,refreshed,0,https://www.trendyol.com/h-ola/karma-baking-powder-sponge-pembe-pudra-sungeri-p-957624417?boutiqueId=61&merchantId=968283
kozmetik:kozmetik-vitrini,187,187,-11,63.3,10.4,442953234,4473,442953234:4473,Flormar Yoğun Pigmentli Likit Allık (GÜL KURUSU) - Mood Booster Lbl. - 003 Thats Rosewood - 8682536043724,Flormar,Flormar,249,342.99,0,InStock,Son 3 günde 250+ ürün satıldı!,3,250,83.3,4.526011927420378,9274,168,,"[""Son 10 Günün En Düşük Fiyatı"",""Süper Fırsat Ürünü"",""Kargo Bedava"",""Trendyol Plus'a Özel""]",Tahmini Teslim:,refreshed,0,https://www.trendyol.com/flormar/yogun-pigmentli-likit-allik-gul-kurusu-mood-booster-lbl-003-thats-rosewood-8682536043724-p-442953234?boutiqueId=61&merchantId=4473
kozmetik:kozmetik-vitrini,213,213,-69,60.2,11.2,5297992,1115102,5297992:1115102,Golden Rose Long Lasting Lip Pencil - 203 - Dudak Kalemi,Golden Rose,Osv Store,72.5,99,0,InStock,Son 3 günde 250+ ürün satıldı!,3,250,83.3,4.662365883471411,4466,,,"[""Son 10 Günün En Düşük Fiyatı"",""Süper Fırsat Ürünü"",""Kargo Bedava"",""Son 10 günün en düşük fiyatı""]",Tahmini Teslim:,refreshed,0,https://www.trendyol.com/golden-rose/long-lasting-lip-pencil-203-dudak-kalemi-p-5297992?boutiqueId=61&merchantId=1115102
kozmetik:kozmetik-vitrini,141,141,21,38.5,31,1175109096,365501,1175109096:365501,La Roche Posay Effaclar Supramolecular Karma ve Yağlı Ciltler İçin Gözenek Karşıtı Yüz Temizleme Jeli 400 ml,La Roche Posay,La Roche Posay,999,1329.9,0,InStock,Son 3 günde 250+ ürün satıldı!,3,250,83.3,4.608695652173913,14,3,,"[""Kargo Bedava"",""Süper Fırsat Ürünü""]",Tahmini Teslim:,refreshed,0,https://www.trendyol.com/la-roche-posay/effaclar-supramolecular-karma-ve-yagli-ciltler-icin-gozenek-karsiti-yuz-temizleme-jeli-400-ml-p-1175109096?boutiqueId=61&merchantId=365501
kozmetik:kozmetik-vitrini,37,37,8,63.7,32.5,940580468,556702,940580468:556702,Cream Co. İkili Moisturizer Canlandırıcı Cilt Tonu Eşitleyici Aydınlatıcı Su Bazlı Nemlendirici Yüz Kremi Seti,Cream Co.,Cream Co.,499.9,662.47,5.3,InStock,Son 3 günde 500+ ürün satıldı!,3,500,166.7,4.6842619745845555,1281,124,,"[""Kargo Bedava"",""Süper Fırsat Ürünü"",""Trendyol Plus'a Özel""]",Tahmini Teslim:,refreshed,0,https://www.trendyol.com/cream-co/ikili-moisturizer-canlandirici-cilt-tonu-esitleyici-aydinlatici-su-bazli-nemlendirici-yuz-kremi-seti-p-940580468?boutiqueId=61&merchantId=556702
kozmetik:kozmetik-vitrini,57,57,-11,34.3,19.3,1175767972,871483,1175767972:871483,HİROS'H Profesyonel Topuz Fırçası Renkli Stick Wax ve Metal Uçlu Krepe Tarak Seti 3'lü Set,HİROS'H Profesyonel,HİROSH,198.5,259.9,0,InStock,,,,,3.9166666666666665,21,,,"[""Kargo Bedava""]",Tahmini Teslim:,refreshed,0,https://www.trendyol.com/hiros-h/profesyonel-topuz-fircasi-renkli-stick-wax-ve-metal-uclu-krepe-tarak-seti-3-lu-set-p-1175767972?boutiqueId=61&merchantId=871483
kozmetik:kozmetik-vitrini,7,7,-6,100.9,54.3,1184421386,365501,1184421386:365501,La Roche Posay Effaclar Supramolecular Karma ve Yağlı Ciltler İçin Yağ İçermeyen Gözenek Karşıtı Nemlendirici 40 ml,La Roche Posay,La Roche Posay,999,1299.9,0,InStock,Son 3 günde 250+ ürün satıldı!,3,250,83.3,4.866666666666666,8,4,,"[""Kargo Bedava"",""Süper Fırsat Ürünü""]",Tahmini Teslim:,refreshed,0,https://www.trendyol.com/la-roche-posay/effaclar-supramolecular-karma-ve-yagli-ciltler-icin-yag-icermeyen-gozenek-karsiti-nemlendirici-40-ml-p-1184421386?boutiqueId=61&merchantId=365501
kozmetik:kozmetik-vitrini,198,198,-34,51.5,15.8,1133750226,1264974,1133750226:1264974,AVEONIX Shine Veil Parlak Ruj 01 Nemlendirici Pürüzsüz Dolgun Dudak Etkili Lipstick,AVEONIX,Duru Kozmetik ve Sağlıklı Yaşam,269.74,349,-22.7,InStock,Son 3 günde 250+ ürün satıldı!,3,250,83.3,4.375783888084901,1196,,,"[""Son 10 Günün En Düşük Fiyatı"",""Süper Fırsat Ürünü"",""Kargo Bedava"",""Son 10 günün en düşük fiyatı""]",Tahmini Teslim:,refreshed,0,https://www.trendyol.com/aveonix/shine-veil-parlak-ruj-01-nemlendirici-puruzsuz-dolgun-dudak-etkili-lipstick-p-1133750226?boutiqueId=61&merchantId=1264974
kozmetik:kozmetik-vitrini,56,56,,39.5,12.6,1081709360,107819,1081709360:107819,L'Oreal Paris Panorama Chromatic Maskara Brun Leather,L'Oreal Paris Panorama,L'Oreal,789,1012.46,,InStock,,,,,4.471311475409836,148,,,"[""197 TL Kupon"",""Kargo Bedava"",""Son 10 Günün En Düşük Fiyatı"",""Süper Fırsat Ürünü"",""Son 10 günün en düşük fiyatı""]",Tahmini Teslim:,refreshed,0,https://www.trendyol.com/l-oreal-paris/panorama-chromatic-maskara-brun-leather-p-1081709360?boutiqueId=61&merchantId=107819
kozmetik:kozmetik-vitrini,153,153,-46,45.6,5.2,674567900,105008,674567900:105008,Bioderma Sebium Kerato+ Salisilik Asit İçeren Sivilce Akne Lekesi Siyah Nokta Karşıtı Nemlendirici Krem 30ml,Bioderma,Recete,950,1199,5.7,InStock,,,,,4.341633901266928,1242,29,,"[""Kargo Bedava"",""Son 10 Günün En Düşük Fiyatı"",""Son 10 günün en düşük fiyatı""]",Tahmini Teslim:,refreshed,0,https://www.trendyol.com/bioderma/sebium-kerato-salisilik-asit-iceren-sivilce-akne-lekesi-siyah-nokta-karsiti-nemlendirici-krem-30ml-p-674567900?boutiqueId=61&merchantId=105008
kozmetik:kozmetik-vitrini,247,247,,35.4,15.4,861969628,635253,861969628:635253,Celimax Pore+Dark Spot Brightening Cream,Celimax,Vionine,1149,1449.87,,InStock,,,,,4.521428571428571,66,,,"[""Kargo Bedava"",""Son 10 Günün En Düşük Fiyatı"",""Son 10 günün en düşük fiyatı""]",Tahmini Teslim:,refreshed,0,https://www.trendyol.com/celimax/pore-dark-spot-brightening-cream-p-861969628?boutiqueId=61&merchantId=635253
kozmetik:kozmetik-vitrini,88,88,17,56.2,10.4,1264767,4473,1264767:4473,Flormar Antioksidan İçeren Aydınlatıcı Makyaj Bazı - Illuminating Primer Make-Up Base - 001 - 8690604164660,Flormar,Flormar,399.99,495,5.3,InStock,Son 3 günde 250+ ürün satıldı!,3,250,83.3,4.39780268072951,12771,347,,"[""Kargo Bedava"",""Süper Fırsat Ürünü"",""Trendyol Plus'a Özel""]",Tahmini Teslim:,refreshed,0,https://www.trendyol.com/flormar/antioksidan-iceren-aydinlatici-makyaj-bazi-illuminating-primer-make-up-base-001-8690604164660-p-1264767?boutiqueId=61&merchantId=4473
kozmetik:kozmetik-vitrini,119,119,20,56,21.8,369709924,111600,369709924:111600,COSMED Koltukaltı Leke Karşıtı - Ter Kokusu Önleyici Deodorant/Alight DEODORANT DRY SERUM 50ML,COSMED,Cosmed Cosmeceuticals,324.9,399,0,InStock,Son 3 günde 500+ ürün satıldı!,3,500,166.7,4.31161718074373,4290,12,,"[""Son 10 Günün En Düşük Fiyatı"",""Süper Fırsat Ürünü"",""Kargo Bedava"",""Son 10 günün en düşük fiyatı""]",Tahmini Teslim:,refreshed,0,https://www.trendyol.com/cosmed/koltukalti-leke-karsiti-ter-kokusu-onleyici-deodorant-alight-deodorant-dry-serum-50ml-p-369709924?boutiqueId=61&merchantId=111600
kozmetik:kozmetik-vitrini,228,228,-79,47.9,0.6,825535454,571412,825535454:571412,"NIVEA Q10 7 Günde Sıkılaştırıcı Vücut Bakım Losyonu 250ml, C Vitamini, Nemlendirici, Kolajen, X2 Adet",NIVEA,NIVEA,285.24,349.9,0,InStock,,,,,4.608181919518448,4668,19,,"[""Son 10 Günün En Düşük Fiyatı"",""Süper Fırsat Ürünü"",""Kargo Bedava"",""Son 10 günün en düşük fiyatı""]",Tahmini Teslim:,refreshed,0,https://www.trendyol.com/nivea/q10-7-gunde-sikilastirici-vucut-bakim-losyonu-250ml-c-vitamini-nemlendirici-kolajen-x2-adet-p-825535454?boutiqueId=61&merchantId=571412
kozmetik:kozmetik-vitrini,101,101,,39.9,7.9,87809643,334474,87809643:334474,Bargello 709 Edp 50 ml Erkek Parfüm (2 ADET) Oriental,Bargello,Bargello Perfume Pendik Şubesi,740,900,,InStock,,,,,4.639938319198149,585,,,"[""Kargo Bedava"",""Son 10 Günün En Düşük Fiyatı"",""Son 10 günün en düşük fiyatı""]",Tahmini Teslim:,refreshed,0,https://www.trendyol.com/bargello/709-edp-50-ml-erkek-parfum-2-adet-oriental-p-87809643?boutiqueId=61&merchantId=334474
kozmetik:kozmetik-vitrini,189,189,-60,47.7,14.7,844932737,109162,844932737:109162,Maru.Derm Vücut Kremi | %10 Urea (ÜRE) Yoğun Nemlendirici Vücut Kremi 400 ml,Maru.Derm,MARUDERM,286.8,349,0,InStock,Son 3 günde 250+ ürün satıldı!,3,250,83.3,4.44850018070112,1633,256,,"[""Son 10 Günün En Düşük Fiyatı"",""Süper Fırsat Ürünü"",""Kargo Bedava"",""Son 10 günün en düşük fiyatı""]",Tahmini Teslim:,refreshed,0,https://www.trendyol.com/maru-derm/vucut-kremi-10-urea-ure-yogun-nemlendirici-vucut-kremi-400-ml-p-844932737?boutiqueId=61&merchantId=109162
kozmetik:kozmetik-vitrini,47,47,13,36.6,12.4,967023271,968283,967023271:968283,h.OLA Likit Allık | LIQUID BLUSHER ROSE BROWN | Kalıcı Yüksek Pigmentli | Rose Brown,h.OLA Likit,HOLA TÜRKİYE,329.9,399.9,0,InStock,,,,,4.287128712871287,242,,,"[""Kargo Bedava""]",Tahmini Teslim:,refreshed,0,https://www.trendyol.com/h-ola/likit-allik-liquid-blusher-rose-brown-kalici-yuksek-pigmentli-rose-brown-p-967023271?boutiqueId=61&merchantId=968283
kozmetik:kozmetik-vitrini,246,246,-189,38.1,9.2,816394568,111789,816394568:111789,Balmy 3'lü XXLarge Banyo Lifi Seti,Balmy,BALMY,227.5,275,0,InStock,,,,,4.573569482288828,399,0,,"[""Son 10 Günün En Düşük Fiyatı"",""Süper Fırsat Ürünü"",""Kargo Bedava"",""Son 10 günün en düşük fiyatı""]",Tahmini Teslim:,refreshed,0,https://www.trendyol.com/balmy/3-lu-xxlarge-banyo-lifi-seti-p-816394568?boutiqueId=61&merchantId=111789
kozmetik:kozmetik-vitrini,201,201,-24,43.6,16.9,885896576,556702,885896576:556702,Cream Co. Leke Karşıtı Nemlendirici Yüz Temizleme Jeli Niacinamide Hyalüronik Asit | 400 ML | Tüm Cilt Tipleri,Cream Co.,Cream Co.,419.9,499.9,5.3,InStock,Son 3 günde 250+ ürün satıldı!,3,250,83.3,4.307873090481786,861,18,,"[""Kargo Bedava"",""Süper Fırsat Ürünü"",""Trendyol Plus'a Özel""]",Tahmini Teslim:,refreshed,0,https://www.trendyol.com/cream-co/leke-karsiti-nemlendirici-yuz-temizleme-jeli-niacinamide-hyaluronik-asit-400-ml-tum-cilt-tipleri-p-885896576?boutiqueId=61&merchantId=556702
kozmetik:kozmetik-vitrini,58,58,28,23.4,19.6,1125560025,1168742,1125560025:1168742,Mas'dala EGAR Doğal Görünümlü 10’lu Takma Kirpik Seti 3D Dolgun ve Yumuşak İpek Etkili Bakışlar,Mas'dala EGAR,Masdala EGAR,255.77,293.92,30.5,InStock,,,,,4.027027027027027,19,3,,"[""Son 10 Günün En Düşük Fiyatı"",""Kargo Bedava"",""Trendyol Plus'a Özel""]",Tahmini Teslim:,refreshed,0,https://www.trendyol.com/mas-dala-egar/dogal-gorunumlu-10-lu-takma-kirpik-seti-3d-dolgun-ve-yumusak-ipek-etkili-bakislar-p-1125560025?boutiqueId=61&merchantId=1168742
kozmetik:kozmetik-vitrini,287,287,-169,41.6,16,3748254,957496,3748254:957496,CeraVe Hyalüronik Asit & Seramid İçerikli Normal ve Kuru Ciltler İçin Nemlendirici Yüz&Vücut Losyonu 236 ml,CeraVe,CeraVe,839.9,964.9,0,InStock,3 günde 250+ ürün satıldı!,3,250,83.3,4.502714932126697,1122,80,980,"[""Kargo Bedava"",""Son 10 Günün En Düşük Fiyatı"",""Son 10 günün en düşük fiyatı""]",Tahmini Teslim:,refreshed,0,https://www.trendyol.com/cerave/hyaluronik-asit-seramid-icerikli-normal-ve-kuru-ciltler-icin-nemlendirici-yuz-vucut-losyonu-236-ml-p-3748254?boutiqueId=61&merchantId=957496
kozmetik:kozmetik-vitrini,30,30,69,56.5,15.1,760402945,120843,760402945:120843,Golden Rose Emily Dudak Kalemi 3'lü Set No:203-217-226,Golden Rose,ONUR MARKET,172.35,195,-11.6,InStock,,,,,4.640685224839401,1301,80,,"[""Son 10 Günün En Düşük Fiyatı"",""Kargo Bedava"",""Son 10 günün en düşük fiyatı""]",Tahmini Teslim:,refreshed,0,https://www.trendyol.com/golden-rose/emily-dudak-kalemi-3-lu-set-no-203-217-226-p-760402945?boutiqueId=61&merchantId=120843
kozmetik:kozmetik-vitrini,217,217,-20,37.3,3.2,202718,553906,202718:553906,"Osis Thrill Elastik Lifli Gum Şekillendirici Orta Tutuş 100ml | Parlaklık Veren Gum Wax, Saç Sakızı",Osis,BOL KAZAN,671,750,-5.9,InStock,,,,,4.461169944528492,2234,20,,"[""Kargo Bedava"",""Son 10 Günün En Düşük Fiyatı"",""Son 10 günün en düşük fiyatı""]",Tahmini Teslim:,refreshed,0,https://www.trendyol.com/osis/thrill-elastik-lifli-gum-sekillendirici-orta-tutus-100ml-parlaklik-veren-gum-wax-sac-sakizi-p-202718?boutiqueId=61&merchantId=553906
kozmetik:kozmetik-vitrini,214,214,-130,42.3,12.4,840702945,143746,840702945:143746,ORNATE Karınca Yumurtası Bakım Yağı 20 ml Vegan Formic Asit Aloe Vera Kuru Ve Hassas Ciltler,ORNATE,Ornate,88.89,98.89,-10.1,InStock,Son 3 günde 250+ ürün satıldı!,3,250,83.3,4.255351681957187,3182,58,,"[""Son 10 Günün En Düşük Fiyatı"",""Kargo Bedava"",""Son 10 günün en düşük fiyatı""]",Tahmini Teslim:,refreshed,0,https://www.trendyol.com/ornate/karinca-yumurtasi-bakim-yagi-20-ml-vegan-formic-asit-aloe-vera-kuru-ve-hassas-ciltler-p-840702945?boutiqueId=61&merchantId=143746
kozmetik:kozmetik-vitrini,92,92,,44.1,10.5,220058044,139435,220058044:139435,TDRS Dark Royal Ozonik Özel Seri Uzun Süre Kalıcı 100 ML EDP Erkek Parfüm,TDRS,Tudors,593.31,659.41,,InStock,Son 3 günde 250+ ürün satıldı!,3,250,83.3,4.305027932960894,5473,,,"[""Kargo Bedava"",""Son 10 Günün En Düşük Fiyatı"",""Trendyol Plus'a Özel""]",Tahmini Teslim:,refreshed,0,https://www.trendyol.com/tdrs/dark-royal-ozonik-ozel-seri-uzun-sure-kalici-100-ml-edp-erkek-parfum-p-220058044?boutiqueId=61&merchantId=139435
kozmetik:kozmetik-vitrini,20,20,-4,71.5,37.8,1146219011,132140,1146219011:132140,Güzellik Deposu 30D Premium İpek Kirpik Seti - 8-16mmMix Boy - Yapıştırıcı / Sabitleyici - Cımbız Dahil Full Set,Güzellik Deposu,Misyul İstanbul,349.9,387.3,1,InStock,Son 3 günde 250+ ürün satıldı!,3,250,83.3,4.1402214022140225,159,7,,"[""Sepette %1 İndirim"",""Kargo Bedava""]",Tahmini Teslim:,refreshed,0,https://www.trendyol.com/guzellik-deposu/30d-premium-ipek-kirpik-seti-8-16mmmix-boy-yapistirici-sabitleyici-cimbiz-dahil-full-set-p-1146219011?boutiqueId=61&merchantId=132140
kozmetik:kozmetik-vitrini,112,112,69,31.6,7.5,1080497921,991286,1080497921:991286,L'Oreal Paris Revitalift Filler Glassy Skin Cam Cilt Görünümü Veren[Hyaluronik Asit] İçeren Nemlendirici Krem 50ml,L'Oreal Paris,TALAS KOZMETİK,650,715,,InStock,,,,,4.447826086956522,642,16,,"[""Kargo Bedava"",""Son 10 Günün En Düşük Fiyatı"",""Son 10 günün en düşük fiyatı""]",Tahmini Teslim:,refreshed,0,https://www.trendyol.com/l-oreal-paris/revitalift-filler-glassy-skin-cam-cilt-gorunumu-veren-hyaluronik-asit-iceren-nemlendirici-krem-50ml-p-1080497921?boutiqueId=61&merchantId=991286
kozmetik:kozmetik-vitrini,184,184,-30,48,20.8,851615150,107302,851615150:107302,Sinoz Pink Touch Anında Ton Eşitleyici Leke Karşıtı SPF50+ Pembe Sıvı Yüz Güneş Kremi PA++++ 50ml,Sinoz,Sinoz Kozmetik,453.39,499,-9.1,InStock,Son 3 günde 500+ ürün satıldı!,3,500,166.7,4.395119893115814,6606,153,,"[""Kargo Bedava"",""Son 10 Günün En Düşük Fiyatı"",""Son 10 günün en düşük fiyatı""]",Tahmini Teslim:,refreshed,0,https://www.trendyol.com/sinoz/pink-touch-aninda-ton-esitleyici-leke-karsiti-spf50-pembe-sivi-yuz-gunes-kremi-pa-50ml-p-851615150?boutiqueId=61&merchantId=107302
kozmetik:kozmetik-vitrini,17,17,16,93.3,37.3,820191405,105153,820191405:105153,L'Oreal Paris Glotion All-In-One Doğal Işıltı 901 - Fair Glow 40 ml,L'Oreal Paris Glotion,Daily Glow Shop,500,540,0,InStock,Son 3 günde 500+ ürün satıldı!,3,500,166.7,4.459851205746537,8904,,,"[""Kargo Bedava"",""Son 10 Günün En Düşük Fiyatı"",""Son 10 günün en düşük fiyatı""]",Tahmini Teslim:,refreshed,0,https://www.trendyol.com/l-oreal-paris/glotion-all-in-one-dogal-isilti-901-fair-glow-40-ml-p-820191405?boutiqueId=61&merchantId=105153
kozmetik:kozmetik-vitrini,46,46,44,44.1,24.4,31632972,105008,31632972:105008,"Bioderma Pigmentbio Sensitive Areas Leke ve Kararma Karşıtı Aydınlatıcı Krem Hassas, Genital Bölgeler 75 ML",Bioderma,Recete,1529,1649,0,InStock,Son 3 günde 500+ ürün satıldı!,3,500,166.7,3.891001475168005,3620,188,,"[""Kargo Bedava"",""Son 10 Günün En Düşük Fiyatı"",""Son 10 günün en düşük fiyatı""]",Tahmini Teslim:,refreshed,0,https://www.trendyol.com/bioderma/pigmentbio-sensitive-areas-leke-ve-kararma-karsiti-aydinlatici-krem-hassas-genital-bolgeler-75-ml-p-31632972?boutiqueId=61&merchantId=105008
kozmetik:kozmetik-vitrini,122,122,,33.2,18.5,962640785,803195,962640785:803195,Vichy Dercos Energisant Niasinamid İçeren Koparak Saç Dökülmesine Karşı Etkili Şampuan Refill 400 ml,Vichy,Vichy,1124.93,1212.43,,InStock,Son 3 günde 250+ ürün satıldı!,3,250,83.3,4.3348095659876,542,,,"[""Kargo Bedava"",""Son 10 Günün En Düşük Fiyatı"",""Son 10 günün en düşük fiyatı""]",Tahmini Teslim:,refreshed,0,https://www.trendyol.com/vichy/dercos-energisant-niasinamid-iceren-koparak-sac-dokulmesine-karsi-etkili-sampuan-refill-400-ml-p-962640785?boutiqueId=61&merchantId=803195
kozmetik:kozmetik-vitrini,24,24,49,53.3,28.4,1151257347,1258214,1151257347:1258214,Koreagen Lip Stain Soyulabilir Ruj Kalıcı Dudak Dövmesi Bulaşmayan Dudak Renklendirici 6-12 Saat Kalıcı Peel Off Lip Tint,Koreagen,Kozmo Global,288.3,308.88,-9.8,InStock,,,,,3.619047619047619,65,,,"[""Son 10 Günün En Düşük Fiyatı"",""Kargo Bedava"",""Trendyol Plus'a Özel""]",Tahmini Teslim:,refreshed,0,https://www.trendyol.com/koreagen/lip-stain-soyulabilir-ruj-kalici-dudak-dovmesi-bulasmayan-dudak-renklendirici-6-12-saat-kalici-peel-off-lip-tint-p-1151257347?boutiqueId=61&merchantId=1258214
kozmetik:kozmetik-vitrini,294,294,-106,30.5,34.9,1088693351,204149,1088693351:204149,RESETIFY Aydınlatıcı Barrier Defense Serum 20 ML,RESETIFY,World's ShoppY,150,160,0,InStock,Son 3 günde 500+ ürün satıldı!,3,500,166.7,4.247663551401869,96,2,118,"[""Son 10 Günün En Düşük Fiyatı"",""Sepette %40 İndirim"",""Kargo Bedava"",""Son 10 günün en düşük fiyatı"",""Trendyol Plus'a Özel""]",Tahmini Teslim:,refreshed,0,https://www.trendyol.com/resetify/aydinlatici-barrier-defense-serum-20-ml-p-1088693351?boutiqueId=61&merchantId=204149
kozmetik:kozmetik-vitrini,136,136,7,35.9,14.9,1068311,712258,1068311:712258,"NIVEA Kadın Sprey Deodorant Pearl&Beauty 150ml, 72 Saat Anti Perspirant Koruma, Alkolsüz, Çiçeksi Koku",NIVEA,XPECTUS,166,177,0,InStock,Son 3 günde 250+ ürün satıldı!,3,250,83.3,4.5816804904435635,1543,10,,"[""Son 10 Günün En Düşük Fiyatı"",""Kargo Bedava"",""Son 10 günün en düşük fiyatı""]",Tahmini Teslim:,refreshed,0,https://www.trendyol.com/nivea/kadin-sprey-deodorant-pearl-beauty-150ml-72-saat-anti-perspirant-koruma-alkolsuz-ciceksi-koku-p-1068311?boutiqueId=61&merchantId=712258
kozmetik:kozmetik-vitrini,49,49,73,47.1,47.5,971350517,830154,971350517:830154,CALLİEL Aydınlatıcı ve Canlandırıcı Leke Karşıtı Bakım Seti,CALLİEL,Calliel,384.55,408.32,-35.7,InStock,Son 3 günde 1B+ ürün satıldı!,3,1000,333.3,4.261671243624952,1209,22,,"[""Kargo Bedava"",""Son 10 Günün En Düşük Fiyatı"",""Son 10 günün en düşük fiyatı""]",Tahmini Teslim:,refreshed,0,https://www.trendyol.com/calliel/aydinlatici-ve-canlandirici-leke-karsiti-bakim-seti-p-971350517?boutiqueId=61&merchantId=830154
kozmetik:kozmetik-vitrini,209,209,-50,40.5,10.4,820125823,105153,820125823:105153,L'Oreal Paris L'oréal Paris Glotion All-In-One Doğal Işıltı 902 - Light Glow,L'Oreal Paris L'oréal,Daily Glow Shop,500,530,0,InStock,Son 3 günde 250+ ürün satıldı!,3,250,83.3,4.504834971629505,6661,,,"[""Kargo Bedava"",""Son 10 Günün En Düşük Fiyatı"",""Son 10 günün en düşük fiyatı""]",Tahmini Teslim:,refreshed,0,https://www.trendyol.com/l-oreal-paris/l-oreal-paris-glotion-all-in-one-dogal-isilti-902-light-glow-p-820125823?boutiqueId=61&merchantId=105153
kozmetik:kozmetik-vitrini,169,169,12,44.6,20.8,47215147,571412,47215147:571412,"NIVEA Q10 Sıkılaştırıcı Vücut Losyonu 250ml, 7 Günde Sıkılaştırıcı, C Vitamini, Nemlendirici, X2 Adet",NIVEA,NIVEA,251.67,266.02,-8.5,InStock,Son 3 günde 500+ ürün satıldı!,3,500,166.7,4.594535596084783,7284,13,,"[""Son 10 Günün En Düşük Fiyatı"",""Kargo Bedava"",""Son 10 günün en düşük fiyatı""]",Tahmini Teslim:,refreshed,0,https://www.trendyol.com/nivea/q10-sikilastirici-vucut-losyonu-250ml-7-gunde-sikilastirici-c-vitamini-nemlendirici-x2-adet-p-47215147?boutiqueId=61&merchantId=571412
kozmetik:kozmetik-vitrini,87,87,41,35.6,13.9,270114277,942892,270114277:942892,ALFAGİFT Elektrikli USB Tırnak Törpü Seti Manikür Pedikür Protez Tırnak Ayak Nasır Ve Tırnak Mantar Makinesi,ALFAGİFT,Saravita,332.74,349.99,0,InStock,Son 3 günde 250+ ürün satıldı!,3,250,83.3,3.7549634273772203,2089,20,,"[""Son 10 Günün En Düşük Fiyatı"",""Kargo Bedava"",""Son 10 günün en düşük fiyatı""]",Tahmini Teslim:,refreshed,0,https://www.trendyol.com/alfagift/elektrikli-usb-tirnak-torpu-seti-manikur-pedikur-protez-tirnak-ayak-nasir-ve-tirnak-mantar-makinesi-p-270114277?boutiqueId=61&merchantId=942892
kozmetik:kozmetik-vitrini,257,257,-65,24.2,10.3,917331073,361197,917331073:361197,"Dr.Melaxin TX CREAM Derin Koyu Lekeler, Güneş Lekeleri İçin Anti Melasma Leke Kremi&Ton Eşitleyici 50ml",Dr.Melaxin,7co,1432.03,1499,0,InStock,,,,,4.464037122969838,289,10,210,"[""Kargo Bedava"",""Son 10 Günün En Düşük Fiyatı"",""Son 10 günün en düşük fiyatı""]",Tahmini Teslim:,refreshed,0,https://www.trendyol.com/dr-melaxin/tx-cream-derin-koyu-lekeler-gunes-lekeleri-icin-anti-melasma-leke-kremi-ton-esitleyici-50ml-p-917331073?boutiqueId=61&merchantId=361197
kozmetik:kozmetik-vitrini,267,267,-70,14,20.4,1108716462,840501,1108716462:840501,Watsons Organik Yuvarlak Makyaj Pamuğu 100 Adet X3 Adet,Watsons,Mardatoi,174.99,182.95,-2.8,InStock,,,,,4.685714285714286,15,2,3,"[""Son 10 Günün En Düşük Fiyatı"",""Sepette %11 İndirim"",""199,99 TL Kupon"",""Kargo Bedava"",""Son 10 günün en düşük fiyatı""]",Tahmini Teslim:,refreshed,0,https://www.trendyol.com/watsons/organik-yuvarlak-makyaj-pamugu-100-adet-x3-adet-p-1108716462?boutiqueId=61&merchantId=840501
kozmetik:kozmetik-vitrini,10,10,88,83.8,30.2,757281271,106997,757281271:106997,Ixora Kadın Parfüm Red 50 ml Edp,Ixora,İxora,153.78,160.25,-10.4,InStock,,,,,4.177570093457944,298,2,,"[""Son 10 Günün En Düşük Fiyatı"",""Kargo Bedava"",""Son 10 günün en düşük fiyatı""]",Tahmini Teslim:,refreshed,0,https://www.trendyol.com/ixora/kadin-parfum-red-50-ml-edp-p-757281271?boutiqueId=61&merchantId=106997
kozmetik:kozmetik-vitrini,158,158,36,21.6,11.7,248191052,108880,248191052:108880,Le Petit Marseillais Organik Beyaz Şeftali & Nektarin Duş Jeli 400 ml x4,Le Petit Marseillais,Kenvue Türkiye,379.9,392.9,,InStock,,,,,4.532637075718016,194,6,,"[""3 TL Kupon"",""Kargo Bedava"",""Son 10 Günün En Düşük Fiyatı"",""Trendyol Plus'a Özel""]",Tahmini Teslim:,refreshed,0,https://www.trendyol.com/le-petit-marseillais/organik-beyaz-seftali-nektarin-dus-jeli-400-ml-x4-p-248191052?boutiqueId=61&merchantId=108880
kozmetik:kozmetik-vitrini,148,148,-2,23.1,10,333070623,661897,333070623:661897,Genel Markalar MAYKİS Şeffaf Makyaj Çantası Taşıma Saplı Geniş Hacimli Kozmetik Çantası 24x17x7 cm,Genel Markalar,Maykis,174.26,179.87,0,InStock,,,,,4.683918669131239,313,3,,"[""Son 10 Günün En Düşük Fiyatı"",""Kargo Bedava"",""Son 10 günün en düşük fiyatı""]",Tahmini Teslim:,refreshed,0,https://www.trendyol.com/genel-markalar/maykis-seffaf-makyaj-cantasi-tasima-sapli-genis-hacimli-kozmetik-cantasi-24x17x7-cm-p-333070623?boutiqueId=61&merchantId=661897
kozmetik:kozmetik-vitrini,143,143,-7,34.6,13,138022652,160140,138022652:160140,"NS reliable Ns Captain Seyahat Makyaj Organizatörü Makyaj Çantası,çok Fonksiyonlu Kozmetik Çanta siyah",NS reliable,NAMLI ÇANTA,194,199.9,-3,InStock,Son 3 günde 250+ ürün satıldı!,3,250,83.3,4.541303350160624,2682,,,"[""Son 10 Günün En Düşük Fiyatı"",""Kargo Bedava"",""Son 10 günün en düşük fiyatı""]",Tahmini Teslim:,refreshed,0,https://www.trendyol.com/ns-reliable/ns-captain-seyahat-makyaj-organizatoru-makyaj-cantasi-cok-fonksiyonlu-kozmetik-canta-siyah-p-138022652?boutiqueId=61&merchantId=160140
kozmetik:kozmetik-vitrini,237,237,-74,28.3,4.7,952212200,1015650,952212200:1015650,lykd Makyaj Sabitleyici Sprey Dewy,lykd,LUNA_KOZMETİK,291,299.9,-0.6,InStock,,,,,4.366866118175019,1469,27,,"[""Son 10 Günün En Düşük Fiyatı"",""Kargo Bedava"",""Son 10 günün en düşük fiyatı""]",Tahmini Teslim:,refreshed,0,https://www.trendyol.com/lykd/makyaj-sabitleyici-sprey-dewy-p-952212200?boutiqueId=61&merchantId=1015650
kozmetik:kozmetik-vitrini,33,33,113,48,8.5,675164191,120843,675164191:120843,"Narcissa Sıkılaştıran Yengeç Jeli - , Sıkılaştırıcı, Selülit Ve Çatlak Giderici Jel 250ml",Narcissa,ONUR MARKET,281.02,288.55,-19,InStock,,,,,4.229387862105125,8461,-224,,"[""Son 10 Günün En Düşük Fiyatı"",""Kargo Bedava"",""Son 10 günün en düşük fiyatı""]",Tahmini Teslim:,refreshed,0,https://www.trendyol.com/narcissa/sikilastiran-yengec-jeli-sikilastirici-selulit-ve-catlak-giderici-jel-250ml-p-675164191?boutiqueId=61&merchantId=120843
kozmetik:kozmetik-vitrini,181,181,14,30.2,16.9,962591397,556702,962591397:556702,Cream Co. Aydınlatıcı Kırışıklık Karşıtı Cilt Tonu Eşitleyici Su Bazlı Nemlendirici Göz Kremi İkili,Cream Co.,Cream Co.,429,439.97,0,InStock,Son 3 günde 250+ ürün satıldı!,3,250,83.3,4.496629213483146,877,63,,"[""Kargo Bedava"",""Trendyol Plus'a Özel""]",Tahmini Teslim:,refreshed,0,https://www.trendyol.com/cream-co/aydinlatici-kirisiklik-karsiti-cilt-tonu-esitleyici-su-bazli-nemlendirici-goz-kremi-ikili-p-962591397?boutiqueId=61&merchantId=556702
kozmetik:kozmetik-vitrini,86,86,-15,35,0,174950884,918400,174950884:918400,rise and shine Keratin Kolajen Saç Bakım Sütü 200 ml,rise and shine,Rise and Shine Kozmetik,285.36,292.51,-2.4,InStock,,,,,4.3113229481515924,11848,22,,"[""Son 10 Günün En Düşük Fiyatı"",""Kargo Bedava"",""Son 10 günün en düşük fiyatı""]",Tahmini Teslim:,refreshed,0,https://www.trendyol.com/rise-and-shine/keratin-kolajen-sac-bakim-sutu-200-ml-p-174950884?boutiqueId=61&merchantId=918400
kozmetik:kozmetik-vitrini,113,113,79,36.1,25.5,996722646,1031124,996722646:1031124,THE BATH FACTORY Liberty Vücut Losyonu 200 ml,THE BATH FACTORY,The Bath Factory,313.21,320.96,0,InStock,Son 3 günde 500+ ürün satıldı!,3,500,166.7,4.495575221238939,1485,17,,"[""Son 10 Günün En Düşük Fiyatı"",""Kargo Bedava"",""Son 10 günün en düşük fiyatı""]",Tahmini Teslim:,refreshed,0,https://www.trendyol.com/the-bath-factory/liberty-vucut-losyonu-200-ml-p-996722646?boutiqueId=61&merchantId=1031124
kozmetik:kozmetik-vitrini,51,51,30,42.1,20.8,146981093,164987,146981093:164987,"The Purest Solutions Arındırıcı ve Aydınlatıcı Enzim Toz Peeling 55 gr (%0,6 Azelaic Acid & Malic Acid)",The Purest Solutions,The Purest Solutions,366.14,372.53,0,InStock,Son 3 günde 500+ ürün satıldı!,3,500,166.7,4.591260836678885,10326,234,,"[""Kargo Bedava"",""Son 10 Günün En Düşük Fiyatı"",""Son 10 günün en düşük fiyatı""]",Tahmini Teslim:,refreshed,0,https://www.trendyol.com/the-purest-solutions/arindirici-ve-aydinlatici-enzim-toz-peeling-55-gr-0-6-azelaic-acid-malic-acid-p-146981093?boutiqueId=61&merchantId=164987
kozmetik:kozmetik-vitrini,191,191,,30.6,1,762249386,149326,762249386:149326,Bioderma Pigmentbio Foaming Cream Leke Karşıtı ve Peeling Etkili Aydınlatıcı Yıkama Jeli 500 ML,Bioderma,Eczasepeti,1269,1289,,InStock,,,,,4.413352646826442,4214,,,"[""Kargo Bedava"",""Son 10 Günün En Düşük Fiyatı"",""Son 10 günün en düşük fiyatı""]",Tahmini Teslim:,refreshed,0,https://www.trendyol.com/bioderma/pigmentbio-foaming-cream-leke-karsiti-ve-peeling-etkili-aydinlatici-yikama-jeli-500-ml-p-762249386?boutiqueId=61&merchantId=149326
kozmetik:kozmetik-vitrini,208,208,-10,39.1,21.6,3748245,112392,3748245:112392,CeraVe Moisturising Cream Kuru ve Çok Kuru Ciltler İçin Nemlendirici Krem 50 ml,CeraVe,esatal,412.06,418.46,,InStock,Son 3 günde 500+ ürün satıldı!,3,500,166.7,4.458144934620555,4516,329,,"[""Kargo Bedava"",""Son 10 Günün En Düşük Fiyatı"",""Son 10 günün en düşük fiyatı""]",Tahmini Teslim:,refreshed,0,https://www.trendyol.com/cerave/moisturising-cream-kuru-ve-cok-kuru-ciltler-icin-nemlendirici-krem-50-ml-p-3748245?boutiqueId=61&merchantId=112392
kozmetik:kozmetik-vitrini,231,231,,12.9,18.4,1165746461,1281606,1165746461:1281606,"LUMİNYA Pirinç Maya Sabunu 100 g | Cilt Temizleyici, Aydınlık Görünüm ve Ton Eşitleyici",LUMİNYA,Luminya Kozmetik,295,299,,InStock,,,,,4.794871794871795,27,,,"[""Son 10 Günün En Düşük Fiyatı"",""Kargo Bedava"",""Son 10 günün en düşük fiyatı""]",Tahmini Teslim:,refreshed,0,https://www.trendyol.com/luminya/pirinc-maya-sabunu-100-g-cilt-temizleyici-aydinlik-gorunum-ve-ton-esitleyici-p-1165746461?boutiqueId=61&merchantId=1281606
kozmetik:kozmetik-vitrini,266,266,,26.4,4.8,3748248,957496,3748248:957496,CeraVe Normal ve Kuruya Dönük Ciltler İçin Seramid ve Hyalüronik Asit İçeren Nemlendiren Temizleyici 236 ml,CeraVe,CeraVe,790,799.9,,InStock,,,,,4.3445345693317865,1427,,946,"[""Kargo Bedava"",""Son 10 Günün En Düşük Fiyatı"",""Son 10 günün en düşük fiyatı""]",Tahmini Teslim:,refreshed,0,https://www.trendyol.com/cerave/normal-ve-kuruya-donuk-ciltler-icin-seramid-ve-hyaluronik-asit-iceren-nemlendiren-temizleyici-236-ml-p-3748248?boutiqueId=61&merchantId=957496
kozmetik:kozmetik-vitrini,4,4,10,107.6,33.4,744329848,837861,744329848:837861,"L'Aden Cosmetics Anında Soyucu Ginseng Peeling Ölü Deri Arındırıcı, Yenileyici, Aydınlatıcı Vücut, Yüz Peelingi",L'Aden Cosmetics,LAden Cosmetics,237.53,239.93,-28.8,InStock,Son 3 günde 250+ ürün satıldı!,3,250,83.3,4.175235030066909,6337,324,,"[""Son 10 Günün En Düşük Fiyatı"",""Kargo Bedava"",""Son 10 günün en düşük fiyatı""]",Tahmini Teslim:,refreshed,0,https://www.trendyol.com/l-aden-cosmetics/aninda-soyucu-ginseng-peeling-olu-deri-arindirici-yenileyici-aydinlatici-vucut-yuz-peelingi-p-744329848?boutiqueId=61&merchantId=837861
kozmetik:kozmetik-vitrini,15,15,-11,71.8,26.7,1083435975,791156,1083435975:791156,The Ceel Sigara İçenler İçin Beyazlatmaya Yardımcı ve Ferahlatıcı Diş Macunu Bromelain İçerikli 75 gr,The Ceel,The Ceel,227.36,229.66,0,InStock,,,,,4.19124087591241,394,12,,"[""Son 10 Günün En Düşük Fiyatı"",""Kargo Bedava"",""Son 10 günün en düşük fiyatı""]",Tahmini Teslim:,refreshed,0,https://www.trendyol.com/the-ceel/sigara-icenler-icin-beyazlatmaya-yardimci-ve-ferahlatici-dis-macunu-bromelain-icerikli-75-gr-p-1083435975?boutiqueId=61&merchantId=791156
kozmetik:kozmetik-vitrini,18,18,-3,94.1,57.7,729812633,139435,729812633:139435,TDRS Narcotic 100 ML Bergamot Özel Seri Uzun Süre Kalıcı Erkek Parfüm,TDRS,Tudors,586.31,592.31,42.9,InStock,Son 3 günde 1B+ ürün satıldı!,3,1000,333.3,4.233170823176448,11428,467,,"[""Kargo Bedava"",""Son 10 Günün En Düşük Fiyatı"",""Trendyol Plus'a Özel""]",Tahmini Teslim:,refreshed,0,https://www.trendyol.com/tdrs/narcotic-100-ml-bergamot-ozel-seri-uzun-sure-kalici-erkek-parfum-p-729812633?boutiqueId=61&merchantId=139435
kozmetik:kozmetik-vitrini,50,50,80,32,28.2,971697551,830154,971697551:830154,CALLİEL Leke Karşıtı Ton Eşitleyici ve Gözenek Sıkılaştırıcı Bakım Seti,CALLİEL,Calliel,410.33,414.47,-31.4,InStock,Son 3 günde 500+ ürün satıldı!,3,500,166.7,4.262002743484226,683,11,,"[""Kargo Bedava"",""Son 10 Günün En Düşük Fiyatı"",""Son 10 günün en düşük fiyatı"",""Trendyol Plus'a Özel""]",Tahmini Teslim:,refreshed,0,https://www.trendyol.com/calliel/leke-karsiti-ton-esitleyici-ve-gozenek-sikilastirici-bakim-seti-p-971697551?boutiqueId=61&merchantId=830154
kozmetik:kozmetik-vitrini,138,138,5,41.7,20.8,780589053,278247,780589053:278247,Flormar Doğal Formüllü Kirpik Uzatıcı Maskara (Siyah) - Longer Than Ever Mascara - 001 Black - 8682536067119,Flormar,Market015,475,480,,InStock,Son 3 günde 500+ ürün satıldı!,3,500,166.7,4.60995493442706,10975,335,,"[""Kargo Bedava"",""Son 10 Günün En Düşük Fiyatı"",""Son 10 günün en düşük fiyatı""]",Tahmini Teslim:,refreshed,0,https://www.trendyol.com/flormar/dogal-formullu-kirpik-uzatici-maskara-siyah-longer-than-ever-mascara-001-black-8682536067119-p-780589053?boutiqueId=61&merchantId=278247
kozmetik:kozmetik-vitrini,263,263,,20.1,10.9,1152447018,1194314,1152447018:1194314,WOU World of Unique Beyaz Kapatıcı Tarak Uçlu Saç Stick/Koyu Kahve,WOU World of Unique,Kozfa Store,213.84,216,,InStock,,,,,4.093457943925234,243,,117,"[""Son 10 Günün En Düşük Fiyatı"",""Kargo Bedava"",""Son 10 günün en düşük fiyatı""]",Tahmini Teslim:,refreshed,0,https://www.trendyol.com/wou-world-of-unique/beyaz-kapatici-tarak-uclu-sac-stick-koyu-kahve-p-1152447018?boutiqueId=61&merchantId=1194314
kozmetik:kozmetik-vitrini,2,2,4,122.3,66.1,871346073,556702,871346073:556702,Cream Co. Allık Ruj Göz Farı Glow Tint Soft Mocha | Nemlendirici Makyaj | Nude | Hyaluronik Asit Peptit,Cream Co.,Cream Co.,199.9,,0,InStock,Son 3 günde 1B+ ürün satıldı!,3,1000,333.3,4.430202387130255,4996,,,"[""Kargo Bedava""]",Tahmini Teslim:,refreshed,0,https://www.trendyol.com/cream-co/allik-ruj-goz-fari-glow-tint-soft-mocha-nemlendirici-makyaj-nude-hyaluronik-asit-peptit-p-871346073?boutiqueId=61&merchantId=556702
kozmetik:kozmetik-vitrini,3,3,7,107.3,34.8,322582956,628667,322582956:628667,bs bubbles cosmetic 75gr Diş Beyazlatma Tozu Aktif Karbon Lansman Fiyatı,bs bubbles cosmetic,BUBBLES KOZMETİK,95.59,,3.1,InStock,Son 3 günde 250+ ürün satıldı!,3,250,83.3,3.6199611147116006,4347,86,,"[""Kargo Bedava"",""Trendyol Plus'a Özel""]",Tahmini Teslim:,refreshed,0,https://www.trendyol.com/bs-bubbles-cosmetic/75gr-dis-beyazlatma-tozu-aktif-karbon-lansman-fiyati-p-322582956?boutiqueId=61&merchantId=628667
kozmetik:kozmetik-vitrini,5,5,6,97.6,39.5,983343487,1046771,983343487:1046771,MAQYA KOZMETİK 14 Parça Kavanoz Kutulu Makyaj Sünger Seti,MAQYA KOZMETİK,ARLEN BAKIM VE KOZMETİK,136.61,,4.1,InStock,Son 3 günde 250+ ürün satıldı!,3,250,83.3,4.325219743069641,845,4,,"[""Sepette %2 İndirim"",""Kargo Bedava"",""Trendyol Plus'a Özel""]",Tahmini Teslim:,refreshed,0,https://www.trendyol.com/maqya-kozmetik/14-parca-kavanoz-kutulu-makyaj-sunger-seti-p-983343487?boutiqueId=61&merchantId=1046771
kozmetik:kozmetik-vitrini,8,8,-3,112.4,82.6,1174062985,830154,1174062985:830154,"CALLİEL Yoğun Nemlendirici, Yumuşatıcı, Işıltı Verici Tinted Dudak Bakım Maskesi",CALLİEL,Calliel,499.9,,150.1,InStock,Son 3 günde 2B+ ürün satıldı!,3,2000,666.7,4.111731843575419,196,9,,"[""Kargo Bedava"",""Trendyol Plus'a Özel""]",Tahmini Teslim:,refreshed,0,https://www.trendyol.com/calliel/yogun-nemlendirici-yumusatici-isilti-verici-tinted-dudak-bakim-maskesi-p-1174062985?boutiqueId=61&merchantId=830154
kozmetik:kozmetik-vitrini,9,9,-6,125.6,70.5,1016742922,1319448,1016742922:1319448,Embeauty Ultra Siyah Dolgunlaştırıcı Maskara – Hacim ve Uzunluk Etkili,Embeauty,Kozmetik Dünyanız,438,,,InStock,Son 3 günde 10B+ ürün satıldı!,3,10000,3333.3,4.234303215926493,15916,88,,"[""Kargo Bedava"",""Trendyol Plus'a Özel""]",Tahmini Teslim:,refreshed,0,https://www.trendyol.com/embeauty/ultra-siyah-dolgunlastirici-maskara-hacim-ve-uzunluk-etkili-p-1016742922?boutiqueId=61&merchantId=1319448
kozmetik:kozmetik-vitrini,11,11,-3,84.6,22.9,844531712,109162,844531712:109162,Maru.Derm Arındırıcı Meyve Enzim Toz Peeling 60 G (Salisilik Asit 0.5% + Çay Ağacı Yağı 2% + Allantoin 0.5%),Maru.Derm,MARUDERM,360,,0,InStock,,,,,4.516470925236323,2085,52,,"[""Kargo Bedava"",""Sepette %1 İndirim""]",Tahmini Teslim:,refreshed,0,https://www.trendyol.com/maru-derm/arindirici-meyve-enzim-toz-peeling-60-g-salisilik-asit-0-5-cay-agaci-yagi-2-allantoin-0-5-p-844531712?boutiqueId=61&merchantId=109162
kozmetik:kozmetik-vitrini,12,12,7,77.4,27.6,822166685,1046771,822166685:1046771,MUJGAN 12'li Dudak Kalemi,MUJGAN,ARLEN BAKIM VE KOZMETİK,166,,2,InStock,,,,,3.997750281214848,472,,,"[""Sepette %2 İndirim"",""30 TL Kupon"",""Kargo Bedava""]",Tahmini Teslim:,refreshed,0,https://www.trendyol.com/mujgan/12-li-dudak-kalemi-p-822166685?boutiqueId=61&merchantId=1046771
kozmetik:kozmetik-vitrini,13,13,7,85.1,31.9,897985046,891275,897985046:891275,"Kremi Dudak Bakım Parlatıcı Lip Balm Bordo, Cherry Coke, Nemlendirici, Peptit, Seramid, E Vitamini 13ml",Kremi,Kremi,199.9,,5.3,InStock,Son 3 günde 250+ ürün satıldı!,3,250,83.3,4.52458341904958,2350,11,,"[""Kargo Bedava"",""Trendyol Plus'a Özel""]",Tahmini Teslim:,refreshed,0,https://www.trendyol.com/kremi/dudak-bakim-parlatici-lip-balm-bordo-cherry-coke-nemlendirici-peptit-seramid-e-vitamini-13ml-p-897985046?boutiqueId=61&merchantId=891275
kozmetik:kozmetik-vitrini,14,14,-2,74.9,25.1,2779642,205639,2779642:205639,Note Cosmetics Perfecting Pen Aydınlatıcı Etkili Kalem Göz Altı Kapatıcısı - 01 Light Rose,Note Cosmetics,Note Cosmetics,199.9,,19.2,InStock,,,,,4.195318215069495,723,,,"[""Kargo Bedava""]",Tahmini Teslim:,refreshed,0,https://www.trendyol.com/note-cosmetics/perfecting-pen-aydinlatici-etkili-kalem-goz-alti-kapaticisi-01-light-rose-p-2779642?boutiqueId=61&merchantId=205639
kozmetik:kozmetik-vitrini,16,16,-3,106.6,68.4,1087380299,443728,1087380299:443728,Qremfi Sıfır Gözenek Siyah Nokta Mavi Kil Maskesi | AHA + BHA+PHA 100 ml,Qremfi,FREEWALK,314.9,,21.4,InStock,Son 3 günde 2B+ ürün satıldı!,3,2000,666.7,4.1100611450806,3810,42,,"[""Kargo Bedava"",""Trendyol Plus'a Özel""]",Tahmini Teslim:,refreshed,0,https://www.trendyol.com/qremfi/sifir-gozenek-siyah-nokta-mavi-kil-maskesi-aha-bha-pha-100-ml-p-1087380299?boutiqueId=61&merchantId=443728
kozmetik:kozmetik-vitrini,19,19,2,46.8,40.7,1187237349,556702,1187237349:556702,Cream Co. PDRN Kolajen Nemlendirici Yüz Kremi | Peptit NAD+ Argireline Sıkılaştırıcı Kırışıklık Karşıtı 50 ml,Cream Co.,Cream Co.,328.9,,0,InStock,,,,,5,3,0,,"[""Kargo Bedava"",""Trendyol Plus'a Özel""]",Tahmini Teslim:,refreshed,0,https://www.trendyol.com/cream-co/pdrn-kolajen-nemlendirici-yuz-kremi-peptit-nad-argireline-sikilastirici-kirisiklik-karsiti-50-ml-p-1187237349?boutiqueId=61&merchantId=556702
kozmetik:kozmetik-vitrini,21,21,-4,91.4,71.1,1130961717,1095289,1130961717:1095289,PİRAYE AKSESUAR DIY Kirpik - Takma Kirpik 600 Adet Kirpik Seti Kitap Model 30-40-50-60-80-100 D Farklı Boylar,PİRAYE AKSESUAR,Valeri Collection,417.2,,,InStock,Son 3 günde 2B+ ürün satıldı!,3,2000,666.7,3.833064516129032,839,25,,"[""Kargo Bedava"",""Trendyol Plus'a Özel""]",Tahmini Teslim:,refreshed,0,https://www.trendyol.com/piraye-aksesuar/diy-kirpik-takma-kirpik-600-adet-kirpik-seti-kitap-model-30-40-50-60-80-100-d-farkli-boylar-p-1130961717?boutiqueId=61&merchantId=1095289
kozmetik:kozmetik-vitrini,22,22,-15,95.6,64.4,945832144,830154,945832144:830154,"CALLİEL Aydınlatıcı, Leke Ve Siyah Nokta Karşıtı Kojik Asit Tonik 200 ml",CALLİEL,Calliel,419.9,,52,InStock,Son 3 günde 5B+ ürün satıldı!,3,5000,1666.7,4.220885021292353,4947,72,,"[""Kargo Bedava"",""Sepette %1 İndirim"",""Trendyol Plus'a Özel""]",Tahmini Teslim:,refreshed,0,https://www.trendyol.com/calliel/aydinlatici-leke-ve-siyah-nokta-karsiti-kojik-asit-tonik-200-ml-p-945832144?boutiqueId=61&merchantId=830154
kozmetik:kozmetik-vitrini,23,23,108,96.1,63.5,785110471,107819,785110471:107819,"L'Oreal Paris Panorama Hacim Veren Maskara Siyah, 1.4 Kat* Daha Büyük Görünen Gözler, Panoramik Hacim",L'Oreal Paris Panorama,L'Oreal,787.46,,0,InStock,Son 3 günde 2B+ ürün satıldı!,3,2000,666.7,4.521515878774348,10340,,,"[""196 TL Kupon"",""Kargo Bedava""]",Tahmini Teslim:,refreshed,0,https://www.trendyol.com/l-oreal-paris/panorama-hacim-veren-maskara-siyah-1-4-kat-daha-buyuk-gorunen-gozler-panoramik-hacim-p-785110471?boutiqueId=61&merchantId=107819
kozmetik:kozmetik-vitrini,25,25,22,85.3,67.2,900381109,1224693,900381109:1224693,"icollagen Kolajen, Isırgan Otu, Prebiyotik Şampuan - Dökülen Ve Geç Uzayan Yağlanma Karşıtı",icollagen,Doctamin iCollagen,450,,0,InStock,Son 3 günde 5B+ ürün satıldı!,3,5000,1666.7,4.39599609375,1470,9,,"[""Kargo Bedava""]",Tahmini Teslim:,refreshed,0,https://www.trendyol.com/icollagen/kolajen-isirgan-otu-prebiyotik-sampuan-dokulen-ve-gec-uzayan-yaglanma-karsiti-p-900381109?boutiqueId=61&merchantId=1224693
kozmetik:kozmetik-vitrini,27,27,52,74.5,53.2,249124486,107819,249124486:107819,NYX Professional Makeup Bare With Me Kapatıcı Serum 02 Light Concealer,NYX Professional Makeup,L'Oreal,1499.99,,81.8,InStock,Son 3 günde 1B+ ürün satıldı!,3,1000,333.3,4.626847366161771,9585,,,"[""Sepette %40 İndirim"",""Kargo Bedava""]",Tahmini Teslim:,refreshed,0,https://www.trendyol.com/nyx-professional-makeup/bare-with-me-kapatici-serum-02-light-concealer-p-249124486?boutiqueId=61&merchantId=107819
kozmetik:kozmetik-vitrini,28,28,42,63.2,31.8,371995279,245304,371995279:245304,The Purest Solutions Yağlı Ve Karma Ciltler Için Siyah Nokta Karşıtı Temizleme Jeli 200 ml,The Purest Solutions,ENKA PAZARLAMA,289.75,,,InStock,Son 3 günde 500+ ürün satıldı!,3,500,166.7,4.526332022515228,7311,222,,"[""Kargo Bedava"",""Son 10 Günün En Düşük Fiyatı""]",Tahmini Teslim:,refreshed,0,https://www.trendyol.com/the-purest-solutions/yagli-ve-karma-ciltler-icin-siyah-nokta-karsiti-temizleme-jeli-200-ml-p-371995279?boutiqueId=61&merchantId=245304
kozmetik:kozmetik-vitrini,29,29,1,47.7,29.4,151613026,357668,151613026:357668,MUJGAN Fix Özel 13'lü Fırça Seti Siyah,MUJGAN,Ucuz Al,128.99,,0,InStock,Son 3 günde 250+ ürün satıldı!,3,250,83.3,3.6563342318059298,486,14,,"[""Kargo Bedava""]",Tahmini Teslim:,refreshed,0,https://www.trendyol.com/mujgan/fix-ozel-13-lu-firca-seti-siyah-p-151613026?boutiqueId=61&merchantId=357668
kozmetik:kozmetik-vitrini,31,31,24,40.9,16.6,1108843741,556702,1108843741:556702,Cream Co. Ton Eşitleyici Aydınlatıcı Pink SPF50 Güneş Kremi Leke Karşıtı | Peptit Niasinamid Hyalüronik Asit,Cream Co.,Cream Co.,299.9,,5.3,InStock,,,,,4.25320729237002,718,25,,"[""Kargo Bedava"",""Trendyol Plus'a Özel""]",Tahmini Teslim:,refreshed,0,https://www.trendyol.com/cream-co/ton-esitleyici-aydinlatici-pink-spf50-gunes-kremi-leke-karsiti-peptit-niasinamid-hyaluronik-asit-p-1108843741?boutiqueId=61&merchantId=556702
kozmetik:kozmetik-vitrini,32,32,143,46.7,37.4,1158214714,224434,1158214714:224434,TGC Hair Care Cosmetic TGC Şampuan,TGC Hair Care Cosmetic,TGC Hair Care & Cosmetic,989,,119.8,InStock,Son 3 günde 500+ ürün satıldı!,3,500,166.7,4.724075743913436,632,10,,"[""Kargo Bedava""]",Tahmini Teslim:,refreshed,0,https://www.trendyol.com/tgc-hair-care-cosmetic/tgc-sampuan-p-1158214714?boutiqueId=61&merchantId=224434
kozmetik:kozmetik-vitrini,34,34,,40.4,24.1,971346192,733266,971346192:733266,LumenaScent S401 Erkek Parfüm Woody Edp 50 ml,LumenaScent,FarmaStar,449,,,InStock,Son 3 günde 250+ ürün satıldı!,3,250,83.3,3.9169977924944814,1078,,,"[""Kargo Bedava"",""Trendyol Plus'a Özel""]",Tahmini Teslim:,refreshed,0,https://www.trendyol.com/lumenascent/s401-erkek-parfum-woody-edp-50-ml-p-971346192?boutiqueId=61&merchantId=733266
kozmetik:kozmetik-vitrini,35,35,83,25.6,21.9,926032762,107819,926032762:107819,NYX Professional Makeup Face Glue Primer Nemlendirici Makyaj Bazı & Setting Spray Makyaj Sabitleme Spreyi,NYX Professional Makeup,L'Oreal,1659,,100,InStock,,,,,4.557046979865772,89,4,,"[""Sepette %40 İndirim"",""Kargo Bedava""]",Tahmini Teslim:,refreshed,0,https://www.trendyol.com/nyx-professional-makeup/face-glue-primer-nemlendirici-makyaj-bazi-setting-spray-makyaj-sabitleme-spreyi-p-926032762?boutiqueId=61&merchantId=107819
kozmetik:kozmetik-vitrini,36,36,12,31.2,13.8,46616305,386081,46616305:386081,Gomax Çantalı 13 Parça Manikür Pedikür Seti Bakım El Ayak Tırnak Makası Törpü Cımbız Pense Akne Iğnesi,Gomax,CHN GROUP,166,,-2.4,InStock,,,,,3.325426241660489,791,9,,"[""Sepette %5 İndirim"",""Kargo Bedava""]",Tahmini Teslim:,refreshed,0,https://www.trendyol.com/gomax/cantali-13-parca-manikur-pedikur-seti-bakim-el-ayak-tirnak-makasi-torpu-cimbiz-pense-akne-ignesi-p-46616305?boutiqueId=61&merchantId=386081
kozmetik:kozmetik-vitrini,38,38,-14,51.6,47.7,84812163,4473,84812163:4473,Flormar Nemlendirici Parlak Ruj- Sheer Up Lipstick - 013 Gaia - 8682536012119,Flormar,Flormar,419.99,,5.3,InStock,Son 3 günde 1B+ ürün satıldı!,3,1000,333.3,4.658080772730454,7349,648,,"[""Kargo Bedava"",""Trendyol Plus'a Özel""]",Tahmini Teslim:,refreshed,0,https://www.trendyol.com/flormar/nemlendirici-parlak-ruj-sheer-up-lipstick-013-gaia-8682536012119-p-84812163?boutiqueId=61&merchantId=4473
kozmetik:kozmetik-vitrini,39,39,-4,29.7,7.8,60063730,1157357,60063730:1157357,MUJGAN Siyah 54lü Mat Sedefli Far Paleti,MUJGAN,COCEM,145,,,InStock,,,,,3.7592204526404025,2880,,,"[""Sepette %2 İndirim"",""Kargo Bedava""]",Tahmini Teslim:,refreshed,0,https://www.trendyol.com/mujgan/siyah-54lu-mat-sedefli-far-paleti-p-60063730?boutiqueId=61&merchantId=1157357
kozmetik:kozmetik-vitrini,40,40,-8,26.6,23,958333900,107819,958333900:107819,NYX Professional Makeup Smushy Yumuşacık Mat Dudak Balmı - 05 Snuggle Szn,NYX Professional Makeup,L'Oreal,699.99,,100,InStock,Son 3 günde 250+ ürün satıldı!,3,250,83.3,4.287445887445887,634,,,"[""Sepette %40 İndirim"",""Kargo Bedava""]",Tahmini Teslim:,refreshed,0,https://www.trendyol.com/nyx-professional-makeup/smushy-yumusacik-mat-dudak-balmi-05-snuggle-szn-p-958333900?boutiqueId=61&merchantId=107819
kozmetik:kozmetik-vitrini,41,41,-10,22.1,12.4,970253240,891275,970253240:891275,Kremi Allık Ruj Göz Farı Kiss&Blush | Nemlendirici Makyaj Makeup | Stick | Seramid Skualen Vitamin E,Kremi,Kremi,299.9,,0,InStock,,,,,4.288906624102155,581,,,"[""Sepette %1 İndirim"",""Kargo Bedava"",""Trendyol Plus'a Özel""]",Tahmini Teslim:,refreshed,0,https://www.trendyol.com/kremi/allik-ruj-goz-fari-kiss-blush-nemlendirici-makyaj-makeup-stick-seramid-skualen-vitamin-e-p-970253240?boutiqueId=61&merchantId=891275
kozmetik:kozmetik-vitrini,42,42,27,37.8,25.4,776223857,856334,776223857:856334,ÖZDEN ÖZDOĞAN Gül Mayası Aydınlatıcı ve Gözenek Sıkılaştırıcı Tonik 200 ml.,ÖZDEN ÖZDOĞAN,ÖZDEN ÖZDOĞAN,699.99,,150,InStock,Son 3 günde 500+ ürün satıldı!,3,500,166.7,4.571588617521846,4813,13,,"[""Sepette %60 İndirim"",""Kargo Bedava""]",Tahmini Teslim:,refreshed,0,https://www.trendyol.com/ozden-ozdogan/gul-mayasi-aydinlatici-ve-gozenek-sikilastirici-tonik-200-ml-p-776223857?boutiqueId=61&merchantId=856334
kozmetik:kozmetik-vitrini,43,43,6,40.5,24.3,279708971,1305067,279708971:1305067,"Imprime Muse Edp Kadın Parfüm 50ml | Çiçeksi, Meyveli | Frenk Üzümü, Lavanta, Yasemin, Vanilya, Misk, Amber",Imprime,VERA GLOBAL E-TİCARET,699,,,InStock,Son 3 günde 500+ ürün satıldı!,3,500,166.7,4.166517724158475,10527,295,,"[""Kargo Bedava""]",Tahmini Teslim:,refreshed,0,https://www.trendyol.com/imprime/muse-edp-kadin-parfum-50ml-ciceksi-meyveli-frenk-uzumu-lavanta-yasemin-vanilya-misk-amber-p-279708971?boutiqueId=61&merchantId=1305067
kozmetik:kozmetik-vitrini,44,44,12,26.6,35.6,1086340166,107819,1086340166:107819,NYX Professional Makeup Wonder Snatch Sabitleyici Toz Pudra - 01 Sugar Serve,NYX Professional Makeup,L'Oreal,849.99,,100,InStock,Son 3 günde 500+ ürün satıldı!,3,500,166.7,4.331753554502369,192,,,"[""Sepette %40 İndirim"",""Kargo Bedava""]",Tahmini Teslim:,refreshed,0,https://www.trendyol.com/nyx-professional-makeup/wonder-snatch-sabitleyici-toz-pudra-01-sugar-serve-p-1086340166?boutiqueId=61&merchantId=107819
kozmetik:kozmetik-vitrini,45,45,5,20.6,26.5,824194769,138932,824194769:138932,Palmolive Massage 500 ml+ Palmolive Natural Almond + PO Moments 500 ml,Palmolive,Colgate-Palmolive Kişisel Bakım Merkezi,299.9,,4.2,InStock,Son 3 günde 250+ ürün satıldı!,3,250,83.3,4.643382352941177,112,11,,"[""Kargo Bedava""]",Tahmini Teslim:,refreshed,0,https://www.trendyol.com/palmolive/massage-500-ml-palmolive-natural-almond-po-moments-500-ml-p-824194769?boutiqueId=61&merchantId=138932
kozmetik:kozmetik-vitrini,48,48,-37,39.1,21.8,251165087,107819,251165087:107819,NYX Professional Makeup Bare With Me Kapatıcı Serum 01 Fair Concealer,NYX Professional Makeup,L'Oreal,1499.99,,81.8,InStock,Son 3 günde 500+ ürün satıldı!,3,500,166.7,4.565239508266215,7004,,,"[""Sepette %40 İndirim"",""Kargo Bedava""]",Tahmini Teslim:,refreshed,0,https://www.trendyol.com/nyx-professional-makeup/bare-with-me-kapatici-serum-01-fair-concealer-p-251165087?boutiqueId=61&merchantId=107819
kozmetik:kozmetik-vitrini,52,52,,33,0,32430400,107819,32430400:107819,Maybelline New York Maybelline Lash Sensational Maskara Intense Black Siyah + Sürpriz Kutu Hediye,Maybelline New York,L'Oreal,719,,,InStock,,,,,4.721105415645196,13192,,,"[""107 TL Kupon"",""Kargo Bedava"",""Sepette %15 İndirim"",""Trendyol Plus'a Özel""]",Tahmini Teslim:,refreshed,0,https://www.trendyol.com/maybelline-new-york/maybelline-lash-sensational-maskara-intense-black-siyah-surpriz-kutu-hediye-p-32430400?boutiqueId=61&merchantId=107819
kozmetik:kozmetik-vitrini,53,53,80,25.7,4.3,111314051,151198,111314051:151198,beaulis Finish It Transparan Sabitleyici Pudra 540 - 2050000097508,beaulis,AKCAETİCARET,199.9,,,InStock,,,,,4.360453141091657,1611,54,,"[""3 TL Kupon"",""Sepette %1 İndirim"",""Kargo Bedava""]",Tahmini Teslim:,refreshed,0,https://www.trendyol.com/beaulis/finish-it-transparan-sabitleyici-pudra-540-2050000097508-p-111314051?boutiqueId=61&merchantId=151198
kozmetik:kozmetik-vitrini,54,54,-32,31.8,12.7,114903408,168252,114903408:168252,"Bioderma Atoderm Intensive Balm Atopi Eğilimli Cilt Bebek,Çocuk,Yetişkin Seyahat Boy Nemlendirici Krem 45 ml",Bioderma,OnurFarmakozmetik,308.85,,0.3,InStock,Son 3 günde 250+ ürün satıldı!,3,250,83.3,4.587167070217918,2876,58,,"[""Kargo Bedava""]",Tahmini Teslim:,refreshed,0,https://www.trendyol.com/bioderma/atoderm-intensive-balm-atopi-egilimli-cilt-bebek-cocuk-yetiskin-seyahat-boy-nemlendirici-krem-45-ml-p-114903408?boutiqueId=61&merchantId=168252
kozmetik:kozmetik-vitrini,55,55,9,40.4,20.8,354236050,145234,354236050:145234,S'GLAM Transparan Pudra (Baking Powder),S'GLAM Transparan,SGLAM,499,,16.3,InStock,Son 3 günde 500+ ürün satıldı!,3,500,166.7,4.547742136406104,10238,,,"[""Kargo Bedava""]",Tahmini Teslim:,refreshed,0,https://www.trendyol.com/s-glam/transparan-pudra-baking-powder-p-354236050?boutiqueId=61&merchantId=145234
kozmetik:kozmetik-vitrini,59,59,57,46.7,41.7,777619668,1194314,777619668:1194314,"WOU World of Unique Stick Krem, Koltuk Altı Terleme Önleyici 48 Saat Etkin Koruma Vegan, Kadın Koltuk Altı Stick 75ml",WOU World of Unique,Kozfa Store,249.9,,20.1,InStock,Son 3 günde 1B+ ürün satıldı!,3,1000,333.3,4.397941680960549,5699,9,,"[""Kargo Bedava""]",Tahmini Teslim:,refreshed,0,https://www.trendyol.com/wou-world-of-unique/stick-krem-koltuk-alti-terleme-onleyici-48-saat-etkin-koruma-vegan-kadin-koltuk-alti-stick-75ml-p-777619668?boutiqueId=61&merchantId=1194314
kozmetik:kozmetik-vitrini,60,60,36,30.8,28.4,1108843707,556702,1108843707:556702,Cream Co. Leke Karşıtı Aydınlatıcı Nemlendirici SPF50 Güneş Kremi | Niasinamid Hyalüronik Asit Peptit Seramid,Cream Co.,Cream Co.,289.6,,5.3,InStock,Son 3 günde 500+ ürün satıldı!,3,500,166.7,4.337692307692308,640,23,,"[""Kargo Bedava"",""Trendyol Plus'a Özel""]",Tahmini Teslim:,refreshed,0,https://www.trendyol.com/cream-co/leke-karsiti-aydinlatici-nemlendirici-spf50-gunes-kremi-niasinamid-hyaluronik-asit-peptit-seramid-p-1108843707?boutiqueId=61&merchantId=556702
kozmetik:kozmetik-vitrini,61,61,-22,45,43.3,904256818,1080836,904256818:1080836,gloceans feel the glow Biberiye Suyu Dökülme Karşıtı Ve Saç Uzamasını Destekleyici Saç Toniği %100 Doğal Ve Saf 100 ml,gloceans feel the glow,GLOCEANS,345.9,,16.9,InStock,Son 3 günde 1B+ ürün satıldı!,3,1000,333.3,4.201679496151154,3510,100,,"[""Kargo Bedava""]",Tahmini Teslim:,refreshed,0,https://www.trendyol.com/gloceans-feel-the-glow/biberiye-suyu-dokulme-karsiti-ve-sac-uzamasini-destekleyici-sac-tonigi-100-dogal-ve-saf-100-ml-p-904256818?boutiqueId=61&merchantId=1080836
kozmetik:kozmetik-vitrini,62,62,-39,19.5,10.5,141321976,468928,141321976:468928,Revolution Reloaded Iconic 3.0 15'Li Mat Ve Işıltılı Far Paleti,Revolution,Watsons,329.9,,6.5,InStock,,,,,4.38212927756654,274,15,,"[""Kargo Bedava""]",Tahmini Teslim:,refreshed,0,https://www.trendyol.com/revolution/reloaded-iconic-3-0-15-li-mat-ve-isiltili-far-paleti-p-141321976?boutiqueId=61&merchantId=468928
kozmetik:kozmetik-vitrini,63,63,128,46.8,41.7,1116227440,224434,1116227440:224434,TGC Hair Care Cosmetic TGC Bitkisel Saç Bakım Yağı,TGC Hair Care Cosmetic,TGC Hair Care & Cosmetic,949,,137.3,InStock,Son 3 günde 1B+ ürün satıldı!,3,1000,333.3,4.753056851128199,5900,14,,"[""Kargo Bedava""]",Tahmini Teslim:,refreshed,0,https://www.trendyol.com/tgc-hair-care-cosmetic/tgc-bitkisel-sac-bakim-yagi-p-1116227440?boutiqueId=61&merchantId=224434
kozmetik:kozmetik-vitrini,64,64,18,56.5,50,841178228,650812,841178228:650812,Jeven Brus Kiss Me Erkek Parfüm - Edp 50 ml,Jeven Brus,Jeven Brus Parfüm,1890,,0,InStock,"Son 3 günde 1,5B+ ürün satıldı!",3,1500,500,4.227660699448599,8668,123,,"[""Kargo Bedava""]",Tahmini Teslim:,refreshed,0,https://www.trendyol.com/jeven-brus/kiss-me-erkek-parfum-edp-50-ml-p-841178228?boutiqueId=61&merchantId=650812
kozmetik:kozmetik-vitrini,65,65,-39,36.1,23,848200678,107819,848200678:107819,NYX Professional Makeup Buttermelt Blush 12 Saate Kadar Kalıcı Kremsi Pudra Allık - 04 U Know Butta,NYX Professional Makeup,L'Oreal,1149.99,,100,InStock,Son 3 günde 500+ ürün satıldı!,3,500,166.7,4.638843977364592,2983,,,"[""Sepette %40 İndirim"",""Kargo Bedava""]",Tahmini Teslim:,refreshed,0,https://www.trendyol.com/nyx-professional-makeup/buttermelt-blush-12-saate-kadar-kalici-kremsi-pudra-allik-04-u-know-butta-p-848200678?boutiqueId=61&merchantId=107819
kozmetik:kozmetik-vitrini,67,67,,50.6,41.7,788015692,791156,788015692:791156,The Ceel Tüy İnceltici ve Nemlendirici Süt Isırgan Otu & Hyaluronik Asit Özlü 60 ml,The Ceel,The Ceel,189.02,,,InStock,Son 3 günde 1B+ ürün satıldı!,3,1000,333.3,4.206667570131454,17272,,,"[""Kargo Bedava""]",Tahmini Teslim:,refreshed,0,https://www.trendyol.com/the-ceel/tuy-inceltici-ve-nemlendirici-sut-isirgan-otu-hyaluronik-asit-ozlu-60-ml-p-788015692?boutiqueId=61&merchantId=791156
kozmetik:kozmetik-vitrini,68,68,40,35.4,23.8,844065301,1194094,844065301:1194094,"ILLUSIONE Lumiére Edp Kadın Parfüm 50ml | Tatlı - Vanilya - Gurme | Narenciye, Müge, Orkide, Misk",ILLUSIONE,ILLUSIONE PERFUME,1199,,92.3,InStock,Son 3 günde 500+ ürün satıldı!,3,500,166.7,4.146334716459198,2429,25,,"[""Sepette %35 İndirim"",""Kargo Bedava"",""Trendyol Plus'a Özel""]",Tahmini Teslim:,refreshed,0,https://www.trendyol.com/illusione/lumiere-edp-kadin-parfum-50ml-tatli-vanilya-gurme-narenciye-muge-orkide-misk-p-844065301?boutiqueId=61&merchantId=1194094
kozmetik:kozmetik-vitrini,69,69,-33,29,1,136566534,155838,136566534:155838,Kuatra Calendula Glow Şeftali Highlighter Aydınlatıcı Allık Ruj,Kuatra,KUATRA NATURAL SKIN CARE,271.84,,-1,InStock,,,,,4.634511498688069,4205,-11,,"[""Kargo Bedava""]",Tahmini Teslim:,refreshed,0,https://www.trendyol.com/kuatra/calendula-glow-seftali-highlighter-aydinlatici-allik-ruj-p-136566534?boutiqueId=61&merchantId=155838
kozmetik:kozmetik-vitrini,70,70,19,22.3,22.2,1154679007,107819,1154679007:107819,"Maybelline New York Lifter Gel Ekstra Parlak ve Nemlendirici Dudak Parlatıcısı -06 Strawberry Shake, 24 Saat Nemlendirme",Maybelline New York,L'Oreal,379.96,,0,InStock,Son 3 günde 250+ ürün satıldı!,3,250,83.3,4.634686346863469,186,,,"[""56 TL Kupon"",""Kargo Bedava""]",Tahmini Teslim:,refreshed,0,https://www.trendyol.com/maybelline-new-york/lifter-gel-ekstra-parlak-ve-nemlendirici-dudak-parlaticisi-06-strawberry-shake-24-saat-nemlendirme-p-1154679007?boutiqueId=61&merchantId=107819
kozmetik:kozmetik-vitrini,71,71,-44,22,8,789347353,1121776,789347353:1121776,"ZEYNABEAUTY Beyaz&silver Glitter Toz Sprey, Yüz Ve Vücut Simi Işıltılı",ZEYNABEAUTY,LUXORA KOZMETİK,198.3,,2.9,InStock,,,,,4.725743855109961,562,5,,"[""Kargo Bedava""]",Tahmini Teslim:,refreshed,0,https://www.trendyol.com/zeynabeauty/beyaz-silver-glitter-toz-sprey-yuz-ve-vucut-simi-isiltili-p-789347353?boutiqueId=61&merchantId=1121776
kozmetik:kozmetik-vitrini,72,72,,25.7,4.3,1069183,107819,1069183:107819,Elseve Mucizevi Yağ Her Saç Tipi İçin [Çiçek Özü Yağları] İçeren Saç Güzelleştirici Krem 150ml,Elseve,L'Oreal,224.95,,,InStock,,,,,4.626442812172088,1651,,,"[""Kargo Bedava""]",Tahmini Teslim:,refreshed,0,https://www.trendyol.com/elseve/mucizevi-yag-her-sac-tipi-icin-cicek-ozu-yaglari-iceren-sac-guzellestirici-krem-150ml-p-1069183?boutiqueId=61&merchantId=107819
kozmetik:kozmetik-vitrini,73,73,72,48.6,61.4,1165573238,1158462,1165573238:1158462,NIVOSHE 75ML Diş Beyazlatıcı Jel Parlatıcı Jel 75 ML Teeth Whitening Gel 75ML,NIVOSHE,DEVACOS SAĞLIKLI YAŞAM ÜRÜNLERİ,441.7,,0,InStock,Son 3 günde 2B+ ürün satıldı!,3,2000,666.7,4.5625,209,3,,"[""Kargo Bedava""]",Tahmini Teslim:,refreshed,0,https://www.trendyol.com/nivoshe/75ml-dis-beyazlatici-jel-parlatici-jel-75-ml-teeth-whitening-gel-75ml-p-1165573238?boutiqueId=61&merchantId=1158462
kozmetik:kozmetik-vitrini,74,74,-46,60.5,50,847241440,830154,847241440:830154,CALLİEL Sivilce Ve Siyah Nokta Karşıtı Arındırıcı Salisilik Asit Tonik 200 Ml,CALLİEL,Calliel,399.9,,100.1,InStock,Son 3 günde 2B+ ürün satıldı!,3,2000,666.7,4.255021767356602,6575,59,,"[""Kargo Bedava"",""Sepette %1 İndirim"",""Trendyol Plus'a Özel""]",Tahmini Teslim:,refreshed,0,https://www.trendyol.com/calliel/sivilce-ve-siyah-nokta-karsiti-arindirici-salisilik-asit-tonik-200-ml-p-847241440?boutiqueId=61&merchantId=830154
kozmetik:kozmetik-vitrini,75,75,64,43.1,45.2,985330523,106684,985330523:106684,Skin Sensual Magic Eye Duo Repair & CC Göz Altı Kapatıcısı 15 ml | Onarıcı & Aydınlatıcı | Light to Medium,Skin Sensual,Kozmetix House,799,,122.2,InStock,Son 3 günde 1B+ ürün satıldı!,3,1000,333.3,4.190983403517463,2022,,,"[""Sepette %55 İndirim"",""Kargo Bedava"",""Süper Fırsat Ürünü""]",Tahmini Teslim:,refreshed,0,https://www.trendyol.com/skin-sensual/magic-eye-duo-repair-cc-goz-alti-kapaticisi-15-ml-onarici-aydinlatici-light-to-medium-p-985330523?boutiqueId=61&merchantId=106684
kozmetik:kozmetik-vitrini,76,76,96,30.8,28.4,905842320,1175518,905842320:1175518,Orbitmoon 1 Adet Dış Mekan Çok Dilimli Taşınabilir Kamp Çocuk Tuvalet Pratik Çiçek Desenli Sihirli Sabun,Orbitmoon,PANGO,8.31,,,InStock,Son 3 günde 500+ ürün satıldı!,3,500,166.7,3.9609310058187863,633,5,,"[""Kargo Bedava"",""Trendyol Plus'a Özel""]",Tahmini Teslim:,refreshed,0,https://www.trendyol.com/orbitmoon/1-adet-dis-mekan-cok-dilimli-tasinabilir-kamp-cocuk-tuvalet-pratik-cicek-desenli-sihirli-sabun-p-905842320?boutiqueId=61&merchantId=1175518
kozmetik:kozmetik-vitrini,77,77,7,31.2,28,891538884,630280,891538884:630280,Batekso Çıtır Kiraz Desenli Makyaj Çantası - Büyük Boy,Batekso,Batekso,159.9,,0,InStock,Son 3 günde 500+ ürün satıldı!,3,500,166.7,4.7886925795053,719,3,,"[""Kargo Bedava""]",Tahmini Teslim:,refreshed,0,https://www.trendyol.com/batekso/citir-kiraz-desenli-makyaj-cantasi-buyuk-boy-p-891538884?boutiqueId=61&merchantId=630280
kozmetik:kozmetik-vitrini,78,78,-4,21,9,896256684,115545,896256684:115545,"Sheland Dermastamp 140 Titanyum İğneli , Collagen Serum - Ayarlanabilir 10 İğne 0.25 mm - 3.00 mm",Sheland,Sheland,451.13,,0,InStock,,,,,4.392388451443571,415,4,,"[""Kargo Bedava""]",Tahmini Teslim:,refreshed,0,https://www.trendyol.com/sheland/dermastamp-140-titanyum-igneli-collagen-serum-ayarlanabilir-10-igne-0-25-mm-3-00-mm-p-896256684?boutiqueId=61&merchantId=115545
kozmetik:kozmetik-vitrini,79,79,8,39.3,20.8,4050157,104886,4050157:104886,"Missha Pirinç Özlü, Ölü Derileri Arındıran, Aydınlatıcı,Peeling Etkili Maske Pure Source Pocket Pack (RİCE)",Missha,Missha Türkiye,69.9,,0,InStock,Son 3 günde 500+ ürün satıldı!,3,500,166.7,4.513160923950579,7517,66,,"[""Kargo Bedava""]",Tahmini Teslim:,refreshed,0,https://www.trendyol.com/missha/pirinc-ozlu-olu-derileri-arindiran-aydinlatici-peeling-etkili-maske-pure-source-pocket-pack-rice-p-4050157?boutiqueId=61&merchantId=104886
kozmetik:kozmetik-vitrini,80,80,-76,32.8,0,32332095,117151,32332095:117151,Bargello ERKEK PARFÜM 561 FRESH 50 ML EDP 8691841304531,Bargello,ONLİNE PARFUM,600,,0,InStock,,,,,4.52344101871187,12719,-60,,"[""Kargo Bedava""]",Tahmini Teslim:,refreshed,0,https://www.trendyol.com/bargello/erkek-parfum-561-fresh-50-ml-edp-8691841304531-p-32332095?boutiqueId=61&merchantId=117151
kozmetik:kozmetik-vitrini,81,81,53,26.4,3.6,55417174,1029911,55417174:1029911,beaulis Fake It Maskara Hacimli Ve Uzun Kirpikler - 100 Black,beaulis,DGH Markt,194,,1,InStock,,,,,4.525428413488115,1966,57,,"[""Sepette %1 İndirim"",""Kargo Bedava""]",Tahmini Teslim:,refreshed,0,https://www.trendyol.com/beaulis/fake-it-maskara-hacimli-ve-uzun-kirpikler-100-black-p-55417174?boutiqueId=61&merchantId=1029911
kozmetik:kozmetik-vitrini,82,82,32,38.9,49.4,1145363142,1142754,1145363142:1142754,VULLY Glow Chanera Argan yağlı besleyici ve Panthenol içerikli ışıltı veren Saç Parfümü 100 Ml,VULLY,ORABELLA KOZMETİK,499,,25,InStock,Son 3 günde 1B+ ürün satıldı!,3,1000,333.3,4.068444444444444,603,9,,"[""Sepette %20 İndirim"",""Kargo Bedava"",""Trendyol Plus'a Özel""]",Tahmini Teslim:,refreshed,0,https://www.trendyol.com/vully/glow-chanera-argan-yagli-besleyici-ve-panthenol-icerikli-isilti-veren-sac-parfumu-100-ml-p-1145363142?boutiqueId=61&merchantId=1142754
kozmetik:kozmetik-vitrini,83,83,-25,24.5,5.5,175354560,468928,175354560:468928,Revolution Reloaded Dare To Divulge Aydınlatıcı,Revolution,Watsons,299.9,,0,InStock,,,,,4.593127490039841,1159,82,,"[""Kargo Bedava""]",Tahmini Teslim:,refreshed,0,https://www.trendyol.com/revolution/reloaded-dare-to-divulge-aydinlatici-p-175354560?boutiqueId=61&merchantId=468928
kozmetik:kozmetik-vitrini,84,84,51,30,29.2,1073360532,1168206,1073360532:1168206,Pantene Molecular Bond Repair Yıpranmış Saçlar İçin Bağ Onarıcı Durulanmayan Saç Bakım Kremi 90 ml,Pantene,P&G Türkiye,355.71,,33.3,InStock,Son 3 günde 500+ ürün satıldı!,3,500,166.7,4.592371871275327,506,7,,"[""Sepette %25 İndirim"",""Kargo Bedava""]",Tahmini Teslim:,refreshed,0,https://www.trendyol.com/pantene/molecular-bond-repair-yipranmis-saclar-icin-bag-onarici-durulanmayan-sac-bakim-kremi-90-ml-p-1073360532?boutiqueId=61&merchantId=1168206
kozmetik:kozmetik-vitrini,85,85,81,37.2,22,178645665,107819,178645665:107819,L'Oreal Paris L'oréal Paris Revitalift Filler Dolgunlaştırıcı Tonik 200ml - Hyaluronik Asit,L'Oreal Paris,L'Oreal,103.45,,0,InStock,Son 3 günde 500+ ürün satıldı!,3,500,166.7,4.510693641618497,4001,27,,"[""15 TL Kupon"",""Sepette %2 İndirim"",""Kargo Bedava"",""Trendyol Plus'a Özel""]",Tahmini Teslim:,refreshed,0,https://www.trendyol.com/l-oreal-paris/l-oreal-paris-revitalift-filler-dolgunlastirici-tonik-200ml-hyaluronik-asit-p-178645665?boutiqueId=61&merchantId=107819
kozmetik:kozmetik-vitrini,89,89,110,26.6,3.4,329090366,111393,329090366:111393,Nascita Açılır/kapanır Yüz Ustura Seti 2'li - 16,Nascita,ÇAĞLAR FARMA,159.9,,0,InStock,,,,,4.4255635372801585,2097,-3,,"[""Sepette %20 İndirim"",""Kargo Bedava""]",Tahmini Teslim:,refreshed,0,https://www.trendyol.com/nascita/acilir-kapanir-yuz-ustura-seti-2-li-16-p-329090366?boutiqueId=61&merchantId=111393
kozmetik:kozmetik-vitrini,90,90,-15,32.8,26.4,870103379,885839,870103379:885839,"FRANKLY Pirinç Özü, 9 Çeşit peptit ve Kolajen İçeren Gözenek Sıkılaştırıcı Closer Toner Pad 70 Adet 105ml",FRANKLY,Frankly Türkiye,1199,,17.6,InStock,Son 3 günde 500+ ürün satıldı!,3,500,166.7,4.518433179723504,1131,1,,"[""Sepette %15 İndirim"",""Kargo Bedava""]",Tahmini Teslim:,refreshed,0,https://www.trendyol.com/frankly/pirinc-ozu-9-cesit-peptit-ve-kolajen-iceren-gozenek-sikilastirici-closer-toner-pad-70-adet-105ml-p-870103379?boutiqueId=61&merchantId=885839
kozmetik:kozmetik-vitrini,91,91,66,32.2,12.4,814330140,107819,814330140:107819,L'Oreal Paris Infaillible Makyaj Sabitleyici Sprey 75 ml - Makyajı Sabitleyen 36 Saate Kadar Kalıcı Sprey,L'Oreal Paris,L'Oreal,575.96,,0,InStock,Son 3 günde 250+ ürün satıldı!,3,250,83.3,4.232516861909833,3213,81,,"[""86 TL Kupon"",""Kargo Bedava""]",Tahmini Teslim:,refreshed,0,https://www.trendyol.com/l-oreal-paris/infaillible-makyaj-sabitleyici-sprey-75-ml-makyaji-sabitleyen-36-saate-kadar-kalici-sprey-p-814330140?boutiqueId=61&merchantId=107819
kozmetik:kozmetik-vitrini,93,93,47,38.5,20.8,5217311,107819,5217311:107819,L'Oreal Paris Infaillible Tüm Yüze Uygulanabilir Kapatıcı 322 Neutre Concealer,L'Oreal Paris,L'Oreal,719.96,,0,InStock,Son 3 günde 500+ ürün satıldı!,3,500,166.7,4.478013029315961,5935,148,,"[""179 TL Kupon"",""Kargo Bedava""]",Tahmini Teslim:,refreshed,0,https://www.trendyol.com/l-oreal-paris/infaillible-tum-yuze-uygulanabilir-kapatici-322-neutre-concealer-p-5217311?boutiqueId=61&merchantId=107819
kozmetik:kozmetik-vitrini,94,94,26,19.3,10.7,865248601,196129,865248601:196129,"Bioderma Atoderm Cream Ultra Normal Ve Kuru Ciltler İçin Nemlendirici Yüz, Vücut Bakım Kremi 500 ml 200 ml",Bioderma,DERMOJET,1441.9,,-0.4,InStock,,,,,4.612204724409449,259,20,,"[""Kargo Bedava"",""Son 10 Günün En Düşük Fiyatı""]",Tahmini Teslim:,refreshed,0,https://www.trendyol.com/bioderma/atoderm-cream-ultra-normal-ve-kuru-ciltler-icin-nemlendirici-yuz-vucut-bakim-kremi-500-ml-200-ml-p-865248601?boutiqueId=61&merchantId=196129
kozmetik:kozmetik-vitrini,95,95,-77,35.5,23.7,848718397,791156,848718397:791156,The Ceel 3’lü Saç Bakım Seti – Dökülmeye Eğilimli ve Yıpranmış Saçlar İçin,The Ceel,The Ceel,999.9,,121,InStock,Son 3 günde 500+ ürün satıldı!,3,500,166.7,4.348822927328557,2476,494,,"[""150 TL Kupon"",""Kargo Bedava""]",Tahmini Teslim:,refreshed,0,https://www.trendyol.com/the-ceel/3-lu-sac-bakim-seti-dokulmeye-egilimli-ve-yipranmis-saclar-icin-p-848718397?boutiqueId=61&merchantId=791156
kozmetik:kozmetik-vitrini,96,96,-63,26.7,3.3,1262975,107819,1262975:107819,Maybelline New York Lash Sensational Yelpaze Etkili Siyah Maskara,Maybelline New York,L'Oreal,629.96,,0,InStock,,,,,4.615139637432631,2149,100,,"[""94 TL Kupon"",""Kargo Bedava"",""Sepette %15 İndirim""]",Tahmini Teslim:,refreshed,0,https://www.trendyol.com/maybelline-new-york/lash-sensational-yelpaze-etkili-siyah-maskara-p-1262975?boutiqueId=61&merchantId=107819
kozmetik:kozmetik-vitrini,97,97,15,12.6,17.4,1147624627,2727,1147624627:2727,Pierre Cardin Color Travel Eyeshadow Pen-Green to Gold-106,Pierre Cardin,Miorre,273,,122.9,InStock,,,,,4.621212121212121,37,4,,"[""Sepette %60 İndirim"",""Sepette %2 İndirim"",""Kargo Bedava""]",Tahmini Teslim:,refreshed,0,https://www.trendyol.com/pierre-cardin/color-travel-eyeshadow-pen-green-to-gold-106-p-1147624627?boutiqueId=61&merchantId=2727
kozmetik:kozmetik-vitrini,98,98,-35,24,6,931192616,1082710,931192616:1082710,"NatuCare Biberiye Mucizesi 4'lü Saç Bakım Seti Dökülme Karşıtı ,hızlı Uzamaya Yardımcı,yıpranmış Saçlara Özel",NatuCare,Natucare,847.77,,105.7,InStock,,,,,4.363279056709714,1010,63,,"[""Kargo Bedava""]",Tahmini Teslim:,refreshed,0,https://www.trendyol.com/natucare/biberiye-mucizesi-4-lu-sac-bakim-seti-dokulme-karsiti-hizli-uzamaya-yardimci-yipranmis-saclara-ozel-p-931192616?boutiqueId=61&merchantId=1082710
kozmetik:kozmetik-vitrini,99,99,-46,38.6,20.8,6394920,135081,6394920:135081,Radix Saç Dökülmesine Karşı Serum Sprey (%5 Procapil) - Anti Hair Loss Lotion 60ML,Radix,JUVERA & RADIX - Juveco,649.9,,132.2,InStock,Son 3 günde 500+ ürün satıldı!,3,500,166.7,3.9370551807006193,6037,122,,"[""Sepette %35 İndirim"",""Kargo Bedava"",""Süper Fırsat Ürünü""]",Tahmini Teslim:,refreshed,0,https://www.trendyol.com/radix/sac-dokulmesine-karsi-serum-sprey-5-procapil-anti-hair-loss-lotion-60ml-p-6394920?boutiqueId=61&merchantId=135081
kozmetik:kozmetik-vitrini,100,100,2,34.1,25.1,936185837,107819,936185837:107819,NYX Professional Makeup Buttermelt Highlighter Kremsi Pudra Aydınlatıcı - 05 Bright & Butta,NYX Professional Makeup,L'Oreal,1149.99,,100,InStock,Son 3 günde 500+ ürün satıldı!,3,500,166.7,4.572094691535151,1665,,,"[""Sepette %40 İndirim"",""Kargo Bedava""]",Tahmini Teslim:,refreshed,0,https://www.trendyol.com/nyx-professional-makeup/buttermelt-highlighter-kremsi-pudra-aydinlatici-05-bright-butta-p-936185837?boutiqueId=61&merchantId=107819
kozmetik:kozmetik-vitrini,102,102,-30,65,50,94542562,138065,94542562:138065,Bargello 122 Kadın 50 ml Parfüm Edp Orıental,Bargello,Bargello,600,,0,InStock,Son 3 günde 2B+ ürün satıldı!,3,2000,666.7,4.511707869080779,23632,,,"[""Kargo Bedava""]",Tahmini Teslim:,refreshed,0,https://www.trendyol.com/bargello/122-kadin-50-ml-parfum-edp-oriental-p-94542562?boutiqueId=61&merchantId=138065
kozmetik:kozmetik-vitrini,103,103,-44,20.9,9.1,948349885,1082710,948349885:1082710,"NatuCare 4'lü Biberiye Saç Bakım Set Dökülme karşıtı ,Hızlı Uzama Etkiki,Onarıcı (Şampuan-Tonik-Yağ-Maske)",NatuCare,Natucare,877.7,,124.8,InStock,,,,,4.532307692307692,414,24,,"[""Kargo Bedava""]",Tahmini Teslim:,refreshed,0,https://www.trendyol.com/natucare/4-lu-biberiye-sac-bakim-set-dokulme-karsiti-hizli-uzama-etkiki-onarici-sampuan-tonik-yag-maske-p-948349885?boutiqueId=61&merchantId=1082710
kozmetik:kozmetik-vitrini,104,104,-42,27.8,31.3,1147187328,104968,1147187328:104968,"JEONJU Antioksidan,Yoğun Nemlendirici,Leke bakımı Resveratrol Sprey",JEONJU,Happy Center,299.99,,1.7,InStock,Son 3 günde 500+ ürün satıldı!,3,500,166.7,4.286324786324786,274,1,,"[""Kargo Bedava"",""Trendyol Plus'a Özel""]",Tahmini Teslim:,refreshed,0,https://www.trendyol.com/jeonju/antioksidan-yogun-nemlendirici-leke-bakimi-resveratrol-sprey-p-1147187328?boutiqueId=61&merchantId=104968
kozmetik:kozmetik-vitrini,105,105,11,42.4,20.8,1263063,105153,1263063:105153,Maybelline New York Lash Sensational Yelpaze Etkili Intense Black Maskara - Ekstra Siyah,Maybelline New York,Daily Glow Shop,500,,-5.6,InStock,Son 3 günde 500+ ürün satıldı!,3,500,166.7,4.67298290364702,18003,,,"[""Kargo Bedava"",""Son 10 Günün En Düşük Fiyatı""]",Tahmini Teslim:,refreshed,0,https://www.trendyol.com/maybelline-new-york/lash-sensational-yelpaze-etkili-intense-black-maskara-ekstra-siyah-p-1263063?boutiqueId=61&merchantId=105153
kozmetik:kozmetik-vitrini,106,106,-52,58,52,900146299,830154,900146299:830154,"CALLİEL Siyah Nokta Karşıtı, Onarıcı Blackhead Bubble 120 Ml",CALLİEL,Calliel,379,,89.6,InStock,Son 3 günde 2B+ ürün satıldı!,3,2000,666.7,4.203759854457246,3145,65,,"[""Kargo Bedava"",""Sepette %1 İndirim"",""Trendyol Plus'a Özel""]",Tahmini Teslim:,refreshed,0,https://www.trendyol.com/calliel/siyah-nokta-karsiti-onarici-blackhead-bubble-120-ml-p-900146299?boutiqueId=61&merchantId=830154
kozmetik:kozmetik-vitrini,107,107,-67,26.8,3.2,74878952,468928,74878952:468928,Revolution Forever Flawless Paleti Affinity 18'li Far Paleti,Revolution,Watsons,619.9,,0,InStock,,,,,4.573458368854789,2254,125,,"[""Kargo Bedava""]",Tahmini Teslim:,refreshed,0,https://www.trendyol.com/revolution/forever-flawless-paleti-affinity-18-li-far-paleti-p-74878952?boutiqueId=61&merchantId=468928
kozmetik:kozmetik-vitrini,108,108,,26.3,3.7,2589226,136127,2589226:136127,Clinomyn Smokers Sigara Içenler Için Diş Beyazlatan Diş Macunu 75 ml,Clinomyn,Cosmopera,299.9,,,InStock,,,,,4.231030577576443,1956,,,"[""Kargo Bedava""]",Tahmini Teslim:,refreshed,0,https://www.trendyol.com/clinomyn/smokers-sigara-icenler-icin-dis-beyazlatan-dis-macunu-75-ml-p-2589226?boutiqueId=61&merchantId=136127
kozmetik:kozmetik-vitrini,109,109,28,31.8,12.8,885400816,107819,885400816:107819,"L'Oreal Paris Lumi Blush Likit Allık 630 Glowy True Rose - Pembe Tonlu, Aydınlık, Canlı ve Doğal Işıltı Veren",L'Oreal Paris Lumi,L'Oreal,479.96,,0,InStock,Son 3 günde 250+ ürün satıldı!,3,250,83.3,4.629749856788237,2843,,,"[""71 TL Kupon"",""Kargo Bedava"",""Son 10 Günün En Düşük Fiyatı""]",Tahmini Teslim:,refreshed,0,https://www.trendyol.com/l-oreal-paris/lumi-blush-likit-allik-630-glowy-true-rose-pembe-tonlu-aydinlik-canli-ve-dogal-isilti-veren-p-885400816?boutiqueId=61&merchantId=107819
kozmetik:kozmetik-vitrini,110,110,-3,27.8,2.2,98901142,104886,98901142:104886,Missha Ciltle Bütünleşen Kalıcı Likit Aydınlatıcı Juicy-Pang Water Highlighter (PK01),Missha,Missha Türkiye,374.9,,0,InStock,,,,,4.530212084833933,2985,,,"[""Kargo Bedava"",""Trendyol Plus'a Özel""]",Tahmini Teslim:,refreshed,0,https://www.trendyol.com/missha/ciltle-butunlesen-kalici-likit-aydinlatici-juicy-pang-water-highlighter-pk01-p-98901142?boutiqueId=61&merchantId=104886
kozmetik:kozmetik-vitrini,114,114,-1,25,19.6,1071762699,217992,1071762699:217992,MATSU Pillow Saç ve Vücut Misti 50 ml | Tatlı Notalar | Hair and Body Mist,MATSU,Matsu Professional,639.05,,0,InStock,Son 3 günde 250+ ürün satıldı!,3,250,83.3,3.642967542503864,398,6,,"[""50 TL Kupon"",""Kargo Bedava""]",Tahmini Teslim:,refreshed,0,https://www.trendyol.com/matsu/pillow-sac-ve-vucut-misti-50-ml-tatli-notalar-hair-and-body-mist-p-1071762699?boutiqueId=61&merchantId=217992
kozmetik:kozmetik-vitrini,115,115,6,34.4,24.8,885633782,138065,885633782:138065,Bargello 444 KADIN 50 ml PARFÜM EDP ORIENTAL,Bargello,Bargello,600,,0,InStock,Son 3 günde 500+ ürün satıldı!,3,500,166.7,4.505692863093586,1793,96,,"[""Kargo Bedava""]",Tahmini Teslim:,refreshed,0,https://www.trendyol.com/bargello/444-kadin-50-ml-parfum-edp-oriental-p-885633782?boutiqueId=61&merchantId=138065
kozmetik:kozmetik-vitrini,116,116,20,30.6,28.6,857264549,4473,857264549:4473,Flormar Hacim Veren Besleyici Maskara (SİYAH) - Carefull Volume - 000 Black - 8682536084093,Flormar,Flormar,285.99,,-0.2,InStock,Son 3 günde 500+ ürün satıldı!,3,500,166.7,4.341443633414436,602,30,,"[""Kargo Bedava""]",Tahmini Teslim:,refreshed,0,https://www.trendyol.com/flormar/hacim-veren-besleyici-maskara-siyah-carefull-volume-000-black-8682536084093-p-857264549?boutiqueId=61&merchantId=4473
kozmetik:kozmetik-vitrini,117,117,-11,32.7,26.5,1039596250,556702,1039596250:556702,Cream Co. Allık Ruj Göz Farı Glow Tint Dusty Rose Nemlendirici Makyaj | Gülkurusu | Hyaluronik Asit Peptit,Cream Co.,Cream Co.,199.9,,0,InStock,Son 3 günde 500+ ürün satıldı!,3,500,166.7,4.488139825218477,1097,,,"[""Kargo Bedava""]",Tahmini Teslim:,refreshed,0,https://www.trendyol.com/cream-co/allik-ruj-goz-fari-glow-tint-dusty-rose-nemlendirici-makyaj-gulkurusu-hyaluronik-asit-peptit-p-1039596250?boutiqueId=61&merchantId=556702
kozmetik:kozmetik-vitrini,118,118,82,37.8,21.3,36381584,245935,36381584:245935,Avene Cicalfate+ Hassas ve Yıpranmış Ciltler için Yatıştırıcı ve Onarıcı Bakım Kremi 40 ml,Avene,Kozvit,599.8,,-0.4,InStock,Son 3 günde 500+ ürün satıldı!,3,500,166.7,4.3247853193741905,4867,171,,"[""Kargo Bedava"",""Trendyol Plus'a Özel""]",Tahmini Teslim:,refreshed,0,https://www.trendyol.com/avene/cicalfate-hassas-ve-yipranmis-ciltler-icin-yatistirici-ve-onarici-bakim-kremi-40-ml-p-36381584?boutiqueId=61&merchantId=245935
kozmetik:kozmetik-vitrini,120,120,38,17.5,12.5,1027317771,1194116,1027317771:1194116,Celimax Retinal Shot Tightening Booster 15ml,Celimax,Shine Kozmetiks,880,,,InStock,,,,,4.359735973597359,154,10,,"[""Kargo Bedava""]",Tahmini Teslim:,refreshed,0,https://www.trendyol.com/celimax/retinal-shot-tightening-booster-15ml-p-1027317771?boutiqueId=61&merchantId=1194116
kozmetik:kozmetik-vitrini,123,123,31,23,7,839836821,357668,839836821:357668,MUJGAN Kararma Karşıtı Cilt Beyazlatıcı Krem,MUJGAN,Ucuz Al,189,,0,InStock,,,,,3.502915451895044,742,7,,"[""Kargo Bedava"",""Son 10 Günün En Düşük Fiyatı"",""Trendyol Plus'a Özel""]",Tahmini Teslim:,refreshed,0,https://www.trendyol.com/mujgan/kararma-karsiti-cilt-beyazlatici-krem-p-839836821?boutiqueId=61&merchantId=357668
kozmetik:kozmetik-vitrini,124,124,-93,18.9,11.1,793861902,138065,793861902:138065,Bargello 308 Kadın 50 ml Parfüm Edp Fresh Rsmstc,Bargello,Bargello,300,,0,InStock,,,,,4.1485587583148575,227,10,,"[""Kargo Bedava""]",Tahmini Teslim:,refreshed,0,https://www.trendyol.com/bargello/308-kadin-50-ml-parfum-edp-fresh-rsmstc-p-793861902?boutiqueId=61&merchantId=138065
kozmetik:kozmetik-vitrini,125,125,-62,29.1,0.9,1262976,107819,1262976:107819,Maybelline New York Lash Sensational Yelpaze Etkili Suya Dayanıklı Siyah Maskara,Maybelline New York,L'Oreal,629.96,,0,InStock,,,,,4.511830296437313,4286,,,"[""94 TL Kupon"",""Kargo Bedava""]",Tahmini Teslim:,refreshed,0,https://www.trendyol.com/maybelline-new-york/lash-sensational-yelpaze-etkili-suya-dayanikli-siyah-maskara-p-1262976?boutiqueId=61&merchantId=107819
kozmetik:kozmetik-vitrini,126,126,-23,32.6,26.5,353751631,565865,353751631:565865,Agarta Doğal El Yapımı Cilt Beyazlatıcı Pirinç Sabunu 150 Gr,Agarta,AGARTA BİTKİSEL KOZMETİK,90.11,,16.8,InStock,Son 3 günde 500+ ürün satıldı!,3,500,166.7,4.452554744525547,1091,48,,"[""Kargo Bedava"",""Trendyol Plus'a Özel""]",Tahmini Teslim:,refreshed,0,https://www.trendyol.com/agarta/dogal-el-yapimi-cilt-beyazlatici-pirinc-sabunu-150-gr-p-353751631?boutiqueId=61&merchantId=565865
kozmetik:kozmetik-vitrini,127,127,-91,23.4,6.6,860172708,713034,860172708:713034,MOEN Profesyonel Diş Beyazlatma Seti 16 Led,MOEN,MOEN GLOBAL,1290,,43.4,InStock,,,,,4.376623376623376,848,2,,"[""Kargo Bedava""]",Tahmini Teslim:,refreshed,0,https://www.trendyol.com/moen/profesyonel-dis-beyazlatma-seti-16-led-p-860172708?boutiqueId=61&merchantId=713034
kozmetik:kozmetik-vitrini,128,128,64,24.8,5.2,208029821,115294,208029821:115294,La Cire Kaş Şekillendirici Wax 50 Ml,La Cire,parfummoda,99.9,,0,InStock,,,,,4.233272227314391,1250,,,"[""Kargo Bedava""]",Tahmini Teslim:,refreshed,0,https://www.trendyol.com/la-cire/kas-sekillendirici-wax-50-ml-p-208029821?boutiqueId=61&merchantId=115294
kozmetik:kozmetik-vitrini,129,129,27,32,12.6,782524026,1147300,782524026:1147300,Uraw Tüy Dökücü Epilasyon Kremi | Hızlı Sonuç & Acısız Uygulama 250 ml,Uraw,Uraw Company,494.72,,5.1,InStock,Son 3 günde 250+ ürün satıldı!,3,250,83.3,3.554464090809867,3033,66,,"[""Kargo Bedava""]",Tahmini Teslim:,refreshed,0,https://www.trendyol.com/uraw/tuy-dokucu-epilasyon-kremi-hizli-sonuc-acisiz-uygulama-250-ml-p-782524026?boutiqueId=61&merchantId=1147300
kozmetik:kozmetik-vitrini,130,130,-11,59.6,50.4,277595826,120843,277595826:120843,MAMAAURA Hamileler Için Çatlak Önleyici - Maximum Elasticity Cream 150 ml,MAMAAURA,ONUR MARKET,423.29,,5.3,InStock,Son 3 günde 2B+ ürün satıldı!,3,2000,666.7,4.428216704288939,4941,-45,,"[""50 TL Kupon"",""Kargo Bedava"",""Son 10 Günün En Düşük Fiyatı"",""Trendyol Plus'a Özel""]",Tahmini Teslim:,refreshed,0,https://www.trendyol.com/mamaaura/hamileler-icin-catlak-onleyici-maximum-elasticity-cream-150-ml-p-277595826?boutiqueId=61&merchantId=120843
kozmetik:kozmetik-vitrini,131,131,-88,33.2,26,754766166,852210,754766166:852210,GIGI MILANO Erkek Parfüm - Las Vegas Night Pour Homme Erkek Parfüm 50 Ml Afrodizyak erkek parfüm,GIGI MILANO,Gigi Milano,1980,,0,InStock,Son 3 günde 500+ ürün satıldı!,3,500,166.7,4.513527054108216,1275,47,,"[""Kargo Bedava""]",Tahmini Teslim:,refreshed,0,https://www.trendyol.com/gigi-milano/erkek-parfum-las-vegas-night-pour-homme-erkek-parfum-50-ml-afrodizyak-erkek-parfum-p-754766166?boutiqueId=61&merchantId=852210
kozmetik:kozmetik-vitrini,132,132,-8,35.4,23.8,928299511,310522,928299511:310522,"Alix Avien Küçük Boy Çantalı Seyahat Makyaj Fırça Seti - 10 Çeşit Fırça Ucu, Aplikatör",Alix Avien,Alix Avien,949.9,,0,InStock,Son 3 günde 500+ ürün satıldı!,3,500,166.7,4.328214531285813,2430,13,,"[""Kargo Bedava""]",Tahmini Teslim:,refreshed,0,https://www.trendyol.com/alix-avien/kucuk-boy-cantali-seyahat-makyaj-firca-seti-10-cesit-firca-ucu-aplikator-p-928299511?boutiqueId=61&merchantId=310522
kozmetik:kozmetik-vitrini,133,133,-65,53.3,56.7,1138309399,830154,1138309399:830154,"CALLİEL 72 Saat Yoğun Nemlendirme Etikili, 20 SPF, 4D Hyaluronic Acid ve Cica Complex, Bariyer Destekleyici Nemlendirici 90 ML",CALLİEL,Calliel,415,,107.6,InStock,Son 3 günde 2B+ ürün satıldı!,3,2000,666.7,4.1345029239766085,828,13,,"[""Kargo Bedava"",""Trendyol Plus'a Özel""]",Tahmini Teslim:,refreshed,0,https://www.trendyol.com/calliel/72-saat-yogun-nemlendirme-etikili-20-spf-4d-hyaluronic-acid-ve-cica-complex-bariyer-destekleyici-nemlendirici-90-ml-p-1138309399?boutiqueId=61&merchantId=830154
kozmetik:kozmetik-vitrini,134,134,-129,24.5,5.5,1058945371,318526,1058945371:318526,"WOU World of Unique Stick Fondöten, Fırçalı Pratik Kapatıcı, 2 in 1, 20 gr, Orta Ton",WOU World of Unique,WOU World of Unique,699.9,,104,InStock,,,,,4.021021021021021,1160,11,,"[""Kargo Bedava""]",Tahmini Teslim:,refreshed,0,https://www.trendyol.com/wou-world-of-unique/stick-fondoten-fircali-pratik-kapatici-2-in-1-20-gr-orta-ton-p-1058945371?boutiqueId=61&merchantId=318526
kozmetik:kozmetik-vitrini,135,135,47,36.9,10.4,345504716,716097,345504716:716097,Baga Dış Genital Bölge Beyazlatıcı Krem 100 ml,Baga,FORNAX,198,,0,InStock,Son 3 günde 250+ ürün satıldı!,3,250,83.3,4.027947555205047,12391,100,,"[""Kargo Bedava""]",Tahmini Teslim:,refreshed,0,https://www.trendyol.com/baga/dis-genital-bolge-beyazlatici-krem-100-ml-p-345504716?boutiqueId=61&merchantId=716097
kozmetik:kozmetik-vitrini,137,137,53,42.5,20.8,782969121,1191663,782969121:1191663,"Clasy Care Face Up Skin Kremi, Izi Ve 40ml",Clasy Care,das Regular,389,,,InStock,Son 3 günde 500+ ürün satıldı!,3,500,166.7,4.000129792591439,18853,,,"[""Kargo Bedava"",""Sepette %1 İndirim""]",Tahmini Teslim:,refreshed,0,https://www.trendyol.com/clasy-care/face-up-skin-kremi-izi-ve-40ml-p-782969121?boutiqueId=61&merchantId=1191663
kozmetik:kozmetik-vitrini,139,139,,18.2,11.8,289285043,1083177,289285043:1083177,Eyüp Sabri Tuncer Japon Kiraz Çiçeği Doğal Zeytinyağlı El ve Vücut Kremi 50 ml,Eyüp Sabri Tuncer,DAĞDEVİREN GROSS,120.77,,,InStock,,,,,4.736231884057971,188,,,"[""Kargo Bedava"",""Trendyol Plus'a Özel""]",Tahmini Teslim:,refreshed,0,https://www.trendyol.com/eyup-sabri-tuncer/japon-kiraz-cicegi-dogal-zeytinyagli-el-ve-vucut-kremi-50-ml-p-289285043?boutiqueId=61&merchantId=1083177
kozmetik:kozmetik-vitrini,140,140,-56,24.8,5.2,1063917638,1279865,1063917638:1279865,La Vielle Daydream Bare Vanilla 200 ml,La Vielle,Viel Kozmetik,350,,5.7,InStock,,,,,3.6941176470588237,1276,102,,"[""Kargo Bedava"",""Trendyol Plus'a Özel""]",Tahmini Teslim:,refreshed,0,https://www.trendyol.com/la-vielle/daydream-bare-vanilla-200-ml-p-1063917638?boutiqueId=61&merchantId=1279865
kozmetik:kozmetik-vitrini,142,142,-32,24.4,34.8,1185666558,224434,1185666558:224434,TGC Hair Care Cosmetic Yüz Maskesi Seti 3'lü Sheet Mask Niasinamid C Vitamini Hyalüronik Asit Aydınlatıcı Kağıt Maske,TGC Hair Care Cosmetic,TGC Hair Care & Cosmetic,349,,39.6,InStock,Son 3 günde 500+ ürün satıldı!,3,500,166.7,4.864864864864865,101,2,,"[""Kargo Bedava""]",Tahmini Teslim:,refreshed,0,https://www.trendyol.com/tgc-hair-care-cosmetic/yuz-maskesi-seti-3-lu-sheet-mask-niasinamid-c-vitamini-hyaluronik-asit-aydinlatici-kagit-maske-p-1185666558?boutiqueId=61&merchantId=224434
kozmetik:kozmetik-vitrini,144,144,-67,29.9,14.7,892687891,107819,892687891:107819,NYX Professional Makeup Face Glue Primer 12 Saate Kadar Kalıcı Nemlendirici Makyaj Bazı,NYX Professional Makeup,L'Oreal,829.99,,66.7,InStock,Son 3 günde 250+ ürün satıldı!,3,250,83.3,4.413312693498452,1655,75,,"[""Sepette %35 İndirim"",""Kargo Bedava""]",Tahmini Teslim:,refreshed,0,https://www.trendyol.com/nyx-professional-makeup/face-glue-primer-12-saate-kadar-kalici-nemlendirici-makyaj-bazi-p-892687891?boutiqueId=61&merchantId=107819
kozmetik:kozmetik-vitrini,146,146,-49,31.9,27.3,954976526,830154,954976526:830154,"CALLİEL Görünmeyen, Şeffaf & Doğal Bitişli Nemlendirici Etkili 50 SPF Makyaj Bazı 80 Ml",CALLİEL,Calliel,419.9,,110.1,InStock,Son 3 günde 500+ ürün satıldı!,3,500,166.7,4.2785388127853885,871,9,,"[""Kargo Bedava"",""Trendyol Plus'a Özel""]",Tahmini Teslim:,refreshed,0,https://www.trendyol.com/calliel/gorunmeyen-seffaf-dogal-bitisli-nemlendirici-etkili-50-spf-makyaj-bazi-80-ml-p-954976526?boutiqueId=61&merchantId=830154
kozmetik:kozmetik-vitrini,147,147,-28,33.9,54.4,1154028547,1119222,1154028547:1119222,Tikatti Takma Kirpik 600 Demet Kirpik Seti Kitap Model 30-40-50-60-80-100 D 6 Farklı Hacim,Tikatti,DİAR KOZMETİK,415,,0,InStock,Son 3 günde 1B+ ürün satıldı!,3,1000,333.3,4.233502538071066,142,49,,"[""Kargo Bedava"",""Son 10 Günün En Düşük Fiyatı""]",Tahmini Teslim:,refreshed,0,https://www.trendyol.com/tikatti/takma-kirpik-600-demet-kirpik-seti-kitap-model-30-40-50-60-80-100-d-6-farkli-hacim-p-1154028547?boutiqueId=61&merchantId=1119222
kozmetik:kozmetik-vitrini,149,149,-4,31.6,13,355141788,149326,355141788:149326,CeraVe Yağlı ve Akneye Eğilim Gösteren Ciltlere Özel Salisilik Asit İçerikli Yüz Temizleme Jeli 236 ml,CeraVe,Eczasepeti,816,,,InStock,Son 3 günde 250+ ürün satıldı!,3,250,83.3,4.431257987949607,2707,106,,"[""Kargo Bedava"",""Son 10 Günün En Düşük Fiyatı"",""Trendyol Plus'a Özel""]",Tahmini Teslim:,refreshed,0,https://www.trendyol.com/cerave/yagli-ve-akneye-egilim-gosteren-ciltlere-ozel-salisilik-asit-icerikli-yuz-temizleme-jeli-236-ml-p-355141788?boutiqueId=61&merchantId=149326
kozmetik:kozmetik-vitrini,150,150,-8,35.9,23.2,1066169890,126383,1066169890:126383,KOREACO Matcha Mucize Bubble Clay Yüz Maskesi | Gözenek Temizleyici Yenileyici Köpüren Yüz Maskesi 100 ml,KOREACO,KOREACO,299,,5.3,InStock,Son 3 günde 500+ ürün satıldı!,3,500,166.7,4.16974216380182,2821,20,,"[""Kargo Bedava"",""Trendyol Plus'a Özel""]",Tahmini Teslim:,refreshed,0,https://www.trendyol.com/koreaco/matcha-mucize-bubble-clay-yuz-maskesi-gozenek-temizleyici-yenileyici-kopuren-yuz-maskesi-100-ml-p-1066169890?boutiqueId=61&merchantId=126383
kozmetik:kozmetik-vitrini,151,151,,15.7,14.3,1128424096,1183233,1128424096:1183233,FESTİLO Mucizevi Hacim Ve Dalga Saç Şekillendirme Tarak Seti 4'Lü Wax Ve Şekil Tarak Seti,FESTİLO,FESTİLO,199.9,,,InStock,,,,,4.022471910112359,92,,,"[""Kargo Bedava""]",Tahmini Teslim:,refreshed,0,https://www.trendyol.com/festilo/mucizevi-hacim-ve-dalga-sac-sekillendirme-tarak-seti-4-lu-wax-ve-sekil-tarak-seti-p-1128424096?boutiqueId=61&merchantId=1183233
kozmetik:kozmetik-vitrini,152,152,48,29.7,0.3,32097172,1084211,32097172:1084211,L'Oreal Paris L'Oréal Paris True Match Bakım Yapan Fondöten 1N IVORY,L'Oreal Paris,SEVLORA,714.99,,,InStock,,,,,4.372706681766704,5144,217,,"[""Kargo Bedava""]",Tahmini Teslim:,refreshed,0,https://www.trendyol.com/l-oreal-paris/l-oreal-paris-true-match-bakim-yapan-fondoten-1n-ivory-p-32097172?boutiqueId=61&merchantId=1084211
kozmetik:kozmetik-vitrini,154,154,-69,30,0,175154373,1308182,175154373:1308182,Revolution Reloaded Just My Type Highlight,Revolution,PureGlow Kozmetik,318,,-4.2,InStock,,,,,4.601276417660598,5602,269,,"[""Kargo Bedava""]",Tahmini Teslim:,refreshed,0,https://www.trendyol.com/revolution/reloaded-just-my-type-highlight-p-175154373?boutiqueId=61&merchantId=1308182
kozmetik:kozmetik-vitrini,155,155,-28,28.3,16.3,856093802,155056,856093802:155056,Oral White Diş Beyazlatıcı Diş Silgisi,Oral White,Oral White TR,129.99,,0,InStock,Son 3 günde 250+ ürün satıldı!,3,250,83.3,3.8982213438735176,1041,6,,"[""Kargo Bedava""]",Tahmini Teslim:,refreshed,0,https://www.trendyol.com/oral-white/dis-beyazlatici-dis-silgisi-p-856093802?boutiqueId=61&merchantId=155056
kozmetik:kozmetik-vitrini,156,156,-1,22.9,7.1,752187706,369129,752187706:369129,"Celenzea Karınca Yumurtası Yağı, İstenmeyen Tüy Alma Rutini Sonrası Cilt Bakımı, Pürüzsüz Cilt Görünümü, Epilasyon Sonrası Cilt Bakımına Yardımcı, Nemlendirici Hair Removal Roll-on 50 ml",Celenzea,AURAN,329.9,,0,InStock,,,,,4.186788154897494,735,13,,"[""Kargo Bedava""]",Tahmini Teslim:,refreshed,0,https://www.trendyol.com/celenzea/karinca-yumurtasi-yagi-istenmeyen-tuy-alma-rutini-sonrasi-cilt-bakimi-puruzsuz-cilt-gorunumu-epilasyon-sonrasi-cilt-bakimina-yardimci-nemlendirici-hair-removal-roll-on-50-ml-p-752187706?boutiqueId=61&merchantId=369129
kozmetik:kozmetik-vitrini,157,157,21,19,11,993302919,1031221,993302919:1031221,Victoria's Secret Bare Vanilla Vücut Spreyi,Victoria's Secret,DoğaHouse,1110,,3.4,InStock,,,,,4.36504854368932,234,3,,"[""50 TL Kupon"",""Kargo Bedava"",""Son 10 Günün En Düşük Fiyatı""]",Tahmini Teslim:,refreshed,0,https://www.trendyol.com/victoria-s-secret/bare-vanilla-vucut-spreyi-p-993302919?boutiqueId=61&merchantId=1031221
kozmetik:kozmetik-vitrini,159,159,-66,31.8,27.4,728932556,1153330,728932556:1153330,eliamora Bb Krem +50 Spf Yüksek Koruyucu Dark,eliamora,Hızlıca,342,,0,InStock,Son 3 günde 500+ ürün satıldı!,3,500,166.7,4.0227398779811425,853,,,"[""Sepette %1 İndirim"",""Kargo Bedava"",""Trendyol Plus'a Özel""]",Tahmini Teslim:,refreshed,0,https://www.trendyol.com/eliamora/bb-krem-50-spf-yuksek-koruyucu-dark-p-728932556?boutiqueId=61&merchantId=1153330
kozmetik:kozmetik-vitrini,160,160,-12,34.3,10.4,35563984,113082,35563984:113082,Tala Ruşur Taşı Beyazlatıcı Ölü Derilerden Arındırıcı Yüz Ve Vücut Peelingi 6 Adet (İRAN HAMAM TAŞI),Tala,Tala,262.95,,5.3,InStock,Son 3 günde 250+ ürün satıldı!,3,250,83.3,4.145141906258667,5845,169,,"[""Kargo Bedava"",""Trendyol Plus'a Özel""]",Tahmini Teslim:,refreshed,0,https://www.trendyol.com/tala/rusur-tasi-beyazlatici-olu-derilerden-arindirici-yuz-ve-vucut-peelingi-6-adet-iran-hamam-tasi-p-35563984?boutiqueId=61&merchantId=113082
kozmetik:kozmetik-vitrini,161,161,-88,35,10.4,285913280,111600,285913280:111600,COSMED Temizleme Yağı - Çift Aşamalı Temizlik/ Atopia CLEANSING OIL 200 ML,COSMED,Cosmed Cosmeceuticals,427.67,,-9.8,InStock,Son 3 günde 250+ ürün satıldı!,3,250,83.3,4.478104575163399,7092,,,"[""Kargo Bedava""]",Tahmini Teslim:,refreshed,0,https://www.trendyol.com/cosmed/temizleme-yagi-cift-asamali-temizlik-atopia-cleansing-oil-200-ml-p-285913280?boutiqueId=61&merchantId=111600
kozmetik:kozmetik-vitrini,162,162,,24.3,5.7,4051058,104886,4051058:104886,Missha Katlanabilir Profesyonel Kaş Usturası - Jileti Folding Eyebrow Trimmer 2 Adet,Missha,Missha Türkiye,164.9,,,InStock,,,,,4.457479284779764,1093,,,"[""Kargo Bedava"",""Trendyol Plus'a Özel""]",Tahmini Teslim:,refreshed,0,https://www.trendyol.com/missha/katlanabilir-profesyonel-kas-usturasi-jileti-folding-eyebrow-trimmer-2-adet-p-4051058?boutiqueId=61&merchantId=104886
kozmetik:kozmetik-vitrini,163,163,7,52.6,52.4,926947332,830154,926947332:830154,CALLİEL Aydınlatıcı Leke Karşıtı Cilt Tonu Eşitleyici ve Parlatıcı Rice Tonik 200 Ml,CALLİEL,Calliel,199.9,,0,InStock,"Son 3 günde 1,5B+ ürün satıldı!",3,1500,500,4.101736504341261,2785,39,,"[""Kargo Bedava""]",Tahmini Teslim:,refreshed,0,https://www.trendyol.com/calliel/aydinlatici-leke-karsiti-cilt-tonu-esitleyici-ve-parlatici-rice-tonik-200-ml-p-926947332?boutiqueId=61&merchantId=830154
kozmetik:kozmetik-vitrini,164,164,,27.9,2.1,183358724,107819,183358724:107819,Garnier Micellar Makyaj Temizleme Suyu 100 Ml,Garnier,L'Oreal,110.35,,,InStock,,,,,4.530913216108905,3041,,,"[""Kargo Bedava""]",Tahmini Teslim:,refreshed,0,https://www.trendyol.com/garnier/micellar-makyaj-temizleme-suyu-100-ml-p-183358724?boutiqueId=61&merchantId=107819
kozmetik:kozmetik-vitrini,165,165,6,35.8,10.4,103384378,107819,103384378:107819,"Garnier Micellar Makyaj Temizleme Suyu 200ML, 24 Saat Nemlendirme, Hassas Ciltler,Vegan&Cruelty Free",Garnier,L'Oreal,199,,0,InStock,Son 3 günde 250+ ürün satıldı!,3,250,83.3,4.5792458709878465,8916,297,,"[""Kargo Bedava""]",Tahmini Teslim:,refreshed,0,https://www.trendyol.com/garnier/micellar-makyaj-temizleme-suyu-200ml-24-saat-nemlendirme-hassas-ciltler-vegan-cruelty-free-p-103384378?boutiqueId=61&merchantId=107819
kozmetik:kozmetik-vitrini,166,166,8,24.4,5.6,95508823,1072118,95508823:1072118,Magic Aliver Expres 3-5 Dk Kalıcı Oje /protez Tırnak Çıkarıcı Jel 15ml/bitkisel Reçine,Magic,DGN TAKIKOZMETİK,159.9,,0,InStock,,,,,3.772219265566791,1126,5,,"[""30 TL Kupon"",""Kargo Bedava""]",Tahmini Teslim:,refreshed,0,https://www.trendyol.com/magic/aliver-expres-3-5-dk-kalici-oje-protez-tirnak-cikarici-jel-15ml-bitkisel-recine-p-95508823?boutiqueId=61&merchantId=1072118
kozmetik:kozmetik-vitrini,167,167,17,35.8,23.4,409911,4473,409911:4473,Flormar Mat Bitişli Suya Dayanıklı Göz Kalemi (SİYAH) - Waterproof Eyeliner - 101 Black Ice - 8690604109012,Flormar,Flormar,199,,5.3,InStock,Son 3 günde 500+ ürün satıldı!,3,500,166.7,4.296932067202338,2673,274,,"[""Kargo Bedava"",""Son 10 Günün En Düşük Fiyatı""]",Tahmini Teslim:,refreshed,0,https://www.trendyol.com/flormar/mat-bitisli-suya-dayanikli-goz-kalemi-siyah-waterproof-eyeliner-101-black-ice-8690604109012-p-409911?boutiqueId=61&merchantId=4473
kozmetik:kozmetik-vitrini,168,168,-92,50,60,1178140199,1047362,1178140199:1047362,Embeauty Cherki Glow Argan Yağı İçerikli Besleyici Saç Parfümü 100 ml,Embeauty,CosmeticBox,399,,11.1,InStock,Son 3 günde 5B+ ürün satıldı!,3,5000,1666.7,3.7588652482269502,311,40,,"[""Kargo Bedava"",""Trendyol Plus'a Özel""]",Tahmini Teslim:,refreshed,0,https://www.trendyol.com/embeauty/cherki-glow-argan-yagi-icerikli-besleyici-sac-parfumu-100-ml-p-1178140199?boutiqueId=61&merchantId=1047362
kozmetik:kozmetik-vitrini,170,170,18,29.2,29.9,1145365033,1142754,1145365033:1142754,VULLY Glow Libera Argan yağlı besleyici ve Panthenol içerikli ışıltı veren Saç Parfümü 100 Ml,VULLY,ORABELLA KOZMETİK,499,,25,InStock,Son 3 günde 500+ ürün satıldı!,3,500,166.7,3.942211055276382,408,10,,"[""Sepette %20 İndirim"",""Kargo Bedava"",""Trendyol Plus'a Özel""]",Tahmini Teslim:,refreshed,0,https://www.trendyol.com/vully/glow-libera-argan-yagli-besleyici-ve-panthenol-icerikli-isilti-veren-sac-parfumu-100-ml-p-1145365033?boutiqueId=61&merchantId=1142754
kozmetik:kozmetik-vitrini,171,171,-18,27.6,17,1138203586,1319448,1138203586:1319448,"WIWIFY Su Bazlı Günlük Nemlendirici Jel Krem 100 ML | Hyaluronic Acid, Prebiyotik, Squalene, Niacinamide",WIWIFY,Kozmetik Dünyanız,410,,0,InStock,Son 3 günde 250+ ürün satıldı!,3,250,83.3,4.467908902691511,844,24,,"[""Kargo Bedava"",""Son 10 Günün En Düşük Fiyatı""]",Tahmini Teslim:,refreshed,0,https://www.trendyol.com/wiwify/su-bazli-gunluk-nemlendirici-jel-krem-100-ml-hyaluronic-acid-prebiyotik-squalene-niacinamide-p-1138203586?boutiqueId=61&merchantId=1319448
kozmetik:kozmetik-vitrini,172,172,-7,39,20.8,3706799,370301,3706799:370301,Wefood Organik Hindistan Cevizi Yağı 150 ml (Soğuk Sıkım),Wefood,Wefood,299,,5.3,InStock,Son 3 günde 500+ ürün satıldı!,3,500,166.7,4.597659624597503,6847,20,,"[""Sepette %5 İndirim"",""Kargo Bedava""]",Tahmini Teslim:,refreshed,0,https://www.trendyol.com/wefood/organik-hindistan-cevizi-yagi-150-ml-soguk-sikim-p-3706799?boutiqueId=61&merchantId=370301
kozmetik:kozmetik-vitrini,173,173,,25.3,19.2,1152450113,1194314,1152450113:1194314,WOU World of Unique Beyaz Kapatıcı Tarak Uçlu Saç Stick/Siyah,WOU World of Unique,Kozfa Store,249.9,,,InStock,Son 3 günde 250+ ürün satıldı!,3,250,83.3,3.9767441860465116,443,,,"[""Kargo Bedava""]",Tahmini Teslim:,refreshed,0,https://www.trendyol.com/wou-world-of-unique/beyaz-kapatici-tarak-uclu-sac-stick-siyah-p-1152450113?boutiqueId=61&merchantId=1194314
kozmetik:kozmetik-vitrini,174,174,-1,36.8,22.3,806079282,107819,806079282:107819,Maybelline New York Lasting Drama Automatic Liner Göz Kalemi- Brown Sugar Kahverengi,Maybelline New York,L'Oreal,249.95,,0,InStock,Son 3 günde 500+ ürün satıldı!,3,500,166.7,4.539646918013165,3639,,,"[""37 TL Kupon"",""Kargo Bedava""]",Tahmini Teslim:,refreshed,0,https://www.trendyol.com/maybelline-new-york/lasting-drama-automatic-liner-goz-kalemi-brown-sugar-kahverengi-p-806079282?boutiqueId=61&merchantId=107819
kozmetik:kozmetik-vitrini,175,175,23,16.1,13.9,984248054,1081577,984248054:1081577,Golden Rose Mood Defining Lipliner No:07 Taupe Brown,Golden Rose,Golden Rose,181.87,,0,InStock,,,,,4.750000000000001,102,,,"[""Kargo Bedava""]",Tahmini Teslim:,refreshed,0,https://www.trendyol.com/golden-rose/mood-defining-lipliner-no-07-taupe-brown-p-984248054?boutiqueId=61&merchantId=1081577
kozmetik:kozmetik-vitrini,176,176,-98,22.3,22.3,1156901845,164987,1156901845:164987,"The Purest Solutions Nem Etkili Micellar Makyaj Temizleme Suyu, 400 ml",The Purest Solutions,The Purest Solutions,199.9,,0,InStock,Son 3 günde 250+ ürün satıldı!,3,250,83.3,4.348284960422164,184,3,,"[""Kargo Bedava""]",Tahmini Teslim:,refreshed,0,https://www.trendyol.com/the-purest-solutions/nem-etkili-micellar-makyaj-temizleme-suyu-400-ml-p-1156901845?boutiqueId=61&merchantId=164987
kozmetik:kozmetik-vitrini,177,177,-85,46.8,41.7,1152408015,856334,1152408015:856334,"ÖZDEN ÖZDOĞAN Güçlendirici, Besleyici Ve Onarıcı Saç Bakım Sütü Keratin & Biotin 200 ml",ÖZDEN ÖZDOĞAN,ÖZDEN ÖZDOĞAN,599.99,,150,InStock,Son 3 günde 1B+ ürün satıldı!,3,1000,333.3,4.538916750250752,5772,9,,"[""Sepette %60 İndirim"",""Kargo Bedava""]",Tahmini Teslim:,refreshed,0,https://www.trendyol.com/ozden-ozdogan/guclendirici-besleyici-ve-onarici-sac-bakim-sutu-keratin-biotin-200-ml-p-1152408015?boutiqueId=61&merchantId=856334
kozmetik:kozmetik-vitrini,178,178,-126,31.9,27.3,865200580,1031124,865200580:1031124,THE BATH FACTORY Sweet Vanilla Vücut Spreyi 200 ml,THE BATH FACTORY,The Bath Factory,499,,44.6,InStock,Son 3 günde 500+ ürün satıldı!,3,500,166.7,4.218294051627384,878,14,,"[""Kargo Bedava""]",Tahmini Teslim:,refreshed,0,https://www.trendyol.com/the-bath-factory/sweet-vanilla-vucut-spreyi-200-ml-p-865200580?boutiqueId=61&merchantId=1031124
kozmetik:kozmetik-vitrini,179,179,-84,21.3,23.3,1179507562,224434,1179507562:224434,TGC Hair Care Cosmetic TGC Eşek Sütlü Ballı Kabak Lifli Peeling Sabunu 120 gr,TGC Hair Care Cosmetic,TGC Hair Care & Cosmetic,329,,46.2,InStock,Son 3 günde 250+ ürün satıldı!,3,250,83.3,4.771573604060913,138,1,,"[""Kargo Bedava""]",Tahmini Teslim:,refreshed,0,https://www.trendyol.com/tgc-hair-care-cosmetic/tgc-esek-sutlu-balli-kabak-lifli-peeling-sabunu-120-gr-p-1179507562?boutiqueId=61&merchantId=224434
kozmetik:kozmetik-vitrini,180,180,-77,26.3,3.7,786140381,145234,786140381:145234,S'GLAM Liquid Foundation – LIGHT,S'GLAM Liquid,SGLAM,669,,11.7,InStock,,,,,4.449385994025889,1946,,,"[""Kargo Bedava""]",Tahmini Teslim:,refreshed,0,https://www.trendyol.com/s-glam/liquid-foundation-light-p-786140381?boutiqueId=61&merchantId=145234
kozmetik:kozmetik-vitrini,182,182,11,25.8,18.8,7048320,1115102,7048320:1115102,Morfose Ossion Mat Saç Şekillendirici Wax 100 ml,Morfose,Osv Store,158,,1.3,InStock,Son 3 günde 250+ ürün satıldı!,3,250,83.3,4.374468085106383,508,4,,"[""Kargo Bedava""]",Tahmini Teslim:,refreshed,0,https://www.trendyol.com/morfose/ossion-mat-sac-sekillendirici-wax-100-ml-p-7048320?boutiqueId=61&merchantId=1115102
kozmetik:kozmetik-vitrini,183,183,16,19.1,10.9,830267663,812642,830267663:812642,AcarlarTicaret 21 Parça Pro Nail Art Desen Tırnak Süsleme Dot Ve French Seti,AcarlarTicaret,ACARLAR TİCARET,176.33,,17.1,InStock,,,,,4.423766816143497,243,,,"[""Sepette %1 İndirim"",""Kargo Bedava""]",Tahmini Teslim:,refreshed,0,https://www.trendyol.com/acarlarticaret/21-parca-pro-nail-art-desen-tirnak-susleme-dot-ve-french-seti-p-830267663?boutiqueId=61&merchantId=812642
kozmetik:kozmetik-vitrini,185,185,-148,25.8,4.2,106593396,728795,106593396:728795,beaulis Marka: Close It Likit Kapatıcı 130 Porcelain - TYBOK56M3V311H1L93,beaulis,ALİPA,199.9,,,InStock,,,,,4.320267686424474,1673,,,"[""Kargo Bedava""]",Tahmini Teslim:,refreshed,0,https://www.trendyol.com/beaulis/marka-close-it-likit-kapatici-130-porcelain-tybok56m3v311h1l93-p-106593396?boutiqueId=61&merchantId=369248
kozmetik:kozmetik-vitrini,186,186,-112,26.9,17.7,1040945321,107302,1040945321:107302,Sinoz Avokado Bomb Yüz Bakım Kremi - Kuru Ciltler İçin Nemlendirici ve Canlandırıcı 50 ml,Sinoz,Sinoz Kozmetik,539.4,,32.5,InStock,Son 3 günde 250+ ürün satıldı!,3,250,83.3,4.491032776747063,687,24,,"[""Kargo Bedava""]",Tahmini Teslim:,refreshed,0,https://www.trendyol.com/sinoz/avokado-bomb-yuz-bakim-kremi-kuru-ciltler-icin-nemlendirici-ve-canlandirici-50-ml-p-1040945321?boutiqueId=61&merchantId=107302
kozmetik:kozmetik-vitrini,188,188,-47,40.6,20.8,79731620,145234,79731620:145234,S'GLAM Kaş Şekilendirici Brow Wax,S'GLAM,SGLAM,229,,0,InStock,Son 3 günde 500+ ürün satıldı!,3,500,166.7,4.466103118177238,10638,883,,"[""Kargo Bedava""]",Tahmini Teslim:,refreshed,0,https://www.trendyol.com/s-glam/kas-sekilendirici-brow-wax-p-79731620?boutiqueId=61&merchantId=145234
kozmetik:kozmetik-vitrini,190,190,-104,23.3,6.7,338877323,1321266,338877323:1321266,Skin1004 Madagaskar Centella Hyalu-Cica Su Bazlı Güneş Kremi SPF 50+ PA++++ 50 ml,Skin1004,SEUL SHOP,569,,,InStock,,,,,4.595052083333331,822,120,,"[""Kargo Bedava"",""Trendyol Plus'a Özel""]",Tahmini Teslim:,refreshed,0,https://www.trendyol.com/skin1004/madagaskar-centella-hyalu-cica-su-bazli-gunes-kremi-spf-50-pa-50-ml-p-338877323?boutiqueId=61&merchantId=1321266
kozmetik:kozmetik-vitrini,192,192,-104,23.6,6.4,339594943,1028724,339594943:1028724,"Nail Master M550 Kalıcı Oje 7,3ml Koyu Bordo",Nail Master,Doğanlı Kozmetik,92.44,,0,InStock,,,,,4.198089171974522,879,,,"[""Kargo Bedava""]",Tahmini Teslim:,refreshed,0,https://www.trendyol.com/nail-master/m550-kalici-oje-7-3ml-koyu-bordo-p-339594943?boutiqueId=61&merchantId=1028724
kozmetik:kozmetik-vitrini,193,193,-43,15.6,14.4,1175931997,1279865,1175931997:1279865,La Vielle Red Desire Intense Body Mist 200 ml,La Vielle,Viel Kozmetik,350,,12.8,InStock,,,,,4.026315789473684,88,16,,"[""Kargo Bedava"",""Trendyol Plus'a Özel""]",Tahmini Teslim:,refreshed,0,https://www.trendyol.com/la-vielle/red-desire-intense-body-mist-200-ml-p-1175931997?boutiqueId=61&merchantId=1279865
kozmetik:kozmetik-vitrini,194,194,,13.9,16.1,1090939369,1321266,1090939369:1321266,Arencia Vitamin C Booster Shot Vitamin C Complex %5+ Glutathione Serum 30 ml,Arencia,SEUL SHOP,849,,,InStock,,,,,4.3983739837398375,54,,,"[""Kargo Bedava"",""Son 10 Günün En Düşük Fiyatı""]",Tahmini Teslim:,refreshed,0,https://www.trendyol.com/arencia/vitamin-c-booster-shot-vitamin-c-complex-5-glutathione-serum-30-ml-p-1090939369?boutiqueId=61&merchantId=1321266
kozmetik:kozmetik-vitrini,195,195,-40,26.8,3.2,828915927,105053,828915927:105053,Avon Imarı Naturelle Kadın EDT,Avon,AvonShop,377.9,,1.3,InStock,,,,,4.321997621878716,2222,42,,"[""Kargo Bedava""]",Tahmini Teslim:,refreshed,0,https://www.trendyol.com/avon/imari-naturelle-kadin-edt-p-828915927?boutiqueId=61&merchantId=105053
kozmetik:kozmetik-vitrini,196,196,-183,58.5,51.5,373045375,1108779,373045375:1108779,Mila Care Health&Beauty Bee Venom Arı Zehri Kremi 100ml,Mila Care Health&Beauty,Mila Care Health&Beauty,659,,13.9,InStock,Son 3 günde 2B+ ürün satıldı!,3,2000,666.7,4.086708420320113,3624,29,,"[""100 TL Kupon"",""Kargo Bedava"",""Trendyol Plus'a Özel""]",Tahmini Teslim:,refreshed,0,https://www.trendyol.com/mila-care-health-beauty/bee-venom-ari-zehri-kremi-100ml-p-373045375?boutiqueId=61&merchantId=1108779
kozmetik:kozmetik-vitrini,197,197,-43,37.4,21.8,4380989,4473,4380989:4473,Flormar Suya Dayanıklı Dudak Kalemi (KAHVE) - Waterproof Lipliner - 244 Chocolate Fondue - 8690604567591,Flormar,Flormar,199.99,,5.3,InStock,Son 3 günde 500+ ürün satıldı!,3,500,166.7,4.637782982045277,4267,1000,,"[""Kargo Bedava"",""Son 10 Günün En Düşük Fiyatı"",""Trendyol Plus'a Özel""]",Tahmini Teslim:,refreshed,0,https://www.trendyol.com/flormar/suya-dayanikli-dudak-kalemi-kahve-waterproof-lipliner-244-chocolate-fondue-8690604567591-p-4380989?boutiqueId=61&merchantId=4473
kozmetik:kozmetik-vitrini,199,199,-128,24.7,5.3,922042173,1081577,922042173:1081577,Golden Rose Max Hold Brow Glue - Şeffaf Kaş Sabitleyici,Golden Rose,Golden Rose,334.9,,-1.5,InStock,,,,,4.208386820710311,1236,37,,"[""Kargo Bedava"",""Son 10 Günün En Düşük Fiyatı""]",Tahmini Teslim:,refreshed,0,https://www.trendyol.com/golden-rose/max-hold-brow-glue-seffaf-kas-sabitleyici-p-922042173?boutiqueId=61&merchantId=1081577
kozmetik:kozmetik-vitrini,200,200,-135,37.5,21.7,871006089,1319448,871006089:1319448,Embeauty Besleyici Keratin Kolajen Saç Bakım Sütü 200 ML,Embeauty,Kozmetik Dünyanız,330,,0,InStock,Son 3 günde 500+ ürün satıldı!,3,500,166.7,4.339892665474061,4403,17,,"[""Kargo Bedava"",""Trendyol Plus'a Özel""]",Tahmini Teslim:,refreshed,0,https://www.trendyol.com/embeauty/besleyici-keratin-kolajen-sac-bakim-sutu-200-ml-p-871006089?boutiqueId=61&merchantId=1319448
kozmetik:kozmetik-vitrini,202,202,-24,32.7,11.9,2074787,640622,2074787:640622,Dax Supergro 198 gr - Yavaş Uzayan Saçlara Özel Saç Bakım Yağı,Dax,Soho N.Y.C & DAX,609.85,,0,InStock,Son 3 günde 250+ ürün satıldı!,3,250,83.3,4.423137378182961,3693,87,,"[""Kargo Bedava""]",Tahmini Teslim:,refreshed,0,https://www.trendyol.com/dax/supergro-198-gr-yavas-uzayan-saclara-ozel-sac-bakim-yagi-p-2074787?boutiqueId=61&merchantId=640622
kozmetik:kozmetik-vitrini,203,203,,19.3,10.7,782615941,521527,782615941:521527,Nascita Siyah Pro Kirpik Kıvırma Aleti - 15,Nascita,KapıyaGelsin,299.99,,,InStock,,,,,4.2,255,,,"[""Sepette %1 İndirim"",""Kargo Bedava"",""Trendyol Plus'a Özel""]",Tahmini Teslim:,refreshed,0,https://www.trendyol.com/nascita/siyah-pro-kirpik-kivirma-aleti-15-p-782615941?boutiqueId=61&merchantId=521527
kozmetik:kozmetik-vitrini,204,204,-51,14,16,1147632967,2727,1147632967:2727,Pierre Cardin Color Travel Eyeshadow Pen-Violet to Bronze-115,Pierre Cardin,Miorre,273,,150,InStock,,,,,4.575757575757575,56,4,,"[""Sepette %60 İndirim"",""Sepette %2 İndirim"",""Kargo Bedava""]",Tahmini Teslim:,refreshed,0,https://www.trendyol.com/pierre-cardin/color-travel-eyeshadow-pen-violet-to-bronze-115-p-1147632967?boutiqueId=61&merchantId=2727
kozmetik:kozmetik-vitrini,205,205,-34,31,13.6,772110476,908896,772110476:908896,mia klinika Akne Karşıtı Sivilce Kurutucu Losyon,mia klinika,Mia Klinika,349,,5.3,InStock,Son 3 günde 250+ ürün satıldı!,3,250,83.3,4.1478909465020575,2261,24,,"[""Kargo Bedava"",""Trendyol Plus'a Özel""]",Tahmini Teslim:,refreshed,0,https://www.trendyol.com/mia-klinika/akne-karsiti-sivilce-kurutucu-losyon-p-772110476?boutiqueId=61&merchantId=908896
kozmetik:kozmetik-vitrini,206,206,-10,27,3,32442436,451556,32442436:451556,Morfose Milk Therapy Saç Maskesi 500 ml,Morfose,MORFOSE,311.25,,0,InStock,,,,,4.412690724146282,2399,155,,"[""Kargo Bedava""]",Tahmini Teslim:,refreshed,0,https://www.trendyol.com/morfose/milk-therapy-sac-maskesi-500-ml-p-32442436?boutiqueId=61&merchantId=451556
kozmetik:kozmetik-vitrini,207,207,-77,13,17,1110660415,106593,1110660415:106593,LUMIÈRE Lumiere Red Rouge Saç Ve Vücut Spreyi 200 ml,LUMIÈRE,Sanipak,499.9,,150,InStock,,,,,3.515625,41,3,,"[""Sepette %60 İndirim"",""Kargo Bedava""]",Tahmini Teslim:,refreshed,0,https://www.trendyol.com/lumiere/lumiere-red-rouge-sac-ve-vucut-spreyi-200-ml-p-1110660415?boutiqueId=61&merchantId=106593
kozmetik:kozmetik-vitrini,210,210,-95,27.2,17.4,931412526,956122,931412526:956122,"EpiRelax “Kojik Asit Sabunu – Cilt Tonunu Eşitler, Leke Görünümünü Azaltır Aydınlık ve Pürüzsüz",EpiRelax,EpiRelax,157,,7.4,InStock,Son 3 günde 250+ ürün satıldı!,3,250,83.3,3.70203578038248,747,3,,"[""Sepette %2 İndirim"",""Kargo Bedava"",""Trendyol Plus'a Özel""]",Tahmini Teslim:,refreshed,0,https://www.trendyol.com/epirelax/kojik-asit-sabunu-cilt-tonunu-esitler-leke-gorunumunu-azaltir-aydinlik-ve-puruzsuz-p-931412526?boutiqueId=61&merchantId=956122
kozmetik:kozmetik-vitrini,211,211,-176,25.4,19.2,990037847,441519,990037847:441519,Karseell SET Maca Özü Onarıcı Repair Kolajen Saç Maskesi 250 ml + Argan Yağı 50 ml Karsel,Karseell,FUA GLOBAL,1710,,5.3,InStock,Son 3 günde 250+ ürün satıldı!,3,250,83.3,4.3528708133971294,447,4,,"[""Kargo Bedava"",""Trendyol Plus'a Özel""]",Tahmini Teslim:,refreshed,0,https://www.trendyol.com/karseell/set-maca-ozu-onarici-repair-kolajen-sac-maskesi-250-ml-argan-yagi-50-ml-karsel-p-990037847?boutiqueId=61&merchantId=441519
kozmetik:kozmetik-vitrini,212,212,-33,32.1,27.1,866179587,685806,866179587:685806,DEMPOWER Şarjlı Ayak Törpüsü - Pedikür ve Ayak Bakım Aleti,DEMPOWER,İndirimSevinci,328,,0,InStock,Son 3 günde 500+ ürün satıldı!,3,500,166.7,4.046564452015899,933,13,,"[""Kargo Bedava""]",Tahmini Teslim:,refreshed,0,https://www.trendyol.com/dempower/sarjli-ayak-torpusu-pedikur-ve-ayak-bakim-aleti-p-866179587?boutiqueId=61&merchantId=685806
kozmetik:kozmetik-vitrini,215,215,-19,30.5,14,922442376,908896,922442376:908896,mia klinika Tiger Grass Ton Eşitleyici Kızarıklık Karşıtı 50 Spf Cica Krem 30 ml,mia klinika,Mia Klinika,349,,5.3,InStock,Son 3 günde 250+ ürün satıldı!,3,250,83.3,4.143748051138135,1977,32,,"[""Kargo Bedava"",""Son 10 Günün En Düşük Fiyatı"",""Trendyol Plus'a Özel""]",Tahmini Teslim:,refreshed,0,https://www.trendyol.com/mia-klinika/tiger-grass-ton-esitleyici-kizariklik-karsiti-50-spf-cica-krem-30-ml-p-922442376?boutiqueId=61&merchantId=908896
kozmetik:kozmetik-vitrini,216,216,-33,29.7,0.3,639368080,638780,639368080:638780,BEYZANA Yeşim %100 Doğal Taş Masaj Aleti Ve Kalp Gua Sha Yüz Bakım Taşı,BEYZANA,BEYZANA,159.99,,5.3,InStock,,,,,4.121590672496357,5174,75,,"[""Kargo Bedava"",""Trendyol Plus'a Özel""]",Tahmini Teslim:,refreshed,0,https://www.trendyol.com/beyzana/yesim-100-dogal-tas-masaj-aleti-ve-kalp-gua-sha-yuz-bakim-tasi-p-639368080?boutiqueId=61&merchantId=638780
kozmetik:kozmetik-vitrini,218,218,-23,34.3,10.4,1290709,1253656,1290709:1253656,Morfose Saç Spreyi Ultra Strong 400 ml,Morfose,EMEK TOPTAN GROSS,186,,,InStock,Son 3 günde 250+ ürün satıldı!,3,250,83.3,4.594705777141836,5780,62,,"[""Kargo Bedava""]",Tahmini Teslim:,refreshed,0,https://www.trendyol.com/morfose/sac-spreyi-ultra-strong-400-ml-p-1290709?boutiqueId=61&merchantId=1253656
kozmetik:kozmetik-vitrini,219,219,-118,25.8,33.4,849561974,875815,849561974:875815,"Anyong Sivilce Karşıtı, Yatıştırıcı Azelaik Asit %5 Serum 30 ml (Centella Özü & Prebiyotik)",Anyong,Anyong,199,,1,InStock,Son 3 günde 500+ ürün satıldı!,3,500,166.7,4.505703422053232,152,7,,"[""Kargo Bedava""]",Tahmini Teslim:,refreshed,0,https://www.trendyol.com/anyong/sivilce-karsiti-yatistirici-azelaik-asit-5-serum-30-ml-centella-ozu-prebiyotik-p-849561974?boutiqueId=61&merchantId=875815
kozmetik:kozmetik-vitrini,220,220,-83,24.7,5.3,60060888,369248,60060888:369248,beaulis Glide It Fırça Uçlu Eyeliner 100 Black,beaulis,Chehra Design,158.3,,,InStock,,,,,4.352288488210818,1226,33,,"[""Kargo Bedava"",""Son 10 Günün En Düşük Fiyatı""]",Tahmini Teslim:,refreshed,0,https://www.trendyol.com/beaulis/glide-it-firca-uclu-eyeliner-100-black-p-60060888?boutiqueId=61&merchantId=369248
kozmetik:kozmetik-vitrini,221,221,-75,25.6,4.4,37826836,149385,37826836:149385,Kerastase Genesis Bain Nutri-Fortifiant Dökülme Karşıtı Güçlendirici Şampuan 250 ml,Kerastase,MEHMET TATLI KUAFÖR,2007.84,,3.1,InStock,,,,,4.302540415704387,1584,59,,"[""Kargo Bedava""]",Tahmini Teslim:,refreshed,0,https://www.trendyol.com/kerastase/genesis-bain-nutri-fortifiant-dokulme-karsiti-guclendirici-sampuan-250-ml-p-37826836?boutiqueId=61&merchantId=149385
kozmetik:kozmetik-vitrini,222,222,-38,21.2,8.8,1145363788,204149,1145363788:204149,VULLY Glow Hera Argan yağlı besleyici ve Panthenol içerikli ışıltı veren Saç Parfümü 100 Ml,VULLY,World's ShoppY,395,,,InStock,,,,,3.934040047114252,446,18,,"[""Kargo Bedava"",""Sepette %20 İndirim""]",Tahmini Teslim:,refreshed,0,https://www.trendyol.com/vully/glow-hera-argan-yagli-besleyici-ve-panthenol-icerikli-isilti-veren-sac-parfumu-100-ml-p-1145363788?boutiqueId=61&merchantId=204149
kozmetik:kozmetik-vitrini,223,223,-29,40.7,20.8,316160450,1305096,316160450:1305096,rise and shine Antiperspirant Whitening Roll-on - 75 ml,rise and shine,LUNESSA KOZMETİK,199,,0,InStock,Son 3 günde 500+ ürün satıldı!,3,500,166.7,4.427738400442368,11036,12,,"[""Kargo Bedava"",""Trendyol Plus'a Özel""]",Tahmini Teslim:,refreshed,0,https://www.trendyol.com/rise-and-shine/antiperspirant-whitening-roll-on-75-ml-p-316160450?boutiqueId=61&merchantId=1305096
kozmetik:kozmetik-vitrini,224,224,-27,26.7,17.9,159186217,468928,159186217:468928,"Round Lab Birch Juice Moisturizing Sunscreen Nemlendirici, Aydınlatıcı Güneş Kremi 50 ml",Round Lab,Watsons,718.9,,8.5,InStock,Son 3 günde 250+ ürün satıldı!,3,250,83.3,4.4784140969163,651,12,,"[""Kargo Bedava""]",Tahmini Teslim:,refreshed,0,https://www.trendyol.com/round-lab/birch-juice-moisturizing-sunscreen-nemlendirici-aydinlatici-gunes-kremi-50-ml-p-159186217?boutiqueId=61&merchantId=468928
kozmetik:kozmetik-vitrini,225,225,-103,22.2,7.8,924135795,968283,924135795:968283,h.OLA Cover All Yoğun Kapatıcı | Full Coverage Concealer | Vanilla Light,h.OLA,HOLA TÜRKİYE,429.9,,0,InStock,,,,,3.9450980392156865,599,14,,"[""Kargo Bedava""]",Tahmini Teslim:,refreshed,0,https://www.trendyol.com/h-ola/cover-all-yogun-kapatici-full-coverage-concealer-vanilla-light-p-924135795?boutiqueId=61&merchantId=968283
kozmetik:kozmetik-vitrini,226,226,-40,23.9,6.1,1059190418,1215534,1059190418:1215534,"Imprime Sue EDP Kadın Parfüm 50ml | Çiçeksi & Pudralı | Şakayık, Limon, Gül, Müge, Manolya, Misk",Imprime,AYLİS,745,,,InStock,,,,,3.8616521155137677,962,33,,"[""Kargo Bedava""]",Tahmini Teslim:,refreshed,0,https://www.trendyol.com/imprime/sue-edp-kadin-parfum-50ml-ciceksi-pudrali-sakayik-limon-gul-muge-manolya-misk-p-1059190418?boutiqueId=61&merchantId=1215534
kozmetik:kozmetik-vitrini,227,227,-83,23.2,6.8,4051039,104886,4051039:104886,Missha Mükemmel Kapatıcılık Sunan Çok Fonksiyonlu M Perfect Cover BB Cream Ex SPF42/PA+++ No.13 (50ml),Missha,Missha Türkiye,824.9,,0,InStock,,,,,4.557566980448951,784,,,"[""Kargo Bedava""]",Tahmini Teslim:,refreshed,0,https://www.trendyol.com/missha/mukemmel-kapaticilik-sunan-cok-fonksiyonlu-m-perfect-cover-bb-cream-ex-spf42-pa-no-13-50ml-p-4051039?boutiqueId=61&merchantId=104886
kozmetik:kozmetik-vitrini,229,229,,19.3,10.7,1044090268,754566,1044090268:754566,LUSS ARTIST TOUCH DUDAK KALEMİ 110,LUSS,LUSS,184.25,,,InStock,,,,,4.313559322033898,258,,,"[""Kargo Bedava""]",Tahmini Teslim:,refreshed,0,https://www.trendyol.com/luss/artist-touch-dudak-kalemi-110-p-1044090268?boutiqueId=61&merchantId=754566
kozmetik:kozmetik-vitrini,230,230,-193,16.6,13.4,1167637677,107819,1167637677:107819,Maybelline New York Super Stay Peel Off Soyulabilen Dudak Tinti - 24 Saate Kadar Kalıcı Dudak Renklendirme - 02 Haze,Maybelline New York,L'Oreal,499,,0,InStock,,,,,4.114457831325301,119,,,"[""74 TL Kupon"",""Kargo Bedava""]",Tahmini Teslim:,refreshed,0,https://www.trendyol.com/maybelline-new-york/super-stay-peel-off-soyulabilen-dudak-tinti-24-saate-kadar-kalici-dudak-renklendirme-02-haze-p-1167637677?boutiqueId=61&merchantId=107819
kozmetik:kozmetik-vitrini,232,232,-82,21.8,8.2,898053091,969762,898053091:969762,DEOPROCE Salyangoz Müsini Içeren Aydınlatıcı Ve Kırışıklık Karşıtı Premium Yüz Bakım Kremi 30ml,DEOPROCE,Deoproce I Silkia,1163.06,,104.1,InStock,,,,,4.569148936170213,525,0,,"[""Sepette %51 İndirim"",""Kargo Bedava""]",Tahmini Teslim:,refreshed,0,https://www.trendyol.com/deoproce/salyangoz-musini-iceren-aydinlatici-ve-kirisiklik-karsiti-premium-yuz-bakim-kremi-30ml-p-898053091?boutiqueId=61&merchantId=969762
kozmetik:kozmetik-vitrini,233,233,-104,21.1,8.9,924057556,1174892,924057556:1174892,The Ordinary Natural Moisturizing Factors + HA - Yüz Nemlendiricisi 30ml,The Ordinary,The Ordinary,445,,0,InStock,,,,,4.120238095238095,437,3,,"[""Kargo Bedava""]",Tahmini Teslim:,refreshed,0,https://www.trendyol.com/the-ordinary/natural-moisturizing-factors-ha-yuz-nemlendiricisi-30ml-p-924057556?boutiqueId=61&merchantId=1174892
kozmetik:kozmetik-vitrini,234,234,-115,20,10,962519111,124339,962519111:124339,Diana Monroe 9'lu Göz Farı Paleti,Diana Monroe,DIANA MONROE,399,,33.3,InStock,,,,,4.563991323210412,319,,,"[""Sepette %25 İndirim"",""Kargo Bedava""]",Tahmini Teslim:,refreshed,0,https://www.trendyol.com/diana-monroe/9-lu-goz-fari-paleti-p-962519111?boutiqueId=61&merchantId=124339
kozmetik:kozmetik-vitrini,235,235,,23.3,6.7,279267452,151198,279267452:151198,beaulis Shape It Transparan Kaş ve Kirpik Maskarası,beaulis,AKCAETİCARET,177,,,InStock,,,,,4.161512027491409,820,,,"[""3 TL Kupon"",""Kargo Bedava"",""Son 10 Günün En Düşük Fiyatı""]",Tahmini Teslim:,refreshed,0,https://www.trendyol.com/beaulis/shape-it-transparan-kas-ve-kirpik-maskarasi-p-279267452?boutiqueId=61&merchantId=151198
kozmetik:kozmetik-vitrini,236,236,-55,30.7,0,98901173,104886,98901173:104886,"Missha Kolay Uygulanabilen, Kalıcı, Doğal Görünüm Sunan Likit Bronzer Juicy-Pang Water Bronzer (BR02)",Missha,Missha Türkiye,374.9,,0,InStock,,,,,4.594796183868171,6796,,,"[""Kargo Bedava"",""Trendyol Plus'a Özel""]",Tahmini Teslim:,refreshed,0,https://www.trendyol.com/missha/kolay-uygulanabilen-kalici-dogal-gorunum-sunan-likit-bronzer-juicy-pang-water-bronzer-br02-p-98901173?boutiqueId=61&merchantId=104886
kozmetik:kozmetik-vitrini,238,238,-57,27.1,2.9,450534669,741333,450534669:741333,La Rachel Saç Dökülmesine Karşı Patentli Içeriğe Sahip Yeni Saç Oluşumunu Sağlayan Bilimsel Saç Serumu,La Rachel,La Rachel-Paris,549,,11.1,InStock,,,,,4.238664132500679,2453,30,,"[""Kargo Bedava"",""Trendyol Plus'a Özel""]",Tahmini Teslim:,refreshed,0,https://www.trendyol.com/la-rachel/sac-dokulmesine-karsi-patentli-icerige-sahip-yeni-sac-olusumunu-saglayan-bilimsel-sac-serumu-p-450534669?boutiqueId=61&merchantId=741333
kozmetik:kozmetik-vitrini,239,239,-144,24.2,5.8,947449216,891275,947449216:891275,Kremi Cooling Eye Cream Göz Kremi |Göz Çevresi Nemlendirici Aydınlatıcı| Avokado Kafein Gingseng Moringa,Kremi,Kremi,299.9,,5.3,InStock,,,,,4.036723163841808,1060,14,,"[""Sepette %1 İndirim"",""Kargo Bedava"",""Son 10 Günün En Düşük Fiyatı"",""Trendyol Plus'a Özel""]",Tahmini Teslim:,refreshed,0,https://www.trendyol.com/kremi/cooling-eye-cream-goz-kremi-goz-cevresi-nemlendirici-aydinlatici-avokado-kafein-gingseng-moringa-p-947449216?boutiqueId=61&merchantId=891275
kozmetik:kozmetik-vitrini,240,240,-169,14.4,15.6,1149232006,856334,1149232006:856334,ÖZDEN ÖZDOĞAN Nemlendirici Besleyici Güçlendirici Propolis Şampuan - 400 ml,ÖZDEN ÖZDOĞAN,ÖZDEN ÖZDOĞAN,599.99,,150,InStock,,,,,4.390410958904109,63,3,,"[""Sepette %60 İndirim"",""Kargo Bedava""]",Tahmini Teslim:,refreshed,0,https://www.trendyol.com/ozden-ozdogan/nemlendirici-besleyici-guclendirici-propolis-sampuan-400-ml-p-1149232006?boutiqueId=61&merchantId=856334
kozmetik:kozmetik-vitrini,242,242,-78,22.8,7.2,1027099026,1292014,1027099026:1292014,"Empressco Yüz ve kaş tüy alma usturası, 12 adet, kadın ve erkek kullanımı uygun",Empressco,ÜÇLER,89,,,InStock,,,,,3.4173027989821882,717,10,,"[""Kargo Bedava""]",Tahmini Teslim:,refreshed,0,https://www.trendyol.com/empressco/yuz-ve-kas-tuy-alma-usturasi-12-adet-kadin-ve-erkek-kullanimi-uygun-p-1027099026?boutiqueId=61&merchantId=1292014
kozmetik:kozmetik-vitrini,243,243,-137,27.8,2.2,510499,108358,510499:108358,Kalyon Tırnak Besleyici,Kalyon,ÇİZGİ KOZMETİK,199.9,,0,InStock,,,,,4.638001162115049,2961,11,,"[""Kargo Bedava""]",Tahmini Teslim:,refreshed,0,https://www.trendyol.com/kalyon/tirnak-besleyici-p-510499?boutiqueId=61&merchantId=108358
kozmetik:kozmetik-vitrini,244,244,,29.1,0.9,354100227,674296,354100227:674296,Mad Parfüm Mad C123 Selective 50 ml Kadın Parfüm,Mad Parfüm,MAD PARFÜM,599.99,,,InStock,,,,,4.173591348890153,4284,,,"[""Kargo Bedava""]",Tahmini Teslim:,refreshed,0,https://www.trendyol.com/mad-parfum/mad-c123-selective-50-ml-kadin-parfum-p-354100227?boutiqueId=61&merchantId=674296
kozmetik:kozmetik-vitrini,245,245,-98,30.6,0,99009180,104886,99009180:104886,"Missha Meyve Özlü, Nemli ve Parlak Bitişli, Doğal Görünümlü Likit Allık Juicy-Pang Water Blusher (SPK01)",Missha,Missha Türkiye,374.9,,0,InStock,,,,,4.5209128932533185,6700,,,"[""Kargo Bedava"",""Trendyol Plus'a Özel""]",Tahmini Teslim:,refreshed,0,https://www.trendyol.com/missha/meyve-ozlu-nemli-ve-parlak-bitisli-dogal-gorunumlu-likit-allik-juicy-pang-water-blusher-spk01-p-99009180?boutiqueId=61&merchantId=104886
kozmetik:kozmetik-vitrini,248,248,-89,31.4,0,151226419,1304552,151226419:1304552,COSMED Temizleme Yağı /Atopia CLEANSING OIL 400 ML,COSMED,Allita Kozmetik,699,,0,InStock,,,,,4.567590925459128,8515,107,,"[""Kargo Bedava"",""Trendyol Plus'a Özel""]",Tahmini Teslim:,refreshed,0,https://www.trendyol.com/cosmed/temizleme-yagi-atopia-cleansing-oil-400-ml-p-151226419?boutiqueId=61&merchantId=1304552
kozmetik:kozmetik-vitrini,249,249,-127,16.7,13.3,1045448946,871483,1045448946:871483,kirpikcinizz Kalıcı kirpik seti,kirpikcinizz,HİROSH,419.9,,3.9,InStock,,,,,3.3459119496855347,120,8,,"[""20 TL Kupon"",""Kargo Bedava""]",Tahmini Teslim:,refreshed,0,https://www.trendyol.com/kirpikcinizz/kalici-kirpik-seti-p-1045448946?boutiqueId=61&merchantId=871483
kozmetik:kozmetik-vitrini,250,250,-103,21.3,8.7,887972886,1225461,887972886:1225461,Tangle Teezer Ultimate Detangler Chrome Champagne Gold Islak & Kuru Düz ve Kıvırcık Saçlar için Saç Fırçası-Tarak,Tangle Teezer,Tangle Teezer,1669,,0,InStock,,,,,4.633039092055485,463,2,,"[""Kargo Bedava""]",Tahmini Teslim:,refreshed,0,https://www.trendyol.com/tangle-teezer/ultimate-detangler-chrome-champagne-gold-islak-kuru-duz-ve-kivircik-saclar-icin-sac-fircasi-tarak-p-887972886?boutiqueId=61&merchantId=1225461
kozmetik:kozmetik-vitrini,251,251,-103,31.1,0,720423548,343124,720423548:343124,"POP Beauty Kaş Sabitleyici Ve Şekillendirici, Kaş Fırçası, Tarağı Ve Sabitleyici Jel (laminasyon Etk",POP Beauty,POP Beauty,499.99,,5.3,InStock,,,,,4.411552346570397,7709,33,,"[""Kargo Bedava"",""Trendyol Plus'a Özel""]",Tahmini Teslim:,refreshed,0,https://www.trendyol.com/pop-beauty/kas-sabitleyici-ve-sekillendirici-kas-fircasi-taragi-ve-sabitleyici-jel-laminasyon-etk-p-720423548?boutiqueId=61&merchantId=343124
kozmetik:kozmetik-vitrini,252,252,-139,28.8,1.2,167751697,908896,167751697:908896,mia klinika Akneli Sivilceli ve Yağlı Ciltler İçin Bariyer Güçlendirici Nemlendirici Krem,mia klinika,Mia Klinika,279,,-1.8,InStock,,,,,4.263560083907701,3960,31,,"[""Kargo Bedava"",""Trendyol Plus'a Özel""]",Tahmini Teslim:,refreshed,0,https://www.trendyol.com/mia-klinika/akneli-sivilceli-ve-yagli-ciltler-icin-bariyer-guclendirici-nemlendirici-krem-p-167751697?boutiqueId=61&merchantId=908896
kozmetik:kozmetik-vitrini,253,253,-88,37,51.3,1157874477,856334,1157874477:856334,ÖZDEN ÖZDOĞAN Pink Touch Tone-Up SPF 50 PA+++ Ton Eşitleyici Güneş Kremi 50 ml,ÖZDEN ÖZDOĞAN,ÖZDEN ÖZDOĞAN,699.99,,150,InStock,3 günde 1B+ ürün satıldı!,3,1000,333.3,4.434375,350,10,153,"[""Sepette %60 İndirim"",""Sepette %55 İndirim"",""199,90 TL Kupon"",""299,90 TL Kupon"",""Kargo Bedava"",""Son 10 Günün En Düşük Fiyatı"",""Trendyol Plus'a Özel""]",Tahmini Teslim:,refreshed,0,https://www.trendyol.com/ozden-ozdogan/pink-touch-tone-up-spf-50-pa-ton-esitleyici-gunes-kremi-50-ml-p-1157874477?boutiqueId=61&merchantId=856334
kozmetik:kozmetik-vitrini,254,254,,32.8,11.8,355134927,674296,355134927:674296,Mad Parfüm Mad Y102 Selective 50 ml Kadın Parfüm,Mad Parfüm,MAD PARFÜM,599.99,,,InStock,Son 3 günde 250+ ürün satıldı!,3,250,83.3,4.335719968178203,3750,,1409,"[""Kargo Bedava""]",Tahmini Teslim:,refreshed,0,https://www.trendyol.com/mad-parfum/mad-y102-selective-50-ml-kadin-parfum-p-355134927?boutiqueId=61&merchantId=674296
kozmetik:kozmetik-vitrini,256,256,-59,24.7,5.3,877720947,105041,877720947:105041,Sleepy Bio Natural Premium Plus Hijyenik Ped Mega Paket Gece 30X3 (90 Adet),Sleepy,Ne Lazımsa Bak,367,,2.5,InStock,,,,,4.6100254885301615,1230,34,228,"[""Kargo Bedava""]",Tahmini Teslim:,refreshed,0,https://www.trendyol.com/sleepy/bio-natural-premium-plus-hijyenik-ped-mega-paket-gece-30x3-90-adet-p-877720947?boutiqueId=61&merchantId=105041
kozmetik:kozmetik-vitrini,259,259,-243,21.4,8.6,104655415,2727,104655415:2727,Pierre Cardin Porcelain Edition Compact Powder - Pudra -Beige-434,Pierre Cardin,Miorre,338,,147.1,InStock,,,,,4.3907910271546635,478,,225,"[""Sepette %60 İndirim"",""Sepette %45 İndirim"",""Sepette %1 İndirim"",""Kargo Bedava""]",Tahmini Teslim:,refreshed,0,https://www.trendyol.com/pierre-cardin/porcelain-edition-compact-powder-pudra-beige-434-p-104655415?boutiqueId=61&merchantId=2727
kozmetik:kozmetik-vitrini,260,260,,19.1,10.9,886604145,1321482,886604145:1321482,Dr. Althea 345 Relief Cream | Akne Karşıtı Niacinamide Resveratrol Centella Yatıştırıcı Nemlendirici Krem 50 ml,Dr. Althea,BRC Gruop,975.45,,,InStock,,,,,4.295503211991435,240,,477,"[""Kargo Bedava"",""Sepette %20 İndirim"",""Sepette %15 İndirim"",""Son 10 Günün En Düşük Fiyatı"",""Trendyol Plus'a Özel""]",Tahmini Teslim:,refreshed,0,https://www.trendyol.com/dr-althea/345-relief-cream-akne-karsiti-niacinamide-resveratrol-centella-yatistirici-nemlendirici-krem-50-ml-p-886604145?boutiqueId=61&merchantId=1321482
kozmetik:kozmetik-vitrini,261,261,-154,19.7,10.3,801337461,108088,801337461:108088,ISANA Vücut Losyonu ve Deo Set,ISANA,The Kozmetik,549.99,,21.7,InStock,,,,,4.35225048923679,287,21,84,"[""Kargo Bedava"",""Sepette %26 İndirim"",""20 TL Kupon"",""Son 10 Günün En Düşük Fiyatı"",""Trendyol Plus'a Özel""]",Tahmini Teslim:,refreshed,0,https://www.trendyol.com/isana/vucut-losyonu-ve-deo-set-p-801337461?boutiqueId=61&merchantId=108088
kozmetik:kozmetik-vitrini,262,262,-145,33.9,10.7,104587791,333578,104587791:333578,Muson Natural Illumination Foundation - Light.30 ml,Muson,MUSON,1019,,33.3,InStock,3 günde 250+ ürün satıldı!,3,250,83.3,4.431810089020772,5228,,1815,"[""Sepette %25 İndirim"",""Kargo Bedava""]",Tahmini Teslim:,refreshed,0,https://www.trendyol.com/muson/natural-illumination-foundation-light-30-ml-p-104587791?boutiqueId=61&merchantId=333578
kozmetik:kozmetik-vitrini,264,264,,24.2,5.8,48227667,156433,48227667:156433,KOLPED Koltuk Altı Pedi Ter Emici Yapraklar 42 Adet ( 3 Kutu),KOLPED,dryandsoft,214.23,,,InStock,,,,,4.208848715509039,1052,,140,"[""Kargo Bedava""]",Tahmini Teslim:,refreshed,0,https://www.trendyol.com/kolped/koltuk-alti-pedi-ter-emici-yapraklar-42-adet-3-kutu-p-48227667?boutiqueId=61&merchantId=156433
kozmetik:kozmetik-vitrini,265,265,-90,20,39.1,1183911818,1014410,1183911818:1014410,RESETIFY Triple Firming Shot Gua Sha Sıkılaştırıcı Gençleştirici Krem 100 ML,RESETIFY,Resetify,1380,,0,InStock,3 günde 500+ ürün satıldı!,3,500,166.7,4.694444444444445,28,0,31,"[""Kargo Bedava""]",Tahmini Teslim:,refreshed,0,https://www.trendyol.com/resetify/triple-firming-shot-gua-sha-sikilastirici-genclestirici-krem-100-ml-p-1183911818?boutiqueId=61&merchantId=1014410
kozmetik:kozmetik-vitrini,268,268,-94,29,1,2835726,415219,2835726:415219,Maybelline New York Instant Anti Age Eraser Kapatıcı - 00 Ivory,Maybelline New York,alin’,491.64,,-7.7,InStock,,,,,4.420411371675619,4187,,1088,"[""Kargo Bedava""]",Tahmini Teslim:,refreshed,0,https://www.trendyol.com/maybelline-new-york/instant-anti-age-eraser-kapatici-00-ivory-p-2835726?boutiqueId=61&merchantId=415219
kozmetik:kozmetik-vitrini,269,269,-102,20.4,9.6,943976242,650379,943976242:650379,Barulab RICERAMIDE CREAM IN CLEANSING PAD - Pirinç Özlü Temizleme Pedi 30 Adet,Barulab,Ledoria Kozmetik,417.91,,0,InStock,,,,,4.76678445229682,351,2,66,"[""Kargo Bedava"",""502,95 TL Kupon"",""1.199 TL Kupon"",""580 TL Kupon"",""8 TL Kupon"",""Son 10 Günün En Düşük Fiyatı"",""Trendyol Plus'a Özel""]",Tahmini Teslim:,refreshed,0,https://www.trendyol.com/barulab/riceramide-cream-in-cleansing-pad-pirinc-ozlu-temizleme-pedi-30-adet-p-943976242?boutiqueId=61&merchantId=650379
kozmetik:kozmetik-vitrini,270,270,-86,35.8,10.4,138203087,4473,138203087:4473,Flormar Suya Dayanıklı Jel Göz Kalemi (SİYAH)-extreme Tattoo Gel Pencil-006 Onyx-8682536028882,Flormar,Flormar,349,,5.3,InStock,3 günde 250+ ürün satıldı!,3,250,83.3,4.531343469591226,8902,138,645,"[""Kargo Bedava""]",Tahmini Teslim:,refreshed,0,https://www.trendyol.com/flormar/suya-dayanikli-jel-goz-kalemi-siyah-extreme-tattoo-gel-pencil-006-onyx-8682536028882-p-138203087?boutiqueId=61&merchantId=4473
kozmetik:kozmetik-vitrini,271,271,-83,33.5,11.1,281950,803859,281950:803859,Essence I Love Crazy Volume Hacim Maskara,Essence,essence,299.9,,0,InStock,3 günde 250+ ürün satıldı!,3,250,83.3,4.504870675176352,4652,905,334,"[""196 TL Kupon"",""150 TL Kupon"",""94 TL Kupon"",""Kargo Bedava""]",Tahmini Teslim:,refreshed,0,https://www.trendyol.com/essence/i-love-crazy-volume-hacim-maskara-p-281950?boutiqueId=61&merchantId=803859
kozmetik:kozmetik-vitrini,272,272,-98,25.1,4.9,988457635,868716,988457635:868716,Flormar Volume Up Mascara Yoğun Hacim ve Lifting Etkili Kat Kat Uygulanabilir Maskara,Flormar,URZ E-ticaret,454.5,,-14.7,InStock,,,,,4.278859527121002,1367,63,109,"[""Sepette %1 İndirim"",""Kargo Bedava"",""94 TL Kupon"",""629,96 TL Kupon"",""196 TL Kupon"",""107 TL Kupon"",""Son 10 Günün En Düşük Fiyatı"",""Trendyol Plus'a Özel""]",Tahmini Teslim:,refreshed,0,https://www.trendyol.com/flormar/volume-up-mascara-yogun-hacim-ve-lifting-etkili-kat-kat-uygulanabilir-maskara-p-988457635?boutiqueId=61&merchantId=868716
kozmetik:kozmetik-vitrini,273,273,-80,56.5,53.5,945615429,830154,945615429:830154,CALLİEL Ton Eşitleyici Gözenek Sıkılaştırıcı Mandelik Asit Tonik 200 Ml,CALLİEL,Calliel,350,,75.1,InStock,3 günde 2B+ ürün satıldı!,3,2000,666.7,4.2012674825174825,2026,33,2212,"[""Kargo Bedava"",""Son 10 Günün En Düşük Fiyatı"",""Trendyol Plus'a Özel""]",Tahmini Teslim:,refreshed,0,https://www.trendyol.com/calliel/ton-esitleyici-gozenek-sikilastirici-mandelik-asit-tonik-200-ml-p-945615429?boutiqueId=61&merchantId=830154
kozmetik:kozmetik-vitrini,274,274,-103,25.9,18.6,930364095,630280,930364095:630280,Batekso Leopar Desenli Makyaj Çantası - Büyük Boy,Batekso,Batekso,159.9,,0,InStock,3 günde 250+ ürün satıldı!,3,250,83.3,4.812734082397003,525,12,29,"[""Kargo Bedava"",""Trendyol Plus'a Özel""]",Tahmini Teslim:,refreshed,0,https://www.trendyol.com/batekso/leopar-desenli-makyaj-cantasi-buyuk-boy-p-930364095?boutiqueId=61&merchantId=630280
kozmetik:kozmetik-vitrini,275,275,,2.4,27.6,1102261048,210925,1102261048:210925,"Giraffe PK Sticker Karışık Renkli Yıldız Taş Sticker Yapışkanlı Saç, Yüz, Tırnak Ve Süs Taşı Yılbaşı Dekor Işıltılı",Giraffe PK Sticker,PazarKapisiCom,174.99,,,InStock,,,,,5,1,,2,"[""Kargo Bedava"",""Trendyol Plus'a Özel""]",Tahmini Teslim:,refreshed,0,https://www.trendyol.com/giraffe-pk-sticker/karisik-renkli-yildiz-tas-sticker-yapiskanli-sac-yuz-tirnak-ve-sus-tasi-yilbasi-dekor-isiltili-p-1102261048?boutiqueId=61&merchantId=210925
kozmetik:kozmetik-vitrini,276,276,-123,27.9,2.1,132366,196129,132366:196129,Vichy Dercos Energisant ENERGY+ Niasinamid İçeren Koparak Saç Dökülmesine Karşı Etkili Şampuan 400 ml,Vichy,DERMOJET,1190,,,InStock,,,,,4.1928738708598186,3105,92,,"[""Kargo Bedava""]",,refreshed,0,https://www.trendyol.com/vichy/dercos-energisant-energy-niasinamid-iceren-koparak-sac-dokulmesine-karsi-etkili-sampuan-400-ml-p-132366?boutiqueId=61&merchantId=196129
kozmetik:kozmetik-vitrini,277,277,-121,20.1,9.9,1011510078,556702,1011510078:556702,Cream Co. Leke Karşıtı Canlandırıcı Aydınlatıcı Işıltılı Yüz Spreyi Su Bazlı Nemlendirici Yüz Kremi İkili,Cream Co.,Cream Co.,437.97,,5.3,InStock,,,,,4.491304347826087,327,9,51,"[""Kargo Bedava"",""Trendyol Plus'a Özel""]",Tahmini Teslim:,refreshed,0,https://www.trendyol.com/cream-co/leke-karsiti-canlandirici-aydinlatici-isiltili-yuz-spreyi-su-bazli-nemlendirici-yuz-kremi-ikili-p-1011510078?boutiqueId=61&merchantId=556702
kozmetik:kozmetik-vitrini,278,278,-150,23.6,6.4,774102071,885839,774102071:885839,FRANKLY CICAHAE Centella Asiatica İçeren Nemlendirici ve Yatıştırıcı Güneş Kremi SPF50+ PA++++ 50 mL,FRANKLY,Frankly Türkiye,929,,0,InStock,,,,,4.672046481601033,878,18,530,"[""Sepette %15 İndirim"",""Kargo Bedava""]",Tahmini Teslim:,refreshed,0,https://www.trendyol.com/frankly/cicahae-centella-asiatica-iceren-nemlendirici-ve-yatistirici-gunes-kremi-spf50-pa-50-ml-p-774102071?boutiqueId=61&merchantId=885839
kozmetik:kozmetik-vitrini,279,279,,21.4,8.6,928498025,1048846,928498025:1048846,SMB PROFESYONEL İNCİ TOZU 6 LI PAKET NAİL ART KALICI OJE TIRNAK SÜSLEME,SMB PROFESYONEL,SMB PROFESYONEL,169,,,InStock,,,,,4.544496487119438,476,,133,"[""Kargo Bedava""]",Tahmini Teslim:,refreshed,0,https://www.trendyol.com/smb-profesyonel/inci-tozu-6-li-paket-nail-art-kalici-oje-tirnak-susleme-p-928498025?boutiqueId=61&merchantId=1048846
kozmetik:kozmetik-vitrini,280,280,-104,31.9,12.7,167743320,908896,167743320:908896,mia klinika Bariyer Güçlendirici Onarıcı Canlandırıcı Ve Nemlendirici Krem,mia klinika,Mia Klinika,279,,-1.8,InStock,3 günde 250+ ürün satıldı!,3,250,83.3,4.368390013760566,2905,33,1969,"[""Kargo Bedava"",""Trendyol Plus'a Özel""]",Tahmini Teslim:,refreshed,0,https://www.trendyol.com/mia-klinika/bariyer-guclendirici-onarici-canlandirici-ve-nemlendirici-krem-p-167743320?boutiqueId=61&merchantId=908896
kozmetik:kozmetik-vitrini,281,281,-96,25.4,19.2,1133206753,1168742,1133206753:1168742,Mas'dala EGAR Profesyonel İpek Kirpik Seti Doğal Görünümlü Kirpik Uygulama Kiti,Mas'dala EGAR,Masdala EGAR,484.78,,2,InStock,3 günde 250+ ürün satıldı!,3,250,83.3,4.311178247734139,446,5,224,"[""Kargo Bedava""]",Tahmini Teslim:,refreshed,0,https://www.trendyol.com/mas-dala-egar/profesyonel-ipek-kirpik-seti-dogal-gorunumlu-kirpik-uygulama-kiti-p-1133206753?boutiqueId=61&merchantId=1168742
kozmetik:kozmetik-vitrini,282,282,,37.8,21.4,354099434,674296,354099434:674296,Mad Parfüm Mad G103 Selective 50 ml Kadın Parfüm,Mad Parfüm,MAD PARFÜM,599.99,,,InStock,3 günde 500+ ürün satıldı!,3,500,166.7,4.454915505119033,4792,,1838,"[""Kargo Bedava""]",Tahmini Teslim:,refreshed,0,https://www.trendyol.com/mad-parfum/mad-g103-selective-50-ml-kadin-parfum-p-354099434?boutiqueId=61&merchantId=674296
kozmetik:kozmetik-vitrini,283,283,-120,33,72,1188234275,154207,1188234275:154207,MOZIUR Tırnak Bakım Törpüsü 100-180 Kalıcı Oje Protez Tırnak,MOZIUR,Zerre İthalat,9.85,,14.7,InStock,"3 günde 1,5B+ ürün satıldı!",3,1500,500,4.826086956521739,9,,1,"[""Kargo Bedava""]",Tahmini Teslim:,refreshed,0,https://www.trendyol.com/moziur/tirnak-bakim-torpusu-100-180-kalici-oje-protez-tirnak-p-1188234275?boutiqueId=61&merchantId=154207
kozmetik:kozmetik-vitrini,284,284,-122,32.2,0,4283174,634825,4283174:634825,New Well Kontür - Prof. Contour Stick - Çift Taraflı 8680923304953,New Well,FASİA,256,,,InStock,,,,,4.266575893914279,10475,,1705,"[""Sepette %40 İndirim"",""Sepette %30 İndirim"",""303 TL Kupon"",""Kargo Bedava"",""Son 10 Günün En Düşük Fiyatı""]",Tahmini Teslim:,refreshed,0,https://www.trendyol.com/new-well/kontur-prof-contour-stick-cift-tarafli-8680923304953-p-4283174?boutiqueId=61&merchantId=634825
kozmetik:kozmetik-vitrini,285,285,-106,19.2,10.8,1057524891,4473,1057524891:4473,Flormar Kremsi Dokulu & Mat Bitişli/Işıltılı 9'lu Kompakt Göz Farı Paleti - 004 FOLLOW YOUR HEART,Flormar,Flormar,499,,0,InStock,,,,,4.475165562913907,251,,14,"[""Kargo Bedava"",""Trendyol Plus'a Özel""]",Tahmini Teslim:,refreshed,0,https://www.trendyol.com/flormar/kremsi-dokulu-mat-bitisli-isiltili-9-lu-kompakt-goz-fari-paleti-004-follow-your-heart-p-1057524891?boutiqueId=61&merchantId=4473
kozmetik:kozmetik-vitrini,286,286,-178,31.5,13.1,683006884,674296,683006884:674296,Mad Parfüm Mad P107 Selective 50 ml Kadın Parfüm,Mad Parfüm,MAD PARFÜM,599.99,,0,InStock,3 günde 250+ ürün satıldı!,3,250,83.3,4.321209258384506,2589,39,977,"[""Kargo Bedava""]",Tahmini Teslim:,refreshed,0,https://www.trendyol.com/mad-parfum/mad-p107-selective-50-ml-kadin-parfum-p-683006884?boutiqueId=61&merchantId=674296
kozmetik:kozmetik-vitrini,288,288,,28.1,1.9,1058507,104937,1058507:104937,Bioderma Sebium Lotion Salisilik Asit İçeren Gözenek Sıkılaştırıcı Siyah Nokta Karşıtı Tonik 200 ml,Bioderma,Sachane,896,,,InStock,,,,,4.543567781255147,3216,,2415,"[""Kargo Bedava"",""Sepette %30 İndirim"",""999 TL Kupon"",""Son 10 Günün En Düşük Fiyatı"",""Trendyol Plus'a Özel""]",Tahmini Teslim:,refreshed,0,https://www.trendyol.com/bioderma/sebium-lotion-salisilik-asit-iceren-gozenek-sikilastirici-siyah-nokta-karsiti-tonik-200-ml-p-1058507?boutiqueId=61&merchantId=104937
kozmetik:kozmetik-vitrini,289,289,-126,30.2,14.4,177348930,106684,177348930:106684,Skin Sensual Daily Hydrating Moisturizer Cream Jojoba Oil Shea Butter 24 Saat Etkili Nemlendirici,Skin Sensual,Kozmetix House,699,,119.8,InStock,Son 3 günde 250+ ürün satıldı!,3,250,83.3,4.440124416796267,1808,19,381,"[""Sepette %55 İndirim"",""Süper Fırsat Ürünü"",""Sepette %2 İndirim"",""Kargo Bedava""]",Tahmini Teslim:,refreshed,0,https://www.trendyol.com/skin-sensual/daily-hydrating-moisturizer-cream-jojoba-oil-shea-butter-24-saat-etkili-nemlendirici-p-177348930?boutiqueId=61&merchantId=106684
kozmetik:kozmetik-vitrini,290,290,-175,24,6,6242454,604990,6242454:604990,Nascita PRO ACILI ALLIK FIRCASI.NASBRUSH0253,Nascita,Sağlık-Güzellik-Merkezi,190.27,,,InStock,,,,,4.628859857482185,993,13,86,"[""Sepette %1 İndirim"",""Kargo Bedava"",""Son 10 Günün En Düşük Fiyatı"",""Trendyol Plus'a Özel""]",Tahmini Teslim:,refreshed,0,https://www.trendyol.com/nascita/pro-acili-allik-fircasi-nasbrush0253-p-6242454?boutiqueId=61&merchantId=604990
kozmetik:kozmetik-vitrini,291,291,,31.2,0,578704,601932,578704:601932,Urban Care Expert Biotin Ve Kafein Dökülme Karşıtı Saç Bakim Toniği- Hızlı Uzamaya Yardımcı 200 ml-Vegan,Urban Care,Show Oto Aksesuar,201.9,,,InStock,,,,,4.2928522907389235,7969,,4100,"[""Sepette %1 İndirim"",""Sepette %15 İndirim"",""25 TL Kupon"",""199 TL Kupon"",""580 TL Kupon"",""Kargo Bedava"",""Son 10 Günün En Düşük Fiyatı"",""Trendyol Plus'a Özel""]",Tahmini Teslim:,refreshed,0,https://www.trendyol.com/urban-care/expert-biotin-ve-kafein-dokulme-karsiti-sac-bakim-tonigi-hizli-uzamaya-yardimci-200-ml-vegan-p-578704?boutiqueId=61&merchantId=601932
kozmetik:kozmetik-vitrini,292,292,-134,13.6,31,1190343251,856334,1190343251:856334,ÖZDEN ÖZDOĞAN Kadın Beyazlatıcı Etkili Ter Önleyici Roll-On Antiperspirant 50ml,ÖZDEN ÖZDOĞAN,ÖZDEN ÖZDOĞAN,599.99,,150,InStock,Son 3 günde 250+ ürün satıldı!,3,250,83.3,4.636363636363637,14,,12,"[""Sepette %60 İndirim"",""299,90 TL Kupon"",""249,90 TL Kupon"",""Kargo Bedava"",""Trendyol Plus'a Özel""]",Tahmini Teslim:,refreshed,0,https://www.trendyol.com/ozden-ozdogan/kadin-beyazlatici-etkili-ter-onleyici-roll-on-antiperspirant-50ml-p-1190343251?boutiqueId=61&merchantId=856334
kozmetik:kozmetik-vitrini,293,293,-155,19.6,10.4,922938983,310522,922938983:310522,Alix Avien Suya Dayanıklı 11 Saat Kalıcı Yoğun Pigmentli Kremsi Göz Kalem Farı - Master Stay 10 Amaranthine,Alix Avien,Alix Avien,549.9,,0,InStock,,,,,4.419642857142857,277,,40,"[""Kargo Bedava""]",Tahmini Teslim:,refreshed,0,https://www.trendyol.com/alix-avien/suya-dayanikli-11-saat-kalici-yogun-pigmentli-kremsi-goz-kalem-fari-master-stay-10-amaranthine-p-922938983?boutiqueId=61&merchantId=310522
kozmetik:kozmetik-vitrini,295,295,-121,42,20.8,716412326,634825,716412326:634825,New Well Ter Önleyici Beyazlatıcı Roll-on 50 ml,New Well,FASİA,268,,-1.1,InStock,Son 3 günde 500+ ürün satıldı!,3,500,166.7,4.465916973967651,16042,-11,1887,"[""Sepette %26 İndirim"",""34 TL Kupon"",""Kargo Bedava"",""Son 10 Günün En Düşük Fiyatı""]",Tahmini Teslim:,refreshed,0,https://www.trendyol.com/new-well/ter-onleyici-beyazlatici-roll-on-50-ml-p-716412326?boutiqueId=61&merchantId=634825
kozmetik:kozmetik-vitrini,296,296,-100,29.7,14.9,906087869,106852,906087869:106852,Siveno %100 Doğal Biberiye Suyu Saç Dökülmesi Karşıtı ve Hızlı Saç Uzatma Etkili Saç Toniği 150 ml,Siveno,Siveno,199.9,,0,InStock,Son 3 günde 250+ ürün satıldı!,3,250,83.3,4.414625733011382,1533,9,519,"[""Sepette %5 İndirim"",""Kargo Bedava"",""Trendyol Plus'a Özel""]",Tahmini Teslim:,refreshed,0,https://www.trendyol.com/siveno/100-dogal-biberiye-suyu-sac-dokulmesi-karsiti-ve-hizli-sac-uzatma-etkili-sac-tonigi-150-ml-p-906087869?boutiqueId=61&merchantId=106852
kozmetik:kozmetik-vitrini,297,297,-216,23.4,6.6,132654534,104937,132654534:104937,Olaplex No3+ Complete Repair Treatment 100 ML,Olaplex,Sachane,2016.67,,-2.3,InStock,,,,,4.0755166931637525,836,35,1047,"[""Kargo Bedava"",""Sepette %20 İndirim"",""Sepette %50 İndirim"",""Sepette %25 İndirim"",""999,56 TL Kupon"",""50 TL Kupon"",""Son 10 Günün En Düşük Fiyatı""]",Tahmini Teslim:,refreshed,0,https://www.trendyol.com/olaplex/no3-complete-repair-treatment-100-ml-p-132654534?boutiqueId=61&merchantId=104937
kozmetik:kozmetik-vitrini,298,298,-166,27.4,2.6,5476272,104736,5476272:104736,Mac Kirpik Kıvırıcı / Full Lash Curler 773602276219,Mac,Mac,1899,,0,InStock,,,,,4.271578496466053,2680,12,270,"[""189 TL Kupon"",""Kargo Bedava"",""Trendyol Plus'a Özel""]",Tahmini Teslim:,refreshed,0,https://www.trendyol.com/mac/kirpik-kivirici-full-lash-curler-773602276219-p-5476272?boutiqueId=61&merchantId=104736
kozmetik:kozmetik-vitrini,299,299,-199,30.2,14.4,900760236,107819,900760236:107819,NYX Professional Makeup Buttermelt Blush Kremsi Pudra Allık - 02 Butta Together,NYX Professional Makeup,L'Oreal,1149.99,,100,InStock,Son 3 günde 250+ ürün satıldı!,3,250,83.3,4.664344941956882,1787,,108,"[""Sepette %40 İndirim"",""Kargo Bedava""]",Tahmini Teslim:,refreshed,0,https://www.trendyol.com/nyx-professional-makeup/buttermelt-blush-kremsi-pudra-allik-02-butta-together-p-900760236?boutiqueId=61&merchantId=107819
kozmetik:kozmetik-vitrini,300,300,-102,28.6,1.4,49712374,107819,49712374:107819,Maybelline New York Baby Skin Gözenek Gizleyici Makyaj Bazı - Pore Eraser,Maybelline New York,L'Oreal,449.96,,,InStock,,,,,4.402980669912941,3788,,519,"[""67 TL Kupon"",""Kargo Bedava""]",Tahmini Teslim:,refreshed,0,https://www.trendyol.com/maybelline-new-york/baby-skin-gozenek-gizleyici-makyaj-bazi-pore-eraser-p-49712374?boutiqueId=61&merchantId=107819
