variant_id,variant_label,listing_id,inventory_key,stock_quantity,stock_quantity_source,stock_quantity_kind,stock_observed_at,max_sale_limit,seller_count,seller_count_observed,seller_count_kind,sellers,variants,favorite_count,inventory_decrease,sales_estimate_daily,sales_estimate_weekly,sales_estimate_monthly,sales_estimate_status,sales_estimate_hours,sales_estimate_source,date,captured_at,query,sort,source_segment,source_query,segment_position,source_page,search_position,bestseller_rank,category_rank,rank_scope,rank_scope_position,rank_delta,trend_score,niche_score,product_id,merchant_id,offer_key,title,brand,category,url,seller_name,seller_score,price,original_price,discount_percent,price_delta_percent,currency,campaigns,stock_status,stock_signal,sales_signal,sales_signal_days,sales_signal_min,sales_signal_daily_min,rating,rating_count,review_count,review_delta,question_count,basket_signal,favorite_signal,view_signal,shipping_cost,shipping_currency,handling_days_min,handling_days_max,transit_days_min,transit_days_max,delivery_summary,badge,image_url,properties,sample_review_count,sample_review_avg,detail_status,detail_selection,detail_attempted,detail_refreshed_at,detail_age_days,data_sources,field_availability,detail_ok,detail_error
398254393,80B,ec07a1577ef91f3b0e1b840c4d7adb9d,249102906:207439:398254393:ec07a1577ef91f3b0e1b840c4d7adb9d,9973,merchantListing.winnerVariant.quantity,reported,2026-09-14T11:01:50.462Z,10,2,2,reported_total,"[{""merchant_id"":""207439"",""name"":""MODALADY"",""score"":8.9,""price"":478.9,""variant_id"":""398254393"",""listing_id"":""ec07a1577ef91f3b0e1b840c4d7adb9d"",""stock_quantity"":9973},{""merchant_id"":""627680"",""name"":""MAANGE"",""score"":8.7,""price"":749,""variant_id"":""398254393"",""listing_id"":""120a2a2f6ad137eeb49fcb971049fbdb"",""stock_quantity"":9820}]","[{""variant_id"":""398254393"",""label"":""80B"",""in_stock"":true,""stock_quantity"":9973,""selected"":true},{""variant_id"":""398244720"",""label"":""85B"",""in_stock"":true,""stock_quantity"":null,""selected"":false},{""variant_id"":""398254398"",""label"":""90B"",""in_stock"":true,""stock_quantity"":null,""selected"":false},{""variant_id"":""398254390"",""label"":""95B"",""in_stock"":true,""stock_quantity"":null,""selected"":false},{""variant_id"":""398254385"",""label"":""100B"",""in_stock"":true,""stock_quantity"":null,""selected"":false}]",77720,4,4,,,estimated,24,inventory_net_decrease,2026-09-14,2026-09-14T14:00:36+03:00,hamile,BEST_SELLER,hamile-cok-satanlar,Trendyol Hamile / Çok Satanlar,1,1,1,1,1,hamile:hamile-cok-satanlar,1,1,111.4,35.7,249102906,207439,249102906:207439,MODALADY Kadın 3 Adet Emzirme Sütyeni,MODALADY,,https://www.trendyol.com/modalady/kadin-3-adet-emzirme-sutyeni-p-249102906,MODALADY,8.9,478.9,,,0,TRY,"[""Kargo Bedava""]",InStock,,3 günde 250+ ürün satıldı!,3,250,83.3,4.478276186002819,8516,4527,-1,,,,,,,0,,,,,,,{},0,,refreshed,"[""daily_top""]",true,2026-09-14T11:01:50.463Z,0,"[""search_result_dom"",""product_detail_jsonld"",""product_detail_dom""]","{""variant_id"":""observed"",""variant_label"":""observed"",""listing_id"":""observed"",""inventory_key"":""observed"",""stock_quantity"":""observed"",""stock_quantity_source"":""observed"",""stock_quantity_kind"":""observed"",""stock_observed_at"":""observed"",""max_sale_limit"":""observed"",""seller_count"":""observed"",""seller_count_observed"":""observed"",""seller_count_kind"":""observed"",""sellers"":""observed"",""variants"":""observed"",""favorite_count"":""observed"",""inventory_decrease"":""unavailable"",""sales_estimate_daily"":""unavailable"",""sales_estimate_weekly"":""unavailable"",""sales_estimate_monthly"":""unavailable"",""sales_estimate_status"":""unavailable"",""sales_estimate_hours"":""unavailable"",""sales_estimate_source"":""unavailable"",""title"":""observed"",""brand"":""observed"",""seller_name"":""observed"",""seller_score"":""observed"",""price"":""observed"",""original_price"":""unavailable"",""campaigns"":""observed"",""stock_status"":""observed"",""stock_signal"":""unavailable"",""rating"":""observed"",""rating_count"":""observed"",""review_count"":""observed"",""question_count"":""unavailable"",""delivery_summary"":""unavailable"",""shipping_cost"":""unavailable"",""properties"":""observed""}",true,
1619901057,S,97413755c508338a65239b13ee726959,814645518:257086:1619901057:97413755c508338a65239b13ee726959,12297,merchantListing.winnerVariant.quantity,reported,2026-09-14T11:01:50.472Z,10,1,1,reported_total,"[{""merchant_id"":""257086"",""name"":""ARMA YILDIZ"",""score"":9.3,""price"":299.9,""variant_id"":""1619901057"",""listing_id"":""97413755c508338a65239b13ee726959"",""stock_quantity"":12297}]","[{""variant_id"":""1619901057"",""label"":""S"",""in_stock"":true,""stock_quantity"":12297,""selected"":true},{""variant_id"":""1086591268"",""label"":""M"",""in_stock"":true,""stock_quantity"":null,""selected"":false},{""variant_id"":""1086591263"",""label"":""L"",""in_stock"":true,""stock_quantity"":null,""selected"":false},{""variant_id"":""1086591275"",""label"":""XL"",""in_stock"":true,""stock_quantity"":null,""selected"":false},{""variant_id"":""1086591274"",""label"":""2XL"",""in_stock"":true,""stock_quantity"":null,""selected"":false},{""variant_id"":""1086591271"",""label"":""3XL"",""in_stock"":true,""stock_quantity"":null,""selected"":false},{""variant_id"":""1086591279"",""label"":""4XL"",""in_stock"":true,""stock_quantity"":null,""selected"":false},{""variant_id"":""1086591265"",""label"":""5XL"",""in_stock"":true,""stock_quantity"":null,""selected"":false}]",37580,1,1,,,estimated,24,inventory_net_decrease,2026-09-14,2026-09-14T14:00:36+03:00,hamile,BEST_SELLER,hamile-cok-satanlar,Trendyol Hamile / Çok Satanlar,2,1,2,2,2,hamile:hamile-cok-satanlar,2,-1,105.8,38.8,814645518,257086,814645518:257086,Arma Yıldız 3'lü Paket Kadın Renkli Pamuklu Likralı Yüksek Bel Hamile Lohusa Külot Esnek ve Rahat Kumaş,Arma Yıldız,,https://www.trendyol.com/arma-yildiz/3-lu-paket-kadin-renkli-pamuklu-likrali-yuksek-bel-hamile-lohusa-kulot-esnek-ve-rahat-kumas-p-814645518,ARMA YILDIZ,9.3,299.9,,,0,TRY,[],InStock,,3 günde 250+ ürün satıldı!,3,250,83.3,4.469267955801104,2896,1607,2,,,,,,,0,,,,,,,{},0,,refreshed,"[""daily_top""]",true,2026-09-14T11:01:50.473Z,0,"[""search_result_dom"",""product_detail_jsonld"",""product_detail_dom""]","{""variant_id"":""observed"",""variant_label"":""observed"",""listing_id"":""observed"",""inventory_key"":""observed"",""stock_quantity"":""observed"",""stock_quantity_source"":""observed"",""stock_quantity_kind"":""observed"",""stock_observed_at"":""observed"",""max_sale_limit"":""observed"",""seller_count"":""observed"",""seller_count_observed"":""observed"",""seller_count_kind"":""observed"",""sellers"":""observed"",""variants"":""observed"",""favorite_count"":""observed"",""inventory_decrease"":""unavailable"",""sales_estimate_daily"":""unavailable"",""sales_estimate_weekly"":""unavailable"",""sales_estimate_monthly"":""unavailable"",""sales_estimate_status"":""unavailable"",""sales_estimate_hours"":""unavailable"",""sales_estimate_source"":""unavailable"",""title"":""observed"",""brand"":""observed"",""seller_name"":""observed"",""seller_score"":""observed"",""price"":""observed"",""original_price"":""unavailable"",""campaigns"":""unavailable"",""stock_status"":""observed"",""stock_signal"":""unavailable"",""rating"":""observed"",""rating_count"":""observed"",""review_count"":""observed"",""question_count"":""unavailable"",""delivery_summary"":""unavailable"",""shipping_cost"":""unavailable"",""properties"":""observed""}",true,
1089150287,M,e8bdcdcbf4a153e3bfd6fc3d9ecd6527,816224058:175525:1089150287:e8bdcdcbf4a153e3bfd6fc3d9ecd6527,4657,merchantListing.winnerVariant.quantity,reported,2026-09-14T11:01:50.177Z,10,1,1,reported_total,"[{""merchant_id"":""175525"",""name"":""Miss Dünya Lissa"",""score"":8.6,""price"":949.99,""variant_id"":""1089150287"",""listing_id"":""e8bdcdcbf4a153e3bfd6fc3d9ecd6527"",""stock_quantity"":4657}]","[{""variant_id"":""1089150287"",""label"":""M"",""in_stock"":true,""stock_quantity"":4657,""selected"":true},{""variant_id"":""1089150286"",""label"":""L"",""in_stock"":true,""stock_quantity"":null,""selected"":false},{""variant_id"":""1089150288"",""label"":""XL"",""in_stock"":true,""stock_quantity"":null,""selected"":false},{""variant_id"":""1089150285"",""label"":""2XL"",""in_stock"":true,""stock_quantity"":null,""selected"":false}]",123198,9,9,49,,estimated,24,inventory_net_decrease,2026-09-14,2026-09-14T14:00:36+03:00,hamile,BEST_SELLER,hamile-cok-satanlar,Trendyol Hamile / Çok Satanlar,3,1,3,3,3,hamile:hamile-cok-satanlar,3,1,101.9,31.5,816224058,175525,816224058:175525,Miss Dünya Lissa Önden Bağlamalı Geniş Şerit Yakalı Hamile ve Lohusa Pijama Takımı,Miss Dünya Lissa,,https://www.trendyol.com/miss-dunya-lissa/onden-baglamali-genis-serit-yakali-hamile-ve-lohusa-pijama-takimi-p-816224058,Miss Dünya Lissa,8.6,949.99,,,35.1,TRY,"[""Kargo Bedava""]",InStock,,3 günde 100+ ürün satıldı!,3,100,33.3,4.447327772628977,3237,1880,2,,,,,,,0,,,,,,,{},0,,refreshed,"[""daily_top""]",true,2026-09-14T11:01:50.180Z,0,"[""search_result_dom"",""product_detail_jsonld"",""product_detail_dom""]","{""variant_id"":""observed"",""variant_label"":""observed"",""listing_id"":""observed"",""inventory_key"":""observed"",""stock_quantity"":""observed"",""stock_quantity_source"":""observed"",""stock_quantity_kind"":""observed"",""stock_observed_at"":""observed"",""max_sale_limit"":""observed"",""seller_count"":""observed"",""seller_count_observed"":""observed"",""seller_count_kind"":""observed"",""sellers"":""observed"",""variants"":""observed"",""favorite_count"":""observed"",""inventory_decrease"":""unavailable"",""sales_estimate_daily"":""unavailable"",""sales_estimate_weekly"":""unavailable"",""sales_estimate_monthly"":""unavailable"",""sales_estimate_status"":""unavailable"",""sales_estimate_hours"":""unavailable"",""sales_estimate_source"":""unavailable"",""title"":""observed"",""brand"":""observed"",""seller_name"":""observed"",""seller_score"":""observed"",""price"":""observed"",""original_price"":""unavailable"",""campaigns"":""observed"",""stock_status"":""observed"",""stock_signal"":""unavailable"",""rating"":""observed"",""rating_count"":""observed"",""review_count"":""observed"",""question_count"":""unavailable"",""delivery_summary"":""unavailable"",""shipping_cost"":""unavailable"",""properties"":""observed""}",true,
933276836,S,215eb06a87b05a2b76ffcb2f974f3129,706275415:108216:933276836:215eb06a87b05a2b76ffcb2f974f3129,327,merchantListing.winnerVariant.quantity,reported,2026-09-14T11:01:59.904Z,10,1,1,reported_total,"[{""merchant_id"":""108216"",""name"":""Artış Collection"",""score"":9.1,""price"":829.89,""variant_id"":""933276836"",""listing_id"":""215eb06a87b05a2b76ffcb2f974f3129"",""stock_quantity"":327}]","[{""variant_id"":""933276836"",""label"":""S"",""in_stock"":true,""stock_quantity"":327,""selected"":true},{""variant_id"":""933235794"",""label"":""M"",""in_stock"":true,""stock_quantity"":null,""selected"":false},{""variant_id"":""933276832"",""label"":""XL"",""in_stock"":true,""stock_quantity"":null,""selected"":false},{""variant_id"":""983474239"",""label"":""2XL"",""in_stock"":true,""stock_quantity"":null,""selected"":false},{""variant_id"":""933276831"",""label"":""L"",""in_stock"":false,""stock_quantity"":null,""selected"":false}]",144595,12,12,,,estimated,24,inventory_net_decrease,2026-09-14,2026-09-14T14:00:36+03:00,hamile,BEST_SELLER,hamile-cok-satanlar,Trendyol Hamile / Çok Satanlar,4,1,4,4,4,hamile:hamile-cok-satanlar,4,-1,101.6,29.2,706275415,108216,706275415:108216,Artış Ispanyol Paça Yüksek Bel Esnek Toparlayıcı Hamile Tayt,Artış,,https://www.trendyol.com/artis/ispanyol-paca-yuksek-bel-esnek-toparlayici-hamile-tayt-p-706275415,Artış Collection,9.1,829.89,,,0,TRY,"[""Kargo Bedava""]",InStock,,3 günde 100+ ürün satıldı!,3,100,33.3,4.43819588601623,5299,3126,0,,,,,,,0,,,,,,,{},0,,refreshed,"[""daily_top""]",true,2026-09-14T11:01:59.905Z,0,"[""search_result_dom"",""product_detail_jsonld"",""product_detail_dom""]","{""variant_id"":""observed"",""variant_label"":""observed"",""listing_id"":""observed"",""inventory_key"":""observed"",""stock_quantity"":""observed"",""stock_quantity_source"":""observed"",""stock_quantity_kind"":""observed"",""stock_observed_at"":""observed"",""max_sale_limit"":""observed"",""seller_count"":""observed"",""seller_count_observed"":""observed"",""seller_count_kind"":""observed"",""sellers"":""observed"",""variants"":""observed"",""favorite_count"":""observed"",""inventory_decrease"":""unavailable"",""sales_estimate_daily"":""unavailable"",""sales_estimate_weekly"":""unavailable"",""sales_estimate_monthly"":""unavailable"",""sales_estimate_status"":""unavailable"",""sales_estimate_hours"":""unavailable"",""sales_estimate_source"":""unavailable"",""title"":""observed"",""brand"":""observed"",""seller_name"":""observed"",""seller_score"":""observed"",""price"":""observed"",""original_price"":""unavailable"",""campaigns"":""observed"",""stock_status"":""observed"",""stock_signal"":""unavailable"",""rating"":""observed"",""rating_count"":""observed"",""review_count"":""observed"",""question_count"":""unavailable"",""delivery_summary"":""unavailable"",""shipping_cost"":""unavailable"",""properties"":""observed""}",true,
11410921,100B,b45c8f74e5c643f63a4654567bfc43e7,1838361:250065:11410921:b45c8f74e5c643f63a4654567bfc43e7,18,merchantListing.winnerVariant.quantity,reported,2026-09-14T11:01:59.816Z,10,7,7,reported_total,"[{""merchant_id"":""250065"",""name"":""LORİSA"",""score"":8.9,""price"":464.2,""variant_id"":""11410921"",""listing_id"":""b45c8f74e5c643f63a4654567bfc43e7"",""stock_quantity"":18},{""merchant_id"":""361972"",""name"":""HG GRUP"",""score"":8.8,""price"":469.9,""variant_id"":""11410921"",""listing_id"":""e72aafb3d3d50cd40c8aaf99bf07af77"",""stock_quantity"":2},{""merchant_id"":""1087271"",""name"":""RPT TEKSTİL"",""score"":9.5,""price"":502,""variant_id"":""11410921"",""listing_id"":""71044c3b41bb49935ea7ba6c4947ead1"",""stock_quantity"":197},{""merchant_id"":""955119"",""name"":""Zuzu TEKSTİL"",""score"":9.6,""price"":509.31,""variant_id"":""11410921"",""listing_id"":""56cd54512a629d62c973132cb41e583d"",""stock_quantity"":57},{""merchant_id"":""1607"",""name"":""Dagi"",""score"":9.1,""price"":699.95,""variant_id"":""11410921"",""listing_id"":""883d1f14d6e5b62cee590148fd0b7aa8"",""stock_quantity"":262},{""merchant_id"":""173766"",""name"":""aloicgiyim"",""score"":9.3,""price"":930,""variant_id"":""11410921"",""listing_id"":""68574d5afde2985505f47666d5c8962e"",""stock_quantity"":4},{""merchant_id"":""1224740"",""name"":""ALLURE İÇ GİYİM"",""score"":8.4,""price"":999,""variant_id"":""11410921"",""listing_id"":""00209db200df2cda328d4ab782d0edcd"",""stock_quantity"":10}]","[{""variant_id"":""11485159"",""label"":""80B"",""in_stock"":true,""stock_quantity"":null,""selected"":false},{""variant_id"":""11485160"",""label"":""85B"",""in_stock"":true,""stock_quantity"":null,""selected"":false},{""variant_id"":""11485161"",""label"":""90B"",""in_stock"":true,""stock_quantity"":null,""selected"":false},{""variant_id"":""11485162"",""label"":""95B"",""in_stock"":true,""stock_quantity"":null,""selected"":false},{""variant_id"":""11410921"",""label"":""100B"",""in_stock"":true,""stock_quantity"":18,""selected"":true}]",38011,13,13,,,estimated,24,inventory_net_decrease,2026-09-14,2026-09-14T14:00:36+03:00,hamile,BEST_SELLER,hamile-cok-satanlar,Trendyol Hamile / Çok Satanlar,5,1,5,5,5,hamile:hamile-cok-satanlar,5,1,96.1,32.2,1838361,250065,1838361:250065,Dagi Ten Emzirme Sütyeni,Dagi,,https://www.trendyol.com/dagi/ten-emzirme-sutyeni-p-1838361,LORİSA,8.9,464.2,,,0,TRY,"[""Sepette %2 İndirim"",""Kargo Bedava""]",InStock,,3 günde 100+ ürün satıldı!,3,100,33.3,4.550354609929078,2115,1144,-1,,,,,,,0,,,,,,,{},0,,refreshed,"[""daily_top""]",true,2026-09-14T11:01:59.817Z,0,"[""search_result_dom"",""product_detail_jsonld"",""product_detail_dom""]","{""variant_id"":""observed"",""variant_label"":""observed"",""listing_id"":""observed"",""inventory_key"":""observed"",""stock_quantity"":""observed"",""stock_quantity_source"":""observed"",""stock_quantity_kind"":""observed"",""stock_observed_at"":""observed"",""max_sale_limit"":""observed"",""seller_count"":""observed"",""seller_count_observed"":""observed"",""seller_count_kind"":""observed"",""sellers"":""observed"",""variants"":""observed"",""favorite_count"":""observed"",""inventory_decrease"":""unavailable"",""sales_estimate_daily"":""unavailable"",""sales_estimate_weekly"":""unavailable"",""sales_estimate_monthly"":""unavailable"",""sales_estimate_status"":""unavailable"",""sales_estimate_hours"":""unavailable"",""sales_estimate_source"":""unavailable"",""title"":""observed"",""brand"":""observed"",""seller_name"":""observed"",""seller_score"":""observed"",""price"":""observed"",""original_price"":""unavailable"",""campaigns"":""observed"",""stock_status"":""observed"",""stock_signal"":""unavailable"",""rating"":""observed"",""rating_count"":""observed"",""review_count"":""observed"",""question_count"":""unavailable"",""delivery_summary"":""unavailable"",""shipping_cost"":""unavailable"",""properties"":""observed""}",true,
1619901493,S,b956f37ee59ce17ac14a13e5db0d5ec4,789662828:257086:1619901493:b956f37ee59ce17ac14a13e5db0d5ec4,99,merchantListing.winnerVariant.quantity,reported,2026-09-14T11:01:59.965Z,10,1,1,reported_total,"[{""merchant_id"":""257086"",""name"":""ARMA YILDIZ"",""score"":9.3,""price"":319.9,""variant_id"":""1619901493"",""listing_id"":""b956f37ee59ce17ac14a13e5db0d5ec4"",""stock_quantity"":99}]","[{""variant_id"":""1619901493"",""label"":""S"",""in_stock"":true,""stock_quantity"":99,""selected"":true},{""variant_id"":""1047908756"",""label"":""M"",""in_stock"":true,""stock_quantity"":null,""selected"":false},{""variant_id"":""1047908757"",""label"":""L"",""in_stock"":true,""stock_quantity"":null,""selected"":false},{""variant_id"":""1047908754"",""label"":""XL"",""in_stock"":true,""stock_quantity"":null,""selected"":false},{""variant_id"":""1047908755"",""label"":""2XL"",""in_stock"":true,""stock_quantity"":null,""selected"":false},{""variant_id"":""1047908753"",""label"":""3XL"",""in_stock"":true,""stock_quantity"":null,""selected"":false},{""variant_id"":""1068552916"",""label"":""4XL"",""in_stock"":true,""stock_quantity"":null,""selected"":false},{""variant_id"":""1068552920"",""label"":""5XL"",""in_stock"":true,""stock_quantity"":null,""selected"":false}]",7434,,,,,unchanged_stock,24,inventory_net_decrease,2026-09-14,2026-09-14T14:00:36+03:00,hamile,BEST_SELLER,hamile-cok-satanlar,Trendyol Hamile / Çok Satanlar,6,1,6,6,6,hamile:hamile-cok-satanlar,6,2,92.3,33.5,789662828,257086,789662828:257086,Arma Yıldız 3'lü Paket Kadın Siyah Pamuklu Likralı Yüksek Bel Hamile Lohusa Külot Esnek ve Rahat Kumaş,Arma Yıldız,,https://www.trendyol.com/arma-yildiz/3-lu-paket-kadin-siyah-pamuklu-likrali-yuksek-bel-hamile-lohusa-kulot-esnek-ve-rahat-kumas-p-789662828,ARMA YILDIZ,9.3,319.9,,,0,TRY,[],InStock,,3 günde 100+ ürün satıldı!,3,100,33.3,4.451692815854665,1211,675,0,,,,,,,0,,,,,,,{},0,,refreshed,"[""daily_top""]",true,2026-09-14T11:01:59.965Z,0,"[""search_result_dom"",""product_detail_jsonld"",""product_detail_dom""]","{""variant_id"":""observed"",""variant_label"":""observed"",""listing_id"":""observed"",""inventory_key"":""observed"",""stock_quantity"":""observed"",""stock_quantity_source"":""observed"",""stock_quantity_kind"":""observed"",""stock_observed_at"":""observed"",""max_sale_limit"":""observed"",""seller_count"":""observed"",""seller_count_observed"":""observed"",""seller_count_kind"":""observed"",""sellers"":""observed"",""variants"":""observed"",""favorite_count"":""observed"",""inventory_decrease"":""unavailable"",""sales_estimate_daily"":""unavailable"",""sales_estimate_weekly"":""unavailable"",""sales_estimate_monthly"":""unavailable"",""sales_estimate_status"":""unavailable"",""sales_estimate_hours"":""unavailable"",""sales_estimate_source"":""unavailable"",""title"":""observed"",""brand"":""observed"",""seller_name"":""observed"",""seller_score"":""observed"",""price"":""observed"",""original_price"":""unavailable"",""campaigns"":""unavailable"",""stock_status"":""observed"",""stock_signal"":""unavailable"",""rating"":""observed"",""rating_count"":""observed"",""review_count"":""observed"",""question_count"":""unavailable"",""delivery_summary"":""unavailable"",""shipping_cost"":""unavailable"",""properties"":""observed""}",true,
67513381,95B,22fd620300d1cdb7af4f2ac53a925976,38003803:327733:67513381:22fd620300d1cdb7af4f2ac53a925976,1457,merchantListing.winnerVariant.quantity,reported,2026-09-14T11:02:09.503Z,5,2,2,reported_total,"[{""merchant_id"":""327733"",""name"":""Pierre Cardin Kadın İç Giyim"",""score"":9.2,""price"":619.9,""variant_id"":""67513381"",""listing_id"":""22fd620300d1cdb7af4f2ac53a925976"",""stock_quantity"":1457},{""merchant_id"":""4664"",""name"":""Pierre Cardin Lingerie"",""score"":9,""price"":629.9,""variant_id"":""67513381"",""listing_id"":""01bd20082549ac0611ce76acf9bbdb2f"",""stock_quantity"":1618}]","[{""variant_id"":""67513381"",""label"":""95B"",""in_stock"":true,""stock_quantity"":1457,""selected"":true},{""variant_id"":""67513382"",""label"":""80"",""in_stock"":true,""stock_quantity"":null,""selected"":false},{""variant_id"":""67513383"",""label"":""85"",""in_stock"":true,""stock_quantity"":null,""selected"":false},{""variant_id"":""67513384"",""label"":""90"",""in_stock"":true,""stock_quantity"":null,""selected"":false},{""variant_id"":""67513385"",""label"":""75B"",""in_stock"":true,""stock_quantity"":null,""selected"":false}]",26249,20,20,80,,estimated,24,inventory_net_decrease,2026-09-14,2026-09-14T14:00:36+03:00,hamile,BEST_SELLER,hamile-cok-satanlar,Trendyol Hamile / Çok Satanlar,7,1,7,7,7,hamile:hamile-cok-satanlar,7,2,91,32.3,38003803,327733,38003803:327733,Pierre Cardin Kadın Ten 1031 Pamuklu Göğüs Ucu Belli Etmeyen Kaplı Emzirme Atleti,Pierre Cardin,,https://www.trendyol.com/pierre-cardin/kadin-ten-1031-pamuklu-gogus-ucu-belli-etmeyen-kapli-emzirme-atleti-p-38003803,Pierre Cardin Kadın İç Giyim,9.2,619.9,,,0,TRY,"[""Trendyol Plus'a Özel"",""Kargo Bedava""]",InStock,,3 günde 100+ ürün satıldı!,3,100,33.3,4.309090909090909,1430,836,0,,,,,,,0,,,,,,,{},0,,refreshed,"[""daily_top""]",true,2026-09-14T11:02:09.504Z,0,"[""search_result_dom"",""product_detail_jsonld"",""product_detail_dom""]","{""variant_id"":""observed"",""variant_label"":""observed"",""listing_id"":""observed"",""inventory_key"":""observed"",""stock_quantity"":""observed"",""stock_quantity_source"":""observed"",""stock_quantity_kind"":""observed"",""stock_observed_at"":""observed"",""max_sale_limit"":""observed"",""seller_count"":""observed"",""seller_count_observed"":""observed"",""seller_count_kind"":""observed"",""sellers"":""observed"",""variants"":""observed"",""favorite_count"":""observed"",""inventory_decrease"":""unavailable"",""sales_estimate_daily"":""unavailable"",""sales_estimate_weekly"":""unavailable"",""sales_estimate_monthly"":""unavailable"",""sales_estimate_status"":""unavailable"",""sales_estimate_hours"":""unavailable"",""sales_estimate_source"":""unavailable"",""title"":""observed"",""brand"":""observed"",""seller_name"":""observed"",""seller_score"":""observed"",""price"":""observed"",""original_price"":""unavailable"",""campaigns"":""observed"",""stock_status"":""observed"",""stock_signal"":""unavailable"",""rating"":""observed"",""rating_count"":""observed"",""review_count"":""observed"",""question_count"":""unavailable"",""delivery_summary"":""unavailable"",""shipping_cost"":""unavailable"",""properties"":""observed""}",true,
1408425693,80,6eec6ec17e1d302b407bd68c6cd1eac5,996643753:257086:1408425693:6eec6ec17e1d302b407bd68c6cd1eac5,12299,merchantListing.winnerVariant.quantity,reported,2026-09-14T11:02:09.633Z,10,1,1,reported_total,"[{""merchant_id"":""257086"",""name"":""ARMA YILDIZ"",""score"":9.3,""price"":559.9,""variant_id"":""1408425693"",""listing_id"":""6eec6ec17e1d302b407bd68c6cd1eac5"",""stock_quantity"":12299}]","[{""variant_id"":""1408425693"",""label"":""80"",""in_stock"":true,""stock_quantity"":12299,""selected"":true},{""variant_id"":""1408430730"",""label"":""85"",""in_stock"":true,""stock_quantity"":null,""selected"":false},{""variant_id"":""1408431806"",""label"":""105"",""in_stock"":true,""stock_quantity"":null,""selected"":false},{""variant_id"":""1408431284"",""label"":""90"",""in_stock"":false,""stock_quantity"":null,""selected"":false},{""variant_id"":""1408434026"",""label"":""95"",""in_stock"":false,""stock_quantity"":null,""selected"":false},{""variant_id"":""1408432907"",""label"":""100"",""in_stock"":false,""stock_quantity"":null,""selected"":false}]",12648,4,4,,,estimated,24.01,inventory_net_decrease,2026-09-14,2026-09-14T14:00:36+03:00,hamile,BEST_SELLER,hamile-cok-satanlar,Trendyol Hamile / Çok Satanlar,8,1,8,8,8,hamile:hamile-cok-satanlar,8,-3,85.7,35.1,996643753,257086,996643753:257086,Arma Yıldız Çıkarılabilir Pedli Emzirme Sütyeni 3'lü Beyaz Siyah Ten Pamuklu Göğüs Ucu Belli Etmez,Arma Yıldız,,https://www.trendyol.com/arma-yildiz/cikarilabilir-pedli-emzirme-sutyeni-3-lu-beyaz-siyah-ten-pamuklu-gogus-ucu-belli-etmez-p-996643753,ARMA YILDIZ,9.3,559.9,,,0,TRY,"[""Trendyol Plus'a Özel"",""Kargo Bedava""]",InStock,,3 günde 100+ ürün satıldı!,3,100,33.3,4.3734375000000005,640,320,4,109,,,,,,0,,,,,,,{},0,,refreshed,"[""daily_top""]",true,2026-09-14T11:02:09.633Z,0,"[""search_result_dom"",""product_detail_jsonld"",""product_detail_dom""]","{""variant_id"":""observed"",""variant_label"":""observed"",""listing_id"":""observed"",""inventory_key"":""observed"",""stock_quantity"":""observed"",""stock_quantity_source"":""observed"",""stock_quantity_kind"":""observed"",""stock_observed_at"":""observed"",""max_sale_limit"":""observed"",""seller_count"":""observed"",""seller_count_observed"":""observed"",""seller_count_kind"":""observed"",""sellers"":""observed"",""variants"":""observed"",""favorite_count"":""observed"",""inventory_decrease"":""unavailable"",""sales_estimate_daily"":""unavailable"",""sales_estimate_weekly"":""unavailable"",""sales_estimate_monthly"":""unavailable"",""sales_estimate_status"":""unavailable"",""sales_estimate_hours"":""unavailable"",""sales_estimate_source"":""unavailable"",""title"":""observed"",""brand"":""observed"",""seller_name"":""observed"",""seller_score"":""observed"",""price"":""observed"",""original_price"":""unavailable"",""campaigns"":""observed"",""stock_status"":""observed"",""stock_signal"":""unavailable"",""rating"":""observed"",""rating_count"":""observed"",""review_count"":""observed"",""question_count"":""observed"",""delivery_summary"":""unavailable"",""shipping_cost"":""unavailable"",""properties"":""observed""}",true,
11410920,100B,005a441cc5b17bc7b6674c4c3f9c8b98,1838360:250065:11410920:005a441cc5b17bc7b6674c4c3f9c8b98,25,merchantListing.winnerVariant.quantity,reported,2026-09-14T11:02:08.220Z,10,6,6,reported_total,"[{""merchant_id"":""250065"",""name"":""LORİSA"",""score"":8.9,""price"":488.06,""variant_id"":""11410920"",""listing_id"":""005a441cc5b17bc7b6674c4c3f9c8b98"",""stock_quantity"":25},{""merchant_id"":""1087271"",""name"":""RPT TEKSTİL"",""score"":9.5,""price"":494,""variant_id"":""11410920"",""listing_id"":""1b5b22b7e7706f250ca32f25b8007035"",""stock_quantity"":123},{""merchant_id"":""955119"",""name"":""Zuzu TEKSTİL"",""score"":9.6,""price"":514.33,""variant_id"":""11410920"",""listing_id"":""148934eb0a3601b322cfdc2f97509080"",""stock_quantity"":36},{""merchant_id"":""1607"",""name"":""Dagi"",""score"":9.1,""price"":699.95,""variant_id"":""11410920"",""listing_id"":""4b5dae5d928a8cdedaa7935c31408795"",""stock_quantity"":854},{""merchant_id"":""173766"",""name"":""aloicgiyim"",""score"":9.3,""price"":930,""variant_id"":""11410920"",""listing_id"":""d02ba23ffa6f9a8592c425ead1d3a2f9"",""stock_quantity"":5},{""merchant_id"":""236757"",""name"":""Duru Giyim"",""score"":8.2,""price"":899.9,""variant_id"":""11410920"",""listing_id"":""5e264e5914537b77dff3d224837d28ff"",""stock_quantity"":10}]","[{""variant_id"":""11485155"",""label"":""80B"",""in_stock"":true,""stock_quantity"":null,""selected"":false},{""variant_id"":""11485156"",""label"":""85B"",""in_stock"":true,""stock_quantity"":null,""selected"":false},{""variant_id"":""11485157"",""label"":""90B"",""in_stock"":true,""stock_quantity"":null,""selected"":false},{""variant_id"":""11485158"",""label"":""95B"",""in_stock"":true,""stock_quantity"":null,""selected"":false},{""variant_id"":""11410920"",""label"":""100B"",""in_stock"":true,""stock_quantity"":25,""selected"":true}]",46424,6,6,,,estimated,24,inventory_net_decrease,2026-09-14,2026-09-14T14:00:36+03:00,hamile,BEST_SELLER,hamile-cok-satanlar,Trendyol Hamile / Çok Satanlar,9,1,9,9,9,hamile:hamile-cok-satanlar,9,7,88.2,30.2,1838360,250065,1838360:250065,Dagi Siyah Emzirme Sütyeni,Dagi,,https://www.trendyol.com/dagi/siyah-emzirme-sutyeni-p-1838360,LORİSA,8.9,488.06,,,0,TRY,"[""Sepette %2 İndirim"",""Kargo Bedava"",""Trendyol Plus'a Özel""]",InStock,,3 günde 100+ ürün satıldı!,3,100,33.3,4.586895910780668,2152,1156,-1,343,,,,,,0,,,,9 saat 57 dakika içinde sipariş verirsen en geç yarın kargoda!,,,{},0,,refreshed,"[""daily_top""]",true,2026-09-14T11:02:08.221Z,0,"[""search_result_dom"",""product_detail_jsonld"",""product_detail_dom""]","{""variant_id"":""observed"",""variant_label"":""observed"",""listing_id"":""observed"",""inventory_key"":""observed"",""stock_quantity"":""observed"",""stock_quantity_source"":""observed"",""stock_quantity_kind"":""observed"",""stock_observed_at"":""observed"",""max_sale_limit"":""observed"",""seller_count"":""observed"",""seller_count_observed"":""observed"",""seller_count_kind"":""observed"",""sellers"":""observed"",""variants"":""observed"",""favorite_count"":""observed"",""inventory_decrease"":""unavailable"",""sales_estimate_daily"":""unavailable"",""sales_estimate_weekly"":""unavailable"",""sales_estimate_monthly"":""unavailable"",""sales_estimate_status"":""unavailable"",""sales_estimate_hours"":""unavailable"",""sales_estimate_source"":""unavailable"",""title"":""observed"",""brand"":""observed"",""seller_name"":""observed"",""seller_score"":""observed"",""price"":""observed"",""original_price"":""unavailable"",""campaigns"":""observed"",""stock_status"":""observed"",""stock_signal"":""unavailable"",""rating"":""observed"",""rating_count"":""observed"",""review_count"":""observed"",""question_count"":""observed"",""delivery_summary"":""observed"",""shipping_cost"":""unavailable"",""properties"":""observed""}",true,
1048452574,M,2b0f5a82898a92bcd5a89153573ab74a,790050699:175525:1048452574:2b0f5a82898a92bcd5a89153573ab74a,4698,merchantListing.winnerVariant.quantity,reported,2026-09-14T11:02:16.962Z,10,1,1,reported_total,"[{""merchant_id"":""175525"",""name"":""Miss Dünya Lissa"",""score"":8.6,""price"":299.99,""variant_id"":""1048452574"",""listing_id"":""2b0f5a82898a92bcd5a89153573ab74a"",""stock_quantity"":4698}]","[{""variant_id"":""1048452574"",""label"":""M"",""in_stock"":true,""stock_quantity"":4698,""selected"":true},{""variant_id"":""1048452573"",""label"":""L"",""in_stock"":true,""stock_quantity"":null,""selected"":false},{""variant_id"":""1048452572"",""label"":""XL"",""in_stock"":true,""stock_quantity"":null,""selected"":false},{""variant_id"":""1048452569"",""label"":""2XL"",""in_stock"":true,""stock_quantity"":null,""selected"":false},{""variant_id"":""1048452571"",""label"":""3XL"",""in_stock"":true,""stock_quantity"":null,""selected"":false},{""variant_id"":""1048452570"",""label"":""4XL"",""in_stock"":true,""stock_quantity"":null,""selected"":false}]",37918,3,3,,,estimated,24.01,inventory_net_decrease,2026-09-14,2026-09-14T14:00:36+03:00,hamile,BEST_SELLER,hamile-cok-satanlar,Trendyol Hamile / Çok Satanlar,10,1,10,10,10,hamile:hamile-cok-satanlar,10,-3,86.4,29.4,790050699,175525,790050699:175525,Miss Dünya Lissa 3'lü Paket Kadın Çok Renkli Pamuklu Likralı Süprem Hamile ve Lohusa Yüksek Bel Külot,Miss Dünya Lissa,Hamile Külodu,https://www.trendyol.com/miss-dunya-lissa/3-lu-paket-kadin-cok-renkli-pamuklu-likrali-suprem-hamile-ve-lohusa-yuksek-bel-kulot-p-790050699,Miss Dünya Lissa,8.6,299.99,,,0,TRY,[],InStock,,3 günde 100+ ürün satıldı!,3,100,33.3,4.458832933653077,2502,1246,0,248,,,,4999,TRY,0,2,1,5,Tahmini Teslim:,,https://cdn.dsmcdn.com/ty1463/product/media/images/prod/QC/20240804/09/1939bb25-59a9-31d9-bc67-d0f12fe4d52f/1_org_zoom.jpg,"{""Materyal"":""Pamuklu"",""Desen"":""Düz"",""Renk"":""Çok Renkli"",""Materyal Bileşeni"":""95% Pamuk, 5% Elastan"",""Yıkama Talimatı"":""T44"",""Kumaş Tipi"":""Örme"",""Ortam"":""Lounge/Home"",""Bel"":""Yüksek Bel"",""Sürdürülebilirlik Detayı"":""Evet"",""Paket İçeriği"":""3'lü"",""Menşei"":""TR""}",20,5,refreshed,"[""daily_top""]",true,2026-09-14T11:02:16.963Z,0,"[""search_result_dom"",""product_detail_jsonld"",""product_detail_dom""]","{""variant_id"":""observed"",""variant_label"":""observed"",""listing_id"":""observed"",""inventory_key"":""observed"",""stock_quantity"":""observed"",""stock_quantity_source"":""observed"",""stock_quantity_kind"":""observed"",""stock_observed_at"":""observed"",""max_sale_limit"":""observed"",""seller_count"":""observed"",""seller_count_observed"":""observed"",""seller_count_kind"":""observed"",""sellers"":""observed"",""variants"":""observed"",""favorite_count"":""observed"",""inventory_decrease"":""unavailable"",""sales_estimate_daily"":""unavailable"",""sales_estimate_weekly"":""unavailable"",""sales_estimate_monthly"":""unavailable"",""sales_estimate_status"":""unavailable"",""sales_estimate_hours"":""unavailable"",""sales_estimate_source"":""unavailable"",""title"":""observed"",""brand"":""observed"",""seller_name"":""observed"",""seller_score"":""observed"",""price"":""observed"",""original_price"":""unavailable"",""campaigns"":""unavailable"",""stock_status"":""observed"",""stock_signal"":""unavailable"",""rating"":""observed"",""rating_count"":""observed"",""review_count"":""observed"",""question_count"":""observed"",""delivery_summary"":""observed"",""shipping_cost"":""observed"",""properties"":""observed""}",true,
1578988858,80B,3a6a23c4be5f3186abc98e1916309c38,1130407328:327733:1578988858:3a6a23c4be5f3186abc98e1916309c38,1994,merchantListing.winnerVariant.quantity,reported,2026-09-14T11:02:16.949Z,5,2,2,reported_total,"[{""merchant_id"":""327733"",""name"":""Pierre Cardin Kadın İç Giyim"",""score"":9.2,""price"":839.9,""variant_id"":""1578988858"",""listing_id"":""3a6a23c4be5f3186abc98e1916309c38"",""stock_quantity"":1994},{""merchant_id"":""4664"",""name"":""Pierre Cardin Lingerie"",""score"":9,""price"":849.9,""variant_id"":""1578988858"",""listing_id"":""44f22a4f2fa5b1f96ab924e25cf3bb69"",""stock_quantity"":2035}]","[{""variant_id"":""1578988858"",""label"":""80B"",""in_stock"":true,""stock_quantity"":1994,""selected"":true},{""variant_id"":""1578981956"",""label"":""85B"",""in_stock"":true,""stock_quantity"":null,""selected"":false},{""variant_id"":""1578986930"",""label"":""90B"",""in_stock"":true,""stock_quantity"":null,""selected"":false},{""variant_id"":""1578988246"",""label"":""95B"",""in_stock"":true,""stock_quantity"":null,""selected"":false}]",14712,4,4,,,estimated,24,inventory_net_decrease,2026-09-14,2026-09-14T14:00:36+03:00,hamile,BEST_SELLER,hamile-cok-satanlar,Trendyol Hamile / Çok Satanlar,11,1,11,11,11,hamile:hamile-cok-satanlar,11,0,76.2,37.1,1130407328,327733,1130407328:327733,"Pierre Cardin 6118 Premium Comfort Kaplı Emzirme Sütyeni – Dikişsiz, İz Yapmaz, Ayarlanabilir Askılı",Pierre Cardin,,https://www.trendyol.com/pierre-cardin/6118-premium-comfort-kapli-emzirme-sutyeni-dikissiz-iz-yapmaz-ayarlanabilir-askili-p-1130407328,Pierre Cardin Kadın İç Giyim,9.2,839.9,,,0,TRY,"[""Trendyol Plus'a Özel"",""Kargo Bedava""]",InStock,,3 günde 100+ ürün satıldı!,3,100,33.3,4.450413223140496,242,115,0,31,,,,,,0,,,,,,,{},0,,refreshed,"[""daily_top""]",true,2026-09-14T11:02:16.951Z,0,"[""search_result_dom"",""product_detail_jsonld"",""product_detail_dom""]","{""variant_id"":""observed"",""variant_label"":""observed"",""listing_id"":""observed"",""inventory_key"":""observed"",""stock_quantity"":""observed"",""stock_quantity_source"":""observed"",""stock_quantity_kind"":""observed"",""stock_observed_at"":""observed"",""max_sale_limit"":""observed"",""seller_count"":""observed"",""seller_count_observed"":""observed"",""seller_count_kind"":""observed"",""sellers"":""observed"",""variants"":""observed"",""favorite_count"":""observed"",""inventory_decrease"":""unavailable"",""sales_estimate_daily"":""unavailable"",""sales_estimate_weekly"":""unavailable"",""sales_estimate_monthly"":""unavailable"",""sales_estimate_status"":""unavailable"",""sales_estimate_hours"":""unavailable"",""sales_estimate_source"":""unavailable"",""title"":""observed"",""brand"":""observed"",""seller_name"":""observed"",""seller_score"":""observed"",""price"":""observed"",""original_price"":""unavailable"",""campaigns"":""observed"",""stock_status"":""observed"",""stock_signal"":""unavailable"",""rating"":""observed"",""rating_count"":""observed"",""review_count"":""observed"",""question_count"":""observed"",""delivery_summary"":""unavailable"",""shipping_cost"":""unavailable"",""properties"":""observed""}",true,
1621886022,XS,9eac8019ff9021360ee9a14b5de0f63a,1159113300:741905:1621886022:9eac8019ff9021360ee9a14b5de0f63a,92,merchantListing.winnerVariant.quantity,reported,2026-09-14T11:02:15.058Z,10,1,1,reported_total,"[{""merchant_id"":""741905"",""name"":""Maison La Femme"",""score"":9.3,""price"":699,""variant_id"":""1621886022"",""listing_id"":""9eac8019ff9021360ee9a14b5de0f63a"",""stock_quantity"":92}]","[{""variant_id"":""1621886022"",""label"":""XS"",""in_stock"":true,""stock_quantity"":92,""selected"":true},{""variant_id"":""1621886018"",""label"":""S"",""in_stock"":true,""stock_quantity"":null,""selected"":false},{""variant_id"":""1621886020"",""label"":""M"",""in_stock"":true,""stock_quantity"":null,""selected"":false},{""variant_id"":""1621886017"",""label"":""L"",""in_stock"":true,""stock_quantity"":null,""selected"":false},{""variant_id"":""1621886021"",""label"":""XL"",""in_stock"":true,""stock_quantity"":null,""selected"":false},{""variant_id"":""1621886019"",""label"":""2XL"",""in_stock"":true,""stock_quantity"":null,""selected"":false}]",9886,,,,,unchanged_stock,24,inventory_net_decrease,2026-09-14,2026-09-14T14:00:36+03:00,hamile,BEST_SELLER,hamile-cok-satanlar,Trendyol Hamile / Çok Satanlar,12,1,12,12,12,hamile:hamile-cok-satanlar,12,7,68.6,42.3,1159113300,741905,1159113300:741905,Maison La Femme Kadın Siyah Yüksek Bel Bol Paça Hamile Pantolonu,Maison La Femme,,https://www.trendyol.com/maison-la-femme/kadin-siyah-yuksek-bel-bol-paca-hamile-pantolonu-p-1159113300,Maison La Femme,9.3,699,,,0,TRY,"[""Trendyol Plus'a Özel"",""Kargo Bedava""]",InStock,,3 günde 100+ ürün satıldı!,3,100,33.3,4.15,40,22,1,56,"1,2B kişinin sepetinde","9,9B kişi favoriledi","Son 24 saatte 1,2B kişi görüntüledi",,,0,,,,9 saat 57 dakika içinde sipariş verirsen en geç yarın kargoda!,,,{},0,,refreshed,"[""daily_top""]",true,2026-09-14T11:02:15.059Z,0,"[""search_result_dom"",""product_detail_jsonld"",""product_detail_dom""]","{""variant_id"":""observed"",""variant_label"":""observed"",""listing_id"":""observed"",""inventory_key"":""observed"",""stock_quantity"":""observed"",""stock_quantity_source"":""observed"",""stock_quantity_kind"":""observed"",""stock_observed_at"":""observed"",""max_sale_limit"":""observed"",""seller_count"":""observed"",""seller_count_observed"":""observed"",""seller_count_kind"":""observed"",""sellers"":""observed"",""variants"":""observed"",""favorite_count"":""observed"",""inventory_decrease"":""unavailable"",""sales_estimate_daily"":""unavailable"",""sales_estimate_weekly"":""unavailable"",""sales_estimate_monthly"":""unavailable"",""sales_estimate_status"":""unavailable"",""sales_estimate_hours"":""unavailable"",""sales_estimate_source"":""unavailable"",""title"":""observed"",""brand"":""observed"",""seller_name"":""observed"",""seller_score"":""observed"",""price"":""observed"",""original_price"":""unavailable"",""campaigns"":""observed"",""stock_status"":""observed"",""stock_signal"":""unavailable"",""rating"":""observed"",""rating_count"":""observed"",""review_count"":""observed"",""question_count"":""observed"",""delivery_summary"":""observed"",""shipping_cost"":""unavailable"",""properties"":""observed""}",true,
1619901491,S,1bb6d6f4169369ccc6eb89a55933344d,789662810:257086:1619901491:1bb6d6f4169369ccc6eb89a55933344d,15534,merchantListing.winnerVariant.quantity,reported,2026-09-14T11:02:20.306Z,10,1,1,reported_total,"[{""merchant_id"":""257086"",""name"":""ARMA YILDIZ"",""score"":9.3,""price"":319.9,""variant_id"":""1619901491"",""listing_id"":""1bb6d6f4169369ccc6eb89a55933344d"",""stock_quantity"":15534}]","[{""variant_id"":""1619901491"",""label"":""S"",""in_stock"":true,""stock_quantity"":15534,""selected"":true},{""variant_id"":""1047908728"",""label"":""M"",""in_stock"":true,""stock_quantity"":null,""selected"":false},{""variant_id"":""1047908729"",""label"":""L"",""in_stock"":true,""stock_quantity"":null,""selected"":false},{""variant_id"":""1047908726"",""label"":""XL"",""in_stock"":true,""stock_quantity"":null,""selected"":false},{""variant_id"":""1047908727"",""label"":""2XL"",""in_stock"":true,""stock_quantity"":null,""selected"":false},{""variant_id"":""1047908725"",""label"":""3XL"",""in_stock"":true,""stock_quantity"":null,""selected"":false},{""variant_id"":""1068553026"",""label"":""4XL"",""in_stock"":true,""stock_quantity"":null,""selected"":false},{""variant_id"":""1068553030"",""label"":""5XL"",""in_stock"":true,""stock_quantity"":null,""selected"":false}]",4069,,,,,unchanged_stock,24,inventory_net_decrease,2026-09-14,2026-09-14T14:00:36+03:00,hamile,BEST_SELLER,hamile-cok-satanlar,Trendyol Hamile / Çok Satanlar,13,1,13,13,13,hamile:hamile-cok-satanlar,13,1,74.7,27.8,789662810,257086,789662810:257086,Arma Yıldız 3'lü Paket Kadın Ten Rengi Pamuklu Likralı Yüksek Bel Hamile Lohusa Külot Esnek ve Rahat Kumaş,Arma Yıldız,,https://www.trendyol.com/arma-yildiz/3-lu-paket-kadin-ten-rengi-pamuklu-likrali-yuksek-bel-hamile-lohusa-kulot-esnek-ve-rahat-kumas-p-789662810,ARMA YILDIZ,9.3,319.9,,,0,TRY,"[""Kargo Bedava""]",InStock,,,,,,4.481159420289854,690,383,1,115,,,,,,0,,,,9 saat 57 dakika içinde sipariş verirsen en geç yarın kargoda!,,,{},0,,refreshed,"[""daily_top""]",true,2026-09-14T11:02:20.307Z,0,"[""search_result_dom"",""product_detail_jsonld"",""product_detail_dom""]","{""variant_id"":""observed"",""variant_label"":""observed"",""listing_id"":""observed"",""inventory_key"":""observed"",""stock_quantity"":""observed"",""stock_quantity_source"":""observed"",""stock_quantity_kind"":""observed"",""stock_observed_at"":""observed"",""max_sale_limit"":""observed"",""seller_count"":""observed"",""seller_count_observed"":""observed"",""seller_count_kind"":""observed"",""sellers"":""observed"",""variants"":""observed"",""favorite_count"":""observed"",""inventory_decrease"":""unavailable"",""sales_estimate_daily"":""unavailable"",""sales_estimate_weekly"":""unavailable"",""sales_estimate_monthly"":""unavailable"",""sales_estimate_status"":""unavailable"",""sales_estimate_hours"":""unavailable"",""sales_estimate_source"":""unavailable"",""title"":""observed"",""brand"":""observed"",""seller_name"":""observed"",""seller_score"":""observed"",""price"":""observed"",""original_price"":""unavailable"",""campaigns"":""observed"",""stock_status"":""observed"",""stock_signal"":""unavailable"",""rating"":""observed"",""rating_count"":""observed"",""review_count"":""observed"",""question_count"":""observed"",""delivery_summary"":""observed"",""shipping_cost"":""unavailable"",""properties"":""observed""}",true,
1112237096,80B,d9d304110290f11af515c191ad63e185,830136640:257086:1112237096:d9d304110290f11af515c191ad63e185,16480,merchantListing.winnerVariant.quantity,reported,2026-09-14T11:02:23.318Z,10,1,1,reported_total,"[{""merchant_id"":""257086"",""name"":""ARMA YILDIZ"",""score"":9.3,""price"":479.9,""variant_id"":""1112237096"",""listing_id"":""d9d304110290f11af515c191ad63e185"",""stock_quantity"":16480}]","[{""variant_id"":""1112237096"",""label"":""80B"",""in_stock"":true,""stock_quantity"":16480,""selected"":true},{""variant_id"":""1112237108"",""label"":""85B"",""in_stock"":true,""stock_quantity"":null,""selected"":false},{""variant_id"":""1112237090"",""label"":""90B"",""in_stock"":true,""stock_quantity"":null,""selected"":false},{""variant_id"":""1112237101"",""label"":""95B"",""in_stock"":true,""stock_quantity"":null,""selected"":false},{""variant_id"":""1112237104"",""label"":""100B"",""in_stock"":true,""stock_quantity"":null,""selected"":false},{""variant_id"":""1112237095"",""label"":""105B"",""in_stock"":true,""stock_quantity"":null,""selected"":false}]",26647,1,1,,,estimated,24,inventory_net_decrease,2026-09-14,2026-09-14T14:00:36+03:00,hamile,BEST_SELLER,hamile-cok-satanlar,Trendyol Hamile / Çok Satanlar,14,1,14,14,14,hamile:hamile-cok-satanlar,14,4,77.7,22.3,830136640,257086,830136640:257086,Arma Yıldız 3 Adet Renkli Kadın Pamuklu Emzirme Sütyeni Desteksiz Balensiz Hamile Lohusa Esnek Yumuşak,Arma Yıldız,,https://www.trendyol.com/arma-yildiz/3-adet-renkli-kadin-pamuklu-emzirme-sutyeni-desteksiz-balensiz-hamile-lohusa-esnek-yumusak-p-830136640,ARMA YILDIZ,9.3,479.9,,,0,TRY,"[""Kargo Bedava""]",InStock,,,,,,4.366762177650429,3141,1613,1,195,,,,,,0,,,,9 saat 57 dakika içinde sipariş verirsen en geç yarın kargoda!,,,{},0,,refreshed,"[""daily_top""]",true,2026-09-14T11:02:23.318Z,0,"[""search_result_dom"",""product_detail_jsonld"",""product_detail_dom""]","{""variant_id"":""observed"",""variant_label"":""observed"",""listing_id"":""observed"",""inventory_key"":""observed"",""stock_quantity"":""observed"",""stock_quantity_source"":""observed"",""stock_quantity_kind"":""observed"",""stock_observed_at"":""observed"",""max_sale_limit"":""observed"",""seller_count"":""observed"",""seller_count_observed"":""observed"",""seller_count_kind"":""observed"",""sellers"":""observed"",""variants"":""observed"",""favorite_count"":""observed"",""inventory_decrease"":""unavailable"",""sales_estimate_daily"":""unavailable"",""sales_estimate_weekly"":""unavailable"",""sales_estimate_monthly"":""unavailable"",""sales_estimate_status"":""unavailable"",""sales_estimate_hours"":""unavailable"",""sales_estimate_source"":""unavailable"",""title"":""observed"",""brand"":""observed"",""seller_name"":""observed"",""seller_score"":""observed"",""price"":""observed"",""original_price"":""unavailable"",""campaigns"":""observed"",""stock_status"":""observed"",""stock_signal"":""unavailable"",""rating"":""observed"",""rating_count"":""observed"",""review_count"":""observed"",""question_count"":""observed"",""delivery_summary"":""observed"",""shipping_cost"":""unavailable"",""properties"":""observed""}",true,
979572663,S,ab48a08e81418e6046f28066709e360e,744326438:126861:979572663:ab48a08e81418e6046f28066709e360e,116,merchantListing.winnerVariant.quantity,reported,2026-09-14T11:02:22.921Z,5,1,1,reported_total,"[{""merchant_id"":""126861"",""name"":""Penyemood"",""score"":9,""price"":1185.61,""variant_id"":""979572663"",""listing_id"":""ab48a08e81418e6046f28066709e360e"",""stock_quantity"":116}]","[{""variant_id"":""979572663"",""label"":""S"",""in_stock"":true,""stock_quantity"":116,""selected"":true},{""variant_id"":""979572665"",""label"":""M"",""in_stock"":true,""stock_quantity"":null,""selected"":false},{""variant_id"":""979572662"",""label"":""L"",""in_stock"":true,""stock_quantity"":null,""selected"":false},{""variant_id"":""979572666"",""label"":""XL"",""in_stock"":true,""stock_quantity"":null,""selected"":false},{""variant_id"":""979572668"",""label"":""2XL"",""in_stock"":true,""stock_quantity"":null,""selected"":false}]",26290,5,5,,,estimated,24.01,inventory_net_decrease,2026-09-14,2026-09-14T14:00:36+03:00,hamile,BEST_SELLER,hamile-cok-satanlar,Trendyol Hamile / Çok Satanlar,15,1,15,15,15,hamile:hamile-cok-satanlar,15,-5,68.8,28.7,744326438,126861,744326438:126861,Catherines Yumuşak dokulu hamile sabahlık-2349,Catherines,Hamile Sabahlık,https://www.trendyol.com/catherines/yumusak-dokulu-hamile-sabahlik-2349-p-744326438,Penyemood,9,1185.61,,,0,TRY,"[""Trendyol Plus'a Özel"",""100 TL Kupon"",""Kargo Bedava"",""Peşin Fiyatına 3 Taksit""]",InStock,,,,,,4.709219858156028,423,226,1,57,,,,4999,TRY,0,1,1,3,9 saat 57 dakika içinde sipariş verirsen en geç yarın kargoda!,,https://cdn.dsmcdn.com/ty1491/product/media/images/prod/QC/20240820/12/0281993e-52c2-3c62-974d-9519c5256596/1_org_zoom.jpg,"{""Renk"":""Beyaz"",""Materyal"":""Viskon"",""Kol Tipi"":""Uzun Kol"",""Materyal Bileşeni"":""100% Viskoz"",""Yıkama Talimatı"":""Type 1"",""Kumaş Tipi"":""Dokuma"",""Boy"":""Midi"",""Siluet"":""Kısa"",""Kalıp"":""Oversize"",""Desen"":""Çiçekli"",""Kol Boyu"":""Kısa"",""Sürdürülebilirlik Detayı"":""Hayır"",""Ortam"":""Hamile Giyim"",""Menşei"":""TR""}",20,5,refreshed,"[""daily_top""]",true,2026-09-14T11:02:22.922Z,0,"[""search_result_dom"",""product_detail_jsonld"",""product_detail_dom""]","{""variant_id"":""observed"",""variant_label"":""observed"",""listing_id"":""observed"",""inventory_key"":""observed"",""stock_quantity"":""observed"",""stock_quantity_source"":""observed"",""stock_quantity_kind"":""observed"",""stock_observed_at"":""observed"",""max_sale_limit"":""observed"",""seller_count"":""observed"",""seller_count_observed"":""observed"",""seller_count_kind"":""observed"",""sellers"":""observed"",""variants"":""observed"",""favorite_count"":""observed"",""inventory_decrease"":""unavailable"",""sales_estimate_daily"":""unavailable"",""sales_estimate_weekly"":""unavailable"",""sales_estimate_monthly"":""unavailable"",""sales_estimate_status"":""unavailable"",""sales_estimate_hours"":""unavailable"",""sales_estimate_source"":""unavailable"",""title"":""observed"",""brand"":""observed"",""seller_name"":""observed"",""seller_score"":""observed"",""price"":""observed"",""original_price"":""unavailable"",""campaigns"":""observed"",""stock_status"":""observed"",""stock_signal"":""unavailable"",""rating"":""observed"",""rating_count"":""observed"",""review_count"":""observed"",""question_count"":""observed"",""delivery_summary"":""observed"",""shipping_cost"":""observed"",""properties"":""observed""}",true,
57895332,80B,ba387aa9993a90978409ae4a3df2d1b9,32211168:327733:57895332:ba387aa9993a90978409ae4a3df2d1b9,3819,merchantListing.winnerVariant.quantity,reported,2026-09-14T11:02:25.476Z,5,2,2,reported_total,"[{""merchant_id"":""327733"",""name"":""Pierre Cardin Kadın İç Giyim"",""score"":9.2,""price"":549.9,""variant_id"":""57895332"",""listing_id"":""ba387aa9993a90978409ae4a3df2d1b9"",""stock_quantity"":3819},{""merchant_id"":""4664"",""name"":""Pierre Cardin Lingerie"",""score"":9,""price"":559.9,""variant_id"":""57895332"",""listing_id"":""8ee19378951c308ac7d56061e70d6d67"",""stock_quantity"":3922}]","[{""variant_id"":""57895332"",""label"":""80B"",""in_stock"":true,""stock_quantity"":3819,""selected"":true},{""variant_id"":""57895329"",""label"":""85B"",""in_stock"":true,""stock_quantity"":null,""selected"":false},{""variant_id"":""57895328"",""label"":""90B"",""in_stock"":true,""stock_quantity"":null,""selected"":false},{""variant_id"":""57895327"",""label"":""95B"",""in_stock"":true,""stock_quantity"":null,""selected"":false}]",35677,4,4,,,estimated,24.01,inventory_net_decrease,2026-09-14,2026-09-14T14:00:36+03:00,hamile,BEST_SELLER,hamile-cok-satanlar,Trendyol Hamile / Çok Satanlar,16,1,16,16,16,hamile:hamile-cok-satanlar,16,-1,71.4,23.6,32211168,327733,32211168:327733,Pierre Cardin Kadın Ten 6116 Pamuklu Kaplı Emzirme Sütyeni,Pierre Cardin,,https://www.trendyol.com/pierre-cardin/kadin-ten-6116-pamuklu-kapli-emzirme-sutyeni-p-32211168,Pierre Cardin Kadın İç Giyim,9.2,549.9,,,0,TRY,"[""Trendyol Plus'a Özel"",""Kargo Bedava""]",InStock,,,,,,4.365703749231714,1627,848,0,43,,,,,,0,,,,9 saat 57 dakika içinde sipariş verirsen en geç yarın kargoda!,,,{},0,,refreshed,"[""daily_top""]",true,2026-09-14T11:02:25.477Z,0,"[""search_result_dom"",""product_detail_jsonld"",""product_detail_dom""]","{""variant_id"":""observed"",""variant_label"":""observed"",""listing_id"":""observed"",""inventory_key"":""observed"",""stock_quantity"":""observed"",""stock_quantity_source"":""observed"",""stock_quantity_kind"":""observed"",""stock_observed_at"":""observed"",""max_sale_limit"":""observed"",""seller_count"":""observed"",""seller_count_observed"":""observed"",""seller_count_kind"":""observed"",""sellers"":""observed"",""variants"":""observed"",""favorite_count"":""observed"",""inventory_decrease"":""unavailable"",""sales_estimate_daily"":""unavailable"",""sales_estimate_weekly"":""unavailable"",""sales_estimate_monthly"":""unavailable"",""sales_estimate_status"":""unavailable"",""sales_estimate_hours"":""unavailable"",""sales_estimate_source"":""unavailable"",""title"":""observed"",""brand"":""observed"",""seller_name"":""observed"",""seller_score"":""observed"",""price"":""observed"",""original_price"":""unavailable"",""campaigns"":""observed"",""stock_status"":""observed"",""stock_signal"":""unavailable"",""rating"":""observed"",""rating_count"":""observed"",""review_count"":""observed"",""question_count"":""observed"",""delivery_summary"":""observed"",""shipping_cost"":""unavailable"",""properties"":""observed""}",true,
1064067063,XS,cbca950c16cb12125b17e615e342d360,770783412:791114:1064067063:cbca950c16cb12125b17e615e342d360,438,merchantListing.winnerVariant.quantity,reported,2026-09-14T11:02:28.876Z,10,2,2,reported_total,"[{""merchant_id"":""791114"",""name"":""ParLingerie"",""score"":9.3,""price"":568.82,""variant_id"":""1064067063"",""listing_id"":""cbca950c16cb12125b17e615e342d360"",""stock_quantity"":438},{""merchant_id"":""909277"",""name"":""MS Hamile iç giyim"",""score"":9.3,""price"":568.82,""variant_id"":""1064067063"",""listing_id"":""12b63f2060247f2a6806752e9f35af23"",""stock_quantity"":434}]","[{""variant_id"":""1018776323"",""label"":""S"",""in_stock"":true,""stock_quantity"":null,""selected"":false},{""variant_id"":""1018776328"",""label"":""M"",""in_stock"":true,""stock_quantity"":null,""selected"":false},{""variant_id"":""1018776326"",""label"":""L"",""in_stock"":true,""stock_quantity"":null,""selected"":false},{""variant_id"":""1018776325"",""label"":""XL"",""in_stock"":true,""stock_quantity"":null,""selected"":false},{""variant_id"":""1018776324"",""label"":""2XL"",""in_stock"":true,""stock_quantity"":null,""selected"":false},{""variant_id"":""1338541736"",""label"":""3XL"",""in_stock"":true,""stock_quantity"":null,""selected"":false},{""variant_id"":""1064067063"",""label"":""XS"",""in_stock"":true,""stock_quantity"":438,""selected"":true}]",54550,,,,,identity_changed_or_unknown,,inventory_net_decrease,2026-09-14,2026-09-14T14:00:36+03:00,hamile,BEST_SELLER,hamile-cok-satanlar,Trendyol Hamile / Çok Satanlar,17,1,17,17,17,hamile:hamile-cok-satanlar,17,-4,71.7,20.8,770783412,791114,770783412:791114,par lingerie pl 3 LÜ HAMİLE EMZİRME ATLETİ SİYAH-BEYAZ-TEN,par lingerie pl,,https://www.trendyol.com/par-lingerie-pl/3-lu-hamile-emzirme-atleti-siyah-beyaz-ten-p-770783412,ParLingerie,9.3,568.82,,,0,TRY,"[""Kargo Bedava""]",InStock,,,,,,4.379564489112227,2985,1621,0,369,,,,,,0,,,,9 saat 57 dakika içinde sipariş verirsen en geç yarın kargoda!,,,{},0,,refreshed,"[""daily_top""]",true,2026-09-14T11:02:28.876Z,0,"[""search_result_dom"",""product_detail_jsonld"",""product_detail_dom""]","{""variant_id"":""observed"",""variant_label"":""observed"",""listing_id"":""observed"",""inventory_key"":""observed"",""stock_quantity"":""observed"",""stock_quantity_source"":""observed"",""stock_quantity_kind"":""observed"",""stock_observed_at"":""observed"",""max_sale_limit"":""observed"",""seller_count"":""observed"",""seller_count_observed"":""observed"",""seller_count_kind"":""observed"",""sellers"":""observed"",""variants"":""observed"",""favorite_count"":""observed"",""inventory_decrease"":""unavailable"",""sales_estimate_daily"":""unavailable"",""sales_estimate_weekly"":""unavailable"",""sales_estimate_monthly"":""unavailable"",""sales_estimate_status"":""unavailable"",""sales_estimate_hours"":""unavailable"",""sales_estimate_source"":""unavailable"",""title"":""observed"",""brand"":""observed"",""seller_name"":""observed"",""seller_score"":""observed"",""price"":""observed"",""original_price"":""unavailable"",""campaigns"":""observed"",""stock_status"":""observed"",""stock_signal"":""unavailable"",""rating"":""observed"",""rating_count"":""observed"",""review_count"":""observed"",""question_count"":""observed"",""delivery_summary"":""observed"",""shipping_cost"":""unavailable"",""properties"":""observed""}",true,
1024342161,S,8002fd405959da4ac9653f18f758c4f7,774368621:126861:1024342161:8002fd405959da4ac9653f18f758c4f7,158,merchantListing.winnerVariant.quantity,reported,2026-09-14T11:02:30.923Z,5,1,1,reported_total,"[{""merchant_id"":""126861"",""name"":""Penyemood"",""score"":9,""price"":843.81,""variant_id"":""1024342161"",""listing_id"":""8002fd405959da4ac9653f18f758c4f7"",""stock_quantity"":158}]","[{""variant_id"":""1024342161"",""label"":""S"",""in_stock"":true,""stock_quantity"":158,""selected"":true},{""variant_id"":""1024342159"",""label"":""M"",""in_stock"":true,""stock_quantity"":null,""selected"":false},{""variant_id"":""1024342163"",""label"":""XL"",""in_stock"":true,""stock_quantity"":null,""selected"":false},{""variant_id"":""1024342158"",""label"":""2XL"",""in_stock"":true,""stock_quantity"":null,""selected"":false},{""variant_id"":""1024342162"",""label"":""L"",""in_stock"":false,""stock_quantity"":null,""selected"":false}]",22749,2,2,,,estimated,24.01,inventory_net_decrease,2026-09-14,2026-09-14T14:00:36+03:00,hamile,BEST_SELLER,hamile-cok-satanlar,Trendyol Hamile / Çok Satanlar,18,1,18,18,18,hamile:hamile-cok-satanlar,18,-6,62.2,27.8,774368621,126861,774368621:126861,Catherines Lux Mood Hamile Elbisesi,Catherines,,https://www.trendyol.com/catherines/lux-mood-hamile-elbisesi-p-774368621,Penyemood,9,843.81,,,0,TRY,"[""Trendyol Plus'a Özel"",""Kargo Bedava""]",InStock,,,,,,4.75,368,186,1,87,,,,,,0,,,,9 saat 57 dakika içinde sipariş verirsen en geç yarın kargoda!,,,{},0,,refreshed,"[""daily_top""]",true,2026-09-14T11:02:30.924Z,0,"[""search_result_dom"",""product_detail_jsonld"",""product_detail_dom""]","{""variant_id"":""observed"",""variant_label"":""observed"",""listing_id"":""observed"",""inventory_key"":""observed"",""stock_quantity"":""observed"",""stock_quantity_source"":""observed"",""stock_quantity_kind"":""observed"",""stock_observed_at"":""observed"",""max_sale_limit"":""observed"",""seller_count"":""observed"",""seller_count_observed"":""observed"",""seller_count_kind"":""observed"",""sellers"":""observed"",""variants"":""observed"",""favorite_count"":""observed"",""inventory_decrease"":""unavailable"",""sales_estimate_daily"":""unavailable"",""sales_estimate_weekly"":""unavailable"",""sales_estimate_monthly"":""unavailable"",""sales_estimate_status"":""unavailable"",""sales_estimate_hours"":""unavailable"",""sales_estimate_source"":""unavailable"",""title"":""observed"",""brand"":""observed"",""seller_name"":""observed"",""seller_score"":""observed"",""price"":""observed"",""original_price"":""unavailable"",""campaigns"":""observed"",""stock_status"":""observed"",""stock_signal"":""unavailable"",""rating"":""observed"",""rating_count"":""observed"",""review_count"":""observed"",""question_count"":""observed"",""delivery_summary"":""observed"",""shipping_cost"":""unavailable"",""properties"":""observed""}",true,
1454001984,S,61c6346388754168a97f915c03b6e96c,1050981404:968958:1454001984:61c6346388754168a97f915c03b6e96c,4945,merchantListing.winnerVariant.quantity,reported,2026-09-14T11:02:34.276Z,10,1,1,reported_total,"[{""merchant_id"":""968958"",""name"":""BODİN"",""score"":9.2,""price"":699.99,""variant_id"":""1454001984"",""listing_id"":""61c6346388754168a97f915c03b6e96c"",""stock_quantity"":4945}]","[{""variant_id"":""1454001984"",""label"":""S"",""in_stock"":true,""stock_quantity"":4945,""selected"":true},{""variant_id"":""1454001137"",""label"":""M"",""in_stock"":true,""stock_quantity"":null,""selected"":false},{""variant_id"":""1454002167"",""label"":""L"",""in_stock"":true,""stock_quantity"":null,""selected"":false},{""variant_id"":""1454001831"",""label"":""XL"",""in_stock"":true,""stock_quantity"":null,""selected"":false},{""variant_id"":""1453999623"",""label"":""2XL"",""in_stock"":true,""stock_quantity"":null,""selected"":false}]",24713,2,2,,,estimated,24,inventory_net_decrease,2026-09-14,2026-09-14T14:00:36+03:00,hamile,BEST_SELLER,hamile-cok-satanlar,Trendyol Hamile / Çok Satanlar,19,1,19,19,19,hamile:hamile-cok-satanlar,19,3,61.4,26.1,1050981404,968958,1050981404:968958,bodin Ayarlanabilir Bel Pamuklu Kumaş Hamile ve Lohusa Eşofman Altı,bodin,,https://www.trendyol.com/bodin/ayarlanabilir-bel-pamuklu-kumas-hamile-ve-lohusa-esofman-alti-p-1050981404,BODİN,9.2,699.99,,,0,TRY,"[""Kargo Bedava""]",InStock,,,,,,4.205172413793103,580,262,1,191,,,,,,0,,,,,,,{},0,,refreshed,"[""daily_top""]",true,2026-09-14T11:02:34.277Z,0,"[""search_result_dom"",""product_detail_jsonld"",""product_detail_dom""]","{""variant_id"":""observed"",""variant_label"":""observed"",""listing_id"":""observed"",""inventory_key"":""observed"",""stock_quantity"":""observed"",""stock_quantity_source"":""observed"",""stock_quantity_kind"":""observed"",""stock_observed_at"":""observed"",""max_sale_limit"":""observed"",""seller_count"":""observed"",""seller_count_observed"":""observed"",""seller_count_kind"":""observed"",""sellers"":""observed"",""variants"":""observed"",""favorite_count"":""observed"",""inventory_decrease"":""unavailable"",""sales_estimate_daily"":""unavailable"",""sales_estimate_weekly"":""unavailable"",""sales_estimate_monthly"":""unavailable"",""sales_estimate_status"":""unavailable"",""sales_estimate_hours"":""unavailable"",""sales_estimate_source"":""unavailable"",""title"":""observed"",""brand"":""observed"",""seller_name"":""observed"",""seller_score"":""observed"",""price"":""observed"",""original_price"":""unavailable"",""campaigns"":""observed"",""stock_status"":""observed"",""stock_signal"":""unavailable"",""rating"":""observed"",""rating_count"":""observed"",""review_count"":""observed"",""question_count"":""observed"",""delivery_summary"":""unavailable"",""shipping_cost"":""unavailable"",""properties"":""observed""}",true,
11485151,80B,5c65f862e8c854df2e40902c2851f614,1838359:250065:11485151:5c65f862e8c854df2e40902c2851f614,38,merchantListing.winnerVariant.quantity,reported,2026-09-14T11:02:36.889Z,10,6,6,reported_total,"[{""merchant_id"":""250065"",""name"":""LORİSA"",""score"":8.9,""price"":479.15,""variant_id"":""11485151"",""listing_id"":""5c65f862e8c854df2e40902c2851f614"",""stock_quantity"":38},{""merchant_id"":""1087271"",""name"":""RPT TEKSTİL"",""score"":9.5,""price"":485,""variant_id"":""11485151"",""listing_id"":""d1562eabd97e10fdd97278a6db8bd533"",""stock_quantity"":96},{""merchant_id"":""955119"",""name"":""Zuzu TEKSTİL"",""score"":9.6,""price"":599,""variant_id"":""11485151"",""listing_id"":""50ceddfb471d673f3ef6845cf73c4540"",""stock_quantity"":76},{""merchant_id"":""1607"",""name"":""Dagi"",""score"":9.1,""price"":699.95,""variant_id"":""11485151"",""listing_id"":""28cbfc3cc80f24fd7a6e87b809fa0c11"",""stock_quantity"":1555},{""merchant_id"":""173766"",""name"":""aloicgiyim"",""score"":9.3,""price"":930,""variant_id"":""11485151"",""listing_id"":""c97f750ca0bd7b2a51761005702496f3"",""stock_quantity"":5},{""merchant_id"":""236757"",""name"":""Duru Giyim"",""score"":8.2,""price"":899.9,""variant_id"":""11485151"",""listing_id"":""303cd70440937b298f174832fada188b"",""stock_quantity"":5}]","[{""variant_id"":""11485151"",""label"":""80B"",""in_stock"":true,""stock_quantity"":38,""selected"":true},{""variant_id"":""11485152"",""label"":""85B"",""in_stock"":true,""stock_quantity"":null,""selected"":false},{""variant_id"":""11485153"",""label"":""90B"",""in_stock"":true,""stock_quantity"":null,""selected"":false},{""variant_id"":""11485154"",""label"":""95B"",""in_stock"":true,""stock_quantity"":null,""selected"":false},{""variant_id"":""11410919"",""label"":""100B"",""in_stock"":true,""stock_quantity"":null,""selected"":false}]",72768,,,,,identity_changed_or_unknown,,inventory_net_decrease,2026-09-14,2026-09-14T14:00:36+03:00,hamile,BEST_SELLER,hamile-cok-satanlar,Trendyol Hamile / Çok Satanlar,20,1,20,20,20,hamile:hamile-cok-satanlar,20,0,65.2,19.8,1838359,250065,1838359:250065,Dagi Beyaz Emzirme Sütyeni,Dagi,,https://www.trendyol.com/dagi/beyaz-emzirme-sutyeni-p-1838359,LORİSA,8.9,479.15,,,8.5,TRY,"[""Sepette %2 İndirim"",""Kargo Bedava""]",InStock,,,,,,4.623141824025714,2489,1417,-2,536,,,,,,0,,,,9 saat 57 dakika içinde sipariş verirsen en geç yarın kargoda!,,,{},0,,refreshed,"[""daily_top""]",true,2026-09-14T11:02:36.890Z,0,"[""search_result_dom"",""product_detail_jsonld"",""product_detail_dom""]","{""variant_id"":""observed"",""variant_label"":""observed"",""listing_id"":""observed"",""inventory_key"":""observed"",""stock_quantity"":""observed"",""stock_quantity_source"":""observed"",""stock_quantity_kind"":""observed"",""stock_observed_at"":""observed"",""max_sale_limit"":""observed"",""seller_count"":""observed"",""seller_count_observed"":""observed"",""seller_count_kind"":""observed"",""sellers"":""observed"",""variants"":""observed"",""favorite_count"":""observed"",""inventory_decrease"":""unavailable"",""sales_estimate_daily"":""unavailable"",""sales_estimate_weekly"":""unavailable"",""sales_estimate_monthly"":""unavailable"",""sales_estimate_status"":""unavailable"",""sales_estimate_hours"":""unavailable"",""sales_estimate_source"":""unavailable"",""title"":""observed"",""brand"":""observed"",""seller_name"":""observed"",""seller_score"":""observed"",""price"":""observed"",""original_price"":""unavailable"",""campaigns"":""observed"",""stock_status"":""observed"",""stock_signal"":""unavailable"",""rating"":""observed"",""rating_count"":""observed"",""review_count"":""observed"",""question_count"":""observed"",""delivery_summary"":""observed"",""shipping_cost"":""unavailable"",""properties"":""observed""}",true,
1313523468,S,d1ebb293c6b7fe682e8486fe61eba9a7,928945133:108216:1313523468:d1ebb293c6b7fe682e8486fe61eba9a7,207,merchantListing.winnerVariant.quantity,reported,2026-09-14T11:02:36.214Z,10,1,1,reported_total,"[{""merchant_id"":""108216"",""name"":""Artış Collection"",""score"":9.1,""price"":888.93,""variant_id"":""1313523468"",""listing_id"":""d1ebb293c6b7fe682e8486fe61eba9a7"",""stock_quantity"":207}]","[{""variant_id"":""1313523468"",""label"":""S"",""in_stock"":true,""stock_quantity"":207,""selected"":true},{""variant_id"":""1313523466"",""label"":""M"",""in_stock"":true,""stock_quantity"":null,""selected"":false},{""variant_id"":""1313523465"",""label"":""L"",""in_stock"":true,""stock_quantity"":null,""selected"":false},{""variant_id"":""1313523469"",""label"":""XL"",""in_stock"":true,""stock_quantity"":null,""selected"":false},{""variant_id"":""1313523467"",""label"":""2XL"",""in_stock"":true,""stock_quantity"":null,""selected"":false}]",71312,4,4,,,estimated,24.01,inventory_net_decrease,2026-09-14,2026-09-14T14:00:36+03:00,hamile,BEST_SELLER,hamile-cok-satanlar,Trendyol Hamile / Çok Satanlar,21,1,21,21,21,hamile:hamile-cok-satanlar,21,-4,57.5,25,928945133,108216,928945133:108216,Artış Biyeli İspanyol Paça Yüksek Bel Esnek Toparlayıcı Hamile Tayt,Artış,,https://www.trendyol.com/artis/biyeli-ispanyol-paca-yuksek-bel-esnek-toparlayici-hamile-tayt-p-928945133,Artış Collection,9.1,888.93,,,0,TRY,"[""Kargo Bedava""]",InStock,,,,,,4.317117117117117,555,272,1,56,,,,,,0,,,,Tahmini Teslim:,,,{},0,,refreshed,"[""daily_top""]",true,2026-09-14T11:02:36.214Z,0,"[""search_result_dom"",""product_detail_jsonld"",""product_detail_dom""]","{""variant_id"":""observed"",""variant_label"":""observed"",""listing_id"":""observed"",""inventory_key"":""observed"",""stock_quantity"":""observed"",""stock_quantity_source"":""observed"",""stock_quantity_kind"":""observed"",""stock_observed_at"":""observed"",""max_sale_limit"":""observed"",""seller_count"":""observed"",""seller_count_observed"":""observed"",""seller_count_kind"":""observed"",""sellers"":""observed"",""variants"":""observed"",""favorite_count"":""observed"",""inventory_decrease"":""unavailable"",""sales_estimate_daily"":""unavailable"",""sales_estimate_weekly"":""unavailable"",""sales_estimate_monthly"":""unavailable"",""sales_estimate_status"":""unavailable"",""sales_estimate_hours"":""unavailable"",""sales_estimate_source"":""unavailable"",""title"":""observed"",""brand"":""observed"",""seller_name"":""observed"",""seller_score"":""observed"",""price"":""observed"",""original_price"":""unavailable"",""campaigns"":""observed"",""stock_status"":""observed"",""stock_signal"":""unavailable"",""rating"":""observed"",""rating_count"":""observed"",""review_count"":""observed"",""question_count"":""observed"",""delivery_summary"":""observed"",""shipping_cost"":""unavailable"",""properties"":""observed""}",true,
1173843565,38,3c43b07cc131f190ec9d36ade8d7fd58,865290685:904421:1173843565:3c43b07cc131f190ec9d36ade8d7fd58,25,merchantListing.winnerVariant.quantity,reported,2026-09-14T11:02:39.310Z,10,1,1,reported_total,"[{""merchant_id"":""904421"",""name"":""KATLİN MATERNİTY WEAR"",""score"":9.1,""price"":838,""variant_id"":""1173843565"",""listing_id"":""3c43b07cc131f190ec9d36ade8d7fd58"",""stock_quantity"":25}]","[{""variant_id"":""1173843565"",""label"":""38"",""in_stock"":true,""stock_quantity"":25,""selected"":true},{""variant_id"":""1173843567"",""label"":""40"",""in_stock"":true,""stock_quantity"":null,""selected"":false},{""variant_id"":""1173843566"",""label"":""42"",""in_stock"":true,""stock_quantity"":null,""selected"":false},{""variant_id"":""1173843563"",""label"":""46"",""in_stock"":true,""stock_quantity"":null,""selected"":false},{""variant_id"":""1173843562"",""label"":""48"",""in_stock"":true,""stock_quantity"":null,""selected"":false},{""variant_id"":""1173843564"",""label"":""44"",""in_stock"":false,""stock_quantity"":null,""selected"":false}]",13818,1,1,,,estimated,24,inventory_net_decrease,2026-09-14,2026-09-14T14:00:36+03:00,hamile,BEST_SELLER,hamile-cok-satanlar,Trendyol Hamile / Çok Satanlar,22,1,22,22,22,hamile:hamile-cok-satanlar,22,7,54.6,25.4,865290685,904421,865290685:904421,KATLİN MATERNİTY WEAR Hamile Geniş Paça Beli Ayarlanabilir Kumaş Pantolon Önü Dikiş Detaylı,KATLİN MATERNİTY WEAR,,https://www.trendyol.com/katlin-maternity-wear/hamile-genis-paca-beli-ayarlanabilir-kumas-pantolon-onu-dikis-detayli-p-865290685,KATLİN MATERNİTY WEAR,9.1,838,,,0,TRY,"[""Kargo Bedava""]",InStock,,,,,,4.507537688442211,398,208,0,137,,,,,,0,,,,9 saat 57 dakika içinde sipariş verirsen en geç yarın kargoda!,,,{},0,,refreshed,"[""daily_top""]",true,2026-09-14T11:02:39.311Z,0,"[""search_result_dom"",""product_detail_jsonld"",""product_detail_dom""]","{""variant_id"":""observed"",""variant_label"":""observed"",""listing_id"":""observed"",""inventory_key"":""observed"",""stock_quantity"":""observed"",""stock_quantity_source"":""observed"",""stock_quantity_kind"":""observed"",""stock_observed_at"":""observed"",""max_sale_limit"":""observed"",""seller_count"":""observed"",""seller_count_observed"":""observed"",""seller_count_kind"":""observed"",""sellers"":""observed"",""variants"":""observed"",""favorite_count"":""observed"",""inventory_decrease"":""unavailable"",""sales_estimate_daily"":""unavailable"",""sales_estimate_weekly"":""unavailable"",""sales_estimate_monthly"":""unavailable"",""sales_estimate_status"":""unavailable"",""sales_estimate_hours"":""unavailable"",""sales_estimate_source"":""unavailable"",""title"":""observed"",""brand"":""observed"",""seller_name"":""observed"",""seller_score"":""observed"",""price"":""observed"",""original_price"":""unavailable"",""campaigns"":""observed"",""stock_status"":""observed"",""stock_signal"":""unavailable"",""rating"":""observed"",""rating_count"":""observed"",""review_count"":""observed"",""question_count"":""observed"",""delivery_summary"":""observed"",""shipping_cost"":""unavailable"",""properties"":""observed""}",true,
1169309758,S,0e9c32adcafcce486ed650611c87606b,862768488:531277:1169309758:0e9c32adcafcce486ed650611c87606b,216,merchantListing.winnerVariant.quantity,reported,2026-09-14T11:02:42.839Z,10,1,1,reported_total,"[{""merchant_id"":""531277"",""name"":""Lesa Wear"",""score"":9.1,""price"":429.68,""variant_id"":""1169309758"",""listing_id"":""0e9c32adcafcce486ed650611c87606b"",""stock_quantity"":216}]","[{""variant_id"":""1169309758"",""label"":""S"",""in_stock"":true,""stock_quantity"":216,""selected"":true},{""variant_id"":""1169309757"",""label"":""M"",""in_stock"":true,""stock_quantity"":null,""selected"":false},{""variant_id"":""1169309747"",""label"":""L"",""in_stock"":true,""stock_quantity"":null,""selected"":false},{""variant_id"":""1169309744"",""label"":""XL"",""in_stock"":true,""stock_quantity"":null,""selected"":false},{""variant_id"":""1169309741"",""label"":""2XL"",""in_stock"":true,""stock_quantity"":null,""selected"":false}]",30762,,,,,unchanged_stock,24,inventory_net_decrease,2026-09-14,2026-09-14T14:00:36+03:00,hamile,BEST_SELLER,hamile-cok-satanlar,Trendyol Hamile / Çok Satanlar,23,1,23,23,23,hamile:hamile-cok-satanlar,23,9,59,18.5,862768488,531277,862768488:531277,Lesa Wear İspanyol Paça Ayarlanabilir Yüksek Bel Esnek Toparlayıcı Ve Sıkılaştırıcı Hamile Tayt,Lesa Wear,,https://www.trendyol.com/lesa-wear/ispanyol-paca-ayarlanabilir-yuksek-bel-esnek-toparlayici-ve-sikilastirici-hamile-tayt-p-862768488,Lesa Wear,9.1,429.68,,,-16.5,TRY,"[""Kargo Bedava""]",InStock,,,,,,4.33913884857281,2067,1336,0,348,,,,,,0,,,,9 saat 57 dakika içinde sipariş verirsen en geç yarın kargoda!,,,{},0,,refreshed,"[""daily_top""]",true,2026-09-14T11:02:42.839Z,0,"[""search_result_dom"",""product_detail_jsonld"",""product_detail_dom""]","{""variant_id"":""observed"",""variant_label"":""observed"",""listing_id"":""observed"",""inventory_key"":""observed"",""stock_quantity"":""observed"",""stock_quantity_source"":""observed"",""stock_quantity_kind"":""observed"",""stock_observed_at"":""observed"",""max_sale_limit"":""observed"",""seller_count"":""observed"",""seller_count_observed"":""observed"",""seller_count_kind"":""observed"",""sellers"":""observed"",""variants"":""observed"",""favorite_count"":""observed"",""inventory_decrease"":""unavailable"",""sales_estimate_daily"":""unavailable"",""sales_estimate_weekly"":""unavailable"",""sales_estimate_monthly"":""unavailable"",""sales_estimate_status"":""unavailable"",""sales_estimate_hours"":""unavailable"",""sales_estimate_source"":""unavailable"",""title"":""observed"",""brand"":""observed"",""seller_name"":""observed"",""seller_score"":""observed"",""price"":""observed"",""original_price"":""unavailable"",""campaigns"":""observed"",""stock_status"":""observed"",""stock_signal"":""unavailable"",""rating"":""observed"",""rating_count"":""observed"",""review_count"":""observed"",""question_count"":""observed"",""delivery_summary"":""observed"",""shipping_cost"":""unavailable"",""properties"":""observed""}",true,
1107700109,L,26a26e298d2a6a6856ab1eee53dc3b87,827538355:207439:1107700109:26a26e298d2a6a6856ab1eee53dc3b87,755,merchantListing.winnerVariant.quantity,reported,2026-09-14T11:02:42.912Z,10,2,2,reported_total,"[{""merchant_id"":""207439"",""name"":""MODALADY"",""score"":8.9,""price"":298.9,""variant_id"":""1107700109"",""listing_id"":""26a26e298d2a6a6856ab1eee53dc3b87"",""stock_quantity"":755},{""merchant_id"":""627680"",""name"":""MAANGE"",""score"":8.7,""price"":860,""variant_id"":""1107700109"",""listing_id"":""a77a8c3bf65c3c8ed13693bfd2580396"",""stock_quantity"":9982}]","[{""variant_id"":""1107700109"",""label"":""L"",""in_stock"":true,""stock_quantity"":755,""selected"":true},{""variant_id"":""1107700110"",""label"":""XL"",""in_stock"":true,""stock_quantity"":null,""selected"":false},{""variant_id"":""1107700117"",""label"":""2XL"",""in_stock"":true,""stock_quantity"":null,""selected"":false},{""variant_id"":""1164608496"",""label"":""3XL"",""in_stock"":true,""stock_quantity"":null,""selected"":false},{""variant_id"":""1164608495"",""label"":""4XL"",""in_stock"":true,""stock_quantity"":null,""selected"":false},{""variant_id"":""1107700119"",""label"":""M"",""in_stock"":false,""stock_quantity"":null,""selected"":false}]",27156,7,7,35,,estimated,24.01,inventory_net_decrease,2026-09-14,2026-09-14T14:00:36+03:00,hamile,BEST_SELLER,hamile-cok-satanlar,Trendyol Hamile / Çok Satanlar,24,1,24,24,24,hamile:hamile-cok-satanlar,24,-1,56.1,18.9,827538355,207439,827538355:207439,MODALADY 3 ADET %100 PAMUKLU HAMİLE KÜLODU,MODALADY,,https://www.trendyol.com/modalady/3-adet-100-pamuklu-hamile-kulodu-p-827538355,MODALADY,8.9,298.9,,,0,TRY,[],InStock,,,,,,4.460824742268041,1940,1026,0,265,,,,,,0,,,,,,,{},0,,refreshed,"[""daily_top""]",true,2026-09-14T11:02:42.913Z,0,"[""search_result_dom"",""product_detail_jsonld"",""product_detail_dom""]","{""variant_id"":""observed"",""variant_label"":""observed"",""listing_id"":""observed"",""inventory_key"":""observed"",""stock_quantity"":""observed"",""stock_quantity_source"":""observed"",""stock_quantity_kind"":""observed"",""stock_observed_at"":""observed"",""max_sale_limit"":""observed"",""seller_count"":""observed"",""seller_count_observed"":""observed"",""seller_count_kind"":""observed"",""sellers"":""observed"",""variants"":""observed"",""favorite_count"":""observed"",""inventory_decrease"":""unavailable"",""sales_estimate_daily"":""unavailable"",""sales_estimate_weekly"":""unavailable"",""sales_estimate_monthly"":""unavailable"",""sales_estimate_status"":""unavailable"",""sales_estimate_hours"":""unavailable"",""sales_estimate_source"":""unavailable"",""title"":""observed"",""brand"":""observed"",""seller_name"":""observed"",""seller_score"":""observed"",""price"":""observed"",""original_price"":""unavailable"",""campaigns"":""unavailable"",""stock_status"":""observed"",""stock_signal"":""unavailable"",""rating"":""observed"",""rating_count"":""observed"",""review_count"":""observed"",""question_count"":""observed"",""delivery_summary"":""unavailable"",""shipping_cost"":""unavailable"",""properties"":""observed""}",true,
1256388361,M,dfa26c68c30df390af954bb961cb3f78,902664890:207439:1256388361:dfa26c68c30df390af954bb961cb3f78,897,merchantListing.winnerVariant.quantity,reported,2026-09-14T11:02:46.140Z,10,2,2,reported_total,"[{""merchant_id"":""207439"",""name"":""MODALADY"",""score"":8.9,""price"":199.9,""variant_id"":""1256388361"",""listing_id"":""dfa26c68c30df390af954bb961cb3f78"",""stock_quantity"":897},{""merchant_id"":""627680"",""name"":""MAANGE"",""score"":8.7,""price"":860,""variant_id"":""1256388361"",""listing_id"":""a915aa01659bf36a96f745efe2fa69c1"",""stock_quantity"":9998}]","[{""variant_id"":""1256388361"",""label"":""M"",""in_stock"":true,""stock_quantity"":897,""selected"":true},{""variant_id"":""1256388366"",""label"":""L"",""in_stock"":true,""stock_quantity"":null,""selected"":false},{""variant_id"":""1256388362"",""label"":""XL"",""in_stock"":true,""stock_quantity"":null,""selected"":false},{""variant_id"":""1256388364"",""label"":""2XL"",""in_stock"":true,""stock_quantity"":null,""selected"":false},{""variant_id"":""1256388365"",""label"":""3XL"",""in_stock"":true,""stock_quantity"":null,""selected"":false},{""variant_id"":""1256388363"",""label"":""4XL"",""in_stock"":true,""stock_quantity"":null,""selected"":false}]",7476,1,1,,,estimated,24.01,inventory_net_decrease,2026-09-14,2026-09-14T14:00:36+03:00,hamile,BEST_SELLER,hamile-cok-satanlar,Trendyol Hamile / Çok Satanlar,25,1,25,25,25,hamile:hamile-cok-satanlar,25,1,51,21.5,902664890,207439,902664890:207439,MODALADY 3 ADET %100 PAMUKLU HAMİLE KÜLODU,MODALADY,,https://www.trendyol.com/modalady/3-adet-100-pamuklu-hamile-kulodu-p-902664890,MODALADY,8.9,199.9,,,0,TRY,"[""Kargo Bedava""]",InStock,,,,,,4.419475655430712,801,420,0,97,,,,,,0,,,,9 saat 57 dakika içinde sipariş verirsen en geç yarın kargoda!,,,{},0,,refreshed,"[""daily_top""]",true,2026-09-14T11:02:46.141Z,0,"[""search_result_dom"",""product_detail_jsonld"",""product_detail_dom""]","{""variant_id"":""observed"",""variant_label"":""observed"",""listing_id"":""observed"",""inventory_key"":""observed"",""stock_quantity"":""observed"",""stock_quantity_source"":""observed"",""stock_quantity_kind"":""observed"",""stock_observed_at"":""observed"",""max_sale_limit"":""observed"",""seller_count"":""observed"",""seller_count_observed"":""observed"",""seller_count_kind"":""observed"",""sellers"":""observed"",""variants"":""observed"",""favorite_count"":""observed"",""inventory_decrease"":""unavailable"",""sales_estimate_daily"":""unavailable"",""sales_estimate_weekly"":""unavailable"",""sales_estimate_monthly"":""unavailable"",""sales_estimate_status"":""unavailable"",""sales_estimate_hours"":""unavailable"",""sales_estimate_source"":""unavailable"",""title"":""observed"",""brand"":""observed"",""seller_name"":""observed"",""seller_score"":""observed"",""price"":""observed"",""original_price"":""unavailable"",""campaigns"":""observed"",""stock_status"":""observed"",""stock_signal"":""unavailable"",""rating"":""observed"",""rating_count"":""observed"",""review_count"":""observed"",""question_count"":""observed"",""delivery_summary"":""observed"",""shipping_cost"":""unavailable"",""properties"":""observed""}",true,
1109182090,38,246e8842c17dd34f38ac2181a70e4323,828439277:904421:1109182090:246e8842c17dd34f38ac2181a70e4323,133,merchantListing.winnerVariant.quantity,reported,2026-09-14T11:02:48.217Z,10,1,1,reported_total,"[{""merchant_id"":""904421"",""name"":""KATLİN MATERNİTY WEAR"",""score"":9.1,""price"":788,""variant_id"":""1109182090"",""listing_id"":""246e8842c17dd34f38ac2181a70e4323"",""stock_quantity"":133}]","[{""variant_id"":""1109182090"",""label"":""38"",""in_stock"":true,""stock_quantity"":133,""selected"":true},{""variant_id"":""1109182096"",""label"":""40"",""in_stock"":true,""stock_quantity"":null,""selected"":false},{""variant_id"":""1109182092"",""label"":""42"",""in_stock"":true,""stock_quantity"":null,""selected"":false},{""variant_id"":""1109182093"",""label"":""44"",""in_stock"":true,""stock_quantity"":null,""selected"":false},{""variant_id"":""1109182097"",""label"":""46"",""in_stock"":true,""stock_quantity"":null,""selected"":false},{""variant_id"":""1109182094"",""label"":""48"",""in_stock"":true,""stock_quantity"":null,""selected"":false},{""variant_id"":""1252355903"",""label"":""36"",""in_stock"":false,""stock_quantity"":null,""selected"":false}]",13518,4,4,,,estimated,24,inventory_net_decrease,2026-09-14,2026-09-14T14:00:36+03:00,hamile,BEST_SELLER,hamile-cok-satanlar,Trendyol Hamile / Çok Satanlar,26,1,26,26,26,hamile:hamile-cok-satanlar,26,9,46.5,23.5,828439277,904421,828439277:904421,KATLİN MATERNİTY WEAR Hamile Siyah Kumaş Pantolonu Beli Ayarlanabilir Double Kumaş,KATLİN MATERNİTY WEAR,,https://www.trendyol.com/katlin-maternity-wear/hamile-siyah-kumas-pantolonu-beli-ayarlanabilir-double-kumas-p-828439277,KATLİN MATERNİTY WEAR,9.1,788,,,0,TRY,"[""Kargo Bedava""]",InStock,,,,,,4.27765237020316,443,207,0,190,,,,,,0,,,,9 saat 57 dakika içinde sipariş verirsen en geç yarın kargoda!,,,{},0,,refreshed,"[""daily_top""]",true,2026-09-14T11:02:48.218Z,0,"[""search_result_dom"",""product_detail_jsonld"",""product_detail_dom""]","{""variant_id"":""observed"",""variant_label"":""observed"",""listing_id"":""observed"",""inventory_key"":""observed"",""stock_quantity"":""observed"",""stock_quantity_source"":""observed"",""stock_quantity_kind"":""observed"",""stock_observed_at"":""observed"",""max_sale_limit"":""observed"",""seller_count"":""observed"",""seller_count_observed"":""observed"",""seller_count_kind"":""observed"",""sellers"":""observed"",""variants"":""observed"",""favorite_count"":""observed"",""inventory_decrease"":""unavailable"",""sales_estimate_daily"":""unavailable"",""sales_estimate_weekly"":""unavailable"",""sales_estimate_monthly"":""unavailable"",""sales_estimate_status"":""unavailable"",""sales_estimate_hours"":""unavailable"",""sales_estimate_source"":""unavailable"",""title"":""observed"",""brand"":""observed"",""seller_name"":""observed"",""seller_score"":""observed"",""price"":""observed"",""original_price"":""unavailable"",""campaigns"":""observed"",""stock_status"":""observed"",""stock_signal"":""unavailable"",""rating"":""observed"",""rating_count"":""observed"",""review_count"":""observed"",""question_count"":""observed"",""delivery_summary"":""observed"",""shipping_cost"":""unavailable"",""properties"":""observed""}",true,
67513377,80B,a66f3954bc33ff84f346df8721b36120,38003801:327733:67513377:a66f3954bc33ff84f346df8721b36120,1118,merchantListing.winnerVariant.quantity,reported,2026-09-14T11:02:48.419Z,5,2,2,reported_total,"[{""merchant_id"":""327733"",""name"":""Pierre Cardin Kadın İç Giyim"",""score"":9.2,""price"":619.9,""variant_id"":""67513377"",""listing_id"":""a66f3954bc33ff84f346df8721b36120"",""stock_quantity"":1118},{""merchant_id"":""4664"",""name"":""Pierre Cardin Lingerie"",""score"":9,""price"":639.9,""variant_id"":""67513377"",""listing_id"":""e96db13381806483c87f839815b86ddf"",""stock_quantity"":1191}]","[{""variant_id"":""67513377"",""label"":""80B"",""in_stock"":true,""stock_quantity"":1118,""selected"":true},{""variant_id"":""67513379"",""label"":""90B"",""in_stock"":true,""stock_quantity"":null,""selected"":false},{""variant_id"":""67513376"",""label"":""95B"",""in_stock"":true,""stock_quantity"":null,""selected"":false},{""variant_id"":""67513378"",""label"":""85"",""in_stock"":true,""stock_quantity"":null,""selected"":false},{""variant_id"":""67513380"",""label"":""75B"",""in_stock"":true,""stock_quantity"":null,""selected"":false}]",9655,2,2,,,estimated,24,inventory_net_decrease,2026-09-14,2026-09-14T14:00:36+03:00,hamile,BEST_SELLER,hamile-cok-satanlar,Trendyol Hamile / Çok Satanlar,27,1,27,27,27,hamile:hamile-cok-satanlar,27,6,47.8,19.7,38003801,327733,38003801:327733,Pierre Cardin Kadın Beyaz 1031 Pamuklu Göğüs Ucu Belli Etmeyen Kaplı Emzirme Atleti,Pierre Cardin,,https://www.trendyol.com/pierre-cardin/kadin-beyaz-1031-pamuklu-gogus-ucu-belli-etmeyen-kapli-emzirme-atleti-p-38003801,Pierre Cardin Kadın İç Giyim,9.2,619.9,,,0,TRY,"[""Trendyol Plus'a Özel"",""Kargo Bedava""]",InStock,,,,,,4.341730558598028,913,537,0,32,,,,,,0,,,,9 saat 57 dakika içinde sipariş verirsen en geç yarın kargoda!,,,{},0,,refreshed,"[""daily_top""]",true,2026-09-14T11:02:48.420Z,0,"[""search_result_dom"",""product_detail_jsonld"",""product_detail_dom""]","{""variant_id"":""observed"",""variant_label"":""observed"",""listing_id"":""observed"",""inventory_key"":""observed"",""stock_quantity"":""observed"",""stock_quantity_source"":""observed"",""stock_quantity_kind"":""observed"",""stock_observed_at"":""observed"",""max_sale_limit"":""observed"",""seller_count"":""observed"",""seller_count_observed"":""observed"",""seller_count_kind"":""observed"",""sellers"":""observed"",""variants"":""observed"",""favorite_count"":""observed"",""inventory_decrease"":""unavailable"",""sales_estimate_daily"":""unavailable"",""sales_estimate_weekly"":""unavailable"",""sales_estimate_monthly"":""unavailable"",""sales_estimate_status"":""unavailable"",""sales_estimate_hours"":""unavailable"",""sales_estimate_source"":""unavailable"",""title"":""observed"",""brand"":""observed"",""seller_name"":""observed"",""seller_score"":""observed"",""price"":""observed"",""original_price"":""unavailable"",""campaigns"":""observed"",""stock_status"":""observed"",""stock_signal"":""unavailable"",""rating"":""observed"",""rating_count"":""observed"",""review_count"":""observed"",""question_count"":""observed"",""delivery_summary"":""observed"",""shipping_cost"":""unavailable"",""properties"":""observed""}",true,
63399566,S,7b6fd332f40065eae94d7a25b2625f0d,756440716:108216:63399566:7b6fd332f40065eae94d7a25b2625f0d,295,merchantListing.winnerVariant.quantity,reported,2026-09-14T11:02:52.395Z,10,1,1,reported_total,"[{""merchant_id"":""108216"",""name"":""Artış Collection"",""score"":9.1,""price"":693.56,""variant_id"":""63399566"",""listing_id"":""7b6fd332f40065eae94d7a25b2625f0d"",""stock_quantity"":295}]","[{""variant_id"":""63399566"",""label"":""S"",""in_stock"":true,""stock_quantity"":295,""selected"":true},{""variant_id"":""63408312"",""label"":""M"",""in_stock"":true,""stock_quantity"":null,""selected"":false},{""variant_id"":""64082697"",""label"":""L"",""in_stock"":true,""stock_quantity"":null,""selected"":false},{""variant_id"":""64075902"",""label"":""XL"",""in_stock"":true,""stock_quantity"":null,""selected"":false},{""variant_id"":""996740609"",""label"":""2XL"",""in_stock"":true,""stock_quantity"":null,""selected"":false}]",31255,5,5,,,estimated,24.01,inventory_net_decrease,2026-09-14,2026-09-14T14:00:36+03:00,hamile,BEST_SELLER,hamile-cok-satanlar,Trendyol Hamile / Çok Satanlar,28,1,28,28,28,hamile:hamile-cok-satanlar,28,2,47.7,17.3,756440716,108216,756440716:108216,Artış Ayarlanabilir Yüksek Bel Esnek Toparlayıcı Hamile Tayt T02,Artış,,https://www.trendyol.com/artis/ayarlanabilir-yuksek-bel-esnek-toparlayici-hamile-tayt-t02-p-756440716,Artış Collection,9.1,693.56,,,0,TRY,"[""Kargo Bedava""]",InStock,,,,,,4.310299869621904,1534,907,-2,84,,,,,,0,,,,,,,{},0,,refreshed,"[""daily_top""]",true,2026-09-14T11:02:52.396Z,0,"[""search_result_dom"",""product_detail_jsonld"",""product_detail_dom""]","{""variant_id"":""observed"",""variant_label"":""observed"",""listing_id"":""observed"",""inventory_key"":""observed"",""stock_quantity"":""observed"",""stock_quantity_source"":""observed"",""stock_quantity_kind"":""observed"",""stock_observed_at"":""observed"",""max_sale_limit"":""observed"",""seller_count"":""observed"",""seller_count_observed"":""observed"",""seller_count_kind"":""observed"",""sellers"":""observed"",""variants"":""observed"",""favorite_count"":""observed"",""inventory_decrease"":""unavailable"",""sales_estimate_daily"":""unavailable"",""sales_estimate_weekly"":""unavailable"",""sales_estimate_monthly"":""unavailable"",""sales_estimate_status"":""unavailable"",""sales_estimate_hours"":""unavailable"",""sales_estimate_source"":""unavailable"",""title"":""observed"",""brand"":""observed"",""seller_name"":""observed"",""seller_score"":""observed"",""price"":""observed"",""original_price"":""unavailable"",""campaigns"":""observed"",""stock_status"":""observed"",""stock_signal"":""unavailable"",""rating"":""observed"",""rating_count"":""observed"",""review_count"":""observed"",""question_count"":""observed"",""delivery_summary"":""unavailable"",""shipping_cost"":""unavailable"",""properties"":""observed""}",true,
1671498133,S,b9ef6300ba5dcc333006b3d151edcf90,1190940027:1188:1671498133:b9ef6300ba5dcc333006b3d151edcf90,16,merchantListing.winnerVariant.quantity,reported,2026-09-14T11:02:54.023Z,10,1,1,reported_total,"[{""merchant_id"":""1188"",""name"":""DeFacto"",""score"":8.5,""price"":399.99,""variant_id"":""1671498133"",""listing_id"":""b9ef6300ba5dcc333006b3d151edcf90"",""stock_quantity"":16}]","[{""variant_id"":""1671498133"",""label"":""S"",""in_stock"":true,""stock_quantity"":16,""selected"":true},{""variant_id"":""1671498130"",""label"":""M"",""in_stock"":true,""stock_quantity"":null,""selected"":false},{""variant_id"":""1671498136"",""label"":""XL"",""in_stock"":true,""stock_quantity"":null,""selected"":false},{""variant_id"":""1671498139"",""label"":""2XL"",""in_stock"":true,""stock_quantity"":null,""selected"":false},{""variant_id"":""1671498142"",""label"":""L"",""in_stock"":false,""stock_quantity"":null,""selected"":false}]",262,2,2,,,estimated,24.01,inventory_net_decrease,2026-09-14,2026-09-14T14:00:36+03:00,hamile,BEST_SELLER,hamile-cok-satanlar,Trendyol Hamile / Çok Satanlar,29,1,29,29,29,hamile:hamile-cok-satanlar,29,-2,25.8,36.7,1190940027,1188,1190940027:1188,Defacto Regular Fıt Emzirme Atleti H2280AX26SM,Defacto,,https://www.trendyol.com/defacto/regular-fit-emzirme-atleti-h2280ax26sm-p-1190940027,DeFacto,8.5,399.99,,,0,TRY,"[""Trendyol Plus'a Özel""]",InStock,,,,,,4,5,2,0,3,,,,,,0,,,,,,,{},0,,refreshed,"[""daily_top""]",true,2026-09-14T11:02:54.024Z,0,"[""search_result_dom"",""product_detail_jsonld"",""product_detail_dom""]","{""variant_id"":""observed"",""variant_label"":""observed"",""listing_id"":""observed"",""inventory_key"":""observed"",""stock_quantity"":""observed"",""stock_quantity_source"":""observed"",""stock_quantity_kind"":""observed"",""stock_observed_at"":""observed"",""max_sale_limit"":""observed"",""seller_count"":""observed"",""seller_count_observed"":""observed"",""seller_count_kind"":""observed"",""sellers"":""observed"",""variants"":""observed"",""favorite_count"":""observed"",""inventory_decrease"":""unavailable"",""sales_estimate_daily"":""unavailable"",""sales_estimate_weekly"":""unavailable"",""sales_estimate_monthly"":""unavailable"",""sales_estimate_status"":""unavailable"",""sales_estimate_hours"":""unavailable"",""sales_estimate_source"":""unavailable"",""title"":""observed"",""brand"":""observed"",""seller_name"":""observed"",""seller_score"":""observed"",""price"":""observed"",""original_price"":""unavailable"",""campaigns"":""observed"",""stock_status"":""observed"",""stock_signal"":""unavailable"",""rating"":""observed"",""rating_count"":""observed"",""review_count"":""observed"",""question_count"":""observed"",""delivery_summary"":""unavailable"",""shipping_cost"":""unavailable"",""properties"":""observed""}",true,
1580081928,S,fe2e0161a33c515a61672c7ff51fdfbe,1131053507:1188:1580081928:fe2e0161a33c515a61672c7ff51fdfbe,32,merchantListing.winnerVariant.quantity,reported,2026-09-14T11:02:53.829Z,10,1,1,reported_total,"[{""merchant_id"":""1188"",""name"":""DeFacto"",""score"":8.5,""price"":399.99,""variant_id"":""1580081928"",""listing_id"":""fe2e0161a33c515a61672c7ff51fdfbe"",""stock_quantity"":32}]","[{""variant_id"":""1580081928"",""label"":""S"",""in_stock"":true,""stock_quantity"":32,""selected"":true},{""variant_id"":""1580082182"",""label"":""M"",""in_stock"":true,""stock_quantity"":null,""selected"":false},{""variant_id"":""1580081583"",""label"":""L"",""in_stock"":true,""stock_quantity"":null,""selected"":false},{""variant_id"":""1580079082"",""label"":""XL"",""in_stock"":true,""stock_quantity"":null,""selected"":false},{""variant_id"":""1580081119"",""label"":""2XL"",""in_stock"":true,""stock_quantity"":null,""selected"":false}]",802,1,1,,,estimated,24.01,inventory_net_decrease,2026-09-14,2026-09-14T14:00:36+03:00,hamile,BEST_SELLER,hamile-cok-satanlar,Trendyol Hamile / Çok Satanlar,30,1,30,30,30,hamile:hamile-cok-satanlar,30,-6,26.8,33.2,1131053507,1188,1131053507:1188,Defacto Regular Fıt Emzirme Atleti H2280AX26SM,Defacto,,https://www.trendyol.com/defacto/regular-fit-emzirme-atleti-h2280ax26sm-p-1131053507,DeFacto,8.5,399.99,,,0,TRY,"[""Trendyol Plus'a Özel"",""Sepette %20 İndirim""]",InStock,,,,,,4.555555555555555,9,6,0,11,,,,,,0,,,,Tahmini Teslim:,,,{},0,,refreshed,"[""daily_top""]",true,2026-09-14T11:02:53.832Z,0,"[""search_result_dom"",""product_detail_jsonld"",""product_detail_dom""]","{""variant_id"":""observed"",""variant_label"":""observed"",""listing_id"":""observed"",""inventory_key"":""observed"",""stock_quantity"":""observed"",""stock_quantity_source"":""observed"",""stock_quantity_kind"":""observed"",""stock_observed_at"":""observed"",""max_sale_limit"":""observed"",""seller_count"":""observed"",""seller_count_observed"":""observed"",""seller_count_kind"":""observed"",""sellers"":""observed"",""variants"":""observed"",""favorite_count"":""observed"",""inventory_decrease"":""unavailable"",""sales_estimate_daily"":""unavailable"",""sales_estimate_weekly"":""unavailable"",""sales_estimate_monthly"":""unavailable"",""sales_estimate_status"":""unavailable"",""sales_estimate_hours"":""unavailable"",""sales_estimate_source"":""unavailable"",""title"":""observed"",""brand"":""observed"",""seller_name"":""observed"",""seller_score"":""observed"",""price"":""observed"",""original_price"":""unavailable"",""campaigns"":""observed"",""stock_status"":""observed"",""stock_signal"":""unavailable"",""rating"":""observed"",""rating_count"":""observed"",""review_count"":""observed"",""question_count"":""observed"",""delivery_summary"":""observed"",""shipping_cost"":""unavailable"",""properties"":""observed""}",true,
1671498097,S,d189cdd4f7bf1df519e8a12d180ece78,1190940011:1188:1671498097:d189cdd4f7bf1df519e8a12d180ece78,3,merchantListing.winnerVariant.quantity,reported,2026-09-14T11:02:58.420Z,10,1,1,reported_total,"[{""merchant_id"":""1188"",""name"":""DeFacto"",""score"":8.5,""price"":399.99,""variant_id"":""1671498097"",""listing_id"":""d189cdd4f7bf1df519e8a12d180ece78"",""stock_quantity"":3}]","[{""variant_id"":""1671498097"",""label"":""S"",""in_stock"":true,""stock_quantity"":3,""selected"":true},{""variant_id"":""1671498095"",""label"":""M"",""in_stock"":true,""stock_quantity"":null,""selected"":false},{""variant_id"":""1671498094"",""label"":""XL"",""in_stock"":true,""stock_quantity"":null,""selected"":false},{""variant_id"":""1671498096"",""label"":""2XL"",""in_stock"":true,""stock_quantity"":null,""selected"":false},{""variant_id"":""1671498093"",""label"":""L"",""in_stock"":false,""stock_quantity"":null,""selected"":false}]",338,2,2,,,estimated,24.01,inventory_net_decrease,2026-09-14,2026-09-14T14:00:36+03:00,hamile,BEST_SELLER,hamile-cok-satanlar,Trendyol Hamile / Çok Satanlar,31,1,31,31,31,hamile:hamile-cok-satanlar,31,-3,20.4,37.1,1190940011,1188,1190940011:1188,Defacto Regular Fıt Emzirme Atleti H2280AX26SM,Defacto,,https://www.trendyol.com/defacto/regular-fit-emzirme-atleti-h2280ax26sm-p-1190940011,DeFacto,8.5,399.99,,,0,TRY,"[""Sepette %40 İndirim""]",InStock,Tükeniyor,,,,,5,6,1,1,6,,,,,,0,,,,Tahmini Teslim:,,,{},0,,refreshed,"[""daily_top""]",true,2026-09-14T11:02:58.420Z,0,"[""search_result_dom"",""product_detail_jsonld"",""product_detail_dom""]","{""variant_id"":""observed"",""variant_label"":""observed"",""listing_id"":""observed"",""inventory_key"":""observed"",""stock_quantity"":""observed"",""stock_quantity_source"":""observed"",""stock_quantity_kind"":""observed"",""stock_observed_at"":""observed"",""max_sale_limit"":""observed"",""seller_count"":""observed"",""seller_count_observed"":""observed"",""seller_count_kind"":""observed"",""sellers"":""observed"",""variants"":""observed"",""favorite_count"":""observed"",""inventory_decrease"":""unavailable"",""sales_estimate_daily"":""unavailable"",""sales_estimate_weekly"":""unavailable"",""sales_estimate_monthly"":""unavailable"",""sales_estimate_status"":""unavailable"",""sales_estimate_hours"":""unavailable"",""sales_estimate_source"":""unavailable"",""title"":""observed"",""brand"":""observed"",""seller_name"":""observed"",""seller_score"":""observed"",""price"":""observed"",""original_price"":""unavailable"",""campaigns"":""observed"",""stock_status"":""observed"",""stock_signal"":""observed"",""rating"":""observed"",""rating_count"":""observed"",""review_count"":""observed"",""question_count"":""observed"",""delivery_summary"":""observed"",""shipping_cost"":""unavailable"",""properties"":""observed""}",true,
1393082727,L,fdaaef41b1ce5d7fb7f69c164d56552b,985639777:266730:1393082727:fdaaef41b1ce5d7fb7f69c164d56552b,26,merchantListing.winnerVariant.quantity,reported,2026-09-14T11:02:59.635Z,10,1,1,reported_total,"[{""merchant_id"":""266730"",""name"":""JENİKA COLLECTİON"",""score"":9.2,""price"":894.57,""variant_id"":""1393082727"",""listing_id"":""fdaaef41b1ce5d7fb7f69c164d56552b"",""stock_quantity"":26}]","[{""variant_id"":""1393082727"",""label"":""L"",""in_stock"":true,""stock_quantity"":26,""selected"":true},{""variant_id"":""1393078257"",""label"":""XL"",""in_stock"":false,""stock_quantity"":null,""selected"":false},{""variant_id"":""1393083715"",""label"":""2XL"",""in_stock"":false,""stock_quantity"":null,""selected"":false}]",29268,6,6,,,estimated,24.01,inventory_net_decrease,2026-09-14,2026-09-14T14:00:36+03:00,hamile,BEST_SELLER,hamile-cok-satanlar,Trendyol Hamile / Çok Satanlar,32,1,32,32,32,hamile:hamile-cok-satanlar,32,-11,33.8,21.2,985639777,266730,985639777:266730,JENİKA Kadın Hamile Lohusa 3’lü Pijama Seti – Şık Dantel ve Pratik Düğme Detaylı,JENİKA,Hamile Pijama Takımı,https://www.trendyol.com/jenika/kadin-hamile-lohusa-3-lu-pijama-seti-sik-dantel-ve-pratik-dugme-detayli-p-985639777,JENİKA COLLECTİON,9.2,894.57,,,-3,TRY,"[""Trendyol Plus'a Özel"",""Kargo Bedava""]",InStock,,,,,,4.648484848484848,330,167,0,174,,,,4999,TRY,0,1,1,3,,,https://cdn.dsmcdn.com/ty1769/prod/QC_ENRICHMENT/20251008/17/6514e1cf-948b-32df-982d-9002e5294c5a/1_org_zoom.jpg,"{""Paça Boyu"":""Uzun"",""Sürdürülebilirlik Detayı"":""Hayır"",""Materyal"":""Viskon Karışımlı"",""Kol Tipi"":""Uzun Kol"",""Desen"":""Düz"",""Yaka Tipi"":""V Yaka"",""Renk"":""Kahverengi"",""Materyal Bileşeni"":""90% Viskoz, 10% Elastan"",""Koleksiyon"":""Hamile"",""Yıkama Talimatı"":""Type 1"",""Kumaş Tipi"":""Örme"",""Boy"":""Uzun"",""Kalıp"":""Mom"",""Paça Tipi"":""Bol Paça"",""Kol Boyu"":""Uzun"",""Ortam"":""Lounge/Home"",""Paket İçeriği"":""3'lü"",""Bel"":""Normal Bel"",""Menşei"":""TR""}",20,5,refreshed,"[""daily_top""]",true,2026-09-14T11:02:59.636Z,0,"[""search_result_dom"",""product_detail_jsonld"",""product_detail_dom""]","{""variant_id"":""observed"",""variant_label"":""observed"",""listing_id"":""observed"",""inventory_key"":""observed"",""stock_quantity"":""observed"",""stock_quantity_source"":""observed"",""stock_quantity_kind"":""observed"",""stock_observed_at"":""observed"",""max_sale_limit"":""observed"",""seller_count"":""observed"",""seller_count_observed"":""observed"",""seller_count_kind"":""observed"",""sellers"":""observed"",""variants"":""observed"",""favorite_count"":""observed"",""inventory_decrease"":""unavailable"",""sales_estimate_daily"":""unavailable"",""sales_estimate_weekly"":""unavailable"",""sales_estimate_monthly"":""unavailable"",""sales_estimate_status"":""unavailable"",""sales_estimate_hours"":""unavailable"",""sales_estimate_source"":""unavailable"",""title"":""observed"",""brand"":""observed"",""seller_name"":""observed"",""seller_score"":""observed"",""price"":""observed"",""original_price"":""unavailable"",""campaigns"":""observed"",""stock_status"":""observed"",""stock_signal"":""unavailable"",""rating"":""observed"",""rating_count"":""observed"",""review_count"":""observed"",""question_count"":""observed"",""delivery_summary"":""unavailable"",""shipping_cost"":""observed"",""properties"":""observed""}",true,
1084494556,M,98cc69b37a8e4f5f58a86b47c7017874,813433349:175525:1084494556:98cc69b37a8e4f5f58a86b47c7017874,972,merchantListing.winnerVariant.quantity,reported,2026-09-14T11:02:59.311Z,10,1,1,reported_total,"[{""merchant_id"":""175525"",""name"":""Miss Dünya Lissa"",""score"":8.6,""price"":1509.99,""variant_id"":""1084494556"",""listing_id"":""98cc69b37a8e4f5f58a86b47c7017874"",""stock_quantity"":972}]","[{""variant_id"":""1084494556"",""label"":""M"",""in_stock"":true,""stock_quantity"":972,""selected"":true},{""variant_id"":""1084494551"",""label"":""L"",""in_stock"":true,""stock_quantity"":null,""selected"":false},{""variant_id"":""1084494550"",""label"":""XL"",""in_stock"":true,""stock_quantity"":null,""selected"":false},{""variant_id"":""1084494553"",""label"":""2XL"",""in_stock"":true,""stock_quantity"":null,""selected"":false}]",21323,,,,,unchanged_stock,24,inventory_net_decrease,2026-09-14,2026-09-14T14:00:36+03:00,hamile,BEST_SELLER,hamile-cok-satanlar,Trendyol Hamile / Çok Satanlar,33,1,33,33,33,hamile:hamile-cok-satanlar,33,5,36.1,16.4,813433349,175525,813433349:175525,Miss Dünya Lissa Sabahlıklı Şerit Detaylı Hamile ve Lohusa Pijama Takımı,Miss Dünya Lissa,,https://www.trendyol.com/miss-dunya-lissa/sabahlikli-serit-detayli-hamile-ve-lohusa-pijama-takimi-p-813433349,Miss Dünya Lissa,8.6,1509.99,,,33.5,TRY,"[""Kargo Bedava"",""Peşin Fiyatına 3 Taksit""]",InStock,,,,,,4.582718651211802,949,570,0,194,,"21,3B kişi favoriledi",Son 24 saatte 408 kişi görüntüledi,,,0,,,,Tahmini Teslim:,,,{},0,,refreshed,"[""daily_top""]",true,2026-09-14T11:02:59.311Z,0,"[""search_result_dom"",""product_detail_jsonld"",""product_detail_dom""]","{""variant_id"":""observed"",""variant_label"":""observed"",""listing_id"":""observed"",""inventory_key"":""observed"",""stock_quantity"":""observed"",""stock_quantity_source"":""observed"",""stock_quantity_kind"":""observed"",""stock_observed_at"":""observed"",""max_sale_limit"":""observed"",""seller_count"":""observed"",""seller_count_observed"":""observed"",""seller_count_kind"":""observed"",""sellers"":""observed"",""variants"":""observed"",""favorite_count"":""observed"",""inventory_decrease"":""unavailable"",""sales_estimate_daily"":""unavailable"",""sales_estimate_weekly"":""unavailable"",""sales_estimate_monthly"":""unavailable"",""sales_estimate_status"":""unavailable"",""sales_estimate_hours"":""unavailable"",""sales_estimate_source"":""unavailable"",""title"":""observed"",""brand"":""observed"",""seller_name"":""observed"",""seller_score"":""observed"",""price"":""observed"",""original_price"":""unavailable"",""campaigns"":""observed"",""stock_status"":""observed"",""stock_signal"":""unavailable"",""rating"":""observed"",""rating_count"":""observed"",""review_count"":""observed"",""question_count"":""observed"",""delivery_summary"":""observed"",""shipping_cost"":""unavailable"",""properties"":""observed""}",true,
1026159804,75B,975db3adb43df234a6eb65ff1563ce2c,775532651:327733:1026159804:975db3adb43df234a6eb65ff1563ce2c,42,merchantListing.winnerVariant.quantity,reported,2026-09-14T11:03:04.811Z,5,2,2,reported_total,"[{""merchant_id"":""327733"",""name"":""Pierre Cardin Kadın İç Giyim"",""score"":9.2,""price"":999.9,""variant_id"":""1026159804"",""listing_id"":""975db3adb43df234a6eb65ff1563ce2c"",""stock_quantity"":42},{""merchant_id"":""4664"",""name"":""Pierre Cardin Lingerie"",""score"":9,""price"":1009.9,""variant_id"":""1026159804"",""listing_id"":""0abcb1ff0064ed9d48e575fb2db5ea15"",""stock_quantity"":46}]","[{""variant_id"":""1026159804"",""label"":""75B"",""in_stock"":true,""stock_quantity"":42,""selected"":true},{""variant_id"":""1026159803"",""label"":""95B"",""in_stock"":true,""stock_quantity"":null,""selected"":false},{""variant_id"":""1046803903"",""label"":""90B"",""in_stock"":true,""stock_quantity"":null,""selected"":false},{""variant_id"":""1046803905"",""label"":""85B"",""in_stock"":true,""stock_quantity"":null,""selected"":false},{""variant_id"":""1046803906"",""label"":""80B"",""in_stock"":true,""stock_quantity"":null,""selected"":false}]",10729,,,,,unchanged_stock,24,inventory_net_decrease,2026-09-14,2026-09-14T14:00:36+03:00,hamile,BEST_SELLER,hamile-cok-satanlar,Trendyol Hamile / Çok Satanlar,34,1,34,34,34,hamile:hamile-cok-satanlar,34,14,32.2,17.8,775532651,327733,775532651:327733,Pierre Cardin 2'li Peket Ten 6831 Pamuklu Göğüs Ucu Belli Etmeyen Kaplı Emzirme Atleti,Pierre Cardin,,https://www.trendyol.com/pierre-cardin/2-li-peket-ten-6831-pamuklu-gogus-ucu-belli-etmeyen-kapli-emzirme-atleti-p-775532651,Pierre Cardin Kadın İç Giyim,9.2,999.9,,,0,TRY,"[""Trendyol Plus'a Özel"",""Kargo Bedava""]",InStock,,,,,,4.357142857142857,658,334,0,27,,,,,,0,,,,,,,{},0,,refreshed,"[""daily_top""]",true,2026-09-14T11:03:04.812Z,0,"[""search_result_dom"",""product_detail_jsonld"",""product_detail_dom""]","{""variant_id"":""observed"",""variant_label"":""observed"",""listing_id"":""observed"",""inventory_key"":""observed"",""stock_quantity"":""observed"",""stock_quantity_source"":""observed"",""stock_quantity_kind"":""observed"",""stock_observed_at"":""observed"",""max_sale_limit"":""observed"",""seller_count"":""observed"",""seller_count_observed"":""observed"",""seller_count_kind"":""observed"",""sellers"":""observed"",""variants"":""observed"",""favorite_count"":""observed"",""inventory_decrease"":""unavailable"",""sales_estimate_daily"":""unavailable"",""sales_estimate_weekly"":""unavailable"",""sales_estimate_monthly"":""unavailable"",""sales_estimate_status"":""unavailable"",""sales_estimate_hours"":""unavailable"",""sales_estimate_source"":""unavailable"",""title"":""observed"",""brand"":""observed"",""seller_name"":""observed"",""seller_score"":""observed"",""price"":""observed"",""original_price"":""unavailable"",""campaigns"":""observed"",""stock_status"":""observed"",""stock_signal"":""unavailable"",""rating"":""observed"",""rating_count"":""observed"",""review_count"":""observed"",""question_count"":""observed"",""delivery_summary"":""unavailable"",""shipping_cost"":""unavailable"",""properties"":""observed""}",true,
1578990071,80B,65a3873977370994c45f9b52107a39a7,1130409231:327733:1578990071:65a3873977370994c45f9b52107a39a7,967,merchantListing.winnerVariant.quantity,reported,2026-09-14T11:03:05.079Z,5,2,2,reported_total,"[{""merchant_id"":""327733"",""name"":""Pierre Cardin Kadın İç Giyim"",""score"":9.2,""price"":839.9,""variant_id"":""1578990071"",""listing_id"":""65a3873977370994c45f9b52107a39a7"",""stock_quantity"":967},{""merchant_id"":""4664"",""name"":""Pierre Cardin Lingerie"",""score"":9,""price"":849.9,""variant_id"":""1578990071"",""listing_id"":""be07153e5a3b2b76589af48423519b3a"",""stock_quantity"":998}]","[{""variant_id"":""1578990071"",""label"":""80B"",""in_stock"":true,""stock_quantity"":967,""selected"":true},{""variant_id"":""1578984318"",""label"":""85B"",""in_stock"":true,""stock_quantity"":null,""selected"":false},{""variant_id"":""1578988946"",""label"":""90B"",""in_stock"":true,""stock_quantity"":null,""selected"":false},{""variant_id"":""1578988370"",""label"":""95B"",""in_stock"":true,""stock_quantity"":null,""selected"":false}]",6487,3,3,,,estimated,24.01,inventory_net_decrease,2026-09-14,2026-09-14T14:00:36+03:00,hamile,BEST_SELLER,hamile-cok-satanlar,Trendyol Hamile / Çok Satanlar,35,1,35,35,35,hamile:hamile-cok-satanlar,35,2,24.7,22.8,1130409231,327733,1130409231:327733,"Pierre Cardin 6118 Premium Comfort Kaplı Emzirme Sütyeni – Dikişsiz, İz Yapmaz, Ayarlanabilir Askılı",Pierre Cardin,,https://www.trendyol.com/pierre-cardin/6118-premium-comfort-kapli-emzirme-sutyeni-dikissiz-iz-yapmaz-ayarlanabilir-askili-p-1130409231,Pierre Cardin Kadın İç Giyim,9.2,839.9,,,0,TRY,"[""Trendyol Plus'a Özel"",""Kargo Bedava""]",InStock,,,,,,4.385714285714286,140,67,0,13,,,,,,0,,,,,,,{},0,,refreshed,"[""daily_top""]",true,2026-09-14T11:03:05.080Z,0,"[""search_result_dom"",""product_detail_jsonld"",""product_detail_dom""]","{""variant_id"":""observed"",""variant_label"":""observed"",""listing_id"":""observed"",""inventory_key"":""observed"",""stock_quantity"":""observed"",""stock_quantity_source"":""observed"",""stock_quantity_kind"":""observed"",""stock_observed_at"":""observed"",""max_sale_limit"":""observed"",""seller_count"":""observed"",""seller_count_observed"":""observed"",""seller_count_kind"":""observed"",""sellers"":""observed"",""variants"":""observed"",""favorite_count"":""observed"",""inventory_decrease"":""unavailable"",""sales_estimate_daily"":""unavailable"",""sales_estimate_weekly"":""unavailable"",""sales_estimate_monthly"":""unavailable"",""sales_estimate_status"":""unavailable"",""sales_estimate_hours"":""unavailable"",""sales_estimate_source"":""unavailable"",""title"":""observed"",""brand"":""observed"",""seller_name"":""observed"",""seller_score"":""observed"",""price"":""observed"",""original_price"":""unavailable"",""campaigns"":""observed"",""stock_status"":""observed"",""stock_signal"":""unavailable"",""rating"":""observed"",""rating_count"":""observed"",""review_count"":""observed"",""question_count"":""observed"",""delivery_summary"":""unavailable"",""shipping_cost"":""unavailable"",""properties"":""observed""}",true,
1256390928,L,26eaf8119958852c922dd3785574f07b,902666880:207439:1256390928:26eaf8119958852c922dd3785574f07b,297,merchantListing.winnerVariant.quantity,reported,2026-09-14T11:03:04.988Z,10,1,1,reported_total,"[{""merchant_id"":""207439"",""name"":""MODALADY"",""score"":8.9,""price"":298.9,""variant_id"":""1256390928"",""listing_id"":""26eaf8119958852c922dd3785574f07b"",""stock_quantity"":297}]","[{""variant_id"":""1256390928"",""label"":""L"",""in_stock"":true,""stock_quantity"":297,""selected"":true},{""variant_id"":""1256390926"",""label"":""XL"",""in_stock"":true,""stock_quantity"":null,""selected"":false},{""variant_id"":""1256390930"",""label"":""2XL"",""in_stock"":true,""stock_quantity"":null,""selected"":false},{""variant_id"":""1256390927"",""label"":""3XL"",""in_stock"":true,""stock_quantity"":null,""selected"":false},{""variant_id"":""1256390925"",""label"":""4XL"",""in_stock"":true,""stock_quantity"":null,""selected"":false},{""variant_id"":""1256390929"",""label"":""M"",""in_stock"":false,""stock_quantity"":null,""selected"":false}]",14304,4,4,,,estimated,24.01,inventory_net_decrease,2026-09-14,2026-09-14T14:00:36+03:00,hamile,BEST_SELLER,hamile-cok-satanlar,Trendyol Hamile / Çok Satanlar,36,1,36,36,36,hamile:hamile-cok-satanlar,36,-11,29.1,15.9,902666880,207439,902666880:207439,MODALADY 3 ADET %100 PAMUKLU HAMİLE KÜLODU,MODALADY,,https://www.trendyol.com/modalady/3-adet-100-pamuklu-hamile-kulodu-p-902666880,MODALADY,8.9,298.9,,,0,TRY,"[""Kargo Bedava""]",InStock,,,,,,4.516811955168119,803,430,0,121,,,,,,0,,,,9 saat 56 dakika içinde sipariş verirsen en geç yarın kargoda!,,,{},0,,refreshed,"[""daily_top""]",true,2026-09-14T11:03:04.989Z,0,"[""search_result_dom"",""product_detail_jsonld"",""product_detail_dom""]","{""variant_id"":""observed"",""variant_label"":""observed"",""listing_id"":""observed"",""inventory_key"":""observed"",""stock_quantity"":""observed"",""stock_quantity_source"":""observed"",""stock_quantity_kind"":""observed"",""stock_observed_at"":""observed"",""max_sale_limit"":""observed"",""seller_count"":""observed"",""seller_count_observed"":""observed"",""seller_count_kind"":""observed"",""sellers"":""observed"",""variants"":""observed"",""favorite_count"":""observed"",""inventory_decrease"":""unavailable"",""sales_estimate_daily"":""unavailable"",""sales_estimate_weekly"":""unavailable"",""sales_estimate_monthly"":""unavailable"",""sales_estimate_status"":""unavailable"",""sales_estimate_hours"":""unavailable"",""sales_estimate_source"":""unavailable"",""title"":""observed"",""brand"":""observed"",""seller_name"":""observed"",""seller_score"":""observed"",""price"":""observed"",""original_price"":""unavailable"",""campaigns"":""observed"",""stock_status"":""observed"",""stock_signal"":""unavailable"",""rating"":""observed"",""rating_count"":""observed"",""review_count"":""observed"",""question_count"":""observed"",""delivery_summary"":""observed"",""shipping_cost"":""unavailable"",""properties"":""observed""}",true,
1072446813,S,e2f2cda2931fb01e96b62e48a891ac6a,805934201:178236:1072446813:e2f2cda2931fb01e96b62e48a891ac6a,290,merchantListing.winnerVariant.quantity,reported,2026-09-14T11:03:10.515Z,10,1,1,reported_total,"[{""merchant_id"":""178236"",""name"":""Cottonhill"",""score"":9.6,""price"":679.9,""variant_id"":""1072446813"",""listing_id"":""e2f2cda2931fb01e96b62e48a891ac6a"",""stock_quantity"":290}]","[{""variant_id"":""1072446813"",""label"":""S"",""in_stock"":true,""stock_quantity"":290,""selected"":true},{""variant_id"":""1072446814"",""label"":""M"",""in_stock"":true,""stock_quantity"":null,""selected"":false},{""variant_id"":""1072446816"",""label"":""L"",""in_stock"":true,""stock_quantity"":null,""selected"":false},{""variant_id"":""1072446815"",""label"":""XL"",""in_stock"":true,""stock_quantity"":null,""selected"":false},{""variant_id"":""1072446817"",""label"":""2XL"",""in_stock"":true,""stock_quantity"":null,""selected"":false}]",16340,3,3,,,estimated,24.01,inventory_net_decrease,2026-09-14,2026-09-14T14:00:36+03:00,hamile,BEST_SELLER,hamile-cok-satanlar,Trendyol Hamile / Çok Satanlar,37,1,37,37,37,hamile:hamile-cok-satanlar,37,-6,28.4,14.1,805934201,178236,805934201:178236,Cottonhill Siyah Esnek Yüksek Bel Hamile Tayt,Cottonhill,,https://www.trendyol.com/cottonhill/siyah-esnek-yuksek-bel-hamile-tayt-p-805934201,Cottonhill,9.6,679.9,,,0,TRY,"[""Trendyol Plus'a Özel"",""Kargo Bedava""]",InStock,,,,,,4.388724035608309,1011,628,0,69,,,,,,0,,,,9 saat 56 dakika içinde sipariş verirsen en geç yarın kargoda!,,,{},0,,refreshed,"[""daily_top""]",true,2026-09-14T11:03:10.516Z,0,"[""search_result_dom"",""product_detail_jsonld"",""product_detail_dom""]","{""variant_id"":""observed"",""variant_label"":""observed"",""listing_id"":""observed"",""inventory_key"":""observed"",""stock_quantity"":""observed"",""stock_quantity_source"":""observed"",""stock_quantity_kind"":""observed"",""stock_observed_at"":""observed"",""max_sale_limit"":""observed"",""seller_count"":""observed"",""seller_count_observed"":""observed"",""seller_count_kind"":""observed"",""sellers"":""observed"",""variants"":""observed"",""favorite_count"":""observed"",""inventory_decrease"":""unavailable"",""sales_estimate_daily"":""unavailable"",""sales_estimate_weekly"":""unavailable"",""sales_estimate_monthly"":""unavailable"",""sales_estimate_status"":""unavailable"",""sales_estimate_hours"":""unavailable"",""sales_estimate_source"":""unavailable"",""title"":""observed"",""brand"":""observed"",""seller_name"":""observed"",""seller_score"":""observed"",""price"":""observed"",""original_price"":""unavailable"",""campaigns"":""observed"",""stock_status"":""observed"",""stock_signal"":""unavailable"",""rating"":""observed"",""rating_count"":""observed"",""review_count"":""observed"",""question_count"":""observed"",""delivery_summary"":""observed"",""shipping_cost"":""unavailable"",""properties"":""observed""}",true,
1084494535,M,4526445dbdcc15816d0c0112779165af,813433337:175525:1084494535:4526445dbdcc15816d0c0112779165af,416,merchantListing.winnerVariant.quantity,reported,2026-09-14T11:03:10.706Z,10,1,1,reported_total,"[{""merchant_id"":""175525"",""name"":""Miss Dünya Lissa"",""score"":8.6,""price"":1509.99,""variant_id"":""1084494535"",""listing_id"":""4526445dbdcc15816d0c0112779165af"",""stock_quantity"":416}]","[{""variant_id"":""1084494535"",""label"":""M"",""in_stock"":true,""stock_quantity"":416,""selected"":true},{""variant_id"":""1084494530"",""label"":""L"",""in_stock"":true,""stock_quantity"":null,""selected"":false},{""variant_id"":""1084494532"",""label"":""XL"",""in_stock"":true,""stock_quantity"":null,""selected"":false},{""variant_id"":""1084494536"",""label"":""2XL"",""in_stock"":true,""stock_quantity"":null,""selected"":false}]",48763,2,2,,,estimated,24.01,inventory_net_decrease,2026-09-14,2026-09-14T14:00:36+03:00,hamile,BEST_SELLER,hamile-cok-satanlar,Trendyol Hamile / Çok Satanlar,38,1,38,38,38,hamile:hamile-cok-satanlar,38,3,27.5,12.5,813433337,175525,813433337:175525,Miss Dünya Lissa Sabahlıklı Şerit Detaylı Hamile ve Lohusa Pijama Takımı,Miss Dünya Lissa,,https://www.trendyol.com/miss-dunya-lissa/sabahlikli-serit-detayli-hamile-ve-lohusa-pijama-takimi-p-813433337,Miss Dünya Lissa,8.6,1509.99,,,14,TRY,"[""Kargo Bedava"",""Peşin Fiyatına 3 Taksit""]",InStock,,,,,,4.52988047808765,1506,859,1,296,,,,,,0,,,,Tahmini Teslim:,,,{},0,,refreshed,"[""daily_top""]",true,2026-09-14T11:03:10.707Z,0,"[""search_result_dom"",""product_detail_jsonld"",""product_detail_dom""]","{""variant_id"":""observed"",""variant_label"":""observed"",""listing_id"":""observed"",""inventory_key"":""observed"",""stock_quantity"":""observed"",""stock_quantity_source"":""observed"",""stock_quantity_kind"":""observed"",""stock_observed_at"":""observed"",""max_sale_limit"":""observed"",""seller_count"":""observed"",""seller_count_observed"":""observed"",""seller_count_kind"":""observed"",""sellers"":""observed"",""variants"":""observed"",""favorite_count"":""observed"",""inventory_decrease"":""unavailable"",""sales_estimate_daily"":""unavailable"",""sales_estimate_weekly"":""unavailable"",""sales_estimate_monthly"":""unavailable"",""sales_estimate_status"":""unavailable"",""sales_estimate_hours"":""unavailable"",""sales_estimate_source"":""unavailable"",""title"":""observed"",""brand"":""observed"",""seller_name"":""observed"",""seller_score"":""observed"",""price"":""observed"",""original_price"":""unavailable"",""campaigns"":""observed"",""stock_status"":""observed"",""stock_signal"":""unavailable"",""rating"":""observed"",""rating_count"":""observed"",""review_count"":""observed"",""question_count"":""observed"",""delivery_summary"":""observed"",""shipping_cost"":""unavailable"",""properties"":""observed""}",true,
1180904279,XS,4d86cb2832c397424eaaa4627855169f,746016693:140957:1180904279:4d86cb2832c397424eaaa4627855169f,5,merchantListing.winnerVariant.quantity,reported,2026-09-14T11:03:10.735Z,10,1,1,reported_total,"[{""merchant_id"":""140957"",""name"":""OYSHO"",""score"":7.7,""price"":2290,""variant_id"":""1180904279"",""listing_id"":""4d86cb2832c397424eaaa4627855169f"",""stock_quantity"":5}]","[{""variant_id"":""1180904279"",""label"":""XS"",""in_stock"":true,""stock_quantity"":5,""selected"":true},{""variant_id"":""982027133"",""label"":""S"",""in_stock"":true,""stock_quantity"":null,""selected"":false},{""variant_id"":""982027134"",""label"":""M"",""in_stock"":true,""stock_quantity"":null,""selected"":false},{""variant_id"":""982027135"",""label"":""L"",""in_stock"":true,""stock_quantity"":null,""selected"":false},{""variant_id"":""1180904206"",""label"":""XL"",""in_stock"":true,""stock_quantity"":null,""selected"":false}]",14192,,,,,unchanged_stock,24.01,inventory_net_decrease,2026-09-14,2026-09-14T14:00:36+03:00,hamile,BEST_SELLER,hamile-cok-satanlar,Trendyol Hamile / Çok Satanlar,39,1,39,39,39,hamile:hamile-cok-satanlar,39,4,17.3,20.2,746016693,140957,746016693:140957,Oysho Comfortlux hamile düz kesim pantolon,Oysho,Hamile Pantolonu,https://www.trendyol.com/oysho/comfortlux-hamile-duz-kesim-pantolon-p-746016693,OYSHO,7.7,2290,,,0,TRY,"[""Peşin Fiyatına 3 Taksit""]",InStock,Tükeniyor,,,,,4.536458333333333,192,80,0,0,,,,4999,TRY,0,2,1,5,Tahmini Teslim:,,https://cdn.dsmcdn.com/ty1843/prod/QC_ENRICHMENT/20260324/17/4b60a76d-ebc7-3844-8adf-9461c211d615/1_org_zoom.jpg,"{""Kumaş Tipi"":""Dokuma"",""Paça Tipi"":""Geniş Paça"",""Materyal"":""Polyester"",""Cep"":""Cepsiz"",""Bel"":""Normal Bel"",""Kalıp"":""Regular"",""Desen"":""Düz"",""Renk"":""Siyah"",""Materyal Bileşeni"":""83% Polyester, 17% Elastan"",""Yıkama Talimatı"":""MERDANELI TEMIZLEME YAPILAMAZ;BEYAZLATICI KULLANILMAZ ;KURU TEMİZLEME YAPILAMAZ;30ºC DE MAKİNADA HASSAS YIKAMA;110ºC DERECEDE ÜTÜLEME"",""Boy"":""Regular"",""Siluet"":""Basic"",""Koleksiyon"":""Hamile"",""Sürdürülebilirlik Detayı"":""Hayır"",""Ortam"":""Sportswear"",""Menşei"":""KH""}",20,5,refreshed,"[""daily_top""]",true,2026-09-14T11:03:10.735Z,0,"[""search_result_dom"",""product_detail_jsonld"",""product_detail_dom""]","{""variant_id"":""observed"",""variant_label"":""observed"",""listing_id"":""observed"",""inventory_key"":""observed"",""stock_quantity"":""observed"",""stock_quantity_source"":""observed"",""stock_quantity_kind"":""observed"",""stock_observed_at"":""observed"",""max_sale_limit"":""observed"",""seller_count"":""observed"",""seller_count_observed"":""observed"",""seller_count_kind"":""observed"",""sellers"":""observed"",""variants"":""observed"",""favorite_count"":""observed"",""inventory_decrease"":""unavailable"",""sales_estimate_daily"":""unavailable"",""sales_estimate_weekly"":""unavailable"",""sales_estimate_monthly"":""unavailable"",""sales_estimate_status"":""unavailable"",""sales_estimate_hours"":""unavailable"",""sales_estimate_source"":""unavailable"",""title"":""observed"",""brand"":""observed"",""seller_name"":""observed"",""seller_score"":""observed"",""price"":""observed"",""original_price"":""unavailable"",""campaigns"":""observed"",""stock_status"":""observed"",""stock_signal"":""observed"",""rating"":""observed"",""rating_count"":""observed"",""review_count"":""observed"",""question_count"":""observed"",""delivery_summary"":""observed"",""shipping_cost"":""observed"",""properties"":""observed""}",true,
1579857575,80B,1c07cfb175b47b2fc4fe02031cc1c026,1130942050:327733:1579857575:1c07cfb175b47b2fc4fe02031cc1c026,499,merchantListing.winnerVariant.quantity,reported,2026-09-14T11:03:15.882Z,10,2,2,reported_total,"[{""merchant_id"":""327733"",""name"":""Pierre Cardin Kadın İç Giyim"",""score"":9.2,""price"":929.9,""variant_id"":""1579857575"",""listing_id"":""1c07cfb175b47b2fc4fe02031cc1c026"",""stock_quantity"":499},{""merchant_id"":""4664"",""name"":""Pierre Cardin Lingerie"",""score"":9,""price"":939.9,""variant_id"":""1579857575"",""listing_id"":""9f670bd3fcee1450edf44a45d70ca369"",""stock_quantity"":2151}]","[{""variant_id"":""1579857575"",""label"":""80B"",""in_stock"":true,""stock_quantity"":499,""selected"":true},{""variant_id"":""1579858765"",""label"":""85B"",""in_stock"":true,""stock_quantity"":null,""selected"":false},{""variant_id"":""1579860580"",""label"":""90B"",""in_stock"":true,""stock_quantity"":null,""selected"":false},{""variant_id"":""1579852013"",""label"":""95B"",""in_stock"":true,""stock_quantity"":null,""selected"":false},{""variant_id"":""1579859786"",""label"":""100B"",""in_stock"":true,""stock_quantity"":null,""selected"":false}]",7299,,,,,identity_changed_or_unknown,,inventory_net_decrease,2026-09-14,2026-09-14T14:00:36+03:00,hamile,BEST_SELLER,hamile-cok-satanlar,Trendyol Hamile / Çok Satanlar,40,1,40,40,40,hamile:hamile-cok-satanlar,40,7,15,20,1130942050,327733,1130942050:327733,"Pierre Cardin 6119 Premium Comfort Kaplı Emzirme Sütyeni – Toparlayıcı, Dikişsiz, İz Yapmaz, Ayarlanabilir Askılı",Pierre Cardin,,https://www.trendyol.com/pierre-cardin/6119-premium-comfort-kapli-emzirme-sutyeni-toparlayici-dikissiz-iz-yapmaz-ayarlanabilir-askili-p-1130942050,Pierre Cardin Kadın İç Giyim,9.2,929.9,,,0,TRY,"[""Kargo Bedava""]",InStock,,,,,,4.293706293706294,143,73,2,38,,,,,,0,,,,,,,{},0,,refreshed,"[""daily_top""]",true,2026-09-14T11:03:15.884Z,0,"[""search_result_dom"",""product_detail_jsonld"",""product_detail_dom""]","{""variant_id"":""observed"",""variant_label"":""observed"",""listing_id"":""observed"",""inventory_key"":""observed"",""stock_quantity"":""observed"",""stock_quantity_source"":""observed"",""stock_quantity_kind"":""observed"",""stock_observed_at"":""observed"",""max_sale_limit"":""observed"",""seller_count"":""observed"",""seller_count_observed"":""observed"",""seller_count_kind"":""observed"",""sellers"":""observed"",""variants"":""observed"",""favorite_count"":""observed"",""inventory_decrease"":""unavailable"",""sales_estimate_daily"":""unavailable"",""sales_estimate_weekly"":""unavailable"",""sales_estimate_monthly"":""unavailable"",""sales_estimate_status"":""unavailable"",""sales_estimate_hours"":""unavailable"",""sales_estimate_source"":""unavailable"",""title"":""observed"",""brand"":""observed"",""seller_name"":""observed"",""seller_score"":""observed"",""price"":""observed"",""original_price"":""unavailable"",""campaigns"":""observed"",""stock_status"":""observed"",""stock_signal"":""unavailable"",""rating"":""observed"",""rating_count"":""observed"",""review_count"":""observed"",""question_count"":""observed"",""delivery_summary"":""unavailable"",""shipping_cost"":""unavailable"",""properties"":""observed""}",true,
335599597,39-40,b72a8c560aa3bcbc533d2c2fad9e23a4,205812476:199441:335599597:b72a8c560aa3bcbc533d2c2fad9e23a4,19962,merchantListing.winnerVariant.quantity,reported,2026-09-14T11:03:16.698Z,10,6,6,reported_total,"[{""merchant_id"":""199441"",""name"":""Hobigram"",""score"":9.1,""price"":349.99,""variant_id"":""335599597"",""listing_id"":""b72a8c560aa3bcbc533d2c2fad9e23a4"",""stock_quantity"":19962},{""merchant_id"":""139670"",""name"":""HayalperestBoncuk"",""score"":8.3,""price"":349,""variant_id"":""335599597"",""listing_id"":""8f0ffe0bd804a123e296e1200dcfcbf4"",""stock_quantity"":624},{""merchant_id"":""883297"",""name"":""SavBrand"",""score"":8.3,""price"":410,""variant_id"":""335599597"",""listing_id"":""8f55e4ee366550c9528b85ced2c110d6"",""stock_quantity"":9859},{""merchant_id"":""387789"",""name"":""LoveStore"",""score"":8.4,""price"":429.9,""variant_id"":""335599597"",""listing_id"":""d695728e834a14191e6fb7da4ae5366e"",""stock_quantity"":9999},{""merchant_id"":""1214563"",""name"":""Valessen"",""score"":8.8,""price"":449.6,""variant_id"":""335599597"",""listing_id"":""8c12d4fd67ff7ed068e714f8f0561ad4"",""stock_quantity"":19983},{""merchant_id"":""426083"",""name"":""İremBaby"",""score"":8.6,""price"":429.9,""variant_id"":""335599597"",""listing_id"":""4f274ba55377ec794b9b90bec91f90a5"",""stock_quantity"":9998}]","[{""variant_id"":""335599597"",""label"":""39-40"",""in_stock"":true,""stock_quantity"":19962,""selected"":true},{""variant_id"":""335727957"",""label"":""37-38"",""in_stock"":true,""stock_quantity"":null,""selected"":false}]",9795,8,8,,,estimated,24.01,inventory_net_decrease,2026-09-14,2026-09-14T14:00:36+03:00,hamile,BEST_SELLER,hamile-cok-satanlar,Trendyol Hamile / Çok Satanlar,41,1,41,41,41,hamile:hamile-cok-satanlar,41,3,47.9,16.6,205812476,199441,205812476:199441,Tasarım Ms Beyaz Kaz Tüylü Incili Lohusa Taç Terlik Seti – Lohusa Seti – Lohusa Seti – Lohusa Seti,Tasarım,Lohusa Seti,https://www.trendyol.com/tasarim/ms-beyaz-kaz-tuylu-incili-lohusa-tac-terlik-seti-lohusa-seti-lohusa-seti-lohusa-seti-p-205812476,Hobigram,9.1,349.99,499.99,30,0,TRY,"[""Son 10 Günün En Düşük Fiyatı"",""Sepette %2 İndirim"",""Kargo Bedava"",""Son 10 günün en düşük fiyatı"",""Trendyol Plus'a Özel""]",InStock,,,,,,4.042105263157895,285,172,0,59,,,,4999,TRY,0,1,1,3,9 saat 56 dakika içinde sipariş verirsen en geç yarın kargoda!,,https://cdn.dsmcdn.com/ty267/product/media/images/20211211/21/9265403/335599597/1/1_org_zoom.jpg,"{""Renk"":""Beyaz"",""Menşei"":""TR"",""Yıkama Talimatı"":""Type 1""}",20,5,refreshed,"[""daily_top""]",true,2026-09-14T11:03:16.699Z,0,"[""search_result_dom"",""product_detail_jsonld"",""product_detail_dom""]","{""variant_id"":""observed"",""variant_label"":""observed"",""listing_id"":""observed"",""inventory_key"":""observed"",""stock_quantity"":""observed"",""stock_quantity_source"":""observed"",""stock_quantity_kind"":""observed"",""stock_observed_at"":""observed"",""max_sale_limit"":""observed"",""seller_count"":""observed"",""seller_count_observed"":""observed"",""seller_count_kind"":""observed"",""sellers"":""observed"",""variants"":""observed"",""favorite_count"":""observed"",""inventory_decrease"":""unavailable"",""sales_estimate_daily"":""unavailable"",""sales_estimate_weekly"":""unavailable"",""sales_estimate_monthly"":""unavailable"",""sales_estimate_status"":""unavailable"",""sales_estimate_hours"":""unavailable"",""sales_estimate_source"":""unavailable"",""title"":""observed"",""brand"":""observed"",""seller_name"":""observed"",""seller_score"":""observed"",""price"":""observed"",""original_price"":""observed"",""campaigns"":""observed"",""stock_status"":""observed"",""stock_signal"":""unavailable"",""rating"":""observed"",""rating_count"":""observed"",""review_count"":""observed"",""question_count"":""observed"",""delivery_summary"":""observed"",""shipping_cost"":""observed"",""properties"":""observed""}",true,
864190626,38,cd747aeb10343179ea63d2c77c16dfeb,653567822:122810:864190626:cd747aeb10343179ea63d2c77c16dfeb,164,merchantListing.winnerVariant.quantity,reported,2026-09-14T11:03:16.167Z,10,1,1,reported_total,"[{""merchant_id"":""122810"",""name"":""Busa Giyim"",""score"":9.3,""price"":1390.71,""variant_id"":""864190626"",""listing_id"":""cd747aeb10343179ea63d2c77c16dfeb"",""stock_quantity"":164}]","[{""variant_id"":""864190626"",""label"":""38"",""in_stock"":true,""stock_quantity"":164,""selected"":true},{""variant_id"":""864165660"",""label"":""40"",""in_stock"":true,""stock_quantity"":null,""selected"":false},{""variant_id"":""864190665"",""label"":""42"",""in_stock"":true,""stock_quantity"":null,""selected"":false},{""variant_id"":""864190689"",""label"":""44"",""in_stock"":true,""stock_quantity"":null,""selected"":false},{""variant_id"":""864190654"",""label"":""46"",""in_stock"":true,""stock_quantity"":null,""selected"":false},{""variant_id"":""1107732227"",""label"":""48"",""in_stock"":true,""stock_quantity"":null,""selected"":false},{""variant_id"":""1107732228"",""label"":""50"",""in_stock"":true,""stock_quantity"":null,""selected"":false},{""variant_id"":""1134832722"",""label"":""52"",""in_stock"":false,""stock_quantity"":null,""selected"":false}]",27608,4,4,,,estimated,24.01,inventory_net_decrease,2026-09-14,2026-09-14T14:00:36+03:00,hamile,BEST_SELLER,hamile-cok-satanlar,Trendyol Hamile / Çok Satanlar,42,1,42,42,42,hamile:hamile-cok-satanlar,42,-6,21.1,12.9,653567822,122810,653567822:122810,BUSA Hamile Esnek Karın Bantlı Belden Ayarlı Mom Fit Klasik Gabardin Pantolon SİYAH,BUSA,,https://www.trendyol.com/busa/hamile-esnek-karin-bantli-belden-ayarli-mom-fit-klasik-gabardin-pantolon-siyah-p-653567822,Busa Giyim,9.3,1390.71,,,0,TRY,"[""Kargo Bedava"",""Peşin Fiyatına 3 Taksit""]",InStock,,,,,,4.355805243445693,801,432,1,371,,,,,,0,,,,Tahmini Teslim:,,,{},0,,refreshed,"[""daily_top""]",true,2026-09-14T11:03:16.167Z,0,"[""search_result_dom"",""product_detail_jsonld"",""product_detail_dom""]","{""variant_id"":""observed"",""variant_label"":""observed"",""listing_id"":""observed"",""inventory_key"":""observed"",""stock_quantity"":""observed"",""stock_quantity_source"":""observed"",""stock_quantity_kind"":""observed"",""stock_observed_at"":""observed"",""max_sale_limit"":""observed"",""seller_count"":""observed"",""seller_count_observed"":""observed"",""seller_count_kind"":""observed"",""sellers"":""observed"",""variants"":""observed"",""favorite_count"":""observed"",""inventory_decrease"":""unavailable"",""sales_estimate_daily"":""unavailable"",""sales_estimate_weekly"":""unavailable"",""sales_estimate_monthly"":""unavailable"",""sales_estimate_status"":""unavailable"",""sales_estimate_hours"":""unavailable"",""sales_estimate_source"":""unavailable"",""title"":""observed"",""brand"":""observed"",""seller_name"":""observed"",""seller_score"":""observed"",""price"":""observed"",""original_price"":""unavailable"",""campaigns"":""observed"",""stock_status"":""observed"",""stock_signal"":""unavailable"",""rating"":""observed"",""rating_count"":""observed"",""review_count"":""observed"",""question_count"":""observed"",""delivery_summary"":""observed"",""shipping_cost"":""unavailable"",""properties"":""observed""}",true,
979569639,S,9045608970c99d829a0a8dc628947c5c,744323871:126861:979569639:9045608970c99d829a0a8dc628947c5c,113,merchantListing.winnerVariant.quantity,reported,2026-09-14T11:03:21.755Z,10,1,1,reported_total,"[{""merchant_id"":""126861"",""name"":""Penyemood"",""score"":9,""price"":1399,""variant_id"":""979569639"",""listing_id"":""9045608970c99d829a0a8dc628947c5c"",""stock_quantity"":113}]","[{""variant_id"":""979569639"",""label"":""S"",""in_stock"":true,""stock_quantity"":113,""selected"":true},{""variant_id"":""979569633"",""label"":""M"",""in_stock"":true,""stock_quantity"":null,""selected"":false},{""variant_id"":""979569642"",""label"":""L"",""in_stock"":true,""stock_quantity"":null,""selected"":false},{""variant_id"":""979569644"",""label"":""XL"",""in_stock"":true,""stock_quantity"":null,""selected"":false},{""variant_id"":""979569636"",""label"":""2XL"",""in_stock"":true,""stock_quantity"":null,""selected"":false}]",16456,,,,,unchanged_stock,24.01,inventory_net_decrease,2026-09-14,2026-09-14T14:00:36+03:00,hamile,BEST_SELLER,hamile-cok-satanlar,Trendyol Hamile / Çok Satanlar,43,1,43,43,43,hamile:hamile-cok-satanlar,43,-3,17.2,16.3,744323871,126861,744323871:126861,Catherines Yumuşak Dokulu Hamile Pijama Takımı,Catherines,Hamile Pijama Takımı,https://www.trendyol.com/catherines/yumusak-dokulu-hamile-pijama-takimi-p-744323871,Penyemood,9,1399,,,0,TRY,"[""Trendyol Plus'a Özel"",""100 TL Kupon"",""Kargo Bedava"",""Peşin Fiyatına 3 Taksit""]",InStock,,,,,,4.669421487603306,242,140,1,63,,"16,4B kişi favoriledi",Son 24 saatte 616 kişi görüntüledi,4999,TRY,0,1,1,3,9 saat 56 dakika içinde sipariş verirsen en geç yarın kargoda!,,https://cdn.dsmcdn.com/ty1336/product/media/images/prod/QC/20240529/12/e48332c6-9e29-3564-a4b5-d2ba083fe095/1_org_zoom.jpg,"{""Sürdürülebilirlik Detayı"":""Hayır"",""Paça Boyu"":""Uzun"",""Materyal"":""Viskon Karışımlı"",""Kol Tipi"":""Kısa Kol"",""Desen"":""Düz"",""Yaka Tipi"":""V Yaka"",""Renk"":""Beyaz"",""Materyal Bileşeni"":""94% Viskoz, 6% Elastan"",""Koleksiyon"":""Hamile"",""Yıkama Talimatı"":""Type 1"",""Kumaş Tipi"":""Örme"",""Boy"":""Standart"",""Kalıp"":""Regular"",""Paça Tipi"":""Düz Paça"",""Kol Boyu"":""Kısa"",""Ortam"":""Lounge/Home"",""Bel"":""Normal Bel""}",20,5,refreshed,"[""daily_top""]",true,2026-09-14T11:03:21.755Z,0,"[""search_result_dom"",""product_detail_jsonld"",""product_detail_dom""]","{""variant_id"":""observed"",""variant_label"":""observed"",""listing_id"":""observed"",""inventory_key"":""observed"",""stock_quantity"":""observed"",""stock_quantity_source"":""observed"",""stock_quantity_kind"":""observed"",""stock_observed_at"":""observed"",""max_sale_limit"":""observed"",""seller_count"":""observed"",""seller_count_observed"":""observed"",""seller_count_kind"":""observed"",""sellers"":""observed"",""variants"":""observed"",""favorite_count"":""observed"",""inventory_decrease"":""unavailable"",""sales_estimate_daily"":""unavailable"",""sales_estimate_weekly"":""unavailable"",""sales_estimate_monthly"":""unavailable"",""sales_estimate_status"":""unavailable"",""sales_estimate_hours"":""unavailable"",""sales_estimate_source"":""unavailable"",""title"":""observed"",""brand"":""observed"",""seller_name"":""observed"",""seller_score"":""observed"",""price"":""observed"",""original_price"":""unavailable"",""campaigns"":""observed"",""stock_status"":""observed"",""stock_signal"":""unavailable"",""rating"":""observed"",""rating_count"":""observed"",""review_count"":""observed"",""question_count"":""observed"",""delivery_summary"":""observed"",""shipping_cost"":""observed"",""properties"":""observed""}",true,
1073121289,S,c6c50cf960e02eb809d77773651da96a,806314194:108216:1073121289:c6c50cf960e02eb809d77773651da96a,135,merchantListing.winnerVariant.quantity,reported,2026-09-14T11:03:21.374Z,10,1,1,reported_total,"[{""merchant_id"":""108216"",""name"":""Artış Collection"",""score"":9.1,""price"":999.99,""variant_id"":""1073121289"",""listing_id"":""c6c50cf960e02eb809d77773651da96a"",""stock_quantity"":135}]","[{""variant_id"":""1073121289"",""label"":""S"",""in_stock"":true,""stock_quantity"":135,""selected"":true},{""variant_id"":""1073121297"",""label"":""M"",""in_stock"":true,""stock_quantity"":null,""selected"":false},{""variant_id"":""1073121293"",""label"":""L"",""in_stock"":true,""stock_quantity"":null,""selected"":false},{""variant_id"":""1073121290"",""label"":""XL"",""in_stock"":true,""stock_quantity"":null,""selected"":false},{""variant_id"":""1073121294"",""label"":""2XL"",""in_stock"":true,""stock_quantity"":null,""selected"":false}]",43287,1,1,,,estimated,24,inventory_net_decrease,2026-09-14,2026-09-14T14:00:36+03:00,hamile,BEST_SELLER,hamile-cok-satanlar,Trendyol Hamile / Çok Satanlar,44,1,44,44,44,hamile:hamile-cok-satanlar,44,16,19.3,13.7,806314194,108216,806314194:108216,Artış Ayarlanabilir Yüksek Bel Esnek Hamile Palazzo Pantolon PLZ01,Artış,,https://www.trendyol.com/artis/ayarlanabilir-yuksek-bel-esnek-hamile-palazzo-pantolon-plz01-p-806314194,Artış Collection,9.1,999.99,,,0,TRY,"[""Kargo Bedava""]",InStock,,,,,,4.051039697542533,529,257,0,47,358 kişinin sepetinde,"43,2B kişi favoriledi",Son 24 saatte 587 kişi görüntüledi,,,0,,,,Tahmini Teslim:,,,{},0,,refreshed,"[""daily_top""]",true,2026-09-14T11:03:21.375Z,0,"[""search_result_dom"",""product_detail_jsonld"",""product_detail_dom""]","{""variant_id"":""observed"",""variant_label"":""observed"",""listing_id"":""observed"",""inventory_key"":""observed"",""stock_quantity"":""observed"",""stock_quantity_source"":""observed"",""stock_quantity_kind"":""observed"",""stock_observed_at"":""observed"",""max_sale_limit"":""observed"",""seller_count"":""observed"",""seller_count_observed"":""observed"",""seller_count_kind"":""observed"",""sellers"":""observed"",""variants"":""observed"",""favorite_count"":""observed"",""inventory_decrease"":""unavailable"",""sales_estimate_daily"":""unavailable"",""sales_estimate_weekly"":""unavailable"",""sales_estimate_monthly"":""unavailable"",""sales_estimate_status"":""unavailable"",""sales_estimate_hours"":""unavailable"",""sales_estimate_source"":""unavailable"",""title"":""observed"",""brand"":""observed"",""seller_name"":""observed"",""seller_score"":""observed"",""price"":""observed"",""original_price"":""unavailable"",""campaigns"":""observed"",""stock_status"":""observed"",""stock_signal"":""unavailable"",""rating"":""observed"",""rating_count"":""observed"",""review_count"":""observed"",""question_count"":""observed"",""delivery_summary"":""observed"",""shipping_cost"":""unavailable"",""properties"":""observed""}",true,
1501629169,M,830ac449f5f35778a613006c11ffbcbf,1086354600:165299:1501629169:830ac449f5f35778a613006c11ffbcbf,31,merchantListing.winnerVariant.quantity,reported,2026-09-14T11:03:21.678Z,10,1,1,reported_total,"[{""merchant_id"":""165299"",""name"":""LadyMina Shop (İkbal Kozluca)"",""score"":9.1,""price"":1034,""variant_id"":""1501629169"",""listing_id"":""830ac449f5f35778a613006c11ffbcbf"",""stock_quantity"":31}]","[{""variant_id"":""1501629169"",""label"":""M"",""in_stock"":true,""stock_quantity"":31,""selected"":true},{""variant_id"":""1501625007"",""label"":""L"",""in_stock"":true,""stock_quantity"":null,""selected"":false},{""variant_id"":""1501631237"",""label"":""XL"",""in_stock"":true,""stock_quantity"":null,""selected"":false},{""variant_id"":""1501629725"",""label"":""3XL"",""in_stock"":true,""stock_quantity"":null,""selected"":false},{""variant_id"":""1501630503"",""label"":""2XL"",""in_stock"":false,""stock_quantity"":null,""selected"":false}]",8671,2,2,,,estimated,24.01,inventory_net_decrease,2026-09-14,2026-09-14T14:00:36+03:00,hamile,BEST_SELLER,hamile-cok-satanlar,Trendyol Hamile / Çok Satanlar,45,1,45,45,45,hamile:hamile-cok-satanlar,45,5,14.8,17.7,1086354600,165299,1086354600:165299,LadyMina Pijama Siyah Pileli Hamile Lahusa Pijama Takım,LadyMina Pijama,,https://www.trendyol.com/ladymina-pijama/siyah-pileli-hamile-lahusa-pijama-takim-p-1086354600,LadyMina Shop (İkbal Kozluca),9.1,1034,,,0,TRY,"[""Kargo Bedava"",""40 TL Kupon"",""Peşin Fiyatına 3 Taksit""]",InStock,,,,,,4.529411764705882,136,69,0,60,,"8,6B kişi favoriledi",Son 24 saatte 549 kişi görüntüledi,,,0,,,,9 saat 56 dakika içinde sipariş verirsen en geç yarın kargoda!,,,{},0,,refreshed,"[""daily_top""]",true,2026-09-14T11:03:21.678Z,0,"[""search_result_dom"",""product_detail_jsonld"",""product_detail_dom""]","{""variant_id"":""observed"",""variant_label"":""observed"",""listing_id"":""observed"",""inventory_key"":""observed"",""stock_quantity"":""observed"",""stock_quantity_source"":""observed"",""stock_quantity_kind"":""observed"",""stock_observed_at"":""observed"",""max_sale_limit"":""observed"",""seller_count"":""observed"",""seller_count_observed"":""observed"",""seller_count_kind"":""observed"",""sellers"":""observed"",""variants"":""observed"",""favorite_count"":""observed"",""inventory_decrease"":""unavailable"",""sales_estimate_daily"":""unavailable"",""sales_estimate_weekly"":""unavailable"",""sales_estimate_monthly"":""unavailable"",""sales_estimate_status"":""unavailable"",""sales_estimate_hours"":""unavailable"",""sales_estimate_source"":""unavailable"",""title"":""observed"",""brand"":""observed"",""seller_name"":""observed"",""seller_score"":""observed"",""price"":""observed"",""original_price"":""unavailable"",""campaigns"":""observed"",""stock_status"":""observed"",""stock_signal"":""unavailable"",""rating"":""observed"",""rating_count"":""observed"",""review_count"":""observed"",""question_count"":""observed"",""delivery_summary"":""observed"",""shipping_cost"":""unavailable"",""properties"":""observed""}",true,
58697623,80B,68aa7d3223b28d0945ddd787573a2f89,32590516:327733:58697623:68aa7d3223b28d0945ddd787573a2f89,2226,merchantListing.winnerVariant.quantity,reported,2026-09-14T11:03:27.332Z,5,2,2,reported_total,"[{""merchant_id"":""327733"",""name"":""Pierre Cardin Kadın İç Giyim"",""score"":9.2,""price"":579.9,""variant_id"":""58697623"",""listing_id"":""68aa7d3223b28d0945ddd787573a2f89"",""stock_quantity"":2226},{""merchant_id"":""4664"",""name"":""Pierre Cardin Lingerie"",""score"":9,""price"":609.9,""variant_id"":""58697623"",""listing_id"":""398399cbc689a36bb5bd2aa03d4412dc"",""stock_quantity"":2294}]","[{""variant_id"":""58697623"",""label"":""80B"",""in_stock"":true,""stock_quantity"":2226,""selected"":true},{""variant_id"":""58697619"",""label"":""85B"",""in_stock"":true,""stock_quantity"":null,""selected"":false},{""variant_id"":""58697620"",""label"":""90B"",""in_stock"":true,""stock_quantity"":null,""selected"":false},{""variant_id"":""58697621"",""label"":""95B"",""in_stock"":true,""stock_quantity"":null,""selected"":false}]",15646,3,3,,,estimated,24.01,inventory_net_decrease,2026-09-14,2026-09-14T14:00:36+03:00,hamile,BEST_SELLER,hamile-cok-satanlar,Trendyol Hamile / Çok Satanlar,46,1,46,46,46,hamile:hamile-cok-satanlar,46,-1,21.4,10.6,32590516,327733,32590516:327733,Pierre Cardin Kadın Ten 6117 Kaplı Emzirme Sütyeni,Pierre Cardin,,https://www.trendyol.com/pierre-cardin/kadin-ten-6117-kapli-emzirme-sutyeni-p-32590516,Pierre Cardin Kadın İç Giyim,9.2,579.9,,,0,TRY,"[""Trendyol Plus'a Özel"",""Kargo Bedava""]",InStock,,,,,,4.138636363636363,880,470,0,31,,,,,,0,,,,9 saat 56 dakika içinde sipariş verirsen en geç yarın kargoda!,,,{},0,,refreshed,"[""daily_top""]",true,2026-09-14T11:03:27.333Z,0,"[""search_result_dom"",""product_detail_jsonld"",""product_detail_dom""]","{""variant_id"":""observed"",""variant_label"":""observed"",""listing_id"":""observed"",""inventory_key"":""observed"",""stock_quantity"":""observed"",""stock_quantity_source"":""observed"",""stock_quantity_kind"":""observed"",""stock_observed_at"":""observed"",""max_sale_limit"":""observed"",""seller_count"":""observed"",""seller_count_observed"":""observed"",""seller_count_kind"":""observed"",""sellers"":""observed"",""variants"":""observed"",""favorite_count"":""observed"",""inventory_decrease"":""unavailable"",""sales_estimate_daily"":""unavailable"",""sales_estimate_weekly"":""unavailable"",""sales_estimate_monthly"":""unavailable"",""sales_estimate_status"":""unavailable"",""sales_estimate_hours"":""unavailable"",""sales_estimate_source"":""unavailable"",""title"":""observed"",""brand"":""observed"",""seller_name"":""observed"",""seller_score"":""observed"",""price"":""observed"",""original_price"":""unavailable"",""campaigns"":""observed"",""stock_status"":""observed"",""stock_signal"":""unavailable"",""rating"":""observed"",""rating_count"":""observed"",""review_count"":""observed"",""question_count"":""observed"",""delivery_summary"":""observed"",""shipping_cost"":""unavailable"",""properties"":""observed""}",true,
1395734635,M,77b66ef9586eeb77ded0847233648e08,987446139:175525:1395734635:77b66ef9586eeb77ded0847233648e08,946,merchantListing.winnerVariant.quantity,reported,2026-09-14T11:03:27.319Z,10,1,1,reported_total,"[{""merchant_id"":""175525"",""name"":""Miss Dünya Lissa"",""score"":8.6,""price"":919.99,""variant_id"":""1395734635"",""listing_id"":""77b66ef9586eeb77ded0847233648e08"",""stock_quantity"":946}]","[{""variant_id"":""1395734635"",""label"":""M"",""in_stock"":true,""stock_quantity"":946,""selected"":true},{""variant_id"":""1395735096"",""label"":""L"",""in_stock"":true,""stock_quantity"":null,""selected"":false},{""variant_id"":""1395735616"",""label"":""XL"",""in_stock"":true,""stock_quantity"":null,""selected"":false},{""variant_id"":""1395732224"",""label"":""2XL"",""in_stock"":true,""stock_quantity"":null,""selected"":false}]",6022,,,,,unchanged_stock,24.01,inventory_net_decrease,2026-09-14,2026-09-14T14:00:36+03:00,hamile,BEST_SELLER,hamile-cok-satanlar,Trendyol Hamile / Çok Satanlar,47,1,47,47,47,hamile:hamile-cok-satanlar,47,-8,16,15.5,987446139,175525,987446139:175525,Miss Dünya Lissa Gömlek Yaka Önden Düğmeli Uzun Kol Rahat Form Hamile ve Lohusa Pijama Takımı,Miss Dünya Lissa,,https://www.trendyol.com/miss-dunya-lissa/gomlek-yaka-onden-dugmeli-uzun-kol-rahat-form-hamile-ve-lohusa-pijama-takimi-p-987446139,Miss Dünya Lissa,8.6,919.99,,,11.3,TRY,"[""Kargo Bedava""]",InStock,,,,,,4.4043715846994544,183,99,0,70,,,,,,0,,,,,,,{},0,,refreshed,"[""daily_top""]",true,2026-09-14T11:03:27.320Z,0,"[""search_result_dom"",""product_detail_jsonld"",""product_detail_dom""]","{""variant_id"":""observed"",""variant_label"":""observed"",""listing_id"":""observed"",""inventory_key"":""observed"",""stock_quantity"":""observed"",""stock_quantity_source"":""observed"",""stock_quantity_kind"":""observed"",""stock_observed_at"":""observed"",""max_sale_limit"":""observed"",""seller_count"":""observed"",""seller_count_observed"":""observed"",""seller_count_kind"":""observed"",""sellers"":""observed"",""variants"":""observed"",""favorite_count"":""observed"",""inventory_decrease"":""unavailable"",""sales_estimate_daily"":""unavailable"",""sales_estimate_weekly"":""unavailable"",""sales_estimate_monthly"":""unavailable"",""sales_estimate_status"":""unavailable"",""sales_estimate_hours"":""unavailable"",""sales_estimate_source"":""unavailable"",""title"":""observed"",""brand"":""observed"",""seller_name"":""observed"",""seller_score"":""observed"",""price"":""observed"",""original_price"":""unavailable"",""campaigns"":""observed"",""stock_status"":""observed"",""stock_signal"":""unavailable"",""rating"":""observed"",""rating_count"":""observed"",""review_count"":""observed"",""question_count"":""observed"",""delivery_summary"":""unavailable"",""shipping_cost"":""unavailable"",""properties"":""observed""}",true,
1408432871,80,428590a42cd6f2f05d8d25bf703b5b8e,996643774:257086:1408432871:428590a42cd6f2f05d8d25bf703b5b8e,13642,merchantListing.winnerVariant.quantity,reported,2026-09-14T11:03:27.142Z,10,1,1,reported_total,"[{""merchant_id"":""257086"",""name"":""ARMA YILDIZ"",""score"":9.3,""price"":559.9,""variant_id"":""1408432871"",""listing_id"":""428590a42cd6f2f05d8d25bf703b5b8e"",""stock_quantity"":13642}]","[{""variant_id"":""1408432871"",""label"":""80"",""in_stock"":true,""stock_quantity"":13642,""selected"":true},{""variant_id"":""1408432190"",""label"":""85"",""in_stock"":true,""stock_quantity"":null,""selected"":false},{""variant_id"":""1408430456"",""label"":""90"",""in_stock"":true,""stock_quantity"":null,""selected"":false},{""variant_id"":""1408433872"",""label"":""100"",""in_stock"":true,""stock_quantity"":null,""selected"":false},{""variant_id"":""1408425729"",""label"":""105"",""in_stock"":true,""stock_quantity"":null,""selected"":false},{""variant_id"":""1408431266"",""label"":""95"",""in_stock"":false,""stock_quantity"":null,""selected"":false}]",256,,,,,unchanged_stock,24,inventory_net_decrease,2026-09-14,2026-09-14T14:00:36+03:00,hamile,BEST_SELLER,hamile-cok-satanlar,Trendyol Hamile / Çok Satanlar,48,1,48,48,48,hamile:hamile-cok-satanlar,48,7,9.8,21.2,996643774,257086,996643774:257086,Arma Yıldız Çıkarılabilir Pedli Emzirme Sütyeni 3'lü Set Beyaz Pamuklu Göğüs Ucu Belli Etmez,Arma Yıldız,,https://www.trendyol.com/arma-yildiz/cikarilabilir-pedli-emzirme-sutyeni-3-lu-set-beyaz-pamuklu-gogus-ucu-belli-etmez-p-996643774,ARMA YILDIZ,9.3,559.9,,,0,TRY,"[""Trendyol Plus'a Özel"",""Kargo Bedava""]",InStock,,,,,,4.529411764705882,34,16,1,8,,,,,,0,,,,,,,{},0,,refreshed,"[""daily_top""]",true,2026-09-14T11:03:27.143Z,0,"[""search_result_dom"",""product_detail_jsonld"",""product_detail_dom""]","{""variant_id"":""observed"",""variant_label"":""observed"",""listing_id"":""observed"",""inventory_key"":""observed"",""stock_quantity"":""observed"",""stock_quantity_source"":""observed"",""stock_quantity_kind"":""observed"",""stock_observed_at"":""observed"",""max_sale_limit"":""observed"",""seller_count"":""observed"",""seller_count_observed"":""observed"",""seller_count_kind"":""observed"",""sellers"":""observed"",""variants"":""observed"",""favorite_count"":""observed"",""inventory_decrease"":""unavailable"",""sales_estimate_daily"":""unavailable"",""sales_estimate_weekly"":""unavailable"",""sales_estimate_monthly"":""unavailable"",""sales_estimate_status"":""unavailable"",""sales_estimate_hours"":""unavailable"",""sales_estimate_source"":""unavailable"",""title"":""observed"",""brand"":""observed"",""seller_name"":""observed"",""seller_score"":""observed"",""price"":""observed"",""original_price"":""unavailable"",""campaigns"":""observed"",""stock_status"":""observed"",""stock_signal"":""unavailable"",""rating"":""observed"",""rating_count"":""observed"",""review_count"":""observed"",""question_count"":""observed"",""delivery_summary"":""unavailable"",""shipping_cost"":""unavailable"",""properties"":""observed""}",true,
1086818400,M,1cdc040e157879069b8ac5b86248294c,814757184:175525:1086818400:1cdc040e157879069b8ac5b86248294c,980,merchantListing.winnerVariant.quantity,reported,2026-09-14T11:03:32.566Z,10,1,1,reported_total,"[{""merchant_id"":""175525"",""name"":""Miss Dünya Lissa"",""score"":8.6,""price"":839.99,""variant_id"":""1086818400"",""listing_id"":""1cdc040e157879069b8ac5b86248294c"",""stock_quantity"":980}]","[{""variant_id"":""1086818400"",""label"":""M"",""in_stock"":true,""stock_quantity"":980,""selected"":true},{""variant_id"":""1086818397"",""label"":""L"",""in_stock"":true,""stock_quantity"":null,""selected"":false},{""variant_id"":""1086818395"",""label"":""XL"",""in_stock"":true,""stock_quantity"":null,""selected"":false},{""variant_id"":""1086818394"",""label"":""2XL"",""in_stock"":true,""stock_quantity"":null,""selected"":false}]",3623,,,,,unchanged_stock,24.01,inventory_net_decrease,2026-09-14,2026-09-14T14:00:36+03:00,hamile,BEST_SELLER,hamile-cok-satanlar,Trendyol Hamile / Çok Satanlar,49,1,49,49,49,hamile:hamile-cok-satanlar,49,2,17,13.5,814757184,175525,814757184:175525,Miss Dünya Lissa Siyah Emzirmeye Uygun Uzun Kol Lohusa ve Hamile Pijama Takımı,Miss Dünya Lissa,,https://www.trendyol.com/miss-dunya-lissa/siyah-emzirmeye-uygun-uzun-kol-lohusa-ve-hamile-pijama-takimi-p-814757184,Miss Dünya Lissa,8.6,839.99,,,0,TRY,"[""Kargo Bedava""]",InStock,,,,,,4.406392694063927,219,134,0,44,,"3,6B kişi favoriledi",,,,0,,,,Tahmini Teslim:,,,{},0,,refreshed,"[""daily_top""]",true,2026-09-14T11:03:32.567Z,0,"[""search_result_dom"",""product_detail_jsonld"",""product_detail_dom""]","{""variant_id"":""observed"",""variant_label"":""observed"",""listing_id"":""observed"",""inventory_key"":""observed"",""stock_quantity"":""observed"",""stock_quantity_source"":""observed"",""stock_quantity_kind"":""observed"",""stock_observed_at"":""observed"",""max_sale_limit"":""observed"",""seller_count"":""observed"",""seller_count_observed"":""observed"",""seller_count_kind"":""observed"",""sellers"":""observed"",""variants"":""observed"",""favorite_count"":""observed"",""inventory_decrease"":""unavailable"",""sales_estimate_daily"":""unavailable"",""sales_estimate_weekly"":""unavailable"",""sales_estimate_monthly"":""unavailable"",""sales_estimate_status"":""unavailable"",""sales_estimate_hours"":""unavailable"",""sales_estimate_source"":""unavailable"",""title"":""observed"",""brand"":""observed"",""seller_name"":""observed"",""seller_score"":""observed"",""price"":""observed"",""original_price"":""unavailable"",""campaigns"":""observed"",""stock_status"":""observed"",""stock_signal"":""unavailable"",""rating"":""observed"",""rating_count"":""observed"",""review_count"":""observed"",""question_count"":""observed"",""delivery_summary"":""observed"",""shipping_cost"":""unavailable"",""properties"":""observed""}",true,
1107071859,S,746fea2e9380a2fcf38d39223871b127,827151361:178236:1107071859:746fea2e9380a2fcf38d39223871b127,238,merchantListing.winnerVariant.quantity,reported,2026-09-14T11:03:32.365Z,10,1,1,reported_total,"[{""merchant_id"":""178236"",""name"":""Cottonhill"",""score"":9.6,""price"":744.9,""variant_id"":""1107071859"",""listing_id"":""746fea2e9380a2fcf38d39223871b127"",""stock_quantity"":238}]","[{""variant_id"":""1107071859"",""label"":""S"",""in_stock"":true,""stock_quantity"":238,""selected"":true},{""variant_id"":""1107071857"",""label"":""M"",""in_stock"":true,""stock_quantity"":null,""selected"":false},{""variant_id"":""1107071856"",""label"":""L"",""in_stock"":true,""stock_quantity"":null,""selected"":false},{""variant_id"":""1107071855"",""label"":""XL"",""in_stock"":true,""stock_quantity"":null,""selected"":false},{""variant_id"":""1107071858"",""label"":""2XL"",""in_stock"":true,""stock_quantity"":null,""selected"":false}]",33877,,,,,unchanged_stock,24.01,inventory_net_decrease,2026-09-14,2026-09-14T14:00:36+03:00,hamile,BEST_SELLER,hamile-cok-satanlar,Trendyol Hamile / Çok Satanlar,50,1,50,50,50,hamile:hamile-cok-satanlar,50,6,22.3,7.7,827151361,178236,827151361:178236,Cottonhill Siyah Yüksek Bel Hamile İspanyol Paça Kadın Tayt,Cottonhill,,https://www.trendyol.com/cottonhill/siyah-yuksek-bel-hamile-ispanyol-paca-kadin-tayt-p-827151361,Cottonhill,9.6,744.9,,,0,TRY,"[""Kargo Bedava""]",InStock,,,,,,4.412921348314606,1068,618,0,109,,,,,,0,,,,9 saat 56 dakika içinde sipariş verirsen en geç yarın kargoda!,,,{},0,,refreshed,"[""daily_top""]",true,2026-09-14T11:03:32.367Z,0,"[""search_result_dom"",""product_detail_jsonld"",""product_detail_dom""]","{""variant_id"":""observed"",""variant_label"":""observed"",""listing_id"":""observed"",""inventory_key"":""observed"",""stock_quantity"":""observed"",""stock_quantity_source"":""observed"",""stock_quantity_kind"":""observed"",""stock_observed_at"":""observed"",""max_sale_limit"":""observed"",""seller_count"":""observed"",""seller_count_observed"":""observed"",""seller_count_kind"":""observed"",""sellers"":""observed"",""variants"":""observed"",""favorite_count"":""observed"",""inventory_decrease"":""unavailable"",""sales_estimate_daily"":""unavailable"",""sales_estimate_weekly"":""unavailable"",""sales_estimate_monthly"":""unavailable"",""sales_estimate_status"":""unavailable"",""sales_estimate_hours"":""unavailable"",""sales_estimate_source"":""unavailable"",""title"":""observed"",""brand"":""observed"",""seller_name"":""observed"",""seller_score"":""observed"",""price"":""observed"",""original_price"":""unavailable"",""campaigns"":""observed"",""stock_status"":""observed"",""stock_signal"":""unavailable"",""rating"":""observed"",""rating_count"":""observed"",""review_count"":""observed"",""question_count"":""observed"",""delivery_summary"":""observed"",""shipping_cost"":""unavailable"",""properties"":""observed""}",true,
1089150848,M,0f37546fbbffe407f3fa3b03424b280b,816224416:175525:1089150848:0f37546fbbffe407f3fa3b03424b280b,4932,merchantListing.winnerVariant.quantity,reported,2026-09-14T11:03:32.914Z,10,1,1,reported_total,"[{""merchant_id"":""175525"",""name"":""Miss Dünya Lissa"",""score"":8.6,""price"":949.99,""variant_id"":""1089150848"",""listing_id"":""0f37546fbbffe407f3fa3b03424b280b"",""stock_quantity"":4932}]","[{""variant_id"":""1089150848"",""label"":""M"",""in_stock"":true,""stock_quantity"":4932,""selected"":true},{""variant_id"":""1089150846"",""label"":""L"",""in_stock"":true,""stock_quantity"":null,""selected"":false},{""variant_id"":""1089150847"",""label"":""XL"",""in_stock"":true,""stock_quantity"":null,""selected"":false},{""variant_id"":""1089150845"",""label"":""2XL"",""in_stock"":true,""stock_quantity"":null,""selected"":false}]",18698,2,2,,,estimated,24,inventory_net_decrease,2026-09-14,2026-09-14T14:00:36+03:00,hamile,BEST_SELLER,hamile-cok-satanlar,Trendyol Hamile / Çok Satanlar,51,1,51,51,51,hamile:hamile-cok-satanlar,51,12,20.1,9.9,816224416,175525,816224416:175525,Miss Dünya Lissa Önden Bağlamalı Geniş Şerit Yakalı Hamile ve Lohusa Pijama Takımı,Miss Dünya Lissa,,https://www.trendyol.com/miss-dunya-lissa/onden-baglamali-genis-serit-yakali-hamile-ve-lohusa-pijama-takimi-p-816224416,Miss Dünya Lissa,8.6,949.99,,,25.1,TRY,"[""Kargo Bedava""]",InStock,,,,,,4.426807760141093,567,329,0,112,,"18,7B kişi favoriledi",Son 24 saatte 406 kişi görüntüledi,,,0,,,,Tahmini Teslim:,,,{},0,,refreshed,"[""daily_top""]",true,2026-09-14T11:03:32.914Z,0,"[""search_result_dom"",""product_detail_jsonld"",""product_detail_dom""]","{""variant_id"":""observed"",""variant_label"":""observed"",""listing_id"":""observed"",""inventory_key"":""observed"",""stock_quantity"":""observed"",""stock_quantity_source"":""observed"",""stock_quantity_kind"":""observed"",""stock_observed_at"":""observed"",""max_sale_limit"":""observed"",""seller_count"":""observed"",""seller_count_observed"":""observed"",""seller_count_kind"":""observed"",""sellers"":""observed"",""variants"":""observed"",""favorite_count"":""observed"",""inventory_decrease"":""unavailable"",""sales_estimate_daily"":""unavailable"",""sales_estimate_weekly"":""unavailable"",""sales_estimate_monthly"":""unavailable"",""sales_estimate_status"":""unavailable"",""sales_estimate_hours"":""unavailable"",""sales_estimate_source"":""unavailable"",""title"":""observed"",""brand"":""observed"",""seller_name"":""observed"",""seller_score"":""observed"",""price"":""observed"",""original_price"":""unavailable"",""campaigns"":""observed"",""stock_status"":""observed"",""stock_signal"":""unavailable"",""rating"":""observed"",""rating_count"":""observed"",""review_count"":""observed"",""question_count"":""observed"",""delivery_summary"":""observed"",""shipping_cost"":""unavailable"",""properties"":""observed""}",true,
1116173554,S,8b204336edba310beb52a9a53614e1d1,832546401:126861:1116173554:8b204336edba310beb52a9a53614e1d1,171,merchantListing.winnerVariant.quantity,reported,2026-09-14T11:03:37.946Z,10,1,1,reported_total,"[{""merchant_id"":""126861"",""name"":""Penyemood"",""score"":9,""price"":1349,""variant_id"":""1116173554"",""listing_id"":""8b204336edba310beb52a9a53614e1d1"",""stock_quantity"":171}]","[{""variant_id"":""1116173554"",""label"":""S"",""in_stock"":true,""stock_quantity"":171,""selected"":true},{""variant_id"":""1116173557"",""label"":""M"",""in_stock"":true,""stock_quantity"":null,""selected"":false},{""variant_id"":""1116173560"",""label"":""L"",""in_stock"":true,""stock_quantity"":null,""selected"":false},{""variant_id"":""1116173556"",""label"":""XL"",""in_stock"":true,""stock_quantity"":null,""selected"":false},{""variant_id"":""1116173559"",""label"":""2XL"",""in_stock"":true,""stock_quantity"":null,""selected"":false}]",18058,,,,,unchanged_stock,24.01,inventory_net_decrease,2026-09-14,2026-09-14T14:00:36+03:00,hamile,BEST_SELLER,hamile-cok-satanlar,Trendyol Hamile / Çok Satanlar,52,1,52,52,52,hamile:hamile-cok-satanlar,52,6,17.6,12.4,832546401,126861,832546401:126861,Catherines Yumuşak dokulu hamile pijama takımı,Catherines,Hamile Pijama Takımı,https://www.trendyol.com/catherines/yumusak-dokulu-hamile-pijama-takimi-p-832546401,Penyemood,9,1349,,,0,TRY,"[""Trendyol Plus'a Özel"",""100 TL Kupon"",""Kargo Bedava"",""Peşin Fiyatına 3 Taksit""]",InStock,,,,,,4.57095709570957,303,158,0,44,,,,4999,TRY,0,1,1,3,9 saat 56 dakika içinde sipariş verirsen en geç yarın kargoda!,,https://cdn.dsmcdn.com/ty1920/prod/QC_ENRICHMENT/20260504/20/a46f00fb-2786-309e-97ab-98400ec9d3c1/1_org_zoom.jpg,"{""Paça Boyu"":""Uzun"",""Sürdürülebilirlik Detayı"":""Hayır"",""Materyal"":""Viskon Karışımlı"",""Kol Tipi"":""Kısa Kol"",""Desen"":""Düz"",""Yaka Tipi"":""V Yaka"",""Renk"":""Lacivert"",""Koleksiyon"":""Hamile"",""Yıkama Talimatı"":""Type 1"",""Kumaş Tipi"":""Örme"",""Boy"":""Standart"",""Kalıp"":""Regular"",""Paça Tipi"":""Jogger"",""Kol Boyu"":""Kısa"",""Ortam"":""Lounge/Home"",""Paket İçeriği"":""2'li"",""Bel"":""Normal Bel""}",20,5,refreshed,"[""daily_top""]",true,2026-09-14T11:03:37.947Z,0,"[""search_result_dom"",""product_detail_jsonld"",""product_detail_dom""]","{""variant_id"":""observed"",""variant_label"":""observed"",""listing_id"":""observed"",""inventory_key"":""observed"",""stock_quantity"":""observed"",""stock_quantity_source"":""observed"",""stock_quantity_kind"":""observed"",""stock_observed_at"":""observed"",""max_sale_limit"":""observed"",""seller_count"":""observed"",""seller_count_observed"":""observed"",""seller_count_kind"":""observed"",""sellers"":""observed"",""variants"":""observed"",""favorite_count"":""observed"",""inventory_decrease"":""unavailable"",""sales_estimate_daily"":""unavailable"",""sales_estimate_weekly"":""unavailable"",""sales_estimate_monthly"":""unavailable"",""sales_estimate_status"":""unavailable"",""sales_estimate_hours"":""unavailable"",""sales_estimate_source"":""unavailable"",""title"":""observed"",""brand"":""observed"",""seller_name"":""observed"",""seller_score"":""observed"",""price"":""observed"",""original_price"":""unavailable"",""campaigns"":""observed"",""stock_status"":""observed"",""stock_signal"":""unavailable"",""rating"":""observed"",""rating_count"":""observed"",""review_count"":""observed"",""question_count"":""observed"",""delivery_summary"":""observed"",""shipping_cost"":""observed"",""properties"":""observed""}",true,
1169817049,S,c3080e9b6555755db9c9245cd1a78da0,863086997:108216:1169817049:c3080e9b6555755db9c9245cd1a78da0,278,merchantListing.winnerVariant.quantity,reported,2026-09-14T11:03:37.874Z,10,1,1,reported_total,"[{""merchant_id"":""108216"",""name"":""Artış Collection"",""score"":9.1,""price"":823.7,""variant_id"":""1169817049"",""listing_id"":""c3080e9b6555755db9c9245cd1a78da0"",""stock_quantity"":278}]","[{""variant_id"":""1169817049"",""label"":""S"",""in_stock"":true,""stock_quantity"":278,""selected"":true},{""variant_id"":""1169817040"",""label"":""M"",""in_stock"":true,""stock_quantity"":null,""selected"":false},{""variant_id"":""1169817032"",""label"":""L"",""in_stock"":true,""stock_quantity"":null,""selected"":false},{""variant_id"":""1169817048"",""label"":""XL"",""in_stock"":true,""stock_quantity"":null,""selected"":false},{""variant_id"":""1169817051"",""label"":""2XL"",""in_stock"":true,""stock_quantity"":null,""selected"":false}]",24094,4,4,,,estimated,24.01,inventory_net_decrease,2026-09-14,2026-09-14T14:00:36+03:00,hamile,BEST_SELLER,hamile-cok-satanlar,Trendyol Hamile / Çok Satanlar,53,1,53,53,53,hamile:hamile-cok-satanlar,53,1,19.3,10.7,863086997,108216,863086997:108216,Artış İspanyol Paça Yüksek Bel Esnek Toparlayıcı Hamile Tayt T15,Artış,,https://www.trendyol.com/artis/ispanyol-paca-yuksek-bel-esnek-toparlayici-hamile-tayt-t15-p-863086997,Artış Collection,9.1,823.7,,,0,TRY,"[""Kargo Bedava""]",InStock,,,,,,4.4772727272727275,528,260,1,31,,"24,1B kişi favoriledi",,,,0,,,,Tahmini Teslim:,,,{},0,,refreshed,"[""daily_top""]",true,2026-09-14T11:03:37.874Z,0,"[""search_result_dom"",""product_detail_jsonld"",""product_detail_dom""]","{""variant_id"":""observed"",""variant_label"":""observed"",""listing_id"":""observed"",""inventory_key"":""observed"",""stock_quantity"":""observed"",""stock_quantity_source"":""observed"",""stock_quantity_kind"":""observed"",""stock_observed_at"":""observed"",""max_sale_limit"":""observed"",""seller_count"":""observed"",""seller_count_observed"":""observed"",""seller_count_kind"":""observed"",""sellers"":""observed"",""variants"":""observed"",""favorite_count"":""observed"",""inventory_decrease"":""unavailable"",""sales_estimate_daily"":""unavailable"",""sales_estimate_weekly"":""unavailable"",""sales_estimate_monthly"":""unavailable"",""sales_estimate_status"":""unavailable"",""sales_estimate_hours"":""unavailable"",""sales_estimate_source"":""unavailable"",""title"":""observed"",""brand"":""observed"",""seller_name"":""observed"",""seller_score"":""observed"",""price"":""observed"",""original_price"":""unavailable"",""campaigns"":""observed"",""stock_status"":""observed"",""stock_signal"":""unavailable"",""rating"":""observed"",""rating_count"":""observed"",""review_count"":""observed"",""question_count"":""observed"",""delivery_summary"":""observed"",""shipping_cost"":""unavailable"",""properties"":""observed""}",true,
1596683518,36,cfbd5a2ff29ca356dc11189fc01fc5f3,1142540455:1188:1596683518:cfbd5a2ff29ca356dc11189fc01fc5f3,29,merchantListing.winnerVariant.quantity,reported,2026-09-14T11:03:37.627Z,10,1,1,reported_total,"[{""merchant_id"":""1188"",""name"":""DeFacto"",""score"":8.5,""price"":1299.99,""variant_id"":""1596683518"",""listing_id"":""cfbd5a2ff29ca356dc11189fc01fc5f3"",""stock_quantity"":29}]","[{""variant_id"":""1596683518"",""label"":""36"",""in_stock"":true,""stock_quantity"":29,""selected"":true},{""variant_id"":""1596683733"",""label"":""38"",""in_stock"":true,""stock_quantity"":null,""selected"":false},{""variant_id"":""1596683808"",""label"":""40"",""in_stock"":true,""stock_quantity"":null,""selected"":false},{""variant_id"":""1596682667"",""label"":""42"",""in_stock"":true,""stock_quantity"":null,""selected"":false},{""variant_id"":""1596683640"",""label"":""44"",""in_stock"":true,""stock_quantity"":null,""selected"":false},{""variant_id"":""1596683374"",""label"":""46"",""in_stock"":true,""stock_quantity"":null,""selected"":false}]",2644,2,2,,,estimated,24,inventory_net_decrease,2026-09-14,2026-09-14T14:00:36+03:00,hamile,BEST_SELLER,hamile-cok-satanlar,Trendyol Hamile / Çok Satanlar,54,1,54,54,54,hamile:hamile-cok-satanlar,54,18,8.6,21.4,1142540455,1188,1142540455:1188,Defacto Wıde Leg Beli Lastikli Uzun Jean Yıkamalı Hamile Pantolon H2070AX26SM,Defacto,Hamile Pantolonu,https://www.trendyol.com/defacto/wide-leg-beli-lastikli-uzun-jean-yikamali-hamile-pantolon-h2070ax26sm-p-1142540455,DeFacto,8.5,1299.99,,,0,TRY,"[""Trendyol Plus'a Özel"",""Peşin Fiyatına 3 Taksit""]",InStock,,,,,,3.739130434782609,23,11,0,5,,"2,6B kişi favoriledi",,4999,TRY,0,2,1,5,Tahmini Teslim:,,https://cdn.dsmcdn.com/ty1926/prod/QC_PREP/20260506/02/aa0b4a63-6269-38b2-ace1-a87145afffbd/1_org_zoom.jpg,"{""Kumaş Tipi"":""Denim"",""Paça Tipi"":""Geniş Paça"",""Materyal"":""Pamuk"",""Cep"":""Çift cepli"",""Bel"":""Belirtilmemiş"",""Kalıp"":""Wide Leg"",""Desen"":""Düz"",""Renk"":""Mavi"",""Materyal Bileşeni"":""Pamuk 100%,Pamuk 94%,Elastan 6%"",""Yıkama Talimatı"":""T44"",""Boy"":""Uzun"",""Siluet"":""Wide Leg"",""Koleksiyon"":""Hamile"",""Ortam"":""Hamile Giyim"",""Menşei"":""TR""}",7,3,refreshed,"[""daily_top""]",true,2026-09-14T11:03:37.627Z,0,"[""search_result_dom"",""product_detail_jsonld"",""product_detail_dom""]","{""variant_id"":""observed"",""variant_label"":""observed"",""listing_id"":""observed"",""inventory_key"":""observed"",""stock_quantity"":""observed"",""stock_quantity_source"":""observed"",""stock_quantity_kind"":""observed"",""stock_observed_at"":""observed"",""max_sale_limit"":""observed"",""seller_count"":""observed"",""seller_count_observed"":""observed"",""seller_count_kind"":""observed"",""sellers"":""observed"",""variants"":""observed"",""favorite_count"":""observed"",""inventory_decrease"":""unavailable"",""sales_estimate_daily"":""unavailable"",""sales_estimate_weekly"":""unavailable"",""sales_estimate_monthly"":""unavailable"",""sales_estimate_status"":""unavailable"",""sales_estimate_hours"":""unavailable"",""sales_estimate_source"":""unavailable"",""title"":""observed"",""brand"":""observed"",""seller_name"":""observed"",""seller_score"":""observed"",""price"":""observed"",""original_price"":""unavailable"",""campaigns"":""observed"",""stock_status"":""observed"",""stock_signal"":""unavailable"",""rating"":""observed"",""rating_count"":""observed"",""review_count"":""observed"",""question_count"":""observed"",""delivery_summary"":""observed"",""shipping_cost"":""observed"",""properties"":""observed""}",true,
1395736046,M,3141ba4639514ad8eda721c9ca2ef5ce,987446287:175525:1395736046:3141ba4639514ad8eda721c9ca2ef5ce,951,merchantListing.winnerVariant.quantity,reported,2026-09-14T11:03:43.737Z,10,1,1,reported_total,"[{""merchant_id"":""175525"",""name"":""Miss Dünya Lissa"",""score"":8.6,""price"":919.99,""variant_id"":""1395736046"",""listing_id"":""3141ba4639514ad8eda721c9ca2ef5ce"",""stock_quantity"":951}]","[{""variant_id"":""1395736046"",""label"":""M"",""in_stock"":true,""stock_quantity"":951,""selected"":true},{""variant_id"":""1395732554"",""label"":""L"",""in_stock"":true,""stock_quantity"":null,""selected"":false},{""variant_id"":""1395735375"",""label"":""XL"",""in_stock"":true,""stock_quantity"":null,""selected"":false},{""variant_id"":""1395734890"",""label"":""2XL"",""in_stock"":true,""stock_quantity"":null,""selected"":false}]",8232,,,,,unchanged_stock,24.01,inventory_net_decrease,2026-09-14,2026-09-14T14:00:36+03:00,hamile,BEST_SELLER,hamile-cok-satanlar,Trendyol Hamile / Çok Satanlar,55,1,55,55,55,hamile:hamile-cok-satanlar,55,-9,15,15,987446287,175525,987446287:175525,Miss Dünya Lissa Gömlek Yaka Önden Düğmeli Uzun Kol Rahat Form Hamile ve Lohusa Pijama Takımı,Miss Dünya Lissa,,https://www.trendyol.com/miss-dunya-lissa/gomlek-yaka-onden-dugmeli-uzun-kol-rahat-form-hamile-ve-lohusa-pijama-takimi-p-987446287,Miss Dünya Lissa,8.6,919.99,,,0,TRY,"[""Kargo Bedava""]",InStock,,,,,,4.467105263157895,152,75,1,48,,,,,,0,,,,Tahmini Teslim:,,,{},0,,refreshed,"[""daily_top""]",true,2026-09-14T11:03:43.738Z,0,"[""search_result_dom"",""product_detail_jsonld"",""product_detail_dom""]","{""variant_id"":""observed"",""variant_label"":""observed"",""listing_id"":""observed"",""inventory_key"":""observed"",""stock_quantity"":""observed"",""stock_quantity_source"":""observed"",""stock_quantity_kind"":""observed"",""stock_observed_at"":""observed"",""max_sale_limit"":""observed"",""seller_count"":""observed"",""seller_count_observed"":""observed"",""seller_count_kind"":""observed"",""sellers"":""observed"",""variants"":""observed"",""favorite_count"":""observed"",""inventory_decrease"":""unavailable"",""sales_estimate_daily"":""unavailable"",""sales_estimate_weekly"":""unavailable"",""sales_estimate_monthly"":""unavailable"",""sales_estimate_status"":""unavailable"",""sales_estimate_hours"":""unavailable"",""sales_estimate_source"":""unavailable"",""title"":""observed"",""brand"":""observed"",""seller_name"":""observed"",""seller_score"":""observed"",""price"":""observed"",""original_price"":""unavailable"",""campaigns"":""observed"",""stock_status"":""observed"",""stock_signal"":""unavailable"",""rating"":""observed"",""rating_count"":""observed"",""review_count"":""observed"",""question_count"":""observed"",""delivery_summary"":""observed"",""shipping_cost"":""unavailable"",""properties"":""observed""}",true,
1089150425,M,b343d5b06269d77b80ecd5c9ac251c1b,816224155:175525:1089150425:b343d5b06269d77b80ecd5c9ac251c1b,4976,merchantListing.winnerVariant.quantity,reported,2026-09-14T11:03:43.605Z,10,1,1,reported_total,"[{""merchant_id"":""175525"",""name"":""Miss Dünya Lissa"",""score"":8.6,""price"":949.99,""variant_id"":""1089150425"",""listing_id"":""b343d5b06269d77b80ecd5c9ac251c1b"",""stock_quantity"":4976}]","[{""variant_id"":""1089150425"",""label"":""M"",""in_stock"":true,""stock_quantity"":4976,""selected"":true},{""variant_id"":""1089150424"",""label"":""L"",""in_stock"":true,""stock_quantity"":null,""selected"":false},{""variant_id"":""1089150426"",""label"":""XL"",""in_stock"":true,""stock_quantity"":null,""selected"":false},{""variant_id"":""1089150427"",""label"":""2XL"",""in_stock"":true,""stock_quantity"":null,""selected"":false}]",28962,3,3,,,estimated,24.02,inventory_net_decrease,2026-09-14,2026-09-14T14:00:36+03:00,hamile,BEST_SELLER,hamile-cok-satanlar,Trendyol Hamile / Çok Satanlar,56,1,56,56,56,hamile:hamile-cok-satanlar,56,-22,21.7,8.3,816224155,175525,816224155:175525,Miss Dünya Lissa Önden Bağlamalı Geniş Şerit Yakalı Hamile ve Lohusa Pijama Takımı,Miss Dünya Lissa,,https://www.trendyol.com/miss-dunya-lissa/onden-baglamali-genis-serit-yakali-hamile-ve-lohusa-pijama-takimi-p-816224155,Miss Dünya Lissa,8.6,949.99,,,0,TRY,"[""Kargo Bedava""]",InStock,,,,,,4.339120370370371,864,512,0,158,,,,,,0,,,,,,,{},0,,refreshed,"[""daily_top""]",true,2026-09-14T11:03:43.605Z,0,"[""search_result_dom"",""product_detail_jsonld"",""product_detail_dom""]","{""variant_id"":""observed"",""variant_label"":""observed"",""listing_id"":""observed"",""inventory_key"":""observed"",""stock_quantity"":""observed"",""stock_quantity_source"":""observed"",""stock_quantity_kind"":""observed"",""stock_observed_at"":""observed"",""max_sale_limit"":""observed"",""seller_count"":""observed"",""seller_count_observed"":""observed"",""seller_count_kind"":""observed"",""sellers"":""observed"",""variants"":""observed"",""favorite_count"":""observed"",""inventory_decrease"":""unavailable"",""sales_estimate_daily"":""unavailable"",""sales_estimate_weekly"":""unavailable"",""sales_estimate_monthly"":""unavailable"",""sales_estimate_status"":""unavailable"",""sales_estimate_hours"":""unavailable"",""sales_estimate_source"":""unavailable"",""title"":""observed"",""brand"":""observed"",""seller_name"":""observed"",""seller_score"":""observed"",""price"":""observed"",""original_price"":""unavailable"",""campaigns"":""observed"",""stock_status"":""observed"",""stock_signal"":""unavailable"",""rating"":""observed"",""rating_count"":""observed"",""review_count"":""observed"",""question_count"":""observed"",""delivery_summary"":""unavailable"",""shipping_cost"":""unavailable"",""properties"":""observed""}",true,
505227481,S,e0499a3e97673dd03712e3ff9e38e147,316480294:229178:505227481:e0499a3e97673dd03712e3ff9e38e147,10,merchantListing.winnerVariant.quantity,reported,2026-09-14T11:03:43.580Z,10,7,7,reported_total,"[{""merchant_id"":""229178"",""name"":""Leorina"",""score"":9.3,""price"":429.99,""variant_id"":""505227481"",""listing_id"":""e0499a3e97673dd03712e3ff9e38e147"",""stock_quantity"":10},{""merchant_id"":""197579"",""name"":""Mağazam Online"",""score"":9.7,""price"":489,""variant_id"":""505227481"",""listing_id"":""2f3293246569738b326ffafad57972b0"",""stock_quantity"":15},{""merchant_id"":""816744"",""name"":""H&B Trend"",""score"":9,""price"":488,""variant_id"":""505227481"",""listing_id"":""f06895c519f2c26069ee14e1d16ed762"",""stock_quantity"":1000},{""merchant_id"":""132626"",""name"":""Dore Bella"",""score"":9.2,""price"":500,""variant_id"":""505227481"",""listing_id"":""edb557573ec139b9c122b678ccbdb0e7"",""stock_quantity"":996},{""merchant_id"":""827790"",""name"":""Meyzz"",""score"":9.2,""price"":639,""variant_id"":""505227481"",""listing_id"":""a123bd13d060b4d9b2474c285e9b07c2"",""stock_quantity"":1000},{""merchant_id"":""202132"",""name"":""giyimsepeti"",""score"":8.5,""price"":638.4,""variant_id"":""505227481"",""listing_id"":""72bc745196ef0fd49a4c7dce7e688b9e"",""stock_quantity"":50},{""merchant_id"":""227271"",""name"":""Mom's Lab"",""score"":9.1,""price"":803.32,""variant_id"":""505227481"",""listing_id"":""cb74d026b64b781d2854fd253475a155"",""stock_quantity"":1}]","[{""variant_id"":""505227481"",""label"":""S"",""in_stock"":true,""stock_quantity"":10,""selected"":true},{""variant_id"":""505227498"",""label"":""M"",""in_stock"":true,""stock_quantity"":null,""selected"":false},{""variant_id"":""505205014"",""label"":""L"",""in_stock"":true,""stock_quantity"":null,""selected"":false},{""variant_id"":""505227487"",""label"":""XL"",""in_stock"":true,""stock_quantity"":null,""selected"":false},{""variant_id"":""574026169"",""label"":""2XL"",""in_stock"":true,""stock_quantity"":null,""selected"":false}]",10674,,,,,unchanged_stock,24,inventory_net_decrease,2026-09-14,2026-09-14T14:00:36+03:00,hamile,BEST_SELLER,hamile-cok-satanlar,Trendyol Hamile / Çok Satanlar,57,1,57,57,57,hamile:hamile-cok-satanlar,57,10,28.1,9.5,316480294,229178,316480294:229178,Nbb Kadın 3'lü Paket Pamuklu Hamile Külodu,Nbb,,https://www.trendyol.com/nbb/kadin-3-lu-paket-pamuklu-hamile-kulodu-p-316480294,Leorina,9.3,429.99,465.59,7.6,0,TRY,"[""Kargo Bedava"",""Son 10 Günün En Düşük Fiyatı"",""Son 10 günün en düşük fiyatı""]",InStock,Tükeniyor,,,,,4.714285714285714,714,362,-3,94,,,,,,0,,,,9 saat 56 dakika içinde sipariş verirsen en geç yarın kargoda!,,,{},0,,refreshed,"[""daily_top""]",true,2026-09-14T11:03:43.580Z,0,"[""search_result_dom"",""product_detail_jsonld"",""product_detail_dom""]","{""variant_id"":""observed"",""variant_label"":""observed"",""listing_id"":""observed"",""inventory_key"":""observed"",""stock_quantity"":""observed"",""stock_quantity_source"":""observed"",""stock_quantity_kind"":""observed"",""stock_observed_at"":""observed"",""max_sale_limit"":""observed"",""seller_count"":""observed"",""seller_count_observed"":""observed"",""seller_count_kind"":""observed"",""sellers"":""observed"",""variants"":""observed"",""favorite_count"":""observed"",""inventory_decrease"":""unavailable"",""sales_estimate_daily"":""unavailable"",""sales_estimate_weekly"":""unavailable"",""sales_estimate_monthly"":""unavailable"",""sales_estimate_status"":""unavailable"",""sales_estimate_hours"":""unavailable"",""sales_estimate_source"":""unavailable"",""title"":""observed"",""brand"":""observed"",""seller_name"":""observed"",""seller_score"":""observed"",""price"":""observed"",""original_price"":""observed"",""campaigns"":""observed"",""stock_status"":""observed"",""stock_signal"":""observed"",""rating"":""observed"",""rating_count"":""observed"",""review_count"":""observed"",""question_count"":""observed"",""delivery_summary"":""observed"",""shipping_cost"":""unavailable"",""properties"":""observed""}",true,
1243139488,0,47a8f3e9b62262941f23dfc151ff1488,894678785:968958:1243139488:47a8f3e9b62262941f23dfc151ff1488,14684,merchantListing.winnerVariant.quantity,reported,2026-09-14T11:03:48.886Z,10,1,1,reported_total,"[{""merchant_id"":""968958"",""name"":""BODİN"",""score"":9.2,""price"":289.99,""variant_id"":""1243139488"",""listing_id"":""47a8f3e9b62262941f23dfc151ff1488"",""stock_quantity"":14684}]","[{""variant_id"":""1243139488"",""label"":""0"",""in_stock"":true,""stock_quantity"":14684,""selected"":true}]",16181,,,,,observation_gap,,inventory_net_decrease,2026-09-14,2026-09-14T14:00:36+03:00,hamile,BEST_SELLER,hamile-cok-satanlar,Trendyol Hamile / Çok Satanlar,58,1,58,58,58,hamile:hamile-cok-satanlar,58,27,20.3,9.7,894678785,968958,894678785:968958,bodin Hamile Pantolon Bel Genişletici-kadın Pantolon Genişletici Sağ Düğme Uyumlu,bodin,,https://www.trendyol.com/bodin/hamile-pantolon-bel-genisletici-kadin-pantolon-genisletici-sag-dugme-uyumlu-p-894678785,BODİN,9.2,289.99,,,0,TRY,"[""20 TL Kupon"",""Kargo Bedava""]",InStock,,,,,,3.7703962703962706,858,345,0,30,,"16,1B kişi favoriledi",,,,0,,,,9 saat 56 dakika içinde sipariş verirsen en geç yarın kargoda!,,,{},0,,refreshed,"[""daily_top""]",true,2026-09-14T11:03:48.886Z,0,"[""search_result_dom"",""product_detail_jsonld"",""product_detail_dom""]","{""variant_id"":""observed"",""variant_label"":""observed"",""listing_id"":""observed"",""inventory_key"":""observed"",""stock_quantity"":""observed"",""stock_quantity_source"":""observed"",""stock_quantity_kind"":""observed"",""stock_observed_at"":""observed"",""max_sale_limit"":""observed"",""seller_count"":""observed"",""seller_count_observed"":""observed"",""seller_count_kind"":""observed"",""sellers"":""observed"",""variants"":""observed"",""favorite_count"":""observed"",""inventory_decrease"":""unavailable"",""sales_estimate_daily"":""unavailable"",""sales_estimate_weekly"":""unavailable"",""sales_estimate_monthly"":""unavailable"",""sales_estimate_status"":""unavailable"",""sales_estimate_hours"":""unavailable"",""sales_estimate_source"":""unavailable"",""title"":""observed"",""brand"":""observed"",""seller_name"":""observed"",""seller_score"":""observed"",""price"":""observed"",""original_price"":""unavailable"",""campaigns"":""observed"",""stock_status"":""observed"",""stock_signal"":""unavailable"",""rating"":""observed"",""rating_count"":""observed"",""review_count"":""observed"",""question_count"":""observed"",""delivery_summary"":""observed"",""shipping_cost"":""unavailable"",""properties"":""observed""}",true,
1596683531,36,366aebfae534d9c08e7cf62c3a2f4261,1142540459:1188:1596683531:366aebfae534d9c08e7cf62c3a2f4261,39,merchantListing.winnerVariant.quantity,reported,2026-09-14T11:03:49.441Z,10,1,1,reported_total,"[{""merchant_id"":""1188"",""name"":""DeFacto"",""score"":8.5,""price"":1299.99,""variant_id"":""1596683531"",""listing_id"":""366aebfae534d9c08e7cf62c3a2f4261"",""stock_quantity"":39}]","[{""variant_id"":""1596683531"",""label"":""36"",""in_stock"":true,""stock_quantity"":39,""selected"":true},{""variant_id"":""1596682674"",""label"":""38"",""in_stock"":false,""stock_quantity"":null,""selected"":false},{""variant_id"":""1596683411"",""label"":""40"",""in_stock"":false,""stock_quantity"":null,""selected"":false},{""variant_id"":""1596683660"",""label"":""42"",""in_stock"":false,""stock_quantity"":null,""selected"":false},{""variant_id"":""1596683897"",""label"":""44"",""in_stock"":false,""stock_quantity"":null,""selected"":false},{""variant_id"":""1596683788"",""label"":""46"",""in_stock"":false,""stock_quantity"":null,""selected"":false}]",2228,3,3,,,estimated,24.01,inventory_net_decrease,2026-09-14,2026-09-14T14:00:36+03:00,hamile,BEST_SELLER,hamile-cok-satanlar,Trendyol Hamile / Çok Satanlar,59,1,59,59,59,hamile:hamile-cok-satanlar,59,-10,7.2,22.8,1142540459,1188,1142540459:1188,Defacto Straıght Fıt Beli Lastikli Bilek Boy Jean Yıkamalı Hamile Pantolon H2077AX26SM,Defacto,Hamile Pantolonu,https://www.trendyol.com/defacto/straight-fit-beli-lastikli-bilek-boy-jean-yikamali-hamile-pantolon-h2077ax26sm-p-1142540459,DeFacto,8.5,1299.99,,,0,TRY,"[""Sepette %50 İndirim""]",InStock,,,,,,4.666666666666667,15,7,0,8,315 kişinin sepetinde,"2,2B kişi favoriledi",Son 24 saatte 683 kişi görüntüledi,4999,TRY,0,2,1,5,Tahmini Teslim:,,https://cdn.dsmcdn.com/ty1936/prod/QC_PREP/20260506/02/d48cd9c6-336e-3784-85e7-9faa87f696f0/1_org_zoom.jpg,"{""Kumaş Tipi"":""Denim"",""Paça Tipi"":""Bol Paça"",""Materyal"":""Pamuk"",""Bel"":""Belirtilmemiş"",""Kalıp"":""Straight"",""Desen"":""Düz"",""Renk"":""Mavi"",""Materyal Bileşeni"":""Pamuk 99%,Elastan 1%,Pamuk 94%,Elastan 6%"",""Yıkama Talimatı"":""T44"",""Boy"":""Bilek Boy"",""Siluet"":""Straight"",""Koleksiyon"":""Hamile"",""Ortam"":""Hamile Giyim"",""Menşei"":""TR""}",5,4.2,refreshed,"[""daily_top""]",true,2026-09-14T11:03:49.441Z,0,"[""search_result_dom"",""product_detail_jsonld"",""product_detail_dom""]","{""variant_id"":""observed"",""variant_label"":""observed"",""listing_id"":""observed"",""inventory_key"":""observed"",""stock_quantity"":""observed"",""stock_quantity_source"":""observed"",""stock_quantity_kind"":""observed"",""stock_observed_at"":""observed"",""max_sale_limit"":""observed"",""seller_count"":""observed"",""seller_count_observed"":""observed"",""seller_count_kind"":""observed"",""sellers"":""observed"",""variants"":""observed"",""favorite_count"":""observed"",""inventory_decrease"":""unavailable"",""sales_estimate_daily"":""unavailable"",""sales_estimate_weekly"":""unavailable"",""sales_estimate_monthly"":""unavailable"",""sales_estimate_status"":""unavailable"",""sales_estimate_hours"":""unavailable"",""sales_estimate_source"":""unavailable"",""title"":""observed"",""brand"":""observed"",""seller_name"":""observed"",""seller_score"":""observed"",""price"":""observed"",""original_price"":""unavailable"",""campaigns"":""observed"",""stock_status"":""observed"",""stock_signal"":""unavailable"",""rating"":""observed"",""rating_count"":""observed"",""review_count"":""observed"",""question_count"":""observed"",""delivery_summary"":""observed"",""shipping_cost"":""observed"",""properties"":""observed""}",true,
1227155138,XS,24cb8b8c307128a855e5917adbc0340a,361960250:140957:1227155138:24cb8b8c307128a855e5917adbc0340a,9,merchantListing.winnerVariant.quantity,reported,2026-09-14T11:03:49.363Z,10,1,1,reported_total,"[{""merchant_id"":""140957"",""name"":""OYSHO"",""score"":7.7,""price"":2290,""variant_id"":""1227155138"",""listing_id"":""24cb8b8c307128a855e5917adbc0340a"",""stock_quantity"":9}]","[{""variant_id"":""1227155138"",""label"":""XS"",""in_stock"":true,""stock_quantity"":9,""selected"":true},{""variant_id"":""588060280"",""label"":""S"",""in_stock"":true,""stock_quantity"":null,""selected"":false},{""variant_id"":""588109832"",""label"":""M"",""in_stock"":true,""stock_quantity"":null,""selected"":false},{""variant_id"":""588059884"",""label"":""L"",""in_stock"":true,""stock_quantity"":null,""selected"":false},{""variant_id"":""587004336"",""label"":""XL"",""in_stock"":false,""stock_quantity"":null,""selected"":false},{""variant_id"":""1227155131"",""label"":""2XL"",""in_stock"":false,""stock_quantity"":null,""selected"":false}]",18612,,,,,observation_gap,,inventory_net_decrease,2026-09-14,2026-09-14T14:00:36+03:00,hamile,BEST_SELLER,hamile-cok-satanlar,Trendyol Hamile / Çok Satanlar,60,1,60,60,60,hamile:hamile-cok-satanlar,60,14,19.4,10.6,361960250,140957,361960250:140957,Oysho Comfortlux hamile flare pantolon,Oysho,Hamile Taytı,https://www.trendyol.com/oysho/comfortlux-hamile-flare-pantolon-p-361960250,OYSHO,7.7,2290,,,0,TRY,"[""Peşin Fiyatına 3 Taksit""]",InStock,Tükeniyor,,,,,4.634693877551021,490,263,-1,0,,"18,6B kişi favoriledi",,4999,TRY,0,2,1,5,Tahmini Teslim:,,https://cdn.dsmcdn.com/ty1843/prod/QC_ENRICHMENT/20260324/16/ea08d06a-1681-394a-826a-ddeef566f784/1_org_zoom.jpg,"{""Desen"":""Düz"",""Materyal"":""Polyester"",""Kumaş Tipi"":""Dokuma"",""Renk"":""Siyah"",""Materyal Bileşeni"":""83% Polyester, 17% Elastan"",""Yıkama Talimatı"":""T08"",""Boy"":""Standart"",""Bel"":""Yüksek Bel"",""Paça Tipi"":""ispanyol paça"",""Siluet"":""Flare"",""Sürdürülebilirlik Detayı"":""Hayır"",""Ortam"":""Sportswear"",""Menşei"":""CN""}",20,5,refreshed,"[""daily_top""]",true,2026-09-14T11:03:49.364Z,0,"[""search_result_dom"",""product_detail_jsonld"",""product_detail_dom""]","{""variant_id"":""observed"",""variant_label"":""observed"",""listing_id"":""observed"",""inventory_key"":""observed"",""stock_quantity"":""observed"",""stock_quantity_source"":""observed"",""stock_quantity_kind"":""observed"",""stock_observed_at"":""observed"",""max_sale_limit"":""observed"",""seller_count"":""observed"",""seller_count_observed"":""observed"",""seller_count_kind"":""observed"",""sellers"":""observed"",""variants"":""observed"",""favorite_count"":""observed"",""inventory_decrease"":""unavailable"",""sales_estimate_daily"":""unavailable"",""sales_estimate_weekly"":""unavailable"",""sales_estimate_monthly"":""unavailable"",""sales_estimate_status"":""unavailable"",""sales_estimate_hours"":""unavailable"",""sales_estimate_source"":""unavailable"",""title"":""observed"",""brand"":""observed"",""seller_name"":""observed"",""seller_score"":""observed"",""price"":""observed"",""original_price"":""unavailable"",""campaigns"":""observed"",""stock_status"":""observed"",""stock_signal"":""observed"",""rating"":""observed"",""rating_count"":""observed"",""review_count"":""observed"",""question_count"":""observed"",""delivery_summary"":""observed"",""shipping_cost"":""observed"",""properties"":""observed""}",true,
1060945152,75B,b427f0abd385311fa85545b0ca2cf069,702247958:791114:1060945152:b427f0abd385311fa85545b0ca2cf069,251,merchantListing.winnerVariant.quantity,reported,2026-09-14T11:03:54.492Z,10,2,2,reported_total,"[{""merchant_id"":""791114"",""name"":""ParLingerie"",""score"":9.3,""price"":400.49,""variant_id"":""1060945152"",""listing_id"":""b427f0abd385311fa85545b0ca2cf069"",""stock_quantity"":251},{""merchant_id"":""909277"",""name"":""MS Hamile iç giyim"",""score"":9.3,""price"":599,""variant_id"":""1060945152"",""listing_id"":""36121c40eaa5c1db6d396e16838b808f"",""stock_quantity"":152}]","[{""variant_id"":""1060945152"",""label"":""75B"",""in_stock"":true,""stock_quantity"":251,""selected"":true},{""variant_id"":""928628355"",""label"":""80B"",""in_stock"":true,""stock_quantity"":null,""selected"":false},{""variant_id"":""928628399"",""label"":""85B"",""in_stock"":true,""stock_quantity"":null,""selected"":false},{""variant_id"":""928474351"",""label"":""90B"",""in_stock"":true,""stock_quantity"":null,""selected"":false},{""variant_id"":""928628394"",""label"":""95B"",""in_stock"":true,""stock_quantity"":null,""selected"":false},{""variant_id"":""928628347"",""label"":""100"",""in_stock"":false,""stock_quantity"":null,""selected"":false}]",67961,3,3,,,estimated,24,inventory_net_decrease,2026-09-14,2026-09-14T14:00:36+03:00,hamile,BEST_SELLER,hamile-cok-satanlar,Trendyol Hamile / Çok Satanlar,61,1,61,61,61,hamile:hamile-cok-satanlar,61,16,26.5,3.5,702247958,791114,702247958:791114,par lingerie pl 3LÜ HAMİLE EMZİRME SÜTYENİ KAPSIZ,par lingerie pl,,https://www.trendyol.com/par-lingerie-pl/3lu-hamile-emzirme-sutyeni-kapsiz-p-702247958,ParLingerie,9.3,400.49,,,0,TRY,"[""Kargo Bedava""]",InStock,,,,,,4.523962450592886,4048,2063,-6,309,590 kişinin sepetinde,"67,9B kişi favoriledi",,,,0,,,,9 saat 56 dakika içinde sipariş verirsen en geç yarın kargoda!,,,{},0,,refreshed,"[""daily_top""]",true,2026-09-14T11:03:54.493Z,0,"[""search_result_dom"",""product_detail_jsonld"",""product_detail_dom""]","{""variant_id"":""observed"",""variant_label"":""observed"",""listing_id"":""observed"",""inventory_key"":""observed"",""stock_quantity"":""observed"",""stock_quantity_source"":""observed"",""stock_quantity_kind"":""observed"",""stock_observed_at"":""observed"",""max_sale_limit"":""observed"",""seller_count"":""observed"",""seller_count_observed"":""observed"",""seller_count_kind"":""observed"",""sellers"":""observed"",""variants"":""observed"",""favorite_count"":""observed"",""inventory_decrease"":""unavailable"",""sales_estimate_daily"":""unavailable"",""sales_estimate_weekly"":""unavailable"",""sales_estimate_monthly"":""unavailable"",""sales_estimate_status"":""unavailable"",""sales_estimate_hours"":""unavailable"",""sales_estimate_source"":""unavailable"",""title"":""observed"",""brand"":""observed"",""seller_name"":""observed"",""seller_score"":""observed"",""price"":""observed"",""original_price"":""unavailable"",""campaigns"":""observed"",""stock_status"":""observed"",""stock_signal"":""unavailable"",""rating"":""observed"",""rating_count"":""observed"",""review_count"":""observed"",""question_count"":""observed"",""delivery_summary"":""observed"",""shipping_cost"":""unavailable"",""properties"":""observed""}",true,
971325492,,19e63ae92ed3dff1bb956bdfbdf55791,738444870:4575:971325492:19e63ae92ed3dff1bb956bdfbdf55791,779,merchantListing.winnerVariant.quantity,reported,2026-09-14T11:03:54.816Z,10,1,1,reported_total,"[{""merchant_id"":""4575"",""name"":""LuvmaBelly"",""score"":9.2,""price"":86.09,""variant_id"":""971325492"",""listing_id"":""19e63ae92ed3dff1bb956bdfbdf55791"",""stock_quantity"":779}]","[{""variant_id"":""971325492"",""label"":null,""in_stock"":true,""stock_quantity"":779,""selected"":true}]",2582,12,12,,,estimated,24.01,inventory_net_decrease,2026-09-14,2026-09-14T14:00:36+03:00,hamile,BEST_SELLER,hamile-cok-satanlar,Trendyol Hamile / Çok Satanlar,62,1,62,62,62,hamile:hamile-cok-satanlar,62,4,28.6,15.3,738444870,4575,738444870:4575,Luvmabelly Myra9810 - Hamile Kemer Genişetici Siyah,Luvmabelly,,https://www.trendyol.com/luvmabelly/myra9810-hamile-kemer-genisetici-siyah-p-738444870,LuvmaBelly,9.2,86.09,99.99,13.9,0,TRY,"[""Son 10 Günün En Düşük Fiyatı"",""Kargo Bedava"",""Son 10 günün en düşük fiyatı""]",InStock,,,,,,3.716867469879518,166,68,0,11,,"2,5B kişi favoriledi",,,,0,,,,9 saat 56 dakika içinde sipariş verirsen en geç yarın kargoda!,,,{},0,,refreshed,"[""daily_top""]",true,2026-09-14T11:03:54.816Z,0,"[""search_result_dom"",""product_detail_jsonld"",""product_detail_dom""]","{""variant_id"":""observed"",""variant_label"":""unavailable"",""listing_id"":""observed"",""inventory_key"":""observed"",""stock_quantity"":""observed"",""stock_quantity_source"":""observed"",""stock_quantity_kind"":""observed"",""stock_observed_at"":""observed"",""max_sale_limit"":""observed"",""seller_count"":""observed"",""seller_count_observed"":""observed"",""seller_count_kind"":""observed"",""sellers"":""observed"",""variants"":""observed"",""favorite_count"":""observed"",""inventory_decrease"":""unavailable"",""sales_estimate_daily"":""unavailable"",""sales_estimate_weekly"":""unavailable"",""sales_estimate_monthly"":""unavailable"",""sales_estimate_status"":""unavailable"",""sales_estimate_hours"":""unavailable"",""sales_estimate_source"":""unavailable"",""title"":""observed"",""brand"":""observed"",""seller_name"":""observed"",""seller_score"":""observed"",""price"":""observed"",""original_price"":""observed"",""campaigns"":""observed"",""stock_status"":""observed"",""stock_signal"":""unavailable"",""rating"":""observed"",""rating_count"":""observed"",""review_count"":""observed"",""question_count"":""observed"",""delivery_summary"":""observed"",""shipping_cost"":""unavailable"",""properties"":""observed""}",true,
1568650300,S,608c1754c454ae6383b0b013dccb230c,1124301612:968958:1568650300:608c1754c454ae6383b0b013dccb230c,4977,merchantListing.winnerVariant.quantity,reported,2026-09-14T11:03:54.715Z,10,1,1,reported_total,"[{""merchant_id"":""968958"",""name"":""BODİN"",""score"":9.2,""price"":681.49,""variant_id"":""1568650300"",""listing_id"":""608c1754c454ae6383b0b013dccb230c"",""stock_quantity"":4977}]","[{""variant_id"":""1568650300"",""label"":""S"",""in_stock"":true,""stock_quantity"":4977,""selected"":true},{""variant_id"":""1568650855"",""label"":""M"",""in_stock"":true,""stock_quantity"":null,""selected"":false},{""variant_id"":""1568650641"",""label"":""L"",""in_stock"":true,""stock_quantity"":null,""selected"":false},{""variant_id"":""1568650475"",""label"":""XL"",""in_stock"":true,""stock_quantity"":null,""selected"":false},{""variant_id"":""1568647214"",""label"":""2XL"",""in_stock"":true,""stock_quantity"":null,""selected"":false}]",8489,,,,,unchanged_stock,24,inventory_net_decrease,2026-09-14,2026-09-14T14:00:36+03:00,hamile,BEST_SELLER,hamile-cok-satanlar,Trendyol Hamile / Çok Satanlar,63,1,63,63,63,hamile:hamile-cok-satanlar,63,12,13,17,1124301612,968958,1124301612:968958,bodin Ayarlanabilir Yüksek Bel Esnek Hamile ve Lohusa Rahat Kesim Pantolon,bodin,,https://www.trendyol.com/bodin/ayarlanabilir-yuksek-bel-esnek-hamile-ve-lohusa-rahat-kesim-pantolon-p-1124301612,BODİN,9.2,681.49,,,-31.9,TRY,"[""Kargo Bedava"",""20 TL Kupon""]",InStock,,,,,,4.322222222222222,90,41,0,65,424 kişinin sepetinde,"8,4B kişi favoriledi",Son 24 saatte 414 kişi görüntüledi,,,0,,,,9 saat 56 dakika içinde sipariş verirsen en geç yarın kargoda!,,,{},0,,refreshed,"[""daily_top""]",true,2026-09-14T11:03:54.715Z,0,"[""search_result_dom"",""product_detail_jsonld"",""product_detail_dom""]","{""variant_id"":""observed"",""variant_label"":""observed"",""listing_id"":""observed"",""inventory_key"":""observed"",""stock_quantity"":""observed"",""stock_quantity_source"":""observed"",""stock_quantity_kind"":""observed"",""stock_observed_at"":""observed"",""max_sale_limit"":""observed"",""seller_count"":""observed"",""seller_count_observed"":""observed"",""seller_count_kind"":""observed"",""sellers"":""observed"",""variants"":""observed"",""favorite_count"":""observed"",""inventory_decrease"":""unavailable"",""sales_estimate_daily"":""unavailable"",""sales_estimate_weekly"":""unavailable"",""sales_estimate_monthly"":""unavailable"",""sales_estimate_status"":""unavailable"",""sales_estimate_hours"":""unavailable"",""sales_estimate_source"":""unavailable"",""title"":""observed"",""brand"":""observed"",""seller_name"":""observed"",""seller_score"":""observed"",""price"":""observed"",""original_price"":""unavailable"",""campaigns"":""observed"",""stock_status"":""observed"",""stock_signal"":""unavailable"",""rating"":""observed"",""rating_count"":""observed"",""review_count"":""observed"",""question_count"":""observed"",""delivery_summary"":""observed"",""shipping_cost"":""unavailable"",""properties"":""observed""}",true,
1129575530,M,7b11e7766a31c2696ac4b08b97484977,840158129:257086:1129575530:7b11e7766a31c2696ac4b08b97484977,161,merchantListing.winnerVariant.quantity,reported,2026-09-14T11:04:00.173Z,10,1,1,reported_total,"[{""merchant_id"":""257086"",""name"":""ARMA YILDIZ"",""score"":9.3,""price"":329.9,""variant_id"":""1129575530"",""listing_id"":""7b11e7766a31c2696ac4b08b97484977"",""stock_quantity"":161}]","[{""variant_id"":""1129575530"",""label"":""M"",""in_stock"":true,""stock_quantity"":161,""selected"":true},{""variant_id"":""1129575529"",""label"":""L"",""in_stock"":true,""stock_quantity"":null,""selected"":false},{""variant_id"":""1129575527"",""label"":""XL"",""in_stock"":true,""stock_quantity"":null,""selected"":false},{""variant_id"":""1129575531"",""label"":""2XL"",""in_stock"":true,""stock_quantity"":null,""selected"":false},{""variant_id"":""1141761572"",""label"":""3XL"",""in_stock"":true,""stock_quantity"":null,""selected"":false},{""variant_id"":""1379769955"",""label"":""4XL"",""in_stock"":true,""stock_quantity"":null,""selected"":false}]",6742,,,,,unchanged_stock,24.01,inventory_net_decrease,2026-09-14,2026-09-14T14:00:36+03:00,hamile,BEST_SELLER,hamile-cok-satanlar,Trendyol Hamile / Çok Satanlar,64,1,64,64,64,hamile:hamile-cok-satanlar,64,-2,19.4,10.6,840158129,257086,840158129:257086,Arma Yıldız Hamile Boxer Şort Siyah Pamuklu Likralı,Arma Yıldız,,https://www.trendyol.com/arma-yildiz/hamile-boxer-sort-siyah-pamuklu-likrali-p-840158129,ARMA YILDIZ,9.3,329.9,,,0,TRY,"[""Trendyol Plus'a Özel"",""Kargo Bedava""]",InStock,,,,,,4.00206611570248,484,264,0,73,,"6,7B kişi favoriledi",,,,0,,,,9 saat 55 dakika içinde sipariş verirsen en geç yarın kargoda!,,,{},0,,refreshed,"[""daily_top""]",true,2026-09-14T11:04:00.173Z,0,"[""search_result_dom"",""product_detail_jsonld"",""product_detail_dom""]","{""variant_id"":""observed"",""variant_label"":""observed"",""listing_id"":""observed"",""inventory_key"":""observed"",""stock_quantity"":""observed"",""stock_quantity_source"":""observed"",""stock_quantity_kind"":""observed"",""stock_observed_at"":""observed"",""max_sale_limit"":""observed"",""seller_count"":""observed"",""seller_count_observed"":""observed"",""seller_count_kind"":""observed"",""sellers"":""observed"",""variants"":""observed"",""favorite_count"":""observed"",""inventory_decrease"":""unavailable"",""sales_estimate_daily"":""unavailable"",""sales_estimate_weekly"":""unavailable"",""sales_estimate_monthly"":""unavailable"",""sales_estimate_status"":""unavailable"",""sales_estimate_hours"":""unavailable"",""sales_estimate_source"":""unavailable"",""title"":""observed"",""brand"":""observed"",""seller_name"":""observed"",""seller_score"":""observed"",""price"":""observed"",""original_price"":""unavailable"",""campaigns"":""observed"",""stock_status"":""observed"",""stock_signal"":""unavailable"",""rating"":""observed"",""rating_count"":""observed"",""review_count"":""observed"",""question_count"":""observed"",""delivery_summary"":""observed"",""shipping_cost"":""unavailable"",""properties"":""observed""}",true,
1378544303,M,321a9f167a9f222336036b1bf18bbfad,975323900:175525:1378544303:321a9f167a9f222336036b1bf18bbfad,493,merchantListing.winnerVariant.quantity,reported,2026-09-14T11:04:00.553Z,10,1,1,reported_total,"[{""merchant_id"":""175525"",""name"":""Miss Dünya Lissa"",""score"":8.6,""price"":819.99,""variant_id"":""1378544303"",""listing_id"":""321a9f167a9f222336036b1bf18bbfad"",""stock_quantity"":493}]","[{""variant_id"":""1378544303"",""label"":""M"",""in_stock"":true,""stock_quantity"":493,""selected"":true},{""variant_id"":""1378549417"",""label"":""L"",""in_stock"":true,""stock_quantity"":null,""selected"":false},{""variant_id"":""1378527132"",""label"":""XL"",""in_stock"":true,""stock_quantity"":null,""selected"":false},{""variant_id"":""1378527863"",""label"":""2XL"",""in_stock"":true,""stock_quantity"":null,""selected"":false}]",4374,,,,,unchanged_stock,24.01,inventory_net_decrease,2026-09-14,2026-09-14T14:00:36+03:00,hamile,BEST_SELLER,hamile-cok-satanlar,Trendyol Hamile / Çok Satanlar,65,1,65,65,65,hamile:hamile-cok-satanlar,65,-8,13.2,16.8,975323900,175525,975323900:175525,Miss Dünya Lissa Şerit Detaylı Midi Boy Askılı Hamile ve Lohusa Sabahlık Gecelik Takımı,Miss Dünya Lissa,,https://www.trendyol.com/miss-dunya-lissa/serit-detayli-midi-boy-askili-hamile-ve-lohusa-sabahlik-gecelik-takimi-p-975323900,Miss Dünya Lissa,8.6,819.99,,,11.2,TRY,"[""Kargo Bedava""]",InStock,,,,,,4.6,90,44,0,33,,"4,3B kişi favoriledi",,,,0,,,,Tahmini Teslim:,,,{},0,,refreshed,"[""daily_top""]",true,2026-09-14T11:04:00.553Z,0,"[""search_result_dom"",""product_detail_jsonld"",""product_detail_dom""]","{""variant_id"":""observed"",""variant_label"":""observed"",""listing_id"":""observed"",""inventory_key"":""observed"",""stock_quantity"":""observed"",""stock_quantity_source"":""observed"",""stock_quantity_kind"":""observed"",""stock_observed_at"":""observed"",""max_sale_limit"":""observed"",""seller_count"":""observed"",""seller_count_observed"":""observed"",""seller_count_kind"":""observed"",""sellers"":""observed"",""variants"":""observed"",""favorite_count"":""observed"",""inventory_decrease"":""unavailable"",""sales_estimate_daily"":""unavailable"",""sales_estimate_weekly"":""unavailable"",""sales_estimate_monthly"":""unavailable"",""sales_estimate_status"":""unavailable"",""sales_estimate_hours"":""unavailable"",""sales_estimate_source"":""unavailable"",""title"":""observed"",""brand"":""observed"",""seller_name"":""observed"",""seller_score"":""observed"",""price"":""observed"",""original_price"":""unavailable"",""campaigns"":""observed"",""stock_status"":""observed"",""stock_signal"":""unavailable"",""rating"":""observed"",""rating_count"":""observed"",""review_count"":""observed"",""question_count"":""observed"",""delivery_summary"":""observed"",""shipping_cost"":""unavailable"",""properties"":""observed""}",true,
1665611054,XS,f0797b528eeaefa8021fb2ac600c64b8,1187217632:741905:1665611054:f0797b528eeaefa8021fb2ac600c64b8,39,merchantListing.winnerVariant.quantity,reported,2026-09-14T11:04:00.398Z,10,1,1,reported_total,"[{""merchant_id"":""741905"",""name"":""Maison La Femme"",""score"":9.3,""price"":829,""variant_id"":""1665611054"",""listing_id"":""f0797b528eeaefa8021fb2ac600c64b8"",""stock_quantity"":39}]","[{""variant_id"":""1665611054"",""label"":""XS"",""in_stock"":true,""stock_quantity"":39,""selected"":true},{""variant_id"":""1665611052"",""label"":""S"",""in_stock"":true,""stock_quantity"":null,""selected"":false},{""variant_id"":""1665611056"",""label"":""M"",""in_stock"":true,""stock_quantity"":null,""selected"":false},{""variant_id"":""1665611053"",""label"":""L"",""in_stock"":true,""stock_quantity"":null,""selected"":false},{""variant_id"":""1665611055"",""label"":""XL"",""in_stock"":true,""stock_quantity"":null,""selected"":false},{""variant_id"":""1665611051"",""label"":""2XL"",""in_stock"":true,""stock_quantity"":null,""selected"":false}]",542,,,,,unchanged_stock,24.01,inventory_net_decrease,2026-09-14,2026-09-14T14:00:36+03:00,hamile,BEST_SELLER,hamile-cok-satanlar,Trendyol Hamile / Çok Satanlar,66,1,66,66,66,hamile:hamile-cok-satanlar,66,5,3.8,26.2,1187217632,741905,1187217632:741905,Maison La Femme Kadın Yüksek Bel Pileli Gizli Cepli Rahat Kesim Bol Paça Hamile Pantolonu,Maison La Femme,,https://www.trendyol.com/maison-la-femme/kadin-yuksek-bel-pileli-gizli-cepli-rahat-kesim-bol-paca-hamile-pantolonu-p-1187217632,Maison La Femme,9.3,829,,,0,TRY,"[""Trendyol Plus'a Özel"",""Kargo Bedava""]",InStock,,,,,,5,3,2,1,6,,571 kişi favoriledi,Son 24 saatte 331 kişi görüntüledi,,,0,,,,9 saat 55 dakika içinde sipariş verirsen en geç yarın kargoda!,,,{},0,,refreshed,"[""daily_top""]",true,2026-09-14T11:04:00.400Z,0,"[""search_result_dom"",""product_detail_jsonld"",""product_detail_dom""]","{""variant_id"":""observed"",""variant_label"":""observed"",""listing_id"":""observed"",""inventory_key"":""observed"",""stock_quantity"":""observed"",""stock_quantity_source"":""observed"",""stock_quantity_kind"":""observed"",""stock_observed_at"":""observed"",""max_sale_limit"":""observed"",""seller_count"":""observed"",""seller_count_observed"":""observed"",""seller_count_kind"":""observed"",""sellers"":""observed"",""variants"":""observed"",""favorite_count"":""observed"",""inventory_decrease"":""unavailable"",""sales_estimate_daily"":""unavailable"",""sales_estimate_weekly"":""unavailable"",""sales_estimate_monthly"":""unavailable"",""sales_estimate_status"":""unavailable"",""sales_estimate_hours"":""unavailable"",""sales_estimate_source"":""unavailable"",""title"":""observed"",""brand"":""observed"",""seller_name"":""observed"",""seller_score"":""observed"",""price"":""observed"",""original_price"":""unavailable"",""campaigns"":""observed"",""stock_status"":""observed"",""stock_signal"":""unavailable"",""rating"":""observed"",""rating_count"":""observed"",""review_count"":""observed"",""question_count"":""observed"",""delivery_summary"":""observed"",""shipping_cost"":""unavailable"",""properties"":""observed""}",true,
1308386495,S,d4c0531b589be5f7ddd69d0093ef8ebb,925815375:772770:1308386495:d4c0531b589be5f7ddd69d0093ef8ebb,19981,merchantListing.winnerVariant.quantity,reported,2026-09-14T11:04:05.294Z,10,1,1,reported_total,"[{""merchant_id"":""772770"",""name"":""BENROMA"",""score"":9,""price"":199.99,""variant_id"":""1308386495"",""listing_id"":""d4c0531b589be5f7ddd69d0093ef8ebb"",""stock_quantity"":19981}]","[{""variant_id"":""1308386495"",""label"":""S"",""in_stock"":true,""stock_quantity"":19981,""selected"":true},{""variant_id"":""1308386501"",""label"":""M"",""in_stock"":true,""stock_quantity"":null,""selected"":false},{""variant_id"":""1308386497"",""label"":""L"",""in_stock"":true,""stock_quantity"":null,""selected"":false},{""variant_id"":""1308386493"",""label"":""XL"",""in_stock"":true,""stock_quantity"":null,""selected"":false},{""variant_id"":""1308386506"",""label"":""2XL"",""in_stock"":true,""stock_quantity"":null,""selected"":false},{""variant_id"":""1308386499"",""label"":""3XL"",""in_stock"":true,""stock_quantity"":null,""selected"":false},{""variant_id"":""1308386507"",""label"":""4XL"",""in_stock"":true,""stock_quantity"":null,""selected"":false},{""variant_id"":""1308386504"",""label"":""5XL"",""in_stock"":true,""stock_quantity"":null,""selected"":false}]",13092,1,1,,,estimated,24.01,inventory_net_decrease,2026-09-14,2026-09-14T14:00:36+03:00,hamile,BEST_SELLER,hamile-cok-satanlar,Trendyol Hamile / Çok Satanlar,67,1,67,67,67,hamile:hamile-cok-satanlar,67,3,13.6,16.4,925815375,772770,925815375:772770,BENROMA HAMİLE BASKILI TİSORT,BENROMA,,https://www.trendyol.com/benroma/hamile-baskili-tisort-p-925815375,BENROMA,9,199.99,,,0,TRY,"[""Kargo Bedava""]",InStock,,,,,,3.6115702479338845,121,49,0,4,368 kişinin sepetinde,13B kişi favoriledi,,,,0,,,,9 saat 55 dakika içinde sipariş verirsen en geç yarın kargoda!,,,{},0,,refreshed,"[""daily_top""]",true,2026-09-14T11:04:05.294Z,0,"[""search_result_dom"",""product_detail_jsonld"",""product_detail_dom""]","{""variant_id"":""observed"",""variant_label"":""observed"",""listing_id"":""observed"",""inventory_key"":""observed"",""stock_quantity"":""observed"",""stock_quantity_source"":""observed"",""stock_quantity_kind"":""observed"",""stock_observed_at"":""observed"",""max_sale_limit"":""observed"",""seller_count"":""observed"",""seller_count_observed"":""observed"",""seller_count_kind"":""observed"",""sellers"":""observed"",""variants"":""observed"",""favorite_count"":""observed"",""inventory_decrease"":""unavailable"",""sales_estimate_daily"":""unavailable"",""sales_estimate_weekly"":""unavailable"",""sales_estimate_monthly"":""unavailable"",""sales_estimate_status"":""unavailable"",""sales_estimate_hours"":""unavailable"",""sales_estimate_source"":""unavailable"",""title"":""observed"",""brand"":""observed"",""seller_name"":""observed"",""seller_score"":""observed"",""price"":""observed"",""original_price"":""unavailable"",""campaigns"":""observed"",""stock_status"":""observed"",""stock_signal"":""unavailable"",""rating"":""observed"",""rating_count"":""observed"",""review_count"":""observed"",""question_count"":""observed"",""delivery_summary"":""observed"",""shipping_cost"":""unavailable"",""properties"":""observed""}",true,
274883836,80,dd11721649dde115a0de5210345f65a0,168267967:207439:274883836:dd11721649dde115a0de5210345f65a0,9936,merchantListing.winnerVariant.quantity,reported,2026-09-14T11:04:05.355Z,10,2,2,reported_total,"[{""merchant_id"":""207439"",""name"":""MODALADY"",""score"":8.9,""price"":199.9,""variant_id"":""274883836"",""listing_id"":""dd11721649dde115a0de5210345f65a0"",""stock_quantity"":9936},{""merchant_id"":""627680"",""name"":""MAANGE"",""score"":8.7,""price"":650,""variant_id"":""274883836"",""listing_id"":""1ddcee728565581af00e1aa725abbb6a"",""stock_quantity"":965}]","[{""variant_id"":""274883836"",""label"":""80"",""in_stock"":true,""stock_quantity"":9936,""selected"":true},{""variant_id"":""274883829"",""label"":""85"",""in_stock"":true,""stock_quantity"":null,""selected"":false},{""variant_id"":""274883810"",""label"":""90"",""in_stock"":true,""stock_quantity"":null,""selected"":false},{""variant_id"":""274850337"",""label"":""95"",""in_stock"":true,""stock_quantity"":null,""selected"":false},{""variant_id"":""274883843"",""label"":""100"",""in_stock"":true,""stock_quantity"":null,""selected"":false}]",5998,,,,,unchanged_stock,24.01,inventory_net_decrease,2026-09-14,2026-09-14T14:00:36+03:00,hamile,BEST_SELLER,hamile-cok-satanlar,Trendyol Hamile / Çok Satanlar,68,1,68,68,68,hamile:hamile-cok-satanlar,68,-4,21.1,8.9,168267967,207439,168267967:207439,MODALADY Kadın Emzirme Sütyeni,MODALADY,,https://www.trendyol.com/modalady/kadin-emzirme-sutyeni-p-168267967,MODALADY,8.9,199.9,,,0,TRY,"[""Kargo Bedava""]",InStock,,,,,,4.367532467532468,770,435,0,48,,"5,9B kişi favoriledi",,,,0,,,,9 saat 55 dakika içinde sipariş verirsen en geç yarın kargoda!,,,{},0,,refreshed,"[""daily_top""]",true,2026-09-14T11:04:05.355Z,0,"[""search_result_dom"",""product_detail_jsonld"",""product_detail_dom""]","{""variant_id"":""observed"",""variant_label"":""observed"",""listing_id"":""observed"",""inventory_key"":""observed"",""stock_quantity"":""observed"",""stock_quantity_source"":""observed"",""stock_quantity_kind"":""observed"",""stock_observed_at"":""observed"",""max_sale_limit"":""observed"",""seller_count"":""observed"",""seller_count_observed"":""observed"",""seller_count_kind"":""observed"",""sellers"":""observed"",""variants"":""observed"",""favorite_count"":""observed"",""inventory_decrease"":""unavailable"",""sales_estimate_daily"":""unavailable"",""sales_estimate_weekly"":""unavailable"",""sales_estimate_monthly"":""unavailable"",""sales_estimate_status"":""unavailable"",""sales_estimate_hours"":""unavailable"",""sales_estimate_source"":""unavailable"",""title"":""observed"",""brand"":""observed"",""seller_name"":""observed"",""seller_score"":""observed"",""price"":""observed"",""original_price"":""unavailable"",""campaigns"":""observed"",""stock_status"":""observed"",""stock_signal"":""unavailable"",""rating"":""observed"",""rating_count"":""observed"",""review_count"":""observed"",""question_count"":""observed"",""delivery_summary"":""observed"",""shipping_cost"":""unavailable"",""properties"":""observed""}",true,
57895339,80B,5fc7f9037362b6b1ddcfd7ff8a2884f9,32211171:327733:57895339:5fc7f9037362b6b1ddcfd7ff8a2884f9,685,merchantListing.winnerVariant.quantity,reported,2026-09-14T11:04:05.261Z,5,2,2,reported_total,"[{""merchant_id"":""327733"",""name"":""Pierre Cardin Kadın İç Giyim"",""score"":9.2,""price"":549.9,""variant_id"":""57895339"",""listing_id"":""5fc7f9037362b6b1ddcfd7ff8a2884f9"",""stock_quantity"":685},{""merchant_id"":""4664"",""name"":""Pierre Cardin Lingerie"",""score"":9,""price"":559.9,""variant_id"":""57895339"",""listing_id"":""fe92bc01a2b521fdd8c493079decceb3"",""stock_quantity"":704}]","[{""variant_id"":""57895339"",""label"":""80B"",""in_stock"":true,""stock_quantity"":685,""selected"":true},{""variant_id"":""57895335"",""label"":""85B"",""in_stock"":true,""stock_quantity"":null,""selected"":false},{""variant_id"":""57895337"",""label"":""90B"",""in_stock"":true,""stock_quantity"":null,""selected"":false},{""variant_id"":""57895334"",""label"":""95B"",""in_stock"":true,""stock_quantity"":null,""selected"":false}]",8308,,,,,observation_gap,,inventory_net_decrease,2026-09-14,2026-09-14T14:00:36+03:00,hamile,BEST_SELLER,hamile-cok-satanlar,Trendyol Hamile / Çok Satanlar,69,1,69,69,69,hamile:hamile-cok-satanlar,69,9,20.2,9.8,32211171,327733,32211171:327733,Pierre Cardin 6116 Elienor Soft Boş Kap Pamuklu Emzirme Sütyeni,Pierre Cardin,,https://www.trendyol.com/pierre-cardin/6116-elienor-soft-bos-kap-pamuklu-emzirme-sutyeni-p-32211171,Pierre Cardin Kadın İç Giyim,9.2,549.9,,,0,TRY,"[""Trendyol Plus'a Özel"",""Kargo Bedava""]",InStock,,,,,,4.401883830455259,637,337,-1,20,,"8,3B kişi favoriledi",,,,0,,,,9 saat 55 dakika içinde sipariş verirsen en geç yarın kargoda!,,,{},0,,refreshed,"[""daily_top""]",true,2026-09-14T11:04:05.261Z,0,"[""search_result_dom"",""product_detail_jsonld"",""product_detail_dom""]","{""variant_id"":""observed"",""variant_label"":""observed"",""listing_id"":""observed"",""inventory_key"":""observed"",""stock_quantity"":""observed"",""stock_quantity_source"":""observed"",""stock_quantity_kind"":""observed"",""stock_observed_at"":""observed"",""max_sale_limit"":""observed"",""seller_count"":""observed"",""seller_count_observed"":""observed"",""seller_count_kind"":""observed"",""sellers"":""observed"",""variants"":""observed"",""favorite_count"":""observed"",""inventory_decrease"":""unavailable"",""sales_estimate_daily"":""unavailable"",""sales_estimate_weekly"":""unavailable"",""sales_estimate_monthly"":""unavailable"",""sales_estimate_status"":""unavailable"",""sales_estimate_hours"":""unavailable"",""sales_estimate_source"":""unavailable"",""title"":""observed"",""brand"":""observed"",""seller_name"":""observed"",""seller_score"":""observed"",""price"":""observed"",""original_price"":""unavailable"",""campaigns"":""observed"",""stock_status"":""observed"",""stock_signal"":""unavailable"",""rating"":""observed"",""rating_count"":""observed"",""review_count"":""observed"",""question_count"":""observed"",""delivery_summary"":""observed"",""shipping_cost"":""unavailable"",""properties"":""observed""}",true,
1088533410,M,a3d0457a1650eff85e254df1aa0af17c,815842929:175525:1088533410:a3d0457a1650eff85e254df1aa0af17c,197,merchantListing.winnerVariant.quantity,reported,2026-09-14T11:04:10.538Z,10,1,1,reported_total,"[{""merchant_id"":""175525"",""name"":""Miss Dünya Lissa"",""score"":8.6,""price"":959.99,""variant_id"":""1088533410"",""listing_id"":""a3d0457a1650eff85e254df1aa0af17c"",""stock_quantity"":197}]","[{""variant_id"":""1088533410"",""label"":""M"",""in_stock"":true,""stock_quantity"":197,""selected"":true},{""variant_id"":""1088533412"",""label"":""L"",""in_stock"":true,""stock_quantity"":null,""selected"":false},{""variant_id"":""1088533409"",""label"":""XL"",""in_stock"":true,""stock_quantity"":null,""selected"":false},{""variant_id"":""1088533414"",""label"":""2XL"",""in_stock"":true,""stock_quantity"":null,""selected"":false}]",16906,,,,,unchanged_stock,24.02,inventory_net_decrease,2026-09-14,2026-09-14T14:00:36+03:00,hamile,BEST_SELLER,hamile-cok-satanlar,Trendyol Hamile / Çok Satanlar,70,1,70,70,70,hamile:hamile-cok-satanlar,70,-11,18.7,11.3,815842929,175525,815842929:175525,Miss Dünya Lissa Önden Bağlamalı Dantel Detaylı Hamile ve Lohusa Pijama Takımı,Miss Dünya Lissa,,https://www.trendyol.com/miss-dunya-lissa/onden-baglamali-dantel-detayli-hamile-ve-lohusa-pijama-takimi-p-815842929,Miss Dünya Lissa,8.6,959.99,,,0,TRY,"[""Kargo Bedava""]",InStock,,,,,,4.144927536231884,345,219,0,98,,"16,9B kişi favoriledi",Son 24 saatte 326 kişi görüntüledi,,,0,,,,Tahmini Teslim:,,,{},0,,refreshed,"[""daily_top""]",true,2026-09-14T11:04:10.538Z,0,"[""search_result_dom"",""product_detail_jsonld"",""product_detail_dom""]","{""variant_id"":""observed"",""variant_label"":""observed"",""listing_id"":""observed"",""inventory_key"":""observed"",""stock_quantity"":""observed"",""stock_quantity_source"":""observed"",""stock_quantity_kind"":""observed"",""stock_observed_at"":""observed"",""max_sale_limit"":""observed"",""seller_count"":""observed"",""seller_count_observed"":""observed"",""seller_count_kind"":""observed"",""sellers"":""observed"",""variants"":""observed"",""favorite_count"":""observed"",""inventory_decrease"":""unavailable"",""sales_estimate_daily"":""unavailable"",""sales_estimate_weekly"":""unavailable"",""sales_estimate_monthly"":""unavailable"",""sales_estimate_status"":""unavailable"",""sales_estimate_hours"":""unavailable"",""sales_estimate_source"":""unavailable"",""title"":""observed"",""brand"":""observed"",""seller_name"":""observed"",""seller_score"":""observed"",""price"":""observed"",""original_price"":""unavailable"",""campaigns"":""observed"",""stock_status"":""observed"",""stock_signal"":""unavailable"",""rating"":""observed"",""rating_count"":""observed"",""review_count"":""observed"",""question_count"":""observed"",""delivery_summary"":""observed"",""shipping_cost"":""unavailable"",""properties"":""observed""}",true,
1619901424,S,990a89d35657af9f3a40a3d22019e023,789662794:257086:1619901424:990a89d35657af9f3a40a3d22019e023,100,merchantListing.winnerVariant.quantity,reported,2026-09-14T11:04:10.401Z,10,1,1,reported_total,"[{""merchant_id"":""257086"",""name"":""ARMA YILDIZ"",""score"":9.3,""price"":319.9,""variant_id"":""1619901424"",""listing_id"":""990a89d35657af9f3a40a3d22019e023"",""stock_quantity"":100}]","[{""variant_id"":""1619901424"",""label"":""S"",""in_stock"":true,""stock_quantity"":100,""selected"":true},{""variant_id"":""1047908695"",""label"":""M"",""in_stock"":true,""stock_quantity"":null,""selected"":false},{""variant_id"":""1047908696"",""label"":""L"",""in_stock"":true,""stock_quantity"":null,""selected"":false},{""variant_id"":""1047908694"",""label"":""XL"",""in_stock"":true,""stock_quantity"":null,""selected"":false},{""variant_id"":""1047908692"",""label"":""2XL"",""in_stock"":true,""stock_quantity"":null,""selected"":false},{""variant_id"":""1047908693"",""label"":""3XL"",""in_stock"":true,""stock_quantity"":null,""selected"":false},{""variant_id"":""1068553098"",""label"":""4XL"",""in_stock"":true,""stock_quantity"":null,""selected"":false},{""variant_id"":""1068553100"",""label"":""5XL"",""in_stock"":true,""stock_quantity"":null,""selected"":false}]",1737,,,,,unchanged_stock,24.02,inventory_net_decrease,2026-09-14,2026-09-14T14:00:36+03:00,hamile,BEST_SELLER,hamile-cok-satanlar,Trendyol Hamile / Çok Satanlar,71,1,71,71,71,hamile:hamile-cok-satanlar,71,-18,18.1,11.9,789662794,257086,789662794:257086,Arma Yıldız 3'lü Paket Kadın Beyaz Pamuklu Likralı Yüksek Bel Hamile Lohusa Külot Esnek ve Rahat Kumaş,Arma Yıldız,,https://www.trendyol.com/arma-yildiz/3-lu-paket-kadin-beyaz-pamuklu-likrali-yuksek-bel-hamile-lohusa-kulot-esnek-ve-rahat-kumas-p-789662794,ARMA YILDIZ,9.3,319.9,,,0,TRY,"[""Kargo Bedava""]",InStock,,,,,,4.416909620991253,343,184,0,35,,"1,7B kişi favoriledi",,,,0,,,,9 saat 55 dakika içinde sipariş verirsen en geç yarın kargoda!,,,{},0,,refreshed,"[""daily_top""]",true,2026-09-14T11:04:10.402Z,0,"[""search_result_dom"",""product_detail_jsonld"",""product_detail_dom""]","{""variant_id"":""observed"",""variant_label"":""observed"",""listing_id"":""observed"",""inventory_key"":""observed"",""stock_quantity"":""observed"",""stock_quantity_source"":""observed"",""stock_quantity_kind"":""observed"",""stock_observed_at"":""observed"",""max_sale_limit"":""observed"",""seller_count"":""observed"",""seller_count_observed"":""observed"",""seller_count_kind"":""observed"",""sellers"":""observed"",""variants"":""observed"",""favorite_count"":""observed"",""inventory_decrease"":""unavailable"",""sales_estimate_daily"":""unavailable"",""sales_estimate_weekly"":""unavailable"",""sales_estimate_monthly"":""unavailable"",""sales_estimate_status"":""unavailable"",""sales_estimate_hours"":""unavailable"",""sales_estimate_source"":""unavailable"",""title"":""observed"",""brand"":""observed"",""seller_name"":""observed"",""seller_score"":""observed"",""price"":""observed"",""original_price"":""unavailable"",""campaigns"":""observed"",""stock_status"":""observed"",""stock_signal"":""unavailable"",""rating"":""observed"",""rating_count"":""observed"",""review_count"":""observed"",""question_count"":""observed"",""delivery_summary"":""observed"",""shipping_cost"":""unavailable"",""properties"":""observed""}",true,
484726815,,997a8c0f96f2ef04326b2ad41ba5db85,303409979:139670:484726815:997a8c0f96f2ef04326b2ad41ba5db85,8431,merchantListing.winnerVariant.quantity,reported,2026-09-14T11:04:10.432Z,10,3,3,reported_total,"[{""merchant_id"":""139670"",""name"":""HayalperestBoncuk"",""score"":8.3,""price"":407.77,""variant_id"":""484726815"",""listing_id"":""997a8c0f96f2ef04326b2ad41ba5db85"",""stock_quantity"":8431},{""merchant_id"":""660365"",""name"":""PIERWEDDING"",""score"":8.2,""price"":499,""variant_id"":""484726815"",""listing_id"":""39cd4cbee9e687f5c05c2fa8c503c1e7"",""stock_quantity"":748},{""merchant_id"":""716540"",""name"":""Esperest"",""score"":8,""price"":675,""variant_id"":""484726815"",""listing_id"":""571d3f70bb82d838ca35e720a420e8f6"",""stock_quantity"":9755}]","[{""variant_id"":""484726815"",""label"":null,""in_stock"":true,""stock_quantity"":8431,""selected"":true}]",30132,7,7,,,estimated,24,inventory_net_decrease,2026-09-14,2026-09-14T14:00:36+03:00,hamile,BEST_SELLER,hamile-cok-satanlar,Trendyol Hamile / Çok Satanlar,72,1,72,72,72,hamile:hamile-cok-satanlar,72,1,39.6,8,303409979,139670,303409979:139670,Limelia Tüylü İncili Lohusa Terliği ve Çiçekli Taç,Limelia,Lohusa Seti,https://www.trendyol.com/limelia/tuylu-incili-lohusa-terligi-ve-cicekli-tac-p-303409979,HayalperestBoncuk,8.3,407.77,494.9,17.6,-18.4,TRY,"[""Sepette %1 İndirim"",""Kargo Bedava"",""Trendyol Plus'a Özel""]",InStock,,,,,,3.9640971488912355,947,555,-1,367,,"30,1B kişi favoriledi",,4999,TRY,0,2,1,5,9 saat 55 dakika içinde sipariş verirsen en geç yarın kargoda!,,https://cdn.dsmcdn.com/ty1576/prod/QC/20240930/18/046dca57-288d-379a-9424-537e92abd255/1_org_zoom.jpg,"{""Renk"":""Beyaz"",""Materyal"":""Tekstil"",""Menşei"":""TR"",""Yıkama Talimatı"":""Type 1""}",20,5,refreshed,"[""daily_top""]",true,2026-09-14T11:04:10.433Z,0,"[""search_result_dom"",""product_detail_jsonld"",""product_detail_dom""]","{""variant_id"":""observed"",""variant_label"":""unavailable"",""listing_id"":""observed"",""inventory_key"":""observed"",""stock_quantity"":""observed"",""stock_quantity_source"":""observed"",""stock_quantity_kind"":""observed"",""stock_observed_at"":""observed"",""max_sale_limit"":""observed"",""seller_count"":""observed"",""seller_count_observed"":""observed"",""seller_count_kind"":""observed"",""sellers"":""observed"",""variants"":""observed"",""favorite_count"":""observed"",""inventory_decrease"":""unavailable"",""sales_estimate_daily"":""unavailable"",""sales_estimate_weekly"":""unavailable"",""sales_estimate_monthly"":""unavailable"",""sales_estimate_status"":""unavailable"",""sales_estimate_hours"":""unavailable"",""sales_estimate_source"":""unavailable"",""title"":""observed"",""brand"":""observed"",""seller_name"":""observed"",""seller_score"":""observed"",""price"":""observed"",""original_price"":""observed"",""campaigns"":""observed"",""stock_status"":""observed"",""stock_signal"":""unavailable"",""rating"":""observed"",""rating_count"":""observed"",""review_count"":""observed"",""question_count"":""observed"",""delivery_summary"":""observed"",""shipping_cost"":""observed"",""properties"":""observed""}",true,
1088435991,M,ed4c0b26204f5097eef1a20aa1ade408,815777920:175525:1088435991:ed4c0b26204f5097eef1a20aa1ade408,4564,merchantListing.winnerVariant.quantity,reported,2026-09-14T11:04:15.365Z,10,1,1,reported_total,"[{""merchant_id"":""175525"",""name"":""Miss Dünya Lissa"",""score"":8.6,""price"":949.99,""variant_id"":""1088435991"",""listing_id"":""ed4c0b26204f5097eef1a20aa1ade408"",""stock_quantity"":4564}]","[{""variant_id"":""1088435991"",""label"":""M"",""in_stock"":true,""stock_quantity"":4564,""selected"":true},{""variant_id"":""1088435981"",""label"":""L"",""in_stock"":true,""stock_quantity"":null,""selected"":false},{""variant_id"":""1088435988"",""label"":""XL"",""in_stock"":false,""stock_quantity"":null,""selected"":false},{""variant_id"":""1088435984"",""label"":""2XL"",""in_stock"":false,""stock_quantity"":null,""selected"":false}]",68926,1,1,,,estimated,24.01,inventory_net_decrease,2026-09-14,2026-09-14T14:00:36+03:00,hamile,BEST_SELLER,hamile-cok-satanlar,Trendyol Hamile / Çok Satanlar,73,1,73,73,73,hamile:hamile-cok-satanlar,73,-8,23.8,6.2,815777920,175525,815777920:175525,Miss Dünya Lissa Önden Bağlamalı Şerit Yakalı Hamile ve Lohusa Pijama Takımı,Miss Dünya Lissa,,https://www.trendyol.com/miss-dunya-lissa/onden-baglamali-serit-yakali-hamile-ve-lohusa-pijama-takimi-p-815777920,Miss Dünya Lissa,8.6,949.99,,,0,TRY,"[""Kargo Bedava""]",InStock,,,,,,4.285435630689206,1538,938,0,284,,"68,9B kişi favoriledi",Son 24 saatte 428 kişi görüntüledi,,,0,,,,Tahmini Teslim:,,,{},0,,refreshed,"[""daily_top""]",true,2026-09-14T11:04:15.366Z,0,"[""search_result_dom"",""product_detail_jsonld"",""product_detail_dom""]","{""variant_id"":""observed"",""variant_label"":""observed"",""listing_id"":""observed"",""inventory_key"":""observed"",""stock_quantity"":""observed"",""stock_quantity_source"":""observed"",""stock_quantity_kind"":""observed"",""stock_observed_at"":""observed"",""max_sale_limit"":""observed"",""seller_count"":""observed"",""seller_count_observed"":""observed"",""seller_count_kind"":""observed"",""sellers"":""observed"",""variants"":""observed"",""favorite_count"":""observed"",""inventory_decrease"":""unavailable"",""sales_estimate_daily"":""unavailable"",""sales_estimate_weekly"":""unavailable"",""sales_estimate_monthly"":""unavailable"",""sales_estimate_status"":""unavailable"",""sales_estimate_hours"":""unavailable"",""sales_estimate_source"":""unavailable"",""title"":""observed"",""brand"":""observed"",""seller_name"":""observed"",""seller_score"":""observed"",""price"":""observed"",""original_price"":""unavailable"",""campaigns"":""observed"",""stock_status"":""observed"",""stock_signal"":""unavailable"",""rating"":""observed"",""rating_count"":""observed"",""review_count"":""observed"",""question_count"":""observed"",""delivery_summary"":""observed"",""shipping_cost"":""unavailable"",""properties"":""observed""}",true,
274367069,80,5b18d0987f10398f36e6fff9f07d1e19,168110209:207439:274367069:5b18d0987f10398f36e6fff9f07d1e19,9939,merchantListing.winnerVariant.quantity,reported,2026-09-14T11:04:15.556Z,10,2,2,reported_total,"[{""merchant_id"":""207439"",""name"":""MODALADY"",""score"":8.9,""price"":198.9,""variant_id"":""274367069"",""listing_id"":""5b18d0987f10398f36e6fff9f07d1e19"",""stock_quantity"":9939},{""merchant_id"":""627680"",""name"":""MAANGE"",""score"":8.7,""price"":650,""variant_id"":""274367069"",""listing_id"":""8f8431bba9e8fe9366e106968f5fc99c"",""stock_quantity"":976}]","[{""variant_id"":""274367069"",""label"":""80"",""in_stock"":true,""stock_quantity"":9939,""selected"":true},{""variant_id"":""274367067"",""label"":""85"",""in_stock"":true,""stock_quantity"":null,""selected"":false},{""variant_id"":""274367061"",""label"":""90"",""in_stock"":true,""stock_quantity"":null,""selected"":false},{""variant_id"":""274350263"",""label"":""95"",""in_stock"":true,""stock_quantity"":null,""selected"":false},{""variant_id"":""274367062"",""label"":""100"",""in_stock"":true,""stock_quantity"":null,""selected"":false}]",2259,,,,,unchanged_stock,24.01,inventory_net_decrease,2026-09-14,2026-09-14T14:00:36+03:00,hamile,BEST_SELLER,hamile-cok-satanlar,Trendyol Hamile / Çok Satanlar,74,1,74,74,74,hamile:hamile-cok-satanlar,74,4,19.7,10.3,168110209,207439,168110209:207439,MODALADY Kadın Emzirme Sütyeni,MODALADY,,https://www.trendyol.com/modalady/kadin-emzirme-sutyeni-p-168110209,MODALADY,8.9,198.9,,,0,TRY,"[""Kargo Bedava""]",InStock,,,,,,4.418181818181818,550,291,-1,24,,"2,2B kişi favoriledi",,,,0,,,,9 saat 55 dakika içinde sipariş verirsen en geç yarın kargoda!,,,{},0,,refreshed,"[""daily_top""]",true,2026-09-14T11:04:15.556Z,0,"[""search_result_dom"",""product_detail_jsonld"",""product_detail_dom""]","{""variant_id"":""observed"",""variant_label"":""observed"",""listing_id"":""observed"",""inventory_key"":""observed"",""stock_quantity"":""observed"",""stock_quantity_source"":""observed"",""stock_quantity_kind"":""observed"",""stock_observed_at"":""observed"",""max_sale_limit"":""observed"",""seller_count"":""observed"",""seller_count_observed"":""observed"",""seller_count_kind"":""observed"",""sellers"":""observed"",""variants"":""observed"",""favorite_count"":""observed"",""inventory_decrease"":""unavailable"",""sales_estimate_daily"":""unavailable"",""sales_estimate_weekly"":""unavailable"",""sales_estimate_monthly"":""unavailable"",""sales_estimate_status"":""unavailable"",""sales_estimate_hours"":""unavailable"",""sales_estimate_source"":""unavailable"",""title"":""observed"",""brand"":""observed"",""seller_name"":""observed"",""seller_score"":""observed"",""price"":""observed"",""original_price"":""unavailable"",""campaigns"":""observed"",""stock_status"":""observed"",""stock_signal"":""unavailable"",""rating"":""observed"",""rating_count"":""observed"",""review_count"":""observed"",""question_count"":""observed"",""delivery_summary"":""observed"",""shipping_cost"":""unavailable"",""properties"":""observed""}",true,
1598227382,M,be210bdb03e4d73af7f2d985b475522b,1143483854:257086:1598227382:be210bdb03e4d73af7f2d985b475522b,68,merchantListing.winnerVariant.quantity,reported,2026-09-14T11:04:15.914Z,10,1,1,reported_total,"[{""merchant_id"":""257086"",""name"":""ARMA YILDIZ"",""score"":9.3,""price"":329.9,""variant_id"":""1598227382"",""listing_id"":""be210bdb03e4d73af7f2d985b475522b"",""stock_quantity"":68}]","[{""variant_id"":""1598227382"",""label"":""M"",""in_stock"":true,""stock_quantity"":68,""selected"":true},{""variant_id"":""1598227464"",""label"":""L"",""in_stock"":true,""stock_quantity"":null,""selected"":false},{""variant_id"":""1598227287"",""label"":""XL"",""in_stock"":true,""stock_quantity"":null,""selected"":false},{""variant_id"":""1598227216"",""label"":""2XL"",""in_stock"":true,""stock_quantity"":null,""selected"":false},{""variant_id"":""1598226744"",""label"":""3XL"",""in_stock"":true,""stock_quantity"":null,""selected"":false},{""variant_id"":""1598227147"",""label"":""4XL"",""in_stock"":true,""stock_quantity"":null,""selected"":false}]",4204,,,,,observation_gap,,inventory_net_decrease,2026-09-14,2026-09-14T14:00:36+03:00,hamile,BEST_SELLER,hamile-cok-satanlar,Trendyol Hamile / Çok Satanlar,75,1,75,75,75,hamile:hamile-cok-satanlar,75,-3,15.3,14.7,1143483854,257086,1143483854:257086,Arma Yıldız Hamile Boxer Şort Ten Pamuklu Likralı,Arma Yıldız,,https://www.trendyol.com/arma-yildiz/hamile-boxer-sort-ten-pamuklu-likrali-p-1143483854,ARMA YILDIZ,9.3,329.9,,,0,TRY,"[""Trendyol Plus'a Özel"",""Kargo Bedava""]",InStock,,,,,,4.015544041450777,193,80,0,50,,"4,2B kişi favoriledi",,,,0,,,,9 saat 55 dakika içinde sipariş verirsen en geç yarın kargoda!,,,{},0,,refreshed,"[""daily_top""]",true,2026-09-14T11:04:15.915Z,0,"[""search_result_dom"",""product_detail_jsonld"",""product_detail_dom""]","{""variant_id"":""observed"",""variant_label"":""observed"",""listing_id"":""observed"",""inventory_key"":""observed"",""stock_quantity"":""observed"",""stock_quantity_source"":""observed"",""stock_quantity_kind"":""observed"",""stock_observed_at"":""observed"",""max_sale_limit"":""observed"",""seller_count"":""observed"",""seller_count_observed"":""observed"",""seller_count_kind"":""observed"",""sellers"":""observed"",""variants"":""observed"",""favorite_count"":""observed"",""inventory_decrease"":""unavailable"",""sales_estimate_daily"":""unavailable"",""sales_estimate_weekly"":""unavailable"",""sales_estimate_monthly"":""unavailable"",""sales_estimate_status"":""unavailable"",""sales_estimate_hours"":""unavailable"",""sales_estimate_source"":""unavailable"",""title"":""observed"",""brand"":""observed"",""seller_name"":""observed"",""seller_score"":""observed"",""price"":""observed"",""original_price"":""unavailable"",""campaigns"":""observed"",""stock_status"":""observed"",""stock_signal"":""unavailable"",""rating"":""observed"",""rating_count"":""observed"",""review_count"":""observed"",""question_count"":""observed"",""delivery_summary"":""observed"",""shipping_cost"":""unavailable"",""properties"":""observed""}",true,
1446134599,,70c512c0dcf0ff880a4fcf56575341f9,1045165334:257086:1446134599:70c512c0dcf0ff880a4fcf56575341f9,12214,merchantListing.winnerVariant.quantity,reported,2026-09-14T11:04:20.131Z,10,1,1,reported_total,"[{""merchant_id"":""257086"",""name"":""ARMA YILDIZ"",""score"":9.3,""price"":279.9,""variant_id"":""1446134599"",""listing_id"":""70c512c0dcf0ff880a4fcf56575341f9"",""stock_quantity"":12214}]","[{""variant_id"":""1446134599"",""label"":null,""in_stock"":true,""stock_quantity"":12214,""selected"":true}]",1213,,,,,observation_gap,,inventory_net_decrease,2026-09-14,2026-09-14T14:00:36+03:00,hamile,BEST_SELLER,hamile-cok-satanlar,Trendyol Hamile / Çok Satanlar,76,1,76,76,76,hamile:hamile-cok-satanlar,76,4,10.7,19.3,1045165334,257086,1045165334:257086,"Arma Yıldız Hamile Pantolon Bel Genişletici - Kadın Pantolon Genişletici, 3'lü Paket Beyaz-Siyah-Ten",Arma Yıldız,,https://www.trendyol.com/arma-yildiz/hamile-pantolon-bel-genisletici-kadin-pantolon-genisletici-3-lu-paket-beyaz-siyah-ten-p-1045165334,ARMA YILDIZ,9.3,279.9,,,0,TRY,"[""Kargo Bedava""]",InStock,,,,,,3.5753424657534247,73,21,0,4,,"1,2B kişi favoriledi",,,,0,,,,9 saat 55 dakika içinde sipariş verirsen en geç yarın kargoda!,,,{},0,,refreshed,"[""daily_top""]",true,2026-09-14T11:04:20.132Z,0,"[""search_result_dom"",""product_detail_jsonld"",""product_detail_dom""]","{""variant_id"":""observed"",""variant_label"":""unavailable"",""listing_id"":""observed"",""inventory_key"":""observed"",""stock_quantity"":""observed"",""stock_quantity_source"":""observed"",""stock_quantity_kind"":""observed"",""stock_observed_at"":""observed"",""max_sale_limit"":""observed"",""seller_count"":""observed"",""seller_count_observed"":""observed"",""seller_count_kind"":""observed"",""sellers"":""observed"",""variants"":""observed"",""favorite_count"":""observed"",""inventory_decrease"":""unavailable"",""sales_estimate_daily"":""unavailable"",""sales_estimate_weekly"":""unavailable"",""sales_estimate_monthly"":""unavailable"",""sales_estimate_status"":""unavailable"",""sales_estimate_hours"":""unavailable"",""sales_estimate_source"":""unavailable"",""title"":""observed"",""brand"":""observed"",""seller_name"":""observed"",""seller_score"":""observed"",""price"":""observed"",""original_price"":""unavailable"",""campaigns"":""observed"",""stock_status"":""observed"",""stock_signal"":""unavailable"",""rating"":""observed"",""rating_count"":""observed"",""review_count"":""observed"",""question_count"":""observed"",""delivery_summary"":""observed"",""shipping_cost"":""unavailable"",""properties"":""observed""}",true,
1555933168,S,c92fa6adba388cabb1d2d455b266f88e,1117302922:392:1555933168:c92fa6adba388cabb1d2d455b266f88e,281,merchantListing.winnerVariant.quantity,reported,2026-09-14T11:04:20.425Z,10,1,1,reported_total,"[{""merchant_id"":""392"",""name"":""ebebek"",""score"":9.1,""price"":481.49,""variant_id"":""1555933168"",""listing_id"":""c92fa6adba388cabb1d2d455b266f88e"",""stock_quantity"":281}]","[{""variant_id"":""1555933168"",""label"":""S"",""in_stock"":true,""stock_quantity"":281,""selected"":true},{""variant_id"":""1555933334"",""label"":""M"",""in_stock"":true,""stock_quantity"":null,""selected"":false},{""variant_id"":""1555933953"",""label"":""L"",""in_stock"":true,""stock_quantity"":null,""selected"":false},{""variant_id"":""1555933630"",""label"":""XL"",""in_stock"":true,""stock_quantity"":null,""selected"":false},{""variant_id"":""1555931894"",""label"":""2XL"",""in_stock"":true,""stock_quantity"":null,""selected"":false}]",265,,,,,identity_changed_or_unknown,,inventory_net_decrease,2026-09-14,2026-09-14T14:00:36+03:00,hamile,BEST_SELLER,hamile-cok-satanlar,Trendyol Hamile / Çok Satanlar,77,1,77,77,77,hamile:hamile-cok-satanlar,77,15,5.6,24.4,1117302922,392,1117302922:392,ebebek Baby Mom baby mom Anne Emzirme Atleti Modelli Yaka Atlet,ebebek Baby Mom,,https://www.trendyol.com/ebebek-baby-mom/baby-mom-anne-emzirme-atleti-modelli-yaka-atlet-p-1117302922,ebebek,9.1,481.49,,,,TRY,"[""Kargo Bedava""]",InStock,,,,,,4.555555555555555,9,4,,4,,,,,,0,,,,Tahmini Teslim:,,,{},0,,refreshed,"[""daily_top""]",true,2026-09-14T11:04:20.426Z,0,"[""search_result_dom"",""product_detail_jsonld"",""product_detail_dom""]","{""variant_id"":""observed"",""variant_label"":""observed"",""listing_id"":""observed"",""inventory_key"":""observed"",""stock_quantity"":""observed"",""stock_quantity_source"":""observed"",""stock_quantity_kind"":""observed"",""stock_observed_at"":""observed"",""max_sale_limit"":""observed"",""seller_count"":""observed"",""seller_count_observed"":""observed"",""seller_count_kind"":""observed"",""sellers"":""observed"",""variants"":""observed"",""favorite_count"":""observed"",""inventory_decrease"":""unavailable"",""sales_estimate_daily"":""unavailable"",""sales_estimate_weekly"":""unavailable"",""sales_estimate_monthly"":""unavailable"",""sales_estimate_status"":""unavailable"",""sales_estimate_hours"":""unavailable"",""sales_estimate_source"":""unavailable"",""title"":""observed"",""brand"":""observed"",""seller_name"":""observed"",""seller_score"":""observed"",""price"":""observed"",""original_price"":""unavailable"",""campaigns"":""observed"",""stock_status"":""observed"",""stock_signal"":""unavailable"",""rating"":""observed"",""rating_count"":""observed"",""review_count"":""observed"",""question_count"":""observed"",""delivery_summary"":""observed"",""shipping_cost"":""unavailable"",""properties"":""observed""}",true,
1173843547,38,1ee25049928da8be85fff6e853b062f4,865290680:904421:1173843547:1ee25049928da8be85fff6e853b062f4,28,merchantListing.winnerVariant.quantity,reported,2026-09-14T11:04:20.366Z,10,1,1,reported_total,"[{""merchant_id"":""904421"",""name"":""KATLİN MATERNİTY WEAR"",""score"":9.1,""price"":838,""variant_id"":""1173843547"",""listing_id"":""1ee25049928da8be85fff6e853b062f4"",""stock_quantity"":28}]","[{""variant_id"":""1173843547"",""label"":""38"",""in_stock"":true,""stock_quantity"":28,""selected"":true},{""variant_id"":""1173843548"",""label"":""40"",""in_stock"":true,""stock_quantity"":null,""selected"":false},{""variant_id"":""1173843546"",""label"":""42"",""in_stock"":true,""stock_quantity"":null,""selected"":false},{""variant_id"":""1173843550"",""label"":""44"",""in_stock"":true,""stock_quantity"":null,""selected"":false},{""variant_id"":""1173843549"",""label"":""46"",""in_stock"":true,""stock_quantity"":null,""selected"":false},{""variant_id"":""1173843545"",""label"":""48"",""in_stock"":true,""stock_quantity"":null,""selected"":false}]",2202,,,,,observation_gap,,inventory_net_decrease,2026-09-14,2026-09-14T14:00:36+03:00,hamile,BEST_SELLER,hamile-cok-satanlar,Trendyol Hamile / Çok Satanlar,78,1,78,78,78,hamile:hamile-cok-satanlar,78,20,9.8,20.2,865290680,904421,865290680:904421,KATLİN MATERNİTY WEAR Hamile Geniş Paça Beli Ayarlanabilir Lacivert Kumaş Pantolon Önü Dikiş Detaylı,KATLİN MATERNİTY WEAR,,https://www.trendyol.com/katlin-maternity-wear/hamile-genis-paca-beli-ayarlanabilir-lacivert-kumas-pantolon-onu-dikis-detayli-p-865290680,KATLİN MATERNİTY WEAR,9.1,838,,,0,TRY,"[""Kargo Bedava""]",InStock,,,,,,4.7368421052631575,38,16,0,26,,"2,2B kişi favoriledi",,,,0,,,,9 saat 55 dakika içinde sipariş verirsen en geç yarın kargoda!,,,{},0,,refreshed,"[""daily_top""]",true,2026-09-14T11:04:20.366Z,0,"[""search_result_dom"",""product_detail_jsonld"",""product_detail_dom""]","{""variant_id"":""observed"",""variant_label"":""observed"",""listing_id"":""observed"",""inventory_key"":""observed"",""stock_quantity"":""observed"",""stock_quantity_source"":""observed"",""stock_quantity_kind"":""observed"",""stock_observed_at"":""observed"",""max_sale_limit"":""observed"",""seller_count"":""observed"",""seller_count_observed"":""observed"",""seller_count_kind"":""observed"",""sellers"":""observed"",""variants"":""observed"",""favorite_count"":""observed"",""inventory_decrease"":""unavailable"",""sales_estimate_daily"":""unavailable"",""sales_estimate_weekly"":""unavailable"",""sales_estimate_monthly"":""unavailable"",""sales_estimate_status"":""unavailable"",""sales_estimate_hours"":""unavailable"",""sales_estimate_source"":""unavailable"",""title"":""observed"",""brand"":""observed"",""seller_name"":""observed"",""seller_score"":""observed"",""price"":""observed"",""original_price"":""unavailable"",""campaigns"":""observed"",""stock_status"":""observed"",""stock_signal"":""unavailable"",""rating"":""observed"",""rating_count"":""observed"",""review_count"":""observed"",""question_count"":""observed"",""delivery_summary"":""observed"",""shipping_cost"":""unavailable"",""properties"":""observed""}",true,
1565715330,S,859b0736aa69998c2467967d6f7b862d,1122731079:178052:1565715330:859b0736aa69998c2467967d6f7b862d,9925,merchantListing.winnerVariant.quantity,reported,2026-09-14T11:04:25.027Z,10,1,1,reported_total,"[{""merchant_id"":""178052"",""name"":""Nordmende Sports"",""score"":9.5,""price"":499,""variant_id"":""1565715330"",""listing_id"":""859b0736aa69998c2467967d6f7b862d"",""stock_quantity"":9925}]","[{""variant_id"":""1565715330"",""label"":""S"",""in_stock"":true,""stock_quantity"":9925,""selected"":true},{""variant_id"":""1565719213"",""label"":""M"",""in_stock"":true,""stock_quantity"":null,""selected"":false},{""variant_id"":""1565717618"",""label"":""2XL"",""in_stock"":true,""stock_quantity"":null,""selected"":false},{""variant_id"":""1565707082"",""label"":""L"",""in_stock"":false,""stock_quantity"":null,""selected"":false},{""variant_id"":""1565720893"",""label"":""XL"",""in_stock"":false,""stock_quantity"":null,""selected"":false}]",4360,,,,,unchanged_stock,24.01,inventory_net_decrease,2026-09-14,2026-09-14T14:00:36+03:00,hamile,BEST_SELLER,hamile-cok-satanlar,Trendyol Hamile / Çok Satanlar,79,1,79,79,79,hamile:hamile-cok-satanlar,79,-3,14,16,1122731079,178052,1122731079:178052,Nordmende İspanyol Paça Ayarlanabilir Yüksek Bel Esnek Toparlayıcı ve Sıkılaştırıcı Hamile Taytı,Nordmende,Hamile Taytı,https://www.trendyol.com/nordmende/ispanyol-paca-ayarlanabilir-yuksek-bel-esnek-toparlayici-ve-sikilastirici-hamile-tayti-p-1122731079,Nordmende Sports,9.5,499,,,0,TRY,"[""Kargo Bedava""]",InStock,,,,,,4.485714285714286,105,56,1,54,639 kişinin sepetinde,"4,3B kişi favoriledi",Son 24 saatte 333 kişi görüntüledi,4999,TRY,0,1,1,3,9 saat 55 dakika içinde sipariş verirsen en geç yarın kargoda!,,https://cdn.dsmcdn.com/ty1844/prod/QC_PREP/20260323/18/a6111309-fd1d-3cdd-a8be-66e496bda36a/1_org_zoom.jpg,"{""Desen"":""Düz"",""Materyal"":""Polyester - Elastan"",""Kumaş Tipi"":""Örme"",""Renk"":""Siyah"",""Materyal Bileşeni"":""90% Polyester, 10% Elastan"",""Yıkama Talimatı"":""T09"",""Boy"":""Uzun"",""Bel"":""Yüksek Bel"",""Paça Tipi"":""ispanyol paça"",""Siluet"":""Uzun"",""Sürdürülebilirlik Detayı"":""Evet"",""Ortam"":""Günlük"",""Menşei"":""TR""}",20,5,refreshed,"[""daily_top""]",true,2026-09-14T11:04:25.028Z,0,"[""search_result_dom"",""product_detail_jsonld"",""product_detail_dom""]","{""variant_id"":""observed"",""variant_label"":""observed"",""listing_id"":""observed"",""inventory_key"":""observed"",""stock_quantity"":""observed"",""stock_quantity_source"":""observed"",""stock_quantity_kind"":""observed"",""stock_observed_at"":""observed"",""max_sale_limit"":""observed"",""seller_count"":""observed"",""seller_count_observed"":""observed"",""seller_count_kind"":""observed"",""sellers"":""observed"",""variants"":""observed"",""favorite_count"":""observed"",""inventory_decrease"":""unavailable"",""sales_estimate_daily"":""unavailable"",""sales_estimate_weekly"":""unavailable"",""sales_estimate_monthly"":""unavailable"",""sales_estimate_status"":""unavailable"",""sales_estimate_hours"":""unavailable"",""sales_estimate_source"":""unavailable"",""title"":""observed"",""brand"":""observed"",""seller_name"":""observed"",""seller_score"":""observed"",""price"":""observed"",""original_price"":""unavailable"",""campaigns"":""observed"",""stock_status"":""observed"",""stock_signal"":""unavailable"",""rating"":""observed"",""rating_count"":""observed"",""review_count"":""observed"",""question_count"":""observed"",""delivery_summary"":""observed"",""shipping_cost"":""observed"",""properties"":""observed""}",true,
1184586414,M,d9f60fa01d2e9f8409ad934b6c8a3dac,869894025:175525:1184586414:d9f60fa01d2e9f8409ad934b6c8a3dac,977,merchantListing.winnerVariant.quantity,reported,2026-09-14T11:04:25.087Z,10,1,1,reported_total,"[{""merchant_id"":""175525"",""name"":""Miss Dünya Lissa"",""score"":8.6,""price"":569.99,""variant_id"":""1184586414"",""listing_id"":""d9f60fa01d2e9f8409ad934b6c8a3dac"",""stock_quantity"":977}]","[{""variant_id"":""1184586414"",""label"":""M"",""in_stock"":true,""stock_quantity"":977,""selected"":true},{""variant_id"":""1184586416"",""label"":""L"",""in_stock"":true,""stock_quantity"":null,""selected"":false},{""variant_id"":""1184586415"",""label"":""XL"",""in_stock"":true,""stock_quantity"":null,""selected"":false},{""variant_id"":""1184586417"",""label"":""2XL"",""in_stock"":true,""stock_quantity"":null,""selected"":false}]",8245,1,1,,,estimated,24.01,inventory_net_decrease,2026-09-14,2026-09-14T14:00:36+03:00,hamile,BEST_SELLER,hamile-cok-satanlar,Trendyol Hamile / Çok Satanlar,80,1,80,80,80,hamile:hamile-cok-satanlar,80,-6,18.3,11.7,869894025,175525,869894025:175525,Miss Dünya Lissa Hamile ve Lohusa Bel Ayarlanabilir Modal Kumaş Eşofman Altı,Miss Dünya Lissa,,https://www.trendyol.com/miss-dunya-lissa/hamile-ve-lohusa-bel-ayarlanabilir-modal-kumas-esofman-alti-p-869894025,Miss Dünya Lissa,8.6,569.99,,,0,TRY,"[""Kargo Bedava""]",InStock,,,,,,4.1694352159468435,301,193,0,59,,"8,2B kişi favoriledi",,,,0,,,,Tahmini Teslim:,,,{},0,,refreshed,"[""daily_top""]",true,2026-09-14T11:04:25.088Z,0,"[""search_result_dom"",""product_detail_jsonld"",""product_detail_dom""]","{""variant_id"":""observed"",""variant_label"":""observed"",""listing_id"":""observed"",""inventory_key"":""observed"",""stock_quantity"":""observed"",""stock_quantity_source"":""observed"",""stock_quantity_kind"":""observed"",""stock_observed_at"":""observed"",""max_sale_limit"":""observed"",""seller_count"":""observed"",""seller_count_observed"":""observed"",""seller_count_kind"":""observed"",""sellers"":""observed"",""variants"":""observed"",""favorite_count"":""observed"",""inventory_decrease"":""unavailable"",""sales_estimate_daily"":""unavailable"",""sales_estimate_weekly"":""unavailable"",""sales_estimate_monthly"":""unavailable"",""sales_estimate_status"":""unavailable"",""sales_estimate_hours"":""unavailable"",""sales_estimate_source"":""unavailable"",""title"":""observed"",""brand"":""observed"",""seller_name"":""observed"",""seller_score"":""observed"",""price"":""observed"",""original_price"":""unavailable"",""campaigns"":""observed"",""stock_status"":""observed"",""stock_signal"":""unavailable"",""rating"":""observed"",""rating_count"":""observed"",""review_count"":""observed"",""question_count"":""observed"",""delivery_summary"":""observed"",""shipping_cost"":""unavailable"",""properties"":""observed""}",true,
1084494257,M,6cd6e6746ca1b45912d1867539b1e839,813433152:175525:1084494257:6cd6e6746ca1b45912d1867539b1e839,93,merchantListing.winnerVariant.quantity,reported,2026-09-14T11:04:25.112Z,10,1,1,reported_total,"[{""merchant_id"":""175525"",""name"":""Miss Dünya Lissa"",""score"":8.6,""price"":1509.99,""variant_id"":""1084494257"",""listing_id"":""6cd6e6746ca1b45912d1867539b1e839"",""stock_quantity"":93}]","[{""variant_id"":""1084494257"",""label"":""M"",""in_stock"":true,""stock_quantity"":93,""selected"":true},{""variant_id"":""1084494256"",""label"":""L"",""in_stock"":true,""stock_quantity"":null,""selected"":false},{""variant_id"":""1084494259"",""label"":""XL"",""in_stock"":true,""stock_quantity"":null,""selected"":false},{""variant_id"":""1084494255"",""label"":""2XL"",""in_stock"":true,""stock_quantity"":null,""selected"":false}]",38990,,,,,unchanged_stock,24.02,inventory_net_decrease,2026-09-14,2026-09-14T14:00:36+03:00,hamile,BEST_SELLER,hamile-cok-satanlar,Trendyol Hamile / Çok Satanlar,81,1,81,81,81,hamile:hamile-cok-satanlar,81,-29,21.8,8.2,813433152,175525,813433152:175525,Miss Dünya Lissa Sabahlıklı Şerit Detaylı Hamile ve Lohusa Pijama Takımı,Miss Dünya Lissa,,https://www.trendyol.com/miss-dunya-lissa/sabahlikli-serit-detayli-hamile-ve-lohusa-pijama-takimi-p-813433152,Miss Dünya Lissa,8.6,1509.99,,,0,TRY,"[""Kargo Bedava"",""Peşin Fiyatına 3 Taksit""]",InStock,,,,,,4.376417233560092,882,525,0,255,,"38,9B kişi favoriledi",Son 24 saatte 300 kişi görüntüledi,,,0,,,,Tahmini Teslim:,,,{},0,,refreshed,"[""daily_top""]",true,2026-09-14T11:04:25.112Z,0,"[""search_result_dom"",""product_detail_jsonld"",""product_detail_dom""]","{""variant_id"":""observed"",""variant_label"":""observed"",""listing_id"":""observed"",""inventory_key"":""observed"",""stock_quantity"":""observed"",""stock_quantity_source"":""observed"",""stock_quantity_kind"":""observed"",""stock_observed_at"":""observed"",""max_sale_limit"":""observed"",""seller_count"":""observed"",""seller_count_observed"":""observed"",""seller_count_kind"":""observed"",""sellers"":""observed"",""variants"":""observed"",""favorite_count"":""observed"",""inventory_decrease"":""unavailable"",""sales_estimate_daily"":""unavailable"",""sales_estimate_weekly"":""unavailable"",""sales_estimate_monthly"":""unavailable"",""sales_estimate_status"":""unavailable"",""sales_estimate_hours"":""unavailable"",""sales_estimate_source"":""unavailable"",""title"":""observed"",""brand"":""observed"",""seller_name"":""observed"",""seller_score"":""observed"",""price"":""observed"",""original_price"":""unavailable"",""campaigns"":""observed"",""stock_status"":""observed"",""stock_signal"":""unavailable"",""rating"":""observed"",""rating_count"":""observed"",""review_count"":""observed"",""question_count"":""observed"",""delivery_summary"":""observed"",""shipping_cost"":""unavailable"",""properties"":""observed""}",true,
1500825290,S,3d81d6cf27f17a847cb64c3e3881e901,1085831241:968958:1500825290:3d81d6cf27f17a847cb64c3e3881e901,980,merchantListing.winnerVariant.quantity,reported,2026-09-14T11:04:29.540Z,10,1,1,reported_total,"[{""merchant_id"":""968958"",""name"":""BODİN"",""score"":9.2,""price"":699.99,""variant_id"":""1500825290"",""listing_id"":""3d81d6cf27f17a847cb64c3e3881e901"",""stock_quantity"":980}]","[{""variant_id"":""1500825290"",""label"":""S"",""in_stock"":true,""stock_quantity"":980,""selected"":true},{""variant_id"":""1500827411"",""label"":""M"",""in_stock"":true,""stock_quantity"":null,""selected"":false},{""variant_id"":""1500828454"",""label"":""L"",""in_stock"":true,""stock_quantity"":null,""selected"":false},{""variant_id"":""1500828865"",""label"":""XL"",""in_stock"":true,""stock_quantity"":null,""selected"":false},{""variant_id"":""1500819465"",""label"":""2XL"",""in_stock"":true,""stock_quantity"":null,""selected"":false}]",3361,,,,,identity_changed_or_unknown,,inventory_net_decrease,2026-09-14,2026-09-14T14:00:36+03:00,hamile,BEST_SELLER,hamile-cok-satanlar,Trendyol Hamile / Çok Satanlar,82,1,82,82,82,hamile:hamile-cok-satanlar,82,17,14,16,1085831241,968958,1085831241:968958,bodin Ayarlanabilir Bel Pamuklu Kumaş Hamile ve Lohusa Eşofman Altı Koyu Lacivert,bodin,,https://www.trendyol.com/bodin/ayarlanabilir-bel-pamuklu-kumas-hamile-ve-lohusa-esofman-alti-koyu-lacivert-p-1085831241,BODİN,9.2,699.99,,,,TRY,"[""Kargo Bedava"",""20 TL Kupon""]",InStock,,,,,,4.296610169491525,118,55,,34,,"3,3B kişi favoriledi",,,,0,,,,9 saat 55 dakika içinde sipariş verirsen en geç yarın kargoda!,,,{},0,,refreshed,"[""daily_top""]",true,2026-09-14T11:04:29.541Z,0,"[""search_result_dom"",""product_detail_jsonld"",""product_detail_dom""]","{""variant_id"":""observed"",""variant_label"":""observed"",""listing_id"":""observed"",""inventory_key"":""observed"",""stock_quantity"":""observed"",""stock_quantity_source"":""observed"",""stock_quantity_kind"":""observed"",""stock_observed_at"":""observed"",""max_sale_limit"":""observed"",""seller_count"":""observed"",""seller_count_observed"":""observed"",""seller_count_kind"":""observed"",""sellers"":""observed"",""variants"":""observed"",""favorite_count"":""observed"",""inventory_decrease"":""unavailable"",""sales_estimate_daily"":""unavailable"",""sales_estimate_weekly"":""unavailable"",""sales_estimate_monthly"":""unavailable"",""sales_estimate_status"":""unavailable"",""sales_estimate_hours"":""unavailable"",""sales_estimate_source"":""unavailable"",""title"":""observed"",""brand"":""observed"",""seller_name"":""observed"",""seller_score"":""observed"",""price"":""observed"",""original_price"":""unavailable"",""campaigns"":""observed"",""stock_status"":""observed"",""stock_signal"":""unavailable"",""rating"":""observed"",""rating_count"":""observed"",""review_count"":""observed"",""question_count"":""observed"",""delivery_summary"":""observed"",""shipping_cost"":""unavailable"",""properties"":""observed""}",true,
1454001874,S,642c1acd266ee137174261b8ae8b7cd9,1050981405:968958:1454001874:642c1acd266ee137174261b8ae8b7cd9,4961,merchantListing.winnerVariant.quantity,reported,2026-09-14T11:04:29.848Z,10,1,1,reported_total,"[{""merchant_id"":""968958"",""name"":""BODİN"",""score"":9.2,""price"":699.99,""variant_id"":""1454001874"",""listing_id"":""642c1acd266ee137174261b8ae8b7cd9"",""stock_quantity"":4961}]","[{""variant_id"":""1454001874"",""label"":""S"",""in_stock"":true,""stock_quantity"":4961,""selected"":true},{""variant_id"":""1454001167"",""label"":""M"",""in_stock"":true,""stock_quantity"":null,""selected"":false},{""variant_id"":""1454002197"",""label"":""L"",""in_stock"":true,""stock_quantity"":null,""selected"":false},{""variant_id"":""1453999624"",""label"":""XL"",""in_stock"":true,""stock_quantity"":null,""selected"":false},{""variant_id"":""1454002012"",""label"":""2XL"",""in_stock"":true,""stock_quantity"":null,""selected"":false}]",30782,,,,,unchanged_stock,24.02,inventory_net_decrease,2026-09-14,2026-09-14T14:00:36+03:00,hamile,BEST_SELLER,hamile-cok-satanlar,Trendyol Hamile / Çok Satanlar,83,1,83,83,83,hamile:hamile-cok-satanlar,83,-15,16.9,13.1,1050981405,968958,1050981405:968958,bodin Ayarlanabilir Bel Pamuklu Kumaş Hamile ve Lohusa Eşofman Altı,bodin,,https://www.trendyol.com/bodin/ayarlanabilir-bel-pamuklu-kumas-hamile-ve-lohusa-esofman-alti-p-1050981405,BODİN,9.2,699.99,,,0,TRY,"[""Kargo Bedava"",""20 TL Kupon""]",InStock,,,,,,4.011811023622047,254,128,0,91,735 kişinin sepetinde,"30,8B kişi favoriledi",Son 24 saatte 547 kişi görüntüledi,,,0,,,,9 saat 55 dakika içinde sipariş verirsen en geç yarın kargoda!,,,{},0,,refreshed,"[""daily_top""]",true,2026-09-14T11:04:29.849Z,0,"[""search_result_dom"",""product_detail_jsonld"",""product_detail_dom""]","{""variant_id"":""observed"",""variant_label"":""observed"",""listing_id"":""observed"",""inventory_key"":""observed"",""stock_quantity"":""observed"",""stock_quantity_source"":""observed"",""stock_quantity_kind"":""observed"",""stock_observed_at"":""observed"",""max_sale_limit"":""observed"",""seller_count"":""observed"",""seller_count_observed"":""observed"",""seller_count_kind"":""observed"",""sellers"":""observed"",""variants"":""observed"",""favorite_count"":""observed"",""inventory_decrease"":""unavailable"",""sales_estimate_daily"":""unavailable"",""sales_estimate_weekly"":""unavailable"",""sales_estimate_monthly"":""unavailable"",""sales_estimate_status"":""unavailable"",""sales_estimate_hours"":""unavailable"",""sales_estimate_source"":""unavailable"",""title"":""observed"",""brand"":""observed"",""seller_name"":""observed"",""seller_score"":""observed"",""price"":""observed"",""original_price"":""unavailable"",""campaigns"":""observed"",""stock_status"":""observed"",""stock_signal"":""unavailable"",""rating"":""observed"",""rating_count"":""observed"",""review_count"":""observed"",""question_count"":""observed"",""delivery_summary"":""observed"",""shipping_cost"":""unavailable"",""properties"":""observed""}",true,
920242083,L,2134ef6fa1bf151e4e7929d1d78104c0,695655871:175525:920242083:2134ef6fa1bf151e4e7929d1d78104c0,782,merchantListing.winnerVariant.quantity,reported,2026-09-14T11:04:29.579Z,10,1,1,reported_total,"[{""merchant_id"":""175525"",""name"":""Miss Dünya Lissa"",""score"":8.6,""price"":1449.99,""variant_id"":""920242083"",""listing_id"":""2134ef6fa1bf151e4e7929d1d78104c0"",""stock_quantity"":782}]","[{""variant_id"":""920242083"",""label"":""L"",""in_stock"":true,""stock_quantity"":782,""selected"":true},{""variant_id"":""919811805"",""label"":""XL"",""in_stock"":true,""stock_quantity"":null,""selected"":false},{""variant_id"":""920241138"",""label"":""S"",""in_stock"":false,""stock_quantity"":null,""selected"":false},{""variant_id"":""920241991"",""label"":""M"",""in_stock"":false,""stock_quantity"":null,""selected"":false},{""variant_id"":""920242021"",""label"":""2XL"",""in_stock"":false,""stock_quantity"":null,""selected"":false}]",39466,3,3,,,estimated,24.03,inventory_net_decrease,2026-09-14,2026-09-14T14:00:36+03:00,hamile,BEST_SELLER,hamile-cok-satanlar,Trendyol Hamile / Çok Satanlar,84,1,84,84,84,hamile:hamile-cok-satanlar,84,-42,23.5,6.5,695655871,175525,695655871:175525,Miss Dünya Lissa Beyaz Hamile Ve Lohusa Sabahlık Gecelik Takımı,Miss Dünya Lissa,,https://www.trendyol.com/miss-dunya-lissa/beyaz-hamile-ve-lohusa-sabahlik-gecelik-takimi-p-695655871,Miss Dünya Lissa,8.6,1449.99,,,0,TRY,"[""Kargo Bedava"",""Peşin Fiyatına 3 Taksit""]",InStock,,,,,,4.4823529411764715,1360,867,-2,290,,"39,4B kişi favoriledi",Son 24 saatte 444 kişi görüntüledi,,,0,,,,Tahmini Teslim:,,,{},0,,refreshed,"[""daily_top""]",true,2026-09-14T11:04:29.579Z,0,"[""search_result_dom"",""product_detail_jsonld"",""product_detail_dom""]","{""variant_id"":""observed"",""variant_label"":""observed"",""listing_id"":""observed"",""inventory_key"":""observed"",""stock_quantity"":""observed"",""stock_quantity_source"":""observed"",""stock_quantity_kind"":""observed"",""stock_observed_at"":""observed"",""max_sale_limit"":""observed"",""seller_count"":""observed"",""seller_count_observed"":""observed"",""seller_count_kind"":""observed"",""sellers"":""observed"",""variants"":""observed"",""favorite_count"":""observed"",""inventory_decrease"":""unavailable"",""sales_estimate_daily"":""unavailable"",""sales_estimate_weekly"":""unavailable"",""sales_estimate_monthly"":""unavailable"",""sales_estimate_status"":""unavailable"",""sales_estimate_hours"":""unavailable"",""sales_estimate_source"":""unavailable"",""title"":""observed"",""brand"":""observed"",""seller_name"":""observed"",""seller_score"":""observed"",""price"":""observed"",""original_price"":""unavailable"",""campaigns"":""observed"",""stock_status"":""observed"",""stock_signal"":""unavailable"",""rating"":""observed"",""rating_count"":""observed"",""review_count"":""observed"",""question_count"":""observed"",""delivery_summary"":""observed"",""shipping_cost"":""unavailable"",""properties"":""observed""}",true,
,,,,,,,,,,,,,,,,,,,stale_observation,,inventory_net_decrease,2026-09-14,2026-09-14T14:00:36+03:00,hamile,BEST_SELLER,hamile-cok-satanlar,Trendyol Hamile / Çok Satanlar,85,1,85,85,85,hamile:hamile-cok-satanlar,85,-8,20.2,9.8,816134782,,816134782:unknown,Miss Dünya Lissa Düğmeli Şerit Detaylı Hamile ve Lohusa Gecelik,Miss Dünya Lissa,,https://www.trendyol.com/miss-dunya-lissa/dugmeli-serit-detayli-hamile-ve-lohusa-gecelik-p-816134782,Miss Dünya Lissa,8.6,749.99,,,0,TRY,"[""Kargo Bedava""]",InStock,,,,,,4.6,611,338,0,71,,"13,6B kişi favoriledi",,,,0,,,,Tahmini Teslim:,,,{},0,,failed_carried_forward,"[""daily_top""]",true,2026-09-13T11:04:07.915Z,1,"[""search_result_dom"",""historical_product_detail""]","{""variant_id"":""unavailable"",""variant_label"":""unavailable"",""listing_id"":""unavailable"",""inventory_key"":""unavailable"",""stock_quantity"":""unavailable"",""stock_quantity_source"":""unavailable"",""stock_quantity_kind"":""unavailable"",""stock_observed_at"":""unavailable"",""max_sale_limit"":""unavailable"",""seller_count"":""unavailable"",""seller_count_observed"":""unavailable"",""seller_count_kind"":""unavailable"",""sellers"":""unavailable"",""variants"":""unavailable"",""favorite_count"":""unavailable"",""inventory_decrease"":""unavailable"",""sales_estimate_daily"":""unavailable"",""sales_estimate_weekly"":""unavailable"",""sales_estimate_monthly"":""unavailable"",""sales_estimate_status"":""unavailable"",""sales_estimate_hours"":""unavailable"",""sales_estimate_source"":""unavailable"",""title"":""observed"",""brand"":""observed"",""seller_name"":""observed"",""seller_score"":""observed"",""price"":""observed"",""original_price"":""unavailable"",""campaigns"":""observed"",""stock_status"":""observed"",""stock_signal"":""unavailable"",""rating"":""observed"",""rating_count"":""observed"",""review_count"":""observed"",""question_count"":""observed"",""delivery_summary"":""observed"",""shipping_cost"":""unavailable"",""properties"":""observed""}",false,Product payload missing; refusing successful detail status
1235590876,M,8d8a83a431c87fe11715dd33e9b1413a,889955730:257086:1235590876:8d8a83a431c87fe11715dd33e9b1413a,48,merchantListing.winnerVariant.quantity,reported,2026-09-14T11:04:34.383Z,10,1,1,reported_total,"[{""merchant_id"":""257086"",""name"":""ARMA YILDIZ"",""score"":9.3,""price"":809.9,""variant_id"":""1235590876"",""listing_id"":""8d8a83a431c87fe11715dd33e9b1413a"",""stock_quantity"":48}]","[{""variant_id"":""1235590876"",""label"":""M"",""in_stock"":true,""stock_quantity"":48,""selected"":true},{""variant_id"":""1235590875"",""label"":""L"",""in_stock"":true,""stock_quantity"":null,""selected"":false},{""variant_id"":""1235590877"",""label"":""XL"",""in_stock"":true,""stock_quantity"":null,""selected"":false},{""variant_id"":""1235590874"",""label"":""2XL"",""in_stock"":true,""stock_quantity"":null,""selected"":false},{""variant_id"":""1235590878"",""label"":""3XL"",""in_stock"":true,""stock_quantity"":null,""selected"":false},{""variant_id"":""1573962821"",""label"":""4X"",""in_stock"":false,""stock_quantity"":null,""selected"":false}]",4801,2,2,,,estimated,24.02,inventory_net_decrease,2026-09-14,2026-09-14T14:00:36+03:00,hamile,BEST_SELLER,hamile-cok-satanlar,Trendyol Hamile / Çok Satanlar,86,1,86,86,86,hamile:hamile-cok-satanlar,86,-25,18.8,11.2,889955730,257086,889955730:257086,Arma Yıldız 3 Adet Emzirme Atleti Pamuklu Likralı Beyaz Siyah Ten,Arma Yıldız,,https://www.trendyol.com/arma-yildiz/3-adet-emzirme-atleti-pamuklu-likrali-beyaz-siyah-ten-p-889955730,ARMA YILDIZ,9.3,809.9,,,0,TRY,"[""Trendyol Plus'a Özel"",""Kargo Bedava""]",InStock,,,,,,4.360613810741688,391,223,0,72,,"4,8B kişi favoriledi",,,,0,,,,9 saat 55 dakika içinde sipariş verirsen en geç yarın kargoda!,,,{},0,,refreshed,"[""daily_top""]",true,2026-09-14T11:04:34.383Z,0,"[""search_result_dom"",""product_detail_jsonld"",""product_detail_dom""]","{""variant_id"":""observed"",""variant_label"":""observed"",""listing_id"":""observed"",""inventory_key"":""observed"",""stock_quantity"":""observed"",""stock_quantity_source"":""observed"",""stock_quantity_kind"":""observed"",""stock_observed_at"":""observed"",""max_sale_limit"":""observed"",""seller_count"":""observed"",""seller_count_observed"":""observed"",""seller_count_kind"":""observed"",""sellers"":""observed"",""variants"":""observed"",""favorite_count"":""observed"",""inventory_decrease"":""unavailable"",""sales_estimate_daily"":""unavailable"",""sales_estimate_weekly"":""unavailable"",""sales_estimate_monthly"":""unavailable"",""sales_estimate_status"":""unavailable"",""sales_estimate_hours"":""unavailable"",""sales_estimate_source"":""unavailable"",""title"":""observed"",""brand"":""observed"",""seller_name"":""observed"",""seller_score"":""observed"",""price"":""observed"",""original_price"":""unavailable"",""campaigns"":""observed"",""stock_status"":""observed"",""stock_signal"":""unavailable"",""rating"":""observed"",""rating_count"":""observed"",""review_count"":""observed"",""question_count"":""observed"",""delivery_summary"":""observed"",""shipping_cost"":""unavailable"",""properties"":""observed""}",true,
1233332657,M,13a771a330668d75037a5333b67082d1,888692016:257086:1233332657:13a771a330668d75037a5333b67082d1,236,merchantListing.winnerVariant.quantity,reported,2026-09-14T11:04:34.684Z,10,1,1,reported_total,"[{""merchant_id"":""257086"",""name"":""ARMA YILDIZ"",""score"":9.3,""price"":439.9,""variant_id"":""1233332657"",""listing_id"":""13a771a330668d75037a5333b67082d1"",""stock_quantity"":236}]","[{""variant_id"":""1233332657"",""label"":""M"",""in_stock"":true,""stock_quantity"":236,""selected"":true},{""variant_id"":""1233332659"",""label"":""L"",""in_stock"":true,""stock_quantity"":null,""selected"":false},{""variant_id"":""1233332661"",""label"":""XL"",""in_stock"":true,""stock_quantity"":null,""selected"":false},{""variant_id"":""1233332660"",""label"":""2XL"",""in_stock"":true,""stock_quantity"":null,""selected"":false},{""variant_id"":""1468600987"",""label"":""3XL"",""in_stock"":true,""stock_quantity"":null,""selected"":false},{""variant_id"":""1616870075"",""label"":""4XL"",""in_stock"":true,""stock_quantity"":null,""selected"":false},{""variant_id"":""1233332658"",""label"":""S"",""in_stock"":false,""stock_quantity"":null,""selected"":false}]",2236,,,,,missing_baseline,,inventory_net_decrease,2026-09-14,2026-09-14T14:00:36+03:00,hamile,BEST_SELLER,hamile-cok-satanlar,Trendyol Hamile / Çok Satanlar,87,1,87,87,87,hamile:hamile-cok-satanlar,87,,15.8,14.2,888692016,257086,888692016:257086,Arma Yıldız Beli Ayarlanabilir Siyah Esnek Yüksek Bel Hamile Tayt,Arma Yıldız,,https://www.trendyol.com/arma-yildiz/beli-ayarlanabilir-siyah-esnek-yuksek-bel-hamile-tayt-p-888692016,ARMA YILDIZ,9.3,439.9,,,,TRY,"[""Trendyol Plus'a Özel"",""Kargo Bedava""]",InStock,,,,,,4.080645161290322,186,94,,62,,"2,2B kişi favoriledi",,,,0,,,,9 saat 55 dakika içinde sipariş verirsen en geç yarın kargoda!,,,{},0,,refreshed,"[""daily_top""]",true,2026-09-14T11:04:34.685Z,0,"[""search_result_dom"",""product_detail_jsonld"",""product_detail_dom""]","{""variant_id"":""observed"",""variant_label"":""observed"",""listing_id"":""observed"",""inventory_key"":""observed"",""stock_quantity"":""observed"",""stock_quantity_source"":""observed"",""stock_quantity_kind"":""observed"",""stock_observed_at"":""observed"",""max_sale_limit"":""observed"",""seller_count"":""observed"",""seller_count_observed"":""observed"",""seller_count_kind"":""observed"",""sellers"":""observed"",""variants"":""observed"",""favorite_count"":""observed"",""inventory_decrease"":""unavailable"",""sales_estimate_daily"":""unavailable"",""sales_estimate_weekly"":""unavailable"",""sales_estimate_monthly"":""unavailable"",""sales_estimate_status"":""unavailable"",""sales_estimate_hours"":""unavailable"",""sales_estimate_source"":""unavailable"",""title"":""observed"",""brand"":""observed"",""seller_name"":""observed"",""seller_score"":""observed"",""price"":""observed"",""original_price"":""unavailable"",""campaigns"":""observed"",""stock_status"":""observed"",""stock_signal"":""unavailable"",""rating"":""observed"",""rating_count"":""observed"",""review_count"":""observed"",""question_count"":""observed"",""delivery_summary"":""observed"",""shipping_cost"":""unavailable"",""properties"":""observed""}",true,
663870182,M,2c9ac1d2780d41072a849b053b82f33a,465561252:175525:663870182:2c9ac1d2780d41072a849b053b82f33a,997,merchantListing.winnerVariant.quantity,reported,2026-09-14T11:04:39.174Z,10,1,1,reported_total,"[{""merchant_id"":""175525"",""name"":""Miss Dünya Lissa"",""score"":8.6,""price"":839.99,""variant_id"":""663870182"",""listing_id"":""2c9ac1d2780d41072a849b053b82f33a"",""stock_quantity"":997}]","[{""variant_id"":""663870182"",""label"":""M"",""in_stock"":true,""stock_quantity"":997,""selected"":true},{""variant_id"":""663870186"",""label"":""L"",""in_stock"":true,""stock_quantity"":null,""selected"":false},{""variant_id"":""663870199"",""label"":""XL"",""in_stock"":true,""stock_quantity"":null,""selected"":false},{""variant_id"":""663870191"",""label"":""2XL"",""in_stock"":true,""stock_quantity"":null,""selected"":false},{""variant_id"":""663848743"",""label"":""S"",""in_stock"":false,""stock_quantity"":null,""selected"":false}]",13754,,,,,missing_baseline,,inventory_net_decrease,2026-09-14,2026-09-14T14:00:36+03:00,hamile,BEST_SELLER,hamile-cok-satanlar,Trendyol Hamile / Çok Satanlar,88,1,88,88,88,hamile:hamile-cok-satanlar,88,,20.7,9.3,465561252,175525,465561252:175525,Miss Dünya Lissa Lacivert Emzirmeye Uygun Uzun Kol Lohusa Ve Hamile Pijama Takımı,Miss Dünya Lissa,,https://www.trendyol.com/miss-dunya-lissa/lacivert-emzirmeye-uygun-uzun-kol-lohusa-ve-hamile-pijama-takimi-p-465561252,Miss Dünya Lissa,8.6,839.99,,,,TRY,"[""Kargo Bedava""]",InStock,,,,,,4.478593272171254,654,390,,101,,"13,7B kişi favoriledi",,,,0,,,,Tahmini Teslim:,,,{},0,,refreshed,"[""daily_top""]",true,2026-09-14T11:04:39.174Z,0,"[""search_result_dom"",""product_detail_jsonld"",""product_detail_dom""]","{""variant_id"":""observed"",""variant_label"":""observed"",""listing_id"":""observed"",""inventory_key"":""observed"",""stock_quantity"":""observed"",""stock_quantity_source"":""observed"",""stock_quantity_kind"":""observed"",""stock_observed_at"":""observed"",""max_sale_limit"":""observed"",""seller_count"":""observed"",""seller_count_observed"":""observed"",""seller_count_kind"":""observed"",""sellers"":""observed"",""variants"":""observed"",""favorite_count"":""observed"",""inventory_decrease"":""unavailable"",""sales_estimate_daily"":""unavailable"",""sales_estimate_weekly"":""unavailable"",""sales_estimate_monthly"":""unavailable"",""sales_estimate_status"":""unavailable"",""sales_estimate_hours"":""unavailable"",""sales_estimate_source"":""unavailable"",""title"":""observed"",""brand"":""observed"",""seller_name"":""observed"",""seller_score"":""observed"",""price"":""observed"",""original_price"":""unavailable"",""campaigns"":""observed"",""stock_status"":""observed"",""stock_signal"":""unavailable"",""rating"":""observed"",""rating_count"":""observed"",""review_count"":""observed"",""question_count"":""observed"",""delivery_summary"":""observed"",""shipping_cost"":""unavailable"",""properties"":""observed""}",true,
410006145,M,fe5d633236cf6ad296f9c700ee70bb1e,258361519:175525:410006145:fe5d633236cf6ad296f9c700ee70bb1e,778,merchantListing.winnerVariant.quantity,reported,2026-09-14T11:04:39.208Z,10,1,1,reported_total,"[{""merchant_id"":""175525"",""name"":""Miss Dünya Lissa"",""score"":8.6,""price"":499.99,""variant_id"":""410006145"",""listing_id"":""fe5d633236cf6ad296f9c700ee70bb1e"",""stock_quantity"":778}]","[{""variant_id"":""410006145"",""label"":""M"",""in_stock"":true,""stock_quantity"":778,""selected"":true},{""variant_id"":""410049487"",""label"":""L"",""in_stock"":true,""stock_quantity"":null,""selected"":false},{""variant_id"":""410049493"",""label"":""XL"",""in_stock"":true,""stock_quantity"":null,""selected"":false},{""variant_id"":""485878404"",""label"":""2XL"",""in_stock"":true,""stock_quantity"":null,""selected"":false}]",16836,,,,,observation_gap,,inventory_net_decrease,2026-09-14,2026-09-14T14:00:36+03:00,hamile,BEST_SELLER,hamile-cok-satanlar,Trendyol Hamile / Çok Satanlar,89,1,89,89,89,hamile:hamile-cok-satanlar,89,-13,24.2,5.8,258361519,175525,258361519:175525,Miss Dünya Lissa Siyah Hamile Eşofman Altı,Miss Dünya Lissa,,https://www.trendyol.com/miss-dunya-lissa/siyah-hamile-esofman-alti-p-258361519,Miss Dünya Lissa,8.6,499.99,,,0,TRY,"[""Kargo Bedava""]",InStock,,,,,,4.4609375,1792,1070,-5,235,,"16,8B kişi favoriledi",,,,0,,,,Tahmini Teslim:,,,{},0,,refreshed,"[""daily_top""]",true,2026-09-14T11:04:39.208Z,0,"[""search_result_dom"",""product_detail_jsonld"",""product_detail_dom""]","{""variant_id"":""observed"",""variant_label"":""observed"",""listing_id"":""observed"",""inventory_key"":""observed"",""stock_quantity"":""observed"",""stock_quantity_source"":""observed"",""stock_quantity_kind"":""observed"",""stock_observed_at"":""observed"",""max_sale_limit"":""observed"",""seller_count"":""observed"",""seller_count_observed"":""observed"",""seller_count_kind"":""observed"",""sellers"":""observed"",""variants"":""observed"",""favorite_count"":""observed"",""inventory_decrease"":""unavailable"",""sales_estimate_daily"":""unavailable"",""sales_estimate_weekly"":""unavailable"",""sales_estimate_monthly"":""unavailable"",""sales_estimate_status"":""unavailable"",""sales_estimate_hours"":""unavailable"",""sales_estimate_source"":""unavailable"",""title"":""observed"",""brand"":""observed"",""seller_name"":""observed"",""seller_score"":""observed"",""price"":""observed"",""original_price"":""unavailable"",""campaigns"":""observed"",""stock_status"":""observed"",""stock_signal"":""unavailable"",""rating"":""observed"",""rating_count"":""observed"",""review_count"":""observed"",""question_count"":""observed"",""delivery_summary"":""observed"",""shipping_cost"":""unavailable"",""properties"":""observed""}",true,
185016721,M,4d7b5e6c5785c46b3aeb3a7aa4e27565,114091495:133964:185016721:4d7b5e6c5785c46b3aeb3a7aa4e27565,401,merchantListing.winnerVariant.quantity,reported,2026-09-14T11:04:43.418Z,10,1,1,reported_total,"[{""merchant_id"":""133964"",""name"":""EMOSE"",""score"":8,""price"":1499,""variant_id"":""185016721"",""listing_id"":""4d7b5e6c5785c46b3aeb3a7aa4e27565"",""stock_quantity"":401}]","[{""variant_id"":""185016721"",""label"":""M"",""in_stock"":true,""stock_quantity"":401,""selected"":true},{""variant_id"":""185024595"",""label"":""L"",""in_stock"":true,""stock_quantity"":null,""selected"":false},{""variant_id"":""185024597"",""label"":""XL"",""in_stock"":true,""stock_quantity"":null,""selected"":false}]",25455,,,,,observation_gap,,inventory_net_decrease,2026-09-14,2026-09-14T14:00:36+03:00,hamile,BEST_SELLER,hamile-cok-satanlar,Trendyol Hamile / Çok Satanlar,90,1,90,90,90,hamile:hamile-cok-satanlar,90,3,19.7,10.3,114091495,133964,114091495:133964,Emose Lohusa Sabahlıklı Pijama Takımı Mavi,Emose,,https://www.trendyol.com/emose/lohusa-sabahlikli-pijama-takimi-mavi-p-114091495,EMOSE,8,1499,,,0,TRY,"[""Kargo Bedava"",""Peşin Fiyatına 3 Taksit""]",InStock,,,,,,4.408045977011494,522,293,0,226,,"25,4B kişi favoriledi",Son 24 saatte 449 kişi görüntüledi,,,0,,,,9 saat 55 dakika içinde sipariş verirsen en geç yarın kargoda!,,,{},0,,refreshed,"[""daily_top""]",true,2026-09-14T11:04:43.418Z,0,"[""search_result_dom"",""product_detail_jsonld"",""product_detail_dom""]","{""variant_id"":""observed"",""variant_label"":""observed"",""listing_id"":""observed"",""inventory_key"":""observed"",""stock_quantity"":""observed"",""stock_quantity_source"":""observed"",""stock_quantity_kind"":""observed"",""stock_observed_at"":""observed"",""max_sale_limit"":""observed"",""seller_count"":""observed"",""seller_count_observed"":""observed"",""seller_count_kind"":""observed"",""sellers"":""observed"",""variants"":""observed"",""favorite_count"":""observed"",""inventory_decrease"":""unavailable"",""sales_estimate_daily"":""unavailable"",""sales_estimate_weekly"":""unavailable"",""sales_estimate_monthly"":""unavailable"",""sales_estimate_status"":""unavailable"",""sales_estimate_hours"":""unavailable"",""sales_estimate_source"":""unavailable"",""title"":""observed"",""brand"":""observed"",""seller_name"":""observed"",""seller_score"":""observed"",""price"":""observed"",""original_price"":""unavailable"",""campaigns"":""observed"",""stock_status"":""observed"",""stock_signal"":""unavailable"",""rating"":""observed"",""rating_count"":""observed"",""review_count"":""observed"",""question_count"":""observed"",""delivery_summary"":""observed"",""shipping_cost"":""unavailable"",""properties"":""observed""}",true,
1623617798,S,4b81771afd4e6abecdb8e7080bb7974b,1160337750:982060:1623617798:4b81771afd4e6abecdb8e7080bb7974b,13,merchantListing.winnerVariant.quantity,reported,2026-09-14T11:04:43.747Z,10,1,1,reported_total,"[{""merchant_id"":""982060"",""name"":""H&M"",""score"":8.6,""price"":999.99,""variant_id"":""1623617798"",""listing_id"":""4b81771afd4e6abecdb8e7080bb7974b"",""stock_quantity"":13}]","[{""variant_id"":""1623617798"",""label"":""S"",""in_stock"":true,""stock_quantity"":13,""selected"":true},{""variant_id"":""1623617796"",""label"":""M"",""in_stock"":true,""stock_quantity"":null,""selected"":false},{""variant_id"":""1623617797"",""label"":""L"",""in_stock"":true,""stock_quantity"":null,""selected"":false},{""variant_id"":""1623617800"",""label"":""XL"",""in_stock"":true,""stock_quantity"":null,""selected"":false},{""variant_id"":""1623617799"",""label"":""2XL"",""in_stock"":true,""stock_quantity"":null,""selected"":false}]",1690,,,,,missing_baseline,,inventory_net_decrease,2026-09-14,2026-09-14T14:00:36+03:00,hamile,BEST_SELLER,hamile-cok-satanlar,Trendyol Hamile / Çok Satanlar,91,1,91,91,91,hamile:hamile-cok-satanlar,91,,6.8,23.2,1160337750,982060,1160337750:982060,H&M MAMA 5'li Hipster Külot,H&M,Tayt,https://www.trendyol.com/h-m/mama-5-li-hipster-kulot-p-1160337750,H&M,8.6,999.99,,,,TRY,"[""Kargo Bedava"",""Son 10 Günün En Düşük Fiyatı""]",InStock,Son 2 Ürün,,,,,4.333333333333333,9,6,,0,,"1,7B kişi favoriledi",,4999,TRY,0,2,1,5,Tahmini Teslim:,,https://cdn.dsmcdn.com/ty1900/prod/QC_PREP/20260624/18/b1b833e1-0a89-370c-8f03-77277fe7414d/1_org_zoom.jpg,"{""Desen"":""Düz"",""Materyal"":""Pamuklu"",""Kumaş Tipi"":""Belirtilmemiş"",""Renk"":""Çok Renkli"",""Yıkama Talimatı"":""Type 1"",""Boy"":""Belirtilmemiş"",""Bel"":""Düşük Bel"",""Paça Tipi"":""Dar Paça"",""Siluet"":""Hipster"",""Sürdürülebilirlik Detayı"":""Hayır"",""Ortam"":""Casual/Günlük"",""Menşei"":""BD""}",6,4.5,refreshed,"[""daily_top""]",true,2026-09-14T11:04:43.748Z,0,"[""search_result_dom"",""product_detail_jsonld"",""product_detail_dom""]","{""variant_id"":""observed"",""variant_label"":""observed"",""listing_id"":""observed"",""inventory_key"":""observed"",""stock_quantity"":""observed"",""stock_quantity_source"":""observed"",""stock_quantity_kind"":""observed"",""stock_observed_at"":""observed"",""max_sale_limit"":""observed"",""seller_count"":""observed"",""seller_count_observed"":""observed"",""seller_count_kind"":""observed"",""sellers"":""observed"",""variants"":""observed"",""favorite_count"":""observed"",""inventory_decrease"":""unavailable"",""sales_estimate_daily"":""unavailable"",""sales_estimate_weekly"":""unavailable"",""sales_estimate_monthly"":""unavailable"",""sales_estimate_status"":""unavailable"",""sales_estimate_hours"":""unavailable"",""sales_estimate_source"":""unavailable"",""title"":""observed"",""brand"":""observed"",""seller_name"":""observed"",""seller_score"":""observed"",""price"":""observed"",""original_price"":""unavailable"",""campaigns"":""observed"",""stock_status"":""observed"",""stock_signal"":""observed"",""rating"":""observed"",""rating_count"":""observed"",""review_count"":""observed"",""question_count"":""observed"",""delivery_summary"":""observed"",""shipping_cost"":""observed"",""properties"":""observed""}",true,
1609792926,S,f731ad2a4f05d2a9d7e918b97c16ff0f,1151593464:178236:1609792926:f731ad2a4f05d2a9d7e918b97c16ff0f,90,merchantListing.winnerVariant.quantity,reported,2026-09-14T11:04:43.719Z,10,1,1,reported_total,"[{""merchant_id"":""178236"",""name"":""Cottonhill"",""score"":9.6,""price"":582.55,""variant_id"":""1609792926"",""listing_id"":""f731ad2a4f05d2a9d7e918b97c16ff0f"",""stock_quantity"":90}]","[{""variant_id"":""1609792926"",""label"":""S"",""in_stock"":true,""stock_quantity"":90,""selected"":true},{""variant_id"":""1609792497"",""label"":""M"",""in_stock"":true,""stock_quantity"":null,""selected"":false},{""variant_id"":""1609793433"",""label"":""L"",""in_stock"":true,""stock_quantity"":null,""selected"":false},{""variant_id"":""1609789820"",""label"":""XL"",""in_stock"":true,""stock_quantity"":null,""selected"":false}]",1428,,,,,observation_gap,,inventory_net_decrease,2026-09-14,2026-09-14T14:00:36+03:00,hamile,BEST_SELLER,hamile-cok-satanlar,Trendyol Hamile / Çok Satanlar,92,1,92,92,92,hamile:hamile-cok-satanlar,92,7,7.6,22.4,1151593464,178236,1151593464:178236,Cottonhill Premium - Sway Collection | Kahverengi Yüksek Bel Modal Hamile Kadın Pantolon,Cottonhill,,https://www.trendyol.com/cottonhill/premium-sway-collection-kahverengi-yuksek-bel-modal-hamile-kadin-pantolon-p-1151593464,Cottonhill,9.6,582.55,,,0,TRY,"[""Kargo Bedava""]",InStock,,,,,,4.071428571428571,14,8,1,3,,"1,4B kişi favoriledi",Son 24 saatte 943 kişi görüntüledi,,,0,,,,9 saat 55 dakika içinde sipariş verirsen en geç yarın kargoda!,,,{},0,,refreshed,"[""daily_top""]",true,2026-09-14T11:04:43.719Z,0,"[""search_result_dom"",""product_detail_jsonld"",""product_detail_dom""]","{""variant_id"":""observed"",""variant_label"":""observed"",""listing_id"":""observed"",""inventory_key"":""observed"",""stock_quantity"":""observed"",""stock_quantity_source"":""observed"",""stock_quantity_kind"":""observed"",""stock_observed_at"":""observed"",""max_sale_limit"":""observed"",""seller_count"":""observed"",""seller_count_observed"":""observed"",""seller_count_kind"":""observed"",""sellers"":""observed"",""variants"":""observed"",""favorite_count"":""observed"",""inventory_decrease"":""unavailable"",""sales_estimate_daily"":""unavailable"",""sales_estimate_weekly"":""unavailable"",""sales_estimate_monthly"":""unavailable"",""sales_estimate_status"":""unavailable"",""sales_estimate_hours"":""unavailable"",""sales_estimate_source"":""unavailable"",""title"":""observed"",""brand"":""observed"",""seller_name"":""observed"",""seller_score"":""observed"",""price"":""observed"",""original_price"":""unavailable"",""campaigns"":""observed"",""stock_status"":""observed"",""stock_signal"":""unavailable"",""rating"":""observed"",""rating_count"":""observed"",""review_count"":""observed"",""question_count"":""observed"",""delivery_summary"":""observed"",""shipping_cost"":""unavailable"",""properties"":""observed""}",true,
1402565637,M/L,3f62567cbcff45775d4119aff799eae0,992245733:1169394:1402565637:3f62567cbcff45775d4119aff799eae0,9796,merchantListing.winnerVariant.quantity,reported,2026-09-14T11:04:48.053Z,10,1,1,reported_total,"[{""merchant_id"":""1169394"",""name"":""Talvien"",""score"":9,""price"":946,""variant_id"":""1402565637"",""listing_id"":""3f62567cbcff45775d4119aff799eae0"",""stock_quantity"":9796}]","[{""variant_id"":""1402565637"",""label"":""M/L"",""in_stock"":true,""stock_quantity"":9796,""selected"":true},{""variant_id"":""1402564358"",""label"":""XL/2XL"",""in_stock"":true,""stock_quantity"":null,""selected"":false},{""variant_id"":""1402557942"",""label"":""3XL-4XL"",""in_stock"":true,""stock_quantity"":null,""selected"":false},{""variant_id"":""1402563594"",""label"":""5XL/6XL"",""in_stock"":true,""stock_quantity"":null,""selected"":false}]",17404,1,1,,,estimated,24.02,inventory_net_decrease,2026-09-14,2026-09-14T14:00:36+03:00,hamile,BEST_SELLER,hamile-cok-satanlar,Trendyol Hamile / Çok Satanlar,93,1,93,93,93,hamile:hamile-cok-satanlar,93,-14,17.4,12.6,992245733,1169394,992245733:1169394,Talvien Fitilli Bambu Kumaş Uzun Kollu Düğmeli Salaş Takım – Hamile İçin Uygun,Talvien,,https://www.trendyol.com/talvien/fitilli-bambu-kumas-uzun-kollu-dugmeli-salas-takim-hamile-icin-uygun-p-992245733,Talvien,9,946,,,0,TRY,"[""Kargo Bedava""]",InStock,,,,,,4.351351351351352,259,149,0,71,327 kişinin sepetinde,"17,4B kişi favoriledi",Son 24 saatte 310 kişi görüntüledi,,,0,,,,9 saat 55 dakika içinde sipariş verirsen en geç yarın kargoda!,,,{},0,,refreshed,"[""daily_top""]",true,2026-09-14T11:04:48.054Z,0,"[""search_result_dom"",""product_detail_jsonld"",""product_detail_dom""]","{""variant_id"":""observed"",""variant_label"":""observed"",""listing_id"":""observed"",""inventory_key"":""observed"",""stock_quantity"":""observed"",""stock_quantity_source"":""observed"",""stock_quantity_kind"":""observed"",""stock_observed_at"":""observed"",""max_sale_limit"":""observed"",""seller_count"":""observed"",""seller_count_observed"":""observed"",""seller_count_kind"":""observed"",""sellers"":""observed"",""variants"":""observed"",""favorite_count"":""observed"",""inventory_decrease"":""unavailable"",""sales_estimate_daily"":""unavailable"",""sales_estimate_weekly"":""unavailable"",""sales_estimate_monthly"":""unavailable"",""sales_estimate_status"":""unavailable"",""sales_estimate_hours"":""unavailable"",""sales_estimate_source"":""unavailable"",""title"":""observed"",""brand"":""observed"",""seller_name"":""observed"",""seller_score"":""observed"",""price"":""observed"",""original_price"":""unavailable"",""campaigns"":""observed"",""stock_status"":""observed"",""stock_signal"":""unavailable"",""rating"":""observed"",""rating_count"":""observed"",""review_count"":""observed"",""question_count"":""observed"",""delivery_summary"":""observed"",""shipping_cost"":""unavailable"",""properties"":""observed""}",true,
1089150153,M,cdbf932ec9cf69f6aacbc14d55a09777,816223983:175525:1089150153:cdbf932ec9cf69f6aacbc14d55a09777,4869,merchantListing.winnerVariant.quantity,reported,2026-09-14T11:04:48.280Z,10,1,1,reported_total,"[{""merchant_id"":""175525"",""name"":""Miss Dünya Lissa"",""score"":8.6,""price"":949.99,""variant_id"":""1089150153"",""listing_id"":""cdbf932ec9cf69f6aacbc14d55a09777"",""stock_quantity"":4869}]","[{""variant_id"":""1089150153"",""label"":""M"",""in_stock"":true,""stock_quantity"":4869,""selected"":true},{""variant_id"":""1089150158"",""label"":""L"",""in_stock"":true,""stock_quantity"":null,""selected"":false},{""variant_id"":""1089150155"",""label"":""XL"",""in_stock"":false,""stock_quantity"":null,""selected"":false},{""variant_id"":""1089150157"",""label"":""2XL"",""in_stock"":false,""stock_quantity"":null,""selected"":false}]",37911,,,,,unchanged_stock,24.02,inventory_net_decrease,2026-09-14,2026-09-14T14:00:36+03:00,hamile,BEST_SELLER,hamile-cok-satanlar,Trendyol Hamile / Çok Satanlar,94,1,94,94,94,hamile:hamile-cok-satanlar,94,-14,23.2,6.8,816223983,175525,816223983:175525,Miss Dünya Lissa Önden Bağlamalı Geniş Şerit Yakalı Hamile ve Lohusa Pijama Takımı,Miss Dünya Lissa,,https://www.trendyol.com/miss-dunya-lissa/onden-baglamali-genis-serit-yakali-hamile-ve-lohusa-pijama-takimi-p-816223983,Miss Dünya Lissa,8.6,949.99,,,0,TRY,"[""Kargo Bedava""]",InStock,,,,,,4.430947216196674,1383,801,0,196,,"37,8B kişi favoriledi",Son 24 saatte 325 kişi görüntüledi,,,0,,,,Tahmini Teslim:,,,{},0,,refreshed,"[""daily_top""]",true,2026-09-14T11:04:48.280Z,0,"[""search_result_dom"",""product_detail_jsonld"",""product_detail_dom""]","{""variant_id"":""observed"",""variant_label"":""observed"",""listing_id"":""observed"",""inventory_key"":""observed"",""stock_quantity"":""observed"",""stock_quantity_source"":""observed"",""stock_quantity_kind"":""observed"",""stock_observed_at"":""observed"",""max_sale_limit"":""observed"",""seller_count"":""observed"",""seller_count_observed"":""observed"",""seller_count_kind"":""observed"",""sellers"":""observed"",""variants"":""observed"",""favorite_count"":""observed"",""inventory_decrease"":""unavailable"",""sales_estimate_daily"":""unavailable"",""sales_estimate_weekly"":""unavailable"",""sales_estimate_monthly"":""unavailable"",""sales_estimate_status"":""unavailable"",""sales_estimate_hours"":""unavailable"",""sales_estimate_source"":""unavailable"",""title"":""observed"",""brand"":""observed"",""seller_name"":""observed"",""seller_score"":""observed"",""price"":""observed"",""original_price"":""unavailable"",""campaigns"":""observed"",""stock_status"":""observed"",""stock_signal"":""unavailable"",""rating"":""observed"",""rating_count"":""observed"",""review_count"":""observed"",""question_count"":""observed"",""delivery_summary"":""observed"",""shipping_cost"":""unavailable"",""properties"":""observed""}",true,
1024548562,80B,468b5e72535eeb7c0069065ba26ebd09,774505659:327733:1024548562:468b5e72535eeb7c0069065ba26ebd09,189,merchantListing.winnerVariant.quantity,reported,2026-09-14T11:04:48.142Z,5,2,2,reported_total,"[{""merchant_id"":""327733"",""name"":""Pierre Cardin Kadın İç Giyim"",""score"":9.2,""price"":899.9,""variant_id"":""1024548562"",""listing_id"":""468b5e72535eeb7c0069065ba26ebd09"",""stock_quantity"":189},{""merchant_id"":""4664"",""name"":""Pierre Cardin Lingerie"",""score"":9,""price"":909.9,""variant_id"":""1024548562"",""listing_id"":""9254f4f8d9d4696f02859ce62f597645"",""stock_quantity"":204}]","[{""variant_id"":""1024548562"",""label"":""80B"",""in_stock"":true,""stock_quantity"":189,""selected"":true},{""variant_id"":""1024548563"",""label"":""85B"",""in_stock"":true,""stock_quantity"":null,""selected"":false},{""variant_id"":""1024548565"",""label"":""90B"",""in_stock"":true,""stock_quantity"":null,""selected"":false},{""variant_id"":""1024548564"",""label"":""95B"",""in_stock"":false,""stock_quantity"":null,""selected"":false},{""variant_id"":""1024548566"",""label"":""100B"",""in_stock"":false,""stock_quantity"":null,""selected"":false}]",7195,1,1,,,estimated,24.02,inventory_net_decrease,2026-09-14,2026-09-14T14:00:36+03:00,hamile,BEST_SELLER,hamile-cok-satanlar,Trendyol Hamile / Çok Satanlar,95,1,95,95,95,hamile:hamile-cok-satanlar,95,-26,17.1,12.9,774505659,327733,774505659:327733,Pierre Cardin 2'li Ekonomik Paket Ten 6833 Balensiz Yumuşak Kaplı Pamuklu Kolay Açılabilen Emzirme Sütyen,Pierre Cardin,,https://www.trendyol.com/pierre-cardin/2-li-ekonomik-paket-ten-6833-balensiz-yumusak-kapli-pamuklu-kolay-acilabilen-emzirme-sutyen-p-774505659,Pierre Cardin Kadın İç Giyim,9.2,899.9,,,0,TRY,"[""Trendyol Plus'a Özel"",""Kargo Bedava""]",InStock,,,,,,4.3174061433447095,293,137,0,22,,"7,1B kişi favoriledi",,,,0,,,,9 saat 55 dakika içinde sipariş verirsen en geç yarın kargoda!,,,{},0,,refreshed,"[""daily_top""]",true,2026-09-14T11:04:48.142Z,0,"[""search_result_dom"",""product_detail_jsonld"",""product_detail_dom""]","{""variant_id"":""observed"",""variant_label"":""observed"",""listing_id"":""observed"",""inventory_key"":""observed"",""stock_quantity"":""observed"",""stock_quantity_source"":""observed"",""stock_quantity_kind"":""observed"",""stock_observed_at"":""observed"",""max_sale_limit"":""observed"",""seller_count"":""observed"",""seller_count_observed"":""observed"",""seller_count_kind"":""observed"",""sellers"":""observed"",""variants"":""observed"",""favorite_count"":""observed"",""inventory_decrease"":""unavailable"",""sales_estimate_daily"":""unavailable"",""sales_estimate_weekly"":""unavailable"",""sales_estimate_monthly"":""unavailable"",""sales_estimate_status"":""unavailable"",""sales_estimate_hours"":""unavailable"",""sales_estimate_source"":""unavailable"",""title"":""observed"",""brand"":""observed"",""seller_name"":""observed"",""seller_score"":""observed"",""price"":""observed"",""original_price"":""unavailable"",""campaigns"":""observed"",""stock_status"":""observed"",""stock_signal"":""unavailable"",""rating"":""observed"",""rating_count"":""observed"",""review_count"":""observed"",""question_count"":""observed"",""delivery_summary"":""observed"",""shipping_cost"":""unavailable"",""properties"":""observed""}",true,
1124059640,M,0b1ec23285212f099ad8cc265a5acdf0,837067856:175525:1124059640:0b1ec23285212f099ad8cc265a5acdf0,386,merchantListing.winnerVariant.quantity,reported,2026-09-14T11:04:52.922Z,10,1,1,reported_total,"[{""merchant_id"":""175525"",""name"":""Miss Dünya Lissa"",""score"":8.6,""price"":779.99,""variant_id"":""1124059640"",""listing_id"":""0b1ec23285212f099ad8cc265a5acdf0"",""stock_quantity"":386}]","[{""variant_id"":""1124059640"",""label"":""M"",""in_stock"":true,""stock_quantity"":386,""selected"":true},{""variant_id"":""1124059643"",""label"":""L"",""in_stock"":true,""stock_quantity"":null,""selected"":false},{""variant_id"":""1124059641"",""label"":""XL"",""in_stock"":true,""stock_quantity"":null,""selected"":false},{""variant_id"":""1124059644"",""label"":""2XL"",""in_stock"":true,""stock_quantity"":null,""selected"":false}]",38903,2,2,12,,estimated,24.01,inventory_net_decrease,2026-09-14,2026-09-14T14:00:36+03:00,hamile,BEST_SELLER,hamile-cok-satanlar,Trendyol Hamile / Çok Satanlar,96,1,96,96,96,hamile:hamile-cok-satanlar,96,-2,20.5,9.5,837067856,175525,837067856:175525,Miss Dünya Lissa Kısa Kol Çizgilli Fitilli Kaşkorse Hamile ve Lohusa Tişört Elbise Takımı,Miss Dünya Lissa,,https://www.trendyol.com/miss-dunya-lissa/kisa-kol-cizgilli-fitilli-kaskorse-hamile-ve-lohusa-tisort-elbise-takimi-p-837067856,Miss Dünya Lissa,8.6,779.99,,,0,TRY,"[""Kargo Bedava""]",InStock,,,,,,4.553824362606233,706,369,0,242,,"38,9B kişi favoriledi",,,,0,,,,Tahmini Teslim:,,,{},0,,refreshed,"[""daily_top""]",true,2026-09-14T11:04:52.922Z,0,"[""search_result_dom"",""product_detail_jsonld"",""product_detail_dom""]","{""variant_id"":""observed"",""variant_label"":""observed"",""listing_id"":""observed"",""inventory_key"":""observed"",""stock_quantity"":""observed"",""stock_quantity_source"":""observed"",""stock_quantity_kind"":""observed"",""stock_observed_at"":""observed"",""max_sale_limit"":""observed"",""seller_count"":""observed"",""seller_count_observed"":""observed"",""seller_count_kind"":""observed"",""sellers"":""observed"",""variants"":""observed"",""favorite_count"":""observed"",""inventory_decrease"":""unavailable"",""sales_estimate_daily"":""unavailable"",""sales_estimate_weekly"":""unavailable"",""sales_estimate_monthly"":""unavailable"",""sales_estimate_status"":""unavailable"",""sales_estimate_hours"":""unavailable"",""sales_estimate_source"":""unavailable"",""title"":""observed"",""brand"":""observed"",""seller_name"":""observed"",""seller_score"":""observed"",""price"":""observed"",""original_price"":""unavailable"",""campaigns"":""observed"",""stock_status"":""observed"",""stock_signal"":""unavailable"",""rating"":""observed"",""rating_count"":""observed"",""review_count"":""observed"",""question_count"":""observed"",""delivery_summary"":""observed"",""shipping_cost"":""unavailable"",""properties"":""observed""}",true,
1590059584,M,05f4280e726d914e0cd6b7f0c8cf3303,1137940167:175525:1590059584:05f4280e726d914e0cd6b7f0c8cf3303,176,merchantListing.winnerVariant.quantity,reported,2026-09-14T11:04:52.800Z,10,1,1,reported_total,"[{""merchant_id"":""175525"",""name"":""Miss Dünya Lissa"",""score"":8.6,""price"":789.99,""variant_id"":""1590059584"",""listing_id"":""05f4280e726d914e0cd6b7f0c8cf3303"",""stock_quantity"":176}]","[{""variant_id"":""1590059584"",""label"":""M"",""in_stock"":true,""stock_quantity"":176,""selected"":true},{""variant_id"":""1590059308"",""label"":""L"",""in_stock"":true,""stock_quantity"":null,""selected"":false},{""variant_id"":""1590057384"",""label"":""XL"",""in_stock"":true,""stock_quantity"":null,""selected"":false},{""variant_id"":""1590059866"",""label"":""2XL"",""in_stock"":true,""stock_quantity"":null,""selected"":false}]",4785,2,2,,,estimated,24,inventory_net_decrease,2026-09-14,2026-09-14T14:00:36+03:00,hamile,BEST_SELLER,hamile-cok-satanlar,Trendyol Hamile / Çok Satanlar,97,1,97,97,97,hamile:hamile-cok-satanlar,97,,12.6,17.4,1137940167,175525,1137940167:175525,Miss Dünya Lissa Nova MomEmzirme Özellikli Hamile Gecelik Yumuşak Viskon Rahat Kesim,Miss Dünya Lissa,,https://www.trendyol.com/miss-dunya-lissa/nova-momemzirme-ozellikli-hamile-gecelik-yumusak-viskon-rahat-kesim-p-1137940167,Miss Dünya Lissa,8.6,789.99,,,43.5,TRY,"[""Kargo Bedava""]",InStock,,,,,,4.302631578947369,76,37,0,21,,"4,7B kişi favoriledi",,,,0,,,,Tahmini Teslim:,,,{},0,,refreshed,"[""daily_top""]",true,2026-09-14T11:04:52.800Z,0,"[""search_result_dom"",""product_detail_jsonld"",""product_detail_dom""]","{""variant_id"":""observed"",""variant_label"":""observed"",""listing_id"":""observed"",""inventory_key"":""observed"",""stock_quantity"":""observed"",""stock_quantity_source"":""observed"",""stock_quantity_kind"":""observed"",""stock_observed_at"":""observed"",""max_sale_limit"":""observed"",""seller_count"":""observed"",""seller_count_observed"":""observed"",""seller_count_kind"":""observed"",""sellers"":""observed"",""variants"":""observed"",""favorite_count"":""observed"",""inventory_decrease"":""unavailable"",""sales_estimate_daily"":""unavailable"",""sales_estimate_weekly"":""unavailable"",""sales_estimate_monthly"":""unavailable"",""sales_estimate_status"":""unavailable"",""sales_estimate_hours"":""unavailable"",""sales_estimate_source"":""unavailable"",""title"":""observed"",""brand"":""observed"",""seller_name"":""observed"",""seller_score"":""observed"",""price"":""observed"",""original_price"":""unavailable"",""campaigns"":""observed"",""stock_status"":""observed"",""stock_signal"":""unavailable"",""rating"":""observed"",""rating_count"":""observed"",""review_count"":""observed"",""question_count"":""observed"",""delivery_summary"":""observed"",""shipping_cost"":""unavailable"",""properties"":""observed""}",true,
185025310,M,a6fb9723f84e7192eb43ac02c0e39e07,114099158:133964:185025310:a6fb9723f84e7192eb43ac02c0e39e07,429,merchantListing.winnerVariant.quantity,reported,2026-09-14T11:04:53.036Z,10,1,1,reported_total,"[{""merchant_id"":""133964"",""name"":""EMOSE"",""score"":8,""price"":1419,""variant_id"":""185025310"",""listing_id"":""a6fb9723f84e7192eb43ac02c0e39e07"",""stock_quantity"":429}]","[{""variant_id"":""185025310"",""label"":""M"",""in_stock"":true,""stock_quantity"":429,""selected"":true},{""variant_id"":""185034556"",""label"":""L"",""in_stock"":true,""stock_quantity"":null,""selected"":false},{""variant_id"":""185034558"",""label"":""XL"",""in_stock"":true,""stock_quantity"":null,""selected"":false}]",30431,1,1,,,estimated,24.01,inventory_net_decrease,2026-09-14,2026-09-14T14:00:36+03:00,hamile,BEST_SELLER,hamile-cok-satanlar,Trendyol Hamile / Çok Satanlar,98,1,98,98,98,hamile:hamile-cok-satanlar,98,-18,21.4,8.6,114099158,133964,114099158:133964,Emose Kadın Ekru Lohusa Sabahlıklı Pijama Takım,Emose,,https://www.trendyol.com/emose/kadin-ekru-lohusa-sabahlikli-pijama-takim-p-114099158,EMOSE,8,1419,,,0,TRY,"[""Kargo Bedava"",""Peşin Fiyatına 3 Taksit""]",InStock,,,,,,4.432799013563502,811,476,0,304,,"30,4B kişi favoriledi",,,,0,,,,9 saat 55 dakika içinde sipariş verirsen en geç yarın kargoda!,,,{},0,,refreshed,"[""daily_top""]",true,2026-09-14T11:04:53.036Z,0,"[""search_result_dom"",""product_detail_jsonld"",""product_detail_dom""]","{""variant_id"":""observed"",""variant_label"":""observed"",""listing_id"":""observed"",""inventory_key"":""observed"",""stock_quantity"":""observed"",""stock_quantity_source"":""observed"",""stock_quantity_kind"":""observed"",""stock_observed_at"":""observed"",""max_sale_limit"":""observed"",""seller_count"":""observed"",""seller_count_observed"":""observed"",""seller_count_kind"":""observed"",""sellers"":""observed"",""variants"":""observed"",""favorite_count"":""observed"",""inventory_decrease"":""unavailable"",""sales_estimate_daily"":""unavailable"",""sales_estimate_weekly"":""unavailable"",""sales_estimate_monthly"":""unavailable"",""sales_estimate_status"":""unavailable"",""sales_estimate_hours"":""unavailable"",""sales_estimate_source"":""unavailable"",""title"":""observed"",""brand"":""observed"",""seller_name"":""observed"",""seller_score"":""observed"",""price"":""observed"",""original_price"":""unavailable"",""campaigns"":""observed"",""stock_status"":""observed"",""stock_signal"":""unavailable"",""rating"":""observed"",""rating_count"":""observed"",""review_count"":""observed"",""question_count"":""observed"",""delivery_summary"":""observed"",""shipping_cost"":""unavailable"",""properties"":""observed""}",true,
1622046748,S,97d15436db9efc12d08f94c60ce9d235,1159227041:126861:1622046748:97d15436db9efc12d08f94c60ce9d235,154,merchantListing.winnerVariant.quantity,reported,2026-09-14T11:04:57.896Z,10,1,1,reported_total,"[{""merchant_id"":""126861"",""name"":""Penyemood"",""score"":9,""price"":991.24,""variant_id"":""1622046748"",""listing_id"":""97d15436db9efc12d08f94c60ce9d235"",""stock_quantity"":154}]","[{""variant_id"":""1622046748"",""label"":""S"",""in_stock"":true,""stock_quantity"":154,""selected"":true},{""variant_id"":""1622046744"",""label"":""M"",""in_stock"":true,""stock_quantity"":null,""selected"":false},{""variant_id"":""1622046749"",""label"":""L"",""in_stock"":true,""stock_quantity"":null,""selected"":false},{""variant_id"":""1622046746"",""label"":""XL"",""in_stock"":true,""stock_quantity"":null,""selected"":false},{""variant_id"":""1622046747"",""label"":""2XL"",""in_stock"":true,""stock_quantity"":null,""selected"":false}]",1571,1,1,,,estimated,24.02,inventory_net_decrease,2026-09-14,2026-09-14T14:00:36+03:00,hamile,BEST_SELLER,hamile-cok-satanlar,Trendyol Hamile / Çok Satanlar,99,1,99,99,99,hamile:hamile-cok-satanlar,99,-34,6.6,24.4,1159227041,126861,1159227041:126861,Catherines Yumuşak dokulu hamile pijama takımı-893,Catherines,,https://www.trendyol.com/catherines/yumusak-dokulu-hamile-pijama-takimi-893-p-1159227041,Penyemood,9,991.24,1001.25,1,-30.7,TRY,"[""Kargo Bedava"",""Son 10 Günün En Düşük Fiyatı"",""75 TL Kupon"",""Son 10 günün en düşük fiyatı""]",InStock,,,,,,4.333333333333333,9,4,0,4,,"1,5B kişi favoriledi",Son 24 saatte 314 kişi görüntüledi,,,0,,,,9 saat 55 dakika içinde sipariş verirsen en geç yarın kargoda!,,,{},0,,refreshed,"[""daily_top""]",true,2026-09-14T11:04:57.896Z,0,"[""search_result_dom"",""product_detail_jsonld"",""product_detail_dom""]","{""variant_id"":""observed"",""variant_label"":""observed"",""listing_id"":""observed"",""inventory_key"":""observed"",""stock_quantity"":""observed"",""stock_quantity_source"":""observed"",""stock_quantity_kind"":""observed"",""stock_observed_at"":""observed"",""max_sale_limit"":""observed"",""seller_count"":""observed"",""seller_count_observed"":""observed"",""seller_count_kind"":""observed"",""sellers"":""observed"",""variants"":""observed"",""favorite_count"":""observed"",""inventory_decrease"":""unavailable"",""sales_estimate_daily"":""unavailable"",""sales_estimate_weekly"":""unavailable"",""sales_estimate_monthly"":""unavailable"",""sales_estimate_status"":""unavailable"",""sales_estimate_hours"":""unavailable"",""sales_estimate_source"":""unavailable"",""title"":""observed"",""brand"":""observed"",""seller_name"":""observed"",""seller_score"":""observed"",""price"":""observed"",""original_price"":""observed"",""campaigns"":""observed"",""stock_status"":""observed"",""stock_signal"":""unavailable"",""rating"":""observed"",""rating_count"":""observed"",""review_count"":""observed"",""question_count"":""observed"",""delivery_summary"":""observed"",""shipping_cost"":""unavailable"",""properties"":""observed""}",true,
1619637742,L,6fd177d9c8ac1d208235bcdbc742c6c2,1157628048:178236:1619637742:6fd177d9c8ac1d208235bcdbc742c6c2,6,merchantListing.winnerVariant.quantity,reported,2026-09-14T11:04:57.696Z,10,1,1,reported_total,"[{""merchant_id"":""178236"",""name"":""Cottonhill"",""score"":9.6,""price"":585.13,""variant_id"":""1619637742"",""listing_id"":""6fd177d9c8ac1d208235bcdbc742c6c2"",""stock_quantity"":6}]","[{""variant_id"":""1619637742"",""label"":""L"",""in_stock"":true,""stock_quantity"":6,""selected"":true},{""variant_id"":""1619637744"",""label"":""XL"",""in_stock"":true,""stock_quantity"":null,""selected"":false},{""variant_id"":""1619637746"",""label"":""2XL"",""in_stock"":true,""stock_quantity"":null,""selected"":false},{""variant_id"":""1619637743"",""label"":""M"",""in_stock"":false,""stock_quantity"":null,""selected"":false},{""variant_id"":""1619637745"",""label"":""3XL"",""in_stock"":false,""stock_quantity"":null,""selected"":false}]",902,,,,,observation_gap,,inventory_net_decrease,2026-09-14,2026-09-14T14:00:36+03:00,hamile,BEST_SELLER,hamile-cok-satanlar,Trendyol Hamile / Çok Satanlar,100,1,100,100,100,hamile:hamile-cok-satanlar,100,-6,7.6,22.4,1157628048,178236,1157628048:178236,Cottonhill Seamless Bra - Nuvia |Krem Lazer Kesim Klipsli Önden Açılabilir Rib Dokulu Dikişsiz Emzirme Sütyeni,Cottonhill,,https://www.trendyol.com/cottonhill/seamless-bra-nuvia-krem-lazer-kesim-klipsli-onden-acilabilir-rib-dokulu-dikissiz-emzirme-sutyeni-p-1157628048,Cottonhill,9.6,585.13,,,0,TRY,"[""Kargo Bedava""]",InStock,Tükeniyor,,,,,4.555555555555555,9,8,0,11,,903 kişi favoriledi,,,,0,,,,9 saat 55 dakika içinde sipariş verirsen en geç yarın kargoda!,,,{},0,,refreshed,"[""daily_top""]",true,2026-09-14T11:04:57.697Z,0,"[""search_result_dom"",""product_detail_jsonld"",""product_detail_dom""]","{""variant_id"":""observed"",""variant_label"":""observed"",""listing_id"":""observed"",""inventory_key"":""observed"",""stock_quantity"":""observed"",""stock_quantity_source"":""observed"",""stock_quantity_kind"":""observed"",""stock_observed_at"":""observed"",""max_sale_limit"":""observed"",""seller_count"":""observed"",""seller_count_observed"":""observed"",""seller_count_kind"":""observed"",""sellers"":""observed"",""variants"":""observed"",""favorite_count"":""observed"",""inventory_decrease"":""unavailable"",""sales_estimate_daily"":""unavailable"",""sales_estimate_weekly"":""unavailable"",""sales_estimate_monthly"":""unavailable"",""sales_estimate_status"":""unavailable"",""sales_estimate_hours"":""unavailable"",""sales_estimate_source"":""unavailable"",""title"":""observed"",""brand"":""observed"",""seller_name"":""observed"",""seller_score"":""observed"",""price"":""observed"",""original_price"":""unavailable"",""campaigns"":""observed"",""stock_status"":""observed"",""stock_signal"":""observed"",""rating"":""observed"",""rating_count"":""observed"",""review_count"":""observed"",""question_count"":""observed"",""delivery_summary"":""observed"",""shipping_cost"":""unavailable"",""properties"":""observed""}",true,
1591472182,M,3e8a368df6048bc03e80e22ef6ba5fa0,1138800586:257086:1591472182:3e8a368df6048bc03e80e22ef6ba5fa0,261,merchantListing.winnerVariant.quantity,reported,2026-09-14T11:04:57.508Z,10,1,1,reported_total,"[{""merchant_id"":""257086"",""name"":""ARMA YILDIZ"",""score"":9.3,""price"":969.9,""variant_id"":""1591472182"",""listing_id"":""3e8a368df6048bc03e80e22ef6ba5fa0"",""stock_quantity"":261}]","[{""variant_id"":""1591472182"",""label"":""M"",""in_stock"":true,""stock_quantity"":261,""selected"":true},{""variant_id"":""1591474171"",""label"":""2XL"",""in_stock"":true,""stock_quantity"":null,""selected"":false},{""variant_id"":""1591469842"",""label"":""3XL"",""in_stock"":true,""stock_quantity"":null,""selected"":false},{""variant_id"":""1591473955"",""label"":""S"",""in_stock"":false,""stock_quantity"":null,""selected"":false},{""variant_id"":""1591473430"",""label"":""L"",""in_stock"":false,""stock_quantity"":null,""selected"":false},{""variant_id"":""1591471521"",""label"":""XL"",""in_stock"":false,""stock_quantity"":null,""selected"":false}]",1633,,,,,unchanged_stock,24.02,inventory_net_decrease,2026-09-14,2026-09-14T14:00:36+03:00,hamile,BEST_SELLER,hamile-elbise,hamile elbise,1,1,101,101,,hamile:hamile-elbise,1,2,88.9,43.6,1138800586,257086,1138800586:257086,Arma Yıldız Kadın Pamuklu Göğüs Ucu Belli Etmeyen Kaplı Emzirme Atleti Renkli 3'lü Paket,Arma Yıldız,,https://www.trendyol.com/arma-yildiz/kadin-pamuklu-gogus-ucu-belli-etmeyen-kapli-emzirme-atleti-renkli-3-lu-paket-p-1138800586?boutiqueId=61&merchantId=257086,ARMA YILDIZ,9.3,969.9,,,0,TRY,"[""Trendyol Plus'a Özel"",""Kargo Bedava""]",InStock,,,,,,4.372093023255814,43,22,1,28,,"1,6B kişi favoriledi",,,,0,,,,9 saat 55 dakika içinde sipariş verirsen en geç yarın kargoda!,,,{},0,,refreshed,"[""daily_top""]",true,2026-09-14T11:04:57.509Z,0,"[""search_result_dom"",""product_detail_jsonld"",""product_detail_dom""]","{""variant_id"":""observed"",""variant_label"":""observed"",""listing_id"":""observed"",""inventory_key"":""observed"",""stock_quantity"":""observed"",""stock_quantity_source"":""observed"",""stock_quantity_kind"":""observed"",""stock_observed_at"":""observed"",""max_sale_limit"":""observed"",""seller_count"":""observed"",""seller_count_observed"":""observed"",""seller_count_kind"":""observed"",""sellers"":""observed"",""variants"":""observed"",""favorite_count"":""observed"",""inventory_decrease"":""unavailable"",""sales_estimate_daily"":""unavailable"",""sales_estimate_weekly"":""unavailable"",""sales_estimate_monthly"":""unavailable"",""sales_estimate_status"":""unavailable"",""sales_estimate_hours"":""unavailable"",""sales_estimate_source"":""unavailable"",""title"":""observed"",""brand"":""observed"",""seller_name"":""observed"",""seller_score"":""observed"",""price"":""observed"",""original_price"":""unavailable"",""campaigns"":""observed"",""stock_status"":""observed"",""stock_signal"":""unavailable"",""rating"":""observed"",""rating_count"":""observed"",""review_count"":""observed"",""question_count"":""observed"",""delivery_summary"":""observed"",""shipping_cost"":""unavailable"",""properties"":""observed""}",true,
1076578011,S,15e35fcc9db5f96bc7522698da38d0d7,808308460:126861:1076578011:15e35fcc9db5f96bc7522698da38d0d7,208,merchantListing.winnerVariant.quantity,reported,2026-09-14T11:05:02.126Z,10,1,1,reported_total,"[{""merchant_id"":""126861"",""name"":""Penyemood"",""score"":9,""price"":1349,""variant_id"":""1076578011"",""listing_id"":""15e35fcc9db5f96bc7522698da38d0d7"",""stock_quantity"":208}]","[{""variant_id"":""1076578011"",""label"":""S"",""in_stock"":true,""stock_quantity"":208,""selected"":true},{""variant_id"":""1076578014"",""label"":""M"",""in_stock"":true,""stock_quantity"":null,""selected"":false},{""variant_id"":""1076578013"",""label"":""L"",""in_stock"":true,""stock_quantity"":null,""selected"":false},{""variant_id"":""1076578012"",""label"":""XL"",""in_stock"":true,""stock_quantity"":null,""selected"":false},{""variant_id"":""1119313511"",""label"":""2XL"",""in_stock"":true,""stock_quantity"":null,""selected"":false}]",31096,,,,,unchanged_stock,24.02,inventory_net_decrease,2026-09-14,2026-09-14T14:00:36+03:00,hamile,BEST_SELLER,hamile-elbise,hamile elbise,2,1,102,102,,hamile:hamile-elbise,2,0,93.8,36.2,808308460,126861,808308460:126861,Catherines Yumuşak Dokulu Hamile Pijama Takımı,Catherines,Hamile Pijama Takımı,https://www.trendyol.com/catherines/yumusak-dokulu-hamile-pijama-takimi-p-808308460?boutiqueId=61&merchantId=126861,Penyemood,9,1349,,,0,TRY,"[""Trendyol Plus'a Özel"",""100 TL Kupon"",""Kargo Bedava"",""Peşin Fiyatına 3 Taksit""]",InStock,,,,,,4.74223602484472,322,166,0,45,,"31,1B kişi favoriledi",Son 24 saatte 617 kişi görüntüledi,4999,TRY,0,1,1,3,9 saat 54 dakika içinde sipariş verirsen en geç yarın kargoda!,,https://cdn.dsmcdn.com/ty1325/product/media/images/prod/QC/20240521/23/5d31a65b-b8d4-3869-8109-6a8dffe1193b/1_org_zoom.jpg,"{""Sürdürülebilirlik Detayı"":""Hayır"",""Paça Boyu"":""Uzun"",""Materyal"":""Viskon"",""Kol Tipi"":""Kısa Kol"",""Desen"":""Dokulu"",""Yaka Tipi"":""V Yaka"",""Renk"":""Yeşil"",""Materyal Bileşeni"":""94% Viskoz, 6% Elastan"",""Koleksiyon"":""Hamile"",""Yıkama Talimatı"":""Type 1"",""Kumaş Tipi"":""Dokuma"",""Boy"":""Regular"",""Kalıp"":""Oversize"",""Paça Tipi"":""Düz Paça"",""Kol Boyu"":""Kısa"",""Ortam"":""Homewear"",""Bel"":""Normal Bel""}",20,5,refreshed,"[""daily_top""]",true,2026-09-14T11:05:02.127Z,0,"[""search_result_dom"",""product_detail_jsonld"",""product_detail_dom""]","{""variant_id"":""observed"",""variant_label"":""observed"",""listing_id"":""observed"",""inventory_key"":""observed"",""stock_quantity"":""observed"",""stock_quantity_source"":""observed"",""stock_quantity_kind"":""observed"",""stock_observed_at"":""observed"",""max_sale_limit"":""observed"",""seller_count"":""observed"",""seller_count_observed"":""observed"",""seller_count_kind"":""observed"",""sellers"":""observed"",""variants"":""observed"",""favorite_count"":""observed"",""inventory_decrease"":""unavailable"",""sales_estimate_daily"":""unavailable"",""sales_estimate_weekly"":""unavailable"",""sales_estimate_monthly"":""unavailable"",""sales_estimate_status"":""unavailable"",""sales_estimate_hours"":""unavailable"",""sales_estimate_source"":""unavailable"",""title"":""observed"",""brand"":""observed"",""seller_name"":""observed"",""seller_score"":""observed"",""price"":""observed"",""original_price"":""unavailable"",""campaigns"":""observed"",""stock_status"":""observed"",""stock_signal"":""unavailable"",""rating"":""observed"",""rating_count"":""observed"",""review_count"":""observed"",""question_count"":""observed"",""delivery_summary"":""observed"",""shipping_cost"":""observed"",""properties"":""observed""}",true,
1198891066,L,45a78cf292571ad3ebd7f427cb999c8c,874393650:266730:1198891066:45a78cf292571ad3ebd7f427cb999c8c,35,merchantListing.winnerVariant.quantity,reported,2026-09-14T11:05:02.417Z,10,1,1,reported_total,"[{""merchant_id"":""266730"",""name"":""JENİKA COLLECTİON"",""score"":9.2,""price"":852.78,""variant_id"":""1198891066"",""listing_id"":""45a78cf292571ad3ebd7f427cb999c8c"",""stock_quantity"":35}]","[{""variant_id"":""1198891066"",""label"":""L"",""in_stock"":true,""stock_quantity"":35,""selected"":true},{""variant_id"":""1198891065"",""label"":""XL"",""in_stock"":true,""stock_quantity"":null,""selected"":false},{""variant_id"":""1198891067"",""label"":""2XL"",""in_stock"":true,""stock_quantity"":null,""selected"":false}]",2966,2,2,,,estimated,24.01,inventory_net_decrease,2026-09-14,2026-09-14T14:00:36+03:00,hamile,BEST_SELLER,hamile-elbise,hamile elbise,3,1,103,103,,hamile:hamile-elbise,3,16,87.6,39.9,874393650,266730,874393650:266730,JENİKA Somon Renk Fırfır Dantel Detaylı 2 Li Sabahlıklı Hamile Gecelik Takım,JENİKA,Hamile Sabahlık,https://www.trendyol.com/jenika/somon-renk-firfir-dantel-detayli-2-li-sabahlikli-hamile-gecelik-takim-p-874393650?boutiqueId=61&merchantId=266730,JENİKA COLLECTİON,9.2,852.78,,,0,TRY,"[""Sepette %1 İndirim"",""Kargo Bedava""]",InStock,,,,,,4.512820512820513,78,49,0,53,,"2,9B kişi favoriledi",,4999,TRY,0,1,1,3,9 saat 54 dakika içinde sipariş verirsen en geç yarın kargoda!,,https://cdn.dsmcdn.com/ty1627/prod/QC/20250121/12/bd170ed6-95db-3183-b408-165f0a1cf2e7/1_org_zoom.jpg,"{""Renk"":""Çok Renkli"",""Kapama Şekli"":""Bağlamalı"",""Materyal"":""Pamuklu"",""Kol Tipi"":""Uzun Kol"",""Materyal Bileşeni"":""90% Viskoz, 10% Elastan"",""Yıkama Talimatı"":""T100"",""Kumaş Tipi"":""Dokuma"",""Boy"":""Uzun"",""Siluet"":""Mom"",""Kalıp"":""Regular"",""Desen"":""Düz"",""Kol Boyu"":""Uzun"",""Koleksiyon"":""Hamile"",""Sürdürülebilirlik Detayı"":""Hayır"",""Ortam"":""Günlük"",""Paket İçeriği"":""Tekli"",""Menşei"":""TR""}",20,5,refreshed,"[""daily_top""]",true,2026-09-14T11:05:02.418Z,0,"[""search_result_dom"",""product_detail_jsonld"",""product_detail_dom""]","{""variant_id"":""observed"",""variant_label"":""observed"",""listing_id"":""observed"",""inventory_key"":""observed"",""stock_quantity"":""observed"",""stock_quantity_source"":""observed"",""stock_quantity_kind"":""observed"",""stock_observed_at"":""observed"",""max_sale_limit"":""observed"",""seller_count"":""observed"",""seller_count_observed"":""observed"",""seller_count_kind"":""observed"",""sellers"":""observed"",""variants"":""observed"",""favorite_count"":""observed"",""inventory_decrease"":""unavailable"",""sales_estimate_daily"":""unavailable"",""sales_estimate_weekly"":""unavailable"",""sales_estimate_monthly"":""unavailable"",""sales_estimate_status"":""unavailable"",""sales_estimate_hours"":""unavailable"",""sales_estimate_source"":""unavailable"",""title"":""observed"",""brand"":""observed"",""seller_name"":""observed"",""seller_score"":""observed"",""price"":""observed"",""original_price"":""unavailable"",""campaigns"":""observed"",""stock_status"":""observed"",""stock_signal"":""unavailable"",""rating"":""observed"",""rating_count"":""observed"",""review_count"":""observed"",""question_count"":""observed"",""delivery_summary"":""observed"",""shipping_cost"":""observed"",""properties"":""observed""}",true,
625854515,S,ab303cf804ab938ec677adae0e54385d,401830673:126861:625854515:ab303cf804ab938ec677adae0e54385d,84,merchantListing.winnerVariant.quantity,reported,2026-09-14T11:05:02.250Z,5,1,1,reported_total,"[{""merchant_id"":""126861"",""name"":""Penyemood"",""score"":9,""price"":857.48,""variant_id"":""625854515"",""listing_id"":""ab303cf804ab938ec677adae0e54385d"",""stock_quantity"":84}]","[{""variant_id"":""625854515"",""label"":""S"",""in_stock"":true,""stock_quantity"":84,""selected"":true},{""variant_id"":""625817625"",""label"":""2XL"",""in_stock"":true,""stock_quantity"":null,""selected"":false},{""variant_id"":""625854514"",""label"":""XL"",""in_stock"":false,""stock_quantity"":null,""selected"":false}]",7638,3,3,,,estimated,24.02,inventory_net_decrease,2026-09-14,2026-09-14T14:00:36+03:00,hamile,BEST_SELLER,hamile-elbise,hamile elbise,4,1,104,104,,hamile:hamile-elbise,4,1,91.1,38.5,401830673,126861,401830673:126861,Catherines Lux Mood Hamile Elbise-892,Catherines,Hamile Elbisesi,https://www.trendyol.com/catherines/lux-mood-hamile-elbise-892-p-401830673?boutiqueId=61&merchantId=126861,Penyemood,9,857.48,899,4.6,0,TRY,"[""Trendyol Plus'a Özel"",""Kargo Bedava""]",InStock,,,,,,4.605839416058394,137,64,0,29,,"7,6B kişi favoriledi",Son 24 saatte 363 kişi görüntüledi,4999,TRY,0,1,1,3,9 saat 54 dakika içinde sipariş verirsen en geç yarın kargoda!,,https://cdn.dsmcdn.com/ty605/product/media/images/20221117/18/217000487/625817625/1/1_org_zoom.jpg,"{""Yaka Tipi"":""V Yaka"",""Kumaş Tipi"":""Belirtilmemiş"",""Cep"":""Cepsiz"",""Kol Tipi"":""Askılı"",""Desen"":""Düz"",""Kalıp"":""Regular"",""Renk"":""Gri"",""Boy"":""Midi"",""Ortam"":""Hamile Giyim"",""Kol Boyu"":""Askılı"",""Siluet"":""Basic"",""Materyal Bileşeni"":""94% Viskoz, 6% Elastan"",""Yıkama Talimatı"":""Type 1"",""Koleksiyon"":""Hamile"",""Sürdürülebilirlik Detayı"":""Hayır""}",20,5,refreshed,"[""daily_top""]",true,2026-09-14T11:05:02.251Z,0,"[""search_result_dom"",""product_detail_jsonld"",""product_detail_dom""]","{""variant_id"":""observed"",""variant_label"":""observed"",""listing_id"":""observed"",""inventory_key"":""observed"",""stock_quantity"":""observed"",""stock_quantity_source"":""observed"",""stock_quantity_kind"":""observed"",""stock_observed_at"":""observed"",""max_sale_limit"":""observed"",""seller_count"":""observed"",""seller_count_observed"":""observed"",""seller_count_kind"":""observed"",""sellers"":""observed"",""variants"":""observed"",""favorite_count"":""observed"",""inventory_decrease"":""unavailable"",""sales_estimate_daily"":""unavailable"",""sales_estimate_weekly"":""unavailable"",""sales_estimate_monthly"":""unavailable"",""sales_estimate_status"":""unavailable"",""sales_estimate_hours"":""unavailable"",""sales_estimate_source"":""unavailable"",""title"":""observed"",""brand"":""observed"",""seller_name"":""observed"",""seller_score"":""observed"",""price"":""observed"",""original_price"":""observed"",""campaigns"":""observed"",""stock_status"":""observed"",""stock_signal"":""unavailable"",""rating"":""observed"",""rating_count"":""observed"",""review_count"":""observed"",""question_count"":""observed"",""delivery_summary"":""observed"",""shipping_cost"":""observed"",""properties"":""observed""}",true,
1539082154,2XL,013a686dbbf1f62b5d2eed035299b5e2,1107757053:367:1539082154:013a686dbbf1f62b5d2eed035299b5e2,1,merchantListing.winnerVariant.quantity,reported,2026-09-14T11:05:07.173Z,10,4,4,reported_total,"[{""merchant_id"":""367"",""name"":""SUWEN"",""score"":8.5,""price"":839,""variant_id"":""1539082154"",""listing_id"":""013a686dbbf1f62b5d2eed035299b5e2"",""stock_quantity"":1},{""merchant_id"":""1238054"",""name"":""TUĞİSA FASHİON"",""score"":9.1,""price"":1599,""variant_id"":""1539082154"",""listing_id"":""e24f6bece7e8c821da6b8008427707ca"",""stock_quantity"":1},{""merchant_id"":""1014880"",""name"":""Halley Express"",""score"":9.3,""price"":2499,""variant_id"":""1539082154"",""listing_id"":""882d68aab0b4da0c01b2381e4833c81d"",""stock_quantity"":2},{""merchant_id"":""707477"",""name"":""Boutique Thalassophile"",""score"":9.3,""price"":2499,""variant_id"":""1539082154"",""listing_id"":""1555b4ab11d7d8217db88a5631545154"",""stock_quantity"":6}]","[{""variant_id"":""1539082154"",""label"":""2XL"",""in_stock"":true,""stock_quantity"":1,""selected"":true},{""variant_id"":""1539074960"",""label"":""3XL"",""in_stock"":true,""stock_quantity"":null,""selected"":false},{""variant_id"":""1539059974"",""label"":""L"",""in_stock"":false,""stock_quantity"":null,""selected"":false},{""variant_id"":""1539079209"",""label"":""XL"",""in_stock"":false,""stock_quantity"":null,""selected"":false}]",1474,5,5,,,estimated,24,inventory_net_decrease,2026-09-14,2026-09-14T14:00:36+03:00,hamile,BEST_SELLER,hamile-elbise,hamile elbise,5,1,105,105,,hamile:hamile-elbise,5,39,77.2,45.3,1107757053,367,1107757053:367,Suwen Maria Pamuklu Hamile Lohusa Gecelik,Suwen,Hamile Gecelik,https://www.trendyol.com/suwen/maria-pamuklu-hamile-lohusa-gecelik-p-1107757053?boutiqueId=61&merchantId=367,SUWEN,8.5,839,,,0,TRY,"[""Sepette %20 İndirim"",""Kargo Bedava"",""Trendyol Plus'a Özel""]",InStock,Tükeniyor,,,,,4.818181818181818,11,7,0,3,,"1,4B kişi favoriledi",,4999,TRY,0,2,1,5,Tahmini Teslim:,,https://cdn.dsmcdn.com/ty1828/prod/QC_PREP/20260221/07/23028775-15be-3dbe-b1cf-2d21fddcdc27/1_org_zoom.jpg,"{""Desen"":""Çiçekli"",""Materyal"":""Pamuk"",""Kol Tipi"":""Kısa Kol"",""Renk"":""Mavi"",""Yaka Tipi"":""V Yaka"",""Materyal Bileşeni"":""100% Pamuk"",""Yıkama Talimatı"":""Type 1"",""Kumaş Tipi"":""Örme"",""Boy"":""Standart"",""Siluet"":""Kısa"",""Kalıp"":""Regular"",""Kol Boyu"":""Kısa"",""Ortam"":""Lounge/Home"",""Menşei"":""TR""}",7,4.71,refreshed,"[""daily_top""]",true,2026-09-14T11:05:07.173Z,0,"[""search_result_dom"",""product_detail_jsonld"",""product_detail_dom""]","{""variant_id"":""observed"",""variant_label"":""observed"",""listing_id"":""observed"",""inventory_key"":""observed"",""stock_quantity"":""observed"",""stock_quantity_source"":""observed"",""stock_quantity_kind"":""observed"",""stock_observed_at"":""observed"",""max_sale_limit"":""observed"",""seller_count"":""observed"",""seller_count_observed"":""observed"",""seller_count_kind"":""observed"",""sellers"":""observed"",""variants"":""observed"",""favorite_count"":""observed"",""inventory_decrease"":""unavailable"",""sales_estimate_daily"":""unavailable"",""sales_estimate_weekly"":""unavailable"",""sales_estimate_monthly"":""unavailable"",""sales_estimate_status"":""unavailable"",""sales_estimate_hours"":""unavailable"",""sales_estimate_source"":""unavailable"",""title"":""observed"",""brand"":""observed"",""seller_name"":""observed"",""seller_score"":""observed"",""price"":""observed"",""original_price"":""unavailable"",""campaigns"":""observed"",""stock_status"":""observed"",""stock_signal"":""observed"",""rating"":""observed"",""rating_count"":""observed"",""review_count"":""observed"",""question_count"":""observed"",""delivery_summary"":""observed"",""shipping_cost"":""observed"",""properties"":""observed""}",true,
1541655277,S,5615672124095c0374d66c7d04c6fc24,1109239303:108216:1541655277:5615672124095c0374d66c7d04c6fc24,56,merchantListing.winnerVariant.quantity,reported,2026-09-14T11:05:06.906Z,10,1,1,reported_total,"[{""merchant_id"":""108216"",""name"":""Artış Collection"",""score"":9.1,""price"":2391.23,""variant_id"":""1541655277"",""listing_id"":""5615672124095c0374d66c7d04c6fc24"",""stock_quantity"":56}]","[{""variant_id"":""1541655277"",""label"":""S"",""in_stock"":true,""stock_quantity"":56,""selected"":true},{""variant_id"":""1541658701"",""label"":""M"",""in_stock"":true,""stock_quantity"":null,""selected"":false},{""variant_id"":""1541646258"",""label"":""XL"",""in_stock"":true,""stock_quantity"":null,""selected"":false},{""variant_id"":""1541657483"",""label"":""L"",""in_stock"":false,""stock_quantity"":null,""selected"":false}]",1930,,,,,unchanged_stock,23.97,inventory_net_decrease,2026-09-14,2026-09-14T14:00:36+03:00,hamile,BEST_SELLER,hamile-elbise,hamile elbise,6,1,106,106,,hamile:hamile-elbise,6,102,73.6,46.4,1109239303,108216,1109239303:108216,Artış Askılı Emzirme Bölmeli Esnek Viskoz Hamile Sabahlık Gecelik Takım,Artış,,https://www.trendyol.com/artis/askili-emzirme-bolmeli-esnek-viskoz-hamile-sabahlik-gecelik-takim-p-1109239303?boutiqueId=61&merchantId=108216,Artış Collection,9.1,2391.23,,,0,TRY,"[""100 TL Kupon"",""Kargo Bedava"",""Peşin Fiyatına 3 Taksit""]",InStock,,,,,,5,10,4,0,4,,"1,9B kişi favoriledi",,,,0,,,,Tahmini Teslim:,,,{},0,,refreshed,"[""daily_top"",""hot_change""]",true,2026-09-14T11:05:06.907Z,0,"[""search_result_dom"",""product_detail_jsonld"",""product_detail_dom""]","{""variant_id"":""observed"",""variant_label"":""observed"",""listing_id"":""observed"",""inventory_key"":""observed"",""stock_quantity"":""observed"",""stock_quantity_source"":""observed"",""stock_quantity_kind"":""observed"",""stock_observed_at"":""observed"",""max_sale_limit"":""observed"",""seller_count"":""observed"",""seller_count_observed"":""observed"",""seller_count_kind"":""observed"",""sellers"":""observed"",""variants"":""observed"",""favorite_count"":""observed"",""inventory_decrease"":""unavailable"",""sales_estimate_daily"":""unavailable"",""sales_estimate_weekly"":""unavailable"",""sales_estimate_monthly"":""unavailable"",""sales_estimate_status"":""unavailable"",""sales_estimate_hours"":""unavailable"",""sales_estimate_source"":""unavailable"",""title"":""observed"",""brand"":""observed"",""seller_name"":""observed"",""seller_score"":""observed"",""price"":""observed"",""original_price"":""unavailable"",""campaigns"":""observed"",""stock_status"":""observed"",""stock_signal"":""unavailable"",""rating"":""observed"",""rating_count"":""observed"",""review_count"":""observed"",""question_count"":""observed"",""delivery_summary"":""observed"",""shipping_cost"":""unavailable"",""properties"":""observed""}",true,
626076682,M,dff468f8ad52bfd05e7a5655c4ec3259,403397391:126861:626076682:dff468f8ad52bfd05e7a5655c4ec3259,50,merchantListing.winnerVariant.quantity,reported,2026-09-14T11:05:07.081Z,10,1,1,reported_total,"[{""merchant_id"":""126861"",""name"":""Penyemood"",""score"":9,""price"":749,""variant_id"":""626076682"",""listing_id"":""dff468f8ad52bfd05e7a5655c4ec3259"",""stock_quantity"":50}]","[{""variant_id"":""626076640"",""label"":""S"",""in_stock"":true,""stock_quantity"":null,""selected"":false},{""variant_id"":""626076682"",""label"":""M"",""in_stock"":true,""stock_quantity"":50,""selected"":true},{""variant_id"":""626060604"",""label"":""L"",""in_stock"":false,""stock_quantity"":null,""selected"":false},{""variant_id"":""626076656"",""label"":""2XL"",""in_stock"":false,""stock_quantity"":null,""selected"":false}]",6334,2,2,,,estimated,24.02,inventory_net_decrease,2026-09-14,2026-09-14T14:00:36+03:00,hamile,BEST_SELLER,hamile-elbise,hamile elbise,7,1,107,107,,hamile:hamile-elbise,7,0,81.5,36,403397391,126861,403397391:126861,Catherines Lux Mood Hamile Elbise -896,Catherines,Hamile Elbisesi,https://www.trendyol.com/catherines/lux-mood-hamile-elbise-896-p-403397391?boutiqueId=61&merchantId=126861,Penyemood,9,749,,,0,TRY,"[""Trendyol Plus'a Özel"",""Kargo Bedava""]",InStock,,,,,,4.622222222222222,135,86,0,17,,"6,3B kişi favoriledi",,4999,TRY,0,1,1,3,9 saat 54 dakika içinde sipariş verirsen en geç yarın kargoda!,,https://cdn.dsmcdn.com/ty1288/product/media/images/prod/SPM/PIM/20240502/13/843a04ad-1258-3687-ad40-e00d3787ba4e/1_org_zoom.jpg,"{""Yaka Tipi"":""Dik Yaka"",""Kumaş Tipi"":""Örme"",""Cep"":""Cepsiz"",""Kol Tipi"":""Kısa Kol"",""Desen"":""Düz"",""Kalıp"":""Relaxed"",""Renk"":""Pembe"",""Materyal"":""Viskoz"",""Boy"":""Uzun"",""Ortam"":""Günlük"",""Kol Boyu"":""Uzun"",""Siluet"":""Basic"",""Materyal Bileşeni"":""94% Viskoz, 6% Elastan"",""Yıkama Talimatı"":""Type 1"",""Koleksiyon"":""Hamile"",""Sürdürülebilirlik Detayı"":""Hayır"",""Paket İçeriği"":""Tekli""}",20,5,refreshed,"[""daily_top""]",true,2026-09-14T11:05:07.081Z,0,"[""search_result_dom"",""product_detail_jsonld"",""product_detail_dom""]","{""variant_id"":""observed"",""variant_label"":""observed"",""listing_id"":""observed"",""inventory_key"":""observed"",""stock_quantity"":""observed"",""stock_quantity_source"":""observed"",""stock_quantity_kind"":""observed"",""stock_observed_at"":""observed"",""max_sale_limit"":""observed"",""seller_count"":""observed"",""seller_count_observed"":""observed"",""seller_count_kind"":""observed"",""sellers"":""observed"",""variants"":""observed"",""favorite_count"":""observed"",""inventory_decrease"":""unavailable"",""sales_estimate_daily"":""unavailable"",""sales_estimate_weekly"":""unavailable"",""sales_estimate_monthly"":""unavailable"",""sales_estimate_status"":""unavailable"",""sales_estimate_hours"":""unavailable"",""sales_estimate_source"":""unavailable"",""title"":""observed"",""brand"":""observed"",""seller_name"":""observed"",""seller_score"":""observed"",""price"":""observed"",""original_price"":""unavailable"",""campaigns"":""observed"",""stock_status"":""observed"",""stock_signal"":""unavailable"",""rating"":""observed"",""rating_count"":""observed"",""review_count"":""observed"",""question_count"":""observed"",""delivery_summary"":""observed"",""shipping_cost"":""observed"",""properties"":""observed""}",true,
1070574431,S,cd2e0dade5a9c2bdcd2de630bee7e8cf,804778133:108216:1070574431:cd2e0dade5a9c2bdcd2de630bee7e8cf,123,merchantListing.winnerVariant.quantity,reported,2026-09-14T11:05:12.361Z,10,1,1,reported_total,"[{""merchant_id"":""108216"",""name"":""Artış Collection"",""score"":9.1,""price"":1989.04,""variant_id"":""1070574431"",""listing_id"":""cd2e0dade5a9c2bdcd2de630bee7e8cf"",""stock_quantity"":123}]","[{""variant_id"":""1070574431"",""label"":""S"",""in_stock"":true,""stock_quantity"":123,""selected"":true},{""variant_id"":""1070574433"",""label"":""M"",""in_stock"":true,""stock_quantity"":null,""selected"":false},{""variant_id"":""1070574430"",""label"":""L"",""in_stock"":true,""stock_quantity"":null,""selected"":false},{""variant_id"":""1070574434"",""label"":""XL"",""in_stock"":true,""stock_quantity"":null,""selected"":false}]",22709,,,,,unchanged_stock,23.99,inventory_net_decrease,2026-09-14,2026-09-14T14:00:36+03:00,hamile,BEST_SELLER,hamile-elbise,hamile elbise,8,1,108,108,,hamile:hamile-elbise,8,61,81,34,804778133,108216,804778133:108216,Artış Truvakar Kol Düğmeli Kısa Esnek Viskoz Hamile Pijama Takımı,Artış,,https://www.trendyol.com/artis/truvakar-kol-dugmeli-kisa-esnek-viskoz-hamile-pijama-takimi-p-804778133?boutiqueId=61&merchantId=108216,Artış Collection,9.1,1989.04,,,0,TRY,"[""Kargo Bedava"",""Peşin Fiyatına 3 Taksit""]",InStock,,,,,,4.586538461538462,208,132,0,31,,"22,7B kişi favoriledi",,,,0,,,,Tahmini Teslim:,,,{},0,,refreshed,"[""daily_top""]",true,2026-09-14T11:05:12.362Z,0,"[""search_result_dom"",""product_detail_jsonld"",""product_detail_dom""]","{""variant_id"":""observed"",""variant_label"":""observed"",""listing_id"":""observed"",""inventory_key"":""observed"",""stock_quantity"":""observed"",""stock_quantity_source"":""observed"",""stock_quantity_kind"":""observed"",""stock_observed_at"":""observed"",""max_sale_limit"":""observed"",""seller_count"":""observed"",""seller_count_observed"":""observed"",""seller_count_kind"":""observed"",""sellers"":""observed"",""variants"":""observed"",""favorite_count"":""observed"",""inventory_decrease"":""unavailable"",""sales_estimate_daily"":""unavailable"",""sales_estimate_weekly"":""unavailable"",""sales_estimate_monthly"":""unavailable"",""sales_estimate_status"":""unavailable"",""sales_estimate_hours"":""unavailable"",""sales_estimate_source"":""unavailable"",""title"":""observed"",""brand"":""observed"",""seller_name"":""observed"",""seller_score"":""observed"",""price"":""observed"",""original_price"":""unavailable"",""campaigns"":""observed"",""stock_status"":""observed"",""stock_signal"":""unavailable"",""rating"":""observed"",""rating_count"":""observed"",""review_count"":""observed"",""question_count"":""observed"",""delivery_summary"":""observed"",""shipping_cost"":""unavailable"",""properties"":""observed""}",true,
1303891409,S,bc3f44f52eed1e68d61eb8c9e3919c2f,923092294:108216:1303891409:bc3f44f52eed1e68d61eb8c9e3919c2f,104,merchantListing.winnerVariant.quantity,reported,2026-09-14T11:05:12.411Z,10,1,1,reported_total,"[{""merchant_id"":""108216"",""name"":""Artış Collection"",""score"":9.1,""price"":1299,""variant_id"":""1303891409"",""listing_id"":""bc3f44f52eed1e68d61eb8c9e3919c2f"",""stock_quantity"":104}]","[{""variant_id"":""1303891409"",""label"":""S"",""in_stock"":true,""stock_quantity"":104,""selected"":true},{""variant_id"":""1303891406"",""label"":""M"",""in_stock"":true,""stock_quantity"":null,""selected"":false},{""variant_id"":""1303891408"",""label"":""L"",""in_stock"":true,""stock_quantity"":null,""selected"":false},{""variant_id"":""1303891407"",""label"":""XL"",""in_stock"":true,""stock_quantity"":null,""selected"":false}]",2493,1,1,,,estimated,24.02,inventory_net_decrease,2026-09-14,2026-09-14T14:00:36+03:00,hamile,BEST_SELLER,hamile-elbise,hamile elbise,9,1,109,109,,hamile:hamile-elbise,9,2,70.6,41.9,923092294,108216,923092294:108216,Artış Askılı Kısa Esnek Viskoz Hamile Gecelik,Artış,,https://www.trendyol.com/artis/askili-kisa-esnek-viskoz-hamile-gecelik-p-923092294?boutiqueId=61&merchantId=108216,Artış Collection,9.1,1299,,,0,TRY,"[""Kargo Bedava"",""Peşin Fiyatına 3 Taksit""]",InStock,,,,,,4.2,25,11,0,3,,"2,4B kişi favoriledi",,,,0,,,,Tahmini Teslim:,,,{},0,,refreshed,"[""daily_top""]",true,2026-09-14T11:05:12.412Z,0,"[""search_result_dom"",""product_detail_jsonld"",""product_detail_dom""]","{""variant_id"":""observed"",""variant_label"":""observed"",""listing_id"":""observed"",""inventory_key"":""observed"",""stock_quantity"":""observed"",""stock_quantity_source"":""observed"",""stock_quantity_kind"":""observed"",""stock_observed_at"":""observed"",""max_sale_limit"":""observed"",""seller_count"":""observed"",""seller_count_observed"":""observed"",""seller_count_kind"":""observed"",""sellers"":""observed"",""variants"":""observed"",""favorite_count"":""observed"",""inventory_decrease"":""unavailable"",""sales_estimate_daily"":""unavailable"",""sales_estimate_weekly"":""unavailable"",""sales_estimate_monthly"":""unavailable"",""sales_estimate_status"":""unavailable"",""sales_estimate_hours"":""unavailable"",""sales_estimate_source"":""unavailable"",""title"":""observed"",""brand"":""observed"",""seller_name"":""observed"",""seller_score"":""observed"",""price"":""observed"",""original_price"":""unavailable"",""campaigns"":""observed"",""stock_status"":""observed"",""stock_signal"":""unavailable"",""rating"":""observed"",""rating_count"":""observed"",""review_count"":""observed"",""question_count"":""observed"",""delivery_summary"":""observed"",""shipping_cost"":""unavailable"",""properties"":""observed""}",true,
661530343,M,6e8eb33ab890511a10a19334c5eac7e6,463828073:126861:661530343:6e8eb33ab890511a10a19334c5eac7e6,97,merchantListing.winnerVariant.quantity,reported,2026-09-14T11:05:12.220Z,5,1,1,reported_total,"[{""merchant_id"":""126861"",""name"":""Penyemood"",""score"":9,""price"":994.03,""variant_id"":""661530343"",""listing_id"":""6e8eb33ab890511a10a19334c5eac7e6"",""stock_quantity"":97}]","[{""variant_id"":""661530355"",""label"":""S"",""in_stock"":true,""stock_quantity"":null,""selected"":false},{""variant_id"":""661530343"",""label"":""M"",""in_stock"":true,""stock_quantity"":97,""selected"":true},{""variant_id"":""661507148"",""label"":""L"",""in_stock"":true,""stock_quantity"":null,""selected"":false},{""variant_id"":""661530358"",""label"":""XL"",""in_stock"":true,""stock_quantity"":null,""selected"":false},{""variant_id"":""661530351"",""label"":""2XL"",""in_stock"":true,""stock_quantity"":null,""selected"":false}]",2509,,,,,unchanged_stock,23.99,inventory_net_decrease,2026-09-14,2026-09-14T14:00:36+03:00,hamile,BEST_SELLER,hamile-elbise,hamile elbise,10,1,110,110,,hamile:hamile-elbise,10,58,68.3,41.7,463828073,126861,463828073:126861,Catherines 873 Hamile Sabahlık,Catherines,,https://www.trendyol.com/catherines/873-hamile-sabahlik-p-463828073?boutiqueId=61&merchantId=126861,Penyemood,9,994.03,,,0,TRY,"[""Trendyol Plus'a Özel"",""75 TL Kupon"",""Kargo Bedava""]",InStock,,,,,,4.75,16,10,0,28,,"2,5B kişi favoriledi",,,,0,,,,9 saat 54 dakika içinde sipariş verirsen en geç yarın kargoda!,,,{},0,,refreshed,"[""daily_top""]",true,2026-09-14T11:05:12.220Z,0,"[""search_result_dom"",""product_detail_jsonld"",""product_detail_dom""]","{""variant_id"":""observed"",""variant_label"":""observed"",""listing_id"":""observed"",""inventory_key"":""observed"",""stock_quantity"":""observed"",""stock_quantity_source"":""observed"",""stock_quantity_kind"":""observed"",""stock_observed_at"":""observed"",""max_sale_limit"":""observed"",""seller_count"":""observed"",""seller_count_observed"":""observed"",""seller_count_kind"":""observed"",""sellers"":""observed"",""variants"":""observed"",""favorite_count"":""observed"",""inventory_decrease"":""unavailable"",""sales_estimate_daily"":""unavailable"",""sales_estimate_weekly"":""unavailable"",""sales_estimate_monthly"":""unavailable"",""sales_estimate_status"":""unavailable"",""sales_estimate_hours"":""unavailable"",""sales_estimate_source"":""unavailable"",""title"":""observed"",""brand"":""observed"",""seller_name"":""observed"",""seller_score"":""observed"",""price"":""observed"",""original_price"":""unavailable"",""campaigns"":""observed"",""stock_status"":""observed"",""stock_signal"":""unavailable"",""rating"":""observed"",""rating_count"":""observed"",""review_count"":""observed"",""question_count"":""observed"",""delivery_summary"":""observed"",""shipping_cost"":""unavailable"",""properties"":""observed""}",true,
1465758425,S,e7354f46550b5287a437edf45b9728f5,1059629463:126861:1465758425:e7354f46550b5287a437edf45b9728f5,51,merchantListing.winnerVariant.quantity,reported,2026-09-14T11:05:17.327Z,5,1,1,reported_total,"[{""merchant_id"":""126861"",""name"":""Penyemood"",""score"":9,""price"":988.79,""variant_id"":""1465758425"",""listing_id"":""e7354f46550b5287a437edf45b9728f5"",""stock_quantity"":51}]","[{""variant_id"":""1465758425"",""label"":""S"",""in_stock"":true,""stock_quantity"":51,""selected"":true},{""variant_id"":""1465756333"",""label"":""M"",""in_stock"":true,""stock_quantity"":null,""selected"":false},{""variant_id"":""1465756873"",""label"":""L"",""in_stock"":true,""stock_quantity"":null,""selected"":false},{""variant_id"":""1465753322"",""label"":""2XL"",""in_stock"":false,""stock_quantity"":null,""selected"":false}]",3928,,,,,unchanged_stock,24,inventory_net_decrease,2026-09-14,2026-09-14T14:00:36+03:00,hamile,BEST_SELLER,hamile-elbise,hamile elbise,11,1,111,111,,hamile:hamile-elbise,11,44,67.4,40.1,1059629463,126861,1059629463:126861,Catherines 872 Lohusa Elbise,Catherines,Hamile Elbisesi,https://www.trendyol.com/catherines/872-lohusa-elbise-p-1059629463?boutiqueId=61&merchantId=126861,Penyemood,9,988.79,,,0,TRY,"[""Trendyol Plus'a Özel"",""75 TL Kupon"",""Kargo Bedava""]",InStock,,,,,,4.545454545454546,22,14,0,12,,"3,9B kişi favoriledi",Son 24 saatte 306 kişi görüntüledi,4999,TRY,0,1,1,3,9 saat 54 dakika içinde sipariş verirsen en geç yarın kargoda!,,https://cdn.dsmcdn.com/ty1795/prod/QC_PREP/20251202/17/8ba2fac2-bd69-3b31-838a-ac8d6c59a6c9/1_org_zoom.jpg,"{""Yaka Tipi"":""V Yaka"",""Kumaş Tipi"":""Belirtilmemiş"",""Kol Tipi"":""Kısa Kol"",""Desen"":""Düz"",""Kalıp"":""Relaxed"",""Renk"":""Lacivert"",""Materyal"":""Viskoz"",""Boy"":""Uzun"",""Ortam"":""Günlük"",""Kol Boyu"":""Kısa"",""Yıkama Talimatı"":""https://cdn.dsmcdn.com/ty376/product/charts/carelabel/wash_at_30_delicate.jpg"",""Menşei"":""TR""}",14,4.36,refreshed,"[""daily_top""]",true,2026-09-14T11:05:17.328Z,0,"[""search_result_dom"",""product_detail_jsonld"",""product_detail_dom""]","{""variant_id"":""observed"",""variant_label"":""observed"",""listing_id"":""observed"",""inventory_key"":""observed"",""stock_quantity"":""observed"",""stock_quantity_source"":""observed"",""stock_quantity_kind"":""observed"",""stock_observed_at"":""observed"",""max_sale_limit"":""observed"",""seller_count"":""observed"",""seller_count_observed"":""observed"",""seller_count_kind"":""observed"",""sellers"":""observed"",""variants"":""observed"",""favorite_count"":""observed"",""inventory_decrease"":""unavailable"",""sales_estimate_daily"":""unavailable"",""sales_estimate_weekly"":""unavailable"",""sales_estimate_monthly"":""unavailable"",""sales_estimate_status"":""unavailable"",""sales_estimate_hours"":""unavailable"",""sales_estimate_source"":""unavailable"",""title"":""observed"",""brand"":""observed"",""seller_name"":""observed"",""seller_score"":""observed"",""price"":""observed"",""original_price"":""unavailable"",""campaigns"":""observed"",""stock_status"":""observed"",""stock_signal"":""unavailable"",""rating"":""observed"",""rating_count"":""observed"",""review_count"":""observed"",""question_count"":""observed"",""delivery_summary"":""observed"",""shipping_cost"":""observed"",""properties"":""observed""}",true,
1429795957,S,be91aaaa72716fa1de83248543c3d853,1032329041:126861:1429795957:be91aaaa72716fa1de83248543c3d853,108,merchantListing.winnerVariant.quantity,reported,2026-09-14T11:05:17.395Z,10,1,1,reported_total,"[{""merchant_id"":""126861"",""name"":""Penyemood"",""score"":9,""price"":1560,""variant_id"":""1429795957"",""listing_id"":""be91aaaa72716fa1de83248543c3d853"",""stock_quantity"":108}]","[{""variant_id"":""1429795957"",""label"":""S"",""in_stock"":true,""stock_quantity"":108,""selected"":true},{""variant_id"":""1429800075"",""label"":""M"",""in_stock"":true,""stock_quantity"":null,""selected"":false},{""variant_id"":""1429790150"",""label"":""L"",""in_stock"":true,""stock_quantity"":null,""selected"":false},{""variant_id"":""1429750453"",""label"":""XL"",""in_stock"":true,""stock_quantity"":null,""selected"":false},{""variant_id"":""1429781525"",""label"":""2XL"",""in_stock"":true,""stock_quantity"":null,""selected"":false}]",5529,,,,,unchanged_stock,23.99,inventory_net_decrease,2026-09-14,2026-09-14T14:00:36+03:00,hamile,BEST_SELLER,hamile-elbise,hamile elbise,12,1,112,112,,hamile:hamile-elbise,12,74,67.6,37.4,1032329041,126861,1032329041:126861,Catherines Comfort Mood Hamile Pijama Takımı,Catherines,,https://www.trendyol.com/catherines/comfort-mood-hamile-pijama-takimi-p-1032329041?boutiqueId=61&merchantId=126861,Penyemood,9,1560,,,0,TRY,"[""Trendyol Plus'a Özel"",""100 TL Kupon"",""Kargo Bedava"",""Peşin Fiyatına 3 Taksit""]",InStock,,,,,,4.826923076923077,52,27,0,8,,"5,5B kişi favoriledi",,,,0,,,,9 saat 54 dakika içinde sipariş verirsen en geç yarın kargoda!,,,{},0,,refreshed,"[""daily_top"",""hot_change""]",true,2026-09-14T11:05:17.396Z,0,"[""search_result_dom"",""product_detail_jsonld"",""product_detail_dom""]","{""variant_id"":""observed"",""variant_label"":""observed"",""listing_id"":""observed"",""inventory_key"":""observed"",""stock_quantity"":""observed"",""stock_quantity_source"":""observed"",""stock_quantity_kind"":""observed"",""stock_observed_at"":""observed"",""max_sale_limit"":""observed"",""seller_count"":""observed"",""seller_count_observed"":""observed"",""seller_count_kind"":""observed"",""sellers"":""observed"",""variants"":""observed"",""favorite_count"":""observed"",""inventory_decrease"":""unavailable"",""sales_estimate_daily"":""unavailable"",""sales_estimate_weekly"":""unavailable"",""sales_estimate_monthly"":""unavailable"",""sales_estimate_status"":""unavailable"",""sales_estimate_hours"":""unavailable"",""sales_estimate_source"":""unavailable"",""title"":""observed"",""brand"":""observed"",""seller_name"":""observed"",""seller_score"":""observed"",""price"":""observed"",""original_price"":""unavailable"",""campaigns"":""observed"",""stock_status"":""observed"",""stock_signal"":""unavailable"",""rating"":""observed"",""rating_count"":""observed"",""review_count"":""observed"",""question_count"":""observed"",""delivery_summary"":""observed"",""shipping_cost"":""unavailable"",""properties"":""observed""}",true,
1557807235,S,3c7a782f79c0b9ad12bc823928114b67,1118472616:126861:1557807235:3c7a782f79c0b9ad12bc823928114b67,64,merchantListing.winnerVariant.quantity,reported,2026-09-14T11:05:17.287Z,5,1,1,reported_total,"[{""merchant_id"":""126861"",""name"":""Penyemood"",""score"":9,""price"":797.1,""variant_id"":""1557807235"",""listing_id"":""3c7a782f79c0b9ad12bc823928114b67"",""stock_quantity"":64}]","[{""variant_id"":""1557807235"",""label"":""S"",""in_stock"":true,""stock_quantity"":64,""selected"":true},{""variant_id"":""1557807829"",""label"":""XL"",""in_stock"":true,""stock_quantity"":null,""selected"":false},{""variant_id"":""1557807453"",""label"":""X"",""in_stock"":true,""stock_quantity"":null,""selected"":false}]",1292,4,4,,,estimated,24,inventory_net_decrease,2026-09-14,2026-09-14T14:00:36+03:00,hamile,BEST_SELLER,hamile-elbise,hamile elbise,13,1,113,113,,hamile:hamile-elbise,13,48,63.6,38.9,1118472616,126861,1118472616:126861,Catherines Emzirme detaylı askılı lohusa gecelik,Catherines,Lohusa Seti,https://www.trendyol.com/catherines/emzirme-detayli-askili-lohusa-gecelik-p-1118472616?boutiqueId=61&merchantId=126861,Penyemood,9,797.1,,,0,TRY,"[""Trendyol Plus'a Özel"",""Kargo Bedava""]",InStock,,,,,,4.8108108108108105,37,15,0,6,,"1,3B kişi favoriledi",,4999,TRY,0,1,1,3,9 saat 54 dakika içinde sipariş verirsen en geç yarın kargoda!,,https://cdn.dsmcdn.com/ty1836/prod/QC_PREP/20260313/02/0e824af2-2193-3961-9308-edd06f57f25a/1_org_zoom.jpg,"{""Renk"":""Mor"",""Materyal Bileşeni"":""%94 Viskon, %6 Elastan"",""Menşei"":""TR""}",15,4.93,refreshed,"[""daily_top""]",true,2026-09-14T11:05:17.287Z,0,"[""search_result_dom"",""product_detail_jsonld"",""product_detail_dom""]","{""variant_id"":""observed"",""variant_label"":""observed"",""listing_id"":""observed"",""inventory_key"":""observed"",""stock_quantity"":""observed"",""stock_quantity_source"":""observed"",""stock_quantity_kind"":""observed"",""stock_observed_at"":""observed"",""max_sale_limit"":""observed"",""seller_count"":""observed"",""seller_count_observed"":""observed"",""seller_count_kind"":""observed"",""sellers"":""observed"",""variants"":""observed"",""favorite_count"":""observed"",""inventory_decrease"":""unavailable"",""sales_estimate_daily"":""unavailable"",""sales_estimate_weekly"":""unavailable"",""sales_estimate_monthly"":""unavailable"",""sales_estimate_status"":""unavailable"",""sales_estimate_hours"":""unavailable"",""sales_estimate_source"":""unavailable"",""title"":""observed"",""brand"":""observed"",""seller_name"":""observed"",""seller_score"":""observed"",""price"":""observed"",""original_price"":""unavailable"",""campaigns"":""observed"",""stock_status"":""observed"",""stock_signal"":""unavailable"",""rating"":""observed"",""rating_count"":""observed"",""review_count"":""observed"",""question_count"":""observed"",""delivery_summary"":""observed"",""shipping_cost"":""observed"",""properties"":""observed""}",true,
1656212252,M,fe6c3a0b9989b001b6dd81fab628d562,1181074964:175525:1656212252:fe6c3a0b9989b001b6dd81fab628d562,16,merchantListing.winnerVariant.quantity,reported,2026-09-14T11:05:22.335Z,10,1,1,reported_total,"[{""merchant_id"":""175525"",""name"":""Miss Dünya Lissa"",""score"":8.6,""price"":1309.99,""variant_id"":""1656212252"",""listing_id"":""fe6c3a0b9989b001b6dd81fab628d562"",""stock_quantity"":16}]","[{""variant_id"":""1656212252"",""label"":""M"",""in_stock"":true,""stock_quantity"":16,""selected"":true},{""variant_id"":""1656212255"",""label"":""L"",""in_stock"":true,""stock_quantity"":null,""selected"":false},{""variant_id"":""1656212253"",""label"":""XL"",""in_stock"":true,""stock_quantity"":null,""selected"":false},{""variant_id"":""1656212254"",""label"":""2XL"",""in_stock"":true,""stock_quantity"":null,""selected"":false}]",2085,1,1,,,estimated,24.02,inventory_net_decrease,2026-09-14,2026-09-14T14:00:36+03:00,hamile,BEST_SELLER,hamile-elbise,hamile elbise,14,1,114,114,6,hamile:hamile-elbise,14,6,59.6,40.4,1181074964,175525,1181074964:175525,Miss Dünya Lissa Alina Sabahlıklı Emzirmeye Uygun Dantel Detaylı Sıfır Kol Hamile ve Lohusa Gecelik Takımı,Miss Dünya Lissa,,https://www.trendyol.com/miss-dunya-lissa/alina-sabahlikli-emzirmeye-uygun-dantel-detayli-sifir-kol-hamile-ve-lohusa-gecelik-takimi-p-1181074964?boutiqueId=61&merchantId=175525,Miss Dünya Lissa,8.6,1309.99,,,21.1,TRY,"[""Kargo Bedava"",""Peşin Fiyatına 3 Taksit""]",InStock,,,,,,3.9,10,8,0,18,,2B kişi favoriledi,Son 24 saatte 651 kişi görüntüledi,,,0,,,,Tahmini Teslim:,En Çok Ziyaret Edilen 1. Ürün,,{},0,,refreshed,"[""daily_top""]",true,2026-09-14T11:05:22.335Z,0,"[""search_result_dom"",""product_detail_jsonld"",""product_detail_dom""]","{""variant_id"":""observed"",""variant_label"":""observed"",""listing_id"":""observed"",""inventory_key"":""observed"",""stock_quantity"":""observed"",""stock_quantity_source"":""observed"",""stock_quantity_kind"":""observed"",""stock_observed_at"":""observed"",""max_sale_limit"":""observed"",""seller_count"":""observed"",""seller_count_observed"":""observed"",""seller_count_kind"":""observed"",""sellers"":""observed"",""variants"":""observed"",""favorite_count"":""observed"",""inventory_decrease"":""unavailable"",""sales_estimate_daily"":""unavailable"",""sales_estimate_weekly"":""unavailable"",""sales_estimate_monthly"":""unavailable"",""sales_estimate_status"":""unavailable"",""sales_estimate_hours"":""unavailable"",""sales_estimate_source"":""unavailable"",""title"":""observed"",""brand"":""observed"",""seller_name"":""observed"",""seller_score"":""observed"",""price"":""observed"",""original_price"":""unavailable"",""campaigns"":""observed"",""stock_status"":""observed"",""stock_signal"":""unavailable"",""rating"":""observed"",""rating_count"":""observed"",""review_count"":""observed"",""question_count"":""observed"",""delivery_summary"":""observed"",""shipping_cost"":""unavailable"",""properties"":""observed""}",true,
490733526,L,ecdff16f247376029bc67eaf476c3af7,307226519:175525:490733526:ecdff16f247376029bc67eaf476c3af7,25,merchantListing.winnerVariant.quantity,reported,2026-09-14T11:05:22.257Z,10,1,1,reported_total,"[{""merchant_id"":""175525"",""name"":""Miss Dünya Lissa"",""score"":8.6,""price"":1239.99,""variant_id"":""490733526"",""listing_id"":""ecdff16f247376029bc67eaf476c3af7"",""stock_quantity"":25}]","[{""variant_id"":""490733526"",""label"":""L"",""in_stock"":true,""stock_quantity"":25,""selected"":true},{""variant_id"":""490712853"",""label"":""XL"",""in_stock"":true,""stock_quantity"":null,""selected"":false},{""variant_id"":""490733529"",""label"":""2XL"",""in_stock"":true,""stock_quantity"":null,""selected"":false},{""variant_id"":""490733533"",""label"":""M"",""in_stock"":false,""stock_quantity"":null,""selected"":false}]",28294,1,1,,,estimated,24.02,inventory_net_decrease,2026-09-14,2026-09-14T14:00:36+03:00,hamile,BEST_SELLER,hamile-elbise,hamile elbise,15,1,115,115,4,hamile:hamile-elbise,15,1,72.8,24.7,307226519,175525,307226519:175525,Miss Dünya Lissa Mavi Çizgi Desenli Lohusa Ve Hamile Pijama Takım,Miss Dünya Lissa,,https://www.trendyol.com/miss-dunya-lissa/mavi-cizgi-desenli-lohusa-ve-hamile-pijama-takim-p-307226519?boutiqueId=61&merchantId=175525,Miss Dünya Lissa,8.6,1239.99,,,0,TRY,"[""Kargo Bedava"",""Peşin Fiyatına 3 Taksit""]",InStock,,,,,,4.616928446771379,1146,708,0,196,,"28,3B kişi favoriledi",,,,0,,,,Tahmini Teslim:,,,{},0,,refreshed,"[""daily_top""]",true,2026-09-14T11:05:22.257Z,0,"[""search_result_dom"",""product_detail_jsonld"",""product_detail_dom""]","{""variant_id"":""observed"",""variant_label"":""observed"",""listing_id"":""observed"",""inventory_key"":""observed"",""stock_quantity"":""observed"",""stock_quantity_source"":""observed"",""stock_quantity_kind"":""observed"",""stock_observed_at"":""observed"",""max_sale_limit"":""observed"",""seller_count"":""observed"",""seller_count_observed"":""observed"",""seller_count_kind"":""observed"",""sellers"":""observed"",""variants"":""observed"",""favorite_count"":""observed"",""inventory_decrease"":""unavailable"",""sales_estimate_daily"":""unavailable"",""sales_estimate_weekly"":""unavailable"",""sales_estimate_monthly"":""unavailable"",""sales_estimate_status"":""unavailable"",""sales_estimate_hours"":""unavailable"",""sales_estimate_source"":""unavailable"",""title"":""observed"",""brand"":""observed"",""seller_name"":""observed"",""seller_score"":""observed"",""price"":""observed"",""original_price"":""unavailable"",""campaigns"":""observed"",""stock_status"":""observed"",""stock_signal"":""unavailable"",""rating"":""observed"",""rating_count"":""observed"",""review_count"":""observed"",""question_count"":""observed"",""delivery_summary"":""observed"",""shipping_cost"":""unavailable"",""properties"":""observed""}",true,
1089150748,M,50cf98eda3b489583f3600fa1e3d1860,816224335:175525:1089150748:50cf98eda3b489583f3600fa1e3d1860,4928,merchantListing.winnerVariant.quantity,reported,2026-09-14T11:05:22.044Z,10,1,1,reported_total,"[{""merchant_id"":""175525"",""name"":""Miss Dünya Lissa"",""score"":8.6,""price"":949.99,""variant_id"":""1089150748"",""listing_id"":""50cf98eda3b489583f3600fa1e3d1860"",""stock_quantity"":4928}]","[{""variant_id"":""1089150748"",""label"":""M"",""in_stock"":true,""stock_quantity"":4928,""selected"":true},{""variant_id"":""1089150746"",""label"":""L"",""in_stock"":true,""stock_quantity"":null,""selected"":false},{""variant_id"":""1089150745"",""label"":""XL"",""in_stock"":true,""stock_quantity"":null,""selected"":false},{""variant_id"":""1089150749"",""label"":""2XL"",""in_stock"":true,""stock_quantity"":null,""selected"":false}]",11585,1,1,,,estimated,24.02,inventory_net_decrease,2026-09-14,2026-09-14T14:00:36+03:00,hamile,BEST_SELLER,hamile-elbise,hamile elbise,16,1,116,116,9,hamile:hamile-elbise,16,2,66.3,28.7,816224335,175525,816224335:175525,Miss Dünya Lissa Önden Bağlamalı Geniş Şerit Yakalı Hamile ve Lohusa Pijama Takımı,Miss Dünya Lissa,,https://www.trendyol.com/miss-dunya-lissa/onden-baglamali-genis-serit-yakali-hamile-ve-lohusa-pijama-takimi-p-816224335?boutiqueId=61&merchantId=175525,Miss Dünya Lissa,8.6,949.99,,,0,TRY,"[""Kargo Bedava""]",InStock,,,,,,4.259938837920489,327,192,0,63,,"11,5B kişi favoriledi",,,,0,,,,Tahmini Teslim:,Fenomen Seçimi,,{},0,,refreshed,"[""daily_top""]",true,2026-09-14T11:05:22.049Z,0,"[""search_result_dom"",""product_detail_jsonld"",""product_detail_dom""]","{""variant_id"":""observed"",""variant_label"":""observed"",""listing_id"":""observed"",""inventory_key"":""observed"",""stock_quantity"":""observed"",""stock_quantity_source"":""observed"",""stock_quantity_kind"":""observed"",""stock_observed_at"":""observed"",""max_sale_limit"":""observed"",""seller_count"":""observed"",""seller_count_observed"":""observed"",""seller_count_kind"":""observed"",""sellers"":""observed"",""variants"":""observed"",""favorite_count"":""observed"",""inventory_decrease"":""unavailable"",""sales_estimate_daily"":""unavailable"",""sales_estimate_weekly"":""unavailable"",""sales_estimate_monthly"":""unavailable"",""sales_estimate_status"":""unavailable"",""sales_estimate_hours"":""unavailable"",""sales_estimate_source"":""unavailable"",""title"":""observed"",""brand"":""observed"",""seller_name"":""observed"",""seller_score"":""observed"",""price"":""observed"",""original_price"":""unavailable"",""campaigns"":""observed"",""stock_status"":""observed"",""stock_signal"":""unavailable"",""rating"":""observed"",""rating_count"":""observed"",""review_count"":""observed"",""question_count"":""observed"",""delivery_summary"":""observed"",""shipping_cost"":""unavailable"",""properties"":""observed""}",true,
1052142453,M,5bf457cd4e1e13284df3916d29270c02,792494698:175525:1052142453:5bf457cd4e1e13284df3916d29270c02,914,merchantListing.winnerVariant.quantity,reported,2026-09-14T11:05:26.533Z,10,1,1,reported_total,"[{""merchant_id"":""175525"",""name"":""Miss Dünya Lissa"",""score"":8.6,""price"":749.99,""variant_id"":""1052142453"",""listing_id"":""5bf457cd4e1e13284df3916d29270c02"",""stock_quantity"":914}]","[{""variant_id"":""1052142453"",""label"":""M"",""in_stock"":true,""stock_quantity"":914,""selected"":true},{""variant_id"":""1052142454"",""label"":""L"",""in_stock"":true,""stock_quantity"":null,""selected"":false},{""variant_id"":""1052142449"",""label"":""XL"",""in_stock"":true,""stock_quantity"":null,""selected"":false},{""variant_id"":""1052142448"",""label"":""2XL"",""in_stock"":true,""stock_quantity"":null,""selected"":false}]",14120,,,,,unchanged_stock,24.03,inventory_net_decrease,2026-09-14,2026-09-14T14:00:36+03:00,hamile,BEST_SELLER,hamile-elbise,hamile elbise,17,1,117,117,7,hamile:hamile-elbise,17,13,67.5,25,792494698,175525,792494698:175525,Miss Dünya Lissa Siyah Gömlek Yaka Önden Düğmeli Hamile ve Lohusa Gecelik,Miss Dünya Lissa,,https://www.trendyol.com/miss-dunya-lissa/siyah-gomlek-yaka-onden-dugmeli-hamile-ve-lohusa-gecelik-p-792494698?boutiqueId=61&merchantId=175525,Miss Dünya Lissa,8.6,749.99,,,0,TRY,"[""Kargo Bedava""]",InStock,,,,,,4.604968944099379,805,489,0,101,,"14,1B kişi favoriledi",,,,0,,,,Tahmini Teslim:,,,{},0,,refreshed,"[""daily_top""]",true,2026-09-14T11:05:26.533Z,0,"[""search_result_dom"",""product_detail_jsonld"",""product_detail_dom""]","{""variant_id"":""observed"",""variant_label"":""observed"",""listing_id"":""observed"",""inventory_key"":""observed"",""stock_quantity"":""observed"",""stock_quantity_source"":""observed"",""stock_quantity_kind"":""observed"",""stock_observed_at"":""observed"",""max_sale_limit"":""observed"",""seller_count"":""observed"",""seller_count_observed"":""observed"",""seller_count_kind"":""observed"",""sellers"":""observed"",""variants"":""observed"",""favorite_count"":""observed"",""inventory_decrease"":""unavailable"",""sales_estimate_daily"":""unavailable"",""sales_estimate_weekly"":""unavailable"",""sales_estimate_monthly"":""unavailable"",""sales_estimate_status"":""unavailable"",""sales_estimate_hours"":""unavailable"",""sales_estimate_source"":""unavailable"",""title"":""observed"",""brand"":""observed"",""seller_name"":""observed"",""seller_score"":""observed"",""price"":""observed"",""original_price"":""unavailable"",""campaigns"":""observed"",""stock_status"":""observed"",""stock_signal"":""unavailable"",""rating"":""observed"",""rating_count"":""observed"",""review_count"":""observed"",""question_count"":""observed"",""delivery_summary"":""observed"",""shipping_cost"":""unavailable"",""properties"":""observed""}",true,
1089012739,M,f89aa4c643f95b62f6074bf43ee3176f,816134648:175525:1089012739:f89aa4c643f95b62f6074bf43ee3176f,86,merchantListing.winnerVariant.quantity,reported,2026-09-14T11:05:26.885Z,10,1,1,reported_total,"[{""merchant_id"":""175525"",""name"":""Miss Dünya Lissa"",""score"":8.6,""price"":749.99,""variant_id"":""1089012739"",""listing_id"":""f89aa4c643f95b62f6074bf43ee3176f"",""stock_quantity"":86}]","[{""variant_id"":""1089012739"",""label"":""M"",""in_stock"":true,""stock_quantity"":86,""selected"":true},{""variant_id"":""1089012738"",""label"":""L"",""in_stock"":true,""stock_quantity"":null,""selected"":false},{""variant_id"":""1089012737"",""label"":""XL"",""in_stock"":true,""stock_quantity"":null,""selected"":false},{""variant_id"":""1089012740"",""label"":""2XL"",""in_stock"":true,""stock_quantity"":null,""selected"":false}]",5944,,,,,unchanged_stock,24.02,inventory_net_decrease,2026-09-14,2026-09-14T14:00:36+03:00,hamile,BEST_SELLER,hamile-elbise,hamile elbise,18,1,118,118,5,hamile:hamile-elbise,18,3,63.1,26.9,816134648,175525,816134648:175525,Miss Dünya Lissa Düğmeli Şerit Detaylı Hamile ve Lohusa Gecelik,Miss Dünya Lissa,,https://www.trendyol.com/miss-dunya-lissa/dugmeli-serit-detayli-hamile-ve-lohusa-gecelik-p-816134648?boutiqueId=61&merchantId=175525,Miss Dünya Lissa,8.6,749.99,,,17.5,TRY,"[""Kargo Bedava""]",InStock,,,,,,4.723897911832946,431,242,0,45,,"5,9B kişi favoriledi",,,,0,,,,Tahmini Teslim:,,,{},0,,refreshed,"[""daily_top""]",true,2026-09-14T11:05:26.885Z,0,"[""search_result_dom"",""product_detail_jsonld"",""product_detail_dom""]","{""variant_id"":""observed"",""variant_label"":""observed"",""listing_id"":""observed"",""inventory_key"":""observed"",""stock_quantity"":""observed"",""stock_quantity_source"":""observed"",""stock_quantity_kind"":""observed"",""stock_observed_at"":""observed"",""max_sale_limit"":""observed"",""seller_count"":""observed"",""seller_count_observed"":""observed"",""seller_count_kind"":""observed"",""sellers"":""observed"",""variants"":""observed"",""favorite_count"":""observed"",""inventory_decrease"":""unavailable"",""sales_estimate_daily"":""unavailable"",""sales_estimate_weekly"":""unavailable"",""sales_estimate_monthly"":""unavailable"",""sales_estimate_status"":""unavailable"",""sales_estimate_hours"":""unavailable"",""sales_estimate_source"":""unavailable"",""title"":""observed"",""brand"":""observed"",""seller_name"":""observed"",""seller_score"":""observed"",""price"":""observed"",""original_price"":""unavailable"",""campaigns"":""observed"",""stock_status"":""observed"",""stock_signal"":""unavailable"",""rating"":""observed"",""rating_count"":""observed"",""review_count"":""observed"",""question_count"":""observed"",""delivery_summary"":""observed"",""shipping_cost"":""unavailable"",""properties"":""observed""}",true,
667726712,S,84a1c826c96a37713c4572b1d7bbd3cb,468237314:719046:667726712:84a1c826c96a37713c4572b1d7bbd3cb,890,merchantListing.winnerVariant.quantity,reported,2026-09-14T11:05:26.842Z,10,1,1,reported_total,"[{""merchant_id"":""719046"",""name"":""ByLohusa"",""score"":9.2,""price"":2399.99,""variant_id"":""667726712"",""listing_id"":""84a1c826c96a37713c4572b1d7bbd3cb"",""stock_quantity"":890}]","[{""variant_id"":""667726712"",""label"":""S"",""in_stock"":true,""stock_quantity"":890,""selected"":true},{""variant_id"":""667726700"",""label"":""M"",""in_stock"":true,""stock_quantity"":null,""selected"":false},{""variant_id"":""667726706"",""label"":""L"",""in_stock"":true,""stock_quantity"":null,""selected"":false},{""variant_id"":""667708613"",""label"":""XL"",""in_stock"":true,""stock_quantity"":null,""selected"":false},{""variant_id"":""667726694"",""label"":""2XL"",""in_stock"":true,""stock_quantity"":null,""selected"":false}]",18435,,,,,unchanged_stock,24.02,inventory_net_decrease,2026-09-14,2026-09-14T14:00:36+03:00,hamile,BEST_SELLER,hamile-elbise,hamile elbise,19,1,119,119,10,hamile:hamile-elbise,19,-5,60.2,27.3,468237314,719046,468237314:719046,ByLohusa Effortt Ekru Sabahlıklı Hamile Lohusa Gecelik Takım,ByLohusa,,https://www.trendyol.com/bylohusa/effortt-ekru-sabahlikli-hamile-lohusa-gecelik-takim-p-468237314?boutiqueId=61&merchantId=719046,ByLohusa,9.2,2399.99,,,28,TRY,"[""Sepette %1 İndirim"",""Kargo Bedava"",""Peşin Fiyatına 3 Taksit"",""Trendyol Plus'a Özel""]",InStock,,,,,,4.520900321543408,311,186,0,130,,"18,4B kişi favoriledi",Son 24 saatte 445 kişi görüntüledi,,,0,,,,9 saat 54 dakika içinde sipariş verirsen en geç yarın kargoda!,En Çok Favorilenen 2. Ürün,,{},0,,refreshed,"[""daily_top""]",true,2026-09-14T11:05:26.842Z,0,"[""search_result_dom"",""product_detail_jsonld"",""product_detail_dom""]","{""variant_id"":""observed"",""variant_label"":""observed"",""listing_id"":""observed"",""inventory_key"":""observed"",""stock_quantity"":""observed"",""stock_quantity_source"":""observed"",""stock_quantity_kind"":""observed"",""stock_observed_at"":""observed"",""max_sale_limit"":""observed"",""seller_count"":""observed"",""seller_count_observed"":""observed"",""seller_count_kind"":""observed"",""sellers"":""observed"",""variants"":""observed"",""favorite_count"":""observed"",""inventory_decrease"":""unavailable"",""sales_estimate_daily"":""unavailable"",""sales_estimate_weekly"":""unavailable"",""sales_estimate_monthly"":""unavailable"",""sales_estimate_status"":""unavailable"",""sales_estimate_hours"":""unavailable"",""sales_estimate_source"":""unavailable"",""title"":""observed"",""brand"":""observed"",""seller_name"":""observed"",""seller_score"":""observed"",""price"":""observed"",""original_price"":""unavailable"",""campaigns"":""observed"",""stock_status"":""observed"",""stock_signal"":""unavailable"",""rating"":""observed"",""rating_count"":""observed"",""review_count"":""observed"",""question_count"":""observed"",""delivery_summary"":""observed"",""shipping_cost"":""unavailable"",""properties"":""observed""}",true,
1663633577,M,31bea17840742c97d3973a2082f6f41d,1185944284:175525:1663633577:31bea17840742c97d3973a2082f6f41d,5,merchantListing.winnerVariant.quantity,reported,2026-09-14T11:05:31.184Z,10,1,1,reported_total,"[{""merchant_id"":""175525"",""name"":""Miss Dünya Lissa"",""score"":8.6,""price"":1309.99,""variant_id"":""1663633577"",""listing_id"":""31bea17840742c97d3973a2082f6f41d"",""stock_quantity"":5}]","[{""variant_id"":""1663633577"",""label"":""M"",""in_stock"":true,""stock_quantity"":5,""selected"":true},{""variant_id"":""1663633579"",""label"":""L"",""in_stock"":true,""stock_quantity"":null,""selected"":false},{""variant_id"":""1663633580"",""label"":""XL"",""in_stock"":true,""stock_quantity"":null,""selected"":false},{""variant_id"":""1663633578"",""label"":""2XL"",""in_stock"":true,""stock_quantity"":null,""selected"":false}]",478,2,2,,,estimated,24.02,inventory_net_decrease,2026-09-14,2026-09-14T14:00:36+03:00,hamile,BEST_SELLER,hamile-elbise,hamile elbise,20,1,120,120,9,hamile:hamile-elbise,20,4,42.4,42.6,1185944284,175525,1185944284:175525,Miss Dünya Lissa Alina Sabahlıklı Emzirmeye Uygun Dantel Detaylı Sıfır Kol Hamile ve Lohusa Gecelik Takımı,Miss Dünya Lissa,,https://www.trendyol.com/miss-dunya-lissa/alina-sabahlikli-emzirmeye-uygun-dantel-detayli-sifir-kol-hamile-ve-lohusa-gecelik-takimi-p-1185944284?boutiqueId=61&merchantId=175525,Miss Dünya Lissa,8.6,1309.99,,,0,TRY,"[""Kargo Bedava"",""Peşin Fiyatına 3 Taksit""]",InStock,Tükeniyor,,,,,3,2,1,0,8,,490 kişi favoriledi,,,,0,,,,Tahmini Teslim:,En Çok Satan 9. Ürün,,{},0,,refreshed,"[""daily_top""]",true,2026-09-14T11:05:31.185Z,0,"[""search_result_dom"",""product_detail_jsonld"",""product_detail_dom""]","{""variant_id"":""observed"",""variant_label"":""observed"",""listing_id"":""observed"",""inventory_key"":""observed"",""stock_quantity"":""observed"",""stock_quantity_source"":""observed"",""stock_quantity_kind"":""observed"",""stock_observed_at"":""observed"",""max_sale_limit"":""observed"",""seller_count"":""observed"",""seller_count_observed"":""observed"",""seller_count_kind"":""observed"",""sellers"":""observed"",""variants"":""observed"",""favorite_count"":""observed"",""inventory_decrease"":""unavailable"",""sales_estimate_daily"":""unavailable"",""sales_estimate_weekly"":""unavailable"",""sales_estimate_monthly"":""unavailable"",""sales_estimate_status"":""unavailable"",""sales_estimate_hours"":""unavailable"",""sales_estimate_source"":""unavailable"",""title"":""observed"",""brand"":""observed"",""seller_name"":""observed"",""seller_score"":""observed"",""price"":""observed"",""original_price"":""unavailable"",""campaigns"":""observed"",""stock_status"":""observed"",""stock_signal"":""observed"",""rating"":""observed"",""rating_count"":""observed"",""review_count"":""observed"",""question_count"":""observed"",""delivery_summary"":""observed"",""shipping_cost"":""unavailable"",""properties"":""observed""}",true,
1024447528,S,f37a817a5202bfbee9f4f4dc1438bc6c,774432252:126861:1024447528:f37a817a5202bfbee9f4f4dc1438bc6c,114,merchantListing.winnerVariant.quantity,reported,2026-09-14T11:05:31.489Z,5,1,1,reported_total,"[{""merchant_id"":""126861"",""name"":""Penyemood"",""score"":9,""price"":1090.05,""variant_id"":""1024447528"",""listing_id"":""f37a817a5202bfbee9f4f4dc1438bc6c"",""stock_quantity"":114}]","[{""variant_id"":""1024447528"",""label"":""S"",""in_stock"":true,""stock_quantity"":114,""selected"":true},{""variant_id"":""1024447530"",""label"":""M"",""in_stock"":true,""stock_quantity"":null,""selected"":false},{""variant_id"":""1024447527"",""label"":""L"",""in_stock"":true,""stock_quantity"":null,""selected"":false},{""variant_id"":""1024447526"",""label"":""XL"",""in_stock"":true,""stock_quantity"":null,""selected"":false},{""variant_id"":""1024447529"",""label"":""2XL"",""in_stock"":true,""stock_quantity"":null,""selected"":false}]",10208,,,,,unchanged_stock,24.02,inventory_net_decrease,2026-09-14,2026-09-14T14:00:36+03:00,hamile,BEST_SELLER,hamile-elbise,hamile elbise,21,1,121,121,3,hamile:hamile-elbise,21,8,52.8,29.7,774432252,126861,774432252:126861,Catherines Yumuşak Dokulu Hamile Elbisesi,Catherines,Hamile Elbisesi,https://www.trendyol.com/catherines/yumusak-dokulu-hamile-elbisesi-p-774432252?boutiqueId=61&merchantId=126861,Penyemood,9,1090.05,,,0,TRY,"[""100 TL Kupon"",""Kargo Bedava"",""Peşin Fiyatına 3 Taksit"",""Trendyol Plus'a Özel""]",InStock,,,,,,4.710743801652892,121,70,0,27,,"10,2B kişi favoriledi",,4999,TRY,0,1,1,3,9 saat 54 dakika içinde sipariş verirsen en geç yarın kargoda!,En Çok Satan 3. Ürün,https://cdn.dsmcdn.com/ty1322/product/media/images/prod/QC/20240521/20/80f9ffe4-9997-3bea-85ac-b18ca212b9a8/1_org_zoom.jpg,"{""Yaka Tipi"":""Kruvaze"",""Kumaş Tipi"":""Örme"",""Cep"":""Cepsiz"",""Kol Tipi"":""Standart Kol"",""Desen"":""Çiçekli"",""Kalıp"":""Relaxed"",""Renk"":""Çok Renkli"",""Ortam"":""Günlük"",""Kol Boyu"":""Uzun"",""Siluet"":""A-line"",""Materyal Bileşeni"":""%100 Viskoz"",""Yıkama Talimatı"":""Type 1"",""Koleksiyon"":""Hamile"",""Sürdürülebilirlik Detayı"":""Hayır"",""Paket İçeriği"":""Tekli""}",20,5,refreshed,"[""daily_top""]",true,2026-09-14T11:05:31.490Z,0,"[""search_result_dom"",""product_detail_jsonld"",""product_detail_dom""]","{""variant_id"":""observed"",""variant_label"":""observed"",""listing_id"":""observed"",""inventory_key"":""observed"",""stock_quantity"":""observed"",""stock_quantity_source"":""observed"",""stock_quantity_kind"":""observed"",""stock_observed_at"":""observed"",""max_sale_limit"":""observed"",""seller_count"":""observed"",""seller_count_observed"":""observed"",""seller_count_kind"":""observed"",""sellers"":""observed"",""variants"":""observed"",""favorite_count"":""observed"",""inventory_decrease"":""unavailable"",""sales_estimate_daily"":""unavailable"",""sales_estimate_weekly"":""unavailable"",""sales_estimate_monthly"":""unavailable"",""sales_estimate_status"":""unavailable"",""sales_estimate_hours"":""unavailable"",""sales_estimate_source"":""unavailable"",""title"":""observed"",""brand"":""observed"",""seller_name"":""observed"",""seller_score"":""observed"",""price"":""observed"",""original_price"":""unavailable"",""campaigns"":""observed"",""stock_status"":""observed"",""stock_signal"":""unavailable"",""rating"":""observed"",""rating_count"":""observed"",""review_count"":""observed"",""question_count"":""observed"",""delivery_summary"":""observed"",""shipping_cost"":""observed"",""properties"":""observed""}",true,
1378531075,M,249b94d70aad933cecc8d43ca1b6d69a,975325937:175525:1378531075:249b94d70aad933cecc8d43ca1b6d69a,496,merchantListing.winnerVariant.quantity,reported,2026-09-14T11:05:31.688Z,10,1,1,reported_total,"[{""merchant_id"":""175525"",""name"":""Miss Dünya Lissa"",""score"":8.6,""price"":819.99,""variant_id"":""1378531075"",""listing_id"":""249b94d70aad933cecc8d43ca1b6d69a"",""stock_quantity"":496}]","[{""variant_id"":""1378531075"",""label"":""M"",""in_stock"":true,""stock_quantity"":496,""selected"":true},{""variant_id"":""1378548391"",""label"":""L"",""in_stock"":true,""stock_quantity"":null,""selected"":false},{""variant_id"":""1378530334"",""label"":""XL"",""in_stock"":true,""stock_quantity"":null,""selected"":false},{""variant_id"":""1378555595"",""label"":""2XL"",""in_stock"":true,""stock_quantity"":null,""selected"":false}]",1526,1,1,,,estimated,24.02,inventory_net_decrease,2026-09-14,2026-09-14T14:00:36+03:00,hamile,BEST_SELLER,hamile-elbise,hamile elbise,22,1,122,122,7,hamile:hamile-elbise,22,9,46.4,33.6,975325937,175525,975325937:175525,Miss Dünya Lissa Şerit Detaylı Midi Boy Askılı Hamile ve Lohusa Sabahlık Gecelik Takımı,Miss Dünya Lissa,,https://www.trendyol.com/miss-dunya-lissa/serit-detayli-midi-boy-askili-hamile-ve-lohusa-sabahlik-gecelik-takimi-p-975325937?boutiqueId=61&merchantId=175525,Miss Dünya Lissa,8.6,819.99,,,15.8,TRY,"[""Kargo Bedava""]",InStock,,,,,,4.578947368421052,38,19,0,13,,"1,5B kişi favoriledi",,,,0,,,,Tahmini Teslim:,,,{},0,,refreshed,"[""daily_top""]",true,2026-09-14T11:05:31.689Z,0,"[""search_result_dom"",""product_detail_jsonld"",""product_detail_dom""]","{""variant_id"":""observed"",""variant_label"":""observed"",""listing_id"":""observed"",""inventory_key"":""observed"",""stock_quantity"":""observed"",""stock_quantity_source"":""observed"",""stock_quantity_kind"":""observed"",""stock_observed_at"":""observed"",""max_sale_limit"":""observed"",""seller_count"":""observed"",""seller_count_observed"":""observed"",""seller_count_kind"":""observed"",""sellers"":""observed"",""variants"":""observed"",""favorite_count"":""observed"",""inventory_decrease"":""unavailable"",""sales_estimate_daily"":""unavailable"",""sales_estimate_weekly"":""unavailable"",""sales_estimate_monthly"":""unavailable"",""sales_estimate_status"":""unavailable"",""sales_estimate_hours"":""unavailable"",""sales_estimate_source"":""unavailable"",""title"":""observed"",""brand"":""observed"",""seller_name"":""observed"",""seller_score"":""observed"",""price"":""observed"",""original_price"":""unavailable"",""campaigns"":""observed"",""stock_status"":""observed"",""stock_signal"":""unavailable"",""rating"":""observed"",""rating_count"":""observed"",""review_count"":""observed"",""question_count"":""observed"",""delivery_summary"":""observed"",""shipping_cost"":""unavailable"",""properties"":""observed""}",true,
1671080575,M,be4682e74ef44882dedcf748d2a70552,1190697860:175525:1671080575:be4682e74ef44882dedcf748d2a70552,21,merchantListing.winnerVariant.quantity,reported,2026-09-14T11:05:36.424Z,10,1,1,reported_total,"[{""merchant_id"":""175525"",""name"":""Miss Dünya Lissa"",""score"":8.6,""price"":829.99,""variant_id"":""1671080575"",""listing_id"":""be4682e74ef44882dedcf748d2a70552"",""stock_quantity"":21}]","[{""variant_id"":""1671080575"",""label"":""M"",""in_stock"":true,""stock_quantity"":21,""selected"":true},{""variant_id"":""1671080574"",""label"":""L"",""in_stock"":true,""stock_quantity"":null,""selected"":false},{""variant_id"":""1671080576"",""label"":""XL"",""in_stock"":true,""stock_quantity"":null,""selected"":false},{""variant_id"":""1671080577"",""label"":""2XL"",""in_stock"":true,""stock_quantity"":null,""selected"":false}]",159,,,,,unchanged_stock,24.02,inventory_net_decrease,2026-09-14,2026-09-14T14:00:36+03:00,hamile,BEST_SELLER,hamile-elbise,hamile elbise,23,1,123,123,10,hamile:hamile-elbise,23,0,34,43.5,1190697860,175525,1190697860:175525,Miss Dünya Lissa Mirella Hamile ve Lohusa Dantel Detaylı Emzirmeye Uygun Gecelik,Miss Dünya Lissa,,https://www.trendyol.com/miss-dunya-lissa/mirella-hamile-ve-lohusa-dantel-detayli-emzirmeye-uygun-gecelik-p-1190697860?boutiqueId=61&merchantId=175525,Miss Dünya Lissa,8.6,829.99,,,0,TRY,"[""Kargo Bedava""]",InStock,,,,,,0,0,0,0,4,,,,,,0,,,,Tahmini Teslim:,En Çok Satan 10. Ürün,,{},0,,refreshed,"[""daily_top""]",true,2026-09-14T11:05:36.425Z,0,"[""search_result_dom"",""product_detail_jsonld"",""product_detail_dom""]","{""variant_id"":""observed"",""variant_label"":""observed"",""listing_id"":""observed"",""inventory_key"":""observed"",""stock_quantity"":""observed"",""stock_quantity_source"":""observed"",""stock_quantity_kind"":""observed"",""stock_observed_at"":""observed"",""max_sale_limit"":""observed"",""seller_count"":""observed"",""seller_count_observed"":""observed"",""seller_count_kind"":""observed"",""sellers"":""observed"",""variants"":""observed"",""favorite_count"":""observed"",""inventory_decrease"":""unavailable"",""sales_estimate_daily"":""unavailable"",""sales_estimate_weekly"":""unavailable"",""sales_estimate_monthly"":""unavailable"",""sales_estimate_status"":""unavailable"",""sales_estimate_hours"":""unavailable"",""sales_estimate_source"":""unavailable"",""title"":""observed"",""brand"":""observed"",""seller_name"":""observed"",""seller_score"":""observed"",""price"":""observed"",""original_price"":""unavailable"",""campaigns"":""observed"",""stock_status"":""observed"",""stock_signal"":""unavailable"",""rating"":""observed"",""rating_count"":""observed"",""review_count"":""observed"",""question_count"":""observed"",""delivery_summary"":""observed"",""shipping_cost"":""unavailable"",""properties"":""observed""}",true,
626823641,M,c9cda72987c1cab309bece1f41a4b3ba,409396548:175525:626823641:c9cda72987c1cab309bece1f41a4b3ba,667,merchantListing.winnerVariant.quantity,reported,2026-09-14T11:05:36.319Z,10,1,1,reported_total,"[{""merchant_id"":""175525"",""name"":""Miss Dünya Lissa"",""score"":8.6,""price"":1449.99,""variant_id"":""626823641"",""listing_id"":""c9cda72987c1cab309bece1f41a4b3ba"",""stock_quantity"":667}]","[{""variant_id"":""626823641"",""label"":""M"",""in_stock"":true,""stock_quantity"":667,""selected"":true},{""variant_id"":""626846759"",""label"":""L"",""in_stock"":true,""stock_quantity"":null,""selected"":false},{""variant_id"":""626846733"",""label"":""XL"",""in_stock"":false,""stock_quantity"":null,""selected"":false}]",46225,,,,,unchanged_stock,24.02,inventory_net_decrease,2026-09-14,2026-09-14T14:00:36+03:00,hamile,BEST_SELLER,hamile-elbise,hamile elbise,24,1,124,124,7,hamile:hamile-elbise,24,-2,56,19,409396548,175525,409396548:175525,Miss Dünya Lissa Beyaz Sabahlıklı Hamile Ve Lohusa Pijama Takımı,Miss Dünya Lissa,,https://www.trendyol.com/miss-dunya-lissa/beyaz-sabahlikli-hamile-ve-lohusa-pijama-takimi-p-409396548?boutiqueId=61&merchantId=175525,Miss Dünya Lissa,8.6,1449.99,,,0,TRY,"[""Kargo Bedava"",""Peşin Fiyatına 3 Taksit""]",InStock,,,,,,4.48172757475083,1505,992,-5,256,,"46,2B kişi favoriledi",,,,0,,,,Tahmini Teslim:,En Çok Favorilenen 5. Ürün,,{},0,,refreshed,"[""daily_top""]",true,2026-09-14T11:05:36.319Z,0,"[""search_result_dom"",""product_detail_jsonld"",""product_detail_dom""]","{""variant_id"":""observed"",""variant_label"":""observed"",""listing_id"":""observed"",""inventory_key"":""observed"",""stock_quantity"":""observed"",""stock_quantity_source"":""observed"",""stock_quantity_kind"":""observed"",""stock_observed_at"":""observed"",""max_sale_limit"":""observed"",""seller_count"":""observed"",""seller_count_observed"":""observed"",""seller_count_kind"":""observed"",""sellers"":""observed"",""variants"":""observed"",""favorite_count"":""observed"",""inventory_decrease"":""unavailable"",""sales_estimate_daily"":""unavailable"",""sales_estimate_weekly"":""unavailable"",""sales_estimate_monthly"":""unavailable"",""sales_estimate_status"":""unavailable"",""sales_estimate_hours"":""unavailable"",""sales_estimate_source"":""unavailable"",""title"":""observed"",""brand"":""observed"",""seller_name"":""observed"",""seller_score"":""observed"",""price"":""observed"",""original_price"":""unavailable"",""campaigns"":""observed"",""stock_status"":""observed"",""stock_signal"":""unavailable"",""rating"":""observed"",""rating_count"":""observed"",""review_count"":""observed"",""question_count"":""observed"",""delivery_summary"":""observed"",""shipping_cost"":""unavailable"",""properties"":""observed""}",true,
1575774869,M,0436999a96aef100deffb44404b539db,1128329786:153578:1575774869:0436999a96aef100deffb44404b539db,28,merchantListing.winnerVariant.quantity,reported,2026-09-14T11:05:36.413Z,10,1,1,reported_total,"[{""merchant_id"":""153578"",""name"":""benguen"",""score"":8.7,""price"":549.84,""variant_id"":""1575774869"",""listing_id"":""0436999a96aef100deffb44404b539db"",""stock_quantity"":28}]","[{""variant_id"":""1575774869"",""label"":""M"",""in_stock"":true,""stock_quantity"":28,""selected"":true},{""variant_id"":""1575774486"",""label"":""L"",""in_stock"":true,""stock_quantity"":null,""selected"":false},{""variant_id"":""1575775153"",""label"":""XL"",""in_stock"":true,""stock_quantity"":null,""selected"":false},{""variant_id"":""1575772701"",""label"":""2XL"",""in_stock"":true,""stock_quantity"":null,""selected"":false}]",1312,1,1,,,estimated,24.03,inventory_net_decrease,2026-09-14,2026-09-14T14:00:36+03:00,hamile,BEST_SELLER,hamile-elbise,hamile elbise,25,1,125,125,,hamile:hamile-elbise,25,-19,69.9,33.9,1128329786,153578,1128329786:153578,benguen Kolsuz İçlik Elbise N8102 Siyah,benguen,,https://www.trendyol.com/benguen/kolsuz-iclik-elbise-n8102-siyah-p-1128329786?boutiqueId=61&merchantId=153578,benguen,8.7,549.84,799.99,31.3,-14.3,TRY,"[""Kargo Bedava"",""Son 10 Günün En Düşük Fiyatı"",""Süper Fırsat Ürünü"",""Trendyol Plus'a Özel""]",InStock,,,,,,4.6875,16,11,0,26,,"1,3B kişi favoriledi",,,,0,,,,9 saat 54 dakika içinde sipariş verirsen en geç yarın kargoda!,,,{},0,,refreshed,"[""daily_top""]",true,2026-09-14T11:05:36.413Z,0,"[""search_result_dom"",""product_detail_jsonld"",""product_detail_dom""]","{""variant_id"":""observed"",""variant_label"":""observed"",""listing_id"":""observed"",""inventory_key"":""observed"",""stock_quantity"":""observed"",""stock_quantity_source"":""observed"",""stock_quantity_kind"":""observed"",""stock_observed_at"":""observed"",""max_sale_limit"":""observed"",""seller_count"":""observed"",""seller_count_observed"":""observed"",""seller_count_kind"":""observed"",""sellers"":""observed"",""variants"":""observed"",""favorite_count"":""observed"",""inventory_decrease"":""unavailable"",""sales_estimate_daily"":""unavailable"",""sales_estimate_weekly"":""unavailable"",""sales_estimate_monthly"":""unavailable"",""sales_estimate_status"":""unavailable"",""sales_estimate_hours"":""unavailable"",""sales_estimate_source"":""unavailable"",""title"":""observed"",""brand"":""observed"",""seller_name"":""observed"",""seller_score"":""observed"",""price"":""observed"",""original_price"":""observed"",""campaigns"":""observed"",""stock_status"":""observed"",""stock_signal"":""unavailable"",""rating"":""observed"",""rating_count"":""observed"",""review_count"":""observed"",""question_count"":""observed"",""delivery_summary"":""observed"",""shipping_cost"":""unavailable"",""properties"":""observed""}",true,
551294981,S,800e33dffc20a4d2b4020dca2e79a60c,344963081:108216:551294981:800e33dffc20a4d2b4020dca2e79a60c,111,merchantListing.winnerVariant.quantity,reported,2026-09-14T11:05:41.353Z,10,1,1,reported_total,"[{""merchant_id"":""108216"",""name"":""Artış Collection"",""score"":9.1,""price"":1582.45,""variant_id"":""551294981"",""listing_id"":""800e33dffc20a4d2b4020dca2e79a60c"",""stock_quantity"":111}]","[{""variant_id"":""551294981"",""label"":""S"",""in_stock"":true,""stock_quantity"":111,""selected"":true},{""variant_id"":""551321058"",""label"":""M"",""in_stock"":true,""stock_quantity"":null,""selected"":false},{""variant_id"":""551321064"",""label"":""L"",""in_stock"":true,""stock_quantity"":null,""selected"":false},{""variant_id"":""551321063"",""label"":""XL"",""in_stock"":true,""stock_quantity"":null,""selected"":false}]",22689,,,,,unchanged_stock,24.02,inventory_net_decrease,2026-09-14,2026-09-14T14:00:36+03:00,hamile,BEST_SELLER,hamile-elbise,hamile elbise,26,1,126,126,4,hamile:hamile-elbise,26,10,44.7,25.3,344963081,108216,344963081:108216,Artış Kadın Uzun Kollu Esnek Pamuklu Kumaş Hamile Pijama Takımı 13201,Artış,,https://www.trendyol.com/artis/kadin-uzun-kollu-esnek-pamuklu-kumas-hamile-pijama-takimi-13201-p-344963081?boutiqueId=61&merchantId=108216,Artış Collection,9.1,1582.45,,,0,TRY,"[""Kargo Bedava"",""Peşin Fiyatına 3 Taksit""]",InStock,,,,,,4.596153846153846,208,122,-1,32,,"22,7B kişi favoriledi",,,,0,,,,Tahmini Teslim:,,,{},0,,refreshed,"[""daily_top""]",true,2026-09-14T11:05:41.353Z,0,"[""search_result_dom"",""product_detail_jsonld"",""product_detail_dom""]","{""variant_id"":""observed"",""variant_label"":""observed"",""listing_id"":""observed"",""inventory_key"":""observed"",""stock_quantity"":""observed"",""stock_quantity_source"":""observed"",""stock_quantity_kind"":""observed"",""stock_observed_at"":""observed"",""max_sale_limit"":""observed"",""seller_count"":""observed"",""seller_count_observed"":""observed"",""seller_count_kind"":""observed"",""sellers"":""observed"",""variants"":""observed"",""favorite_count"":""observed"",""inventory_decrease"":""unavailable"",""sales_estimate_daily"":""unavailable"",""sales_estimate_weekly"":""unavailable"",""sales_estimate_monthly"":""unavailable"",""sales_estimate_status"":""unavailable"",""sales_estimate_hours"":""unavailable"",""sales_estimate_source"":""unavailable"",""title"":""observed"",""brand"":""observed"",""seller_name"":""observed"",""seller_score"":""observed"",""price"":""observed"",""original_price"":""unavailable"",""campaigns"":""observed"",""stock_status"":""observed"",""stock_signal"":""unavailable"",""rating"":""observed"",""rating_count"":""observed"",""review_count"":""observed"",""question_count"":""observed"",""delivery_summary"":""observed"",""shipping_cost"":""unavailable"",""properties"":""observed""}",true,
1579430718,S,95368bc9978c616c889fac2a431f2971,1130646983:331678:1579430718:95368bc9978c616c889fac2a431f2971,4,merchantListing.winnerVariant.quantity,reported,2026-09-14T11:05:41.185Z,10,1,1,reported_total,"[{""merchant_id"":""331678"",""name"":""LYN MAMA"",""score"":9.2,""price"":999.9,""variant_id"":""1579430718"",""listing_id"":""95368bc9978c616c889fac2a431f2971"",""stock_quantity"":4}]","[{""variant_id"":""1579430718"",""label"":""S"",""in_stock"":true,""stock_quantity"":4,""selected"":true},{""variant_id"":""1579432754"",""label"":""M"",""in_stock"":true,""stock_quantity"":null,""selected"":false},{""variant_id"":""1579424625"",""label"":""L"",""in_stock"":true,""stock_quantity"":null,""selected"":false},{""variant_id"":""1580370532"",""label"":""XL"",""in_stock"":true,""stock_quantity"":null,""selected"":false},{""variant_id"":""1593679380"",""label"":""2XL"",""in_stock"":true,""stock_quantity"":null,""selected"":false}]",4175,,,,,unchanged_stock,24.01,inventory_net_decrease,2026-09-14,2026-09-14T14:00:36+03:00,hamile,BEST_SELLER,hamile-elbise,hamile elbise,27,1,127,127,6,hamile:hamile-elbise,27,20,33.2,34.3,1130646983,331678,1130646983:331678,Lyn Mama Scarlett Hamile Salopet Elbisee- Siyah,Lyn Mama,,https://www.trendyol.com/lyn-mama/scarlett-hamile-salopet-elbisee-siyah-p-1130646983?boutiqueId=61&merchantId=331678,LYN MAMA,9.2,999.9,,,0,TRY,"[""Kargo Bedava""]",InStock,Tükeniyor,,,,,4.071428571428571,14,7,0,21,,"4,1B kişi favoriledi",,,,0,,,,Tahmini Teslim:,En Çok Satan 6. Ürün,,{},0,,refreshed,"[""daily_top""]",true,2026-09-14T11:05:41.185Z,0,"[""search_result_dom"",""product_detail_jsonld"",""product_detail_dom""]","{""variant_id"":""observed"",""variant_label"":""observed"",""listing_id"":""observed"",""inventory_key"":""observed"",""stock_quantity"":""observed"",""stock_quantity_source"":""observed"",""stock_quantity_kind"":""observed"",""stock_observed_at"":""observed"",""max_sale_limit"":""observed"",""seller_count"":""observed"",""seller_count_observed"":""observed"",""seller_count_kind"":""observed"",""sellers"":""observed"",""variants"":""observed"",""favorite_count"":""observed"",""inventory_decrease"":""unavailable"",""sales_estimate_daily"":""unavailable"",""sales_estimate_weekly"":""unavailable"",""sales_estimate_monthly"":""unavailable"",""sales_estimate_status"":""unavailable"",""sales_estimate_hours"":""unavailable"",""sales_estimate_source"":""unavailable"",""title"":""observed"",""brand"":""observed"",""seller_name"":""observed"",""seller_score"":""observed"",""price"":""observed"",""original_price"":""unavailable"",""campaigns"":""observed"",""stock_status"":""observed"",""stock_signal"":""observed"",""rating"":""observed"",""rating_count"":""observed"",""review_count"":""observed"",""question_count"":""observed"",""delivery_summary"":""observed"",""shipping_cost"":""unavailable"",""properties"":""observed""}",true,
1590059592,M,46570faccdd3a6fa04e8d360e1f1f69f,1137940141:175525:1590059592:46570faccdd3a6fa04e8d360e1f1f69f,173,merchantListing.winnerVariant.quantity,reported,2026-09-14T11:05:41.052Z,10,1,1,reported_total,"[{""merchant_id"":""175525"",""name"":""Miss Dünya Lissa"",""score"":8.6,""price"":789.99,""variant_id"":""1590059592"",""listing_id"":""46570faccdd3a6fa04e8d360e1f1f69f"",""stock_quantity"":173}]","[{""variant_id"":""1590059592"",""label"":""M"",""in_stock"":true,""stock_quantity"":173,""selected"":true},{""variant_id"":""1590057337"",""label"":""L"",""in_stock"":true,""stock_quantity"":null,""selected"":false},{""variant_id"":""1590059209"",""label"":""XL"",""in_stock"":true,""stock_quantity"":null,""selected"":false},{""variant_id"":""1590059804"",""label"":""2XL"",""in_stock"":true,""stock_quantity"":null,""selected"":false}]",4609,,,,,unchanged_stock,24.02,inventory_net_decrease,2026-09-14,2026-09-14T14:00:36+03:00,hamile,BEST_SELLER,hamile-elbise,hamile elbise,28,1,128,128,9,hamile:hamile-elbise,28,0,36.5,28.5,1137940141,175525,1137940141:175525,Miss Dünya Lissa Nova MomEmzirme Özellikli Hamile Gecelik Yumuşak Viskon Rahat Kesim,Miss Dünya Lissa,,https://www.trendyol.com/miss-dunya-lissa/nova-momemzirme-ozellikli-hamile-gecelik-yumusak-viskon-rahat-kesim-p-1137940141?boutiqueId=61&merchantId=175525,Miss Dünya Lissa,8.6,789.99,,,0,TRY,"[""Kargo Bedava""]",InStock,,,,,,4.588235294117647,68,35,0,20,,"4,6B kişi favoriledi",,,,0,,,,Tahmini Teslim:,,,{},0,,refreshed,"[""daily_top""]",true,2026-09-14T11:05:41.053Z,0,"[""search_result_dom"",""product_detail_jsonld"",""product_detail_dom""]","{""variant_id"":""observed"",""variant_label"":""observed"",""listing_id"":""observed"",""inventory_key"":""observed"",""stock_quantity"":""observed"",""stock_quantity_source"":""observed"",""stock_quantity_kind"":""observed"",""stock_observed_at"":""observed"",""max_sale_limit"":""observed"",""seller_count"":""observed"",""seller_count_observed"":""observed"",""seller_count_kind"":""observed"",""sellers"":""observed"",""variants"":""observed"",""favorite_count"":""observed"",""inventory_decrease"":""unavailable"",""sales_estimate_daily"":""unavailable"",""sales_estimate_weekly"":""unavailable"",""sales_estimate_monthly"":""unavailable"",""sales_estimate_status"":""unavailable"",""sales_estimate_hours"":""unavailable"",""sales_estimate_source"":""unavailable"",""title"":""observed"",""brand"":""observed"",""seller_name"":""observed"",""seller_score"":""observed"",""price"":""observed"",""original_price"":""unavailable"",""campaigns"":""observed"",""stock_status"":""observed"",""stock_signal"":""unavailable"",""rating"":""observed"",""rating_count"":""observed"",""review_count"":""observed"",""question_count"":""observed"",""delivery_summary"":""observed"",""shipping_cost"":""unavailable"",""properties"":""observed""}",true,
667720627,S,ff3539588156f2e55527bc17b76f2e46,468246433:719046:667720627:ff3539588156f2e55527bc17b76f2e46,952,merchantListing.winnerVariant.quantity,reported,2026-09-14T11:05:46.207Z,10,1,1,reported_total,"[{""merchant_id"":""719046"",""name"":""ByLohusa"",""score"":9.2,""price"":2999.99,""variant_id"":""667720627"",""listing_id"":""ff3539588156f2e55527bc17b76f2e46"",""stock_quantity"":952}]","[{""variant_id"":""667720627"",""label"":""S"",""in_stock"":true,""stock_quantity"":952,""selected"":true},{""variant_id"":""667739857"",""label"":""M"",""in_stock"":true,""stock_quantity"":null,""selected"":false},{""variant_id"":""667739859"",""label"":""L"",""in_stock"":true,""stock_quantity"":null,""selected"":false},{""variant_id"":""667739864"",""label"":""XL"",""in_stock"":true,""stock_quantity"":null,""selected"":false},{""variant_id"":""667739866"",""label"":""2XL"",""in_stock"":true,""stock_quantity"":null,""selected"":false},{""variant_id"":""1363459973"",""label"":""3XL"",""in_stock"":true,""stock_quantity"":null,""selected"":false}]",34032,,,,,unchanged_stock,24.02,inventory_net_decrease,2026-09-14,2026-09-14T14:00:36+03:00,hamile,BEST_SELLER,hamile-elbise,hamile elbise,29,1,129,129,5,hamile:hamile-elbise,29,5,42,20.5,468246433,719046,468246433:719046,ByLohusa Zarif Dantel Detaylı Emzirme Özellikli Sabahlıklı Hamile Lohusa Gecelik Takımı Effortt - Ekru,ByLohusa,,https://www.trendyol.com/bylohusa/zarif-dantel-detayli-emzirme-ozellikli-sabahlikli-hamile-lohusa-gecelik-takimi-effortt-ekru-p-468246433?boutiqueId=61&merchantId=719046,ByLohusa,9.2,2999.99,,,24.4,TRY,"[""Sepette %1 İndirim"",""Kargo Bedava"",""Peşin Fiyatına 3 Taksit"",""Trendyol Plus'a Özel""]",InStock,,,,,,4.630514705882352,544,317,1,189,,34B kişi favoriledi,Son 24 saatte 406 kişi görüntüledi,,,0,,,,9 saat 54 dakika içinde sipariş verirsen en geç yarın kargoda!,En Çok Favorilenen 9. Ürün,,{},0,,refreshed,"[""daily_top""]",true,2026-09-14T11:05:46.208Z,0,"[""search_result_dom"",""product_detail_jsonld"",""product_detail_dom""]","{""variant_id"":""observed"",""variant_label"":""observed"",""listing_id"":""observed"",""inventory_key"":""observed"",""stock_quantity"":""observed"",""stock_quantity_source"":""observed"",""stock_quantity_kind"":""observed"",""stock_observed_at"":""observed"",""max_sale_limit"":""observed"",""seller_count"":""observed"",""seller_count_observed"":""observed"",""seller_count_kind"":""observed"",""sellers"":""observed"",""variants"":""observed"",""favorite_count"":""observed"",""inventory_decrease"":""unavailable"",""sales_estimate_daily"":""unavailable"",""sales_estimate_weekly"":""unavailable"",""sales_estimate_monthly"":""unavailable"",""sales_estimate_status"":""unavailable"",""sales_estimate_hours"":""unavailable"",""sales_estimate_source"":""unavailable"",""title"":""observed"",""brand"":""observed"",""seller_name"":""observed"",""seller_score"":""observed"",""price"":""observed"",""original_price"":""unavailable"",""campaigns"":""observed"",""stock_status"":""observed"",""stock_signal"":""unavailable"",""rating"":""observed"",""rating_count"":""observed"",""review_count"":""observed"",""question_count"":""observed"",""delivery_summary"":""observed"",""shipping_cost"":""unavailable"",""properties"":""observed""}",true,
1663612645,M,2b04da48ff387748a6c84a7e4e6d4669,1185925634:175525:1663612645:2b04da48ff387748a6c84a7e4e6d4669,15,merchantListing.winnerVariant.quantity,reported,2026-09-14T11:05:46.083Z,10,1,1,reported_total,"[{""merchant_id"":""175525"",""name"":""Miss Dünya Lissa"",""score"":8.6,""price"":1309.99,""variant_id"":""1663612645"",""listing_id"":""2b04da48ff387748a6c84a7e4e6d4669"",""stock_quantity"":15}]","[{""variant_id"":""1663612645"",""label"":""M"",""in_stock"":true,""stock_quantity"":15,""selected"":true},{""variant_id"":""1663612644"",""label"":""L"",""in_stock"":true,""stock_quantity"":null,""selected"":false},{""variant_id"":""1663612643"",""label"":""XL"",""in_stock"":true,""stock_quantity"":null,""selected"":false},{""variant_id"":""1663612646"",""label"":""2XL"",""in_stock"":true,""stock_quantity"":null,""selected"":false}]",383,2,2,,,estimated,24,inventory_net_decrease,2026-09-14,2026-09-14T14:00:36+03:00,hamile,BEST_SELLER,hamile-elbise,hamile elbise,30,1,130,130,6,hamile:hamile-elbise,30,48,22.4,37.6,1185925634,175525,1185925634:175525,Miss Dünya Lissa Alina Sabahlıklı Emzirmeye Uygun Dantel Detaylı Sıfır Kol Hamile ve Lohusa Gecelik Takımı,Miss Dünya Lissa,,https://www.trendyol.com/miss-dunya-lissa/alina-sabahlikli-emzirmeye-uygun-dantel-detayli-sifir-kol-hamile-ve-lohusa-gecelik-takimi-p-1185925634?boutiqueId=61&merchantId=175525,Miss Dünya Lissa,8.6,1309.99,,,31.3,TRY,"[""Kargo Bedava"",""Peşin Fiyatına 3 Taksit""]",InStock,,,,,,4,2,1,0,1,,383 kişi favoriledi,,,,0,,,,Tahmini Teslim:,,,{},0,,refreshed,"[""daily_top""]",true,2026-09-14T11:05:46.083Z,0,"[""search_result_dom"",""product_detail_jsonld"",""product_detail_dom""]","{""variant_id"":""observed"",""variant_label"":""observed"",""listing_id"":""observed"",""inventory_key"":""observed"",""stock_quantity"":""observed"",""stock_quantity_source"":""observed"",""stock_quantity_kind"":""observed"",""stock_observed_at"":""observed"",""max_sale_limit"":""observed"",""seller_count"":""observed"",""seller_count_observed"":""observed"",""seller_count_kind"":""observed"",""sellers"":""observed"",""variants"":""observed"",""favorite_count"":""observed"",""inventory_decrease"":""unavailable"",""sales_estimate_daily"":""unavailable"",""sales_estimate_weekly"":""unavailable"",""sales_estimate_monthly"":""unavailable"",""sales_estimate_status"":""unavailable"",""sales_estimate_hours"":""unavailable"",""sales_estimate_source"":""unavailable"",""title"":""observed"",""brand"":""observed"",""seller_name"":""observed"",""seller_score"":""observed"",""price"":""observed"",""original_price"":""unavailable"",""campaigns"":""observed"",""stock_status"":""observed"",""stock_signal"":""unavailable"",""rating"":""observed"",""rating_count"":""observed"",""review_count"":""observed"",""question_count"":""observed"",""delivery_summary"":""observed"",""shipping_cost"":""unavailable"",""properties"":""observed""}",true,
1666639109,M,6b560938eaf97fcaf488438a0fd247c9,1187904053:175525:1666639109:6b560938eaf97fcaf488438a0fd247c9,19,merchantListing.winnerVariant.quantity,reported,2026-09-14T11:05:46.091Z,10,1,1,reported_total,"[{""merchant_id"":""175525"",""name"":""Miss Dünya Lissa"",""score"":8.6,""price"":1309.99,""variant_id"":""1666639109"",""listing_id"":""6b560938eaf97fcaf488438a0fd247c9"",""stock_quantity"":19}]","[{""variant_id"":""1666639109"",""label"":""M"",""in_stock"":true,""stock_quantity"":19,""selected"":true},{""variant_id"":""1666639107"",""label"":""L"",""in_stock"":true,""stock_quantity"":null,""selected"":false},{""variant_id"":""1666639108"",""label"":""XL"",""in_stock"":true,""stock_quantity"":null,""selected"":false},{""variant_id"":""1666639106"",""label"":""2XL"",""in_stock"":true,""stock_quantity"":null,""selected"":false}]",224,1,1,,,estimated,24.01,inventory_net_decrease,2026-09-14,2026-09-14T14:00:36+03:00,hamile,BEST_SELLER,hamile-elbise,hamile elbise,31,1,131,131,6,hamile:hamile-elbise,31,26,18,39.5,1187904053,175525,1187904053:175525,Miss Dünya Lissa Alina Sabahlıklı Emzirmeye Uygun Dantel Detaylı Sıfır Kol Hamile ve Lohusa Gecelik Takımı,Miss Dünya Lissa,,https://www.trendyol.com/miss-dunya-lissa/alina-sabahlikli-emzirmeye-uygun-dantel-detayli-sifir-kol-hamile-ve-lohusa-gecelik-takimi-p-1187904053?boutiqueId=61&merchantId=175525,Miss Dünya Lissa,8.6,1309.99,,,18.5,TRY,"[""Kargo Bedava"",""Peşin Fiyatına 3 Taksit""]",InStock,,,,,,0,0,0,0,5,,,,,,0,,,,Tahmini Teslim:,,,{},0,,refreshed,"[""daily_top""]",true,2026-09-14T11:05:46.091Z,0,"[""search_result_dom"",""product_detail_jsonld"",""product_detail_dom""]","{""variant_id"":""observed"",""variant_label"":""observed"",""listing_id"":""observed"",""inventory_key"":""observed"",""stock_quantity"":""observed"",""stock_quantity_source"":""observed"",""stock_quantity_kind"":""observed"",""stock_observed_at"":""observed"",""max_sale_limit"":""observed"",""seller_count"":""observed"",""seller_count_observed"":""observed"",""seller_count_kind"":""observed"",""sellers"":""observed"",""variants"":""observed"",""favorite_count"":""observed"",""inventory_decrease"":""unavailable"",""sales_estimate_daily"":""unavailable"",""sales_estimate_weekly"":""unavailable"",""sales_estimate_monthly"":""unavailable"",""sales_estimate_status"":""unavailable"",""sales_estimate_hours"":""unavailable"",""sales_estimate_source"":""unavailable"",""title"":""observed"",""brand"":""observed"",""seller_name"":""observed"",""seller_score"":""observed"",""price"":""observed"",""original_price"":""unavailable"",""campaigns"":""observed"",""stock_status"":""observed"",""stock_signal"":""unavailable"",""rating"":""observed"",""rating_count"":""observed"",""review_count"":""observed"",""question_count"":""observed"",""delivery_summary"":""observed"",""shipping_cost"":""unavailable"",""properties"":""observed""}",true,
1584455419,M,16d1dbd7f04f52ff6e4892603e49e639,1134092895:367:1584455419:16d1dbd7f04f52ff6e4892603e49e639,5,merchantListing.winnerVariant.quantity,reported,2026-09-14T11:05:50.641Z,10,1,1,reported_total,"[{""merchant_id"":""367"",""name"":""SUWEN"",""score"":8.5,""price"":1049,""variant_id"":""1584455419"",""listing_id"":""16d1dbd7f04f52ff6e4892603e49e639"",""stock_quantity"":5}]","[{""variant_id"":""1584455419"",""label"":""M"",""in_stock"":true,""stock_quantity"":5,""selected"":true},{""variant_id"":""1584454872"",""label"":""XL"",""in_stock"":true,""stock_quantity"":null,""selected"":false},{""variant_id"":""1584452784"",""label"":""2XL"",""in_stock"":true,""stock_quantity"":null,""selected"":false}]",642,5,5,,,estimated,24.02,inventory_net_decrease,2026-09-14,2026-09-14T14:00:36+03:00,hamile,BEST_SELLER,hamile-elbise,hamile elbise,32,1,132,132,30,hamile:hamile-elbise,32,-7,19.8,35.2,1134092895,367,1134092895:367,Suwen Chloe Uzun Günlük Elbise,Suwen,Hamile Elbisesi,https://www.trendyol.com/suwen/chloe-uzun-gunluk-elbise-p-1134092895?boutiqueId=61&merchantId=367,SUWEN,8.5,1049,,,0,TRY,"[""Sepette %20 İndirim"",""Kargo Bedava""]",InStock,Tükeniyor,,,,,5,4,2,1,4,,642 kişi favoriledi,,4999,TRY,0,3,1,7,Tahmini Teslim:,,https://cdn.dsmcdn.com/ty1835/prod/QC_PREP/20260303/08/e8af9acd-f534-3c52-b80c-62b4074c2a6b/1_org_zoom.jpg,"{""Yaka Tipi"":""Dik Yaka"",""Kumaş Tipi"":""Örme"",""Cep"":""Cepsiz"",""Kol Tipi"":""Uzun Kol"",""Desen"":""Düz"",""Kalıp"":""Regular"",""Renk"":""Siyah"",""Boy"":""Uzun"",""Ortam"":""Günlük"",""Kol Boyu"":""Uzun"",""Materyal Bileşeni"":""95% Viskon, 5% Elastan"",""Yıkama Talimatı"":""Type 1"",""Sürdürülebilirlik Detayı"":""Hayır"",""Menşei"":""TR""}",2,5,refreshed,"[""daily_top""]",true,2026-09-14T11:05:50.641Z,0,"[""search_result_dom"",""product_detail_jsonld"",""product_detail_dom""]","{""variant_id"":""observed"",""variant_label"":""observed"",""listing_id"":""observed"",""inventory_key"":""observed"",""stock_quantity"":""observed"",""stock_quantity_source"":""observed"",""stock_quantity_kind"":""observed"",""stock_observed_at"":""observed"",""max_sale_limit"":""observed"",""seller_count"":""observed"",""seller_count_observed"":""observed"",""seller_count_kind"":""observed"",""sellers"":""observed"",""variants"":""observed"",""favorite_count"":""observed"",""inventory_decrease"":""unavailable"",""sales_estimate_daily"":""unavailable"",""sales_estimate_weekly"":""unavailable"",""sales_estimate_monthly"":""unavailable"",""sales_estimate_status"":""unavailable"",""sales_estimate_hours"":""unavailable"",""sales_estimate_source"":""unavailable"",""title"":""observed"",""brand"":""observed"",""seller_name"":""observed"",""seller_score"":""observed"",""price"":""observed"",""original_price"":""unavailable"",""campaigns"":""observed"",""stock_status"":""observed"",""stock_signal"":""observed"",""rating"":""observed"",""rating_count"":""observed"",""review_count"":""observed"",""question_count"":""observed"",""delivery_summary"":""observed"",""shipping_cost"":""observed"",""properties"":""observed""}",true,
1575774961,XL,4eb655b53a35aad5f72b2dc03bdc16f0,1128329704:153578:1575774961:4eb655b53a35aad5f72b2dc03bdc16f0,5,merchantListing.winnerVariant.quantity,reported,2026-09-14T11:05:50.523Z,10,1,1,reported_total,"[{""merchant_id"":""153578"",""name"":""benguen"",""score"":8.7,""price"":799.99,""variant_id"":""1575774961"",""listing_id"":""4eb655b53a35aad5f72b2dc03bdc16f0"",""stock_quantity"":5}]","[{""variant_id"":""1575774961"",""label"":""XL"",""in_stock"":true,""stock_quantity"":5,""selected"":true},{""variant_id"":""1575774458"",""label"":""M"",""in_stock"":false,""stock_quantity"":null,""selected"":false},{""variant_id"":""1575774664"",""label"":""L"",""in_stock"":false,""stock_quantity"":null,""selected"":false},{""variant_id"":""1575772530"",""label"":""2XL"",""in_stock"":false,""stock_quantity"":null,""selected"":false}]",1113,,,,,identity_changed_or_unknown,,inventory_net_decrease,2026-09-14,2026-09-14T14:00:36+03:00,hamile,BEST_SELLER,hamile-elbise,hamile elbise,33,1,133,133,9,hamile:hamile-elbise,33,91,23.2,29.3,1128329704,153578,1128329704:153578,benguen Kolsuz İçlik Elbise N8102 Lacivert,benguen,,https://www.trendyol.com/benguen/kolsuz-iclik-elbise-n8102-lacivert-p-1128329704?boutiqueId=61&merchantId=153578,benguen,8.7,799.99,,,54.9,TRY,"[""Kargo Bedava"",""Trendyol Plus'a Özel""]",InStock,Tükeniyor,,,,,4.75,16,13,0,16,,"1,1B kişi favoriledi",,,,0,,,,9 saat 54 dakika içinde sipariş verirsen en geç yarın kargoda!,En Çok Satan 9. Ürün,,{},0,,refreshed,"[""daily_top"",""hot_change""]",true,2026-09-14T11:05:50.523Z,0,"[""search_result_dom"",""product_detail_jsonld"",""product_detail_dom""]","{""variant_id"":""observed"",""variant_label"":""observed"",""listing_id"":""observed"",""inventory_key"":""observed"",""stock_quantity"":""observed"",""stock_quantity_source"":""observed"",""stock_quantity_kind"":""observed"",""stock_observed_at"":""observed"",""max_sale_limit"":""observed"",""seller_count"":""observed"",""seller_count_observed"":""observed"",""seller_count_kind"":""observed"",""sellers"":""observed"",""variants"":""observed"",""favorite_count"":""observed"",""inventory_decrease"":""unavailable"",""sales_estimate_daily"":""unavailable"",""sales_estimate_weekly"":""unavailable"",""sales_estimate_monthly"":""unavailable"",""sales_estimate_status"":""unavailable"",""sales_estimate_hours"":""unavailable"",""sales_estimate_source"":""unavailable"",""title"":""observed"",""brand"":""observed"",""seller_name"":""observed"",""seller_score"":""observed"",""price"":""observed"",""original_price"":""unavailable"",""campaigns"":""observed"",""stock_status"":""observed"",""stock_signal"":""observed"",""rating"":""observed"",""rating_count"":""observed"",""review_count"":""observed"",""question_count"":""observed"",""delivery_summary"":""observed"",""shipping_cost"":""unavailable"",""properties"":""observed""}",true,
667708865,S,367144c2b4f630bb96f17397dc02e22e,468237556:719046:667708865:367144c2b4f630bb96f17397dc02e22e,993,merchantListing.winnerVariant.quantity,reported,2026-09-14T11:05:50.714Z,10,1,1,reported_total,"[{""merchant_id"":""719046"",""name"":""ByLohusa"",""score"":9.2,""price"":1983.5,""variant_id"":""667708865"",""listing_id"":""367144c2b4f630bb96f17397dc02e22e"",""stock_quantity"":993}]","[{""variant_id"":""667708865"",""label"":""S"",""in_stock"":true,""stock_quantity"":993,""selected"":true},{""variant_id"":""667726873"",""label"":""M"",""in_stock"":true,""stock_quantity"":null,""selected"":false},{""variant_id"":""667726878"",""label"":""L"",""in_stock"":true,""stock_quantity"":null,""selected"":false},{""variant_id"":""667726886"",""label"":""XL"",""in_stock"":true,""stock_quantity"":null,""selected"":false},{""variant_id"":""667726889"",""label"":""2XL"",""in_stock"":true,""stock_quantity"":null,""selected"":false}]",12257,,,,,unchanged_stock,24.02,inventory_net_decrease,2026-09-14,2026-09-14T14:00:36+03:00,hamile,BEST_SELLER,hamile-elbise,hamile elbise,34,1,134,134,4,hamile:hamile-elbise,34,3,26,24,468237556,719046,468237556:719046,ByLohusa Effortt Ekru Sabahlıklı Hamile Lohusa Gecelik Takım,ByLohusa,,https://www.trendyol.com/bylohusa/effortt-ekru-sabahlikli-hamile-lohusa-gecelik-takim-p-468237556?boutiqueId=61&merchantId=719046,ByLohusa,9.2,1983.5,,,0,TRY,"[""Sepette %1 İndirim"",""Kargo Bedava"",""Peşin Fiyatına 3 Taksit""]",InStock,,,,,,4.368932038834952,103,56,0,58,,"12,2B kişi favoriledi",,,,0,,,,9 saat 54 dakika içinde sipariş verirsen en geç yarın kargoda!,En Çok Favorilenen 6. Ürün,,{},0,,refreshed,"[""daily_top""]",true,2026-09-14T11:05:50.715Z,0,"[""search_result_dom"",""product_detail_jsonld"",""product_detail_dom""]","{""variant_id"":""observed"",""variant_label"":""observed"",""listing_id"":""observed"",""inventory_key"":""observed"",""stock_quantity"":""observed"",""stock_quantity_source"":""observed"",""stock_quantity_kind"":""observed"",""stock_observed_at"":""observed"",""max_sale_limit"":""observed"",""seller_count"":""observed"",""seller_count_observed"":""observed"",""seller_count_kind"":""observed"",""sellers"":""observed"",""variants"":""observed"",""favorite_count"":""observed"",""inventory_decrease"":""unavailable"",""sales_estimate_daily"":""unavailable"",""sales_estimate_weekly"":""unavailable"",""sales_estimate_monthly"":""unavailable"",""sales_estimate_status"":""unavailable"",""sales_estimate_hours"":""unavailable"",""sales_estimate_source"":""unavailable"",""title"":""observed"",""brand"":""observed"",""seller_name"":""observed"",""seller_score"":""observed"",""price"":""observed"",""original_price"":""unavailable"",""campaigns"":""observed"",""stock_status"":""observed"",""stock_signal"":""unavailable"",""rating"":""observed"",""rating_count"":""observed"",""review_count"":""observed"",""question_count"":""observed"",""delivery_summary"":""observed"",""shipping_cost"":""unavailable"",""properties"":""observed""}",true,
901307645,M,6a7ca3a0cc89ce5667cef3c11aaa2504,681010384:175525:901307645:6a7ca3a0cc89ce5667cef3c11aaa2504,5018,merchantListing.winnerVariant.quantity,reported,2026-09-14T11:05:55.283Z,10,1,1,reported_total,"[{""merchant_id"":""175525"",""name"":""Miss Dünya Lissa"",""score"":8.6,""price"":999.99,""variant_id"":""901307645"",""listing_id"":""6a7ca3a0cc89ce5667cef3c11aaa2504"",""stock_quantity"":5018}]","[{""variant_id"":""901307645"",""label"":""M"",""in_stock"":true,""stock_quantity"":5018,""selected"":true},{""variant_id"":""901307648"",""label"":""L"",""in_stock"":true,""stock_quantity"":null,""selected"":false},{""variant_id"":""901307655"",""label"":""XL"",""in_stock"":true,""stock_quantity"":null,""selected"":false},{""variant_id"":""901307658"",""label"":""2XL"",""in_stock"":true,""stock_quantity"":null,""selected"":false},{""variant_id"":""901280686"",""label"":""S"",""in_stock"":false,""stock_quantity"":null,""selected"":false}]",10650,,,,,unchanged_stock,24.02,inventory_net_decrease,2026-09-14,2026-09-14T14:00:36+03:00,hamile,BEST_SELLER,hamile-elbise,hamile elbise,35,1,135,135,7,hamile:hamile-elbise,35,-9,29.7,17.8,681010384,175525,681010384:175525,Miss Dünya Lissa Lacivert Dantel Detaylı Hamile Ve Lohusa Gecelik Takımı,Miss Dünya Lissa,,https://www.trendyol.com/miss-dunya-lissa/lacivert-dantel-detayli-hamile-ve-lohusa-gecelik-takimi-p-681010384?boutiqueId=61&merchantId=175525,Miss Dünya Lissa,8.6,999.99,,,0,TRY,"[""Kargo Bedava""]",InStock,,,,,,4.59704641350211,474,293,0,96,,"10,6B kişi favoriledi",,,,0,,,,Tahmini Teslim:,,,{},0,,refreshed,"[""daily_top""]",true,2026-09-14T11:05:55.283Z,0,"[""search_result_dom"",""product_detail_jsonld"",""product_detail_dom""]","{""variant_id"":""observed"",""variant_label"":""observed"",""listing_id"":""observed"",""inventory_key"":""observed"",""stock_quantity"":""observed"",""stock_quantity_source"":""observed"",""stock_quantity_kind"":""observed"",""stock_observed_at"":""observed"",""max_sale_limit"":""observed"",""seller_count"":""observed"",""seller_count_observed"":""observed"",""seller_count_kind"":""observed"",""sellers"":""observed"",""variants"":""observed"",""favorite_count"":""observed"",""inventory_decrease"":""unavailable"",""sales_estimate_daily"":""unavailable"",""sales_estimate_weekly"":""unavailable"",""sales_estimate_monthly"":""unavailable"",""sales_estimate_status"":""unavailable"",""sales_estimate_hours"":""unavailable"",""sales_estimate_source"":""unavailable"",""title"":""observed"",""brand"":""observed"",""seller_name"":""observed"",""seller_score"":""observed"",""price"":""observed"",""original_price"":""unavailable"",""campaigns"":""observed"",""stock_status"":""observed"",""stock_signal"":""unavailable"",""rating"":""observed"",""rating_count"":""observed"",""review_count"":""observed"",""question_count"":""observed"",""delivery_summary"":""observed"",""shipping_cost"":""unavailable"",""properties"":""observed""}",true,
1460411985,2XL,075048b1e3689364e77628a0a2ae41a7,1055793461:126861:1460411985:075048b1e3689364e77628a0a2ae41a7,2,merchantListing.winnerVariant.quantity,reported,2026-09-14T11:05:55.126Z,5,1,1,reported_total,"[{""merchant_id"":""126861"",""name"":""Penyemood"",""score"":9,""price"":966.26,""variant_id"":""1460411985"",""listing_id"":""075048b1e3689364e77628a0a2ae41a7"",""stock_quantity"":2}]","[{""variant_id"":""1460411985"",""label"":""2XL"",""in_stock"":true,""stock_quantity"":2,""selected"":true},{""variant_id"":""1460415396"",""label"":""S"",""in_stock"":false,""stock_quantity"":null,""selected"":false},{""variant_id"":""1460311736"",""label"":""M"",""in_stock"":false,""stock_quantity"":null,""selected"":false},{""variant_id"":""1460369016"",""label"":""L"",""in_stock"":false,""stock_quantity"":null,""selected"":false},{""variant_id"":""1460406690"",""label"":""XL"",""in_stock"":false,""stock_quantity"":null,""selected"":false}]",1364,3,3,,,estimated,24.02,inventory_net_decrease,2026-09-14,2026-09-14T14:00:36+03:00,hamile,BEST_SELLER,hamile-elbise,hamile elbise,36,1,136,136,,hamile:hamile-elbise,36,3,13.6,31.4,1055793461,126861,1055793461:126861,Catherines 871 Lohusa Elbise,Catherines,Hamile Elbisesi,https://www.trendyol.com/catherines/871-lohusa-elbise-p-1055793461?boutiqueId=61&merchantId=126861,Penyemood,9,966.26,,,0,TRY,"[""75 TL Kupon"",""Kargo Bedava"",""Trendyol Plus'a Özel""]",InStock,Tükeniyor,,,,,4.833333333333333,12,4,0,4,,"1,3B kişi favoriledi",,4999,TRY,0,1,1,3,9 saat 54 dakika içinde sipariş verirsen en geç yarın kargoda!,,https://cdn.dsmcdn.com/ty1791/prod/QC_PREP/20251125/09/9a26b5d1-06cd-3667-b158-2920ee2c19d8/1_org_zoom.jpg,"{""Yaka Tipi"":""U Yaka"",""Kumaş Tipi"":""Belirtilmemiş"",""Cep"":""Cepsiz"",""Kol Tipi"":""Uzun Kol"",""Desen"":""Düz"",""Kalıp"":""Relaxed"",""Renk"":""Lacivert"",""Materyal"":""Viskoz Karışımlı"",""Boy"":""Uzun"",""Ortam"":""Hamile Giyim"",""Kol Boyu"":""Uzun"",""Materyal Bileşeni"":""%94 Viscose - %6 Elastane"",""Yıkama Talimatı"":""Type 1"",""Koleksiyon"":""Hamile"",""Sürdürülebilirlik Detayı"":""Hayır"",""Menşei"":""TR""}",4,5,refreshed,"[""daily_top""]",true,2026-09-14T11:05:55.127Z,0,"[""search_result_dom"",""product_detail_jsonld"",""product_detail_dom""]","{""variant_id"":""observed"",""variant_label"":""observed"",""listing_id"":""observed"",""inventory_key"":""observed"",""stock_quantity"":""observed"",""stock_quantity_source"":""observed"",""stock_quantity_kind"":""observed"",""stock_observed_at"":""observed"",""max_sale_limit"":""observed"",""seller_count"":""observed"",""seller_count_observed"":""observed"",""seller_count_kind"":""observed"",""sellers"":""observed"",""variants"":""observed"",""favorite_count"":""observed"",""inventory_decrease"":""unavailable"",""sales_estimate_daily"":""unavailable"",""sales_estimate_weekly"":""unavailable"",""sales_estimate_monthly"":""unavailable"",""sales_estimate_status"":""unavailable"",""sales_estimate_hours"":""unavailable"",""sales_estimate_source"":""unavailable"",""title"":""observed"",""brand"":""observed"",""seller_name"":""observed"",""seller_score"":""observed"",""price"":""observed"",""original_price"":""unavailable"",""campaigns"":""observed"",""stock_status"":""observed"",""stock_signal"":""observed"",""rating"":""observed"",""rating_count"":""observed"",""review_count"":""observed"",""question_count"":""observed"",""delivery_summary"":""observed"",""shipping_cost"":""observed"",""properties"":""observed""}",true,
901299387,M,511c66bc9f514e111fc917b0b4ac4bb4,681002954:175525:901299387:511c66bc9f514e111fc917b0b4ac4bb4,4997,merchantListing.winnerVariant.quantity,reported,2026-09-14T11:05:55.291Z,10,1,1,reported_total,"[{""merchant_id"":""175525"",""name"":""Miss Dünya Lissa"",""score"":8.6,""price"":999.99,""variant_id"":""901299387"",""listing_id"":""511c66bc9f514e111fc917b0b4ac4bb4"",""stock_quantity"":4997}]","[{""variant_id"":""901299387"",""label"":""M"",""in_stock"":true,""stock_quantity"":4997,""selected"":true},{""variant_id"":""901299389"",""label"":""L"",""in_stock"":true,""stock_quantity"":null,""selected"":false},{""variant_id"":""901272250"",""label"":""XL"",""in_stock"":true,""stock_quantity"":null,""selected"":false},{""variant_id"":""901299410"",""label"":""2XL"",""in_stock"":true,""stock_quantity"":null,""selected"":false},{""variant_id"":""901299384"",""label"":""S"",""in_stock"":false,""stock_quantity"":null,""selected"":false}]",6774,,,,,unchanged_stock,24.02,inventory_net_decrease,2026-09-14,2026-09-14T14:00:36+03:00,hamile,BEST_SELLER,hamile-elbise,hamile elbise,37,1,137,137,7,hamile:hamile-elbise,37,-5,22.8,19.7,681002954,175525,681002954:175525,Miss Dünya Lissa Pudra Dantel Detaylı Hamile Ve Lohusa Gecelik Takımı,Miss Dünya Lissa,,https://www.trendyol.com/miss-dunya-lissa/pudra-dantel-detayli-hamile-ve-lohusa-gecelik-takimi-p-681002954?boutiqueId=61&merchantId=175525,Miss Dünya Lissa,8.6,999.99,,,0,TRY,"[""Kargo Bedava""]",InStock,,,,,,4.4149377593361,241,125,0,47,,"6,7B kişi favoriledi",,,,0,,,,Tahmini Teslim:,,,{},0,,refreshed,"[""daily_top""]",true,2026-09-14T11:05:55.291Z,0,"[""search_result_dom"",""product_detail_jsonld"",""product_detail_dom""]","{""variant_id"":""observed"",""variant_label"":""observed"",""listing_id"":""observed"",""inventory_key"":""observed"",""stock_quantity"":""observed"",""stock_quantity_source"":""observed"",""stock_quantity_kind"":""observed"",""stock_observed_at"":""observed"",""max_sale_limit"":""observed"",""seller_count"":""observed"",""seller_count_observed"":""observed"",""seller_count_kind"":""observed"",""sellers"":""observed"",""variants"":""observed"",""favorite_count"":""observed"",""inventory_decrease"":""unavailable"",""sales_estimate_daily"":""unavailable"",""sales_estimate_weekly"":""unavailable"",""sales_estimate_monthly"":""unavailable"",""sales_estimate_status"":""unavailable"",""sales_estimate_hours"":""unavailable"",""sales_estimate_source"":""unavailable"",""title"":""observed"",""brand"":""observed"",""seller_name"":""observed"",""seller_score"":""observed"",""price"":""observed"",""original_price"":""unavailable"",""campaigns"":""observed"",""stock_status"":""observed"",""stock_signal"":""unavailable"",""rating"":""observed"",""rating_count"":""observed"",""review_count"":""observed"",""question_count"":""observed"",""delivery_summary"":""observed"",""shipping_cost"":""unavailable"",""properties"":""observed""}",true,
1615889179,XL,1649e0c56d5b09e0a71a61669b37d51d,1155144033:157030:1615889179:1649e0c56d5b09e0a71a61669b37d51d,14,merchantListing.winnerVariant.quantity,reported,2026-09-14T11:05:59.673Z,11,1,1,reported_total,"[{""merchant_id"":""157030"",""name"":""SUDENAZ TEKSTİL"",""score"":8.8,""price"":679,""variant_id"":""1615889179"",""listing_id"":""1649e0c56d5b09e0a71a61669b37d51d"",""stock_quantity"":14}]","[{""variant_id"":""1615889179"",""label"":""XL"",""in_stock"":true,""stock_quantity"":14,""selected"":true},{""variant_id"":""1615889177"",""label"":""2XL"",""in_stock"":true,""stock_quantity"":null,""selected"":false},{""variant_id"":""1615889178"",""label"":""3XL"",""in_stock"":true,""stock_quantity"":null,""selected"":false},{""variant_id"":""1615889180"",""label"":""4XL"",""in_stock"":true,""stock_quantity"":null,""selected"":false}]",2877,,,,,unchanged_stock,24.01,inventory_net_decrease,2026-09-14,2026-09-14T14:00:36+03:00,hamile,BEST_SELLER,hamile-elbise,hamile elbise,38,1,138,138,13,hamile:hamile-elbise,38,12,11.6,28.4,1155144033,157030,1155144033:157030,SENTEX Geniş kısa kollu desenli kadın elbisesi,SENTEX,,https://www.trendyol.com/sentex/genis-kisa-kollu-desenli-kadin-elbisesi-p-1155144033?boutiqueId=61&merchantId=157030,SUDENAZ TEKSTİL,8.8,679,,,0,TRY,"[""Kargo Bedava""]",InStock,,,,,,4.740740740740741,27,8,0,27,,"2,8B kişi favoriledi",,,,0,,,,9 saat 54 dakika içinde sipariş verirsen en geç yarın kargoda!,,,{},0,,refreshed,"[""daily_top""]",true,2026-09-14T11:05:59.674Z,0,"[""search_result_dom"",""product_detail_jsonld"",""product_detail_dom""]","{""variant_id"":""observed"",""variant_label"":""observed"",""listing_id"":""observed"",""inventory_key"":""observed"",""stock_quantity"":""observed"",""stock_quantity_source"":""observed"",""stock_quantity_kind"":""observed"",""stock_observed_at"":""observed"",""max_sale_limit"":""observed"",""seller_count"":""observed"",""seller_count_observed"":""observed"",""seller_count_kind"":""observed"",""sellers"":""observed"",""variants"":""observed"",""favorite_count"":""observed"",""inventory_decrease"":""unavailable"",""sales_estimate_daily"":""unavailable"",""sales_estimate_weekly"":""unavailable"",""sales_estimate_monthly"":""unavailable"",""sales_estimate_status"":""unavailable"",""sales_estimate_hours"":""unavailable"",""sales_estimate_source"":""unavailable"",""title"":""observed"",""brand"":""observed"",""seller_name"":""observed"",""seller_score"":""observed"",""price"":""observed"",""original_price"":""unavailable"",""campaigns"":""observed"",""stock_status"":""observed"",""stock_signal"":""unavailable"",""rating"":""observed"",""rating_count"":""observed"",""review_count"":""observed"",""question_count"":""observed"",""delivery_summary"":""observed"",""shipping_cost"":""unavailable"",""properties"":""observed""}",true,
274311920,S,474403fc2db6350a6ba03d70b5a24f7c,168068796:4575:274311920:474403fc2db6350a6ba03d70b5a24f7c,30,merchantListing.winnerVariant.quantity,reported,2026-09-14T11:05:59.784Z,10,1,1,reported_total,"[{""merchant_id"":""4575"",""name"":""LuvmaBelly"",""score"":9.2,""price"":855,""variant_id"":""274311920"",""listing_id"":""474403fc2db6350a6ba03d70b5a24f7c"",""stock_quantity"":30}]","[{""variant_id"":""274311920"",""label"":""S"",""in_stock"":true,""stock_quantity"":30,""selected"":true},{""variant_id"":""274311929"",""label"":""M"",""in_stock"":true,""stock_quantity"":null,""selected"":false},{""variant_id"":""274159301"",""label"":""XL"",""in_stock"":true,""stock_quantity"":null,""selected"":false},{""variant_id"":""601664094"",""label"":""2XL"",""in_stock"":true,""stock_quantity"":null,""selected"":false},{""variant_id"":""274311921"",""label"":""L"",""in_stock"":false,""stock_quantity"":null,""selected"":false},{""variant_id"":""601693566"",""label"":""3XL"",""in_stock"":false,""stock_quantity"":null,""selected"":false}]",7530,,,,,unchanged_stock,24.01,inventory_net_decrease,2026-09-14,2026-09-14T14:00:36+03:00,hamile,BEST_SELLER,hamile-elbise,hamile elbise,39,1,139,139,,hamile:hamile-elbise,39,24,19.9,17.6,168068796,4575,168068796:4575,Luvmabelly Myra6300 Kışlık Kazayağı Desen Hamile Jile Elbise -siyah,Luvmabelly,Hamile Elbisesi,https://www.trendyol.com/luvmabelly/myra6300-kislik-kazayagi-desen-hamile-jile-elbise-siyah-p-168068796?boutiqueId=61&merchantId=4575,LuvmaBelly,9.2,855,,,0,TRY,"[""Kargo Bedava""]",InStock,,,,,,4.609756097560975,328,171,0,133,,"7,5B kişi favoriledi",,4999,TRY,0,1,1,3,9 saat 54 dakika içinde sipariş verirsen en geç yarın kargoda!,,https://cdn.dsmcdn.com/ty1752/prod/QC_ENRICHMENT/20250910/15/9c6530b8-60c5-3181-9443-a61f8e529ac4/1_org_zoom.jpg,"{""Yaka Tipi"":""Kare Yaka"",""Kumaş Tipi"":""Örme"",""Cep"":""Cepsiz"",""Kol Tipi"":""Kolsuz"",""Desen"":""Düz"",""Kalıp"":""Regular"",""Renk"":""Siyah"",""Materyal"":""Pamuklu"",""Boy"":""Mini"",""Ortam"":""Casual/Günlük"",""Kol Boyu"":""Kolsuz"",""Siluet"":""Jile"",""Materyal Bileşeni"":""95% Pamuk, 5% Elastan"",""Yıkama Talimatı"":""30 derecede yıkanabilir."",""Koleksiyon"":""Hamile"",""Sürdürülebilirlik Detayı"":""Evet"",""Menşei"":""TR"",""Paket İçeriği"":""Tekli""}",20,5,refreshed,"[""daily_top""]",true,2026-09-14T11:05:59.785Z,0,"[""search_result_dom"",""product_detail_jsonld"",""product_detail_dom""]","{""variant_id"":""observed"",""variant_label"":""observed"",""listing_id"":""observed"",""inventory_key"":""observed"",""stock_quantity"":""observed"",""stock_quantity_source"":""observed"",""stock_quantity_kind"":""observed"",""stock_observed_at"":""observed"",""max_sale_limit"":""observed"",""seller_count"":""observed"",""seller_count_observed"":""observed"",""seller_count_kind"":""observed"",""sellers"":""observed"",""variants"":""observed"",""favorite_count"":""observed"",""inventory_decrease"":""unavailable"",""sales_estimate_daily"":""unavailable"",""sales_estimate_weekly"":""unavailable"",""sales_estimate_monthly"":""unavailable"",""sales_estimate_status"":""unavailable"",""sales_estimate_hours"":""unavailable"",""sales_estimate_source"":""unavailable"",""title"":""observed"",""brand"":""observed"",""seller_name"":""observed"",""seller_score"":""observed"",""price"":""observed"",""original_price"":""unavailable"",""campaigns"":""observed"",""stock_status"":""observed"",""stock_signal"":""unavailable"",""rating"":""observed"",""rating_count"":""observed"",""review_count"":""observed"",""question_count"":""observed"",""delivery_summary"":""observed"",""shipping_cost"":""observed"",""properties"":""observed""}",true,
1657732003,XL,3a242b65ac623f0be9a0aa038843b6a2,1182302553:157030:1657732003:3a242b65ac623f0be9a0aa038843b6a2,7,merchantListing.winnerVariant.quantity,reported,2026-09-14T11:05:59.807Z,10,1,1,reported_total,"[{""merchant_id"":""157030"",""name"":""SUDENAZ TEKSTİL"",""score"":8.8,""price"":679,""variant_id"":""1657732003"",""listing_id"":""3a242b65ac623f0be9a0aa038843b6a2"",""stock_quantity"":7}]","[{""variant_id"":""1657732003"",""label"":""XL"",""in_stock"":true,""stock_quantity"":7,""selected"":true},{""variant_id"":""1657732004"",""label"":""2XL"",""in_stock"":true,""stock_quantity"":null,""selected"":false},{""variant_id"":""1657732006"",""label"":""3XL"",""in_stock"":true,""stock_quantity"":null,""selected"":false},{""variant_id"":""1657732005"",""label"":""4XL"",""in_stock"":false,""stock_quantity"":null,""selected"":false}]",452,3,3,,,estimated,24.02,inventory_net_decrease,2026-09-14,2026-09-14T14:00:36+03:00,hamile,BEST_SELLER,hamile-elbise,hamile elbise,40,2,140,140,10,hamile:hamile-elbise,40,-7,3.8,31.2,1182302553,157030,1182302553:157030,SENTEX Geniş kısa kollu desenli kadın elbisesi,SENTEX,,https://www.trendyol.com/sentex/genis-kisa-kollu-desenli-kadin-elbisesi-p-1182302553?boutiqueId=61&merchantId=157030,SUDENAZ TEKSTİL,8.8,679,,,0,TRY,"[""Kargo Bedava""]",InStock,Tükeniyor,,,,,4.625,8,2,0,6,,452 kişi favoriledi,,,,0,,,,9 saat 54 dakika içinde sipariş verirsen en geç yarın kargoda!,En Çok Satan 10. Ürün,,{},0,,refreshed,"[""daily_top""]",true,2026-09-14T11:05:59.807Z,0,"[""search_result_dom"",""product_detail_jsonld"",""product_detail_dom""]","{""variant_id"":""observed"",""variant_label"":""observed"",""listing_id"":""observed"",""inventory_key"":""observed"",""stock_quantity"":""observed"",""stock_quantity_source"":""observed"",""stock_quantity_kind"":""observed"",""stock_observed_at"":""observed"",""max_sale_limit"":""observed"",""seller_count"":""observed"",""seller_count_observed"":""observed"",""seller_count_kind"":""observed"",""sellers"":""observed"",""variants"":""observed"",""favorite_count"":""observed"",""inventory_decrease"":""unavailable"",""sales_estimate_daily"":""unavailable"",""sales_estimate_weekly"":""unavailable"",""sales_estimate_monthly"":""unavailable"",""sales_estimate_status"":""unavailable"",""sales_estimate_hours"":""unavailable"",""sales_estimate_source"":""unavailable"",""title"":""observed"",""brand"":""observed"",""seller_name"":""observed"",""seller_score"":""observed"",""price"":""observed"",""original_price"":""unavailable"",""campaigns"":""observed"",""stock_status"":""observed"",""stock_signal"":""observed"",""rating"":""observed"",""rating_count"":""observed"",""review_count"":""observed"",""question_count"":""observed"",""delivery_summary"":""observed"",""shipping_cost"":""unavailable"",""properties"":""observed""}",true,
997100889,M,5c0dad2ab8a3632774b5e4c7194309c1,756683845:133964:997100889:5c0dad2ab8a3632774b5e4c7194309c1,482,merchantListing.winnerVariant.quantity,reported,2026-09-14T11:06:04.442Z,10,1,1,reported_total,"[{""merchant_id"":""133964"",""name"":""EMOSE"",""score"":8,""price"":1449,""variant_id"":""997100889"",""listing_id"":""5c0dad2ab8a3632774b5e4c7194309c1"",""stock_quantity"":482}]","[{""variant_id"":""997100889"",""label"":""M"",""in_stock"":true,""stock_quantity"":482,""selected"":true},{""variant_id"":""997100887"",""label"":""L"",""in_stock"":true,""stock_quantity"":null,""selected"":false},{""variant_id"":""997100885"",""label"":""XL"",""in_stock"":true,""stock_quantity"":null,""selected"":false}]",27860,,,,,unchanged_stock,24.02,inventory_net_decrease,2026-09-14,2026-09-14T14:00:36+03:00,hamile,BEST_SELLER,hamile-elbise,hamile elbise,41,2,141,141,3,hamile:hamile-elbise,41,-3,17.5,17,756683845,133964,756683845:133964,Emose Tüylü Lohusa Hamile Pijama Takımı Ekru,Emose,,https://www.trendyol.com/emose/tuylu-lohusa-hamile-pijama-takimi-ekru-p-756683845?boutiqueId=61&merchantId=133964,EMOSE,8,1449,,,0,TRY,"[""Kargo Bedava"",""Peşin Fiyatına 3 Taksit""]",InStock,,,,,,4.137499999999999,240,151,0,148,,"27,8B kişi favoriledi",,,,0,,,,9 saat 53 dakika içinde sipariş verirsen en geç yarın kargoda!,,,{},0,,refreshed,"[""daily_top""]",true,2026-09-14T11:06:04.443Z,0,"[""search_result_dom"",""product_detail_jsonld"",""product_detail_dom""]","{""variant_id"":""observed"",""variant_label"":""observed"",""listing_id"":""observed"",""inventory_key"":""observed"",""stock_quantity"":""observed"",""stock_quantity_source"":""observed"",""stock_quantity_kind"":""observed"",""stock_observed_at"":""observed"",""max_sale_limit"":""observed"",""seller_count"":""observed"",""seller_count_observed"":""observed"",""seller_count_kind"":""observed"",""sellers"":""observed"",""variants"":""observed"",""favorite_count"":""observed"",""inventory_decrease"":""unavailable"",""sales_estimate_daily"":""unavailable"",""sales_estimate_weekly"":""unavailable"",""sales_estimate_monthly"":""unavailable"",""sales_estimate_status"":""unavailable"",""sales_estimate_hours"":""unavailable"",""sales_estimate_source"":""unavailable"",""title"":""observed"",""brand"":""observed"",""seller_name"":""observed"",""seller_score"":""observed"",""price"":""observed"",""original_price"":""unavailable"",""campaigns"":""observed"",""stock_status"":""observed"",""stock_signal"":""unavailable"",""rating"":""observed"",""rating_count"":""observed"",""review_count"":""observed"",""question_count"":""observed"",""delivery_summary"":""observed"",""shipping_cost"":""unavailable"",""properties"":""observed""}",true,
1667060810,M,e1dc75b1aed50105e2cbed11c096e158,1188201396:175525:1667060810:e1dc75b1aed50105e2cbed11c096e158,17,merchantListing.winnerVariant.quantity,reported,2026-09-14T11:06:04.549Z,10,1,1,reported_total,"[{""merchant_id"":""175525"",""name"":""Miss Dünya Lissa"",""score"":8.6,""price"":1309.99,""variant_id"":""1667060810"",""listing_id"":""e1dc75b1aed50105e2cbed11c096e158"",""stock_quantity"":17}]","[{""variant_id"":""1667060810"",""label"":""M"",""in_stock"":true,""stock_quantity"":17,""selected"":true},{""variant_id"":""1667060811"",""label"":""L"",""in_stock"":true,""stock_quantity"":null,""selected"":false},{""variant_id"":""1667060813"",""label"":""XL"",""in_stock"":false,""stock_quantity"":null,""selected"":false},{""variant_id"":""1667060812"",""label"":""2XL"",""in_stock"":false,""stock_quantity"":null,""selected"":false}]",666,,,,,unchanged_stock,24.03,inventory_net_decrease,2026-09-14,2026-09-14T14:00:36+03:00,hamile,BEST_SELLER,hamile-elbise,hamile elbise,42,2,142,142,6,hamile:hamile-elbise,42,-15,3.8,30.2,1188201396,175525,1188201396:175525,Miss Dünya Lissa Alina Sabahlıklı Emzirmeye Uygun Dantel Detaylı Sıfır Kol Hamile ve Lohusa Gecelik Takımı,Miss Dünya Lissa,,https://www.trendyol.com/miss-dunya-lissa/alina-sabahlikli-emzirmeye-uygun-dantel-detayli-sifir-kol-hamile-ve-lohusa-gecelik-takimi-p-1188201396?boutiqueId=61&merchantId=175525,Miss Dünya Lissa,8.6,1309.99,,,0,TRY,"[""Kargo Bedava"",""Peşin Fiyatına 3 Taksit""]",InStock,,,,,,5,2,2,0,5,,673 kişi favoriledi,,,,0,,,,Tahmini Teslim:,,,{},0,,refreshed,"[""daily_top""]",true,2026-09-14T11:06:04.549Z,0,"[""search_result_dom"",""product_detail_jsonld"",""product_detail_dom""]","{""variant_id"":""observed"",""variant_label"":""observed"",""listing_id"":""observed"",""inventory_key"":""observed"",""stock_quantity"":""observed"",""stock_quantity_source"":""observed"",""stock_quantity_kind"":""observed"",""stock_observed_at"":""observed"",""max_sale_limit"":""observed"",""seller_count"":""observed"",""seller_count_observed"":""observed"",""seller_count_kind"":""observed"",""sellers"":""observed"",""variants"":""observed"",""favorite_count"":""observed"",""inventory_decrease"":""unavailable"",""sales_estimate_daily"":""unavailable"",""sales_estimate_weekly"":""unavailable"",""sales_estimate_monthly"":""unavailable"",""sales_estimate_status"":""unavailable"",""sales_estimate_hours"":""unavailable"",""sales_estimate_source"":""unavailable"",""title"":""observed"",""brand"":""observed"",""seller_name"":""observed"",""seller_score"":""observed"",""price"":""observed"",""original_price"":""unavailable"",""campaigns"":""observed"",""stock_status"":""observed"",""stock_signal"":""unavailable"",""rating"":""observed"",""rating_count"":""observed"",""review_count"":""observed"",""question_count"":""observed"",""delivery_summary"":""observed"",""shipping_cost"":""unavailable"",""properties"":""observed""}",true,
1181462908,S,143df380262664126901fd959b8b11f9,868930003:719046:1181462908:143df380262664126901fd959b8b11f9,992,merchantListing.winnerVariant.quantity,reported,2026-09-14T11:06:04.387Z,10,1,1,reported_total,"[{""merchant_id"":""719046"",""name"":""ByLohusa"",""score"":9.2,""price"":2699.99,""variant_id"":""1181462908"",""listing_id"":""143df380262664126901fd959b8b11f9"",""stock_quantity"":992}]","[{""variant_id"":""1181462908"",""label"":""S"",""in_stock"":true,""stock_quantity"":992,""selected"":true},{""variant_id"":""1181462907"",""label"":""M"",""in_stock"":true,""stock_quantity"":null,""selected"":false},{""variant_id"":""1181462910"",""label"":""L"",""in_stock"":true,""stock_quantity"":null,""selected"":false},{""variant_id"":""1181462909"",""label"":""XL"",""in_stock"":true,""stock_quantity"":null,""selected"":false},{""variant_id"":""1181462911"",""label"":""2XL"",""in_stock"":true,""stock_quantity"":null,""selected"":false}]",5009,,,,,unchanged_stock,24.01,inventory_net_decrease,2026-09-14,2026-09-14T14:00:36+03:00,hamile,BEST_SELLER,hamile-elbise,hamile elbise,43,2,143,143,4,hamile:hamile-elbise,43,22,11.5,22,868930003,719046,868930003:719046,ByLohusa Effortt Mavi Sabahlıklı Hamile Lohusa Gecelik Takım,ByLohusa,,https://www.trendyol.com/bylohusa/effortt-mavi-sabahlikli-hamile-lohusa-gecelik-takim-p-868930003?boutiqueId=61&merchantId=719046,ByLohusa,9.2,2699.99,,,36,TRY,"[""Sepette %1 İndirim"",""Kargo Bedava"",""Peşin Fiyatına 3 Taksit"",""Trendyol Plus'a Özel""]",InStock,,,,,,4.395348837209302,43,26,0,28,,5B kişi favoriledi,,,,0,,,,9 saat 53 dakika içinde sipariş verirsen en geç yarın kargoda!,En Çok Ziyaret Edilen 6. Ürün,,{},0,,refreshed,"[""daily_top""]",true,2026-09-14T11:06:04.388Z,0,"[""search_result_dom"",""product_detail_jsonld"",""product_detail_dom""]","{""variant_id"":""observed"",""variant_label"":""observed"",""listing_id"":""observed"",""inventory_key"":""observed"",""stock_quantity"":""observed"",""stock_quantity_source"":""observed"",""stock_quantity_kind"":""observed"",""stock_observed_at"":""observed"",""max_sale_limit"":""observed"",""seller_count"":""observed"",""seller_count_observed"":""observed"",""seller_count_kind"":""observed"",""sellers"":""observed"",""variants"":""observed"",""favorite_count"":""observed"",""inventory_decrease"":""unavailable"",""sales_estimate_daily"":""unavailable"",""sales_estimate_weekly"":""unavailable"",""sales_estimate_monthly"":""unavailable"",""sales_estimate_status"":""unavailable"",""sales_estimate_hours"":""unavailable"",""sales_estimate_source"":""unavailable"",""title"":""observed"",""brand"":""observed"",""seller_name"":""observed"",""seller_score"":""observed"",""price"":""observed"",""original_price"":""unavailable"",""campaigns"":""observed"",""stock_status"":""observed"",""stock_signal"":""unavailable"",""rating"":""observed"",""rating_count"":""observed"",""review_count"":""observed"",""question_count"":""observed"",""delivery_summary"":""observed"",""shipping_cost"":""unavailable"",""properties"":""observed""}",true,
866436565,M,aeb9558d8b2babedeb6bb2eecb6cd6a5,655268162:175525:866436565:aeb9558d8b2babedeb6bb2eecb6cd6a5,44,merchantListing.winnerVariant.quantity,reported,2026-09-14T11:06:09.274Z,10,1,1,reported_total,"[{""merchant_id"":""175525"",""name"":""Miss Dünya Lissa"",""score"":8.6,""price"":669.99,""variant_id"":""866436565"",""listing_id"":""aeb9558d8b2babedeb6bb2eecb6cd6a5"",""stock_quantity"":44}]","[{""variant_id"":""866436565"",""label"":""M"",""in_stock"":true,""stock_quantity"":44,""selected"":true},{""variant_id"":""866436807"",""label"":""XL"",""in_stock"":true,""stock_quantity"":null,""selected"":false},{""variant_id"":""866391421"",""label"":""2XL"",""in_stock"":true,""stock_quantity"":null,""selected"":false},{""variant_id"":""866436611"",""label"":""S"",""in_stock"":false,""stock_quantity"":null,""selected"":false},{""variant_id"":""866436695"",""label"":""L"",""in_stock"":false,""stock_quantity"":null,""selected"":false}]",18543,,,,,unchanged_stock,24.01,inventory_net_decrease,2026-09-14,2026-09-14T14:00:36+03:00,hamile,BEST_SELLER,hamile-elbise,hamile elbise,44,2,144,144,10,hamile:hamile-elbise,44,20,20.7,12.3,655268162,175525,655268162:175525,Miss Dünya Lissa Beyaz Emzirmeye Uygun Lohusa Ve Hamile Pijama Takımı,Miss Dünya Lissa,,https://www.trendyol.com/miss-dunya-lissa/beyaz-emzirmeye-uygun-lohusa-ve-hamile-pijama-takimi-p-655268162?boutiqueId=61&merchantId=175525,Miss Dünya Lissa,8.6,669.99,,,0,TRY,"[""Kargo Bedava""]",InStock,,,,,,4.348297213622291,646,387,-1,88,,"18,5B kişi favoriledi",,,,0,,,,Tahmini Teslim:,Fenomen Seçimi,,{},0,,refreshed,"[""daily_top""]",true,2026-09-14T11:06:09.274Z,0,"[""search_result_dom"",""product_detail_jsonld"",""product_detail_dom""]","{""variant_id"":""observed"",""variant_label"":""observed"",""listing_id"":""observed"",""inventory_key"":""observed"",""stock_quantity"":""observed"",""stock_quantity_source"":""observed"",""stock_quantity_kind"":""observed"",""stock_observed_at"":""observed"",""max_sale_limit"":""observed"",""seller_count"":""observed"",""seller_count_observed"":""observed"",""seller_count_kind"":""observed"",""sellers"":""observed"",""variants"":""observed"",""favorite_count"":""observed"",""inventory_decrease"":""unavailable"",""sales_estimate_daily"":""unavailable"",""sales_estimate_weekly"":""unavailable"",""sales_estimate_monthly"":""unavailable"",""sales_estimate_status"":""unavailable"",""sales_estimate_hours"":""unavailable"",""sales_estimate_source"":""unavailable"",""title"":""observed"",""brand"":""observed"",""seller_name"":""observed"",""seller_score"":""observed"",""price"":""observed"",""original_price"":""unavailable"",""campaigns"":""observed"",""stock_status"":""observed"",""stock_signal"":""unavailable"",""rating"":""observed"",""rating_count"":""observed"",""review_count"":""observed"",""question_count"":""observed"",""delivery_summary"":""observed"",""shipping_cost"":""unavailable"",""properties"":""observed""}",true,
1593696923,L,4b94761d74dae31ea43bfd3bfde7eca6,1140349502:331678:1593696923:4b94761d74dae31ea43bfd3bfde7eca6,4,merchantListing.winnerVariant.quantity,reported,2026-09-14T11:06:09.009Z,10,1,1,reported_total,"[{""merchant_id"":""331678"",""name"":""LYN MAMA"",""score"":9.2,""price"":1199.9,""variant_id"":""1593696923"",""listing_id"":""4b94761d74dae31ea43bfd3bfde7eca6"",""stock_quantity"":4}]","[{""variant_id"":""1593696923"",""label"":""L"",""in_stock"":true,""stock_quantity"":4,""selected"":true},{""variant_id"":""1593691430"",""label"":""XL"",""in_stock"":true,""stock_quantity"":null,""selected"":false},{""variant_id"":""1593697153"",""label"":""2XL"",""in_stock"":true,""stock_quantity"":null,""selected"":false},{""variant_id"":""1593699276"",""label"":""S"",""in_stock"":false,""stock_quantity"":null,""selected"":false},{""variant_id"":""1593698001"",""label"":""M"",""in_stock"":false,""stock_quantity"":null,""selected"":false}]",3171,,,,,unchanged_stock,24.02,inventory_net_decrease,2026-09-14,2026-09-14T14:00:36+03:00,hamile,BEST_SELLER,hamile-elbise,hamile elbise,45,2,145,145,3,hamile:hamile-elbise,45,3,5.6,26.9,1140349502,331678,1140349502:331678,Lyn Mama Olivia Elbise Uzun - Bordo,Lyn Mama,,https://www.trendyol.com/lyn-mama/olivia-elbise-uzun-bordo-p-1140349502?boutiqueId=61&merchantId=331678,LYN MAMA,9.2,1199.9,,,0,TRY,"[""Kargo Bedava"",""Peşin Fiyatına 3 Taksit""]",InStock,Tükeniyor,,,,,3.7142857142857144,7,4,0,14,,"3,1B kişi favoriledi",,,,0,,,,Tahmini Teslim:,,,{},0,,refreshed,"[""daily_top""]",true,2026-09-14T11:06:09.009Z,0,"[""search_result_dom"",""product_detail_jsonld"",""product_detail_dom""]","{""variant_id"":""observed"",""variant_label"":""observed"",""listing_id"":""observed"",""inventory_key"":""observed"",""stock_quantity"":""observed"",""stock_quantity_source"":""observed"",""stock_quantity_kind"":""observed"",""stock_observed_at"":""observed"",""max_sale_limit"":""observed"",""seller_count"":""observed"",""seller_count_observed"":""observed"",""seller_count_kind"":""observed"",""sellers"":""observed"",""variants"":""observed"",""favorite_count"":""observed"",""inventory_decrease"":""unavailable"",""sales_estimate_daily"":""unavailable"",""sales_estimate_weekly"":""unavailable"",""sales_estimate_monthly"":""unavailable"",""sales_estimate_status"":""unavailable"",""sales_estimate_hours"":""unavailable"",""sales_estimate_source"":""unavailable"",""title"":""observed"",""brand"":""observed"",""seller_name"":""observed"",""seller_score"":""observed"",""price"":""observed"",""original_price"":""unavailable"",""campaigns"":""observed"",""stock_status"":""observed"",""stock_signal"":""observed"",""rating"":""observed"",""rating_count"":""observed"",""review_count"":""observed"",""question_count"":""observed"",""delivery_summary"":""observed"",""shipping_cost"":""unavailable"",""properties"":""observed""}",true,
916472253,M,46a7f7829c38ee0ca82b8acdc1decb0d,692868374:175525:916472253:46a7f7829c38ee0ca82b8acdc1decb0d,997,merchantListing.winnerVariant.quantity,reported,2026-09-14T11:06:09.237Z,10,1,1,reported_total,"[{""merchant_id"":""175525"",""name"":""Miss Dünya Lissa"",""score"":8.6,""price"":1449.99,""variant_id"":""916472253"",""listing_id"":""46a7f7829c38ee0ca82b8acdc1decb0d"",""stock_quantity"":997}]","[{""variant_id"":""916472253"",""label"":""M"",""in_stock"":true,""stock_quantity"":997,""selected"":true},{""variant_id"":""916472255"",""label"":""L"",""in_stock"":true,""stock_quantity"":null,""selected"":false},{""variant_id"":""916472258"",""label"":""XL"",""in_stock"":true,""stock_quantity"":null,""selected"":false},{""variant_id"":""916467738"",""label"":""2XL"",""in_stock"":true,""stock_quantity"":null,""selected"":false},{""variant_id"":""916472260"",""label"":""S"",""in_stock"":false,""stock_quantity"":null,""selected"":false}]",7402,,,,,unchanged_stock,24.02,inventory_net_decrease,2026-09-14,2026-09-14T14:00:36+03:00,hamile,BEST_SELLER,hamile-elbise,hamile elbise,46,2,146,146,11,hamile:hamile-elbise,46,0,17.1,14.9,692868374,175525,692868374:175525,Miss Dünya Lissa Pudra Hamile Ve Lohusa Sabahlık Gecelik Takımı,Miss Dünya Lissa,,https://www.trendyol.com/miss-dunya-lissa/pudra-hamile-ve-lohusa-sabahlik-gecelik-takimi-p-692868374?boutiqueId=61&merchantId=175525,Miss Dünya Lissa,8.6,1449.99,,,0,TRY,"[""Kargo Bedava"",""Peşin Fiyatına 3 Taksit""]",InStock,,,,,,4.559322033898305,236,137,0,44,,,,,,0,,,,Tahmini Teslim:,,,{},0,,refreshed,"[""daily_top""]",true,2026-09-14T11:06:09.237Z,0,"[""search_result_dom"",""product_detail_jsonld"",""product_detail_dom""]","{""variant_id"":""observed"",""variant_label"":""observed"",""listing_id"":""observed"",""inventory_key"":""observed"",""stock_quantity"":""observed"",""stock_quantity_source"":""observed"",""stock_quantity_kind"":""observed"",""stock_observed_at"":""observed"",""max_sale_limit"":""observed"",""seller_count"":""observed"",""seller_count_observed"":""observed"",""seller_count_kind"":""observed"",""sellers"":""observed"",""variants"":""observed"",""favorite_count"":""observed"",""inventory_decrease"":""unavailable"",""sales_estimate_daily"":""unavailable"",""sales_estimate_weekly"":""unavailable"",""sales_estimate_monthly"":""unavailable"",""sales_estimate_status"":""unavailable"",""sales_estimate_hours"":""unavailable"",""sales_estimate_source"":""unavailable"",""title"":""observed"",""brand"":""observed"",""seller_name"":""observed"",""seller_score"":""observed"",""price"":""observed"",""original_price"":""unavailable"",""campaigns"":""observed"",""stock_status"":""observed"",""stock_signal"":""unavailable"",""rating"":""observed"",""rating_count"":""observed"",""review_count"":""observed"",""question_count"":""observed"",""delivery_summary"":""observed"",""shipping_cost"":""unavailable"",""properties"":""observed""}",true,
1161369067,M,79eec0a8747be5a27fea764c709e0090,858176118:175525:1161369067:79eec0a8747be5a27fea764c709e0090,32,merchantListing.winnerVariant.quantity,reported,2026-09-14T11:06:14.303Z,10,1,1,reported_total,"[{""merchant_id"":""175525"",""name"":""Miss Dünya Lissa"",""score"":8.6,""price"":859.99,""variant_id"":""1161369067"",""listing_id"":""79eec0a8747be5a27fea764c709e0090"",""stock_quantity"":32}]","[{""variant_id"":""1161369067"",""label"":""M"",""in_stock"":true,""stock_quantity"":32,""selected"":true},{""variant_id"":""1161369070"",""label"":""L"",""in_stock"":false,""stock_quantity"":null,""selected"":false},{""variant_id"":""1161369068"",""label"":""XL"",""in_stock"":false,""stock_quantity"":null,""selected"":false},{""variant_id"":""1161369069"",""label"":""2XL"",""in_stock"":false,""stock_quantity"":null,""selected"":false}]",79463,4,4,,,estimated,23.98,inventory_net_decrease,2026-09-14,2026-09-14T14:00:36+03:00,hamile,BEST_SELLER,hamile-elbise,hamile elbise,47,2,147,147,9,hamile:hamile-elbise,47,83,25.5,6,858176118,175525,858176118:175525,Miss Dünya Lissa Önden Düğmeli Ayarlanabilir Bel Kol ve Paça Fırfır Detaylı Hamile ve Lohusa Pijama Takımı,Miss Dünya Lissa,,https://www.trendyol.com/miss-dunya-lissa/onden-dugmeli-ayarlanabilir-bel-kol-ve-paca-firfir-detayli-hamile-ve-lohusa-pijama-takimi-p-858176118?boutiqueId=61&merchantId=175525,Miss Dünya Lissa,8.6,859.99,,,32.2,TRY,"[""Kargo Bedava""]",InStock,,,,,,4.256921824104235,2456,1519,0,550,,"79,4B kişi favoriledi",Son 24 saatte 781 kişi görüntüledi,,,0,,,,Tahmini Teslim:,En Çok Favorilenen 2. Ürün,,{},0,,refreshed,"[""daily_top"",""hot_change""]",true,2026-09-14T11:06:14.304Z,0,"[""search_result_dom"",""product_detail_jsonld"",""product_detail_dom""]","{""variant_id"":""observed"",""variant_label"":""observed"",""listing_id"":""observed"",""inventory_key"":""observed"",""stock_quantity"":""observed"",""stock_quantity_source"":""observed"",""stock_quantity_kind"":""observed"",""stock_observed_at"":""observed"",""max_sale_limit"":""observed"",""seller_count"":""observed"",""seller_count_observed"":""observed"",""seller_count_kind"":""observed"",""sellers"":""observed"",""variants"":""observed"",""favorite_count"":""observed"",""inventory_decrease"":""unavailable"",""sales_estimate_daily"":""unavailable"",""sales_estimate_weekly"":""unavailable"",""sales_estimate_monthly"":""unavailable"",""sales_estimate_status"":""unavailable"",""sales_estimate_hours"":""unavailable"",""sales_estimate_source"":""unavailable"",""title"":""observed"",""brand"":""observed"",""seller_name"":""observed"",""seller_score"":""observed"",""price"":""observed"",""original_price"":""unavailable"",""campaigns"":""observed"",""stock_status"":""observed"",""stock_signal"":""unavailable"",""rating"":""observed"",""rating_count"":""observed"",""review_count"":""observed"",""question_count"":""observed"",""delivery_summary"":""observed"",""shipping_cost"":""unavailable"",""properties"":""observed""}",true,
1667842095,M,65344047b2ef17f814a179c1e2860f5c,1188711751:175525:1667842095:65344047b2ef17f814a179c1e2860f5c,17,merchantListing.winnerVariant.quantity,reported,2026-09-14T11:06:14.313Z,10,1,1,reported_total,"[{""merchant_id"":""175525"",""name"":""Miss Dünya Lissa"",""score"":8.6,""price"":829.99,""variant_id"":""1667842095"",""listing_id"":""65344047b2ef17f814a179c1e2860f5c"",""stock_quantity"":17}]","[{""variant_id"":""1667842095"",""label"":""M"",""in_stock"":true,""stock_quantity"":17,""selected"":true},{""variant_id"":""1667842093"",""label"":""L"",""in_stock"":true,""stock_quantity"":null,""selected"":false},{""variant_id"":""1667842094"",""label"":""XL"",""in_stock"":true,""stock_quantity"":null,""selected"":false},{""variant_id"":""1667842092"",""label"":""2XL"",""in_stock"":true,""stock_quantity"":null,""selected"":false}]",230,,,,,unchanged_stock,24.02,inventory_net_decrease,2026-09-14,2026-09-14T14:00:36+03:00,hamile,BEST_SELLER,hamile-elbise,hamile elbise,48,2,148,148,6,hamile:hamile-elbise,48,-6,0,31,1188711751,175525,1188711751:175525,Miss Dünya Lissa Mirella Hamile ve Lohusa Dantel Detaylı Emzirmeye Uygun Gecelik,Miss Dünya Lissa,,https://www.trendyol.com/miss-dunya-lissa/mirella-hamile-ve-lohusa-dantel-detayli-emzirmeye-uygun-gecelik-p-1188711751?boutiqueId=61&merchantId=175525,Miss Dünya Lissa,8.6,829.99,,,0,TRY,"[""Kargo Bedava""]",InStock,,,,,,5,1,0,0,4,,,,,,0,,,,Tahmini Teslim:,,,{},0,,refreshed,"[""daily_top""]",true,2026-09-14T11:06:14.314Z,0,"[""search_result_dom"",""product_detail_jsonld"",""product_detail_dom""]","{""variant_id"":""observed"",""variant_label"":""observed"",""listing_id"":""observed"",""inventory_key"":""observed"",""stock_quantity"":""observed"",""stock_quantity_source"":""observed"",""stock_quantity_kind"":""observed"",""stock_observed_at"":""observed"",""max_sale_limit"":""observed"",""seller_count"":""observed"",""seller_count_observed"":""observed"",""seller_count_kind"":""observed"",""sellers"":""observed"",""variants"":""observed"",""favorite_count"":""observed"",""inventory_decrease"":""unavailable"",""sales_estimate_daily"":""unavailable"",""sales_estimate_weekly"":""unavailable"",""sales_estimate_monthly"":""unavailable"",""sales_estimate_status"":""unavailable"",""sales_estimate_hours"":""unavailable"",""sales_estimate_source"":""unavailable"",""title"":""observed"",""brand"":""observed"",""seller_name"":""observed"",""seller_score"":""observed"",""price"":""observed"",""original_price"":""unavailable"",""campaigns"":""observed"",""stock_status"":""observed"",""stock_signal"":""unavailable"",""rating"":""observed"",""rating_count"":""observed"",""review_count"":""observed"",""question_count"":""observed"",""delivery_summary"":""observed"",""shipping_cost"":""unavailable"",""properties"":""observed""}",true,
1173226880,M,e811ca5c443da8f7ed2897430a1a0b32,864972736:127095:1173226880:e811ca5c443da8f7ed2897430a1a0b32,100,merchantListing.winnerVariant.quantity,reported,2026-09-14T11:06:13.611Z,10,2,2,reported_total,"[{""merchant_id"":""127095"",""name"":""Rimel Homewear"",""score"":8.6,""price"":1990,""variant_id"":""1173226880"",""listing_id"":""e811ca5c443da8f7ed2897430a1a0b32"",""stock_quantity"":100},{""merchant_id"":""948829"",""name"":""PREGNANT WORLD"",""score"":9,""price"":2599.9,""variant_id"":""1173226880"",""listing_id"":""b0ae15370ce1de79845848cd1f9ef463"",""stock_quantity"":4998}]","[{""variant_id"":""1173226880"",""label"":""M"",""in_stock"":true,""stock_quantity"":100,""selected"":true},{""variant_id"":""1173226878"",""label"":""L"",""in_stock"":true,""stock_quantity"":null,""selected"":false},{""variant_id"":""1173226879"",""label"":""XL"",""in_stock"":true,""stock_quantity"":null,""selected"":false},{""variant_id"":""1173226881"",""label"":""2XL"",""in_stock"":true,""stock_quantity"":null,""selected"":false}]",5317,,,,,unchanged_stock,24.02,inventory_net_decrease,2026-09-14,2026-09-14T14:00:36+03:00,hamile,BEST_SELLER,hamile-elbise,hamile elbise,49,2,149,149,2,hamile:hamile-elbise,49,-8,11,19.5,864972736,127095,864972736:127095,Genel Markalar Kadın Ekru Tasarım Tam Boy %100 Pamuk Sabahlıklı Kruvaze Lohusa Gecelik Takımı,Genel Markalar,,https://www.trendyol.com/genel-markalar/kadin-ekru-tasarim-tam-boy-100-pamuk-sabahlikli-kruvaze-lohusa-gecelik-takimi-p-864972736?boutiqueId=61&merchantId=127095,Rimel Homewear,8.6,1990,,,0,TRY,"[""Kargo Bedava"",""Peşin Fiyatına 3 Taksit"",""Trendyol Plus'a Özel""]",InStock,,,,,,4.357142857142857,42,23,0,33,,"5,3B kişi favoriledi",,,,0,,,,9 saat 53 dakika içinde sipariş verirsen en geç yarın kargoda!,,,{},0,,refreshed,"[""daily_top""]",true,2026-09-14T11:06:13.612Z,0,"[""search_result_dom"",""product_detail_jsonld"",""product_detail_dom""]","{""variant_id"":""observed"",""variant_label"":""observed"",""listing_id"":""observed"",""inventory_key"":""observed"",""stock_quantity"":""observed"",""stock_quantity_source"":""observed"",""stock_quantity_kind"":""observed"",""stock_observed_at"":""observed"",""max_sale_limit"":""observed"",""seller_count"":""observed"",""seller_count_observed"":""observed"",""seller_count_kind"":""observed"",""sellers"":""observed"",""variants"":""observed"",""favorite_count"":""observed"",""inventory_decrease"":""unavailable"",""sales_estimate_daily"":""unavailable"",""sales_estimate_weekly"":""unavailable"",""sales_estimate_monthly"":""unavailable"",""sales_estimate_status"":""unavailable"",""sales_estimate_hours"":""unavailable"",""sales_estimate_source"":""unavailable"",""title"":""observed"",""brand"":""observed"",""seller_name"":""observed"",""seller_score"":""observed"",""price"":""observed"",""original_price"":""unavailable"",""campaigns"":""observed"",""stock_status"":""observed"",""stock_signal"":""unavailable"",""rating"":""observed"",""rating_count"":""observed"",""review_count"":""observed"",""question_count"":""observed"",""delivery_summary"":""observed"",""shipping_cost"":""unavailable"",""properties"":""observed""}",true,
1034219450,S,c22af52fc27f04ae9f699cfa99efdbbb,780632615:987100:1034219450:c22af52fc27f04ae9f699cfa99efdbbb,4997,merchantListing.winnerVariant.quantity,reported,2026-09-14T11:06:18.617Z,10,3,3,reported_total,"[{""merchant_id"":""987100"",""name"":""Lohusa Center"",""score"":9.4,""price"":3499.9,""variant_id"":""1034219450"",""listing_id"":""c22af52fc27f04ae9f699cfa99efdbbb"",""stock_quantity"":4997},{""merchant_id"":""235613"",""name"":""Lohussa"",""score"":9.1,""price"":3599.9,""variant_id"":""1034219450"",""listing_id"":""5cafe7d4949fad57f729d5d1df6e247c"",""stock_quantity"":999},{""merchant_id"":""948829"",""name"":""PREGNANT WORLD"",""score"":9,""price"":3599.9,""variant_id"":""1034219450"",""listing_id"":""24069aa020806612795790a9f38b1eef"",""stock_quantity"":2220}]","[{""variant_id"":""1034219450"",""label"":""S"",""in_stock"":true,""stock_quantity"":4997,""selected"":true},{""variant_id"":""1034219438"",""label"":""M"",""in_stock"":true,""stock_quantity"":null,""selected"":false},{""variant_id"":""1034219490"",""label"":""L"",""in_stock"":true,""stock_quantity"":null,""selected"":false},{""variant_id"":""1034219473"",""label"":""XL"",""in_stock"":true,""stock_quantity"":null,""selected"":false},{""variant_id"":""1034219461"",""label"":""2XL"",""in_stock"":true,""stock_quantity"":null,""selected"":false}]",1009,,,,,unchanged_stock,23.98,inventory_net_decrease,2026-09-14,2026-09-14T14:00:36+03:00,hamile,BEST_SELLER,hamile-elbise,hamile elbise,50,2,150,150,7,hamile:hamile-elbise,50,90,4.8,25.2,780632615,987100,780632615:987100,"Lohussa Kadın Mavi Özel Tasarım Pamuklu Hamile Lohusa Sabahlık,Pijama Takımı, Gecelik 4'lü Set",Lohussa,,https://www.trendyol.com/lohussa/kadin-mavi-ozel-tasarim-pamuklu-hamile-lohusa-sabahlik-pijama-takimi-gecelik-4-lu-set-p-780632615?boutiqueId=61&merchantId=987100,Lohusa Center,9.4,3499.9,,,0,TRY,"[""100 TL Kupon"",""Kargo Bedava"",""Sepette %5 İndirim"",""Peşin Fiyatına 3 Taksit"",""Trendyol Plus'a Özel""]",InStock,,,,,,4.625,8,3,0,8,,1B kişi favoriledi,,,,0,,,,9 saat 53 dakika içinde sipariş verirsen en geç yarın kargoda!,,,{},0,,refreshed,"[""daily_top"",""hot_change""]",true,2026-09-14T11:06:18.618Z,0,"[""search_result_dom"",""product_detail_jsonld"",""product_detail_dom""]","{""variant_id"":""observed"",""variant_label"":""observed"",""listing_id"":""observed"",""inventory_key"":""observed"",""stock_quantity"":""observed"",""stock_quantity_source"":""observed"",""stock_quantity_kind"":""observed"",""stock_observed_at"":""observed"",""max_sale_limit"":""observed"",""seller_count"":""observed"",""seller_count_observed"":""observed"",""seller_count_kind"":""observed"",""sellers"":""observed"",""variants"":""observed"",""favorite_count"":""observed"",""inventory_decrease"":""unavailable"",""sales_estimate_daily"":""unavailable"",""sales_estimate_weekly"":""unavailable"",""sales_estimate_monthly"":""unavailable"",""sales_estimate_status"":""unavailable"",""sales_estimate_hours"":""unavailable"",""sales_estimate_source"":""unavailable"",""title"":""observed"",""brand"":""observed"",""seller_name"":""observed"",""seller_score"":""observed"",""price"":""observed"",""original_price"":""unavailable"",""campaigns"":""observed"",""stock_status"":""observed"",""stock_signal"":""unavailable"",""rating"":""observed"",""rating_count"":""observed"",""review_count"":""observed"",""question_count"":""observed"",""delivery_summary"":""observed"",""shipping_cost"":""unavailable"",""properties"":""observed""}",true,
854977398,M,dab1af2936e55e11ef634b818ecf7dd8,647245302:175525:854977398:dab1af2936e55e11ef634b818ecf7dd8,976,merchantListing.winnerVariant.quantity,reported,2026-09-14T11:06:18.911Z,10,1,1,reported_total,"[{""merchant_id"":""175525"",""name"":""Miss Dünya Lissa"",""score"":8.6,""price"":839.99,""variant_id"":""854977398"",""listing_id"":""dab1af2936e55e11ef634b818ecf7dd8"",""stock_quantity"":976}]","[{""variant_id"":""854977398"",""label"":""M"",""in_stock"":true,""stock_quantity"":976,""selected"":true},{""variant_id"":""854893287"",""label"":""L"",""in_stock"":true,""stock_quantity"":null,""selected"":false},{""variant_id"":""854977377"",""label"":""XL"",""in_stock"":true,""stock_quantity"":null,""selected"":false},{""variant_id"":""854977386"",""label"":""2XL"",""in_stock"":true,""stock_quantity"":null,""selected"":false}]",4482,,,,,unchanged_stock,24.02,inventory_net_decrease,2026-09-14,2026-09-14T14:00:36+03:00,hamile,BEST_SELLER,hamile-elbise,hamile elbise,51,2,151,151,10,hamile:hamile-elbise,51,1,16.6,13.4,647245302,175525,647245302:175525,Miss Dünya Lissa Emzirmeye Uygun Uzun Kol Lohusa Ve Hamile Pijama Takımı,Miss Dünya Lissa,,https://www.trendyol.com/miss-dunya-lissa/emzirmeye-uygun-uzun-kol-lohusa-ve-hamile-pijama-takimi-p-647245302?boutiqueId=61&merchantId=175525,Miss Dünya Lissa,8.6,839.99,,,0,TRY,"[""Kargo Bedava""]",InStock,,,,,,4.5769230769230775,208,118,-1,42,,"4,4B kişi favoriledi",,,,0,,,,Tahmini Teslim:,Fenomen Seçimi,,{},0,,refreshed,"[""daily_top""]",true,2026-09-14T11:06:18.912Z,0,"[""search_result_dom"",""product_detail_jsonld"",""product_detail_dom""]","{""variant_id"":""observed"",""variant_label"":""observed"",""listing_id"":""observed"",""inventory_key"":""observed"",""stock_quantity"":""observed"",""stock_quantity_source"":""observed"",""stock_quantity_kind"":""observed"",""stock_observed_at"":""observed"",""max_sale_limit"":""observed"",""seller_count"":""observed"",""seller_count_observed"":""observed"",""seller_count_kind"":""observed"",""sellers"":""observed"",""variants"":""observed"",""favorite_count"":""observed"",""inventory_decrease"":""unavailable"",""sales_estimate_daily"":""unavailable"",""sales_estimate_weekly"":""unavailable"",""sales_estimate_monthly"":""unavailable"",""sales_estimate_status"":""unavailable"",""sales_estimate_hours"":""unavailable"",""sales_estimate_source"":""unavailable"",""title"":""observed"",""brand"":""observed"",""seller_name"":""observed"",""seller_score"":""observed"",""price"":""observed"",""original_price"":""unavailable"",""campaigns"":""observed"",""stock_status"":""observed"",""stock_signal"":""unavailable"",""rating"":""observed"",""rating_count"":""observed"",""review_count"":""observed"",""question_count"":""observed"",""delivery_summary"":""observed"",""shipping_cost"":""unavailable"",""properties"":""observed""}",true,
866430541,M,556462311bcdf4e64e5ef9eb2dbf50da,655266716:175525:866430541:556462311bcdf4e64e5ef9eb2dbf50da,174,merchantListing.winnerVariant.quantity,reported,2026-09-14T11:06:18.690Z,10,1,1,reported_total,"[{""merchant_id"":""175525"",""name"":""Miss Dünya Lissa"",""score"":8.6,""price"":669.99,""variant_id"":""866430541"",""listing_id"":""556462311bcdf4e64e5ef9eb2dbf50da"",""stock_quantity"":174}]","[{""variant_id"":""866430541"",""label"":""M"",""in_stock"":true,""stock_quantity"":174,""selected"":true},{""variant_id"":""866430544"",""label"":""L"",""in_stock"":true,""stock_quantity"":null,""selected"":false},{""variant_id"":""866389761"",""label"":""XL"",""in_stock"":true,""stock_quantity"":null,""selected"":false},{""variant_id"":""866430532"",""label"":""2XL"",""in_stock"":true,""stock_quantity"":null,""selected"":false},{""variant_id"":""866430534"",""label"":""S"",""in_stock"":false,""stock_quantity"":null,""selected"":false}]",13208,,,,,unchanged_stock,24.02,inventory_net_decrease,2026-09-14,2026-09-14T14:00:36+03:00,hamile,BEST_SELLER,hamile-elbise,hamile elbise,52,2,152,152,10,hamile:hamile-elbise,52,4,21,9,655266716,175525,655266716:175525,Miss Dünya Lissa Emzirmeye Uygun Lohusa Ve Hamile Pijama Takımı,Miss Dünya Lissa,,https://www.trendyol.com/miss-dunya-lissa/emzirmeye-uygun-lohusa-ve-hamile-pijama-takimi-p-655266716?boutiqueId=61&merchantId=175525,Miss Dünya Lissa,8.6,669.99,,,0,TRY,"[""Kargo Bedava""]",InStock,,,,,,4.46950354609929,705,415,0,66,,"13,2B kişi favoriledi",,,,0,,,,Tahmini Teslim:,Fenomen Seçimi,,{},0,,refreshed,"[""daily_top""]",true,2026-09-14T11:06:18.690Z,0,"[""search_result_dom"",""product_detail_jsonld"",""product_detail_dom""]","{""variant_id"":""observed"",""variant_label"":""observed"",""listing_id"":""observed"",""inventory_key"":""observed"",""stock_quantity"":""observed"",""stock_quantity_source"":""observed"",""stock_quantity_kind"":""observed"",""stock_observed_at"":""observed"",""max_sale_limit"":""observed"",""seller_count"":""observed"",""seller_count_observed"":""observed"",""seller_count_kind"":""observed"",""sellers"":""observed"",""variants"":""observed"",""favorite_count"":""observed"",""inventory_decrease"":""unavailable"",""sales_estimate_daily"":""unavailable"",""sales_estimate_weekly"":""unavailable"",""sales_estimate_monthly"":""unavailable"",""sales_estimate_status"":""unavailable"",""sales_estimate_hours"":""unavailable"",""sales_estimate_source"":""unavailable"",""title"":""observed"",""brand"":""observed"",""seller_name"":""observed"",""seller_score"":""observed"",""price"":""observed"",""original_price"":""unavailable"",""campaigns"":""observed"",""stock_status"":""observed"",""stock_signal"":""unavailable"",""rating"":""observed"",""rating_count"":""observed"",""review_count"":""observed"",""question_count"":""observed"",""delivery_summary"":""observed"",""shipping_cost"":""unavailable"",""properties"":""observed""}",true,
1128219641,M,fdea640a44194209bcf392d311f7ac14,839428913:175525:1128219641:fdea640a44194209bcf392d311f7ac14,11,merchantListing.winnerVariant.quantity,reported,2026-09-14T11:06:23.598Z,10,1,1,reported_total,"[{""merchant_id"":""175525"",""name"":""Miss Dünya Lissa"",""score"":8.6,""price"":829.99,""variant_id"":""1128219641"",""listing_id"":""fdea640a44194209bcf392d311f7ac14"",""stock_quantity"":11}]","[{""variant_id"":""1128219641"",""label"":""M"",""in_stock"":true,""stock_quantity"":11,""selected"":true},{""variant_id"":""1128219645"",""label"":""L"",""in_stock"":true,""stock_quantity"":null,""selected"":false},{""variant_id"":""1128219644"",""label"":""XL"",""in_stock"":true,""stock_quantity"":null,""selected"":false},{""variant_id"":""1128219642"",""label"":""2XL"",""in_stock"":true,""stock_quantity"":null,""selected"":false}]",9131,,,,,unchanged_stock,24.03,inventory_net_decrease,2026-09-14,2026-09-14T14:00:36+03:00,hamile,BEST_SELLER,hamile-elbise,hamile elbise,53,2,153,153,6,hamile:hamile-elbise,53,-18,19.4,10.6,839428913,175525,839428913:175525,Miss Dünya Lissa Önden Bağlamalı Dantel Detaylı Kolsuz Hamile ve Lohusa Pijama Takımı,Miss Dünya Lissa,,https://www.trendyol.com/miss-dunya-lissa/onden-baglamali-dantel-detayli-kolsuz-hamile-ve-lohusa-pijama-takimi-p-839428913?boutiqueId=61&merchantId=175525,Miss Dünya Lissa,8.6,829.99,,,0,TRY,"[""Kargo Bedava""]",InStock,,,,,,4.350588235294117,425,263,1,41,,"9,1B kişi favoriledi",,,,0,,,,Tahmini Teslim:,Fenomen Seçimi,,{},0,,refreshed,"[""daily_top""]",true,2026-09-14T11:06:23.599Z,0,"[""search_result_dom"",""product_detail_jsonld"",""product_detail_dom""]","{""variant_id"":""observed"",""variant_label"":""observed"",""listing_id"":""observed"",""inventory_key"":""observed"",""stock_quantity"":""observed"",""stock_quantity_source"":""observed"",""stock_quantity_kind"":""observed"",""stock_observed_at"":""observed"",""max_sale_limit"":""observed"",""seller_count"":""observed"",""seller_count_observed"":""observed"",""seller_count_kind"":""observed"",""sellers"":""observed"",""variants"":""observed"",""favorite_count"":""observed"",""inventory_decrease"":""unavailable"",""sales_estimate_daily"":""unavailable"",""sales_estimate_weekly"":""unavailable"",""sales_estimate_monthly"":""unavailable"",""sales_estimate_status"":""unavailable"",""sales_estimate_hours"":""unavailable"",""sales_estimate_source"":""unavailable"",""title"":""observed"",""brand"":""observed"",""seller_name"":""observed"",""seller_score"":""observed"",""price"":""observed"",""original_price"":""unavailable"",""campaigns"":""observed"",""stock_status"":""observed"",""stock_signal"":""unavailable"",""rating"":""observed"",""rating_count"":""observed"",""review_count"":""observed"",""question_count"":""observed"",""delivery_summary"":""observed"",""shipping_cost"":""unavailable"",""properties"":""observed""}",true,
1378122524,M,227a9dbdbe1c528469c0c21b8e045ca9,975044814:175525:1378122524:227a9dbdbe1c528469c0c21b8e045ca9,972,merchantListing.winnerVariant.quantity,reported,2026-09-14T11:06:23.480Z,10,1,1,reported_total,"[{""merchant_id"":""175525"",""name"":""Miss Dünya Lissa"",""score"":8.6,""price"":1449.99,""variant_id"":""1378122524"",""listing_id"":""227a9dbdbe1c528469c0c21b8e045ca9"",""stock_quantity"":972}]","[{""variant_id"":""1378122524"",""label"":""M"",""in_stock"":true,""stock_quantity"":972,""selected"":true},{""variant_id"":""1378113713"",""label"":""L"",""in_stock"":true,""stock_quantity"":null,""selected"":false},{""variant_id"":""1378124049"",""label"":""XL"",""in_stock"":true,""stock_quantity"":null,""selected"":false},{""variant_id"":""1378125068"",""label"":""2XL"",""in_stock"":true,""stock_quantity"":null,""selected"":false}]",4486,,,,,unchanged_stock,24.02,inventory_net_decrease,2026-09-14,2026-09-14T14:00:36+03:00,hamile,BEST_SELLER,hamile-elbise,hamile elbise,54,2,154,154,11,hamile:hamile-elbise,54,-9,13.7,16.3,975044814,175525,975044814:175525,Miss Dünya Lissa Siyah Hamile Ve Lohusa Sabahlık Gecelik Takımı,Miss Dünya Lissa,,https://www.trendyol.com/miss-dunya-lissa/siyah-hamile-ve-lohusa-sabahlik-gecelik-takimi-p-975044814?boutiqueId=61&merchantId=175525,Miss Dünya Lissa,8.6,1449.99,,,0,TRY,"[""Kargo Bedava"",""Peşin Fiyatına 3 Taksit""]",InStock,,,,,,4.716981132075472,106,50,0,28,,"4,4B kişi favoriledi",,,,0,,,,Tahmini Teslim:,,,{},0,,refreshed,"[""daily_top""]",true,2026-09-14T11:06:23.480Z,0,"[""search_result_dom"",""product_detail_jsonld"",""product_detail_dom""]","{""variant_id"":""observed"",""variant_label"":""observed"",""listing_id"":""observed"",""inventory_key"":""observed"",""stock_quantity"":""observed"",""stock_quantity_source"":""observed"",""stock_quantity_kind"":""observed"",""stock_observed_at"":""observed"",""max_sale_limit"":""observed"",""seller_count"":""observed"",""seller_count_observed"":""observed"",""seller_count_kind"":""observed"",""sellers"":""observed"",""variants"":""observed"",""favorite_count"":""observed"",""inventory_decrease"":""unavailable"",""sales_estimate_daily"":""unavailable"",""sales_estimate_weekly"":""unavailable"",""sales_estimate_monthly"":""unavailable"",""sales_estimate_status"":""unavailable"",""sales_estimate_hours"":""unavailable"",""sales_estimate_source"":""unavailable"",""title"":""observed"",""brand"":""observed"",""seller_name"":""observed"",""seller_score"":""observed"",""price"":""observed"",""original_price"":""unavailable"",""campaigns"":""observed"",""stock_status"":""observed"",""stock_signal"":""unavailable"",""rating"":""observed"",""rating_count"":""observed"",""review_count"":""observed"",""question_count"":""observed"",""delivery_summary"":""observed"",""shipping_cost"":""unavailable"",""properties"":""observed""}",true,
1647291158,S,1738a2d3b1ec59440050d06ae13ce65e,1175422467:452542:1647291158:1738a2d3b1ec59440050d06ae13ce65e,100,merchantListing.winnerVariant.quantity,reported,2026-09-14T11:06:23.398Z,11,1,1,reported_total,"[{""merchant_id"":""452542"",""name"":""LACASE"",""score"":9.1,""price"":839,""variant_id"":""1647291158"",""listing_id"":""1738a2d3b1ec59440050d06ae13ce65e"",""stock_quantity"":100}]","[{""variant_id"":""1647291158"",""label"":""S"",""in_stock"":true,""stock_quantity"":100,""selected"":true},{""variant_id"":""1647291159"",""label"":""M"",""in_stock"":true,""stock_quantity"":null,""selected"":false},{""variant_id"":""1647291157"",""label"":""L"",""in_stock"":true,""stock_quantity"":null,""selected"":false}]",393,,,,,unchanged_stock,24.02,inventory_net_decrease,2026-09-14,2026-09-14T14:00:36+03:00,hamile,BEST_SELLER,hamile-elbise,hamile elbise,55,2,155,155,4,hamile:hamile-elbise,55,-6,2.4,27.6,1175422467,452542,1175422467:452542,LACASE Kadın Tensel Kumaş Modal Siyah Bisiklet Yaka Salaş Elbise,LACASE,,https://www.trendyol.com/lacase/kadin-tensel-kumas-modal-siyah-bisiklet-yaka-salas-elbise-p-1175422467?boutiqueId=61&merchantId=452542,LACASE,9.1,839,,,0,TRY,"[""Kargo Bedava""]",InStock,,,,,,5,1,1,0,3,,393 kişi favoriledi,,,,0,,,,9 saat 53 dakika içinde sipariş verirsen en geç yarın kargoda!,,,{},0,,refreshed,"[""daily_top""]",true,2026-09-14T11:06:23.398Z,0,"[""search_result_dom"",""product_detail_jsonld"",""product_detail_dom""]","{""variant_id"":""observed"",""variant_label"":""observed"",""listing_id"":""observed"",""inventory_key"":""observed"",""stock_quantity"":""observed"",""stock_quantity_source"":""observed"",""stock_quantity_kind"":""observed"",""stock_observed_at"":""observed"",""max_sale_limit"":""observed"",""seller_count"":""observed"",""seller_count_observed"":""observed"",""seller_count_kind"":""observed"",""sellers"":""observed"",""variants"":""observed"",""favorite_count"":""observed"",""inventory_decrease"":""unavailable"",""sales_estimate_daily"":""unavailable"",""sales_estimate_weekly"":""unavailable"",""sales_estimate_monthly"":""unavailable"",""sales_estimate_status"":""unavailable"",""sales_estimate_hours"":""unavailable"",""sales_estimate_source"":""unavailable"",""title"":""observed"",""brand"":""observed"",""seller_name"":""observed"",""seller_score"":""observed"",""price"":""observed"",""original_price"":""unavailable"",""campaigns"":""observed"",""stock_status"":""observed"",""stock_signal"":""unavailable"",""rating"":""observed"",""rating_count"":""observed"",""review_count"":""observed"",""question_count"":""observed"",""delivery_summary"":""observed"",""shipping_cost"":""unavailable"",""properties"":""observed""}",true,
1237614096,S,77150b058bb733550507713f98c3458c,891236809:126861:1237614096:77150b058bb733550507713f98c3458c,79,merchantListing.winnerVariant.quantity,reported,2026-09-14T11:06:27.948Z,5,1,1,reported_total,"[{""merchant_id"":""126861"",""name"":""Penyemood"",""score"":9,""price"":956.74,""variant_id"":""1237614096"",""listing_id"":""77150b058bb733550507713f98c3458c"",""stock_quantity"":79}]","[{""variant_id"":""1237614096"",""label"":""S"",""in_stock"":true,""stock_quantity"":79,""selected"":true},{""variant_id"":""1237614097"",""label"":""M"",""in_stock"":true,""stock_quantity"":null,""selected"":false},{""variant_id"":""1237614094"",""label"":""L"",""in_stock"":true,""stock_quantity"":null,""selected"":false},{""variant_id"":""1237614098"",""label"":""XL"",""in_stock"":true,""stock_quantity"":null,""selected"":false},{""variant_id"":""1237614095"",""label"":""2XL"",""in_stock"":true,""stock_quantity"":null,""selected"":false}]",1969,1,1,,,estimated,24.04,inventory_net_decrease,2026-09-14,2026-09-14T14:00:36+03:00,hamile,BEST_SELLER,hamile-elbise,hamile elbise,56,2,156,156,3,hamile:hamile-elbise,56,-48,10.7,19.3,891236809,126861,891236809:126861,Catherines Lux Mood Hamile Elbisesi,Catherines,,https://www.trendyol.com/catherines/lux-mood-hamile-elbisesi-p-891236809?boutiqueId=61&merchantId=126861,Penyemood,9,956.74,,,0,TRY,"[""75 TL Kupon"",""Kargo Bedava"",""Trendyol Plus'a Özel""]",InStock,,,,,,4.465116279069767,43,21,0,4,,"1,9B kişi favoriledi",,,,0,,,,9 saat 53 dakika içinde sipariş verirsen en geç yarın kargoda!,,,{},0,,refreshed,"[""daily_top"",""hot_change""]",true,2026-09-14T11:06:27.949Z,0,"[""search_result_dom"",""product_detail_jsonld"",""product_detail_dom""]","{""variant_id"":""observed"",""variant_label"":""observed"",""listing_id"":""observed"",""inventory_key"":""observed"",""stock_quantity"":""observed"",""stock_quantity_source"":""observed"",""stock_quantity_kind"":""observed"",""stock_observed_at"":""observed"",""max_sale_limit"":""observed"",""seller_count"":""observed"",""seller_count_observed"":""observed"",""seller_count_kind"":""observed"",""sellers"":""observed"",""variants"":""observed"",""favorite_count"":""observed"",""inventory_decrease"":""unavailable"",""sales_estimate_daily"":""unavailable"",""sales_estimate_weekly"":""unavailable"",""sales_estimate_monthly"":""unavailable"",""sales_estimate_status"":""unavailable"",""sales_estimate_hours"":""unavailable"",""sales_estimate_source"":""unavailable"",""title"":""observed"",""brand"":""observed"",""seller_name"":""observed"",""seller_score"":""observed"",""price"":""observed"",""original_price"":""unavailable"",""campaigns"":""observed"",""stock_status"":""observed"",""stock_signal"":""unavailable"",""rating"":""observed"",""rating_count"":""observed"",""review_count"":""observed"",""question_count"":""observed"",""delivery_summary"":""observed"",""shipping_cost"":""unavailable"",""properties"":""observed""}",true,
1102315988,S,ad11d932e47d912dde49ba3e144bb275,824188289:126861:1102315988:ad11d932e47d912dde49ba3e144bb275,214,merchantListing.winnerVariant.quantity,reported,2026-09-14T11:06:28.260Z,10,1,1,reported_total,"[{""merchant_id"":""126861"",""name"":""Penyemood"",""score"":9,""price"":1380,""variant_id"":""1102315988"",""listing_id"":""ad11d932e47d912dde49ba3e144bb275"",""stock_quantity"":214}]","[{""variant_id"":""1102315988"",""label"":""S"",""in_stock"":true,""stock_quantity"":214,""selected"":true},{""variant_id"":""1102315994"",""label"":""M"",""in_stock"":true,""stock_quantity"":null,""selected"":false},{""variant_id"":""1102315987"",""label"":""L"",""in_stock"":true,""stock_quantity"":null,""selected"":false},{""variant_id"":""1102315993"",""label"":""XL"",""in_stock"":true,""stock_quantity"":null,""selected"":false},{""variant_id"":""1102315991"",""label"":""2XL"",""in_stock"":true,""stock_quantity"":null,""selected"":false}]",9823,,,,,unchanged_stock,24,inventory_net_decrease,2026-09-14,2026-09-14T14:00:36+03:00,hamile,BEST_SELLER,hamile-elbise,hamile elbise,57,2,157,157,,hamile:hamile-elbise,57,41,15.6,14.4,824188289,126861,824188289:126861,Catherines Yumuşak Dokulu Hamile Sabahlık,Catherines,Hamile Sabahlık,https://www.trendyol.com/catherines/yumusak-dokulu-hamile-sabahlik-p-824188289?boutiqueId=61&merchantId=126861,Penyemood,9,1380,,,0,TRY,"[""100 TL Kupon"",""Kargo Bedava"",""Peşin Fiyatına 3 Taksit"",""Trendyol Plus'a Özel""]",InStock,,,,,,4.821839080459771,174,87,0,19,,"9,8B kişi favoriledi",Son 24 saatte 371 kişi görüntüledi,4999,TRY,0,1,1,3,9 saat 53 dakika içinde sipariş verirsen en geç yarın kargoda!,,https://cdn.dsmcdn.com/ty1348/product/media/images/prod/QC/20240604/11/63530ae9-1886-37a0-ac66-583692ab7dd2/1_org_zoom.jpg,"{""Renk"":""Kahverengi"",""Kapama Şekli"":""Kapamasız"",""Materyal"":""Viskoz"",""Kol Tipi"":""Uzun Kol"",""Materyal Bileşeni"":""100% Viskoz"",""Yıkama Talimatı"":""Type 1"",""Kumaş Tipi"":""Dokuma"",""Boy"":""Standart"",""Siluet"":""Regular"",""Kalıp"":""Regular"",""Desen"":""Geometrik"",""Kol Boyu"":""Uzun"",""Koleksiyon"":""Hamile"",""Sürdürülebilirlik Detayı"":""Hayır"",""Ortam"":""Lounge/Home"",""Paket İçeriği"":""Tekli""}",20,5,refreshed,"[""daily_top""]",true,2026-09-14T11:06:28.261Z,0,"[""search_result_dom"",""product_detail_jsonld"",""product_detail_dom""]","{""variant_id"":""observed"",""variant_label"":""observed"",""listing_id"":""observed"",""inventory_key"":""observed"",""stock_quantity"":""observed"",""stock_quantity_source"":""observed"",""stock_quantity_kind"":""observed"",""stock_observed_at"":""observed"",""max_sale_limit"":""observed"",""seller_count"":""observed"",""seller_count_observed"":""observed"",""seller_count_kind"":""observed"",""sellers"":""observed"",""variants"":""observed"",""favorite_count"":""observed"",""inventory_decrease"":""unavailable"",""sales_estimate_daily"":""unavailable"",""sales_estimate_weekly"":""unavailable"",""sales_estimate_monthly"":""unavailable"",""sales_estimate_status"":""unavailable"",""sales_estimate_hours"":""unavailable"",""sales_estimate_source"":""unavailable"",""title"":""observed"",""brand"":""observed"",""seller_name"":""observed"",""seller_score"":""observed"",""price"":""observed"",""original_price"":""unavailable"",""campaigns"":""observed"",""stock_status"":""observed"",""stock_signal"":""unavailable"",""rating"":""observed"",""rating_count"":""observed"",""review_count"":""observed"",""question_count"":""observed"",""delivery_summary"":""observed"",""shipping_cost"":""observed"",""properties"":""observed""}",true,
979578377,2XL,689e1b3396656a7becb19c717ca5af3a,744331479:126861:979578377:689e1b3396656a7becb19c717ca5af3a,73,merchantListing.winnerVariant.quantity,reported,2026-09-14T11:06:28.129Z,10,1,1,reported_total,"[{""merchant_id"":""126861"",""name"":""Penyemood"",""score"":9,""price"":995,""variant_id"":""979578377"",""listing_id"":""689e1b3396656a7becb19c717ca5af3a"",""stock_quantity"":73}]","[{""variant_id"":""979578377"",""label"":""2XL"",""in_stock"":true,""stock_quantity"":73,""selected"":true},{""variant_id"":""979578381"",""label"":""XL"",""in_stock"":false,""stock_quantity"":null,""selected"":false}]",12227,1,1,,,estimated,24.04,inventory_net_decrease,2026-09-14,2026-09-14T14:00:36+03:00,hamile,BEST_SELLER,hamile-elbise,hamile elbise,58,2,158,158,,hamile:hamile-elbise,58,-49,14.8,15.2,744331479,126861,744331479:126861,Catherines Lux Mood Hamile Elbisesi,Catherines,Hamile Gecelik,https://www.trendyol.com/catherines/lux-mood-hamile-elbisesi-p-744331479?boutiqueId=61&merchantId=126861,Penyemood,9,995,,,0,TRY,"[""75 TL Kupon"",""Kargo Bedava"",""Trendyol Plus'a Özel""]",InStock,,,,,,4.54014598540146,137,69,0,12,,"12,2B kişi favoriledi",Son 24 saatte 367 kişi görüntüledi,4999,TRY,0,1,1,3,9 saat 53 dakika içinde sipariş verirsen en geç yarın kargoda!,En Çok Ziyaret Edilen 4. Ürün,https://cdn.dsmcdn.com/ty1550/product/media/images/ty1548/prod/QC/20240916/20/dfa73624-9520-34b5-90c3-e21a4d9c9c3a/1_org_zoom.jpg,"{""Desen"":""Düz"",""Materyal"":""Viskon"",""Kol Tipi"":""Askılı"",""Renk"":""Ekru"",""Yaka Tipi"":""Askılı Yaka"",""Materyal Bileşeni"":""94% Viskoz, 6% Elastan"",""Yıkama Talimatı"":""Type 3"",""Kumaş Tipi"":""Dokuma"",""Boy"":""Midi"",""Siluet"":""Regular"",""Kalıp"":""Regular"",""Kol Boyu"":""Askılı"",""Sürdürülebilirlik Detayı"":""Hayır"",""Ortam"":""Lounge/Home"",""Paket İçeriği"":""Tekli""}",20,5,refreshed,"[""daily_top"",""hot_change""]",true,2026-09-14T11:06:28.130Z,0,"[""search_result_dom"",""product_detail_jsonld"",""product_detail_dom""]","{""variant_id"":""observed"",""variant_label"":""observed"",""listing_id"":""observed"",""inventory_key"":""observed"",""stock_quantity"":""observed"",""stock_quantity_source"":""observed"",""stock_quantity_kind"":""observed"",""stock_observed_at"":""observed"",""max_sale_limit"":""observed"",""seller_count"":""observed"",""seller_count_observed"":""observed"",""seller_count_kind"":""observed"",""sellers"":""observed"",""variants"":""observed"",""favorite_count"":""observed"",""inventory_decrease"":""unavailable"",""sales_estimate_daily"":""unavailable"",""sales_estimate_weekly"":""unavailable"",""sales_estimate_monthly"":""unavailable"",""sales_estimate_status"":""unavailable"",""sales_estimate_hours"":""unavailable"",""sales_estimate_source"":""unavailable"",""title"":""observed"",""brand"":""observed"",""seller_name"":""observed"",""seller_score"":""observed"",""price"":""observed"",""original_price"":""unavailable"",""campaigns"":""observed"",""stock_status"":""observed"",""stock_signal"":""unavailable"",""rating"":""observed"",""rating_count"":""observed"",""review_count"":""observed"",""question_count"":""observed"",""delivery_summary"":""observed"",""shipping_cost"":""observed"",""properties"":""observed""}",true,
643342655,M,2450eea85e1a5d1ab146fac62ed7c673,449015964:733989:643342655:2450eea85e1a5d1ab146fac62ed7c673,14,merchantListing.winnerVariant.quantity,reported,2026-09-14T11:06:33.648Z,10,1,1,reported_total,"[{""merchant_id"":""733989"",""name"":""KEM-TEX"",""score"":9.5,""price"":1799,""variant_id"":""643342655"",""listing_id"":""2450eea85e1a5d1ab146fac62ed7c673"",""stock_quantity"":14}]","[{""variant_id"":""643342655"",""label"":""M"",""in_stock"":true,""stock_quantity"":14,""selected"":true},{""variant_id"":""642795862"",""label"":""L"",""in_stock"":true,""stock_quantity"":null,""selected"":false},{""variant_id"":""643321748"",""label"":""XL"",""in_stock"":true,""stock_quantity"":null,""selected"":false},{""variant_id"":""643331247"",""label"":""2XL"",""in_stock"":true,""stock_quantity"":null,""selected"":false}]",13461,1,1,,,estimated,24.02,inventory_net_decrease,2026-09-14,2026-09-14T14:00:36+03:00,hamile,BEST_SELLER,hamile-elbise,hamile elbise,59,2,159,159,3,hamile:hamile-elbise,59,-5,19.6,10.4,449015964,733989,449015964:733989,Nehirsel Ekru Hamile Ve Lohusa Pijama Takımı 3'lü Set,Nehirsel,,https://www.trendyol.com/nehirsel/ekru-hamile-ve-lohusa-pijama-takimi-3-lu-set-p-449015964?boutiqueId=61&merchantId=733989,KEM-TEX,9.5,1799,,,0,TRY,"[""Sepette %5 İndirim"",""50 TL Kupon"",""Kargo Bedava"",""Peşin Fiyatına 3 Taksit""]",InStock,,,,,,4.636363636363637,451,283,0,82,,"13,4B kişi favoriledi",,,,0,,,,9 saat 53 dakika içinde sipariş verirsen en geç yarın kargoda!,,,{},0,,refreshed,"[""daily_top""]",true,2026-09-14T11:06:33.648Z,0,"[""search_result_dom"",""product_detail_jsonld"",""product_detail_dom""]","{""variant_id"":""observed"",""variant_label"":""observed"",""listing_id"":""observed"",""inventory_key"":""observed"",""stock_quantity"":""observed"",""stock_quantity_source"":""observed"",""stock_quantity_kind"":""observed"",""stock_observed_at"":""observed"",""max_sale_limit"":""observed"",""seller_count"":""observed"",""seller_count_observed"":""observed"",""seller_count_kind"":""observed"",""sellers"":""observed"",""variants"":""observed"",""favorite_count"":""observed"",""inventory_decrease"":""unavailable"",""sales_estimate_daily"":""unavailable"",""sales_estimate_weekly"":""unavailable"",""sales_estimate_monthly"":""unavailable"",""sales_estimate_status"":""unavailable"",""sales_estimate_hours"":""unavailable"",""sales_estimate_source"":""unavailable"",""title"":""observed"",""brand"":""observed"",""seller_name"":""observed"",""seller_score"":""observed"",""price"":""observed"",""original_price"":""unavailable"",""campaigns"":""observed"",""stock_status"":""observed"",""stock_signal"":""unavailable"",""rating"":""observed"",""rating_count"":""observed"",""review_count"":""observed"",""question_count"":""observed"",""delivery_summary"":""observed"",""shipping_cost"":""unavailable"",""properties"":""observed""}",true,
1647290355,S,78d442d4352fe44534de27109f7a3838,1175422108:452542:1647290355:78d442d4352fe44534de27109f7a3838,100,merchantListing.winnerVariant.quantity,reported,2026-09-14T11:06:33.461Z,11,1,1,reported_total,"[{""merchant_id"":""452542"",""name"":""LACASE"",""score"":9.1,""price"":839,""variant_id"":""1647290355"",""listing_id"":""78d442d4352fe44534de27109f7a3838"",""stock_quantity"":100}]","[{""variant_id"":""1647290355"",""label"":""S"",""in_stock"":true,""stock_quantity"":100,""selected"":true},{""variant_id"":""1647290357"",""label"":""M"",""in_stock"":true,""stock_quantity"":null,""selected"":false},{""variant_id"":""1647290356"",""label"":""L"",""in_stock"":true,""stock_quantity"":null,""selected"":false}]",531,,,,,unchanged_stock,24.02,inventory_net_decrease,2026-09-14,2026-09-14T14:00:36+03:00,hamile,BEST_SELLER,hamile-elbise,hamile elbise,60,2,160,160,4,hamile:hamile-elbise,60,-2,4.8,25.2,1175422108,452542,1175422108:452542,LACASE Kadın Tensel Kumaş Modal Siyah Bisiklet Yaka Salaş Elbise,LACASE,,https://www.trendyol.com/lacase/kadin-tensel-kumas-modal-siyah-bisiklet-yaka-salas-elbise-p-1175422108?boutiqueId=61&merchantId=452542,LACASE,9.1,839,,,0,TRY,"[""Kargo Bedava""]",InStock,,,,,,2.4,5,3,0,8,,531 kişi favoriledi,,,,0,,,,9 saat 53 dakika içinde sipariş verirsen en geç yarın kargoda!,En Çok Ziyaret Edilen 10. Ürün,,{},0,,refreshed,"[""daily_top""]",true,2026-09-14T11:06:33.461Z,0,"[""search_result_dom"",""product_detail_jsonld"",""product_detail_dom""]","{""variant_id"":""observed"",""variant_label"":""observed"",""listing_id"":""observed"",""inventory_key"":""observed"",""stock_quantity"":""observed"",""stock_quantity_source"":""observed"",""stock_quantity_kind"":""observed"",""stock_observed_at"":""observed"",""max_sale_limit"":""observed"",""seller_count"":""observed"",""seller_count_observed"":""observed"",""seller_count_kind"":""observed"",""sellers"":""observed"",""variants"":""observed"",""favorite_count"":""observed"",""inventory_decrease"":""unavailable"",""sales_estimate_daily"":""unavailable"",""sales_estimate_weekly"":""unavailable"",""sales_estimate_monthly"":""unavailable"",""sales_estimate_status"":""unavailable"",""sales_estimate_hours"":""unavailable"",""sales_estimate_source"":""unavailable"",""title"":""observed"",""brand"":""observed"",""seller_name"":""observed"",""seller_score"":""observed"",""price"":""observed"",""original_price"":""unavailable"",""campaigns"":""observed"",""stock_status"":""observed"",""stock_signal"":""unavailable"",""rating"":""observed"",""rating_count"":""observed"",""review_count"":""observed"",""question_count"":""observed"",""delivery_summary"":""observed"",""shipping_cost"":""unavailable"",""properties"":""observed""}",true,
1177168554,S,a7a434fac6b4af321af3582f3785a6dd,867246177:719046:1177168554:a7a434fac6b4af321af3582f3785a6dd,996,merchantListing.winnerVariant.quantity,reported,2026-09-14T11:06:33.270Z,10,1,1,reported_total,"[{""merchant_id"":""719046"",""name"":""ByLohusa"",""score"":9.2,""price"":2999.99,""variant_id"":""1177168554"",""listing_id"":""a7a434fac6b4af321af3582f3785a6dd"",""stock_quantity"":996}]","[{""variant_id"":""1177168554"",""label"":""S"",""in_stock"":true,""stock_quantity"":996,""selected"":true},{""variant_id"":""1177168536"",""label"":""M"",""in_stock"":true,""stock_quantity"":null,""selected"":false},{""variant_id"":""1177168534"",""label"":""L"",""in_stock"":true,""stock_quantity"":null,""selected"":false},{""variant_id"":""1177168562"",""label"":""XL"",""in_stock"":true,""stock_quantity"":null,""selected"":false},{""variant_id"":""1177168541"",""label"":""2XL"",""in_stock"":true,""stock_quantity"":null,""selected"":false},{""variant_id"":""1495945817"",""label"":""3XL"",""in_stock"":true,""stock_quantity"":null,""selected"":false}]",4542,,,,,unchanged_stock,24.01,inventory_net_decrease,2026-09-14,2026-09-14T14:00:36+03:00,hamile,BEST_SELLER,hamile-elbise,hamile elbise,61,2,161,161,5,hamile:hamile-elbise,61,23,12.4,17.6,867246177,719046,867246177:719046,ByLohusa Zarif Dantel Detaylı Emzirme Özellikli Sabahlıklı Hamile Lohusa Gecelik Takımı Effortt - Mavi,ByLohusa,,https://www.trendyol.com/bylohusa/zarif-dantel-detayli-emzirme-ozellikli-sabahlikli-hamile-lohusa-gecelik-takimi-effortt-mavi-p-867246177?boutiqueId=61&merchantId=719046,ByLohusa,9.2,2999.99,,,26.4,TRY,"[""Sepette %1 İndirim"",""Kargo Bedava"",""Peşin Fiyatına 3 Taksit"",""Trendyol Plus'a Özel""]",InStock,,,,,,4.802816901408451,71,34,0,29,,"4,5B kişi favoriledi",,,,0,,,,9 saat 53 dakika içinde sipariş verirsen en geç yarın kargoda!,,,{},0,,refreshed,"[""daily_top""]",true,2026-09-14T11:06:33.271Z,0,"[""search_result_dom"",""product_detail_jsonld"",""product_detail_dom""]","{""variant_id"":""observed"",""variant_label"":""observed"",""listing_id"":""observed"",""inventory_key"":""observed"",""stock_quantity"":""observed"",""stock_quantity_source"":""observed"",""stock_quantity_kind"":""observed"",""stock_observed_at"":""observed"",""max_sale_limit"":""observed"",""seller_count"":""observed"",""seller_count_observed"":""observed"",""seller_count_kind"":""observed"",""sellers"":""observed"",""variants"":""observed"",""favorite_count"":""observed"",""inventory_decrease"":""unavailable"",""sales_estimate_daily"":""unavailable"",""sales_estimate_weekly"":""unavailable"",""sales_estimate_monthly"":""unavailable"",""sales_estimate_status"":""unavailable"",""sales_estimate_hours"":""unavailable"",""sales_estimate_source"":""unavailable"",""title"":""observed"",""brand"":""observed"",""seller_name"":""observed"",""seller_score"":""observed"",""price"":""observed"",""original_price"":""unavailable"",""campaigns"":""observed"",""stock_status"":""observed"",""stock_signal"":""unavailable"",""rating"":""observed"",""rating_count"":""observed"",""review_count"":""observed"",""question_count"":""observed"",""delivery_summary"":""observed"",""shipping_cost"":""unavailable"",""properties"":""observed""}",true,
552814421,S,4967e592ba66a52ed4f97fc34c68592d,345824773:108216:552814421:4967e592ba66a52ed4f97fc34c68592d,34,merchantListing.winnerVariant.quantity,reported,2026-09-14T11:06:38.663Z,10,1,1,reported_total,"[{""merchant_id"":""108216"",""name"":""Artış Collection"",""score"":9.1,""price"":1216.71,""variant_id"":""552814421"",""listing_id"":""4967e592ba66a52ed4f97fc34c68592d"",""stock_quantity"":34}]","[{""variant_id"":""552814421"",""label"":""S"",""in_stock"":true,""stock_quantity"":34,""selected"":true},{""variant_id"":""552827843"",""label"":""XL"",""in_stock"":true,""stock_quantity"":null,""selected"":false},{""variant_id"":""552827839"",""label"":""M"",""in_stock"":false,""stock_quantity"":null,""selected"":false},{""variant_id"":""552827850"",""label"":""L"",""in_stock"":false,""stock_quantity"":null,""selected"":false}]",8753,2,2,,,estimated,24.02,inventory_net_decrease,2026-09-14,2026-09-14T14:00:36+03:00,hamile,BEST_SELLER,hamile-elbise,hamile elbise,62,2,162,162,4,hamile:hamile-elbise,62,-2,15.4,14.6,345824773,108216,345824773:108216,Artış Kadın Askılı Esnek Viskoz Kumaş Hamile Gecelik 13127,Artış,,https://www.trendyol.com/artis/kadin-askili-esnek-viskoz-kumas-hamile-gecelik-13127-p-345824773?boutiqueId=61&merchantId=108216,Artış Collection,9.1,1216.71,,,0,TRY,"[""Kargo Bedava"",""Peşin Fiyatına 3 Taksit""]",InStock,,,,,,3.860655737704918,122,82,0,17,,"8,7B kişi favoriledi",,,,0,,,,Tahmini Teslim:,En Çok Favorilenen 10. Ürün,,{},0,,refreshed,"[""daily_top""]",true,2026-09-14T11:06:38.663Z,0,"[""search_result_dom"",""product_detail_jsonld"",""product_detail_dom""]","{""variant_id"":""observed"",""variant_label"":""observed"",""listing_id"":""observed"",""inventory_key"":""observed"",""stock_quantity"":""observed"",""stock_quantity_source"":""observed"",""stock_quantity_kind"":""observed"",""stock_observed_at"":""observed"",""max_sale_limit"":""observed"",""seller_count"":""observed"",""seller_count_observed"":""observed"",""seller_count_kind"":""observed"",""sellers"":""observed"",""variants"":""observed"",""favorite_count"":""observed"",""inventory_decrease"":""unavailable"",""sales_estimate_daily"":""unavailable"",""sales_estimate_weekly"":""unavailable"",""sales_estimate_monthly"":""unavailable"",""sales_estimate_status"":""unavailable"",""sales_estimate_hours"":""unavailable"",""sales_estimate_source"":""unavailable"",""title"":""observed"",""brand"":""observed"",""seller_name"":""observed"",""seller_score"":""observed"",""price"":""observed"",""original_price"":""unavailable"",""campaigns"":""observed"",""stock_status"":""observed"",""stock_signal"":""unavailable"",""rating"":""observed"",""rating_count"":""observed"",""review_count"":""observed"",""question_count"":""observed"",""delivery_summary"":""observed"",""shipping_cost"":""unavailable"",""properties"":""observed""}",true,
916469672,M,27ddeee89918d5a74e22f1b772eec258,692870111:175525:916469672:27ddeee89918d5a74e22f1b772eec258,981,merchantListing.winnerVariant.quantity,reported,2026-09-14T11:06:38.566Z,10,1,1,reported_total,"[{""merchant_id"":""175525"",""name"":""Miss Dünya Lissa"",""score"":8.6,""price"":1449.99,""variant_id"":""916469672"",""listing_id"":""27ddeee89918d5a74e22f1b772eec258"",""stock_quantity"":981}]","[{""variant_id"":""916469672"",""label"":""M"",""in_stock"":true,""stock_quantity"":981,""selected"":true},{""variant_id"":""916473538"",""label"":""L"",""in_stock"":true,""stock_quantity"":null,""selected"":false},{""variant_id"":""916473537"",""label"":""XL"",""in_stock"":true,""stock_quantity"":null,""selected"":false},{""variant_id"":""916473540"",""label"":""2XL"",""in_stock"":true,""stock_quantity"":null,""selected"":false},{""variant_id"":""916473535"",""label"":""S"",""in_stock"":false,""stock_quantity"":null,""selected"":false}]",5780,,,,,unchanged_stock,24.01,inventory_net_decrease,2026-09-14,2026-09-14T14:00:36+03:00,hamile,BEST_SELLER,hamile-elbise,hamile elbise,63,2,163,163,11,hamile:hamile-elbise,63,19,16.8,13.2,692870111,175525,692870111:175525,Miss Dünya Lissa Bebe Mavisi Hamile Ve Lohusa Sabahlık Gecelik Takımı,Miss Dünya Lissa,,https://www.trendyol.com/miss-dunya-lissa/bebe-mavisi-hamile-ve-lohusa-sabahlik-gecelik-takimi-p-692870111?boutiqueId=61&merchantId=175525,Miss Dünya Lissa,8.6,1449.99,,,0,TRY,"[""Kargo Bedava"",""Peşin Fiyatına 3 Taksit""]",InStock,,,,,,4.613333333333334,225,126,0,40,,"5,7B kişi favoriledi",,,,0,,,,Tahmini Teslim:,,,{},0,,refreshed,"[""daily_top""]",true,2026-09-14T11:06:38.566Z,0,"[""search_result_dom"",""product_detail_jsonld"",""product_detail_dom""]","{""variant_id"":""observed"",""variant_label"":""observed"",""listing_id"":""observed"",""inventory_key"":""observed"",""stock_quantity"":""observed"",""stock_quantity_source"":""observed"",""stock_quantity_kind"":""observed"",""stock_observed_at"":""observed"",""max_sale_limit"":""observed"",""seller_count"":""observed"",""seller_count_observed"":""observed"",""seller_count_kind"":""observed"",""sellers"":""observed"",""variants"":""observed"",""favorite_count"":""observed"",""inventory_decrease"":""unavailable"",""sales_estimate_daily"":""unavailable"",""sales_estimate_weekly"":""unavailable"",""sales_estimate_monthly"":""unavailable"",""sales_estimate_status"":""unavailable"",""sales_estimate_hours"":""unavailable"",""sales_estimate_source"":""unavailable"",""title"":""observed"",""brand"":""observed"",""seller_name"":""observed"",""seller_score"":""observed"",""price"":""observed"",""original_price"":""unavailable"",""campaigns"":""observed"",""stock_status"":""observed"",""stock_signal"":""unavailable"",""rating"":""observed"",""rating_count"":""observed"",""review_count"":""observed"",""question_count"":""observed"",""delivery_summary"":""observed"",""shipping_cost"":""unavailable"",""properties"":""observed""}",true,
166726950,S,b1f644a551ff5e91ff37e5f215f52ff4,100345704:346762:166726950:b1f644a551ff5e91ff37e5f215f52ff4,249,merchantListing.winnerVariant.quantity,reported,2026-09-14T11:06:38.443Z,10,1,1,reported_total,"[{""merchant_id"":""346762"",""name"":""ADA STYLE"",""score"":9.3,""price"":1349.9,""variant_id"":""166726950"",""listing_id"":""b1f644a551ff5e91ff37e5f215f52ff4"",""stock_quantity"":249}]","[{""variant_id"":""166726950"",""label"":""S"",""in_stock"":true,""stock_quantity"":249,""selected"":true},{""variant_id"":""166726941"",""label"":""M"",""in_stock"":true,""stock_quantity"":null,""selected"":false},{""variant_id"":""166726954"",""label"":""L"",""in_stock"":true,""stock_quantity"":null,""selected"":false},{""variant_id"":""166721366"",""label"":""XL"",""in_stock"":true,""stock_quantity"":null,""selected"":false},{""variant_id"":""166726948"",""label"":""2XL"",""in_stock"":true,""stock_quantity"":null,""selected"":false},{""variant_id"":""166726945"",""label"":""3XL"",""in_stock"":true,""stock_quantity"":null,""selected"":false},{""variant_id"":""1150001266"",""label"":""4XL"",""in_stock"":true,""stock_quantity"":null,""selected"":false},{""variant_id"":""1150001267"",""label"":""5XL"",""in_stock"":false,""stock_quantity"":null,""selected"":false}]",4390,,,,,unchanged_stock,24,inventory_net_decrease,2026-09-14,2026-09-14T14:00:36+03:00,hamile,BEST_SELLER,hamile-elbise,hamile elbise,64,2,164,164,16,hamile:hamile-elbise,64,52,13.6,16.4,100345704,346762,100345704:346762,ADASTYLE Kadın Beyaz Elbise,ADASTYLE,,https://www.trendyol.com/adastyle/kadin-beyaz-elbise-p-100345704?boutiqueId=61&merchantId=346762,ADA STYLE,9.3,1349.9,,,0,TRY,"[""Kargo Bedava"",""Sepette %1 İndirim"",""Peşin Fiyatına 3 Taksit""]",InStock,,,,,,4.533333333333333,90,49,0,102,,"4,3B kişi favoriledi",,,,0,,,,9 saat 53 dakika içinde sipariş verirsen en geç yarın kargoda!,,,{},0,,refreshed,"[""daily_top""]",true,2026-09-14T11:06:38.443Z,0,"[""search_result_dom"",""product_detail_jsonld"",""product_detail_dom""]","{""variant_id"":""observed"",""variant_label"":""observed"",""listing_id"":""observed"",""inventory_key"":""observed"",""stock_quantity"":""observed"",""stock_quantity_source"":""observed"",""stock_quantity_kind"":""observed"",""stock_observed_at"":""observed"",""max_sale_limit"":""observed"",""seller_count"":""observed"",""seller_count_observed"":""observed"",""seller_count_kind"":""observed"",""sellers"":""observed"",""variants"":""observed"",""favorite_count"":""observed"",""inventory_decrease"":""unavailable"",""sales_estimate_daily"":""unavailable"",""sales_estimate_weekly"":""unavailable"",""sales_estimate_monthly"":""unavailable"",""sales_estimate_status"":""unavailable"",""sales_estimate_hours"":""unavailable"",""sales_estimate_source"":""unavailable"",""title"":""observed"",""brand"":""observed"",""seller_name"":""observed"",""seller_score"":""observed"",""price"":""observed"",""original_price"":""unavailable"",""campaigns"":""observed"",""stock_status"":""observed"",""stock_signal"":""unavailable"",""rating"":""observed"",""rating_count"":""observed"",""review_count"":""observed"",""question_count"":""observed"",""delivery_summary"":""observed"",""shipping_cost"":""unavailable"",""properties"":""observed""}",true,
1649642137,XS,f7f81e43ec95bd1f5f9b1db006582c53,1176945135:982060:1649642137:f7f81e43ec95bd1f5f9b1db006582c53,5,merchantListing.winnerVariant.quantity,reported,2026-09-14T11:06:43.696Z,11,1,1,reported_total,"[{""merchant_id"":""982060"",""name"":""H&M"",""score"":8.6,""price"":1199,""variant_id"":""1649642137"",""listing_id"":""f7f81e43ec95bd1f5f9b1db006582c53"",""stock_quantity"":5}]","[{""variant_id"":""1649642137"",""label"":""XS"",""in_stock"":true,""stock_quantity"":5,""selected"":true},{""variant_id"":""1649642138"",""label"":""S"",""in_stock"":true,""stock_quantity"":null,""selected"":false},{""variant_id"":""1649642136"",""label"":""M"",""in_stock"":true,""stock_quantity"":null,""selected"":false},{""variant_id"":""1649642135"",""label"":""L"",""in_stock"":false,""stock_quantity"":null,""selected"":false},{""variant_id"":""1649642139"",""label"":""XL"",""in_stock"":false,""stock_quantity"":null,""selected"":false}]",419,2,2,,,estimated,23.99,inventory_net_decrease,2026-09-14,2026-09-14T14:00:36+03:00,hamile,BEST_SELLER,hamile-elbise,hamile elbise,65,2,165,165,,hamile:hamile-elbise,65,56,4,30,1176945135,982060,1176945135:982060,H&M Uzun Tişört Elbise,H&M,Hamile Elbisesi,https://www.trendyol.com/h-m/uzun-tisort-elbise-p-1176945135?boutiqueId=61&merchantId=982060,H&M,8.6,1199,1249,4,0,TRY,"[""Kargo Bedava"",""Peşin Fiyatına 3 Taksit""]",InStock,Tükeniyor,,,,,5,1,0,0,2,,420 kişi favoriledi,,4999,TRY,0,2,1,5,Tahmini Teslim:,,https://cdn.dsmcdn.com/ty1896/prod/QC_PREP/20260728/18/ebd17029-39aa-37a2-b47a-cf63e7c5f65a/1_org_zoom.jpg,"{""Yaka Tipi"":""Bisiklet Yaka"",""Kumaş Tipi"":""Belirtilmemiş"",""Kol Tipi"":""Standart Kol"",""Desen"":""Düz"",""Kalıp"":""Fitted"",""Renk"":""Lacivert"",""Boy"":""Belirtilmemiş"",""Kol Boyu"":""Uzun"",""Menşei"":""CN""}",0,,refreshed,"[""daily_top""]",true,2026-09-14T11:06:43.697Z,0,"[""search_result_dom"",""product_detail_jsonld"",""product_detail_dom""]","{""variant_id"":""observed"",""variant_label"":""observed"",""listing_id"":""observed"",""inventory_key"":""observed"",""stock_quantity"":""observed"",""stock_quantity_source"":""observed"",""stock_quantity_kind"":""observed"",""stock_observed_at"":""observed"",""max_sale_limit"":""observed"",""seller_count"":""observed"",""seller_count_observed"":""observed"",""seller_count_kind"":""observed"",""sellers"":""observed"",""variants"":""observed"",""favorite_count"":""observed"",""inventory_decrease"":""unavailable"",""sales_estimate_daily"":""unavailable"",""sales_estimate_weekly"":""unavailable"",""sales_estimate_monthly"":""unavailable"",""sales_estimate_status"":""unavailable"",""sales_estimate_hours"":""unavailable"",""sales_estimate_source"":""unavailable"",""title"":""observed"",""brand"":""observed"",""seller_name"":""observed"",""seller_score"":""observed"",""price"":""observed"",""original_price"":""observed"",""campaigns"":""observed"",""stock_status"":""observed"",""stock_signal"":""observed"",""rating"":""observed"",""rating_count"":""observed"",""review_count"":""observed"",""question_count"":""observed"",""delivery_summary"":""observed"",""shipping_cost"":""observed"",""properties"":""observed""}",true,
1615889166,XL,a8cb99e115ffe1708a7434b152608567,1155144028:157030:1615889166:a8cb99e115ffe1708a7434b152608567,7,merchantListing.winnerVariant.quantity,reported,2026-09-14T11:06:43.664Z,11,1,1,reported_total,"[{""merchant_id"":""157030"",""name"":""SUDENAZ TEKSTİL"",""score"":8.8,""price"":679,""variant_id"":""1615889166"",""listing_id"":""a8cb99e115ffe1708a7434b152608567"",""stock_quantity"":7}]","[{""variant_id"":""1615889166"",""label"":""XL"",""in_stock"":true,""stock_quantity"":7,""selected"":true},{""variant_id"":""1615889167"",""label"":""2XL"",""in_stock"":true,""stock_quantity"":null,""selected"":false},{""variant_id"":""1615889169"",""label"":""3XL"",""in_stock"":true,""stock_quantity"":null,""selected"":false},{""variant_id"":""1615889168"",""label"":""4XL"",""in_stock"":true,""stock_quantity"":null,""selected"":false}]",1022,,,,,unchanged_stock,24.02,inventory_net_decrease,2026-09-14,2026-09-14T14:00:36+03:00,hamile,BEST_SELLER,hamile-elbise,hamile elbise,66,2,166,166,13,hamile:hamile-elbise,66,9,2.4,27.6,1155144028,157030,1155144028:157030,SENTEX Geniş kısa kollu desenli kadın elbisesi,SENTEX,,https://www.trendyol.com/sentex/genis-kisa-kollu-desenli-kadin-elbisesi-p-1155144028?boutiqueId=61&merchantId=157030,SUDENAZ TEKSTİL,8.8,679,,,0,TRY,"[""Kargo Bedava""]",InStock,Tükeniyor,,,,,4.333333333333333,6,1,0,12,,1B kişi favoriledi,,,,0,,,,9 saat 53 dakika içinde sipariş verirsen en geç yarın kargoda!,,,{},0,,refreshed,"[""daily_top""]",true,2026-09-14T11:06:43.665Z,0,"[""search_result_dom"",""product_detail_jsonld"",""product_detail_dom""]","{""variant_id"":""observed"",""variant_label"":""observed"",""listing_id"":""observed"",""inventory_key"":""observed"",""stock_quantity"":""observed"",""stock_quantity_source"":""observed"",""stock_quantity_kind"":""observed"",""stock_observed_at"":""observed"",""max_sale_limit"":""observed"",""seller_count"":""observed"",""seller_count_observed"":""observed"",""seller_count_kind"":""observed"",""sellers"":""observed"",""variants"":""observed"",""favorite_count"":""observed"",""inventory_decrease"":""unavailable"",""sales_estimate_daily"":""unavailable"",""sales_estimate_weekly"":""unavailable"",""sales_estimate_monthly"":""unavailable"",""sales_estimate_status"":""unavailable"",""sales_estimate_hours"":""unavailable"",""sales_estimate_source"":""unavailable"",""title"":""observed"",""brand"":""observed"",""seller_name"":""observed"",""seller_score"":""observed"",""price"":""observed"",""original_price"":""unavailable"",""campaigns"":""observed"",""stock_status"":""observed"",""stock_signal"":""observed"",""rating"":""observed"",""rating_count"":""observed"",""review_count"":""observed"",""question_count"":""observed"",""delivery_summary"":""observed"",""shipping_cost"":""unavailable"",""properties"":""observed""}",true,
1086533404,M,080e449a46d50876d61137b4104cf71b,814620398:175525:1086533404:080e449a46d50876d61137b4104cf71b,4873,merchantListing.winnerVariant.quantity,reported,2026-09-14T11:06:43.616Z,10,1,1,reported_total,"[{""merchant_id"":""175525"",""name"":""Miss Dünya Lissa"",""score"":8.6,""price"":999.99,""variant_id"":""1086533404"",""listing_id"":""080e449a46d50876d61137b4104cf71b"",""stock_quantity"":4873}]","[{""variant_id"":""1086533404"",""label"":""M"",""in_stock"":true,""stock_quantity"":4873,""selected"":true},{""variant_id"":""1086533391"",""label"":""L"",""in_stock"":true,""stock_quantity"":null,""selected"":false},{""variant_id"":""1086533410"",""label"":""XL"",""in_stock"":false,""stock_quantity"":null,""selected"":false},{""variant_id"":""1086533408"",""label"":""2XL"",""in_stock"":false,""stock_quantity"":null,""selected"":false}]",3176,,,,,unchanged_stock,24.02,inventory_net_decrease,2026-09-14,2026-09-14T14:00:36+03:00,hamile,BEST_SELLER,hamile-elbise,hamile elbise,67,2,167,167,7,hamile:hamile-elbise,67,-5,16.5,13.5,814620398,175525,814620398:175525,Miss Dünya Lissa Siyah Dantel Detaylı Hamile Ve Lohusa Gecelik Takımı,Miss Dünya Lissa,,https://www.trendyol.com/miss-dunya-lissa/siyah-dantel-detayli-hamile-ve-lohusa-gecelik-takimi-p-814620398?boutiqueId=61&merchantId=175525,Miss Dünya Lissa,8.6,999.99,,,0,TRY,"[""Kargo Bedava""]",InStock,,,,,,4.657276995305164,213,114,0,39,,"3,1B kişi favoriledi",,,,0,,,,Tahmini Teslim:,,,{},0,,refreshed,"[""daily_top""]",true,2026-09-14T11:06:43.617Z,0,"[""search_result_dom"",""product_detail_jsonld"",""product_detail_dom""]","{""variant_id"":""observed"",""variant_label"":""observed"",""listing_id"":""observed"",""inventory_key"":""observed"",""stock_quantity"":""observed"",""stock_quantity_source"":""observed"",""stock_quantity_kind"":""observed"",""stock_observed_at"":""observed"",""max_sale_limit"":""observed"",""seller_count"":""observed"",""seller_count_observed"":""observed"",""seller_count_kind"":""observed"",""sellers"":""observed"",""variants"":""observed"",""favorite_count"":""observed"",""inventory_decrease"":""unavailable"",""sales_estimate_daily"":""unavailable"",""sales_estimate_weekly"":""unavailable"",""sales_estimate_monthly"":""unavailable"",""sales_estimate_status"":""unavailable"",""sales_estimate_hours"":""unavailable"",""sales_estimate_source"":""unavailable"",""title"":""observed"",""brand"":""observed"",""seller_name"":""observed"",""seller_score"":""observed"",""price"":""observed"",""original_price"":""unavailable"",""campaigns"":""observed"",""stock_status"":""observed"",""stock_signal"":""unavailable"",""rating"":""observed"",""rating_count"":""observed"",""review_count"":""observed"",""question_count"":""observed"",""delivery_summary"":""observed"",""shipping_cost"":""unavailable"",""properties"":""observed""}",true,
1433178602,S,4e18d2a2169b5aaec3a84a3c2f9151c5,1035141618:108216:1433178602:4e18d2a2169b5aaec3a84a3c2f9151c5,110,merchantListing.winnerVariant.quantity,reported,2026-09-14T11:06:48.638Z,10,1,1,reported_total,"[{""merchant_id"":""108216"",""name"":""Artış Collection"",""score"":9.1,""price"":1643.05,""variant_id"":""1433178602"",""listing_id"":""4e18d2a2169b5aaec3a84a3c2f9151c5"",""stock_quantity"":110}]","[{""variant_id"":""1433178602"",""label"":""S"",""in_stock"":true,""stock_quantity"":110,""selected"":true},{""variant_id"":""1433217924"",""label"":""M"",""in_stock"":true,""stock_quantity"":null,""selected"":false},{""variant_id"":""1432936537"",""label"":""L"",""in_stock"":true,""stock_quantity"":null,""selected"":false},{""variant_id"":""1433250957"",""label"":""XL"",""in_stock"":true,""stock_quantity"":null,""selected"":false}]",11768,,,,,unchanged_stock,24.01,inventory_net_decrease,2026-09-14,2026-09-14T14:00:36+03:00,hamile,BEST_SELLER,hamile-elbise,hamile elbise,68,2,168,168,,hamile:hamile-elbise,68,11,12.3,20,1035141618,108216,1035141618:108216,Artış Uzun Kollu Desenli Düğmeli Esnek Pamuklu Hamile Pijama Takım,Artış,Hamile Pijama Takımı,https://www.trendyol.com/artis/uzun-kollu-desenli-dugmeli-esnek-pamuklu-hamile-pijama-takim-p-1035141618?boutiqueId=61&merchantId=108216,Artış Collection,9.1,1643.05,1681.08,2.3,0,TRY,"[""Kargo Bedava"",""Son 10 Günün En Düşük Fiyatı"",""Peşin Fiyatına 3 Taksit"",""Son 10 günün en düşük fiyatı""]",InStock,,,,,,4.321428571428571,28,17,0,13,,"11,7B kişi favoriledi",Son 24 saatte 515 kişi görüntüledi,4999,TRY,0,2,1,5,Tahmini Teslim:,,https://cdn.dsmcdn.com/ty1780/prod/QC_PREP/20251022/14/bcb91521-0a7f-3575-9498-e37ee688f8d4/1_org_zoom.jpg,"{""Paça Boyu"":""Uzun"",""Sürdürülebilirlik Detayı"":""Evet"",""Materyal"":""%100 Pamuk"",""Kol Tipi"":""Uzun Kol"",""Desen"":""Çiçekli"",""Yaka Tipi"":""Bisiklet Yaka"",""Renk"":""Çok Renkli"",""Materyal Bileşeni"":""%100 Pamuk"",""Koleksiyon"":""Hamile"",""Yıkama Talimatı"":""T44"",""Kumaş Tipi"":""Örme"",""Boy"":""Uzun"",""Kalıp"":""Regular"",""Paça Tipi"":""Düz Paça"",""Kol Boyu"":""Uzun"",""Ortam"":""Casual/Günlük"",""Paket İçeriği"":""Tekli"",""Menşei"":""TR""}",16,4.5,refreshed,"[""daily_top""]",true,2026-09-14T11:06:48.639Z,0,"[""search_result_dom"",""product_detail_jsonld"",""product_detail_dom""]","{""variant_id"":""observed"",""variant_label"":""observed"",""listing_id"":""observed"",""inventory_key"":""observed"",""stock_quantity"":""observed"",""stock_quantity_source"":""observed"",""stock_quantity_kind"":""observed"",""stock_observed_at"":""observed"",""max_sale_limit"":""observed"",""seller_count"":""observed"",""seller_count_observed"":""observed"",""seller_count_kind"":""observed"",""sellers"":""observed"",""variants"":""observed"",""favorite_count"":""observed"",""inventory_decrease"":""unavailable"",""sales_estimate_daily"":""unavailable"",""sales_estimate_weekly"":""unavailable"",""sales_estimate_monthly"":""unavailable"",""sales_estimate_status"":""unavailable"",""sales_estimate_hours"":""unavailable"",""sales_estimate_source"":""unavailable"",""title"":""observed"",""brand"":""observed"",""seller_name"":""observed"",""seller_score"":""observed"",""price"":""observed"",""original_price"":""observed"",""campaigns"":""observed"",""stock_status"":""observed"",""stock_signal"":""unavailable"",""rating"":""observed"",""rating_count"":""observed"",""review_count"":""observed"",""question_count"":""observed"",""delivery_summary"":""observed"",""shipping_cost"":""observed"",""properties"":""observed""}",true,
172383756,M,96f4651f60a63e67255f7cef81bbeef5,104379928:126861:172383756:96f4651f60a63e67255f7cef81bbeef5,80,merchantListing.winnerVariant.quantity,reported,2026-09-14T11:06:48.672Z,10,2,2,reported_total,"[{""merchant_id"":""126861"",""name"":""Penyemood"",""score"":9,""price"":693.89,""variant_id"":""172383756"",""listing_id"":""96f4651f60a63e67255f7cef81bbeef5"",""stock_quantity"":80},{""merchant_id"":""119818"",""name"":""Dorelux"",""score"":8.5,""price"":931,""variant_id"":""172383756"",""listing_id"":""78a719014e020b3279d9c6b56754d131"",""stock_quantity"":9}]","[{""variant_id"":""172383763"",""label"":""S"",""in_stock"":true,""stock_quantity"":null,""selected"":false},{""variant_id"":""172383756"",""label"":""M"",""in_stock"":true,""stock_quantity"":80,""selected"":true},{""variant_id"":""172383752"",""label"":""L"",""in_stock"":true,""stock_quantity"":null,""selected"":false},{""variant_id"":""172383761"",""label"":""XL"",""in_stock"":true,""stock_quantity"":null,""selected"":false},{""variant_id"":""172378099"",""label"":""2XL"",""in_stock"":true,""stock_quantity"":null,""selected"":false}]",3584,,,,,identity_changed_or_unknown,,inventory_net_decrease,2026-09-14,2026-09-14T14:00:36+03:00,hamile,BEST_SELLER,hamile-elbise,hamile elbise,69,2,169,169,3,hamile:hamile-elbise,69,70,14.1,16.9,104379928,126861,104379928:126861,Catherines Yumuşak Dokulu Hamile Pijama Takımı,Catherines,,https://www.trendyol.com/catherines/yumusak-dokulu-hamile-pijama-takimi-p-104379928?boutiqueId=61&merchantId=126861,Penyemood,9,693.89,700.9,1,-1,TRY,"[""Kargo Bedava"",""Son 10 Günün En Düşük Fiyatı"",""Sepette %1 İndirim"",""Son 10 günün en düşük fiyatı""]",InStock,,,,,,4.324324324324325,74,43,0,13,,"3,5B kişi favoriledi",,,,0,,,,9 saat 53 dakika içinde sipariş verirsen en geç yarın kargoda!,,,{},0,,refreshed,"[""daily_top"",""hot_change""]",true,2026-09-14T11:06:48.672Z,0,"[""search_result_dom"",""product_detail_jsonld"",""product_detail_dom""]","{""variant_id"":""observed"",""variant_label"":""observed"",""listing_id"":""observed"",""inventory_key"":""observed"",""stock_quantity"":""observed"",""stock_quantity_source"":""observed"",""stock_quantity_kind"":""observed"",""stock_observed_at"":""observed"",""max_sale_limit"":""observed"",""seller_count"":""observed"",""seller_count_observed"":""observed"",""seller_count_kind"":""observed"",""sellers"":""observed"",""variants"":""observed"",""favorite_count"":""observed"",""inventory_decrease"":""unavailable"",""sales_estimate_daily"":""unavailable"",""sales_estimate_weekly"":""unavailable"",""sales_estimate_monthly"":""unavailable"",""sales_estimate_status"":""unavailable"",""sales_estimate_hours"":""unavailable"",""sales_estimate_source"":""unavailable"",""title"":""observed"",""brand"":""observed"",""seller_name"":""observed"",""seller_score"":""observed"",""price"":""observed"",""original_price"":""observed"",""campaigns"":""observed"",""stock_status"":""observed"",""stock_signal"":""unavailable"",""rating"":""observed"",""rating_count"":""observed"",""review_count"":""observed"",""question_count"":""observed"",""delivery_summary"":""observed"",""shipping_cost"":""unavailable"",""properties"":""observed""}",true,
1591065448,S,d4d92a3247adf896778c9a9b36a7910e,1138510185:987100:1591065448:d4d92a3247adf896778c9a9b36a7910e,11994,merchantListing.winnerVariant.quantity,reported,2026-09-14T11:06:48.553Z,10,1,1,reported_total,"[{""merchant_id"":""987100"",""name"":""Lohusa Center"",""score"":9.4,""price"":3099.9,""variant_id"":""1591065448"",""listing_id"":""d4d92a3247adf896778c9a9b36a7910e"",""stock_quantity"":11994}]","[{""variant_id"":""1591065448"",""label"":""S"",""in_stock"":true,""stock_quantity"":11994,""selected"":true},{""variant_id"":""1591062845"",""label"":""M"",""in_stock"":true,""stock_quantity"":null,""selected"":false},{""variant_id"":""1591052333"",""label"":""L"",""in_stock"":true,""stock_quantity"":null,""selected"":false},{""variant_id"":""1591061504"",""label"":""XL"",""in_stock"":true,""stock_quantity"":null,""selected"":false},{""variant_id"":""1591064107"",""label"":""2XL"",""in_stock"":true,""stock_quantity"":null,""selected"":false},{""variant_id"":""1608843897"",""label"":""3XL"",""in_stock"":true,""stock_quantity"":null,""selected"":false}]",2356,,,,,unchanged_stock,23.99,inventory_net_decrease,2026-09-14,2026-09-14T14:00:36+03:00,hamile,BEST_SELLER,hamile-elbise,hamile elbise,70,2,170,170,3,hamile:hamile-elbise,70,62,2.4,27.6,1138510185,987100,1138510185:987100,Lohussa Yeni Sezon Ekru Dantel Detaylı Özel Tasarım %100 Pamuk Tam Boy Hamile Lohusa Sabahlık Gecelik Set,Lohussa,,https://www.trendyol.com/lohussa/yeni-sezon-ekru-dantel-detayli-ozel-tasarim-100-pamuk-tam-boy-hamile-lohusa-sabahlik-gecelik-set-p-1138510185?boutiqueId=61&merchantId=987100,Lohusa Center,9.4,3099.9,,,0,TRY,"[""Kargo Bedava"",""Sepette %5 İndirim"",""Peşin Fiyatına 3 Taksit"",""Trendyol Plus'a Özel""]",InStock,,,,,,3.5,2,1,0,10,,"2,3B kişi favoriledi",Son 24 saatte 532 kişi görüntüledi,,,0,,,,9 saat 53 dakika içinde sipariş verirsen en geç yarın kargoda!,,,{},0,,refreshed,"[""daily_top""]",true,2026-09-14T11:06:48.554Z,0,"[""search_result_dom"",""product_detail_jsonld"",""product_detail_dom""]","{""variant_id"":""observed"",""variant_label"":""observed"",""listing_id"":""observed"",""inventory_key"":""observed"",""stock_quantity"":""observed"",""stock_quantity_source"":""observed"",""stock_quantity_kind"":""observed"",""stock_observed_at"":""observed"",""max_sale_limit"":""observed"",""seller_count"":""observed"",""seller_count_observed"":""observed"",""seller_count_kind"":""observed"",""sellers"":""observed"",""variants"":""observed"",""favorite_count"":""observed"",""inventory_decrease"":""unavailable"",""sales_estimate_daily"":""unavailable"",""sales_estimate_weekly"":""unavailable"",""sales_estimate_monthly"":""unavailable"",""sales_estimate_status"":""unavailable"",""sales_estimate_hours"":""unavailable"",""sales_estimate_source"":""unavailable"",""title"":""observed"",""brand"":""observed"",""seller_name"":""observed"",""seller_score"":""observed"",""price"":""observed"",""original_price"":""unavailable"",""campaigns"":""observed"",""stock_status"":""observed"",""stock_signal"":""unavailable"",""rating"":""observed"",""rating_count"":""observed"",""review_count"":""observed"",""question_count"":""observed"",""delivery_summary"":""observed"",""shipping_cost"":""unavailable"",""properties"":""observed""}",true,
661536961,S,92057b8a3be7530071ef16497061c585,463834071:126861:661536961:92057b8a3be7530071ef16497061c585,124,merchantListing.winnerVariant.quantity,reported,2026-09-14T11:06:53.363Z,5,1,1,reported_total,"[{""merchant_id"":""126861"",""name"":""Penyemood"",""score"":9,""price"":1150,""variant_id"":""661536961"",""listing_id"":""92057b8a3be7530071ef16497061c585"",""stock_quantity"":124}]","[{""variant_id"":""661536961"",""label"":""S"",""in_stock"":true,""stock_quantity"":124,""selected"":true},{""variant_id"":""661536971"",""label"":""L"",""in_stock"":true,""stock_quantity"":null,""selected"":false},{""variant_id"":""661536964"",""label"":""XL"",""in_stock"":true,""stock_quantity"":null,""selected"":false},{""variant_id"":""661536974"",""label"":""2XL"",""in_stock"":true,""stock_quantity"":null,""selected"":false}]",4526,1,1,,,estimated,24.01,inventory_net_decrease,2026-09-14,2026-09-14T14:00:36+03:00,hamile,BEST_SELLER,hamile-elbise,hamile elbise,71,2,171,171,6,hamile:hamile-elbise,71,29,12.4,17.6,463834071,126861,463834071:126861,Catherines 873 Hamile Sabahlık,Catherines,,https://www.trendyol.com/catherines/873-hamile-sabahlik-p-463834071?boutiqueId=61&merchantId=126861,Penyemood,9,1150,,,0,TRY,"[""100 TL Kupon"",""Kargo Bedava"",""Peşin Fiyatına 3 Taksit"",""Trendyol Plus'a Özel""]",InStock,,,,,,4.383333333333334,60,34,0,23,,"4,5B kişi favoriledi",,,,0,,,,9 saat 53 dakika içinde sipariş verirsen en geç yarın kargoda!,,,{},0,,refreshed,"[""daily_top""]",true,2026-09-14T11:06:53.363Z,0,"[""search_result_dom"",""product_detail_jsonld"",""product_detail_dom""]","{""variant_id"":""observed"",""variant_label"":""observed"",""listing_id"":""observed"",""inventory_key"":""observed"",""stock_quantity"":""observed"",""stock_quantity_source"":""observed"",""stock_quantity_kind"":""observed"",""stock_observed_at"":""observed"",""max_sale_limit"":""observed"",""seller_count"":""observed"",""seller_count_observed"":""observed"",""seller_count_kind"":""observed"",""sellers"":""observed"",""variants"":""observed"",""favorite_count"":""observed"",""inventory_decrease"":""unavailable"",""sales_estimate_daily"":""unavailable"",""sales_estimate_weekly"":""unavailable"",""sales_estimate_monthly"":""unavailable"",""sales_estimate_status"":""unavailable"",""sales_estimate_hours"":""unavailable"",""sales_estimate_source"":""unavailable"",""title"":""observed"",""brand"":""observed"",""seller_name"":""observed"",""seller_score"":""observed"",""price"":""observed"",""original_price"":""unavailable"",""campaigns"":""observed"",""stock_status"":""observed"",""stock_signal"":""unavailable"",""rating"":""observed"",""rating_count"":""observed"",""review_count"":""observed"",""question_count"":""observed"",""delivery_summary"":""observed"",""shipping_cost"":""unavailable"",""properties"":""observed""}",true,
,,,,,,,,,,,,,,,,,,,identity_changed_or_unknown,,inventory_net_decrease,2026-09-14,2026-09-14T14:00:36+03:00,hamile,BEST_SELLER,hamile-elbise,hamile elbise,72,2,172,172,,hamile:hamile-elbise,72,-29,15.8,14.2,857296077,,857296077:unknown,Apple Yenilenmiş IPHONE 16 PRO MAX 256GB -B Kalite- Siyah Titanyum,Apple,Yenilenmiş Cep Telefonu,https://www.trendyol.com/apple/iphone-16-pro-max-256gb-siyah-titanyum-p-857296077,CEPTEYENİ,83,90399,,,0,TRY,"[""Kargo Bedava"",""Peşin Fiyatına 9 Taksit""]",InStock,Son 1 Ürün,,,,,4.6,153,94,0,100,,"12,1B kişi favoriledi",,4999,TRY,0,2,1,5,9 saat 53 dakika içinde sipariş verirsen en geç yarın kargoda!,,https://cdn.dsmcdn.com/ty1804/prod/QC_PREP/20251225/16/8a9805f3-24d0-36d6-9b4a-b0a6654067ca/1_org_zoom.jpg,"{""Pil Gücü (mAh)"":""2800 ve üstü"",""Dahili Hafıza"":""256 GB"",""Ana Kamera Çözünürlük Aralığı"":""10 - 15 MP"",""Kozmetik Durum"":""B seviye-Çok İyi"",""Renk"":""Siyah"",""Garanti Tipi"":""Yenilenmiş Ürün (12 Ay Garanti)"",""Ekran Boyutu"":""6,7 inç"",""Kamera Çözünürlüğü"":""12 MP"",""RAM Kapasitesi"":""8 GB"",""Garanti Süresi"":""1 Yıl"",""Batarya Kapasitesi Aralığı"":""3500-4000 mAh"",""Menşei"":""TR"",""Tamir Edilebilirlik"":""Tamir Edilebilir, Satıcı ile İletişime Geçiniz."",""Cep Telefonu Modeli"":""iPhone 16 Pro Max""}",20,5,refreshed,"[""daily_top""]",true,2026-09-14T11:06:57.464Z,0,"[""search_result_dom"",""product_detail_jsonld"",""product_detail_dom""]","{""variant_id"":""unavailable"",""variant_label"":""unavailable"",""listing_id"":""unavailable"",""inventory_key"":""unavailable"",""stock_quantity"":""unavailable"",""stock_quantity_source"":""unavailable"",""stock_quantity_kind"":""unavailable"",""stock_observed_at"":""unavailable"",""max_sale_limit"":""unavailable"",""seller_count"":""unavailable"",""seller_count_observed"":""unavailable"",""seller_count_kind"":""unavailable"",""sellers"":""unavailable"",""variants"":""unavailable"",""favorite_count"":""unavailable"",""inventory_decrease"":""unavailable"",""sales_estimate_daily"":""unavailable"",""sales_estimate_weekly"":""unavailable"",""sales_estimate_monthly"":""unavailable"",""sales_estimate_status"":""unavailable"",""sales_estimate_hours"":""unavailable"",""sales_estimate_source"":""unavailable"",""title"":""observed"",""brand"":""observed"",""seller_name"":""observed"",""seller_score"":""observed"",""price"":""observed"",""original_price"":""unavailable"",""campaigns"":""observed"",""stock_status"":""observed"",""stock_signal"":""observed"",""rating"":""observed"",""rating_count"":""observed"",""review_count"":""observed"",""question_count"":""observed"",""delivery_summary"":""observed"",""shipping_cost"":""observed"",""properties"":""observed""}",true,
1260719517,M,abb4b5c3bbfdeaa5b147cadeb3e32a2c,905031886:175525:1260719517:abb4b5c3bbfdeaa5b147cadeb3e32a2c,95,merchantListing.winnerVariant.quantity,reported,2026-09-14T11:06:53.548Z,10,1,1,reported_total,"[{""merchant_id"":""175525"",""name"":""Miss Dünya Lissa"",""score"":8.6,""price"":1509.99,""variant_id"":""1260719517"",""listing_id"":""abb4b5c3bbfdeaa5b147cadeb3e32a2c"",""stock_quantity"":95}]","[{""variant_id"":""1260719517"",""label"":""M"",""in_stock"":true,""stock_quantity"":95,""selected"":true},{""variant_id"":""1260719518"",""label"":""L"",""in_stock"":true,""stock_quantity"":null,""selected"":false},{""variant_id"":""1260719519"",""label"":""XL"",""in_stock"":true,""stock_quantity"":null,""selected"":false},{""variant_id"":""1260719520"",""label"":""2XL"",""in_stock"":true,""stock_quantity"":null,""selected"":false}]",4145,,,,,unchanged_stock,24.02,inventory_net_decrease,2026-09-14,2026-09-14T14:00:36+03:00,hamile,BEST_SELLER,hamile-elbise,hamile elbise,73,3,173,173,13,hamile:hamile-elbise,73,-6,14.4,15.6,905031886,175525,905031886:175525,Miss Dünya Lissa Sabahlıklı Şerit Detaylı Hamile ve Lohusa Pijama Takımı,Miss Dünya Lissa,,https://www.trendyol.com/miss-dunya-lissa/sabahlikli-serit-detayli-hamile-ve-lohusa-pijama-takimi-p-905031886?boutiqueId=61&merchantId=175525,Miss Dünya Lissa,8.6,1509.99,,,0,TRY,"[""Kargo Bedava"",""Peşin Fiyatına 3 Taksit""]",InStock,,,,,,4.545454545454546,99,62,0,25,,"4,1B kişi favoriledi",,,,0,,,,Tahmini Teslim:,,,{},0,,refreshed,"[""daily_top""]",true,2026-09-14T11:06:53.549Z,0,"[""search_result_dom"",""product_detail_jsonld"",""product_detail_dom""]","{""variant_id"":""observed"",""variant_label"":""observed"",""listing_id"":""observed"",""inventory_key"":""observed"",""stock_quantity"":""observed"",""stock_quantity_source"":""observed"",""stock_quantity_kind"":""observed"",""stock_observed_at"":""observed"",""max_sale_limit"":""observed"",""seller_count"":""observed"",""seller_count_observed"":""observed"",""seller_count_kind"":""observed"",""sellers"":""observed"",""variants"":""observed"",""favorite_count"":""observed"",""inventory_decrease"":""unavailable"",""sales_estimate_daily"":""unavailable"",""sales_estimate_weekly"":""unavailable"",""sales_estimate_monthly"":""unavailable"",""sales_estimate_status"":""unavailable"",""sales_estimate_hours"":""unavailable"",""sales_estimate_source"":""unavailable"",""title"":""observed"",""brand"":""observed"",""seller_name"":""observed"",""seller_score"":""observed"",""price"":""observed"",""original_price"":""unavailable"",""campaigns"":""observed"",""stock_status"":""observed"",""stock_signal"":""unavailable"",""rating"":""observed"",""rating_count"":""observed"",""review_count"":""observed"",""question_count"":""observed"",""delivery_summary"":""observed"",""shipping_cost"":""unavailable"",""properties"":""observed""}",true,
886832180,M,6f18b6c2f573b5a91881cb60f0878422,670167296:126861:886832180:6f18b6c2f573b5a91881cb60f0878422,96,merchantListing.winnerVariant.quantity,reported,2026-09-14T11:06:58.614Z,5,1,1,reported_total,"[{""merchant_id"":""126861"",""name"":""Penyemood"",""score"":9,""price"":969.22,""variant_id"":""886832180"",""listing_id"":""6f18b6c2f573b5a91881cb60f0878422"",""stock_quantity"":96}]","[{""variant_id"":""886865499"",""label"":""S"",""in_stock"":true,""stock_quantity"":null,""selected"":false},{""variant_id"":""886832180"",""label"":""M"",""in_stock"":true,""stock_quantity"":96,""selected"":true},{""variant_id"":""886654725"",""label"":""L"",""in_stock"":true,""stock_quantity"":null,""selected"":false},{""variant_id"":""886832205"",""label"":""XL"",""in_stock"":true,""stock_quantity"":null,""selected"":false},{""variant_id"":""886849366"",""label"":""2XL"",""in_stock"":true,""stock_quantity"":null,""selected"":false}]",2024,,,,,unchanged_stock,24.03,inventory_net_decrease,2026-09-14,2026-09-14T14:00:36+03:00,hamile,BEST_SELLER,hamile-elbise,hamile elbise,74,3,174,174,,hamile:hamile-elbise,74,-15,25.9,19.8,670167296,126861,670167296:126861,Catherines 873 Hamile Sabahlık -pudrapembesi,Catherines,,https://www.trendyol.com/catherines/873-hamile-sabahlik-pudrapembesi-p-670167296?boutiqueId=61&merchantId=126861,Penyemood,9,969.22,1150,15.7,-15.7,TRY,"[""75 TL Kupon"",""Kargo Bedava"",""Son 10 Günün En Düşük Fiyatı"",""Süper Fırsat Ürünü"",""Son 10 günün en düşük fiyatı""]",InStock,,,,,,4.631578947368421,38,18,0,7,,2B kişi favoriledi,,,,0,,,,9 saat 53 dakika içinde sipariş verirsen en geç yarın kargoda!,,,{},0,,refreshed,"[""daily_top""]",true,2026-09-14T11:06:58.615Z,0,"[""search_result_dom"",""product_detail_jsonld"",""product_detail_dom""]","{""variant_id"":""observed"",""variant_label"":""observed"",""listing_id"":""observed"",""inventory_key"":""observed"",""stock_quantity"":""observed"",""stock_quantity_source"":""observed"",""stock_quantity_kind"":""observed"",""stock_observed_at"":""observed"",""max_sale_limit"":""observed"",""seller_count"":""observed"",""seller_count_observed"":""observed"",""seller_count_kind"":""observed"",""sellers"":""observed"",""variants"":""observed"",""favorite_count"":""observed"",""inventory_decrease"":""unavailable"",""sales_estimate_daily"":""unavailable"",""sales_estimate_weekly"":""unavailable"",""sales_estimate_monthly"":""unavailable"",""sales_estimate_status"":""unavailable"",""sales_estimate_hours"":""unavailable"",""sales_estimate_source"":""unavailable"",""title"":""observed"",""brand"":""observed"",""seller_name"":""observed"",""seller_score"":""observed"",""price"":""observed"",""original_price"":""observed"",""campaigns"":""observed"",""stock_status"":""observed"",""stock_signal"":""unavailable"",""rating"":""observed"",""rating_count"":""observed"",""review_count"":""observed"",""question_count"":""observed"",""delivery_summary"":""observed"",""shipping_cost"":""unavailable"",""properties"":""observed""}",true,
517859763,S,0a6da3db20b05d2c47bf4687cbf02120,324431645:346762:517859763:0a6da3db20b05d2c47bf4687cbf02120,171,merchantListing.winnerVariant.quantity,reported,2026-09-14T11:06:58.048Z,10,1,1,reported_total,"[{""merchant_id"":""346762"",""name"":""ADA STYLE"",""score"":9.3,""price"":1649.9,""variant_id"":""517859763"",""listing_id"":""0a6da3db20b05d2c47bf4687cbf02120"",""stock_quantity"":171}]","[{""variant_id"":""517859763"",""label"":""S"",""in_stock"":true,""stock_quantity"":171,""selected"":true},{""variant_id"":""518086973"",""label"":""M"",""in_stock"":true,""stock_quantity"":null,""selected"":false},{""variant_id"":""517872879"",""label"":""L"",""in_stock"":true,""stock_quantity"":null,""selected"":false},{""variant_id"":""517872882"",""label"":""XL"",""in_stock"":true,""stock_quantity"":null,""selected"":false},{""variant_id"":""517872880"",""label"":""2XL"",""in_stock"":true,""stock_quantity"":null,""selected"":false},{""variant_id"":""517872883"",""label"":""3XL"",""in_stock"":true,""stock_quantity"":null,""selected"":false}]",11945,,,,,unchanged_stock,24.02,inventory_net_decrease,2026-09-14,2026-09-14T14:00:36+03:00,hamile,BEST_SELLER,hamile-elbise,hamile elbise,75,3,175,175,6,hamile:hamile-elbise,75,6,15.5,14.5,324431645,346762,324431645:346762,"ADASTYLE Çekim, Uzun, Hemile, Abiye Şifon Elbise",ADASTYLE,,https://www.trendyol.com/adastyle/cekim-uzun-hemile-abiye-sifon-elbise-p-324431645?boutiqueId=61&merchantId=346762,ADA STYLE,9.3,1649.9,,,0,TRY,"[""Kargo Bedava"",""Sepette %1 İndirim"",""Peşin Fiyatına 3 Taksit""]",InStock,,,,,,4.436619718309859,142,86,0,118,,"11,9B kişi favoriledi",,,,0,,,,9 saat 53 dakika içinde sipariş verirsen en geç yarın kargoda!,En Çok Favorilenen 5. Ürün,,{},0,,refreshed,"[""daily_top""]",true,2026-09-14T11:06:58.048Z,0,"[""search_result_dom"",""product_detail_jsonld"",""product_detail_dom""]","{""variant_id"":""observed"",""variant_label"":""observed"",""listing_id"":""observed"",""inventory_key"":""observed"",""stock_quantity"":""observed"",""stock_quantity_source"":""observed"",""stock_quantity_kind"":""observed"",""stock_observed_at"":""observed"",""max_sale_limit"":""observed"",""seller_count"":""observed"",""seller_count_observed"":""observed"",""seller_count_kind"":""observed"",""sellers"":""observed"",""variants"":""observed"",""favorite_count"":""observed"",""inventory_decrease"":""unavailable"",""sales_estimate_daily"":""unavailable"",""sales_estimate_weekly"":""unavailable"",""sales_estimate_monthly"":""unavailable"",""sales_estimate_status"":""unavailable"",""sales_estimate_hours"":""unavailable"",""sales_estimate_source"":""unavailable"",""title"":""observed"",""brand"":""observed"",""seller_name"":""observed"",""seller_score"":""observed"",""price"":""observed"",""original_price"":""unavailable"",""campaigns"":""observed"",""stock_status"":""observed"",""stock_signal"":""unavailable"",""rating"":""observed"",""rating_count"":""observed"",""review_count"":""observed"",""question_count"":""observed"",""delivery_summary"":""observed"",""shipping_cost"":""unavailable"",""properties"":""observed""}",true,
1536133545,36,23ff7e7253189286b3c42001395495b1,1105958782:823:1536133545:23ff7e7253189286b3c42001395495b1,23,merchantListing.winnerVariant.quantity,reported,2026-09-14T11:07:01.909Z,11,1,1,reported_total,"[{""merchant_id"":""823"",""name"":""YARGICI"",""score"":7.9,""price"":2699.97,""variant_id"":""1536133545"",""listing_id"":""23ff7e7253189286b3c42001395495b1"",""stock_quantity"":23}]","[{""variant_id"":""1536133545"",""label"":""36"",""in_stock"":true,""stock_quantity"":23,""selected"":true},{""variant_id"":""1536134780"",""label"":""38"",""in_stock"":true,""stock_quantity"":null,""selected"":false},{""variant_id"":""1536133932"",""label"":""40"",""in_stock"":true,""stock_quantity"":null,""selected"":false},{""variant_id"":""1536133086"",""label"":""34"",""in_stock"":true,""stock_quantity"":null,""selected"":false},{""variant_id"":""1536131513"",""label"":""42"",""in_stock"":false,""stock_quantity"":null,""selected"":false}]",1628,2,2,,,estimated,24.02,inventory_net_decrease,2026-09-14,2026-09-14T14:00:36+03:00,hamile,BEST_SELLER,hamile-elbise,hamile elbise,76,3,176,176,,hamile:hamile-elbise,76,-10,42.4,27.6,1105958782,823,1105958782:823,Yargıcı Düz Bisiklet Yaka Kısa Kol Elbise,Yargıcı,Hamile Elbisesi,https://www.trendyol.com/yargici/duz-bisiklet-yaka-kisa-kol-elbise-p-1105958782?boutiqueId=61&merchantId=823,YARGICI,7.9,2699.97,4499.95,40,0,TRY,"[""Kargo Bedava"",""Son 10 Günün En Düşük Fiyatı"",""Peşin Fiyatına 3 Taksit"",""Son 10 günün en düşük fiyatı""]",InStock,,,,,,4,2,1,0,7,,"1,6B kişi favoriledi",,4999,TRY,0,3,1,7,Tahmini Teslim:,En Çok Ziyaret Edilen 4. Ürün,https://cdn.dsmcdn.com/ty1954/prod/QC_ENRICHMENT/20260910/09/ab6a61f8-d756-3746-bb80-df8bf9fc45f4/1_org_zoom.jpg,"{""Yaka Tipi"":""Bisiklet Yaka"",""Kumaş Tipi"":""Belirtilmemiş"",""Kol Tipi"":""Kısa Kol"",""Desen"":""Düz"",""Kalıp"":""Regular"",""Renk"":""Ekru"",""Materyal"":""Keten"",""Boy"":""Midi"",""Kol Boyu"":""Kısa"",""Materyal Bileşeni"":""Ana Kumaş 50 Keten 50 Viskon Astar 100 Pamuk"",""Yıkama Talimatı"":""Type 0"",""Menşei"":""TR""}",1,4,refreshed,"[""daily_top""]",true,2026-09-14T11:07:01.910Z,0,"[""search_result_dom"",""product_detail_jsonld"",""product_detail_dom""]","{""variant_id"":""observed"",""variant_label"":""observed"",""listing_id"":""observed"",""inventory_key"":""observed"",""stock_quantity"":""observed"",""stock_quantity_source"":""observed"",""stock_quantity_kind"":""observed"",""stock_observed_at"":""observed"",""max_sale_limit"":""observed"",""seller_count"":""observed"",""seller_count_observed"":""observed"",""seller_count_kind"":""observed"",""sellers"":""observed"",""variants"":""observed"",""favorite_count"":""observed"",""inventory_decrease"":""unavailable"",""sales_estimate_daily"":""unavailable"",""sales_estimate_weekly"":""unavailable"",""sales_estimate_monthly"":""unavailable"",""sales_estimate_status"":""unavailable"",""sales_estimate_hours"":""unavailable"",""sales_estimate_source"":""unavailable"",""title"":""observed"",""brand"":""observed"",""seller_name"":""observed"",""seller_score"":""observed"",""price"":""observed"",""original_price"":""observed"",""campaigns"":""observed"",""stock_status"":""observed"",""stock_signal"":""unavailable"",""rating"":""observed"",""rating_count"":""observed"",""review_count"":""observed"",""question_count"":""observed"",""delivery_summary"":""observed"",""shipping_cost"":""observed"",""properties"":""observed""}",true,
979692395,M,7769679fe311f76279e5fd53c20bafa2,744405472:133964:979692395:7769679fe311f76279e5fd53c20bafa2,485,merchantListing.winnerVariant.quantity,reported,2026-09-14T11:07:02.512Z,10,1,1,reported_total,"[{""merchant_id"":""133964"",""name"":""EMOSE"",""score"":8,""price"":1469,""variant_id"":""979692395"",""listing_id"":""7769679fe311f76279e5fd53c20bafa2"",""stock_quantity"":485}]","[{""variant_id"":""979692395"",""label"":""M"",""in_stock"":true,""stock_quantity"":485,""selected"":true},{""variant_id"":""979692392"",""label"":""L"",""in_stock"":true,""stock_quantity"":null,""selected"":false},{""variant_id"":""979692388"",""label"":""XL"",""in_stock"":true,""stock_quantity"":null,""selected"":false}]",8777,,,,,unchanged_stock,24.03,inventory_net_decrease,2026-09-14,2026-09-14T14:00:36+03:00,hamile,BEST_SELLER,hamile-elbise,hamile elbise,77,3,177,177,5,hamile:hamile-elbise,77,-24,15.7,14.3,744405472,133964,744405472:133964,Emose Dantelli Sabahlıklı Lohusa Pijama Takım Ekru,Emose,,https://www.trendyol.com/emose/dantelli-sabahlikli-lohusa-pijama-takim-ekru-p-744405472?boutiqueId=61&merchantId=133964,EMOSE,8,1469,,,0,TRY,"[""Kargo Bedava"",""Peşin Fiyatına 3 Taksit""]",InStock,,,,,,4.347222222222222,144,91,0,64,,"8,7B kişi favoriledi",,,,0,,,,9 saat 52 dakika içinde sipariş verirsen en geç yarın kargoda!,,,{},0,,refreshed,"[""daily_top""]",true,2026-09-14T11:07:02.513Z,0,"[""search_result_dom"",""product_detail_jsonld"",""product_detail_dom""]","{""variant_id"":""observed"",""variant_label"":""observed"",""listing_id"":""observed"",""inventory_key"":""observed"",""stock_quantity"":""observed"",""stock_quantity_source"":""observed"",""stock_quantity_kind"":""observed"",""stock_observed_at"":""observed"",""max_sale_limit"":""observed"",""seller_count"":""observed"",""seller_count_observed"":""observed"",""seller_count_kind"":""observed"",""sellers"":""observed"",""variants"":""observed"",""favorite_count"":""observed"",""inventory_decrease"":""unavailable"",""sales_estimate_daily"":""unavailable"",""sales_estimate_weekly"":""unavailable"",""sales_estimate_monthly"":""unavailable"",""sales_estimate_status"":""unavailable"",""sales_estimate_hours"":""unavailable"",""sales_estimate_source"":""unavailable"",""title"":""observed"",""brand"":""observed"",""seller_name"":""observed"",""seller_score"":""observed"",""price"":""observed"",""original_price"":""unavailable"",""campaigns"":""observed"",""stock_status"":""observed"",""stock_signal"":""unavailable"",""rating"":""observed"",""rating_count"":""observed"",""review_count"":""observed"",""question_count"":""observed"",""delivery_summary"":""observed"",""shipping_cost"":""unavailable"",""properties"":""observed""}",true,
1128319593,S,b3d86c2f2552dc0648d2e55fdca39fb0,839476016:126861:1128319593:b3d86c2f2552dc0648d2e55fdca39fb0,143,merchantListing.winnerVariant.quantity,reported,2026-09-14T11:07:02.898Z,5,1,1,reported_total,"[{""merchant_id"":""126861"",""name"":""Penyemood"",""score"":9,""price"":854.2,""variant_id"":""1128319593"",""listing_id"":""b3d86c2f2552dc0648d2e55fdca39fb0"",""stock_quantity"":143}]","[{""variant_id"":""1128319593"",""label"":""S"",""in_stock"":true,""stock_quantity"":143,""selected"":true},{""variant_id"":""1128319582"",""label"":""XL"",""in_stock"":false,""stock_quantity"":null,""selected"":false},{""variant_id"":""1128319592"",""label"":""2XL"",""in_stock"":false,""stock_quantity"":null,""selected"":false}]",1733,,,,,unchanged_stock,24.02,inventory_net_decrease,2026-09-14,2026-09-14T14:00:36+03:00,hamile,BEST_SELLER,hamile-elbise,hamile elbise,78,3,178,178,5,hamile:hamile-elbise,78,-8,16.7,18.3,839476016,126861,839476016:126861,Catherines 872 Lohusa Elbise-872,Catherines,,https://www.trendyol.com/catherines/872-lohusa-elbise-872-p-839476016?boutiqueId=61&merchantId=126861,Penyemood,9,854.2,899,5,0,TRY,"[""Kargo Bedava"",""Son 10 Günün En Düşük Fiyatı"",""Trendyol Plus'a Özel""]",InStock,,,,,,4.76595744680851,47,28,0,8,,"1,7B kişi favoriledi",,,,0,,,,9 saat 52 dakika içinde sipariş verirsen en geç yarın kargoda!,,,{},0,,refreshed,"[""daily_top""]",true,2026-09-14T11:07:02.898Z,0,"[""search_result_dom"",""product_detail_jsonld"",""product_detail_dom""]","{""variant_id"":""observed"",""variant_label"":""observed"",""listing_id"":""observed"",""inventory_key"":""observed"",""stock_quantity"":""observed"",""stock_quantity_source"":""observed"",""stock_quantity_kind"":""observed"",""stock_observed_at"":""observed"",""max_sale_limit"":""observed"",""seller_count"":""observed"",""seller_count_observed"":""observed"",""seller_count_kind"":""observed"",""sellers"":""observed"",""variants"":""observed"",""favorite_count"":""observed"",""inventory_decrease"":""unavailable"",""sales_estimate_daily"":""unavailable"",""sales_estimate_weekly"":""unavailable"",""sales_estimate_monthly"":""unavailable"",""sales_estimate_status"":""unavailable"",""sales_estimate_hours"":""unavailable"",""sales_estimate_source"":""unavailable"",""title"":""observed"",""brand"":""observed"",""seller_name"":""observed"",""seller_score"":""observed"",""price"":""observed"",""original_price"":""observed"",""campaigns"":""observed"",""stock_status"":""observed"",""stock_signal"":""unavailable"",""rating"":""observed"",""rating_count"":""observed"",""review_count"":""observed"",""question_count"":""observed"",""delivery_summary"":""observed"",""shipping_cost"":""unavailable"",""properties"":""observed""}",true,
1590060042,M,5a4e104a7f2aae2b9fe4c44213975e2f,1137940217:175525:1590060042:5a4e104a7f2aae2b9fe4c44213975e2f,177,merchantListing.winnerVariant.quantity,reported,2026-09-14T11:07:07.140Z,10,1,1,reported_total,"[{""merchant_id"":""175525"",""name"":""Miss Dünya Lissa"",""score"":8.6,""price"":789.99,""variant_id"":""1590060042"",""listing_id"":""5a4e104a7f2aae2b9fe4c44213975e2f"",""stock_quantity"":177}]","[{""variant_id"":""1590060042"",""label"":""M"",""in_stock"":true,""stock_quantity"":177,""selected"":true},{""variant_id"":""1590059355"",""label"":""L"",""in_stock"":true,""stock_quantity"":null,""selected"":false},{""variant_id"":""1590059752"",""label"":""XL"",""in_stock"":true,""stock_quantity"":null,""selected"":false},{""variant_id"":""1590057469"",""label"":""2XL"",""in_stock"":true,""stock_quantity"":null,""selected"":false}]",1649,1,1,,,estimated,24.02,inventory_net_decrease,2026-09-14,2026-09-14T14:00:36+03:00,hamile,BEST_SELLER,hamile-elbise,hamile elbise,79,3,179,179,9,hamile:hamile-elbise,79,-7,10.6,19.4,1137940217,175525,1137940217:175525,Miss Dünya Lissa Nova MomEmzirme Özellikli Hamile Gecelik Yumuşak Viskon Rahat Kesim,Miss Dünya Lissa,,https://www.trendyol.com/miss-dunya-lissa/nova-momemzirme-ozellikli-hamile-gecelik-yumusak-viskon-rahat-kesim-p-1137940217?boutiqueId=61&merchantId=175525,Miss Dünya Lissa,8.6,789.99,,,31.1,TRY,"[""Kargo Bedava""]",InStock,,,,,,4.575757575757576,33,20,0,12,,"1,6B kişi favoriledi",,,,0,,,,Tahmini Teslim:,,,{},0,,refreshed,"[""daily_top""]",true,2026-09-14T11:07:07.141Z,0,"[""search_result_dom"",""product_detail_jsonld"",""product_detail_dom""]","{""variant_id"":""observed"",""variant_label"":""observed"",""listing_id"":""observed"",""inventory_key"":""observed"",""stock_quantity"":""observed"",""stock_quantity_source"":""observed"",""stock_quantity_kind"":""observed"",""stock_observed_at"":""observed"",""max_sale_limit"":""observed"",""seller_count"":""observed"",""seller_count_observed"":""observed"",""seller_count_kind"":""observed"",""sellers"":""observed"",""variants"":""observed"",""favorite_count"":""observed"",""inventory_decrease"":""unavailable"",""sales_estimate_daily"":""unavailable"",""sales_estimate_weekly"":""unavailable"",""sales_estimate_monthly"":""unavailable"",""sales_estimate_status"":""unavailable"",""sales_estimate_hours"":""unavailable"",""sales_estimate_source"":""unavailable"",""title"":""observed"",""brand"":""observed"",""seller_name"":""observed"",""seller_score"":""observed"",""price"":""observed"",""original_price"":""unavailable"",""campaigns"":""observed"",""stock_status"":""observed"",""stock_signal"":""unavailable"",""rating"":""observed"",""rating_count"":""observed"",""review_count"":""observed"",""question_count"":""observed"",""delivery_summary"":""observed"",""shipping_cost"":""unavailable"",""properties"":""observed""}",true,
1070680505,S,fbd160e623eadfe19f9b6f38b9d2e32e,804852328:108216:1070680505:fbd160e623eadfe19f9b6f38b9d2e32e,63,merchantListing.winnerVariant.quantity,reported,2026-09-14T11:07:07.409Z,10,1,1,reported_total,"[{""merchant_id"":""108216"",""name"":""Artış Collection"",""score"":9.1,""price"":1910.47,""variant_id"":""1070680505"",""listing_id"":""fbd160e623eadfe19f9b6f38b9d2e32e"",""stock_quantity"":63}]","[{""variant_id"":""1070680505"",""label"":""S"",""in_stock"":true,""stock_quantity"":63,""selected"":true},{""variant_id"":""1070680511"",""label"":""M"",""in_stock"":true,""stock_quantity"":null,""selected"":false},{""variant_id"":""1070680500"",""label"":""L"",""in_stock"":true,""stock_quantity"":null,""selected"":false},{""variant_id"":""1070680504"",""label"":""XL"",""in_stock"":true,""stock_quantity"":null,""selected"":false}]",10458,,,,,unchanged_stock,24.01,inventory_net_decrease,2026-09-14,2026-09-14T14:00:36+03:00,hamile,BEST_SELLER,hamile-elbise,hamile elbise,80,3,180,180,6,hamile:hamile-elbise,80,30,13.9,17.2,804852328,108216,804852328:108216,Artış Truvakar Kol Düğmeli Kısa Esnek Viskoz Hamile Pijama Takımı,Artış,,https://www.trendyol.com/artis/truvakar-kol-dugmeli-kisa-esnek-viskoz-hamile-pijama-takimi-p-804852328?boutiqueId=61&merchantId=108216,Artış Collection,9.1,1910.47,1932.5,1.1,0,TRY,"[""Kargo Bedava"",""Son 10 Günün En Düşük Fiyatı"",""Peşin Fiyatına 3 Taksit"",""Son 10 günün en düşük fiyatı""]",InStock,,,,,,4.586206896551724,58,39,0,13,,"10,4B kişi favoriledi",,,,0,,,,Tahmini Teslim:,,,{},0,,refreshed,"[""daily_top""]",true,2026-09-14T11:07:07.409Z,0,"[""search_result_dom"",""product_detail_jsonld"",""product_detail_dom""]","{""variant_id"":""observed"",""variant_label"":""observed"",""listing_id"":""observed"",""inventory_key"":""observed"",""stock_quantity"":""observed"",""stock_quantity_source"":""observed"",""stock_quantity_kind"":""observed"",""stock_observed_at"":""observed"",""max_sale_limit"":""observed"",""seller_count"":""observed"",""seller_count_observed"":""observed"",""seller_count_kind"":""observed"",""sellers"":""observed"",""variants"":""observed"",""favorite_count"":""observed"",""inventory_decrease"":""unavailable"",""sales_estimate_daily"":""unavailable"",""sales_estimate_weekly"":""unavailable"",""sales_estimate_monthly"":""unavailable"",""sales_estimate_status"":""unavailable"",""sales_estimate_hours"":""unavailable"",""sales_estimate_source"":""unavailable"",""title"":""observed"",""brand"":""observed"",""seller_name"":""observed"",""seller_score"":""observed"",""price"":""observed"",""original_price"":""observed"",""campaigns"":""observed"",""stock_status"":""observed"",""stock_signal"":""unavailable"",""rating"":""observed"",""rating_count"":""observed"",""review_count"":""observed"",""question_count"":""observed"",""delivery_summary"":""observed"",""shipping_cost"":""unavailable"",""properties"":""observed""}",true,
541272407,L,6e65932b75d659433d59e5ba8a5ec09f,338843170:126861:541272407:6e65932b75d659433d59e5ba8a5ec09f,69,merchantListing.winnerVariant.quantity,reported,2026-09-14T11:07:07.417Z,5,1,1,reported_total,"[{""merchant_id"":""126861"",""name"":""Penyemood"",""score"":9,""price"":857.93,""variant_id"":""541272407"",""listing_id"":""6e65932b75d659433d59e5ba8a5ec09f"",""stock_quantity"":69}]","[{""variant_id"":""541272412"",""label"":""S"",""in_stock"":true,""stock_quantity"":null,""selected"":false},{""variant_id"":""541272413"",""label"":""M"",""in_stock"":true,""stock_quantity"":null,""selected"":false},{""variant_id"":""541272407"",""label"":""L"",""in_stock"":true,""stock_quantity"":69,""selected"":true},{""variant_id"":""541272398"",""label"":""XL"",""in_stock"":true,""stock_quantity"":null,""selected"":false}]",1575,1,1,,,estimated,24.02,inventory_net_decrease,2026-09-14,2026-09-14T14:00:36+03:00,hamile,BEST_SELLER,hamile-elbise,hamile elbise,81,3,181,181,5,hamile:hamile-elbise,81,4,15.3,19.3,338843170,126861,338843170:126861,Catherines 872 Lohusa Elbise,Catherines,,https://www.trendyol.com/catherines/872-lohusa-elbise-p-338843170?boutiqueId=61&merchantId=126861,Penyemood,9,857.93,899,4.6,0,TRY,"[""Kargo Bedava"",""Son 10 Günün En Düşük Fiyatı"",""Trendyol Plus'a Özel""]",InStock,,,,,,4.666666666666667,42,21,0,12,,"1,5B kişi favoriledi",,,,0,,,,9 saat 52 dakika içinde sipariş verirsen en geç yarın kargoda!,,,{},0,,refreshed,"[""daily_top""]",true,2026-09-14T11:07:07.417Z,0,"[""search_result_dom"",""product_detail_jsonld"",""product_detail_dom""]","{""variant_id"":""observed"",""variant_label"":""observed"",""listing_id"":""observed"",""inventory_key"":""observed"",""stock_quantity"":""observed"",""stock_quantity_source"":""observed"",""stock_quantity_kind"":""observed"",""stock_observed_at"":""observed"",""max_sale_limit"":""observed"",""seller_count"":""observed"",""seller_count_observed"":""observed"",""seller_count_kind"":""observed"",""sellers"":""observed"",""variants"":""observed"",""favorite_count"":""observed"",""inventory_decrease"":""unavailable"",""sales_estimate_daily"":""unavailable"",""sales_estimate_weekly"":""unavailable"",""sales_estimate_monthly"":""unavailable"",""sales_estimate_status"":""unavailable"",""sales_estimate_hours"":""unavailable"",""sales_estimate_source"":""unavailable"",""title"":""observed"",""brand"":""observed"",""seller_name"":""observed"",""seller_score"":""observed"",""price"":""observed"",""original_price"":""observed"",""campaigns"":""observed"",""stock_status"":""observed"",""stock_signal"":""unavailable"",""rating"":""observed"",""rating_count"":""observed"",""review_count"":""observed"",""question_count"":""observed"",""delivery_summary"":""observed"",""shipping_cost"":""unavailable"",""properties"":""observed""}",true,
857924814,S,5820ac200e2675a4a099c8c2c5f20489,649466970:108216:857924814:5820ac200e2675a4a099c8c2c5f20489,112,merchantListing.winnerVariant.quantity,reported,2026-09-14T11:07:12.318Z,10,1,1,reported_total,"[{""merchant_id"":""108216"",""name"":""Artış Collection"",""score"":9.1,""price"":3316.47,""variant_id"":""857924814"",""listing_id"":""5820ac200e2675a4a099c8c2c5f20489"",""stock_quantity"":112}]","[{""variant_id"":""857924814"",""label"":""S"",""in_stock"":true,""stock_quantity"":112,""selected"":true},{""variant_id"":""857942548"",""label"":""M"",""in_stock"":true,""stock_quantity"":null,""selected"":false},{""variant_id"":""857942541"",""label"":""L"",""in_stock"":true,""stock_quantity"":null,""selected"":false},{""variant_id"":""857942555"",""label"":""XL"",""in_stock"":true,""stock_quantity"":null,""selected"":false}]",5259,,,,,unchanged_stock,24.02,inventory_net_decrease,2026-09-14,2026-09-14T14:00:36+03:00,hamile,BEST_SELLER,hamile-elbise,hamile elbise,82,3,182,182,3,hamile:hamile-elbise,82,-11,13.3,16.7,649466970,108216,649466970:108216,Artış Pamuklu Esnek Viskoz Hamile Sabahlık Gecelik Takımı 14400,Artış,,https://www.trendyol.com/artis/pamuklu-esnek-viskoz-hamile-sabahlik-gecelik-takimi-14400-p-649466970?boutiqueId=61&merchantId=108216,Artış Collection,9.1,3316.47,,,0,TRY,"[""100 TL Kupon"",""Kargo Bedava"",""Peşin Fiyatına 3 Taksit""]",InStock,,,,,,4.552238805970149,67,45,0,17,,,,,,0,,,,Tahmini Teslim:,,,{},0,,refreshed,"[""daily_top""]",true,2026-09-14T11:07:12.318Z,0,"[""search_result_dom"",""product_detail_jsonld"",""product_detail_dom""]","{""variant_id"":""observed"",""variant_label"":""observed"",""listing_id"":""observed"",""inventory_key"":""observed"",""stock_quantity"":""observed"",""stock_quantity_source"":""observed"",""stock_quantity_kind"":""observed"",""stock_observed_at"":""observed"",""max_sale_limit"":""observed"",""seller_count"":""observed"",""seller_count_observed"":""observed"",""seller_count_kind"":""observed"",""sellers"":""observed"",""variants"":""observed"",""favorite_count"":""observed"",""inventory_decrease"":""unavailable"",""sales_estimate_daily"":""unavailable"",""sales_estimate_weekly"":""unavailable"",""sales_estimate_monthly"":""unavailable"",""sales_estimate_status"":""unavailable"",""sales_estimate_hours"":""unavailable"",""sales_estimate_source"":""unavailable"",""title"":""observed"",""brand"":""observed"",""seller_name"":""observed"",""seller_score"":""observed"",""price"":""observed"",""original_price"":""unavailable"",""campaigns"":""observed"",""stock_status"":""observed"",""stock_signal"":""unavailable"",""rating"":""observed"",""rating_count"":""observed"",""review_count"":""observed"",""question_count"":""observed"",""delivery_summary"":""observed"",""shipping_cost"":""unavailable"",""properties"":""observed""}",true,
1240061546,S,ca311ee7e6e97de340caed9ddfe27026,892680950:733989:1240061546:ca311ee7e6e97de340caed9ddfe27026,3,merchantListing.winnerVariant.quantity,reported,2026-09-14T11:07:12.220Z,10,1,1,reported_total,"[{""merchant_id"":""733989"",""name"":""KEM-TEX"",""score"":9.5,""price"":1899,""variant_id"":""1240061546"",""listing_id"":""ca311ee7e6e97de340caed9ddfe27026"",""stock_quantity"":3}]","[{""variant_id"":""1240061546"",""label"":""S"",""in_stock"":true,""stock_quantity"":3,""selected"":true},{""variant_id"":""1240061548"",""label"":""M"",""in_stock"":true,""stock_quantity"":null,""selected"":false},{""variant_id"":""1240061547"",""label"":""L"",""in_stock"":true,""stock_quantity"":null,""selected"":false},{""variant_id"":""1240061549"",""label"":""XL"",""in_stock"":true,""stock_quantity"":null,""selected"":false},{""variant_id"":""1550274590"",""label"":""2XL"",""in_stock"":true,""stock_quantity"":null,""selected"":false}]",4606,,,,,unchanged_stock,24.01,inventory_net_decrease,2026-09-14,2026-09-14T14:00:36+03:00,hamile,BEST_SELLER,hamile-elbise,hamile elbise,83,3,183,183,,hamile:hamile-elbise,83,26,12.4,17.6,892680950,733989,892680950:733989,LORIAN'S Ekru Özel Gecelik Sabahlık Dantelli Düğmeli Kısa Kollu Esnek Kumaşlı Hamile ve Lohusa Pijama Takımı,LORIAN'S,Hamile Pijama Takımı,https://www.trendyol.com/lorian-s/ekru-ozel-gecelik-sabahlik-dantelli-dugmeli-kisa-kollu-esnek-kumasli-hamile-ve-lohusa-pijama-takimi-p-892680950?boutiqueId=61&merchantId=733989,KEM-TEX,9.5,1899,,,0,TRY,"[""Sepette %5 İndirim"",""50 TL Kupon"",""Kargo Bedava"",""Peşin Fiyatına 3 Taksit""]",InStock,Tükeniyor,,,,,4.54,50,34,0,22,,"4,6B kişi favoriledi",,4999,TRY,0,1,1,3,9 saat 52 dakika içinde sipariş verirsen en geç yarın kargoda!,,https://cdn.dsmcdn.com/ty1624/prod/QC/20250114/11/ab982a47-7661-331b-a921-a0f9c2731014/1_org_zoom.jpg,"{""Sürdürülebilirlik Detayı"":""Evet"",""Paça Boyu"":""Uzun"",""Materyal"":""Viskon Karışımlı"",""Kol Tipi"":""Kısa Kol"",""Desen"":""Düz"",""Yaka Tipi"":""V Yaka"",""Renk"":""Ekru"",""Koleksiyon"":""Hamile"",""Yıkama Talimatı"":""T44"",""Kumaş Tipi"":""Örme"",""Boy"":""Uzun"",""Kalıp"":""Regular"",""Paça Tipi"":""Regular"",""Kol Boyu"":""Kısa"",""Ortam"":""Business"",""Paket İçeriği"":""2'li"",""Bel"":""Normal Bel"",""Menşei"":""TR""}",20,4.9,refreshed,"[""daily_top""]",true,2026-09-14T11:07:12.221Z,0,"[""search_result_dom"",""product_detail_jsonld"",""product_detail_dom""]","{""variant_id"":""observed"",""variant_label"":""observed"",""listing_id"":""observed"",""inventory_key"":""observed"",""stock_quantity"":""observed"",""stock_quantity_source"":""observed"",""stock_quantity_kind"":""observed"",""stock_observed_at"":""observed"",""max_sale_limit"":""observed"",""seller_count"":""observed"",""seller_count_observed"":""observed"",""seller_count_kind"":""observed"",""sellers"":""observed"",""variants"":""observed"",""favorite_count"":""observed"",""inventory_decrease"":""unavailable"",""sales_estimate_daily"":""unavailable"",""sales_estimate_weekly"":""unavailable"",""sales_estimate_monthly"":""unavailable"",""sales_estimate_status"":""unavailable"",""sales_estimate_hours"":""unavailable"",""sales_estimate_source"":""unavailable"",""title"":""observed"",""brand"":""observed"",""seller_name"":""observed"",""seller_score"":""observed"",""price"":""observed"",""original_price"":""unavailable"",""campaigns"":""observed"",""stock_status"":""observed"",""stock_signal"":""observed"",""rating"":""observed"",""rating_count"":""observed"",""review_count"":""observed"",""question_count"":""observed"",""delivery_summary"":""observed"",""shipping_cost"":""observed"",""properties"":""observed""}",true,
1233050857,M,148bef987a182bd2b8b442f8a16a0e6d,888528275:232737:1233050857:148bef987a182bd2b8b442f8a16a0e6d,88,merchantListing.winnerVariant.quantity,reported,2026-09-14T11:07:12.086Z,10,1,1,reported_total,"[{""merchant_id"":""232737"",""name"":""Hamile Tekstil"",""score"":9.2,""price"":1890,""variant_id"":""1233050857"",""listing_id"":""148bef987a182bd2b8b442f8a16a0e6d"",""stock_quantity"":88}]","[{""variant_id"":""1233050857"",""label"":""M"",""in_stock"":true,""stock_quantity"":88,""selected"":true},{""variant_id"":""1233050854"",""label"":""L"",""in_stock"":true,""stock_quantity"":null,""selected"":false},{""variant_id"":""1233050856"",""label"":""XL"",""in_stock"":true,""stock_quantity"":null,""selected"":false},{""variant_id"":""1233050855"",""label"":""2XL"",""in_stock"":true,""stock_quantity"":null,""selected"":false}]",2203,1,1,,,estimated,24.01,inventory_net_decrease,2026-09-14,2026-09-14T14:00:36+03:00,hamile,BEST_SELLER,hamile-elbise,hamile elbise,84,3,184,184,,hamile:hamile-elbise,84,29,11.7,18.3,888528275,232737,888528275:232737,Hamile Tekstil Lacivert Güpürlü Tam Boy Sabahlıklı Lohusa Gecelik Takımı,Hamile Tekstil,Hamile Gecelik,https://www.trendyol.com/hamile-tekstil/lacivert-gupurlu-tam-boy-sabahlikli-lohusa-gecelik-takimi-p-888528275?boutiqueId=61&merchantId=232737,Hamile Tekstil,9.2,1890,,,0,TRY,"[""Kargo Bedava"",""Peşin Fiyatına 3 Taksit""]",InStock,,,,,,4.206896551724138,58,28,0,27,,"2,2B kişi favoriledi",,4999,TRY,0,2,1,5,Tahmini Teslim:,,https://cdn.dsmcdn.com/ty1619/prod/QC/20250101/20/fc08f256-a6ca-3548-b54e-95bc08ab4e65/1_org_zoom.jpg,"{""Desen"":""Düz"",""Materyal"":""Pamuklu"",""Kol Tipi"":""Uzun Kol"",""Renk"":""Lacivert"",""Yaka Tipi"":""V Yaka"",""Yıkama Talimatı"":""T100"",""Kumaş Tipi"":""Örme"",""Boy"":""Uzun"",""Siluet"":""Uzun"",""Kalıp"":""Regular"",""Kol Boyu"":""Uzun"",""Sürdürülebilirlik Detayı"":""Hayır"",""Ortam"":""Lounge/Home"",""Menşei"":""TR"",""Paket İçeriği"":""Tekli""}",20,4.8,refreshed,"[""daily_top""]",true,2026-09-14T11:07:12.087Z,0,"[""search_result_dom"",""product_detail_jsonld"",""product_detail_dom""]","{""variant_id"":""observed"",""variant_label"":""observed"",""listing_id"":""observed"",""inventory_key"":""observed"",""stock_quantity"":""observed"",""stock_quantity_source"":""observed"",""stock_quantity_kind"":""observed"",""stock_observed_at"":""observed"",""max_sale_limit"":""observed"",""seller_count"":""observed"",""seller_count_observed"":""observed"",""seller_count_kind"":""observed"",""sellers"":""observed"",""variants"":""observed"",""favorite_count"":""observed"",""inventory_decrease"":""unavailable"",""sales_estimate_daily"":""unavailable"",""sales_estimate_weekly"":""unavailable"",""sales_estimate_monthly"":""unavailable"",""sales_estimate_status"":""unavailable"",""sales_estimate_hours"":""unavailable"",""sales_estimate_source"":""unavailable"",""title"":""observed"",""brand"":""observed"",""seller_name"":""observed"",""seller_score"":""observed"",""price"":""observed"",""original_price"":""unavailable"",""campaigns"":""observed"",""stock_status"":""observed"",""stock_signal"":""unavailable"",""rating"":""observed"",""rating_count"":""observed"",""review_count"":""observed"",""question_count"":""observed"",""delivery_summary"":""observed"",""shipping_cost"":""observed"",""properties"":""observed""}",true,
1094147401,M,46507eb48ff6402d14e883982bb005a8,819073793:331678:1094147401:46507eb48ff6402d14e883982bb005a8,8,merchantListing.winnerVariant.quantity,reported,2026-09-14T11:07:17.303Z,10,1,1,reported_total,"[{""merchant_id"":""331678"",""name"":""LYN MAMA"",""score"":9.2,""price"":1299.9,""variant_id"":""1094147401"",""listing_id"":""46507eb48ff6402d14e883982bb005a8"",""stock_quantity"":8}]","[{""variant_id"":""1094147401"",""label"":""M"",""in_stock"":true,""stock_quantity"":8,""selected"":true},{""variant_id"":""1094147403"",""label"":""L"",""in_stock"":true,""stock_quantity"":null,""selected"":false},{""variant_id"":""1094147404"",""label"":""XL"",""in_stock"":true,""stock_quantity"":null,""selected"":false},{""variant_id"":""1094147400"",""label"":""2XL"",""in_stock"":true,""stock_quantity"":null,""selected"":false},{""variant_id"":""1094147398"",""label"":""S"",""in_stock"":false,""stock_quantity"":null,""selected"":false}]",5380,1,1,,,estimated,24.01,inventory_net_decrease,2026-09-14,2026-09-14T14:00:36+03:00,hamile,BEST_SELLER,hamile-elbise,hamile elbise,85,3,185,185,2,hamile:hamile-elbise,85,26,10.9,19.1,819073793,331678,819073793:331678,Lyn Mama Johana Hamile Kot Jile Elbise - Mavi,Lyn Mama,,https://www.trendyol.com/lyn-mama/johana-hamile-kot-jile-elbise-mavi-p-819073793?boutiqueId=61&merchantId=331678,LYN MAMA,9.2,1299.9,,,0,TRY,"[""Kargo Bedava"",""Peşin Fiyatına 3 Taksit""]",InStock,Tükeniyor,,,,,4.675675675675675,37,22,0,68,,"5,3B kişi favoriledi",,,,0,,,,Tahmini Teslim:,,,{},0,,refreshed,"[""daily_top""]",true,2026-09-14T11:07:17.304Z,0,"[""search_result_dom"",""product_detail_jsonld"",""product_detail_dom""]","{""variant_id"":""observed"",""variant_label"":""observed"",""listing_id"":""observed"",""inventory_key"":""observed"",""stock_quantity"":""observed"",""stock_quantity_source"":""observed"",""stock_quantity_kind"":""observed"",""stock_observed_at"":""observed"",""max_sale_limit"":""observed"",""seller_count"":""observed"",""seller_count_observed"":""observed"",""seller_count_kind"":""observed"",""sellers"":""observed"",""variants"":""observed"",""favorite_count"":""observed"",""inventory_decrease"":""unavailable"",""sales_estimate_daily"":""unavailable"",""sales_estimate_weekly"":""unavailable"",""sales_estimate_monthly"":""unavailable"",""sales_estimate_status"":""unavailable"",""sales_estimate_hours"":""unavailable"",""sales_estimate_source"":""unavailable"",""title"":""observed"",""brand"":""observed"",""seller_name"":""observed"",""seller_score"":""observed"",""price"":""observed"",""original_price"":""unavailable"",""campaigns"":""observed"",""stock_status"":""observed"",""stock_signal"":""observed"",""rating"":""observed"",""rating_count"":""observed"",""review_count"":""observed"",""question_count"":""observed"",""delivery_summary"":""observed"",""shipping_cost"":""unavailable"",""properties"":""observed""}",true,
1577945122,S,68fd08cae2daaed38b840c865313cd42,1129888465:331678:1577945122:68fd08cae2daaed38b840c865313cd42,9,merchantListing.winnerVariant.quantity,reported,2026-09-14T11:07:16.867Z,10,1,1,reported_total,"[{""merchant_id"":""331678"",""name"":""LYN MAMA"",""score"":9.2,""price"":999.9,""variant_id"":""1577945122"",""listing_id"":""68fd08cae2daaed38b840c865313cd42"",""stock_quantity"":9}]","[{""variant_id"":""1577945122"",""label"":""S"",""in_stock"":true,""stock_quantity"":9,""selected"":true},{""variant_id"":""1577944495"",""label"":""M"",""in_stock"":true,""stock_quantity"":null,""selected"":false},{""variant_id"":""1577941237"",""label"":""L"",""in_stock"":true,""stock_quantity"":null,""selected"":false},{""variant_id"":""1577946252"",""label"":""XL"",""in_stock"":true,""stock_quantity"":null,""selected"":false},{""variant_id"":""1605353916"",""label"":""2XL"",""in_stock"":true,""stock_quantity"":null,""selected"":false}]",1625,,,,,unchanged_stock,24.02,inventory_net_decrease,2026-09-14,2026-09-14T14:00:36+03:00,hamile,BEST_SELLER,hamile-elbise,hamile elbise,86,3,186,186,3,hamile:hamile-elbise,86,4,3.8,26.2,1129888465,331678,1129888465:331678,Lyn Mama Scarlett Salopet Etek - Haki,Lyn Mama,,https://www.trendyol.com/lyn-mama/scarlett-salopet-etek-haki-p-1129888465?boutiqueId=61&merchantId=331678,LYN MAMA,9.2,999.9,,,0,TRY,"[""Kargo Bedava""]",InStock,Tükeniyor,,,,,3.75,4,2,0,9,,"1,6B kişi favoriledi",,,,0,,,,Tahmini Teslim:,,,{},0,,refreshed,"[""daily_top""]",true,2026-09-14T11:07:16.867Z,0,"[""search_result_dom"",""product_detail_jsonld"",""product_detail_dom""]","{""variant_id"":""observed"",""variant_label"":""observed"",""listing_id"":""observed"",""inventory_key"":""observed"",""stock_quantity"":""observed"",""stock_quantity_source"":""observed"",""stock_quantity_kind"":""observed"",""stock_observed_at"":""observed"",""max_sale_limit"":""observed"",""seller_count"":""observed"",""seller_count_observed"":""observed"",""seller_count_kind"":""observed"",""sellers"":""observed"",""variants"":""observed"",""favorite_count"":""observed"",""inventory_decrease"":""unavailable"",""sales_estimate_daily"":""unavailable"",""sales_estimate_weekly"":""unavailable"",""sales_estimate_monthly"":""unavailable"",""sales_estimate_status"":""unavailable"",""sales_estimate_hours"":""unavailable"",""sales_estimate_source"":""unavailable"",""title"":""observed"",""brand"":""observed"",""seller_name"":""observed"",""seller_score"":""observed"",""price"":""observed"",""original_price"":""unavailable"",""campaigns"":""observed"",""stock_status"":""observed"",""stock_signal"":""observed"",""rating"":""observed"",""rating_count"":""observed"",""review_count"":""observed"",""question_count"":""observed"",""delivery_summary"":""observed"",""shipping_cost"":""unavailable"",""properties"":""observed""}",true,
1650800380,M,822caf5f41a1034e4f414f480d59ff90,1177683177:175525:1650800380:822caf5f41a1034e4f414f480d59ff90,188,merchantListing.winnerVariant.quantity,reported,2026-09-14T11:07:17.248Z,10,1,1,reported_total,"[{""merchant_id"":""175525"",""name"":""Miss Dünya Lissa"",""score"":8.6,""price"":789.99,""variant_id"":""1650800380"",""listing_id"":""822caf5f41a1034e4f414f480d59ff90"",""stock_quantity"":188}]","[{""variant_id"":""1650800380"",""label"":""M"",""in_stock"":true,""stock_quantity"":188,""selected"":true},{""variant_id"":""1650800382"",""label"":""L"",""in_stock"":true,""stock_quantity"":null,""selected"":false},{""variant_id"":""1650800381"",""label"":""XL"",""in_stock"":true,""stock_quantity"":null,""selected"":false},{""variant_id"":""1650800379"",""label"":""2XL"",""in_stock"":true,""stock_quantity"":null,""selected"":false}]",283,,,,,unchanged_stock,24.02,inventory_net_decrease,2026-09-14,2026-09-14T14:00:36+03:00,hamile,BEST_SELLER,hamile-elbise,hamile elbise,87,3,187,187,9,hamile:hamile-elbise,87,2,2.4,27.6,1177683177,175525,1177683177:175525,Miss Dünya Lissa Nova MomEmzirme Özellikli Hamile Gecelik Yumuşak Viskon Rahat Kesim,Miss Dünya Lissa,,https://www.trendyol.com/miss-dunya-lissa/nova-momemzirme-ozellikli-hamile-gecelik-yumusak-viskon-rahat-kesim-p-1177683177?boutiqueId=61&merchantId=175525,Miss Dünya Lissa,8.6,789.99,,,0,TRY,"[""Kargo Bedava""]",InStock,,,,,,4.666666666666667,3,1,0,1,,,,,,0,,,,Tahmini Teslim:,,,{},0,,refreshed,"[""daily_top""]",true,2026-09-14T11:07:17.249Z,0,"[""search_result_dom"",""product_detail_jsonld"",""product_detail_dom""]","{""variant_id"":""observed"",""variant_label"":""observed"",""listing_id"":""observed"",""inventory_key"":""observed"",""stock_quantity"":""observed"",""stock_quantity_source"":""observed"",""stock_quantity_kind"":""observed"",""stock_observed_at"":""observed"",""max_sale_limit"":""observed"",""seller_count"":""observed"",""seller_count_observed"":""observed"",""seller_count_kind"":""observed"",""sellers"":""observed"",""variants"":""observed"",""favorite_count"":""observed"",""inventory_decrease"":""unavailable"",""sales_estimate_daily"":""unavailable"",""sales_estimate_weekly"":""unavailable"",""sales_estimate_monthly"":""unavailable"",""sales_estimate_status"":""unavailable"",""sales_estimate_hours"":""unavailable"",""sales_estimate_source"":""unavailable"",""title"":""observed"",""brand"":""observed"",""seller_name"":""observed"",""seller_score"":""observed"",""price"":""observed"",""original_price"":""unavailable"",""campaigns"":""observed"",""stock_status"":""observed"",""stock_signal"":""unavailable"",""rating"":""observed"",""rating_count"":""observed"",""review_count"":""observed"",""question_count"":""observed"",""delivery_summary"":""observed"",""shipping_cost"":""unavailable"",""properties"":""observed""}",true,
1595356060,M,94fa3607160005376b62e2c60b2db134,1141573716:904421:1595356060:94fa3607160005376b62e2c60b2db134,4,merchantListing.winnerVariant.quantity,reported,2026-09-14T11:07:21.492Z,10,1,1,reported_total,"[{""merchant_id"":""904421"",""name"":""KATLİN MATERNİTY WEAR"",""score"":9.1,""price"":1298,""variant_id"":""1595356060"",""listing_id"":""94fa3607160005376b62e2c60b2db134"",""stock_quantity"":4}]","[{""variant_id"":""1595356060"",""label"":""M"",""in_stock"":true,""stock_quantity"":4,""selected"":true},{""variant_id"":""1595349011"",""label"":""L"",""in_stock"":true,""stock_quantity"":null,""selected"":false},{""variant_id"":""1595369827"",""label"":""XL"",""in_stock"":true,""stock_quantity"":null,""selected"":false},{""variant_id"":""1595360674"",""label"":""2XL"",""in_stock"":true,""stock_quantity"":null,""selected"":false}]",1511,,,,,unchanged_stock,23.98,inventory_net_decrease,2026-09-14,2026-09-14T14:00:36+03:00,hamile,BEST_SELLER,hamile-elbise,hamile elbise,88,3,188,188,2,hamile:hamile-elbise,88,80,4.8,25.2,1141573716,904421,1141573716:904421,"KATLİN MATERNİTY WEAR Hamile Puantiyeli Desen %100 Viskon Elbise , Kısa Kol Model , Bel Kemerli Yaka Uzun Fermuar ve Düğme Detaylı",KATLİN MATERNİTY WEAR,,https://www.trendyol.com/katlin-maternity-wear/hamile-puantiyeli-desen-100-viskon-elbise-kisa-kol-model-bel-kemerli-yaka-uzun-fermuar-ve-dugme-detayli-p-1141573716?boutiqueId=61&merchantId=904421,KATLİN MATERNİTY WEAR,9.1,1298,,,0,TRY,"[""Kargo Bedava"",""Peşin Fiyatına 3 Taksit""]",InStock,Tükeniyor,,,,,4.777777777777778,9,3,0,10,,"1,5B kişi favoriledi",,,,0,,,,9 saat 52 dakika içinde sipariş verirsen en geç yarın kargoda!,,,{},0,,refreshed,"[""daily_top"",""hot_change""]",true,2026-09-14T11:07:21.493Z,0,"[""search_result_dom"",""product_detail_jsonld"",""product_detail_dom""]","{""variant_id"":""observed"",""variant_label"":""observed"",""listing_id"":""observed"",""inventory_key"":""observed"",""stock_quantity"":""observed"",""stock_quantity_source"":""observed"",""stock_quantity_kind"":""observed"",""stock_observed_at"":""observed"",""max_sale_limit"":""observed"",""seller_count"":""observed"",""seller_count_observed"":""observed"",""seller_count_kind"":""observed"",""sellers"":""observed"",""variants"":""observed"",""favorite_count"":""observed"",""inventory_decrease"":""unavailable"",""sales_estimate_daily"":""unavailable"",""sales_estimate_weekly"":""unavailable"",""sales_estimate_monthly"":""unavailable"",""sales_estimate_status"":""unavailable"",""sales_estimate_hours"":""unavailable"",""sales_estimate_source"":""unavailable"",""title"":""observed"",""brand"":""observed"",""seller_name"":""observed"",""seller_score"":""observed"",""price"":""observed"",""original_price"":""unavailable"",""campaigns"":""observed"",""stock_status"":""observed"",""stock_signal"":""observed"",""rating"":""observed"",""rating_count"":""observed"",""review_count"":""observed"",""question_count"":""observed"",""delivery_summary"":""observed"",""shipping_cost"":""unavailable"",""properties"":""observed""}",true,
1615856780,M,9d6c52a8cb658309f89658364ef4a775,1155126390:569500:1615856780:9d6c52a8cb658309f89658364ef4a775,995,merchantListing.winnerVariant.quantity,reported,2026-09-14T11:07:22.072Z,10,1,1,reported_total,"[{""merchant_id"":""569500"",""name"":""YULA"",""score"":9.1,""price"":999,""variant_id"":""1615856780"",""listing_id"":""9d6c52a8cb658309f89658364ef4a775"",""stock_quantity"":995}]","[{""variant_id"":""1615856780"",""label"":""M"",""in_stock"":true,""stock_quantity"":995,""selected"":true},{""variant_id"":""1615856778"",""label"":""XL"",""in_stock"":true,""stock_quantity"":null,""selected"":false},{""variant_id"":""1615856779"",""label"":""L"",""in_stock"":false,""stock_quantity"":null,""selected"":false},{""variant_id"":""1615856777"",""label"":""2XL"",""in_stock"":false,""stock_quantity"":null,""selected"":false}]",218,,,,,unchanged_stock,23.99,inventory_net_decrease,2026-09-14,2026-09-14T14:00:36+03:00,hamile,BEST_SELLER,hamile-elbise,hamile elbise,89,3,189,189,3,hamile:hamile-elbise,89,68,0,30,1155126390,569500,1155126390:569500,Altınay Kadın Sabahlıklı Güpür Detaylı Askılı Lohusa(Hamile)2'Li Gecelik Takım %65 Pamuk %35 Viskon,Altınay,,https://www.trendyol.com/altinay/kadin-sabahlikli-gupur-detayli-askili-lohusa-hamile-2-li-gecelik-takim-65-pamuk-35-viskon-p-1155126390?boutiqueId=61&merchantId=569500,YULA,9.1,999,,,0,TRY,"[""Kargo Bedava""]",InStock,,,,,,0,0,0,0,2,,,,,,0,,,,9 saat 52 dakika içinde sipariş verirsen en geç yarın kargoda!,,,{},0,,refreshed,"[""daily_top""]",true,2026-09-14T11:07:22.073Z,0,"[""search_result_dom"",""product_detail_jsonld"",""product_detail_dom""]","{""variant_id"":""observed"",""variant_label"":""observed"",""listing_id"":""observed"",""inventory_key"":""observed"",""stock_quantity"":""observed"",""stock_quantity_source"":""observed"",""stock_quantity_kind"":""observed"",""stock_observed_at"":""observed"",""max_sale_limit"":""observed"",""seller_count"":""observed"",""seller_count_observed"":""observed"",""seller_count_kind"":""observed"",""sellers"":""observed"",""variants"":""observed"",""favorite_count"":""observed"",""inventory_decrease"":""unavailable"",""sales_estimate_daily"":""unavailable"",""sales_estimate_weekly"":""unavailable"",""sales_estimate_monthly"":""unavailable"",""sales_estimate_status"":""unavailable"",""sales_estimate_hours"":""unavailable"",""sales_estimate_source"":""unavailable"",""title"":""observed"",""brand"":""observed"",""seller_name"":""observed"",""seller_score"":""observed"",""price"":""observed"",""original_price"":""unavailable"",""campaigns"":""observed"",""stock_status"":""observed"",""stock_signal"":""unavailable"",""rating"":""observed"",""rating_count"":""observed"",""review_count"":""observed"",""question_count"":""observed"",""delivery_summary"":""observed"",""shipping_cost"":""unavailable"",""properties"":""observed""}",true,
1311702897,M,9ba7f31fd9691f9aa4c93bd5859b0991,927791672:175525:1311702897:9ba7f31fd9691f9aa4c93bd5859b0991,21,merchantListing.winnerVariant.quantity,reported,2026-09-14T11:07:21.990Z,10,1,1,reported_total,"[{""merchant_id"":""175525"",""name"":""Miss Dünya Lissa"",""score"":8.6,""price"":729.99,""variant_id"":""1311702897"",""listing_id"":""9ba7f31fd9691f9aa4c93bd5859b0991"",""stock_quantity"":21}]","[{""variant_id"":""1311702897"",""label"":""M"",""in_stock"":true,""stock_quantity"":21,""selected"":true},{""variant_id"":""1311702895"",""label"":""L"",""in_stock"":true,""stock_quantity"":null,""selected"":false},{""variant_id"":""1311702894"",""label"":""XL"",""in_stock"":true,""stock_quantity"":null,""selected"":false},{""variant_id"":""1311702896"",""label"":""2XL"",""in_stock"":true,""stock_quantity"":null,""selected"":false}]",199,,,,,unchanged_stock,24.02,inventory_net_decrease,2026-09-14,2026-09-14T14:00:36+03:00,hamile,BEST_SELLER,hamile-elbise,hamile elbise,90,3,190,190,9,hamile:hamile-elbise,90,4,2.4,27.6,927791672,175525,927791672:175525,Miss Dünya Lissa Hamile ve Lohusa V Yaka Uzun Kol Dokuma Kumaş Elbise,Miss Dünya Lissa,,https://www.trendyol.com/miss-dunya-lissa/hamile-ve-lohusa-v-yaka-uzun-kol-dokuma-kumas-elbise-p-927791672?boutiqueId=61&merchantId=175525,Miss Dünya Lissa,8.6,729.99,,,0,TRY,"[""Kargo Bedava""]",InStock,,,,,,4.666666666666667,3,1,0,2,,,,,,0,,,,Tahmini Teslim:,,,{},0,,refreshed,"[""daily_top""]",true,2026-09-14T11:07:21.991Z,0,"[""search_result_dom"",""product_detail_jsonld"",""product_detail_dom""]","{""variant_id"":""observed"",""variant_label"":""observed"",""listing_id"":""observed"",""inventory_key"":""observed"",""stock_quantity"":""observed"",""stock_quantity_source"":""observed"",""stock_quantity_kind"":""observed"",""stock_observed_at"":""observed"",""max_sale_limit"":""observed"",""seller_count"":""observed"",""seller_count_observed"":""observed"",""seller_count_kind"":""observed"",""sellers"":""observed"",""variants"":""observed"",""favorite_count"":""observed"",""inventory_decrease"":""unavailable"",""sales_estimate_daily"":""unavailable"",""sales_estimate_weekly"":""unavailable"",""sales_estimate_monthly"":""unavailable"",""sales_estimate_status"":""unavailable"",""sales_estimate_hours"":""unavailable"",""sales_estimate_source"":""unavailable"",""title"":""observed"",""brand"":""observed"",""seller_name"":""observed"",""seller_score"":""observed"",""price"":""observed"",""original_price"":""unavailable"",""campaigns"":""observed"",""stock_status"":""observed"",""stock_signal"":""unavailable"",""rating"":""observed"",""rating_count"":""observed"",""review_count"":""observed"",""question_count"":""observed"",""delivery_summary"":""observed"",""shipping_cost"":""unavailable"",""properties"":""observed""}",true,
1184581446,M,57307f8a632cdb9b6d4aff2338bacb8d,869891861:175525:1184581446:57307f8a632cdb9b6d4aff2338bacb8d,39,merchantListing.winnerVariant.quantity,reported,2026-09-14T11:07:26.170Z,10,1,1,reported_total,"[{""merchant_id"":""175525"",""name"":""Miss Dünya Lissa"",""score"":8.6,""price"":829.99,""variant_id"":""1184581446"",""listing_id"":""57307f8a632cdb9b6d4aff2338bacb8d"",""stock_quantity"":39}]","[{""variant_id"":""1184581446"",""label"":""M"",""in_stock"":true,""stock_quantity"":39,""selected"":true},{""variant_id"":""1184581445"",""label"":""L"",""in_stock"":true,""stock_quantity"":null,""selected"":false},{""variant_id"":""1184581444"",""label"":""XL"",""in_stock"":true,""stock_quantity"":null,""selected"":false},{""variant_id"":""1184581447"",""label"":""2XL"",""in_stock"":true,""stock_quantity"":null,""selected"":false}]",2409,,,,,unchanged_stock,24.03,inventory_net_decrease,2026-09-14,2026-09-14T14:00:36+03:00,hamile,BEST_SELLER,hamile-elbise,hamile elbise,91,3,191,191,5,hamile:hamile-elbise,91,-15,10.6,19.4,869891861,175525,869891861:175525,Miss Dünya Lissa Siyah Hamile ve Lohusa Uzun Kol Saç Örgü Desen Midi Elbise,Miss Dünya Lissa,,https://www.trendyol.com/miss-dunya-lissa/siyah-hamile-ve-lohusa-uzun-kol-sac-orgu-desen-midi-elbise-p-869891861?boutiqueId=61&merchantId=175525,Miss Dünya Lissa,8.6,829.99,,,0,TRY,"[""Kargo Bedava""]",InStock,,,,,,4.282608695652174,46,20,0,29,,"2,4B kişi favoriledi",,,,0,,,,Tahmini Teslim:,,,{},0,,refreshed,"[""daily_top""]",true,2026-09-14T11:07:26.170Z,0,"[""search_result_dom"",""product_detail_jsonld"",""product_detail_dom""]","{""variant_id"":""observed"",""variant_label"":""observed"",""listing_id"":""observed"",""inventory_key"":""observed"",""stock_quantity"":""observed"",""stock_quantity_source"":""observed"",""stock_quantity_kind"":""observed"",""stock_observed_at"":""observed"",""max_sale_limit"":""observed"",""seller_count"":""observed"",""seller_count_observed"":""observed"",""seller_count_kind"":""observed"",""sellers"":""observed"",""variants"":""observed"",""favorite_count"":""observed"",""inventory_decrease"":""unavailable"",""sales_estimate_daily"":""unavailable"",""sales_estimate_weekly"":""unavailable"",""sales_estimate_monthly"":""unavailable"",""sales_estimate_status"":""unavailable"",""sales_estimate_hours"":""unavailable"",""sales_estimate_source"":""unavailable"",""title"":""observed"",""brand"":""observed"",""seller_name"":""observed"",""seller_score"":""observed"",""price"":""observed"",""original_price"":""unavailable"",""campaigns"":""observed"",""stock_status"":""observed"",""stock_signal"":""unavailable"",""rating"":""observed"",""rating_count"":""observed"",""review_count"":""observed"",""question_count"":""observed"",""delivery_summary"":""observed"",""shipping_cost"":""unavailable"",""properties"":""observed""}",true,
1237135440,S,bee36b854210cfe38330638b8fe410ec,890921403:126861:1237135440:bee36b854210cfe38330638b8fe410ec,58,merchantListing.winnerVariant.quantity,reported,2026-09-14T11:07:26.433Z,5,1,1,reported_total,"[{""merchant_id"":""126861"",""name"":""Penyemood"",""score"":9,""price"":877.54,""variant_id"":""1237135440"",""listing_id"":""bee36b854210cfe38330638b8fe410ec"",""stock_quantity"":58}]","[{""variant_id"":""1237135440"",""label"":""S"",""in_stock"":true,""stock_quantity"":58,""selected"":true},{""variant_id"":""1237135441"",""label"":""M"",""in_stock"":true,""stock_quantity"":null,""selected"":false},{""variant_id"":""1237135438"",""label"":""XL"",""in_stock"":true,""stock_quantity"":null,""selected"":false},{""variant_id"":""1237135442"",""label"":""L"",""in_stock"":false,""stock_quantity"":null,""selected"":false},{""variant_id"":""1237135439"",""label"":""2XL"",""in_stock"":false,""stock_quantity"":null,""selected"":false}]",3448,,,,,unchanged_stock,24.02,inventory_net_decrease,2026-09-14,2026-09-14T14:00:36+03:00,hamile,BEST_SELLER,hamile-elbise,hamile elbise,92,3,192,192,3,hamile:hamile-elbise,92,0,13.2,16.8,890921403,126861,890921403:126861,Catherines Lux Mood Hamile Elbisesi,Catherines,,https://www.trendyol.com/catherines/lux-mood-hamile-elbisesi-p-890921403?boutiqueId=61&merchantId=126861,Penyemood,9,877.54,,,0,TRY,"[""Kargo Bedava"",""Trendyol Plus'a Özel""]",InStock,,,,,,4.662790697674419,86,44,0,4,,"3,4B kişi favoriledi",,,,0,,,,9 saat 52 dakika içinde sipariş verirsen en geç yarın kargoda!,,,{},0,,refreshed,"[""daily_top""]",true,2026-09-14T11:07:26.433Z,0,"[""search_result_dom"",""product_detail_jsonld"",""product_detail_dom""]","{""variant_id"":""observed"",""variant_label"":""observed"",""listing_id"":""observed"",""inventory_key"":""observed"",""stock_quantity"":""observed"",""stock_quantity_source"":""observed"",""stock_quantity_kind"":""observed"",""stock_observed_at"":""observed"",""max_sale_limit"":""observed"",""seller_count"":""observed"",""seller_count_observed"":""observed"",""seller_count_kind"":""observed"",""sellers"":""observed"",""variants"":""observed"",""favorite_count"":""observed"",""inventory_decrease"":""unavailable"",""sales_estimate_daily"":""unavailable"",""sales_estimate_weekly"":""unavailable"",""sales_estimate_monthly"":""unavailable"",""sales_estimate_status"":""unavailable"",""sales_estimate_hours"":""unavailable"",""sales_estimate_source"":""unavailable"",""title"":""observed"",""brand"":""observed"",""seller_name"":""observed"",""seller_score"":""observed"",""price"":""observed"",""original_price"":""unavailable"",""campaigns"":""observed"",""stock_status"":""observed"",""stock_signal"":""unavailable"",""rating"":""observed"",""rating_count"":""observed"",""review_count"":""observed"",""question_count"":""observed"",""delivery_summary"":""observed"",""shipping_cost"":""unavailable"",""properties"":""observed""}",true,
1575775970,XL,0cc77ddb277db0738005abcd53c19675,1128331865:153578:1575775970:0cc77ddb277db0738005abcd53c19675,8,merchantListing.winnerVariant.quantity,reported,2026-09-14T11:07:26.441Z,10,1,1,reported_total,"[{""merchant_id"":""153578"",""name"":""benguen"",""score"":8.7,""price"":570.75,""variant_id"":""1575775970"",""listing_id"":""0cc77ddb277db0738005abcd53c19675"",""stock_quantity"":8}]","[{""variant_id"":""1575775970"",""label"":""XL"",""in_stock"":true,""stock_quantity"":8,""selected"":true},{""variant_id"":""1575778140"",""label"":""2XL"",""in_stock"":true,""stock_quantity"":null,""selected"":false},{""variant_id"":""1575778405"",""label"":""M"",""in_stock"":false,""stock_quantity"":null,""selected"":false},{""variant_id"":""1575779283"",""label"":""L"",""in_stock"":false,""stock_quantity"":null,""selected"":false}]",651,1,1,,,estimated,23.97,inventory_net_decrease,2026-09-14,2026-09-14T14:00:36+03:00,hamile,BEST_SELLER,hamile-elbise,hamile elbise,93,3,193,193,5,hamile:hamile-elbise,93,103,34.3,24.4,1128331865,153578,1128331865:153578,benguen Kolsuz İçlik Elbise N8102 Kahverengi,benguen,,https://www.trendyol.com/benguen/kolsuz-iclik-elbise-n8102-kahverengi-p-1128331865?boutiqueId=61&merchantId=153578,benguen,8.7,570.75,799.99,28.7,0,TRY,"[""Kargo Bedava"",""Son 10 Günün En Düşük Fiyatı"",""Trendyol Plus'a Özel""]",InStock,Tükeniyor,,,,,4.7272727272727275,11,4,0,8,,651 kişi favoriledi,,,,0,,,,9 saat 52 dakika içinde sipariş verirsen en geç yarın kargoda!,,,{},0,,refreshed,"[""daily_top"",""hot_change""]",true,2026-09-14T11:07:26.441Z,0,"[""search_result_dom"",""product_detail_jsonld"",""product_detail_dom""]","{""variant_id"":""observed"",""variant_label"":""observed"",""listing_id"":""observed"",""inventory_key"":""observed"",""stock_quantity"":""observed"",""stock_quantity_source"":""observed"",""stock_quantity_kind"":""observed"",""stock_observed_at"":""observed"",""max_sale_limit"":""observed"",""seller_count"":""observed"",""seller_count_observed"":""observed"",""seller_count_kind"":""observed"",""sellers"":""observed"",""variants"":""observed"",""favorite_count"":""observed"",""inventory_decrease"":""unavailable"",""sales_estimate_daily"":""unavailable"",""sales_estimate_weekly"":""unavailable"",""sales_estimate_monthly"":""unavailable"",""sales_estimate_status"":""unavailable"",""sales_estimate_hours"":""unavailable"",""sales_estimate_source"":""unavailable"",""title"":""observed"",""brand"":""observed"",""seller_name"":""observed"",""seller_score"":""observed"",""price"":""observed"",""original_price"":""observed"",""campaigns"":""observed"",""stock_status"":""observed"",""stock_signal"":""observed"",""rating"":""observed"",""rating_count"":""observed"",""review_count"":""observed"",""question_count"":""observed"",""delivery_summary"":""observed"",""shipping_cost"":""unavailable"",""properties"":""observed""}",true,
1129050013,38,aa1292f6cde41fe0295f7e822a1e23d8,839886722:262565:1129050013:aa1292f6cde41fe0295f7e822a1e23d8,5,merchantListing.winnerVariant.quantity,reported,2026-09-14T11:07:31.167Z,11,1,1,reported_total,"[{""merchant_id"":""262565"",""name"":""VOLANLI"",""score"":9.2,""price"":1340,""variant_id"":""1129050013"",""listing_id"":""aa1292f6cde41fe0295f7e822a1e23d8"",""stock_quantity"":5}]","[{""variant_id"":""1129050019"",""label"":""36"",""in_stock"":true,""stock_quantity"":null,""selected"":false},{""variant_id"":""1129050013"",""label"":""38"",""in_stock"":true,""stock_quantity"":5,""selected"":true},{""variant_id"":""1129050002"",""label"":""40"",""in_stock"":false,""stock_quantity"":null,""selected"":false},{""variant_id"":""1129050003"",""label"":""44"",""in_stock"":false,""stock_quantity"":null,""selected"":false},{""variant_id"":""1129050004"",""label"":""42"",""in_stock"":false,""stock_quantity"":null,""selected"":false}]",1332,,,,,identity_changed_or_unknown,,inventory_net_decrease,2026-09-14,2026-09-14T14:00:36+03:00,hamile,BEST_SELLER,hamile-elbise,hamile elbise,94,3,194,194,4,hamile:hamile-elbise,94,-1,10.6,19.4,839886722,262565,839886722:262565,Volanlı Jile Elbise,Volanlı,,https://www.trendyol.com/volanli/jile-elbise-p-839886722?boutiqueId=61&merchantId=262565,VOLANLI,9.2,1340,,,0,TRY,"[""50 TL Kupon"",""Kargo Bedava"",""Peşin Fiyatına 3 Taksit""]",InStock,Tükeniyor,,,,,4.7407407407407405,27,20,0,22,,"1,3B kişi favoriledi",,,,0,,,,9 saat 52 dakika içinde sipariş verirsen en geç yarın kargoda!,,,{},0,,refreshed,"[""daily_top""]",true,2026-09-14T11:07:31.168Z,0,"[""search_result_dom"",""product_detail_jsonld"",""product_detail_dom""]","{""variant_id"":""observed"",""variant_label"":""observed"",""listing_id"":""observed"",""inventory_key"":""observed"",""stock_quantity"":""observed"",""stock_quantity_source"":""observed"",""stock_quantity_kind"":""observed"",""stock_observed_at"":""observed"",""max_sale_limit"":""observed"",""seller_count"":""observed"",""seller_count_observed"":""observed"",""seller_count_kind"":""observed"",""sellers"":""observed"",""variants"":""observed"",""favorite_count"":""observed"",""inventory_decrease"":""unavailable"",""sales_estimate_daily"":""unavailable"",""sales_estimate_weekly"":""unavailable"",""sales_estimate_monthly"":""unavailable"",""sales_estimate_status"":""unavailable"",""sales_estimate_hours"":""unavailable"",""sales_estimate_source"":""unavailable"",""title"":""observed"",""brand"":""observed"",""seller_name"":""observed"",""seller_score"":""observed"",""price"":""observed"",""original_price"":""unavailable"",""campaigns"":""observed"",""stock_status"":""observed"",""stock_signal"":""observed"",""rating"":""observed"",""rating_count"":""observed"",""review_count"":""observed"",""question_count"":""observed"",""delivery_summary"":""observed"",""shipping_cost"":""unavailable"",""properties"":""observed""}",true,
166653293,S,049a33a196ff50b0072c16b028a8d081,100304593:346762:166653293:049a33a196ff50b0072c16b028a8d081,6,merchantListing.winnerVariant.quantity,reported,2026-09-14T11:07:31.093Z,10,1,1,reported_total,"[{""merchant_id"":""346762"",""name"":""ADA STYLE"",""score"":9.3,""price"":1349.9,""variant_id"":""166653293"",""listing_id"":""049a33a196ff50b0072c16b028a8d081"",""stock_quantity"":6}]","[{""variant_id"":""166653293"",""label"":""S"",""in_stock"":true,""stock_quantity"":6,""selected"":true},{""variant_id"":""166665675"",""label"":""M"",""in_stock"":true,""stock_quantity"":null,""selected"":false},{""variant_id"":""166665690"",""label"":""L"",""in_stock"":true,""stock_quantity"":null,""selected"":false},{""variant_id"":""166665670"",""label"":""XL"",""in_stock"":true,""stock_quantity"":null,""selected"":false},{""variant_id"":""166665677"",""label"":""2XL"",""in_stock"":true,""stock_quantity"":null,""selected"":false},{""variant_id"":""166665687"",""label"":""3XL"",""in_stock"":true,""stock_quantity"":null,""selected"":false},{""variant_id"":""1170485234"",""label"":""4XL"",""in_stock"":true,""stock_quantity"":null,""selected"":false},{""variant_id"":""1170485233"",""label"":""5XL"",""in_stock"":true,""stock_quantity"":null,""selected"":false}]",1393,,,,,unchanged_stock,24.02,inventory_net_decrease,2026-09-14,2026-09-14T14:00:36+03:00,hamile,BEST_SELLER,hamile-elbise,hamile elbise,95,3,195,195,16,hamile:hamile-elbise,95,1,12.5,17.5,100304593,346762,100304593:346762,ADASTYLE Kadın Bebe Mavisi Yaka Elbise,ADASTYLE,,https://www.trendyol.com/adastyle/kadin-bebe-mavisi-yaka-elbise-p-100304593?boutiqueId=61&merchantId=346762,ADA STYLE,9.3,1349.9,,,0,TRY,"[""Kargo Bedava"",""Sepette %1 İndirim"",""Peşin Fiyatına 3 Taksit""]",InStock,Tükeniyor,,,,,4.6415094339622645,53,36,0,48,,"1,3B kişi favoriledi",,,,0,,,,9 saat 52 dakika içinde sipariş verirsen en geç yarın kargoda!,,,{},0,,refreshed,"[""daily_top""]",true,2026-09-14T11:07:31.093Z,0,"[""search_result_dom"",""product_detail_jsonld"",""product_detail_dom""]","{""variant_id"":""observed"",""variant_label"":""observed"",""listing_id"":""observed"",""inventory_key"":""observed"",""stock_quantity"":""observed"",""stock_quantity_source"":""observed"",""stock_quantity_kind"":""observed"",""stock_observed_at"":""observed"",""max_sale_limit"":""observed"",""seller_count"":""observed"",""seller_count_observed"":""observed"",""seller_count_kind"":""observed"",""sellers"":""observed"",""variants"":""observed"",""favorite_count"":""observed"",""inventory_decrease"":""unavailable"",""sales_estimate_daily"":""unavailable"",""sales_estimate_weekly"":""unavailable"",""sales_estimate_monthly"":""unavailable"",""sales_estimate_status"":""unavailable"",""sales_estimate_hours"":""unavailable"",""sales_estimate_source"":""unavailable"",""title"":""observed"",""brand"":""observed"",""seller_name"":""observed"",""seller_score"":""observed"",""price"":""observed"",""original_price"":""unavailable"",""campaigns"":""observed"",""stock_status"":""observed"",""stock_signal"":""observed"",""rating"":""observed"",""rating_count"":""observed"",""review_count"":""observed"",""question_count"":""observed"",""delivery_summary"":""observed"",""shipping_cost"":""unavailable"",""properties"":""observed""}",true,
1657731552,4XL,2ecd9caf6fb055470dbafd87c9c043fe,1182302171:157030:1657731552:2ecd9caf6fb055470dbafd87c9c043fe,4,merchantListing.winnerVariant.quantity,reported,2026-09-14T11:07:30.979Z,10,1,1,reported_total,"[{""merchant_id"":""157030"",""name"":""SUDENAZ TEKSTİL"",""score"":8.8,""price"":689,""variant_id"":""1657731552"",""listing_id"":""2ecd9caf6fb055470dbafd87c9c043fe"",""stock_quantity"":4}]","[{""variant_id"":""1657731552"",""label"":""4XL"",""in_stock"":true,""stock_quantity"":4,""selected"":true},{""variant_id"":""1657731558"",""label"":""XL"",""in_stock"":false,""stock_quantity"":null,""selected"":false},{""variant_id"":""1657731555"",""label"":""2XL"",""in_stock"":false,""stock_quantity"":null,""selected"":false},{""variant_id"":""1657731557"",""label"":""3XL"",""in_stock"":false,""stock_quantity"":null,""selected"":false}]",519,2,2,,,estimated,24.01,inventory_net_decrease,2026-09-14,2026-09-14T14:00:36+03:00,hamile,BEST_SELLER,hamile-elbise,hamile elbise,96,3,196,196,13,hamile:hamile-elbise,96,30,5.6,24.4,1182302171,157030,1182302171:157030,SENTEX Geniş kısa kollu desenli kadın elbisesi,SENTEX,,https://www.trendyol.com/sentex/genis-kisa-kollu-desenli-kadin-elbisesi-p-1182302171?boutiqueId=61&merchantId=157030,SUDENAZ TEKSTİL,8.8,689,,,0,TRY,"[""Kargo Bedava""]",InStock,Tükeniyor,,,,,4.555555555555555,9,4,0,9,,520 kişi favoriledi,,,,0,,,,9 saat 52 dakika içinde sipariş verirsen en geç yarın kargoda!,,,{},0,,refreshed,"[""daily_top""]",true,2026-09-14T11:07:30.979Z,0,"[""search_result_dom"",""product_detail_jsonld"",""product_detail_dom""]","{""variant_id"":""observed"",""variant_label"":""observed"",""listing_id"":""observed"",""inventory_key"":""observed"",""stock_quantity"":""observed"",""stock_quantity_source"":""observed"",""stock_quantity_kind"":""observed"",""stock_observed_at"":""observed"",""max_sale_limit"":""observed"",""seller_count"":""observed"",""seller_count_observed"":""observed"",""seller_count_kind"":""observed"",""sellers"":""observed"",""variants"":""observed"",""favorite_count"":""observed"",""inventory_decrease"":""unavailable"",""sales_estimate_daily"":""unavailable"",""sales_estimate_weekly"":""unavailable"",""sales_estimate_monthly"":""unavailable"",""sales_estimate_status"":""unavailable"",""sales_estimate_hours"":""unavailable"",""sales_estimate_source"":""unavailable"",""title"":""observed"",""brand"":""observed"",""seller_name"":""observed"",""seller_score"":""observed"",""price"":""observed"",""original_price"":""unavailable"",""campaigns"":""observed"",""stock_status"":""observed"",""stock_signal"":""observed"",""rating"":""observed"",""rating_count"":""observed"",""review_count"":""observed"",""question_count"":""observed"",""delivery_summary"":""observed"",""shipping_cost"":""unavailable"",""properties"":""observed""}",true,
1626853808,2XL,ddc319dd98628ecf3bcd9656c0998953,1162320290:157030:1626853808:ddc319dd98628ecf3bcd9656c0998953,4,merchantListing.winnerVariant.quantity,reported,2026-09-14T11:07:35.816Z,11,1,1,reported_total,"[{""merchant_id"":""157030"",""name"":""SUDENAZ TEKSTİL"",""score"":8.8,""price"":679,""variant_id"":""1626853808"",""listing_id"":""ddc319dd98628ecf3bcd9656c0998953"",""stock_quantity"":4}]","[{""variant_id"":""1626853808"",""label"":""2XL"",""in_stock"":true,""stock_quantity"":4,""selected"":true},{""variant_id"":""1626853810"",""label"":""3XL"",""in_stock"":true,""stock_quantity"":null,""selected"":false},{""variant_id"":""1626853807"",""label"":""4XL"",""in_stock"":true,""stock_quantity"":null,""selected"":false},{""variant_id"":""1626853809"",""label"":""XL"",""in_stock"":false,""stock_quantity"":null,""selected"":false}]",410,1,1,,,estimated,24.01,inventory_net_decrease,2026-09-14,2026-09-14T14:00:36+03:00,hamile,BEST_SELLER,hamile-elbise,hamile elbise,97,3,197,197,13,hamile:hamile-elbise,97,30,4.8,25.2,1162320290,157030,1162320290:157030,SENTEX Geniş kısa kollu desenli kadın elbisesi,SENTEX,,https://www.trendyol.com/sentex/genis-kisa-kollu-desenli-kadin-elbisesi-p-1162320290?boutiqueId=61&merchantId=157030,SUDENAZ TEKSTİL,8.8,679,,,0,TRY,"[""Kargo Bedava""]",InStock,Tükeniyor,,,,,4.4,5,3,0,8,,415 kişi favoriledi,,,,0,,,,9 saat 52 dakika içinde sipariş verirsen en geç yarın kargoda!,,,{},0,,refreshed,"[""daily_top""]",true,2026-09-14T11:07:35.816Z,0,"[""search_result_dom"",""product_detail_jsonld"",""product_detail_dom""]","{""variant_id"":""observed"",""variant_label"":""observed"",""listing_id"":""observed"",""inventory_key"":""observed"",""stock_quantity"":""observed"",""stock_quantity_source"":""observed"",""stock_quantity_kind"":""observed"",""stock_observed_at"":""observed"",""max_sale_limit"":""observed"",""seller_count"":""observed"",""seller_count_observed"":""observed"",""seller_count_kind"":""observed"",""sellers"":""observed"",""variants"":""observed"",""favorite_count"":""observed"",""inventory_decrease"":""unavailable"",""sales_estimate_daily"":""unavailable"",""sales_estimate_weekly"":""unavailable"",""sales_estimate_monthly"":""unavailable"",""sales_estimate_status"":""unavailable"",""sales_estimate_hours"":""unavailable"",""sales_estimate_source"":""unavailable"",""title"":""observed"",""brand"":""observed"",""seller_name"":""observed"",""seller_score"":""observed"",""price"":""observed"",""original_price"":""unavailable"",""campaigns"":""observed"",""stock_status"":""observed"",""stock_signal"":""observed"",""rating"":""observed"",""rating_count"":""observed"",""review_count"":""observed"",""question_count"":""observed"",""delivery_summary"":""observed"",""shipping_cost"":""unavailable"",""properties"":""observed""}",true,
1549805222,M,26b61ce1cf12beb4d486c1b9f2945078,1114087432:987100:1549805222:26b61ce1cf12beb4d486c1b9f2945078,12952,merchantListing.winnerVariant.quantity,reported,2026-09-14T11:07:35.648Z,10,1,1,reported_total,"[{""merchant_id"":""987100"",""name"":""Lohusa Center"",""score"":9.4,""price"":3199.9,""variant_id"":""1549805222"",""listing_id"":""26b61ce1cf12beb4d486c1b9f2945078"",""stock_quantity"":12952}]","[{""variant_id"":""1549805222"",""label"":""M"",""in_stock"":true,""stock_quantity"":12952,""selected"":true},{""variant_id"":""1549805711"",""label"":""L"",""in_stock"":true,""stock_quantity"":null,""selected"":false},{""variant_id"":""1549803878"",""label"":""XL"",""in_stock"":true,""stock_quantity"":null,""selected"":false},{""variant_id"":""1549805435"",""label"":""2XL"",""in_stock"":true,""stock_quantity"":null,""selected"":false}]",3982,,,,,unchanged_stock,24.02,inventory_net_decrease,2026-09-14,2026-09-14T14:00:36+03:00,hamile,BEST_SELLER,hamile-elbise,hamile elbise,98,3,198,198,3,hamile:hamile-elbise,98,3,7.6,22.4,1114087432,987100,1114087432:987100,Lohussa Yeni Sezon Ekru Özel Dantel Detaylı Tasarım % 100 Pamuk Lohusa Hamile Sabahlık Pijama Takımı Seti,Lohussa,,https://www.trendyol.com/lohussa/yeni-sezon-ekru-ozel-dantel-detayli-tasarim-100-pamuk-lohusa-hamile-sabahlik-pijama-takimi-seti-p-1114087432?boutiqueId=61&merchantId=987100,Lohusa Center,9.4,3199.9,,,0,TRY,"[""Kargo Bedava"",""Sepette %5 İndirim"",""Peşin Fiyatına 3 Taksit"",""Trendyol Plus'a Özel""]",InStock,,,,,,4.1,10,8,0,27,,4B kişi favoriledi,,,,0,,,,9 saat 52 dakika içinde sipariş verirsen en geç yarın kargoda!,,,{},0,,refreshed,"[""daily_top""]",true,2026-09-14T11:07:35.649Z,0,"[""search_result_dom"",""product_detail_jsonld"",""product_detail_dom""]","{""variant_id"":""observed"",""variant_label"":""observed"",""listing_id"":""observed"",""inventory_key"":""observed"",""stock_quantity"":""observed"",""stock_quantity_source"":""observed"",""stock_quantity_kind"":""observed"",""stock_observed_at"":""observed"",""max_sale_limit"":""observed"",""seller_count"":""observed"",""seller_count_observed"":""observed"",""seller_count_kind"":""observed"",""sellers"":""observed"",""variants"":""observed"",""favorite_count"":""observed"",""inventory_decrease"":""unavailable"",""sales_estimate_daily"":""unavailable"",""sales_estimate_weekly"":""unavailable"",""sales_estimate_monthly"":""unavailable"",""sales_estimate_status"":""unavailable"",""sales_estimate_hours"":""unavailable"",""sales_estimate_source"":""unavailable"",""title"":""observed"",""brand"":""observed"",""seller_name"":""observed"",""seller_score"":""observed"",""price"":""observed"",""original_price"":""unavailable"",""campaigns"":""observed"",""stock_status"":""observed"",""stock_signal"":""unavailable"",""rating"":""observed"",""rating_count"":""observed"",""review_count"":""observed"",""question_count"":""observed"",""delivery_summary"":""observed"",""shipping_cost"":""unavailable"",""properties"":""observed""}",true,
1059540125,S,5a2943f565ae40c8a1a0c76f5a43b05b,797270954:108216:1059540125:5a2943f565ae40c8a1a0c76f5a43b05b,113,merchantListing.winnerVariant.quantity,reported,2026-09-14T11:07:35.783Z,10,1,1,reported_total,"[{""merchant_id"":""108216"",""name"":""Artış Collection"",""score"":9.1,""price"":2973.05,""variant_id"":""1059540125"",""listing_id"":""5a2943f565ae40c8a1a0c76f5a43b05b"",""stock_quantity"":113}]","[{""variant_id"":""1059540125"",""label"":""S"",""in_stock"":true,""stock_quantity"":113,""selected"":true},{""variant_id"":""1059540124"",""label"":""M"",""in_stock"":true,""stock_quantity"":null,""selected"":false},{""variant_id"":""1059540119"",""label"":""L"",""in_stock"":true,""stock_quantity"":null,""selected"":false},{""variant_id"":""1059540121"",""label"":""XL"",""in_stock"":true,""stock_quantity"":null,""selected"":false}]",16660,,,,,unchanged_stock,24.06,inventory_net_decrease,2026-09-14,2026-09-14T14:00:36+03:00,hamile,BEST_SELLER,hamile-elbise,hamile elbise,99,3,199,199,2,hamile:hamile-elbise,99,-89,16.5,13.5,797270954,108216,797270954:108216,Artış Kısa Kollu Esnek Viskoz Hamile Sabahlık Gecelik Takım,Artış,,https://www.trendyol.com/artis/kisa-kollu-esnek-viskoz-hamile-sabahlik-gecelik-takim-p-797270954?boutiqueId=61&merchantId=108216,Artış Collection,9.1,2973.05,,,0,TRY,"[""100 TL Kupon"",""Kargo Bedava"",""Peşin Fiyatına 3 Taksit""]",InStock,,,,,,4.268292682926829,205,115,0,27,,"16,6B kişi favoriledi",,,,0,,,,Tahmini Teslim:,En Çok Favorilenen 3. Ürün,,{},0,,refreshed,"[""daily_top"",""hot_change""]",true,2026-09-14T11:07:35.783Z,0,"[""search_result_dom"",""product_detail_jsonld"",""product_detail_dom""]","{""variant_id"":""observed"",""variant_label"":""observed"",""listing_id"":""observed"",""inventory_key"":""observed"",""stock_quantity"":""observed"",""stock_quantity_source"":""observed"",""stock_quantity_kind"":""observed"",""stock_observed_at"":""observed"",""max_sale_limit"":""observed"",""seller_count"":""observed"",""seller_count_observed"":""observed"",""seller_count_kind"":""observed"",""sellers"":""observed"",""variants"":""observed"",""favorite_count"":""observed"",""inventory_decrease"":""unavailable"",""sales_estimate_daily"":""unavailable"",""sales_estimate_weekly"":""unavailable"",""sales_estimate_monthly"":""unavailable"",""sales_estimate_status"":""unavailable"",""sales_estimate_hours"":""unavailable"",""sales_estimate_source"":""unavailable"",""title"":""observed"",""brand"":""observed"",""seller_name"":""observed"",""seller_score"":""observed"",""price"":""observed"",""original_price"":""unavailable"",""campaigns"":""observed"",""stock_status"":""observed"",""stock_signal"":""unavailable"",""rating"":""observed"",""rating_count"":""observed"",""review_count"":""observed"",""question_count"":""observed"",""delivery_summary"":""observed"",""shipping_cost"":""unavailable"",""properties"":""observed""}",true,
1227737535,S,0810ba4da2706a6643a02f0d2aa5649f,885457711:126861:1227737535:0810ba4da2706a6643a02f0d2aa5649f,35,merchantListing.winnerVariant.quantity,reported,2026-09-14T11:07:40.220Z,10,1,1,reported_total,"[{""merchant_id"":""126861"",""name"":""Penyemood"",""score"":9,""price"":899,""variant_id"":""1227737535"",""listing_id"":""0810ba4da2706a6643a02f0d2aa5649f"",""stock_quantity"":35}]","[{""variant_id"":""1227737535"",""label"":""S"",""in_stock"":true,""stock_quantity"":35,""selected"":true},{""variant_id"":""1227737536"",""label"":""M"",""in_stock"":false,""stock_quantity"":null,""selected"":false},{""variant_id"":""1227737532"",""label"":""L"",""in_stock"":false,""stock_quantity"":null,""selected"":false}]",6242,,,,,observation_gap,,inventory_net_decrease,2026-09-14,2026-09-14T14:00:36+03:00,hamile,BEST_SELLER,hamile-elbise,hamile elbise,100,3,200,200,,hamile:hamile-elbise,100,14,12.4,17.6,885457711,126861,885457711:126861,Catherines Lux mood hamile elbisesi-2351,Catherines,Hamile Gecelik,https://www.trendyol.com/catherines/lux-mood-hamile-elbisesi-2351-p-885457711?boutiqueId=61&merchantId=126861,Penyemood,9,899,,,0,TRY,"[""Kargo Bedava"",""Trendyol Plus'a Özel""]",InStock,,,,,,4.7875,80,34,0,7,,"6,2B kişi favoriledi",,4999,TRY,0,1,1,3,9 saat 52 dakika içinde sipariş verirsen en geç yarın kargoda!,,https://cdn.dsmcdn.com/ty1615/prod/QC/20241218/14/3981335a-1ecd-3947-86f8-f3deea27a89d/1_org_zoom.jpg,"{""Desen"":""Desenli"",""Materyal"":""Viskon"",""Kol Tipi"":""Askılı"",""Renk"":""Bej"",""Yıkama Talimatı"":""Type 1"",""Kumaş Tipi"":""Belirtilmemiş"",""Boy"":""Standart"",""Siluet"":""Slim"",""Kalıp"":""Slim"",""Kol Boyu"":""Askılı"",""Sürdürülebilirlik Detayı"":""Hayır"",""Ortam"":""Hamile Giyim""}",20,5,refreshed,"[""daily_top""]",true,2026-09-14T11:07:40.221Z,0,"[""search_result_dom"",""product_detail_jsonld"",""product_detail_dom""]","{""variant_id"":""observed"",""variant_label"":""observed"",""listing_id"":""observed"",""inventory_key"":""observed"",""stock_quantity"":""observed"",""stock_quantity_source"":""observed"",""stock_quantity_kind"":""observed"",""stock_observed_at"":""observed"",""max_sale_limit"":""observed"",""seller_count"":""observed"",""seller_count_observed"":""observed"",""seller_count_kind"":""observed"",""sellers"":""observed"",""variants"":""observed"",""favorite_count"":""observed"",""inventory_decrease"":""unavailable"",""sales_estimate_daily"":""unavailable"",""sales_estimate_weekly"":""unavailable"",""sales_estimate_monthly"":""unavailable"",""sales_estimate_status"":""unavailable"",""sales_estimate_hours"":""unavailable"",""sales_estimate_source"":""unavailable"",""title"":""observed"",""brand"":""observed"",""seller_name"":""observed"",""seller_score"":""observed"",""price"":""observed"",""original_price"":""unavailable"",""campaigns"":""observed"",""stock_status"":""observed"",""stock_signal"":""unavailable"",""rating"":""observed"",""rating_count"":""observed"",""review_count"":""observed"",""question_count"":""observed"",""delivery_summary"":""observed"",""shipping_cost"":""observed"",""properties"":""observed""}",true,
1546869671,M,5bc2e549b639c4702879439a5411aea0,1112253861:235613:1546869671:5bc2e549b639c4702879439a5411aea0,11994,merchantListing.winnerVariant.quantity,reported,2026-09-14T11:07:40.575Z,10,2,2,reported_total,"[{""merchant_id"":""235613"",""name"":""Lohussa"",""score"":9.1,""price"":2899.9,""variant_id"":""1546869671"",""listing_id"":""5bc2e549b639c4702879439a5411aea0"",""stock_quantity"":11994},{""merchant_id"":""987100"",""name"":""Lohusa Center"",""score"":9.4,""price"":3099.9,""variant_id"":""1546869671"",""listing_id"":""2f8be7331879bd0bc4d8b31216322a69"",""stock_quantity"":11992}]","[{""variant_id"":""1546869671"",""label"":""M"",""in_stock"":true,""stock_quantity"":11994,""selected"":true},{""variant_id"":""1546855930"",""label"":""L"",""in_stock"":true,""stock_quantity"":null,""selected"":false},{""variant_id"":""1546872835"",""label"":""XL"",""in_stock"":true,""stock_quantity"":null,""selected"":false},{""variant_id"":""1546875069"",""label"":""2XL"",""in_stock"":true,""stock_quantity"":null,""selected"":false}]",1986,,,,,unchanged_stock,24.03,inventory_net_decrease,2026-09-14,2026-09-14T14:00:36+03:00,hamile,BEST_SELLER,hamile-elbise,hamile elbise,101,3,201,201,,hamile:hamile-elbise,101,-18,6.8,23.2,1112253861,235613,1112253861:235613,Lohussa Yeni Sezon Ekru Dantelli Yazlık Özel Tasarım %100 Pamuk Hamile Lohusa Sabahlık Pijama Takımı Set,Lohussa,Hamile Pijama Takımı,https://www.trendyol.com/lohussa/yeni-sezon-ekru-dantelli-yazlik-ozel-tasarim-100-pamuk-hamile-lohusa-sabahlik-pijama-takimi-set-p-1112253861?boutiqueId=61&merchantId=235613,Lohussa,9.1,2899.9,,,0,TRY,"[""Sepette %2 İndirim"",""Kargo Bedava"",""Peşin Fiyatına 3 Taksit"",""Trendyol Plus'a Özel""]",InStock,,,,,,5,12,6,0,25,,"1,9B kişi favoriledi",,4999,TRY,0,1,1,3,9 saat 52 dakika içinde sipariş verirsen en geç yarın kargoda!,,https://cdn.dsmcdn.com/ty1846/prod/QC_ENRICHMENT/20260327/00/363e6346-8aa0-37ed-a9fc-5c2d55292fb3/1_org_zoom.jpg,"{""Paça Boyu"":""Uzun"",""Sürdürülebilirlik Detayı"":""Evet"",""Materyal"":""%100 Pamuk"",""Kol Tipi"":""Kısa Kol"",""Desen"":""Düz"",""Yaka Tipi"":""Bisiklet Yaka"",""Renk"":""Ekru"",""Materyal Bileşeni"":""%100 PAMUK"",""Koleksiyon"":""Hamile"",""Yıkama Talimatı"":""T44"",""Kumaş Tipi"":""Örme"",""Boy"":""177"",""Kalıp"":""Regular"",""Paça Tipi"":""Regular"",""Kol Boyu"":""Kısa"",""Ortam"":""Hamile Giyim"",""Paket İçeriği"":""3'lü"",""Bel"":""71"",""Menşei"":""TR""}",6,5,refreshed,"[""daily_top""]",true,2026-09-14T11:07:40.575Z,0,"[""search_result_dom"",""product_detail_jsonld"",""product_detail_dom""]","{""variant_id"":""observed"",""variant_label"":""observed"",""listing_id"":""observed"",""inventory_key"":""observed"",""stock_quantity"":""observed"",""stock_quantity_source"":""observed"",""stock_quantity_kind"":""observed"",""stock_observed_at"":""observed"",""max_sale_limit"":""observed"",""seller_count"":""observed"",""seller_count_observed"":""observed"",""seller_count_kind"":""observed"",""sellers"":""observed"",""variants"":""observed"",""favorite_count"":""observed"",""inventory_decrease"":""unavailable"",""sales_estimate_daily"":""unavailable"",""sales_estimate_weekly"":""unavailable"",""sales_estimate_monthly"":""unavailable"",""sales_estimate_status"":""unavailable"",""sales_estimate_hours"":""unavailable"",""sales_estimate_source"":""unavailable"",""title"":""observed"",""brand"":""observed"",""seller_name"":""observed"",""seller_score"":""observed"",""price"":""observed"",""original_price"":""unavailable"",""campaigns"":""observed"",""stock_status"":""observed"",""stock_signal"":""unavailable"",""rating"":""observed"",""rating_count"":""observed"",""review_count"":""observed"",""question_count"":""observed"",""delivery_summary"":""observed"",""shipping_cost"":""observed"",""properties"":""observed""}",true,
1586835057,M,c032274205199d736260ef1eb00c84dd,1135661164:175525:1586835057:c032274205199d736260ef1eb00c84dd,19,merchantListing.winnerVariant.quantity,reported,2026-09-14T11:07:40.389Z,10,1,1,reported_total,"[{""merchant_id"":""175525"",""name"":""Miss Dünya Lissa"",""score"":8.6,""price"":979.99,""variant_id"":""1586835057"",""listing_id"":""c032274205199d736260ef1eb00c84dd"",""stock_quantity"":19}]","[{""variant_id"":""1586835057"",""label"":""M"",""in_stock"":true,""stock_quantity"":19,""selected"":true},{""variant_id"":""1586833573"",""label"":""L"",""in_stock"":true,""stock_quantity"":null,""selected"":false},{""variant_id"":""1586830074"",""label"":""XL"",""in_stock"":true,""stock_quantity"":null,""selected"":false},{""variant_id"":""1586834406"",""label"":""2XL"",""in_stock"":true,""stock_quantity"":null,""selected"":false}]",1958,1,1,,,estimated,24.02,inventory_net_decrease,2026-09-14,2026-09-14T14:00:36+03:00,hamile,BEST_SELLER,hamile-elbise,hamile elbise,102,3,202,202,6,hamile:hamile-elbise,102,1,5.6,24.4,1135661164,175525,1135661164:175525,Miss Dünya Lissa Puantiyeli V Yaka Emzirme Kolaylığı Sağlayan Kuşaklı Lohusa Sabahlık Askılı Gecelik Seti,Miss Dünya Lissa,,https://www.trendyol.com/miss-dunya-lissa/puantiyeli-v-yaka-emzirme-kolayligi-saglayan-kusakli-lohusa-sabahlik-askili-gecelik-seti-p-1135661164?boutiqueId=61&merchantId=175525,Miss Dünya Lissa,8.6,979.99,,,0,TRY,"[""Kargo Bedava""]",InStock,,,,,,4,9,4,0,11,,"1,9B kişi favoriledi",,,,0,,,,Tahmini Teslim:,,,{},0,,refreshed,"[""daily_top""]",true,2026-09-14T11:07:40.390Z,0,"[""search_result_dom"",""product_detail_jsonld"",""product_detail_dom""]","{""variant_id"":""observed"",""variant_label"":""observed"",""listing_id"":""observed"",""inventory_key"":""observed"",""stock_quantity"":""observed"",""stock_quantity_source"":""observed"",""stock_quantity_kind"":""observed"",""stock_observed_at"":""observed"",""max_sale_limit"":""observed"",""seller_count"":""observed"",""seller_count_observed"":""observed"",""seller_count_kind"":""observed"",""sellers"":""observed"",""variants"":""observed"",""favorite_count"":""observed"",""inventory_decrease"":""unavailable"",""sales_estimate_daily"":""unavailable"",""sales_estimate_weekly"":""unavailable"",""sales_estimate_monthly"":""unavailable"",""sales_estimate_status"":""unavailable"",""sales_estimate_hours"":""unavailable"",""sales_estimate_source"":""unavailable"",""title"":""observed"",""brand"":""observed"",""seller_name"":""observed"",""seller_score"":""observed"",""price"":""observed"",""original_price"":""unavailable"",""campaigns"":""observed"",""stock_status"":""observed"",""stock_signal"":""unavailable"",""rating"":""observed"",""rating_count"":""observed"",""review_count"":""observed"",""question_count"":""observed"",""delivery_summary"":""observed"",""shipping_cost"":""unavailable"",""properties"":""observed""}",true,
887052492,S,2056747a036cccb7ac4d3d1cc94aa929,670364054:108216:887052492:2056747a036cccb7ac4d3d1cc94aa929,44,merchantListing.winnerVariant.quantity,reported,2026-09-14T11:07:45.431Z,10,1,1,reported_total,"[{""merchant_id"":""108216"",""name"":""Artış Collection"",""score"":9.1,""price"":2656.39,""variant_id"":""887052492"",""listing_id"":""2056747a036cccb7ac4d3d1cc94aa929"",""stock_quantity"":44}]","[{""variant_id"":""887052492"",""label"":""S"",""in_stock"":true,""stock_quantity"":44,""selected"":true},{""variant_id"":""887052628"",""label"":""M"",""in_stock"":true,""stock_quantity"":null,""selected"":false},{""variant_id"":""887052573"",""label"":""L"",""in_stock"":true,""stock_quantity"":null,""selected"":false},{""variant_id"":""886938510"",""label"":""XL"",""in_stock"":true,""stock_quantity"":null,""selected"":false}]",2839,,,,,unchanged_stock,24.03,inventory_net_decrease,2026-09-14,2026-09-14T14:00:36+03:00,hamile,BEST_SELLER,hamile-elbise,hamile elbise,103,3,203,203,5,hamile:hamile-elbise,103,-23,10.9,19.1,670364054,108216,670364054:108216,Artış Düğmeli Kısa Kollu Esnek Viskoz Hamile Gecelik Sabahlık Takım 14406,Artış,,https://www.trendyol.com/artis/dugmeli-kisa-kollu-esnek-viskoz-hamile-gecelik-sabahlik-takim-14406-p-670364054?boutiqueId=61&merchantId=108216,Artış Collection,9.1,2656.39,,,0,TRY,"[""100 TL Kupon"",""Kargo Bedava"",""Peşin Fiyatına 3 Taksit""]",InStock,,,,,,4.620689655172414,29,22,0,11,,"2,8B kişi favoriledi",,,,0,,,,Tahmini Teslim:,,,{},0,,refreshed,"[""daily_top""]",true,2026-09-14T11:07:45.431Z,0,"[""search_result_dom"",""product_detail_jsonld"",""product_detail_dom""]","{""variant_id"":""observed"",""variant_label"":""observed"",""listing_id"":""observed"",""inventory_key"":""observed"",""stock_quantity"":""observed"",""stock_quantity_source"":""observed"",""stock_quantity_kind"":""observed"",""stock_observed_at"":""observed"",""max_sale_limit"":""observed"",""seller_count"":""observed"",""seller_count_observed"":""observed"",""seller_count_kind"":""observed"",""sellers"":""observed"",""variants"":""observed"",""favorite_count"":""observed"",""inventory_decrease"":""unavailable"",""sales_estimate_daily"":""unavailable"",""sales_estimate_weekly"":""unavailable"",""sales_estimate_monthly"":""unavailable"",""sales_estimate_status"":""unavailable"",""sales_estimate_hours"":""unavailable"",""sales_estimate_source"":""unavailable"",""title"":""observed"",""brand"":""observed"",""seller_name"":""observed"",""seller_score"":""observed"",""price"":""observed"",""original_price"":""unavailable"",""campaigns"":""observed"",""stock_status"":""observed"",""stock_signal"":""unavailable"",""rating"":""observed"",""rating_count"":""observed"",""review_count"":""observed"",""question_count"":""observed"",""delivery_summary"":""observed"",""shipping_cost"":""unavailable"",""properties"":""observed""}",true,
1590058866,M,1dbf984919f0c07a4d78e5c1f6cd3b80,1137939978:175525:1590058866:1dbf984919f0c07a4d78e5c1f6cd3b80,188,merchantListing.winnerVariant.quantity,reported,2026-09-14T11:07:45.310Z,10,1,1,reported_total,"[{""merchant_id"":""175525"",""name"":""Miss Dünya Lissa"",""score"":8.6,""price"":789.99,""variant_id"":""1590058866"",""listing_id"":""1dbf984919f0c07a4d78e5c1f6cd3b80"",""stock_quantity"":188}]","[{""variant_id"":""1590058866"",""label"":""M"",""in_stock"":true,""stock_quantity"":188,""selected"":true},{""variant_id"":""1590057052"",""label"":""L"",""in_stock"":true,""stock_quantity"":null,""selected"":false},{""variant_id"":""1590059274"",""label"":""XL"",""in_stock"":true,""stock_quantity"":null,""selected"":false},{""variant_id"":""1590059559"",""label"":""2XL"",""in_stock"":true,""stock_quantity"":null,""selected"":false}]",2541,,,,,observation_gap,,inventory_net_decrease,2026-09-14,2026-09-14T14:00:36+03:00,hamile,BEST_SELLER,hamile-elbise,hamile elbise,104,3,204,204,9,hamile:hamile-elbise,104,2,10.4,19.6,1137939978,175525,1137939978:175525,Miss Dünya Lissa Nova MomEmzirme Özellikli Hamile Gecelik Yumuşak Viskon Rahat Kesim,Miss Dünya Lissa,,https://www.trendyol.com/miss-dunya-lissa/nova-momemzirme-ozellikli-hamile-gecelik-yumusak-viskon-rahat-kesim-p-1137939978?boutiqueId=61&merchantId=175525,Miss Dünya Lissa,8.6,789.99,,,0,TRY,"[""Kargo Bedava""]",InStock,,,,,,4.066666666666666,30,19,1,11,,"2,5B kişi favoriledi",,,,0,,,,Tahmini Teslim:,,,{},0,,refreshed,"[""daily_top""]",true,2026-09-14T11:07:45.311Z,0,"[""search_result_dom"",""product_detail_jsonld"",""product_detail_dom""]","{""variant_id"":""observed"",""variant_label"":""observed"",""listing_id"":""observed"",""inventory_key"":""observed"",""stock_quantity"":""observed"",""stock_quantity_source"":""observed"",""stock_quantity_kind"":""observed"",""stock_observed_at"":""observed"",""max_sale_limit"":""observed"",""seller_count"":""observed"",""seller_count_observed"":""observed"",""seller_count_kind"":""observed"",""sellers"":""observed"",""variants"":""observed"",""favorite_count"":""observed"",""inventory_decrease"":""unavailable"",""sales_estimate_daily"":""unavailable"",""sales_estimate_weekly"":""unavailable"",""sales_estimate_monthly"":""unavailable"",""sales_estimate_status"":""unavailable"",""sales_estimate_hours"":""unavailable"",""sales_estimate_source"":""unavailable"",""title"":""observed"",""brand"":""observed"",""seller_name"":""observed"",""seller_score"":""observed"",""price"":""observed"",""original_price"":""unavailable"",""campaigns"":""observed"",""stock_status"":""observed"",""stock_signal"":""unavailable"",""rating"":""observed"",""rating_count"":""observed"",""review_count"":""observed"",""question_count"":""observed"",""delivery_summary"":""observed"",""shipping_cost"":""unavailable"",""properties"":""observed""}",true,
1102376246,S,eeb9ec8ed6ce7d0adbb2f232183620c3,824226446:126861:1102376246:eeb9ec8ed6ce7d0adbb2f232183620c3,70,merchantListing.winnerVariant.quantity,reported,2026-09-14T11:07:45.235Z,5,1,1,reported_total,"[{""merchant_id"":""126861"",""name"":""Penyemood"",""score"":9,""price"":717,""variant_id"":""1102376246"",""listing_id"":""eeb9ec8ed6ce7d0adbb2f232183620c3"",""stock_quantity"":70}]","[{""variant_id"":""1102376246"",""label"":""S"",""in_stock"":true,""stock_quantity"":70,""selected"":true},{""variant_id"":""1102376245"",""label"":""2X"",""in_stock"":true,""stock_quantity"":null,""selected"":false},{""variant_id"":""1102376247"",""label"":""M"",""in_stock"":false,""stock_quantity"":null,""selected"":false},{""variant_id"":""1102376249"",""label"":""L"",""in_stock"":false,""stock_quantity"":null,""selected"":false},{""variant_id"":""1102376248"",""label"":""XL"",""in_stock"":false,""stock_quantity"":null,""selected"":false}]",13128,,,,,unchanged_stock,24,inventory_net_decrease,2026-09-14,2026-09-14T14:00:36+03:00,hamile,BEST_SELLER,hamile-elbise,hamile elbise,105,3,205,205,,hamile:hamile-elbise,105,43,17.5,13.5,824226446,126861,824226446:126861,Catherines Lux Mood Hamile Elbisesi,Catherines,Hamile Elbisesi,https://www.trendyol.com/catherines/lux-mood-hamile-elbisesi-p-824226446?boutiqueId=61&merchantId=126861,Penyemood,9,717,724.24,1,-23.2,TRY,"[""Kargo Bedava"",""Son 10 Günün En Düşük Fiyatı"",""Son 10 günün en düşük fiyatı""]",InStock,,,,,,4.654205607476635,214,114,0,20,,"13,1B kişi favoriledi",,4999,TRY,0,1,1,3,9 saat 52 dakika içinde sipariş verirsen en geç yarın kargoda!,,https://cdn.dsmcdn.com/ty1524/product/media/images/prod/QC/20240905/19/849be54b-6965-3159-b344-dc14f7cef594/1_org_zoom.jpg,"{""Yaka Tipi"":""V Yaka"",""Kumaş Tipi"":""Örme"",""Cep"":""Cepsiz"",""Kol Tipi"":""Askılı"",""Desen"":""Çiçekli"",""Kalıp"":""Slim"",""Renk"":""Yeşil"",""Materyal"":""Viskoz"",""Boy"":""Uzun"",""Ortam"":""Casual/Günlük"",""Kol Boyu"":""Askılı"",""Siluet"":""Basic"",""Materyal Bileşeni"":""94% Viskoz, 6% Elastan"",""Yıkama Talimatı"":""Type 1"",""Koleksiyon"":""Hamile"",""Sürdürülebilirlik Detayı"":""Hayır"",""Paket İçeriği"":""Tekli""}",20,5,refreshed,"[""daily_top""]",true,2026-09-14T11:07:45.236Z,0,"[""search_result_dom"",""product_detail_jsonld"",""product_detail_dom""]","{""variant_id"":""observed"",""variant_label"":""observed"",""listing_id"":""observed"",""inventory_key"":""observed"",""stock_quantity"":""observed"",""stock_quantity_source"":""observed"",""stock_quantity_kind"":""observed"",""stock_observed_at"":""observed"",""max_sale_limit"":""observed"",""seller_count"":""observed"",""seller_count_observed"":""observed"",""seller_count_kind"":""observed"",""sellers"":""observed"",""variants"":""observed"",""favorite_count"":""observed"",""inventory_decrease"":""unavailable"",""sales_estimate_daily"":""unavailable"",""sales_estimate_weekly"":""unavailable"",""sales_estimate_monthly"":""unavailable"",""sales_estimate_status"":""unavailable"",""sales_estimate_hours"":""unavailable"",""sales_estimate_source"":""unavailable"",""title"":""observed"",""brand"":""observed"",""seller_name"":""observed"",""seller_score"":""observed"",""price"":""observed"",""original_price"":""observed"",""campaigns"":""observed"",""stock_status"":""observed"",""stock_signal"":""unavailable"",""rating"":""observed"",""rating_count"":""observed"",""review_count"":""observed"",""question_count"":""observed"",""delivery_summary"":""observed"",""shipping_cost"":""observed"",""properties"":""observed""}",true,
1172061030,XL,a34c3abefabcd5a66a62b3421d2f8723,864408384:232737:1172061030:a34c3abefabcd5a66a62b3421d2f8723,94,merchantListing.winnerVariant.quantity,reported,2026-09-14T11:07:50.280Z,10,2,2,reported_total,"[{""merchant_id"":""232737"",""name"":""Hamile Tekstil"",""score"":9.2,""price"":1990,""variant_id"":""1172061030"",""listing_id"":""a34c3abefabcd5a66a62b3421d2f8723"",""stock_quantity"":94},{""merchant_id"":""127095"",""name"":""Rimel Homewear"",""score"":8.6,""price"":1990,""variant_id"":""1172061030"",""listing_id"":""beee0b4c9e915bf30dfb26a3f11b994f"",""stock_quantity"":93}]","[{""variant_id"":""1172061030"",""label"":""XL"",""in_stock"":true,""stock_quantity"":94,""selected"":true},{""variant_id"":""1172061028"",""label"":""2XL"",""in_stock"":true,""stock_quantity"":null,""selected"":false},{""variant_id"":""1172061032"",""label"":""M"",""in_stock"":false,""stock_quantity"":null,""selected"":false},{""variant_id"":""1172061025"",""label"":""L"",""in_stock"":false,""stock_quantity"":null,""selected"":false}]",3219,,,,,unchanged_stock,24.02,inventory_net_decrease,2026-09-14,2026-09-14T14:00:36+03:00,hamile,BEST_SELLER,hamile-elbise,hamile elbise,106,3,206,206,,hamile:hamile-elbise,106,0,9.6,20.4,864408384,232737,864408384:232737,Genel Markalar Kadın Mint Yeşili Sabahlıklı Dantelli Kruvaze Lohusa Gecelik Takımı,Genel Markalar,Hamile Gecelik,https://www.trendyol.com/genel-markalar/kadin-mint-yesili-sabahlikli-dantelli-kruvaze-lohusa-gecelik-takimi-p-864408384?boutiqueId=61&merchantId=232737,Hamile Tekstil,9.2,1990,,,0,TRY,"[""Kargo Bedava"",""Peşin Fiyatına 3 Taksit""]",InStock,,,,,,4.592592592592593,27,15,0,24,,"3,2B kişi favoriledi",,4999,TRY,0,1,1,3,9 saat 52 dakika içinde sipariş verirsen en geç yarın kargoda!,,https://cdn.dsmcdn.com/ty1579/prod/QC/20241007/14/abf52839-3e48-323b-931d-e43141fbfcbf/1_org_zoom.jpg,"{""Desen"":""Düz"",""Materyal"":""%100 Pamuk"",""Kol Tipi"":""Kısa Kol"",""Renk"":""Yeşil"",""Yaka Tipi"":""Bisiklet Yaka"",""Materyal Bileşeni"":""100% Pamuk"",""Yıkama Talimatı"":""T100"",""Kumaş Tipi"":""Örme"",""Boy"":""Uzun"",""Siluet"":""Uzun"",""Kalıp"":""Regular"",""Kol Boyu"":""Kısa"",""Sürdürülebilirlik Detayı"":""Hayır"",""Ortam"":""Lounge/Home"",""Menşei"":""TR"",""Paket İçeriği"":""Tekli""}",14,4.43,refreshed,"[""daily_top""]",true,2026-09-14T11:07:50.280Z,0,"[""search_result_dom"",""product_detail_jsonld"",""product_detail_dom""]","{""variant_id"":""observed"",""variant_label"":""observed"",""listing_id"":""observed"",""inventory_key"":""observed"",""stock_quantity"":""observed"",""stock_quantity_source"":""observed"",""stock_quantity_kind"":""observed"",""stock_observed_at"":""observed"",""max_sale_limit"":""observed"",""seller_count"":""observed"",""seller_count_observed"":""observed"",""seller_count_kind"":""observed"",""sellers"":""observed"",""variants"":""observed"",""favorite_count"":""observed"",""inventory_decrease"":""unavailable"",""sales_estimate_daily"":""unavailable"",""sales_estimate_weekly"":""unavailable"",""sales_estimate_monthly"":""unavailable"",""sales_estimate_status"":""unavailable"",""sales_estimate_hours"":""unavailable"",""sales_estimate_source"":""unavailable"",""title"":""observed"",""brand"":""observed"",""seller_name"":""observed"",""seller_score"":""observed"",""price"":""observed"",""original_price"":""unavailable"",""campaigns"":""observed"",""stock_status"":""observed"",""stock_signal"":""unavailable"",""rating"":""observed"",""rating_count"":""observed"",""review_count"":""observed"",""question_count"":""observed"",""delivery_summary"":""observed"",""shipping_cost"":""observed"",""properties"":""observed""}",true,
1237131436,M,d69c6002b5d84f86c049a718295d4e01,890918314:126861:1237131436:d69c6002b5d84f86c049a718295d4e01,79,merchantListing.winnerVariant.quantity,reported,2026-09-14T11:07:50.136Z,5,1,1,reported_total,"[{""merchant_id"":""126861"",""name"":""Penyemood"",""score"":9,""price"":893.21,""variant_id"":""1237131436"",""listing_id"":""d69c6002b5d84f86c049a718295d4e01"",""stock_quantity"":79}]","[{""variant_id"":""1237131432"",""label"":""S"",""in_stock"":true,""stock_quantity"":null,""selected"":false},{""variant_id"":""1237131436"",""label"":""M"",""in_stock"":true,""stock_quantity"":79,""selected"":true},{""variant_id"":""1237131433"",""label"":""L"",""in_stock"":true,""stock_quantity"":null,""selected"":false},{""variant_id"":""1237131431"",""label"":""XL"",""in_stock"":false,""stock_quantity"":null,""selected"":false},{""variant_id"":""1237131434"",""label"":""2XL"",""in_stock"":false,""stock_quantity"":null,""selected"":false}]",2604,,,,,unchanged_stock,24.03,inventory_net_decrease,2026-09-14,2026-09-14T14:00:36+03:00,hamile,BEST_SELLER,hamile-elbise,hamile elbise,107,3,207,207,,hamile:hamile-elbise,107,-20,10.6,19.4,890918314,126861,890918314:126861,Catherines Yumuşak Dokulu Hamile Elbisesi,Catherines,Hamile Elbisesi,https://www.trendyol.com/catherines/yumusak-dokulu-hamile-elbisesi-p-890918314?boutiqueId=61&merchantId=126861,Penyemood,9,893.21,,,0,TRY,"[""Kargo Bedava"",""Trendyol Plus'a Özel""]",InStock,,,,,,4.739130434782608,46,20,0,10,,"2,6B kişi favoriledi",,4999,TRY,0,1,1,3,9 saat 52 dakika içinde sipariş verirsen en geç yarın kargoda!,,https://cdn.dsmcdn.com/ty1625/prod/QC/20250111/13/b7cf830f-7660-3058-adf4-9a18a6da7bb0/1_org_zoom.jpg,"{""Yaka Tipi"":""V Yaka"",""Kumaş Tipi"":""Örme"",""Kol Tipi"":""Uzun Kol"",""Kalıp"":""Regular"",""Renk"":""Ekru"",""Materyal"":""Pamuklu"",""Boy"":""Uzun"",""Ortam"":""Günlük"",""Kol Boyu"":""Uzun"",""Yıkama Talimatı"":""Type 1"",""Koleksiyon"":""Hamile"",""Sürdürülebilirlik Detayı"":""Hayır""}",14,4.71,refreshed,"[""daily_top""]",true,2026-09-14T11:07:50.136Z,0,"[""search_result_dom"",""product_detail_jsonld"",""product_detail_dom""]","{""variant_id"":""observed"",""variant_label"":""observed"",""listing_id"":""observed"",""inventory_key"":""observed"",""stock_quantity"":""observed"",""stock_quantity_source"":""observed"",""stock_quantity_kind"":""observed"",""stock_observed_at"":""observed"",""max_sale_limit"":""observed"",""seller_count"":""observed"",""seller_count_observed"":""observed"",""seller_count_kind"":""observed"",""sellers"":""observed"",""variants"":""observed"",""favorite_count"":""observed"",""inventory_decrease"":""unavailable"",""sales_estimate_daily"":""unavailable"",""sales_estimate_weekly"":""unavailable"",""sales_estimate_monthly"":""unavailable"",""sales_estimate_status"":""unavailable"",""sales_estimate_hours"":""unavailable"",""sales_estimate_source"":""unavailable"",""title"":""observed"",""brand"":""observed"",""seller_name"":""observed"",""seller_score"":""observed"",""price"":""observed"",""original_price"":""unavailable"",""campaigns"":""observed"",""stock_status"":""observed"",""stock_signal"":""unavailable"",""rating"":""observed"",""rating_count"":""observed"",""review_count"":""observed"",""question_count"":""observed"",""delivery_summary"":""observed"",""shipping_cost"":""observed"",""properties"":""observed""}",true,
1309082300,M,cc2dd53a02e3da90b82119dabfc7d613,926213256:175525:1309082300:cc2dd53a02e3da90b82119dabfc7d613,183,merchantListing.winnerVariant.quantity,reported,2026-09-14T11:07:50.022Z,10,1,1,reported_total,"[{""merchant_id"":""175525"",""name"":""Miss Dünya Lissa"",""score"":8.6,""price"":1269.99,""variant_id"":""1309082300"",""listing_id"":""cc2dd53a02e3da90b82119dabfc7d613"",""stock_quantity"":183}]","[{""variant_id"":""1309082300"",""label"":""M"",""in_stock"":true,""stock_quantity"":183,""selected"":true},{""variant_id"":""1309082301"",""label"":""L"",""in_stock"":true,""stock_quantity"":null,""selected"":false},{""variant_id"":""1309082302"",""label"":""XL"",""in_stock"":true,""stock_quantity"":null,""selected"":false},{""variant_id"":""1309082299"",""label"":""2XL"",""in_stock"":true,""stock_quantity"":null,""selected"":false}]",2947,,,,,unchanged_stock,24,inventory_net_decrease,2026-09-14,2026-09-14T14:00:36+03:00,hamile,BEST_SELLER,hamile-elbise,hamile elbise,108,3,208,208,2,hamile:hamile-elbise,108,36,12.1,17.9,926213256,175525,926213256:175525,Miss Dünya Lissa Sabahlıklı Emzirmeye Uygun Şerit Detaylı Hamile ve Lohusa Sıfır Kol Gecelik Takımı,Miss Dünya Lissa,,https://www.trendyol.com/miss-dunya-lissa/sabahlikli-emzirmeye-uygun-serit-detayli-hamile-ve-lohusa-sifir-kol-gecelik-takimi-p-926213256?boutiqueId=61&merchantId=175525,Miss Dünya Lissa,8.6,1269.99,,,0,TRY,"[""Kargo Bedava"",""Peşin Fiyatına 3 Taksit""]",InStock,,,,,,4.459016393442623,61,32,0,10,,"2,9B kişi favoriledi",,,,0,,,,Tahmini Teslim:,,,{},0,,refreshed,"[""daily_top""]",true,2026-09-14T11:07:50.023Z,0,"[""search_result_dom"",""product_detail_jsonld"",""product_detail_dom""]","{""variant_id"":""observed"",""variant_label"":""observed"",""listing_id"":""observed"",""inventory_key"":""observed"",""stock_quantity"":""observed"",""stock_quantity_source"":""observed"",""stock_quantity_kind"":""observed"",""stock_observed_at"":""observed"",""max_sale_limit"":""observed"",""seller_count"":""observed"",""seller_count_observed"":""observed"",""seller_count_kind"":""observed"",""sellers"":""observed"",""variants"":""observed"",""favorite_count"":""observed"",""inventory_decrease"":""unavailable"",""sales_estimate_daily"":""unavailable"",""sales_estimate_weekly"":""unavailable"",""sales_estimate_monthly"":""unavailable"",""sales_estimate_status"":""unavailable"",""sales_estimate_hours"":""unavailable"",""sales_estimate_source"":""unavailable"",""title"":""observed"",""brand"":""observed"",""seller_name"":""observed"",""seller_score"":""observed"",""price"":""observed"",""original_price"":""unavailable"",""campaigns"":""observed"",""stock_status"":""observed"",""stock_signal"":""unavailable"",""rating"":""observed"",""rating_count"":""observed"",""review_count"":""observed"",""question_count"":""observed"",""delivery_summary"":""observed"",""shipping_cost"":""unavailable"",""properties"":""observed""}",true,
1540821377,S,80b4d93812ad85b0ea2419401d1e82a1,1108727536:108216:1540821377:80b4d93812ad85b0ea2419401d1e82a1,27,merchantListing.winnerVariant.quantity,reported,2026-09-14T11:07:54.734Z,10,1,1,reported_total,"[{""merchant_id"":""108216"",""name"":""Artış Collection"",""score"":9.1,""price"":2283.07,""variant_id"":""1540821377"",""listing_id"":""80b4d93812ad85b0ea2419401d1e82a1"",""stock_quantity"":27}]","[{""variant_id"":""1540821377"",""label"":""S"",""in_stock"":true,""stock_quantity"":27,""selected"":true},{""variant_id"":""1540818752"",""label"":""M"",""in_stock"":true,""stock_quantity"":null,""selected"":false},{""variant_id"":""1540822027"",""label"":""L"",""in_stock"":true,""stock_quantity"":null,""selected"":false},{""variant_id"":""1540822514"",""label"":""XL"",""in_stock"":true,""stock_quantity"":null,""selected"":false}]",1550,1,1,,,estimated,24.02,inventory_net_decrease,2026-09-14,2026-09-14T14:00:36+03:00,hamile,BEST_SELLER,hamile-elbise,hamile elbise,109,4,209,209,4,hamile:hamile-elbise,109,-2,2.4,27.6,1108727536,108216,1108727536:108216,Artış Askılı Kısa Esnek Viskoz Hamile Sabahlık Gecelik Takım,Artış,,https://www.trendyol.com/artis/askili-kisa-esnek-viskoz-hamile-sabahlik-gecelik-takim-p-1108727536?boutiqueId=61&merchantId=108216,Artış Collection,9.1,2283.07,,,0,TRY,"[""100 TL Kupon"",""Kargo Bedava"",""Peşin Fiyatına 3 Taksit""]",InStock,,,,,,5,2,1,0,5,,"1,5B kişi favoriledi",,,,0,,,,Tahmini Teslim:,,,{},0,,refreshed,"[""daily_top""]",true,2026-09-14T11:07:54.734Z,0,"[""search_result_dom"",""product_detail_jsonld"",""product_detail_dom""]","{""variant_id"":""observed"",""variant_label"":""observed"",""listing_id"":""observed"",""inventory_key"":""observed"",""stock_quantity"":""observed"",""stock_quantity_source"":""observed"",""stock_quantity_kind"":""observed"",""stock_observed_at"":""observed"",""max_sale_limit"":""observed"",""seller_count"":""observed"",""seller_count_observed"":""observed"",""seller_count_kind"":""observed"",""sellers"":""observed"",""variants"":""observed"",""favorite_count"":""observed"",""inventory_decrease"":""unavailable"",""sales_estimate_daily"":""unavailable"",""sales_estimate_weekly"":""unavailable"",""sales_estimate_monthly"":""unavailable"",""sales_estimate_status"":""unavailable"",""sales_estimate_hours"":""unavailable"",""sales_estimate_source"":""unavailable"",""title"":""observed"",""brand"":""observed"",""seller_name"":""observed"",""seller_score"":""observed"",""price"":""observed"",""original_price"":""unavailable"",""campaigns"":""observed"",""stock_status"":""observed"",""stock_signal"":""unavailable"",""rating"":""observed"",""rating_count"":""observed"",""review_count"":""observed"",""question_count"":""observed"",""delivery_summary"":""observed"",""shipping_cost"":""unavailable"",""properties"":""observed""}",true,
1303891018,S,7f5a7364e139ffc1d83c4c0a90a09262,923091964:108216:1303891018:7f5a7364e139ffc1d83c4c0a90a09262,98,merchantListing.winnerVariant.quantity,reported,2026-09-14T11:07:54.854Z,10,1,1,reported_total,"[{""merchant_id"":""108216"",""name"":""Artış Collection"",""score"":9.1,""price"":1042.35,""variant_id"":""1303891018"",""listing_id"":""7f5a7364e139ffc1d83c4c0a90a09262"",""stock_quantity"":98}]","[{""variant_id"":""1303891018"",""label"":""S"",""in_stock"":true,""stock_quantity"":98,""selected"":true},{""variant_id"":""1303891017"",""label"":""M"",""in_stock"":true,""stock_quantity"":null,""selected"":false},{""variant_id"":""1303891019"",""label"":""L"",""in_stock"":true,""stock_quantity"":null,""selected"":false},{""variant_id"":""1303891020"",""label"":""XL"",""in_stock"":true,""stock_quantity"":null,""selected"":false}]",1514,2,2,,,estimated,24.04,inventory_net_decrease,2026-09-14,2026-09-14T14:00:36+03:00,hamile,BEST_SELLER,hamile-elbise,hamile elbise,110,4,210,210,3,hamile:hamile-elbise,110,-37,6.2,23.8,923091964,108216,923091964:108216,Artış Askılı Kısa Esnek Viskoz Hamile Gecelik,Artış,,https://www.trendyol.com/artis/askili-kisa-esnek-viskoz-hamile-gecelik-p-923091964?boutiqueId=61&merchantId=108216,Artış Collection,9.1,1042.35,,,0,TRY,"[""Kargo Bedava"",""Peşin Fiyatına 3 Taksit""]",InStock,,,,,,2.125,8,5,0,4,,"1,5B kişi favoriledi",,,,0,,,,Tahmini Teslim:,,,{},0,,refreshed,"[""daily_top"",""hot_change""]",true,2026-09-14T11:07:54.855Z,0,"[""search_result_dom"",""product_detail_jsonld"",""product_detail_dom""]","{""variant_id"":""observed"",""variant_label"":""observed"",""listing_id"":""observed"",""inventory_key"":""observed"",""stock_quantity"":""observed"",""stock_quantity_source"":""observed"",""stock_quantity_kind"":""observed"",""stock_observed_at"":""observed"",""max_sale_limit"":""observed"",""seller_count"":""observed"",""seller_count_observed"":""observed"",""seller_count_kind"":""observed"",""sellers"":""observed"",""variants"":""observed"",""favorite_count"":""observed"",""inventory_decrease"":""unavailable"",""sales_estimate_daily"":""unavailable"",""sales_estimate_weekly"":""unavailable"",""sales_estimate_monthly"":""unavailable"",""sales_estimate_status"":""unavailable"",""sales_estimate_hours"":""unavailable"",""sales_estimate_source"":""unavailable"",""title"":""observed"",""brand"":""observed"",""seller_name"":""observed"",""seller_score"":""observed"",""price"":""observed"",""original_price"":""unavailable"",""campaigns"":""observed"",""stock_status"":""observed"",""stock_signal"":""unavailable"",""rating"":""observed"",""rating_count"":""observed"",""review_count"":""observed"",""question_count"":""observed"",""delivery_summary"":""observed"",""shipping_cost"":""unavailable"",""properties"":""observed""}",true,
1659712017,S,b8c95b9bdb1d54ecae3b920ba93d7398,1183419137:982060:1659712017:b8c95b9bdb1d54ecae3b920ba93d7398,25,merchantListing.winnerVariant.quantity,reported,2026-09-14T11:07:54.808Z,10,1,1,reported_total,"[{""merchant_id"":""982060"",""name"":""H&M"",""score"":8.6,""price"":2799,""variant_id"":""1659712017"",""listing_id"":""b8c95b9bdb1d54ecae3b920ba93d7398"",""stock_quantity"":25}]","[{""variant_id"":""1659712017"",""label"":""S"",""in_stock"":true,""stock_quantity"":25,""selected"":true},{""variant_id"":""1659712020"",""label"":""M"",""in_stock"":true,""stock_quantity"":null,""selected"":false},{""variant_id"":""1659712016"",""label"":""L"",""in_stock"":true,""stock_quantity"":null,""selected"":false},{""variant_id"":""1659712019"",""label"":""XL"",""in_stock"":true,""stock_quantity"":null,""selected"":false},{""variant_id"":""1659712018"",""label"":""2XL"",""in_stock"":true,""stock_quantity"":null,""selected"":false}]",417,,,,,unchanged_stock,24,inventory_net_decrease,2026-09-14,2026-09-14T14:00:36+03:00,hamile,BEST_SELLER,hamile-elbise,hamile elbise,111,4,211,211,2,hamile:hamile-elbise,111,41,0,30,1183419137,982060,1183419137:982060,H&M MAMA İnce Triko Elbise,H&M,,https://www.trendyol.com/h-m/mama-ince-triko-elbise-p-1183419137?boutiqueId=61&merchantId=982060,H&M,8.6,2799,,,0,TRY,"[""Kargo Bedava"",""Peşin Fiyatına 3 Taksit""]",InStock,,,,,,0,0,0,0,0,,439 kişi favoriledi,,,,0,,,,Tahmini Teslim:,,,{},0,,refreshed,"[""daily_top""]",true,2026-09-14T11:07:54.808Z,0,"[""search_result_dom"",""product_detail_jsonld"",""product_detail_dom""]","{""variant_id"":""observed"",""variant_label"":""observed"",""listing_id"":""observed"",""inventory_key"":""observed"",""stock_quantity"":""observed"",""stock_quantity_source"":""observed"",""stock_quantity_kind"":""observed"",""stock_observed_at"":""observed"",""max_sale_limit"":""observed"",""seller_count"":""observed"",""seller_count_observed"":""observed"",""seller_count_kind"":""observed"",""sellers"":""observed"",""variants"":""observed"",""favorite_count"":""observed"",""inventory_decrease"":""unavailable"",""sales_estimate_daily"":""unavailable"",""sales_estimate_weekly"":""unavailable"",""sales_estimate_monthly"":""unavailable"",""sales_estimate_status"":""unavailable"",""sales_estimate_hours"":""unavailable"",""sales_estimate_source"":""unavailable"",""title"":""observed"",""brand"":""observed"",""seller_name"":""observed"",""seller_score"":""observed"",""price"":""observed"",""original_price"":""unavailable"",""campaigns"":""observed"",""stock_status"":""observed"",""stock_signal"":""unavailable"",""rating"":""observed"",""rating_count"":""observed"",""review_count"":""observed"",""question_count"":""observed"",""delivery_summary"":""observed"",""shipping_cost"":""unavailable"",""properties"":""observed""}",true,
1112369888,S,5c5e88f6913421548d60d7fb08dea482,830230244:4575:1112369888:5c5e88f6913421548d60d7fb08dea482,17,merchantListing.winnerVariant.quantity,reported,2026-09-14T11:07:59.458Z,10,1,1,reported_total,"[{""merchant_id"":""4575"",""name"":""LuvmaBelly"",""score"":9.2,""price"":1149.52,""variant_id"":""1112369888"",""listing_id"":""5c5e88f6913421548d60d7fb08dea482"",""stock_quantity"":17}]","[{""variant_id"":""1112369888"",""label"":""S"",""in_stock"":true,""stock_quantity"":17,""selected"":true},{""variant_id"":""1112369889"",""label"":""M"",""in_stock"":true,""stock_quantity"":null,""selected"":false},{""variant_id"":""1112369885"",""label"":""L"",""in_stock"":true,""stock_quantity"":null,""selected"":false},{""variant_id"":""1112369887"",""label"":""XL"",""in_stock"":true,""stock_quantity"":null,""selected"":false},{""variant_id"":""1112369890"",""label"":""2XL"",""in_stock"":true,""stock_quantity"":null,""selected"":false},{""variant_id"":""1112369886"",""label"":""3XL"",""in_stock"":true,""stock_quantity"":null,""selected"":false}]",5116,,,,,unchanged_stock,24.04,inventory_net_decrease,2026-09-14,2026-09-14T14:00:36+03:00,hamile,BEST_SELLER,hamile-elbise,hamile elbise,112,4,212,212,2,hamile:hamile-elbise,112,-38,13,18.5,830230244,4575,830230244:4575,Luvmabelly Myra6310 Kot Hamile Jile Elbise,Luvmabelly,,https://www.trendyol.com/luvmabelly/myra6310-kot-hamile-jile-elbise-p-830230244?boutiqueId=61&merchantId=4575,LuvmaBelly,9.2,1149.52,1166.64,1.5,0,TRY,"[""Kargo Bedava"",""Son 10 Günün En Düşük Fiyatı"",""Peşin Fiyatına 3 Taksit"",""Son 10 günün en düşük fiyatı""]",InStock,,,,,,4.272727272727273,55,26,0,48,,"5,1B kişi favoriledi",,,,0,,,,9 saat 52 dakika içinde sipariş verirsen en geç yarın kargoda!,,,{},0,,refreshed,"[""daily_top"",""hot_change""]",true,2026-09-14T11:07:59.459Z,0,"[""search_result_dom"",""product_detail_jsonld"",""product_detail_dom""]","{""variant_id"":""observed"",""variant_label"":""observed"",""listing_id"":""observed"",""inventory_key"":""observed"",""stock_quantity"":""observed"",""stock_quantity_source"":""observed"",""stock_quantity_kind"":""observed"",""stock_observed_at"":""observed"",""max_sale_limit"":""observed"",""seller_count"":""observed"",""seller_count_observed"":""observed"",""seller_count_kind"":""observed"",""sellers"":""observed"",""variants"":""observed"",""favorite_count"":""observed"",""inventory_decrease"":""unavailable"",""sales_estimate_daily"":""unavailable"",""sales_estimate_weekly"":""unavailable"",""sales_estimate_monthly"":""unavailable"",""sales_estimate_status"":""unavailable"",""sales_estimate_hours"":""unavailable"",""sales_estimate_source"":""unavailable"",""title"":""observed"",""brand"":""observed"",""seller_name"":""observed"",""seller_score"":""observed"",""price"":""observed"",""original_price"":""observed"",""campaigns"":""observed"",""stock_status"":""observed"",""stock_signal"":""unavailable"",""rating"":""observed"",""rating_count"":""observed"",""review_count"":""observed"",""question_count"":""observed"",""delivery_summary"":""observed"",""shipping_cost"":""unavailable"",""properties"":""observed""}",true,
901299331,M,be8f28c8ebe59dbda173825a06eaa387,681002970:175525:901299331:be8f28c8ebe59dbda173825a06eaa387,4999,merchantListing.winnerVariant.quantity,reported,2026-09-14T11:07:59.522Z,10,1,1,reported_total,"[{""merchant_id"":""175525"",""name"":""Miss Dünya Lissa"",""score"":8.6,""price"":999.99,""variant_id"":""901299331"",""listing_id"":""be8f28c8ebe59dbda173825a06eaa387"",""stock_quantity"":4999}]","[{""variant_id"":""901299331"",""label"":""M"",""in_stock"":true,""stock_quantity"":4999,""selected"":true},{""variant_id"":""901299338"",""label"":""L"",""in_stock"":true,""stock_quantity"":null,""selected"":false},{""variant_id"":""901299343"",""label"":""XL"",""in_stock"":true,""stock_quantity"":null,""selected"":false},{""variant_id"":""901299345"",""label"":""2XL"",""in_stock"":true,""stock_quantity"":null,""selected"":false},{""variant_id"":""901272271"",""label"":""S"",""in_stock"":false,""stock_quantity"":null,""selected"":false}]",2310,,,,,unchanged_stock,24.02,inventory_net_decrease,2026-09-14,2026-09-14T14:00:36+03:00,hamile,BEST_SELLER,hamile-elbise,hamile elbise,113,4,213,213,7,hamile:hamile-elbise,113,1,13.3,16.7,681002970,175525,681002970:175525,Miss Dünya Lissa Dantel Detaylı Hamile Ve Lohusa Gecelik Takımı,Miss Dünya Lissa,,https://www.trendyol.com/miss-dunya-lissa/dantel-detayli-hamile-ve-lohusa-gecelik-takimi-p-681002970?boutiqueId=61&merchantId=175525,Miss Dünya Lissa,8.6,999.99,,,0,TRY,"[""Kargo Bedava""]",InStock,,,,,,4.557894736842106,95,45,0,14,,"2,3B kişi favoriledi",,,,0,,,,Tahmini Teslim:,Fenomen Seçimi,,{},0,,refreshed,"[""daily_top""]",true,2026-09-14T11:07:59.523Z,0,"[""search_result_dom"",""product_detail_jsonld"",""product_detail_dom""]","{""variant_id"":""observed"",""variant_label"":""observed"",""listing_id"":""observed"",""inventory_key"":""observed"",""stock_quantity"":""observed"",""stock_quantity_source"":""observed"",""stock_quantity_kind"":""observed"",""stock_observed_at"":""observed"",""max_sale_limit"":""observed"",""seller_count"":""observed"",""seller_count_observed"":""observed"",""seller_count_kind"":""observed"",""sellers"":""observed"",""variants"":""observed"",""favorite_count"":""observed"",""inventory_decrease"":""unavailable"",""sales_estimate_daily"":""unavailable"",""sales_estimate_weekly"":""unavailable"",""sales_estimate_monthly"":""unavailable"",""sales_estimate_status"":""unavailable"",""sales_estimate_hours"":""unavailable"",""sales_estimate_source"":""unavailable"",""title"":""observed"",""brand"":""observed"",""seller_name"":""observed"",""seller_score"":""observed"",""price"":""observed"",""original_price"":""unavailable"",""campaigns"":""observed"",""stock_status"":""observed"",""stock_signal"":""unavailable"",""rating"":""observed"",""rating_count"":""observed"",""review_count"":""observed"",""question_count"":""observed"",""delivery_summary"":""observed"",""shipping_cost"":""unavailable"",""properties"":""observed""}",true,
1633509909,XS,85343713144fe41288e78df5a2312d1f,1166308351:104723:1633509909:85343713144fe41288e78df5a2312d1f,65,merchantListing.winnerVariant.quantity,reported,2026-09-14T11:07:59.509Z,10,1,1,reported_total,"[{""merchant_id"":""104723"",""name"":""MANGO"",""score"":7.8,""price"":1699.99,""variant_id"":""1633509909"",""listing_id"":""85343713144fe41288e78df5a2312d1f"",""stock_quantity"":65}]","[{""variant_id"":""1633509909"",""label"":""XS"",""in_stock"":true,""stock_quantity"":65,""selected"":true},{""variant_id"":""1633509911"",""label"":""S"",""in_stock"":true,""stock_quantity"":null,""selected"":false},{""variant_id"":""1633509907"",""label"":""M"",""in_stock"":true,""stock_quantity"":null,""selected"":false},{""variant_id"":""1633509908"",""label"":""L"",""in_stock"":true,""stock_quantity"":null,""selected"":false},{""variant_id"":""1633509910"",""label"":""XL"",""in_stock"":true,""stock_quantity"":null,""selected"":false}]",120,,,,,unchanged_stock,24.03,inventory_net_decrease,2026-09-14,2026-09-14T14:00:36+03:00,hamile,BEST_SELLER,hamile-elbise,hamile elbise,114,4,214,214,2,hamile:hamile-elbise,114,-23,32,30,1166308351,104723,1166308351:104723,MANGO Büzgü detaylı dökümlü triko elbise,MANGO,,https://www.trendyol.com/mango/buzgu-detayli-dokumlu-triko-elbise-p-1166308351?boutiqueId=61&merchantId=104723,MANGO,7.8,1699.99,2499.99,32,0,TRY,"[""Son 10 Günün En Düşük Fiyatı"",""Peşin Fiyatına 3 Taksit"",""Son 10 günün en düşük fiyatı""]",InStock,,,,,,0,0,0,0,0,,,,,,0,,,,Tahmini Teslim:,,,{},0,,refreshed,"[""daily_top""]",true,2026-09-14T11:07:59.509Z,0,"[""search_result_dom"",""product_detail_jsonld"",""product_detail_dom""]","{""variant_id"":""observed"",""variant_label"":""observed"",""listing_id"":""observed"",""inventory_key"":""observed"",""stock_quantity"":""observed"",""stock_quantity_source"":""observed"",""stock_quantity_kind"":""observed"",""stock_observed_at"":""observed"",""max_sale_limit"":""observed"",""seller_count"":""observed"",""seller_count_observed"":""observed"",""seller_count_kind"":""observed"",""sellers"":""observed"",""variants"":""observed"",""favorite_count"":""observed"",""inventory_decrease"":""unavailable"",""sales_estimate_daily"":""unavailable"",""sales_estimate_weekly"":""unavailable"",""sales_estimate_monthly"":""unavailable"",""sales_estimate_status"":""unavailable"",""sales_estimate_hours"":""unavailable"",""sales_estimate_source"":""unavailable"",""title"":""observed"",""brand"":""observed"",""seller_name"":""observed"",""seller_score"":""observed"",""price"":""observed"",""original_price"":""observed"",""campaigns"":""observed"",""stock_status"":""observed"",""stock_signal"":""unavailable"",""rating"":""observed"",""rating_count"":""observed"",""review_count"":""observed"",""question_count"":""observed"",""delivery_summary"":""observed"",""shipping_cost"":""unavailable"",""properties"":""observed""}",true,
517858937,S,fd5b35af7b4162530762fc703f70425d,324430910:346762:517858937:fd5b35af7b4162530762fc703f70425d,9,merchantListing.winnerVariant.quantity,reported,2026-09-14T11:08:04.072Z,10,1,1,reported_total,"[{""merchant_id"":""346762"",""name"":""ADA STYLE"",""score"":9.3,""price"":1649.9,""variant_id"":""517858937"",""listing_id"":""fd5b35af7b4162530762fc703f70425d"",""stock_quantity"":9}]","[{""variant_id"":""517858937"",""label"":""S"",""in_stock"":true,""stock_quantity"":9,""selected"":true},{""variant_id"":""517871588"",""label"":""L"",""in_stock"":true,""stock_quantity"":null,""selected"":false},{""variant_id"":""517871597"",""label"":""XL"",""in_stock"":true,""stock_quantity"":null,""selected"":false},{""variant_id"":""517871589"",""label"":""2XL"",""in_stock"":true,""stock_quantity"":null,""selected"":false},{""variant_id"":""517871591"",""label"":""3XL"",""in_stock"":true,""stock_quantity"":null,""selected"":false},{""variant_id"":""517871598"",""label"":""M"",""in_stock"":false,""stock_quantity"":null,""selected"":false}]",3159,,,,,observation_gap,,inventory_net_decrease,2026-09-14,2026-09-14T14:00:36+03:00,hamile,BEST_SELLER,hamile-elbise,hamile elbise,115,4,215,215,6,hamile:hamile-elbise,115,11,12.1,17.9,324430910,346762,324430910:346762,"ADASTYLE Çekim, Uzun, Hemile, Abiye Şifon Elbise",ADASTYLE,,https://www.trendyol.com/adastyle/cekim-uzun-hemile-abiye-sifon-elbise-p-324430910?boutiqueId=61&merchantId=346762,ADA STYLE,9.3,1649.9,,,0,TRY,"[""Kargo Bedava"",""Sepette %1 İndirim"",""Peşin Fiyatına 3 Taksit""]",InStock,Tükeniyor,,,,,4.603174603174603,63,32,0,52,,"3,1B kişi favoriledi",,,,0,,,,9 saat 51 dakika içinde sipariş verirsen en geç yarın kargoda!,,,{},0,,refreshed,"[""daily_top""]",true,2026-09-14T11:08:04.073Z,0,"[""search_result_dom"",""product_detail_jsonld"",""product_detail_dom""]","{""variant_id"":""observed"",""variant_label"":""observed"",""listing_id"":""observed"",""inventory_key"":""observed"",""stock_quantity"":""observed"",""stock_quantity_source"":""observed"",""stock_quantity_kind"":""observed"",""stock_observed_at"":""observed"",""max_sale_limit"":""observed"",""seller_count"":""observed"",""seller_count_observed"":""observed"",""seller_count_kind"":""observed"",""sellers"":""observed"",""variants"":""observed"",""favorite_count"":""observed"",""inventory_decrease"":""unavailable"",""sales_estimate_daily"":""unavailable"",""sales_estimate_weekly"":""unavailable"",""sales_estimate_monthly"":""unavailable"",""sales_estimate_status"":""unavailable"",""sales_estimate_hours"":""unavailable"",""sales_estimate_source"":""unavailable"",""title"":""observed"",""brand"":""observed"",""seller_name"":""observed"",""seller_score"":""observed"",""price"":""observed"",""original_price"":""unavailable"",""campaigns"":""observed"",""stock_status"":""observed"",""stock_signal"":""observed"",""rating"":""observed"",""rating_count"":""observed"",""review_count"":""observed"",""question_count"":""observed"",""delivery_summary"":""observed"",""shipping_cost"":""unavailable"",""properties"":""observed""}",true,
1677239809,M,6704286b0d982596dfe6fa1591a80756,1194214627:1125874:1677239809:6704286b0d982596dfe6fa1591a80756,2,merchantListing.winnerVariant.quantity,reported,2026-09-14T11:08:04.562Z,10,1,1,reported_total,"[{""merchant_id"":""1125874"",""name"":""Merci Marya"",""score"":9.5,""price"":2700,""variant_id"":""1677239809"",""listing_id"":""6704286b0d982596dfe6fa1591a80756"",""stock_quantity"":2}]","[{""variant_id"":""1677239809"",""label"":""M"",""in_stock"":true,""stock_quantity"":2,""selected"":true},{""variant_id"":""1677239807"",""label"":""XL"",""in_stock"":true,""stock_quantity"":null,""selected"":false},{""variant_id"":""1677239810"",""label"":""L"",""in_stock"":false,""stock_quantity"":null,""selected"":false},{""variant_id"":""1677239805"",""label"":""2XL"",""in_stock"":false,""stock_quantity"":null,""selected"":false}]",104,,,,,unchanged_stock,24,inventory_net_decrease,2026-09-14,2026-09-14T14:00:36+03:00,hamile,BEST_SELLER,hamile-elbise,hamile elbise,116,4,216,216,,hamile:hamile-elbise,116,49,0,30,1194214627,1125874,1194214627:1125874,MERCİ MARYA Sabahlıklı Lohusa Pijama Takımı İndigo,MERCİ MARYA,,https://www.trendyol.com/merci-marya/sabahlikli-lohusa-pijama-takimi-indigo-p-1194214627?boutiqueId=61&merchantId=1125874,Merci Marya,9.5,2700,,,0,TRY,"[""Sepette %5 İndirim"",""Kargo Bedava"",""Peşin Fiyatına 3 Taksit""]",InStock,Tükeniyor,,,,,0,0,0,0,1,,,,,,0,,,,9 saat 51 dakika içinde sipariş verirsen en geç yarın kargoda!,,,{},0,,refreshed,"[""daily_top""]",true,2026-09-14T11:08:04.562Z,0,"[""search_result_dom"",""product_detail_jsonld"",""product_detail_dom""]","{""variant_id"":""observed"",""variant_label"":""observed"",""listing_id"":""observed"",""inventory_key"":""observed"",""stock_quantity"":""observed"",""stock_quantity_source"":""observed"",""stock_quantity_kind"":""observed"",""stock_observed_at"":""observed"",""max_sale_limit"":""observed"",""seller_count"":""observed"",""seller_count_observed"":""observed"",""seller_count_kind"":""observed"",""sellers"":""observed"",""variants"":""observed"",""favorite_count"":""observed"",""inventory_decrease"":""unavailable"",""sales_estimate_daily"":""unavailable"",""sales_estimate_weekly"":""unavailable"",""sales_estimate_monthly"":""unavailable"",""sales_estimate_status"":""unavailable"",""sales_estimate_hours"":""unavailable"",""sales_estimate_source"":""unavailable"",""title"":""observed"",""brand"":""observed"",""seller_name"":""observed"",""seller_score"":""observed"",""price"":""observed"",""original_price"":""unavailable"",""campaigns"":""observed"",""stock_status"":""observed"",""stock_signal"":""observed"",""rating"":""observed"",""rating_count"":""observed"",""review_count"":""observed"",""question_count"":""observed"",""delivery_summary"":""observed"",""shipping_cost"":""unavailable"",""properties"":""observed""}",true,
1602306852,40,e9ae1d2c1f8d033317563af50b35f049,1146156309:187624:1602306852:e9ae1d2c1f8d033317563af50b35f049,2,merchantListing.winnerVariant.quantity,reported,2026-09-14T11:08:03.990Z,10,1,1,reported_total,"[{""merchant_id"":""187624"",""name"":""ENTARIM MATERNITY WEAR"",""score"":8.6,""price"":1995,""variant_id"":""1602306852"",""listing_id"":""e9ae1d2c1f8d033317563af50b35f049"",""stock_quantity"":2}]","[{""variant_id"":""1602306852"",""label"":""40"",""in_stock"":true,""stock_quantity"":2,""selected"":true},{""variant_id"":""1602307889"",""label"":""44"",""in_stock"":true,""stock_quantity"":null,""selected"":false},{""variant_id"":""1602307552"",""label"":""42"",""in_stock"":true,""stock_quantity"":null,""selected"":false},{""variant_id"":""1602303787"",""label"":""38"",""in_stock"":false,""stock_quantity"":null,""selected"":false},{""variant_id"":""1602306516"",""label"":""46"",""in_stock"":false,""stock_quantity"":null,""selected"":false}]",77,,,,,identity_changed_or_unknown,,inventory_net_decrease,2026-09-14,2026-09-14T14:00:36+03:00,hamile,BEST_SELLER,hamile-elbise,hamile elbise,117,4,217,217,,hamile:hamile-elbise,117,68,0,30,1146156309,187624,1146156309:187624,Entarim Hamile Çizgili Pamuk Elbise,Entarim,Hamile Elbisesi,https://www.trendyol.com/entarim/hamile-cizgili-pamuk-elbise-p-1146156309?boutiqueId=61&merchantId=187624,ENTARIM MATERNITY WEAR,8.6,1995,,,0,TRY,"[""Kargo Bedava"",""Peşin Fiyatına 3 Taksit"",""Trendyol Plus'a Özel""]",InStock,Tükeniyor,,,,,5,1,0,0,0,,,,4999,TRY,0,2,1,5,Tahmini Teslim:,,https://cdn.dsmcdn.com/ty1943/prod/QC_PREP/20260515/15/6d6d9c0f-38ea-30b2-bbd5-c48ebe420342/1_org_zoom.jpg,"{""Yaka Tipi"":""Kayık Yaka"",""Kumaş Tipi"":""Dokuma"",""Cep"":""Cepsiz"",""Kol Tipi"":""Uzun Kol"",""Desen"":""Çizgili"",""Kalıp"":""Relaxed"",""Renk"":""Lacivert"",""Materyal"":""Pamuk"",""Boy"":""Midi"",""Ortam"":""Günlük"",""Kol Boyu"":""Uzun"",""Siluet"":""Kazak Elbise"",""Yıkama Talimatı"":""30 c"",""Koleksiyon"":""Hamile"",""Sürdürülebilirlik Detayı"":""Evet"",""Menşei"":""TR""}",0,,refreshed,"[""daily_top""]",true,2026-09-14T11:08:03.990Z,0,"[""search_result_dom"",""product_detail_jsonld"",""product_detail_dom""]","{""variant_id"":""observed"",""variant_label"":""observed"",""listing_id"":""observed"",""inventory_key"":""observed"",""stock_quantity"":""observed"",""stock_quantity_source"":""observed"",""stock_quantity_kind"":""observed"",""stock_observed_at"":""observed"",""max_sale_limit"":""observed"",""seller_count"":""observed"",""seller_count_observed"":""observed"",""seller_count_kind"":""observed"",""sellers"":""observed"",""variants"":""observed"",""favorite_count"":""observed"",""inventory_decrease"":""unavailable"",""sales_estimate_daily"":""unavailable"",""sales_estimate_weekly"":""unavailable"",""sales_estimate_monthly"":""unavailable"",""sales_estimate_status"":""unavailable"",""sales_estimate_hours"":""unavailable"",""sales_estimate_source"":""unavailable"",""title"":""observed"",""brand"":""observed"",""seller_name"":""observed"",""seller_score"":""observed"",""price"":""observed"",""original_price"":""unavailable"",""campaigns"":""observed"",""stock_status"":""observed"",""stock_signal"":""observed"",""rating"":""observed"",""rating_count"":""observed"",""review_count"":""observed"",""question_count"":""observed"",""delivery_summary"":""observed"",""shipping_cost"":""observed"",""properties"":""observed""}",true,
871155953,S,8941c50ca171964da762622276130e4e,658765753:202669:871155953:8941c50ca171964da762622276130e4e,5,merchantListing.winnerVariant.quantity,reported,2026-09-14T11:08:08.766Z,10,2,2,reported_total,"[{""merchant_id"":""202669"",""name"":""cotonhause"",""score"":9.6,""price"":3600,""variant_id"":""871155953"",""listing_id"":""8941c50ca171964da762622276130e4e"",""stock_quantity"":5},{""merchant_id"":""455261"",""name"":""MAGIC FORM"",""score"":8.4,""price"":3640,""variant_id"":""871155953"",""listing_id"":""a7c5ef3201e347e438646fd85e7b8d45"",""stock_quantity"":37}]","[{""variant_id"":""871155953"",""label"":""S"",""in_stock"":true,""stock_quantity"":5,""selected"":true},{""variant_id"":""871155943"",""label"":""M"",""in_stock"":true,""stock_quantity"":null,""selected"":false},{""variant_id"":""871155992"",""label"":""XL"",""in_stock"":true,""stock_quantity"":null,""selected"":false},{""variant_id"":""871096747"",""label"":""L"",""in_stock"":false,""stock_quantity"":null,""selected"":false}]",1868,,,,,identity_changed_or_unknown,,inventory_net_decrease,2026-09-14,2026-09-14T14:00:36+03:00,hamile,BEST_SELLER,hamile-elbise,hamile elbise,118,4,218,218,2,hamile:hamile-elbise,118,70,10.4,19.6,658765753,202669,658765753:202669,Magic Form Brodeli Midi Boy Kadın Sabahlık Gecelik Takımı,Magic Form,,https://www.trendyol.com/magic-form/brodeli-midi-boy-kadin-sabahlik-gecelik-takimi-p-658765753?boutiqueId=61&merchantId=202669,cotonhause,9.6,3600,,,0,TRY,"[""50 TL Kupon"",""Kargo Bedava"",""Peşin Fiyatına 3 Taksit""]",InStock,Tükeniyor,,,,,4.758620689655173,29,19,0,32,,"1,8B kişi favoriledi",,,,0,,,,51 dakika 51 saniye içinde sipariş verirsen en geç bugün kargoda!,,,{},0,,refreshed,"[""daily_top""]",true,2026-09-14T11:08:08.767Z,0,"[""search_result_dom"",""product_detail_jsonld"",""product_detail_dom""]","{""variant_id"":""observed"",""variant_label"":""observed"",""listing_id"":""observed"",""inventory_key"":""observed"",""stock_quantity"":""observed"",""stock_quantity_source"":""observed"",""stock_quantity_kind"":""observed"",""stock_observed_at"":""observed"",""max_sale_limit"":""observed"",""seller_count"":""observed"",""seller_count_observed"":""observed"",""seller_count_kind"":""observed"",""sellers"":""observed"",""variants"":""observed"",""favorite_count"":""observed"",""inventory_decrease"":""unavailable"",""sales_estimate_daily"":""unavailable"",""sales_estimate_weekly"":""unavailable"",""sales_estimate_monthly"":""unavailable"",""sales_estimate_status"":""unavailable"",""sales_estimate_hours"":""unavailable"",""sales_estimate_source"":""unavailable"",""title"":""observed"",""brand"":""observed"",""seller_name"":""observed"",""seller_score"":""observed"",""price"":""observed"",""original_price"":""unavailable"",""campaigns"":""observed"",""stock_status"":""observed"",""stock_signal"":""observed"",""rating"":""observed"",""rating_count"":""observed"",""review_count"":""observed"",""question_count"":""observed"",""delivery_summary"":""observed"",""shipping_cost"":""unavailable"",""properties"":""observed""}",true,
1573961844,XL,b90f0a3f82568d62694b78eb1cee674f,1127236186:681877:1573961844:b90f0a3f82568d62694b78eb1cee674f,22,merchantListing.winnerVariant.quantity,reported,2026-09-14T11:08:08.733Z,10,1,1,reported_total,"[{""merchant_id"":""681877"",""name"":""BUTİK SEVİM"",""score"":9.5,""price"":1180.53,""variant_id"":""1573961844"",""listing_id"":""b90f0a3f82568d62694b78eb1cee674f"",""stock_quantity"":22}]","[{""variant_id"":""1573961844"",""label"":""XL"",""in_stock"":true,""stock_quantity"":22,""selected"":true},{""variant_id"":""1573963137"",""label"":""2XL"",""in_stock"":true,""stock_quantity"":null,""selected"":false},{""variant_id"":""1573962481"",""label"":""3XL"",""in_stock"":true,""stock_quantity"":null,""selected"":false},{""variant_id"":""1573962849"",""label"":""4XL"",""in_stock"":true,""stock_quantity"":null,""selected"":false},{""variant_id"":""1573957958"",""label"":""L"",""in_stock"":false,""stock_quantity"":null,""selected"":false}]",407,,,,,unchanged_stock,24.02,inventory_net_decrease,2026-09-14,2026-09-14T14:00:36+03:00,hamile,BEST_SELLER,hamile-elbise,hamile elbise,119,4,219,219,4,hamile:hamile-elbise,119,4,3.8,26.2,1127236186,681877,1127236186:681877,Ferace Tesettür Hamile Elbise – Günlük Şık Rahat Kalıp,Ferace,,https://www.trendyol.com/ferace/tesettur-hamile-elbise-gunluk-sik-rahat-kalip-p-1127236186?boutiqueId=61&merchantId=681877,BUTİK SEVİM,9.5,1180.53,,,0,TRY,"[""Kargo Bedava"",""Peşin Fiyatına 3 Taksit""]",InStock,,,,,,4.25,4,2,0,4,,408 kişi favoriledi,,,,0,,,,9 saat 51 dakika içinde sipariş verirsen en geç yarın kargoda!,,,{},0,,refreshed,"[""daily_top""]",true,2026-09-14T11:08:08.734Z,0,"[""search_result_dom"",""product_detail_jsonld"",""product_detail_dom""]","{""variant_id"":""observed"",""variant_label"":""observed"",""listing_id"":""observed"",""inventory_key"":""observed"",""stock_quantity"":""observed"",""stock_quantity_source"":""observed"",""stock_quantity_kind"":""observed"",""stock_observed_at"":""observed"",""max_sale_limit"":""observed"",""seller_count"":""observed"",""seller_count_observed"":""observed"",""seller_count_kind"":""observed"",""sellers"":""observed"",""variants"":""observed"",""favorite_count"":""observed"",""inventory_decrease"":""unavailable"",""sales_estimate_daily"":""unavailable"",""sales_estimate_weekly"":""unavailable"",""sales_estimate_monthly"":""unavailable"",""sales_estimate_status"":""unavailable"",""sales_estimate_hours"":""unavailable"",""sales_estimate_source"":""unavailable"",""title"":""observed"",""brand"":""observed"",""seller_name"":""observed"",""seller_score"":""observed"",""price"":""observed"",""original_price"":""unavailable"",""campaigns"":""observed"",""stock_status"":""observed"",""stock_signal"":""unavailable"",""rating"":""observed"",""rating_count"":""observed"",""review_count"":""observed"",""question_count"":""observed"",""delivery_summary"":""observed"",""shipping_cost"":""unavailable"",""properties"":""observed""}",true,
1124059080,M,3e53a32fb9775b35adba2ccdda03f149,837067496:175525:1124059080:3e53a32fb9775b35adba2ccdda03f149,917,merchantListing.winnerVariant.quantity,reported,2026-09-14T11:08:08.897Z,10,1,1,reported_total,"[{""merchant_id"":""175525"",""name"":""Miss Dünya Lissa"",""score"":8.6,""price"":779.99,""variant_id"":""1124059080"",""listing_id"":""3e53a32fb9775b35adba2ccdda03f149"",""stock_quantity"":917}]","[{""variant_id"":""1124059080"",""label"":""M"",""in_stock"":true,""stock_quantity"":917,""selected"":true},{""variant_id"":""1124059078"",""label"":""L"",""in_stock"":true,""stock_quantity"":null,""selected"":false},{""variant_id"":""1124059079"",""label"":""XL"",""in_stock"":true,""stock_quantity"":null,""selected"":false},{""variant_id"":""1124059081"",""label"":""2XL"",""in_stock"":true,""stock_quantity"":null,""selected"":false}]",6901,,,,,unchanged_stock,24.03,inventory_net_decrease,2026-09-14,2026-09-14T14:00:36+03:00,hamile,BEST_SELLER,hamile-elbise,hamile elbise,120,4,220,220,3,hamile:hamile-elbise,120,-25,14.5,15.5,837067496,175525,837067496:175525,Miss Dünya Lissa Kısa Kol Çizgilli Fitilli Kaşkorse Hamile ve Lohusa Tişört Elbise Takımı,Miss Dünya Lissa,,https://www.trendyol.com/miss-dunya-lissa/kisa-kol-cizgilli-fitilli-kaskorse-hamile-ve-lohusa-tisort-elbise-takimi-p-837067496?boutiqueId=61&merchantId=175525,Miss Dünya Lissa,8.6,779.99,,,0,TRY,"[""Kargo Bedava""]",InStock,,,,,,4.2785714285714285,140,64,0,42,,"6,9B kişi favoriledi",,,,0,,,,Tahmini Teslim:,,,{},0,,refreshed,"[""daily_top""]",true,2026-09-14T11:08:08.898Z,0,"[""search_result_dom"",""product_detail_jsonld"",""product_detail_dom""]","{""variant_id"":""observed"",""variant_label"":""observed"",""listing_id"":""observed"",""inventory_key"":""observed"",""stock_quantity"":""observed"",""stock_quantity_source"":""observed"",""stock_quantity_kind"":""observed"",""stock_observed_at"":""observed"",""max_sale_limit"":""observed"",""seller_count"":""observed"",""seller_count_observed"":""observed"",""seller_count_kind"":""observed"",""sellers"":""observed"",""variants"":""observed"",""favorite_count"":""observed"",""inventory_decrease"":""unavailable"",""sales_estimate_daily"":""unavailable"",""sales_estimate_weekly"":""unavailable"",""sales_estimate_monthly"":""unavailable"",""sales_estimate_status"":""unavailable"",""sales_estimate_hours"":""unavailable"",""sales_estimate_source"":""unavailable"",""title"":""observed"",""brand"":""observed"",""seller_name"":""observed"",""seller_score"":""observed"",""price"":""observed"",""original_price"":""unavailable"",""campaigns"":""observed"",""stock_status"":""observed"",""stock_signal"":""unavailable"",""rating"":""observed"",""rating_count"":""observed"",""review_count"":""observed"",""question_count"":""observed"",""delivery_summary"":""observed"",""shipping_cost"":""unavailable"",""properties"":""observed""}",true,
1657731538,XL,da93b0aae04d515bf2655052d6bbfb55,1182302164:157030:1657731538:da93b0aae04d515bf2655052d6bbfb55,9,merchantListing.winnerVariant.quantity,reported,2026-09-14T11:08:13.591Z,10,1,1,reported_total,"[{""merchant_id"":""157030"",""name"":""SUDENAZ TEKSTİL"",""score"":8.8,""price"":679,""variant_id"":""1657731538"",""listing_id"":""da93b0aae04d515bf2655052d6bbfb55"",""stock_quantity"":9}]","[{""variant_id"":""1657731538"",""label"":""XL"",""in_stock"":true,""stock_quantity"":9,""selected"":true},{""variant_id"":""1657731540"",""label"":""2XL"",""in_stock"":true,""stock_quantity"":null,""selected"":false},{""variant_id"":""1657731541"",""label"":""3XL"",""in_stock"":true,""stock_quantity"":null,""selected"":false},{""variant_id"":""1657731539"",""label"":""4XL"",""in_stock"":true,""stock_quantity"":null,""selected"":false}]",375,,,,,unchanged_stock,24.04,inventory_net_decrease,2026-09-14,2026-09-14T14:00:36+03:00,hamile,BEST_SELLER,hamile-elbise,hamile elbise,121,4,221,221,13,hamile:hamile-elbise,121,-44,3.8,26.2,1182302164,157030,1182302164:157030,SENTEX Geniş kısa kollu desenli kadın elbisesi,SENTEX,,https://www.trendyol.com/sentex/genis-kisa-kollu-desenli-kadin-elbisesi-p-1182302164?boutiqueId=61&merchantId=157030,SUDENAZ TEKSTİL,8.8,679,,,0,TRY,"[""Kargo Bedava""]",InStock,Tükeniyor,,,,,3,2,2,0,8,,380 kişi favoriledi,,,,0,,,,9 saat 51 dakika içinde sipariş verirsen en geç yarın kargoda!,,,{},0,,refreshed,"[""daily_top"",""hot_change""]",true,2026-09-14T11:08:13.592Z,0,"[""search_result_dom"",""product_detail_jsonld"",""product_detail_dom""]","{""variant_id"":""observed"",""variant_label"":""observed"",""listing_id"":""observed"",""inventory_key"":""observed"",""stock_quantity"":""observed"",""stock_quantity_source"":""observed"",""stock_quantity_kind"":""observed"",""stock_observed_at"":""observed"",""max_sale_limit"":""observed"",""seller_count"":""observed"",""seller_count_observed"":""observed"",""seller_count_kind"":""observed"",""sellers"":""observed"",""variants"":""observed"",""favorite_count"":""observed"",""inventory_decrease"":""unavailable"",""sales_estimate_daily"":""unavailable"",""sales_estimate_weekly"":""unavailable"",""sales_estimate_monthly"":""unavailable"",""sales_estimate_status"":""unavailable"",""sales_estimate_hours"":""unavailable"",""sales_estimate_source"":""unavailable"",""title"":""observed"",""brand"":""observed"",""seller_name"":""observed"",""seller_score"":""observed"",""price"":""observed"",""original_price"":""unavailable"",""campaigns"":""observed"",""stock_status"":""observed"",""stock_signal"":""observed"",""rating"":""observed"",""rating_count"":""observed"",""review_count"":""observed"",""question_count"":""observed"",""delivery_summary"":""observed"",""shipping_cost"":""unavailable"",""properties"":""observed""}",true,
1659711519,XS,fea2dcdfc801eef9fa0f6351e50e300f,1183419005:982060:1659711519:fea2dcdfc801eef9fa0f6351e50e300f,2,merchantListing.winnerVariant.quantity,reported,2026-09-14T11:08:13.538Z,10,1,1,reported_total,"[{""merchant_id"":""982060"",""name"":""H&M"",""score"":8.6,""price"":2999,""variant_id"":""1659711519"",""listing_id"":""fea2dcdfc801eef9fa0f6351e50e300f"",""stock_quantity"":2}]","[{""variant_id"":""1659711519"",""label"":""XS"",""in_stock"":true,""stock_quantity"":2,""selected"":true},{""variant_id"":""1659711520"",""label"":""S"",""in_stock"":true,""stock_quantity"":null,""selected"":false},{""variant_id"":""1659711524"",""label"":""M"",""in_stock"":true,""stock_quantity"":null,""selected"":false},{""variant_id"":""1659711522"",""label"":""L"",""in_stock"":true,""stock_quantity"":null,""selected"":false},{""variant_id"":""1659711518"",""label"":""XL"",""in_stock"":true,""stock_quantity"":null,""selected"":false},{""variant_id"":""1659711521"",""label"":""2XL"",""in_stock"":true,""stock_quantity"":null,""selected"":false}]",86,,,,,unchanged_stock,23.98,inventory_net_decrease,2026-09-14,2026-09-14T14:00:36+03:00,hamile,BEST_SELLER,hamile-elbise,hamile elbise,122,4,222,222,2,hamile:hamile-elbise,122,84,0,30,1183419005,982060,1183419005:982060,H&M MAMA Lastik Örgülü Elbise,H&M,,https://www.trendyol.com/h-m/mama-lastik-orgulu-elbise-p-1183419005?boutiqueId=61&merchantId=982060,H&M,8.6,2999,,,0,TRY,"[""Kargo Bedava"",""Peşin Fiyatına 3 Taksit""]",InStock,Tükeniyor,,,,,0,0,0,0,0,,,,,,0,,,,Tahmini Teslim:,,,{},0,,refreshed,"[""daily_top"",""hot_change""]",true,2026-09-14T11:08:13.538Z,0,"[""search_result_dom"",""product_detail_jsonld"",""product_detail_dom""]","{""variant_id"":""observed"",""variant_label"":""observed"",""listing_id"":""observed"",""inventory_key"":""observed"",""stock_quantity"":""observed"",""stock_quantity_source"":""observed"",""stock_quantity_kind"":""observed"",""stock_observed_at"":""observed"",""max_sale_limit"":""observed"",""seller_count"":""observed"",""seller_count_observed"":""observed"",""seller_count_kind"":""observed"",""sellers"":""observed"",""variants"":""observed"",""favorite_count"":""observed"",""inventory_decrease"":""unavailable"",""sales_estimate_daily"":""unavailable"",""sales_estimate_weekly"":""unavailable"",""sales_estimate_monthly"":""unavailable"",""sales_estimate_status"":""unavailable"",""sales_estimate_hours"":""unavailable"",""sales_estimate_source"":""unavailable"",""title"":""observed"",""brand"":""observed"",""seller_name"":""observed"",""seller_score"":""observed"",""price"":""observed"",""original_price"":""unavailable"",""campaigns"":""observed"",""stock_status"":""observed"",""stock_signal"":""observed"",""rating"":""observed"",""rating_count"":""observed"",""review_count"":""observed"",""question_count"":""observed"",""delivery_summary"":""observed"",""shipping_cost"":""unavailable"",""properties"":""observed""}",true,
1129048354,36,5914efba8aa4507cd8fa16521e2c4fc9,839885939:262565:1129048354:5914efba8aa4507cd8fa16521e2c4fc9,15,merchantListing.winnerVariant.quantity,reported,2026-09-14T11:08:13.423Z,11,1,1,reported_total,"[{""merchant_id"":""262565"",""name"":""VOLANLI"",""score"":9.2,""price"":1340,""variant_id"":""1129048354"",""listing_id"":""5914efba8aa4507cd8fa16521e2c4fc9"",""stock_quantity"":15}]","[{""variant_id"":""1129048354"",""label"":""36"",""in_stock"":true,""stock_quantity"":15,""selected"":true},{""variant_id"":""1129048357"",""label"":""38"",""in_stock"":true,""stock_quantity"":null,""selected"":false},{""variant_id"":""1129048353"",""label"":""40"",""in_stock"":true,""stock_quantity"":null,""selected"":false},{""variant_id"":""1129048355"",""label"":""44"",""in_stock"":true,""stock_quantity"":null,""selected"":false},{""variant_id"":""1129048356"",""label"":""42"",""in_stock"":true,""stock_quantity"":null,""selected"":false}]",1322,,,,,observation_gap,,inventory_net_decrease,2026-09-14,2026-09-14T14:00:36+03:00,hamile,BEST_SELLER,hamile-elbise,hamile elbise,123,4,223,223,4,hamile:hamile-elbise,123,15,9.8,20.2,839885939,262565,839885939:262565,Volanlı Jile Elbise,Volanlı,,https://www.trendyol.com/volanli/jile-elbise-p-839885939?boutiqueId=61&merchantId=262565,VOLANLI,9.2,1340,,,0,TRY,"[""50 TL Kupon"",""Kargo Bedava"",""Peşin Fiyatına 3 Taksit""]",InStock,,,,,,4.083333333333333,24,16,0,16,,"1,3B kişi favoriledi",,,,0,,,,9 saat 51 dakika içinde sipariş verirsen en geç yarın kargoda!,,,{},0,,refreshed,"[""daily_top""]",true,2026-09-14T11:08:13.423Z,0,"[""search_result_dom"",""product_detail_jsonld"",""product_detail_dom""]","{""variant_id"":""observed"",""variant_label"":""observed"",""listing_id"":""observed"",""inventory_key"":""observed"",""stock_quantity"":""observed"",""stock_quantity_source"":""observed"",""stock_quantity_kind"":""observed"",""stock_observed_at"":""observed"",""max_sale_limit"":""observed"",""seller_count"":""observed"",""seller_count_observed"":""observed"",""seller_count_kind"":""observed"",""sellers"":""observed"",""variants"":""observed"",""favorite_count"":""observed"",""inventory_decrease"":""unavailable"",""sales_estimate_daily"":""unavailable"",""sales_estimate_weekly"":""unavailable"",""sales_estimate_monthly"":""unavailable"",""sales_estimate_status"":""unavailable"",""sales_estimate_hours"":""unavailable"",""sales_estimate_source"":""unavailable"",""title"":""observed"",""brand"":""observed"",""seller_name"":""observed"",""seller_score"":""observed"",""price"":""observed"",""original_price"":""unavailable"",""campaigns"":""observed"",""stock_status"":""observed"",""stock_signal"":""unavailable"",""rating"":""observed"",""rating_count"":""observed"",""review_count"":""observed"",""question_count"":""observed"",""delivery_summary"":""observed"",""shipping_cost"":""unavailable"",""properties"":""observed""}",true,
1311395945,38,98d80ed4d65f4a5ed36269c9a472f309,927615829:187624:1311395945:98d80ed4d65f4a5ed36269c9a472f309,2,merchantListing.winnerVariant.quantity,reported,2026-09-14T11:08:18.035Z,10,2,2,reported_total,"[{""merchant_id"":""187624"",""name"":""ENTARIM MATERNITY WEAR"",""score"":8.6,""price"":2395,""variant_id"":""1311395945"",""listing_id"":""98d80ed4d65f4a5ed36269c9a472f309"",""stock_quantity"":2},{""merchant_id"":""374875"",""name"":""LİCA"",""score"":8.2,""price"":2650,""variant_id"":""1311395945"",""listing_id"":""eb34aa7c41a0fd7b4e830687cb5c5fc4"",""stock_quantity"":50}]","[{""variant_id"":""1311395945"",""label"":""38"",""in_stock"":true,""stock_quantity"":2,""selected"":true},{""variant_id"":""1311395942"",""label"":""40"",""in_stock"":true,""stock_quantity"":null,""selected"":false},{""variant_id"":""1311395944"",""label"":""44"",""in_stock"":true,""stock_quantity"":null,""selected"":false},{""variant_id"":""1311395946"",""label"":""46"",""in_stock"":true,""stock_quantity"":null,""selected"":false},{""variant_id"":""1311395943"",""label"":""42"",""in_stock"":false,""stock_quantity"":null,""selected"":false}]",478,,,,,missing_baseline,,inventory_net_decrease,2026-09-14,2026-09-14T14:00:36+03:00,hamile,BEST_SELLER,hamile-elbise,hamile elbise,124,4,224,224,,hamile:hamile-elbise,124,,0,30,927615829,187624,927615829:187624,Entarim Hamile Elbise Pamuk,Entarim,Hamile Elbisesi,https://www.trendyol.com/entarim/hamile-elbise-pamuk-p-927615829?boutiqueId=61&merchantId=187624,ENTARIM MATERNITY WEAR,8.6,2395,,,,TRY,"[""Kargo Bedava"",""Peşin Fiyatına 3 Taksit"",""Trendyol Plus'a Özel""]",InStock,Tükeniyor,,,,,5,1,0,,2,,478 kişi favoriledi,,4999,TRY,0,1,1,3,Tahmini Teslim:,,https://cdn.dsmcdn.com/ty1662/prod/QC/20250415/16/92135b1e-cbbc-3898-a0ee-4f6c3cb3d4a1/1_org_zoom.jpg,"{""Yaka Tipi"":""Bisiklet Yaka"",""Kumaş Tipi"":""Dokuma"",""Cep"":""Cepsiz"",""Kol Tipi"":""Uzun Kol"",""Desen"":""Çizgili"",""Kalıp"":""Relaxed"",""Renk"":""Lacivert"",""Materyal"":""Pamuklu"",""Boy"":""Midi"",""Ortam"":""Günlük"",""Kol Boyu"":""Uzun"",""Siluet"":""Kazak Elbise"",""Materyal Bileşeni"":""%50 PAMUK %50 POLYESTER"",""Yıkama Talimatı"":""30"",""Koleksiyon"":""Hamile"",""Sürdürülebilirlik Detayı"":""Evet"",""Menşei"":""TR"",""Paket İçeriği"":""Tekli""}",0,,refreshed,"[""daily_top""]",true,2026-09-14T11:08:18.035Z,0,"[""search_result_dom"",""product_detail_jsonld"",""product_detail_dom""]","{""variant_id"":""observed"",""variant_label"":""observed"",""listing_id"":""observed"",""inventory_key"":""observed"",""stock_quantity"":""observed"",""stock_quantity_source"":""observed"",""stock_quantity_kind"":""observed"",""stock_observed_at"":""observed"",""max_sale_limit"":""observed"",""seller_count"":""observed"",""seller_count_observed"":""observed"",""seller_count_kind"":""observed"",""sellers"":""observed"",""variants"":""observed"",""favorite_count"":""observed"",""inventory_decrease"":""unavailable"",""sales_estimate_daily"":""unavailable"",""sales_estimate_weekly"":""unavailable"",""sales_estimate_monthly"":""unavailable"",""sales_estimate_status"":""unavailable"",""sales_estimate_hours"":""unavailable"",""sales_estimate_source"":""unavailable"",""title"":""observed"",""brand"":""observed"",""seller_name"":""observed"",""seller_score"":""observed"",""price"":""observed"",""original_price"":""unavailable"",""campaigns"":""observed"",""stock_status"":""observed"",""stock_signal"":""observed"",""rating"":""observed"",""rating_count"":""observed"",""review_count"":""observed"",""question_count"":""observed"",""delivery_summary"":""observed"",""shipping_cost"":""observed"",""properties"":""observed""}",true,
1625484979,XL,16e4bab6cd9640c590f9f0b74510825a,1161464913:157030:1625484979:16e4bab6cd9640c590f9f0b74510825a,5,merchantListing.winnerVariant.quantity,reported,2026-09-14T11:08:18.137Z,11,1,1,reported_total,"[{""merchant_id"":""157030"",""name"":""SUDENAZ TEKSTİL"",""score"":8.8,""price"":679,""variant_id"":""1625484979"",""listing_id"":""16e4bab6cd9640c590f9f0b74510825a"",""stock_quantity"":5}]","[{""variant_id"":""1625484979"",""label"":""XL"",""in_stock"":true,""stock_quantity"":5,""selected"":true},{""variant_id"":""1625484980"",""label"":""2XL"",""in_stock"":true,""stock_quantity"":null,""selected"":false},{""variant_id"":""1625484981"",""label"":""3XL"",""in_stock"":true,""stock_quantity"":null,""selected"":false},{""variant_id"":""1625484982"",""label"":""4XL"",""in_stock"":true,""stock_quantity"":null,""selected"":false}]",396,3,3,,,estimated,24.03,inventory_net_decrease,2026-09-14,2026-09-14T14:00:36+03:00,hamile,BEST_SELLER,hamile-elbise,hamile elbise,125,4,225,225,13,hamile:hamile-elbise,125,-28,3.8,26.2,1161464913,157030,1161464913:157030,SENTEX Geniş kısa kollu desenli kadın elbisesi,SENTEX,,https://www.trendyol.com/sentex/genis-kisa-kollu-desenli-kadin-elbisesi-p-1161464913?boutiqueId=61&merchantId=157030,SUDENAZ TEKSTİL,8.8,679,,,0,TRY,"[""Kargo Bedava""]",InStock,Tükeniyor,,,,,4,3,2,0,7,,396 kişi favoriledi,,,,0,,,,9 saat 51 dakika içinde sipariş verirsen en geç yarın kargoda!,,,{},0,,refreshed,"[""daily_top""]",true,2026-09-14T11:08:18.137Z,0,"[""search_result_dom"",""product_detail_jsonld"",""product_detail_dom""]","{""variant_id"":""observed"",""variant_label"":""observed"",""listing_id"":""observed"",""inventory_key"":""observed"",""stock_quantity"":""observed"",""stock_quantity_source"":""observed"",""stock_quantity_kind"":""observed"",""stock_observed_at"":""observed"",""max_sale_limit"":""observed"",""seller_count"":""observed"",""seller_count_observed"":""observed"",""seller_count_kind"":""observed"",""sellers"":""observed"",""variants"":""observed"",""favorite_count"":""observed"",""inventory_decrease"":""unavailable"",""sales_estimate_daily"":""unavailable"",""sales_estimate_weekly"":""unavailable"",""sales_estimate_monthly"":""unavailable"",""sales_estimate_status"":""unavailable"",""sales_estimate_hours"":""unavailable"",""sales_estimate_source"":""unavailable"",""title"":""observed"",""brand"":""observed"",""seller_name"":""observed"",""seller_score"":""observed"",""price"":""observed"",""original_price"":""unavailable"",""campaigns"":""observed"",""stock_status"":""observed"",""stock_signal"":""observed"",""rating"":""observed"",""rating_count"":""observed"",""review_count"":""observed"",""question_count"":""observed"",""delivery_summary"":""observed"",""shipping_cost"":""unavailable"",""properties"":""observed""}",true,
486752816,S,1be2a8197bbd55b0c6cf51df1ea700e1,304647186:695647:486752816:1be2a8197bbd55b0c6cf51df1ea700e1,9996,merchantListing.winnerVariant.quantity,reported,2026-09-14T11:08:18.113Z,10,1,1,reported_total,"[{""merchant_id"":""695647"",""name"":""AZRA STYLE"",""score"":9.2,""price"":1399.9,""variant_id"":""486752816"",""listing_id"":""1be2a8197bbd55b0c6cf51df1ea700e1"",""stock_quantity"":9996}]","[{""variant_id"":""486752816"",""label"":""S"",""in_stock"":true,""stock_quantity"":9996,""selected"":true},{""variant_id"":""486752811"",""label"":""M"",""in_stock"":true,""stock_quantity"":null,""selected"":false},{""variant_id"":""486752807"",""label"":""L"",""in_stock"":true,""stock_quantity"":null,""selected"":false},{""variant_id"":""486510420"",""label"":""XL"",""in_stock"":true,""stock_quantity"":null,""selected"":false},{""variant_id"":""486752813"",""label"":""2XL"",""in_stock"":true,""stock_quantity"":null,""selected"":false},{""variant_id"":""486752801"",""label"":""3XL"",""in_stock"":true,""stock_quantity"":null,""selected"":false},{""variant_id"":""964309716"",""label"":""48"",""in_stock"":false,""stock_quantity"":null,""selected"":false},{""variant_id"":""964309712"",""label"":""50"",""in_stock"":false,""stock_quantity"":null,""selected"":false}]",461,,,,,unchanged_stock,23.98,inventory_net_decrease,2026-09-14,2026-09-14T14:00:36+03:00,hamile,BEST_SELLER,hamile-elbise,hamile elbise,126,4,226,226,12,hamile:hamile-elbise,126,85,3.8,26.2,304647186,695647,304647186:695647,Azra Style Kadın Hamile Beyaz Fırfırlı Yaka Şifon Kuşaklı Elbise 7000,Azra Style,,https://www.trendyol.com/azra-style/kadin-hamile-beyaz-firfirli-yaka-sifon-kusakli-elbise-7000-p-304647186?boutiqueId=61&merchantId=695647,AZRA STYLE,9.2,1399.9,,,0,TRY,"[""Kargo Bedava"",""Peşin Fiyatına 3 Taksit""]",InStock,,,,,,3.8,5,2,0,9,,460 kişi favoriledi,,,,0,,,,9 saat 51 dakika içinde sipariş verirsen en geç yarın kargoda!,,,{},0,,refreshed,"[""daily_top"",""hot_change""]",true,2026-09-14T11:08:18.113Z,0,"[""search_result_dom"",""product_detail_jsonld"",""product_detail_dom""]","{""variant_id"":""observed"",""variant_label"":""observed"",""listing_id"":""observed"",""inventory_key"":""observed"",""stock_quantity"":""observed"",""stock_quantity_source"":""observed"",""stock_quantity_kind"":""observed"",""stock_observed_at"":""observed"",""max_sale_limit"":""observed"",""seller_count"":""observed"",""seller_count_observed"":""observed"",""seller_count_kind"":""observed"",""sellers"":""observed"",""variants"":""observed"",""favorite_count"":""observed"",""inventory_decrease"":""unavailable"",""sales_estimate_daily"":""unavailable"",""sales_estimate_weekly"":""unavailable"",""sales_estimate_monthly"":""unavailable"",""sales_estimate_status"":""unavailable"",""sales_estimate_hours"":""unavailable"",""sales_estimate_source"":""unavailable"",""title"":""observed"",""brand"":""observed"",""seller_name"":""observed"",""seller_score"":""observed"",""price"":""observed"",""original_price"":""unavailable"",""campaigns"":""observed"",""stock_status"":""observed"",""stock_signal"":""unavailable"",""rating"":""observed"",""rating_count"":""observed"",""review_count"":""observed"",""question_count"":""observed"",""delivery_summary"":""observed"",""shipping_cost"":""unavailable"",""properties"":""observed""}",true,
1623584095,L,e4dfaaca075fa3ca71dd7d7b0f5f8b1d,1160314759:424401:1623584095:e4dfaaca075fa3ca71dd7d7b0f5f8b1d,1,merchantListing.winnerVariant.quantity,reported,2026-09-14T11:08:22.616Z,10,1,1,reported_total,"[{""merchant_id"":""424401"",""name"":""Bersi butik"",""score"":9.3,""price"":1600,""variant_id"":""1623584095"",""listing_id"":""e4dfaaca075fa3ca71dd7d7b0f5f8b1d"",""stock_quantity"":1}]","[{""variant_id"":""1623584091"",""label"":""S"",""in_stock"":true,""stock_quantity"":null,""selected"":false},{""variant_id"":""1623584098"",""label"":""M"",""in_stock"":true,""stock_quantity"":null,""selected"":false},{""variant_id"":""1623584095"",""label"":""L"",""in_stock"":true,""stock_quantity"":1,""selected"":true},{""variant_id"":""1623584094"",""label"":""XL"",""in_stock"":true,""stock_quantity"":null,""selected"":false},{""variant_id"":""1623584097"",""label"":""2XL"",""in_stock"":true,""stock_quantity"":null,""selected"":false},{""variant_id"":""1623584096"",""label"":""3XL"",""in_stock"":true,""stock_quantity"":null,""selected"":false},{""variant_id"":""1623584093"",""label"":""4XL"",""in_stock"":false,""stock_quantity"":null,""selected"":false},{""variant_id"":""1623584092"",""label"":""5XL"",""in_stock"":false,""stock_quantity"":null,""selected"":false}]",54,,,,,unchanged_stock,24.02,inventory_net_decrease,2026-09-14,2026-09-14T14:00:36+03:00,hamile,BEST_SELLER,hamile-elbise,hamile elbise,127,4,227,227,15,hamile:hamile-elbise,127,2,0,30,1160314759,424401,1160314759:424401,MACFLY Kadın Fırfır Yaka Şifon Elbise,MACFLY,,https://www.trendyol.com/macfly/kadin-firfir-yaka-sifon-elbise-p-1160314759?boutiqueId=61&merchantId=424401,Bersi butik,9.3,1600,,,0,TRY,"[""Kargo Bedava"",""Peşin Fiyatına 3 Taksit""]",InStock,Tükeniyor,,,,,0,0,0,0,2,,,,,,0,,,,9 saat 51 dakika içinde sipariş verirsen en geç yarın kargoda!,,,{},0,,refreshed,"[""daily_top""]",true,2026-09-14T11:08:22.616Z,0,"[""search_result_dom"",""product_detail_jsonld"",""product_detail_dom""]","{""variant_id"":""observed"",""variant_label"":""observed"",""listing_id"":""observed"",""inventory_key"":""observed"",""stock_quantity"":""observed"",""stock_quantity_source"":""observed"",""stock_quantity_kind"":""observed"",""stock_observed_at"":""observed"",""max_sale_limit"":""observed"",""seller_count"":""observed"",""seller_count_observed"":""observed"",""seller_count_kind"":""observed"",""sellers"":""observed"",""variants"":""observed"",""favorite_count"":""observed"",""inventory_decrease"":""unavailable"",""sales_estimate_daily"":""unavailable"",""sales_estimate_weekly"":""unavailable"",""sales_estimate_monthly"":""unavailable"",""sales_estimate_status"":""unavailable"",""sales_estimate_hours"":""unavailable"",""sales_estimate_source"":""unavailable"",""title"":""observed"",""brand"":""observed"",""seller_name"":""observed"",""seller_score"":""observed"",""price"":""observed"",""original_price"":""unavailable"",""campaigns"":""observed"",""stock_status"":""observed"",""stock_signal"":""observed"",""rating"":""observed"",""rating_count"":""observed"",""review_count"":""observed"",""question_count"":""observed"",""delivery_summary"":""observed"",""shipping_cost"":""unavailable"",""properties"":""observed""}",true,
197645055,S,69a79166377f9ff2ca436d972710fb3f,122436327:346762:197645055:69a79166377f9ff2ca436d972710fb3f,199,merchantListing.winnerVariant.quantity,reported,2026-09-14T11:08:22.845Z,10,1,1,reported_total,"[{""merchant_id"":""346762"",""name"":""ADA STYLE"",""score"":9.3,""price"":1349.9,""variant_id"":""197645055"",""listing_id"":""69a79166377f9ff2ca436d972710fb3f"",""stock_quantity"":199}]","[{""variant_id"":""197645055"",""label"":""S"",""in_stock"":true,""stock_quantity"":199,""selected"":true},{""variant_id"":""197635002"",""label"":""M"",""in_stock"":true,""stock_quantity"":null,""selected"":false},{""variant_id"":""197645052"",""label"":""L"",""in_stock"":true,""stock_quantity"":null,""selected"":false},{""variant_id"":""197645042"",""label"":""XL"",""in_stock"":true,""stock_quantity"":null,""selected"":false},{""variant_id"":""197645059"",""label"":""2XL"",""in_stock"":true,""stock_quantity"":null,""selected"":false},{""variant_id"":""197645047"",""label"":""3XL"",""in_stock"":true,""stock_quantity"":null,""selected"":false},{""variant_id"":""1150000716"",""label"":""4XL"",""in_stock"":true,""stock_quantity"":null,""selected"":false},{""variant_id"":""1150000718"",""label"":""5XL"",""in_stock"":true,""stock_quantity"":null,""selected"":false}]",1777,,,,,unchanged_stock,24.02,inventory_net_decrease,2026-09-14,2026-09-14T14:00:36+03:00,hamile,BEST_SELLER,hamile-elbise,hamile elbise,128,4,228,228,16,hamile:hamile-elbise,128,0,12.3,17.7,122436327,346762,122436327:346762,ADASTYLE Yaka Şifon Siyah Elbise,ADASTYLE,,https://www.trendyol.com/adastyle/yaka-sifon-siyah-elbise-p-122436327?boutiqueId=61&merchantId=346762,ADA STYLE,9.3,1349.9,,,0,TRY,"[""Kargo Bedava"",""Sepette %1 İndirim"",""Peşin Fiyatına 3 Taksit""]",InStock,,,,,,4.712121212121212,66,33,0,38,,"1,7B kişi favoriledi",,,,0,,,,9 saat 51 dakika içinde sipariş verirsen en geç yarın kargoda!,,,{},0,,refreshed,"[""daily_top""]",true,2026-09-14T11:08:22.845Z,0,"[""search_result_dom"",""product_detail_jsonld"",""product_detail_dom""]","{""variant_id"":""observed"",""variant_label"":""observed"",""listing_id"":""observed"",""inventory_key"":""observed"",""stock_quantity"":""observed"",""stock_quantity_source"":""observed"",""stock_quantity_kind"":""observed"",""stock_observed_at"":""observed"",""max_sale_limit"":""observed"",""seller_count"":""observed"",""seller_count_observed"":""observed"",""seller_count_kind"":""observed"",""sellers"":""observed"",""variants"":""observed"",""favorite_count"":""observed"",""inventory_decrease"":""unavailable"",""sales_estimate_daily"":""unavailable"",""sales_estimate_weekly"":""unavailable"",""sales_estimate_monthly"":""unavailable"",""sales_estimate_status"":""unavailable"",""sales_estimate_hours"":""unavailable"",""sales_estimate_source"":""unavailable"",""title"":""observed"",""brand"":""observed"",""seller_name"":""observed"",""seller_score"":""observed"",""price"":""observed"",""original_price"":""unavailable"",""campaigns"":""observed"",""stock_status"":""observed"",""stock_signal"":""unavailable"",""rating"":""observed"",""rating_count"":""observed"",""review_count"":""observed"",""question_count"":""observed"",""delivery_summary"":""observed"",""shipping_cost"":""unavailable"",""properties"":""observed""}",true,
195749467,S,fbad66e4766a7a5e6c82a540b59a7fb8,121666565:346762:195749467:fbad66e4766a7a5e6c82a540b59a7fb8,31,merchantListing.winnerVariant.quantity,reported,2026-09-14T11:08:22.686Z,10,1,1,reported_total,"[{""merchant_id"":""346762"",""name"":""ADA STYLE"",""score"":9.3,""price"":1349.9,""variant_id"":""195749467"",""listing_id"":""fbad66e4766a7a5e6c82a540b59a7fb8"",""stock_quantity"":31}]","[{""variant_id"":""195749467"",""label"":""S"",""in_stock"":true,""stock_quantity"":31,""selected"":true},{""variant_id"":""195763192"",""label"":""M"",""in_stock"":true,""stock_quantity"":null,""selected"":false},{""variant_id"":""195763198"",""label"":""L"",""in_stock"":true,""stock_quantity"":null,""selected"":false},{""variant_id"":""195763188"",""label"":""XL"",""in_stock"":true,""stock_quantity"":null,""selected"":false},{""variant_id"":""242442782"",""label"":""2XL"",""in_stock"":true,""stock_quantity"":null,""selected"":false},{""variant_id"":""242321008"",""label"":""3XL"",""in_stock"":true,""stock_quantity"":null,""selected"":false},{""variant_id"":""1155517045"",""label"":""4XL"",""in_stock"":false,""stock_quantity"":null,""selected"":false},{""variant_id"":""1155517044"",""label"":""5XL"",""in_stock"":false,""stock_quantity"":null,""selected"":false}]",368,,,,,observation_gap,,inventory_net_decrease,2026-09-14,2026-09-14T14:00:36+03:00,hamile,BEST_SELLER,hamile-elbise,hamile elbise,129,4,229,229,16,hamile:hamile-elbise,129,139,8.9,21.1,121666565,346762,121666565:346762,"ADASTYLE Yaka, Şifon Saks Mavisi Elbise",ADASTYLE,,https://www.trendyol.com/adastyle/yaka-sifon-saks-mavisi-elbise-p-121666565?boutiqueId=61&merchantId=346762,ADA STYLE,9.3,1349.9,,,0,TRY,"[""Kargo Bedava"",""Sepette %1 İndirim"",""Peşin Fiyatına 3 Taksit""]",InStock,,,,,,4.681818181818182,22,12,0,31,,368 kişi favoriledi,,,,0,,,,9 saat 51 dakika içinde sipariş verirsen en geç yarın kargoda!,,,{},0,,refreshed,"[""daily_top"",""hot_change""]",true,2026-09-14T11:08:22.687Z,0,"[""search_result_dom"",""product_detail_jsonld"",""product_detail_dom""]","{""variant_id"":""observed"",""variant_label"":""observed"",""listing_id"":""observed"",""inventory_key"":""observed"",""stock_quantity"":""observed"",""stock_quantity_source"":""observed"",""stock_quantity_kind"":""observed"",""stock_observed_at"":""observed"",""max_sale_limit"":""observed"",""seller_count"":""observed"",""seller_count_observed"":""observed"",""seller_count_kind"":""observed"",""sellers"":""observed"",""variants"":""observed"",""favorite_count"":""observed"",""inventory_decrease"":""unavailable"",""sales_estimate_daily"":""unavailable"",""sales_estimate_weekly"":""unavailable"",""sales_estimate_monthly"":""unavailable"",""sales_estimate_status"":""unavailable"",""sales_estimate_hours"":""unavailable"",""sales_estimate_source"":""unavailable"",""title"":""observed"",""brand"":""observed"",""seller_name"":""observed"",""seller_score"":""observed"",""price"":""observed"",""original_price"":""unavailable"",""campaigns"":""observed"",""stock_status"":""observed"",""stock_signal"":""unavailable"",""rating"":""observed"",""rating_count"":""observed"",""review_count"":""observed"",""question_count"":""observed"",""delivery_summary"":""observed"",""shipping_cost"":""unavailable"",""properties"":""observed""}",true,
642802205,M,4506af271f50a0af9243ffc75e28d035,449022056:733989:642802205:4506af271f50a0af9243ffc75e28d035,18,merchantListing.winnerVariant.quantity,reported,2026-09-14T11:08:27.239Z,10,1,1,reported_total,"[{""merchant_id"":""733989"",""name"":""KEM-TEX"",""score"":9.5,""price"":1799,""variant_id"":""642802205"",""listing_id"":""4506af271f50a0af9243ffc75e28d035"",""stock_quantity"":18}]","[{""variant_id"":""642802205"",""label"":""M"",""in_stock"":true,""stock_quantity"":18,""selected"":true},{""variant_id"":""643380886"",""label"":""L"",""in_stock"":true,""stock_quantity"":null,""selected"":false},{""variant_id"":""643337641"",""label"":""XL"",""in_stock"":true,""stock_quantity"":null,""selected"":false},{""variant_id"":""643380903"",""label"":""2XL"",""in_stock"":false,""stock_quantity"":null,""selected"":false}]",25501,,,,,unchanged_stock,24.03,inventory_net_decrease,2026-09-14,2026-09-14T14:00:36+03:00,hamile,BEST_SELLER,hamile-elbise,hamile elbise,130,4,230,230,,hamile:hamile-elbise,130,-31,21.7,8.3,449022056,733989,449022056:733989,Nehirsel 3022 Özel Tasarım Lohusa Pijama Takımı 3'lü Set,Nehirsel,Hamile Pijama Takımı,https://www.trendyol.com/nehirsel/3022-ozel-tasarim-lohusa-pijama-takimi-3-lu-set-p-449022056?boutiqueId=61&merchantId=733989,KEM-TEX,9.5,1799,,,0,TRY,"[""Sepette %5 İndirim"",""50 TL Kupon"",""Kargo Bedava"",""Peşin Fiyatına 3 Taksit""]",InStock,,,,,,4.737684729064039,812,511,0,244,,"25,4B kişi favoriledi",,4999,TRY,0,1,1,3,9 saat 51 dakika içinde sipariş verirsen en geç yarın kargoda!,,https://cdn.dsmcdn.com/ty1508/product/media/images/prod/QC/20240827/22/ffbd6d98-b5d3-3260-bf79-e345082eaf3b/1_org_zoom.jpg,"{""Sürdürülebilirlik Detayı"":""Hayır"",""Paça Boyu"":""Uzun"",""Materyal"":""Pamuklu"",""Kol Tipi"":""Uzun Kol"",""Desen"":""Düz"",""Yaka Tipi"":""Bisiklet Yaka"",""Renk"":""Ekru"",""Koleksiyon"":""Hamile"",""Yıkama Talimatı"":""Type 1"",""Kumaş Tipi"":""Dokuma"",""Boy"":""Uzun"",""Kalıp"":""Regular"",""Paça Tipi"":""Boru Paça"",""Kol Boyu"":""Uzun"",""Ortam"":""Lounge/Home"",""Paket İçeriği"":""3'lü"",""Bel"":""Normal Bel"",""Menşei"":""TR""}",20,5,refreshed,"[""daily_top"",""hot_change""]",true,2026-09-14T11:08:27.239Z,0,"[""search_result_dom"",""product_detail_jsonld"",""product_detail_dom""]","{""variant_id"":""observed"",""variant_label"":""observed"",""listing_id"":""observed"",""inventory_key"":""observed"",""stock_quantity"":""observed"",""stock_quantity_source"":""observed"",""stock_quantity_kind"":""observed"",""stock_observed_at"":""observed"",""max_sale_limit"":""observed"",""seller_count"":""observed"",""seller_count_observed"":""observed"",""seller_count_kind"":""observed"",""sellers"":""observed"",""variants"":""observed"",""favorite_count"":""observed"",""inventory_decrease"":""unavailable"",""sales_estimate_daily"":""unavailable"",""sales_estimate_weekly"":""unavailable"",""sales_estimate_monthly"":""unavailable"",""sales_estimate_status"":""unavailable"",""sales_estimate_hours"":""unavailable"",""sales_estimate_source"":""unavailable"",""title"":""observed"",""brand"":""observed"",""seller_name"":""observed"",""seller_score"":""observed"",""price"":""observed"",""original_price"":""unavailable"",""campaigns"":""observed"",""stock_status"":""observed"",""stock_signal"":""unavailable"",""rating"":""observed"",""rating_count"":""observed"",""review_count"":""observed"",""question_count"":""observed"",""delivery_summary"":""observed"",""shipping_cost"":""observed"",""properties"":""observed""}",true,
1628090447,S,33a6a75ef5c80c2006323f2dd3719bfa,1163088908:987100:1628090447:33a6a75ef5c80c2006323f2dd3719bfa,11995,merchantListing.winnerVariant.quantity,reported,2026-09-14T11:08:27.513Z,10,1,1,reported_total,"[{""merchant_id"":""987100"",""name"":""Lohusa Center"",""score"":9.4,""price"":3999.9,""variant_id"":""1628090447"",""listing_id"":""33a6a75ef5c80c2006323f2dd3719bfa"",""stock_quantity"":11995}]","[{""variant_id"":""1628090447"",""label"":""S"",""in_stock"":true,""stock_quantity"":11995,""selected"":true},{""variant_id"":""1628090445"",""label"":""M"",""in_stock"":true,""stock_quantity"":null,""selected"":false},{""variant_id"":""1628090449"",""label"":""L"",""in_stock"":true,""stock_quantity"":null,""selected"":false},{""variant_id"":""1628090448"",""label"":""XL"",""in_stock"":true,""stock_quantity"":null,""selected"":false},{""variant_id"":""1628090446"",""label"":""2XL"",""in_stock"":true,""stock_quantity"":null,""selected"":false}]",1674,,,,,unchanged_stock,24.02,inventory_net_decrease,2026-09-14,2026-09-14T14:00:36+03:00,hamile,BEST_SELLER,hamile-elbise,hamile elbise,131,4,231,231,5,hamile:hamile-elbise,131,3,0,30,1163088908,987100,1163088908:987100,Lohussa Yeni Sezon Ekru Özel Dantel Detaylı Tasarım Kısa Kollu %100 Pamuk Hamile Lohusa Sabahlıklı Gecelik Seti Baby Shower,Lohussa,,https://www.trendyol.com/lohussa/yeni-sezon-ekru-ozel-dantel-detayli-tasarim-kisa-kollu-100-pamuk-hamile-lohusa-sabahlikli-gecelik-seti-baby-shower-p-1163088908?boutiqueId=61&merchantId=987100,Lohusa Center,9.4,3999.9,,,0,TRY,"[""100 TL Kupon"",""Kargo Bedava"",""Sepette %5 İndirim"",""Peşin Fiyatına 3 Taksit"",""Trendyol Plus'a Özel""]",InStock,,,,,,5,3,0,0,4,,"1,6B kişi favoriledi",,,,0,,,,9 saat 51 dakika içinde sipariş verirsen en geç yarın kargoda!,,,{},0,,refreshed,"[""daily_top""]",true,2026-09-14T11:08:27.514Z,0,"[""search_result_dom"",""product_detail_jsonld"",""product_detail_dom""]","{""variant_id"":""observed"",""variant_label"":""observed"",""listing_id"":""observed"",""inventory_key"":""observed"",""stock_quantity"":""observed"",""stock_quantity_source"":""observed"",""stock_quantity_kind"":""observed"",""stock_observed_at"":""observed"",""max_sale_limit"":""observed"",""seller_count"":""observed"",""seller_count_observed"":""observed"",""seller_count_kind"":""observed"",""sellers"":""observed"",""variants"":""observed"",""favorite_count"":""observed"",""inventory_decrease"":""unavailable"",""sales_estimate_daily"":""unavailable"",""sales_estimate_weekly"":""unavailable"",""sales_estimate_monthly"":""unavailable"",""sales_estimate_status"":""unavailable"",""sales_estimate_hours"":""unavailable"",""sales_estimate_source"":""unavailable"",""title"":""observed"",""brand"":""observed"",""seller_name"":""observed"",""seller_score"":""observed"",""price"":""observed"",""original_price"":""unavailable"",""campaigns"":""observed"",""stock_status"":""observed"",""stock_signal"":""unavailable"",""rating"":""observed"",""rating_count"":""observed"",""review_count"":""observed"",""question_count"":""observed"",""delivery_summary"":""observed"",""shipping_cost"":""unavailable"",""properties"":""observed""}",true,
453741032,S,c83ce3d61c8cc6042ff642d70ff32df2,285462459:108216:453741032:c83ce3d61c8cc6042ff642d70ff32df2,55,merchantListing.winnerVariant.quantity,reported,2026-09-14T11:08:27.290Z,10,1,1,reported_total,"[{""merchant_id"":""108216"",""name"":""Artış Collection"",""score"":9.1,""price"":3211.42,""variant_id"":""453741032"",""listing_id"":""c83ce3d61c8cc6042ff642d70ff32df2"",""stock_quantity"":55}]","[{""variant_id"":""453741032"",""label"":""S"",""in_stock"":true,""stock_quantity"":55,""selected"":true},{""variant_id"":""453741029"",""label"":""M"",""in_stock"":true,""stock_quantity"":null,""selected"":false},{""variant_id"":""453713927"",""label"":""XL"",""in_stock"":true,""stock_quantity"":null,""selected"":false},{""variant_id"":""453741036"",""label"":""L"",""in_stock"":false,""stock_quantity"":null,""selected"":false}]",5636,,,,,unchanged_stock,24.02,inventory_net_decrease,2026-09-14,2026-09-14T14:00:36+03:00,hamile,BEST_SELLER,hamile-elbise,hamile elbise,132,4,232,232,3,hamile:hamile-elbise,132,3,8.9,21.1,285462459,108216,285462459:108216,Artış Ekru Viskoz Lohusa Sabahlık Gecelik Takım - 12401,Artış,,https://www.trendyol.com/artis/ekru-viskoz-lohusa-sabahlik-gecelik-takim-12401-p-285462459?boutiqueId=61&merchantId=108216,Artış Collection,9.1,3211.42,,,0,TRY,"[""100 TL Kupon"",""Kargo Bedava"",""Peşin Fiyatına 3 Taksit""]",InStock,,,,,,4.25,24,12,0,8,,"5,6B kişi favoriledi",,,,0,,,,Tahmini Teslim:,Fenomen Seçimi,,{},0,,refreshed,"[""daily_top""]",true,2026-09-14T11:08:27.291Z,0,"[""search_result_dom"",""product_detail_jsonld"",""product_detail_dom""]","{""variant_id"":""observed"",""variant_label"":""observed"",""listing_id"":""observed"",""inventory_key"":""observed"",""stock_quantity"":""observed"",""stock_quantity_source"":""observed"",""stock_quantity_kind"":""observed"",""stock_observed_at"":""observed"",""max_sale_limit"":""observed"",""seller_count"":""observed"",""seller_count_observed"":""observed"",""seller_count_kind"":""observed"",""sellers"":""observed"",""variants"":""observed"",""favorite_count"":""observed"",""inventory_decrease"":""unavailable"",""sales_estimate_daily"":""unavailable"",""sales_estimate_weekly"":""unavailable"",""sales_estimate_monthly"":""unavailable"",""sales_estimate_status"":""unavailable"",""sales_estimate_hours"":""unavailable"",""sales_estimate_source"":""unavailable"",""title"":""observed"",""brand"":""observed"",""seller_name"":""observed"",""seller_score"":""observed"",""price"":""observed"",""original_price"":""unavailable"",""campaigns"":""observed"",""stock_status"":""observed"",""stock_signal"":""unavailable"",""rating"":""observed"",""rating_count"":""observed"",""review_count"":""observed"",""question_count"":""observed"",""delivery_summary"":""observed"",""shipping_cost"":""unavailable"",""properties"":""observed""}",true,
1355411388,M,51aa146549f7a4187bff858ed0257ea9,957815267:175525:1355411388:51aa146549f7a4187bff858ed0257ea9,3,merchantListing.winnerVariant.quantity,reported,2026-09-14T11:08:32.036Z,10,1,1,reported_total,"[{""merchant_id"":""175525"",""name"":""Miss Dünya Lissa"",""score"":8.6,""price"":689.99,""variant_id"":""1355411388"",""listing_id"":""51aa146549f7a4187bff858ed0257ea9"",""stock_quantity"":3}]","[{""variant_id"":""1355411388"",""label"":""M"",""in_stock"":true,""stock_quantity"":3,""selected"":true},{""variant_id"":""1355410048"",""label"":""L"",""in_stock"":true,""stock_quantity"":null,""selected"":false},{""variant_id"":""1355411905"",""label"":""XL"",""in_stock"":true,""stock_quantity"":null,""selected"":false},{""variant_id"":""1355411644"",""label"":""2XL"",""in_stock"":true,""stock_quantity"":null,""selected"":false}]",1594,,,,,unchanged_stock,24.02,inventory_net_decrease,2026-09-14,2026-09-14T14:00:36+03:00,hamile,BEST_SELLER,hamile-elbise,hamile elbise,133,4,233,233,,hamile:hamile-elbise,133,0,7.6,22.4,957815267,175525,957815267:175525,Miss Dünya Lissa Hamile ve Lohusa V Yaka Önden Düğmeli Dantel Detaylı Gecelik,Miss Dünya Lissa,Hamile Gecelik,https://www.trendyol.com/miss-dunya-lissa/hamile-ve-lohusa-v-yaka-onden-dugmeli-dantel-detayli-gecelik-p-957815267?boutiqueId=61&merchantId=175525,Miss Dünya Lissa,8.6,689.99,,,11.4,TRY,"[""Kargo Bedava""]",InStock,Tükeniyor,,,,,3.588235294117647,17,8,0,6,,"1,6B kişi favoriledi",,4999,TRY,0,2,1,5,Tahmini Teslim:,,https://cdn.dsmcdn.com/ty1710/prod/QC_PREP/20250717/19/c6e4b99b-ed83-3684-b617-21920278b5fb/1_org_zoom.jpg,"{""Desen"":""Düz"",""Materyal"":""Örme"",""Kol Tipi"":""Kısa Kol"",""Renk"":""Bej"",""Yaka Tipi"":""V Yaka"",""Materyal Bileşeni"":""95% Viskon, 5% Likra"",""Yıkama Talimatı"":""T44"",""Kumaş Tipi"":""Örme"",""Boy"":""Uzun"",""Siluet"":""Mom"",""Kalıp"":""Mom"",""Kol Boyu"":""Kısa"",""Sürdürülebilirlik Detayı"":""Evet"",""Ortam"":""Günlük"",""Menşei"":""TR""}",8,2.88,refreshed,"[""daily_top""]",true,2026-09-14T11:08:32.036Z,0,"[""search_result_dom"",""product_detail_jsonld"",""product_detail_dom""]","{""variant_id"":""observed"",""variant_label"":""observed"",""listing_id"":""observed"",""inventory_key"":""observed"",""stock_quantity"":""observed"",""stock_quantity_source"":""observed"",""stock_quantity_kind"":""observed"",""stock_observed_at"":""observed"",""max_sale_limit"":""observed"",""seller_count"":""observed"",""seller_count_observed"":""observed"",""seller_count_kind"":""observed"",""sellers"":""observed"",""variants"":""observed"",""favorite_count"":""observed"",""inventory_decrease"":""unavailable"",""sales_estimate_daily"":""unavailable"",""sales_estimate_weekly"":""unavailable"",""sales_estimate_monthly"":""unavailable"",""sales_estimate_status"":""unavailable"",""sales_estimate_hours"":""unavailable"",""sales_estimate_source"":""unavailable"",""title"":""observed"",""brand"":""observed"",""seller_name"":""observed"",""seller_score"":""observed"",""price"":""observed"",""original_price"":""unavailable"",""campaigns"":""observed"",""stock_status"":""observed"",""stock_signal"":""observed"",""rating"":""observed"",""rating_count"":""observed"",""review_count"":""observed"",""question_count"":""observed"",""delivery_summary"":""observed"",""shipping_cost"":""observed"",""properties"":""observed""}",true,
1623533769,M,88814fd90c7e5310d050a49a3549ffc3,1160275549:175525:1623533769:88814fd90c7e5310d050a49a3549ffc3,200,merchantListing.winnerVariant.quantity,reported,2026-09-14T11:08:32.114Z,10,1,1,reported_total,"[{""merchant_id"":""175525"",""name"":""Miss Dünya Lissa"",""score"":8.6,""price"":889.99,""variant_id"":""1623533769"",""listing_id"":""88814fd90c7e5310d050a49a3549ffc3"",""stock_quantity"":200}]","[{""variant_id"":""1623533769"",""label"":""M"",""in_stock"":true,""stock_quantity"":200,""selected"":true},{""variant_id"":""1623533767"",""label"":""L"",""in_stock"":true,""stock_quantity"":null,""selected"":false},{""variant_id"":""1623533768"",""label"":""XL"",""in_stock"":true,""stock_quantity"":null,""selected"":false},{""variant_id"":""1623533770"",""label"":""2XL"",""in_stock"":true,""stock_quantity"":null,""selected"":false}]",3404,,,,,unchanged_stock,24.03,inventory_net_decrease,2026-09-14,2026-09-14T14:00:36+03:00,hamile,BEST_SELLER,hamile-elbise,hamile elbise,134,4,234,234,8,hamile:hamile-elbise,134,-29,7.2,22.8,1160275549,175525,1160275549:175525,Miss Dünya Lissa Kare Yaka Düğmeli Sıfır Kol Hamile ve Lohusa Dokuma Elbise,Miss Dünya Lissa,,https://www.trendyol.com/miss-dunya-lissa/kare-yaka-dugmeli-sifir-kol-hamile-ve-lohusa-dokuma-elbise-p-1160275549?boutiqueId=61&merchantId=175525,Miss Dünya Lissa,8.6,889.99,,,0,TRY,"[""Kargo Bedava""]",InStock,,,,,,3.5294117647058822,17,7,0,16,,"3,4B kişi favoriledi",,,,0,,,,Tahmini Teslim:,,,{},0,,refreshed,"[""daily_top""]",true,2026-09-14T11:08:32.114Z,0,"[""search_result_dom"",""product_detail_jsonld"",""product_detail_dom""]","{""variant_id"":""observed"",""variant_label"":""observed"",""listing_id"":""observed"",""inventory_key"":""observed"",""stock_quantity"":""observed"",""stock_quantity_source"":""observed"",""stock_quantity_kind"":""observed"",""stock_observed_at"":""observed"",""max_sale_limit"":""observed"",""seller_count"":""observed"",""seller_count_observed"":""observed"",""seller_count_kind"":""observed"",""sellers"":""observed"",""variants"":""observed"",""favorite_count"":""observed"",""inventory_decrease"":""unavailable"",""sales_estimate_daily"":""unavailable"",""sales_estimate_weekly"":""unavailable"",""sales_estimate_monthly"":""unavailable"",""sales_estimate_status"":""unavailable"",""sales_estimate_hours"":""unavailable"",""sales_estimate_source"":""unavailable"",""title"":""observed"",""brand"":""observed"",""seller_name"":""observed"",""seller_score"":""observed"",""price"":""observed"",""original_price"":""unavailable"",""campaigns"":""observed"",""stock_status"":""observed"",""stock_signal"":""unavailable"",""rating"":""observed"",""rating_count"":""observed"",""review_count"":""observed"",""question_count"":""observed"",""delivery_summary"":""observed"",""shipping_cost"":""unavailable"",""properties"":""observed""}",true,
1193957746,S,f65aa5593505944aeab05b946a6009e6,872891082:719046:1193957746:f65aa5593505944aeab05b946a6009e6,995,merchantListing.winnerVariant.quantity,reported,2026-09-14T11:08:31.959Z,10,1,1,reported_total,"[{""merchant_id"":""719046"",""name"":""ByLohusa"",""score"":9.2,""price"":3199.99,""variant_id"":""1193957746"",""listing_id"":""f65aa5593505944aeab05b946a6009e6"",""stock_quantity"":995}]","[{""variant_id"":""1193957746"",""label"":""S"",""in_stock"":true,""stock_quantity"":995,""selected"":true},{""variant_id"":""1193957749"",""label"":""M"",""in_stock"":true,""stock_quantity"":null,""selected"":false},{""variant_id"":""1193957748"",""label"":""L"",""in_stock"":true,""stock_quantity"":null,""selected"":false},{""variant_id"":""1193957747"",""label"":""XL"",""in_stock"":true,""stock_quantity"":null,""selected"":false},{""variant_id"":""1193957750"",""label"":""2XL"",""in_stock"":true,""stock_quantity"":null,""selected"":false}]",3426,,,,,unchanged_stock,24.03,inventory_net_decrease,2026-09-14,2026-09-14T14:00:36+03:00,hamile,BEST_SELLER,hamile-elbise,hamile elbise,135,4,235,235,5,hamile:hamile-elbise,135,-31,8.6,21.4,872891082,719046,872891082:719046,ByLohusa Effortt Ekru Sabahlıklı Hamile Lohusa Gecelik Takım,ByLohusa,,https://www.trendyol.com/bylohusa/effortt-ekru-sabahlikli-hamile-lohusa-gecelik-takim-p-872891082?boutiqueId=61&merchantId=719046,ByLohusa,9.2,3199.99,,,0,TRY,"[""Sepette %1 İndirim"",""Kargo Bedava"",""Peşin Fiyatına 3 Taksit"",""Trendyol Plus'a Özel""]",InStock,,,,,,4.933333333333334,15,11,0,20,,"3,4B kişi favoriledi",,,,0,,,,9 saat 51 dakika içinde sipariş verirsen en geç yarın kargoda!,,,{},0,,refreshed,"[""daily_top"",""hot_change""]",true,2026-09-14T11:08:31.960Z,0,"[""search_result_dom"",""product_detail_jsonld"",""product_detail_dom""]","{""variant_id"":""observed"",""variant_label"":""observed"",""listing_id"":""observed"",""inventory_key"":""observed"",""stock_quantity"":""observed"",""stock_quantity_source"":""observed"",""stock_quantity_kind"":""observed"",""stock_observed_at"":""observed"",""max_sale_limit"":""observed"",""seller_count"":""observed"",""seller_count_observed"":""observed"",""seller_count_kind"":""observed"",""sellers"":""observed"",""variants"":""observed"",""favorite_count"":""observed"",""inventory_decrease"":""unavailable"",""sales_estimate_daily"":""unavailable"",""sales_estimate_weekly"":""unavailable"",""sales_estimate_monthly"":""unavailable"",""sales_estimate_status"":""unavailable"",""sales_estimate_hours"":""unavailable"",""sales_estimate_source"":""unavailable"",""title"":""observed"",""brand"":""observed"",""seller_name"":""observed"",""seller_score"":""observed"",""price"":""observed"",""original_price"":""unavailable"",""campaigns"":""observed"",""stock_status"":""observed"",""stock_signal"":""unavailable"",""rating"":""observed"",""rating_count"":""observed"",""review_count"":""observed"",""question_count"":""observed"",""delivery_summary"":""observed"",""shipping_cost"":""unavailable"",""properties"":""observed""}",true,
182421398,S,4cba11c13c03c576f2aa261909be1951,112072035:346762:182421398:4cba11c13c03c576f2aa261909be1951,99,merchantListing.winnerVariant.quantity,reported,2026-09-14T11:08:36.727Z,10,1,1,reported_total,"[{""merchant_id"":""346762"",""name"":""ADA STYLE"",""score"":9.3,""price"":1349.9,""variant_id"":""182421398"",""listing_id"":""4cba11c13c03c576f2aa261909be1951"",""stock_quantity"":99}]","[{""variant_id"":""182421398"",""label"":""S"",""in_stock"":true,""stock_quantity"":99,""selected"":true},{""variant_id"":""182354640"",""label"":""M"",""in_stock"":true,""stock_quantity"":null,""selected"":false},{""variant_id"":""182331338"",""label"":""L"",""in_stock"":true,""stock_quantity"":null,""selected"":false},{""variant_id"":""182331157"",""label"":""XL"",""in_stock"":true,""stock_quantity"":null,""selected"":false},{""variant_id"":""182331464"",""label"":""2XL"",""in_stock"":true,""stock_quantity"":null,""selected"":false},{""variant_id"":""242409403"",""label"":""3XL"",""in_stock"":true,""stock_quantity"":null,""selected"":false},{""variant_id"":""1155521205"",""label"":""4XL"",""in_stock"":true,""stock_quantity"":null,""selected"":false},{""variant_id"":""1155521207"",""label"":""5XL"",""in_stock"":true,""stock_quantity"":null,""selected"":false}]",5185,,,,,unchanged_stock,24.02,inventory_net_decrease,2026-09-14,2026-09-14T14:00:36+03:00,hamile,BEST_SELLER,hamile-elbise,hamile elbise,136,4,236,236,16,hamile:hamile-elbise,136,1,12.3,17.7,112072035,346762,112072035:346762,"ADASTYLE Yaka, Şifon Elbise",ADASTYLE,,https://www.trendyol.com/adastyle/yaka-sifon-elbise-p-112072035?boutiqueId=61&merchantId=346762,ADA STYLE,9.3,1349.9,,,0,TRY,"[""Kargo Bedava"",""Sepette %1 İndirim"",""Peşin Fiyatına 3 Taksit""]",InStock,,,,,,4.514285714285714,70,33,0,59,,"5,1B kişi favoriledi",,,,0,,,,9 saat 51 dakika içinde sipariş verirsen en geç yarın kargoda!,,,{},0,,refreshed,"[""daily_top""]",true,2026-09-14T11:08:36.728Z,0,"[""search_result_dom"",""product_detail_jsonld"",""product_detail_dom""]","{""variant_id"":""observed"",""variant_label"":""observed"",""listing_id"":""observed"",""inventory_key"":""observed"",""stock_quantity"":""observed"",""stock_quantity_source"":""observed"",""stock_quantity_kind"":""observed"",""stock_observed_at"":""observed"",""max_sale_limit"":""observed"",""seller_count"":""observed"",""seller_count_observed"":""observed"",""seller_count_kind"":""observed"",""sellers"":""observed"",""variants"":""observed"",""favorite_count"":""observed"",""inventory_decrease"":""unavailable"",""sales_estimate_daily"":""unavailable"",""sales_estimate_weekly"":""unavailable"",""sales_estimate_monthly"":""unavailable"",""sales_estimate_status"":""unavailable"",""sales_estimate_hours"":""unavailable"",""sales_estimate_source"":""unavailable"",""title"":""observed"",""brand"":""observed"",""seller_name"":""observed"",""seller_score"":""observed"",""price"":""observed"",""original_price"":""unavailable"",""campaigns"":""observed"",""stock_status"":""observed"",""stock_signal"":""unavailable"",""rating"":""observed"",""rating_count"":""observed"",""review_count"":""observed"",""question_count"":""observed"",""delivery_summary"":""observed"",""shipping_cost"":""unavailable"",""properties"":""observed""}",true,
1359054552,M,9deeed1336ffabb3a0ff40ab06d12577,960280085:770517:1359054552:9deeed1336ffabb3a0ff40ab06d12577,20,merchantListing.winnerVariant.quantity,reported,2026-09-14T11:08:36.897Z,10,1,1,reported_total,"[{""merchant_id"":""770517"",""name"":""Erdeniz Tekstil"",""score"":9.3,""price"":2349,""variant_id"":""1359054552"",""listing_id"":""9deeed1336ffabb3a0ff40ab06d12577"",""stock_quantity"":20}]","[{""variant_id"":""1359054552"",""label"":""M"",""in_stock"":true,""stock_quantity"":20,""selected"":true},{""variant_id"":""1359045781"",""label"":""L"",""in_stock"":true,""stock_quantity"":null,""selected"":false},{""variant_id"":""1359050970"",""label"":""XL"",""in_stock"":true,""stock_quantity"":null,""selected"":false},{""variant_id"":""1359052358"",""label"":""2XL"",""in_stock"":true,""stock_quantity"":null,""selected"":false}]",5395,,,,,observation_gap,,inventory_net_decrease,2026-09-14,2026-09-14T14:00:36+03:00,hamile,BEST_SELLER,hamile-elbise,hamile elbise,137,4,237,237,2,hamile:hamile-elbise,137,22,10.6,19.4,960280085,770517,960280085:770517,ERDENİZ TEKSTİL Lohusa Uzun Gecelik ve Sabahlık Hamile Takım 6 Düğmeli Emzirme ve Tesettüre Uygun,ERDENİZ TEKSTİL,,https://www.trendyol.com/erdeniz-tekstil/lohusa-uzun-gecelik-ve-sabahlik-hamile-takim-6-dugmeli-emzirme-ve-tesetture-uygun-p-960280085?boutiqueId=61&merchantId=770517,Erdeniz Tekstil,9.3,2349,,,0,TRY,"[""100 TL Kupon"",""Kargo Bedava"",""Peşin Fiyatına 3 Taksit"",""Trendyol Plus'a Özel""]",InStock,,,,,,4.394736842105263,38,20,0,19,,"5,4B kişi favoriledi",,,,0,,,,9 saat 51 dakika içinde sipariş verirsen en geç yarın kargoda!,,,{},0,,refreshed,"[""daily_top""]",true,2026-09-14T11:08:36.897Z,0,"[""search_result_dom"",""product_detail_jsonld"",""product_detail_dom""]","{""variant_id"":""observed"",""variant_label"":""observed"",""listing_id"":""observed"",""inventory_key"":""observed"",""stock_quantity"":""observed"",""stock_quantity_source"":""observed"",""stock_quantity_kind"":""observed"",""stock_observed_at"":""observed"",""max_sale_limit"":""observed"",""seller_count"":""observed"",""seller_count_observed"":""observed"",""seller_count_kind"":""observed"",""sellers"":""observed"",""variants"":""observed"",""favorite_count"":""observed"",""inventory_decrease"":""unavailable"",""sales_estimate_daily"":""unavailable"",""sales_estimate_weekly"":""unavailable"",""sales_estimate_monthly"":""unavailable"",""sales_estimate_status"":""unavailable"",""sales_estimate_hours"":""unavailable"",""sales_estimate_source"":""unavailable"",""title"":""observed"",""brand"":""observed"",""seller_name"":""observed"",""seller_score"":""observed"",""price"":""observed"",""original_price"":""unavailable"",""campaigns"":""observed"",""stock_status"":""observed"",""stock_signal"":""unavailable"",""rating"":""observed"",""rating_count"":""observed"",""review_count"":""observed"",""question_count"":""observed"",""delivery_summary"":""observed"",""shipping_cost"":""unavailable"",""properties"":""observed""}",true,
1251605581,M,540dc7e5b69ffba5dedb53c152587f53,899749171:127095:1251605581:540dc7e5b69ffba5dedb53c152587f53,98,merchantListing.winnerVariant.quantity,reported,2026-09-14T11:08:36.865Z,10,2,2,reported_total,"[{""merchant_id"":""127095"",""name"":""Rimel Homewear"",""score"":8.6,""price"":1890,""variant_id"":""1251605581"",""listing_id"":""540dc7e5b69ffba5dedb53c152587f53"",""stock_quantity"":98},{""merchant_id"":""232737"",""name"":""Hamile Tekstil"",""score"":9.2,""price"":1990,""variant_id"":""1251605581"",""listing_id"":""6f7194fb01d52fa9ca88949d66d60922"",""stock_quantity"":67}]","[{""variant_id"":""1251605581"",""label"":""M"",""in_stock"":true,""stock_quantity"":98,""selected"":true},{""variant_id"":""1251605584"",""label"":""2XL"",""in_stock"":true,""stock_quantity"":null,""selected"":false},{""variant_id"":""1251605583"",""label"":""L"",""in_stock"":false,""stock_quantity"":null,""selected"":false},{""variant_id"":""1251605585"",""label"":""XL"",""in_stock"":false,""stock_quantity"":null,""selected"":false}]",2568,,,,,observation_gap,,inventory_net_decrease,2026-09-14,2026-09-14T14:00:36+03:00,hamile,BEST_SELLER,hamile-elbise,hamile elbise,138,4,238,238,,hamile:hamile-elbise,138,-27,11.3,18.7,899749171,127095,899749171:127095,Genel Markalar Melanj Yumuşak Dokulu Sabahlıklı Kruvaze Lohusa Gecelik Takımı,Genel Markalar,Hamile Gecelik,https://www.trendyol.com/genel-markalar/melanj-yumusak-dokulu-sabahlikli-kruvaze-lohusa-gecelik-takimi-p-899749171?boutiqueId=61&merchantId=127095,Rimel Homewear,8.6,1890,,,0,TRY,"[""Kargo Bedava"",""Peşin Fiyatına 3 Taksit""]",InStock,,,,,,4.454545454545454,44,25,1,25,,"2,5B kişi favoriledi",,4999,TRY,0,1,1,3,9 saat 51 dakika içinde sipariş verirsen en geç yarın kargoda!,,https://cdn.dsmcdn.com/ty1635/prod/QC/20250216/20/c38329c7-a34d-3373-a0df-60ecf3d0de52/1_org_zoom.jpg,"{""Desen"":""Düz"",""Materyal"":""Pamuklu"",""Kol Tipi"":""Uzun Kol"",""Renk"":""Bej"",""Yaka Tipi"":""V Yaka"",""Materyal Bileşeni"":""% 90 Pamuk % 10 Viskon"",""Yıkama Talimatı"":""T100"",""Kumaş Tipi"":""Örme"",""Boy"":""Uzun"",""Siluet"":""Kruvaze"",""Kalıp"":""Mom"",""Kol Boyu"":""Uzun"",""Sürdürülebilirlik Detayı"":""Hayır"",""Ortam"":""Lounge/Home"",""Menşei"":""TR""}",19,4.11,refreshed,"[""daily_top""]",true,2026-09-14T11:08:36.865Z,0,"[""search_result_dom"",""product_detail_jsonld"",""product_detail_dom""]","{""variant_id"":""observed"",""variant_label"":""observed"",""listing_id"":""observed"",""inventory_key"":""observed"",""stock_quantity"":""observed"",""stock_quantity_source"":""observed"",""stock_quantity_kind"":""observed"",""stock_observed_at"":""observed"",""max_sale_limit"":""observed"",""seller_count"":""observed"",""seller_count_observed"":""observed"",""seller_count_kind"":""observed"",""sellers"":""observed"",""variants"":""observed"",""favorite_count"":""observed"",""inventory_decrease"":""unavailable"",""sales_estimate_daily"":""unavailable"",""sales_estimate_weekly"":""unavailable"",""sales_estimate_monthly"":""unavailable"",""sales_estimate_status"":""unavailable"",""sales_estimate_hours"":""unavailable"",""sales_estimate_source"":""unavailable"",""title"":""observed"",""brand"":""observed"",""seller_name"":""observed"",""seller_score"":""observed"",""price"":""observed"",""original_price"":""unavailable"",""campaigns"":""observed"",""stock_status"":""observed"",""stock_signal"":""unavailable"",""rating"":""observed"",""rating_count"":""observed"",""review_count"":""observed"",""question_count"":""observed"",""delivery_summary"":""observed"",""shipping_cost"":""observed"",""properties"":""observed""}",true,
1595324652,XL,6c3ef52782d6b9ef1a614d0861d6a0b4,1141560371:904421:1595324652:6c3ef52782d6b9ef1a614d0861d6a0b4,1,merchantListing.winnerVariant.quantity,reported,2026-09-14T11:08:41.406Z,10,1,1,reported_total,"[{""merchant_id"":""904421"",""name"":""KATLİN MATERNİTY WEAR"",""score"":9.1,""price"":1487,""variant_id"":""1595324652"",""listing_id"":""6c3ef52782d6b9ef1a614d0861d6a0b4"",""stock_quantity"":1}]","[{""variant_id"":""1595324652"",""label"":""XL"",""in_stock"":true,""stock_quantity"":1,""selected"":true},{""variant_id"":""1595326337"",""label"":""2XL"",""in_stock"":true,""stock_quantity"":null,""selected"":false},{""variant_id"":""1595325144"",""label"":""M"",""in_stock"":false,""stock_quantity"":null,""selected"":false},{""variant_id"":""1595322515"",""label"":""L"",""in_stock"":false,""stock_quantity"":null,""selected"":false}]",900,,,,,unchanged_stock,24.02,inventory_net_decrease,2026-09-14,2026-09-14T14:00:36+03:00,hamile,BEST_SELLER,hamile-elbise,hamile elbise,139,4,239,239,7,hamile:hamile-elbise,139,3,3.8,26.2,1141560371,904421,1141560371:904421,KATLİN MATERNİTY WEAR Hamile Kahve Keten Elbise Yanlardan Bağcık Detaylı Önden Açılan Düğme (EMZİRME),KATLİN MATERNİTY WEAR,,https://www.trendyol.com/katlin-maternity-wear/hamile-kahve-keten-elbise-yanlardan-bagcik-detayli-onden-acilan-dugme-emzirme-p-1141560371?boutiqueId=61&merchantId=904421,KATLİN MATERNİTY WEAR,9.1,1487,,,0,TRY,"[""Kargo Bedava"",""Peşin Fiyatına 3 Taksit""]",InStock,Tükeniyor,,,,,5,3,2,0,5,,,,,,0,,,,9 saat 51 dakika içinde sipariş verirsen en geç yarın kargoda!,,,{},0,,refreshed,"[""daily_top""]",true,2026-09-14T11:08:41.406Z,0,"[""search_result_dom"",""product_detail_jsonld"",""product_detail_dom""]","{""variant_id"":""observed"",""variant_label"":""observed"",""listing_id"":""observed"",""inventory_key"":""observed"",""stock_quantity"":""observed"",""stock_quantity_source"":""observed"",""stock_quantity_kind"":""observed"",""stock_observed_at"":""observed"",""max_sale_limit"":""observed"",""seller_count"":""observed"",""seller_count_observed"":""observed"",""seller_count_kind"":""observed"",""sellers"":""observed"",""variants"":""observed"",""favorite_count"":""observed"",""inventory_decrease"":""unavailable"",""sales_estimate_daily"":""unavailable"",""sales_estimate_weekly"":""unavailable"",""sales_estimate_monthly"":""unavailable"",""sales_estimate_status"":""unavailable"",""sales_estimate_hours"":""unavailable"",""sales_estimate_source"":""unavailable"",""title"":""observed"",""brand"":""observed"",""seller_name"":""observed"",""seller_score"":""observed"",""price"":""observed"",""original_price"":""unavailable"",""campaigns"":""observed"",""stock_status"":""observed"",""stock_signal"":""observed"",""rating"":""observed"",""rating_count"":""observed"",""review_count"":""observed"",""question_count"":""observed"",""delivery_summary"":""observed"",""shipping_cost"":""unavailable"",""properties"":""observed""}",true,
1650289516,S,f3f0e39601c9840efb1b32c2cd2f352a,1177371738:992104:1650289516:f3f0e39601c9840efb1b32c2cd2f352a,1000,merchantListing.winnerVariant.quantity,reported,2026-09-14T11:08:41.387Z,10,1,1,reported_total,"[{""merchant_id"":""992104"",""name"":""Lohusa Evi"",""score"":9.7,""price"":2999.99,""variant_id"":""1650289516"",""listing_id"":""f3f0e39601c9840efb1b32c2cd2f352a"",""stock_quantity"":1000}]","[{""variant_id"":""1650289516"",""label"":""S"",""in_stock"":true,""stock_quantity"":1000,""selected"":true},{""variant_id"":""1650289515"",""label"":""M"",""in_stock"":true,""stock_quantity"":null,""selected"":false},{""variant_id"":""1650289518"",""label"":""L"",""in_stock"":true,""stock_quantity"":null,""selected"":false},{""variant_id"":""1650289519"",""label"":""XL"",""in_stock"":true,""stock_quantity"":null,""selected"":false},{""variant_id"":""1650289517"",""label"":""2XL"",""in_stock"":true,""stock_quantity"":null,""selected"":false}]",219,,,,,observation_gap,,inventory_net_decrease,2026-09-14,2026-09-14T14:00:36+03:00,hamile,BEST_SELLER,hamile-elbise,hamile elbise,140,4,240,240,4,hamile:hamile-elbise,140,45,0,30,1177371738,992104,1177371738:992104,Pelin Kadın Ekru Kruvaze Yaka Uzun Sabahlıklı Yeni Sezon Lohusa Hamile Gecelik Takımı Seti,Pelin,,https://www.trendyol.com/pelin/kadin-ekru-kruvaze-yaka-uzun-sabahlikli-yeni-sezon-lohusa-hamile-gecelik-takimi-seti-p-1177371738?boutiqueId=61&merchantId=992104,Lohusa Evi,9.7,2999.99,,,0,TRY,"[""Kargo Bedava"",""Peşin Fiyatına 3 Taksit""]",InStock,,,,,,0,0,0,0,1,,,,,,0,,,,9 saat 51 dakika içinde sipariş verirsen en geç yarın kargoda!,,,{},0,,refreshed,"[""daily_top""]",true,2026-09-14T11:08:41.387Z,0,"[""search_result_dom"",""product_detail_jsonld"",""product_detail_dom""]","{""variant_id"":""observed"",""variant_label"":""observed"",""listing_id"":""observed"",""inventory_key"":""observed"",""stock_quantity"":""observed"",""stock_quantity_source"":""observed"",""stock_quantity_kind"":""observed"",""stock_observed_at"":""observed"",""max_sale_limit"":""observed"",""seller_count"":""observed"",""seller_count_observed"":""observed"",""seller_count_kind"":""observed"",""sellers"":""observed"",""variants"":""observed"",""favorite_count"":""observed"",""inventory_decrease"":""unavailable"",""sales_estimate_daily"":""unavailable"",""sales_estimate_weekly"":""unavailable"",""sales_estimate_monthly"":""unavailable"",""sales_estimate_status"":""unavailable"",""sales_estimate_hours"":""unavailable"",""sales_estimate_source"":""unavailable"",""title"":""observed"",""brand"":""observed"",""seller_name"":""observed"",""seller_score"":""observed"",""price"":""observed"",""original_price"":""unavailable"",""campaigns"":""observed"",""stock_status"":""observed"",""stock_signal"":""unavailable"",""rating"":""observed"",""rating_count"":""observed"",""review_count"":""observed"",""question_count"":""observed"",""delivery_summary"":""observed"",""shipping_cost"":""unavailable"",""properties"":""observed""}",true,
1562488308,S,49527895e56a4dc33e23d000ff67be42,1120977353:108216:1562488308:49527895e56a4dc33e23d000ff67be42,43,merchantListing.winnerVariant.quantity,reported,2026-09-14T11:08:41.395Z,10,1,1,reported_total,"[{""merchant_id"":""108216"",""name"":""Artış Collection"",""score"":9.1,""price"":2539.32,""variant_id"":""1562488308"",""listing_id"":""49527895e56a4dc33e23d000ff67be42"",""stock_quantity"":43}]","[{""variant_id"":""1562488308"",""label"":""S"",""in_stock"":true,""stock_quantity"":43,""selected"":true},{""variant_id"":""1562485719"",""label"":""M"",""in_stock"":true,""stock_quantity"":null,""selected"":false},{""variant_id"":""1562488554"",""label"":""L"",""in_stock"":true,""stock_quantity"":null,""selected"":false},{""variant_id"":""1562487747"",""label"":""XL"",""in_stock"":true,""stock_quantity"":null,""selected"":false}]",2131,,,,,observation_gap,,inventory_net_decrease,2026-09-14,2026-09-14T14:00:36+03:00,hamile,BEST_SELLER,hamile-elbise,hamile elbise,141,4,241,241,3,hamile:hamile-elbise,141,23,5.6,24.4,1120977353,108216,1120977353:108216,Artış Askılı Esnek Viskoz Hamile Sabahlık Pijama Takım,Artış,,https://www.trendyol.com/artis/askili-esnek-viskoz-hamile-sabahlik-pijama-takim-p-1120977353?boutiqueId=61&merchantId=108216,Artış Collection,9.1,2539.32,,,0,TRY,"[""100 TL Kupon"",""Kargo Bedava"",""Peşin Fiyatına 3 Taksit""]",InStock,,,,,,3.5714285714285716,7,4,0,2,,"2,1B kişi favoriledi",,,,0,,,,Tahmini Teslim:,,,{},0,,refreshed,"[""daily_top""]",true,2026-09-14T11:08:41.395Z,0,"[""search_result_dom"",""product_detail_jsonld"",""product_detail_dom""]","{""variant_id"":""observed"",""variant_label"":""observed"",""listing_id"":""observed"",""inventory_key"":""observed"",""stock_quantity"":""observed"",""stock_quantity_source"":""observed"",""stock_quantity_kind"":""observed"",""stock_observed_at"":""observed"",""max_sale_limit"":""observed"",""seller_count"":""observed"",""seller_count_observed"":""observed"",""seller_count_kind"":""observed"",""sellers"":""observed"",""variants"":""observed"",""favorite_count"":""observed"",""inventory_decrease"":""unavailable"",""sales_estimate_daily"":""unavailable"",""sales_estimate_weekly"":""unavailable"",""sales_estimate_monthly"":""unavailable"",""sales_estimate_status"":""unavailable"",""sales_estimate_hours"":""unavailable"",""sales_estimate_source"":""unavailable"",""title"":""observed"",""brand"":""observed"",""seller_name"":""observed"",""seller_score"":""observed"",""price"":""observed"",""original_price"":""unavailable"",""campaigns"":""observed"",""stock_status"":""observed"",""stock_signal"":""unavailable"",""rating"":""observed"",""rating_count"":""observed"",""review_count"":""observed"",""question_count"":""observed"",""delivery_summary"":""observed"",""shipping_cost"":""unavailable"",""properties"":""observed""}",true,
1541917669,S,18757f1bc6201eb2a340e3da2cf69636,1109391927:108216:1541917669:18757f1bc6201eb2a340e3da2cf69636,51,merchantListing.winnerVariant.quantity,reported,2026-09-14T11:08:45.934Z,10,1,1,reported_total,"[{""merchant_id"":""108216"",""name"":""Artış Collection"",""score"":9.1,""price"":2426.92,""variant_id"":""1541917669"",""listing_id"":""18757f1bc6201eb2a340e3da2cf69636"",""stock_quantity"":51}]","[{""variant_id"":""1541917669"",""label"":""S"",""in_stock"":true,""stock_quantity"":51,""selected"":true},{""variant_id"":""1541916871"",""label"":""L"",""in_stock"":true,""stock_quantity"":null,""selected"":false},{""variant_id"":""1541916142"",""label"":""XL"",""in_stock"":true,""stock_quantity"":null,""selected"":false},{""variant_id"":""1541911873"",""label"":""M"",""in_stock"":false,""stock_quantity"":null,""selected"":false}]",1847,,,,,unchanged_stock,24.01,inventory_net_decrease,2026-09-14,2026-09-14T14:00:36+03:00,hamile,BEST_SELLER,hamile-elbise,hamile elbise,142,4,242,242,3,hamile:hamile-elbise,142,9,3.8,26.2,1109391927,108216,1109391927:108216,Artış Askılı Emzirme Bölmeli Esnek Viskoz Hamile Sabahlık Gecelik Takım,Artış,,https://www.trendyol.com/artis/askili-emzirme-bolmeli-esnek-viskoz-hamile-sabahlik-gecelik-takim-p-1109391927?boutiqueId=61&merchantId=108216,Artış Collection,9.1,2426.92,,,0,TRY,"[""100 TL Kupon"",""Kargo Bedava"",""Peşin Fiyatına 3 Taksit""]",InStock,,,,,,2,2,2,0,1,,"1,8B kişi favoriledi",,,,0,,,,Tahmini Teslim:,,,{},0,,refreshed,"[""daily_top""]",true,2026-09-14T11:08:45.935Z,0,"[""search_result_dom"",""product_detail_jsonld"",""product_detail_dom""]","{""variant_id"":""observed"",""variant_label"":""observed"",""listing_id"":""observed"",""inventory_key"":""observed"",""stock_quantity"":""observed"",""stock_quantity_source"":""observed"",""stock_quantity_kind"":""observed"",""stock_observed_at"":""observed"",""max_sale_limit"":""observed"",""seller_count"":""observed"",""seller_count_observed"":""observed"",""seller_count_kind"":""observed"",""sellers"":""observed"",""variants"":""observed"",""favorite_count"":""observed"",""inventory_decrease"":""unavailable"",""sales_estimate_daily"":""unavailable"",""sales_estimate_weekly"":""unavailable"",""sales_estimate_monthly"":""unavailable"",""sales_estimate_status"":""unavailable"",""sales_estimate_hours"":""unavailable"",""sales_estimate_source"":""unavailable"",""title"":""observed"",""brand"":""observed"",""seller_name"":""observed"",""seller_score"":""observed"",""price"":""observed"",""original_price"":""unavailable"",""campaigns"":""observed"",""stock_status"":""observed"",""stock_signal"":""unavailable"",""rating"":""observed"",""rating_count"":""observed"",""review_count"":""observed"",""question_count"":""observed"",""delivery_summary"":""observed"",""shipping_cost"":""unavailable"",""properties"":""observed""}",true,
1420715371,M,2005b5820d162d59a473c8810cc3bac1,1024485282:175525:1420715371:2005b5820d162d59a473c8810cc3bac1,12,merchantListing.winnerVariant.quantity,reported,2026-09-14T11:08:46.191Z,10,1,1,reported_total,"[{""merchant_id"":""175525"",""name"":""Miss Dünya Lissa"",""score"":8.6,""price"":1539.99,""variant_id"":""1420715371"",""listing_id"":""2005b5820d162d59a473c8810cc3bac1"",""stock_quantity"":12}]","[{""variant_id"":""1420715371"",""label"":""M"",""in_stock"":true,""stock_quantity"":12,""selected"":true},{""variant_id"":""1420493261"",""label"":""XL"",""in_stock"":true,""stock_quantity"":null,""selected"":false},{""variant_id"":""1420673222"",""label"":""2XL"",""in_stock"":true,""stock_quantity"":null,""selected"":false},{""variant_id"":""1420612761"",""label"":""L"",""in_stock"":false,""stock_quantity"":null,""selected"":false}]",498,,,,,unchanged_stock,24.01,inventory_net_decrease,2026-09-14,2026-09-14T14:00:36+03:00,hamile,BEST_SELLER,hamile-elbise,hamile elbise,143,4,243,243,7,hamile:hamile-elbise,143,12,0,30,1024485282,175525,1024485282:175525,Miss Dünya Lissa Serenity Dantel Detaylı Hamile ve Lohusa Sabahlık Askılı Gecelik Takımı,Miss Dünya Lissa,,https://www.trendyol.com/miss-dunya-lissa/serenity-dantel-detayli-hamile-ve-lohusa-sabahlik-askili-gecelik-takimi-p-1024485282?boutiqueId=61&merchantId=175525,Miss Dünya Lissa,8.6,1539.99,,,34.3,TRY,"[""Kargo Bedava"",""Peşin Fiyatına 3 Taksit""]",InStock,,,,,,5,3,0,0,3,,501 kişi favoriledi,,,,0,,,,Tahmini Teslim:,,,{},0,,refreshed,"[""daily_top""]",true,2026-09-14T11:08:46.192Z,0,"[""search_result_dom"",""product_detail_jsonld"",""product_detail_dom""]","{""variant_id"":""observed"",""variant_label"":""observed"",""listing_id"":""observed"",""inventory_key"":""observed"",""stock_quantity"":""observed"",""stock_quantity_source"":""observed"",""stock_quantity_kind"":""observed"",""stock_observed_at"":""observed"",""max_sale_limit"":""observed"",""seller_count"":""observed"",""seller_count_observed"":""observed"",""seller_count_kind"":""observed"",""sellers"":""observed"",""variants"":""observed"",""favorite_count"":""observed"",""inventory_decrease"":""unavailable"",""sales_estimate_daily"":""unavailable"",""sales_estimate_weekly"":""unavailable"",""sales_estimate_monthly"":""unavailable"",""sales_estimate_status"":""unavailable"",""sales_estimate_hours"":""unavailable"",""sales_estimate_source"":""unavailable"",""title"":""observed"",""brand"":""observed"",""seller_name"":""observed"",""seller_score"":""observed"",""price"":""observed"",""original_price"":""unavailable"",""campaigns"":""observed"",""stock_status"":""observed"",""stock_signal"":""unavailable"",""rating"":""observed"",""rating_count"":""observed"",""review_count"":""observed"",""question_count"":""observed"",""delivery_summary"":""observed"",""shipping_cost"":""unavailable"",""properties"":""observed""}",true,
560490508,S,90386d9a236345199aed8b1d08575d0e,349338626:108216:560490508:90386d9a236345199aed8b1d08575d0e,17,merchantListing.winnerVariant.quantity,reported,2026-09-14T11:08:45.975Z,10,1,1,reported_total,"[{""merchant_id"":""108216"",""name"":""Artış Collection"",""score"":9.1,""price"":2278.37,""variant_id"":""560490508"",""listing_id"":""90386d9a236345199aed8b1d08575d0e"",""stock_quantity"":17}]","[{""variant_id"":""560490508"",""label"":""S"",""in_stock"":true,""stock_quantity"":17,""selected"":true},{""variant_id"":""560474193"",""label"":""L"",""in_stock"":true,""stock_quantity"":null,""selected"":false},{""variant_id"":""560490511"",""label"":""XL"",""in_stock"":true,""stock_quantity"":null,""selected"":false},{""variant_id"":""560490510"",""label"":""M"",""in_stock"":false,""stock_quantity"":null,""selected"":false}]",2697,,,,,unchanged_stock,24.02,inventory_net_decrease,2026-09-14,2026-09-14T14:00:36+03:00,hamile,BEST_SELLER,hamile-elbise,hamile elbise,144,4,244,244,2,hamile:hamile-elbise,144,3,10.7,19.3,349338626,108216,349338626:108216,Artış Kadın Esnek Viskoz Hamile Sabahlık Gecelik Takım 13406,Artış,,https://www.trendyol.com/artis/kadin-esnek-viskoz-hamile-sabahlik-gecelik-takim-13406-p-349338626?boutiqueId=61&merchantId=108216,Artış Collection,9.1,2278.37,,,0,TRY,"[""100 TL Kupon"",""Kargo Bedava"",""Peşin Fiyatına 3 Taksit""]",InStock,,,,,,4,35,21,0,3,,"2,7B kişi favoriledi",,,,0,,,,Tahmini Teslim:,,,{},0,,refreshed,"[""daily_top""]",true,2026-09-14T11:08:45.975Z,0,"[""search_result_dom"",""product_detail_jsonld"",""product_detail_dom""]","{""variant_id"":""observed"",""variant_label"":""observed"",""listing_id"":""observed"",""inventory_key"":""observed"",""stock_quantity"":""observed"",""stock_quantity_source"":""observed"",""stock_quantity_kind"":""observed"",""stock_observed_at"":""observed"",""max_sale_limit"":""observed"",""seller_count"":""observed"",""seller_count_observed"":""observed"",""seller_count_kind"":""observed"",""sellers"":""observed"",""variants"":""observed"",""favorite_count"":""observed"",""inventory_decrease"":""unavailable"",""sales_estimate_daily"":""unavailable"",""sales_estimate_weekly"":""unavailable"",""sales_estimate_monthly"":""unavailable"",""sales_estimate_status"":""unavailable"",""sales_estimate_hours"":""unavailable"",""sales_estimate_source"":""unavailable"",""title"":""observed"",""brand"":""observed"",""seller_name"":""observed"",""seller_score"":""observed"",""price"":""observed"",""original_price"":""unavailable"",""campaigns"":""observed"",""stock_status"":""observed"",""stock_signal"":""unavailable"",""rating"":""observed"",""rating_count"":""observed"",""review_count"":""observed"",""question_count"":""observed"",""delivery_summary"":""observed"",""shipping_cost"":""unavailable"",""properties"":""observed""}",true,
662204937,S,fc693c6ca3c6efd13d76796dfd18f7ed,464301579:733989:662204937:fc693c6ca3c6efd13d76796dfd18f7ed,1,merchantListing.winnerVariant.quantity,reported,2026-09-14T11:08:50.755Z,10,1,1,reported_total,"[{""merchant_id"":""733989"",""name"":""KEM-TEX"",""score"":9.5,""price"":1599,""variant_id"":""662204937"",""listing_id"":""fc693c6ca3c6efd13d76796dfd18f7ed"",""stock_quantity"":1}]","[{""variant_id"":""662204937"",""label"":""S"",""in_stock"":true,""stock_quantity"":1,""selected"":true},{""variant_id"":""662204931"",""label"":""M"",""in_stock"":true,""stock_quantity"":null,""selected"":false},{""variant_id"":""662204934"",""label"":""L"",""in_stock"":true,""stock_quantity"":null,""selected"":false},{""variant_id"":""662183640"",""label"":""XL"",""in_stock"":true,""stock_quantity"":null,""selected"":false},{""variant_id"":""1632397504"",""label"":""2XL"",""in_stock"":true,""stock_quantity"":null,""selected"":false}]",6650,,,,,unchanged_stock,24.02,inventory_net_decrease,2026-09-14,2026-09-14T14:00:36+03:00,hamile,BEST_SELLER,hamile-elbise,hamile elbise,145,4,245,245,,hamile:hamile-elbise,145,0,17.5,12.5,464301579,733989,464301579:733989,LORIAN'S 3016 2'li Gecelik Ve Sabahlık Lohusa Pijama Takımı ( New ),LORIAN'S,Hamile Pijama Takımı,https://www.trendyol.com/lorian-s/3016-2-li-gecelik-ve-sabahlik-lohusa-pijama-takimi-new-p-464301579?boutiqueId=61&merchantId=733989,KEM-TEX,9.5,1599,,,0,TRY,"[""Sepette %5 İndirim"",""50 TL Kupon"",""Kargo Bedava"",""Peşin Fiyatına 3 Taksit""]",InStock,Tükeniyor,,,,,4.702811244979918,249,151,0,58,,"6,6B kişi favoriledi",,4999,TRY,0,1,1,3,9 saat 51 dakika içinde sipariş verirsen en geç yarın kargoda!,,https://cdn.dsmcdn.com/ty1486/product/media/images/prod/QC/20240816/22/b6a1022a-a6c1-3a8a-942e-672d3f9f9264/1_org_zoom.jpg,"{""Paça Boyu"":""Uzun"",""Sürdürülebilirlik Detayı"":""Hayır"",""Kol Tipi"":""Uzun Kol"",""Desen"":""Düz"",""Yaka Tipi"":""V Yaka"",""Renk"":""Ekru"",""Koleksiyon"":""Hamile"",""Yıkama Talimatı"":""Type 1"",""Kumaş Tipi"":""Örme"",""Boy"":""Uzun"",""Kalıp"":""Regular"",""Paça Tipi"":""Regular"",""Kol Boyu"":""Uzun"",""Ortam"":""Günlük"",""Paket İçeriği"":""2'li"",""Bel"":""Normal Bel"",""Menşei"":""TR""}",20,5,refreshed,"[""daily_top""]",true,2026-09-14T11:08:50.755Z,0,"[""search_result_dom"",""product_detail_jsonld"",""product_detail_dom""]","{""variant_id"":""observed"",""variant_label"":""observed"",""listing_id"":""observed"",""inventory_key"":""observed"",""stock_quantity"":""observed"",""stock_quantity_source"":""observed"",""stock_quantity_kind"":""observed"",""stock_observed_at"":""observed"",""max_sale_limit"":""observed"",""seller_count"":""observed"",""seller_count_observed"":""observed"",""seller_count_kind"":""observed"",""sellers"":""observed"",""variants"":""observed"",""favorite_count"":""observed"",""inventory_decrease"":""unavailable"",""sales_estimate_daily"":""unavailable"",""sales_estimate_weekly"":""unavailable"",""sales_estimate_monthly"":""unavailable"",""sales_estimate_status"":""unavailable"",""sales_estimate_hours"":""unavailable"",""sales_estimate_source"":""unavailable"",""title"":""observed"",""brand"":""observed"",""seller_name"":""observed"",""seller_score"":""observed"",""price"":""observed"",""original_price"":""unavailable"",""campaigns"":""observed"",""stock_status"":""observed"",""stock_signal"":""observed"",""rating"":""observed"",""rating_count"":""observed"",""review_count"":""observed"",""question_count"":""observed"",""delivery_summary"":""observed"",""shipping_cost"":""observed"",""properties"":""observed""}",true,
1615504413,S,291e5551297b6f4d1d264b4a162dc57c,1154875408:987100:1615504413:291e5551297b6f4d1d264b4a162dc57c,12000,merchantListing.winnerVariant.quantity,reported,2026-09-14T11:08:50.617Z,10,2,2,reported_total,"[{""merchant_id"":""987100"",""name"":""Lohusa Center"",""score"":9.4,""price"":4899.9,""variant_id"":""1615504413"",""listing_id"":""291e5551297b6f4d1d264b4a162dc57c"",""stock_quantity"":12000},{""merchant_id"":""235613"",""name"":""Lohussa"",""score"":9.1,""price"":4899.9,""variant_id"":""1615504413"",""listing_id"":""0238f0a76cff72a5dfb31829f04c1d21"",""stock_quantity"":8000}]","[{""variant_id"":""1615504413"",""label"":""S"",""in_stock"":true,""stock_quantity"":12000,""selected"":true},{""variant_id"":""1615504410"",""label"":""M"",""in_stock"":true,""stock_quantity"":null,""selected"":false},{""variant_id"":""1615504407"",""label"":""L"",""in_stock"":true,""stock_quantity"":null,""selected"":false},{""variant_id"":""1615504408"",""label"":""XL"",""in_stock"":true,""stock_quantity"":null,""selected"":false},{""variant_id"":""1615504412"",""label"":""2XL"",""in_stock"":true,""stock_quantity"":null,""selected"":false}]",269,,,,,missing_baseline,,inventory_net_decrease,2026-09-14,2026-09-14T14:00:36+03:00,hamile,BEST_SELLER,hamile-elbise,hamile elbise,146,4,246,246,3,hamile:hamile-elbise,146,,0,30,1154875408,987100,1154875408:987100,Lohussa Yeni Sezon Ekru Fisto Keten Sabahlıklı Özel Tasarım %100 Pamuk Emzirme Özellikli Lohusa Hamile Sabahlıklı Pijama Takımı Gecelik Seti,Lohussa,,https://www.trendyol.com/lohussa/yeni-sezon-ekru-fisto-keten-sabahlikli-ozel-tasarim-100-pamuk-emzirme-ozellikli-lohusa-hamile-sabahlikli-pijama-takimi-gecelik-seti-p-1154875408?boutiqueId=61&merchantId=987100,Lohusa Center,9.4,4899.9,,,,TRY,"[""100 TL Kupon"",""Kargo Bedava"",""Sepette %5 İndirim"",""Peşin Fiyatına 3 Taksit"",""Trendyol Plus'a Özel""]",InStock,,,,,,0,0,0,,8,,,,,,0,,,,9 saat 51 dakika içinde sipariş verirsen en geç yarın kargoda!,,,{},0,,refreshed,"[""daily_top""]",true,2026-09-14T11:08:50.617Z,0,"[""search_result_dom"",""product_detail_jsonld"",""product_detail_dom""]","{""variant_id"":""observed"",""variant_label"":""observed"",""listing_id"":""observed"",""inventory_key"":""observed"",""stock_quantity"":""observed"",""stock_quantity_source"":""observed"",""stock_quantity_kind"":""observed"",""stock_observed_at"":""observed"",""max_sale_limit"":""observed"",""seller_count"":""observed"",""seller_count_observed"":""observed"",""seller_count_kind"":""observed"",""sellers"":""observed"",""variants"":""observed"",""favorite_count"":""observed"",""inventory_decrease"":""unavailable"",""sales_estimate_daily"":""unavailable"",""sales_estimate_weekly"":""unavailable"",""sales_estimate_monthly"":""unavailable"",""sales_estimate_status"":""unavailable"",""sales_estimate_hours"":""unavailable"",""sales_estimate_source"":""unavailable"",""title"":""observed"",""brand"":""observed"",""seller_name"":""observed"",""seller_score"":""observed"",""price"":""observed"",""original_price"":""unavailable"",""campaigns"":""observed"",""stock_status"":""observed"",""stock_signal"":""unavailable"",""rating"":""observed"",""rating_count"":""observed"",""review_count"":""observed"",""question_count"":""observed"",""delivery_summary"":""observed"",""shipping_cost"":""unavailable"",""properties"":""observed""}",true,
1472293811,S,555a5f6adc4af8b28356a83835cb0fb7,1064758929:987100:1472293811:555a5f6adc4af8b28356a83835cb0fb7,7000,merchantListing.winnerVariant.quantity,reported,2026-09-14T11:08:50.558Z,10,3,3,reported_total,"[{""merchant_id"":""987100"",""name"":""Lohusa Center"",""score"":9.4,""price"":3299.9,""variant_id"":""1472293811"",""listing_id"":""555a5f6adc4af8b28356a83835cb0fb7"",""stock_quantity"":7000},{""merchant_id"":""235613"",""name"":""Lohussa"",""score"":9.1,""price"":3499.9,""variant_id"":""1472293811"",""listing_id"":""5935bbe3e345dc0863cd7fd30d49cdfc"",""stock_quantity"":6000},{""merchant_id"":""948829"",""name"":""PREGNANT WORLD"",""score"":9,""price"":3499.9,""variant_id"":""1472293811"",""listing_id"":""9a0800155ce4f93b03f2ffecdd6eae53"",""stock_quantity"":6000}]","[{""variant_id"":""1472293811"",""label"":""S"",""in_stock"":true,""stock_quantity"":7000,""selected"":true},{""variant_id"":""1472295267"",""label"":""M"",""in_stock"":true,""stock_quantity"":null,""selected"":false},{""variant_id"":""1472295143"",""label"":""L"",""in_stock"":true,""stock_quantity"":null,""selected"":false},{""variant_id"":""1472295030"",""label"":""XL"",""in_stock"":true,""stock_quantity"":null,""selected"":false},{""variant_id"":""1472294927"",""label"":""2XL"",""in_stock"":true,""stock_quantity"":null,""selected"":false}]",1076,,,,,missing_baseline,,inventory_net_decrease,2026-09-14,2026-09-14T14:00:36+03:00,hamile,BEST_SELLER,hamile-elbise,hamile elbise,147,4,247,247,3,hamile:hamile-elbise,147,,6.2,23.8,1064758929,987100,1064758929:987100,"Lohussa Yeni Sezon Ekru Fisto Keten Sabahlıklı Özel Tasarım Pamuk Lohusa Hamile Sabahlık,Gecelik 2 li Set",Lohussa,,https://www.trendyol.com/lohussa/yeni-sezon-ekru-fisto-keten-sabahlikli-ozel-tasarim-pamuk-lohusa-hamile-sabahlik-gecelik-2-li-set-p-1064758929?boutiqueId=61&merchantId=987100,Lohusa Center,9.4,3299.9,,,,TRY,"[""100 TL Kupon"",""Kargo Bedava"",""Sepette %5 İndirim"",""Peşin Fiyatına 3 Taksit"",""Trendyol Plus'a Özel""]",InStock,,,,,,5,7,5,,13,,1B kişi favoriledi,,,,0,,,,9 saat 51 dakika içinde sipariş verirsen en geç yarın kargoda!,,,{},0,,refreshed,"[""daily_top""]",true,2026-09-14T11:08:50.559Z,0,"[""search_result_dom"",""product_detail_jsonld"",""product_detail_dom""]","{""variant_id"":""observed"",""variant_label"":""observed"",""listing_id"":""observed"",""inventory_key"":""observed"",""stock_quantity"":""observed"",""stock_quantity_source"":""observed"",""stock_quantity_kind"":""observed"",""stock_observed_at"":""observed"",""max_sale_limit"":""observed"",""seller_count"":""observed"",""seller_count_observed"":""observed"",""seller_count_kind"":""observed"",""sellers"":""observed"",""variants"":""observed"",""favorite_count"":""observed"",""inventory_decrease"":""unavailable"",""sales_estimate_daily"":""unavailable"",""sales_estimate_weekly"":""unavailable"",""sales_estimate_monthly"":""unavailable"",""sales_estimate_status"":""unavailable"",""sales_estimate_hours"":""unavailable"",""sales_estimate_source"":""unavailable"",""title"":""observed"",""brand"":""observed"",""seller_name"":""observed"",""seller_score"":""observed"",""price"":""observed"",""original_price"":""unavailable"",""campaigns"":""observed"",""stock_status"":""observed"",""stock_signal"":""unavailable"",""rating"":""observed"",""rating_count"":""observed"",""review_count"":""observed"",""question_count"":""observed"",""delivery_summary"":""observed"",""shipping_cost"":""unavailable"",""properties"":""observed""}",true,
1606547049,M,9c21d26e9af020bed86ffa0a535cf665,1149159282:175525:1606547049:9c21d26e9af020bed86ffa0a535cf665,197,merchantListing.winnerVariant.quantity,reported,2026-09-14T11:08:55.368Z,10,1,1,reported_total,"[{""merchant_id"":""175525"",""name"":""Miss Dünya Lissa"",""score"":8.6,""price"":889.99,""variant_id"":""1606547049"",""listing_id"":""9c21d26e9af020bed86ffa0a535cf665"",""stock_quantity"":197}]","[{""variant_id"":""1606547049"",""label"":""M"",""in_stock"":true,""stock_quantity"":197,""selected"":true},{""variant_id"":""1606546778"",""label"":""L"",""in_stock"":true,""stock_quantity"":null,""selected"":false},{""variant_id"":""1606546223"",""label"":""XL"",""in_stock"":true,""stock_quantity"":null,""selected"":false},{""variant_id"":""1606546910"",""label"":""2XL"",""in_stock"":true,""stock_quantity"":null,""selected"":false}]",2680,,,,,unchanged_stock,24.02,inventory_net_decrease,2026-09-14,2026-09-14T14:00:36+03:00,hamile,BEST_SELLER,hamile-elbise,hamile elbise,148,4,248,248,8,hamile:hamile-elbise,148,5,0,30,1149159282,175525,1149159282:175525,Miss Dünya Lissa Kare Yaka Düğmeli Sıfır Kol Hamile ve Lohusa Dokuma Elbise,Miss Dünya Lissa,,https://www.trendyol.com/miss-dunya-lissa/kare-yaka-dugmeli-sifir-kol-hamile-ve-lohusa-dokuma-elbise-p-1149159282?boutiqueId=61&merchantId=175525,Miss Dünya Lissa,8.6,889.99,,,0,TRY,"[""Kargo Bedava""]",InStock,,,,,,0,0,0,0,11,,"2,6B kişi favoriledi",,,,0,,,,Tahmini Teslim:,,,{},0,,refreshed,"[""daily_top""]",true,2026-09-14T11:08:55.369Z,0,"[""search_result_dom"",""product_detail_jsonld"",""product_detail_dom""]","{""variant_id"":""observed"",""variant_label"":""observed"",""listing_id"":""observed"",""inventory_key"":""observed"",""stock_quantity"":""observed"",""stock_quantity_source"":""observed"",""stock_quantity_kind"":""observed"",""stock_observed_at"":""observed"",""max_sale_limit"":""observed"",""seller_count"":""observed"",""seller_count_observed"":""observed"",""seller_count_kind"":""observed"",""sellers"":""observed"",""variants"":""observed"",""favorite_count"":""observed"",""inventory_decrease"":""unavailable"",""sales_estimate_daily"":""unavailable"",""sales_estimate_weekly"":""unavailable"",""sales_estimate_monthly"":""unavailable"",""sales_estimate_status"":""unavailable"",""sales_estimate_hours"":""unavailable"",""sales_estimate_source"":""unavailable"",""title"":""observed"",""brand"":""observed"",""seller_name"":""observed"",""seller_score"":""observed"",""price"":""observed"",""original_price"":""unavailable"",""campaigns"":""observed"",""stock_status"":""observed"",""stock_signal"":""unavailable"",""rating"":""observed"",""rating_count"":""observed"",""review_count"":""observed"",""question_count"":""observed"",""delivery_summary"":""observed"",""shipping_cost"":""unavailable"",""properties"":""observed""}",true,
1573957968,L,6bfca915c95f852d3953eb97161ef762,1127236195:681877:1573957968:6bfca915c95f852d3953eb97161ef762,2,merchantListing.winnerVariant.quantity,reported,2026-09-14T11:08:55.177Z,10,1,1,reported_total,"[{""merchant_id"":""681877"",""name"":""BUTİK SEVİM"",""score"":9.5,""price"":1233.76,""variant_id"":""1573957968"",""listing_id"":""6bfca915c95f852d3953eb97161ef762"",""stock_quantity"":2}]","[{""variant_id"":""1573957968"",""label"":""L"",""in_stock"":true,""stock_quantity"":2,""selected"":true},{""variant_id"":""1573961607"",""label"":""XL"",""in_stock"":true,""stock_quantity"":null,""selected"":false},{""variant_id"":""1573962917"",""label"":""2XL"",""in_stock"":true,""stock_quantity"":null,""selected"":false},{""variant_id"":""1573962760"",""label"":""3XL"",""in_stock"":true,""stock_quantity"":null,""selected"":false},{""variant_id"":""1573962340"",""label"":""4XL"",""in_stock"":true,""stock_quantity"":null,""selected"":false}]",877,,,,,unchanged_stock,24.02,inventory_net_decrease,2026-09-14,2026-09-14T14:00:36+03:00,hamile,BEST_SELLER,hamile-elbise,hamile elbise,149,4,249,249,4,hamile:hamile-elbise,149,5,4.8,25.2,1127236195,681877,1127236195:681877,Ferace Tesettür Hamile Elbise – Günlük Şık Rahat Kalıp,Ferace,,https://www.trendyol.com/ferace/tesettur-hamile-elbise-gunluk-sik-rahat-kalip-p-1127236195?boutiqueId=61&merchantId=681877,BUTİK SEVİM,9.5,1233.76,,,0,TRY,"[""Kargo Bedava"",""Peşin Fiyatına 3 Taksit""]",InStock,Tükeniyor,,,,,4.75,8,3,0,11,,873 kişi favoriledi,,,,0,,,,9 saat 51 dakika içinde sipariş verirsen en geç yarın kargoda!,,,{},0,,refreshed,"[""daily_top""]",true,2026-09-14T11:08:55.177Z,0,"[""search_result_dom"",""product_detail_jsonld"",""product_detail_dom""]","{""variant_id"":""observed"",""variant_label"":""observed"",""listing_id"":""observed"",""inventory_key"":""observed"",""stock_quantity"":""observed"",""stock_quantity_source"":""observed"",""stock_quantity_kind"":""observed"",""stock_observed_at"":""observed"",""max_sale_limit"":""observed"",""seller_count"":""observed"",""seller_count_observed"":""observed"",""seller_count_kind"":""observed"",""sellers"":""observed"",""variants"":""observed"",""favorite_count"":""observed"",""inventory_decrease"":""unavailable"",""sales_estimate_daily"":""unavailable"",""sales_estimate_weekly"":""unavailable"",""sales_estimate_monthly"":""unavailable"",""sales_estimate_status"":""unavailable"",""sales_estimate_hours"":""unavailable"",""sales_estimate_source"":""unavailable"",""title"":""observed"",""brand"":""observed"",""seller_name"":""observed"",""seller_score"":""observed"",""price"":""observed"",""original_price"":""unavailable"",""campaigns"":""observed"",""stock_status"":""observed"",""stock_signal"":""observed"",""rating"":""observed"",""rating_count"":""observed"",""review_count"":""observed"",""question_count"":""observed"",""delivery_summary"":""observed"",""shipping_cost"":""unavailable"",""properties"":""observed""}",true,
1157528576,M,720db4ba5e8e84bac9a277de6f562e28,856000127:175525:1157528576:720db4ba5e8e84bac9a277de6f562e28,14,merchantListing.winnerVariant.quantity,reported,2026-09-14T11:08:55.118Z,10,1,1,reported_total,"[{""merchant_id"":""175525"",""name"":""Miss Dünya Lissa"",""score"":8.6,""price"":829.99,""variant_id"":""1157528576"",""listing_id"":""720db4ba5e8e84bac9a277de6f562e28"",""stock_quantity"":14}]","[{""variant_id"":""1157528576"",""label"":""M"",""in_stock"":true,""stock_quantity"":14,""selected"":true},{""variant_id"":""1157528577"",""label"":""L"",""in_stock"":true,""stock_quantity"":null,""selected"":false},{""variant_id"":""1157528578"",""label"":""XL"",""in_stock"":true,""stock_quantity"":null,""selected"":false},{""variant_id"":""1157528575"",""label"":""2XL"",""in_stock"":true,""stock_quantity"":null,""selected"":false}]",1303,,,,,unchanged_stock,24.01,inventory_net_decrease,2026-09-14,2026-09-14T14:00:36+03:00,hamile,BEST_SELLER,hamile-elbise,hamile elbise,150,4,250,250,5,hamile:hamile-elbise,150,12,6.2,23.8,856000127,175525,856000127:175525,Miss Dünya Lissa Hamile ve Lohusa Uzun Kol Saç Örgü Desen Midi Elbise,Miss Dünya Lissa,,https://www.trendyol.com/miss-dunya-lissa/hamile-ve-lohusa-uzun-kol-sac-orgu-desen-midi-elbise-p-856000127?boutiqueId=61&merchantId=175525,Miss Dünya Lissa,8.6,829.99,,,0,TRY,"[""Kargo Bedava""]",InStock,,,,,,4.384615384615385,13,5,0,8,,"1,3B kişi favoriledi",,,,0,,,,Tahmini Teslim:,,,{},0,,refreshed,"[""daily_top""]",true,2026-09-14T11:08:55.119Z,0,"[""search_result_dom"",""product_detail_jsonld"",""product_detail_dom""]","{""variant_id"":""observed"",""variant_label"":""observed"",""listing_id"":""observed"",""inventory_key"":""observed"",""stock_quantity"":""observed"",""stock_quantity_source"":""observed"",""stock_quantity_kind"":""observed"",""stock_observed_at"":""observed"",""max_sale_limit"":""observed"",""seller_count"":""observed"",""seller_count_observed"":""observed"",""seller_count_kind"":""observed"",""sellers"":""observed"",""variants"":""observed"",""favorite_count"":""observed"",""inventory_decrease"":""unavailable"",""sales_estimate_daily"":""unavailable"",""sales_estimate_weekly"":""unavailable"",""sales_estimate_monthly"":""unavailable"",""sales_estimate_status"":""unavailable"",""sales_estimate_hours"":""unavailable"",""sales_estimate_source"":""unavailable"",""title"":""observed"",""brand"":""observed"",""seller_name"":""observed"",""seller_score"":""observed"",""price"":""observed"",""original_price"":""unavailable"",""campaigns"":""observed"",""stock_status"":""observed"",""stock_signal"":""unavailable"",""rating"":""observed"",""rating_count"":""observed"",""review_count"":""observed"",""question_count"":""observed"",""delivery_summary"":""observed"",""shipping_cost"":""unavailable"",""properties"":""observed""}",true,
1241946032,S,eadde88731435db3a4db502c6b49129f,893976150:126861:1241946032:eadde88731435db3a4db502c6b49129f,15,merchantListing.winnerVariant.quantity,reported,2026-09-14T11:08:59.970Z,5,1,1,reported_total,"[{""merchant_id"":""126861"",""name"":""Penyemood"",""score"":9,""price"":712.28,""variant_id"":""1241946032"",""listing_id"":""eadde88731435db3a4db502c6b49129f"",""stock_quantity"":15}]","[{""variant_id"":""1241946032"",""label"":""S"",""in_stock"":true,""stock_quantity"":15,""selected"":true},{""variant_id"":""1241946031"",""label"":""M"",""in_stock"":false,""stock_quantity"":null,""selected"":false},{""variant_id"":""1241946035"",""label"":""L"",""in_stock"":false,""stock_quantity"":null,""selected"":false}]",2331,,,,,unchanged_stock,24.02,inventory_net_decrease,2026-09-14,2026-09-14T14:00:36+03:00,hamile,BEST_SELLER,hamile-elbise,hamile elbise,151,4,251,251,,hamile:hamile-elbise,151,-1,17.6,17.3,893976150,126861,893976150:126861,Catherines Comfort Mood Hamile Elbise,Catherines,Hamile Elbisesi,https://www.trendyol.com/catherines/comfort-mood-hamile-elbise-p-893976150?boutiqueId=61&merchantId=126861,Penyemood,9,712.28,749,4.9,0,TRY,"[""Kargo Bedava"",""Son 10 Günün En Düşük Fiyatı"",""Trendyol Plus'a Özel""]",InStock,,,,,,4.314285714285714,70,38,0,16,,"2,3B kişi favoriledi",,4999,TRY,0,1,1,3,9 saat 51 dakika içinde sipariş verirsen en geç yarın kargoda!,,https://cdn.dsmcdn.com/ty1628/prod/QC/20250121/22/3f1602c8-9840-37a9-8675-101ec3c204e8/1_org_zoom.jpg,"{""Yaka Tipi"":""Bisiklet Yaka"",""Kumaş Tipi"":""Örme"",""Kol Tipi"":""Standart Kol"",""Desen"":""Düz"",""Kalıp"":""Regular"",""Renk"":""Lacivert"",""Boy"":""Midi"",""Ortam"":""Hamile Giyim"",""Kol Boyu"":""Uzun"",""Yıkama Talimatı"":""Type 1"",""Koleksiyon"":""Hamile"",""Sürdürülebilirlik Detayı"":""Hayır""}",20,5,refreshed,"[""daily_top""]",true,2026-09-14T11:08:59.971Z,0,"[""search_result_dom"",""product_detail_jsonld"",""product_detail_dom""]","{""variant_id"":""observed"",""variant_label"":""observed"",""listing_id"":""observed"",""inventory_key"":""observed"",""stock_quantity"":""observed"",""stock_quantity_source"":""observed"",""stock_quantity_kind"":""observed"",""stock_observed_at"":""observed"",""max_sale_limit"":""observed"",""seller_count"":""observed"",""seller_count_observed"":""observed"",""seller_count_kind"":""observed"",""sellers"":""observed"",""variants"":""observed"",""favorite_count"":""observed"",""inventory_decrease"":""unavailable"",""sales_estimate_daily"":""unavailable"",""sales_estimate_weekly"":""unavailable"",""sales_estimate_monthly"":""unavailable"",""sales_estimate_status"":""unavailable"",""sales_estimate_hours"":""unavailable"",""sales_estimate_source"":""unavailable"",""title"":""observed"",""brand"":""observed"",""seller_name"":""observed"",""seller_score"":""observed"",""price"":""observed"",""original_price"":""observed"",""campaigns"":""observed"",""stock_status"":""observed"",""stock_signal"":""unavailable"",""rating"":""observed"",""rating_count"":""observed"",""review_count"":""observed"",""question_count"":""observed"",""delivery_summary"":""observed"",""shipping_cost"":""observed"",""properties"":""observed""}",true,
1575236942,M,2955031cddf24881bb58037cba92191e,1127983998:770517:1575236942:2955031cddf24881bb58037cba92191e,5,merchantListing.winnerVariant.quantity,reported,2026-09-14T11:08:59.848Z,10,1,1,reported_total,"[{""merchant_id"":""770517"",""name"":""Erdeniz Tekstil"",""score"":9.3,""price"":2349,""variant_id"":""1575236942"",""listing_id"":""2955031cddf24881bb58037cba92191e"",""stock_quantity"":5}]","[{""variant_id"":""1575236942"",""label"":""M"",""in_stock"":true,""stock_quantity"":5,""selected"":true},{""variant_id"":""1575238649"",""label"":""XL"",""in_stock"":true,""stock_quantity"":null,""selected"":false},{""variant_id"":""1575233217"",""label"":""2XL"",""in_stock"":true,""stock_quantity"":null,""selected"":false},{""variant_id"":""1575237946"",""label"":""L"",""in_stock"":false,""stock_quantity"":null,""selected"":false}]",514,,,,,restock_or_adjustment,24.03,inventory_net_decrease,2026-09-14,2026-09-14T14:00:36+03:00,hamile,BEST_SELLER,hamile-elbise,hamile elbise,152,4,252,252,2,hamile:hamile-elbise,152,-37,0,30,1127983998,770517,1127983998:770517,ERDENİZ TEKSTİL Geniş Dantel Kollu Lohusa Hamile Gecelik Sabahlık Takımı Pamuklu,ERDENİZ TEKSTİL,,https://www.trendyol.com/erdeniz-tekstil/genis-dantel-kollu-lohusa-hamile-gecelik-sabahlik-takimi-pamuklu-p-1127983998?boutiqueId=61&merchantId=770517,Erdeniz Tekstil,9.3,2349,,,0,TRY,"[""100 TL Kupon"",""Kargo Bedava"",""Peşin Fiyatına 3 Taksit"",""Trendyol Plus'a Özel""]",InStock,Tükeniyor,,,,,0,0,0,0,4,,517 kişi favoriledi,,,,0,,,,9 saat 51 dakika içinde sipariş verirsen en geç yarın kargoda!,,,{},0,,refreshed,"[""daily_top"",""hot_change""]",true,2026-09-14T11:08:59.848Z,0,"[""search_result_dom"",""product_detail_jsonld"",""product_detail_dom""]","{""variant_id"":""observed"",""variant_label"":""observed"",""listing_id"":""observed"",""inventory_key"":""observed"",""stock_quantity"":""observed"",""stock_quantity_source"":""observed"",""stock_quantity_kind"":""observed"",""stock_observed_at"":""observed"",""max_sale_limit"":""observed"",""seller_count"":""observed"",""seller_count_observed"":""observed"",""seller_count_kind"":""observed"",""sellers"":""observed"",""variants"":""observed"",""favorite_count"":""observed"",""inventory_decrease"":""unavailable"",""sales_estimate_daily"":""unavailable"",""sales_estimate_weekly"":""unavailable"",""sales_estimate_monthly"":""unavailable"",""sales_estimate_status"":""unavailable"",""sales_estimate_hours"":""unavailable"",""sales_estimate_source"":""unavailable"",""title"":""observed"",""brand"":""observed"",""seller_name"":""observed"",""seller_score"":""observed"",""price"":""observed"",""original_price"":""unavailable"",""campaigns"":""observed"",""stock_status"":""observed"",""stock_signal"":""observed"",""rating"":""observed"",""rating_count"":""observed"",""review_count"":""observed"",""question_count"":""observed"",""delivery_summary"":""observed"",""shipping_cost"":""unavailable"",""properties"":""observed""}",true,
1534417988,S,ae04885214d1ba2e6ff3668fa994d59c,1104982408:982060:1534417988:ae04885214d1ba2e6ff3668fa994d59c,4,merchantListing.winnerVariant.quantity,reported,2026-09-14T11:08:59.751Z,10,1,1,reported_total,"[{""merchant_id"":""982060"",""name"":""H&M"",""score"":8.6,""price"":2299,""variant_id"":""1534417988"",""listing_id"":""ae04885214d1ba2e6ff3668fa994d59c"",""stock_quantity"":4}]","[{""variant_id"":""1534417988"",""label"":""S"",""in_stock"":true,""stock_quantity"":4,""selected"":true},{""variant_id"":""1534413142"",""label"":""M"",""in_stock"":true,""stock_quantity"":null,""selected"":false},{""variant_id"":""1534416805"",""label"":""L"",""in_stock"":true,""stock_quantity"":null,""selected"":false},{""variant_id"":""1534419258"",""label"":""XS"",""in_stock"":false,""stock_quantity"":null,""selected"":false},{""variant_id"":""1534418521"",""label"":""XL"",""in_stock"":false,""stock_quantity"":null,""selected"":false},{""variant_id"":""1534418956"",""label"":""2XL"",""in_stock"":false,""stock_quantity"":null,""selected"":false}]",1493,,,,,observation_gap,,inventory_net_decrease,2026-09-14,2026-09-14T14:00:36+03:00,hamile,BEST_SELLER,hamile-elbise,hamile elbise,153,4,253,253,,hamile:hamile-elbise,153,21,3.8,26.2,1104982408,982060,1104982408:982060,H&M MAMA Kuşaklı Jarse Elbise,H&M,Hamile Elbisesi,https://www.trendyol.com/h-m/mama-kusakli-jarse-elbise-p-1104982408?boutiqueId=61&merchantId=982060,H&M,8.6,2299,,,0,TRY,"[""Kargo Bedava"",""Peşin Fiyatına 3 Taksit"",""Son 10 Günün En Düşük Fiyatı"",""Trendyol Plus'a Özel""]",InStock,Tükeniyor,,,,,3.5,2,2,0,3,,"1,4B kişi favoriledi",,4999,TRY,0,2,1,5,Tahmini Teslim:,,https://cdn.dsmcdn.com/ty1941/prod/QC_ENRICHMENT/20260429/18/e0c236d2-3a61-32a6-955a-4468f9d3521b/1_org_zoom.jpg,"{""Yaka Tipi"":""V Yaka"",""Kumaş Tipi"":""Belirtilmemiş"",""Kol Tipi"":""Uzun Kol"",""Desen"":""Düz"",""Kalıp"":""Regular"",""Renk"":""Siyah"",""Boy"":""Belirtilmemiş"",""Kol Boyu"":""Uzun"",""Yıkama Talimatı"":""T44"",""Menşei"":""CN""}",2,3.5,refreshed,"[""daily_top""]",true,2026-09-14T11:08:59.752Z,0,"[""search_result_dom"",""product_detail_jsonld"",""product_detail_dom""]","{""variant_id"":""observed"",""variant_label"":""observed"",""listing_id"":""observed"",""inventory_key"":""observed"",""stock_quantity"":""observed"",""stock_quantity_source"":""observed"",""stock_quantity_kind"":""observed"",""stock_observed_at"":""observed"",""max_sale_limit"":""observed"",""seller_count"":""observed"",""seller_count_observed"":""observed"",""seller_count_kind"":""observed"",""sellers"":""observed"",""variants"":""observed"",""favorite_count"":""observed"",""inventory_decrease"":""unavailable"",""sales_estimate_daily"":""unavailable"",""sales_estimate_weekly"":""unavailable"",""sales_estimate_monthly"":""unavailable"",""sales_estimate_status"":""unavailable"",""sales_estimate_hours"":""unavailable"",""sales_estimate_source"":""unavailable"",""title"":""observed"",""brand"":""observed"",""seller_name"":""observed"",""seller_score"":""observed"",""price"":""observed"",""original_price"":""unavailable"",""campaigns"":""observed"",""stock_status"":""observed"",""stock_signal"":""observed"",""rating"":""observed"",""rating_count"":""observed"",""review_count"":""observed"",""question_count"":""observed"",""delivery_summary"":""observed"",""shipping_cost"":""observed"",""properties"":""observed""}",true,
1619336356,S,381271722e3f4eb70f124583d93b754e,1157419706:987100:1619336356:381271722e3f4eb70f124583d93b754e,11998,merchantListing.winnerVariant.quantity,reported,2026-09-14T11:09:04.586Z,10,1,1,reported_total,"[{""merchant_id"":""987100"",""name"":""Lohusa Center"",""score"":9.4,""price"":3599.9,""variant_id"":""1619336356"",""listing_id"":""381271722e3f4eb70f124583d93b754e"",""stock_quantity"":11998}]","[{""variant_id"":""1619336356"",""label"":""S"",""in_stock"":true,""stock_quantity"":11998,""selected"":true},{""variant_id"":""1619336358"",""label"":""M"",""in_stock"":true,""stock_quantity"":null,""selected"":false},{""variant_id"":""1619336359"",""label"":""L"",""in_stock"":true,""stock_quantity"":null,""selected"":false},{""variant_id"":""1619336357"",""label"":""XL"",""in_stock"":true,""stock_quantity"":null,""selected"":false},{""variant_id"":""1619336360"",""label"":""2XL"",""in_stock"":true,""stock_quantity"":null,""selected"":false}]",434,,,,,observation_gap,,inventory_net_decrease,2026-09-14,2026-09-14T14:00:36+03:00,hamile,BEST_SELLER,hamile-elbise,hamile elbise,154,4,254,254,3,hamile:hamile-elbise,154,21,0,30,1157419706,987100,1157419706:987100,Lohussa Yeni Sezon Ekru Fisto Keten Sabahlıklı Özel Tasarım %100 Pamuk Emzirme Özellikli Lohusa Hamile Sabahlıklı Gecelik Seti,Lohussa,,https://www.trendyol.com/lohussa/yeni-sezon-ekru-fisto-keten-sabahlikli-ozel-tasarim-100-pamuk-emzirme-ozellikli-lohusa-hamile-sabahlikli-gecelik-seti-p-1157419706?boutiqueId=61&merchantId=987100,Lohusa Center,9.4,3599.9,,,0,TRY,"[""100 TL Kupon"",""Kargo Bedava"",""Sepette %5 İndirim"",""Peşin Fiyatına 3 Taksit"",""Trendyol Plus'a Özel""]",InStock,,,,,,4.5,2,0,0,3,,437 kişi favoriledi,,,,0,,,,9 saat 50 dakika içinde sipariş verirsen en geç yarın kargoda!,,,{},0,,refreshed,"[""daily_top""]",true,2026-09-14T11:09:04.587Z,0,"[""search_result_dom"",""product_detail_jsonld"",""product_detail_dom""]","{""variant_id"":""observed"",""variant_label"":""observed"",""listing_id"":""observed"",""inventory_key"":""observed"",""stock_quantity"":""observed"",""stock_quantity_source"":""observed"",""stock_quantity_kind"":""observed"",""stock_observed_at"":""observed"",""max_sale_limit"":""observed"",""seller_count"":""observed"",""seller_count_observed"":""observed"",""seller_count_kind"":""observed"",""sellers"":""observed"",""variants"":""observed"",""favorite_count"":""observed"",""inventory_decrease"":""unavailable"",""sales_estimate_daily"":""unavailable"",""sales_estimate_weekly"":""unavailable"",""sales_estimate_monthly"":""unavailable"",""sales_estimate_status"":""unavailable"",""sales_estimate_hours"":""unavailable"",""sales_estimate_source"":""unavailable"",""title"":""observed"",""brand"":""observed"",""seller_name"":""observed"",""seller_score"":""observed"",""price"":""observed"",""original_price"":""unavailable"",""campaigns"":""observed"",""stock_status"":""observed"",""stock_signal"":""unavailable"",""rating"":""observed"",""rating_count"":""observed"",""review_count"":""observed"",""question_count"":""observed"",""delivery_summary"":""observed"",""shipping_cost"":""unavailable"",""properties"":""observed""}",true,
1652086226,M,85e09500483e2cb5d2a378657870c678,1178566801:1160258:1652086226:85e09500483e2cb5d2a378657870c678,2996,merchantListing.winnerVariant.quantity,reported,2026-09-14T11:09:04.431Z,10,1,1,reported_total,"[{""merchant_id"":""1160258"",""name"":""Lohusa Homewear"",""score"":9.2,""price"":3799.9,""variant_id"":""1652086226"",""listing_id"":""85e09500483e2cb5d2a378657870c678"",""stock_quantity"":2996}]","[{""variant_id"":""1652086226"",""label"":""M"",""in_stock"":true,""stock_quantity"":2996,""selected"":true},{""variant_id"":""1652086224"",""label"":""L"",""in_stock"":true,""stock_quantity"":null,""selected"":false},{""variant_id"":""1652086225"",""label"":""XL"",""in_stock"":true,""stock_quantity"":null,""selected"":false}]",234,,,,,unchanged_stock,24.02,inventory_net_decrease,2026-09-14,2026-09-14T14:00:36+03:00,hamile,BEST_SELLER,hamile-elbise,hamile elbise,155,4,255,255,,hamile:hamile-elbise,155,1,0,30,1178566801,1160258,1178566801:1160258,Lohusa Homewear Yeni Sezon Ekru Kalın Askılı Fisto Keten Özel Tasarım Emzirme Özellikli Yazlık Lohusa Hamile Sabahlık Gecelik 2'Li Seti,Lohusa Homewear,Hamile Gecelik,https://www.trendyol.com/lohusa-homewear/yeni-sezon-ekru-kalin-askili-fisto-keten-ozel-tasarim-emzirme-ozellikli-yazlik-lohusa-hamile-sabahlik-gecelik-2-li-seti-p-1178566801?boutiqueId=61&merchantId=1160258,Lohusa Homewear,9.2,3799.9,,,0,TRY,"[""Sepette %2 İndirim"",""125 TL Kupon"",""Kargo Bedava"",""Peşin Fiyatına 3 Taksit"",""Trendyol Plus'a Özel""]",InStock,,,,,,3,1,0,0,1,,,,4999,TRY,0,1,1,3,9 saat 50 dakika içinde sipariş verirsen en geç yarın kargoda!,,https://cdn.dsmcdn.com/ty1917/prod/QC_PREP/20260801/10/ea8bae27-3193-33a5-bed1-29e254d2d57d/1_org_zoom.jpg,"{""Desen"":""Düz"",""Materyal"":""Pamuk"",""Kol Tipi"":""Askılı"",""Renk"":""Ekru"",""Yaka Tipi"":""V Yaka"",""Materyal Bileşeni"":""%95 Pamuk,%5 Likra"",""Yıkama Talimatı"":""30"",""Kumaş Tipi"":""Örme"",""Boy"":""Uzun"",""Siluet"":""Uzun"",""Kalıp"":""Regular"",""Kol Boyu"":""Askılı"",""Sürdürülebilirlik Detayı"":""Evet"",""Ortam"":""Hamile Giyim"",""Menşei"":""TR""}",0,,refreshed,"[""daily_top""]",true,2026-09-14T11:09:04.432Z,0,"[""search_result_dom"",""product_detail_jsonld"",""product_detail_dom""]","{""variant_id"":""observed"",""variant_label"":""observed"",""listing_id"":""observed"",""inventory_key"":""observed"",""stock_quantity"":""observed"",""stock_quantity_source"":""observed"",""stock_quantity_kind"":""observed"",""stock_observed_at"":""observed"",""max_sale_limit"":""observed"",""seller_count"":""observed"",""seller_count_observed"":""observed"",""seller_count_kind"":""observed"",""sellers"":""observed"",""variants"":""observed"",""favorite_count"":""observed"",""inventory_decrease"":""unavailable"",""sales_estimate_daily"":""unavailable"",""sales_estimate_weekly"":""unavailable"",""sales_estimate_monthly"":""unavailable"",""sales_estimate_status"":""unavailable"",""sales_estimate_hours"":""unavailable"",""sales_estimate_source"":""unavailable"",""title"":""observed"",""brand"":""observed"",""seller_name"":""observed"",""seller_score"":""observed"",""price"":""observed"",""original_price"":""unavailable"",""campaigns"":""observed"",""stock_status"":""observed"",""stock_signal"":""unavailable"",""rating"":""observed"",""rating_count"":""observed"",""review_count"":""observed"",""question_count"":""observed"",""delivery_summary"":""observed"",""shipping_cost"":""observed"",""properties"":""observed""}",true,
1568910540,S,6bd63cf601e1322d772b69ccc1598804,1124454538:1124276:1568910540:6bd63cf601e1322d772b69ccc1598804,9,merchantListing.winnerVariant.quantity,reported,2026-09-14T11:09:04.275Z,10,1,1,reported_total,"[{""merchant_id"":""1124276"",""name"":""maternel"",""score"":9.4,""price"":2497.35,""variant_id"":""1568910540"",""listing_id"":""6bd63cf601e1322d772b69ccc1598804"",""stock_quantity"":9}]","[{""variant_id"":""1568910540"",""label"":""S"",""in_stock"":true,""stock_quantity"":9,""selected"":true},{""variant_id"":""1568907180"",""label"":""M"",""in_stock"":true,""stock_quantity"":null,""selected"":false},{""variant_id"":""1568909885"",""label"":""L"",""in_stock"":true,""stock_quantity"":null,""selected"":false},{""variant_id"":""1568898995"",""label"":""XL"",""in_stock"":true,""stock_quantity"":null,""selected"":false}]",552,,,,,observation_gap,,inventory_net_decrease,2026-09-14,2026-09-14T14:00:36+03:00,hamile,BEST_SELLER,hamile-elbise,hamile elbise,156,4,256,256,,hamile:hamile-elbise,156,10,2.4,27.6,1124454538,1124276,1124454538:1124276,maternel Uzun Kollu Pamuklu Kontrast Elbise - Hamile & Emzirme,maternel,Hamile Elbisesi,https://www.trendyol.com/maternel/uzun-kollu-pamuklu-kontrast-elbise-hamile-emzirme-p-1124454538?boutiqueId=61&merchantId=1124276,maternel,9.4,2497.35,,,0,TRY,"[""Kargo Bedava"",""Peşin Fiyatına 3 Taksit"",""Trendyol Plus'a Özel""]",InStock,Tükeniyor,,,,,5,1,1,0,2,,553 kişi favoriledi,,4999,TRY,0,1,1,3,9 saat 50 dakika içinde sipariş verirsen en geç yarın kargoda!,,https://cdn.dsmcdn.com/ty1844/prod/QC_PREP/20260326/00/f4b27386-f66e-3caf-82a4-0b3be2485e99/1_org_zoom.jpg,"{""Yaka Tipi"":""Bisiklet Yaka"",""Kumaş Tipi"":""Dokuma"",""Cep"":""Cepli"",""Kol Tipi"":""Uzun Kol"",""Desen"":""Düz"",""Kalıp"":""A-line"",""Renk"":""Siyah"",""Materyal"":""Pamuk"",""Boy"":""Maxi"",""Ortam"":""Hamile Giyim"",""Kol Boyu"":""Uzun"",""Siluet"":""A-line"",""Materyal Bileşeni"":""Pamuk"",""Yıkama Talimatı"":""Yıkama Talimatı 30°C’de benzer renklerle yıkayınız. Ağartıcı kullanmayınız. Düşük ısıda ütüleyiniz. Kurutma makinesinde düşük devirde kurutulabilir, uzun ömür için doğal kurutma önerilir. Ters çevirerek yıkamanız ve ütülemeniz tavsiye edilir."",""Koleksiyon"":""Hamile"",""Sürdürülebilirlik Detayı"":""Evet"",""Menşei"":""TR""}",1,5,refreshed,"[""daily_top""]",true,2026-09-14T11:09:04.275Z,0,"[""search_result_dom"",""product_detail_jsonld"",""product_detail_dom""]","{""variant_id"":""observed"",""variant_label"":""observed"",""listing_id"":""observed"",""inventory_key"":""observed"",""stock_quantity"":""observed"",""stock_quantity_source"":""observed"",""stock_quantity_kind"":""observed"",""stock_observed_at"":""observed"",""max_sale_limit"":""observed"",""seller_count"":""observed"",""seller_count_observed"":""observed"",""seller_count_kind"":""observed"",""sellers"":""observed"",""variants"":""observed"",""favorite_count"":""observed"",""inventory_decrease"":""unavailable"",""sales_estimate_daily"":""unavailable"",""sales_estimate_weekly"":""unavailable"",""sales_estimate_monthly"":""unavailable"",""sales_estimate_status"":""unavailable"",""sales_estimate_hours"":""unavailable"",""sales_estimate_source"":""unavailable"",""title"":""observed"",""brand"":""observed"",""seller_name"":""observed"",""seller_score"":""observed"",""price"":""observed"",""original_price"":""unavailable"",""campaigns"":""observed"",""stock_status"":""observed"",""stock_signal"":""observed"",""rating"":""observed"",""rating_count"":""observed"",""review_count"":""observed"",""question_count"":""observed"",""delivery_summary"":""observed"",""shipping_cost"":""observed"",""properties"":""observed""}",true,
1078064816,L,663dce49d84cf3208e935cbad486d01f,809263190:695647:1078064816:663dce49d84cf3208e935cbad486d01f,9969,merchantListing.winnerVariant.quantity,reported,2026-09-14T11:09:09.618Z,10,1,1,reported_total,"[{""merchant_id"":""695647"",""name"":""AZRA STYLE"",""score"":9.2,""price"":1499.9,""variant_id"":""1078064816"",""listing_id"":""663dce49d84cf3208e935cbad486d01f"",""stock_quantity"":9969}]","[{""variant_id"":""1078064816"",""label"":""L"",""in_stock"":true,""stock_quantity"":9969,""selected"":true},{""variant_id"":""1078064820"",""label"":""XL"",""in_stock"":true,""stock_quantity"":null,""selected"":false},{""variant_id"":""1078064821"",""label"":""2XL"",""in_stock"":true,""stock_quantity"":null,""selected"":false},{""variant_id"":""1078064819"",""label"":""3XL"",""in_stock"":true,""stock_quantity"":null,""selected"":false},{""variant_id"":""1078064818"",""label"":""S"",""in_stock"":false,""stock_quantity"":null,""selected"":false},{""variant_id"":""1078064817"",""label"":""M"",""in_stock"":false,""stock_quantity"":null,""selected"":false}]",1596,,,,,observation_gap,,inventory_net_decrease,2026-09-14,2026-09-14T14:00:36+03:00,hamile,BEST_SELLER,hamile-elbise,hamile elbise,157,4,257,257,7,hamile:hamile-elbise,157,41,10.4,19.6,809263190,695647,809263190:695647,Azra Style Hamile Kruvaze Yaka Kuşaklı Şifon Elbise Trend Düğün Nişan Kına Beyaz,Azra Style,,https://www.trendyol.com/azra-style/hamile-kruvaze-yaka-kusakli-sifon-elbise-trend-dugun-nisan-kina-beyaz-p-809263190?boutiqueId=61&merchantId=695647,AZRA STYLE,9.2,1499.9,,,0,TRY,"[""Kargo Bedava"",""Peşin Fiyatına 3 Taksit""]",InStock,,,,,,4.333333333333333,30,19,0,31,,"1,5B kişi favoriledi",,,,0,,,,9 saat 50 dakika içinde sipariş verirsen en geç yarın kargoda!,,,{},0,,refreshed,"[""daily_top""]",true,2026-09-14T11:09:09.619Z,0,"[""search_result_dom"",""product_detail_jsonld"",""product_detail_dom""]","{""variant_id"":""observed"",""variant_label"":""observed"",""listing_id"":""observed"",""inventory_key"":""observed"",""stock_quantity"":""observed"",""stock_quantity_source"":""observed"",""stock_quantity_kind"":""observed"",""stock_observed_at"":""observed"",""max_sale_limit"":""observed"",""seller_count"":""observed"",""seller_count_observed"":""observed"",""seller_count_kind"":""observed"",""sellers"":""observed"",""variants"":""observed"",""favorite_count"":""observed"",""inventory_decrease"":""unavailable"",""sales_estimate_daily"":""unavailable"",""sales_estimate_weekly"":""unavailable"",""sales_estimate_monthly"":""unavailable"",""sales_estimate_status"":""unavailable"",""sales_estimate_hours"":""unavailable"",""sales_estimate_source"":""unavailable"",""title"":""observed"",""brand"":""observed"",""seller_name"":""observed"",""seller_score"":""observed"",""price"":""observed"",""original_price"":""unavailable"",""campaigns"":""observed"",""stock_status"":""observed"",""stock_signal"":""unavailable"",""rating"":""observed"",""rating_count"":""observed"",""review_count"":""observed"",""question_count"":""observed"",""delivery_summary"":""observed"",""shipping_cost"":""unavailable"",""properties"":""observed""}",true,
1112372498,S,f1b20dccfb6bb84b502afb6baa09d610,830231373:4575:1112372498:f1b20dccfb6bb84b502afb6baa09d610,9,merchantListing.winnerVariant.quantity,reported,2026-09-14T11:09:09.479Z,10,1,1,reported_total,"[{""merchant_id"":""4575"",""name"":""LuvmaBelly"",""score"":9.2,""price"":1061.35,""variant_id"":""1112372498"",""listing_id"":""f1b20dccfb6bb84b502afb6baa09d610"",""stock_quantity"":9}]","[{""variant_id"":""1112372498"",""label"":""S"",""in_stock"":true,""stock_quantity"":9,""selected"":true},{""variant_id"":""1112372504"",""label"":""XL"",""in_stock"":true,""stock_quantity"":null,""selected"":false},{""variant_id"":""1112372500"",""label"":""2XL"",""in_stock"":true,""stock_quantity"":null,""selected"":false},{""variant_id"":""1112372501"",""label"":""3XL"",""in_stock"":true,""stock_quantity"":null,""selected"":false},{""variant_id"":""1112372503"",""label"":""M"",""in_stock"":false,""stock_quantity"":null,""selected"":false},{""variant_id"":""1112372505"",""label"":""L"",""in_stock"":false,""stock_quantity"":null,""selected"":false}]",9596,,,,,unchanged_stock,24.04,inventory_net_decrease,2026-09-14,2026-09-14T14:00:36+03:00,hamile,BEST_SELLER,hamile-elbise,hamile elbise,158,4,258,258,2,hamile:hamile-elbise,158,-40,11.8,18.2,830231373,4575,830231373:4575,Luvmabelly Myra6310 Kot Hamile Jile Elbise,Luvmabelly,,https://www.trendyol.com/luvmabelly/myra6310-kot-hamile-jile-elbise-p-830231373?boutiqueId=61&merchantId=4575,LuvmaBelly,9.2,1061.35,,,0,TRY,"[""Kargo Bedava"",""Peşin Fiyatına 3 Taksit""]",InStock,Tükeniyor,,,,,4.36,75,29,0,63,,"9,5B kişi favoriledi",,,,0,,,,9 saat 50 dakika içinde sipariş verirsen en geç yarın kargoda!,En Çok Favorilenen 9. Ürün,,{},0,,refreshed,"[""daily_top"",""hot_change""]",true,2026-09-14T11:09:09.479Z,0,"[""search_result_dom"",""product_detail_jsonld"",""product_detail_dom""]","{""variant_id"":""observed"",""variant_label"":""observed"",""listing_id"":""observed"",""inventory_key"":""observed"",""stock_quantity"":""observed"",""stock_quantity_source"":""observed"",""stock_quantity_kind"":""observed"",""stock_observed_at"":""observed"",""max_sale_limit"":""observed"",""seller_count"":""observed"",""seller_count_observed"":""observed"",""seller_count_kind"":""observed"",""sellers"":""observed"",""variants"":""observed"",""favorite_count"":""observed"",""inventory_decrease"":""unavailable"",""sales_estimate_daily"":""unavailable"",""sales_estimate_weekly"":""unavailable"",""sales_estimate_monthly"":""unavailable"",""sales_estimate_status"":""unavailable"",""sales_estimate_hours"":""unavailable"",""sales_estimate_source"":""unavailable"",""title"":""observed"",""brand"":""observed"",""seller_name"":""observed"",""seller_score"":""observed"",""price"":""observed"",""original_price"":""unavailable"",""campaigns"":""observed"",""stock_status"":""observed"",""stock_signal"":""observed"",""rating"":""observed"",""rating_count"":""observed"",""review_count"":""observed"",""question_count"":""observed"",""delivery_summary"":""observed"",""shipping_cost"":""unavailable"",""properties"":""observed""}",true,
1595325793,M,a6bda80c2990f8674ad06fba3824524b,1141560335:904421:1595325793:a6bda80c2990f8674ad06fba3824524b,1,merchantListing.winnerVariant.quantity,reported,2026-09-14T11:09:09.240Z,10,1,1,reported_total,"[{""merchant_id"":""904421"",""name"":""KATLİN MATERNİTY WEAR"",""score"":9.1,""price"":1487,""variant_id"":""1595325793"",""listing_id"":""a6bda80c2990f8674ad06fba3824524b"",""stock_quantity"":1}]","[{""variant_id"":""1595325793"",""label"":""M"",""in_stock"":true,""stock_quantity"":1,""selected"":true},{""variant_id"":""1595322453"",""label"":""XL"",""in_stock"":true,""stock_quantity"":null,""selected"":false},{""variant_id"":""1595325155"",""label"":""2XL"",""in_stock"":true,""stock_quantity"":null,""selected"":false},{""variant_id"":""1595324632"",""label"":""L"",""in_stock"":false,""stock_quantity"":null,""selected"":false}]",684,,,,,identity_changed_or_unknown,,inventory_net_decrease,2026-09-14,2026-09-14T14:00:36+03:00,hamile,BEST_SELLER,hamile-elbise,hamile elbise,159,4,259,259,7,hamile:hamile-elbise,159,25,5.6,24.4,1141560335,904421,1141560335:904421,KATLİN MATERNİTY WEAR Hamile Mürdüm Keten Elbise Yanlardan Bağcık Detaylı Önden Açılan Düğme (EMZİRME),KATLİN MATERNİTY WEAR,,https://www.trendyol.com/katlin-maternity-wear/hamile-murdum-keten-elbise-yanlardan-bagcik-detayli-onden-acilan-dugme-emzirme-p-1141560335?boutiqueId=61&merchantId=904421,KATLİN MATERNİTY WEAR,9.1,1487,,,0,TRY,"[""Kargo Bedava"",""Peşin Fiyatına 3 Taksit""]",InStock,Tükeniyor,,,,,4.75,4,4,0,3,,689 kişi favoriledi,,,,0,,,,9 saat 50 dakika içinde sipariş verirsen en geç yarın kargoda!,,,{},0,,refreshed,"[""daily_top""]",true,2026-09-14T11:09:09.241Z,0,"[""search_result_dom"",""product_detail_jsonld"",""product_detail_dom""]","{""variant_id"":""observed"",""variant_label"":""observed"",""listing_id"":""observed"",""inventory_key"":""observed"",""stock_quantity"":""observed"",""stock_quantity_source"":""observed"",""stock_quantity_kind"":""observed"",""stock_observed_at"":""observed"",""max_sale_limit"":""observed"",""seller_count"":""observed"",""seller_count_observed"":""observed"",""seller_count_kind"":""observed"",""sellers"":""observed"",""variants"":""observed"",""favorite_count"":""observed"",""inventory_decrease"":""unavailable"",""sales_estimate_daily"":""unavailable"",""sales_estimate_weekly"":""unavailable"",""sales_estimate_monthly"":""unavailable"",""sales_estimate_status"":""unavailable"",""sales_estimate_hours"":""unavailable"",""sales_estimate_source"":""unavailable"",""title"":""observed"",""brand"":""observed"",""seller_name"":""observed"",""seller_score"":""observed"",""price"":""observed"",""original_price"":""unavailable"",""campaigns"":""observed"",""stock_status"":""observed"",""stock_signal"":""observed"",""rating"":""observed"",""rating_count"":""observed"",""review_count"":""observed"",""question_count"":""observed"",""delivery_summary"":""observed"",""shipping_cost"":""unavailable"",""properties"":""observed""}",true,
1036057604,S,eff50a087c485844e6a33d300ca75e25,781781222:122810:1036057604:eff50a087c485844e6a33d300ca75e25,12,merchantListing.winnerVariant.quantity,reported,2026-09-14T11:09:14.483Z,10,1,1,reported_total,"[{""merchant_id"":""122810"",""name"":""Busa Giyim"",""score"":9.3,""price"":1281.53,""variant_id"":""1036057604"",""listing_id"":""eff50a087c485844e6a33d300ca75e25"",""stock_quantity"":12}]","[{""variant_id"":""1036057604"",""label"":""S"",""in_stock"":true,""stock_quantity"":12,""selected"":true},{""variant_id"":""1036057603"",""label"":""M"",""in_stock"":true,""stock_quantity"":null,""selected"":false},{""variant_id"":""1036057606"",""label"":""L"",""in_stock"":false,""stock_quantity"":null,""selected"":false}]",2245,1,1,,,estimated,24.02,inventory_net_decrease,2026-09-14,2026-09-14T14:00:36+03:00,hamile,BEST_SELLER,hamile-elbise,hamile elbise,160,4,260,260,2,hamile:hamile-elbise,160,4,6.8,23.2,781781222,122810,781781222:122810,BUSA Hamile Midi Boy Emzirme Detaylı Triko Elbise GRİ,BUSA,,https://www.trendyol.com/busa/hamile-midi-boy-emzirme-detayli-triko-elbise-gri-p-781781222?boutiqueId=61&merchantId=122810,Busa Giyim,9.3,1281.53,,,0,TRY,"[""Kargo Bedava"",""Peşin Fiyatına 3 Taksit""]",InStock,,,,,,4.714285714285714,14,6,0,19,,,,,,0,,,,Tahmini Teslim:,,,{},0,,refreshed,"[""daily_top""]",true,2026-09-14T11:09:14.484Z,0,"[""search_result_dom"",""product_detail_jsonld"",""product_detail_dom""]","{""variant_id"":""observed"",""variant_label"":""observed"",""listing_id"":""observed"",""inventory_key"":""observed"",""stock_quantity"":""observed"",""stock_quantity_source"":""observed"",""stock_quantity_kind"":""observed"",""stock_observed_at"":""observed"",""max_sale_limit"":""observed"",""seller_count"":""observed"",""seller_count_observed"":""observed"",""seller_count_kind"":""observed"",""sellers"":""observed"",""variants"":""observed"",""favorite_count"":""observed"",""inventory_decrease"":""unavailable"",""sales_estimate_daily"":""unavailable"",""sales_estimate_weekly"":""unavailable"",""sales_estimate_monthly"":""unavailable"",""sales_estimate_status"":""unavailable"",""sales_estimate_hours"":""unavailable"",""sales_estimate_source"":""unavailable"",""title"":""observed"",""brand"":""observed"",""seller_name"":""observed"",""seller_score"":""observed"",""price"":""observed"",""original_price"":""unavailable"",""campaigns"":""observed"",""stock_status"":""observed"",""stock_signal"":""unavailable"",""rating"":""observed"",""rating_count"":""observed"",""review_count"":""observed"",""question_count"":""observed"",""delivery_summary"":""observed"",""shipping_cost"":""unavailable"",""properties"":""observed""}",true,
887048773,S,5bffcbbc9421cc5c43c5d351e22b316e,670370810:108216:887048773:5bffcbbc9421cc5c43c5d351e22b316e,109,merchantListing.winnerVariant.quantity,reported,2026-09-14T11:09:14.835Z,10,1,1,reported_total,"[{""merchant_id"":""108216"",""name"":""Artış Collection"",""score"":9.1,""price"":2873.44,""variant_id"":""887048773"",""listing_id"":""5bffcbbc9421cc5c43c5d351e22b316e"",""stock_quantity"":109}]","[{""variant_id"":""887048773"",""label"":""S"",""in_stock"":true,""stock_quantity"":109,""selected"":true},{""variant_id"":""887048780"",""label"":""M"",""in_stock"":true,""stock_quantity"":null,""selected"":false},{""variant_id"":""887048810"",""label"":""L"",""in_stock"":true,""stock_quantity"":null,""selected"":false},{""variant_id"":""886952876"",""label"":""XL"",""in_stock"":true,""stock_quantity"":null,""selected"":false}]",3802,,,,,unchanged_stock,24.04,inventory_net_decrease,2026-09-14,2026-09-14T14:00:36+03:00,hamile,BEST_SELLER,hamile-elbise,hamile elbise,161,4,261,261,5,hamile:hamile-elbise,161,-44,11.2,18.8,670370810,108216,670370810:108216,Artış Düğmeli Kısa Kollu Esnek Viskoz Hamile Gecelik Sabahlık Takım 14406,Artış,,https://www.trendyol.com/artis/dugmeli-kisa-kollu-esnek-viskoz-hamile-gecelik-sabahlik-takim-14406-p-670370810?boutiqueId=61&merchantId=108216,Artış Collection,9.1,2873.44,,,0,TRY,"[""100 TL Kupon"",""Kargo Bedava"",""Peşin Fiyatına 3 Taksit""]",InStock,,,,,,4.25,40,24,0,10,,,,,,0,,,,Tahmini Teslim:,,,{},0,,refreshed,"[""daily_top"",""hot_change""]",true,2026-09-14T11:09:14.836Z,0,"[""search_result_dom"",""product_detail_jsonld"",""product_detail_dom""]","{""variant_id"":""observed"",""variant_label"":""observed"",""listing_id"":""observed"",""inventory_key"":""observed"",""stock_quantity"":""observed"",""stock_quantity_source"":""observed"",""stock_quantity_kind"":""observed"",""stock_observed_at"":""observed"",""max_sale_limit"":""observed"",""seller_count"":""observed"",""seller_count_observed"":""observed"",""seller_count_kind"":""observed"",""sellers"":""observed"",""variants"":""observed"",""favorite_count"":""observed"",""inventory_decrease"":""unavailable"",""sales_estimate_daily"":""unavailable"",""sales_estimate_weekly"":""unavailable"",""sales_estimate_monthly"":""unavailable"",""sales_estimate_status"":""unavailable"",""sales_estimate_hours"":""unavailable"",""sales_estimate_source"":""unavailable"",""title"":""observed"",""brand"":""observed"",""seller_name"":""observed"",""seller_score"":""observed"",""price"":""observed"",""original_price"":""unavailable"",""campaigns"":""observed"",""stock_status"":""observed"",""stock_signal"":""unavailable"",""rating"":""observed"",""rating_count"":""observed"",""review_count"":""observed"",""question_count"":""observed"",""delivery_summary"":""observed"",""shipping_cost"":""unavailable"",""properties"":""observed""}",true,
1641909454,L,7f693894fc67c8faa027572eb37b0358,1172237389:110374:1641909454:7f693894fc67c8faa027572eb37b0358,1,merchantListing.winnerVariant.quantity,reported,2026-09-14T11:09:13.942Z,10,1,1,reported_total,"[{""merchant_id"":""110374"",""name"":""Westmark London"",""score"":9.1,""price"":799,""variant_id"":""1641909454"",""listing_id"":""7f693894fc67c8faa027572eb37b0358"",""stock_quantity"":1}]","[{""variant_id"":""1641909454"",""label"":""L"",""in_stock"":true,""stock_quantity"":1,""selected"":true},{""variant_id"":""1641909451"",""label"":""XL"",""in_stock"":true,""stock_quantity"":null,""selected"":false},{""variant_id"":""1641909452"",""label"":""XS"",""in_stock"":false,""stock_quantity"":null,""selected"":false},{""variant_id"":""1641909456"",""label"":""S"",""in_stock"":false,""stock_quantity"":null,""selected"":false},{""variant_id"":""1641909458"",""label"":""M"",""in_stock"":false,""stock_quantity"":null,""selected"":false},{""variant_id"":""1641909455"",""label"":""2XL"",""in_stock"":false,""stock_quantity"":null,""selected"":false}]",259,1,1,,,estimated,24.02,inventory_net_decrease,2026-09-14,2026-09-14T14:00:36+03:00,hamile,BEST_SELLER,hamile-elbise,hamile elbise,162,4,262,262,,hamile:hamile-elbise,162,1,0,30,1172237389,110374,1172237389:110374,WESTMARK LONDON Hamile Çok Renkli Çizgili Viskonlu Triko Efektli Bisiklet Yaka Uzun Kollu Midi Elbise SERENITY,WESTMARK LONDON,Hamile Elbisesi,https://www.trendyol.com/westmark-london/hamile-cok-renkli-cizgili-viskonlu-triko-efektli-bisiklet-yaka-uzun-kollu-midi-elbise-serenity-p-1172237389?boutiqueId=61&merchantId=110374,Westmark London,9.1,799,,,0,TRY,"[""75 TL Kupon"",""Kargo Bedava"",""50 TL Kupon"",""Trendyol Plus'a Özel""]",InStock,Tükeniyor,,,,,0,0,0,0,1,,,,4999,TRY,0,,1,3,50 dakika 46 saniye içinde sipariş verirsen en geç bugün kargoda!,,https://cdn.dsmcdn.com/ty1924/prod/QC_PREP/20260716/23/82884dae-4ca8-3ebf-ace6-d3360f4c2e35/1_org_zoom.jpg,"{""Yaka Tipi"":""Bisiklet Yaka"",""Kumaş Tipi"":""Triko"",""Cep"":""Cepsiz"",""Kol Tipi"":""Uzun Kol"",""Desen"":""Çizgili"",""Kalıp"":""Regular"",""Renk"":""Çok Renkli"",""Materyal"":""Viskoz Karışımlı"",""Boy"":""Midi"",""Ortam"":""Casual/Günlük"",""Kol Boyu"":""Uzun"",""Siluet"":""Basic"",""Materyal Bileşeni"":""65% Polyester / 35% Viskon"",""Yıkama Talimatı"":""Yıkama Bilgisi: 30 derece."",""Koleksiyon"":""Hamile"",""Menşei"":""TR""}",0,,refreshed,"[""daily_top""]",true,2026-09-14T11:09:13.943Z,0,"[""search_result_dom"",""product_detail_jsonld"",""product_detail_dom""]","{""variant_id"":""observed"",""variant_label"":""observed"",""listing_id"":""observed"",""inventory_key"":""observed"",""stock_quantity"":""observed"",""stock_quantity_source"":""observed"",""stock_quantity_kind"":""observed"",""stock_observed_at"":""observed"",""max_sale_limit"":""observed"",""seller_count"":""observed"",""seller_count_observed"":""observed"",""seller_count_kind"":""observed"",""sellers"":""observed"",""variants"":""observed"",""favorite_count"":""observed"",""inventory_decrease"":""unavailable"",""sales_estimate_daily"":""unavailable"",""sales_estimate_weekly"":""unavailable"",""sales_estimate_monthly"":""unavailable"",""sales_estimate_status"":""unavailable"",""sales_estimate_hours"":""unavailable"",""sales_estimate_source"":""unavailable"",""title"":""observed"",""brand"":""observed"",""seller_name"":""observed"",""seller_score"":""observed"",""price"":""observed"",""original_price"":""unavailable"",""campaigns"":""observed"",""stock_status"":""observed"",""stock_signal"":""observed"",""rating"":""observed"",""rating_count"":""observed"",""review_count"":""observed"",""question_count"":""observed"",""delivery_summary"":""observed"",""shipping_cost"":""observed"",""properties"":""observed""}",true,
1311701412,M,b6d15c80c9ff1f6f4021f456f384f52d,927790936:175525:1311701412:b6d15c80c9ff1f6f4021f456f384f52d,21,merchantListing.winnerVariant.quantity,reported,2026-09-14T11:09:18.555Z,10,1,1,reported_total,"[{""merchant_id"":""175525"",""name"":""Miss Dünya Lissa"",""score"":8.6,""price"":729.99,""variant_id"":""1311701412"",""listing_id"":""b6d15c80c9ff1f6f4021f456f384f52d"",""stock_quantity"":21}]","[{""variant_id"":""1311701412"",""label"":""M"",""in_stock"":true,""stock_quantity"":21,""selected"":true},{""variant_id"":""1311701411"",""label"":""L"",""in_stock"":true,""stock_quantity"":null,""selected"":false},{""variant_id"":""1311701413"",""label"":""XL"",""in_stock"":true,""stock_quantity"":null,""selected"":false},{""variant_id"":""1311701415"",""label"":""2XL"",""in_stock"":true,""stock_quantity"":null,""selected"":false}]",197,,,,,unchanged_stock,24.05,inventory_net_decrease,2026-09-14,2026-09-14T14:00:36+03:00,hamile,BEST_SELLER,hamile-elbise,hamile elbise,163,4,263,263,9,hamile:hamile-elbise,163,-75,4.8,25.2,927790936,175525,927790936:175525,Miss Dünya Lissa Hamile ve Lohusa V Yaka Uzun Kol Dokuma Kumaş Elbise,Miss Dünya Lissa,,https://www.trendyol.com/miss-dunya-lissa/hamile-ve-lohusa-v-yaka-uzun-kol-dokuma-kumas-elbise-p-927790936?boutiqueId=61&merchantId=175525,Miss Dünya Lissa,8.6,729.99,,,0,TRY,"[""Kargo Bedava""]",InStock,,,,,,4.25,4,3,0,7,,,,,,0,,,,Tahmini Teslim:,,,{},0,,refreshed,"[""daily_top"",""hot_change""]",true,2026-09-14T11:09:18.555Z,0,"[""search_result_dom"",""product_detail_jsonld"",""product_detail_dom""]","{""variant_id"":""observed"",""variant_label"":""observed"",""listing_id"":""observed"",""inventory_key"":""observed"",""stock_quantity"":""observed"",""stock_quantity_source"":""observed"",""stock_quantity_kind"":""observed"",""stock_observed_at"":""observed"",""max_sale_limit"":""observed"",""seller_count"":""observed"",""seller_count_observed"":""observed"",""seller_count_kind"":""observed"",""sellers"":""observed"",""variants"":""observed"",""favorite_count"":""observed"",""inventory_decrease"":""unavailable"",""sales_estimate_daily"":""unavailable"",""sales_estimate_weekly"":""unavailable"",""sales_estimate_monthly"":""unavailable"",""sales_estimate_status"":""unavailable"",""sales_estimate_hours"":""unavailable"",""sales_estimate_source"":""unavailable"",""title"":""observed"",""brand"":""observed"",""seller_name"":""observed"",""seller_score"":""observed"",""price"":""observed"",""original_price"":""unavailable"",""campaigns"":""observed"",""stock_status"":""observed"",""stock_signal"":""unavailable"",""rating"":""observed"",""rating_count"":""observed"",""review_count"":""observed"",""question_count"":""observed"",""delivery_summary"":""observed"",""shipping_cost"":""unavailable"",""properties"":""observed""}",true,
1616470615,S,6cfad8b64b65038a3075cb9230c07e6f,1155541203:938209:1616470615:6cfad8b64b65038a3075cb9230c07e6f,13,merchantListing.winnerVariant.quantity,reported,2026-09-14T11:09:19.090Z,11,1,1,reported_total,"[{""merchant_id"":""938209"",""name"":""HiCCUP"",""score"":8.6,""price"":1109,""variant_id"":""1616470615"",""listing_id"":""6cfad8b64b65038a3075cb9230c07e6f"",""stock_quantity"":13}]","[{""variant_id"":""1616470615"",""label"":""S"",""in_stock"":true,""stock_quantity"":13,""selected"":true},{""variant_id"":""1616470613"",""label"":""M"",""in_stock"":true,""stock_quantity"":null,""selected"":false},{""variant_id"":""1616470614"",""label"":""L"",""in_stock"":true,""stock_quantity"":null,""selected"":false}]",446,,,,,unchanged_stock,24.02,inventory_net_decrease,2026-09-14,2026-09-14T14:00:36+03:00,hamile,BEST_SELLER,hamile-elbise,hamile elbise,164,4,264,264,6,hamile:hamile-elbise,164,2,1.8,30,1155541203,938209,1155541203:938209,Hiccup BUSEM V-Yaka Yarım Kol Midi Elbise,Hiccup,,https://www.trendyol.com/hiccup/busem-v-yaka-yarim-kol-midi-elbise-p-1155541203?boutiqueId=61&merchantId=938209,HiCCUP,8.6,1109,1129,1.8,0,TRY,"[""Kargo Bedava"",""Son 10 Günün En Düşük Fiyatı"",""Peşin Fiyatına 3 Taksit"",""Son 10 günün en düşük fiyatı""]",InStock,,,,,,0,0,0,0,1,,454 kişi favoriledi,,,,0,,,,Tahmini Teslim:,,,{},0,,refreshed,"[""daily_top""]",true,2026-09-14T11:09:19.090Z,0,"[""search_result_dom"",""product_detail_jsonld"",""product_detail_dom""]","{""variant_id"":""observed"",""variant_label"":""observed"",""listing_id"":""observed"",""inventory_key"":""observed"",""stock_quantity"":""observed"",""stock_quantity_source"":""observed"",""stock_quantity_kind"":""observed"",""stock_observed_at"":""observed"",""max_sale_limit"":""observed"",""seller_count"":""observed"",""seller_count_observed"":""observed"",""seller_count_kind"":""observed"",""sellers"":""observed"",""variants"":""observed"",""favorite_count"":""observed"",""inventory_decrease"":""unavailable"",""sales_estimate_daily"":""unavailable"",""sales_estimate_weekly"":""unavailable"",""sales_estimate_monthly"":""unavailable"",""sales_estimate_status"":""unavailable"",""sales_estimate_hours"":""unavailable"",""sales_estimate_source"":""unavailable"",""title"":""observed"",""brand"":""observed"",""seller_name"":""observed"",""seller_score"":""observed"",""price"":""observed"",""original_price"":""observed"",""campaigns"":""observed"",""stock_status"":""observed"",""stock_signal"":""unavailable"",""rating"":""observed"",""rating_count"":""observed"",""review_count"":""observed"",""question_count"":""observed"",""delivery_summary"":""observed"",""shipping_cost"":""unavailable"",""properties"":""observed""}",true,
1036057649,M,857752911f1c4b54e9c13e45f77fc654,781781250:122810:1036057649:857752911f1c4b54e9c13e45f77fc654,1,merchantListing.winnerVariant.quantity,reported,2026-09-14T11:09:19.258Z,10,1,1,reported_total,"[{""merchant_id"":""122810"",""name"":""Busa Giyim"",""score"":9.3,""price"":1281.53,""variant_id"":""1036057649"",""listing_id"":""857752911f1c4b54e9c13e45f77fc654"",""stock_quantity"":1}]","[{""variant_id"":""1036057649"",""label"":""M"",""in_stock"":true,""stock_quantity"":1,""selected"":true},{""variant_id"":""1036057645"",""label"":""S"",""in_stock"":false,""stock_quantity"":null,""selected"":false},{""variant_id"":""1036057650"",""label"":""L"",""in_stock"":false,""stock_quantity"":null,""selected"":false}]",4635,,,,,unchanged_stock,24.01,inventory_net_decrease,2026-09-14,2026-09-14T14:00:36+03:00,hamile,BEST_SELLER,hamile-elbise,hamile elbise,165,4,265,265,2,hamile:hamile-elbise,165,9,9.2,20.8,781781250,122810,781781250:122810,BUSA Hamile Midi Boy Emzirme Detaylı Triko Elbise BEJ,BUSA,,https://www.trendyol.com/busa/hamile-midi-boy-emzirme-detayli-triko-elbise-bej-p-781781250?boutiqueId=61&merchantId=122810,Busa Giyim,9.3,1281.53,,,0,TRY,"[""Kargo Bedava"",""Peşin Fiyatına 3 Taksit""]",InStock,Tükeniyor,,,,,4.44,25,13,0,17,,"4,6B kişi favoriledi",,,,0,,,,Tahmini Teslim:,Fenomen Seçimi,,{},0,,refreshed,"[""daily_top""]",true,2026-09-14T11:09:19.259Z,0,"[""search_result_dom"",""product_detail_jsonld"",""product_detail_dom""]","{""variant_id"":""observed"",""variant_label"":""observed"",""listing_id"":""observed"",""inventory_key"":""observed"",""stock_quantity"":""observed"",""stock_quantity_source"":""observed"",""stock_quantity_kind"":""observed"",""stock_observed_at"":""observed"",""max_sale_limit"":""observed"",""seller_count"":""observed"",""seller_count_observed"":""observed"",""seller_count_kind"":""observed"",""sellers"":""observed"",""variants"":""observed"",""favorite_count"":""observed"",""inventory_decrease"":""unavailable"",""sales_estimate_daily"":""unavailable"",""sales_estimate_weekly"":""unavailable"",""sales_estimate_monthly"":""unavailable"",""sales_estimate_status"":""unavailable"",""sales_estimate_hours"":""unavailable"",""sales_estimate_source"":""unavailable"",""title"":""observed"",""brand"":""observed"",""seller_name"":""observed"",""seller_score"":""observed"",""price"":""observed"",""original_price"":""unavailable"",""campaigns"":""observed"",""stock_status"":""observed"",""stock_signal"":""observed"",""rating"":""observed"",""rating_count"":""observed"",""review_count"":""observed"",""question_count"":""observed"",""delivery_summary"":""observed"",""shipping_cost"":""unavailable"",""properties"":""observed""}",true,
57626127,36,a33c68c839c89689723e407c9661974b,32060923:325891:57626127:a33c68c839c89689723e407c9661974b,5,merchantListing.winnerVariant.quantity,reported,2026-09-14T11:09:23.755Z,10,1,1,reported_total,"[{""merchant_id"":""325891"",""name"":""MODA LABİO"",""score"":7.8,""price"":1299.9,""variant_id"":""57626127"",""listing_id"":""a33c68c839c89689723e407c9661974b"",""stock_quantity"":5}]","[{""variant_id"":""57626127"",""label"":""36"",""in_stock"":true,""stock_quantity"":5,""selected"":true},{""variant_id"":""57626123"",""label"":""38"",""in_stock"":true,""stock_quantity"":null,""selected"":false},{""variant_id"":""57626125"",""label"":""40"",""in_stock"":true,""stock_quantity"":null,""selected"":false},{""variant_id"":""57626126"",""label"":""44"",""in_stock"":false,""stock_quantity"":null,""selected"":false},{""variant_id"":""57626122"",""label"":""46"",""in_stock"":false,""stock_quantity"":null,""selected"":false},{""variant_id"":""57626124"",""label"":""42"",""in_stock"":false,""stock_quantity"":null,""selected"":false}]",1269,,,,,unchanged_stock,24.02,inventory_net_decrease,2026-09-14,2026-09-14T14:00:36+03:00,hamile,BEST_SELLER,hamile-elbise,hamile elbise,166,4,266,266,8,hamile:hamile-elbise,166,-8,6.8,23.2,32060923,325891,32060923:325891,MODA LABİO Melek Kol Hamile Elbisesi Kırmızı,MODA LABİO,,https://www.trendyol.com/moda-labio/melek-kol-hamile-elbisesi-kirmizi-p-32060923?boutiqueId=61&merchantId=325891,MODA LABİO,7.8,1299.9,,,0,TRY,"[""Kargo Bedava"",""Peşin Fiyatına 3 Taksit""]",InStock,Tükeniyor,,,,,4.181818181818182,11,6,0,23,,"1,2B kişi favoriledi",,,,0,,,,9 saat 50 dakika içinde sipariş verirsen en geç yarın kargoda!,,,{},0,,refreshed,"[""daily_top""]",true,2026-09-14T11:09:23.756Z,0,"[""search_result_dom"",""product_detail_jsonld"",""product_detail_dom""]","{""variant_id"":""observed"",""variant_label"":""observed"",""listing_id"":""observed"",""inventory_key"":""observed"",""stock_quantity"":""observed"",""stock_quantity_source"":""observed"",""stock_quantity_kind"":""observed"",""stock_observed_at"":""observed"",""max_sale_limit"":""observed"",""seller_count"":""observed"",""seller_count_observed"":""observed"",""seller_count_kind"":""observed"",""sellers"":""observed"",""variants"":""observed"",""favorite_count"":""observed"",""inventory_decrease"":""unavailable"",""sales_estimate_daily"":""unavailable"",""sales_estimate_weekly"":""unavailable"",""sales_estimate_monthly"":""unavailable"",""sales_estimate_status"":""unavailable"",""sales_estimate_hours"":""unavailable"",""sales_estimate_source"":""unavailable"",""title"":""observed"",""brand"":""observed"",""seller_name"":""observed"",""seller_score"":""observed"",""price"":""observed"",""original_price"":""unavailable"",""campaigns"":""observed"",""stock_status"":""observed"",""stock_signal"":""observed"",""rating"":""observed"",""rating_count"":""observed"",""review_count"":""observed"",""question_count"":""observed"",""delivery_summary"":""observed"",""shipping_cost"":""unavailable"",""properties"":""observed""}",true,
988110119,S,8300395d883628b3c6df5f7509871b05,750333570:4575:988110119:8300395d883628b3c6df5f7509871b05,4,merchantListing.winnerVariant.quantity,reported,2026-09-14T11:09:23.670Z,10,1,1,reported_total,"[{""merchant_id"":""4575"",""name"":""LuvmaBelly"",""score"":9.2,""price"":1292.45,""variant_id"":""988110119"",""listing_id"":""8300395d883628b3c6df5f7509871b05"",""stock_quantity"":4}]","[{""variant_id"":""988110119"",""label"":""S"",""in_stock"":true,""stock_quantity"":4,""selected"":true},{""variant_id"":""988110116"",""label"":""M"",""in_stock"":true,""stock_quantity"":null,""selected"":false},{""variant_id"":""988110118"",""label"":""L"",""in_stock"":true,""stock_quantity"":null,""selected"":false},{""variant_id"":""988110120"",""label"":""XL"",""in_stock"":true,""stock_quantity"":null,""selected"":false},{""variant_id"":""1459676506"",""label"":""2XL"",""in_stock"":true,""stock_quantity"":null,""selected"":false},{""variant_id"":""1459680608"",""label"":""3XL"",""in_stock"":false,""stock_quantity"":null,""selected"":false}]",7153,,,,,observation_gap,,inventory_net_decrease,2026-09-14,2026-09-14T14:00:36+03:00,hamile,BEST_SELLER,hamile-elbise,hamile elbise,167,4,267,267,,hamile:hamile-elbise,167,4,12.5,17.5,750333570,4575,750333570:4575,Luvmabelly MYRA6301 Kot Hamile Jile Elbise -Mavi,Luvmabelly,Hamile Elbisesi,https://www.trendyol.com/luvmabelly/myra6301-kot-hamile-jile-elbise-mavi-p-750333570?boutiqueId=61&merchantId=4575,LuvmaBelly,9.2,1292.45,,,0,TRY,"[""Kargo Bedava"",""Peşin Fiyatına 3 Taksit"",""Trendyol Plus'a Özel""]",InStock,Tükeniyor,,,,,3.913793103448276,58,35,0,42,,"7,1B kişi favoriledi",,4999,TRY,0,1,1,3,9 saat 50 dakika içinde sipariş verirsen en geç yarın kargoda!,,https://cdn.dsmcdn.com/ty1540/prod/QC/20240913/15/8c0da583-74fb-39be-9fa9-29e7717f0448/1_org_zoom.jpg,"{""Yaka Tipi"":""Kare Yaka"",""Kumaş Tipi"":""Dokuma"",""Cep"":""Cepli"",""Kol Tipi"":""Kolsuz"",""Desen"":""Düz"",""Kalıp"":""Relaxed"",""Renk"":""Mavi"",""Materyal"":""Pamuklu"",""Boy"":""Mini"",""Ortam"":""Casual/Günlük"",""Kol Boyu"":""Askılı"",""Siluet"":""Jile"",""Materyal Bileşeni"":""95% Pamuk, 5% Elastan"",""Yıkama Talimatı"":""30 derecede yıkanabilir."",""Koleksiyon"":""Hamile"",""Sürdürülebilirlik Detayı"":""Evet"",""Menşei"":""TR""}",20,5,refreshed,"[""daily_top""]",true,2026-09-14T11:09:23.671Z,0,"[""search_result_dom"",""product_detail_jsonld"",""product_detail_dom""]","{""variant_id"":""observed"",""variant_label"":""observed"",""listing_id"":""observed"",""inventory_key"":""observed"",""stock_quantity"":""observed"",""stock_quantity_source"":""observed"",""stock_quantity_kind"":""observed"",""stock_observed_at"":""observed"",""max_sale_limit"":""observed"",""seller_count"":""observed"",""seller_count_observed"":""observed"",""seller_count_kind"":""observed"",""sellers"":""observed"",""variants"":""observed"",""favorite_count"":""observed"",""inventory_decrease"":""unavailable"",""sales_estimate_daily"":""unavailable"",""sales_estimate_weekly"":""unavailable"",""sales_estimate_monthly"":""unavailable"",""sales_estimate_status"":""unavailable"",""sales_estimate_hours"":""unavailable"",""sales_estimate_source"":""unavailable"",""title"":""observed"",""brand"":""observed"",""seller_name"":""observed"",""seller_score"":""observed"",""price"":""observed"",""original_price"":""unavailable"",""campaigns"":""observed"",""stock_status"":""observed"",""stock_signal"":""observed"",""rating"":""observed"",""rating_count"":""observed"",""review_count"":""observed"",""question_count"":""observed"",""delivery_summary"":""observed"",""shipping_cost"":""observed"",""properties"":""observed""}",true,
1306261253,S,8d55d2619d952b5f68c7e7e73eac49ab,924540018:108216:1306261253:8d55d2619d952b5f68c7e7e73eac49ab,3,merchantListing.winnerVariant.quantity,reported,2026-09-14T11:09:23.586Z,10,1,1,reported_total,"[{""merchant_id"":""108216"",""name"":""Artış Collection"",""score"":9.1,""price"":1964.82,""variant_id"":""1306261253"",""listing_id"":""8d55d2619d952b5f68c7e7e73eac49ab"",""stock_quantity"":3}]","[{""variant_id"":""1306261253"",""label"":""S"",""in_stock"":true,""stock_quantity"":3,""selected"":true},{""variant_id"":""1306261254"",""label"":""M"",""in_stock"":true,""stock_quantity"":null,""selected"":false},{""variant_id"":""1306261252"",""label"":""L"",""in_stock"":false,""stock_quantity"":null,""selected"":false},{""variant_id"":""1306261255"",""label"":""XL"",""in_stock"":false,""stock_quantity"":null,""selected"":false}]",1933,,,,,unchanged_stock,24.02,inventory_net_decrease,2026-09-14,2026-09-14T14:00:36+03:00,hamile,BEST_SELLER,hamile-elbise,hamile elbise,168,4,268,268,3,hamile:hamile-elbise,168,1,9.6,20.4,924540018,108216,924540018:108216,Artış Askılı Esnek Viskoz Hamile Sabahlık Gecelik Takım,Artış,,https://www.trendyol.com/artis/askili-esnek-viskoz-hamile-sabahlik-gecelik-takim-p-924540018?boutiqueId=61&merchantId=108216,Artış Collection,9.1,1964.82,,,0,TRY,"[""Kargo Bedava"",""Peşin Fiyatına 3 Taksit""]",InStock,Tükeniyor,,,,,4.153846153846154,26,15,0,4,,"1,9B kişi favoriledi",,,,0,,,,Tahmini Teslim:,,,{},0,,refreshed,"[""daily_top""]",true,2026-09-14T11:09:23.586Z,0,"[""search_result_dom"",""product_detail_jsonld"",""product_detail_dom""]","{""variant_id"":""observed"",""variant_label"":""observed"",""listing_id"":""observed"",""inventory_key"":""observed"",""stock_quantity"":""observed"",""stock_quantity_source"":""observed"",""stock_quantity_kind"":""observed"",""stock_observed_at"":""observed"",""max_sale_limit"":""observed"",""seller_count"":""observed"",""seller_count_observed"":""observed"",""seller_count_kind"":""observed"",""sellers"":""observed"",""variants"":""observed"",""favorite_count"":""observed"",""inventory_decrease"":""unavailable"",""sales_estimate_daily"":""unavailable"",""sales_estimate_weekly"":""unavailable"",""sales_estimate_monthly"":""unavailable"",""sales_estimate_status"":""unavailable"",""sales_estimate_hours"":""unavailable"",""sales_estimate_source"":""unavailable"",""title"":""observed"",""brand"":""observed"",""seller_name"":""observed"",""seller_score"":""observed"",""price"":""observed"",""original_price"":""unavailable"",""campaigns"":""observed"",""stock_status"":""observed"",""stock_signal"":""observed"",""rating"":""observed"",""rating_count"":""observed"",""review_count"":""observed"",""question_count"":""observed"",""delivery_summary"":""observed"",""shipping_cost"":""unavailable"",""properties"":""observed""}",true,
393470638,36,85f25cfa026256d0fb5f7ab43dccae87,245182729:121106:393470638:85f25cfa026256d0fb5f7ab43dccae87,1,merchantListing.winnerVariant.quantity,reported,2026-09-14T11:09:28.642Z,10,2,2,reported_total,"[{""merchant_id"":""121106"",""name"":""Cossy By Aqua"",""score"":8.9,""price"":3999.95,""variant_id"":""393470638"",""listing_id"":""85f25cfa026256d0fb5f7ab43dccae87"",""stock_quantity"":1},{""merchant_id"":""115151"",""name"":""BirolGaye"",""score"":9.3,""price"":3999,""variant_id"":""393470638"",""listing_id"":""3fc0baa78d7db5c705979562991b9531"",""stock_quantity"":3}]","[{""variant_id"":""393470638"",""label"":""36"",""in_stock"":true,""stock_quantity"":1,""selected"":true},{""variant_id"":""393470672"",""label"":""38"",""in_stock"":false,""stock_quantity"":null,""selected"":false},{""variant_id"":""393439400"",""label"":""40"",""in_stock"":false,""stock_quantity"":null,""selected"":false},{""variant_id"":""393470654"",""label"":""44"",""in_stock"":false,""stock_quantity"":null,""selected"":false},{""variant_id"":""393470655"",""label"":""42"",""in_stock"":false,""stock_quantity"":null,""selected"":false}]",2645,,,,,missing_baseline,,inventory_net_decrease,2026-09-14,2026-09-14T14:00:36+03:00,hamile,BEST_SELLER,hamile-elbise,hamile elbise,169,4,269,269,,hamile:hamile-elbise,169,,13.4,16.6,245182729,121106,245182729:121106,Cossy By Aqua %100 Pamuklu Fistolu Hamile Lohusa Gecelik Sabahlık Takım,Cossy By Aqua,Hamile Gecelik,https://www.trendyol.com/cossy-by-aqua/100-pamuklu-fistolu-hamile-lohusa-gecelik-sabahlik-takim-p-245182729?boutiqueId=61&merchantId=121106,Cossy By Aqua,8.9,3999.95,,,,TRY,"[""75 TL Kupon"",""Kargo Bedava"",""Peşin Fiyatına 3 Taksit""]",InStock,Tükeniyor,,,,,4.688311688311688,77,47,,61,,"2,6B kişi favoriledi",,4999,TRY,0,1,1,3,Tahmini Teslim:,,https://cdn.dsmcdn.com/ty336/product/media/images/20220221/16/54697775/393439400/1/1_org_zoom.jpg,"{""Desen"":""Düz"",""Materyal"":""Pamuklu"",""Kol Tipi"":""Standart Kol"",""Renk"":""Lacivert"",""Yaka Tipi"":""V Yaka"",""Materyal Bileşeni"":""100% Pamuk"",""Yıkama Talimatı"":""Type 1"",""Kumaş Tipi"":""Dantel"",""Boy"":""Midi"",""Siluet"":""Basic"",""Kalıp"":""Regular"",""Kol Boyu"":""Truvakar Kol"",""Sürdürülebilirlik Detayı"":""Hayır"",""Ortam"":""Hamile Giyim"",""Menşei"":""TR""}",20,5,refreshed,"[""daily_top""]",true,2026-09-14T11:09:28.643Z,0,"[""search_result_dom"",""product_detail_jsonld"",""product_detail_dom""]","{""variant_id"":""observed"",""variant_label"":""observed"",""listing_id"":""observed"",""inventory_key"":""observed"",""stock_quantity"":""observed"",""stock_quantity_source"":""observed"",""stock_quantity_kind"":""observed"",""stock_observed_at"":""observed"",""max_sale_limit"":""observed"",""seller_count"":""observed"",""seller_count_observed"":""observed"",""seller_count_kind"":""observed"",""sellers"":""observed"",""variants"":""observed"",""favorite_count"":""observed"",""inventory_decrease"":""unavailable"",""sales_estimate_daily"":""unavailable"",""sales_estimate_weekly"":""unavailable"",""sales_estimate_monthly"":""unavailable"",""sales_estimate_status"":""unavailable"",""sales_estimate_hours"":""unavailable"",""sales_estimate_source"":""unavailable"",""title"":""observed"",""brand"":""observed"",""seller_name"":""observed"",""seller_score"":""observed"",""price"":""observed"",""original_price"":""unavailable"",""campaigns"":""observed"",""stock_status"":""observed"",""stock_signal"":""observed"",""rating"":""observed"",""rating_count"":""observed"",""review_count"":""observed"",""question_count"":""observed"",""delivery_summary"":""observed"",""shipping_cost"":""observed"",""properties"":""observed""}",true,
1303891446,S,1c73b567503bf0079d6b88eecaa681f0,923092312:108216:1303891446:1c73b567503bf0079d6b88eecaa681f0,34,merchantListing.winnerVariant.quantity,reported,2026-09-14T11:09:28.604Z,10,1,1,reported_total,"[{""merchant_id"":""108216"",""name"":""Artış Collection"",""score"":9.1,""price"":1092.52,""variant_id"":""1303891446"",""listing_id"":""1c73b567503bf0079d6b88eecaa681f0"",""stock_quantity"":34}]","[{""variant_id"":""1303891446"",""label"":""S"",""in_stock"":true,""stock_quantity"":34,""selected"":true},{""variant_id"":""1303891445"",""label"":""M"",""in_stock"":true,""stock_quantity"":null,""selected"":false},{""variant_id"":""1303891444"",""label"":""L"",""in_stock"":true,""stock_quantity"":null,""selected"":false},{""variant_id"":""1303891442"",""label"":""XL"",""in_stock"":true,""stock_quantity"":null,""selected"":false}]",1196,,,,,unchanged_stock,24.02,inventory_net_decrease,2026-09-14,2026-09-14T14:00:36+03:00,hamile,BEST_SELLER,hamile-elbise,hamile elbise,170,4,270,270,3,hamile:hamile-elbise,170,-3,8,22,923092312,108216,923092312:108216,Artış Askılı Kısa Esnek Viskoz Hamile Gecelik,Artış,,https://www.trendyol.com/artis/askili-kisa-esnek-viskoz-hamile-gecelik-p-923092312?boutiqueId=61&merchantId=108216,Artış Collection,9.1,1092.52,,,0,TRY,"[""Kargo Bedava"",""Peşin Fiyatına 3 Taksit""]",InStock,,,,,,4,13,9,0,3,,"1,2B kişi favoriledi",,,,0,,,,Tahmini Teslim:,,,{},0,,refreshed,"[""daily_top""]",true,2026-09-14T11:09:28.604Z,0,"[""search_result_dom"",""product_detail_jsonld"",""product_detail_dom""]","{""variant_id"":""observed"",""variant_label"":""observed"",""listing_id"":""observed"",""inventory_key"":""observed"",""stock_quantity"":""observed"",""stock_quantity_source"":""observed"",""stock_quantity_kind"":""observed"",""stock_observed_at"":""observed"",""max_sale_limit"":""observed"",""seller_count"":""observed"",""seller_count_observed"":""observed"",""seller_count_kind"":""observed"",""sellers"":""observed"",""variants"":""observed"",""favorite_count"":""observed"",""inventory_decrease"":""unavailable"",""sales_estimate_daily"":""unavailable"",""sales_estimate_weekly"":""unavailable"",""sales_estimate_monthly"":""unavailable"",""sales_estimate_status"":""unavailable"",""sales_estimate_hours"":""unavailable"",""sales_estimate_source"":""unavailable"",""title"":""observed"",""brand"":""observed"",""seller_name"":""observed"",""seller_score"":""observed"",""price"":""observed"",""original_price"":""unavailable"",""campaigns"":""observed"",""stock_status"":""observed"",""stock_signal"":""unavailable"",""rating"":""observed"",""rating_count"":""observed"",""review_count"":""observed"",""question_count"":""observed"",""delivery_summary"":""observed"",""shipping_cost"":""unavailable"",""properties"":""observed""}",true,
1494679081,S,30318a52eb11443b032723a14754c247,1081627981:1163722:1494679081:30318a52eb11443b032723a14754c247,2,merchantListing.winnerVariant.quantity,reported,2026-09-14T11:09:28.266Z,10,1,1,reported_total,"[{""merchant_id"":""1163722"",""name"":""MES Tekstil"",""score"":8.3,""price"":949.99,""variant_id"":""1494679081"",""listing_id"":""30318a52eb11443b032723a14754c247"",""stock_quantity"":2}]","[{""variant_id"":""1494679081"",""label"":""S"",""in_stock"":true,""stock_quantity"":2,""selected"":true},{""variant_id"":""1494680708"",""label"":""L"",""in_stock"":true,""stock_quantity"":null,""selected"":false},{""variant_id"":""1494685740"",""label"":""XL"",""in_stock"":true,""stock_quantity"":null,""selected"":false},{""variant_id"":""1494673849"",""label"":""M"",""in_stock"":false,""stock_quantity"":null,""selected"":false}]",414,,,,,observation_gap,,inventory_net_decrease,2026-09-14,2026-09-14T14:00:36+03:00,hamile,BEST_SELLER,hamile-elbise,hamile elbise,171,4,271,271,3,hamile:hamile-elbise,171,45,0,30,1081627981,1163722,1081627981:1163722,Lyn Mama MYRA6314 Hamile Haki Kadife Jile Elbise,Lyn Mama,,https://www.trendyol.com/lyn-mama/myra6314-hamile-haki-kadife-jile-elbise-p-1081627981?boutiqueId=61&merchantId=1163722,MES Tekstil,8.3,949.99,,,0,TRY,"[""Kargo Bedava""]",InStock,Tükeniyor,,,,,5,1,0,0,4,,419 kişi favoriledi,,,,0,,,,Tahmini Teslim:,,,{},0,,refreshed,"[""daily_top""]",true,2026-09-14T11:09:28.267Z,0,"[""search_result_dom"",""product_detail_jsonld"",""product_detail_dom""]","{""variant_id"":""observed"",""variant_label"":""observed"",""listing_id"":""observed"",""inventory_key"":""observed"",""stock_quantity"":""observed"",""stock_quantity_source"":""observed"",""stock_quantity_kind"":""observed"",""stock_observed_at"":""observed"",""max_sale_limit"":""observed"",""seller_count"":""observed"",""seller_count_observed"":""observed"",""seller_count_kind"":""observed"",""sellers"":""observed"",""variants"":""observed"",""favorite_count"":""observed"",""inventory_decrease"":""unavailable"",""sales_estimate_daily"":""unavailable"",""sales_estimate_weekly"":""unavailable"",""sales_estimate_monthly"":""unavailable"",""sales_estimate_status"":""unavailable"",""sales_estimate_hours"":""unavailable"",""sales_estimate_source"":""unavailable"",""title"":""observed"",""brand"":""observed"",""seller_name"":""observed"",""seller_score"":""observed"",""price"":""observed"",""original_price"":""unavailable"",""campaigns"":""observed"",""stock_status"":""observed"",""stock_signal"":""observed"",""rating"":""observed"",""rating_count"":""observed"",""review_count"":""observed"",""question_count"":""observed"",""delivery_summary"":""observed"",""shipping_cost"":""unavailable"",""properties"":""observed""}",true,
1639862754,44,161b9c3a72436fa0bf35c36778c3da06,1170906253:408668:1639862754:161b9c3a72436fa0bf35c36778c3da06,1,merchantListing.winnerVariant.quantity,reported,2026-09-14T11:09:33.766Z,10,1,1,reported_total,"[{""merchant_id"":""408668"",""name"":""RACE FASHİON"",""score"":9.5,""price"":1004.52,""variant_id"":""1639862754"",""listing_id"":""161b9c3a72436fa0bf35c36778c3da06"",""stock_quantity"":1}]","[{""variant_id"":""1639862754"",""label"":""44"",""in_stock"":true,""stock_quantity"":1,""selected"":true},{""variant_id"":""1639862756"",""label"":""42"",""in_stock"":true,""stock_quantity"":null,""selected"":false},{""variant_id"":""1639862755"",""label"":""38"",""in_stock"":false,""stock_quantity"":null,""selected"":false},{""variant_id"":""1639862743"",""label"":""40"",""in_stock"":false,""stock_quantity"":null,""selected"":false},{""variant_id"":""1639862752"",""label"":""46"",""in_stock"":false,""stock_quantity"":null,""selected"":false}]",123,,,,,unchanged_stock,24.01,inventory_net_decrease,2026-09-14,2026-09-14T14:00:36+03:00,hamile,BEST_SELLER,hamile-elbise,hamile elbise,172,4,272,272,,hamile:hamile-elbise,172,15,0,30,1170906253,408668,1170906253:408668,RACE FASHİON Kadın Büyük Yakalı Puantiyeli Vintange Elbise RC6057,RACE FASHİON,Hamile Elbisesi,https://www.trendyol.com/race-fashion/kadin-buyuk-yakali-puantiyeli-vintange-elbise-rc6057-p-1170906253?boutiqueId=61&merchantId=408668,RACE FASHİON,9.5,1004.52,,,0,TRY,"[""Sepette %10 İndirim"",""18 TL Kupon"",""Kargo Bedava"",""Trendyol Plus'a Özel""]",InStock,Tükeniyor,,,,,0,0,0,0,2,,,,4999,TRY,0,1,1,3,9 saat 50 dakika içinde sipariş verirsen en geç yarın kargoda!,,https://cdn.dsmcdn.com/ty1902/prod/QC_PREP/20260714/10/1266d29d-9f29-313e-87a3-2d2f4c301b2b/1_org_zoom.jpg,"{""Kumaş Tipi"":""Dokuma"",""Cep"":""Cepsiz"",""Renk"":""Siyah"",""Boy"":""Uzun"",""Ortam"":""Trend"",""Kol Boyu"":""Kısa"",""Yıkama Talimatı"":""Kuru temizleme önerilir"",""Sürdürülebilirlik Detayı"":""Evet"",""Menşei"":""TR""}",0,,refreshed,"[""daily_top""]",true,2026-09-14T11:09:33.767Z,0,"[""search_result_dom"",""product_detail_jsonld"",""product_detail_dom""]","{""variant_id"":""observed"",""variant_label"":""observed"",""listing_id"":""observed"",""inventory_key"":""observed"",""stock_quantity"":""observed"",""stock_quantity_source"":""observed"",""stock_quantity_kind"":""observed"",""stock_observed_at"":""observed"",""max_sale_limit"":""observed"",""seller_count"":""observed"",""seller_count_observed"":""observed"",""seller_count_kind"":""observed"",""sellers"":""observed"",""variants"":""observed"",""favorite_count"":""observed"",""inventory_decrease"":""unavailable"",""sales_estimate_daily"":""unavailable"",""sales_estimate_weekly"":""unavailable"",""sales_estimate_monthly"":""unavailable"",""sales_estimate_status"":""unavailable"",""sales_estimate_hours"":""unavailable"",""sales_estimate_source"":""unavailable"",""title"":""observed"",""brand"":""observed"",""seller_name"":""observed"",""seller_score"":""observed"",""price"":""observed"",""original_price"":""unavailable"",""campaigns"":""observed"",""stock_status"":""observed"",""stock_signal"":""observed"",""rating"":""observed"",""rating_count"":""observed"",""review_count"":""observed"",""question_count"":""observed"",""delivery_summary"":""observed"",""shipping_cost"":""observed"",""properties"":""observed""}",true,
1647291335,S,5acc3580de71bd9e8c509b0717a75ff4,1175422551:452542:1647291335:5acc3580de71bd9e8c509b0717a75ff4,100,merchantListing.winnerVariant.quantity,reported,2026-09-14T11:09:33.667Z,11,1,1,reported_total,"[{""merchant_id"":""452542"",""name"":""LACASE"",""score"":9.1,""price"":839,""variant_id"":""1647291335"",""listing_id"":""5acc3580de71bd9e8c509b0717a75ff4"",""stock_quantity"":100}]","[{""variant_id"":""1647291335"",""label"":""S"",""in_stock"":true,""stock_quantity"":100,""selected"":true},{""variant_id"":""1647291334"",""label"":""M"",""in_stock"":true,""stock_quantity"":null,""selected"":false},{""variant_id"":""1647291336"",""label"":""L"",""in_stock"":true,""stock_quantity"":null,""selected"":false}]",308,,,,,unchanged_stock,24.02,inventory_net_decrease,2026-09-14,2026-09-14T14:00:36+03:00,hamile,BEST_SELLER,hamile-elbise,hamile elbise,173,4,273,273,4,hamile:hamile-elbise,173,4,15.5,26.2,1175422551,452542,1175422551:452542,LACASE Kadın Tensel Kumaş Modal Siyah Bisiklet Yaka Salaş Elbise,LACASE,,https://www.trendyol.com/lacase/kadin-tensel-kumas-modal-siyah-bisiklet-yaka-salas-elbise-p-1175422551?boutiqueId=61&merchantId=452542,LACASE,9.1,839,950,11.7,0,TRY,"[""Kargo Bedava"",""Son 10 Günün En Düşük Fiyatı"",""Son 10 günün en düşük fiyatı""]",InStock,,,,,,2.5,2,2,0,2,,308 kişi favoriledi,,,,0,,,,9 saat 50 dakika içinde sipariş verirsen en geç yarın kargoda!,,,{},0,,refreshed,"[""daily_top""]",true,2026-09-14T11:09:33.668Z,0,"[""search_result_dom"",""product_detail_jsonld"",""product_detail_dom""]","{""variant_id"":""observed"",""variant_label"":""observed"",""listing_id"":""observed"",""inventory_key"":""observed"",""stock_quantity"":""observed"",""stock_quantity_source"":""observed"",""stock_quantity_kind"":""observed"",""stock_observed_at"":""observed"",""max_sale_limit"":""observed"",""seller_count"":""observed"",""seller_count_observed"":""observed"",""seller_count_kind"":""observed"",""sellers"":""observed"",""variants"":""observed"",""favorite_count"":""observed"",""inventory_decrease"":""unavailable"",""sales_estimate_daily"":""unavailable"",""sales_estimate_weekly"":""unavailable"",""sales_estimate_monthly"":""unavailable"",""sales_estimate_status"":""unavailable"",""sales_estimate_hours"":""unavailable"",""sales_estimate_source"":""unavailable"",""title"":""observed"",""brand"":""observed"",""seller_name"":""observed"",""seller_score"":""observed"",""price"":""observed"",""original_price"":""observed"",""campaigns"":""observed"",""stock_status"":""observed"",""stock_signal"":""unavailable"",""rating"":""observed"",""rating_count"":""observed"",""review_count"":""observed"",""question_count"":""observed"",""delivery_summary"":""observed"",""shipping_cost"":""unavailable"",""properties"":""observed""}",true,
1629819019,M,a08d750c56c422bc392990f4916eca9a,1164116389:175525:1629819019:a08d750c56c422bc392990f4916eca9a,20,merchantListing.winnerVariant.quantity,reported,2026-09-14T11:09:33.581Z,10,1,1,reported_total,"[{""merchant_id"":""175525"",""name"":""Miss Dünya Lissa"",""score"":8.6,""price"":869.99,""variant_id"":""1629819019"",""listing_id"":""a08d750c56c422bc392990f4916eca9a"",""stock_quantity"":20}]","[{""variant_id"":""1629819019"",""label"":""M"",""in_stock"":true,""stock_quantity"":20,""selected"":true},{""variant_id"":""1629819020"",""label"":""L"",""in_stock"":true,""stock_quantity"":null,""selected"":false},{""variant_id"":""1629819018"",""label"":""XL"",""in_stock"":true,""stock_quantity"":null,""selected"":false},{""variant_id"":""1629819017"",""label"":""2XL"",""in_stock"":true,""stock_quantity"":null,""selected"":false}]",180,,,,,observation_gap,,inventory_net_decrease,2026-09-14,2026-09-14T14:00:36+03:00,hamile,BEST_SELLER,hamile-elbise,hamile elbise,174,4,274,274,7,hamile:hamile-elbise,174,49,0,30,1164116389,175525,1164116389:175525,Miss Dünya Lissa Lacivert Aura Relax Gömlek Yakalı Sıfır Kol Hamile Elbisesi,Miss Dünya Lissa,,https://www.trendyol.com/miss-dunya-lissa/lacivert-aura-relax-gomlek-yakali-sifir-kol-hamile-elbisesi-p-1164116389?boutiqueId=61&merchantId=175525,Miss Dünya Lissa,8.6,869.99,,,0,TRY,"[""Kargo Bedava""]",InStock,,,,,,1,1,0,0,3,,,,,,0,,,,Tahmini Teslim:,,,{},0,,refreshed,"[""daily_top""]",true,2026-09-14T11:09:33.581Z,0,"[""search_result_dom"",""product_detail_jsonld"",""product_detail_dom""]","{""variant_id"":""observed"",""variant_label"":""observed"",""listing_id"":""observed"",""inventory_key"":""observed"",""stock_quantity"":""observed"",""stock_quantity_source"":""observed"",""stock_quantity_kind"":""observed"",""stock_observed_at"":""observed"",""max_sale_limit"":""observed"",""seller_count"":""observed"",""seller_count_observed"":""observed"",""seller_count_kind"":""observed"",""sellers"":""observed"",""variants"":""observed"",""favorite_count"":""observed"",""inventory_decrease"":""unavailable"",""sales_estimate_daily"":""unavailable"",""sales_estimate_weekly"":""unavailable"",""sales_estimate_monthly"":""unavailable"",""sales_estimate_status"":""unavailable"",""sales_estimate_hours"":""unavailable"",""sales_estimate_source"":""unavailable"",""title"":""observed"",""brand"":""observed"",""seller_name"":""observed"",""seller_score"":""observed"",""price"":""observed"",""original_price"":""unavailable"",""campaigns"":""observed"",""stock_status"":""observed"",""stock_signal"":""unavailable"",""rating"":""observed"",""rating_count"":""observed"",""review_count"":""observed"",""question_count"":""observed"",""delivery_summary"":""observed"",""shipping_cost"":""unavailable"",""properties"":""observed""}",true,
1599665499,S,fb3796878e370dfc743f96e486603382,1144277360:867819:1599665499:fb3796878e370dfc743f96e486603382,100,merchantListing.winnerVariant.quantity,reported,2026-09-14T11:09:39.383Z,10,1,1,reported_total,"[{""merchant_id"":""867819"",""name"":""Kıvırcıkyoga"",""score"":9.5,""price"":649.13,""variant_id"":""1599665499"",""listing_id"":""fb3796878e370dfc743f96e486603382"",""stock_quantity"":100}]","[{""variant_id"":""1599665499"",""label"":""S"",""in_stock"":true,""stock_quantity"":100,""selected"":true},{""variant_id"":""1599665836"",""label"":""M"",""in_stock"":true,""stock_quantity"":null,""selected"":false},{""variant_id"":""1599661922"",""label"":""L"",""in_stock"":false,""stock_quantity"":null,""selected"":false},{""variant_id"":""1599665004"",""label"":""XL"",""in_stock"":false,""stock_quantity"":null,""selected"":false}]",779,,,,,unchanged_stock,24.02,inventory_net_decrease,2026-09-14,2026-09-14T14:00:36+03:00,hamile,BEST_SELLER,hamile-elbise,hamile elbise,175,4,275,275,2,hamile:hamile-elbise,175,-3,28.4,27.6,1144277360,867819,1144277360:867819,Kıvırcıkyoga HAMİLE ELBİSESİ,Kıvırcıkyoga,,https://www.trendyol.com/kivircikyoga/hamile-elbisesi-p-1144277360?boutiqueId=61&merchantId=867819,Kıvırcıkyoga,9.5,649.13,876.73,26,0,TRY,"[""Kargo Bedava"",""Son 10 Günün En Düşük Fiyatı"",""Son 10 günün en düşük fiyatı""]",InStock,,,,,,5,3,1,0,10,,781 kişi favoriledi,,,,0,,,,9 saat 50 dakika içinde sipariş verirsen en geç yarın kargoda!,,,{},0,,refreshed,"[""daily_top""]",true,2026-09-14T11:09:39.383Z,0,"[""search_result_dom"",""product_detail_jsonld"",""product_detail_dom""]","{""variant_id"":""observed"",""variant_label"":""observed"",""listing_id"":""observed"",""inventory_key"":""observed"",""stock_quantity"":""observed"",""stock_quantity_source"":""observed"",""stock_quantity_kind"":""observed"",""stock_observed_at"":""observed"",""max_sale_limit"":""observed"",""seller_count"":""observed"",""seller_count_observed"":""observed"",""seller_count_kind"":""observed"",""sellers"":""observed"",""variants"":""observed"",""favorite_count"":""observed"",""inventory_decrease"":""unavailable"",""sales_estimate_daily"":""unavailable"",""sales_estimate_weekly"":""unavailable"",""sales_estimate_monthly"":""unavailable"",""sales_estimate_status"":""unavailable"",""sales_estimate_hours"":""unavailable"",""sales_estimate_source"":""unavailable"",""title"":""observed"",""brand"":""observed"",""seller_name"":""observed"",""seller_score"":""observed"",""price"":""observed"",""original_price"":""observed"",""campaigns"":""observed"",""stock_status"":""observed"",""stock_signal"":""unavailable"",""rating"":""observed"",""rating_count"":""observed"",""review_count"":""observed"",""question_count"":""observed"",""delivery_summary"":""observed"",""shipping_cost"":""unavailable"",""properties"":""observed""}",true,
1599373352,S,cfc13e45a6240fd1922eb222c8872c89,1144137342:867819:1599373352:cfc13e45a6240fd1922eb222c8872c89,95,merchantListing.winnerVariant.quantity,reported,2026-09-14T11:09:39.300Z,10,1,1,reported_total,"[{""merchant_id"":""867819"",""name"":""Kıvırcıkyoga"",""score"":9.5,""price"":752.51,""variant_id"":""1599373352"",""listing_id"":""cfc13e45a6240fd1922eb222c8872c89"",""stock_quantity"":95}]","[{""variant_id"":""1599373352"",""label"":""S"",""in_stock"":true,""stock_quantity"":95,""selected"":true},{""variant_id"":""1599373503"",""label"":""M"",""in_stock"":true,""stock_quantity"":null,""selected"":false},{""variant_id"":""1599373703"",""label"":""L"",""in_stock"":false,""stock_quantity"":null,""selected"":false},{""variant_id"":""1599371336"",""label"":""XL"",""in_stock"":false,""stock_quantity"":null,""selected"":false}]",905,,,,,observation_gap,,inventory_net_decrease,2026-09-14,2026-09-14T14:00:36+03:00,hamile,BEST_SELLER,hamile-elbise,hamile elbise,176,4,276,276,2,hamile:hamile-elbise,176,8,6.8,23.2,1144137342,867819,1144137342:867819,Kıvırcıkyoga HAMİLE ELBİSESİ,Kıvırcıkyoga,,https://www.trendyol.com/kivircikyoga/hamile-elbisesi-p-1144137342?boutiqueId=61&merchantId=867819,Kıvırcıkyoga,9.5,752.51,,,0,TRY,"[""Kargo Bedava""]",InStock,,,,,,4.5,8,6,0,11,,909 kişi favoriledi,,,,0,,,,9 saat 50 dakika içinde sipariş verirsen en geç yarın kargoda!,,,{},0,,refreshed,"[""daily_top""]",true,2026-09-14T11:09:39.300Z,0,"[""search_result_dom"",""product_detail_jsonld"",""product_detail_dom""]","{""variant_id"":""observed"",""variant_label"":""observed"",""listing_id"":""observed"",""inventory_key"":""observed"",""stock_quantity"":""observed"",""stock_quantity_source"":""observed"",""stock_quantity_kind"":""observed"",""stock_observed_at"":""observed"",""max_sale_limit"":""observed"",""seller_count"":""observed"",""seller_count_observed"":""observed"",""seller_count_kind"":""observed"",""sellers"":""observed"",""variants"":""observed"",""favorite_count"":""observed"",""inventory_decrease"":""unavailable"",""sales_estimate_daily"":""unavailable"",""sales_estimate_weekly"":""unavailable"",""sales_estimate_monthly"":""unavailable"",""sales_estimate_status"":""unavailable"",""sales_estimate_hours"":""unavailable"",""sales_estimate_source"":""unavailable"",""title"":""observed"",""brand"":""observed"",""seller_name"":""observed"",""seller_score"":""observed"",""price"":""observed"",""original_price"":""unavailable"",""campaigns"":""observed"",""stock_status"":""observed"",""stock_signal"":""unavailable"",""rating"":""observed"",""rating_count"":""observed"",""review_count"":""observed"",""question_count"":""observed"",""delivery_summary"":""observed"",""shipping_cost"":""unavailable"",""properties"":""observed""}",true,
1573963236,XL,2770e93bb9fbac3aa89f86cd120f9852,1127236198:681877:1573963236:2770e93bb9fbac3aa89f86cd120f9852,5,merchantListing.winnerVariant.quantity,reported,2026-09-14T11:09:39.185Z,10,1,1,reported_total,"[{""merchant_id"":""681877"",""name"":""BUTİK SEVİM"",""score"":9.5,""price"":1230.17,""variant_id"":""1573963236"",""listing_id"":""2770e93bb9fbac3aa89f86cd120f9852"",""stock_quantity"":5}]","[{""variant_id"":""1573963236"",""label"":""XL"",""in_stock"":true,""stock_quantity"":5,""selected"":true},{""variant_id"":""1573961763"",""label"":""2XL"",""in_stock"":true,""stock_quantity"":null,""selected"":false},{""variant_id"":""1573962888"",""label"":""3XL"",""in_stock"":true,""stock_quantity"":null,""selected"":false},{""variant_id"":""1573957971"",""label"":""4XL"",""in_stock"":true,""stock_quantity"":null,""selected"":false},{""variant_id"":""1573962543"",""label"":""L"",""in_stock"":false,""stock_quantity"":null,""selected"":false}]",272,,,,,unchanged_stock,24.02,inventory_net_decrease,2026-09-14,2026-09-14T14:00:36+03:00,hamile,BEST_SELLER,hamile-elbise,hamile elbise,177,4,277,277,4,hamile:hamile-elbise,177,4,3.6,30,1127236198,681877,1127236198:681877,Ferace Tesettür Hamile Elbise – Günlük Şık Rahat Kalıp,Ferace,,https://www.trendyol.com/ferace/tesettur-hamile-elbise-gunluk-sik-rahat-kalip-p-1127236198?boutiqueId=61&merchantId=681877,BUTİK SEVİM,9.5,1230.17,1275.53,3.6,0,TRY,"[""Kargo Bedava"",""Son 10 Günün En Düşük Fiyatı"",""Peşin Fiyatına 3 Taksit"",""Son 10 günün en düşük fiyatı""]",InStock,Tükeniyor,,,,,5,2,0,0,5,,,,,,0,,,,9 saat 50 dakika içinde sipariş verirsen en geç yarın kargoda!,,,{},0,,refreshed,"[""daily_top""]",true,2026-09-14T11:09:39.186Z,0,"[""search_result_dom"",""product_detail_jsonld"",""product_detail_dom""]","{""variant_id"":""observed"",""variant_label"":""observed"",""listing_id"":""observed"",""inventory_key"":""observed"",""stock_quantity"":""observed"",""stock_quantity_source"":""observed"",""stock_quantity_kind"":""observed"",""stock_observed_at"":""observed"",""max_sale_limit"":""observed"",""seller_count"":""observed"",""seller_count_observed"":""observed"",""seller_count_kind"":""observed"",""sellers"":""observed"",""variants"":""observed"",""favorite_count"":""observed"",""inventory_decrease"":""unavailable"",""sales_estimate_daily"":""unavailable"",""sales_estimate_weekly"":""unavailable"",""sales_estimate_monthly"":""unavailable"",""sales_estimate_status"":""unavailable"",""sales_estimate_hours"":""unavailable"",""sales_estimate_source"":""unavailable"",""title"":""observed"",""brand"":""observed"",""seller_name"":""observed"",""seller_score"":""observed"",""price"":""observed"",""original_price"":""observed"",""campaigns"":""observed"",""stock_status"":""observed"",""stock_signal"":""observed"",""rating"":""observed"",""rating_count"":""observed"",""review_count"":""observed"",""question_count"":""observed"",""delivery_summary"":""observed"",""shipping_cost"":""unavailable"",""properties"":""observed""}",true,
1603147230,S,4301688496e13a3306eebbc1c26ccdde,1146742572:1127426:1603147230:4301688496e13a3306eebbc1c26ccdde,35,merchantListing.winnerVariant.quantity,reported,2026-09-14T11:09:44.984Z,10,1,1,reported_total,"[{""merchant_id"":""1127426"",""name"":""BARLİZ TEKSTİL"",""score"":8.6,""price"":819.9,""variant_id"":""1603147230"",""listing_id"":""4301688496e13a3306eebbc1c26ccdde"",""stock_quantity"":35}]","[{""variant_id"":""1603147230"",""label"":""S"",""in_stock"":true,""stock_quantity"":35,""selected"":true},{""variant_id"":""1603147431"",""label"":""M"",""in_stock"":true,""stock_quantity"":null,""selected"":false},{""variant_id"":""1603147048"",""label"":""L"",""in_stock"":true,""stock_quantity"":null,""selected"":false},{""variant_id"":""1603147126"",""label"":""XL"",""in_stock"":true,""stock_quantity"":null,""selected"":false},{""variant_id"":""1603143142"",""label"":""2XL"",""in_stock"":true,""stock_quantity"":null,""selected"":false}]",157,,,,,unchanged_stock,24.02,inventory_net_decrease,2026-09-14,2026-09-14T14:00:36+03:00,hamile,BEST_SELLER,hamile-elbise,hamile elbise,178,4,278,278,,hamile:hamile-elbise,178,11,0,30,1146742572,1127426,1146742572:1127426,BARLİZ Kadın Hamilelere İçin Uzun Kısa Kollu Geniş Likralı Esnek Elbise,BARLİZ,Hamile Elbisesi,https://www.trendyol.com/barliz/kadin-hamilelere-icin-uzun-kisa-kollu-genis-likrali-esnek-elbise-p-1146742572?boutiqueId=61&merchantId=1127426,BARLİZ TEKSTİL,8.6,819.9,,,0,TRY,"[""7 TL Kupon"",""Kargo Bedava"",""Trendyol Plus'a Özel""]",InStock,,,,,,5,1,0,0,4,,,,4999,TRY,0,1,1,3,9 saat 50 dakika içinde sipariş verirsen en geç yarın kargoda!,,https://cdn.dsmcdn.com/ty1900/prod/QC_PREP/20260517/03/0532ef13-ce71-336b-bd9f-3bb7065bfdcc/1_org_zoom.jpg,"{""Yaka Tipi"":""Bisiklet Yaka"",""Kumaş Tipi"":""Örme"",""Cep"":""Cepsiz"",""Kol Tipi"":""Kısa Kol"",""Desen"":""Düz"",""Kalıp"":""Relaxed"",""Renk"":""Gri"",""Materyal"":""Polyester Karışımlı"",""Boy"":""Uzun"",""Ortam"":""Hamile Giyim"",""Kol Boyu"":""Kısa"",""Siluet"":""Basic"",""Yıkama Talimatı"":""Type 0"",""Koleksiyon"":""Hamile"",""Sürdürülebilirlik Detayı"":""Hayır"",""Menşei"":""TR""}",0,,refreshed,"[""daily_top""]",true,2026-09-14T11:09:44.985Z,0,"[""search_result_dom"",""product_detail_jsonld"",""product_detail_dom""]","{""variant_id"":""observed"",""variant_label"":""observed"",""listing_id"":""observed"",""inventory_key"":""observed"",""stock_quantity"":""observed"",""stock_quantity_source"":""observed"",""stock_quantity_kind"":""observed"",""stock_observed_at"":""observed"",""max_sale_limit"":""observed"",""seller_count"":""observed"",""seller_count_observed"":""observed"",""seller_count_kind"":""observed"",""sellers"":""observed"",""variants"":""observed"",""favorite_count"":""observed"",""inventory_decrease"":""unavailable"",""sales_estimate_daily"":""unavailable"",""sales_estimate_weekly"":""unavailable"",""sales_estimate_monthly"":""unavailable"",""sales_estimate_status"":""unavailable"",""sales_estimate_hours"":""unavailable"",""sales_estimate_source"":""unavailable"",""title"":""observed"",""brand"":""observed"",""seller_name"":""observed"",""seller_score"":""observed"",""price"":""observed"",""original_price"":""unavailable"",""campaigns"":""observed"",""stock_status"":""observed"",""stock_signal"":""unavailable"",""rating"":""observed"",""rating_count"":""observed"",""review_count"":""observed"",""question_count"":""observed"",""delivery_summary"":""observed"",""shipping_cost"":""observed"",""properties"":""observed""}",true,
1456716576,40,48628f241b158666af477c43504b4064,1053149078:122810:1456716576:48628f241b158666af477c43504b4064,3,merchantListing.winnerVariant.quantity,reported,2026-09-14T11:09:44.892Z,10,1,1,reported_total,"[{""merchant_id"":""122810"",""name"":""Busa Giyim"",""score"":9.3,""price"":1852.87,""variant_id"":""1456716576"",""listing_id"":""48628f241b158666af477c43504b4064"",""stock_quantity"":3}]","[{""variant_id"":""1456716576"",""label"":""40"",""in_stock"":true,""stock_quantity"":3,""selected"":true},{""variant_id"":""1456720238"",""label"":""44"",""in_stock"":true,""stock_quantity"":null,""selected"":false},{""variant_id"":""1456719302"",""label"":""42"",""in_stock"":true,""stock_quantity"":null,""selected"":false},{""variant_id"":""1456719842"",""label"":""38"",""in_stock"":false,""stock_quantity"":null,""selected"":false}]",379,,,,,unchanged_stock,24.02,inventory_net_decrease,2026-09-14,2026-09-14T14:00:36+03:00,hamile,BEST_SELLER,hamile-elbise,hamile elbise,179,4,279,279,,hamile:hamile-elbise,179,3,0,30,1053149078,122810,1053149078:122810,BUSA Hamile Önden Düğmeli Midi Boy Kadife Elbise CAMEL,BUSA,Hamile Elbisesi,https://www.trendyol.com/busa/hamile-onden-dugmeli-midi-boy-kadife-elbise-camel-p-1053149078?boutiqueId=61&merchantId=122810,Busa Giyim,9.3,1852.87,,,0,TRY,"[""Kargo Bedava"",""Peşin Fiyatına 3 Taksit""]",InStock,Tükeniyor,,,,,4,1,0,0,3,,394 kişi favoriledi,,4999,TRY,0,2,1,5,Tahmini Teslim:,,https://cdn.dsmcdn.com/ty1793/prod/QC_PREP/20251119/17/cc469313-da5a-3315-872a-da1475c6167e/1_org_zoom.jpg,"{""Yaka Tipi"":""Gömlek Yaka"",""Kumaş Tipi"":""Dokuma"",""Cep"":""Cepli"",""Kol Tipi"":""Standart Kol"",""Desen"":""Düz"",""Kalıp"":""Regular"",""Renk"":""Bej"",""Boy"":""Belirtilmemiş"",""Ortam"":""Günlük"",""Kol Boyu"":""Uzun"",""Siluet"":""A-line"",""Yıkama Talimatı"":""Type 1"",""Sürdürülebilirlik Detayı"":""Hayır"",""Menşei"":""TR""}",0,,refreshed,"[""daily_top""]",true,2026-09-14T11:09:44.892Z,0,"[""search_result_dom"",""product_detail_jsonld"",""product_detail_dom""]","{""variant_id"":""observed"",""variant_label"":""observed"",""listing_id"":""observed"",""inventory_key"":""observed"",""stock_quantity"":""observed"",""stock_quantity_source"":""observed"",""stock_quantity_kind"":""observed"",""stock_observed_at"":""observed"",""max_sale_limit"":""observed"",""seller_count"":""observed"",""seller_count_observed"":""observed"",""seller_count_kind"":""observed"",""sellers"":""observed"",""variants"":""observed"",""favorite_count"":""observed"",""inventory_decrease"":""unavailable"",""sales_estimate_daily"":""unavailable"",""sales_estimate_weekly"":""unavailable"",""sales_estimate_monthly"":""unavailable"",""sales_estimate_status"":""unavailable"",""sales_estimate_hours"":""unavailable"",""sales_estimate_source"":""unavailable"",""title"":""observed"",""brand"":""observed"",""seller_name"":""observed"",""seller_score"":""observed"",""price"":""observed"",""original_price"":""unavailable"",""campaigns"":""observed"",""stock_status"":""observed"",""stock_signal"":""observed"",""rating"":""observed"",""rating_count"":""observed"",""review_count"":""observed"",""question_count"":""observed"",""delivery_summary"":""observed"",""shipping_cost"":""observed"",""properties"":""observed""}",true,
1641909979,XS,a033afbba6be89eba9212b752deda8a4,1172237489:110374:1641909979:a033afbba6be89eba9212b752deda8a4,9,merchantListing.winnerVariant.quantity,reported,2026-09-14T11:09:44.691Z,10,1,1,reported_total,"[{""merchant_id"":""110374"",""name"":""Westmark London"",""score"":9.1,""price"":699,""variant_id"":""1641909979"",""listing_id"":""a033afbba6be89eba9212b752deda8a4"",""stock_quantity"":9}]","[{""variant_id"":""1641909979"",""label"":""XS"",""in_stock"":true,""stock_quantity"":9,""selected"":true},{""variant_id"":""1641909982"",""label"":""S"",""in_stock"":true,""stock_quantity"":null,""selected"":false},{""variant_id"":""1641909983"",""label"":""M"",""in_stock"":true,""stock_quantity"":null,""selected"":false},{""variant_id"":""1641909981"",""label"":""L"",""in_stock"":true,""stock_quantity"":null,""selected"":false},{""variant_id"":""1641909984"",""label"":""XL"",""in_stock"":true,""stock_quantity"":null,""selected"":false},{""variant_id"":""1641909980"",""label"":""2XL"",""in_stock"":true,""stock_quantity"":null,""selected"":false}]",150,,,,,unchanged_stock,24.04,inventory_net_decrease,2026-09-14,2026-09-14T14:00:36+03:00,hamile,BEST_SELLER,hamile-elbise,hamile elbise,180,4,280,280,,hamile:hamile-elbise,180,-55,0,30,1172237489,110374,1172237489:110374,WESTMARK LONDON Hamile Bordo Ribana Bisiklet Yaka Uzun Kollu Göğüs Altı V Kesimli Midi Elbise GIGI,WESTMARK LONDON,Hamile Elbisesi,https://www.trendyol.com/westmark-london/hamile-bordo-ribana-bisiklet-yaka-uzun-kollu-gogus-alti-v-kesimli-midi-elbise-gigi-p-1172237489?boutiqueId=61&merchantId=110374,Westmark London,9.1,699,,,0,TRY,"[""20 TL Kupon"",""Kargo Bedava"",""Trendyol Plus'a Özel""]",InStock,Tükeniyor,,,,,0,0,0,0,2,,,,4999,TRY,0,,1,3,50 dakika 15 saniye içinde sipariş verirsen en geç bugün kargoda!,,https://cdn.dsmcdn.com/ty1939/prod/QC_PREP/20260716/23/33dbf9f6-92ae-3a12-a8fd-dee43f02f984/1_org_zoom.jpg,"{""Yaka Tipi"":""Bisiklet Yaka"",""Kumaş Tipi"":""Örme"",""Cep"":""Cepsiz"",""Kol Tipi"":""Uzun Kol"",""Desen"":""Armürlü"",""Kalıp"":""Regular"",""Renk"":""Bordo"",""Materyal"":""Viskoz Karışımlı"",""Boy"":""Midi"",""Ortam"":""Casual/Günlük"",""Kol Boyu"":""Uzun"",""Siluet"":""Basic"",""Materyal Bileşeni"":""62% Polyester / 33% Viskon / 5% Elastan"",""Yıkama Talimatı"":""Yıkama Bilgisi: 30 derece."",""Koleksiyon"":""Hamile"",""Menşei"":""TR""}",0,,refreshed,"[""daily_top"",""hot_change""]",true,2026-09-14T11:09:44.691Z,0,"[""search_result_dom"",""product_detail_jsonld"",""product_detail_dom""]","{""variant_id"":""observed"",""variant_label"":""observed"",""listing_id"":""observed"",""inventory_key"":""observed"",""stock_quantity"":""observed"",""stock_quantity_source"":""observed"",""stock_quantity_kind"":""observed"",""stock_observed_at"":""observed"",""max_sale_limit"":""observed"",""seller_count"":""observed"",""seller_count_observed"":""observed"",""seller_count_kind"":""observed"",""sellers"":""observed"",""variants"":""observed"",""favorite_count"":""observed"",""inventory_decrease"":""unavailable"",""sales_estimate_daily"":""unavailable"",""sales_estimate_weekly"":""unavailable"",""sales_estimate_monthly"":""unavailable"",""sales_estimate_status"":""unavailable"",""sales_estimate_hours"":""unavailable"",""sales_estimate_source"":""unavailable"",""title"":""observed"",""brand"":""observed"",""seller_name"":""observed"",""seller_score"":""observed"",""price"":""observed"",""original_price"":""unavailable"",""campaigns"":""observed"",""stock_status"":""observed"",""stock_signal"":""observed"",""rating"":""observed"",""rating_count"":""observed"",""review_count"":""observed"",""question_count"":""observed"",""delivery_summary"":""observed"",""shipping_cost"":""observed"",""properties"":""observed""}",true,
1345653669,1,9f430005619bcf7f055a65088b559180,950507529:168527:1345653669:9f430005619bcf7f055a65088b559180,1,merchantListing.winnerVariant.quantity,reported,2026-09-14T11:09:50.335Z,10,2,2,reported_total,"[{""merchant_id"":""168527"",""name"":""JENSCA"",""score"":9.7,""price"":4205.21,""variant_id"":""1345653669"",""listing_id"":""9f430005619bcf7f055a65088b559180"",""stock_quantity"":1},{""merchant_id"":""121106"",""name"":""Cossy By Aqua"",""score"":8.9,""price"":3999.95,""variant_id"":""1345653669"",""listing_id"":""58d7218fafd840a219e0745a5fa973db"",""stock_quantity"":3}]","[{""variant_id"":""1345653669"",""label"":""1"",""in_stock"":true,""stock_quantity"":1,""selected"":true},{""variant_id"":""1345653670"",""label"":""2"",""in_stock"":true,""stock_quantity"":null,""selected"":false},{""variant_id"":""1345653671"",""label"":""3"",""in_stock"":false,""stock_quantity"":null,""selected"":false}]",951,,,,,unchanged_stock,24.02,inventory_net_decrease,2026-09-14,2026-09-14T14:00:36+03:00,hamile,BEST_SELLER,hamile-elbise,hamile elbise,181,6,281,281,,hamile:hamile-elbise,181,3,3.8,26.2,950507529,168527,950507529:168527,Cossy By Aqua Şifon Otriş Detay Uzun Sabahlık CossybyAqua 25596-1(36-38),Cossy By Aqua,Hamile Sabahlık,https://www.trendyol.com/cossy-by-aqua/sifon-otris-detay-uzun-sabahlik-cossybyaqua-25596-1-36-38-p-950507529?boutiqueId=61&merchantId=168527,JENSCA,9.7,4205.21,,,0,TRY,"[""Sepette %5 İndirim"",""100 TL Kupon"",""Kargo Bedava"",""Peşin Fiyatına 3 Taksit""]",InStock,Tükeniyor,,,,,4.5,4,2,0,14,,958 kişi favoriledi,,4999,TRY,0,,1,3,50 dakika 9 saniye içinde sipariş verirsen en geç bugün kargoda!,,https://cdn.dsmcdn.com/ty1701/prod/QC_PREP/20250630/11/3304e35a-21c7-3038-81c5-8224794884af/1_org_zoom.jpg,"{""Renk"":""Krem"",""Kapama Şekli"":""Bağlamalı"",""Materyal"":""Pamuk"",""Kol Tipi"":""Uzun Kol"",""Materyal Bileşeni"":""Viskon"",""Yıkama Talimatı"":""Type 1"",""Kumaş Tipi"":""Dantel"",""Boy"":""Orijinal Boy"",""Siluet"":""Uzun"",""Kalıp"":""Relaxed"",""Desen"":""Düz"",""Kol Boyu"":""Uzun"",""Koleksiyon"":""Hamile"",""Sürdürülebilirlik Detayı"":""Hayır"",""Ortam"":""Lounge/Home"",""Menşei"":""TR""}",2,4,refreshed,"[""daily_top""]",true,2026-09-14T11:09:50.335Z,0,"[""search_result_dom"",""product_detail_jsonld"",""product_detail_dom""]","{""variant_id"":""observed"",""variant_label"":""observed"",""listing_id"":""observed"",""inventory_key"":""observed"",""stock_quantity"":""observed"",""stock_quantity_source"":""observed"",""stock_quantity_kind"":""observed"",""stock_observed_at"":""observed"",""max_sale_limit"":""observed"",""seller_count"":""observed"",""seller_count_observed"":""observed"",""seller_count_kind"":""observed"",""sellers"":""observed"",""variants"":""observed"",""favorite_count"":""observed"",""inventory_decrease"":""unavailable"",""sales_estimate_daily"":""unavailable"",""sales_estimate_weekly"":""unavailable"",""sales_estimate_monthly"":""unavailable"",""sales_estimate_status"":""unavailable"",""sales_estimate_hours"":""unavailable"",""sales_estimate_source"":""unavailable"",""title"":""observed"",""brand"":""observed"",""seller_name"":""observed"",""seller_score"":""observed"",""price"":""observed"",""original_price"":""unavailable"",""campaigns"":""observed"",""stock_status"":""observed"",""stock_signal"":""observed"",""rating"":""observed"",""rating_count"":""observed"",""review_count"":""observed"",""question_count"":""observed"",""delivery_summary"":""observed"",""shipping_cost"":""observed"",""properties"":""observed""}",true,
1578296066,S,f8b78a86168b9deaa3541e4fdcdcac60,1130081367:938209:1578296066:f8b78a86168b9deaa3541e4fdcdcac60,33,merchantListing.winnerVariant.quantity,reported,2026-09-14T11:09:50.202Z,10,1,1,reported_total,"[{""merchant_id"":""938209"",""name"":""HiCCUP"",""score"":8.6,""price"":1389,""variant_id"":""1578296066"",""listing_id"":""f8b78a86168b9deaa3541e4fdcdcac60"",""stock_quantity"":33}]","[{""variant_id"":""1578296066"",""label"":""S"",""in_stock"":true,""stock_quantity"":33,""selected"":true},{""variant_id"":""1578323341"",""label"":""M"",""in_stock"":true,""stock_quantity"":null,""selected"":false},{""variant_id"":""1578283310"",""label"":""L"",""in_stock"":true,""stock_quantity"":null,""selected"":false}]",3549,,,,,missing_baseline,,inventory_net_decrease,2026-09-14,2026-09-14T14:00:36+03:00,hamile,BEST_SELLER,hamile-elbise,hamile elbise,182,6,282,282,,hamile:hamile-elbise,182,,6.9,25.2,1130081367,938209,1130081367:938209,Hiccup BUSEM Kemerli Gömlek Yaka Midi Elbise,Hiccup,Hamile Elbisesi,https://www.trendyol.com/hiccup/busem-kemerli-gomlek-yaka-midi-elbise-p-1130081367?boutiqueId=61&merchantId=938209,HiCCUP,8.6,1389,1419,2.1,,TRY,"[""Kargo Bedava"",""Son 10 Günün En Düşük Fiyatı"",""Peşin Fiyatına 3 Taksit"",""Son 10 günün en düşük fiyatı""]",InStock,,,,,,4.375,8,3,,5,,"3,5B kişi favoriledi",,4999,TRY,0,1,1,3,9 saat 50 dakika içinde sipariş verirsen en geç yarın kargoda!,,https://cdn.dsmcdn.com/ty1851/prod/QC_PREP/20260408/01/ae7e5bc7-2c3b-3d21-8053-56f0c83a6f84/1_org_zoom.jpg,"{""Yaka Tipi"":""Gömlek Yaka"",""Kumaş Tipi"":""Dokuma"",""Cep"":""Cepsiz"",""Kol Tipi"":""Kısa Kol"",""Desen"":""Düz"",""Kalıp"":""Regular"",""Renk"":""Siyah"",""Boy"":""Midi"",""Ortam"":""Günlük"",""Kol Boyu"":""Kısa"",""Materyal Bileşeni"":""65% Pamuk, 35% Polyester"",""Yıkama Talimatı"":""T44"",""Sürdürülebilirlik Detayı"":""Hayır"",""Menşei"":""TR""}",1,3,refreshed,"[""daily_top""]",true,2026-09-14T11:09:50.203Z,0,"[""search_result_dom"",""product_detail_jsonld"",""product_detail_dom""]","{""variant_id"":""observed"",""variant_label"":""observed"",""listing_id"":""observed"",""inventory_key"":""observed"",""stock_quantity"":""observed"",""stock_quantity_source"":""observed"",""stock_quantity_kind"":""observed"",""stock_observed_at"":""observed"",""max_sale_limit"":""observed"",""seller_count"":""observed"",""seller_count_observed"":""observed"",""seller_count_kind"":""observed"",""sellers"":""observed"",""variants"":""observed"",""favorite_count"":""observed"",""inventory_decrease"":""unavailable"",""sales_estimate_daily"":""unavailable"",""sales_estimate_weekly"":""unavailable"",""sales_estimate_monthly"":""unavailable"",""sales_estimate_status"":""unavailable"",""sales_estimate_hours"":""unavailable"",""sales_estimate_source"":""unavailable"",""title"":""observed"",""brand"":""observed"",""seller_name"":""observed"",""seller_score"":""observed"",""price"":""observed"",""original_price"":""observed"",""campaigns"":""observed"",""stock_status"":""observed"",""stock_signal"":""unavailable"",""rating"":""observed"",""rating_count"":""observed"",""review_count"":""observed"",""question_count"":""observed"",""delivery_summary"":""observed"",""shipping_cost"":""observed"",""properties"":""observed""}",true,
1143417418,XL,cddc3822bf8e7b2b265fd656bc059221,848189767:157030:1143417418:cddc3822bf8e7b2b265fd656bc059221,3,merchantListing.winnerVariant.quantity,reported,2026-09-14T11:09:50.082Z,11,1,1,reported_total,"[{""merchant_id"":""157030"",""name"":""SUDENAZ TEKSTİL"",""score"":8.8,""price"":679,""variant_id"":""1143417418"",""listing_id"":""cddc3822bf8e7b2b265fd656bc059221"",""stock_quantity"":3}]","[{""variant_id"":""1143417418"",""label"":""XL"",""in_stock"":true,""stock_quantity"":3,""selected"":true},{""variant_id"":""1143417416"",""label"":""2XL"",""in_stock"":true,""stock_quantity"":null,""selected"":false},{""variant_id"":""1143417410"",""label"":""3XL"",""in_stock"":true,""stock_quantity"":null,""selected"":false},{""variant_id"":""1143417413"",""label"":""4XL"",""in_stock"":true,""stock_quantity"":null,""selected"":false}]",5990,,,,,unchanged_stock,24.08,inventory_net_decrease,2026-09-14,2026-09-14T14:00:36+03:00,hamile,BEST_SELLER,hamile-elbise,hamile elbise,183,6,283,283,,hamile:hamile-elbise,183,-132,16,14,848189767,157030,848189767:157030,SENTEX kısa kollu geniş karışık renkli desenli kadın elbisesi,SENTEX,,https://www.trendyol.com/sentex/kisa-kollu-genis-karisik-renkli-desenli-kadin-elbisesi-p-848189767?boutiqueId=61&merchantId=157030,SUDENAZ TEKSTİL,8.8,679,,,0,TRY,"[""Kargo Bedava""]",InStock,Tükeniyor,,,,,4.431372549019608,204,100,0,107,,"5,9B kişi favoriledi",,,,0,,,,Tahmini Teslim:,,,{},0,,refreshed,"[""daily_top"",""hot_change""]",true,2026-09-14T11:09:50.082Z,0,"[""search_result_dom"",""product_detail_jsonld"",""product_detail_dom""]","{""variant_id"":""observed"",""variant_label"":""observed"",""listing_id"":""observed"",""inventory_key"":""observed"",""stock_quantity"":""observed"",""stock_quantity_source"":""observed"",""stock_quantity_kind"":""observed"",""stock_observed_at"":""observed"",""max_sale_limit"":""observed"",""seller_count"":""observed"",""seller_count_observed"":""observed"",""seller_count_kind"":""observed"",""sellers"":""observed"",""variants"":""observed"",""favorite_count"":""observed"",""inventory_decrease"":""unavailable"",""sales_estimate_daily"":""unavailable"",""sales_estimate_weekly"":""unavailable"",""sales_estimate_monthly"":""unavailable"",""sales_estimate_status"":""unavailable"",""sales_estimate_hours"":""unavailable"",""sales_estimate_source"":""unavailable"",""title"":""observed"",""brand"":""observed"",""seller_name"":""observed"",""seller_score"":""observed"",""price"":""observed"",""original_price"":""unavailable"",""campaigns"":""observed"",""stock_status"":""observed"",""stock_signal"":""observed"",""rating"":""observed"",""rating_count"":""observed"",""review_count"":""observed"",""question_count"":""observed"",""delivery_summary"":""observed"",""shipping_cost"":""unavailable"",""properties"":""observed""}",true,
1080422894,L,912f70f91c2e1d9839383137dbd8475f,810661510:904421:1080422894:912f70f91c2e1d9839383137dbd8475f,3,merchantListing.winnerVariant.quantity,reported,2026-09-14T11:09:55.298Z,10,1,1,reported_total,"[{""merchant_id"":""904421"",""name"":""KATLİN MATERNİTY WEAR"",""score"":9.1,""price"":1487,""variant_id"":""1080422894"",""listing_id"":""912f70f91c2e1d9839383137dbd8475f"",""stock_quantity"":3}]","[{""variant_id"":""1080422894"",""label"":""L"",""in_stock"":true,""stock_quantity"":3,""selected"":true},{""variant_id"":""1080422890"",""label"":""2XL"",""in_stock"":true,""stock_quantity"":null,""selected"":false},{""variant_id"":""1080422891"",""label"":""M"",""in_stock"":false,""stock_quantity"":null,""selected"":false},{""variant_id"":""1080422898"",""label"":""XL"",""in_stock"":false,""stock_quantity"":null,""selected"":false}]",923,,,,,unchanged_stock,24.02,inventory_net_decrease,2026-09-14,2026-09-14T14:00:36+03:00,hamile,BEST_SELLER,hamile-elbise,hamile elbise,184,6,284,284,7,hamile:hamile-elbise,184,8,4.8,25.2,810661510,904421,810661510:904421,KATLİN MATERNİTY WEAR Hamile Keten Elbise Yanlardan Bağcık Detaylı Önden Açılan Düğme (EMZİRME),KATLİN MATERNİTY WEAR,,https://www.trendyol.com/katlin-maternity-wear/hamile-keten-elbise-yanlardan-bagcik-detayli-onden-acilan-dugme-emzirme-p-810661510?boutiqueId=61&merchantId=904421,KATLİN MATERNİTY WEAR,9.1,1487,,,0,TRY,"[""Kargo Bedava"",""Peşin Fiyatına 3 Taksit""]",InStock,Tükeniyor,,,,,4.375,8,3,0,11,,926 kişi favoriledi,,,,0,,,,9 saat 50 dakika içinde sipariş verirsen en geç yarın kargoda!,,,{},0,,refreshed,"[""daily_top""]",true,2026-09-14T11:09:55.299Z,0,"[""search_result_dom"",""product_detail_jsonld"",""product_detail_dom""]","{""variant_id"":""observed"",""variant_label"":""observed"",""listing_id"":""observed"",""inventory_key"":""observed"",""stock_quantity"":""observed"",""stock_quantity_source"":""observed"",""stock_quantity_kind"":""observed"",""stock_observed_at"":""observed"",""max_sale_limit"":""observed"",""seller_count"":""observed"",""seller_count_observed"":""observed"",""seller_count_kind"":""observed"",""sellers"":""observed"",""variants"":""observed"",""favorite_count"":""observed"",""inventory_decrease"":""unavailable"",""sales_estimate_daily"":""unavailable"",""sales_estimate_weekly"":""unavailable"",""sales_estimate_monthly"":""unavailable"",""sales_estimate_status"":""unavailable"",""sales_estimate_hours"":""unavailable"",""sales_estimate_source"":""unavailable"",""title"":""observed"",""brand"":""observed"",""seller_name"":""observed"",""seller_score"":""observed"",""price"":""observed"",""original_price"":""unavailable"",""campaigns"":""observed"",""stock_status"":""observed"",""stock_signal"":""observed"",""rating"":""observed"",""rating_count"":""observed"",""review_count"":""observed"",""question_count"":""observed"",""delivery_summary"":""observed"",""shipping_cost"":""unavailable"",""properties"":""observed""}",true,
1661200560,38,90820b42643277cad5068754b4193408,1184432997:144130:1661200560:90820b42643277cad5068754b4193408,2,merchantListing.winnerVariant.quantity,reported,2026-09-14T11:09:55.209Z,11,1,1,reported_total,"[{""merchant_id"":""144130"",""name"":""SecilStore"",""score"":8.9,""price"":7686.25,""variant_id"":""1661200560"",""listing_id"":""90820b42643277cad5068754b4193408"",""stock_quantity"":2}]","[{""variant_id"":""1661200560"",""label"":""38"",""in_stock"":true,""stock_quantity"":2,""selected"":true},{""variant_id"":""1661200559"",""label"":""42"",""in_stock"":true,""stock_quantity"":null,""selected"":false},{""variant_id"":""1661200558"",""label"":""40"",""in_stock"":false,""stock_quantity"":null,""selected"":false}]",0,,,,,missing_baseline,,inventory_net_decrease,2026-09-14,2026-09-14T14:00:36+03:00,hamile,BEST_SELLER,hamile-elbise,hamile elbise,185,6,285,285,,hamile:hamile-elbise,185,,0,30,1184432997,144130,1184432997:144130,Scl Kemerli Düğme ve Cep Detaylı Süet Görünümlü Jile Elbise,Scl,Hamile Elbisesi,https://www.trendyol.com/scl/kemerli-dugme-ve-cep-detayli-suet-gorunumlu-jile-elbise-p-1184432997?boutiqueId=61&merchantId=144130,SecilStore,8.9,7686.25,,,,TRY,"[""250 TL Kupon"",""Kargo Bedava"",""Peşin Fiyatına 6 Taksit""]",InStock,Tükeniyor,,,,,0,0,0,,0,,,,4999,TRY,0,2,1,5,Tahmini Teslim:,,https://cdn.dsmcdn.com/ty1907/prod/QC_PREP/20260812/14/c652408a-c855-3efc-b275-591fd6db220f/1_org_zoom.jpg,"{""Yaka Tipi"":""V Yaka"",""Kumaş Tipi"":""Dokuma"",""Cep"":""Cepli"",""Kol Tipi"":""Kolsuz"",""Desen"":""Düz"",""Kalıp"":""A-line"",""Renk"":""Haki"",""Boy"":""Maxi"",""Ortam"":""Günlük"",""Kol Boyu"":""Kolsuz"",""Siluet"":""Jile"",""Menşei"":""TR""}",0,,refreshed,"[""daily_top""]",true,2026-09-14T11:09:55.210Z,0,"[""search_result_dom"",""product_detail_jsonld"",""product_detail_dom""]","{""variant_id"":""observed"",""variant_label"":""observed"",""listing_id"":""observed"",""inventory_key"":""observed"",""stock_quantity"":""observed"",""stock_quantity_source"":""observed"",""stock_quantity_kind"":""observed"",""stock_observed_at"":""observed"",""max_sale_limit"":""observed"",""seller_count"":""observed"",""seller_count_observed"":""observed"",""seller_count_kind"":""observed"",""sellers"":""observed"",""variants"":""observed"",""favorite_count"":""observed"",""inventory_decrease"":""unavailable"",""sales_estimate_daily"":""unavailable"",""sales_estimate_weekly"":""unavailable"",""sales_estimate_monthly"":""unavailable"",""sales_estimate_status"":""unavailable"",""sales_estimate_hours"":""unavailable"",""sales_estimate_source"":""unavailable"",""title"":""observed"",""brand"":""observed"",""seller_name"":""observed"",""seller_score"":""observed"",""price"":""observed"",""original_price"":""unavailable"",""campaigns"":""observed"",""stock_status"":""observed"",""stock_signal"":""observed"",""rating"":""observed"",""rating_count"":""observed"",""review_count"":""observed"",""question_count"":""observed"",""delivery_summary"":""observed"",""shipping_cost"":""observed"",""properties"":""observed""}",true,
518115895,S,c1065d9249b9fcc908120ffc50a018b4,324618126:346762:518115895:c1065d9249b9fcc908120ffc50a018b4,20,merchantListing.winnerVariant.quantity,reported,2026-09-14T11:09:55.101Z,10,1,1,reported_total,"[{""merchant_id"":""346762"",""name"":""ADA STYLE"",""score"":9.3,""price"":1649.9,""variant_id"":""518115895"",""listing_id"":""c1065d9249b9fcc908120ffc50a018b4"",""stock_quantity"":20}]","[{""variant_id"":""518115895"",""label"":""S"",""in_stock"":true,""stock_quantity"":20,""selected"":true},{""variant_id"":""518116076"",""label"":""M"",""in_stock"":true,""stock_quantity"":null,""selected"":false},{""variant_id"":""518115864"",""label"":""L"",""in_stock"":true,""stock_quantity"":null,""selected"":false},{""variant_id"":""518102882"",""label"":""XL"",""in_stock"":true,""stock_quantity"":null,""selected"":false},{""variant_id"":""518116004"",""label"":""2XL"",""in_stock"":true,""stock_quantity"":null,""selected"":false},{""variant_id"":""518115948"",""label"":""3XL"",""in_stock"":true,""stock_quantity"":null,""selected"":false}]",1018,,,,,unchanged_stock,24.02,inventory_net_decrease,2026-09-14,2026-09-14T14:00:36+03:00,hamile,BEST_SELLER,hamile-elbise,hamile elbise,186,6,286,286,,hamile:hamile-elbise,186,-8,6.8,23.2,324618126,346762,324618126:346762,"ADASTYLE Çekim, Uzun, Hemile, Abiye Şifon Elbise",ADASTYLE,,https://www.trendyol.com/adastyle/cekim-uzun-hemile-abiye-sifon-elbise-p-324618126?boutiqueId=61&merchantId=346762,ADA STYLE,9.3,1649.9,,,0,TRY,"[""Kargo Bedava"",""Sepette %1 İndirim"",""Peşin Fiyatına 3 Taksit""]",InStock,,,,,,4.357142857142858,14,6,0,17,,1B kişi favoriledi,,,,0,,,,9 saat 50 dakika içinde sipariş verirsen en geç yarın kargoda!,,,{},0,,refreshed,"[""daily_top""]",true,2026-09-14T11:09:55.102Z,0,"[""search_result_dom"",""product_detail_jsonld"",""product_detail_dom""]","{""variant_id"":""observed"",""variant_label"":""observed"",""listing_id"":""observed"",""inventory_key"":""observed"",""stock_quantity"":""observed"",""stock_quantity_source"":""observed"",""stock_quantity_kind"":""observed"",""stock_observed_at"":""observed"",""max_sale_limit"":""observed"",""seller_count"":""observed"",""seller_count_observed"":""observed"",""seller_count_kind"":""observed"",""sellers"":""observed"",""variants"":""observed"",""favorite_count"":""observed"",""inventory_decrease"":""unavailable"",""sales_estimate_daily"":""unavailable"",""sales_estimate_weekly"":""unavailable"",""sales_estimate_monthly"":""unavailable"",""sales_estimate_status"":""unavailable"",""sales_estimate_hours"":""unavailable"",""sales_estimate_source"":""unavailable"",""title"":""observed"",""brand"":""observed"",""seller_name"":""observed"",""seller_score"":""observed"",""price"":""observed"",""original_price"":""unavailable"",""campaigns"":""observed"",""stock_status"":""observed"",""stock_signal"":""unavailable"",""rating"":""observed"",""rating_count"":""observed"",""review_count"":""observed"",""question_count"":""observed"",""delivery_summary"":""observed"",""shipping_cost"":""unavailable"",""properties"":""observed""}",true,
1058395992,XS,e9854454060ad01d883b51ce9fb43798,796540843:1052531:1058395992:e9854454060ad01d883b51ce9fb43798,6,merchantListing.winnerVariant.quantity,reported,2026-09-14T11:10:00.139Z,10,1,1,reported_total,"[{""merchant_id"":""1052531"",""name"":""MEGHAN LA"",""score"":9.3,""price"":1134.99,""variant_id"":""1058395992"",""listing_id"":""e9854454060ad01d883b51ce9fb43798"",""stock_quantity"":6}]","[{""variant_id"":""1058395992"",""label"":""XS"",""in_stock"":true,""stock_quantity"":6,""selected"":true},{""variant_id"":""1058395990"",""label"":""S"",""in_stock"":true,""stock_quantity"":null,""selected"":false},{""variant_id"":""1058395986"",""label"":""M"",""in_stock"":true,""stock_quantity"":null,""selected"":false},{""variant_id"":""1058395996"",""label"":""L"",""in_stock"":true,""stock_quantity"":null,""selected"":false}]",1675,,,,,unchanged_stock,24.02,inventory_net_decrease,2026-09-14,2026-09-14T14:00:36+03:00,hamile,BEST_SELLER,hamile-elbise,hamile elbise,187,6,287,287,10,hamile:hamile-elbise,187,6,8.3,21.7,796540843,1052531,796540843:1052531,MEGHAN L.A Hamile ve Lohusa Anne Emzirme Özellikli %95 Viskon Kısa Kol Midi Elbise,MEGHAN L.A Hamile,,https://www.trendyol.com/meghan-l-a/hamile-ve-lohusa-anne-emzirme-ozellikli-95-viskon-kisa-kol-midi-elbise-p-796540843?boutiqueId=61&merchantId=1052531,MEGHAN LA,9.3,1134.99,,,-24.3,TRY,"[""50 TL Kupon"",""Kargo Bedava"",""Peşin Fiyatına 3 Taksit""]",InStock,Tükeniyor,,,,,4.25,16,10,0,7,,"1,6B kişi favoriledi",,,,0,,,,9 saat 50 dakika içinde sipariş verirsen en geç yarın kargoda!,,,{},0,,refreshed,"[""daily_top""]",true,2026-09-14T11:10:00.139Z,0,"[""search_result_dom"",""product_detail_jsonld"",""product_detail_dom""]","{""variant_id"":""observed"",""variant_label"":""observed"",""listing_id"":""observed"",""inventory_key"":""observed"",""stock_quantity"":""observed"",""stock_quantity_source"":""observed"",""stock_quantity_kind"":""observed"",""stock_observed_at"":""observed"",""max_sale_limit"":""observed"",""seller_count"":""observed"",""seller_count_observed"":""observed"",""seller_count_kind"":""observed"",""sellers"":""observed"",""variants"":""observed"",""favorite_count"":""observed"",""inventory_decrease"":""unavailable"",""sales_estimate_daily"":""unavailable"",""sales_estimate_weekly"":""unavailable"",""sales_estimate_monthly"":""unavailable"",""sales_estimate_status"":""unavailable"",""sales_estimate_hours"":""unavailable"",""sales_estimate_source"":""unavailable"",""title"":""observed"",""brand"":""observed"",""seller_name"":""observed"",""seller_score"":""observed"",""price"":""observed"",""original_price"":""unavailable"",""campaigns"":""observed"",""stock_status"":""observed"",""stock_signal"":""observed"",""rating"":""observed"",""rating_count"":""observed"",""review_count"":""observed"",""question_count"":""observed"",""delivery_summary"":""observed"",""shipping_cost"":""unavailable"",""properties"":""observed""}",true,
1311702050,M,9e16a4e944548533c00243687859abdd,927791257:175525:1311702050:9e16a4e944548533c00243687859abdd,24,merchantListing.winnerVariant.quantity,reported,2026-09-14T11:10:00.076Z,10,1,1,reported_total,"[{""merchant_id"":""175525"",""name"":""Miss Dünya Lissa"",""score"":8.6,""price"":729.99,""variant_id"":""1311702050"",""listing_id"":""9e16a4e944548533c00243687859abdd"",""stock_quantity"":24}]","[{""variant_id"":""1311702050"",""label"":""M"",""in_stock"":true,""stock_quantity"":24,""selected"":true},{""variant_id"":""1311702053"",""label"":""L"",""in_stock"":true,""stock_quantity"":null,""selected"":false},{""variant_id"":""1311702051"",""label"":""XL"",""in_stock"":true,""stock_quantity"":null,""selected"":false},{""variant_id"":""1311702052"",""label"":""2XL"",""in_stock"":true,""stock_quantity"":null,""selected"":false}]",458,,,,,unchanged_stock,24.02,inventory_net_decrease,2026-09-14,2026-09-14T14:00:36+03:00,hamile,BEST_SELLER,hamile-elbise,hamile elbise,188,6,288,288,9,hamile:hamile-elbise,188,7,4.8,25.2,927791257,175525,927791257:175525,Miss Dünya Lissa Hamile ve Lohusa V Yaka Uzun Kol Dokuma Kumaş Elbise,Miss Dünya Lissa,,https://www.trendyol.com/miss-dunya-lissa/hamile-ve-lohusa-v-yaka-uzun-kol-dokuma-kumas-elbise-p-927791257?boutiqueId=61&merchantId=175525,Miss Dünya Lissa,8.6,729.99,,,0,TRY,"[""Kargo Bedava""]",InStock,,,,,,3.6666666666666665,3,3,0,4,,459 kişi favoriledi,,,,0,,,,Tahmini Teslim:,,,{},0,,refreshed,"[""daily_top""]",true,2026-09-14T11:10:00.076Z,0,"[""search_result_dom"",""product_detail_jsonld"",""product_detail_dom""]","{""variant_id"":""observed"",""variant_label"":""observed"",""listing_id"":""observed"",""inventory_key"":""observed"",""stock_quantity"":""observed"",""stock_quantity_source"":""observed"",""stock_quantity_kind"":""observed"",""stock_observed_at"":""observed"",""max_sale_limit"":""observed"",""seller_count"":""observed"",""seller_count_observed"":""observed"",""seller_count_kind"":""observed"",""sellers"":""observed"",""variants"":""observed"",""favorite_count"":""observed"",""inventory_decrease"":""unavailable"",""sales_estimate_daily"":""unavailable"",""sales_estimate_weekly"":""unavailable"",""sales_estimate_monthly"":""unavailable"",""sales_estimate_status"":""unavailable"",""sales_estimate_hours"":""unavailable"",""sales_estimate_source"":""unavailable"",""title"":""observed"",""brand"":""observed"",""seller_name"":""observed"",""seller_score"":""observed"",""price"":""observed"",""original_price"":""unavailable"",""campaigns"":""observed"",""stock_status"":""observed"",""stock_signal"":""unavailable"",""rating"":""observed"",""rating_count"":""observed"",""review_count"":""observed"",""question_count"":""observed"",""delivery_summary"":""observed"",""shipping_cost"":""unavailable"",""properties"":""observed""}",true,
1494679350,S,23f15632b402e4ec8647d73bc6be0dfb,1081627963:1163722:1494679350:23f15632b402e4ec8647d73bc6be0dfb,2,merchantListing.winnerVariant.quantity,reported,2026-09-14T11:10:00.084Z,10,1,1,reported_total,"[{""merchant_id"":""1163722"",""name"":""MES Tekstil"",""score"":8.3,""price"":949.99,""variant_id"":""1494679350"",""listing_id"":""23f15632b402e4ec8647d73bc6be0dfb"",""stock_quantity"":2}]","[{""variant_id"":""1494679350"",""label"":""S"",""in_stock"":true,""stock_quantity"":2,""selected"":true},{""variant_id"":""1494684834"",""label"":""M"",""in_stock"":true,""stock_quantity"":null,""selected"":false},{""variant_id"":""1494681191"",""label"":""L"",""in_stock"":true,""stock_quantity"":null,""selected"":false},{""variant_id"":""1494673816"",""label"":""XL"",""in_stock"":true,""stock_quantity"":null,""selected"":false}]",243,,,,,unchanged_stock,24.01,inventory_net_decrease,2026-09-14,2026-09-14T14:00:36+03:00,hamile,BEST_SELLER,hamile-elbise,hamile elbise,189,6,289,289,3,hamile:hamile-elbise,189,11,2.4,27.6,1081627963,1163722,1081627963:1163722,Lyn Mama MYRA6316 Hamile Siyah Kadife Jile Elbise,Lyn Mama,,https://www.trendyol.com/lyn-mama/myra6316-hamile-siyah-kadife-jile-elbise-p-1081627963?boutiqueId=61&merchantId=1163722,MES Tekstil,8.3,949.99,,,0,TRY,"[""Kargo Bedava""]",InStock,Tükeniyor,,,,,3,2,1,0,3,,,,,,0,,,,Tahmini Teslim:,,,{},0,,refreshed,"[""daily_top""]",true,2026-09-14T11:10:00.084Z,0,"[""search_result_dom"",""product_detail_jsonld"",""product_detail_dom""]","{""variant_id"":""observed"",""variant_label"":""observed"",""listing_id"":""observed"",""inventory_key"":""observed"",""stock_quantity"":""observed"",""stock_quantity_source"":""observed"",""stock_quantity_kind"":""observed"",""stock_observed_at"":""observed"",""max_sale_limit"":""observed"",""seller_count"":""observed"",""seller_count_observed"":""observed"",""seller_count_kind"":""observed"",""sellers"":""observed"",""variants"":""observed"",""favorite_count"":""observed"",""inventory_decrease"":""unavailable"",""sales_estimate_daily"":""unavailable"",""sales_estimate_weekly"":""unavailable"",""sales_estimate_monthly"":""unavailable"",""sales_estimate_status"":""unavailable"",""sales_estimate_hours"":""unavailable"",""sales_estimate_source"":""unavailable"",""title"":""observed"",""brand"":""observed"",""seller_name"":""observed"",""seller_score"":""observed"",""price"":""observed"",""original_price"":""unavailable"",""campaigns"":""observed"",""stock_status"":""observed"",""stock_signal"":""observed"",""rating"":""observed"",""rating_count"":""observed"",""review_count"":""observed"",""question_count"":""observed"",""delivery_summary"":""observed"",""shipping_cost"":""unavailable"",""properties"":""observed""}",true,
1251326972,S,620924fe6ac5571040d536b8c51a8e0f,899590927:956863:1251326972:620924fe6ac5571040d536b8c51a8e0f,5,merchantListing.winnerVariant.quantity,reported,2026-09-14T11:10:05.218Z,10,1,1,reported_total,"[{""merchant_id"":""956863"",""name"":""DESEN HAMİLE GİYİM"",""score"":8.9,""price"":5749.9,""variant_id"":""1251326972"",""listing_id"":""620924fe6ac5571040d536b8c51a8e0f"",""stock_quantity"":5}]","[{""variant_id"":""1251326972"",""label"":""S"",""in_stock"":true,""stock_quantity"":5,""selected"":true},{""variant_id"":""1251326971"",""label"":""M"",""in_stock"":true,""stock_quantity"":null,""selected"":false},{""variant_id"":""1251326969"",""label"":""L"",""in_stock"":true,""stock_quantity"":null,""selected"":false},{""variant_id"":""1251326970"",""label"":""XL"",""in_stock"":true,""stock_quantity"":null,""selected"":false}]",257,,,,,unchanged_stock,24.01,inventory_net_decrease,2026-09-14,2026-09-14T14:00:36+03:00,hamile,BEST_SELLER,hamile-elbise,hamile elbise,190,6,290,290,1,hamile:hamile-elbise,190,12,0,30,899590927,956863,899590927:956863,Desen Hamile Giyim Pudra Parlak Saten Uzun Hamile Abiye Elbise,Desen Hamile Giyim,Hamile Abiye,https://www.trendyol.com/desen-hamile-giyim/pudra-parlak-saten-uzun-hamile-abiye-elbise-p-899590927?boutiqueId=61&merchantId=956863,DESEN HAMİLE GİYİM,8.9,5749.9,,,0,TRY,"[""Kargo Bedava"",""Peşin Fiyatına 3 Taksit""]",InStock,Tükeniyor,,,,,0,0,0,0,0,,,,4999,TRY,0,1,1,3,9 saat 49 dakika içinde sipariş verirsen en geç yarın kargoda!,En Çok Satan 1. Ürün,https://cdn.dsmcdn.com/ty1723/prod/QC_ENRICHMENT/20250812/11/19f21ff1-1532-3418-aec3-d1321f3c379c/1_org_zoom.jpg,"{""Kol Tipi"":""Askılı"",""Yaka Tipi"":""Dik Yaka"",""Materyal"":""Saten"",""Kumaş Tipi"":""Dokuma"",""Renk"":""Bej"",""Boy"":""Maxi"",""Yıkama Talimatı"":""Type 2"",""Menşei"":""TR""}",0,,refreshed,"[""daily_top""]",true,2026-09-14T11:10:05.219Z,0,"[""search_result_dom"",""product_detail_jsonld"",""product_detail_dom""]","{""variant_id"":""observed"",""variant_label"":""observed"",""listing_id"":""observed"",""inventory_key"":""observed"",""stock_quantity"":""observed"",""stock_quantity_source"":""observed"",""stock_quantity_kind"":""observed"",""stock_observed_at"":""observed"",""max_sale_limit"":""observed"",""seller_count"":""observed"",""seller_count_observed"":""observed"",""seller_count_kind"":""observed"",""sellers"":""observed"",""variants"":""observed"",""favorite_count"":""observed"",""inventory_decrease"":""unavailable"",""sales_estimate_daily"":""unavailable"",""sales_estimate_weekly"":""unavailable"",""sales_estimate_monthly"":""unavailable"",""sales_estimate_status"":""unavailable"",""sales_estimate_hours"":""unavailable"",""sales_estimate_source"":""unavailable"",""title"":""observed"",""brand"":""observed"",""seller_name"":""observed"",""seller_score"":""observed"",""price"":""observed"",""original_price"":""unavailable"",""campaigns"":""observed"",""stock_status"":""observed"",""stock_signal"":""observed"",""rating"":""observed"",""rating_count"":""observed"",""review_count"":""observed"",""question_count"":""observed"",""delivery_summary"":""observed"",""shipping_cost"":""observed"",""properties"":""observed""}",true,
1348287412,36,2dc379ed78c5f381e116c090f6ace1d1,952436343:104720:1348287412:2dc379ed78c5f381e116c090f6ace1d1,0,merchantListing.winnerVariant.quantity,reported,2026-09-14T11:10:05.182Z,11,1,1,reported_total,"[{""merchant_id"":""104720"",""name"":""Lovely İstanbul"",""score"":8.8,""price"":1496,""variant_id"":""1348287412"",""listing_id"":""2dc379ed78c5f381e116c090f6ace1d1"",""stock_quantity"":0}]","[{""variant_id"":""1348287412"",""label"":""36"",""in_stock"":false,""stock_quantity"":0,""selected"":true},{""variant_id"":""1348285686"",""label"":""38"",""in_stock"":false,""stock_quantity"":null,""selected"":false},{""variant_id"":""1348287688"",""label"":""40"",""in_stock"":false,""stock_quantity"":null,""selected"":false}]",1681,,,,,identity_changed_or_unknown,,inventory_net_decrease,2026-09-14,2026-09-14T14:00:36+03:00,hamile,BEST_SELLER,hamile-elbise,hamile elbise,191,6,291,291,,hamile:hamile-elbise,191,12,9.6,20.4,952436343,104720,952436343:104720,Lovelyİstanbul Yazlık Modal Midi Elbise LUB0125 ANTRASİT,Lovelyİstanbul,,https://www.trendyol.com/lovelyistanbul/yazlik-modal-midi-elbise-lub0125-antrasit-p-952436343?boutiqueId=61&merchantId=104720,Lovely İstanbul,8.8,1496,,,,TRY,"[""Sepette %55 İndirim"",""Kargo Bedava"",""Trendyol Plus'a Özel""]",OutOfStock,Tükeniyor,,,,,3.68,25,15,0,9,,"1,6B kişi favoriledi",,,,0,,,,,,,{},0,,refreshed,"[""daily_top""]",true,2026-09-14T11:10:05.183Z,0,"[""search_result_dom"",""product_detail_jsonld"",""product_detail_dom""]","{""variant_id"":""observed"",""variant_label"":""observed"",""listing_id"":""observed"",""inventory_key"":""observed"",""stock_quantity"":""observed"",""stock_quantity_source"":""observed"",""stock_quantity_kind"":""observed"",""stock_observed_at"":""observed"",""max_sale_limit"":""observed"",""seller_count"":""observed"",""seller_count_observed"":""observed"",""seller_count_kind"":""observed"",""sellers"":""observed"",""variants"":""observed"",""favorite_count"":""observed"",""inventory_decrease"":""unavailable"",""sales_estimate_daily"":""unavailable"",""sales_estimate_weekly"":""unavailable"",""sales_estimate_monthly"":""unavailable"",""sales_estimate_status"":""unavailable"",""sales_estimate_hours"":""unavailable"",""sales_estimate_source"":""unavailable"",""title"":""observed"",""brand"":""observed"",""seller_name"":""observed"",""seller_score"":""observed"",""price"":""observed"",""original_price"":""unavailable"",""campaigns"":""observed"",""stock_status"":""observed"",""stock_signal"":""observed"",""rating"":""observed"",""rating_count"":""observed"",""review_count"":""observed"",""question_count"":""observed"",""delivery_summary"":""unavailable"",""shipping_cost"":""unavailable"",""properties"":""observed""}",true,
1338206151,38,b59b7858a5218fd92f0676f5fdbeb1a8,945201908:122810:1338206151:b59b7858a5218fd92f0676f5fdbeb1a8,5,merchantListing.winnerVariant.quantity,reported,2026-09-14T11:10:04.959Z,10,1,1,reported_total,"[{""merchant_id"":""122810"",""name"":""Busa Giyim"",""score"":9.3,""price"":1389.65,""variant_id"":""1338206151"",""listing_id"":""b59b7858a5218fd92f0676f5fdbeb1a8"",""stock_quantity"":5}]","[{""variant_id"":""1338206151"",""label"":""38"",""in_stock"":true,""stock_quantity"":5,""selected"":true},{""variant_id"":""1338206152"",""label"":""40"",""in_stock"":true,""stock_quantity"":null,""selected"":false},{""variant_id"":""1338206150"",""label"":""44"",""in_stock"":true,""stock_quantity"":null,""selected"":false},{""variant_id"":""1338206149"",""label"":""42"",""in_stock"":true,""stock_quantity"":null,""selected"":false}]",344,,,,,missing_baseline,,inventory_net_decrease,2026-09-14,2026-09-14T14:00:36+03:00,hamile,BEST_SELLER,hamile-elbise,hamile elbise,192,6,292,292,,hamile:hamile-elbise,192,,3.8,26.2,945201908,122810,945201908:122810,BUSA Hamile Beli Bağcıklı Gömlek Yaka Ara Boy Ekose Elbise SİYAH,BUSA,,https://www.trendyol.com/busa/hamile-beli-bagcikli-gomlek-yaka-ara-boy-ekose-elbise-siyah-p-945201908?boutiqueId=61&merchantId=122810,Busa Giyim,9.3,1389.65,,,,TRY,"[""Kargo Bedava"",""Peşin Fiyatına 3 Taksit""]",InStock,Tükeniyor,,,,,4.2,5,2,,2,,342 kişi favoriledi,,,,0,,,,Tahmini Teslim:,,,{},0,,refreshed,"[""daily_top""]",true,2026-09-14T11:10:04.959Z,0,"[""search_result_dom"",""product_detail_jsonld"",""product_detail_dom""]","{""variant_id"":""observed"",""variant_label"":""observed"",""listing_id"":""observed"",""inventory_key"":""observed"",""stock_quantity"":""observed"",""stock_quantity_source"":""observed"",""stock_quantity_kind"":""observed"",""stock_observed_at"":""observed"",""max_sale_limit"":""observed"",""seller_count"":""observed"",""seller_count_observed"":""observed"",""seller_count_kind"":""observed"",""sellers"":""observed"",""variants"":""observed"",""favorite_count"":""observed"",""inventory_decrease"":""unavailable"",""sales_estimate_daily"":""unavailable"",""sales_estimate_weekly"":""unavailable"",""sales_estimate_monthly"":""unavailable"",""sales_estimate_status"":""unavailable"",""sales_estimate_hours"":""unavailable"",""sales_estimate_source"":""unavailable"",""title"":""observed"",""brand"":""observed"",""seller_name"":""observed"",""seller_score"":""observed"",""price"":""observed"",""original_price"":""unavailable"",""campaigns"":""observed"",""stock_status"":""observed"",""stock_signal"":""observed"",""rating"":""observed"",""rating_count"":""observed"",""review_count"":""observed"",""question_count"":""observed"",""delivery_summary"":""observed"",""shipping_cost"":""unavailable"",""properties"":""observed""}",true,
1012661968,S,75f654aace2aa0445dac046a7c02ff03,767132930:349045:1012661968:75f654aace2aa0445dac046a7c02ff03,1,merchantListing.winnerVariant.quantity,reported,2026-09-14T11:10:09.951Z,10,1,1,reported_total,"[{""merchant_id"":""349045"",""name"":""StyleTheBump"",""score"":8.8,""price"":1799,""variant_id"":""1012661968"",""listing_id"":""75f654aace2aa0445dac046a7c02ff03"",""stock_quantity"":1}]","[{""variant_id"":""1012661968"",""label"":""S"",""in_stock"":true,""stock_quantity"":1,""selected"":true},{""variant_id"":""1012659352"",""label"":""M"",""in_stock"":true,""stock_quantity"":null,""selected"":false}]",120,,,,,missing_baseline,,inventory_net_decrease,2026-09-14,2026-09-14T14:00:36+03:00,hamile,BEST_SELLER,hamile-elbise,hamile elbise,193,6,293,293,,hamile:hamile-elbise,193,,0,30,767132930,349045,767132930:349045,Style The Bump Anna Sweatshirt Elbise,Style The Bump,Hamile Elbisesi,https://www.trendyol.com/style-the-bump/anna-sweatshirt-elbise-p-767132930?boutiqueId=61&merchantId=349045,StyleTheBump,8.8,1799,,,,TRY,"[""Kargo Bedava"",""Peşin Fiyatına 3 Taksit""]",InStock,Tükeniyor,,,,,5,1,0,,1,,,,4999,TRY,0,2,1,5,Tahmini Teslim:,,https://cdn.dsmcdn.com/ty1008/product/media/images/prod/SPM/PIM/20231003/12/940356c5-db9b-3d3c-a77a-9e11931fda0c/1_org_zoom.jpg,"{""Yaka Tipi"":""Bisiklet Yaka"",""Kumaş Tipi"":""Örme"",""Cep"":""Cepsiz"",""Kol Tipi"":""Kısa Kol"",""Desen"":""Düz"",""Kalıp"":""Regular"",""Renk"":""Çok Renkli"",""Boy"":""Midi"",""Ortam"":""Günlük"",""Kol Boyu"":""Kısa"",""Siluet"":""Basic"",""Yıkama Talimatı"":""Type 1"",""Sürdürülebilirlik Detayı"":""Hayır"",""Paket İçeriği"":""Tekli""}",0,,refreshed,"[""daily_top""]",true,2026-09-14T11:10:09.951Z,0,"[""search_result_dom"",""product_detail_jsonld"",""product_detail_dom""]","{""variant_id"":""observed"",""variant_label"":""observed"",""listing_id"":""observed"",""inventory_key"":""observed"",""stock_quantity"":""observed"",""stock_quantity_source"":""observed"",""stock_quantity_kind"":""observed"",""stock_observed_at"":""observed"",""max_sale_limit"":""observed"",""seller_count"":""observed"",""seller_count_observed"":""observed"",""seller_count_kind"":""observed"",""sellers"":""observed"",""variants"":""observed"",""favorite_count"":""observed"",""inventory_decrease"":""unavailable"",""sales_estimate_daily"":""unavailable"",""sales_estimate_weekly"":""unavailable"",""sales_estimate_monthly"":""unavailable"",""sales_estimate_status"":""unavailable"",""sales_estimate_hours"":""unavailable"",""sales_estimate_source"":""unavailable"",""title"":""observed"",""brand"":""observed"",""seller_name"":""observed"",""seller_score"":""observed"",""price"":""observed"",""original_price"":""unavailable"",""campaigns"":""observed"",""stock_status"":""observed"",""stock_signal"":""observed"",""rating"":""observed"",""rating_count"":""observed"",""review_count"":""observed"",""question_count"":""observed"",""delivery_summary"":""observed"",""shipping_cost"":""observed"",""properties"":""observed""}",true,
1320269627,38,3be83a4adf3918db809d41e8cf57a7e3,933330997:122810:1320269627:3be83a4adf3918db809d41e8cf57a7e3,17,merchantListing.winnerVariant.quantity,reported,2026-09-14T11:10:09.914Z,10,1,1,reported_total,"[{""merchant_id"":""122810"",""name"":""Busa Giyim"",""score"":9.3,""price"":1775.49,""variant_id"":""1320269627"",""listing_id"":""3be83a4adf3918db809d41e8cf57a7e3"",""stock_quantity"":17}]","[{""variant_id"":""1320269627"",""label"":""38"",""in_stock"":true,""stock_quantity"":17,""selected"":true},{""variant_id"":""1320269628"",""label"":""40"",""in_stock"":true,""stock_quantity"":null,""selected"":false},{""variant_id"":""1320269626"",""label"":""44"",""in_stock"":true,""stock_quantity"":null,""selected"":false},{""variant_id"":""1320269630"",""label"":""42"",""in_stock"":true,""stock_quantity"":null,""selected"":false}]",727,,,,,unchanged_stock,24.02,inventory_net_decrease,2026-09-14,2026-09-14T14:00:36+03:00,hamile,BEST_SELLER,hamile-elbise,hamile elbise,194,6,294,294,,hamile:hamile-elbise,194,4,3.8,26.2,933330997,122810,933330997:122810,BUSA Hamile Kısa Kollu Bisiklet Yaka Midi Boy Desenli Elbise SİYAH,BUSA,,https://www.trendyol.com/busa/hamile-kisa-kollu-bisiklet-yaka-midi-boy-desenli-elbise-siyah-p-933330997?boutiqueId=61&merchantId=122810,Busa Giyim,9.3,1775.49,,,0,TRY,"[""Kargo Bedava"",""Peşin Fiyatına 3 Taksit""]",InStock,,,,,,3.75,4,2,0,4,,727 kişi favoriledi,,,,0,,,,Tahmini Teslim:,,,{},0,,refreshed,"[""daily_top""]",true,2026-09-14T11:10:09.915Z,0,"[""search_result_dom"",""product_detail_jsonld"",""product_detail_dom""]","{""variant_id"":""observed"",""variant_label"":""observed"",""listing_id"":""observed"",""inventory_key"":""observed"",""stock_quantity"":""observed"",""stock_quantity_source"":""observed"",""stock_quantity_kind"":""observed"",""stock_observed_at"":""observed"",""max_sale_limit"":""observed"",""seller_count"":""observed"",""seller_count_observed"":""observed"",""seller_count_kind"":""observed"",""sellers"":""observed"",""variants"":""observed"",""favorite_count"":""observed"",""inventory_decrease"":""unavailable"",""sales_estimate_daily"":""unavailable"",""sales_estimate_weekly"":""unavailable"",""sales_estimate_monthly"":""unavailable"",""sales_estimate_status"":""unavailable"",""sales_estimate_hours"":""unavailable"",""sales_estimate_source"":""unavailable"",""title"":""observed"",""brand"":""observed"",""seller_name"":""observed"",""seller_score"":""observed"",""price"":""observed"",""original_price"":""unavailable"",""campaigns"":""observed"",""stock_status"":""observed"",""stock_signal"":""unavailable"",""rating"":""observed"",""rating_count"":""observed"",""review_count"":""observed"",""question_count"":""observed"",""delivery_summary"":""observed"",""shipping_cost"":""unavailable"",""properties"":""observed""}",true,
1068457281,XL,bff24678ab4314d55d1fb1b2e43f2e02,803314266:175525:1068457281:bff24678ab4314d55d1fb1b2e43f2e02,36,merchantListing.winnerVariant.quantity,reported,2026-09-14T11:10:09.890Z,10,1,1,reported_total,"[{""merchant_id"":""175525"",""name"":""Miss Dünya Lissa"",""score"":8.6,""price"":619.99,""variant_id"":""1068457281"",""listing_id"":""bff24678ab4314d55d1fb1b2e43f2e02"",""stock_quantity"":36}]","[{""variant_id"":""1068457281"",""label"":""XL"",""in_stock"":true,""stock_quantity"":36,""selected"":true},{""variant_id"":""1068457286"",""label"":""2XL"",""in_stock"":true,""stock_quantity"":null,""selected"":false},{""variant_id"":""1068457284"",""label"":""M"",""in_stock"":false,""stock_quantity"":null,""selected"":false},{""variant_id"":""1068457287"",""label"":""L"",""in_stock"":false,""stock_quantity"":null,""selected"":false}]",1918,,,,,unchanged_stock,24.02,inventory_net_decrease,2026-09-14,2026-09-14T14:00:36+03:00,hamile,BEST_SELLER,hamile-elbise,hamile elbise,195,6,295,295,,hamile:hamile-elbise,195,4,9.4,20.6,803314266,175525,803314266:175525,Miss Dünya Lissa Siyah Beyaz Çizgi Desenli Hamile ve Lohusa Kaşkorse Uzun Elbise,Miss Dünya Lissa,Hamile Elbisesi,https://www.trendyol.com/miss-dunya-lissa/siyah-beyaz-cizgi-desenli-hamile-ve-lohusa-kaskorse-uzun-elbise-p-803314266?boutiqueId=61&merchantId=175525,Miss Dünya Lissa,8.6,619.99,,,0,TRY,"[""Kargo Bedava""]",InStock,,,,,,4.666666666666666,27,14,0,25,,"1,9B kişi favoriledi",,4999,TRY,0,2,1,5,Tahmini Teslim:,,https://cdn.dsmcdn.com/ty1160/product/media/images/prod/SPM/PIM/20240205/13/c1b3f776-2f63-35e1-a05f-903be2f454ba/1_org_zoom.jpg,"{""Yaka Tipi"":""Bisiklet Yaka"",""Kumaş Tipi"":""Örme"",""Cep"":""Cepsiz"",""Kol Tipi"":""Uzun Kol"",""Desen"":""Çizgili"",""Kalıp"":""Relaxed"",""Renk"":""Siyah"",""Materyal"":""Pamuklu"",""Boy"":""Uzun"",""Ortam"":""Casual/Günlük"",""Kol Boyu"":""Uzun"",""Siluet"":""Basic"",""Materyal Bileşeni"":""95% Viskon, 5% Likra"",""Yıkama Talimatı"":""T44"",""Koleksiyon"":""Hamile"",""Sürdürülebilirlik Detayı"":""Hayır"",""Menşei"":""TR"",""Paket İçeriği"":""Tekli"",""Sezon"":""Yaz""}",12,4.75,refreshed,"[""daily_top""]",true,2026-09-14T11:10:09.892Z,0,"[""search_result_dom"",""product_detail_jsonld"",""product_detail_dom""]","{""variant_id"":""observed"",""variant_label"":""observed"",""listing_id"":""observed"",""inventory_key"":""observed"",""stock_quantity"":""observed"",""stock_quantity_source"":""observed"",""stock_quantity_kind"":""observed"",""stock_observed_at"":""observed"",""max_sale_limit"":""observed"",""seller_count"":""observed"",""seller_count_observed"":""observed"",""seller_count_kind"":""observed"",""sellers"":""observed"",""variants"":""observed"",""favorite_count"":""observed"",""inventory_decrease"":""unavailable"",""sales_estimate_daily"":""unavailable"",""sales_estimate_weekly"":""unavailable"",""sales_estimate_monthly"":""unavailable"",""sales_estimate_status"":""unavailable"",""sales_estimate_hours"":""unavailable"",""sales_estimate_source"":""unavailable"",""title"":""observed"",""brand"":""observed"",""seller_name"":""observed"",""seller_score"":""observed"",""price"":""observed"",""original_price"":""unavailable"",""campaigns"":""observed"",""stock_status"":""observed"",""stock_signal"":""unavailable"",""rating"":""observed"",""rating_count"":""observed"",""review_count"":""observed"",""question_count"":""observed"",""delivery_summary"":""observed"",""shipping_cost"":""observed"",""properties"":""observed""}",true,
1070941194,L,c6adaf93aaa3f14d6e9d4b40395f3646,805032688:108770:1070941194:c6adaf93aaa3f14d6e9d4b40395f3646,16,merchantListing.winnerVariant.quantity,reported,2026-09-14T11:10:14.453Z,10,1,1,reported_total,"[{""merchant_id"":""108770"",""name"":""IŞŞIL-EhamileGiyim"",""score"":8.8,""price"":2375,""variant_id"":""1070941194"",""listing_id"":""c6adaf93aaa3f14d6e9d4b40395f3646"",""stock_quantity"":16}]","[{""variant_id"":""1070941194"",""label"":""L"",""in_stock"":true,""stock_quantity"":16,""selected"":true},{""variant_id"":""1070941193"",""label"":""XL"",""in_stock"":true,""stock_quantity"":null,""selected"":false},{""variant_id"":""1070941191"",""label"":""2XL"",""in_stock"":true,""stock_quantity"":null,""selected"":false},{""variant_id"":""1577785784"",""label"":""3XL"",""in_stock"":true,""stock_quantity"":null,""selected"":false},{""variant_id"":""1070941192"",""label"":""S"",""in_stock"":false,""stock_quantity"":null,""selected"":false},{""variant_id"":""1070941195"",""label"":""M"",""in_stock"":false,""stock_quantity"":null,""selected"":false}]",626,,,,,observation_gap,,inventory_net_decrease,2026-09-14,2026-09-14T14:00:36+03:00,hamile,BEST_SELLER,hamile-elbise,hamile elbise,196,6,296,296,,hamile:hamile-elbise,196,40,6.2,23.8,805032688,108770,805032688:108770,Işşıl 442-mini Cep Hamile Liyocell Bahçıvan Maxi Tesettür Elbise,Işşıl,,https://www.trendyol.com/issil/442-mini-cep-hamile-liyocell-bahcivan-maxi-tesettur-elbise-p-805032688?boutiqueId=61&merchantId=108770,IŞŞIL-EhamileGiyim,8.8,2375,,,0,TRY,"[""60 TL Kupon"",""Kargo Bedava"",""Peşin Fiyatına 3 Taksit"",""Trendyol Plus'a Özel""]",InStock,,,,,,5,9,5,1,29,,625 kişi favoriledi,,,,0,,,,9 saat 49 dakika içinde sipariş verirsen en geç yarın kargoda!,,,{},0,,refreshed,"[""daily_top""]",true,2026-09-14T11:10:14.454Z,0,"[""search_result_dom"",""product_detail_jsonld"",""product_detail_dom""]","{""variant_id"":""observed"",""variant_label"":""observed"",""listing_id"":""observed"",""inventory_key"":""observed"",""stock_quantity"":""observed"",""stock_quantity_source"":""observed"",""stock_quantity_kind"":""observed"",""stock_observed_at"":""observed"",""max_sale_limit"":""observed"",""seller_count"":""observed"",""seller_count_observed"":""observed"",""seller_count_kind"":""observed"",""sellers"":""observed"",""variants"":""observed"",""favorite_count"":""observed"",""inventory_decrease"":""unavailable"",""sales_estimate_daily"":""unavailable"",""sales_estimate_weekly"":""unavailable"",""sales_estimate_monthly"":""unavailable"",""sales_estimate_status"":""unavailable"",""sales_estimate_hours"":""unavailable"",""sales_estimate_source"":""unavailable"",""title"":""observed"",""brand"":""observed"",""seller_name"":""observed"",""seller_score"":""observed"",""price"":""observed"",""original_price"":""unavailable"",""campaigns"":""observed"",""stock_status"":""observed"",""stock_signal"":""unavailable"",""rating"":""observed"",""rating_count"":""observed"",""review_count"":""observed"",""question_count"":""observed"",""delivery_summary"":""observed"",""shipping_cost"":""unavailable"",""properties"":""observed""}",true,
1167657027,M,1684c8400c1329089523916d7a49b11e,861863936:175525:1167657027:1684c8400c1329089523916d7a49b11e,9,merchantListing.winnerVariant.quantity,reported,2026-09-14T11:10:14.681Z,10,1,1,reported_total,"[{""merchant_id"":""175525"",""name"":""Miss Dünya Lissa"",""score"":8.6,""price"":939.99,""variant_id"":""1167657027"",""listing_id"":""1684c8400c1329089523916d7a49b11e"",""stock_quantity"":9}]","[{""variant_id"":""1167657027"",""label"":""M"",""in_stock"":true,""stock_quantity"":9,""selected"":true},{""variant_id"":""1167657031"",""label"":""L"",""in_stock"":true,""stock_quantity"":null,""selected"":false},{""variant_id"":""1167657030"",""label"":""XL"",""in_stock"":true,""stock_quantity"":null,""selected"":false},{""variant_id"":""1167657029"",""label"":""2XL"",""in_stock"":true,""stock_quantity"":null,""selected"":false}]",761,,,,,missing_baseline,,inventory_net_decrease,2026-09-14,2026-09-14T14:00:36+03:00,hamile,BEST_SELLER,hamile-elbise,hamile elbise,197,6,297,297,,hamile:hamile-elbise,197,,8,22,861863936,175525,861863936:175525,Miss Dünya Lissa Siyah Hamile ve Lohusa Uzun Kol Saç Örgü Desenli Elbise,Miss Dünya Lissa,,https://www.trendyol.com/miss-dunya-lissa/siyah-hamile-ve-lohusa-uzun-kol-sac-orgu-desenli-elbise-p-861863936?boutiqueId=61&merchantId=175525,Miss Dünya Lissa,8.6,939.99,,,,TRY,"[""Kargo Bedava""]",InStock,Tükeniyor,,,,,4.7368421052631575,19,9,,8,,765 kişi favoriledi,,,,0,,,,Tahmini Teslim:,,,{},0,,refreshed,"[""daily_top""]",true,2026-09-14T11:10:14.682Z,0,"[""search_result_dom"",""product_detail_jsonld"",""product_detail_dom""]","{""variant_id"":""observed"",""variant_label"":""observed"",""listing_id"":""observed"",""inventory_key"":""observed"",""stock_quantity"":""observed"",""stock_quantity_source"":""observed"",""stock_quantity_kind"":""observed"",""stock_observed_at"":""observed"",""max_sale_limit"":""observed"",""seller_count"":""observed"",""seller_count_observed"":""observed"",""seller_count_kind"":""observed"",""sellers"":""observed"",""variants"":""observed"",""favorite_count"":""observed"",""inventory_decrease"":""unavailable"",""sales_estimate_daily"":""unavailable"",""sales_estimate_weekly"":""unavailable"",""sales_estimate_monthly"":""unavailable"",""sales_estimate_status"":""unavailable"",""sales_estimate_hours"":""unavailable"",""sales_estimate_source"":""unavailable"",""title"":""observed"",""brand"":""observed"",""seller_name"":""observed"",""seller_score"":""observed"",""price"":""observed"",""original_price"":""unavailable"",""campaigns"":""observed"",""stock_status"":""observed"",""stock_signal"":""observed"",""rating"":""observed"",""rating_count"":""observed"",""review_count"":""observed"",""question_count"":""observed"",""delivery_summary"":""observed"",""shipping_cost"":""unavailable"",""properties"":""observed""}",true,
1666495883,S,fc4f54d1db5489de84e83a31776b92ab,1187800331:110374:1666495883:fc4f54d1db5489de84e83a31776b92ab,1,merchantListing.winnerVariant.quantity,reported,2026-09-14T11:10:15.110Z,10,1,1,reported_total,"[{""merchant_id"":""110374"",""name"":""Westmark London"",""score"":9.1,""price"":593.01,""variant_id"":""1666495883"",""listing_id"":""fc4f54d1db5489de84e83a31776b92ab"",""stock_quantity"":1}]","[{""variant_id"":""1666495883"",""label"":""S"",""in_stock"":true,""stock_quantity"":1,""selected"":true},{""variant_id"":""1666495884"",""label"":""XL"",""in_stock"":true,""stock_quantity"":null,""selected"":false},{""variant_id"":""1666495882"",""label"":""XS"",""in_stock"":false,""stock_quantity"":null,""selected"":false},{""variant_id"":""1666495887"",""label"":""M"",""in_stock"":false,""stock_quantity"":null,""selected"":false},{""variant_id"":""1666495886"",""label"":""L"",""in_stock"":false,""stock_quantity"":null,""selected"":false},{""variant_id"":""1666495885"",""label"":""2XL"",""in_stock"":false,""stock_quantity"":null,""selected"":false}]",0,,,,,missing_baseline,,inventory_net_decrease,2026-09-14,2026-09-14T14:00:36+03:00,hamile,BEST_SELLER,hamile-elbise,hamile elbise,198,6,298,298,,hamile:hamile-elbise,198,,0,30,1187800331,110374,1187800331:110374,WESTMARK LONDON Hamile Viskonlu Siyah / Yeşil Kısa Kollu Bisiklet Yaka Desenli Üst Detaylı Diz Üstü Elbise JOSIE,WESTMARK LONDON,,https://www.trendyol.com/westmark-london/hamile-viskonlu-siyah-yesil-kisa-kollu-bisiklet-yaka-desenli-ust-detayli-diz-ustu-elbise-josie-p-1187800331?boutiqueId=61&merchantId=110374,Westmark London,9.1,593.01,,,,TRY,"[""20 TL Kupon"",""Kargo Bedava"",""Trendyol Plus'a Özel""]",InStock,Tükeniyor,,,,,0,0,0,,0,,,,,,0,,,,49 dakika 44 saniye içinde sipariş verirsen en geç bugün kargoda!,,,{},0,,refreshed,"[""daily_top""]",true,2026-09-14T11:10:15.110Z,0,"[""search_result_dom"",""product_detail_jsonld"",""product_detail_dom""]","{""variant_id"":""observed"",""variant_label"":""observed"",""listing_id"":""observed"",""inventory_key"":""observed"",""stock_quantity"":""observed"",""stock_quantity_source"":""observed"",""stock_quantity_kind"":""observed"",""stock_observed_at"":""observed"",""max_sale_limit"":""observed"",""seller_count"":""observed"",""seller_count_observed"":""observed"",""seller_count_kind"":""observed"",""sellers"":""observed"",""variants"":""observed"",""favorite_count"":""observed"",""inventory_decrease"":""unavailable"",""sales_estimate_daily"":""unavailable"",""sales_estimate_weekly"":""unavailable"",""sales_estimate_monthly"":""unavailable"",""sales_estimate_status"":""unavailable"",""sales_estimate_hours"":""unavailable"",""sales_estimate_source"":""unavailable"",""title"":""observed"",""brand"":""observed"",""seller_name"":""observed"",""seller_score"":""observed"",""price"":""observed"",""original_price"":""unavailable"",""campaigns"":""observed"",""stock_status"":""observed"",""stock_signal"":""observed"",""rating"":""observed"",""rating_count"":""observed"",""review_count"":""observed"",""question_count"":""observed"",""delivery_summary"":""observed"",""shipping_cost"":""unavailable"",""properties"":""observed""}",true,
1632629574,M,0c28eee3daf943acca46205815905b60,1165747962:775656:1632629574:0c28eee3daf943acca46205815905b60,14,merchantListing.winnerVariant.quantity,reported,2026-09-14T11:10:19.183Z,10,1,1,reported_total,"[{""merchant_id"":""775656"",""name"":""Touche Prive"",""score"":7.9,""price"":999,""variant_id"":""1632629574"",""listing_id"":""0c28eee3daf943acca46205815905b60"",""stock_quantity"":14}]","[{""variant_id"":""1632629574"",""label"":""M"",""in_stock"":true,""stock_quantity"":14,""selected"":true},{""variant_id"":""1632629573"",""label"":""L"",""in_stock"":true,""stock_quantity"":null,""selected"":false},{""variant_id"":""1632629572"",""label"":""S"",""in_stock"":false,""stock_quantity"":null,""selected"":false}]",82,,,,,unchanged_stock,24.02,inventory_net_decrease,2026-09-14,2026-09-14T14:00:36+03:00,hamile,BEST_SELLER,hamile-elbise,hamile elbise,199,6,299,299,,hamile:hamile-elbise,199,6,0,30,1165747962,775656,1165747962:775656,Touche Prive PİKE KOLSUZ MAXİ ELBİSE,Touche Prive,Hamile Elbisesi,https://www.trendyol.com/touche-prive/pike-kolsuz-maxi-elbise-p-1165747962?boutiqueId=61&merchantId=775656,Touche Prive,7.9,999,,,0,TRY,"[""Kargo Bedava"",""Trendyol Plus'a Özel""]",InStock,,,,,,0,0,0,0,0,,,,4999,TRY,0,2,1,5,Tahmini Teslim:,,https://cdn.dsmcdn.com/ty1935/prod/QC_PREP/20260707/18/059524e9-215e-3953-98c2-cce8c0882c38/1_org_zoom.jpg,"{""Yaka Tipi"":""Bisiklet Yaka"",""Kumaş Tipi"":""Dokuma"",""Kol Tipi"":""Kolsuz"",""Desen"":""Düz"",""Kalıp"":""Oversize"",""Renk"":""Kahverengi"",""Boy"":""Uzun"",""Kol Boyu"":""Kolsuz"",""Menşei"":""TR""}",0,,refreshed,"[""daily_top""]",true,2026-09-14T11:10:19.183Z,0,"[""search_result_dom"",""product_detail_jsonld"",""product_detail_dom""]","{""variant_id"":""observed"",""variant_label"":""observed"",""listing_id"":""observed"",""inventory_key"":""observed"",""stock_quantity"":""observed"",""stock_quantity_source"":""observed"",""stock_quantity_kind"":""observed"",""stock_observed_at"":""observed"",""max_sale_limit"":""observed"",""seller_count"":""observed"",""seller_count_observed"":""observed"",""seller_count_kind"":""observed"",""sellers"":""observed"",""variants"":""observed"",""favorite_count"":""observed"",""inventory_decrease"":""unavailable"",""sales_estimate_daily"":""unavailable"",""sales_estimate_weekly"":""unavailable"",""sales_estimate_monthly"":""unavailable"",""sales_estimate_status"":""unavailable"",""sales_estimate_hours"":""unavailable"",""sales_estimate_source"":""unavailable"",""title"":""observed"",""brand"":""observed"",""seller_name"":""observed"",""seller_score"":""observed"",""price"":""observed"",""original_price"":""unavailable"",""campaigns"":""observed"",""stock_status"":""observed"",""stock_signal"":""unavailable"",""rating"":""observed"",""rating_count"":""observed"",""review_count"":""observed"",""question_count"":""observed"",""delivery_summary"":""observed"",""shipping_cost"":""observed"",""properties"":""observed""}",true,
1666525995,XS,73c46dd6a389027ac9ae1258d5e52b2d,1187824759:110374:1666525995:73c46dd6a389027ac9ae1258d5e52b2d,1,merchantListing.winnerVariant.quantity,reported,2026-09-14T11:10:19.306Z,10,1,1,reported_total,"[{""merchant_id"":""110374"",""name"":""Westmark London"",""score"":9.1,""price"":692.01,""variant_id"":""1666525995"",""listing_id"":""73c46dd6a389027ac9ae1258d5e52b2d"",""stock_quantity"":1}]","[{""variant_id"":""1666525995"",""label"":""XS"",""in_stock"":true,""stock_quantity"":1,""selected"":true},{""variant_id"":""1666525993"",""label"":""S"",""in_stock"":true,""stock_quantity"":null,""selected"":false},{""variant_id"":""1666525996"",""label"":""M"",""in_stock"":true,""stock_quantity"":null,""selected"":false},{""variant_id"":""1666525990"",""label"":""L"",""in_stock"":false,""stock_quantity"":null,""selected"":false},{""variant_id"":""1666525991"",""label"":""XL"",""in_stock"":false,""stock_quantity"":null,""selected"":false},{""variant_id"":""1666525992"",""label"":""2XL"",""in_stock"":false,""stock_quantity"":null,""selected"":false}]",0,,,,,missing_baseline,,inventory_net_decrease,2026-09-14,2026-09-14T14:00:36+03:00,hamile,BEST_SELLER,hamile-elbise,hamile elbise,200,6,300,300,,hamile:hamile-elbise,200,,0,30,1187824759,110374,1187824759:110374,WESTMARK LONDON Hamile Lohusa Viskonlu Gece Laciverti 3/4 Kol V Yaka Fermuarlı Emzirme Özellikli Midi Elbise CELINE,WESTMARK LONDON,,https://www.trendyol.com/westmark-london/hamile-lohusa-viskonlu-gece-laciverti-3-4-kol-v-yaka-fermuarli-emzirme-ozellikli-midi-elbise-celine-p-1187824759?boutiqueId=61&merchantId=110374,Westmark London,9.1,692.01,,,,TRY,"[""20 TL Kupon"",""Kargo Bedava"",""Trendyol Plus'a Özel""]",InStock,Tükeniyor,,,,,0,0,0,,0,,,,,,0,,,,49 dakika 40 saniye içinde sipariş verirsen en geç bugün kargoda!,,,{},0,,refreshed,"[""daily_top""]",true,2026-09-14T11:10:19.306Z,0,"[""search_result_dom"",""product_detail_jsonld"",""product_detail_dom""]","{""variant_id"":""observed"",""variant_label"":""observed"",""listing_id"":""observed"",""inventory_key"":""observed"",""stock_quantity"":""observed"",""stock_quantity_source"":""observed"",""stock_quantity_kind"":""observed"",""stock_observed_at"":""observed"",""max_sale_limit"":""observed"",""seller_count"":""observed"",""seller_count_observed"":""observed"",""seller_count_kind"":""observed"",""sellers"":""observed"",""variants"":""observed"",""favorite_count"":""observed"",""inventory_decrease"":""unavailable"",""sales_estimate_daily"":""unavailable"",""sales_estimate_weekly"":""unavailable"",""sales_estimate_monthly"":""unavailable"",""sales_estimate_status"":""unavailable"",""sales_estimate_hours"":""unavailable"",""sales_estimate_source"":""unavailable"",""title"":""observed"",""brand"":""observed"",""seller_name"":""observed"",""seller_score"":""observed"",""price"":""observed"",""original_price"":""unavailable"",""campaigns"":""observed"",""stock_status"":""observed"",""stock_signal"":""observed"",""rating"":""observed"",""rating_count"":""observed"",""review_count"":""observed"",""question_count"":""observed"",""delivery_summary"":""observed"",""shipping_cost"":""unavailable"",""properties"":""observed""}",true,
